backbone,chip,mask_ratio,trial,trial_seed,summer_masked,block_psnr,random_psnr,delta_rand_minus_block
300M,chip_010_063_merged.tif,0.2,0,537862152,39,29.9002,36.7055,6.8053
300M,chip_010_063_merged.tif,0.2,1,157255521,39,39.0817,37.577,-1.5047
300M,chip_010_063_merged.tif,0.2,2,1824793651,39,32.5538,35.9912,3.4374
300M,chip_010_063_merged.tif,0.2,3,1444187020,39,39.0824,36.0162,-3.0662
300M,chip_010_063_merged.tif,0.2,4,964241502,39,30.4455,38.3675,7.922
300M,chip_010_063_merged.tif,0.4,0,377246819,78,35.4006,36.812,1.4114
300M,chip_010_063_merged.tif,0.4,1,2044784949,78,31.3167,36.913,5.5963
300M,chip_010_063_merged.tif,0.4,2,1664178318,78,32.8653,36.0608,3.1955
300M,chip_010_063_merged.tif,0.4,3,1283571687,78,37.2524,36.8475,-0.4049
300M,chip_010_063_merged.tif,0.4,4,803626169,78,31.0838,36.5145,5.4307
300M,chip_010_063_merged.tif,0.6,0,1781432260,117,31.6732,34.4491,2.7759
300M,chip_010_063_merged.tif,0.6,1,1301486742,117,31.4723,36.8475,5.3752
300M,chip_010_063_merged.tif,0.6,2,920880111,117,31.4419,35.1949,3.753
300M,chip_010_063_merged.tif,0.6,3,540273480,117,31.6097,36.0315,4.4219
300M,chip_010_063_merged.tif,0.6,4,60327962,117,32.637,36.3033,3.6663
300M,chip_010_063_merged.tif,0.8,0,1298840064,156,32.4228,35.8265,3.4037
300M,chip_010_063_merged.tif,0.8,1,918233433,156,32.4938,35.2788,2.785
300M,chip_010_063_merged.tif,0.8,2,438287915,156,32.5351,34.9706,2.4356
300M,chip_010_063_merged.tif,0.8,3,57681284,156,32.3959,35.5787,3.1828
300M,chip_010_063_merged.tif,0.8,4,1725219414,156,32.4041,35.7487,3.3446
300M,chip_030_076_merged.tif,0.2,0,188996778,39,40.5346,39.8155,-0.7191
300M,chip_030_076_merged.tif,0.2,1,1856534908,39,40.2839,39.8168,-0.467
300M,chip_030_076_merged.tif,0.2,2,1475928277,39,38.4389,40.4454,2.0065
300M,chip_030_076_merged.tif,0.2,3,995982759,39,38.7525,39.4456,0.693
300M,chip_030_076_merged.tif,0.2,4,615376128,39,38.7528,39.6414,0.8886
300M,chip_030_076_merged.tif,0.4,0,1271205356,78,39.8049,39.6044,-0.2005
300M,chip_030_076_merged.tif,0.4,1,890598725,78,39.8055,39.452,-0.3535
300M,chip_030_076_merged.tif,0.4,2,410653207,78,39.6434,40.1794,0.536
300M,chip_030_076_merged.tif,0.4,3,30046576,78,38.3429,40.1032,1.7603
300M,chip_030_076_merged.tif,0.4,4,1697584706,78,39.0499,39.6617,0.6118
300M,chip_030_076_merged.tif,0.6,0,1333227999,117,38.7082,39.7333,1.0251
300M,chip_030_076_merged.tif,0.6,1,952621368,117,39.0113,39.3979,0.3865
300M,chip_030_076_merged.tif,0.6,2,572014737,117,38.5884,39.326,0.7377
300M,chip_030_076_merged.tif,0.6,3,92069219,117,38.6894,39.6735,0.9841
300M,chip_030_076_merged.tif,0.6,4,1858946236,117,39.0115,39.6618,0.6504
300M,chip_030_076_merged.tif,0.8,0,949974690,156,38.7327,38.7935,0.0608
300M,chip_030_076_merged.tif,0.8,1,470029172,156,38.9328,38.8549,-0.0779
300M,chip_030_076_merged.tif,0.8,2,89422541,156,38.5913,38.953,0.3617
300M,chip_030_076_merged.tif,0.8,3,1756960671,156,38.5942,38.96,0.3658
300M,chip_030_076_merged.tif,0.8,4,1376354040,156,38.9254,39.3685,0.4431
300M,chip_032_111_merged.tif,0.2,0,607217224,39,35.1961,38.0116,2.8155
300M,chip_032_111_merged.tif,0.2,1,226610593,39,34.8078,37.6555,2.8477
300M,chip_032_111_merged.tif,0.2,2,1894148723,39,32.7879,37.7136,4.9256
300M,chip_032_111_merged.tif,0.2,3,1513542092,39,38.0223,36.6849,-1.3374
300M,chip_032_111_merged.tif,0.2,4,1033596574,39,38.0203,36.5948,-1.4255
300M,chip_032_111_merged.tif,0.4,0,446601891,78,34.1817,36.5923,2.4106
300M,chip_032_111_merged.tif,0.4,1,2114140021,78,36.2372,38.387,2.1497
300M,chip_032_111_merged.tif,0.4,2,1733533390,78,35.4391,37.1908,1.7517
300M,chip_032_111_merged.tif,0.4,3,1352926759,78,36.2373,36.4359,0.1986
300M,chip_032_111_merged.tif,0.4,4,872981241,78,36.2378,37.0044,0.7666
300M,chip_032_111_merged.tif,0.6,0,1850787332,117,33.3899,35.5165,2.1266
300M,chip_032_111_merged.tif,0.6,1,1370841814,117,33.8097,33.8791,0.0694
300M,chip_032_111_merged.tif,0.6,2,990235183,117,36.5752,36.5806,0.0055
300M,chip_032_111_merged.tif,0.6,3,609628552,117,33.0944,36.6605,3.5661
300M,chip_032_111_merged.tif,0.6,4,129683034,117,33.3868,35.6589,2.2721
300M,chip_032_111_merged.tif,0.8,0,1368195136,156,33.7495,34.0004,0.2509
300M,chip_032_111_merged.tif,0.8,1,987588505,156,35.9326,35.2924,-0.6402
300M,chip_032_111_merged.tif,0.8,2,507642987,156,35.9531,35.1551,-0.7981
300M,chip_032_111_merged.tif,0.8,3,127036356,156,33.7856,35.7154,1.9298
300M,chip_032_111_merged.tif,0.8,4,1794574486,156,35.9348,34.4718,-1.463
300M,chip_032_183_merged.tif,0.2,0,108174139,39,44.1673,47.5689,3.4016
300M,chip_032_183_merged.tif,0.2,1,1875051156,39,46.4671,46.6961,0.229
300M,chip_032_183_merged.tif,0.2,2,1494444525,39,47.608,46.4354,-1.1726
300M,chip_032_183_merged.tif,0.2,3,1014499007,39,46.8297,45.4871,-1.3426
300M,chip_032_183_merged.tif,0.2,4,633892376,39,44.5577,46.6685,2.1108
300M,chip_032_183_merged.tif,0.4,0,2095042454,78,46.2312,46.2911,0.0599
300M,chip_032_183_merged.tif,0.4,1,1714435823,78,47.6282,46.7591,-0.8691
300M,chip_032_183_merged.tif,0.4,2,1234490305,78,46.9348,46.7926,-0.1422
300M,chip_032_183_merged.tif,0.4,3,853883674,78,46.9339,46.4165,-0.5174
300M,chip_032_183_merged.tif,0.4,4,373938156,78,45.6963,46.5769,0.8805
300M,chip_032_183_merged.tif,0.6,0,1351744247,117,44.8591,46.3683,1.5092
300M,chip_032_183_merged.tif,0.6,1,971137616,117,45.8416,46.3168,0.4753
300M,chip_032_183_merged.tif,0.6,2,491192098,117,45.9154,46.5611,0.6458
300M,chip_032_183_merged.tif,0.6,3,110585467,117,47.1272,46.3776,-0.7496
300M,chip_032_183_merged.tif,0.6,4,1877462484,117,47.0808,46.4336,-0.6471
300M,chip_032_183_merged.tif,0.8,0,869152051,156,45.4273,46.3557,0.9284
300M,chip_032_183_merged.tif,0.8,1,488545420,156,46.2606,46.1238,-0.1368
300M,chip_032_183_merged.tif,0.8,2,107938789,156,46.1654,46.0664,-0.099
300M,chip_032_183_merged.tif,0.8,3,1775476919,156,46.1596,46.3469,0.1873
300M,chip_032_183_merged.tif,0.8,4,1394870288,156,45.2529,46.0727,0.8198
300M,chip_036_147_merged.tif,0.2,0,1151733073,39,37.2565,39.5165,2.26
300M,chip_036_147_merged.tif,0.2,1,671787555,39,39.0684,40.8543,1.7858
300M,chip_036_147_merged.tif,0.2,2,291180924,39,36.6102,40.2206,3.6103
300M,chip_036_147_merged.tif,0.2,3,2058057941,39,38.812,40.1627,1.3508
300M,chip_036_147_merged.tif,0.2,4,1578112423,39,37.5424,40.3189,2.7764
300M,chip_036_147_merged.tif,0.4,0,991117740,78,38.1694,40.1815,2.0121
300M,chip_036_147_merged.tif,0.4,1,511172222,78,37.8401,39.4508,1.6107
300M,chip_036_147_merged.tif,0.4,2,130565591,78,38.5595,39.496,0.9364
300M,chip_036_147_merged.tif,0.4,3,1798103721,78,32.9405,39.8942,6.9537
300M,chip_036_147_merged.tif,0.4,4,1417497090,78,38.8901,37.9295,-0.9606
300M,chip_036_147_merged.tif,0.6,0,1001419509,117,37.9535,38.7863,0.8328
300M,chip_036_147_merged.tif,0.6,1,620812878,117,37.9592,39.0001,1.0409
300M,chip_036_147_merged.tif,0.6,2,240206247,117,37.6933,39.1527,1.4594
300M,chip_036_147_merged.tif,0.6,3,1907744377,117,38.3789,39.8334,1.4546
300M,chip_036_147_merged.tif,0.6,4,1527137746,117,38.2875,35.9169,-2.3705
300M,chip_036_147_merged.tif,0.8,0,1912710985,156,37.4836,36.5572,-0.9264
300M,chip_036_147_merged.tif,0.8,1,1432765467,156,37.8051,36.7486,-1.0564
300M,chip_036_147_merged.tif,0.8,2,1052158836,156,34.7863,39.3352,4.5489
300M,chip_036_147_merged.tif,0.8,3,671552205,156,37.7944,36.8444,-0.95
300M,chip_036_147_merged.tif,0.8,4,191606687,156,37.7927,35.8193,-1.9734
300M,chip_037_102_merged.tif,0.2,0,398483738,39,38.0054,39.9503,1.9449
300M,chip_037_102_merged.tif,0.2,1,17877107,39,32.284,39.9348,7.6508
300M,chip_037_102_merged.tif,0.2,2,1685415237,39,39.5473,40.868,1.3206
300M,chip_037_102_merged.tif,0.2,3,1304808606,39,38.005,40.1137,2.1086
300M,chip_037_102_merged.tif,0.2,4,824863088,39,36.2995,40.9935,4.6941
300M,chip_037_102_merged.tif,0.4,0,237868405,78,32.1456,37.3797,5.2341
300M,chip_037_102_merged.tif,0.4,1,1905406535,78,34.0152,39.6578,5.6426
300M,chip_037_102_merged.tif,0.4,2,1524799904,78,32.0715,38.3121,6.2406
300M,chip_037_102_merged.tif,0.4,3,1044854386,78,35.1556,40.1341,4.9785
300M,chip_037_102_merged.tif,0.4,4,664247755,78,31.4288,39.353,7.9242
300M,chip_037_102_merged.tif,0.6,0,1642053846,117,33.2609,38.9565,5.6957
300M,chip_037_102_merged.tif,0.6,1,1162108328,117,35.07,36.6309,1.5609
300M,chip_037_102_merged.tif,0.6,2,781501697,117,33.4066,37.9653,4.5586
300M,chip_037_102_merged.tif,0.6,3,301556179,117,34.3962,38.4807,4.0845
300M,chip_037_102_merged.tif,0.6,4,2068433196,117,34.5399,39.8776,5.3378
300M,chip_037_102_merged.tif,0.8,0,1159461650,156,32.9041,35.9119,3.0077
300M,chip_037_102_merged.tif,0.8,1,778855019,156,33.7112,37.6249,3.9137
300M,chip_037_102_merged.tif,0.8,2,298909501,156,32.7254,37.7696,5.0442
300M,chip_037_102_merged.tif,0.8,3,2065786518,156,32.9133,37.5701,4.6568
300M,chip_037_102_merged.tif,0.8,4,1585841000,156,32.7213,34.4263,1.705
300M,chip_038_107_merged.tif,0.2,0,1677005883,39,38.3161,39.1156,0.7995
300M,chip_038_107_merged.tif,0.2,1,1296399252,39,35.9575,37.8977,1.9402
300M,chip_038_107_merged.tif,0.2,2,816453734,39,35.9581,39.6116,3.6535
300M,chip_038_107_merged.tif,0.2,3,435847103,39,36.8632,37.9061,1.043
300M,chip_038_107_merged.tif,0.2,4,55240472,39,31.8957,38.4536,6.5578
300M,chip_038_107_merged.tif,0.4,0,711069700,78,32.3995,38.8824,6.4829
300M,chip_038_107_merged.tif,0.4,1,231124182,78,36.1511,38.0087,1.8576
300M,chip_038_107_merged.tif,0.4,2,1998001199,78,32.4006,38.4266,6.026
300M,chip_038_107_merged.tif,0.4,3,1617394568,78,33.1579,38.5455,5.3875
300M,chip_038_107_merged.tif,0.4,4,1137449050,78,32.4703,38.9069,6.4367
300M,chip_038_107_merged.tif,0.6,0,2115255141,117,33.1293,36.7691,3.6398
300M,chip_038_107_merged.tif,0.6,1,1635309623,117,35.487,36.6726,1.1856
300M,chip_038_107_merged.tif,0.6,2,1254702992,117,33.1332,38.2118,5.0787
300M,chip_038_107_merged.tif,0.6,3,874096361,117,34.1768,38.1601,3.9833
300M,chip_038_107_merged.tif,0.6,4,394150843,117,35.4372,38.2503,2.8131
300M,chip_038_107_merged.tif,0.8,0,1632662945,156,35.3794,36.9871,1.6077
300M,chip_038_107_merged.tif,0.8,1,1252056314,156,33.7979,36.6622,2.8643
300M,chip_038_107_merged.tif,0.8,2,772110796,156,33.4261,36.1554,2.7293
300M,chip_038_107_merged.tif,0.8,3,391504165,156,33.8666,36.2613,2.3947
300M,chip_038_107_merged.tif,0.8,4,2059042295,156,33.4206,36.39,2.9694
300M,chip_039_108_merged.tif,0.2,0,37686692,39,33.3166,38.2236,4.907
300M,chip_039_108_merged.tif,0.2,1,1804563709,39,33.3161,37.908,4.5919
300M,chip_039_108_merged.tif,0.2,2,1324618191,39,35.9299,37.9838,2.0539
300M,chip_039_108_merged.tif,0.2,3,944011560,39,34.1404,38.0098,3.8695
300M,chip_039_108_merged.tif,0.2,4,464066042,39,35.2157,39.3293,4.1137
300M,chip_039_108_merged.tif,0.4,0,2024555007,78,28.1874,38.4312,10.2438
300M,chip_039_108_merged.tif,0.4,1,1544609489,78,28.1873,37.4146,9.2273
300M,chip_039_108_merged.tif,0.4,2,1164002858,78,32.196,36.5081,4.3121
300M,chip_039_108_merged.tif,0.4,3,783396227,78,28.1869,38.1788,9.9919
300M,chip_039_108_merged.tif,0.4,4,303450709,78,32.1957,37.6631,5.4673
300M,chip_039_108_merged.tif,0.6,0,1281256800,117,29.5864,35.2423,5.6559
300M,chip_039_108_merged.tif,0.6,1,900650169,117,29.3068,36.8764,7.5696
300M,chip_039_108_merged.tif,0.6,2,420704651,117,28.4666,36.5301,8.0635
300M,chip_039_108_merged.tif,0.6,3,40098020,117,28.4934,37.1757,8.6823
300M,chip_039_108_merged.tif,0.6,4,1707636150,117,29.1118,35.9134,6.8016
300M,chip_039_108_merged.tif,0.8,0,798664604,156,30.0313,35.247,5.2157
300M,chip_039_108_merged.tif,0.8,1,418057973,156,30.0402,32.0859,2.0457
300M,chip_039_108_merged.tif,0.8,2,2085596103,156,29.94,36.1679,6.2279
300M,chip_039_108_merged.tif,0.8,3,1704989472,156,29.9427,34.4687,4.526
300M,chip_039_108_merged.tif,0.8,4,1225043954,156,30.0312,34.4673,4.4361
300M,chip_039_111_merged.tif,0.2,0,1727264021,39,32.2914,39.4755,7.1841
300M,chip_039_111_merged.tif,0.2,1,1346657390,39,38.5178,38.2271,-0.2907
300M,chip_039_111_merged.tif,0.2,2,866711872,39,36.8549,38.8223,1.9674
300M,chip_039_111_merged.tif,0.2,3,486105241,39,37.0964,37.6825,0.5861
300M,chip_039_111_merged.tif,0.2,4,105498610,39,36.8541,38.2604,1.4062
300M,chip_039_111_merged.tif,0.4,0,1566648688,78,37.3134,38.4905,1.1771
300M,chip_039_111_merged.tif,0.4,1,1186042057,78,34.0152,38.5983,4.5831
300M,chip_039_111_merged.tif,0.4,2,706096539,78,36.5729,37.7445,1.1716
300M,chip_039_111_merged.tif,0.4,3,325489908,78,36.5724,38.8155,2.2431
300M,chip_039_111_merged.tif,0.4,4,1993028038,78,34.3664,37.684,3.3176
300M,chip_039_111_merged.tif,0.6,0,823350481,117,35.5093,36.7545,1.2451
300M,chip_039_111_merged.tif,0.6,1,442743850,117,35.4748,38.0953,2.6205
300M,chip_039_111_merged.tif,0.6,2,2110281980,117,35.791,36.884,1.093
300M,chip_039_111_merged.tif,0.6,3,1729675349,117,35.7981,38.3167,2.5186
300M,chip_039_111_merged.tif,0.6,4,1249729831,117,35.1463,38.1174,2.971
300M,chip_039_111_merged.tif,0.8,0,340758285,156,35.8406,36.685,0.8444
300M,chip_039_111_merged.tif,0.8,1,2107635302,156,35.0882,35.8399,0.7516
300M,chip_039_111_merged.tif,0.8,2,1627689784,156,36.045,36.0418,-0.0032
300M,chip_039_111_merged.tif,0.8,3,1247083153,156,36.0473,37.2148,1.1675
300M,chip_039_111_merged.tif,0.8,4,767137635,156,36.0292,36.6342,0.605
300M,chip_042_092_merged.tif,0.2,0,406649076,39,34.1708,39.0461,4.8753
300M,chip_042_092_merged.tif,0.2,1,2074187206,39,36.1948,38.1979,2.003
300M,chip_042_092_merged.tif,0.2,2,1693580575,39,37.1717,38.901,1.7293
300M,chip_042_092_merged.tif,0.2,3,1312973944,39,31.9999,38.59,6.5902
300M,chip_042_092_merged.tif,0.2,4,833028426,39,26.5696,36.0293,9.4597
300M,chip_042_092_merged.tif,0.4,0,1488857654,78,31.5422,38.2122,6.67
300M,chip_042_092_merged.tif,0.4,1,1108251023,78,31.5436,36.175,4.6313
300M,chip_042_092_merged.tif,0.4,2,727644392,78,31.5434,34.4538,2.9104
300M,chip_042_092_merged.tif,0.4,3,247698874,78,31.5446,37.4017,5.8571
300M,chip_042_092_merged.tif,0.4,4,2014575891,78,28.1729,34.3999,6.227
300M,chip_042_092_merged.tif,0.6,0,1650219184,117,30.1231,36.4276,6.3045
300M,chip_042_092_merged.tif,0.6,1,1170273666,117,30.0198,37.4544,7.4347
300M,chip_042_092_merged.tif,0.6,2,789667035,117,29.9094,35.937,6.0276
300M,chip_042_092_merged.tif,0.6,3,309721517,117,29.9954,35.8503,5.8549
300M,chip_042_092_merged.tif,0.6,4,2076598534,117,29.0025,33.8752,4.8727
300M,chip_042_092_merged.tif,0.8,0,1167626988,156,27.8696,34.4826,6.613
300M,chip_042_092_merged.tif,0.8,1,687681470,156,26.9498,32.2852,5.3354
300M,chip_042_092_merged.tif,0.8,2,307074839,156,27.8353,30.1481,2.3128
300M,chip_042_092_merged.tif,0.8,3,2073951856,156,28.0989,32.0405,3.9416
300M,chip_042_092_merged.tif,0.8,4,1594006338,156,28.7684,33.3533,4.5849
300M,chip_047_106_merged.tif,0.2,0,1540040360,39,36.6305,39.0828,2.4523
300M,chip_047_106_merged.tif,0.2,1,1060094842,39,37.6273,39.3458,1.7185
300M,chip_047_106_merged.tif,0.2,2,679488211,39,35.6607,38.4629,2.8022
300M,chip_047_106_merged.tif,0.2,3,199542693,39,36.9824,39.4627,2.4803
300M,chip_047_106_merged.tif,0.2,4,1966419710,39,36.6295,38.9458,2.3163
300M,chip_047_106_merged.tif,0.4,0,1280086140,78,34.6497,38.0485,3.3988
300M,chip_047_106_merged.tif,0.4,1,899479509,78,34.4274,37.9374,3.51
300M,chip_047_106_merged.tif,0.4,2,419533991,78,35.1725,38.0016,2.8291
300M,chip_047_106_merged.tif,0.4,3,38927360,78,34.4985,38.6063,4.1078
300M,chip_047_106_merged.tif,0.4,4,1805804377,78,34.6467,37.5302,2.8835
300M,chip_047_106_merged.tif,0.6,0,536787933,117,34.2636,37.0782,2.8146
300M,chip_047_106_merged.tif,0.6,1,156181302,117,34.8587,37.6612,2.8025
300M,chip_047_106_merged.tif,0.6,2,1923058319,117,34.1956,36.0721,1.8765
300M,chip_047_106_merged.tif,0.6,3,1443112801,117,33.5015,38.3806,4.8791
300M,chip_047_106_merged.tif,0.6,4,1062506170,117,34.2263,37.3873,3.161
300M,chip_047_106_merged.tif,0.8,0,153534624,156,33.3959,36.2659,2.87
300M,chip_047_106_merged.tif,0.8,1,1821072754,156,33.3807,35.9155,2.5347
300M,chip_047_106_merged.tif,0.8,2,1440466123,156,32.8819,35.4645,2.5826
300M,chip_047_106_merged.tif,0.8,3,960520605,156,33.7796,36.0929,2.3133
300M,chip_047_106_merged.tif,0.8,4,579913974,156,33.37,34.9076,1.5376
300M,chip_051_235_merged.tif,0.2,0,1828844630,39,32.8391,38.3346,5.4955
300M,chip_051_235_merged.tif,0.2,1,1448237999,39,33.0487,38.7743,5.7256
300M,chip_051_235_merged.tif,0.2,2,968292481,39,33.7239,37.1746,3.4508
300M,chip_051_235_merged.tif,0.2,3,587685850,39,33.9693,39.2935,5.3241
300M,chip_051_235_merged.tif,0.2,4,107740332,39,31.5067,37.931,6.4243
300M,chip_051_235_merged.tif,0.4,0,763569560,78,31.4632,37.8225,6.3592
300M,chip_051_235_merged.tif,0.4,1,382962929,78,36.8415,38.1328,1.2913
300M,chip_051_235_merged.tif,0.4,2,2356298,78,32.662,36.2562,3.5943
300M,chip_051_235_merged.tif,0.4,3,1669894428,78,32.6622,38.6061,5.9439
300M,chip_051_235_merged.tif,0.4,4,1289287797,78,32.6055,37.3186,4.7131
300M,chip_051_235_merged.tif,0.6,0,924931090,117,32.5396,35.3094,2.7698
300M,chip_051_235_merged.tif,0.6,1,444985572,117,32.507,36.6092,4.1022
300M,chip_051_235_merged.tif,0.6,2,64378941,117,32.8779,35.893,3.0151
300M,chip_051_235_merged.tif,0.6,3,1831255958,117,31.239,36.5819,5.3428
300M,chip_051_235_merged.tif,0.6,4,1351310440,117,33.0538,35.773,2.7193
300M,chip_051_235_merged.tif,0.8,0,442338894,156,30.4105,34.1421,3.7316
300M,chip_051_235_merged.tif,0.8,1,61732263,156,33.0659,35.1748,2.1089
300M,chip_051_235_merged.tif,0.8,2,1729270393,156,32.1939,33.1068,0.913
300M,chip_051_235_merged.tif,0.8,3,1348663762,156,33.2303,34.9304,1.7001
300M,chip_051_235_merged.tif,0.8,4,868718244,156,30.4036,32.7713,2.3676
300M,chip_053_176_merged.tif,0.2,0,1908118620,39,41.7125,41.8662,0.1538
300M,chip_053_176_merged.tif,0.2,1,1428173102,39,41.2847,41.9231,0.6385
300M,chip_053_176_merged.tif,0.2,2,1047566471,39,41.178,41.4734,0.2954
300M,chip_053_176_merged.tif,0.2,3,567620953,39,43.3236,43.6485,0.3249
300M,chip_053_176_merged.tif,0.2,4,187014322,39,39.0299,41.0213,1.9915
300M,chip_053_176_merged.tif,0.4,0,1648164400,78,41.0879,42.2339,1.146
300M,chip_053_176_merged.tif,0.4,1,1267557769,78,41.6092,41.2571,-0.3522
300M,chip_053_176_merged.tif,0.4,2,886951138,78,41.6071,41.9666,0.3594
300M,chip_053_176_merged.tif,0.4,3,407005620,78,40.5469,36.6005,-3.9463
300M,chip_053_176_merged.tif,0.4,4,26398989,78,41.63,42.6517,1.0217
300M,chip_053_176_merged.tif,0.6,0,904866193,117,39.6653,40.3744,0.7091
300M,chip_053_176_merged.tif,0.6,1,524259562,117,40.6181,41.0275,0.4093
300M,chip_053_176_merged.tif,0.6,2,143652931,117,38.9907,40.9107,1.9201
300M,chip_053_176_merged.tif,0.6,3,1811191061,117,38.1548,39.9527,1.7979
300M,chip_053_176_merged.tif,0.6,4,1430584430,117,40.7989,40.1688,-0.6301
300M,chip_053_176_merged.tif,0.8,0,521612884,156,36.6188,37.8531,1.2342
300M,chip_053_176_merged.tif,0.8,1,41667366,156,36.8583,39.4052,2.5469
300M,chip_053_176_merged.tif,0.8,2,1808544383,156,36.8377,39.5009,2.6633
300M,chip_053_176_merged.tif,0.8,3,1328598865,156,36.5863,38.753,2.1667
300M,chip_053_176_merged.tif,0.8,4,947992234,156,36.8492,39.5363,2.6871
300M,chip_054_264_merged.tif,0.2,0,547178488,39,36.2752,37.8612,1.5859
300M,chip_054_264_merged.tif,0.2,1,67232970,39,35.4129,36.28,0.8672
300M,chip_054_264_merged.tif,0.2,2,1834109987,39,34.8998,38.6172,3.7175
300M,chip_054_264_merged.tif,0.2,3,1354164469,39,38.9721,37.9647,-1.0074
300M,chip_054_264_merged.tif,0.2,4,973557838,39,34.9016,38.0699,3.1684
300M,chip_054_264_merged.tif,0.4,0,287224268,78,38.0376,37.1267,-0.9109
300M,chip_054_264_merged.tif,0.4,1,2054101285,78,35.7831,37.2085,1.4253
300M,chip_054_264_merged.tif,0.4,2,1673494654,78,37.0944,37.2934,0.1989
300M,chip_054_264_merged.tif,0.4,3,1193549136,78,36.2245,37.6174,1.3929
300M,chip_054_264_merged.tif,0.4,4,812942505,78,35.6984,38.083,2.3846
300M,chip_054_264_merged.tif,0.6,0,1691409709,117,32.5225,36.1587,3.6362
300M,chip_054_264_merged.tif,0.6,1,1310803078,117,35.8762,36.7575,0.8813
300M,chip_054_264_merged.tif,0.6,2,930196447,117,35.4283,36.628,1.1997
300M,chip_054_264_merged.tif,0.6,3,450250929,117,33.9684,37.9115,3.9431
300M,chip_054_264_merged.tif,0.6,4,69644298,117,35.4407,36.4714,1.0307
300M,chip_054_264_merged.tif,0.8,0,1308156400,156,34.3966,36.1921,1.7955
300M,chip_054_264_merged.tif,0.8,1,828210882,156,34.4364,36.4821,2.0457
300M,chip_054_264_merged.tif,0.8,2,447604251,156,34.0516,36.4341,2.3825
300M,chip_054_264_merged.tif,0.8,3,2115142381,156,34.3714,35.7245,1.3531
300M,chip_054_264_merged.tif,0.8,4,1734535750,156,34.4438,35.1475,0.7037
300M,chip_055_200_merged.tif,0.2,0,2141417232,39,39.2761,41.9568,2.6807
300M,chip_055_200_merged.tif,0.2,1,1661471714,39,40.7946,41.5818,0.7872
300M,chip_055_200_merged.tif,0.2,2,1280865083,39,39.9696,40.9732,1.0036
300M,chip_055_200_merged.tif,0.2,3,800919565,39,41.1139,41.4564,0.3425
300M,chip_055_200_merged.tif,0.2,4,420312934,39,41.114,42.2593,1.1452
300M,chip_055_200_merged.tif,0.4,0,1076142162,78,39.2311,41.0047,1.7736
300M,chip_055_200_merged.tif,0.4,1,695535531,78,39.4411,40.7168,1.2757
300M,chip_055_200_merged.tif,0.4,2,215590013,78,39.2337,40.0392,0.8055
300M,chip_055_200_merged.tif,0.4,3,1982467030,78,40.0328,41.0314,0.9986
300M,chip_055_200_merged.tif,0.4,4,1502521512,78,39.8142,40.598,0.7838
300M,chip_055_200_merged.tif,0.6,0,1138164805,117,39.2322,40.2612,1.029
300M,chip_055_200_merged.tif,0.6,1,757558174,117,38.4551,40.4799,2.0248
300M,chip_055_200_merged.tif,0.6,2,277612656,117,39.1435,40.1195,0.9761
300M,chip_055_200_merged.tif,0.6,3,2044489673,117,36.8855,40.6153,3.7298
300M,chip_055_200_merged.tif,0.6,4,1663883042,117,39.1839,40.1975,1.0136
300M,chip_055_200_merged.tif,0.8,0,754911496,156,37.2794,39.3471,2.0676
300M,chip_055_200_merged.tif,0.8,1,274965978,156,38.0734,39.933,1.8596
300M,chip_055_200_merged.tif,0.8,2,2041842995,156,36.3208,38.454,2.1332
300M,chip_055_200_merged.tif,0.8,3,1561897477,156,38.5303,38.5386,0.0083
300M,chip_055_200_merged.tif,0.8,4,1181290846,156,37.3392,39.0834,1.7442
300M,chip_055_202_merged.tif,0.2,0,505808435,39,39.9453,41.6364,1.6911
300M,chip_055_202_merged.tif,0.2,1,25862917,39,40.1215,42.0508,1.9292
300M,chip_055_202_merged.tif,0.2,2,1792739934,39,41.1274,41.614,0.4867
300M,chip_055_202_merged.tif,0.2,3,1412133303,39,41.1267,41.6102,0.4835
300M,chip_055_202_merged.tif,0.2,4,932187785,39,40.7815,42.1832,1.4017
300M,chip_055_202_merged.tif,0.4,0,345193102,78,39.043,40.5021,1.4591
300M,chip_055_202_merged.tif,0.4,1,2012731232,78,39.2245,40.7602,1.5358
300M,chip_055_202_merged.tif,0.4,2,1632124601,78,39.1528,41.297,2.1442
300M,chip_055_202_merged.tif,0.4,3,1152179083,78,39.0459,40.8644,1.8185
300M,chip_055_202_merged.tif,0.4,4,771572452,78,38.8934,40.7189,1.8255
300M,chip_055_202_merged.tif,0.6,0,1749378543,117,38.0958,41.178,3.0822
300M,chip_055_202_merged.tif,0.6,1,1269433025,117,37.5442,40.9813,3.4372
300M,chip_055_202_merged.tif,0.6,2,888826394,117,39.3783,40.9332,1.5549
300M,chip_055_202_merged.tif,0.6,3,408880876,117,38.4322,41.7145,3.2822
300M,chip_055_202_merged.tif,0.6,4,28274245,117,37.5899,40.9141,3.3242
300M,chip_055_202_merged.tif,0.8,0,1266786347,156,38.3868,39.6625,1.2757
300M,chip_055_202_merged.tif,0.8,1,786840829,156,38.1603,39.7058,1.5455
300M,chip_055_202_merged.tif,0.8,2,406234198,156,38.3937,40.0926,1.699
300M,chip_055_202_merged.tif,0.8,3,25627567,156,38.3648,40.1909,1.8261
300M,chip_055_202_merged.tif,0.8,4,1693165697,156,38.263,39.6529,1.3899
300M,chip_057_118_merged.tif,0.2,0,1253468612,39,36.4856,37.9519,1.4663
300M,chip_057_118_merged.tif,0.2,1,773523094,39,36.9108,38.6364,1.7256
300M,chip_057_118_merged.tif,0.2,2,392916463,39,35.6559,36.7749,1.119
300M,chip_057_118_merged.tif,0.2,3,12309832,39,34.1741,37.8632,3.6891
300M,chip_057_118_merged.tif,0.2,4,1679847962,39,34.1741,38.0452,3.871
300M,chip_057_118_merged.tif,0.4,0,1092853279,78,35.7207,38.0262,2.3055
300M,chip_057_118_merged.tif,0.4,1,612907761,78,35.1212,37.7202,2.599
300M,chip_057_118_merged.tif,0.4,2,232301130,78,33.0229,37.1151,4.0922
300M,chip_057_118_merged.tif,0.4,3,1899839260,78,35.7198,37.209,1.4892
300M,chip_057_118_merged.tif,0.4,4,1519232629,78,33.0858,38.4305,5.3447
300M,chip_057_118_merged.tif,0.6,0,349555072,117,33.3017,35.7649,2.4632
300M,chip_057_118_merged.tif,0.6,1,2017093202,117,34.5647,36.2315,1.6668
300M,chip_057_118_merged.tif,0.6,2,1636486571,117,33.8699,36.968,3.0981
300M,chip_057_118_merged.tif,0.6,3,1156541053,117,33.3023,35.7823,2.4799
300M,chip_057_118_merged.tif,0.6,4,775934422,117,33.8591,36.1814,2.3223
300M,chip_057_118_merged.tif,0.8,0,2014446524,156,32.765,35.2567,2.4917
300M,chip_057_118_merged.tif,0.8,1,1534501006,156,32.8885,35.2157,2.3272
300M,chip_057_118_merged.tif,0.8,2,1153894375,156,32.8798,34.5003,1.6205
300M,chip_057_118_merged.tif,0.8,3,773287744,156,32.8491,35.8232,2.974
300M,chip_057_118_merged.tif,0.8,4,293342226,156,32.8797,35.0552,2.1756
300M,chip_058_191_merged.tif,0.2,0,1951246814,39,37.1814,42.3608,5.1794
300M,chip_058_191_merged.tif,0.2,1,1570640183,39,39.6255,42.3719,2.7464
300M,chip_058_191_merged.tif,0.2,2,1090694665,39,38.5251,42.5581,4.033
300M,chip_058_191_merged.tif,0.2,3,710088034,39,37.3457,42.7396,5.3939
300M,chip_058_191_merged.tif,0.2,4,329481403,39,40.1877,42.9262,2.7385
300M,chip_058_191_merged.tif,0.4,0,1790631481,78,35.5477,41.3753,5.8276
300M,chip_058_191_merged.tif,0.4,1,1410024850,78,38.1987,42.3239,4.1252
300M,chip_058_191_merged.tif,0.4,2,930079332,78,37.1071,41.6216,4.5145
300M,chip_058_191_merged.tif,0.4,3,549472701,78,36.3063,42.2796,5.9732
300M,chip_058_191_merged.tif,0.4,4,69527183,78,35.5471,41.9503,6.4032
300M,chip_058_191_merged.tif,0.6,0,1047333274,117,36.2596,40.3762,4.1166
300M,chip_058_191_merged.tif,0.6,1,666726643,117,36.1368,38.1552,2.0185
300M,chip_058_191_merged.tif,0.6,2,186781125,117,36.146,41.391,5.245
300M,chip_058_191_merged.tif,0.6,3,1953658142,117,36.0544,40.2849,4.2305
300M,chip_058_191_merged.tif,0.6,4,1473712624,117,36.1077,38.105,1.9972
300M,chip_058_191_merged.tif,0.8,0,564741078,156,35.9491,37.7851,1.836
300M,chip_058_191_merged.tif,0.8,1,184134447,156,35.9493,38.3818,2.4325
300M,chip_058_191_merged.tif,0.8,2,1851672577,156,36.1151,36.9297,0.8146
300M,chip_058_191_merged.tif,0.8,3,1471065946,156,33.2701,38.3255,5.0554
300M,chip_058_191_merged.tif,0.8,4,1090459315,156,36.0569,37.2396,1.1827
300M,chip_059_190_merged.tif,0.2,0,1308400236,39,41.4904,42.7907,1.3002
300M,chip_059_190_merged.tif,0.2,1,927793605,39,39.8036,43.8757,4.0721
300M,chip_059_190_merged.tif,0.2,2,447848087,39,41.5251,43.9082,2.3831
300M,chip_059_190_merged.tif,0.2,3,67241456,39,42.219,43.4287,1.2097
300M,chip_059_190_merged.tif,0.2,4,1834118473,39,38.8862,43.5829,4.6967
300M,chip_059_190_merged.tif,0.4,0,342464053,78,37.9735,43.1201,5.1466
300M,chip_059_190_merged.tif,0.4,1,2010002183,78,34.7665,43.3053,8.5388
300M,chip_059_190_merged.tif,0.4,2,1629395552,78,41.8647,42.9532,1.0885
300M,chip_059_190_merged.tif,0.4,3,1149450034,78,35.3251,43.058,7.7329
300M,chip_059_190_merged.tif,0.4,4,768843403,78,41.8655,42.8493,0.9839
300M,chip_059_190_merged.tif,0.6,0,404486696,117,35.7996,40.9005,5.101
300M,chip_059_190_merged.tif,0.6,1,23880065,117,40.8978,42.7293,1.8316
300M,chip_059_190_merged.tif,0.6,2,1691418195,117,36.5206,41.413,4.8924
300M,chip_059_190_merged.tif,0.6,3,1310811564,117,39.2911,42.4299,3.1389
300M,chip_059_190_merged.tif,0.6,4,830866046,117,39.4264,40.8498,1.4235
300M,chip_059_190_merged.tif,0.8,0,2069378148,156,35.7354,37.7979,2.0625
300M,chip_059_190_merged.tif,0.8,1,1688771517,156,35.6997,41.198,5.4983
300M,chip_059_190_merged.tif,0.8,2,1208825999,156,34.0779,40.0384,5.9605
300M,chip_059_190_merged.tif,0.8,3,828219368,156,38.1547,40.6488,2.4941
300M,chip_059_190_merged.tif,0.8,4,447612737,156,36.4004,40.9268,4.5264
300M,chip_060_083_merged.tif,0.2,0,1486563561,39,33.6872,35.9606,2.2734
300M,chip_060_083_merged.tif,0.2,1,1105956930,39,33.1414,37.1436,4.0023
300M,chip_060_083_merged.tif,0.2,2,626011412,39,33.7049,37.4642,3.7593
300M,chip_060_083_merged.tif,0.2,3,245404781,39,33.7059,38.2663,4.5604
300M,chip_060_083_merged.tif,0.2,4,1912942911,39,34.1743,37.2917,3.1174
300M,chip_060_083_merged.tif,0.4,0,520627378,78,33.6251,35.8936,2.2684
300M,chip_060_083_merged.tif,0.4,1,40681860,78,33.6006,37.1533,3.5527
300M,chip_060_083_merged.tif,0.4,2,1807558877,78,32.6109,36.7365,4.1256
300M,chip_060_083_merged.tif,0.4,3,1327613359,78,30.4296,37.2869,6.8573
300M,chip_060_083_merged.tif,0.4,4,947006728,78,32.8523,36.9096,4.0573
300M,chip_060_083_merged.tif,0.6,0,582650021,117,32.6373,36.3957,3.7584
300M,chip_060_083_merged.tif,0.6,1,102704503,117,32.6287,35.668,3.0393
300M,chip_060_083_merged.tif,0.6,2,1869581520,117,33.0827,36.0105,2.9278
300M,chip_060_083_merged.tif,0.6,3,1488974889,117,33.3619,35.5689,2.2071
300M,chip_060_083_merged.tif,0.6,4,1009029371,117,31.2562,36.3149,5.0587
300M,chip_060_083_merged.tif,0.8,0,100057825,156,30.985,33.0895,2.1045
300M,chip_060_083_merged.tif,0.8,1,1866934842,156,30.4717,33.9542,3.4825
300M,chip_060_083_merged.tif,0.8,2,1386989324,156,32.3023,35.3409,3.0386
300M,chip_060_083_merged.tif,0.8,3,1006382693,156,32.2871,33.266,0.9789
300M,chip_060_083_merged.tif,0.8,4,526437175,156,30.2484,33.5283,3.2799
300M,chip_060_117_merged.tif,0.2,0,360470457,39,33.7015,40.1862,6.4847
300M,chip_060_117_merged.tif,0.2,1,2028008587,39,42.3368,39.7331,-2.6036
300M,chip_060_117_merged.tif,0.2,2,1647401956,39,42.2803,39.5203,-2.76
300M,chip_060_117_merged.tif,0.2,3,1167456438,39,33.5544,40.1283,6.5739
300M,chip_060_117_merged.tif,0.2,4,786849807,39,33.0586,40.1266,7.068
300M,chip_060_117_merged.tif,0.4,0,100516237,78,39.8999,39.3671,-0.5328
300M,chip_060_117_merged.tif,0.4,1,1867393254,78,32.652,39.2421,6.5901
300M,chip_060_117_merged.tif,0.4,2,1387447736,78,39.7269,39.7656,0.0387
300M,chip_060_117_merged.tif,0.4,3,1006841105,78,39.7277,39.9714,0.2438
300M,chip_060_117_merged.tif,0.4,4,626234474,78,39.4895,39.354,-0.1355
300M,chip_060_117_merged.tif,0.6,0,1504701678,117,35.153,38.681,3.528
300M,chip_060_117_merged.tif,0.6,1,1124095047,117,34.546,38.1707,3.6247
300M,chip_060_117_merged.tif,0.6,2,644149529,117,35.5816,37.1711,1.5895
300M,chip_060_117_merged.tif,0.6,3,263542898,117,34.508,37.8925,3.3845
300M,chip_060_117_merged.tif,0.6,4,2030419915,117,34.5497,38.3953,3.8456
300M,chip_060_117_merged.tif,0.8,0,1121448369,156,34.7074,37.0995,2.3921
300M,chip_060_117_merged.tif,0.8,1,641502851,156,34.1636,36.5669,2.4033
300M,chip_060_117_merged.tif,0.8,2,260896220,156,34.3972,37.2307,2.8336
300M,chip_060_117_merged.tif,0.8,3,1928434350,156,33.9301,37.4064,3.4762
300M,chip_060_117_merged.tif,0.8,4,1547827719,156,34.4855,37.7032,3.2178
300M,chip_060_118_merged.tif,0.2,0,265138011,39,38.4529,40.0682,1.6153
300M,chip_060_118_merged.tif,0.2,1,2032015028,39,35.2022,40.6496,5.4474
300M,chip_060_118_merged.tif,0.2,2,1552069510,39,37.0911,39.1687,2.0776
300M,chip_060_118_merged.tif,0.2,3,1171462879,39,41.7469,39.4158,-2.3311
300M,chip_060_118_merged.tif,0.2,4,790856248,39,40.0913,39.0051,-1.0862
300M,chip_060_118_merged.tif,0.4,0,1446685476,78,38.715,39.19,0.475
300M,chip_060_118_merged.tif,0.4,1,966739958,78,36.0038,41.0604,5.0566
300M,chip_060_118_merged.tif,0.4,2,586133327,78,35.415,40.2067,4.7916
300M,chip_060_118_merged.tif,0.4,3,106187809,78,38.7144,40.3014,1.5871
300M,chip_060_118_merged.tif,0.4,4,1873064826,78,39.0142,40.0191,1.0048
300M,chip_060_118_merged.tif,0.6,0,1508708119,117,36.2503,39.6162,3.3658
300M,chip_060_118_merged.tif,0.6,1,1128101488,117,36.4649,39.3213,2.8564
300M,chip_060_118_merged.tif,0.6,2,648155970,117,39.303,39.3349,0.032
300M,chip_060_118_merged.tif,0.6,3,267549339,117,36.2913,39.0007,2.7094
300M,chip_060_118_merged.tif,0.6,4,1935087469,117,39.0784,39.3811,0.3028
300M,chip_060_118_merged.tif,0.8,0,173177060,156,36.6492,36.3304,-0.3188
300M,chip_060_118_merged.tif,0.8,1,1940054077,156,36.0569,37.4953,1.4384
300M,chip_060_118_merged.tif,0.8,2,1559447446,156,36.0648,38.3382,2.2734
300M,chip_060_118_merged.tif,0.8,3,1079501928,156,35.8131,37.3422,1.529
300M,chip_060_118_merged.tif,0.8,4,698895297,156,36.0735,37.1938,1.1203
300M,chip_063_116_merged.tif,0.2,0,1571533205,39,34.8316,37.3989,2.5673
300M,chip_063_116_merged.tif,0.2,1,1190926574,39,35.6219,37.5418,1.92
300M,chip_063_116_merged.tif,0.2,2,710981056,39,34.9614,37.4301,2.4687
300M,chip_063_116_merged.tif,0.2,3,330374425,39,34.4961,38.3505,3.8544
300M,chip_063_116_merged.tif,0.2,4,1997912555,39,34.4971,37.5437,3.0466
300M,chip_063_116_merged.tif,0.4,0,1410917872,78,33.9405,37.2656,3.3251
300M,chip_063_116_merged.tif,0.4,1,1030311241,78,34.0746,36.9607,2.8861
300M,chip_063_116_merged.tif,0.4,2,550365723,78,35.0888,37.0892,2.0004
300M,chip_063_116_merged.tif,0.4,3,169759092,78,34.38,36.1624,1.7825
300M,chip_063_116_merged.tif,0.4,4,1837297222,78,32.7517,37.3926,4.6409
300M,chip_063_116_merged.tif,0.6,0,667619665,117,34.4754,36.3224,1.847
300M,chip_063_116_merged.tif,0.6,1,287013034,117,32.2553,36.2958,4.0405
300M,chip_063_116_merged.tif,0.6,2,1954551164,117,33.008,36.4919,3.4839
300M,chip_063_116_merged.tif,0.6,3,1573944533,117,32.2434,35.9271,3.6837
300M,chip_063_116_merged.tif,0.6,4,1093999015,117,33.7497,36.1478,2.3981
300M,chip_063_116_merged.tif,0.8,0,1479572254,156,32.672,35.3122,2.6403
300M,chip_063_116_merged.tif,0.8,1,1098965623,156,34.5813,35.4262,0.8448
300M,chip_063_116_merged.tif,0.8,2,718358992,156,32.0052,35.0425,3.0374
300M,chip_063_116_merged.tif,0.8,3,238413474,156,32.0472,34.9701,2.9228
300M,chip_063_116_merged.tif,0.8,4,2005290491,156,32.4955,34.4037,1.9082
300M,chip_064_067_merged.tif,0.2,0,51975544,39,36.4415,42.4096,5.968
300M,chip_064_067_merged.tif,0.2,1,1719513674,39,39.4309,38.7162,-0.7147
300M,chip_064_067_merged.tif,0.2,2,1338907043,39,35.7574,37.0365,1.2791
300M,chip_064_067_merged.tif,0.2,3,858961525,39,45.6661,36.6774,-8.9887
300M,chip_064_067_merged.tif,0.2,4,478354894,39,39.4296,39.8444,0.4148
300M,chip_064_067_merged.tif,0.4,0,1134184122,78,40.3794,38.0367,-2.3427
300M,chip_064_067_merged.tif,0.4,1,753577491,78,42.3264,39.4503,-2.8761
300M,chip_064_067_merged.tif,0.4,2,273631973,78,42.1852,38.6565,-3.5287
300M,chip_064_067_merged.tif,0.4,3,2040508990,78,40.0753,36.1172,-3.9581
300M,chip_064_067_merged.tif,0.4,4,1560563472,78,35.5927,37.6221,2.0293
300M,chip_064_067_merged.tif,0.6,0,1196206765,117,36.9163,36.0449,-0.8715
300M,chip_064_067_merged.tif,0.6,1,815600134,117,36.3648,37.2687,0.904
300M,chip_064_067_merged.tif,0.6,2,434993503,117,32.6592,34.7173,2.0581
300M,chip_064_067_merged.tif,0.6,3,2102531633,117,33.4946,37.7153,4.2207
300M,chip_064_067_merged.tif,0.6,4,1721925002,117,36.3853,37.4608,1.0756
300M,chip_064_067_merged.tif,0.8,0,812953456,156,33.534,37.4708,3.9368
300M,chip_064_067_merged.tif,0.8,1,333007938,156,35.5625,35.3874,-0.1751
300M,chip_064_067_merged.tif,0.8,2,2099884955,156,24.15,36.3349,12.185
300M,chip_064_067_merged.tif,0.8,3,1619939437,156,24.1519,31.6284,7.4766
300M,chip_064_067_merged.tif,0.8,4,1239332806,156,24.1562,35.7329,11.5768
300M,chip_064_120_merged.tif,0.2,0,2022888425,39,36.0182,38.3048,2.2866
300M,chip_064_120_merged.tif,0.2,1,1642281794,39,36.0999,37.365,1.2651
300M,chip_064_120_merged.tif,0.2,2,1162336276,39,37.9153,38.6277,0.7124
300M,chip_064_120_merged.tif,0.2,3,781729645,39,37.5866,37.3544,-0.2322
300M,chip_064_120_merged.tif,0.2,4,401123014,39,36.4164,38.5876,2.1711
300M,chip_064_120_merged.tif,0.4,0,1862273092,78,33.1575,37.3722,4.2147
300M,chip_064_120_merged.tif,0.4,1,1481666461,78,34.0284,37.9412,3.9128
300M,chip_064_120_merged.tif,0.4,2,1001720943,78,35.0172,37.8756,2.8584
300M,chip_064_120_merged.tif,0.4,3,621114312,78,35.3517,37.7395,2.3878
300M,chip_064_120_merged.tif,0.4,4,141168794,78,34.6904,37.4119,2.7215
300M,chip_064_120_merged.tif,0.6,0,1118974885,117,34.8719,37.3458,2.4739
300M,chip_064_120_merged.tif,0.6,1,738368254,117,33.8438,36.1735,2.3297
300M,chip_064_120_merged.tif,0.6,2,258422736,117,34.4731,34.7376,0.2644
300M,chip_064_120_merged.tif,0.6,3,2025299753,117,35.0147,37.0626,2.0479
300M,chip_064_120_merged.tif,0.6,4,1545354235,117,34.5401,36.6981,2.158
300M,chip_064_120_merged.tif,0.8,0,636382689,156,33.4778,35.9246,2.4468
300M,chip_064_120_merged.tif,0.8,1,255776058,156,33.0207,33.8551,0.8344
300M,chip_064_120_merged.tif,0.8,2,1923314188,156,33.7836,34.7778,0.9942
300M,chip_064_120_merged.tif,0.8,3,1542707557,156,32.9554,35.0705,2.1151
300M,chip_064_120_merged.tif,0.8,4,1162100926,156,33.0336,35.9257,2.8921
300M,chip_064_352_merged.tif,0.2,0,510494472,39,31.8156,33.1663,1.3506
300M,chip_064_352_merged.tif,0.2,1,129887841,39,32.6202,32.0229,-0.5973
300M,chip_064_352_merged.tif,0.2,2,1896764858,39,31.2402,33.5128,2.2725
300M,chip_064_352_merged.tif,0.2,3,1416819340,39,29.3914,32.8493,3.4579
300M,chip_064_352_merged.tif,0.2,4,1036212709,39,32.4216,33.0773,0.6557
300M,chip_064_352_merged.tif,0.4,0,349879139,78,29.9485,31.9571,2.0086
300M,chip_064_352_merged.tif,0.4,1,2116756156,78,28.7668,32.6708,3.9041
300M,chip_064_352_merged.tif,0.4,2,1636810638,78,31.7068,32.8654,1.1586
300M,chip_064_352_merged.tif,0.4,3,1256204007,78,28.9611,32.4304,3.4692
300M,chip_064_352_merged.tif,0.4,4,776258489,78,30.8458,32.5491,1.7033
300M,chip_064_352_merged.tif,0.6,0,1754064580,117,29.1795,31.8807,2.7012
300M,chip_064_352_merged.tif,0.6,1,1373457949,117,29.175,31.5144,2.3395
300M,chip_064_352_merged.tif,0.6,2,893512431,117,30.4383,31.7987,1.3604
300M,chip_064_352_merged.tif,0.6,3,512905800,117,30.5389,31.9813,1.4424
300M,chip_064_352_merged.tif,0.6,4,32960282,117,29.1805,31.7005,2.5199
300M,chip_064_352_merged.tif,0.8,0,1271472384,156,29.3101,30.8246,1.5144
300M,chip_064_352_merged.tif,0.8,1,890865753,156,29.4169,30.4848,1.0679
300M,chip_064_352_merged.tif,0.8,2,410920235,156,29.5627,30.7823,1.2196
300M,chip_064_352_merged.tif,0.8,3,30313604,156,29.9333,30.1338,0.2005
300M,chip_064_352_merged.tif,0.8,4,1797190621,156,29.9314,30.8947,0.9633
300M,chip_064_354_merged.tif,0.2,0,1032881289,39,29.5151,34.3161,4.801
300M,chip_064_354_merged.tif,0.2,1,552935771,39,30.2943,33.1385,2.8442
300M,chip_064_354_merged.tif,0.2,2,172329140,39,29.5064,32.7641,3.2577
300M,chip_064_354_merged.tif,0.2,3,1939206157,39,33.1649,33.4363,0.2714
300M,chip_064_354_merged.tif,0.2,4,1459260639,39,30.2953,34.4826,4.1873
300M,chip_064_354_merged.tif,0.4,0,872265956,78,30.4755,33.2378,2.7623
300M,chip_064_354_merged.tif,0.4,1,392320438,78,30.5868,32.6328,2.046
300M,chip_064_354_merged.tif,0.4,2,11713807,78,30.0525,32.8925,2.84
300M,chip_064_354_merged.tif,0.4,3,1679251937,78,30.4909,32.7958,2.3049
300M,chip_064_354_merged.tif,0.4,4,1298645306,78,29.2023,33.3196,4.1173
300M,chip_064_354_merged.tif,0.6,0,128967749,117,29.5718,32.6589,3.0871
300M,chip_064_354_merged.tif,0.6,1,1796505879,117,29.463,32.1472,2.6842
300M,chip_064_354_merged.tif,0.6,2,1415899248,117,29.6601,31.189,1.5289
300M,chip_064_354_merged.tif,0.6,3,935953730,117,29.7772,32.0802,2.303
300M,chip_064_354_merged.tif,0.6,4,555347099,117,29.5564,32.9686,3.4122
300M,chip_064_354_merged.tif,0.8,0,1793859201,156,30.2491,31.3652,1.1161
300M,chip_064_354_merged.tif,0.8,1,1313913683,156,30.1095,31.4557,1.3461
300M,chip_064_354_merged.tif,0.8,2,933307052,156,30.0193,31.6987,1.6794
300M,chip_064_354_merged.tif,0.8,3,552700421,156,29.9684,30.9698,1.0013
300M,chip_064_354_merged.tif,0.8,4,72754903,156,29.3435,31.953,2.6095
300M,chip_065_348_merged.tif,0.2,0,2048289900,39,31.224,32.7595,1.5355
300M,chip_065_348_merged.tif,0.2,1,1667683269,39,31.7034,32.6401,0.9367
300M,chip_065_348_merged.tif,0.2,2,1187737751,39,30.7829,32.7197,1.9367
300M,chip_065_348_merged.tif,0.2,3,807131120,39,31.0493,32.5381,1.4888
300M,chip_065_348_merged.tif,0.2,4,327185602,39,31.0503,32.3641,1.3137
300M,chip_065_348_merged.tif,0.4,0,983014830,78,29.8252,32.0461,2.2209
300M,chip_065_348_merged.tif,0.4,1,602408199,78,30.8848,33.0428,2.1581
300M,chip_065_348_merged.tif,0.4,2,221801568,78,30.3622,32.5605,2.1983
300M,chip_065_348_merged.tif,0.4,3,1889339698,78,30.7676,32.8703,2.1027
300M,chip_065_348_merged.tif,0.4,4,1508733067,78,30.5543,32.3673,1.813
300M,chip_065_348_merged.tif,0.6,0,1144376360,117,30.1491,31.7638,1.6146
300M,chip_065_348_merged.tif,0.6,1,664430842,117,29.8292,31.6755,1.8463
300M,chip_065_348_merged.tif,0.6,2,283824211,117,30.4226,31.9074,1.4848
300M,chip_065_348_merged.tif,0.6,3,1951362341,117,29.8639,31.3451,1.4812
300M,chip_065_348_merged.tif,0.6,4,1570755710,117,29.7874,31.8678,2.0803
300M,chip_065_348_merged.tif,0.8,0,661784164,156,29.6869,30.7089,1.0221
300M,chip_065_348_merged.tif,0.8,1,281177533,156,29.1584,30.8676,1.7092
300M,chip_065_348_merged.tif,0.8,2,1948715663,156,29.1473,30.9067,1.7594
300M,chip_065_348_merged.tif,0.8,3,1568109032,156,29.1475,30.7843,1.6368
300M,chip_065_348_merged.tif,0.8,4,1088163514,156,29.1776,31.6523,2.4747
300M,chip_066_347_merged.tif,0.2,0,921765128,39,32.0585,35.1067,3.0482
300M,chip_066_347_merged.tif,0.2,1,541158497,39,32.9224,35.0782,2.1558
300M,chip_066_347_merged.tif,0.2,2,61212979,39,31.8146,34.0338,2.2192
300M,chip_066_347_merged.tif,0.2,3,1828089996,39,30.9825,33.8226,2.8401
300M,chip_066_347_merged.tif,0.2,4,1348144478,39,31.8152,35.0006,3.1854
300M,chip_066_347_merged.tif,0.4,0,2103312593,78,32.1933,33.6413,1.448
300M,chip_066_347_merged.tif,0.4,1,1623367075,78,30.5996,33.2411,2.6415
300M,chip_066_347_merged.tif,0.4,2,1242760444,78,30.4601,34.0332,3.5731
300M,chip_066_347_merged.tif,0.4,3,762814926,78,30.2392,33.77,3.5308
300M,chip_066_347_merged.tif,0.4,4,382208295,78,30.2383,34.2709,4.0326
300M,chip_066_347_merged.tif,0.6,0,17851588,117,30.4222,33.2391,2.8169
300M,chip_066_347_merged.tif,0.6,1,1784728605,117,30.4347,33.3634,2.9287
300M,chip_066_347_merged.tif,0.6,2,1304783087,117,31.7274,32.7752,1.0477
300M,chip_066_347_merged.tif,0.6,3,924176456,117,31.8079,33.0278,1.2199
300M,chip_066_347_merged.tif,0.6,4,444230938,117,31.7185,33.1313,1.4127
300M,chip_066_347_merged.tif,0.8,0,1682743040,156,30.2712,32.9148,2.6436
300M,chip_066_347_merged.tif,0.8,1,1302136409,156,30.5066,32.0754,1.5688
300M,chip_066_347_merged.tif,0.8,2,822190891,156,31.7132,32.7698,1.0566
300M,chip_066_347_merged.tif,0.8,3,441584260,156,30.3037,31.3166,1.0128
300M,chip_066_347_merged.tif,0.8,4,2109122390,156,30.3833,32.0374,1.654
300M,chip_067_282_merged.tif,0.2,0,1352211268,39,32.4871,36.6303,4.1432
300M,chip_067_282_merged.tif,0.2,1,971604637,39,32.4504,35.8463,3.3959
300M,chip_067_282_merged.tif,0.2,2,491659119,39,31.7885,37.4698,5.6813
300M,chip_067_282_merged.tif,0.2,3,111052488,39,33.3989,37.9976,4.5987
300M,chip_067_282_merged.tif,0.2,4,1778590618,39,33.783,35.2249,1.4419
300M,chip_067_282_merged.tif,0.4,0,386275085,78,32.7486,35.4471,2.6985
300M,chip_067_282_merged.tif,0.4,1,2053813215,78,30.9576,35.4841,4.5265
300M,chip_067_282_merged.tif,0.4,2,1673206584,78,32.3915,36.5125,4.121
300M,chip_067_282_merged.tif,0.4,3,1193261066,78,32.3935,35.3199,2.9264
300M,chip_067_282_merged.tif,0.4,4,812654435,78,32.75,35.6675,2.9175
300M,chip_067_282_merged.tif,0.6,0,448297728,117,32.1855,35.0788,2.8934
300M,chip_067_282_merged.tif,0.6,1,67691097,117,32.0259,34.5351,2.5091
300M,chip_067_282_merged.tif,0.6,2,1735229227,117,30.3851,34.546,4.1609
300M,chip_067_282_merged.tif,0.6,3,1354622596,117,32.3635,34.5119,2.1484
300M,chip_067_282_merged.tif,0.6,4,874677078,117,32.3732,35.4361,3.0629
300M,chip_067_282_merged.tif,0.8,0,2113189180,156,30.8175,33.1921,2.3746
300M,chip_067_282_merged.tif,0.8,1,1732582549,156,30.844,32.7492,1.9053
300M,chip_067_282_merged.tif,0.8,2,1252637031,156,30.5848,33.5254,2.9407
300M,chip_067_282_merged.tif,0.8,3,872030400,156,30.8257,33.7025,2.8767
300M,chip_067_282_merged.tif,0.8,4,392084882,156,30.8188,33.3168,2.498
300M,chip_069_353_merged.tif,0.2,0,1246218810,39,33.9007,34.4099,0.5092
300M,chip_069_353_merged.tif,0.2,1,766273292,39,33.5641,33.8004,0.2363
300M,chip_069_353_merged.tif,0.2,2,385666661,39,32.6343,34.6713,2.037
300M,chip_069_353_merged.tif,0.2,3,2053204791,39,32.0933,34.0609,1.9676
300M,chip_069_353_merged.tif,0.2,4,1672598160,39,32.9638,34.8091,1.8453
300M,chip_069_353_merged.tif,0.4,0,180943740,78,33.0947,33.923,0.8283
300M,chip_069_353_merged.tif,0.4,1,1947820757,78,32.8704,34.0519,1.1815
300M,chip_069_353_merged.tif,0.4,2,1467875239,78,32.5953,33.2717,0.6764
300M,chip_069_353_merged.tif,0.4,3,1087268608,78,32.5956,34.3883,1.7927
300M,chip_069_353_merged.tif,0.4,4,607323090,78,32.2507,34.3153,2.0646
300M,chip_069_353_merged.tif,0.6,0,242966383,117,30.4591,33.7447,3.2856
300M,chip_069_353_merged.tif,0.6,1,2009843400,117,31.2529,33.6081,2.3552
300M,chip_069_353_merged.tif,0.6,2,1529897882,117,31.8443,33.8729,2.0286
300M,chip_069_353_merged.tif,0.6,3,1149291251,117,32.2092,33.2655,1.0563
300M,chip_069_353_merged.tif,0.6,4,768684620,117,32.2046,32.3168,0.1122
300M,chip_069_353_merged.tif,0.8,0,1907857835,156,31.903,33.0413,1.1383
300M,chip_069_353_merged.tif,0.8,1,1527251204,156,30.8911,32.5311,1.64
300M,chip_069_353_merged.tif,0.8,2,1146644573,156,31.5373,32.7108,1.1735
300M,chip_069_353_merged.tif,0.8,3,666699055,156,30.9601,32.0073,1.0472
300M,chip_069_353_merged.tif,0.8,4,286092424,156,30.9737,32.6294,1.6557
300M,chip_071_257_merged.tif,0.2,0,1453809207,39,37.3837,38.2045,0.8208
300M,chip_071_257_merged.tif,0.2,1,973863689,39,35.9156,38.2524,2.3368
300M,chip_071_257_merged.tif,0.2,2,593257058,39,36.783,38.2126,1.4296
300M,chip_071_257_merged.tif,0.2,3,113311540,39,36.2763,38.6249,2.3486
300M,chip_071_257_merged.tif,0.2,4,1880188557,39,35.9237,38.5406,2.6169
300M,chip_071_257_merged.tif,0.4,0,440255011,78,34.9099,37.7585,2.8486
300M,chip_071_257_merged.tif,0.4,1,2107793141,78,35.0684,38.5877,3.5193
300M,chip_071_257_merged.tif,0.4,2,1727186510,78,33.9068,38.5591,4.6523
300M,chip_071_257_merged.tif,0.4,3,1247240992,78,37.1597,38.0123,0.8526
300M,chip_071_257_merged.tif,0.4,4,866634361,78,33.9073,37.1861,3.2788
300M,chip_071_257_merged.tif,0.6,0,450556780,117,34.3761,38.1868,3.8108
300M,chip_071_257_merged.tif,0.6,1,69950149,117,34.8733,37.8534,2.9801
300M,chip_071_257_merged.tif,0.6,2,1836827166,117,34.8721,37.9166,3.0445
300M,chip_071_257_merged.tif,0.6,3,1356881648,117,33.8509,37.4918,3.6408
300M,chip_071_257_merged.tif,0.6,4,976275017,117,35.004,37.0534,2.0494
300M,chip_071_257_merged.tif,0.8,0,1361848256,156,34.4512,36.7109,2.2597
300M,chip_071_257_merged.tif,0.8,1,881902738,156,33.3349,36.1984,2.8635
300M,chip_071_257_merged.tif,0.8,2,501296107,156,33.7731,36.7555,2.9824
300M,chip_071_257_merged.tif,0.8,3,120689476,156,34.5188,36.3778,1.859
300M,chip_071_257_merged.tif,0.8,4,1788227606,156,33.7873,36.1009,2.3135
300M,chip_074_351_merged.tif,0.2,0,1596099811,39,32.5512,34.2041,1.6529
300M,chip_074_351_merged.tif,0.2,1,1116154293,39,32.4581,34.5802,2.1221
300M,chip_074_351_merged.tif,0.2,2,735547662,39,31.4726,33.9691,2.4965
300M,chip_074_351_merged.tif,0.2,3,255602144,39,32.2017,33.4251,1.2234
300M,chip_074_351_merged.tif,0.2,4,2022479161,39,32.4804,33.8421,1.3617
300M,chip_074_351_merged.tif,0.4,0,530824741,78,31.9183,33.2384,1.3201
300M,chip_074_351_merged.tif,0.4,1,150218110,78,31.3506,33.7069,2.3563
300M,chip_074_351_merged.tif,0.4,2,1817756240,78,32.8795,33.1482,0.2687
300M,chip_074_351_merged.tif,0.4,3,1437149609,78,31.8118,33.2348,1.423
300M,chip_074_351_merged.tif,0.4,4,957204091,78,32.2106,33.327,1.1164
300M,chip_074_351_merged.tif,0.6,0,592847384,117,30.7399,33.0044,2.2645
300M,chip_074_351_merged.tif,0.6,1,212240753,117,31.6598,33.1878,1.5279
300M,chip_074_351_merged.tif,0.6,2,1879778883,117,31.4653,33.2285,1.7632
300M,chip_074_351_merged.tif,0.6,3,1499172252,117,31.741,33.19,1.449
300M,chip_074_351_merged.tif,0.6,4,1118565621,117,31.3145,33.3232,2.0087
300M,chip_074_351_merged.tif,0.8,0,209594075,156,31.1169,32.6055,1.4885
300M,chip_074_351_merged.tif,0.8,1,1877132205,156,31.496,32.5737,1.0776
300M,chip_074_351_merged.tif,0.8,2,1496525574,156,31.1399,32.3307,1.1907
300M,chip_074_351_merged.tif,0.8,3,1016580056,156,31.1013,32.4982,1.3969
300M,chip_074_351_merged.tif,0.8,4,635973425,156,31.0901,31.9448,0.8547
300M,chip_075_347_merged.tif,0.2,0,1648969535,39,30.4065,33.7576,3.3511
300M,chip_075_347_merged.tif,0.2,1,1169024017,39,31.0709,33.7987,2.7278
300M,chip_075_347_merged.tif,0.2,2,788417386,39,31.0716,33.5896,2.518
300M,chip_075_347_merged.tif,0.2,3,407810755,39,31.9536,33.4301,1.4766
300M,chip_075_347_merged.tif,0.2,4,2075348885,39,31.7669,33.2401,1.4732
300M,chip_075_347_merged.tif,0.4,0,1488354202,78,31.6616,32.8827,1.2211
300M,chip_075_347_merged.tif,0.4,1,1008408684,78,31.8888,33.442,1.5531
300M,chip_075_347_merged.tif,0.4,2,627802053,78,30.5146,33.3427,2.8282
300M,chip_075_347_merged.tif,0.4,3,147856535,78,31.044,33.777,2.733
300M,chip_075_347_merged.tif,0.4,4,1914733552,78,31.0442,33.023,1.9788
300M,chip_075_347_merged.tif,0.6,0,745055995,117,30.9522,32.9391,1.9868
300M,chip_075_347_merged.tif,0.6,1,265110477,117,30.3796,32.4843,2.1048
300M,chip_075_347_merged.tif,0.6,2,2031987494,117,30.9563,32.6731,1.7167
300M,chip_075_347_merged.tif,0.6,3,1552041976,117,30.8054,32.9818,2.1763
300M,chip_075_347_merged.tif,0.6,4,1171435345,117,30.674,32.7308,2.0568
300M,chip_075_347_merged.tif,0.8,0,262463799,156,30.547,31.7466,1.1996
300M,chip_075_347_merged.tif,0.8,1,1930001929,156,31.1343,32.2192,1.0849
300M,chip_075_347_merged.tif,0.8,2,1549395298,156,30.7055,32.0442,1.3387
300M,chip_075_347_merged.tif,0.8,3,1168788667,156,30.766,31.8411,1.0751
300M,chip_075_347_merged.tif,0.8,4,688843149,156,30.9256,32.2369,1.3112
300M,chip_075_350_merged.tif,0.2,0,2063880302,39,33.1083,34.246,1.1377
300M,chip_075_350_merged.tif,0.2,1,1683273671,39,31.8644,34.6657,2.8014
300M,chip_075_350_merged.tif,0.2,2,1203328153,39,33.6152,35.7399,2.1248
300M,chip_075_350_merged.tif,0.2,3,822721522,39,31.5557,34.1627,2.6071
300M,chip_075_350_merged.tif,0.2,4,342776004,39,32.6654,35.6857,3.0204
300M,chip_075_350_merged.tif,0.4,0,998605232,78,31.7229,35.5547,3.8318
300M,chip_075_350_merged.tif,0.4,1,617998601,78,31.5114,35.0517,3.5403
300M,chip_075_350_merged.tif,0.4,2,237391970,78,33.148,34.898,1.75
300M,chip_075_350_merged.tif,0.4,3,1904930100,78,33.6957,34.3139,0.6182
300M,chip_075_350_merged.tif,0.4,4,1524323469,78,33.2708,34.995,1.7242
300M,chip_075_350_merged.tif,0.6,0,1159966762,117,30.8572,34.1986,3.3414
300M,chip_075_350_merged.tif,0.6,1,680021244,117,32.0631,34.2599,2.1968
300M,chip_075_350_merged.tif,0.6,2,299414613,117,32.819,34.5024,1.6834
300M,chip_075_350_merged.tif,0.6,3,1966952743,117,31.137,34.2802,3.1432
300M,chip_075_350_merged.tif,0.6,4,1586346112,117,32.0241,34.0706,2.0464
300M,chip_075_350_merged.tif,0.8,0,677374566,156,29.6278,32.4675,2.8397
300M,chip_075_350_merged.tif,0.8,1,296767935,156,30.049,33.2719,3.2229
300M,chip_075_350_merged.tif,0.8,2,1964306065,156,30.6752,32.0156,1.3404
300M,chip_075_350_merged.tif,0.8,3,1583699434,156,31.0376,33.1084,2.0708
300M,chip_075_350_merged.tif,0.8,4,1103753916,156,29.6449,31.3153,1.6704
300M,chip_079_220_merged.tif,0.2,0,1748988584,39,35.9166,37.7532,1.8366
300M,chip_079_220_merged.tif,0.2,1,1368381953,39,31.9064,38.0388,6.1324
300M,chip_079_220_merged.tif,0.2,2,888436435,39,31.5455,38.7225,7.177
300M,chip_079_220_merged.tif,0.2,3,507829804,39,32.3484,37.6737,5.3253
300M,chip_079_220_merged.tif,0.2,4,27884286,39,35.9308,35.9365,0.0057
300M,chip_079_220_merged.tif,0.4,0,783052401,78,31.5335,36.6632,5.1297
300M,chip_079_220_merged.tif,0.4,1,303106883,78,30.7128,36.1997,5.487
300M,chip_079_220_merged.tif,0.4,2,2069983900,78,30.9835,36.7424,5.7589
300M,chip_079_220_merged.tif,0.4,3,1590038382,78,30.2209,36.5737,6.3528
300M,chip_079_220_merged.tif,0.4,4,1209431751,78,31.9248,35.9879,4.0631
300M,chip_079_220_merged.tif,0.6,0,845075044,117,33.0778,35.4631,2.3853
300M,chip_079_220_merged.tif,0.6,1,365129526,117,29.8908,35.5768,5.686
300M,chip_079_220_merged.tif,0.6,2,2132006543,117,31.4191,36.2184,4.7993
300M,chip_079_220_merged.tif,0.6,3,1751399912,117,30.1877,34.9382,4.7505
300M,chip_079_220_merged.tif,0.6,4,1271454394,117,29.8737,35.2025,5.3287
300M,chip_079_220_merged.tif,0.8,0,362482848,156,30.3668,34.5081,4.1413
300M,chip_079_220_merged.tif,0.8,1,2129359865,156,31.0099,33.8413,2.8314
300M,chip_079_220_merged.tif,0.8,2,1649414347,156,30.7543,33.6141,2.8598
300M,chip_079_220_merged.tif,0.8,3,1268807716,156,31.0004,33.2311,2.2306
300M,chip_079_220_merged.tif,0.8,4,788862198,156,31.4591,34.6262,3.1671
300M,chip_080_231_merged.tif,0.2,0,1058062056,39,30.1355,37.7603,7.6248
300M,chip_080_231_merged.tif,0.2,1,578116538,39,31.9008,37.2755,5.3747
300M,chip_080_231_merged.tif,0.2,2,197509907,39,31.7605,36.9292,5.1687
300M,chip_080_231_merged.tif,0.2,3,1865048037,39,30.136,38.9746,8.8385
300M,chip_080_231_merged.tif,0.2,4,1484441406,39,31.9925,39.117,7.1246
300M,chip_080_231_merged.tif,0.4,0,798107836,78,34.3315,37.0976,2.7662
300M,chip_080_231_merged.tif,0.4,1,417501205,78,35.5982,37.3554,1.7572
300M,chip_080_231_merged.tif,0.4,2,36894574,78,34.3333,37.3207,2.9875
300M,chip_080_231_merged.tif,0.4,3,1704432704,78,35.5989,36.909,1.3101
300M,chip_080_231_merged.tif,0.4,4,1323826073,78,31.5986,38.185,6.5864
300M,chip_080_231_merged.tif,0.6,0,54809629,117,33.2902,35.6052,2.315
300M,chip_080_231_merged.tif,0.6,1,1821686646,117,33.2703,35.0113,1.741
300M,chip_080_231_merged.tif,0.6,2,1441080015,117,34.1624,34.9227,0.7603
300M,chip_080_231_merged.tif,0.6,3,961134497,117,33.3001,34.3706,1.0706
300M,chip_080_231_merged.tif,0.6,4,580527866,117,33.788,34.6756,0.8876
300M,chip_080_231_merged.tif,0.8,0,1819039968,156,32.2714,32.6448,0.3734
300M,chip_080_231_merged.tif,0.8,1,1339094450,156,32.6034,32.3247,-0.2787
300M,chip_080_231_merged.tif,0.8,2,958487819,156,32.269,32.8121,0.5431
300M,chip_080_231_merged.tif,0.8,3,478542301,156,32.2747,32.7328,0.4581
300M,chip_080_231_merged.tif,0.8,4,97935670,156,32.2839,32.9294,0.6455
300M,chip_081_176_merged.tif,0.2,0,1435410236,39,35.043,39.4134,4.3704
300M,chip_081_176_merged.tif,0.2,1,1054803605,39,31.6478,39.2719,7.624
300M,chip_081_176_merged.tif,0.2,2,674196974,39,29.9565,39.8204,9.864
300M,chip_081_176_merged.tif,0.2,3,194251456,39,34.2896,39.7396,5.45
300M,chip_081_176_merged.tif,0.2,4,1961128473,39,34.2886,38.5724,4.2838
300M,chip_081_176_merged.tif,0.4,0,1274794903,78,35.562,37.877,2.315
300M,chip_081_176_merged.tif,0.4,1,894188272,78,31.9095,37.4955,5.586
300M,chip_081_176_merged.tif,0.4,2,414242754,78,31.3782,38.6055,7.2272
300M,chip_081_176_merged.tif,0.4,3,33636123,78,36.2702,37.4418,1.1716
300M,chip_081_176_merged.tif,0.4,4,1800513140,78,31.6073,38.3319,6.7246
300M,chip_081_176_merged.tif,0.6,0,531496696,117,32.6323,35.2604,2.6281
300M,chip_081_176_merged.tif,0.6,1,150890065,117,32.6182,35.774,3.1558
300M,chip_081_176_merged.tif,0.6,2,1818428195,117,32.8284,35.7509,2.9226
300M,chip_081_176_merged.tif,0.6,3,1437821564,117,32.6445,36.2764,3.6319
300M,chip_081_176_merged.tif,0.6,4,1057214933,117,30.8295,37.2773,6.4477
300M,chip_081_176_merged.tif,0.8,0,1442788172,156,30.9647,31.5814,0.6167
300M,chip_081_176_merged.tif,0.8,1,962842654,156,32.9067,36.8441,3.9375
300M,chip_081_176_merged.tif,0.8,2,582236023,156,32.609,34.6489,2.0399
300M,chip_081_176_merged.tif,0.8,3,102290505,156,31.7518,36.8259,5.0742
300M,chip_081_176_merged.tif,0.8,4,1869167522,156,32.717,34.8573,2.1403
300M,chip_081_345_merged.tif,0.2,0,1631929642,39,32.2937,35.744,3.4503
300M,chip_081_345_merged.tif,0.2,1,1251323011,39,35.0358,38.4673,3.4314
300M,chip_081_345_merged.tif,0.2,2,870716380,39,32.6181,37.1193,4.5012
300M,chip_081_345_merged.tif,0.2,3,390770862,39,34.0322,37.9939,3.9617
300M,chip_081_345_merged.tif,0.2,4,10164231,39,36.2254,37.3805,1.1551
300M,chip_081_345_merged.tif,0.4,0,1471314309,78,35.8766,35.1019,-0.7747
300M,chip_081_345_merged.tif,0.4,1,1090707678,78,35.4343,36.6473,1.213
300M,chip_081_345_merged.tif,0.4,2,610762160,78,34.6827,36.1503,1.4676
300M,chip_081_345_merged.tif,0.4,3,230155529,78,33.4541,35.6604,2.2063
300M,chip_081_345_merged.tif,0.4,4,1997032546,78,33.7296,35.6328,1.9032
300M,chip_081_345_merged.tif,0.6,0,728016102,117,34.5145,34.2072,-0.3073
300M,chip_081_345_merged.tif,0.6,1,347409471,117,34.7014,35.7823,1.0809
300M,chip_081_345_merged.tif,0.6,2,2014947601,117,31.9276,34.3141,2.3865
300M,chip_081_345_merged.tif,0.6,3,1634340970,117,34.6818,35.3374,0.6556
300M,chip_081_345_merged.tif,0.6,4,1253734339,117,34.6727,36.5495,1.8768
300M,chip_081_345_merged.tif,0.8,0,245423906,156,32.8212,34.802,1.9808
300M,chip_081_345_merged.tif,0.8,1,2012300923,156,32.4857,34.252,1.7662
300M,chip_081_345_merged.tif,0.8,2,1631694292,156,32.8526,33.9427,1.0901
300M,chip_081_345_merged.tif,0.8,3,1151748774,156,32.4297,34.3747,1.9449
300M,chip_081_345_merged.tif,0.8,4,771142143,156,32.532,34.2116,1.6796
300M,chip_082_339_merged.tif,0.2,0,887965197,39,34.0445,37.8342,3.7897
300M,chip_082_339_merged.tif,0.2,1,507358566,39,35.093,39.0044,3.9114
300M,chip_082_339_merged.tif,0.2,2,27413048,39,37.9903,37.8129,-0.1774
300M,chip_082_339_merged.tif,0.2,3,1794290065,39,34.6134,36.9972,2.3838
300M,chip_082_339_merged.tif,0.2,4,1314344547,39,37.5824,36.6786,-0.9038
300M,chip_082_339_merged.tif,0.4,0,727349864,78,35.6169,37.6274,2.0105
300M,chip_082_339_merged.tif,0.4,1,346743233,78,35.446,38.2077,2.7617
300M,chip_082_339_merged.tif,0.4,2,2014281363,78,34.3257,37.8545,3.5288
300M,chip_082_339_merged.tif,0.4,3,1633674732,78,34.3251,37.7477,3.4227
300M,chip_082_339_merged.tif,0.4,4,1153729214,78,34.3253,36.9596,2.6343
300M,chip_082_339_merged.tif,0.6,0,2131535305,117,34.4844,37.3288,2.8444
300M,chip_082_339_merged.tif,0.6,1,1750928674,117,35.0676,36.0235,0.9559
300M,chip_082_339_merged.tif,0.6,2,1270983156,117,35.0235,37.4306,2.4071
300M,chip_082_339_merged.tif,0.6,3,890376525,117,35.3772,36.6774,1.3002
300M,chip_082_339_merged.tif,0.6,4,410431007,117,34.9719,36.763,1.7912
300M,chip_082_339_merged.tif,0.8,0,1648943109,156,34.8684,36.3299,1.4615
300M,chip_082_339_merged.tif,0.8,1,1268336478,156,34.8733,36.3681,1.4948
300M,chip_082_339_merged.tif,0.8,2,788390960,156,34.6526,36.7031,2.0505
300M,chip_082_339_merged.tif,0.8,3,407784329,156,34.9947,36.0912,1.0965
300M,chip_082_339_merged.tif,0.8,4,2075322459,156,34.9265,35.9392,1.0127
300M,chip_083_175_merged.tif,0.2,0,1766276935,39,28.7608,35.0049,6.2441
300M,chip_083_175_merged.tif,0.2,1,1385670304,39,32.5259,36.603,4.0771
300M,chip_083_175_merged.tif,0.2,2,905724786,39,35.7692,35.4683,-0.3009
300M,chip_083_175_merged.tif,0.2,3,525118155,39,33.7241,37.5915,3.8673
300M,chip_083_175_merged.tif,0.2,4,45172637,39,32.8786,36.5056,3.627
300M,chip_083_175_merged.tif,0.4,0,1605661602,78,30.6625,36.7864,6.1239
300M,chip_083_175_merged.tif,0.4,1,1125716084,78,30.3648,36.6751,6.3103
300M,chip_083_175_merged.tif,0.4,2,745109453,78,30.8104,36.8393,6.0289
300M,chip_083_175_merged.tif,0.4,3,265163935,78,30.747,36.4795,5.7325
300M,chip_083_175_merged.tif,0.4,4,2032040952,78,31.8501,36.0497,4.1997
300M,chip_083_175_merged.tif,0.6,0,862363395,117,30.4578,34.178,3.7202
300M,chip_083_175_merged.tif,0.6,1,382417877,117,30.4754,35.2732,4.7978
300M,chip_083_175_merged.tif,0.6,2,1811246,117,31.0134,36.1022,5.0888
300M,chip_083_175_merged.tif,0.6,3,1669349376,117,30.7824,36.0859,5.3035
300M,chip_083_175_merged.tif,0.6,4,1288742745,117,31.0528,34.7541,3.7013
300M,chip_083_175_merged.tif,0.8,0,379771199,156,30.8702,32.3362,1.466
300M,chip_083_175_merged.tif,0.8,1,2146648216,156,30.8218,34.0777,3.2559
300M,chip_083_175_merged.tif,0.8,2,1666702698,156,30.9553,33.6309,2.6757
300M,chip_083_175_merged.tif,0.8,3,1286096067,156,30.9163,33.734,2.8176
300M,chip_083_175_merged.tif,0.8,4,806150549,156,30.5165,33.644,3.1275
300M,chip_083_208_merged.tif,0.2,0,1389552100,39,29.5545,34.9353,5.3808
300M,chip_083_208_merged.tif,0.2,1,909606582,39,30.5,34.6594,4.1594
300M,chip_083_208_merged.tif,0.2,2,528999951,39,32.981,35.2745,2.2935
300M,chip_083_208_merged.tif,0.2,3,148393320,39,29.608,35.4832,5.8752
300M,chip_083_208_merged.tif,0.2,4,1815931450,39,30.9071,34.0607,3.1536
300M,chip_083_208_merged.tif,0.4,0,324277030,78,30.983,33.7186,2.7355
300M,chip_083_208_merged.tif,0.4,1,2091154047,78,30.3043,33.8563,3.552
300M,chip_083_208_merged.tif,0.4,2,1710547416,78,31.0938,33.1252,2.0314
300M,chip_083_208_merged.tif,0.4,3,1230601898,78,29.4123,33.6854,4.2731
300M,chip_083_208_merged.tif,0.4,4,849995267,78,30.6009,34.0176,3.4167
300M,chip_083_208_merged.tif,0.6,0,485638560,117,29.648,32.949,3.301
300M,chip_083_208_merged.tif,0.6,1,5693042,117,29.1334,31.5769,2.4436
300M,chip_083_208_merged.tif,0.6,2,1772570059,117,29.8358,32.8938,3.0579
300M,chip_083_208_merged.tif,0.6,3,1292624541,117,29.0816,32.3775,3.296
300M,chip_083_208_merged.tif,0.6,4,912017910,117,29.5528,32.8513,3.2985
300M,chip_083_208_merged.tif,0.8,0,3046364,156,29.9026,31.4109,1.5083
300M,chip_083_208_merged.tif,0.8,1,1670584494,156,30.1518,31.6565,1.5046
300M,chip_083_208_merged.tif,0.8,2,1289977863,156,29.6883,32.0236,2.3354
300M,chip_083_208_merged.tif,0.8,3,909371232,156,29.6772,30.6257,0.9485
300M,chip_083_208_merged.tif,0.8,4,429425714,156,28.7765,30.4151,1.6386
300M,chip_084_207_merged.tif,0.2,0,1787638785,39,34.2042,36.9833,2.779
300M,chip_084_207_merged.tif,0.2,1,1407032154,39,36.9174,36.5573,-0.3601
300M,chip_084_207_merged.tif,0.2,2,927086636,39,34.7335,36.7523,2.0188
300M,chip_084_207_merged.tif,0.2,3,546480005,39,35.2439,36.3787,1.1348
300M,chip_084_207_merged.tif,0.2,4,165873374,39,34.0262,38.4698,4.4436
300M,chip_084_207_merged.tif,0.4,0,1627023452,78,34.9642,36.6617,1.6974
300M,chip_084_207_merged.tif,0.4,1,1246416821,78,34.1545,36.1687,2.0142
300M,chip_084_207_merged.tif,0.4,2,766471303,78,34.1404,36.0228,1.8825
300M,chip_084_207_merged.tif,0.4,3,385864672,78,34.1994,37.151,2.9516
300M,chip_084_207_merged.tif,0.4,4,2053402802,78,35.8237,36.7936,0.9699
300M,chip_084_207_merged.tif,0.6,0,883725245,117,34.7848,36.1692,1.3844
300M,chip_084_207_merged.tif,0.6,1,503118614,117,33.8065,37.1866,3.3802
300M,chip_084_207_merged.tif,0.6,2,23173096,117,34.4383,35.2705,0.8322
300M,chip_084_207_merged.tif,0.6,3,1790050113,117,34.4368,36.0354,1.5986
300M,chip_084_207_merged.tif,0.6,4,1310104595,117,33.801,35.3556,1.5547
300M,chip_084_207_merged.tif,0.8,0,1695677834,156,33.8496,35.2345,1.3849
300M,chip_084_207_merged.tif,0.8,1,1315071203,156,33.9308,35.6111,1.6804
300M,chip_084_207_merged.tif,0.8,2,934464572,156,34.3406,34.7461,0.4056
300M,chip_084_207_merged.tif,0.8,3,454519054,156,33.9479,35.7214,1.7736
300M,chip_084_207_merged.tif,0.8,4,73912423,156,34.1837,35.5979,1.4142
300M,chip_085_592_merged.tif,0.2,0,994006899,39,33.5169,34.7338,1.2169
300M,chip_085_592_merged.tif,0.2,1,613400268,39,34.395,36.2999,1.9049
300M,chip_085_592_merged.tif,0.2,2,232793637,39,34.416,36.3152,1.8992
300M,chip_085_592_merged.tif,0.2,3,1900331767,39,34.2996,36.028,1.7285
300M,chip_085_592_merged.tif,0.2,4,1519725136,39,34.3939,35.5651,1.1712
300M,chip_085_592_merged.tif,0.4,0,833391566,78,30.3284,36.2246,5.8962
300M,chip_085_592_merged.tif,0.4,1,452784935,78,29.3357,35.6401,6.3044
300M,chip_085_592_merged.tif,0.4,2,2120323065,78,30.6976,35.8431,5.1455
300M,chip_085_592_merged.tif,0.4,3,1739716434,78,32.1826,34.7717,2.589
300M,chip_085_592_merged.tif,0.4,4,1359109803,78,32.5797,35.1037,2.524
300M,chip_085_592_merged.tif,0.6,0,90093359,117,30.2909,34.5972,4.3063
300M,chip_085_592_merged.tif,0.6,1,1856970376,117,30.0581,33.5728,3.5147
300M,chip_085_592_merged.tif,0.6,2,1377024858,117,30.1941,34.8514,4.6573
300M,chip_085_592_merged.tif,0.6,3,996418227,117,30.2549,33.1518,2.8969
300M,chip_085_592_merged.tif,0.6,4,615811596,117,30.4191,33.7604,3.3413
300M,chip_085_592_merged.tif,0.8,0,1754984811,156,30.6685,32.8744,2.2059
300M,chip_085_592_merged.tif,0.8,1,1374378180,156,30.3524,32.3121,1.9597
300M,chip_085_592_merged.tif,0.8,2,993771549,156,30.1809,32.1783,1.9974
300M,chip_085_592_merged.tif,0.8,3,513826031,156,29.9787,30.8774,0.8987
300M,chip_085_592_merged.tif,0.8,4,133219400,156,30.676,31.6914,1.0154
300M,chip_086_203_merged.tif,0.2,0,992270040,39,35.5102,38.1971,2.6869
300M,chip_086_203_merged.tif,0.2,1,611663409,39,34.3716,37.8636,3.492
300M,chip_086_203_merged.tif,0.2,2,131717891,39,34.2284,37.3108,3.0824
300M,chip_086_203_merged.tif,0.2,3,1898594908,39,32.9144,37.6147,4.7003
300M,chip_086_203_merged.tif,0.2,4,1418649390,39,37.5807,37.6434,0.0626
300M,chip_086_203_merged.tif,0.4,0,831654707,78,34.9763,36.3108,1.3345
300M,chip_086_203_merged.tif,0.4,1,351709189,78,34.976,37.293,2.317
300M,chip_086_203_merged.tif,0.4,2,2118586206,78,34.229,37.3425,3.1135
300M,chip_086_203_merged.tif,0.4,3,1737979575,78,33.4094,37.3757,3.9664
300M,chip_086_203_merged.tif,0.4,4,1258034057,78,33.7603,36.7766,3.0163
300M,chip_086_203_merged.tif,0.6,0,88356500,117,33.9662,37.0803,3.114
300M,chip_086_203_merged.tif,0.6,1,1755894630,117,33.8277,36.9463,3.1186
300M,chip_086_203_merged.tif,0.6,2,1375287999,117,33.9685,35.6316,1.6631
300M,chip_086_203_merged.tif,0.6,3,994681368,117,33.8605,37.1077,3.2472
300M,chip_086_203_merged.tif,0.6,4,514735850,117,33.8287,36.441,2.6123
300M,chip_086_203_merged.tif,0.8,0,1753247952,156,33.5616,34.6437,1.0821
300M,chip_086_203_merged.tif,0.8,1,1372641321,156,33.7692,35.9224,2.1532
300M,chip_086_203_merged.tif,0.8,2,892695803,156,34.3561,35.1421,0.786
300M,chip_086_203_merged.tif,0.8,3,512089172,156,33.6716,34.5576,0.886
300M,chip_086_203_merged.tif,0.8,4,32143654,156,33.8325,36.09,2.2575
300M,chip_087_268_merged.tif,0.2,0,1399887007,39,41.1858,44.1501,2.9643
300M,chip_087_268_merged.tif,0.2,1,1019280376,39,44.2753,43.5019,-0.7734
300M,chip_087_268_merged.tif,0.2,2,539334858,39,43.2621,43.9394,0.6773
300M,chip_087_268_merged.tif,0.2,3,158728227,39,40.752,43.4083,2.6562
300M,chip_087_268_merged.tif,0.2,4,1826266357,39,41.7166,42.8255,1.1089
300M,chip_087_268_merged.tif,0.4,0,1239271674,78,37.68,43.5789,5.8989
300M,chip_087_268_merged.tif,0.4,1,759326156,78,42.6337,43.2547,0.6211
300M,chip_087_268_merged.tif,0.4,2,378719525,78,38.9915,43.3645,4.373
300M,chip_087_268_merged.tif,0.4,3,2145596542,78,43.2165,43.4116,0.1951
300M,chip_087_268_merged.tif,0.4,4,1665651024,78,37.6647,43.7015,6.0368
300M,chip_087_268_merged.tif,0.6,0,495973467,117,37.9173,43.4177,5.5004
300M,chip_087_268_merged.tif,0.6,1,115366836,117,39.7257,42.8083,3.0825
300M,chip_087_268_merged.tif,0.6,2,1782904966,117,42.9607,42.9175,-0.0432
300M,chip_087_268_merged.tif,0.6,3,1402298335,117,42.3238,43.5157,1.1919
300M,chip_087_268_merged.tif,0.6,4,922352817,117,42.9637,43.3649,0.4012
300M,chip_087_268_merged.tif,0.8,0,13381271,156,38.4857,42.3269,3.8412
300M,chip_087_268_merged.tif,0.8,1,1780258288,156,38.4851,41.7571,3.272
300M,chip_087_268_merged.tif,0.8,2,1300312770,156,37.9437,42.3992,4.4555
300M,chip_087_268_merged.tif,0.8,3,919706139,156,39.0849,42.2789,3.194
300M,chip_087_268_merged.tif,0.8,4,439760621,156,39.4073,41.8416,2.4343
300M,chip_087_335_merged.tif,0.2,0,2043054443,39,34.0071,35.6262,1.6191
300M,chip_087_335_merged.tif,0.2,1,1662447812,39,33.3234,37.3771,4.0537
300M,chip_087_335_merged.tif,0.2,2,1182502294,39,33.5795,35.8096,2.2301
300M,chip_087_335_merged.tif,0.2,3,801895663,39,32.3883,36.4107,4.0224
300M,chip_087_335_merged.tif,0.2,4,321950145,39,34.265,35.9031,1.638
300M,chip_087_335_merged.tif,0.4,0,1882439110,78,32.7113,35.8285,3.1171
300M,chip_087_335_merged.tif,0.4,1,1402493592,78,32.8752,35.5132,2.638
300M,chip_087_335_merged.tif,0.4,2,1021886961,78,32.2733,35.2082,2.9348
300M,chip_087_335_merged.tif,0.4,3,641280330,78,33.5413,35.3882,1.847
300M,chip_087_335_merged.tif,0.4,4,161334812,78,32.8177,36.3009,3.4832
300M,chip_087_335_merged.tif,0.6,0,1139140903,117,32.5208,35.4972,2.9764
300M,chip_087_335_merged.tif,0.6,1,659195385,117,32.521,35.3118,2.7908
300M,chip_087_335_merged.tif,0.6,2,278588754,117,32.5465,35.2946,2.7481
300M,chip_087_335_merged.tif,0.6,3,2045465771,117,32.5528,35.1859,2.6331
300M,chip_087_335_merged.tif,0.6,4,1565520253,117,31.4209,35.4545,4.0336
300M,chip_087_335_merged.tif,0.8,0,656548707,156,32.5669,33.8322,1.2653
300M,chip_087_335_merged.tif,0.8,1,275942076,156,32.9133,33.8905,0.9772
300M,chip_087_335_merged.tif,0.8,2,1943480206,156,32.5788,34.7464,2.1676
300M,chip_087_335_merged.tif,0.8,3,1562873575,156,31.8594,33.8107,1.9513
300M,chip_087_335_merged.tif,0.8,4,1082928057,156,32.9555,33.9758,1.0203
300M,chip_089_360_merged.tif,0.2,0,744802061,39,31.1817,33.6825,2.5007
300M,chip_089_360_merged.tif,0.2,1,364195430,39,30.103,33.8744,3.7714
300M,chip_089_360_merged.tif,0.2,2,2131072447,39,31.2694,32.76,1.4906
300M,chip_089_360_merged.tif,0.2,3,1651126929,39,30.8678,33.5591,2.6913
300M,chip_089_360_merged.tif,0.2,4,1270520298,39,30.1399,31.8039,1.664
300M,chip_089_360_merged.tif,0.4,0,584186728,78,29.9557,32.8021,2.8463
300M,chip_089_360_merged.tif,0.4,1,203580097,78,30.6196,33.3564,2.7367
300M,chip_089_360_merged.tif,0.4,2,1871118227,78,31.0717,31.8075,0.7357
300M,chip_089_360_merged.tif,0.4,3,1490511596,78,30.8908,32.1715,1.2807
300M,chip_089_360_merged.tif,0.4,4,1109904965,78,31.2931,32.3506,1.0576
300M,chip_089_360_merged.tif,0.6,0,1988372169,117,30.1847,32.3357,2.151
300M,chip_089_360_merged.tif,0.6,1,1607765538,117,30.1933,32.1547,1.9614
300M,chip_089_360_merged.tif,0.6,2,1127820020,117,30.1787,32.003,1.8243
300M,chip_089_360_merged.tif,0.6,3,747213389,117,30.0567,32.1394,2.0826
300M,chip_089_360_merged.tif,0.6,4,366606758,117,30.1947,31.6457,1.451
300M,chip_089_360_merged.tif,0.8,0,1505779973,156,30.1323,31.0875,0.9552
300M,chip_089_360_merged.tif,0.8,1,1125173342,156,30.2268,30.9636,0.7368
300M,chip_089_360_merged.tif,0.8,2,744566711,156,30.259,30.6789,0.4199
300M,chip_089_360_merged.tif,0.8,3,264621193,156,30.0073,31.3005,1.2932
300M,chip_089_360_merged.tif,0.8,4,2031498210,156,30.32,30.9811,0.6612
300M,chip_091_253_merged.tif,0.2,0,458087106,39,39.9288,41.2357,1.307
300M,chip_091_253_merged.tif,0.2,1,77480475,39,39.7196,38.9416,-0.778
300M,chip_091_253_merged.tif,0.2,2,1745018605,39,39.9891,40.9322,0.9431
300M,chip_091_253_merged.tif,0.2,3,1364411974,39,39.9346,41.2386,1.3039
300M,chip_091_253_merged.tif,0.2,4,884466456,39,37.4041,41.1467,3.7427
300M,chip_091_253_merged.tif,0.4,0,297471773,78,38.1202,41.0438,2.9237
300M,chip_091_253_merged.tif,0.4,1,1965009903,78,39.6688,39.0452,-0.6236
300M,chip_091_253_merged.tif,0.4,2,1584403272,78,37.8252,41.3552,3.53
300M,chip_091_253_merged.tif,0.4,3,1203796641,78,37.4018,40.6406,3.2388
300M,chip_091_253_merged.tif,0.4,4,723851123,78,33.5959,40.7898,7.1939
300M,chip_091_253_merged.tif,0.6,0,1701657214,117,34.5292,36.8291,2.2999
300M,chip_091_253_merged.tif,0.6,1,1221711696,117,34.5105,39.6273,5.1168
300M,chip_091_253_merged.tif,0.6,2,841105065,117,36.9572,39.453,2.4958
300M,chip_091_253_merged.tif,0.6,3,460498434,117,37.3683,39.6106,2.2423
300M,chip_091_253_merged.tif,0.6,4,2128036564,117,37.0672,38.5539,1.4867
300M,chip_091_253_merged.tif,0.8,0,1219065018,156,36.9622,38.2328,1.2705
300M,chip_091_253_merged.tif,0.8,1,838458387,156,34.6251,35.6793,1.0541
300M,chip_091_253_merged.tif,0.8,2,358512869,156,36.6991,36.7402,0.0411
300M,chip_091_253_merged.tif,0.8,3,2125389886,156,34.1306,38.8528,4.7221
300M,chip_091_253_merged.tif,0.8,4,1645444368,156,37.0717,37.3944,0.3227
300M,chip_091_324_merged.tif,0.2,0,507647190,39,33.755,34.9111,1.156
300M,chip_091_324_merged.tif,0.2,1,127040559,39,33.7553,34.7111,0.9558
300M,chip_091_324_merged.tif,0.2,2,1794578689,39,33.2021,34.9515,1.7494
300M,chip_091_324_merged.tif,0.2,3,1413972058,39,33.0726,35.1413,2.0687
300M,chip_091_324_merged.tif,0.2,4,934026540,39,34.1176,34.8593,0.7417
300M,chip_091_324_merged.tif,0.4,0,347031857,78,32.9009,34.25,1.3491
300M,chip_091_324_merged.tif,0.4,1,2014569987,78,33.2957,34.4389,1.1433
300M,chip_091_324_merged.tif,0.4,2,1633963356,78,32.8983,34.4821,1.5838
300M,chip_091_324_merged.tif,0.4,3,1253356725,78,33.2136,34.6008,1.3872
300M,chip_091_324_merged.tif,0.4,4,773411207,78,33.0467,34.1889,1.1422
300M,chip_091_324_merged.tif,0.6,0,1751217298,117,32.8584,33.6552,0.7969
300M,chip_091_324_merged.tif,0.6,1,1271271780,117,32.8667,34.193,1.3263
300M,chip_091_324_merged.tif,0.6,2,890665149,117,32.8944,34.1545,1.2601
300M,chip_091_324_merged.tif,0.6,3,510058518,117,32.9676,33.647,0.6793
300M,chip_091_324_merged.tif,0.6,4,30113000,117,32.9173,33.9512,1.0339
300M,chip_091_324_merged.tif,0.8,0,1268625102,156,33.0063,33.4216,0.4153
300M,chip_091_324_merged.tif,0.8,1,888018471,156,32.6674,33.1503,0.4829
300M,chip_091_324_merged.tif,0.8,2,408072953,156,32.9776,33.4111,0.4335
300M,chip_091_324_merged.tif,0.8,3,27466322,156,32.4668,33.3214,0.8546
300M,chip_091_324_merged.tif,0.8,4,1695004452,156,33.0048,33.2441,0.2393
300M,chip_091_336_merged.tif,0.2,0,1799737784,39,37.8212,39.4281,1.6069
300M,chip_091_336_merged.tif,0.2,1,1419131153,39,37.8219,39.1123,1.2904
300M,chip_091_336_merged.tif,0.2,2,1038524522,39,38.3931,39.6942,1.3011
300M,chip_091_336_merged.tif,0.2,3,558579004,39,37.6176,39.6386,2.021
300M,chip_091_336_merged.tif,0.2,4,177972373,39,37.3905,39.252,1.8615
300M,chip_091_336_merged.tif,0.4,0,1639122451,78,37.586,38.8094,1.2234
300M,chip_091_336_merged.tif,0.4,1,1258515820,78,36.6908,37.9955,1.3047
300M,chip_091_336_merged.tif,0.4,2,778570302,78,37.655,39.3966,1.7416
300M,chip_091_336_merged.tif,0.4,3,397963671,78,37.6145,39.3608,1.7464
300M,chip_091_336_merged.tif,0.4,4,2065501801,78,34.8778,38.6825,3.8046
300M,chip_091_336_merged.tif,0.6,0,895824244,117,37.3382,38.7477,1.4094
300M,chip_091_336_merged.tif,0.6,1,515217613,117,37.2605,38.4518,1.1913
300M,chip_091_336_merged.tif,0.6,2,35272095,117,37.2799,38.9691,1.6893
300M,chip_091_336_merged.tif,0.6,3,1802149112,117,37.3467,38.377,1.0303
300M,chip_091_336_merged.tif,0.6,4,1421542481,117,35.4028,38.1886,2.7859
300M,chip_091_336_merged.tif,0.8,0,413232048,156,36.49,36.7831,0.2932
300M,chip_091_336_merged.tif,0.8,1,32625417,156,35.598,36.5014,0.9034
300M,chip_091_336_merged.tif,0.8,2,1799502434,156,35.0973,35.852,0.7546
300M,chip_091_336_merged.tif,0.8,3,1319556916,156,36.7726,36.408,-0.3645
300M,chip_091_336_merged.tif,0.8,4,938950285,156,36.4257,36.8392,0.4135
300M,chip_092_214_merged.tif,0.2,0,1508607661,39,32.4049,37.3462,4.9413
300M,chip_092_214_merged.tif,0.2,1,1028662143,39,33.1169,36.5136,3.3967
300M,chip_092_214_merged.tif,0.2,2,648055512,39,31.2733,37.5288,6.2555
300M,chip_092_214_merged.tif,0.2,3,168109994,39,31.1567,36.3379,5.1812
300M,chip_092_214_merged.tif,0.2,4,1934987011,39,32.629,36.4683,3.8393
300M,chip_092_214_merged.tif,0.4,0,1248653441,78,30.2507,36.7016,6.4508
300M,chip_092_214_merged.tif,0.4,1,868046810,78,31.2519,36.601,5.3491
300M,chip_092_214_merged.tif,0.4,2,487440179,78,31.6055,35.9058,4.3003
300M,chip_092_214_merged.tif,0.4,3,7494661,78,30.4241,35.466,5.042
300M,chip_092_214_merged.tif,0.4,4,1774371678,78,30.4288,36.3934,5.9646
300M,chip_092_214_merged.tif,0.6,0,505355234,117,30.0251,34.8714,4.8463
300M,chip_092_214_merged.tif,0.6,1,124748603,117,30.7436,34.9152,4.1716
300M,chip_092_214_merged.tif,0.6,2,1891625620,117,30.3856,35.3703,4.9847
300M,chip_092_214_merged.tif,0.6,3,1411680102,117,29.9773,33.9181,3.9408
300M,chip_092_214_merged.tif,0.6,4,1031073471,117,30.4149,32.9284,2.5135
300M,chip_092_214_merged.tif,0.8,0,122101925,156,30.3232,32.0696,1.7464
300M,chip_092_214_merged.tif,0.8,1,1789640055,156,30.3189,32.5798,2.2609
300M,chip_092_214_merged.tif,0.8,2,1409033424,156,30.4548,32.1554,1.7006
300M,chip_092_214_merged.tif,0.8,3,929087906,156,30.3167,33.2599,2.9432
300M,chip_092_214_merged.tif,0.8,4,548481275,156,30.993,33.5668,2.5738
300M,chip_092_320_merged.tif,0.2,0,1633000527,39,34.4572,35.6705,1.2134
300M,chip_092_320_merged.tif,0.2,1,1252393896,39,35.382,36.002,0.62
300M,chip_092_320_merged.tif,0.2,2,871787265,39,33.7746,36.1935,2.4189
300M,chip_092_320_merged.tif,0.2,3,391841747,39,31.9475,35.9491,4.0016
300M,chip_092_320_merged.tif,0.2,4,11235116,39,35.3828,35.6822,0.2994
300M,chip_092_320_merged.tif,0.4,0,667064344,78,34.0479,35.9416,1.8937
300M,chip_092_320_merged.tif,0.4,1,187118826,78,34.8082,35.5177,0.7095
300M,chip_092_320_merged.tif,0.4,2,1953995843,78,34.4934,35.5792,1.0857
300M,chip_092_320_merged.tif,0.4,3,1573389212,78,34.6063,35.4153,0.809
300M,chip_092_320_merged.tif,0.4,4,1093443694,78,33.4783,35.1295,1.6512
300M,chip_092_320_merged.tif,0.6,0,729086987,117,33.994,35.3647,1.3706
300M,chip_092_320_merged.tif,0.6,1,348480356,117,34.669,34.5866,-0.0823
300M,chip_092_320_merged.tif,0.6,2,2016018486,117,32.5245,35.1635,2.6391
300M,chip_092_320_merged.tif,0.6,3,1635411855,117,33.3722,35.0062,1.634
300M,chip_092_320_merged.tif,0.6,4,1155466337,117,33.4326,35.0828,1.6503
300M,chip_092_320_merged.tif,0.8,0,246494791,156,33.7357,34.2813,0.5456
300M,chip_092_320_merged.tif,0.8,1,2013371808,156,32.7527,34.3547,1.6019
300M,chip_092_320_merged.tif,0.8,2,1632765177,156,33.8119,34.2363,0.4243
300M,chip_092_320_merged.tif,0.8,3,1152819659,156,32.7338,34.1434,1.4096
300M,chip_092_320_merged.tif,0.8,4,772213028,156,33.6433,34.6808,1.0375
300M,chip_092_322_merged.tif,0.2,0,1462314549,39,35.0908,35.1242,0.0335
300M,chip_092_322_merged.tif,0.2,1,1081707918,39,33.6754,35.2248,1.5494
300M,chip_092_322_merged.tif,0.2,2,601762400,39,34.7707,35.3067,0.5359
300M,chip_092_322_merged.tif,0.2,3,221155769,39,33.7161,35.7032,1.9872
300M,chip_092_322_merged.tif,0.2,4,1888693899,39,33.7163,35.3408,1.6245
300M,chip_092_322_merged.tif,0.4,0,496378366,78,33.4089,35.1862,1.7773
300M,chip_092_322_merged.tif,0.4,1,16432848,78,34.3926,35.3793,0.9867
300M,chip_092_322_merged.tif,0.4,2,1783309865,78,33.4951,34.4591,0.964
300M,chip_092_322_merged.tif,0.4,3,1303364347,78,32.8299,35.343,2.5131
300M,chip_092_322_merged.tif,0.4,4,922757716,78,33.5097,35.3136,1.8038
300M,chip_092_322_merged.tif,0.6,0,558401009,117,33.7256,34.1868,0.4611
300M,chip_092_322_merged.tif,0.6,1,78455491,117,33.5708,34.4434,0.8726
300M,chip_092_322_merged.tif,0.6,2,1845332508,117,33.5092,34.7065,1.1973
300M,chip_092_322_merged.tif,0.6,3,1464725877,117,33.5656,34.7923,1.2266
300M,chip_092_322_merged.tif,0.6,4,984780359,117,33.1673,33.9924,0.8251
300M,chip_092_322_merged.tif,0.8,0,75808813,156,33.0656,34.0215,0.9559
300M,chip_092_322_merged.tif,0.8,1,1842685830,156,33.386,34.4017,1.0157
300M,chip_092_322_merged.tif,0.8,2,1362740312,156,33.3518,33.5035,0.1517
300M,chip_092_322_merged.tif,0.8,3,982133681,156,33.3801,33.988,0.6079
300M,chip_092_322_merged.tif,0.8,4,502188163,156,33.384,34.041,0.657
300M,chip_093_213_merged.tif,0.2,0,1818281797,39,33.1579,36.4669,3.3089
300M,chip_093_213_merged.tif,0.2,1,1338336279,39,33.1155,36.1986,3.0831
300M,chip_093_213_merged.tif,0.2,2,957729648,39,33.3448,37.8696,4.5248
300M,chip_093_213_merged.tif,0.2,3,577123017,39,32.8521,35.3902,2.5381
300M,chip_093_213_merged.tif,0.2,4,97177499,39,33.3458,37.5039,4.1581
300M,chip_093_213_merged.tif,0.4,0,1657666464,78,33.6158,35.4863,1.8704
300M,chip_093_213_merged.tif,0.4,1,1177720946,78,31.6734,36.5234,4.8501
300M,chip_093_213_merged.tif,0.4,2,797114315,78,33.6148,36.156,2.5412
300M,chip_093_213_merged.tif,0.4,3,317168797,78,32.6419,35.8591,3.2173
300M,chip_093_213_merged.tif,0.4,4,2084045814,78,33.2348,34.9837,1.7489
300M,chip_093_213_merged.tif,0.6,0,914368257,117,32.8922,35.9838,3.0916
300M,chip_093_213_merged.tif,0.6,1,434422739,117,32.3706,35.1024,2.7317
300M,chip_093_213_merged.tif,0.6,2,53816108,117,33.2557,34.2701,1.0144
300M,chip_093_213_merged.tif,0.6,3,1721354238,117,30.7914,35.3315,4.5401
300M,chip_093_213_merged.tif,0.6,4,1340747607,117,32.6816,35.8587,3.1771
300M,chip_093_213_merged.tif,0.8,0,431776061,156,30.9781,34.2359,3.2578
300M,chip_093_213_merged.tif,0.8,1,2099314191,156,30.968,34.3097,3.3417
300M,chip_093_213_merged.tif,0.8,2,1718707560,156,32.446,34.1376,1.6916
300M,chip_093_213_merged.tif,0.8,3,1338100929,156,32.4647,34.0199,1.5552
300M,chip_093_213_merged.tif,0.8,4,858155411,156,31.8195,33.4059,1.5864
300M,chip_093_331_merged.tif,0.2,0,969221122,39,32.7743,37.0084,4.2341
300M,chip_093_331_merged.tif,0.2,1,489275604,39,34.5884,37.023,2.4347
300M,chip_093_331_merged.tif,0.2,2,108668973,39,35.262,36.2314,0.9694
300M,chip_093_331_merged.tif,0.2,3,1776207103,39,35.2092,37.552,2.3428
300M,chip_093_331_merged.tif,0.2,4,1395600472,39,35.4703,36.2885,0.8181
300M,chip_093_331_merged.tif,0.4,0,2051429700,78,33.6846,35.869,2.1844
300M,chip_093_331_merged.tif,0.4,1,1670823069,78,34.5269,36.2056,1.6787
300M,chip_093_331_merged.tif,0.4,2,1190877551,78,32.8854,36.2998,3.4144
300M,chip_093_331_merged.tif,0.4,3,810270920,78,33.4558,35.1507,1.6949
300M,chip_093_331_merged.tif,0.4,4,330325402,78,34.6024,35.8582,1.2558
300M,chip_093_331_merged.tif,0.6,0,2113452343,117,33.7723,35.2934,1.5211
300M,chip_093_331_merged.tif,0.6,1,1732845712,117,33.7355,35.3061,1.5705
300M,chip_093_331_merged.tif,0.6,2,1352239081,117,33.1321,35.0582,1.9261
300M,chip_093_331_merged.tif,0.6,3,872293563,117,32.4654,36.2132,3.7477
300M,chip_093_331_merged.tif,0.6,4,491686932,117,33.8658,35.511,1.6452
300M,chip_093_331_merged.tif,0.8,0,1730199034,156,33.4516,34.2816,0.83
300M,chip_093_331_merged.tif,0.8,1,1250253516,156,33.6256,34.2877,0.662
300M,chip_093_331_merged.tif,0.8,2,869646885,156,33.1988,34.4839,1.2851
300M,chip_093_331_merged.tif,0.8,3,389701367,156,33.2042,34.9008,1.6967
300M,chip_093_331_merged.tif,0.8,4,9094736,156,32.7029,34.2694,1.5665
300M,chip_093_355_merged.tif,0.2,0,1931291640,39,37.3462,37.1855,-0.1606
300M,chip_093_355_merged.tif,0.2,1,1550685009,39,38.0924,38.1556,0.0632
300M,chip_093_355_merged.tif,0.2,2,1170078378,39,38.1818,37.6647,-0.5172
300M,chip_093_355_merged.tif,0.2,3,690132860,39,36.5761,38.2682,1.6921
300M,chip_093_355_merged.tif,0.2,4,309526229,39,36.4684,37.8503,1.3818
300M,chip_093_355_merged.tif,0.4,0,1770676307,78,38.0825,37.8237,-0.2588
300M,chip_093_355_merged.tif,0.4,1,1390069676,78,36.8403,37.8195,0.9792
300M,chip_093_355_merged.tif,0.4,2,910124158,78,37.1472,38.1254,0.9782
300M,chip_093_355_merged.tif,0.4,3,529517527,78,38.0829,38.2859,0.203
300M,chip_093_355_merged.tif,0.4,4,148910896,78,36.8439,37.8116,0.9677
300M,chip_093_355_merged.tif,0.6,0,1027378100,117,36.7959,37.1921,0.3962
300M,chip_093_355_merged.tif,0.6,1,646771469,117,37.0841,37.3001,0.216
300M,chip_093_355_merged.tif,0.6,2,166825951,117,37.0865,38.0743,0.9878
300M,chip_093_355_merged.tif,0.6,3,1933702968,117,37.0986,37.5832,0.4847
300M,chip_093_355_merged.tif,0.6,4,1553096337,117,36.8542,37.5583,0.7041
300M,chip_093_355_merged.tif,0.8,0,544785904,156,36.1706,37.3831,1.2124
300M,chip_093_355_merged.tif,0.8,1,164179273,156,36.9437,37.0412,0.0975
300M,chip_093_355_merged.tif,0.8,2,1931056290,156,36.9142,37.3242,0.41
300M,chip_093_355_merged.tif,0.8,3,1451110772,156,36.2309,37.5071,1.2763
300M,chip_093_355_merged.tif,0.8,4,1070504141,156,36.9275,37.2797,0.3522
300M,chip_094_329_merged.tif,0.2,0,608191789,39,33.4471,35.1531,1.706
300M,chip_094_329_merged.tif,0.2,1,128246271,39,34.3711,35.3298,0.9587
300M,chip_094_329_merged.tif,0.2,2,1895123288,39,32.7489,35.6991,2.9502
300M,chip_094_329_merged.tif,0.2,3,1514516657,39,33.1547,35.5937,2.439
300M,chip_094_329_merged.tif,0.2,4,1034571139,39,34.3718,35.1199,0.7481
300M,chip_094_329_merged.tif,0.4,0,1690400367,78,31.7156,34.9582,3.2426
300M,chip_094_329_merged.tif,0.4,1,1309793736,78,31.5108,35.1454,3.6346
300M,chip_094_329_merged.tif,0.4,2,829848218,78,32.4933,34.9726,2.4793
300M,chip_094_329_merged.tif,0.4,3,449241587,78,31.9244,34.7448,2.8204
300M,chip_094_329_merged.tif,0.4,4,68634956,78,32.0743,34.5256,2.4512
300M,chip_094_329_merged.tif,0.6,0,1851761897,117,30.6909,34.0232,3.3323
300M,chip_094_329_merged.tif,0.6,1,1371816379,117,32.1073,34.0723,1.965
300M,chip_094_329_merged.tif,0.6,2,991209748,117,30.695,33.9829,3.2879
300M,chip_094_329_merged.tif,0.6,3,511264230,117,30.5909,34.2451,3.6542
300M,chip_094_329_merged.tif,0.6,4,130657599,117,31.1583,34.1503,2.9921
300M,chip_094_329_merged.tif,0.8,0,1369169701,156,30.945,33.8175,2.8725
300M,chip_094_329_merged.tif,0.8,1,889224183,156,31.0709,33.2775,2.2066
300M,chip_094_329_merged.tif,0.8,2,508617552,156,31.4358,33.1069,1.6711
300M,chip_094_329_merged.tif,0.8,3,128010921,156,31.3217,33.3998,2.0781
300M,chip_094_329_merged.tif,0.8,4,1795549051,156,31.2342,33.2838,2.0497
300M,chip_095_323_merged.tif,0.2,0,1521709851,39,34.2535,35.9457,1.6923
300M,chip_095_323_merged.tif,0.2,1,1141103220,39,36.4309,35.7381,-0.6928
300M,chip_095_323_merged.tif,0.2,2,661157702,39,34.3842,36.2732,1.889
300M,chip_095_323_merged.tif,0.2,3,280551071,39,35.3125,35.5071,0.1946
300M,chip_095_323_merged.tif,0.2,4,1948089201,39,32.643,35.5202,2.8771
300M,chip_095_323_merged.tif,0.4,0,1361094518,78,34.5472,35.1622,0.615
300M,chip_095_323_merged.tif,0.4,1,881149000,78,34.9846,35.3358,0.3512
300M,chip_095_323_merged.tif,0.4,2,500542369,78,34.5467,35.2309,0.6843
300M,chip_095_323_merged.tif,0.4,3,20596851,78,33.847,35.8881,2.041
300M,chip_095_323_merged.tif,0.4,4,1787473868,78,34.5477,35.2491,0.7014
300M,chip_095_323_merged.tif,0.6,0,617796311,117,33.5156,34.9382,1.4226
300M,chip_095_323_merged.tif,0.6,1,137850793,117,33.868,34.6578,0.7898
300M,chip_095_323_merged.tif,0.6,2,1904727810,117,33.6903,35.3782,1.6879
300M,chip_095_323_merged.tif,0.6,3,1424782292,117,33.4406,35.2217,1.7811
300M,chip_095_323_merged.tif,0.6,4,1044175661,117,34.3973,34.5868,0.1895
300M,chip_095_323_merged.tif,0.8,0,135204115,156,33.1076,34.5033,1.3957
300M,chip_095_323_merged.tif,0.8,1,1902081132,156,33.5798,33.9944,0.4145
300M,chip_095_323_merged.tif,0.8,2,1422135614,156,33.309,34.5342,1.2252
300M,chip_095_323_merged.tif,0.8,3,1041528983,156,34.1297,34.3941,0.2644
300M,chip_095_323_merged.tif,0.8,4,561583465,156,34.1305,34.534,0.4035
300M,chip_097_316_merged.tif,0.2,0,1848503277,39,32.4467,37.0505,4.6038
300M,chip_097_316_merged.tif,0.2,1,1467896646,39,35.5268,36.6057,1.0789
300M,chip_097_316_merged.tif,0.2,2,987951128,39,35.351,36.7102,1.3592
300M,chip_097_316_merged.tif,0.2,3,607344497,39,34.5215,36.835,2.3135
300M,chip_097_316_merged.tif,0.2,4,127398979,39,30.6154,36.9552,6.3398
300M,chip_097_316_merged.tif,0.4,0,783228207,78,34.3997,36.0781,1.6784
300M,chip_097_316_merged.tif,0.4,1,402621576,78,32.1128,36.8821,4.7693
300M,chip_097_316_merged.tif,0.4,2,22014945,78,35.2131,36.8532,1.6401
300M,chip_097_316_merged.tif,0.4,3,1689553075,78,33.377,36.8619,3.4849
300M,chip_097_316_merged.tif,0.4,4,1308946444,78,33.5148,36.039,2.5242
300M,chip_097_316_merged.tif,0.6,0,944589737,117,33.683,36.2534,2.5704
300M,chip_097_316_merged.tif,0.6,1,464644219,117,34.1238,36.593,2.4692
300M,chip_097_316_merged.tif,0.6,2,84037588,117,33.5081,35.4833,1.9752
300M,chip_097_316_merged.tif,0.6,3,1751575718,117,33.7809,35.8978,2.1169
300M,chip_097_316_merged.tif,0.6,4,1370969087,117,33.5526,35.962,2.4094
300M,chip_097_316_merged.tif,0.8,0,461997541,156,32.8538,33.8947,1.0409
300M,chip_097_316_merged.tif,0.8,1,81390910,156,32.0405,34.4362,2.3957
300M,chip_097_316_merged.tif,0.8,2,1748929040,156,32.6275,34.4644,1.8369
300M,chip_097_316_merged.tif,0.8,3,1368322409,156,33.0225,33.4222,0.3997
300M,chip_097_316_merged.tif,0.8,4,888376891,156,32.0738,33.0673,0.9935
300M,chip_097_328_merged.tif,0.2,0,926190713,39,32.1704,35.8753,3.705
300M,chip_097_328_merged.tif,0.2,1,446245195,39,33.1834,34.6696,1.4863
300M,chip_097_328_merged.tif,0.2,2,65638564,39,33.4586,35.6746,2.216
300M,chip_097_328_merged.tif,0.2,3,1832515581,39,33.7945,35.5103,1.7158
300M,chip_097_328_merged.tif,0.2,4,1352570063,39,33.6079,35.4289,1.821
300M,chip_097_328_merged.tif,0.4,0,765575380,78,32.1235,34.8399,2.7164
300M,chip_097_328_merged.tif,0.4,1,285629862,78,31.9595,34.495,2.5355
300M,chip_097_328_merged.tif,0.4,2,2052506879,78,32.3998,34.3422,1.9424
300M,chip_097_328_merged.tif,0.4,3,1572561361,78,31.8042,34.8552,3.051
300M,chip_097_328_merged.tif,0.4,4,1191954730,78,31.2034,35.0802,3.8769
300M,chip_097_328_merged.tif,0.6,0,22277173,117,29.8513,33.2171,3.3658
300M,chip_097_328_merged.tif,0.6,1,1689815303,117,32.4901,33.3098,0.8197
300M,chip_097_328_merged.tif,0.6,2,1309208672,117,32.7668,33.1439,0.3771
300M,chip_097_328_merged.tif,0.6,3,829263154,117,30.8437,33.6158,2.7721
300M,chip_097_328_merged.tif,0.6,4,448656523,117,31.4573,33.306,1.8487
300M,chip_097_328_merged.tif,0.8,0,1687168625,156,31.3532,32.872,1.5189
300M,chip_097_328_merged.tif,0.8,1,1207223107,156,31.478,32.2087,0.7307
300M,chip_097_328_merged.tif,0.8,2,826616476,156,31.6182,32.4259,0.8077
300M,chip_097_328_merged.tif,0.8,3,446009845,156,31.4084,32.7637,1.3553
300M,chip_097_328_merged.tif,0.8,4,2113547975,156,30.0767,32.044,1.9673
300M,chip_097_356_merged.tif,0.2,0,2056404630,39,36.9914,37.2423,0.2509
300M,chip_097_356_merged.tif,0.2,1,1675797999,39,36.4377,38.879,2.4414
300M,chip_097_356_merged.tif,0.2,2,1195852481,39,37.6836,38.1514,0.4678
300M,chip_097_356_merged.tif,0.2,3,815245850,39,37.0424,38.5017,1.4593
300M,chip_097_356_merged.tif,0.2,4,335300332,39,36.9907,37.5092,0.5185
300M,chip_097_356_merged.tif,0.4,0,1895789297,78,35.0211,38.2987,3.2776
300M,chip_097_356_merged.tif,0.4,1,1415843779,78,35.8823,38.3481,2.4659
300M,chip_097_356_merged.tif,0.4,2,1035237148,78,35.7262,38.1436,2.4173
300M,chip_097_356_merged.tif,0.4,3,654630517,78,37.7161,38.6924,0.9762
300M,chip_097_356_merged.tif,0.4,4,174684999,78,37.8651,38.1012,0.2361
300M,chip_097_356_merged.tif,0.6,0,1152491090,117,36.8386,37.892,1.0534
300M,chip_097_356_merged.tif,0.6,1,672545572,117,36.3161,38.0289,1.7127
300M,chip_097_356_merged.tif,0.6,2,291938941,117,36.4436,37.072,0.6284
300M,chip_097_356_merged.tif,0.6,3,2058815958,117,36.114,37.1655,1.0514
300M,chip_097_356_merged.tif,0.6,4,1578870440,117,35.7846,37.661,1.8765
300M,chip_097_356_merged.tif,0.8,0,669898894,156,36.1538,37.2358,1.0821
300M,chip_097_356_merged.tif,0.8,1,289292263,156,36.5458,37.159,0.6132
300M,chip_097_356_merged.tif,0.8,2,1956830393,156,36.5409,36.925,0.3841
300M,chip_097_356_merged.tif,0.8,3,1576223762,156,35.7256,37.0658,1.3402
300M,chip_097_356_merged.tif,0.8,4,1096278244,156,35.689,37.2004,1.5114
300M,chip_099_310_merged.tif,0.2,0,1435595364,39,33.9632,35.6474,1.6842
300M,chip_099_310_merged.tif,0.2,1,955649846,39,34.268,36.301,2.033
300M,chip_099_310_merged.tif,0.2,2,575043215,39,32.9717,35.4843,2.5126
300M,chip_099_310_merged.tif,0.2,3,194436584,39,32.7941,35.2309,2.4368
300M,chip_099_310_merged.tif,0.2,4,1861974714,39,34.3925,35.3711,0.9787
300M,chip_099_310_merged.tif,0.4,0,1274980031,78,33.0807,35.6599,2.5792
300M,chip_099_310_merged.tif,0.4,1,795034513,78,33.0631,34.557,1.4939
300M,chip_099_310_merged.tif,0.4,2,414427882,78,33.19,34.4904,1.3004
300M,chip_099_310_merged.tif,0.4,3,2081966012,78,32.7857,34.8843,2.0987
300M,chip_099_310_merged.tif,0.4,4,1701359381,78,33.5295,34.9304,1.4009
300M,chip_099_310_merged.tif,0.6,0,531681824,117,32.9141,34.1685,1.2544
300M,chip_099_310_merged.tif,0.6,1,51736306,117,30.4229,34.0157,3.5928
300M,chip_099_310_merged.tif,0.6,2,1818613323,117,30.9551,34.151,3.196
300M,chip_099_310_merged.tif,0.6,3,1338667805,117,33.1683,34.4462,1.2779
300M,chip_099_310_merged.tif,0.6,4,958061174,117,33.3185,34.4158,1.0973
300M,chip_099_310_merged.tif,0.8,0,49089628,156,32.9296,33.7487,0.8191
300M,chip_099_310_merged.tif,0.8,1,1716627758,156,32.886,33.9991,1.1131
300M,chip_099_310_merged.tif,0.8,2,1336021127,156,32.967,33.7372,0.7702
300M,chip_099_310_merged.tif,0.8,3,955414496,156,32.2159,33.2295,1.0136
300M,chip_099_310_merged.tif,0.8,4,475468978,156,32.8747,33.7091,0.8344
300M,chip_100_341_merged.tif,0.2,0,184546958,39,36.0268,37.5292,1.5024
300M,chip_100_341_merged.tif,0.2,1,1852085088,39,34.396,36.4354,2.0394
300M,chip_100_341_merged.tif,0.2,2,1471478457,39,36.0284,37.7675,1.7391
300M,chip_100_341_merged.tif,0.2,3,991532939,39,35.9129,36.7415,0.8287
300M,chip_100_341_merged.tif,0.2,4,610926308,39,36.2723,37.0806,0.8083
300M,chip_100_341_merged.tif,0.4,0,1266755536,78,35.9689,36.4216,0.4528
300M,chip_100_341_merged.tif,0.4,1,886148905,78,34.7939,37.2257,2.4318
300M,chip_100_341_merged.tif,0.4,2,406203387,78,35.3715,36.4735,1.102
300M,chip_100_341_merged.tif,0.4,3,25596756,78,35.0421,36.4283,1.3861
300M,chip_100_341_merged.tif,0.4,4,1693134886,78,35.1258,36.656,1.5302
300M,chip_100_341_merged.tif,0.6,0,1328778179,117,34.8525,35.8673,1.0148
300M,chip_100_341_merged.tif,0.6,1,948171548,117,34.9065,36.2065,1.3
300M,chip_100_341_merged.tif,0.6,2,567564917,117,35.2399,36.5636,1.3237
300M,chip_100_341_merged.tif,0.6,3,87619399,117,35.3762,36.3403,0.9641
300M,chip_100_341_merged.tif,0.6,4,1854496416,117,34.6811,36.6375,1.9564
300M,chip_100_341_merged.tif,0.8,0,945524870,156,35.0701,35.6365,0.5663
300M,chip_100_341_merged.tif,0.8,1,465579352,156,34.8585,35.6249,0.7664
300M,chip_100_341_merged.tif,0.8,2,84972721,156,34.829,34.6267,-0.2023
300M,chip_100_341_merged.tif,0.8,3,1752510851,156,33.4915,35.407,1.9156
300M,chip_100_341_merged.tif,0.8,4,1371904220,156,34.0364,35.6767,1.6403
300M,chip_101_342_merged.tif,0.2,0,1062855777,39,35.4923,37.8723,2.38
300M,chip_101_342_merged.tif,0.2,1,582910259,39,38.0882,37.697,-0.3912
300M,chip_101_342_merged.tif,0.2,2,202303628,39,36.8131,37.7147,0.9015
300M,chip_101_342_merged.tif,0.2,3,1869841758,39,37.0714,36.4582,-0.6131
300M,chip_101_342_merged.tif,0.2,4,1489235127,39,37.1229,36.5793,-0.5436
300M,chip_101_342_merged.tif,0.4,0,802901557,78,36.5922,37.887,1.2948
300M,chip_101_342_merged.tif,0.4,1,422294926,78,32.147,36.804,4.657
300M,chip_101_342_merged.tif,0.4,2,2089833056,78,31.5939,36.9972,5.4033
300M,chip_101_342_merged.tif,0.4,3,1709226425,78,37.1189,37.3239,0.205
300M,chip_101_342_merged.tif,0.4,4,1328619794,78,36.6337,35.9304,-0.7034
300M,chip_101_342_merged.tif,0.6,0,59603350,117,32.5273,35.8248,3.2975
300M,chip_101_342_merged.tif,0.6,1,1826480367,117,36.2617,34.8031,-1.4586
300M,chip_101_342_merged.tif,0.6,2,1445873736,117,34.5861,33.8386,-0.7475
300M,chip_101_342_merged.tif,0.6,3,965928218,117,32.5505,36.7108,4.1603
300M,chip_101_342_merged.tif,0.6,4,585321587,117,34.6001,34.23,-0.3701
300M,chip_101_342_merged.tif,0.8,0,1823833689,156,33.5539,34.4144,0.8604
300M,chip_101_342_merged.tif,0.8,1,1343888171,156,35.1133,35.4067,0.2934
300M,chip_101_342_merged.tif,0.8,2,963281540,156,35.176,36.1995,1.0235
300M,chip_101_342_merged.tif,0.8,3,483336022,156,34.7332,36.371,1.6378
300M,chip_101_342_merged.tif,0.8,4,102729391,156,34.6726,35.7174,1.0449
300M,chip_103_320_merged.tif,0.2,0,1056330099,39,33.8014,35.1695,1.3682
300M,chip_103_320_merged.tif,0.2,1,576384581,39,33.3326,35.0454,1.7128
300M,chip_103_320_merged.tif,0.2,2,195777950,39,30.534,35.9192,5.3852
300M,chip_103_320_merged.tif,0.2,3,1962654967,39,31.7972,35.6963,3.8992
300M,chip_103_320_merged.tif,0.2,4,1482709449,39,30.5646,35.6346,5.07
300M,chip_103_320_merged.tif,0.4,0,2138538677,78,32.4832,35.1559,2.6728
300M,chip_103_320_merged.tif,0.4,1,1757932046,78,33.1844,34.0314,0.847
300M,chip_103_320_merged.tif,0.4,2,1277986528,78,32.6038,33.6044,1.0006
300M,chip_103_320_merged.tif,0.4,3,897379897,78,32.8276,35.2161,2.3885
300M,chip_103_320_merged.tif,0.4,4,516773266,78,30.4343,34.8273,4.3929
300M,chip_103_320_merged.tif,0.6,0,152416559,117,32.1469,34.7654,2.6185
300M,chip_103_320_merged.tif,0.6,1,1819954689,117,30.4823,34.4881,4.0058
300M,chip_103_320_merged.tif,0.6,2,1439348058,117,32.4617,33.4811,1.0194
300M,chip_103_320_merged.tif,0.6,3,959402540,117,31.6088,34.3691,2.7603
300M,chip_103_320_merged.tif,0.6,4,578795909,117,32.1275,34.0471,1.9195
300M,chip_103_320_merged.tif,0.8,0,1817308011,156,31.8138,32.9613,1.1475
300M,chip_103_320_merged.tif,0.8,1,1337362493,156,31.6643,33.145,1.4807
300M,chip_103_320_merged.tif,0.8,2,956755862,156,31.8374,32.5634,0.726
300M,chip_103_320_merged.tif,0.8,3,576149231,156,30.6028,32.7194,2.1166
300M,chip_103_320_merged.tif,0.8,4,96203713,156,30.2646,33.2939,3.0293
300M,chip_104_333_merged.tif,0.2,0,134230332,39,35.5491,37.5496,2.0005
300M,chip_104_333_merged.tif,0.2,1,1901107349,39,34.1837,36.9827,2.799
300M,chip_104_333_merged.tif,0.2,2,1421161831,39,36.1614,36.9133,0.7519
300M,chip_104_333_merged.tif,0.2,3,1040555200,39,36.6325,36.5706,-0.0619
300M,chip_104_333_merged.tif,0.2,4,560609682,39,36.534,37.297,0.763
300M,chip_104_333_merged.tif,0.4,0,2121098647,78,35.716,36.3531,0.6372
300M,chip_104_333_merged.tif,0.4,1,1641153129,78,35.8582,36.9327,1.0745
300M,chip_104_333_merged.tif,0.4,2,1260546498,78,34.3272,37.456,3.1288
300M,chip_104_333_merged.tif,0.4,3,879939867,78,33.8582,36.5809,2.7227
300M,chip_104_333_merged.tif,0.4,4,399994349,78,34.9845,37.2334,2.2489
300M,chip_104_333_merged.tif,0.6,0,1377800440,117,34.8277,36.6194,1.7918
300M,chip_104_333_merged.tif,0.6,1,897854922,117,35.3593,36.2953,0.936
300M,chip_104_333_merged.tif,0.6,2,517248291,117,34.8165,36.1816,1.3652
300M,chip_104_333_merged.tif,0.6,3,136641660,117,34.3155,36.2818,1.9663
300M,chip_104_333_merged.tif,0.6,4,1804179790,117,35.362,36.0359,0.6738
300M,chip_104_333_merged.tif,0.8,0,895208244,156,34.0912,35.4015,1.3103
300M,chip_104_333_merged.tif,0.8,1,514601613,156,34.0999,35.5142,1.4143
300M,chip_104_333_merged.tif,0.8,2,34656095,156,34.6851,35.0935,0.4084
300M,chip_104_333_merged.tif,0.8,3,1801533112,156,34.584,34.9091,0.3251
300M,chip_104_333_merged.tif,0.8,4,1321587594,156,34.6467,35.5782,0.9315
300M,chip_104_334_merged.tif,0.2,0,1482476820,39,36.1311,38.2378,2.1067
300M,chip_104_334_merged.tif,0.2,1,1002531302,39,39.0371,36.4927,-2.5443
300M,chip_104_334_merged.tif,0.2,2,621924671,39,37.9577,37.9008,-0.0568
300M,chip_104_334_merged.tif,0.2,3,141979153,39,33.2708,39.5748,6.304
300M,chip_104_334_merged.tif,0.2,4,1908856170,39,32.4437,37.3544,4.9108
300M,chip_104_334_merged.tif,0.4,0,417201750,78,37.159,37.6123,0.4533
300M,chip_104_334_merged.tif,0.4,1,36595119,78,33.6661,37.3004,3.6343
300M,chip_104_334_merged.tif,0.4,2,1704133249,78,36.4611,37.1325,0.6715
300M,chip_104_334_merged.tif,0.4,3,1323526618,78,36.9382,36.6361,-0.3021
300M,chip_104_334_merged.tif,0.4,4,843581100,78,33.2061,37.9345,4.7284
300M,chip_104_334_merged.tif,0.6,0,1821387191,117,33.9341,37.1194,3.1853
300M,chip_104_334_merged.tif,0.6,1,1440780560,117,34.6394,37.1102,2.4708
300M,chip_104_334_merged.tif,0.6,2,960835042,117,33.9751,37.2762,3.3011
300M,chip_104_334_merged.tif,0.6,3,580228411,117,35.9424,36.7505,0.8081
300M,chip_104_334_merged.tif,0.6,4,100282893,117,35.519,37.4192,1.9002
300M,chip_104_334_merged.tif,0.8,0,1338794995,156,35.0611,36.1468,1.0856
300M,chip_104_334_merged.tif,0.8,1,958188364,156,34.1349,36.2843,2.1494
300M,chip_104_334_merged.tif,0.8,2,478242846,156,34.1177,36.1671,2.0494
300M,chip_104_334_merged.tif,0.8,3,97636215,156,34.1347,36.1679,2.0332
300M,chip_104_334_merged.tif,0.8,4,1864513232,156,34.1016,35.7568,1.6553
300M,chip_105_103_merged.tif,0.2,0,518355122,39,31.3422,33.9533,2.6111
300M,chip_105_103_merged.tif,0.2,1,137748491,39,28.0789,33.8942,5.8153
300M,chip_105_103_merged.tif,0.2,2,1805286621,39,31.9502,33.2285,1.2782
300M,chip_105_103_merged.tif,0.2,3,1424679990,39,29.9821,33.9049,3.9228
300M,chip_105_103_merged.tif,0.2,4,944734472,39,29.6568,32.8485,3.1917
300M,chip_105_103_merged.tif,0.4,0,357739789,78,28.9577,32.8301,3.8724
300M,chip_105_103_merged.tif,0.4,1,2025277919,78,29.5075,32.3245,2.817
300M,chip_105_103_merged.tif,0.4,2,1644671288,78,28.7287,32.0464,3.3177
300M,chip_105_103_merged.tif,0.4,3,1164725770,78,28.663,33.4101,4.7471
300M,chip_105_103_merged.tif,0.4,4,784119139,78,28.3499,32.5319,4.182
300M,chip_105_103_merged.tif,0.6,0,1761925230,117,29.0386,30.5828,1.5442
300M,chip_105_103_merged.tif,0.6,1,1281979712,117,29.2402,31.5043,2.2642
300M,chip_105_103_merged.tif,0.6,2,901373081,117,28.604,31.6539,3.0499
300M,chip_105_103_merged.tif,0.6,3,421427563,117,28.7141,31.0681,2.354
300M,chip_105_103_merged.tif,0.6,4,40820932,117,29.8762,32.4314,2.5552
300M,chip_105_103_merged.tif,0.8,0,1279333034,156,28.8763,30.4154,1.5391
300M,chip_105_103_merged.tif,0.8,1,898726403,156,28.0342,30.2734,2.2392
300M,chip_105_103_merged.tif,0.8,2,418780885,156,28.0239,30.7949,2.771
300M,chip_105_103_merged.tif,0.8,3,38174254,156,28.606,30.4615,1.8555
300M,chip_105_103_merged.tif,0.8,4,1705712384,156,28.5985,30.6876,2.0891
300M,chip_105_104_merged.tif,0.2,0,2117286706,39,32.0597,35.1272,3.0676
300M,chip_105_104_merged.tif,0.2,1,1736680075,39,30.4886,36.5766,6.088
300M,chip_105_104_merged.tif,0.2,2,1256734557,39,34.1991,33.9651,-0.234
300M,chip_105_104_merged.tif,0.2,3,876127926,39,31.082,34.3926,3.3106
300M,chip_105_104_merged.tif,0.2,4,396182408,39,26.659,36.3959,9.7369
300M,chip_105_104_merged.tif,0.4,0,1151350523,78,29.8466,34.7188,4.8722
300M,chip_105_104_merged.tif,0.4,1,671405005,78,29.8027,32.8508,3.0481
300M,chip_105_104_merged.tif,0.4,2,290798374,78,29.848,32.3741,2.5262
300M,chip_105_104_merged.tif,0.4,3,1958336504,78,33.1103,34.5594,1.4492
300M,chip_105_104_merged.tif,0.4,4,1577729873,78,32.7804,34.5905,1.8101
300M,chip_105_104_merged.tif,0.6,0,1213373166,117,29.0877,31.6188,2.5311
300M,chip_105_104_merged.tif,0.6,1,733427648,117,30.5703,33.3786,2.8083
300M,chip_105_104_merged.tif,0.6,2,352821017,117,30.1805,32.336,2.1555
300M,chip_105_104_merged.tif,0.6,3,2119698034,117,29.0551,33.5709,4.5158
300M,chip_105_104_merged.tif,0.6,4,1639752516,117,28.7411,32.7847,4.0436
300M,chip_105_104_merged.tif,0.8,0,730780970,156,28.0216,31.0576,3.036
300M,chip_105_104_merged.tif,0.8,1,350174339,156,27.7647,30.1232,2.3585
300M,chip_105_104_merged.tif,0.8,2,2017712469,156,27.4004,30.4644,3.064
300M,chip_105_104_merged.tif,0.8,3,1637105838,156,29.5882,31.3628,1.7746
300M,chip_105_104_merged.tif,0.8,4,1157160320,156,28.0284,29.7497,1.7213
300M,chip_105_319_merged.tif,0.2,0,111610263,39,34.9575,35.6687,0.7112
300M,chip_105_319_merged.tif,0.2,1,1878487280,39,33.6418,34.4141,0.7723
300M,chip_105_319_merged.tif,0.2,2,1398541762,39,33.6439,36.1913,2.5474
300M,chip_105_319_merged.tif,0.2,3,1017935131,39,33.2138,37.0616,3.8478
300M,chip_105_319_merged.tif,0.2,4,537989613,39,36.3122,35.9127,-0.3994
300M,chip_105_319_merged.tif,0.4,0,1293157728,78,34.0564,35.8557,1.7993
300M,chip_105_319_merged.tif,0.4,1,813212210,78,31.3842,35.7905,4.4062
300M,chip_105_319_merged.tif,0.4,2,432605579,78,33.4779,35.7903,2.3124
300M,chip_105_319_merged.tif,0.4,3,2100143709,78,31.3843,33.0265,1.6422
300M,chip_105_319_merged.tif,0.4,4,1719537078,78,32.5812,35.0622,2.4811
300M,chip_105_319_merged.tif,0.6,0,1355180371,117,31.5995,33.8815,2.282
300M,chip_105_319_merged.tif,0.6,1,875234853,117,33.8944,34.7611,0.8667
300M,chip_105_319_merged.tif,0.6,2,494628222,117,34.3933,35.0739,0.6805
300M,chip_105_319_merged.tif,0.6,3,114021591,117,32.6724,33.9545,1.2821
300M,chip_105_319_merged.tif,0.6,4,1781559721,117,34.3874,35.7033,1.3159
300M,chip_105_319_merged.tif,0.8,0,872588175,156,32.2268,33.5457,1.3188
300M,chip_105_319_merged.tif,0.8,1,491981544,156,32.8327,34.1053,1.2726
300M,chip_105_319_merged.tif,0.8,2,12036026,156,33.2068,33.6995,0.4927
300M,chip_105_319_merged.tif,0.8,3,1778913043,156,33.1742,33.408,0.2338
300M,chip_105_319_merged.tif,0.8,4,1298967525,156,33.2086,34.3801,1.1715
300M,chip_105_427_merged.tif,0.2,0,42846344,39,32.0637,34.0614,1.9977
300M,chip_105_427_merged.tif,0.2,1,1809723361,39,30.9928,34.3449,3.3521
300M,chip_105_427_merged.tif,0.2,2,1329777843,39,31.7121,32.9054,1.1933
300M,chip_105_427_merged.tif,0.2,3,949171212,39,30.5759,33.371,2.7951
300M,chip_105_427_merged.tif,0.2,4,469225694,39,31.0225,34.1968,3.1743
300M,chip_105_427_merged.tif,0.4,0,2029714659,78,31.2432,33.431,2.1878
300M,chip_105_427_merged.tif,0.4,1,1549769141,78,31.2687,32.3143,1.0456
300M,chip_105_427_merged.tif,0.4,2,1169162510,78,30.7216,33.8272,3.1056
300M,chip_105_427_merged.tif,0.4,3,788555879,78,31.3299,33.1507,1.8209
300M,chip_105_427_merged.tif,0.4,4,308610361,78,31.2694,33.6271,2.3577
300M,chip_105_427_merged.tif,0.6,0,1286416452,117,30.6582,32.2536,1.5954
300M,chip_105_427_merged.tif,0.6,1,806470934,117,30.5275,32.6978,2.1703
300M,chip_105_427_merged.tif,0.6,2,425864303,117,30.3773,32.6904,2.3131
300M,chip_105_427_merged.tif,0.6,3,45257672,117,30.8597,32.8679,2.0082
300M,chip_105_427_merged.tif,0.6,4,1712795802,117,30.8474,32.6692,1.8217
300M,chip_105_427_merged.tif,0.8,0,803824256,156,30.7021,31.6767,0.9746
300M,chip_105_427_merged.tif,0.8,1,423217625,156,30.4496,31.6563,1.2067
300M,chip_105_427_merged.tif,0.8,2,2090755755,156,30.4347,31.3528,0.9181
300M,chip_105_427_merged.tif,0.8,3,1710149124,156,30.6923,31.8969,1.2047
300M,chip_105_427_merged.tif,0.8,4,1230203606,156,30.6043,31.6958,1.0915
300M,chip_105_452_merged.tif,0.2,0,2019908721,39,36.7965,37.6771,0.8807
300M,chip_105_452_merged.tif,0.2,1,1539963203,39,37.2827,37.5507,0.2681
300M,chip_105_452_merged.tif,0.2,2,1159356572,39,38.3399,38.4877,0.1478
300M,chip_105_452_merged.tif,0.2,3,679411054,39,36.7982,33.6155,-3.1826
300M,chip_105_452_merged.tif,0.2,4,298804423,39,28.7259,33.0579,4.332
300M,chip_105_452_merged.tif,0.4,0,1759954501,78,30.8525,34.7668,3.9142
300M,chip_105_452_merged.tif,0.4,1,1379347870,78,35.6908,35.2085,-0.4823
300M,chip_105_452_merged.tif,0.4,2,899402352,78,29.1327,35.4231,6.2904
300M,chip_105_452_merged.tif,0.4,3,518795721,78,35.0424,34.9989,-0.0435
300M,chip_105_452_merged.tif,0.4,4,138189090,78,35.043,36.808,1.765
300M,chip_105_452_merged.tif,0.6,0,1016656294,117,34.9803,35.3997,0.4194
300M,chip_105_452_merged.tif,0.6,1,636049663,117,28.7156,30.4518,1.7362
300M,chip_105_452_merged.tif,0.6,2,156104145,117,34.9846,30.9148,-4.0698
300M,chip_105_452_merged.tif,0.6,3,1922981162,117,35.3536,33.737,-1.6166
300M,chip_105_452_merged.tif,0.6,4,1542374531,117,29.7615,32.5988,2.8373
300M,chip_105_452_merged.tif,0.8,0,534064098,156,29.5414,31.1125,1.5711
300M,chip_105_452_merged.tif,0.8,1,153457467,156,35.037,30.6752,-4.3618
300M,chip_105_452_merged.tif,0.8,2,1920334484,156,34.1087,30.6667,-3.4419
300M,chip_105_452_merged.tif,0.8,3,1440388966,156,34.1185,32.1023,-2.0163
300M,chip_105_452_merged.tif,0.8,4,1059782335,156,30.1077,29.0133,-1.0944
300M,chip_106_107_merged.tif,0.2,0,1226625948,39,30.7645,32.9353,2.1707
300M,chip_106_107_merged.tif,0.2,1,746680430,39,32.7371,32.935,0.1979
300M,chip_106_107_merged.tif,0.2,2,366073799,39,30.6097,32.6116,2.0018
300M,chip_106_107_merged.tif,0.2,3,2132950816,39,30.7353,34.0349,3.2996
300M,chip_106_107_merged.tif,0.2,4,1653005298,39,32.011,33.1559,1.145
300M,chip_106_107_merged.tif,0.4,0,1066010615,78,31.4201,33.0644,1.6443
300M,chip_106_107_merged.tif,0.4,1,586065097,78,31.4205,32.8931,1.4726
300M,chip_106_107_merged.tif,0.4,2,205458466,78,30.8209,32.4602,1.6393
300M,chip_106_107_merged.tif,0.4,3,1872996596,78,31.2051,33.0949,1.8898
300M,chip_106_107_merged.tif,0.4,4,1492389965,78,30.6485,33.212,2.5634
300M,chip_106_107_merged.tif,0.6,0,322712408,117,30.9064,31.9539,1.0475
300M,chip_106_107_merged.tif,0.6,1,1990250538,117,30.6382,31.6802,1.042
300M,chip_106_107_merged.tif,0.6,2,1609643907,117,30.228,31.7133,1.4853
300M,chip_106_107_merged.tif,0.6,3,1129698389,117,30.2232,32.2331,2.0099
300M,chip_106_107_merged.tif,0.6,4,749091758,117,30.9114,31.8549,0.9435
300M,chip_106_107_merged.tif,0.8,0,1987603860,156,30.6089,31.0546,0.4457
300M,chip_106_107_merged.tif,0.8,1,1507658342,156,30.6485,30.7999,0.1514
300M,chip_106_107_merged.tif,0.8,2,1127051711,156,30.2678,31.1549,0.8872
300M,chip_106_107_merged.tif,0.8,3,746445080,156,30.4669,31.0478,0.5809
300M,chip_106_107_merged.tif,0.8,4,266499562,156,30.469,31.2598,0.7908
300M,chip_106_288_merged.tif,0.2,0,986993277,39,36.5966,36.9521,0.3555
300M,chip_106_288_merged.tif,0.2,1,606386646,39,33.499,36.7465,3.2475
300M,chip_106_288_merged.tif,0.2,2,225780015,39,33.4989,36.8738,3.3749
300M,chip_106_288_merged.tif,0.2,3,1893318145,39,31.2044,37.1922,5.9878
300M,chip_106_288_merged.tif,0.2,4,1512711514,39,34.9158,36.3635,1.4477
300M,chip_106_288_merged.tif,0.4,0,826377944,78,32.7359,36.0194,3.2835
300M,chip_106_288_merged.tif,0.4,1,445771313,78,32.9591,36.2074,3.2483
300M,chip_106_288_merged.tif,0.4,2,2113309443,78,32.9577,36.6839,3.7262
300M,chip_106_288_merged.tif,0.4,3,1732702812,78,31.7931,36.0957,4.3026
300M,chip_106_288_merged.tif,0.4,4,1352096181,78,31.6199,36.8266,5.2067
300M,chip_106_288_merged.tif,0.6,0,83079737,117,31.0677,34.5613,3.4936
300M,chip_106_288_merged.tif,0.6,1,1849956754,117,32.3256,35.9489,3.6234
300M,chip_106_288_merged.tif,0.6,2,1370011236,117,31.8985,34.5389,2.6404
300M,chip_106_288_merged.tif,0.6,3,989404605,117,32.2963,35.1728,2.8765
300M,chip_106_288_merged.tif,0.6,4,608797974,117,32.2988,35.2559,2.957
300M,chip_106_288_merged.tif,0.8,0,1747971189,156,32.2796,33.0798,0.8002
300M,chip_106_288_merged.tif,0.8,1,1367364558,156,32.3544,33.1552,0.8008
300M,chip_106_288_merged.tif,0.8,2,986757927,156,31.64,33.3391,1.6991
300M,chip_106_288_merged.tif,0.8,3,506812409,156,31.7824,33.6958,1.9135
300M,chip_106_288_merged.tif,0.8,4,126205778,156,31.3158,33.6121,2.2963
300M,chip_106_409_merged.tif,0.2,0,1052989072,39,37.1858,37.671,0.4852
300M,chip_106_409_merged.tif,0.2,1,573043554,39,37.7391,39.1265,1.3874
300M,chip_106_409_merged.tif,0.2,2,192436923,39,37.8028,39.7715,1.9687
300M,chip_106_409_merged.tif,0.2,3,1959313940,39,34.598,40.4959,5.8979
300M,chip_106_409_merged.tif,0.2,4,1479368422,39,37.9479,38.3568,0.4088
300M,chip_106_409_merged.tif,0.4,0,892373739,78,37.676,39.1243,1.4483
300M,chip_106_409_merged.tif,0.4,1,412428221,78,37.669,36.9861,-0.6829
300M,chip_106_409_merged.tif,0.4,2,31821590,78,35.6167,38.7698,3.153
300M,chip_106_409_merged.tif,0.4,3,1699359720,78,36.4578,37.3163,0.8585
300M,chip_106_409_merged.tif,0.4,4,1318753089,78,37.5648,38.8404,1.2756
300M,chip_106_409_merged.tif,0.6,0,149075532,117,36.7173,37.305,0.5877
300M,chip_106_409_merged.tif,0.6,1,1816613662,117,35.1319,36.8408,1.7089
300M,chip_106_409_merged.tif,0.6,2,1436007031,117,36.8882,37.7775,0.8892
300M,chip_106_409_merged.tif,0.6,3,956061513,117,36.1914,37.0267,0.8353
300M,chip_106_409_merged.tif,0.6,4,575454882,117,35.0954,37.9964,2.9011
300M,chip_106_409_merged.tif,0.8,0,1813966984,156,36.2594,36.5928,0.3334
300M,chip_106_409_merged.tif,0.8,1,1334021466,156,35.0983,37.2483,2.15
300M,chip_106_409_merged.tif,0.8,2,953414835,156,36.2518,38.34,2.0882
300M,chip_106_409_merged.tif,0.8,3,572808204,156,36.5742,36.4796,-0.0946
300M,chip_106_409_merged.tif,0.8,4,92862686,156,36.1158,36.769,0.6532
300M,chip_106_413_merged.tif,0.2,0,1452720749,39,38.1442,38.613,0.4687
300M,chip_106_413_merged.tif,0.2,1,972775231,39,36.0371,38.6257,2.5886
300M,chip_106_413_merged.tif,0.2,2,592168600,39,37.4204,40.7827,3.3623
300M,chip_106_413_merged.tif,0.2,3,112223082,39,37.4199,38.0103,0.5905
300M,chip_106_413_merged.tif,0.2,4,1879100099,39,35.6739,39.272,3.5981
300M,chip_106_413_merged.tif,0.4,0,387445679,78,36.1113,35.3776,-0.7338
300M,chip_106_413_merged.tif,0.4,1,6839048,78,36.9117,38.057,1.1453
300M,chip_106_413_merged.tif,0.4,2,1674377178,78,36.0347,36.7246,0.6898
300M,chip_106_413_merged.tif,0.4,3,1293770547,78,37.0076,37.104,0.0965
300M,chip_106_413_merged.tif,0.4,4,913163916,78,35.9417,37.7867,1.845
300M,chip_106_413_merged.tif,0.6,0,548807209,117,36.004,36.5886,0.5846
300M,chip_106_413_merged.tif,0.6,1,68861691,117,36.7495,37.5353,0.7858
300M,chip_106_413_merged.tif,0.6,2,1835738708,117,35.4373,35.9829,0.5456
300M,chip_106_413_merged.tif,0.6,3,1355793190,117,35.99,36.4868,0.4968
300M,chip_106_413_merged.tif,0.6,4,975186559,117,35.9351,36.8341,0.899
300M,chip_106_413_merged.tif,0.8,0,66215013,156,35.8721,36.1546,0.2825
300M,chip_106_413_merged.tif,0.8,1,1733753143,156,35.3119,35.7663,0.4544
300M,chip_106_413_merged.tif,0.8,2,1353146512,156,35.3722,36.4373,1.0651
300M,chip_106_413_merged.tif,0.8,3,873200994,156,35.9639,35.3109,-0.653
300M,chip_106_413_merged.tif,0.8,4,492594363,156,35.38,35.2256,-0.1543
300M,chip_107_105_merged.tif,0.2,0,783705892,39,29.2001,33.3886,4.1885
300M,chip_107_105_merged.tif,0.2,1,403099261,39,30.9921,32.5552,1.5631
300M,chip_107_105_merged.tif,0.2,2,22492630,39,31.2182,34.5381,3.3199
300M,chip_107_105_merged.tif,0.2,3,1690030760,39,29.7449,33.7961,4.0513
300M,chip_107_105_merged.tif,0.2,4,1309424129,39,31.0401,33.1951,2.155
300M,chip_107_105_merged.tif,0.4,0,1965253357,78,28.3012,32.378,4.0768
300M,chip_107_105_merged.tif,0.4,1,1485307839,78,28.708,32.2503,3.5423
300M,chip_107_105_merged.tif,0.4,2,1104701208,78,29.9058,32.8062,2.9004
300M,chip_107_105_merged.tif,0.4,3,724094577,78,29.7151,32.5414,2.8264
300M,chip_107_105_merged.tif,0.4,4,244149059,78,29.809,32.9439,3.1349
300M,chip_107_105_merged.tif,0.6,0,2027276000,117,25.7795,31.6237,5.8441
300M,chip_107_105_merged.tif,0.6,1,1646669369,117,29.4963,30.9543,1.4579
300M,chip_107_105_merged.tif,0.6,2,1166723851,117,28.3699,31.6189,3.249
300M,chip_107_105_merged.tif,0.6,3,786117220,117,28.7971,31.5235,2.7263
300M,chip_107_105_merged.tif,0.6,4,306171702,117,29.4747,31.4501,1.9754
300M,chip_107_105_merged.tif,0.8,0,1544683804,156,28.5486,30.2881,1.7395
300M,chip_107_105_merged.tif,0.8,1,1164077173,156,28.3055,29.2282,0.9227
300M,chip_107_105_merged.tif,0.8,2,783470542,156,27.2886,30.3902,3.1016
300M,chip_107_105_merged.tif,0.8,3,303525024,156,28.1239,30.1551,2.0312
300M,chip_107_105_merged.tif,0.8,4,2070402041,156,27.3082,29.3161,2.0078
300M,chip_107_106_merged.tif,0.2,0,1830049686,39,30.5793,33.3205,2.7412
300M,chip_107_106_merged.tif,0.2,1,1350104168,39,29.9318,33.6621,3.7303
300M,chip_107_106_merged.tif,0.2,2,969497537,39,30.073,33.7756,3.7026
300M,chip_107_106_merged.tif,0.2,3,489552019,39,30.956,33.1104,2.1544
300M,chip_107_106_merged.tif,0.2,4,108945388,39,30.8154,32.9042,2.0888
300M,chip_107_106_merged.tif,0.4,0,1570095466,78,28.529,33.1287,4.5996
300M,chip_107_106_merged.tif,0.4,1,1189488835,78,28.0754,32.3209,4.2456
300M,chip_107_106_merged.tif,0.4,2,709543317,78,30.4842,32.5306,2.0463
300M,chip_107_106_merged.tif,0.4,3,328936686,78,30.276,32.9136,2.6376
300M,chip_107_106_merged.tif,0.4,4,2095813703,78,28.3825,32.997,4.6145
300M,chip_107_106_merged.tif,0.6,0,826797259,117,28.6987,31.113,2.4143
300M,chip_107_106_merged.tif,0.6,1,446190628,117,29.1375,32.1847,3.0472
300M,chip_107_106_merged.tif,0.6,2,65583997,117,29.1027,31.3485,2.2457
300M,chip_107_106_merged.tif,0.6,3,1733122127,117,29.1221,32.3654,3.2433
300M,chip_107_106_merged.tif,0.6,4,1352515496,117,28.4748,31.312,2.8372
300M,chip_107_106_merged.tif,0.8,0,443543950,156,28.6367,29.5469,0.9102
300M,chip_107_106_merged.tif,0.8,1,2111082080,156,28.6094,30.1813,1.5719
300M,chip_107_106_merged.tif,0.8,2,1730475449,156,28.8371,30.6734,1.8363
300M,chip_107_106_merged.tif,0.8,3,1250529931,156,29.043,30.3521,1.3091
300M,chip_107_106_merged.tif,0.8,4,869923300,156,28.5651,30.0516,1.4865
300M,chip_107_334_merged.tif,0.2,0,548579067,39,36.0698,37.8149,1.745
300M,chip_107_334_merged.tif,0.2,1,68633549,39,36.1556,38.5019,2.3464
300M,chip_107_334_merged.tif,0.2,2,1835510566,39,35.4337,37.935,2.5013
300M,chip_107_334_merged.tif,0.2,3,1355565048,39,36.1941,37.7594,1.5653
300M,chip_107_334_merged.tif,0.2,4,974958417,39,34.3482,38.117,3.7688
300M,chip_107_334_merged.tif,0.4,0,387963734,78,36.2412,37.7628,1.5216
300M,chip_107_334_merged.tif,0.4,1,2055501864,78,35.4418,37.3923,1.9505
300M,chip_107_334_merged.tif,0.4,2,1674895233,78,36.2406,37.7726,1.532
300M,chip_107_334_merged.tif,0.4,3,1194949715,78,37.1862,37.1296,-0.0566
300M,chip_107_334_merged.tif,0.4,4,814343084,78,35.1357,37.5495,2.4138
300M,chip_107_334_merged.tif,0.6,0,1792149175,117,35.4574,37.2849,1.8274
300M,chip_107_334_merged.tif,0.6,1,1312203657,117,35.0468,37.1923,2.1455
300M,chip_107_334_merged.tif,0.6,2,931597026,117,35.3455,36.961,1.6155
300M,chip_107_334_merged.tif,0.6,3,451651508,117,35.0475,37.3821,2.3345
300M,chip_107_334_merged.tif,0.6,4,71044877,117,36.0119,37.2206,1.2088
300M,chip_107_334_merged.tif,0.8,0,1309556979,156,35.5641,36.5716,1.0075
300M,chip_107_334_merged.tif,0.8,1,829611461,156,35.5177,36.7595,1.2418
300M,chip_107_334_merged.tif,0.8,2,449004830,156,35.8414,35.9339,0.0925
300M,chip_107_334_merged.tif,0.8,3,2116542960,156,35.5727,36.9466,1.3739
300M,chip_107_334_merged.tif,0.8,4,1735936329,156,34.9259,36.2999,1.3741
300M,chip_107_410_merged.tif,0.2,0,2044486051,39,35.9773,38.2549,2.2776
300M,chip_107_410_merged.tif,0.2,1,1663879420,39,36.1683,39.4745,3.3062
300M,chip_107_410_merged.tif,0.2,2,1183933902,39,36.7263,36.635,-0.0913
300M,chip_107_410_merged.tif,0.2,3,803327271,39,35.4851,38.0353,2.5503
300M,chip_107_410_merged.tif,0.2,4,323381753,39,35.4859,36.4285,0.9426
300M,chip_107_410_merged.tif,0.4,0,1883870718,78,34.8724,36.6435,1.7711
300M,chip_107_410_merged.tif,0.4,1,1403925200,78,35.0634,37.0472,1.9838
300M,chip_107_410_merged.tif,0.4,2,1023318569,78,35.3234,36.5465,1.2231
300M,chip_107_410_merged.tif,0.4,3,642711938,78,34.9904,37.0702,2.0798
300M,chip_107_410_merged.tif,0.4,4,162766420,78,35.0431,36.8749,1.8318
300M,chip_107_410_merged.tif,0.6,0,1140572511,117,34.6698,36.3454,1.6757
300M,chip_107_410_merged.tif,0.6,1,759965880,117,34.6892,36.0261,1.3369
300M,chip_107_410_merged.tif,0.6,2,280020362,117,34.6204,36.3028,1.6824
300M,chip_107_410_merged.tif,0.6,3,2046897379,117,35.3018,36.1832,0.8814
300M,chip_107_410_merged.tif,0.6,4,1566951861,117,34.6608,36.1928,1.532
300M,chip_107_410_merged.tif,0.8,0,657980315,156,34.7426,35.7963,1.0537
300M,chip_107_410_merged.tif,0.8,1,277373684,156,34.5873,35.377,0.7897
300M,chip_107_410_merged.tif,0.8,2,1944911814,156,34.5727,36.1124,1.5397
300M,chip_107_410_merged.tif,0.8,3,1564305183,156,34.6027,35.4805,0.8778
300M,chip_107_410_merged.tif,0.8,4,1084359665,156,35.3448,35.872,0.5272
300M,chip_108_401_merged.tif,0.2,0,611350717,39,40.2134,38.6341,-1.5793
300M,chip_108_401_merged.tif,0.2,1,131405199,39,37.0031,38.529,1.5259
300M,chip_108_401_merged.tif,0.2,2,1898282216,39,39.0603,38.3484,-0.7119
300M,chip_108_401_merged.tif,0.2,3,1418336698,39,36.8649,38.4836,1.6188
300M,chip_108_401_merged.tif,0.2,4,1037730067,39,39.0614,39.9317,0.8703
300M,chip_108_401_merged.tif,0.4,0,1693559295,78,37.6473,38.9366,1.2893
300M,chip_108_401_merged.tif,0.4,1,1312952664,78,38.099,38.6404,0.5415
300M,chip_108_401_merged.tif,0.4,2,833007146,78,37.8541,39.406,1.5519
300M,chip_108_401_merged.tif,0.4,3,452400515,78,37.9711,39.5164,1.5453
300M,chip_108_401_merged.tif,0.4,4,71793884,78,38.2533,38.4199,0.1666
300M,chip_108_401_merged.tif,0.6,0,1854920825,117,35.6205,39.571,3.9505
300M,chip_108_401_merged.tif,0.6,1,1374975307,117,37.9128,39.5472,1.6344
300M,chip_108_401_merged.tif,0.6,2,994368676,117,38.1205,38.6511,0.5306
300M,chip_108_401_merged.tif,0.6,3,514423158,117,37.9227,38.7044,0.7818
300M,chip_108_401_merged.tif,0.6,4,133816527,117,38.2468,38.9881,0.7413
300M,chip_108_401_merged.tif,0.8,0,1372328629,156,37.5727,37.776,0.2034
300M,chip_108_401_merged.tif,0.8,1,892383111,156,37.2305,38.1424,0.9119
300M,chip_108_401_merged.tif,0.8,2,511776480,156,37.3183,38.5823,1.2639
300M,chip_108_401_merged.tif,0.8,3,31830962,156,36.0606,37.8952,1.8346
300M,chip_108_401_merged.tif,0.8,4,1798707979,156,37.2413,38.2736,1.0323
300M,chip_108_405_merged.tif,0.2,0,403163844,39,40.9337,40.4144,-0.5193
300M,chip_108_405_merged.tif,0.2,1,2070701974,39,41.3943,40.7125,-0.6817
300M,chip_108_405_merged.tif,0.2,2,1690095343,39,40.9909,40.4563,-0.5346
300M,chip_108_405_merged.tif,0.2,3,1309488712,39,40.9911,40.6971,-0.294
300M,chip_108_405_merged.tif,0.2,4,829543194,39,40.8688,40.7231,-0.1457
300M,chip_108_405_merged.tif,0.4,0,242548511,78,41.6178,40.6347,-0.9832
300M,chip_108_405_merged.tif,0.4,1,1910086641,78,40.6964,40.7235,0.0271
300M,chip_108_405_merged.tif,0.4,2,1529480010,78,40.5695,41.6778,1.1083
300M,chip_108_405_merged.tif,0.4,3,1049534492,78,40.8466,41.3952,0.5486
300M,chip_108_405_merged.tif,0.4,4,668927861,78,41.212,40.8261,-0.3859
300M,chip_108_405_merged.tif,0.6,0,1646733952,117,40.2724,40.7438,0.4714
300M,chip_108_405_merged.tif,0.6,1,1166788434,117,40.2223,40.956,0.7337
300M,chip_108_405_merged.tif,0.6,2,786181803,117,40.6865,41.2052,0.5187
300M,chip_108_405_merged.tif,0.6,3,306236285,117,40.1002,40.6356,0.5354
300M,chip_108_405_merged.tif,0.6,4,2073113302,117,40.8119,41.0048,0.1929
300M,chip_108_405_merged.tif,0.8,0,1164141756,156,40.2349,40.4174,0.1825
300M,chip_108_405_merged.tif,0.8,1,684196238,156,40.3487,40.4138,0.0651
300M,chip_108_405_merged.tif,0.8,2,303589607,156,40.01,40.6326,0.6225
300M,chip_108_405_merged.tif,0.8,3,2070466624,156,40.3453,40.2842,-0.0611
300M,chip_108_405_merged.tif,0.8,4,1590521106,156,40.1109,40.5535,0.4426
300M,chip_108_438_merged.tif,0.2,0,1039879958,39,31.1461,35.5359,4.3898
300M,chip_108_438_merged.tif,0.2,1,659273327,39,31.5728,33.7295,2.1567
300M,chip_108_438_merged.tif,0.2,2,179327809,39,30.9797,34.4058,3.4261
300M,chip_108_438_merged.tif,0.2,3,1946204826,39,27.4574,33.9089,6.4515
300M,chip_108_438_merged.tif,0.2,4,1466259308,39,36.6517,34.625,-2.0267
300M,chip_108_438_merged.tif,0.4,0,73943775,78,34.1642,34.3544,0.1902
300M,chip_108_438_merged.tif,0.4,1,1741481905,78,30.6133,34.2359,3.6227
300M,chip_108_438_merged.tif,0.4,2,1360875274,78,31.0512,33.0767,2.0256
300M,chip_108_438_merged.tif,0.4,3,880929756,78,33.9524,33.9954,0.043
300M,chip_108_438_merged.tif,0.4,4,500323125,78,31.2926,34.7595,3.4669
300M,chip_108_438_merged.tif,0.6,0,1478129216,117,31.6502,30.5437,-1.1065
300M,chip_108_438_merged.tif,0.6,1,998183698,117,31.249,32.5034,1.2544
300M,chip_108_438_merged.tif,0.6,2,617577067,117,30.6356,33.4997,2.8641
300M,chip_108_438_merged.tif,0.6,3,137631549,117,29.6904,33.2871,3.5967
300M,chip_108_438_merged.tif,0.6,4,1904508566,117,30.0712,33.2665,3.1954
300M,chip_108_438_merged.tif,0.8,0,995537020,156,31.676,32.2694,0.5934
300M,chip_108_438_merged.tif,0.8,1,515591502,156,29.8063,32.3534,2.547
300M,chip_108_438_merged.tif,0.8,2,134984871,156,29.7745,30.5991,0.8246
300M,chip_108_438_merged.tif,0.8,3,1901861888,156,31.7976,31.9632,0.1656
300M,chip_108_438_merged.tif,0.8,4,1421916370,156,31.8395,32.4293,0.5898
300M,chip_109_334_merged.tif,0.2,0,1572946079,39,35.6847,38.3211,2.6364
300M,chip_109_334_merged.tif,0.2,1,1093000561,39,36.1777,37.4281,1.2504
300M,chip_109_334_merged.tif,0.2,2,712393930,39,35.8745,37.4792,1.6046
300M,chip_109_334_merged.tif,0.2,3,232448412,39,35.1054,38.8138,3.7084
300M,chip_109_334_merged.tif,0.2,4,1999325429,39,36.2978,37.0089,0.7111
300M,chip_109_334_merged.tif,0.4,0,1312991859,78,36.546,36.986,0.4401
300M,chip_109_334_merged.tif,0.4,1,932385228,78,35.5311,37.7456,2.2144
300M,chip_109_334_merged.tif,0.4,2,452439710,78,36.4635,36.9144,0.4509
300M,chip_109_334_merged.tif,0.4,3,71833079,78,36.0703,36.8527,0.7824
300M,chip_109_334_merged.tif,0.4,4,1838710096,78,35.1488,37.9758,2.8269
300M,chip_109_334_merged.tif,0.6,0,569693652,117,35.667,37.2911,1.624
300M,chip_109_334_merged.tif,0.6,1,189087021,117,35.5567,36.6345,1.0779
300M,chip_109_334_merged.tif,0.6,2,1856625151,117,36.1063,36.9195,0.8131
300M,chip_109_334_merged.tif,0.6,3,1476018520,117,35.1655,36.8117,1.6462
300M,chip_109_334_merged.tif,0.6,4,1095411889,117,36.2377,37.4854,1.2477
300M,chip_109_334_merged.tif,0.8,0,1480985128,156,35.4218,36.0779,0.6561
300M,chip_109_334_merged.tif,0.8,1,1001039610,156,35.4782,36.3447,0.8665
300M,chip_109_334_merged.tif,0.8,2,620432979,156,34.4814,36.2524,1.7711
300M,chip_109_334_merged.tif,0.8,3,140487461,156,36.0705,36.1217,0.0511
300M,chip_109_334_merged.tif,0.8,4,1907364478,156,35.0173,36.3234,1.3061
300M,chip_109_416_merged.tif,0.2,0,1878727033,39,32.7164,36.4416,3.7251
300M,chip_109_416_merged.tif,0.2,1,1398781515,39,30.4078,34.8734,4.4656
300M,chip_109_416_merged.tif,0.2,2,1018174884,39,31.6916,34.6903,2.9987
300M,chip_109_416_merged.tif,0.2,3,538229366,39,33.3845,35.088,1.7035
300M,chip_109_416_merged.tif,0.2,4,157622735,39,30.4078,35.0026,4.5948
300M,chip_109_416_merged.tif,0.4,0,1618772813,78,31.0169,34.3799,3.3629
300M,chip_109_416_merged.tif,0.4,1,1238166182,78,32.5925,34.6624,2.0698
300M,chip_109_416_merged.tif,0.4,2,857559551,78,31.0151,33.9191,2.904
300M,chip_109_416_merged.tif,0.4,3,377614033,78,32.5659,33.5665,1.0006
300M,chip_109_416_merged.tif,0.4,4,2144491050,78,32.0067,33.7183,1.7116
300M,chip_109_416_merged.tif,0.6,0,974813493,117,32.4053,32.7426,0.3372
300M,chip_109_416_merged.tif,0.6,1,494867975,117,32.189,33.3125,1.1235
300M,chip_109_416_merged.tif,0.6,2,114261344,117,32.1771,33.2017,1.0246
300M,chip_109_416_merged.tif,0.6,3,1781799474,117,31.5158,33.3302,1.8144
300M,chip_109_416_merged.tif,0.6,4,1401192843,117,32.402,34.0746,1.6725
300M,chip_109_416_merged.tif,0.8,0,492221297,156,31.2953,32.8634,1.568
300M,chip_109_416_merged.tif,0.8,1,12275779,156,31.5934,32.6469,1.0535
300M,chip_109_416_merged.tif,0.8,2,1779152796,156,31.644,32.1422,0.4982
300M,chip_109_416_merged.tif,0.8,3,1299207278,156,31.6125,32.5369,0.9244
300M,chip_109_416_merged.tif,0.8,4,918600647,156,31.6046,32.1459,0.5413
300M,chip_109_424_merged.tif,0.2,0,1110710699,39,31.7321,36.6347,4.9026
300M,chip_109_424_merged.tif,0.2,1,630765181,39,34.8463,36.3958,1.5495
300M,chip_109_424_merged.tif,0.2,2,250158550,39,37.0017,35.7546,-1.247
300M,chip_109_424_merged.tif,0.2,3,1917696680,39,34.8465,36.742,1.8955
300M,chip_109_424_merged.tif,0.2,4,1537090049,39,33.3368,36.2473,2.9105
300M,chip_109_424_merged.tif,0.4,0,850756479,78,32.3379,36.8766,4.5387
300M,chip_109_424_merged.tif,0.4,1,470149848,78,33.0608,35.1155,2.0547
300M,chip_109_424_merged.tif,0.4,2,2137687978,78,34.2838,34.2981,0.0142
300M,chip_109_424_merged.tif,0.4,3,1757081347,78,32.0861,36.674,4.588
300M,chip_109_424_merged.tif,0.4,4,1376474716,78,32.8093,37.0958,4.2866
300M,chip_109_424_merged.tif,0.6,0,960397135,117,33.925,35.6952,1.7703
300M,chip_109_424_merged.tif,0.6,1,579790504,117,31.5168,35.9529,4.436
300M,chip_109_424_merged.tif,0.6,2,99844986,117,31.7429,34.7968,3.054
300M,chip_109_424_merged.tif,0.6,3,1866722003,117,31.5346,33.0071,1.4726
300M,chip_109_424_merged.tif,0.6,4,1386776485,117,31.7432,35.3489,3.6057
300M,chip_109_424_merged.tif,0.8,0,1772349724,156,32.3685,33.6818,1.3133
300M,chip_109_424_merged.tif,0.8,1,1391743093,156,31.5891,33.0117,1.4226
300M,chip_109_424_merged.tif,0.8,2,1011136462,156,32.3712,33.6825,1.3114
300M,chip_109_424_merged.tif,0.8,3,531190944,156,31.5143,34.1367,2.6224
300M,chip_109_424_merged.tif,0.8,4,150584313,156,32.349,34.6864,2.3374
300M,chip_110_340_merged.tif,0.2,0,308912138,39,33.7407,36.5932,2.8525
300M,chip_110_340_merged.tif,0.2,1,1976450268,39,33.9023,36.0184,2.116
300M,chip_110_340_merged.tif,0.2,2,1595843637,39,36.4763,37.3222,0.8459
300M,chip_110_340_merged.tif,0.2,3,1215237006,39,33.7406,37.4062,3.6656
300M,chip_110_340_merged.tif,0.2,4,735291488,39,29.9873,37.2501,7.2627
300M,chip_110_340_merged.tif,0.4,0,148296805,78,35.5093,35.8995,0.3902
300M,chip_110_340_merged.tif,0.4,1,1815834935,78,33.2077,35.5038,2.2961
300M,chip_110_340_merged.tif,0.4,2,1435228304,78,34.2839,36.0181,1.7342
300M,chip_110_340_merged.tif,0.4,3,955282786,78,33.2078,35.9111,2.7033
300M,chip_110_340_merged.tif,0.4,4,574676155,78,31.1178,36.2803,5.1626
300M,chip_110_340_merged.tif,0.6,0,1552482246,117,34.103,34.7714,0.6684
300M,chip_110_340_merged.tif,0.6,1,1072536728,117,32.1692,36.4027,4.2334
300M,chip_110_340_merged.tif,0.6,2,691930097,117,31.7806,35.673,3.8925
300M,chip_110_340_merged.tif,0.6,3,211984579,117,31.7808,35.8663,4.0855
300M,chip_110_340_merged.tif,0.6,4,1978861596,117,33.8732,35.2777,1.4045
300M,chip_110_340_merged.tif,0.8,0,1069890050,156,32.6362,33.7208,1.0847
300M,chip_110_340_merged.tif,0.8,1,589944532,156,32.3458,34.835,2.4891
300M,chip_110_340_merged.tif,0.8,2,209337901,156,32.3962,33.1572,0.761
300M,chip_110_340_merged.tif,0.8,3,1976214918,156,32.4498,34.1922,1.7425
300M,chip_110_340_merged.tif,0.8,4,1496269400,156,31.227,33.0236,1.7966
300M,chip_110_429_merged.tif,0.2,0,361157122,39,34.7324,34.7914,0.059
300M,chip_110_429_merged.tif,0.2,1,2128034139,39,32.7331,35.5913,2.8582
300M,chip_110_429_merged.tif,0.2,2,1648088621,39,31.259,36.0721,4.8132
300M,chip_110_429_merged.tif,0.2,3,1267481990,39,35.2494,34.9302,-0.3192
300M,chip_110_429_merged.tif,0.2,4,787536472,39,35.0179,35.4303,0.4125
300M,chip_110_429_merged.tif,0.4,0,200541789,78,33.0118,35.0259,2.0141
300M,chip_110_429_merged.tif,0.4,1,1868079919,78,30.6541,34.8597,4.2056
300M,chip_110_429_merged.tif,0.4,2,1487473288,78,33.3522,34.5212,1.1689
300M,chip_110_429_merged.tif,0.4,3,1106866657,78,29.3475,34.1976,4.8501
300M,chip_110_429_merged.tif,0.4,4,626921139,78,33.1178,34.779,1.6612
300M,chip_110_429_merged.tif,0.6,0,1604727230,117,32.7995,32.8111,0.0116
300M,chip_110_429_merged.tif,0.6,1,1124781712,117,31.713,32.9067,1.1937
300M,chip_110_429_merged.tif,0.6,2,744175081,117,31.7023,33.675,1.9728
300M,chip_110_429_merged.tif,0.6,3,363568450,117,30.0351,32.0234,1.9883
300M,chip_110_429_merged.tif,0.6,4,2031106580,117,32.7675,34.2957,1.5283
300M,chip_110_429_merged.tif,0.8,0,1122135034,156,31.1092,32.7142,1.6051
300M,chip_110_429_merged.tif,0.8,1,741528403,156,31.1671,31.7386,0.5715
300M,chip_110_429_merged.tif,0.8,2,261582885,156,30.6954,32.37,1.6746
300M,chip_110_429_merged.tif,0.8,3,2028459902,156,31.0976,32.6993,1.6017
300M,chip_110_429_merged.tif,0.8,4,1548514384,156,30.6932,31.6982,1.005
300M,chip_111_421_merged.tif,0.2,0,1192647572,39,30.7088,33.4138,2.705
300M,chip_111_421_merged.tif,0.2,1,712702054,39,31.202,34.0938,2.8917
300M,chip_111_421_merged.tif,0.2,2,332095423,39,29.0881,33.496,4.4079
300M,chip_111_421_merged.tif,0.2,3,2098972440,39,29.9258,33.4529,3.5271
300M,chip_111_421_merged.tif,0.2,4,1619026922,39,30.5749,33.3994,2.8246
300M,chip_111_421_merged.tif,0.4,0,1032032239,78,29.3409,32.3017,2.9608
300M,chip_111_421_merged.tif,0.4,1,552086721,78,30.3956,32.1024,1.7068
300M,chip_111_421_merged.tif,0.4,2,171480090,78,29.5768,32.5223,2.9455
300M,chip_111_421_merged.tif,0.4,3,1839018220,78,29.9201,32.6668,2.7467
300M,chip_111_421_merged.tif,0.4,4,1458411589,78,29.3226,33.7577,4.4351
300M,chip_111_421_merged.tif,0.6,0,288734032,117,29.5361,31.3342,1.7981
300M,chip_111_421_merged.tif,0.6,1,1956272162,117,29.7748,31.776,2.0011
300M,chip_111_421_merged.tif,0.6,2,1575665531,117,29.548,31.9133,2.3653
300M,chip_111_421_merged.tif,0.6,3,1095720013,117,29.7494,32.1138,2.3644
300M,chip_111_421_merged.tif,0.6,4,715113382,117,30.1689,31.5785,1.4096
300M,chip_111_421_merged.tif,0.8,0,1953625484,156,29.8205,30.522,0.7015
300M,chip_111_421_merged.tif,0.8,1,1473679966,156,29.8877,30.9441,1.0565
300M,chip_111_421_merged.tif,0.8,2,1093073335,156,29.8942,30.8327,0.9384
300M,chip_111_421_merged.tif,0.8,3,712466704,156,29.8218,30.9369,1.1151
300M,chip_111_421_merged.tif,0.8,4,232521186,156,30.1366,31.0222,0.8856
300M,chip_111_595_merged.tif,0.2,0,122334966,39,37.5999,38.7345,1.1346
300M,chip_111_595_merged.tif,0.2,1,1789873096,39,36.1407,38.2697,2.1291
300M,chip_111_595_merged.tif,0.2,2,1409266465,39,37.5992,37.1866,-0.4126
300M,chip_111_595_merged.tif,0.2,3,1028659834,39,39.0991,36.6988,-2.4003
300M,chip_111_595_merged.tif,0.2,4,548714316,39,37.5986,38.0131,0.4146
300M,chip_111_595_merged.tif,0.4,0,2109203281,78,36.232,37.6614,1.4294
300M,chip_111_595_merged.tif,0.4,1,1629257763,78,38.0237,37.6297,-0.3941
300M,chip_111_595_merged.tif,0.4,2,1248651132,78,38.0233,36.5263,-1.497
300M,chip_111_595_merged.tif,0.4,3,768705614,78,36.8261,37.5063,0.6802
300M,chip_111_595_merged.tif,0.4,4,388098983,78,37.8245,38.0916,0.2671
300M,chip_111_595_merged.tif,0.6,0,1365905074,117,36.2911,37.5036,1.2125
300M,chip_111_595_merged.tif,0.6,1,885959556,117,37.3144,36.9766,-0.3378
300M,chip_111_595_merged.tif,0.6,2,505352925,117,36.3053,37.4647,1.1594
300M,chip_111_595_merged.tif,0.6,3,25407407,117,37.2381,37.2103,-0.0278
300M,chip_111_595_merged.tif,0.6,4,1792284424,117,37.4424,37.3719,-0.0706
300M,chip_111_595_merged.tif,0.8,0,883312878,156,35.7351,36.0995,0.3643
300M,chip_111_595_merged.tif,0.8,1,403367360,156,36.6369,36.9536,0.3167
300M,chip_111_595_merged.tif,0.8,2,22760729,156,36.8164,36.3234,-0.493
300M,chip_111_595_merged.tif,0.8,3,1789637746,156,36.818,36.6255,-0.1926
300M,chip_111_595_merged.tif,0.8,4,1309692228,156,35.7323,36.5148,0.7825
300M,chip_113_329_merged.tif,0.2,0,435829956,39,32.6998,35.7917,3.0919
300M,chip_113_329_merged.tif,0.2,1,2103368086,39,33.1532,36.0502,2.8971
300M,chip_113_329_merged.tif,0.2,2,1722761455,39,33.1529,35.5023,2.3494
300M,chip_113_329_merged.tif,0.2,3,1242815937,39,32.8035,34.6377,1.8342
300M,chip_113_329_merged.tif,0.2,4,862209306,39,31.728,36.4819,4.7539
300M,chip_113_329_merged.tif,0.4,0,175875736,78,32.4808,34.4007,1.9199
300M,chip_113_329_merged.tif,0.4,1,1942752753,78,32.0835,35.1659,3.0824
300M,chip_113_329_merged.tif,0.4,2,1462807235,78,31.2985,34.9182,3.6197
300M,chip_113_329_merged.tif,0.4,3,1082200604,78,31.6665,35.8943,4.2278
300M,chip_113_329_merged.tif,0.4,4,701593973,78,31.8444,35.0127,3.1683
300M,chip_113_329_merged.tif,0.6,0,1580061177,117,31.0695,33.8943,2.8248
300M,chip_113_329_merged.tif,0.6,1,1199454546,117,31.2217,34.5301,3.3085
300M,chip_113_329_merged.tif,0.6,2,818847915,117,31.2447,34.5714,3.3267
300M,chip_113_329_merged.tif,0.6,3,338902397,117,31.2349,34.1089,2.874
300M,chip_113_329_merged.tif,0.6,4,2105779414,117,31.102,34.5919,3.4899
300M,chip_113_329_merged.tif,0.8,0,1196807868,156,31.504,33.1335,1.6295
300M,chip_113_329_merged.tif,0.8,1,716862350,156,31.58,32.6302,1.0502
300M,chip_113_329_merged.tif,0.8,2,336255719,156,31.5822,33.0612,1.4791
300M,chip_113_329_merged.tif,0.8,3,2003793849,156,31.0455,32.7736,1.7281
300M,chip_113_329_merged.tif,0.8,4,1623187218,156,31.5601,33.2739,1.7138
300M,chip_113_420_merged.tif,0.2,0,1383777679,39,30.844,34.1242,3.2802
300M,chip_113_420_merged.tif,0.2,1,903832161,39,31.2819,32.5178,1.2359
300M,chip_113_420_merged.tif,0.2,2,523225530,39,33.3061,32.7765,-0.5296
300M,chip_113_420_merged.tif,0.2,3,142618899,39,32.654,34.8963,2.2423
300M,chip_113_420_merged.tif,0.2,4,1810157029,39,31.2815,34.0081,2.7266
300M,chip_113_420_merged.tif,0.4,0,318502609,78,31.6499,33.5641,1.9142
300M,chip_113_420_merged.tif,0.4,1,2085379626,78,31.7457,33.1865,1.4409
300M,chip_113_420_merged.tif,0.4,2,1605434108,78,31.8879,33.4508,1.5629
300M,chip_113_420_merged.tif,0.4,3,1224827477,78,31.7793,34.1989,2.4195
300M,chip_113_420_merged.tif,0.4,4,844220846,78,31.7461,32.9572,1.2111
300M,chip_113_420_merged.tif,0.6,0,479864139,117,31.3598,32.2801,0.9202
300M,chip_113_420_merged.tif,0.6,1,2147402269,117,30.9279,32.8221,1.8941
300M,chip_113_420_merged.tif,0.6,2,1766795638,117,31.2564,33.4247,2.1683
300M,chip_113_420_merged.tif,0.6,3,1286850120,117,31.5271,33.2811,1.7539
300M,chip_113_420_merged.tif,0.6,4,906243489,117,31.2603,32.9706,1.7103
300M,chip_113_420_merged.tif,0.8,0,2144755591,156,31.4009,32.0827,0.6818
300M,chip_113_420_merged.tif,0.8,1,1664810073,156,30.9917,31.4194,0.4277
300M,chip_113_420_merged.tif,0.8,2,1284203442,156,31.4321,31.6484,0.2164
300M,chip_113_420_merged.tif,0.8,3,903596811,156,31.2981,32.2829,0.9848
300M,chip_113_420_merged.tif,0.8,4,423651293,156,31.4152,31.7409,0.3257
300M,chip_114_441_merged.tif,0.2,0,465810032,39,32.2562,35.4396,3.1834
300M,chip_114_441_merged.tif,0.2,1,85203401,39,31.5355,34.5265,2.991
300M,chip_114_441_merged.tif,0.2,2,1752741531,39,31.8,34.9054,3.1055
300M,chip_114_441_merged.tif,0.2,3,1372134900,39,30.409,34.8952,4.4862
300M,chip_114_441_merged.tif,0.2,4,991528269,39,33.0359,34.1665,1.1306
300M,chip_114_441_merged.tif,0.4,0,305194699,78,30.0061,34.0581,4.052
300M,chip_114_441_merged.tif,0.4,1,2072071716,78,31.4043,33.6252,2.2208
300M,chip_114_441_merged.tif,0.4,2,1592126198,78,29.5235,34.5823,5.0588
300M,chip_114_441_merged.tif,0.4,3,1211519567,78,31.5981,33.5205,1.9224
300M,chip_114_441_merged.tif,0.4,4,731574049,78,30.6545,33.5262,2.8717
300M,chip_114_441_merged.tif,0.6,0,1709380140,117,30.22,32.7147,2.4947
300M,chip_114_441_merged.tif,0.6,1,1328773509,117,30.5184,32.9073,2.3889
300M,chip_114_441_merged.tif,0.6,2,848827991,117,30.0302,32.9478,2.9176
300M,chip_114_441_merged.tif,0.6,3,468221360,117,29.9476,33.1201,3.1725
300M,chip_114_441_merged.tif,0.6,4,2135759490,117,30.0817,33.0467,2.9649
300M,chip_114_441_merged.tif,0.8,0,1226787944,156,30.2042,31.7009,1.4966
300M,chip_114_441_merged.tif,0.8,1,846181313,156,29.9843,30.0929,0.1087
300M,chip_114_441_merged.tif,0.8,2,366235795,156,29.8303,31.4238,1.5934
300M,chip_114_441_merged.tif,0.8,3,2133112812,156,29.9297,31.6066,1.6769
300M,chip_114_441_merged.tif,0.8,4,1752506181,156,30.4354,30.7658,0.3304
300M,chip_114_505_merged.tif,0.2,0,1845852260,39,33.3502,36.7297,3.3795
300M,chip_114_505_merged.tif,0.2,1,1365906742,39,34.2941,36.3397,2.0456
300M,chip_114_505_merged.tif,0.2,2,985300111,39,31.8429,35.2669,3.424
300M,chip_114_505_merged.tif,0.2,3,505354593,39,32.5219,35.9857,3.4638
300M,chip_114_505_merged.tif,0.2,4,124747962,39,33.5144,35.8144,2.2999
300M,chip_114_505_merged.tif,0.4,0,1685236927,78,33.0058,35.4888,2.483
300M,chip_114_505_merged.tif,0.4,1,1205291409,78,32.6862,34.7656,2.0794
300M,chip_114_505_merged.tif,0.4,2,824684778,78,33.1045,35.2577,2.1532
300M,chip_114_505_merged.tif,0.4,3,344739260,78,32.6855,34.9219,2.2364
300M,chip_114_505_merged.tif,0.4,4,2111616277,78,33.2929,35.4067,2.1139
300M,chip_114_505_merged.tif,0.6,0,941938720,117,32.6887,34.179,1.4903
300M,chip_114_505_merged.tif,0.6,1,461993202,117,32.6634,34.5346,1.8712
300M,chip_114_505_merged.tif,0.6,2,81386571,117,32.7095,34.632,1.9225
300M,chip_114_505_merged.tif,0.6,3,1748924701,117,32.5785,34.5201,1.9416
300M,chip_114_505_merged.tif,0.6,4,1368318070,117,32.9678,34.7444,1.7766
300M,chip_114_505_merged.tif,0.8,0,459346524,156,32.6093,33.9443,1.335
300M,chip_114_505_merged.tif,0.8,1,2126884654,156,32.2362,32.9308,0.6945
300M,chip_114_505_merged.tif,0.8,2,1746278023,156,32.6165,33.183,0.5664
300M,chip_114_505_merged.tif,0.8,3,1266332505,156,32.6127,33.4826,0.8699
300M,chip_114_505_merged.tif,0.8,4,885725874,156,32.1538,33.3394,1.1857
300M,chip_115_438_merged.tif,0.2,0,2103651529,39,31.9519,33.833,1.8811
300M,chip_115_438_merged.tif,0.2,1,1623706011,39,31.5551,33.9898,2.4347
300M,chip_115_438_merged.tif,0.2,2,1243099380,39,31.8188,34.496,2.6773
300M,chip_115_438_merged.tif,0.2,3,862492749,39,32.3687,34.3224,1.9537
300M,chip_115_438_merged.tif,0.2,4,382547231,39,31.8175,34.2721,2.4546
300M,chip_115_438_merged.tif,0.4,0,1943036196,78,30.8935,34.2697,3.3762
300M,chip_115_438_merged.tif,0.4,1,1463090678,78,30.8079,33.4802,2.6723
300M,chip_115_438_merged.tif,0.4,2,1082484047,78,31.2262,33.1539,1.9278
300M,chip_115_438_merged.tif,0.4,3,602538529,78,31.1069,33.6002,2.4933
300M,chip_115_438_merged.tif,0.4,4,221931898,78,30.6519,33.4442,2.7923
300M,chip_115_438_merged.tif,0.6,0,1199737989,117,30.7277,32.2699,1.5422
300M,chip_115_438_merged.tif,0.6,1,719792471,117,30.7325,31.9893,1.2569
300M,chip_115_438_merged.tif,0.6,2,339185840,117,30.4167,31.8778,1.461
300M,chip_115_438_merged.tif,0.6,3,2006723970,117,30.9864,32.6117,1.6253
300M,chip_115_438_merged.tif,0.6,4,1626117339,117,30.4914,32.1783,1.6869
300M,chip_115_438_merged.tif,0.8,0,717145793,156,31.2492,31.5127,0.2635
300M,chip_115_438_merged.tif,0.8,1,237200275,156,30.5242,31.4381,0.914
300M,chip_115_438_merged.tif,0.8,2,2004077292,156,31.074,31.9552,0.8812
300M,chip_115_438_merged.tif,0.8,3,1623470661,156,31.2209,31.8228,0.6019
300M,chip_115_438_merged.tif,0.8,4,1143525143,156,30.8593,31.3329,0.4736
300M,chip_115_478_merged.tif,0.2,0,2034642634,39,35.0444,36.5773,1.5328
300M,chip_115_478_merged.tif,0.2,1,1654036003,39,34.2142,36.642,2.4278
300M,chip_115_478_merged.tif,0.2,2,1174090485,39,34.4663,37.5322,3.0659
300M,chip_115_478_merged.tif,0.2,3,793483854,39,34.4378,36.7436,2.3058
300M,chip_115_478_merged.tif,0.2,4,412877223,39,33.2647,36.5996,3.3349
300M,chip_115_478_merged.tif,0.4,0,1874027301,78,33.4431,36.2315,2.7883
300M,chip_115_478_merged.tif,0.4,1,1493420670,78,33.0397,35.5149,2.4752
300M,chip_115_478_merged.tif,0.4,2,1013475152,78,33.0391,36.1549,3.1158
300M,chip_115_478_merged.tif,0.4,3,632868521,78,33.7619,35.4592,1.6974
300M,chip_115_478_merged.tif,0.4,4,152923003,78,33.3549,35.6328,2.2779
300M,chip_115_478_merged.tif,0.6,0,1130729094,117,33.2082,34.221,1.0129
300M,chip_115_478_merged.tif,0.6,1,750122463,117,33.2312,34.5358,1.3046
300M,chip_115_478_merged.tif,0.6,2,270176945,117,32.8369,34.9757,2.1388
300M,chip_115_478_merged.tif,0.6,3,2037053962,117,33.2049,35.4226,2.2177
300M,chip_115_478_merged.tif,0.6,4,1557108444,117,33.3021,35.3714,2.0694
300M,chip_115_478_merged.tif,0.8,0,648136898,156,30.9795,34.4478,3.4683
300M,chip_115_478_merged.tif,0.8,1,267530267,156,30.9699,33.5906,2.6207
300M,chip_115_478_merged.tif,0.8,2,1935068397,156,33.3794,33.8943,0.5149
300M,chip_115_478_merged.tif,0.8,3,1554461766,156,33.2094,33.34,0.1306
300M,chip_115_478_merged.tif,0.8,4,1173855135,156,32.8912,35.1005,2.2092
300M,chip_116_208_merged.tif,0.2,0,1024114462,39,32.4192,35.2554,2.8362
300M,chip_116_208_merged.tif,0.2,1,643507831,39,32.7661,33.8388,1.0727
300M,chip_116_208_merged.tif,0.2,2,163562313,39,34.0169,33.6872,-0.3296
300M,chip_116_208_merged.tif,0.2,3,1930439330,39,31.2927,35.4373,4.1446
300M,chip_116_208_merged.tif,0.2,4,1549832699,39,31.2944,34.1557,2.8613
300M,chip_116_208_merged.tif,0.4,0,863499129,78,30.8892,33.9784,3.0892
300M,chip_116_208_merged.tif,0.4,1,482892498,78,31.1746,33.145,1.9703
300M,chip_116_208_merged.tif,0.4,2,2946980,78,30.6829,33.1878,2.505
300M,chip_116_208_merged.tif,0.4,3,1769823997,78,30.6111,34.1102,3.4991
300M,chip_116_208_merged.tif,0.4,4,1289878479,78,30.2379,33.3502,3.1123
300M,chip_116_208_merged.tif,0.6,0,120200922,117,30.504,32.8737,2.3697
300M,chip_116_208_merged.tif,0.6,1,1887077939,117,30.8477,32.5363,1.6886
300M,chip_116_208_merged.tif,0.6,2,1407132421,117,30.0837,32.1475,2.0638
300M,chip_116_208_merged.tif,0.6,3,1026525790,117,31.2759,32.2161,0.9402
300M,chip_116_208_merged.tif,0.6,4,546580272,117,30.7944,33.1116,2.3172
300M,chip_116_208_merged.tif,0.8,0,1785092374,156,30.0296,31.5201,1.4905
300M,chip_116_208_merged.tif,0.8,1,1404485743,156,30.0318,31.8618,1.83
300M,chip_116_208_merged.tif,0.8,2,924540225,156,30.4533,31.5803,1.127
300M,chip_116_208_merged.tif,0.8,3,543933594,156,29.8009,31.2995,1.4986
300M,chip_116_208_merged.tif,0.8,4,163326963,156,30.4844,30.712,0.2276
300M,chip_116_346_merged.tif,0.2,0,659635090,39,37.6195,37.1366,-0.4829
300M,chip_116_346_merged.tif,0.2,1,279028459,39,37.7863,38.3005,0.5142
300M,chip_116_346_merged.tif,0.2,2,2045905476,39,34.0809,37.2331,3.1522
300M,chip_116_346_merged.tif,0.2,3,1565959958,39,34.0069,37.9602,3.9534
300M,chip_116_346_merged.tif,0.2,4,1185353327,39,34.8446,36.8573,2.0126
300M,chip_116_346_merged.tif,0.4,0,1841182555,78,34.1807,36.735,2.5543
300M,chip_116_346_merged.tif,0.4,1,1361237037,78,33.9046,37.2533,3.3487
300M,chip_116_346_merged.tif,0.4,2,980630406,78,35.9831,37.1135,1.1303
300M,chip_116_346_merged.tif,0.4,3,600023775,78,37.3175,37.4166,0.099
300M,chip_116_346_merged.tif,0.4,4,120078257,78,33.6827,37.6058,3.9231
300M,chip_116_346_merged.tif,0.6,0,1903205198,117,35.2254,36.7141,1.4887
300M,chip_116_346_merged.tif,0.6,1,1522598567,117,35.2822,36.926,1.6438
300M,chip_116_346_merged.tif,0.6,2,1042653049,117,35.2792,36.4653,1.1861
300M,chip_116_346_merged.tif,0.6,3,662046418,117,35.432,36.4113,0.9793
300M,chip_116_346_merged.tif,0.6,4,182100900,117,35.4427,36.5373,1.0946
300M,chip_116_346_merged.tif,0.8,0,1420613002,156,35.1092,35.1668,0.0576
300M,chip_116_346_merged.tif,0.8,1,1040006371,156,34.5722,35.7305,1.1582
300M,chip_116_346_merged.tif,0.8,2,659399740,156,34.8606,35.9182,1.0576
300M,chip_116_346_merged.tif,0.8,3,179454222,156,34.9,35.3026,0.4026
300M,chip_116_346_merged.tif,0.8,4,1946331239,156,34.9577,35.8344,0.8767
300M,chip_116_447_merged.tif,0.2,0,1584613223,39,37.5597,40.3234,2.7637
300M,chip_116_447_merged.tif,0.2,1,1104667705,39,39.9195,39.3385,-0.581
300M,chip_116_447_merged.tif,0.2,2,724061074,39,39.4729,39.7168,0.2438
300M,chip_116_447_merged.tif,0.2,3,343454443,39,39.9844,39.3259,-0.6585
300M,chip_116_447_merged.tif,0.2,4,2010992573,39,39.0465,40.2891,1.2425
300M,chip_116_447_merged.tif,0.4,0,519338153,78,39.0539,40.1599,1.106
300M,chip_116_447_merged.tif,0.4,1,138731522,78,38.96,38.3387,-0.6213
300M,chip_116_447_merged.tif,0.4,2,1905608539,78,38.0072,40.4211,2.414
300M,chip_116_447_merged.tif,0.4,3,1425663021,78,37.4886,40.7072,3.2186
300M,chip_116_447_merged.tif,0.4,4,1045056390,78,39.5463,39.9655,0.4192
300M,chip_116_447_merged.tif,0.6,0,680699683,117,37.2164,39.7801,2.5637
300M,chip_116_447_merged.tif,0.6,1,200754165,117,37.8569,39.6569,1.8
300M,chip_116_447_merged.tif,0.6,2,1967631182,117,38.5551,39.0986,0.5435
300M,chip_116_447_merged.tif,0.6,3,1487685664,117,38.7471,39.9469,1.1998
300M,chip_116_447_merged.tif,0.6,4,1107079033,117,38.554,38.9885,0.4345
300M,chip_116_447_merged.tif,0.8,0,198107487,156,37.1272,38.3073,1.1801
300M,chip_116_447_merged.tif,0.8,1,1865645617,156,37.0764,39.0716,1.9952
300M,chip_116_447_merged.tif,0.8,2,1485038986,156,38.6576,37.5477,-1.1099
300M,chip_116_447_merged.tif,0.8,3,1104432355,156,37.0635,39.2188,2.1553
300M,chip_116_447_merged.tif,0.8,4,624486837,156,36.9846,38.1925,1.2079
300M,chip_116_448_merged.tif,0.2,0,1460936003,39,37.5114,38.8378,1.3265
300M,chip_116_448_merged.tif,0.2,1,1080329372,39,38.068,39.0234,0.9554
300M,chip_116_448_merged.tif,0.2,2,600383854,39,38.0559,40.2957,2.2398
300M,chip_116_448_merged.tif,0.2,3,219777223,39,36.5746,39.442,2.8674
300M,chip_116_448_merged.tif,0.2,4,1986654240,39,37.2832,39.9029,2.6197
300M,chip_116_448_merged.tif,0.4,0,1300320670,78,37.0675,39.2554,2.1879
300M,chip_116_448_merged.tif,0.4,1,919714039,78,36.0002,38.2371,2.237
300M,chip_116_448_merged.tif,0.4,2,439768521,78,37.9602,39.07,1.1098
300M,chip_116_448_merged.tif,0.4,3,59161890,78,37.8576,39.4728,1.6153
300M,chip_116_448_merged.tif,0.4,4,1726700020,78,36.9066,39.0542,2.1475
300M,chip_116_448_merged.tif,0.6,0,557022463,117,38.0059,38.6049,0.599
300M,chip_116_448_merged.tif,0.6,1,176415832,117,38.1588,38.1708,0.012
300M,chip_116_448_merged.tif,0.6,2,1843953962,117,35.7765,38.6382,2.8617
300M,chip_116_448_merged.tif,0.6,3,1463347331,117,38.1879,38.4917,0.3038
300M,chip_116_448_merged.tif,0.6,4,983401813,117,35.7816,37.4377,1.6561
300M,chip_116_448_merged.tif,0.8,0,74430267,156,37.6156,38.792,1.1765
300M,chip_116_448_merged.tif,0.8,1,1841307284,156,37.6151,38.4093,0.7942
300M,chip_116_448_merged.tif,0.8,2,1361361766,156,35.8528,37.1075,1.2547
300M,chip_116_448_merged.tif,0.8,3,980755135,156,37.6453,36.9813,-0.664
300M,chip_116_448_merged.tif,0.8,4,600148504,156,35.9379,38.1552,2.2173
300M,chip_117_438_merged.tif,0.2,0,1587294993,39,32.0339,34.7401,2.7062
300M,chip_117_438_merged.tif,0.2,1,1107349475,39,32.8603,34.0837,1.2234
300M,chip_117_438_merged.tif,0.2,2,726742844,39,31.8577,34.8068,2.9491
300M,chip_117_438_merged.tif,0.2,3,246797326,39,32.752,33.7259,0.9739
300M,chip_117_438_merged.tif,0.2,4,2013674343,39,30.996,34.8395,3.8434
300M,chip_117_438_merged.tif,0.4,0,1327340773,78,32.7211,33.6002,0.8791
300M,chip_117_438_merged.tif,0.4,1,946734142,78,31.371,34.7965,3.4254
300M,chip_117_438_merged.tif,0.4,2,566127511,78,32.1314,34.4461,2.3147
300M,chip_117_438_merged.tif,0.4,3,86181993,78,32.6433,33.9739,1.3306
300M,chip_117_438_merged.tif,0.4,4,1853059010,78,31.7039,34.3256,2.6217
300M,chip_117_438_merged.tif,0.6,0,584042566,117,31.5103,33.3882,1.8779
300M,chip_117_438_merged.tif,0.6,1,203435935,117,32.1814,33.5129,1.3315
300M,chip_117_438_merged.tif,0.6,2,1970312952,117,31.7633,33.1884,1.4251
300M,chip_117_438_merged.tif,0.6,3,1490367434,117,32.5072,33.2035,0.6962
300M,chip_117_438_merged.tif,0.6,4,1109760803,117,32.5207,32.9595,0.4387
300M,chip_117_438_merged.tif,0.8,0,200789257,156,31.0352,31.7078,0.6726
300M,chip_117_438_merged.tif,0.8,1,1868327387,156,31.0261,32.7137,1.6876
300M,chip_117_438_merged.tif,0.8,2,1487720756,156,31.4256,32.2963,0.8707
300M,chip_117_438_merged.tif,0.8,3,1007775238,156,31.787,32.7988,1.0119
300M,chip_117_438_merged.tif,0.8,4,627168607,156,31.0317,32.5387,1.507
300M,chip_118_448_merged.tif,0.2,0,2008067573,39,37.1397,36.5574,-0.5823
300M,chip_118_448_merged.tif,0.2,1,1627460942,39,36.9031,39.1275,2.2244
300M,chip_118_448_merged.tif,0.2,2,1147515424,39,39.5714,39.083,-0.4885
300M,chip_118_448_merged.tif,0.2,3,766908793,39,39.2596,38.3397,-0.9199
300M,chip_118_448_merged.tif,0.2,4,386302162,39,37.5878,38.2436,0.6558
300M,chip_118_448_merged.tif,0.4,0,1847452240,78,37.9376,38.506,0.5685
300M,chip_118_448_merged.tif,0.4,1,1466845609,78,37.0192,39.1307,2.1115
300M,chip_118_448_merged.tif,0.4,2,986900091,78,37.9565,37.9222,-0.0342
300M,chip_118_448_merged.tif,0.4,3,606293460,78,38.0274,39.2368,1.2094
300M,chip_118_448_merged.tif,0.4,4,126347942,78,36.6712,39.2435,2.5723
300M,chip_118_448_merged.tif,0.6,0,1104154033,117,37.8208,38.2552,0.4344
300M,chip_118_448_merged.tif,0.6,1,723547402,117,38.1209,37.7098,-0.4111
300M,chip_118_448_merged.tif,0.6,2,243601884,117,37.4392,38.8855,1.4463
300M,chip_118_448_merged.tif,0.6,3,2010478901,117,37.4532,38.5595,1.1063
300M,chip_118_448_merged.tif,0.6,4,1530533383,117,37.8433,38.2792,0.4359
300M,chip_118_448_merged.tif,0.8,0,621561837,156,36.9236,37.318,0.3945
300M,chip_118_448_merged.tif,0.8,1,240955206,156,37.0747,37.4168,0.3421
300M,chip_118_448_merged.tif,0.8,2,1908493336,156,37.066,37.364,0.298
300M,chip_118_448_merged.tif,0.8,3,1527886705,156,36.9354,37.0084,0.073
300M,chip_118_448_merged.tif,0.8,4,1147280074,156,37.071,36.3093,-0.7616
300M,chip_119_126_merged.tif,0.2,0,1045083369,39,38.1688,38.9445,0.7757
300M,chip_119_126_merged.tif,0.2,1,565137851,39,38.1689,37.8006,-0.3683
300M,chip_119_126_merged.tif,0.2,2,184531220,39,34.339,40.2924,5.9533
300M,chip_119_126_merged.tif,0.2,3,1951408237,39,34.2846,38.5817,4.2971
300M,chip_119_126_merged.tif,0.2,4,1471462719,39,36.6696,38.6059,1.9363
300M,chip_119_126_merged.tif,0.4,0,884468036,78,35.367,36.8914,1.5244
300M,chip_119_126_merged.tif,0.4,1,404522518,78,33.1194,36.9538,3.8344
300M,chip_119_126_merged.tif,0.4,2,23915887,78,35.0715,38.1814,3.1099
300M,chip_119_126_merged.tif,0.4,3,1691454017,78,33.5695,38.0425,4.473
300M,chip_119_126_merged.tif,0.4,4,1310847386,78,34.0281,38.2575,4.2294
300M,chip_119_126_merged.tif,0.6,0,141169829,117,34.4466,36.877,2.4304
300M,chip_119_126_merged.tif,0.6,1,1808707959,117,33.4714,36.8349,3.3635
300M,chip_119_126_merged.tif,0.6,2,1428101328,117,34.0121,37.7367,3.7246
300M,chip_119_126_merged.tif,0.6,3,948155810,117,33.9493,36.9016,2.9523
300M,chip_119_126_merged.tif,0.6,4,567549179,117,34.0783,37.4416,3.3633
300M,chip_119_126_merged.tif,0.8,0,1806061281,156,34.2285,35.4956,1.2671
300M,chip_119_126_merged.tif,0.8,1,1326115763,156,33.8772,34.5838,0.7066
300M,chip_119_126_merged.tif,0.8,2,945509132,156,33.378,34.3508,0.9727
300M,chip_119_126_merged.tif,0.8,3,564902501,156,32.6237,35.6052,2.9815
300M,chip_119_126_merged.tif,0.8,4,84956983,156,32.6792,35.4085,2.7293
300M,chip_119_323_merged.tif,0.2,0,316076292,39,32.7265,33.1555,0.429
300M,chip_119_323_merged.tif,0.2,1,2082953309,39,32.4571,34.2356,1.7785
300M,chip_119_323_merged.tif,0.2,2,1702346678,39,32.1989,32.5145,0.3157
300M,chip_119_323_merged.tif,0.2,3,1222401160,39,31.4314,33.3513,1.9199
300M,chip_119_323_merged.tif,0.2,4,841794529,39,32.0944,34.0419,1.9475
300M,chip_119_323_merged.tif,0.4,0,155460959,78,31.0042,32.7921,1.7879
300M,chip_119_323_merged.tif,0.4,1,1922337976,78,31.3458,33.7556,2.4098
300M,chip_119_323_merged.tif,0.4,2,1442392458,78,30.6669,32.9637,2.2968
300M,chip_119_323_merged.tif,0.4,3,1061785827,78,32.0225,32.7856,0.7632
300M,chip_119_323_merged.tif,0.4,4,681179196,78,30.1871,32.6992,2.5121
300M,chip_119_323_merged.tif,0.6,0,1559646400,117,30.6725,31.8233,1.1508
300M,chip_119_323_merged.tif,0.6,1,1179039769,117,32.02,32.0508,0.0308
300M,chip_119_323_merged.tif,0.6,2,699094251,117,30.671,32.5111,1.8401
300M,chip_119_323_merged.tif,0.6,3,318487620,117,31.5078,31.9501,0.4422
300M,chip_119_323_merged.tif,0.6,4,2085364637,117,30.0315,31.5992,1.5677
300M,chip_119_323_merged.tif,0.8,0,1077054204,156,30.7516,31.8462,1.0946
300M,chip_119_323_merged.tif,0.8,1,696447573,156,30.723,31.5721,0.8491
300M,chip_119_323_merged.tif,0.8,2,315840942,156,30.9161,31.3281,0.412
300M,chip_119_323_merged.tif,0.8,3,1983379072,156,30.735,31.6379,0.9029
300M,chip_119_323_merged.tif,0.8,4,1602772441,156,30.6949,31.5781,0.8831
300M,chip_119_505_merged.tif,0.2,0,1332484276,39,32.5446,36.4263,3.8816
300M,chip_119_505_merged.tif,0.2,1,951877645,39,32.5451,35.6739,3.1288
300M,chip_119_505_merged.tif,0.2,2,571271014,39,34.7046,35.4376,0.733
300M,chip_119_505_merged.tif,0.2,3,91325496,39,33.6155,36.2398,2.6243
300M,chip_119_505_merged.tif,0.2,4,1858202513,39,35.6104,35.6427,0.0323
300M,chip_119_505_merged.tif,0.4,0,366548093,78,32.3935,35.1026,2.7091
300M,chip_119_505_merged.tif,0.4,1,2133425110,78,31.777,35.0748,3.2979
300M,chip_119_505_merged.tif,0.4,2,1653479592,78,32.4108,34.09,1.6793
300M,chip_119_505_merged.tif,0.4,3,1272872961,78,32.0036,34.4001,2.3965
300M,chip_119_505_merged.tif,0.4,4,792927443,78,32.1696,34.6554,2.4858
300M,chip_119_505_merged.tif,0.6,0,428570736,117,32.0518,34.6663,2.6145
300M,chip_119_505_merged.tif,0.6,1,47964105,117,32.5881,33.9772,1.3891
300M,chip_119_505_merged.tif,0.6,2,1715502235,117,31.8859,34.1088,2.2229
300M,chip_119_505_merged.tif,0.6,3,1334895604,117,32.5694,32.8708,0.3014
300M,chip_119_505_merged.tif,0.6,4,954288973,117,31.4287,34.4343,3.0056
300M,chip_119_505_merged.tif,0.8,0,2093462188,156,31.4659,33.0287,1.5627
300M,chip_119_505_merged.tif,0.8,1,1712855557,156,31.5905,32.1528,0.5623
300M,chip_119_505_merged.tif,0.8,2,1332248926,156,32.0681,33.2832,1.2152
300M,chip_119_505_merged.tif,0.8,3,852303408,156,31.618,33.0356,1.4176
300M,chip_119_505_merged.tif,0.8,4,471696777,156,32.09,33.3758,1.2859
300M,chip_120_559_merged.tif,0.2,0,1647144822,39,40.7324,41.1592,0.4268
300M,chip_120_559_merged.tif,0.2,1,1167199304,39,41.582,42.4903,0.9082
300M,chip_120_559_merged.tif,0.2,2,786592673,39,39.3977,41.0479,1.6502
300M,chip_120_559_merged.tif,0.2,3,306647155,39,38.732,41.3431,2.6111
300M,chip_120_559_merged.tif,0.2,4,2073524172,39,39.8035,40.7029,0.8995
300M,chip_120_559_merged.tif,0.4,0,1387190602,78,40.2944,40.866,0.5717
300M,chip_120_559_merged.tif,0.4,1,1006583971,78,37.7446,41.4035,3.6589
300M,chip_120_559_merged.tif,0.4,2,625977340,78,38.9183,40.6142,1.6959
300M,chip_120_559_merged.tif,0.4,3,146031822,78,38.1308,40.031,1.9002
300M,chip_120_559_merged.tif,0.4,4,1912908839,78,38.4315,40.623,2.1915
300M,chip_120_559_merged.tif,0.6,0,643892395,117,38.283,40.4601,2.177
300M,chip_120_559_merged.tif,0.6,1,263285764,117,39.0188,40.3256,1.3069
300M,chip_120_559_merged.tif,0.6,2,2030162781,117,39.7435,39.353,-0.3904
300M,chip_120_559_merged.tif,0.6,3,1550217263,117,38.3256,39.4435,1.118
300M,chip_120_559_merged.tif,0.6,4,1169610632,117,39.7088,39.9541,0.2453
300M,chip_120_559_merged.tif,0.8,0,260639086,156,37.7483,39.9577,2.2094
300M,chip_120_559_merged.tif,0.8,1,1928177216,156,38.1957,39.2286,1.0329
300M,chip_120_559_merged.tif,0.8,2,1547570585,156,37.1824,38.4529,1.2705
300M,chip_120_559_merged.tif,0.8,3,1067625067,156,37.2485,38.251,1.0025
300M,chip_120_559_merged.tif,0.8,4,687018436,156,37.8077,38.5086,0.701
300M,chip_121_466_merged.tif,0.2,0,448634045,39,33.6213,34.8705,1.2491
300M,chip_121_466_merged.tif,0.2,1,2116172175,39,34.0803,35.094,1.0136
300M,chip_121_466_merged.tif,0.2,2,1735565544,39,33.6213,34.975,1.3538
300M,chip_121_466_merged.tif,0.2,3,1354958913,39,31.9322,34.9736,3.0414
300M,chip_121_466_merged.tif,0.2,4,875013395,39,34.0517,34.9858,0.9341
300M,chip_121_466_merged.tif,0.4,0,1530842623,78,32.8302,34.4871,1.6569
300M,chip_121_466_merged.tif,0.4,1,1150235992,78,32.5623,35.2549,2.6926
300M,chip_121_466_merged.tif,0.4,2,769629361,78,33.1037,34.384,1.2803
300M,chip_121_466_merged.tif,0.4,3,289683843,78,33.2883,34.807,1.5187
300M,chip_121_466_merged.tif,0.4,4,2056560860,78,33.3458,33.8011,0.4553
300M,chip_121_466_merged.tif,0.6,0,1692204153,117,32.7229,33.2612,0.5384
300M,chip_121_466_merged.tif,0.6,1,1212258635,117,32.5184,33.5438,1.0254
300M,chip_121_466_merged.tif,0.6,2,831652004,117,32.5297,34.1312,1.6015
300M,chip_121_466_merged.tif,0.6,3,351706486,117,32.4507,33.5046,1.0539
300M,chip_121_466_merged.tif,0.6,4,2118583503,117,32.2421,33.8585,1.6163
300M,chip_121_466_merged.tif,0.8,0,1209611957,156,32.6042,32.8319,0.2277
300M,chip_121_466_merged.tif,0.8,1,729666439,156,32.5877,33.1215,0.5338
300M,chip_121_466_merged.tif,0.8,2,349059808,156,32.4387,33.6351,1.1964
300M,chip_121_466_merged.tif,0.8,3,2115936825,156,32.3117,33.2043,0.8926
300M,chip_121_466_merged.tif,0.8,4,1635991307,156,32.3021,33.4001,1.098
300M,chip_122_507_merged.tif,0.2,0,1414638939,39,32.5139,33.4736,0.9597
300M,chip_122_507_merged.tif,0.2,1,934693421,39,31.6023,34.8204,3.2181
300M,chip_122_507_merged.tif,0.2,2,554086790,39,30.266,33.995,3.729
300M,chip_122_507_merged.tif,0.2,3,74141272,39,30.4327,34.6288,4.196
300M,chip_122_507_merged.tif,0.2,4,1841018289,39,31.0447,34.5202,3.4756
300M,chip_122_507_merged.tif,0.4,0,349363869,78,30.4328,33.7592,3.3264
300M,chip_122_507_merged.tif,0.4,1,2116240886,78,30.6315,34.3332,3.7017
300M,chip_122_507_merged.tif,0.4,2,1636295368,78,31.5639,34.0891,2.5252
300M,chip_122_507_merged.tif,0.4,3,1255688737,78,31.45,34.11,2.66
300M,chip_122_507_merged.tif,0.4,4,875082106,78,30.2256,32.776,2.5504
300M,chip_122_507_merged.tif,0.6,0,510725399,117,30.1819,32.9205,2.7387
300M,chip_122_507_merged.tif,0.6,1,30779881,117,30.308,32.2035,1.8955
300M,chip_122_507_merged.tif,0.6,2,1797656898,117,30.0959,33.02,2.924
300M,chip_122_507_merged.tif,0.6,3,1317711380,117,30.1034,32.1506,2.0471
300M,chip_122_507_merged.tif,0.6,4,937104749,117,30.1047,33.162,3.0573
300M,chip_122_507_merged.tif,0.8,0,28133203,156,30.2935,31.488,1.1946
300M,chip_122_507_merged.tif,0.8,1,1695671333,156,30.3136,31.1244,0.8108
300M,chip_122_507_merged.tif,0.8,2,1315064702,156,30.2184,31.967,1.7486
300M,chip_122_507_merged.tif,0.8,3,835119184,156,30.2775,31.4399,1.1624
300M,chip_122_507_merged.tif,0.8,4,454512553,156,30.0802,31.3057,1.2256
300M,chip_123_393_merged.tif,0.2,0,537000070,39,34.7172,37.2606,2.5433
300M,chip_123_393_merged.tif,0.2,1,57054552,39,34.7642,37.5745,2.8103
300M,chip_123_393_merged.tif,0.2,2,1823931569,39,34.8532,37.6033,2.7501
300M,chip_123_393_merged.tif,0.2,3,1343986051,39,35.4604,37.4826,2.0222
300M,chip_123_393_merged.tif,0.2,4,963379420,39,35.9159,37.1644,1.2485
300M,chip_123_393_merged.tif,0.4,0,1619208648,78,34.448,37.0142,2.5662
300M,chip_123_393_merged.tif,0.4,1,1238602017,78,36.8588,37.0292,0.1704
300M,chip_123_393_merged.tif,0.4,2,758656499,78,36.8591,37.5284,0.6693
300M,chip_123_393_merged.tif,0.4,3,378049868,78,35.0505,37.0993,2.0488
300M,chip_123_393_merged.tif,0.4,4,2045587998,78,34.2228,37.2321,3.0093
300M,chip_123_393_merged.tif,0.6,0,875910441,117,36.7087,36.3379,-0.3708
300M,chip_123_393_merged.tif,0.6,1,495303810,117,35.2456,37.3775,2.1319
300M,chip_123_393_merged.tif,0.6,2,15358292,117,34.3524,36.8916,2.5392
300M,chip_123_393_merged.tif,0.6,3,1782235309,117,35.1775,36.7575,1.58
300M,chip_123_393_merged.tif,0.6,4,1302289791,117,34.3623,37.2692,2.9069
300M,chip_123_393_merged.tif,0.8,0,393318245,156,35.2619,36.0359,0.774
300M,chip_123_393_merged.tif,0.8,1,12711614,156,33.8557,35.6021,1.7464
300M,chip_123_393_merged.tif,0.8,2,1680249744,156,35.632,36.565,0.933
300M,chip_123_393_merged.tif,0.8,3,1299643113,156,34.9792,35.8166,0.8374
300M,chip_123_393_merged.tif,0.8,4,919036482,156,33.8678,35.6101,1.7423
300M,chip_123_434_merged.tif,0.2,0,1158469743,39,39.6291,40.7023,1.0732
300M,chip_123_434_merged.tif,0.2,1,777863112,39,39.6277,41.9562,2.3285
300M,chip_123_434_merged.tif,0.2,2,397256481,39,39.7234,40.7704,1.047
300M,chip_123_434_merged.tif,0.2,3,2064794611,39,39.8946,40.0548,0.1602
300M,chip_123_434_merged.tif,0.2,4,1684187980,39,39.8712,40.1923,0.321
300M,chip_123_434_merged.tif,0.4,0,997854410,78,35.384,40.2608,4.8768
300M,chip_123_434_merged.tif,0.4,1,617247779,78,36.5288,40.0057,3.4769
300M,chip_123_434_merged.tif,0.4,2,137302261,78,39.0196,38.4525,-0.5671
300M,chip_123_434_merged.tif,0.4,3,1904179278,78,34.0697,40.1062,6.0366
300M,chip_123_434_merged.tif,0.4,4,1424233760,78,35.7479,40.3851,4.6373
300M,chip_123_434_merged.tif,0.6,0,254556203,117,38.9688,39.5192,0.5503
300M,chip_123_434_merged.tif,0.6,1,2021433220,117,36.2104,38.9508,2.7404
300M,chip_123_434_merged.tif,0.6,2,1541487702,117,38.426,37.8469,-0.5791
300M,chip_123_434_merged.tif,0.6,3,1160881071,117,35.3101,37.0167,1.7066
300M,chip_123_434_merged.tif,0.6,4,680935553,117,35.2965,40.4887,5.1922
300M,chip_123_434_merged.tif,0.8,0,1919447655,156,36.0367,36.4753,0.4385
300M,chip_123_434_merged.tif,0.8,1,1538841024,156,36.1795,39.3121,3.1326
300M,chip_123_434_merged.tif,0.8,2,1158234393,156,35.4581,39.0064,3.5483
300M,chip_123_434_merged.tif,0.8,3,678288875,156,36.1427,37.2641,1.1214
300M,chip_123_434_merged.tif,0.8,4,297682244,156,35.5701,37.1594,1.5893
300M,chip_123_448_merged.tif,0.2,0,194197700,39,38.6087,39.5133,0.9046
300M,chip_123_448_merged.tif,0.2,1,1961074717,39,39.3049,39.0606,-0.2443
300M,chip_123_448_merged.tif,0.2,2,1580468086,39,38.8477,38.9668,0.1191
300M,chip_123_448_merged.tif,0.2,3,1100522568,39,39.0743,38.6131,-0.4612
300M,chip_123_448_merged.tif,0.2,4,719915937,39,37.5317,38.6148,1.0832
300M,chip_123_448_merged.tif,0.4,0,33582367,78,37.7919,38.7955,1.0036
300M,chip_123_448_merged.tif,0.4,1,1800459384,78,38.1639,38.6701,0.5062
300M,chip_123_448_merged.tif,0.4,2,1320513866,78,37.109,38.5727,1.4638
300M,chip_123_448_merged.tif,0.4,3,939907235,78,38.8124,38.8234,0.011
300M,chip_123_448_merged.tif,0.4,4,559300604,78,38.291,37.9587,-0.3324
300M,chip_123_448_merged.tif,0.6,0,1437767808,117,38.3179,38.4757,0.1578
300M,chip_123_448_merged.tif,0.6,1,1057161177,117,38.5661,38.1615,-0.4046
300M,chip_123_448_merged.tif,0.6,2,577215659,117,38.3484,38.7789,0.4305
300M,chip_123_448_merged.tif,0.6,3,196609028,117,37.9649,38.1859,0.221
300M,chip_123_448_merged.tif,0.6,4,1963486045,117,38.5548,38.5317,-0.0231
300M,chip_123_448_merged.tif,0.8,0,955175612,156,37.9629,38.4224,0.4595
300M,chip_123_448_merged.tif,0.8,1,574568981,156,38.0629,37.6789,-0.384
300M,chip_123_448_merged.tif,0.8,2,193962350,156,37.9328,37.557,-0.3758
300M,chip_123_448_merged.tif,0.8,3,1861500480,156,36.5722,38.0646,1.4924
300M,chip_123_448_merged.tif,0.8,4,1480893849,156,36.5706,37.8577,1.2872
300M,chip_123_507_merged.tif,0.2,0,2022809603,39,30.6988,34.4759,3.7771
300M,chip_123_507_merged.tif,0.2,1,1642202972,39,30.0477,32.0479,2.0002
300M,chip_123_507_merged.tif,0.2,2,1162257454,39,32.3514,34.5741,2.2227
300M,chip_123_507_merged.tif,0.2,3,781650823,39,31.8281,34.4448,2.6168
300M,chip_123_507_merged.tif,0.2,4,301705305,39,31.24,33.0233,1.7833
300M,chip_123_507_merged.tif,0.4,0,1056873420,78,30.486,33.3054,2.8194
300M,chip_123_507_merged.tif,0.4,1,576927902,78,30.9723,32.2931,1.3208
300M,chip_123_507_merged.tif,0.4,2,196321271,78,29.6817,32.631,2.9493
300M,chip_123_507_merged.tif,0.4,3,1863859401,78,30.7473,32.7778,2.0305
300M,chip_123_507_merged.tif,0.4,4,1483252770,78,30.6024,33.0048,2.4024
300M,chip_123_507_merged.tif,0.6,0,1118896063,117,29.3096,32.0832,2.7736
300M,chip_123_507_merged.tif,0.6,1,738289432,117,30.4119,32.0798,1.6678
300M,chip_123_507_merged.tif,0.6,2,258343914,117,29.5208,32.2424,2.7216
300M,chip_123_507_merged.tif,0.6,3,2025220931,117,29.2161,31.6628,2.4466
300M,chip_123_507_merged.tif,0.6,4,1545275413,117,29.1885,31.9326,2.7442
300M,chip_123_507_merged.tif,0.8,0,636303867,156,29.4947,30.7122,1.2175
300M,chip_123_507_merged.tif,0.8,1,255697236,156,29.5043,30.8956,1.3913
300M,chip_123_507_merged.tif,0.8,2,1923235366,156,29.2091,30.9416,1.7325
300M,chip_123_507_merged.tif,0.8,3,1542628735,156,30.0704,30.9328,0.8624
300M,chip_123_507_merged.tif,0.8,4,1062683217,156,29.2039,29.9208,0.7168
300M,chip_123_560_merged.tif,0.2,0,835749987,39,39.9012,42.4978,2.5966
300M,chip_123_560_merged.tif,0.2,1,455143356,39,39.9006,42.0836,2.183
300M,chip_123_560_merged.tif,0.2,2,2122681486,39,39.9963,42.8766,2.8803
300M,chip_123_560_merged.tif,0.2,3,1742074855,39,40.6281,41.4032,0.7751
300M,chip_123_560_merged.tif,0.2,4,1262129337,39,42.0208,43.2452,1.2245
300M,chip_123_560_merged.tif,0.4,0,675134654,78,40.8492,42.978,2.1289
300M,chip_123_560_merged.tif,0.4,1,195189136,78,42.3565,42.6108,0.2543
300M,chip_123_560_merged.tif,0.4,2,1962066153,78,40.2413,42.7593,2.518
300M,chip_123_560_merged.tif,0.4,3,1482120635,78,41.3311,42.573,1.2419
300M,chip_123_560_merged.tif,0.4,4,1101514004,78,41.9318,42.375,0.4431
300M,chip_123_560_merged.tif,0.6,0,2079320095,117,41.4535,41.778,0.3245
300M,chip_123_560_merged.tif,0.6,1,1599374577,117,40.8887,41.4504,0.5617
300M,chip_123_560_merged.tif,0.6,2,1218767946,117,40.5911,41.4153,0.8242
300M,chip_123_560_merged.tif,0.6,3,738822428,117,40.4345,41.749,1.3146
300M,chip_123_560_merged.tif,0.6,4,358215797,117,40.3284,41.7308,1.4024
300M,chip_123_560_merged.tif,0.8,0,1596727899,156,41.0298,40.8084,-0.2214
300M,chip_123_560_merged.tif,0.8,1,1216121268,156,41.2148,41.2966,0.0818
300M,chip_123_560_merged.tif,0.8,2,736175750,156,41.0248,41.4834,0.4587
300M,chip_123_560_merged.tif,0.8,3,355569119,156,41.1609,41.6862,0.5253
300M,chip_123_560_merged.tif,0.8,4,2023107249,156,41.0507,40.9043,-0.1464
300M,chip_124_123_merged.tif,0.2,0,114624796,39,35.8311,37.6132,1.7821
300M,chip_124_123_merged.tif,0.2,1,1881501813,39,31.4968,38.472,6.9752
300M,chip_124_123_merged.tif,0.2,2,1401556295,39,34.6676,38.7685,4.1008
300M,chip_124_123_merged.tif,0.2,3,1020949664,39,35.8323,37.4106,1.5783
300M,chip_124_123_merged.tif,0.2,4,640343033,39,31.4969,38.6175,7.1206
300M,chip_124_123_merged.tif,0.4,0,2101493111,78,35.353,36.3828,1.0298
300M,chip_124_123_merged.tif,0.4,1,1720886480,78,35.7168,37.0055,1.2886
300M,chip_124_123_merged.tif,0.4,2,1240940962,78,35.1515,36.3494,1.1979
300M,chip_124_123_merged.tif,0.4,3,860334331,78,36.1169,37.7474,1.6305
300M,chip_124_123_merged.tif,0.4,4,380388813,78,35.1527,37.7705,2.6178
300M,chip_124_123_merged.tif,0.6,0,1358194904,117,31.4334,36.5422,5.1088
300M,chip_124_123_merged.tif,0.6,1,977588273,117,33.1127,36.9361,3.8234
300M,chip_124_123_merged.tif,0.6,2,497642755,117,33.0895,36.6476,3.5581
300M,chip_124_123_merged.tif,0.6,3,117036124,117,35.3631,38.2218,2.8587
300M,chip_124_123_merged.tif,0.6,4,1784574254,117,33.7951,37.8028,4.0077
300M,chip_124_123_merged.tif,0.8,0,875602708,156,32.236,35.4701,3.2341
300M,chip_124_123_merged.tif,0.8,1,494996077,156,32.8532,33.7349,0.8817
300M,chip_124_123_merged.tif,0.8,2,15050559,156,31.9933,32.6924,0.6991
300M,chip_124_123_merged.tif,0.8,3,1781927576,156,32.0199,35.1286,3.1087
300M,chip_124_123_merged.tif,0.8,4,1401320945,156,33.2289,35.2124,1.9835
300M,chip_124_433_merged.tif,0.2,0,1483230851,39,40.7789,40.8975,0.1185
300M,chip_124_433_merged.tif,0.2,1,1102624220,39,41.8345,40.0115,-1.8231
300M,chip_124_433_merged.tif,0.2,2,622678702,39,38.9466,40.8363,1.8897
300M,chip_124_433_merged.tif,0.2,3,242072071,39,38.3841,40.3332,1.9491
300M,chip_124_433_merged.tif,0.2,4,1909610201,39,38.321,40.7024,2.3813
300M,chip_124_433_merged.tif,0.4,0,517294668,78,39.4461,39.9085,0.4624
300M,chip_124_433_merged.tif,0.4,1,37349150,78,38.8358,40.6534,1.8176
300M,chip_124_433_merged.tif,0.4,2,1804226167,78,38.336,40.7625,2.4265
300M,chip_124_433_merged.tif,0.4,3,1324280649,78,38.6745,40.3665,1.6921
300M,chip_124_433_merged.tif,0.4,4,943674018,78,38.0606,40.6255,2.5649
300M,chip_124_433_merged.tif,0.6,0,579317311,117,38.9657,40.0278,1.0621
300M,chip_124_433_merged.tif,0.6,1,99371793,117,38.1951,39.3365,1.1414
300M,chip_124_433_merged.tif,0.6,2,1866248810,117,37.6169,40.4323,2.8154
300M,chip_124_433_merged.tif,0.6,3,1485642179,117,38.5557,39.9153,1.3596
300M,chip_124_433_merged.tif,0.6,4,1005696661,117,38.0762,40.306,2.2298
300M,chip_124_433_merged.tif,0.8,0,96725115,156,38.3539,39.6362,1.2823
300M,chip_124_433_merged.tif,0.8,1,1863602132,156,38.1257,39.5112,1.3855
300M,chip_124_433_merged.tif,0.8,2,1383656614,156,38.0161,39.6652,1.6491
300M,chip_124_433_merged.tif,0.8,3,1003049983,156,38.0206,39.7053,1.6846
300M,chip_124_433_merged.tif,0.8,4,523104465,156,38.3461,39.2195,0.8734
300M,chip_124_441_merged.tif,0.2,0,461439683,39,36.9586,39.7636,2.8049
300M,chip_124_441_merged.tif,0.2,1,80833052,39,39.9769,39.9244,-0.0525
300M,chip_124_441_merged.tif,0.2,2,1847710069,39,38.7492,39.8994,1.1502
300M,chip_124_441_merged.tif,0.2,3,1367764551,39,40.2098,39.4615,-0.7483
300M,chip_124_441_merged.tif,0.2,4,987157920,39,36.7537,39.9432,3.1895
300M,chip_124_441_merged.tif,0.4,0,1642987148,78,38.782,39.6889,0.9069
300M,chip_124_441_merged.tif,0.4,1,1262380517,78,38.2406,39.5767,1.3361
300M,chip_124_441_merged.tif,0.4,2,782434999,78,37.5039,39.4782,1.9743
300M,chip_124_441_merged.tif,0.4,3,401828368,78,37.6454,40.4415,2.7961
300M,chip_124_441_merged.tif,0.4,4,2069366498,78,39.0042,39.6929,0.6886
300M,chip_124_441_merged.tif,0.6,0,1705009791,117,38.4818,39.6491,1.1672
300M,chip_124_441_merged.tif,0.6,1,1324403160,117,38.5353,39.5913,1.056
300M,chip_124_441_merged.tif,0.6,2,844457642,117,37.1541,38.8073,1.6532
300M,chip_124_441_merged.tif,0.6,3,463851011,117,37.5784,38.7481,1.1697
300M,chip_124_441_merged.tif,0.6,4,83244380,117,38.7133,39.8808,1.1675
300M,chip_124_441_merged.tif,0.8,0,1222417595,156,37.3542,38.764,1.4098
300M,chip_124_441_merged.tif,0.8,1,841810964,156,37.4012,38.6371,1.2359
300M,chip_124_441_merged.tif,0.8,2,461204333,156,37.285,39.2593,1.9743
300M,chip_124_441_merged.tif,0.8,3,2128742463,156,37.3404,39.2062,1.8658
300M,chip_124_441_merged.tif,0.8,4,1748135832,156,37.2769,39.1684,1.8915
300M,chip_124_479_merged.tif,0.2,0,1506430446,39,34.8909,35.8297,0.9388
300M,chip_124_479_merged.tif,0.2,1,1125823815,39,32.6073,36.3017,3.6944
300M,chip_124_479_merged.tif,0.2,2,745217184,39,33.1743,34.8565,1.6822
300M,chip_124_479_merged.tif,0.2,3,265271666,39,31.8024,35.5417,3.7393
300M,chip_124_479_merged.tif,0.2,4,2032148683,39,32.1342,36.6357,4.5016
300M,chip_124_479_merged.tif,0.4,0,1345815113,78,32.356,34.6818,2.3257
300M,chip_124_479_merged.tif,0.4,1,965208482,78,33.2334,34.9637,1.7303
300M,chip_124_479_merged.tif,0.4,2,485262964,78,32.3168,34.8542,2.5374
300M,chip_124_479_merged.tif,0.4,3,104656333,78,33.0329,36.0371,3.0041
300M,chip_124_479_merged.tif,0.4,4,1772194463,78,32.4923,34.7709,2.2786
300M,chip_124_479_merged.tif,0.6,0,602516906,117,31.5096,35.3264,3.8168
300M,chip_124_479_merged.tif,0.6,1,221910275,117,32.4725,34.0241,1.5516
300M,chip_124_479_merged.tif,0.6,2,1889448405,117,32.4917,34.0672,1.5755
300M,chip_124_479_merged.tif,0.6,3,1508841774,117,32.7242,34.166,1.4418
300M,chip_124_479_merged.tif,0.6,4,1128235143,117,32.4927,33.8677,1.375
300M,chip_124_479_merged.tif,0.8,0,119924710,156,31.3725,33.7958,2.4232
300M,chip_124_479_merged.tif,0.8,1,1886801727,156,31.6051,33.2068,1.6017
300M,chip_124_479_merged.tif,0.8,2,1506195096,156,31.5921,33.8277,2.2356
300M,chip_124_479_merged.tif,0.8,3,1026249578,156,31.2089,33.2838,2.0749
300M,chip_124_479_merged.tif,0.8,4,645642947,156,31.7878,33.4571,1.6693
300M,chip_125_124_merged.tif,0.2,0,1620452063,39,33.4745,37.1228,3.6483
300M,chip_125_124_merged.tif,0.2,1,1239845432,39,33.0433,36.3602,3.317
300M,chip_125_124_merged.tif,0.2,2,859238801,39,32.1925,37.2593,5.0668
300M,chip_125_124_merged.tif,0.2,3,379293283,39,30.6202,36.2852,5.6651
300M,chip_125_124_merged.tif,0.2,4,2146170300,39,31.1635,37.0065,5.843
300M,chip_125_124_merged.tif,0.4,0,1459836730,78,33.6814,36.9334,3.252
300M,chip_125_124_merged.tif,0.4,1,1079230099,78,34.4962,36.2538,1.7576
300M,chip_125_124_merged.tif,0.4,2,599284581,78,32.981,36.8483,3.8673
300M,chip_125_124_merged.tif,0.4,3,218677950,78,33.2018,36.586,3.3843
300M,chip_125_124_merged.tif,0.4,4,1985554967,78,33.88,35.6406,1.7606
300M,chip_125_124_merged.tif,0.6,0,716538523,117,31.2877,35.5143,4.2266
300M,chip_125_124_merged.tif,0.6,1,335931892,117,31.9036,33.9394,2.0358
300M,chip_125_124_merged.tif,0.6,2,2003470022,117,32.5155,36.0765,3.561
300M,chip_125_124_merged.tif,0.6,3,1622863391,117,33.3913,35.7571,2.3658
300M,chip_125_124_merged.tif,0.6,4,1242256760,117,31.2782,34.1825,2.9044
300M,chip_125_124_merged.tif,0.8,0,233946327,156,33.2202,33.4264,0.2062
300M,chip_125_124_merged.tif,0.8,1,2000823344,156,33.3628,32.4749,-0.8879
300M,chip_125_124_merged.tif,0.8,2,1620216713,156,33.228,33.0329,-0.1952
300M,chip_125_124_merged.tif,0.8,3,1140271195,156,33.3925,33.86,0.4675
300M,chip_125_124_merged.tif,0.8,4,759664564,156,32.1946,33.8715,1.677
300M,chip_125_433_merged.tif,0.2,0,983798491,39,39.757,41.8786,2.1216
300M,chip_125_433_merged.tif,0.2,1,603191860,39,39.5913,41.7518,2.1605
300M,chip_125_433_merged.tif,0.2,2,123246342,39,40.0936,39.2049,-0.8887
300M,chip_125_433_merged.tif,0.2,3,1890123359,39,40.0947,41.1525,1.0578
300M,chip_125_433_merged.tif,0.2,4,1410177841,39,41.5504,37.809,-3.7414
300M,chip_125_433_merged.tif,0.4,0,823183158,78,39.1612,39.9111,0.7499
300M,chip_125_433_merged.tif,0.4,1,343237640,78,39.1616,41.2906,2.129
300M,chip_125_433_merged.tif,0.4,2,2110114657,78,39.0369,39.2642,0.2273
300M,chip_125_433_merged.tif,0.4,3,1729508026,78,38.9332,40.1372,1.2039
300M,chip_125_433_merged.tif,0.4,4,1249562508,78,39.2673,41.8112,2.5439
300M,chip_125_433_merged.tif,0.6,0,79884951,117,39.2648,39.6533,0.3885
300M,chip_125_433_merged.tif,0.6,1,1747423081,117,38.4043,39.6845,1.2802
300M,chip_125_433_merged.tif,0.6,2,1366816450,117,38.4161,40.9512,2.5351
300M,chip_125_433_merged.tif,0.6,3,986209819,117,38.6901,39.9521,1.262
300M,chip_125_433_merged.tif,0.6,4,506264301,117,38.9282,39.6018,0.6735
300M,chip_125_433_merged.tif,0.8,0,1744776403,156,38.3881,38.6633,0.2752
300M,chip_125_433_merged.tif,0.8,1,1364169772,156,38.8084,39.2847,0.4764
300M,chip_125_433_merged.tif,0.8,2,884224254,156,38.7734,40.1957,1.4224
300M,chip_125_433_merged.tif,0.8,3,503617623,156,38.4323,39.9542,1.522
300M,chip_125_433_merged.tif,0.8,4,23672105,156,38.6284,39.3531,0.7247
300M,chip_125_436_merged.tif,0.2,0,1408341486,39,39.6489,40.6485,0.9996
300M,chip_125_436_merged.tif,0.2,1,928395968,39,39.2513,38.8834,-0.3679
300M,chip_125_436_merged.tif,0.2,2,547789337,39,35.2022,39.7807,4.5784
300M,chip_125_436_merged.tif,0.2,3,167182706,39,38.8451,39.7212,0.876
300M,chip_125_436_merged.tif,0.2,4,1834720836,39,35.3168,39.6893,4.3725
300M,chip_125_436_merged.tif,0.4,0,1247726153,78,38.0998,40.0425,1.9427
300M,chip_125_436_merged.tif,0.4,1,767780635,78,35.3286,39.5464,4.2178
300M,chip_125_436_merged.tif,0.4,2,387174004,78,37.381,39.5811,2.2001
300M,chip_125_436_merged.tif,0.4,3,2054712134,78,35.6576,39.2046,3.547
300M,chip_125_436_merged.tif,0.4,4,1674105503,78,35.5372,39.8222,4.2849
300M,chip_125_436_merged.tif,0.6,0,504427946,117,36.7166,38.3665,1.6499
300M,chip_125_436_merged.tif,0.6,1,24482428,117,35.3545,39.0222,3.6677
300M,chip_125_436_merged.tif,0.6,2,1791359445,117,36.1157,38.766,2.6503
300M,chip_125_436_merged.tif,0.6,3,1311413927,117,36.6017,37.5355,0.9338
300M,chip_125_436_merged.tif,0.6,4,930807296,117,36.5186,38.7962,2.2776
300M,chip_125_436_merged.tif,0.8,0,21835750,156,36.011,37.8778,1.8669
300M,chip_125_436_merged.tif,0.8,1,1689373880,156,37.0383,37.902,0.8637
300M,chip_125_436_merged.tif,0.8,2,1308767249,156,35.7811,37.7077,1.9266
300M,chip_125_436_merged.tif,0.8,3,928160618,156,37.053,37.6477,0.5947
300M,chip_125_436_merged.tif,0.8,4,448215100,156,36.4163,37.0895,0.6732
300M,chip_125_445_merged.tif,0.2,0,264850270,39,37.57,37.5863,0.0163
300M,chip_125_445_merged.tif,0.2,1,1932388400,39,37.5695,40.3545,2.785
300M,chip_125_445_merged.tif,0.2,2,1551781769,39,41.3557,41.1168,-0.2389
300M,chip_125_445_merged.tif,0.2,3,1071836251,39,39.725,40.4651,0.7401
300M,chip_125_445_merged.tif,0.2,4,691229620,39,38.2692,38.9113,0.6421
300M,chip_125_445_merged.tif,0.4,0,4896050,78,38.4058,39.0453,0.6395
300M,chip_125_445_merged.tif,0.4,1,1771773067,78,38.1705,40.3835,2.213
300M,chip_125_445_merged.tif,0.4,2,1391166436,78,40.9767,40.075,-0.9017
300M,chip_125_445_merged.tif,0.4,3,911220918,78,40.3442,38.981,-1.3632
300M,chip_125_445_merged.tif,0.4,4,530614287,78,38.3844,40.2452,1.8608
300M,chip_125_445_merged.tif,0.6,0,1409081491,117,39.4378,38.168,-1.2697
300M,chip_125_445_merged.tif,0.6,1,1028474860,117,39.427,39.4645,0.0375
300M,chip_125_445_merged.tif,0.6,2,647868229,117,39.4398,38.4475,-0.9923
300M,chip_125_445_merged.tif,0.6,3,167922711,117,39.1475,39.4611,0.3136
300M,chip_125_445_merged.tif,0.6,4,1934799728,117,39.1599,39.8195,0.6596
300M,chip_125_445_merged.tif,0.8,0,1025828182,156,37.902,39.1262,1.2242
300M,chip_125_445_merged.tif,0.8,1,545882664,156,39.033,37.4192,-1.6139
300M,chip_125_445_merged.tif,0.8,2,165276033,156,38.1274,37.5852,-0.5422
300M,chip_125_445_merged.tif,0.8,3,1832814163,156,37.8944,38.8581,0.9637
300M,chip_125_445_merged.tif,0.8,4,1452207532,156,39.0481,37.6133,-1.4348
300M,chip_125_503_merged.tif,0.2,0,408642547,39,34.7237,35.3833,0.6596
300M,chip_125_503_merged.tif,0.2,1,28035916,39,34.7242,34.3398,-0.3844
300M,chip_125_503_merged.tif,0.2,2,1695574046,39,32.0674,35.0378,2.9705
300M,chip_125_503_merged.tif,0.2,3,1314967415,39,34.7233,34.1513,-0.5721
300M,chip_125_503_merged.tif,0.2,4,835021897,39,33.9702,35.2249,1.2547
300M,chip_125_503_merged.tif,0.4,0,248027214,78,33.1086,34.6637,1.5551
300M,chip_125_503_merged.tif,0.4,1,1915565344,78,29.8815,33.3617,3.4801
300M,chip_125_503_merged.tif,0.4,2,1534958713,78,28.833,34.3415,5.5085
300M,chip_125_503_merged.tif,0.4,3,1055013195,78,29.6402,34.2477,4.6074
300M,chip_125_503_merged.tif,0.4,4,674406564,78,33.3527,33.6835,0.3309
300M,chip_125_503_merged.tif,0.6,0,1652212655,117,30.3545,32.9416,2.5871
300M,chip_125_503_merged.tif,0.6,1,1172267137,117,31.8047,32.74,0.9352
300M,chip_125_503_merged.tif,0.6,2,791660506,117,31.1824,33.2631,2.0807
300M,chip_125_503_merged.tif,0.6,3,311714988,117,30.0796,32.9602,2.8806
300M,chip_125_503_merged.tif,0.6,4,2078592005,117,30.3437,32.855,2.5113
300M,chip_125_503_merged.tif,0.8,0,1169620459,156,30.6807,31.8193,1.1386
300M,chip_125_503_merged.tif,0.8,1,789013828,156,30.6068,32.3132,1.7064
300M,chip_125_503_merged.tif,0.8,2,309068310,156,30.9453,31.9946,1.0493
300M,chip_125_503_merged.tif,0.8,3,2075945327,156,30.9473,32.7042,1.7569
300M,chip_125_503_merged.tif,0.8,4,1595999809,156,30.6229,31.2356,0.6127
300M,chip_126_124_merged.tif,0.2,0,962959877,39,31.1199,35.8354,4.7155
300M,chip_126_124_merged.tif,0.2,1,483014359,39,33.167,37.0131,3.8461
300M,chip_126_124_merged.tif,0.2,2,102407728,39,31.8223,35.4691,3.6468
300M,chip_126_124_merged.tif,0.2,3,1869284745,39,31.5087,36.903,5.3942
300M,chip_126_124_merged.tif,0.2,4,1389339227,39,33.6683,35.7826,2.1143
300M,chip_126_124_merged.tif,0.4,0,2045168455,78,32.7616,34.3567,1.5951
300M,chip_126_124_merged.tif,0.4,1,1664561824,78,29.9575,34.7546,4.7971
300M,chip_126_124_merged.tif,0.4,2,1184616306,78,32.2502,33.6823,1.4322
300M,chip_126_124_merged.tif,0.4,3,804009675,78,31.8448,34.651,2.8062
300M,chip_126_124_merged.tif,0.4,4,423403044,78,31.8458,35.2924,3.4466
300M,chip_126_124_merged.tif,0.6,0,59046337,117,31.7077,33.6046,1.8969
300M,chip_126_124_merged.tif,0.6,1,1726584467,117,31.7407,33.9394,2.1987
300M,chip_126_124_merged.tif,0.6,2,1345977836,117,29.0263,33.57,4.5437
300M,chip_126_124_merged.tif,0.6,3,866032318,117,29.6541,34.0604,4.4063
300M,chip_126_124_merged.tif,0.6,4,485425687,117,30.8749,34.1362,3.2613
300M,chip_126_124_merged.tif,0.8,0,1723937789,156,30.6201,32.1421,1.522
300M,chip_126_124_merged.tif,0.8,1,1243992271,156,29.4775,32.0836,2.6061
300M,chip_126_124_merged.tif,0.8,2,863385640,156,31.0574,32.3815,1.324
300M,chip_126_124_merged.tif,0.8,3,482779009,156,31.0641,32.1209,1.0568
300M,chip_126_124_merged.tif,0.8,4,2833491,156,30.6643,32.0908,1.4264
300M,chip_126_357_merged.tif,0.2,0,746454967,39,33.257,36.3705,3.1134
300M,chip_126_357_merged.tif,0.2,1,365848336,39,33.3458,36.8363,3.4904
300M,chip_126_357_merged.tif,0.2,2,2132725353,39,34.8788,36.3896,1.5108
300M,chip_126_357_merged.tif,0.2,3,1652779835,39,33.6202,36.136,2.5158
300M,chip_126_357_merged.tif,0.2,4,1272173204,39,35.2012,36.1399,0.9387
300M,chip_126_357_merged.tif,0.4,0,585839634,78,33.8245,35.8343,2.0098
300M,chip_126_357_merged.tif,0.4,1,205233003,78,31.9874,35.747,3.7596
300M,chip_126_357_merged.tif,0.4,2,1872771133,78,33.6761,36.2075,2.5314
300M,chip_126_357_merged.tif,0.4,3,1492164502,78,31.9873,34.8329,2.8456
300M,chip_126_357_merged.tif,0.4,4,1111557871,78,33.676,35.9684,2.2924
300M,chip_126_357_merged.tif,0.6,0,1990025075,117,34.1229,35.6534,1.5305
300M,chip_126_357_merged.tif,0.6,1,1609418444,117,34.1826,35.074,0.8914
300M,chip_126_357_merged.tif,0.6,2,1129472926,117,33.381,35.1933,1.8123
300M,chip_126_357_merged.tif,0.6,3,748866295,117,32.8905,35.7125,2.822
300M,chip_126_357_merged.tif,0.6,4,368259664,117,32.4968,34.949,2.4522
300M,chip_126_357_merged.tif,0.8,0,1507432879,156,33.0576,34.5771,1.5195
300M,chip_126_357_merged.tif,0.8,1,1126826248,156,33.0657,33.8835,0.8178
300M,chip_126_357_merged.tif,0.8,2,746219617,156,32.6183,34.4424,1.8241
300M,chip_126_357_merged.tif,0.8,3,266274099,156,32.8767,34.5316,1.6549
300M,chip_126_357_merged.tif,0.8,4,2033151116,156,32.947,34.548,1.601
300M,chip_127_445_merged.tif,0.2,0,1875076242,39,39.2199,37.9599,-1.26
300M,chip_127_445_merged.tif,0.2,1,1395130724,39,40.5762,39.1916,-1.3847
300M,chip_127_445_merged.tif,0.2,2,1014524093,39,39.6447,39.993,0.3483
300M,chip_127_445_merged.tif,0.2,3,534578575,39,37.1405,37.6492,0.5087
300M,chip_127_445_merged.tif,0.2,4,153971944,39,38.5484,40.2311,1.6827
300M,chip_127_445_merged.tif,0.4,0,1615122022,78,39.4025,38.7732,-0.6293
300M,chip_127_445_merged.tif,0.4,1,1234515391,78,37.4997,37.9444,0.4446
300M,chip_127_445_merged.tif,0.4,2,754569873,78,37.2168,37.5736,0.3568
300M,chip_127_445_merged.tif,0.4,3,373963242,78,36.7456,38.5294,1.7838
300M,chip_127_445_merged.tif,0.4,4,2140840259,78,39.3494,39.2244,-0.125
300M,chip_127_445_merged.tif,0.6,0,871823815,117,36.3942,39.3434,2.9492
300M,chip_127_445_merged.tif,0.6,1,491217184,117,38.7985,38.1827,-0.6157
300M,chip_127_445_merged.tif,0.6,2,11271666,117,37.3788,38.2615,0.8826
300M,chip_127_445_merged.tif,0.6,3,1778148683,117,38.7694,39.0649,0.2955
300M,chip_127_445_merged.tif,0.6,4,1397542052,117,36.6474,38.9945,2.3471
300M,chip_127_445_merged.tif,0.8,0,389231619,156,36.8542,37.6212,0.767
300M,chip_127_445_merged.tif,0.8,1,8624988,156,38.3848,37.3023,-1.0824
300M,chip_127_445_merged.tif,0.8,2,1775502005,156,38.0271,37.9765,-0.0506
300M,chip_127_445_merged.tif,0.8,3,1295556487,156,37.2104,38.1283,0.9178
300M,chip_127_445_merged.tif,0.8,4,914949856,156,36.8787,37.5778,0.699
300M,chip_128_478_merged.tif,0.2,0,970478679,39,34.357,35.9126,1.5556
300M,chip_128_478_merged.tif,0.2,1,490533161,39,34.2542,35.91,1.6558
300M,chip_128_478_merged.tif,0.2,2,109926530,39,34.1239,34.4469,0.3229
300M,chip_128_478_merged.tif,0.2,3,1777464660,39,34.1221,36.0307,1.9085
300M,chip_128_478_merged.tif,0.2,4,1396858029,39,32.9962,35.6451,2.6489
300M,chip_128_478_merged.tif,0.4,0,710524459,78,31.4347,35.0142,3.5795
300M,chip_128_478_merged.tif,0.4,1,329917828,78,31.4812,34.0702,2.589
300M,chip_128_478_merged.tif,0.4,2,2096794845,78,31.4814,35.337,3.8555
300M,chip_128_478_merged.tif,0.4,3,1616849327,78,31.0724,34.7198,3.6474
300M,chip_128_478_merged.tif,0.4,4,1236242696,78,32.9743,34.1753,1.201
300M,chip_128_478_merged.tif,0.6,0,2114709900,117,30.7126,33.7649,3.0523
300M,chip_128_478_merged.tif,0.6,1,1734103269,117,31.1446,34.2434,3.0989
300M,chip_128_478_merged.tif,0.6,2,1353496638,117,31.4625,34.5504,3.0879
300M,chip_128_478_merged.tif,0.6,3,873551120,117,31.778,33.2154,1.4374
300M,chip_128_478_merged.tif,0.6,4,492944489,117,32.1471,33.4038,1.2568
300M,chip_128_478_merged.tif,0.8,0,1731456591,156,30.9226,32.8526,1.93
300M,chip_128_478_merged.tif,0.8,1,1251511073,156,31.4464,33.1342,1.6878
300M,chip_128_478_merged.tif,0.8,2,870904442,156,30.8383,32.4851,1.6468
300M,chip_128_478_merged.tif,0.8,3,390958924,156,31.4441,33.3761,1.932
300M,chip_128_478_merged.tif,0.8,4,10352293,156,30.9203,33.2189,2.2986
300M,chip_128_506_merged.tif,0.2,0,104471478,39,28.7422,34.1091,5.3669
300M,chip_128_506_merged.tif,0.2,1,1871348495,39,30.9108,33.3866,2.4759
300M,chip_128_506_merged.tif,0.2,2,1391402977,39,32.1735,33.3197,1.1462
300M,chip_128_506_merged.tif,0.2,3,1010796346,39,30.6902,33.5148,2.8246
300M,chip_128_506_merged.tif,0.2,4,630189715,39,31.5016,33.2913,1.7897
300M,chip_128_506_merged.tif,0.4,0,1286018943,78,29.8271,33.2405,3.4134
300M,chip_128_506_merged.tif,0.4,1,806073425,78,30.2724,32.6269,2.3545
300M,chip_128_506_merged.tif,0.4,2,425466794,78,30.6894,32.3462,1.6568
300M,chip_128_506_merged.tif,0.4,3,44860163,78,30.6447,32.9815,2.3368
300M,chip_128_506_merged.tif,0.4,4,1712398293,78,30.8198,32.9948,2.175
300M,chip_128_506_merged.tif,0.6,0,1348041586,117,30.3476,32.1455,1.7979
300M,chip_128_506_merged.tif,0.6,1,967434955,117,30.4107,31.8175,1.4068
300M,chip_128_506_merged.tif,0.6,2,487489437,117,30.343,31.6076,1.2646
300M,chip_128_506_merged.tif,0.6,3,106882806,117,30.4055,32.1609,1.7555
300M,chip_128_506_merged.tif,0.6,4,1774420936,117,30.5733,31.418,0.8447
300M,chip_128_506_merged.tif,0.8,0,865449390,156,29.943,31.0893,1.1462
300M,chip_128_506_merged.tif,0.8,1,484842759,156,30.0078,30.9217,0.9139
300M,chip_128_506_merged.tif,0.8,2,4897241,156,29.94,30.3783,0.4384
300M,chip_128_506_merged.tif,0.8,3,1771774258,156,29.9462,30.8787,0.9325
300M,chip_128_506_merged.tif,0.8,4,1391167627,156,29.7991,30.9496,1.1505
300M,chip_129_311_merged.tif,0.2,0,1095021417,39,36.979,38.1583,1.1793
300M,chip_129_311_merged.tif,0.2,1,615075899,39,37.916,38.5056,0.5896
300M,chip_129_311_merged.tif,0.2,2,234469268,39,39.324,40.1005,0.7765
300M,chip_129_311_merged.tif,0.2,3,2001346285,39,38.7823,39.5037,0.7214
300M,chip_129_311_merged.tif,0.2,4,1521400767,39,39.0677,40.3964,1.3287
300M,chip_129_311_merged.tif,0.4,0,934406084,78,37.7548,37.6024,-0.1524
300M,chip_129_311_merged.tif,0.4,1,454460566,78,35.9363,38.859,2.9227
300M,chip_129_311_merged.tif,0.4,2,73853935,78,35.5623,38.4305,2.8682
300M,chip_129_311_merged.tif,0.4,3,1741392065,78,38.42,37.9893,-0.4307
300M,chip_129_311_merged.tif,0.4,4,1360785434,78,38.0485,36.4909,-1.5575
300M,chip_129_311_merged.tif,0.6,0,191107877,117,37.7008,36.5811,-1.1197
300M,chip_129_311_merged.tif,0.6,1,1858646007,117,36.6763,38.1509,1.4746
300M,chip_129_311_merged.tif,0.6,2,1478039376,117,37.9826,37.5089,-0.4737
300M,chip_129_311_merged.tif,0.6,3,998093858,117,37.6702,37.141,-0.5292
300M,chip_129_311_merged.tif,0.6,4,617487227,117,36.6393,37.4395,0.8002
300M,chip_129_311_merged.tif,0.8,0,1855999329,156,35.7809,37.4,1.6191
300M,chip_129_311_merged.tif,0.8,1,1376053811,156,37.3251,36.8731,-0.452
300M,chip_129_311_merged.tif,0.8,2,995447180,156,37.3754,35.6861,-1.6893
300M,chip_129_311_merged.tif,0.8,3,614840549,156,35.7713,36.2254,0.4541
300M,chip_129_311_merged.tif,0.8,4,134895031,156,36.9857,37.0488,0.0631
300M,chip_130_159_merged.tif,0.2,0,1755825386,39,30.5814,39.0322,8.4508
300M,chip_130_159_merged.tif,0.2,1,1375218755,39,37.0415,40.4178,3.3763
300M,chip_130_159_merged.tif,0.2,2,994612124,39,33.6944,39.3459,5.6516
300M,chip_130_159_merged.tif,0.2,3,514666606,39,32.9704,36.8078,3.8374
300M,chip_130_159_merged.tif,0.2,4,134059975,39,32.1859,39.5673,7.3814
300M,chip_130_159_merged.tif,0.4,0,789889203,78,31.6166,36.9517,5.3351
300M,chip_130_159_merged.tif,0.4,1,309943685,78,32.4345,39.0836,6.6491
300M,chip_130_159_merged.tif,0.4,2,2076820702,78,33.5174,38.6273,5.1099
300M,chip_130_159_merged.tif,0.4,3,1696214071,78,33.2261,38.154,4.9279
300M,chip_130_159_merged.tif,0.4,4,1216268553,78,33.833,37.2802,3.4472
300M,chip_130_159_merged.tif,0.6,0,851911846,117,29.9521,36.3257,6.3737
300M,chip_130_159_merged.tif,0.6,1,471305215,117,32.6816,33.4275,0.7459
300M,chip_130_159_merged.tif,0.6,2,2138843345,117,30.8013,35.0388,4.2376
300M,chip_130_159_merged.tif,0.6,3,1758236714,117,33.2824,37.7701,4.4877
300M,chip_130_159_merged.tif,0.6,4,1377630083,117,32.6779,37.9426,5.2647
300M,chip_130_159_merged.tif,0.8,0,1711482448,156,30.1973,34.804,4.6067
300M,chip_130_159_merged.tif,0.8,1,1330875817,156,32.6738,33.2708,0.5971
300M,chip_130_159_merged.tif,0.8,2,850930299,156,31.9068,32.7776,0.8708
300M,chip_130_159_merged.tif,0.8,3,470323668,156,29.9051,35.1248,5.2197
300M,chip_130_159_merged.tif,0.8,4,2137861798,156,29.9146,33.634,3.7194
300M,chip_130_445_merged.tif,0.2,0,30728833,39,40.0329,40.7143,0.6814
300M,chip_130_445_merged.tif,0.2,1,1797605850,39,37.2827,38.1473,0.8646
300M,chip_130_445_merged.tif,0.2,2,1416999219,39,39.1081,39.7798,0.6717
300M,chip_130_445_merged.tif,0.2,3,937053701,39,39.1816,40.1836,1.002
300M,chip_130_445_merged.tif,0.2,4,556447070,39,39.6253,40.8745,1.2492
300M,chip_130_445_merged.tif,0.4,0,1212276298,78,36.8004,39.4185,2.6181
300M,chip_130_445_merged.tif,0.4,1,831669667,78,35.86,39.6763,3.8163
300M,chip_130_445_merged.tif,0.4,2,351724149,78,39.7032,38.7557,-0.9475
300M,chip_130_445_merged.tif,0.4,3,2118601166,78,39.7026,40.1705,0.4679
300M,chip_130_445_merged.tif,0.4,4,1638655648,78,40.2094,39.8125,-0.3969
300M,chip_130_445_merged.tif,0.6,0,1274298941,117,38.4778,39.0932,0.6154
300M,chip_130_445_merged.tif,0.6,1,893692310,117,38.7526,39.4065,0.6538
300M,chip_130_445_merged.tif,0.6,2,413746792,117,37.651,39.0473,1.3963
300M,chip_130_445_merged.tif,0.6,3,33140161,117,38.3907,38.9308,0.5401
300M,chip_130_445_merged.tif,0.6,4,1800017178,117,39.6169,39.4115,-0.2054
300M,chip_130_445_merged.tif,0.8,0,791706745,156,37.9815,37.9661,-0.0154
300M,chip_130_445_merged.tif,0.8,1,411100114,156,37.9936,38.2349,0.2413
300M,chip_130_445_merged.tif,0.8,2,30493483,156,37.5236,37.3718,-0.1517
300M,chip_130_445_merged.tif,0.8,3,1698031613,156,37.1972,38.7178,1.5205
300M,chip_130_445_merged.tif,0.8,4,1317424982,156,37.5245,37.415,-0.1095
300M,chip_131_404_merged.tif,0.2,0,420535536,39,35.9428,37.553,1.6102
300M,chip_131_404_merged.tif,0.2,1,39928905,39,36.9859,37.2043,0.2185
300M,chip_131_404_merged.tif,0.2,2,1707467035,39,37.6693,37.8633,0.194
300M,chip_131_404_merged.tif,0.2,3,1326860404,39,34.4448,37.7219,3.2771
300M,chip_131_404_merged.tif,0.2,4,846914886,39,36.723,37.5578,0.8348
300M,chip_131_404_merged.tif,0.4,0,259920203,78,34.6989,37.6855,2.9865
300M,chip_131_404_merged.tif,0.4,1,1927458333,78,35.2117,37.7605,2.5487
300M,chip_131_404_merged.tif,0.4,2,1546851702,78,34.7795,37.185,2.4055
300M,chip_131_404_merged.tif,0.4,3,1166245071,78,34.7458,37.0828,2.337
300M,chip_131_404_merged.tif,0.4,4,686299553,78,35.2122,37.1008,1.8886
300M,chip_131_404_merged.tif,0.6,0,1664105644,117,34.5228,36.4653,1.9425
300M,chip_131_404_merged.tif,0.6,1,1283499013,117,34.5585,36.1588,1.6003
300M,chip_131_404_merged.tif,0.6,2,803553495,117,34.5782,36.9479,2.3697
300M,chip_131_404_merged.tif,0.6,3,422946864,117,35.1145,37.2323,2.1177
300M,chip_131_404_merged.tif,0.6,4,2090484994,117,34.5547,36.6987,2.144
300M,chip_131_404_merged.tif,0.8,0,1181513448,156,34.9947,36.4982,1.5036
300M,chip_131_404_merged.tif,0.8,1,800906817,156,34.5323,35.5376,1.0052
300M,chip_131_404_merged.tif,0.8,2,320961299,156,35.0395,36.5946,1.5551
300M,chip_131_404_merged.tif,0.8,3,2087838316,156,35.0017,36.1428,1.1411
300M,chip_131_404_merged.tif,0.8,4,1607892798,156,34.9752,35.917,0.9418
300M,chip_131_429_merged.tif,0.2,0,127487818,39,33.7972,36.1701,2.3728
300M,chip_131_429_merged.tif,0.2,1,1894364835,39,34.4588,35.7014,1.2426
300M,chip_131_429_merged.tif,0.2,2,1414419317,39,34.0669,36.0866,2.0197
300M,chip_131_429_merged.tif,0.2,3,1033812686,39,34.1166,36.5853,2.4687
300M,chip_131_429_merged.tif,0.2,4,553867168,39,32.9838,37.208,4.2242
300M,chip_131_429_merged.tif,0.4,0,2114356133,78,33.2548,35.9536,2.6988
300M,chip_131_429_merged.tif,0.4,1,1634410615,78,33.4098,35.0446,1.6347
300M,chip_131_429_merged.tif,0.4,2,1253803984,78,33.7568,35.7777,2.0209
300M,chip_131_429_merged.tif,0.4,3,773858466,78,32.9421,35.3747,2.4325
300M,chip_131_429_merged.tif,0.4,4,393251835,78,33.9868,35.1036,1.1168
300M,chip_131_429_merged.tif,0.6,0,1371057926,117,33.061,34.8028,1.7417
300M,chip_131_429_merged.tif,0.6,1,891112408,117,31.2328,35.0899,3.8571
300M,chip_131_429_merged.tif,0.6,2,510505777,117,33.0329,34.7324,1.6995
300M,chip_131_429_merged.tif,0.6,3,30560259,117,33.1391,33.3052,0.1661
300M,chip_131_429_merged.tif,0.6,4,1797437276,117,30.9866,35.0234,4.0367
300M,chip_131_429_merged.tif,0.8,0,888465730,156,32.8521,33.2821,0.43
300M,chip_131_429_merged.tif,0.8,1,507859099,156,31.1904,32.5787,1.3883
300M,chip_131_429_merged.tif,0.8,2,27913581,156,31.3785,34.1557,2.7772
300M,chip_131_429_merged.tif,0.8,3,1794790598,156,33.1779,33.6707,0.4928
300M,chip_131_429_merged.tif,0.8,4,1314845080,156,31.3484,34.6389,3.2905
300M,chip_131_445_merged.tif,0.2,0,1132267437,39,39.1328,39.2596,0.1268
300M,chip_131_445_merged.tif,0.2,1,751660806,39,39.2267,40.3736,1.1469
300M,chip_131_445_merged.tif,0.2,2,271715288,39,39.3839,40.5988,1.2149
300M,chip_131_445_merged.tif,0.2,3,2038592305,39,38.4656,39.0382,0.5726
300M,chip_131_445_merged.tif,0.2,4,1657985674,39,39.7562,39.6298,-0.1264
300M,chip_131_445_merged.tif,0.4,0,971652104,78,37.4951,39.0362,1.5411
300M,chip_131_445_merged.tif,0.4,1,591045473,78,37.4961,39.1741,1.678
300M,chip_131_445_merged.tif,0.4,2,111099955,78,36.5315,39.2169,2.6854
300M,chip_131_445_merged.tif,0.4,3,1877976972,78,36.8869,39.498,2.611
300M,chip_131_445_merged.tif,0.4,4,1398031454,78,37.24,39.3292,2.0891
300M,chip_131_445_merged.tif,0.6,0,228353897,117,37.5733,39.1723,1.599
300M,chip_131_445_merged.tif,0.6,1,1995230914,117,37.1893,39.5263,2.337
300M,chip_131_445_merged.tif,0.6,2,1515285396,117,37.943,39.3065,1.3635
300M,chip_131_445_merged.tif,0.6,3,1134678765,117,38.0278,38.5967,0.5689
300M,chip_131_445_merged.tif,0.6,4,654733247,117,38.0036,39.2127,1.2091
300M,chip_131_445_merged.tif,0.8,0,1893245349,156,37.7873,37.8949,0.1075
300M,chip_131_445_merged.tif,0.8,1,1512638718,156,37.7169,38.4512,0.7343
300M,chip_131_445_merged.tif,0.8,2,1032693200,156,37.7096,38.7098,1.0002
300M,chip_131_445_merged.tif,0.8,3,652086569,156,37.6959,38.4338,0.7379
300M,chip_131_445_merged.tif,0.8,4,271479938,156,37.6963,38.9908,1.2946
300M,chip_131_472_merged.tif,0.2,0,1310697051,39,32.9266,34.9165,1.99
300M,chip_131_472_merged.tif,0.2,1,830751533,39,32.5948,33.6783,1.0835
300M,chip_131_472_merged.tif,0.2,2,450144902,39,32.0903,34.644,2.5537
300M,chip_131_472_merged.tif,0.2,3,2117683032,39,32.5947,31.5693,-1.0254
300M,chip_131_472_merged.tif,0.2,4,1737076401,39,28.7271,34.5481,5.821
300M,chip_131_472_merged.tif,0.4,0,245421981,78,32.4997,34.1646,1.6649
300M,chip_131_472_merged.tif,0.4,1,2012298998,78,32.1352,33.5966,1.4615
300M,chip_131_472_merged.tif,0.4,2,1532353480,78,31.1112,33.6568,2.5456
300M,chip_131_472_merged.tif,0.4,3,1151746849,78,31.3979,33.9434,2.5455
300M,chip_131_472_merged.tif,0.4,4,671801331,78,32.716,35.0749,2.359
300M,chip_131_472_merged.tif,0.6,0,307444624,117,31.9036,32.9862,1.0826
300M,chip_131_472_merged.tif,0.6,1,2074321641,117,30.0193,33.3328,3.3135
300M,chip_131_472_merged.tif,0.6,2,1693715010,117,31.4598,32.8493,1.3895
300M,chip_131_472_merged.tif,0.6,3,1213769492,117,31.1643,32.8895,1.7252
300M,chip_131_472_merged.tif,0.6,4,833162861,117,30.4317,32.3667,1.935
300M,chip_131_472_merged.tif,0.8,0,2071674963,156,31.2743,31.3961,0.1218
300M,chip_131_472_merged.tif,0.8,1,1591729445,156,30.329,31.6417,1.3127
300M,chip_131_472_merged.tif,0.8,2,1211122814,156,31.0469,31.2744,0.2276
300M,chip_131_472_merged.tif,0.8,3,731177296,156,30.3467,31.8335,1.4869
300M,chip_131_472_merged.tif,0.8,4,350570665,156,30.3571,31.786,1.4289
300M,chip_131_477_merged.tif,0.2,0,449936479,39,38.6957,39.9245,1.2287
300M,chip_131_477_merged.tif,0.2,1,69329848,39,38.8969,39.5342,0.6373
300M,chip_131_477_merged.tif,0.2,2,1736867978,39,38.4906,39.306,0.8154
300M,chip_131_477_merged.tif,0.2,3,1356261347,39,39.7168,39.358,-0.3588
300M,chip_131_477_merged.tif,0.2,4,876315829,39,38.4315,40.0924,1.6609
300M,chip_131_477_merged.tif,0.4,0,289321146,78,37.6119,39.9089,2.297
300M,chip_131_477_merged.tif,0.4,1,1956859276,78,37.6515,40.0749,2.4235
300M,chip_131_477_merged.tif,0.4,2,1576252645,78,37.6506,39.2257,1.5752
300M,chip_131_477_merged.tif,0.4,3,1096307127,78,37.2867,39.0039,1.7172
300M,chip_131_477_merged.tif,0.4,4,715700496,78,38.198,39.1481,0.9501
300M,chip_131_477_merged.tif,0.6,0,1693506587,117,37.187,38.2866,1.0996
300M,chip_131_477_merged.tif,0.6,1,1213561069,117,37.5272,38.6314,1.1042
300M,chip_131_477_merged.tif,0.6,2,832954438,117,37.1572,38.882,1.7248
300M,chip_131_477_merged.tif,0.6,3,353008920,117,37.9517,39.0813,1.1295
300M,chip_131_477_merged.tif,0.6,4,2119885937,117,36.9721,38.732,1.7598
300M,chip_131_477_merged.tif,0.8,0,1210914391,156,37.108,37.0601,-0.0479
300M,chip_131_477_merged.tif,0.8,1,830307760,156,37.3032,37.6167,0.3135
300M,chip_131_477_merged.tif,0.8,2,350362242,156,37.0865,37.8079,0.7214
300M,chip_131_477_merged.tif,0.8,3,2117239259,156,37.8421,37.5418,-0.3003
300M,chip_131_477_merged.tif,0.8,4,1637293741,156,37.7607,37.1393,-0.6214
300M,chip_133_303_merged.tif,0.2,0,949478074,39,40.3284,39.8949,-0.4334
300M,chip_133_303_merged.tif,0.2,1,568871443,39,37.5204,39.053,1.5326
300M,chip_133_303_merged.tif,0.2,2,188264812,39,32.0548,37.4694,5.4146
300M,chip_133_303_merged.tif,0.2,3,1855802942,39,31.5738,38.0601,6.4863
300M,chip_133_303_merged.tif,0.2,4,1475196311,39,39.8623,39.3782,-0.4841
300M,chip_133_303_merged.tif,0.4,0,788862741,78,37.9113,39.7326,1.8214
300M,chip_133_303_merged.tif,0.4,1,408256110,78,38.1608,39.3454,1.1846
300M,chip_133_303_merged.tif,0.4,2,2075794240,78,38.6516,38.2261,-0.4256
300M,chip_133_303_merged.tif,0.4,3,1695187609,78,38.3402,39.5598,1.2196
300M,chip_133_303_merged.tif,0.4,4,1314580978,78,38.2192,39.1787,0.9595
300M,chip_133_303_merged.tif,0.6,0,45564534,117,37.5678,35.5498,-2.0179
300M,chip_133_303_merged.tif,0.6,1,1812441551,117,35.015,37.0316,2.0166
300M,chip_133_303_merged.tif,0.6,2,1332496033,117,34.5907,36.5167,1.926
300M,chip_133_303_merged.tif,0.6,3,951889402,117,37.1188,37.3055,0.1867
300M,chip_133_303_merged.tif,0.6,4,571282771,117,37.2472,37.6105,0.3633
300M,chip_133_303_merged.tif,0.8,0,1710455986,156,34.7098,35.3071,0.5973
300M,chip_133_303_merged.tif,0.8,1,1329849355,156,34.7432,36.3806,1.6374
300M,chip_133_303_merged.tif,0.8,2,949242724,156,34.6225,35.3792,0.7567
300M,chip_133_303_merged.tif,0.8,3,469297206,156,34.2635,35.8837,1.6202
300M,chip_133_303_merged.tif,0.8,4,88690575,156,35.0694,36.4139,1.3445
300M,chip_133_340_merged.tif,0.2,0,204319425,39,35.9869,35.2143,-0.7726
300M,chip_133_340_merged.tif,0.2,1,1871857555,39,33.2609,36.3745,3.1136
300M,chip_133_340_merged.tif,0.2,2,1491250924,39,29.6166,36.2967,6.68
300M,chip_133_340_merged.tif,0.2,3,1011305406,39,34.9279,36.2835,1.3556
300M,chip_133_340_merged.tif,0.2,4,630698775,39,35.2946,35.3367,0.0421
300M,chip_133_340_merged.tif,0.4,0,2091848853,78,35.6389,35.2667,-0.3722
300M,chip_133_340_merged.tif,0.4,1,1711242222,78,34.9599,35.6805,0.7205
300M,chip_133_340_merged.tif,0.4,2,1231296704,78,35.6388,34.5607,-1.0781
300M,chip_133_340_merged.tif,0.4,3,850690073,78,32.5052,34.2105,1.7053
300M,chip_133_340_merged.tif,0.4,4,470083442,78,29.8355,35.9967,6.1612
300M,chip_133_340_merged.tif,0.6,0,1348550646,117,34.1111,34.8597,0.7486
300M,chip_133_340_merged.tif,0.6,1,967944015,117,34.0564,34.5431,0.4866
300M,chip_133_340_merged.tif,0.6,2,487998497,117,33.5386,34.0076,0.469
300M,chip_133_340_merged.tif,0.6,3,107391866,117,34.2441,35.0922,0.8481
300M,chip_133_340_merged.tif,0.6,4,1874268883,117,34.2528,34.9161,0.6633
300M,chip_133_340_merged.tif,0.8,0,865958450,156,33.4173,31.8508,-1.5665
300M,chip_133_340_merged.tif,0.8,1,485351819,156,33.3189,32.6074,-0.7115
300M,chip_133_340_merged.tif,0.8,2,104745188,156,33.3121,33.6332,0.3211
300M,chip_133_340_merged.tif,0.8,3,1772283318,156,33.6964,32.9188,-0.7775
300M,chip_133_340_merged.tif,0.8,4,1391676687,156,33.4483,33.3641,-0.0842
300M,chip_133_473_merged.tif,0.2,0,95355899,39,31.8951,33.7163,1.8213
300M,chip_133_473_merged.tif,0.2,1,1762894029,39,31.4424,34.0938,2.6514
300M,chip_133_473_merged.tif,0.2,2,1382287398,39,31.8923,33.9839,2.0916
300M,chip_133_473_merged.tif,0.2,3,902341880,39,30.5229,34.0216,3.4988
300M,chip_133_473_merged.tif,0.2,4,521735249,39,30.4276,34.1085,3.6809
300M,chip_133_473_merged.tif,0.4,0,1982885327,78,31.2457,33.2765,2.0308
300M,chip_133_473_merged.tif,0.4,1,1602278696,78,31.6918,32.5683,0.8764
300M,chip_133_473_merged.tif,0.4,2,1221672065,78,31.2467,32.5275,1.2808
300M,chip_133_473_merged.tif,0.4,3,741726547,78,31.4816,33.2637,1.7821
300M,chip_133_473_merged.tif,0.4,4,361119916,78,31.2194,33.4647,2.2453
300M,chip_133_473_merged.tif,0.6,0,1338926007,117,31.1962,32.8137,1.6175
300M,chip_133_473_merged.tif,0.6,1,858980489,117,30.8268,32.9238,2.0971
300M,chip_133_473_merged.tif,0.6,2,478373858,117,30.7602,31.7692,1.009
300M,chip_133_473_merged.tif,0.6,3,2145911988,117,30.7652,32.1321,1.367
300M,chip_133_473_merged.tif,0.6,4,1765305357,117,31.2635,32.3699,1.1064
300M,chip_133_473_merged.tif,0.8,0,856333811,156,30.9193,31.6939,0.7746
300M,chip_133_473_merged.tif,0.8,1,376388293,156,31.0059,31.7217,0.7158
300M,chip_133_473_merged.tif,0.8,2,2143265310,156,30.63,31.6958,1.0658
300M,chip_133_473_merged.tif,0.8,3,1663319792,156,30.9856,31.5668,0.5812
300M,chip_133_473_merged.tif,0.8,4,1282713161,156,30.5953,31.5622,0.9669
300M,chip_134_316_merged.tif,0.2,0,1243721099,39,36.1815,38.2694,2.0879
300M,chip_134_316_merged.tif,0.2,1,763775581,39,36.6794,38.0325,1.353
300M,chip_134_316_merged.tif,0.2,2,383168950,39,36.1811,38.7158,2.5347
300M,chip_134_316_merged.tif,0.2,3,2050707080,39,36.8082,37.8871,1.0789
300M,chip_134_316_merged.tif,0.2,4,1670100449,39,37.1894,37.9632,0.7737
300M,chip_134_316_merged.tif,0.4,0,983766879,78,34.6623,38.3866,3.7243
300M,chip_134_316_merged.tif,0.4,1,603160248,78,36.3665,38.643,2.2765
300M,chip_134_316_merged.tif,0.4,2,222553617,78,36.901,36.8277,-0.0733
300M,chip_134_316_merged.tif,0.4,3,1890091747,78,35.6667,37.4686,1.8019
300M,chip_134_316_merged.tif,0.4,4,1509485116,78,36.901,37.2911,0.3901
300M,chip_134_316_merged.tif,0.6,0,240468672,117,34.809,37.3132,2.5041
300M,chip_134_316_merged.tif,0.6,1,2007345689,117,34.9492,37.3476,2.3984
300M,chip_134_316_merged.tif,0.6,2,1626739058,117,34.9683,36.5816,1.6134
300M,chip_134_316_merged.tif,0.6,3,1146793540,117,35.1814,37.1212,1.9399
300M,chip_134_316_merged.tif,0.6,4,766186909,117,35.4365,36.8559,1.4194
300M,chip_134_316_merged.tif,0.8,0,2004699011,156,35.4254,35.4986,0.0732
300M,chip_134_316_merged.tif,0.8,1,1524753493,156,35.4459,36.1761,0.7302
300M,chip_134_316_merged.tif,0.8,2,1144146862,156,35.6293,35.9285,0.2992
300M,chip_134_316_merged.tif,0.8,3,664201344,156,34.4546,35.6588,1.2042
300M,chip_134_316_merged.tif,0.8,4,283594713,156,35.2482,35.5523,0.3041
300M,chip_134_364_merged.tif,0.2,0,836899249,39,31.4139,35.1662,3.7523
300M,chip_134_364_merged.tif,0.2,1,456292618,39,32.6301,33.9509,1.3208
300M,chip_134_364_merged.tif,0.2,2,2123830748,39,32.6094,32.569,-0.0405
300M,chip_134_364_merged.tif,0.2,3,1743224117,39,30.2369,34.5861,4.3492
300M,chip_134_364_merged.tif,0.2,4,1263278599,39,32.6287,34.5333,1.9046
300M,chip_134_364_merged.tif,0.4,0,2018446714,78,33.5399,33.5772,0.0373
300M,chip_134_364_merged.tif,0.4,1,1538501196,78,31.8777,33.0491,1.1714
300M,chip_134_364_merged.tif,0.4,2,1157894565,78,30.3115,32.7559,2.4444
300M,chip_134_364_merged.tif,0.4,3,677949047,78,31.8785,33.7985,1.92
300M,chip_134_364_merged.tif,0.4,4,297342416,78,31.4795,33.4216,1.9421
300M,chip_134_364_merged.tif,0.6,0,2080469357,117,31.3385,32.8046,1.4661
300M,chip_134_364_merged.tif,0.6,1,1600523839,117,30.5149,33.0183,2.5034
300M,chip_134_364_merged.tif,0.6,2,1219917208,117,31.3354,33.671,2.3356
300M,chip_134_364_merged.tif,0.6,3,839310577,117,30.0149,32.631,2.6161
300M,chip_134_364_merged.tif,0.6,4,359365059,117,30.1353,32.3646,2.2292
300M,chip_134_364_merged.tif,0.8,0,1597877161,156,29.7139,31.8224,2.1085
300M,chip_134_364_merged.tif,0.8,1,1217270530,156,30.5497,31.594,1.0443
300M,chip_134_364_merged.tif,0.8,2,737325012,156,30.7357,31.5332,0.7975
300M,chip_134_364_merged.tif,0.8,3,356718381,156,29.7119,32.2016,2.4897
300M,chip_134_364_merged.tif,0.8,4,2024256511,156,31.3122,31.7761,0.4639
300M,chip_135_434_merged.tif,0.2,0,202564254,39,31.8863,34.4399,2.5536
300M,chip_135_434_merged.tif,0.2,1,1870102384,39,33.3344,33.8642,0.5298
300M,chip_135_434_merged.tif,0.2,2,1489495753,39,32.9823,33.8249,0.8426
300M,chip_135_434_merged.tif,0.2,3,1009550235,39,32.375,34.3014,1.9264
300M,chip_135_434_merged.tif,0.2,4,628943604,39,33.2351,34.6507,1.4156
300M,chip_135_434_merged.tif,0.4,0,2090093682,78,31.6825,33.2914,1.6089
300M,chip_135_434_merged.tif,0.4,1,1709487051,78,31.9233,33.5316,1.6083
300M,chip_135_434_merged.tif,0.4,2,1229541533,78,32.1655,33.3168,1.1514
300M,chip_135_434_merged.tif,0.4,3,848934902,78,31.4896,33.5813,2.0917
300M,chip_135_434_merged.tif,0.4,4,468328271,78,31.6172,33.3242,1.707
300M,chip_135_434_merged.tif,0.6,0,1346795475,117,31.6085,32.8687,1.2601
300M,chip_135_434_merged.tif,0.6,1,966188844,117,30.2907,33.0379,2.7472
300M,chip_135_434_merged.tif,0.6,2,486243326,117,31.066,33.1429,2.0769
300M,chip_135_434_merged.tif,0.6,3,105636695,117,30.7357,33.6672,2.9315
300M,chip_135_434_merged.tif,0.6,4,1872513712,117,31.0591,32.5624,1.5033
300M,chip_135_434_merged.tif,0.8,0,963542166,156,30.7349,31.6715,0.9366
300M,chip_135_434_merged.tif,0.8,1,483596648,156,30.9273,31.8781,0.9508
300M,chip_135_434_merged.tif,0.8,2,102990017,156,30.7068,31.5331,0.8263
300M,chip_135_434_merged.tif,0.8,3,1770528147,156,30.9304,31.6725,0.7421
300M,chip_135_434_merged.tif,0.8,4,1389921516,156,31.1073,31.7899,0.6826
300M,chip_135_472_merged.tif,0.2,0,1142753541,39,35.3684,33.6908,-1.6776
300M,chip_135_472_merged.tif,0.2,1,662808023,39,32.4675,34.1827,1.7152
300M,chip_135_472_merged.tif,0.2,2,282201392,39,33.4261,35.2039,1.7778
300M,chip_135_472_merged.tif,0.2,3,2049078409,39,34.3409,35.8513,1.5103
300M,chip_135_472_merged.tif,0.2,4,1569132891,39,34.3464,34.9358,0.5894
300M,chip_135_472_merged.tif,0.4,0,982138208,78,32.1363,34.2491,2.1128
300M,chip_135_472_merged.tif,0.4,1,502192690,78,32.9383,33.7656,0.8273
300M,chip_135_472_merged.tif,0.4,2,121586059,78,33.4352,34.6781,1.2429
300M,chip_135_472_merged.tif,0.4,3,1789124189,78,34.4746,34.596,0.1213
300M,chip_135_472_merged.tif,0.4,4,1408517558,78,32.4924,34.8525,2.36
300M,chip_135_472_merged.tif,0.6,0,238840001,117,33.5498,33.6878,0.138
300M,chip_135_472_merged.tif,0.6,1,1906378131,117,33.7624,33.5876,-0.1748
300M,chip_135_472_merged.tif,0.6,2,1525771500,117,32.329,33.5923,1.2634
300M,chip_135_472_merged.tif,0.6,3,1045825982,117,33.1561,33.977,0.8209
300M,chip_135_472_merged.tif,0.6,4,665219351,117,33.6552,34.0567,0.4015
300M,chip_135_472_merged.tif,0.8,0,1903731453,156,32.8084,33.3042,0.4958
300M,chip_135_472_merged.tif,0.8,1,1423785935,156,33.1239,33.3871,0.2632
300M,chip_135_472_merged.tif,0.8,2,1043179304,156,32.2683,33.3324,1.0641
300M,chip_135_472_merged.tif,0.8,3,662572673,156,32.2893,33.3181,1.0289
300M,chip_135_472_merged.tif,0.8,4,182627155,156,33.1032,33.5386,0.4353
300M,chip_135_494_merged.tif,0.2,0,269950071,39,36.3435,38.0218,1.6783
300M,chip_135_494_merged.tif,0.2,1,2036827088,39,37.3595,37.1019,-0.2576
300M,chip_135_494_merged.tif,0.2,2,1556881570,39,35.023,37.9387,2.9157
300M,chip_135_494_merged.tif,0.2,3,1176274939,39,36.32,37.976,1.656
300M,chip_135_494_merged.tif,0.2,4,795668308,39,36.6278,36.8243,0.1965
300M,chip_135_494_merged.tif,0.4,0,109334738,78,35.4546,37.1697,1.7151
300M,chip_135_494_merged.tif,0.4,1,1876211755,78,35.0458,36.5855,1.5397
300M,chip_135_494_merged.tif,0.4,2,1396266237,78,35.8267,37.1669,1.3401
300M,chip_135_494_merged.tif,0.4,3,1015659606,78,35.0446,36.3457,1.3011
300M,chip_135_494_merged.tif,0.4,4,535714088,78,34.8417,37.7087,2.867
300M,chip_135_494_merged.tif,0.6,0,1513520179,117,34.6176,36.7835,2.1659
300M,chip_135_494_merged.tif,0.6,1,1132913548,117,35.5856,36.6166,1.031
300M,chip_135_494_merged.tif,0.6,2,652968030,117,34.9996,35.263,0.2634
300M,chip_135_494_merged.tif,0.6,3,272361399,117,35.5702,36.0866,0.5164
300M,chip_135_494_merged.tif,0.6,4,1939899529,117,34.9557,36.278,1.3223
300M,chip_135_494_merged.tif,0.8,0,1030927983,156,35.0186,35.4223,0.4037
300M,chip_135_494_merged.tif,0.8,1,650321352,156,34.7716,35.8011,1.0294
300M,chip_135_494_merged.tif,0.8,2,170375834,156,34.7657,35.7946,1.0289
300M,chip_135_494_merged.tif,0.8,3,1937252851,156,34.84,35.7385,0.8985
300M,chip_135_494_merged.tif,0.8,4,1556646220,156,34.8343,35.5241,0.6898
300M,chip_136_276_merged.tif,0.2,0,2030097690,39,34.0681,36.2908,2.2227
300M,chip_136_276_merged.tif,0.2,1,1649491059,39,31.099,38.2934,7.1943
300M,chip_136_276_merged.tif,0.2,2,1169545541,39,35.3919,37.3389,1.947
300M,chip_136_276_merged.tif,0.2,3,788938910,39,30.8093,36.2274,5.4181
300M,chip_136_276_merged.tif,0.2,4,308993392,39,35.9317,36.6867,0.755
300M,chip_136_276_merged.tif,0.4,0,1869482357,78,30.9203,35.4112,4.4909
300M,chip_136_276_merged.tif,0.4,1,1389536839,78,30.9874,35.1452,4.1578
300M,chip_136_276_merged.tif,0.4,2,1008930208,78,32.1462,36.2622,4.116
300M,chip_136_276_merged.tif,0.4,3,528984690,78,30.9206,35.2581,4.3375
300M,chip_136_276_merged.tif,0.4,4,148378059,78,31.4274,36.7043,5.2769
300M,chip_136_276_merged.tif,0.6,0,1126184150,117,31.8244,33.9039,2.0795
300M,chip_136_276_merged.tif,0.6,1,646238632,117,32.2798,34.542,2.2622
300M,chip_136_276_merged.tif,0.6,2,265632001,117,31.6749,34.8674,3.1925
300M,chip_136_276_merged.tif,0.6,3,1933170131,117,31.7273,35.4664,3.7391
300M,chip_136_276_merged.tif,0.6,4,1552563500,117,31.114,34.3859,3.2719
300M,chip_136_276_merged.tif,0.8,0,643591954,156,31.2784,34.3433,3.0649
300M,chip_136_276_merged.tif,0.8,1,262985323,156,30.2877,32.8021,2.5144
300M,chip_136_276_merged.tif,0.8,2,1930523453,156,31.2572,33.4031,2.1458
300M,chip_136_276_merged.tif,0.8,3,1549916822,156,31.496,33.842,2.346
300M,chip_136_276_merged.tif,0.8,4,1069971304,156,30.2794,33.5225,3.2431
300M,chip_136_435_merged.tif,0.2,0,812189494,39,33.2587,33.4739,0.2152
300M,chip_136_435_merged.tif,0.2,1,431582863,39,32.9934,33.4542,0.4608
300M,chip_136_435_merged.tif,0.2,2,2099120993,39,31.435,34.1579,2.7229
300M,chip_136_435_merged.tif,0.2,3,1718514362,39,31.0841,33.9677,2.8836
300M,chip_136_435_merged.tif,0.2,4,1337907731,39,31.8318,33.874,2.0422
300M,chip_136_435_merged.tif,0.4,0,651574161,78,31.3918,33.2872,1.8955
300M,chip_136_435_merged.tif,0.4,1,270967530,78,30.8576,33.1741,2.3165
300M,chip_136_435_merged.tif,0.4,2,1938505660,78,31.4233,32.8134,1.3901
300M,chip_136_435_merged.tif,0.4,3,1557899029,78,32.6896,33.3945,0.7049
300M,chip_136_435_merged.tif,0.4,4,1077953511,78,30.9161,33.3364,2.4203
300M,chip_136_435_merged.tif,0.6,0,2055759602,117,31.4189,33.6123,2.1934
300M,chip_136_435_merged.tif,0.6,1,1675152971,117,30.9594,33.2615,2.3021
300M,chip_136_435_merged.tif,0.6,2,1195207453,117,30.852,33.0919,2.2399
300M,chip_136_435_merged.tif,0.6,3,814600822,117,31.0696,32.6468,1.5771
300M,chip_136_435_merged.tif,0.6,4,334655304,117,31.169,32.9267,1.7577
300M,chip_136_435_merged.tif,0.8,0,1573167406,156,31.3279,32.0796,0.7517
300M,chip_136_435_merged.tif,0.8,1,1192560775,156,31.1204,32.2449,1.1245
300M,chip_136_435_merged.tif,0.8,2,712615257,156,30.6737,32.1964,1.5227
300M,chip_136_435_merged.tif,0.8,3,332008626,156,31.3205,31.9115,0.591
300M,chip_136_435_merged.tif,0.8,4,2098885643,156,31.4477,32.3124,0.8647
300M,chip_136_471_merged.tif,0.2,0,1188884189,39,32.3427,33.331,0.9883
300M,chip_136_471_merged.tif,0.2,1,808277558,39,31.1733,34.1605,2.9872
300M,chip_136_471_merged.tif,0.2,2,328332040,39,32.268,34.0389,1.7709
300M,chip_136_471_merged.tif,0.2,3,2095209057,39,31.1744,33.8255,2.6511
300M,chip_136_471_merged.tif,0.2,4,1615263539,39,32.7628,34.1785,1.4157
300M,chip_136_471_merged.tif,0.4,0,1028268856,78,31.6671,32.9144,1.2473
300M,chip_136_471_merged.tif,0.4,1,548323338,78,32.1174,33.4947,1.3773
300M,chip_136_471_merged.tif,0.4,2,167716707,78,31.5906,32.6908,1.1001
300M,chip_136_471_merged.tif,0.4,3,1934593724,78,31.9604,33.0333,1.0729
300M,chip_136_471_merged.tif,0.4,4,1454648206,78,31.5895,34.169,2.5795
300M,chip_136_471_merged.tif,0.6,0,284970649,117,31.2418,32.4775,1.2357
300M,chip_136_471_merged.tif,0.6,1,1952508779,117,31.6541,32.6316,0.9775
300M,chip_136_471_merged.tif,0.6,2,1571902148,117,31.7759,32.9417,1.1658
300M,chip_136_471_merged.tif,0.6,3,1191295517,117,31.6319,33.0965,1.4646
300M,chip_136_471_merged.tif,0.6,4,711349999,117,31.2936,33.0715,1.7779
300M,chip_136_471_merged.tif,0.8,0,1949862101,156,30.7396,32.2049,1.4653
300M,chip_136_471_merged.tif,0.8,1,1569255470,156,31.5769,32.1379,0.561
300M,chip_136_471_merged.tif,0.8,2,1089309952,156,31.6934,32.2468,0.5534
300M,chip_136_471_merged.tif,0.8,3,708703321,156,31.5724,31.5783,0.0059
300M,chip_136_471_merged.tif,0.8,4,228757803,156,30.9615,32.1465,1.185
300M,chip_136_485_merged.tif,0.2,0,1750202833,39,36.6322,38.0916,1.4595
300M,chip_136_485_merged.tif,0.2,1,1369596202,39,37.0842,38.7265,1.6423
300M,chip_136_485_merged.tif,0.2,2,988989571,39,36.6034,39.1324,2.529
300M,chip_136_485_merged.tif,0.2,3,509044053,39,36.6338,38.797,2.1632
300M,chip_136_485_merged.tif,0.2,4,128437422,39,38.778,39.279,0.501
300M,chip_136_485_merged.tif,0.4,0,1589587500,78,37.1117,39.4434,2.3318
300M,chip_136_485_merged.tif,0.4,1,1208980869,78,37.7834,37.7208,-0.0626
300M,chip_136_485_merged.tif,0.4,2,729035351,78,35.3611,37.9045,2.5434
300M,chip_136_485_merged.tif,0.4,3,348428720,78,36.2968,38.2389,1.9422
300M,chip_136_485_merged.tif,0.4,4,2015966850,78,37.3182,38.5453,1.227
300M,chip_136_485_merged.tif,0.6,0,846289293,117,36.6336,38.0431,1.4095
300M,chip_136_485_merged.tif,0.6,1,465682662,117,37.2711,37.9194,0.6482
300M,chip_136_485_merged.tif,0.6,2,2133220792,117,36.9139,37.4256,0.5117
300M,chip_136_485_merged.tif,0.6,3,1752614161,117,36.3913,36.7681,0.3767
300M,chip_136_485_merged.tif,0.6,4,1272668643,117,37.2043,36.1238,-1.0805
300M,chip_136_485_merged.tif,0.8,0,363697097,156,36.5181,37.0914,0.5733
300M,chip_136_485_merged.tif,0.8,1,2130574114,156,36.08,36.7415,0.6615
300M,chip_136_485_merged.tif,0.8,2,1749967483,156,36.5133,37.5018,0.9885
300M,chip_136_485_merged.tif,0.8,3,1270021965,156,36.9791,37.1329,0.1538
300M,chip_136_485_merged.tif,0.8,4,889415334,156,36.9977,37.3254,0.3277
300M,chip_136_495_merged.tif,0.2,0,1899349115,39,37.456,39.3241,1.868
300M,chip_136_495_merged.tif,0.2,1,1419403597,39,37.9396,39.4836,1.544
300M,chip_136_495_merged.tif,0.2,2,1038796966,39,37.4556,39.4104,1.9548
300M,chip_136_495_merged.tif,0.2,3,558851448,39,37.5844,37.8573,0.2729
300M,chip_136_495_merged.tif,0.2,4,178244817,39,36.1619,39.675,3.5131
300M,chip_136_495_merged.tif,0.4,0,834074045,78,36.9261,39.2905,2.3643
300M,chip_136_495_merged.tif,0.4,1,453467414,78,36.8024,38.9326,2.1302
300M,chip_136_495_merged.tif,0.4,2,2121005544,78,36.8586,38.7978,1.9392
300M,chip_136_495_merged.tif,0.4,3,1740398913,78,36.858,39.0719,2.2139
300M,chip_136_495_merged.tif,0.4,4,1260453395,78,37.8833,37.6925,-0.1909
300M,chip_136_495_merged.tif,0.6,0,896096688,117,36.1428,37.9817,1.8388
300M,chip_136_495_merged.tif,0.6,1,515490057,117,36.5002,37.9658,1.4656
300M,chip_136_495_merged.tif,0.6,2,134883426,117,37.0141,37.8389,0.8249
300M,chip_136_495_merged.tif,0.6,3,1802421556,117,37.034,37.001,-0.033
300M,chip_136_495_merged.tif,0.6,4,1421814925,117,36.45,37.2202,0.7702
300M,chip_136_495_merged.tif,0.8,0,512843379,156,36.5787,37.5156,0.9369
300M,chip_136_495_merged.tif,0.8,1,32897861,156,37.3016,37.587,0.2854
300M,chip_136_495_merged.tif,0.8,2,1799774878,156,36.5667,37.1027,0.536
300M,chip_136_495_merged.tif,0.8,3,1319829360,156,36.6187,37.5726,0.9539
300M,chip_136_495_merged.tif,0.8,4,939222729,156,36.6046,37.2897,0.685
300M,chip_137_275_merged.tif,0.2,0,980362535,39,33.4213,37.933,4.5117
300M,chip_137_275_merged.tif,0.2,1,500417017,39,37.7395,37.3894,-0.3502
300M,chip_137_275_merged.tif,0.2,2,119810386,39,37.4717,38.7435,1.2718
300M,chip_137_275_merged.tif,0.2,3,1886687403,39,35.3997,37.0263,1.6266
300M,chip_137_275_merged.tif,0.2,4,1406741885,39,35.2459,38.4278,3.1819
300M,chip_137_275_merged.tif,0.4,0,2062571113,78,33.3171,39.1521,5.835
300M,chip_137_275_merged.tif,0.4,1,1681964482,78,33.202,38.1125,4.9105
300M,chip_137_275_merged.tif,0.4,2,1301357851,78,34.1997,38.8138,4.6141
300M,chip_137_275_merged.tif,0.4,3,821412333,78,32.6981,38.3374,5.6392
300M,chip_137_275_merged.tif,0.4,4,440805702,78,32.1958,38.8571,6.6613
300M,chip_137_275_merged.tif,0.6,0,76448995,117,33.8651,36.5777,2.7126
300M,chip_137_275_merged.tif,0.6,1,1743987125,117,33.1303,36.7018,3.5716
300M,chip_137_275_merged.tif,0.6,2,1363380494,117,32.8173,36.7871,3.9699
300M,chip_137_275_merged.tif,0.6,3,883434976,117,33.0932,36.8041,3.7109
300M,chip_137_275_merged.tif,0.6,4,502828345,117,33.5796,36.5097,2.9301
300M,chip_137_275_merged.tif,0.8,0,1741340447,156,32.7996,35.2663,2.4667
300M,chip_137_275_merged.tif,0.8,1,1261394929,156,32.8284,35.2049,2.3765
300M,chip_137_275_merged.tif,0.8,2,880788298,156,32.2994,34.2272,1.9278
300M,chip_137_275_merged.tif,0.8,3,500181667,156,32.287,35.5027,3.2157
300M,chip_137_275_merged.tif,0.8,4,20236149,156,32.3339,34.6132,2.2793
300M,chip_137_437_merged.tif,0.2,0,1191982272,39,33.0605,34.7755,1.715
300M,chip_137_437_merged.tif,0.2,1,712036754,39,32.1942,34.3672,2.173
300M,chip_137_437_merged.tif,0.2,2,331430123,39,32.6754,34.9831,2.3077
300M,chip_137_437_merged.tif,0.2,3,1998968253,39,32.4715,33.5107,1.0391
300M,chip_137_437_merged.tif,0.2,4,1618361622,39,31.8564,34.6932,2.8368
300M,chip_137_437_merged.tif,0.4,0,126707202,78,32.493,33.8246,1.3315
300M,chip_137_437_merged.tif,0.4,1,1893584219,78,31.5847,33.3043,1.7195
300M,chip_137_437_merged.tif,0.4,2,1413638701,78,32.6686,33.5714,0.9029
300M,chip_137_437_merged.tif,0.4,3,1033032070,78,31.7324,33.3322,1.5997
300M,chip_137_437_merged.tif,0.4,4,553086552,78,32.1225,33.8068,1.6843
300M,chip_137_437_merged.tif,0.6,0,1530892643,117,31.0891,32.9062,1.8171
300M,chip_137_437_merged.tif,0.6,1,1150286012,117,31.8469,33.1284,1.2814
300M,chip_137_437_merged.tif,0.6,2,670340494,117,31.8929,33.0802,1.1874
300M,chip_137_437_merged.tif,0.6,3,289733863,117,31.865,33.1601,1.2951
300M,chip_137_437_merged.tif,0.6,4,1957271993,117,31.5235,33.1647,1.6412
300M,chip_137_437_merged.tif,0.8,0,1048300447,156,32.0994,32.5795,0.4802
300M,chip_137_437_merged.tif,0.8,1,667693816,156,31.539,32.2789,0.7398
300M,chip_137_437_merged.tif,0.8,2,187748298,156,31.7081,31.7112,0.0031
300M,chip_137_437_merged.tif,0.8,3,1954625315,156,31.2752,32.3075,1.0322
300M,chip_137_437_merged.tif,0.8,4,1574018684,156,32.0063,32.6368,0.6305
300M,chip_138_426_merged.tif,0.2,0,1940761142,39,34.1978,35.8709,1.6731
300M,chip_138_426_merged.tif,0.2,1,1560154511,39,34.9054,35.3474,0.442
300M,chip_138_426_merged.tif,0.2,2,1179547880,39,33.1009,35.1718,2.0709
300M,chip_138_426_merged.tif,0.2,3,699602362,39,33.8208,35.458,1.6372
300M,chip_138_426_merged.tif,0.2,4,318995731,39,34.6574,35.3578,0.7004
300M,chip_138_426_merged.tif,0.4,0,1780145809,78,33.7689,34.2616,0.4927
300M,chip_138_426_merged.tif,0.4,1,1399539178,78,34.1053,35.1719,1.0665
300M,chip_138_426_merged.tif,0.4,2,919593660,78,32.8061,34.5941,1.788
300M,chip_138_426_merged.tif,0.4,3,538987029,78,33.3912,35.2228,1.8316
300M,chip_138_426_merged.tif,0.4,4,158380398,78,32.8242,35.2049,2.3807
300M,chip_138_426_merged.tif,0.6,0,1036847602,117,32.6699,34.8559,2.186
300M,chip_138_426_merged.tif,0.6,1,656240971,117,33.3084,34.2329,0.9245
300M,chip_138_426_merged.tif,0.6,2,176295453,117,32.5737,34.1944,1.6207
300M,chip_138_426_merged.tif,0.6,3,1943172470,117,32.6604,34.183,1.5226
300M,chip_138_426_merged.tif,0.6,4,1562565839,117,32.855,34.4286,1.5736
300M,chip_138_426_merged.tif,0.8,0,554255406,156,32.9296,33.5071,0.5775
300M,chip_138_426_merged.tif,0.8,1,173648775,156,32.9141,33.7612,0.8472
300M,chip_138_426_merged.tif,0.8,2,1940525792,156,32.9017,33.7804,0.8787
300M,chip_138_426_merged.tif,0.8,3,1460580274,156,32.7531,33.5848,0.8318
300M,chip_138_426_merged.tif,0.8,4,1079973643,156,32.875,33.6541,0.779
300M,chip_138_474_merged.tif,0.2,0,914739998,39,29.8528,32.3326,2.4798
300M,chip_138_474_merged.tif,0.2,1,434794480,39,30.1605,32.5533,2.3928
300M,chip_138_474_merged.tif,0.2,2,54187849,39,29.8536,31.2391,1.3856
300M,chip_138_474_merged.tif,0.2,3,1821064866,39,29.825,33.5258,3.7008
300M,chip_138_474_merged.tif,0.2,4,1341119348,39,30.2892,32.7706,2.4813
300M,chip_138_474_merged.tif,0.4,0,754124665,78,29.9889,31.2941,1.3053
300M,chip_138_474_merged.tif,0.4,1,274179147,78,28.9356,32.1837,3.2481
300M,chip_138_474_merged.tif,0.4,2,2041056164,78,29.3008,32.1509,2.8501
300M,chip_138_474_merged.tif,0.4,3,1561110646,78,29.8569,32.1858,2.3289
300M,chip_138_474_merged.tif,0.4,4,1180504015,78,29.5561,32.1184,2.5623
300M,chip_138_474_merged.tif,0.6,0,10826458,117,29.3029,31.2753,1.9725
300M,chip_138_474_merged.tif,0.6,1,1678364588,117,29.4796,30.3633,0.8836
300M,chip_138_474_merged.tif,0.6,2,1297757957,117,28.7978,31.4527,2.6548
300M,chip_138_474_merged.tif,0.6,3,817812439,117,29.738,31.5564,1.8183
300M,chip_138_474_merged.tif,0.6,4,437205808,117,29.3445,30.7595,1.415
300M,chip_138_474_merged.tif,0.8,0,1675717910,156,28.9926,30.5201,1.5275
300M,chip_138_474_merged.tif,0.8,1,1195772392,156,29.0496,30.379,1.3294
300M,chip_138_474_merged.tif,0.8,2,815165761,156,28.9918,30.3971,1.4053
300M,chip_138_474_merged.tif,0.8,3,434559130,156,28.9764,30.3925,1.4161
300M,chip_138_474_merged.tif,0.8,4,2102097260,156,28.9278,29.9378,1.0099
300M,chip_138_494_merged.tif,0.2,0,36559005,39,35.2113,37.3946,2.1833
300M,chip_138_494_merged.tif,0.2,1,1704097135,39,35.9497,37.3446,1.3949
300M,chip_138_494_merged.tif,0.2,2,1323490504,39,34.3172,37.7938,3.4766
300M,chip_138_494_merged.tif,0.2,3,843544986,39,35.6835,38.0364,2.353
300M,chip_138_494_merged.tif,0.2,4,462938355,39,35.7543,38.3765,2.6222
300M,chip_138_494_merged.tif,0.4,0,1924088433,78,35.1029,36.7287,1.6258
300M,chip_138_494_merged.tif,0.4,1,1543481802,78,35.103,37.148,2.045
300M,chip_138_494_merged.tif,0.4,2,1162875171,78,35.3316,37.4302,2.0986
300M,chip_138_494_merged.tif,0.4,3,682929653,78,34.5925,37.0551,2.4626
300M,chip_138_494_merged.tif,0.4,4,302323022,78,34.4854,37.0639,2.5785
300M,chip_138_494_merged.tif,0.6,0,1180790226,117,34.3872,36.9823,2.5951
300M,chip_138_494_merged.tif,0.6,1,800183595,117,35.0207,37.272,2.2513
300M,chip_138_494_merged.tif,0.6,2,419576964,117,34.4059,37.1636,2.7576
300M,chip_138_494_merged.tif,0.6,3,2087115094,117,34.4397,37.1941,2.7543
300M,chip_138_494_merged.tif,0.6,4,1706508463,117,34.7207,36.2445,1.5238
300M,chip_138_494_merged.tif,0.8,0,797536917,156,33.7143,34.5455,0.8312
300M,chip_138_494_merged.tif,0.8,1,317591399,156,32.2421,35.5687,3.3265
300M,chip_138_494_merged.tif,0.8,2,2084468416,156,34.4631,35.2493,0.7862
300M,chip_138_494_merged.tif,0.8,3,1604522898,156,33.3676,35.7936,2.4259
300M,chip_138_494_merged.tif,0.8,4,1223916267,156,33.9434,35.9557,2.0123
300M,chip_138_495_merged.tif,0.2,0,181774893,39,36.7235,38.5886,1.8651
300M,chip_138_495_merged.tif,0.2,1,1948651910,39,37.7228,37.648,-0.0748
300M,chip_138_495_merged.tif,0.2,2,1468706392,39,36.724,38.069,1.3451
300M,chip_138_495_merged.tif,0.2,3,1088099761,39,38.5791,38.68,0.1008
300M,chip_138_495_merged.tif,0.2,4,608154243,39,38.4219,39.3327,0.9108
300M,chip_138_495_merged.tif,0.4,0,21159560,78,37.5105,37.9587,0.4482
300M,chip_138_495_merged.tif,0.4,1,1688697690,78,37.9783,38.4802,0.5019
300M,chip_138_495_merged.tif,0.4,2,1308091059,78,37.8559,38.5746,0.7187
300M,chip_138_495_merged.tif,0.4,3,927484428,78,37.9513,38.5554,0.604
300M,chip_138_495_merged.tif,0.4,4,447538910,78,37.4293,38.4856,1.0564
300M,chip_138_495_merged.tif,0.6,0,1425345001,117,37.2796,37.7827,0.5031
300M,chip_138_495_merged.tif,0.6,1,945399483,117,37.5574,38.1317,0.5743
300M,chip_138_495_merged.tif,0.6,2,564792852,117,37.2606,37.9726,0.712
300M,chip_138_495_merged.tif,0.6,3,184186221,117,37.2478,37.6247,0.3769
300M,chip_138_495_merged.tif,0.6,4,1851724351,117,36.8787,38.3478,1.4692
300M,chip_138_495_merged.tif,0.8,0,942752805,156,37.1366,37.2176,0.081
300M,chip_138_495_merged.tif,0.8,1,562146174,156,37.0964,37.4977,0.4013
300M,chip_138_495_merged.tif,0.8,2,82200656,156,37.0867,37.4731,0.3863
300M,chip_138_495_merged.tif,0.8,3,1849077673,156,37.1611,37.5502,0.3891
300M,chip_138_495_merged.tif,0.8,4,1369132155,156,37.12,37.6126,0.4926
300M,chip_139_390_merged.tif,0.2,0,107645767,39,34.4132,39.1059,4.6927
300M,chip_139_390_merged.tif,0.2,1,1775183897,39,36.7689,38.678,1.9092
300M,chip_139_390_merged.tif,0.2,2,1394577266,39,36.8818,37.8236,0.9418
300M,chip_139_390_merged.tif,0.2,3,1013970635,39,36.8396,35.427,-1.4126
300M,chip_139_390_merged.tif,0.2,4,534025117,39,39.1292,37.9053,-1.2239
300M,chip_139_390_merged.tif,0.4,0,2094514082,78,38.2004,36.6396,-1.5608
300M,chip_139_390_merged.tif,0.4,1,1614568564,78,36.3643,36.1657,-0.1986
300M,chip_139_390_merged.tif,0.4,2,1233961933,78,35.7909,39.3244,3.5335
300M,chip_139_390_merged.tif,0.4,3,754016415,78,35.7908,36.4361,0.6453
300M,chip_139_390_merged.tif,0.4,4,373409784,78,37.3004,36.8507,-0.4497
300M,chip_139_390_merged.tif,0.6,0,1351215875,117,36.168,36.7928,0.6247
300M,chip_139_390_merged.tif,0.6,1,871270357,117,36.1747,38.3803,2.2055
300M,chip_139_390_merged.tif,0.6,2,490663726,117,37.4054,36.7837,-0.6217
300M,chip_139_390_merged.tif,0.6,3,10718208,117,36.3263,37.1824,0.8561
300M,chip_139_390_merged.tif,0.6,4,1777595225,117,36.3127,38.0191,1.7064
300M,chip_139_390_merged.tif,0.8,0,868623679,156,35.7727,37.1047,1.332
300M,chip_139_390_merged.tif,0.8,1,388678161,156,35.8468,36.6476,0.8008
300M,chip_139_390_merged.tif,0.8,2,8071530,156,35.8127,36.9097,1.097
300M,chip_139_390_merged.tif,0.8,3,1774948547,156,35.9474,36.7508,0.8033
300M,chip_139_390_merged.tif,0.8,4,1295003029,156,35.8882,36.8422,0.9541
300M,chip_139_473_merged.tif,0.2,0,1717611271,39,29.2235,33.7109,4.4874
300M,chip_139_473_merged.tif,0.2,1,1237665753,39,32.04,35.287,3.247
300M,chip_139_473_merged.tif,0.2,2,857059122,39,33.1169,36.0761,2.9591
300M,chip_139_473_merged.tif,0.2,3,377113604,39,34.0234,35.9779,1.9545
300M,chip_139_473_merged.tif,0.2,4,2143990621,39,32.1989,35.5878,3.3889
300M,chip_139_473_merged.tif,0.4,0,1457657051,78,32.049,33.8992,1.8502
300M,chip_139_473_merged.tif,0.4,1,1077050420,78,33.0453,33.9332,0.8879
300M,chip_139_473_merged.tif,0.4,2,696443789,78,31.0412,33.638,2.5967
300M,chip_139_473_merged.tif,0.4,3,216498271,78,31.6467,33.2519,1.6052
300M,chip_139_473_merged.tif,0.4,4,1983375288,78,31.0413,34.4592,3.4179
300M,chip_139_473_merged.tif,0.6,0,714358844,117,31.4998,32.7685,1.2687
300M,chip_139_473_merged.tif,0.6,1,333752213,117,31.9544,32.845,0.8906
300M,chip_139_473_merged.tif,0.6,2,2100629230,117,31.5752,33.9287,2.3535
300M,chip_139_473_merged.tif,0.6,3,1620683712,117,32.2182,33.5598,1.3417
300M,chip_139_473_merged.tif,0.6,4,1240077081,117,31.546,33.6244,2.0785
300M,chip_139_473_merged.tif,0.8,0,331105535,156,30.3396,31.6277,1.2881
300M,chip_139_473_merged.tif,0.8,1,1998643665,156,30.1509,32.0868,1.9359
300M,chip_139_473_merged.tif,0.8,2,1618037034,156,31.5952,32.2069,0.6118
300M,chip_139_473_merged.tif,0.8,3,1138091516,156,31.4388,31.9252,0.4865
300M,chip_139_473_merged.tif,0.8,4,757484885,156,31.6199,31.8925,0.2726
300M,chip_139_488_merged.tif,0.2,0,1399570629,39,38.5347,38.3676,-0.1671
300M,chip_139_488_merged.tif,0.2,1,1018963998,39,37.4804,37.7493,0.2689
300M,chip_139_488_merged.tif,0.2,2,638357367,39,39.097,39.0466,-0.0505
300M,chip_139_488_merged.tif,0.2,3,158411849,39,38.5331,38.4348,-0.0984
300M,chip_139_488_merged.tif,0.2,4,1925288866,39,38.4908,36.794,-1.6969
300M,chip_139_488_merged.tif,0.4,0,1238955296,78,38.8823,38.2263,-0.6561
300M,chip_139_488_merged.tif,0.4,1,858348665,78,38.0234,38.3873,0.364
300M,chip_139_488_merged.tif,0.4,2,378403147,78,38.7717,38.3768,-0.395
300M,chip_139_488_merged.tif,0.4,3,2145280164,78,37.9195,38.3471,0.4275
300M,chip_139_488_merged.tif,0.4,4,1665334646,78,38.789,37.8949,-0.8941
300M,chip_139_488_merged.tif,0.6,0,495657089,117,38.2947,38.1185,-0.1762
300M,chip_139_488_merged.tif,0.6,1,115050458,117,38.1098,37.3,-0.8099
300M,chip_139_488_merged.tif,0.6,2,1782588588,117,37.0419,38.5193,1.4774
300M,chip_139_488_merged.tif,0.6,3,1401981957,117,37.0051,37.5192,0.5141
300M,chip_139_488_merged.tif,0.6,4,922036439,117,38.2751,38.9448,0.6698
300M,chip_139_488_merged.tif,0.8,0,13064893,156,37.1605,37.7472,0.5867
300M,chip_139_488_merged.tif,0.8,1,1779941910,156,37.9819,37.7709,-0.211
300M,chip_139_488_merged.tif,0.8,2,1399335279,156,37.918,38.236,0.3179
300M,chip_139_488_merged.tif,0.8,3,919389761,156,37.5473,37.5496,0.0022
300M,chip_139_488_merged.tif,0.8,4,538783130,156,37.2328,37.7073,0.4745
300M,chip_139_491_merged.tif,0.2,0,630064370,39,37.1004,39.3204,2.22
300M,chip_139_491_merged.tif,0.2,1,150118852,39,38.53,38.7046,0.1746
300M,chip_139_491_merged.tif,0.2,2,1916995869,39,37.9889,38.2594,0.2704
300M,chip_139_491_merged.tif,0.2,3,1536389238,39,38.1032,38.9519,0.8487
300M,chip_139_491_merged.tif,0.2,4,1056443720,39,38.3074,39.3971,1.0897
300M,chip_139_491_merged.tif,0.4,0,1712272948,78,37.114,38.6504,1.5364
300M,chip_139_491_merged.tif,0.4,1,1331666317,78,37.2204,38.5666,1.3462
300M,chip_139_491_merged.tif,0.4,2,951059686,78,36.976,38.8078,1.8318
300M,chip_139_491_merged.tif,0.4,3,471114168,78,37.2755,38.9138,1.6384
300M,chip_139_491_merged.tif,0.4,4,90507537,78,37.2172,37.9122,0.695
300M,chip_139_491_merged.tif,0.6,0,1873634478,117,36.9267,38.2768,1.35
300M,chip_139_491_merged.tif,0.6,1,1393688960,117,36.5684,38.2467,1.6783
300M,chip_139_491_merged.tif,0.6,2,1013082329,117,36.7046,38.419,1.7143
300M,chip_139_491_merged.tif,0.6,3,533136811,117,35.9527,38.3419,2.3892
300M,chip_139_491_merged.tif,0.6,4,152530180,117,36.5615,37.8494,1.2879
300M,chip_139_491_merged.tif,0.8,0,1391042282,156,36.5403,37.2968,0.7565
300M,chip_139_491_merged.tif,0.8,1,911096764,156,35.8868,37.0501,1.1633
300M,chip_139_491_merged.tif,0.8,2,530490133,156,35.7581,37.6215,1.8634
300M,chip_139_491_merged.tif,0.8,3,149883502,156,35.7236,37.1466,1.423
300M,chip_139_491_merged.tif,0.8,4,1817421632,156,36.5233,37.1215,0.5982
300M,chip_140_470_merged.tif,0.2,0,196159430,39,32.8929,34.4233,1.5304
300M,chip_140_470_merged.tif,0.2,1,1963036447,39,31.7609,34.4636,2.7027
300M,chip_140_470_merged.tif,0.2,2,1483090929,39,32.5224,34.8741,2.3517
300M,chip_140_470_merged.tif,0.2,3,1102484298,39,32.452,35.0772,2.6252
300M,chip_140_470_merged.tif,0.2,4,622538780,39,32.8605,34.1833,1.3228
300M,chip_140_470_merged.tif,0.4,0,35544097,78,32.3451,34.1445,1.7994
300M,chip_140_470_merged.tif,0.4,1,1703082227,78,31.4014,34.0651,2.6637
300M,chip_140_470_merged.tif,0.4,2,1322475596,78,31.6076,34.4873,2.8797
300M,chip_140_470_merged.tif,0.4,3,941868965,78,32.8579,34.267,1.4091
300M,chip_140_470_merged.tif,0.4,4,461923447,78,32.1511,33.4119,1.2608
300M,chip_140_470_merged.tif,0.6,0,1439729538,117,31.8304,34.0505,2.2201
300M,chip_140_470_merged.tif,0.6,1,1059122907,117,32.179,33.5535,1.3745
300M,chip_140_470_merged.tif,0.6,2,579177389,117,31.7925,34.051,2.2584
300M,chip_140_470_merged.tif,0.6,3,198570758,117,31.7834,32.7372,0.9538
300M,chip_140_470_merged.tif,0.6,4,1866108888,117,31.7724,33.4054,1.633
300M,chip_140_470_merged.tif,0.8,0,957137342,156,31.6583,32.6173,0.959
300M,chip_140_470_merged.tif,0.8,1,576530711,156,30.6937,32.1459,1.4522
300M,chip_140_470_merged.tif,0.8,2,96585193,156,30.7215,32.3377,1.6162
300M,chip_140_470_merged.tif,0.8,3,1863462210,156,31.6539,32.5686,0.9148
300M,chip_140_470_merged.tif,0.8,4,1383516692,156,31.8046,32.6138,0.8092
300M,chip_141_475_merged.tif,0.2,0,1621939538,39,39.7923,38.9529,-0.8394
300M,chip_141_475_merged.tif,0.2,1,1141994020,39,37.2568,39.5244,2.2676
300M,chip_141_475_merged.tif,0.2,2,761387389,39,38.9785,38.6707,-0.3079
300M,chip_141_475_merged.tif,0.2,3,380780758,39,38.9219,39.5402,0.6184
300M,chip_141_475_merged.tif,0.2,4,2048318888,39,36.7676,38.7675,2.0
300M,chip_141_475_merged.tif,0.4,0,1461324205,78,38.9239,38.6534,-0.2705
300M,chip_141_475_merged.tif,0.4,1,981378687,78,36.4262,38.9349,2.5088
300M,chip_141_475_merged.tif,0.4,2,600772056,78,38.5556,38.6901,0.1345
300M,chip_141_475_merged.tif,0.4,3,120826538,78,37.043,39.0743,2.0314
300M,chip_141_475_merged.tif,0.4,4,1887703555,78,39.1907,38.9408,-0.2499
300M,chip_141_475_merged.tif,0.6,0,718025998,117,38.0389,38.7239,0.685
300M,chip_141_475_merged.tif,0.6,1,238080480,117,36.7005,38.0706,1.37
300M,chip_141_475_merged.tif,0.6,2,2004957497,117,37.4122,38.6082,1.196
300M,chip_141_475_merged.tif,0.6,3,1525011979,117,36.6988,37.7829,1.0842
300M,chip_141_475_merged.tif,0.6,4,1144405348,117,36.4065,38.6755,2.269
300M,chip_141_475_merged.tif,0.8,0,235433802,156,36.9815,37.8835,0.902
300M,chip_141_475_merged.tif,0.8,1,1902971932,156,37.5742,38.0008,0.4266
300M,chip_141_475_merged.tif,0.8,2,1522365301,156,37.0189,38.1233,1.1043
300M,chip_141_475_merged.tif,0.8,3,1141758670,156,36.8047,37.5807,0.776
300M,chip_141_475_merged.tif,0.8,4,661813152,156,36.814,37.8824,1.0684
300M,chip_141_484_merged.tif,0.2,0,404000576,39,37.5984,39.6193,2.0209
300M,chip_141_484_merged.tif,0.2,1,2071538706,39,37.088,38.1593,1.0713
300M,chip_141_484_merged.tif,0.2,2,1690932075,39,37.4713,38.9236,1.4522
300M,chip_141_484_merged.tif,0.2,3,1210986557,39,36.796,38.7488,1.9529
300M,chip_141_484_merged.tif,0.2,4,830379926,39,38.7963,39.4369,0.6406
300M,chip_141_484_merged.tif,0.4,0,144046356,78,37.9411,38.8387,0.8976
300M,chip_141_484_merged.tif,0.4,1,1910923373,78,35.2718,38.7403,3.4685
300M,chip_141_484_merged.tif,0.4,2,1530316742,78,35.2724,39.4106,4.1382
300M,chip_141_484_merged.tif,0.4,3,1050371224,78,37.625,39.1584,1.5333
300M,chip_141_484_merged.tif,0.4,4,669764593,78,37.5888,38.8637,1.2748
300M,chip_141_484_merged.tif,0.6,0,1647570684,117,37.9349,38.3879,0.453
300M,chip_141_484_merged.tif,0.6,1,1167625166,117,37.5459,38.5936,1.0478
300M,chip_141_484_merged.tif,0.6,2,787018535,117,37.2592,38.4129,1.1537
300M,chip_141_484_merged.tif,0.6,3,307073017,117,37.382,38.6343,1.2523
300M,chip_141_484_merged.tif,0.6,4,2073950034,117,35.4498,38.8187,3.3689
300M,chip_141_484_merged.tif,0.8,0,1164978488,156,36.8158,37.7202,0.9044
300M,chip_141_484_merged.tif,0.8,1,685032970,156,36.8332,37.9649,1.1317
300M,chip_141_484_merged.tif,0.8,2,304426339,156,35.5382,37.8939,2.3557
300M,chip_141_484_merged.tif,0.8,3,1971964469,156,32.9293,37.9183,4.9891
300M,chip_141_484_merged.tif,0.8,4,1591357838,156,32.9462,37.9459,4.9998
300M,chip_141_491_merged.tif,0.2,0,1241841618,39,36.9183,37.6919,0.7735
300M,chip_141_491_merged.tif,0.2,1,861234987,39,36.8277,38.8552,2.0275
300M,chip_141_491_merged.tif,0.2,2,381289469,39,37.4693,37.3731,-0.0962
300M,chip_141_491_merged.tif,0.2,3,682838,39,35.5082,38.688,3.1799
300M,chip_141_491_merged.tif,0.2,4,1767559855,39,36.2713,39.4536,3.1823
300M,chip_141_491_merged.tif,0.4,0,1081226285,78,36.1012,38.2037,2.1025
300M,chip_141_491_merged.tif,0.4,1,700619654,78,36.8085,37.4833,0.6747
300M,chip_141_491_merged.tif,0.4,2,220674136,78,36.3748,39.0493,2.6745
300M,chip_141_491_merged.tif,0.4,3,1987551153,78,36.4405,36.9598,0.5193
300M,chip_141_491_merged.tif,0.4,4,1507605635,78,36.2896,38.2365,1.9469
300M,chip_141_491_merged.tif,0.6,0,337928078,117,36.5893,37.8443,1.2549
300M,chip_141_491_merged.tif,0.6,1,2104805095,117,36.2705,37.3148,1.0442
300M,chip_141_491_merged.tif,0.6,2,1624859577,117,36.3057,37.9186,1.6129
300M,chip_141_491_merged.tif,0.6,3,1244252946,117,36.441,37.5039,1.063
300M,chip_141_491_merged.tif,0.6,4,764307428,117,36.287,37.4157,1.1287
300M,chip_141_491_merged.tif,0.8,0,2002819530,156,36.0644,37.0524,0.9879
300M,chip_141_491_merged.tif,0.8,1,1622212899,156,36.0338,37.3658,1.332
300M,chip_141_491_merged.tif,0.8,2,1142267381,156,36.1247,37.2302,1.1055
300M,chip_141_491_merged.tif,0.8,3,761660750,156,36.2997,37.3267,1.027
300M,chip_141_491_merged.tif,0.8,4,381054119,156,36.0924,36.5793,0.4869
300M,chip_141_493_merged.tif,0.2,0,1597398037,39,38.3835,37.942,-0.4415
300M,chip_141_493_merged.tif,0.2,1,1216791406,39,36.4852,39.1076,2.6224
300M,chip_141_493_merged.tif,0.2,2,736845888,39,36.4296,38.7868,2.3571
300M,chip_141_493_merged.tif,0.2,3,356239257,39,37.3442,37.636,0.2917
300M,chip_141_493_merged.tif,0.2,4,2023777387,39,37.4488,37.906,0.4572
300M,chip_141_493_merged.tif,0.4,0,1436782704,78,36.5365,38.8857,2.3491
300M,chip_141_493_merged.tif,0.4,1,1056176073,78,38.031,38.6032,0.5722
300M,chip_141_493_merged.tif,0.4,2,576230555,78,36.5334,38.8573,2.3239
300M,chip_141_493_merged.tif,0.4,3,195623924,78,36.5371,37.9661,1.429
300M,chip_141_493_merged.tif,0.4,4,1863162054,78,38.2989,38.2358,-0.0632
300M,chip_141_493_merged.tif,0.6,0,693484497,117,36.8442,38.049,1.2048
300M,chip_141_493_merged.tif,0.6,1,312877866,117,37.6066,37.8058,0.1992
300M,chip_141_493_merged.tif,0.6,2,1980415996,117,36.5561,37.6527,1.0967
300M,chip_141_493_merged.tif,0.6,3,1599809365,117,37.0671,38.0414,0.9743
300M,chip_141_493_merged.tif,0.6,4,1119863847,117,37.8344,37.8716,0.0373
300M,chip_141_493_merged.tif,0.8,0,210892301,156,36.6513,37.6606,1.0093
300M,chip_141_493_merged.tif,0.8,1,1977769318,156,36.8492,37.4329,0.5837
300M,chip_141_493_merged.tif,0.8,2,1497823800,156,36.8957,37.209,0.3132
300M,chip_141_493_merged.tif,0.8,3,1117217169,156,36.8474,37.7008,0.8534
300M,chip_141_493_merged.tif,0.8,4,637271651,156,36.5706,37.4773,0.9067
300M,chip_142_427_merged.tif,0.2,0,269653944,39,31.5558,34.1859,2.6301
300M,chip_142_427_merged.tif,0.2,1,1937192074,39,30.8401,33.7253,2.8852
300M,chip_142_427_merged.tif,0.2,2,1556585443,39,32.4682,34.7806,2.3124
300M,chip_142_427_merged.tif,0.2,3,1076639925,39,31.7032,33.5446,1.8415
300M,chip_142_427_merged.tif,0.2,4,696033294,39,31.5559,33.9743,2.4184
300M,chip_142_427_merged.tif,0.4,0,9699724,78,33.1328,32.6925,-0.4404
300M,chip_142_427_merged.tif,0.4,1,1776576741,78,32.7372,33.7263,0.9891
300M,chip_142_427_merged.tif,0.4,2,1296631223,78,33.1321,34.0431,0.911
300M,chip_142_427_merged.tif,0.4,3,916024592,78,28.9344,34.3235,5.3891
300M,chip_142_427_merged.tif,0.4,4,535417961,78,31.975,33.1656,1.1906
300M,chip_142_427_merged.tif,0.6,0,1413885165,117,29.9165,32.6626,2.7461
300M,chip_142_427_merged.tif,0.6,1,1033278534,117,30.0707,33.1523,3.0816
300M,chip_142_427_merged.tif,0.6,2,652671903,117,32.1651,32.4448,0.2797
300M,chip_142_427_merged.tif,0.6,3,172726385,117,29.8894,33.2559,3.3665
300M,chip_142_427_merged.tif,0.6,4,1939603402,117,32.0146,32.9395,0.9249
300M,chip_142_427_merged.tif,0.8,0,1030631856,156,30.6698,31.237,0.5672
300M,chip_142_427_merged.tif,0.8,1,550686338,156,30.1802,31.8064,1.6262
300M,chip_142_427_merged.tif,0.8,2,170079707,156,30.6829,31.3759,0.6929
300M,chip_142_427_merged.tif,0.8,3,1837617837,156,30.7016,31.7123,1.0108
300M,chip_142_427_merged.tif,0.8,4,1457011206,156,30.3083,32.3325,2.0242
300M,chip_142_497_merged.tif,0.2,0,829630356,39,36.1782,38.3767,2.1984
300M,chip_142_497_merged.tif,0.2,1,449023725,39,36.1782,37.7976,1.6194
300M,chip_142_497_merged.tif,0.2,2,68417094,39,35.8663,38.8191,2.9528
300M,chip_142_497_merged.tif,0.2,3,1735955224,39,38.3047,37.2855,-1.0192
300M,chip_142_497_merged.tif,0.2,4,1355348593,39,39.0309,39.5121,0.4812
300M,chip_142_497_merged.tif,0.4,0,669015023,78,34.6365,39.028,4.3915
300M,chip_142_497_merged.tif,0.4,1,288408392,78,38.9379,37.9504,-0.9875
300M,chip_142_497_merged.tif,0.4,2,1955946522,78,37.5082,37.6978,0.1896
300M,chip_142_497_merged.tif,0.4,3,1575339891,78,36.9229,37.1323,0.2094
300M,chip_142_497_merged.tif,0.4,4,1194733260,78,37.0979,39.1228,2.025
300M,chip_142_497_merged.tif,0.6,0,2073200464,117,34.8892,37.0077,2.1185
300M,chip_142_497_merged.tif,0.6,1,1692593833,117,34.1145,37.368,3.2535
300M,chip_142_497_merged.tif,0.6,2,1212648315,117,34.3423,37.1632,2.8208
300M,chip_142_497_merged.tif,0.6,3,832041684,117,34.8347,37.4122,2.5774
300M,chip_142_497_merged.tif,0.6,4,451435053,117,34.8892,36.7354,1.8462
300M,chip_142_497_merged.tif,0.8,0,1590608268,156,34.8999,37.2993,2.3994
300M,chip_142_497_merged.tif,0.8,1,1210001637,156,35.3872,37.6869,2.2997
300M,chip_142_497_merged.tif,0.8,2,829395006,156,35.1617,35.7898,0.6282
300M,chip_142_497_merged.tif,0.8,3,349449488,156,35.2642,35.7668,0.5026
300M,chip_142_497_merged.tif,0.8,4,2116326505,156,35.404,36.8842,1.4802
300M,chip_142_498_merged.tif,0.2,0,1929623412,39,34.2196,36.0143,1.7947
300M,chip_142_498_merged.tif,0.2,1,1449677894,39,35.463,35.0684,-0.3947
300M,chip_142_498_merged.tif,0.2,2,1069071263,39,32.869,35.2646,2.3956
300M,chip_142_498_merged.tif,0.2,3,589125745,39,35.9503,34.9741,-0.9762
300M,chip_142_498_merged.tif,0.2,4,208519114,39,34.2197,35.298,1.0783
300M,chip_142_498_merged.tif,0.4,0,1669669192,78,31.8212,33.9587,2.1375
300M,chip_142_498_merged.tif,0.4,1,1289062561,78,31.8211,34.6353,2.8141
300M,chip_142_498_merged.tif,0.4,2,809117043,78,32.3416,34.3829,2.0414
300M,chip_142_498_merged.tif,0.4,3,428510412,78,32.093,34.6235,2.5304
300M,chip_142_498_merged.tif,0.4,4,47903781,78,32.2325,34.7318,2.4993
300M,chip_142_498_merged.tif,0.6,0,1779309848,117,31.813,34.1356,2.3227
300M,chip_142_498_merged.tif,0.6,1,1398703217,117,31.9709,33.7151,1.7443
300M,chip_142_498_merged.tif,0.6,2,918757699,117,31.6902,34.1245,2.4343
300M,chip_142_498_merged.tif,0.6,3,538151068,117,32.2318,34.4252,2.1934
300M,chip_142_498_merged.tif,0.6,4,58205550,117,31.7169,34.4956,2.7787
300M,chip_142_498_merged.tif,0.8,0,543117676,156,32.0682,32.9941,0.9259
300M,chip_142_498_merged.tif,0.8,1,63172158,156,32.1621,33.4152,1.2532
300M,chip_142_498_merged.tif,0.8,2,1830049175,156,32.149,33.5386,1.3896
300M,chip_142_498_merged.tif,0.8,3,1350103657,156,32.1622,32.6018,0.4396
300M,chip_142_498_merged.tif,0.8,4,969497026,156,32.1321,33.301,1.169
300M,chip_143_489_merged.tif,0.2,0,683610899,39,33.2185,35.6542,2.4357
300M,chip_143_489_merged.tif,0.2,1,203665381,39,35.1967,36.4431,1.2464
300M,chip_143_489_merged.tif,0.2,2,1970542398,39,34.9847,36.3105,1.3258
300M,chip_143_489_merged.tif,0.2,3,1490596880,39,33.9866,36.8105,2.8238
300M,chip_143_489_merged.tif,0.2,4,1109990249,39,33.7437,36.2673,2.5236
300M,chip_143_489_merged.tif,0.4,0,423656679,78,33.9904,36.1184,2.1281
300M,chip_143_489_merged.tif,0.4,1,43050048,78,33.9467,35.0529,1.1062
300M,chip_143_489_merged.tif,0.4,2,1710588178,78,33.5691,35.7369,2.1679
300M,chip_143_489_merged.tif,0.4,3,1329981547,78,34.2869,35.4623,1.1754
300M,chip_143_489_merged.tif,0.4,4,949374916,78,33.4117,35.5109,2.0993
300M,chip_143_489_merged.tif,0.6,0,1827842120,117,33.2498,35.0262,1.7763
300M,chip_143_489_merged.tif,0.6,1,1447235489,117,33.5785,34.0806,0.502
300M,chip_143_489_merged.tif,0.6,2,1066628858,117,33.2754,34.8737,1.5983
300M,chip_143_489_merged.tif,0.6,3,586683340,117,33.8926,34.8875,0.9948
300M,chip_143_489_merged.tif,0.6,4,206076709,117,33.8234,34.1856,0.3621
300M,chip_143_489_merged.tif,0.8,0,1444588811,156,33.375,34.6781,1.3031
300M,chip_143_489_merged.tif,0.8,1,964643293,156,33.3641,34.0583,0.6941
300M,chip_143_489_merged.tif,0.8,2,584036662,156,33.3632,34.242,0.8788
300M,chip_143_489_merged.tif,0.8,3,104091144,156,33.3002,33.8693,0.5691
300M,chip_143_489_merged.tif,0.8,4,1870968161,156,33.3571,34.2174,0.8602
300M,chip_144_472_merged.tif,0.2,0,904808594,39,31.9062,35.5834,3.6772
300M,chip_144_472_merged.tif,0.2,1,424863076,39,31.6053,34.255,2.6497
300M,chip_144_472_merged.tif,0.2,2,44256445,39,31.9059,34.2834,2.3775
300M,chip_144_472_merged.tif,0.2,3,1711794575,39,30.9239,35.0626,4.1387
300M,chip_144_472_merged.tif,0.2,4,1331187944,39,32.99,34.7818,1.7918
300M,chip_144_472_merged.tif,0.4,0,1987017172,78,31.6241,33.3619,1.7378
300M,chip_144_472_merged.tif,0.4,1,1606410541,78,32.6917,34.729,2.0373
300M,chip_144_472_merged.tif,0.4,2,1126465023,78,32.4992,34.5507,2.0514
300M,chip_144_472_merged.tif,0.4,3,745858392,78,32.5016,34.2434,1.7418
300M,chip_144_472_merged.tif,0.4,4,265912874,78,31.7164,34.383,2.6666
300M,chip_144_472_merged.tif,0.6,0,2049039815,117,31.76,33.3722,1.6122
300M,chip_144_472_merged.tif,0.6,1,1668433184,117,31.6194,33.2598,1.6405
300M,chip_144_472_merged.tif,0.6,2,1287826553,117,31.2758,33.6369,2.3611
300M,chip_144_472_merged.tif,0.6,3,807881035,117,32.8618,33.2222,0.3604
300M,chip_144_472_merged.tif,0.6,4,427274404,117,31.3159,33.454,2.1381
300M,chip_144_472_merged.tif,0.8,0,1665786506,156,31.2723,32.5791,1.3068
300M,chip_144_472_merged.tif,0.8,1,1185840988,156,31.2712,32.6876,1.4164
300M,chip_144_472_merged.tif,0.8,2,805234357,156,31.7386,32.9053,1.1667
300M,chip_144_472_merged.tif,0.8,3,325288839,156,32.0656,32.8127,0.7472
300M,chip_144_472_merged.tif,0.8,4,2092165856,156,32.1174,33.2136,1.0962
300M,chip_144_474_merged.tif,0.2,0,1344936016,39,33.9664,36.1556,2.1891
300M,chip_144_474_merged.tif,0.2,1,864990498,39,33.7481,34.6538,0.9057
300M,chip_144_474_merged.tif,0.2,2,484383867,39,32.5007,34.8104,2.3097
300M,chip_144_474_merged.tif,0.2,3,4438349,39,32.8076,35.9155,3.1079
300M,chip_144_474_merged.tif,0.2,4,1771315366,39,33.8726,35.175,1.3024
300M,chip_144_474_merged.tif,0.4,0,279660946,78,32.9928,34.7039,1.7111
300M,chip_144_474_merged.tif,0.4,1,2046537963,78,33.06,34.8004,1.7403
300M,chip_144_474_merged.tif,0.4,2,1566592445,78,31.9386,35.0027,3.0641
300M,chip_144_474_merged.tif,0.4,3,1185985814,78,31.9222,35.5829,3.6607
300M,chip_144_474_merged.tif,0.4,4,706040296,78,32.7194,34.6654,1.9459
300M,chip_144_474_merged.tif,0.6,0,1683846387,117,32.6299,33.9687,1.3388
300M,chip_144_474_merged.tif,0.6,1,1303239756,117,32.6153,34.4611,1.8457
300M,chip_144_474_merged.tif,0.6,2,823294238,117,31.8076,33.8366,2.029
300M,chip_144_474_merged.tif,0.6,3,442687607,117,31.8496,33.6141,1.7645
300M,chip_144_474_merged.tif,0.6,4,2110225737,117,32.5743,34.2118,1.6375
300M,chip_144_474_merged.tif,0.8,0,1201254191,156,31.915,33.3573,1.4423
300M,chip_144_474_merged.tif,0.8,1,820647560,156,32.653,33.497,0.8439
300M,chip_144_474_merged.tif,0.8,2,340702042,156,31.8671,32.9589,1.0918
300M,chip_144_474_merged.tif,0.8,3,2107579059,156,32.4335,32.919,0.4855
300M,chip_144_474_merged.tif,0.8,4,1726972428,156,31.978,33.5373,1.5593
300M,chip_144_496_merged.tif,0.2,0,986454440,39,32.7614,34.423,1.6616
300M,chip_144_496_merged.tif,0.2,1,605847809,39,32.4916,34.2422,1.7505
300M,chip_144_496_merged.tif,0.2,2,125902291,39,31.7319,33.4709,1.7391
300M,chip_144_496_merged.tif,0.2,3,1892779308,39,32.4818,33.8969,1.4152
300M,chip_144_496_merged.tif,0.2,4,1412833790,39,31.5359,34.1256,2.5896
300M,chip_144_496_merged.tif,0.4,0,20518257,78,32.0895,34.5216,2.4321
300M,chip_144_496_merged.tif,0.4,1,1688056387,78,32.6361,33.4604,0.8243
300M,chip_144_496_merged.tif,0.4,2,1307449756,78,32.0585,34.0373,1.9787
300M,chip_144_496_merged.tif,0.4,3,827504238,78,32.1472,33.1508,1.0037
300M,chip_144_496_merged.tif,0.4,4,446897607,78,32.0556,33.2189,1.1633
300M,chip_144_496_merged.tif,0.6,0,82540900,117,31.6821,32.835,1.1529
300M,chip_144_496_merged.tif,0.6,1,1849417917,117,31.5087,33.1935,1.6848
300M,chip_144_496_merged.tif,0.6,2,1369472399,117,31.6737,32.9772,1.3035
300M,chip_144_496_merged.tif,0.6,3,988865768,117,31.9916,33.1371,1.1455
300M,chip_144_496_merged.tif,0.6,4,508920250,117,32.1574,32.7611,0.6037
300M,chip_144_496_merged.tif,0.8,0,1747432352,156,31.4229,31.9916,0.5687
300M,chip_144_496_merged.tif,0.8,1,1366825721,156,31.88,32.0266,0.1467
300M,chip_144_496_merged.tif,0.8,2,886880203,156,31.3914,32.406,1.0146
300M,chip_144_496_merged.tif,0.8,3,506273572,156,31.6031,32.653,1.05
300M,chip_144_496_merged.tif,0.8,4,26328054,156,31.7172,32.6,0.8828
300M,chip_145_156_merged.tif,0.2,0,2066495807,39,30.7606,35.1071,4.3465
300M,chip_145_156_merged.tif,0.2,1,1586550289,39,33.4903,34.5311,1.0408
300M,chip_145_156_merged.tif,0.2,2,1205943658,39,32.8369,36.4329,3.596
300M,chip_145_156_merged.tif,0.2,3,725998140,39,33.7226,34.3875,0.6649
300M,chip_145_156_merged.tif,0.2,4,345391509,39,32.3987,34.5852,2.1865
300M,chip_145_156_merged.tif,0.4,0,1905880474,78,29.6055,34.1027,4.4972
300M,chip_145_156_merged.tif,0.4,1,1425934956,78,30.4297,34.9775,4.5478
300M,chip_145_156_merged.tif,0.4,2,1045328325,78,29.4419,33.6434,4.2015
300M,chip_145_156_merged.tif,0.4,3,565382807,78,32.312,34.8182,2.5062
300M,chip_145_156_merged.tif,0.4,4,184776176,78,33.2066,32.8529,-0.3537
300M,chip_145_156_merged.tif,0.6,0,1162582267,117,28.5865,33.1577,4.5712
300M,chip_145_156_merged.tif,0.6,1,682636749,117,28.597,32.8002,4.2032
300M,chip_145_156_merged.tif,0.6,2,302030118,117,29.7784,33.7968,4.0184
300M,chip_145_156_merged.tif,0.6,3,1969568248,117,29.7964,33.2101,3.4136
300M,chip_145_156_merged.tif,0.6,4,1588961617,117,29.7853,33.9806,4.1953
300M,chip_145_156_merged.tif,0.8,0,679990071,156,29.7682,30.7745,1.0064
300M,chip_145_156_merged.tif,0.8,1,200044553,156,30.1269,31.2051,1.0782
300M,chip_145_156_merged.tif,0.8,2,1966921570,156,29.1741,31.6112,2.4371
300M,chip_145_156_merged.tif,0.8,3,1486976052,156,29.1995,31.1253,1.9257
300M,chip_145_156_merged.tif,0.8,4,1106369421,156,30.3313,31.056,0.7247
300M,chip_145_372_merged.tif,0.2,0,1724341470,39,38.0748,38.5075,0.4327
300M,chip_145_372_merged.tif,0.2,1,1343734839,39,36.5122,38.96,2.4478
300M,chip_145_372_merged.tif,0.2,2,963128208,39,35.8736,37.3934,1.5198
300M,chip_145_372_merged.tif,0.2,3,483182690,39,37.4742,38.5054,1.0312
300M,chip_145_372_merged.tif,0.2,4,102576059,39,36.5324,37.4754,0.9431
300M,chip_145_372_merged.tif,0.4,0,1563726137,78,36.1143,37.306,1.1917
300M,chip_145_372_merged.tif,0.4,1,1183119506,78,36.068,37.4065,1.3385
300M,chip_145_372_merged.tif,0.4,2,703173988,78,35.591,38.0386,2.4476
300M,chip_145_372_merged.tif,0.4,3,322567357,78,35.3911,37.2959,1.9049
300M,chip_145_372_merged.tif,0.4,4,2089444374,78,35.9875,37.9677,1.9801
300M,chip_145_372_merged.tif,0.6,0,820427930,117,35.9847,37.0676,1.0829
300M,chip_145_372_merged.tif,0.6,1,439821299,117,35.4806,37.6422,2.1616
300M,chip_145_372_merged.tif,0.6,2,2107359429,117,35.7884,37.1352,1.3468
300M,chip_145_372_merged.tif,0.6,3,1726752798,117,35.7221,37.2682,1.5461
300M,chip_145_372_merged.tif,0.6,4,1346146167,117,35.625,37.1452,1.5202
300M,chip_145_372_merged.tif,0.8,0,337835734,156,35.4911,36.3439,0.8528
300M,chip_145_372_merged.tif,0.8,1,2104712751,156,36.0985,36.7504,0.6519
300M,chip_145_372_merged.tif,0.8,2,1724106120,156,36.073,36.6321,0.559
300M,chip_145_372_merged.tif,0.8,3,1244160602,156,35.5018,36.203,0.7012
300M,chip_145_372_merged.tif,0.8,4,863553971,156,35.452,36.554,1.102
300M,chip_145_469_merged.tif,0.2,0,437024186,39,38.3377,36.9965,-1.3411
300M,chip_145_469_merged.tif,0.2,1,56417555,39,35.9005,36.782,0.8815
300M,chip_145_469_merged.tif,0.2,2,1723955685,39,35.527,37.4992,1.9722
300M,chip_145_469_merged.tif,0.2,3,1343349054,39,35.513,37.5726,2.0596
300M,chip_145_469_merged.tif,0.2,4,863403536,39,36.5145,37.5034,0.989
300M,chip_145_469_merged.tif,0.4,0,276408853,78,36.1982,37.3618,1.1636
300M,chip_145_469_merged.tif,0.4,1,1943946983,78,36.1262,37.6733,1.5472
300M,chip_145_469_merged.tif,0.4,2,1563340352,78,36.9373,37.4072,0.47
300M,chip_145_469_merged.tif,0.4,3,1182733721,78,36.4025,37.2493,0.8468
300M,chip_145_469_merged.tif,0.4,4,702788203,78,36.1942,36.7883,0.5941
300M,chip_145_469_merged.tif,0.6,0,1680594294,117,35.1935,36.8987,1.7052
300M,chip_145_469_merged.tif,0.6,1,1299987663,117,36.1244,36.789,0.6645
300M,chip_145_469_merged.tif,0.6,2,820042145,117,36.0654,36.996,0.9306
300M,chip_145_469_merged.tif,0.6,3,439435514,117,36.3085,36.9297,0.6213
300M,chip_145_469_merged.tif,0.6,4,2106973644,117,36.1754,36.8673,0.6919
300M,chip_145_469_merged.tif,0.8,0,1198002098,156,36.2793,36.595,0.3157
300M,chip_145_469_merged.tif,0.8,1,817395467,156,36.2896,36.3653,0.0757
300M,chip_145_469_merged.tif,0.8,2,337449949,156,34.9189,36.022,1.1031
300M,chip_145_469_merged.tif,0.8,3,2104326966,156,34.9113,35.8755,0.9642
300M,chip_145_469_merged.tif,0.8,4,1624381448,156,34.8924,36.12,1.2276
300M,chip_146_340_merged.tif,0.2,0,1531531807,39,35.0159,37.1342,2.1183
300M,chip_146_340_merged.tif,0.2,1,1150925176,39,35.6898,37.5395,1.8497
300M,chip_146_340_merged.tif,0.2,2,670979658,39,35.4414,38.337,2.8956
300M,chip_146_340_merged.tif,0.2,3,290373027,39,36.1134,38.0922,1.9787
300M,chip_146_340_merged.tif,0.2,4,2057250044,39,36.0161,36.8434,0.8272
300M,chip_146_340_merged.tif,0.4,0,1370916474,78,33.6851,36.3692,2.684
300M,chip_146_340_merged.tif,0.4,1,990309843,78,34.0179,36.6088,2.5908
300M,chip_146_340_merged.tif,0.4,2,510364325,78,33.847,36.7715,2.9246
300M,chip_146_340_merged.tif,0.4,3,129757694,78,33.6839,37.1965,3.5126
300M,chip_146_340_merged.tif,0.4,4,1797295824,78,34.4973,37.2991,2.8018
300M,chip_146_340_merged.tif,0.6,0,627618267,117,33.9124,36.1548,2.2424
300M,chip_146_340_merged.tif,0.6,1,247011636,117,33.5971,35.9607,2.3635
300M,chip_146_340_merged.tif,0.6,2,1914549766,117,34.0166,36.8315,2.815
300M,chip_146_340_merged.tif,0.6,3,1533943135,117,34.0046,36.3533,2.3487
300M,chip_146_340_merged.tif,0.6,4,1053997617,117,33.5667,37.0636,3.4969
300M,chip_146_340_merged.tif,0.8,0,145026071,156,33.4812,35.6088,2.1276
300M,chip_146_340_merged.tif,0.8,1,1911903088,156,33.4698,34.722,1.2522
300M,chip_146_340_merged.tif,0.8,2,1431957570,156,33.8196,35.0329,1.2132
300M,chip_146_340_merged.tif,0.8,3,1051350939,156,33.4691,34.613,1.1439
300M,chip_146_340_merged.tif,0.8,4,670744308,156,33.5543,34.1648,0.6105
300M,chip_146_489_merged.tif,0.2,0,199762974,39,33.6161,35.0451,1.429
300M,chip_146_489_merged.tif,0.2,1,1867301104,39,34.1973,35.4527,1.2554
300M,chip_146_489_merged.tif,0.2,2,1486694473,39,33.1473,34.7102,1.5629
300M,chip_146_489_merged.tif,0.2,3,1106087842,39,31.6485,34.4037,2.7551
300M,chip_146_489_merged.tif,0.2,4,626142324,39,33.5733,35.9769,2.4036
300M,chip_146_489_merged.tif,0.4,0,39147641,78,32.8505,35.1168,2.2664
300M,chip_146_489_merged.tif,0.4,1,1706685771,78,32.9996,33.6275,0.6279
300M,chip_146_489_merged.tif,0.4,2,1326079140,78,32.5055,35.095,2.5895
300M,chip_146_489_merged.tif,0.4,3,846133622,78,32.9127,34.7156,1.8029
300M,chip_146_489_merged.tif,0.4,4,465526991,78,32.1264,34.4513,2.3249
300M,chip_146_489_merged.tif,0.6,0,1443333082,117,32.5078,34.0192,1.5114
300M,chip_146_489_merged.tif,0.6,1,963387564,117,32.0908,34.2153,2.1245
300M,chip_146_489_merged.tif,0.6,2,582780933,117,32.5633,33.8329,1.2696
300M,chip_146_489_merged.tif,0.6,3,102835415,117,31.7811,33.858,2.0769
300M,chip_146_489_merged.tif,0.6,4,1869712432,117,32.4762,34.0137,1.5374
300M,chip_146_489_merged.tif,0.8,0,960740886,156,31.9757,32.9822,1.0065
300M,chip_146_489_merged.tif,0.8,1,480795368,156,32.1104,32.1689,0.0585
300M,chip_146_489_merged.tif,0.8,2,100188737,156,31.9733,33.0318,1.0585
300M,chip_146_489_merged.tif,0.8,3,1767726867,156,32.1174,32.5484,0.431
300M,chip_146_489_merged.tif,0.8,4,1387120236,156,31.968,32.9626,0.9947
300M,chip_146_494_merged.tif,0.2,0,947572085,39,32.6859,34.9335,2.2476
300M,chip_146_494_merged.tif,0.2,1,566965454,39,31.6677,35.3797,3.7121
300M,chip_146_494_merged.tif,0.2,2,87019936,39,33.1153,35.6242,2.5089
300M,chip_146_494_merged.tif,0.2,3,1853896953,39,33.1207,36.3574,3.2367
300M,chip_146_494_merged.tif,0.2,4,1373951435,39,32.5767,35.8696,3.2929
300M,chip_146_494_merged.tif,0.4,0,786956752,78,32.8254,35.0499,2.2245
300M,chip_146_494_merged.tif,0.4,1,307011234,78,33.3633,35.1445,1.7812
300M,chip_146_494_merged.tif,0.4,2,2073888251,78,32.9718,34.6328,1.6609
300M,chip_146_494_merged.tif,0.4,3,1593942733,78,31.9805,35.752,3.7715
300M,chip_146_494_merged.tif,0.4,4,1213336102,78,31.5476,35.1928,3.6452
300M,chip_146_494_merged.tif,0.6,0,43658545,117,31.804,33.4414,1.6373
300M,chip_146_494_merged.tif,0.6,1,1711196675,117,31.8015,33.4258,1.6243
300M,chip_146_494_merged.tif,0.6,2,1330590044,117,32.915,33.5712,0.6562
300M,chip_146_494_merged.tif,0.6,3,850644526,117,32.5126,33.9296,1.417
300M,chip_146_494_merged.tif,0.6,4,470037895,117,32.8982,33.1589,0.2607
300M,chip_146_494_merged.tif,0.8,0,1708549997,156,31.8312,32.9402,1.109
300M,chip_146_494_merged.tif,0.8,1,1327943366,156,31.8014,33.5228,1.7215
300M,chip_146_494_merged.tif,0.8,2,847997848,156,31.9964,33.6421,1.6456
300M,chip_146_494_merged.tif,0.8,3,467391217,156,31.9819,33.4511,1.4693
300M,chip_146_494_merged.tif,0.8,4,2134929347,156,32.0211,32.6058,0.5847
300M,chip_146_495_merged.tif,0.2,0,1700097207,39,33.148,35.0695,1.9215
300M,chip_146_495_merged.tif,0.2,1,1319490576,39,32.8055,35.4765,2.671
300M,chip_146_495_merged.tif,0.2,2,938883945,39,32.8069,35.0388,2.2319
300M,chip_146_495_merged.tif,0.2,3,458938427,39,33.1479,34.5758,1.4279
300M,chip_146_495_merged.tif,0.2,4,78331796,39,33.3231,36.4286,3.1055
300M,chip_146_495_merged.tif,0.4,0,734161024,78,32.1347,34.6413,2.5066
300M,chip_146_495_merged.tif,0.4,1,254215506,78,31.7338,35.0894,3.3556
300M,chip_146_495_merged.tif,0.4,2,2021092523,78,32.2604,34.889,2.6287
300M,chip_146_495_merged.tif,0.4,3,1640485892,78,32.6733,34.6567,1.9834
300M,chip_146_495_merged.tif,0.4,4,1160540374,78,31.8693,34.5615,2.6922
300M,chip_146_495_merged.tif,0.6,0,796183667,117,31.9505,33.7279,1.7774
300M,chip_146_495_merged.tif,0.6,1,415577036,117,31.9572,34.572,2.6148
300M,chip_146_495_merged.tif,0.6,2,2083115166,117,31.2377,33.7337,2.496
300M,chip_146_495_merged.tif,0.6,3,1702508535,117,32.0261,34.1503,2.1242
300M,chip_146_495_merged.tif,0.6,4,1222563017,117,32.2,33.7974,1.5974
300M,chip_146_495_merged.tif,0.8,0,313591471,156,31.2504,32.3746,1.1242
300M,chip_146_495_merged.tif,0.8,1,2080468488,156,31.7098,33.0186,1.3088
300M,chip_146_495_merged.tif,0.8,2,1600522970,156,31.187,32.0083,0.8213
300M,chip_146_495_merged.tif,0.8,3,1219916339,156,31.2581,32.7842,1.5261
300M,chip_146_495_merged.tif,0.8,4,839309708,156,31.6488,32.3094,0.6606
300M,chip_147_393_merged.tif,0.2,0,1762810977,39,38.4279,39.5082,1.0802
300M,chip_147_393_merged.tif,0.2,1,1382204346,39,39.3527,39.2944,-0.0583
300M,chip_147_393_merged.tif,0.2,2,902258828,39,37.6747,39.8062,2.1315
300M,chip_147_393_merged.tif,0.2,3,521652197,39,39.5325,39.2029,-0.3296
300M,chip_147_393_merged.tif,0.2,4,141045566,39,37.6457,39.2107,1.5649
300M,chip_147_393_merged.tif,0.4,0,1602195644,78,36.5364,38.9397,2.4033
300M,chip_147_393_merged.tif,0.4,1,1221589013,78,36.7876,38.6914,1.9039
300M,chip_147_393_merged.tif,0.4,2,741643495,78,38.2896,38.1281,-0.1616
300M,chip_147_393_merged.tif,0.4,3,361036864,78,37.5096,38.7349,1.2253
300M,chip_147_393_merged.tif,0.4,4,2028574994,78,36.6386,39.4554,2.8168
300M,chip_147_393_merged.tif,0.6,0,858897437,117,36.7895,38.1061,1.3167
300M,chip_147_393_merged.tif,0.6,1,478290806,117,36.5409,37.634,1.0931
300M,chip_147_393_merged.tif,0.6,2,2145828936,117,36.7801,38.4662,1.6861
300M,chip_147_393_merged.tif,0.6,3,1765222305,117,37.4083,38.4705,1.0622
300M,chip_147_393_merged.tif,0.6,4,1285276787,117,36.773,37.9203,1.1473
300M,chip_147_393_merged.tif,0.8,0,376305241,156,36.7778,37.3838,0.606
300M,chip_147_393_merged.tif,0.8,1,2143182258,156,36.2549,37.3464,1.0915
300M,chip_147_393_merged.tif,0.8,2,1663236740,156,36.4875,37.3821,0.8946
300M,chip_147_393_merged.tif,0.8,3,1282630109,156,36.8521,37.8486,0.9966
300M,chip_147_393_merged.tif,0.8,4,902023478,156,36.7345,37.5257,0.7912
300M,chip_147_440_merged.tif,0.2,0,910863131,39,33.3072,35.0609,1.7537
300M,chip_147_440_merged.tif,0.2,1,530256500,39,33.8228,36.1395,2.3167
300M,chip_147_440_merged.tif,0.2,2,50310982,39,32.9532,36.0587,3.1055
300M,chip_147_440_merged.tif,0.2,3,1817187999,39,33.3456,34.8567,1.5111
300M,chip_147_440_merged.tif,0.2,4,1337242481,39,33.5645,34.236,0.6715
300M,chip_147_440_merged.tif,0.4,0,750247798,78,33.3664,34.556,1.1896
300M,chip_147_440_merged.tif,0.4,1,270302280,78,33.2306,33.9836,0.753
300M,chip_147_440_merged.tif,0.4,2,2037179297,78,33.3515,34.9942,1.6427
300M,chip_147_440_merged.tif,0.4,3,1557233779,78,33.5065,34.7229,1.2164
300M,chip_147_440_merged.tif,0.4,4,1176627148,78,33.3463,34.4883,1.1421
300M,chip_147_440_merged.tif,0.6,0,6949591,117,32.8489,33.8481,0.9992
300M,chip_147_440_merged.tif,0.6,1,1674487721,117,33.0846,34.0198,0.9352
300M,chip_147_440_merged.tif,0.6,2,1293881090,117,33.073,33.8377,0.7647
300M,chip_147_440_merged.tif,0.6,3,813935572,117,33.0683,33.8909,0.8226
300M,chip_147_440_merged.tif,0.6,4,433328941,117,33.1243,34.1078,0.9835
300M,chip_147_440_merged.tif,0.8,0,1671841043,156,33.1756,33.4168,0.2412
300M,chip_147_440_merged.tif,0.8,1,1291234412,156,33.1959,33.4393,0.2434
300M,chip_147_440_merged.tif,0.8,2,811288894,156,32.8251,33.3603,0.5353
300M,chip_147_440_merged.tif,0.8,3,430682263,156,33.1873,33.6537,0.4664
300M,chip_147_440_merged.tif,0.8,4,2098220393,156,33.1317,33.5773,0.4457
300M,chip_147_479_merged.tif,0.2,0,299748279,39,33.3624,35.5331,2.1707
300M,chip_147_479_merged.tif,0.2,1,1967286409,39,34.1221,35.7643,1.6422
300M,chip_147_479_merged.tif,0.2,2,1586679778,39,33.3161,36.5957,3.2796
300M,chip_147_479_merged.tif,0.2,3,1106734260,39,32.7246,35.8428,3.1182
300M,chip_147_479_merged.tif,0.2,4,726127629,39,31.2245,35.5661,4.3415
300M,chip_147_479_merged.tif,0.4,0,39794059,78,31.9927,34.8043,2.8116
300M,chip_147_479_merged.tif,0.4,1,1806671076,78,31.538,35.1513,3.6133
300M,chip_147_479_merged.tif,0.4,2,1326725558,78,32.2988,34.5978,2.2991
300M,chip_147_479_merged.tif,0.4,3,946118927,78,32.2701,35.0343,2.7642
300M,chip_147_479_merged.tif,0.4,4,565512296,78,32.2375,35.2173,2.9798
300M,chip_147_479_merged.tif,0.6,0,1443979500,117,32.0393,33.698,1.6586
300M,chip_147_479_merged.tif,0.6,1,1063372869,117,32.3246,33.8368,1.5122
300M,chip_147_479_merged.tif,0.6,2,583427351,117,31.4583,34.4293,2.971
300M,chip_147_479_merged.tif,0.6,3,202820720,117,31.7603,33.989,2.2287
300M,chip_147_479_merged.tif,0.6,4,1969697737,117,31.8159,34.549,2.7332
300M,chip_147_479_merged.tif,0.8,0,1060726191,156,31.1521,33.6203,2.4682
300M,chip_147_479_merged.tif,0.8,1,580780673,156,31.4549,33.1428,1.6879
300M,chip_147_479_merged.tif,0.8,2,200174042,156,31.6013,33.9433,2.3419
300M,chip_147_479_merged.tif,0.8,3,1867712172,156,31.3328,33.2173,1.8845
300M,chip_147_479_merged.tif,0.8,4,1487105541,156,31.5731,33.1164,1.5433
300M,chip_147_486_merged.tif,0.2,0,1766238322,39,32.8557,35.1133,2.2576
300M,chip_147_486_merged.tif,0.2,1,1385631691,39,33.0334,36.3036,3.2702
300M,chip_147_486_merged.tif,0.2,2,1005025060,39,33.0342,36.0317,2.9975
300M,chip_147_486_merged.tif,0.2,3,525079542,39,33.1347,36.2491,3.1145
300M,chip_147_486_merged.tif,0.2,4,144472911,39,33.9721,35.2663,1.2942
300M,chip_147_486_merged.tif,0.4,0,1605622989,78,32.8464,35.0341,2.1877
300M,chip_147_486_merged.tif,0.4,1,1225016358,78,33.1174,35.0726,1.9552
300M,chip_147_486_merged.tif,0.4,2,745070840,78,33.2113,34.8868,1.6755
300M,chip_147_486_merged.tif,0.4,3,364464209,78,32.3316,34.7575,2.4259
300M,chip_147_486_merged.tif,0.4,4,2032002339,78,33.0405,34.9306,1.8901
300M,chip_147_486_merged.tif,0.6,0,862324782,117,32.3312,34.7898,2.4586
300M,chip_147_486_merged.tif,0.6,1,481718151,117,32.8578,33.6983,0.8405
300M,chip_147_486_merged.tif,0.6,2,1772633,117,32.2711,34.4604,2.1893
300M,chip_147_486_merged.tif,0.6,3,1768649650,117,32.2675,34.3541,2.0866
300M,chip_147_486_merged.tif,0.6,4,1388043019,117,32.3399,34.1759,1.836
300M,chip_147_486_merged.tif,0.8,0,379732586,156,32.3155,33.4997,1.1842
300M,chip_147_486_merged.tif,0.8,1,2146609603,156,32.6356,33.8654,1.2299
300M,chip_147_486_merged.tif,0.8,2,1766002972,156,32.4384,33.6009,1.1625
300M,chip_147_486_merged.tif,0.8,3,1286057454,156,32.3319,33.382,1.0502
300M,chip_147_486_merged.tif,0.8,4,905450823,156,32.3051,33.3598,1.0547
300M,chip_147_489_merged.tif,0.2,0,1774346984,39,34.2009,35.0869,0.886
300M,chip_147_489_merged.tif,0.2,1,1393740353,39,31.8604,35.1635,3.3031
300M,chip_147_489_merged.tif,0.2,2,913794835,39,34.1512,34.8066,0.6554
300M,chip_147_489_merged.tif,0.2,3,533188204,39,32.0231,35.6161,3.5931
300M,chip_147_489_merged.tif,0.2,4,53242686,39,33.1664,35.3084,2.142
300M,chip_147_489_merged.tif,0.4,0,1613731651,78,31.7879,33.8884,2.1006
300M,chip_147_489_merged.tif,0.4,1,1133786133,78,33.7483,34.2579,0.5096
300M,chip_147_489_merged.tif,0.4,2,753179502,78,31.8721,34.7878,2.9157
300M,chip_147_489_merged.tif,0.4,3,372572871,78,32.7364,33.9807,1.2443
300M,chip_147_489_merged.tif,0.4,4,2040111001,78,32.3433,34.4138,2.0705
300M,chip_147_489_merged.tif,0.6,0,870433444,117,32.5826,33.832,1.2494
300M,chip_147_489_merged.tif,0.6,1,390487926,117,31.6121,33.5554,1.9433
300M,chip_147_489_merged.tif,0.6,2,9881295,117,31.9635,33.7426,1.7791
300M,chip_147_489_merged.tif,0.6,3,1776758312,117,32.5514,33.4747,0.9233
300M,chip_147_489_merged.tif,0.6,4,1296812794,117,32.0949,33.8827,1.7879
300M,chip_147_489_merged.tif,0.8,0,387841248,156,31.9519,32.7104,0.7586
300M,chip_147_489_merged.tif,0.8,1,7234617,156,32.1613,32.7292,0.5679
300M,chip_147_489_merged.tif,0.8,2,1674772747,156,31.432,32.6534,1.2214
300M,chip_147_489_merged.tif,0.8,3,1294166116,156,32.1938,32.7434,0.5496
300M,chip_147_489_merged.tif,0.8,4,814220598,156,31.6932,32.9615,1.2682
300M,chip_148_413_merged.tif,0.2,0,993369569,39,35.3123,36.5985,1.2862
300M,chip_148_413_merged.tif,0.2,1,612762938,39,34.8307,35.8712,1.0404
300M,chip_148_413_merged.tif,0.2,2,132817420,39,34.7055,37.3812,2.6757
300M,chip_148_413_merged.tif,0.2,3,1899694437,39,31.7181,36.3505,4.6324
300M,chip_148_413_merged.tif,0.2,4,1419748919,39,34.7035,36.6078,1.9043
300M,chip_148_413_merged.tif,0.4,0,832754236,78,34.9542,35.944,0.9897
300M,chip_148_413_merged.tif,0.4,1,352808718,78,34.4206,35.8642,1.4437
300M,chip_148_413_merged.tif,0.4,2,2119685735,78,32.6907,36.3246,3.6339
300M,chip_148_413_merged.tif,0.4,3,1639740217,78,34.1131,35.3763,1.2632
300M,chip_148_413_merged.tif,0.4,4,1259133586,78,34.9868,35.7085,0.7217
300M,chip_148_413_merged.tif,0.6,0,89456029,117,33.7831,36.0536,2.2705
300M,chip_148_413_merged.tif,0.6,1,1756994159,117,34.054,35.4803,1.4262
300M,chip_148_413_merged.tif,0.6,2,1376387528,117,32.8106,35.4941,2.6835
300M,chip_148_413_merged.tif,0.6,3,896442010,117,33.1827,35.6245,2.4418
300M,chip_148_413_merged.tif,0.6,4,515835379,117,32.9765,35.6565,2.68
300M,chip_148_413_merged.tif,0.8,0,1754347481,156,33.9468,35.0915,1.1447
300M,chip_148_413_merged.tif,0.8,1,1274401963,156,32.7223,34.8992,2.1769
300M,chip_148_413_merged.tif,0.8,2,893795332,156,34.3489,34.7775,0.4285
300M,chip_148_413_merged.tif,0.8,3,513188701,156,34.4452,34.7064,0.2612
300M,chip_148_413_merged.tif,0.8,4,33243183,156,33.4714,35.1922,1.7208
300M,chip_148_469_merged.tif,0.2,0,868421145,39,39.1887,37.8418,-1.3469
300M,chip_148_469_merged.tif,0.2,1,487814514,39,37.8674,37.6012,-0.2662
300M,chip_148_469_merged.tif,0.2,2,107207883,39,36.3179,38.8029,2.4849
300M,chip_148_469_merged.tif,0.2,3,1774746013,39,37.1638,36.48,-0.6838
300M,chip_148_469_merged.tif,0.2,4,1394139382,39,37.2452,38.5718,1.3266
300M,chip_148_469_merged.tif,0.4,0,707805812,78,36.8823,37.253,0.3707
300M,chip_148_469_merged.tif,0.4,1,327199181,78,36.6446,36.3663,-0.2782
300M,chip_148_469_merged.tif,0.4,2,1994737311,78,36.6148,36.7937,0.1789
300M,chip_148_469_merged.tif,0.4,3,1614130680,78,37.5361,36.596,-0.9401
300M,chip_148_469_merged.tif,0.4,4,1134185162,78,35.1254,37.2226,2.0972
300M,chip_148_469_merged.tif,0.6,0,2111991253,117,36.7486,36.2066,-0.542
300M,chip_148_469_merged.tif,0.6,1,1731384622,117,36.7171,36.7659,0.0488
300M,chip_148_469_merged.tif,0.6,2,1251439104,117,36.4481,36.5136,0.0654
300M,chip_148_469_merged.tif,0.6,3,870832473,117,35.5294,36.8346,1.3051
300M,chip_148_469_merged.tif,0.6,4,490225842,117,36.1682,36.9036,0.7354
300M,chip_148_469_merged.tif,0.8,0,1629399057,156,35.5068,36.8151,1.3083
300M,chip_148_469_merged.tif,0.8,1,1248792426,156,36.2217,36.3535,0.1318
300M,chip_148_469_merged.tif,0.8,2,868185795,156,35.5158,35.5697,0.0539
300M,chip_148_469_merged.tif,0.8,3,388240277,156,36.2088,36.8056,0.5967
300M,chip_148_469_merged.tif,0.8,4,7633646,156,36.2032,35.7237,-0.4796
300M,chip_148_478_merged.tif,0.2,0,1947341345,39,33.8919,35.0381,1.1462
300M,chip_148_478_merged.tif,0.2,1,1566734714,39,34.1123,35.4659,1.3535
300M,chip_148_478_merged.tif,0.2,2,1086789196,39,34.3082,36.4454,2.1372
300M,chip_148_478_merged.tif,0.2,3,706182565,39,34.1119,36.6275,2.5156
300M,chip_148_478_merged.tif,0.2,4,325575934,39,34.9587,36.3151,1.3564
300M,chip_148_478_merged.tif,0.4,0,1786726012,78,34.7553,34.7751,0.0198
300M,chip_148_478_merged.tif,0.4,1,1406119381,78,33.4433,34.9563,1.5129
300M,chip_148_478_merged.tif,0.4,2,926173863,78,33.9062,35.2007,1.2945
300M,chip_148_478_merged.tif,0.4,3,545567232,78,33.7187,35.0285,1.3098
300M,chip_148_478_merged.tif,0.4,4,65621714,78,33.8826,35.0304,1.1479
300M,chip_148_478_merged.tif,0.6,0,1043427805,117,33.6011,35.1151,1.514
300M,chip_148_478_merged.tif,0.6,1,662821174,117,33.8158,35.151,1.3351
300M,chip_148_478_merged.tif,0.6,2,182875656,117,33.609,34.9321,1.3232
300M,chip_148_478_merged.tif,0.6,3,1949752673,117,33.48,35.0424,1.5625
300M,chip_148_478_merged.tif,0.6,4,1469807155,117,33.6638,34.6947,1.0309
300M,chip_148_478_merged.tif,0.8,0,560835609,156,33.6455,34.1035,0.4579
300M,chip_148_478_merged.tif,0.8,1,180228978,156,33.5991,34.3077,0.7087
300M,chip_148_478_merged.tif,0.8,2,1847767108,156,33.6638,34.0244,0.3606
300M,chip_148_478_merged.tif,0.8,3,1467160477,156,33.6221,33.9157,0.2935
300M,chip_148_478_merged.tif,0.8,4,1086553846,156,33.0316,34.1242,1.0926
300M,chip_148_483_merged.tif,0.2,0,1380883847,39,33.3083,33.4891,0.1808
300M,chip_148_483_merged.tif,0.2,1,1000277216,39,31.8329,33.9236,2.0907
300M,chip_148_483_merged.tif,0.2,2,520331698,39,30.9754,34.4778,3.5024
300M,chip_148_483_merged.tif,0.2,3,139725067,39,32.4201,34.265,1.8449
300M,chip_148_483_merged.tif,0.2,4,1906602084,39,30.9745,33.231,2.2564
300M,chip_148_483_merged.tif,0.4,0,1220268514,78,31.1107,33.8417,2.7309
300M,chip_148_483_merged.tif,0.4,1,839661883,78,32.6755,32.9061,0.2306
300M,chip_148_483_merged.tif,0.4,2,359716365,78,31.1108,32.8166,1.7059
300M,chip_148_483_merged.tif,0.4,3,2126593382,78,31.7,32.9608,1.2608
300M,chip_148_483_merged.tif,0.4,4,1646647864,78,31.1097,34.3269,3.2172
300M,chip_148_483_merged.tif,0.6,0,476970307,117,32.1987,33.3443,1.1456
300M,chip_148_483_merged.tif,0.6,1,96363676,117,31.5478,32.6127,1.0649
300M,chip_148_483_merged.tif,0.6,2,1763901806,117,32.0152,33.0414,1.0262
300M,chip_148_483_merged.tif,0.6,3,1383295175,117,32.0767,32.797,0.7203
300M,chip_148_483_merged.tif,0.6,4,903349657,117,32.4696,32.5601,0.0905
300M,chip_148_483_merged.tif,0.8,0,2141861759,156,31.6535,31.9629,0.3093
300M,chip_148_483_merged.tif,0.8,1,1761255128,156,31.4968,32.267,0.7702
300M,chip_148_483_merged.tif,0.8,2,1281309610,156,31.4806,32.2462,0.7656
300M,chip_148_483_merged.tif,0.8,3,900702979,156,30.9601,32.1933,1.2332
300M,chip_148_483_merged.tif,0.8,4,520096348,156,31.9075,32.2467,0.3392
300M,chip_151_240_merged.tif,0.2,0,151054094,39,33.6807,35.5088,1.8281
300M,chip_151_240_merged.tif,0.2,1,1818592224,39,31.3944,34.6855,3.2911
300M,chip_151_240_merged.tif,0.2,2,1437985593,39,29.2072,35.9889,6.7817
300M,chip_151_240_merged.tif,0.2,3,958040075,39,32.2957,36.2369,3.9412
300M,chip_151_240_merged.tif,0.2,4,577433444,39,32.7931,35.8329,3.0398
300M,chip_151_240_merged.tif,0.4,0,2038583522,78,29.4308,34.8264,5.3956
300M,chip_151_240_merged.tif,0.4,1,1657976891,78,30.7261,34.7593,4.0332
300M,chip_151_240_merged.tif,0.4,2,1277370260,78,31.5042,34.4102,2.906
300M,chip_151_240_merged.tif,0.4,3,797424742,78,31.7261,35.6714,3.9452
300M,chip_151_240_merged.tif,0.4,4,416818111,78,31.0681,34.6247,3.5566
300M,chip_151_240_merged.tif,0.6,0,1295285315,117,30.8837,33.4868,2.6031
300M,chip_151_240_merged.tif,0.6,1,914678684,117,31.2667,34.159,2.8922
300M,chip_151_240_merged.tif,0.6,2,534072053,117,30.6032,34.2524,3.6492
300M,chip_151_240_merged.tif,0.6,3,54126535,117,29.3022,33.774,4.4718
300M,chip_151_240_merged.tif,0.6,4,1821003552,117,31.3101,33.4421,2.132
300M,chip_151_240_merged.tif,0.8,0,912032006,156,29.6714,32.5859,2.9145
300M,chip_151_240_merged.tif,0.8,1,432086488,156,29.6681,31.5726,1.9045
300M,chip_151_240_merged.tif,0.8,2,51479857,156,29.6214,32.423,2.8017
300M,chip_151_240_merged.tif,0.8,3,1719017987,156,29.573,32.1012,2.5282
300M,chip_151_240_merged.tif,0.8,4,1338411356,156,29.6795,31.5009,1.8215
300M,chip_151_248_merged.tif,0.2,0,1582774311,39,35.7035,36.1757,0.4722
300M,chip_151_248_merged.tif,0.2,1,1202167680,39,29.6068,35.4791,5.8724
300M,chip_151_248_merged.tif,0.2,2,722222162,39,35.5604,33.1093,-2.451
300M,chip_151_248_merged.tif,0.2,3,341615531,39,30.1913,36.0896,5.8983
300M,chip_151_248_merged.tif,0.2,4,2009153661,39,30.0121,34.0626,4.0505
300M,chip_151_248_merged.tif,0.4,0,1422158978,78,31.7089,34.8148,3.1058
300M,chip_151_248_merged.tif,0.4,1,942213460,78,32.3626,34.8073,2.4447
300M,chip_151_248_merged.tif,0.4,2,561606829,78,31.0404,33.8185,2.7781
300M,chip_151_248_merged.tif,0.4,3,181000198,78,30.4912,33.5072,3.016
300M,chip_151_248_merged.tif,0.4,4,1848538328,78,29.897,34.811,4.9139
300M,chip_151_248_merged.tif,0.6,0,678860771,117,31.8076,32.5428,0.7352
300M,chip_151_248_merged.tif,0.6,1,298254140,117,31.444,33.1666,1.7226
300M,chip_151_248_merged.tif,0.6,2,1965792270,117,31.0203,34.4952,3.4749
300M,chip_151_248_merged.tif,0.6,3,1585185639,117,31.2866,32.3384,1.0519
300M,chip_151_248_merged.tif,0.6,4,1105240121,117,31.7561,32.9842,1.2281
300M,chip_151_248_merged.tif,0.8,0,196268575,156,30.8341,30.5021,-0.3321
300M,chip_151_248_merged.tif,0.8,1,1963145592,156,29.5807,31.3155,1.7348
300M,chip_151_248_merged.tif,0.8,2,1483200074,156,30.6721,32.2082,1.5361
300M,chip_151_248_merged.tif,0.8,3,1102593443,156,30.6075,31.6308,1.0234
300M,chip_151_248_merged.tif,0.8,4,622647925,156,30.8364,31.3329,0.4965
300M,chip_151_418_merged.tif,0.2,0,939885381,39,33.6944,37.2192,3.5248
300M,chip_151_418_merged.tif,0.2,1,559278750,39,33.8023,35.741,1.9387
300M,chip_151_418_merged.tif,0.2,2,79333232,39,35.6728,37.1868,1.514
300M,chip_151_418_merged.tif,0.2,3,1846210249,39,34.5401,35.1636,0.6235
300M,chip_151_418_merged.tif,0.2,4,1366264731,39,34.7169,35.8685,1.1516
300M,chip_151_418_merged.tif,0.4,0,779270048,78,34.7487,36.4557,1.707
300M,chip_151_418_merged.tif,0.4,1,299324530,78,32.3767,36.2965,3.9198
300M,chip_151_418_merged.tif,0.4,2,2066201547,78,33.627,35.5206,1.8936
300M,chip_151_418_merged.tif,0.4,3,1685594916,78,34.0273,35.6296,1.6023
300M,chip_151_418_merged.tif,0.4,4,1205649398,78,32.6568,35.9383,3.2815
300M,chip_151_418_merged.tif,0.6,0,35971841,117,32.8242,35.1461,2.322
300M,chip_151_418_merged.tif,0.6,1,1703509971,117,33.2649,34.9656,1.7007
300M,chip_151_418_merged.tif,0.6,2,1322903340,117,31.9001,34.8778,2.9777
300M,chip_151_418_merged.tif,0.6,3,942296709,117,33.253,35.3263,2.0733
300M,chip_151_418_merged.tif,0.6,4,462351191,117,33.2556,34.9906,1.7351
300M,chip_151_418_merged.tif,0.8,0,1700863293,156,32.4314,34.5595,2.1281
300M,chip_151_418_merged.tif,0.8,1,1320256662,156,32.5217,33.9835,1.4618
300M,chip_151_418_merged.tif,0.8,2,840311144,156,32.5221,34.5249,2.0028
300M,chip_151_418_merged.tif,0.8,3,459704513,156,32.0041,34.6672,2.663
300M,chip_151_418_merged.tif,0.8,4,2127242643,156,33.4255,34.8326,1.407
300M,chip_151_484_merged.tif,0.2,0,68412432,39,32.4305,33.4261,0.9956
300M,chip_151_484_merged.tif,0.2,1,1835289449,39,31.5943,33.896,2.3016
300M,chip_151_484_merged.tif,0.2,2,1355343931,39,32.7263,34.7272,2.001
300M,chip_151_484_merged.tif,0.2,3,974737300,39,31.9543,33.8427,1.8884
300M,chip_151_484_merged.tif,0.2,4,494791782,39,30.2924,34.0385,3.7462
300M,chip_151_484_merged.tif,0.4,0,2055280747,78,30.3889,33.6119,3.223
300M,chip_151_484_merged.tif,0.4,1,1575335229,78,29.4245,33.6627,4.2383
300M,chip_151_484_merged.tif,0.4,2,1194728598,78,28.1285,33.3315,5.203
300M,chip_151_484_merged.tif,0.4,3,714783080,78,29.0879,31.2141,2.1261
300M,chip_151_484_merged.tif,0.4,4,334176449,78,29.9106,33.1693,3.2587
300M,chip_151_484_merged.tif,0.6,0,1311982540,117,28.2306,30.7448,2.5143
300M,chip_151_484_merged.tif,0.6,1,832037022,117,27.0043,31.2252,4.2209
300M,chip_151_484_merged.tif,0.6,2,451430391,117,27.9062,28.8461,0.94
300M,chip_151_484_merged.tif,0.6,3,2118968521,117,28.4907,33.1621,4.6713
300M,chip_151_484_merged.tif,0.6,4,1738361890,117,27.9678,32.0226,4.0547
300M,chip_151_484_merged.tif,0.8,0,829390344,156,27.8767,31.7305,3.8538
300M,chip_151_484_merged.tif,0.8,1,448783713,156,27.8442,28.8342,0.99
300M,chip_151_484_merged.tif,0.8,2,2116321843,156,27.4604,29.7644,2.304
300M,chip_151_484_merged.tif,0.8,3,1735715212,156,27.4645,32.0921,4.6276
300M,chip_151_484_merged.tif,0.8,4,1255769694,156,27.4659,29.1009,1.635
300M,chip_151_489_merged.tif,0.2,0,2111170159,39,33.9191,35.0558,1.1367
300M,chip_151_489_merged.tif,0.2,1,1631224641,39,34.376,35.6925,1.3165
300M,chip_151_489_merged.tif,0.2,2,1250618010,39,34.6852,35.2685,0.5833
300M,chip_151_489_merged.tif,0.2,3,870011379,39,35.6618,35.8582,0.1964
300M,chip_151_489_merged.tif,0.2,4,390065861,39,34.8472,35.8298,0.9826
300M,chip_151_489_merged.tif,0.4,0,1950554826,78,34.8484,35.6164,0.7681
300M,chip_151_489_merged.tif,0.4,1,1470609308,78,34.8484,35.4606,0.6122
300M,chip_151_489_merged.tif,0.4,2,1090002677,78,34.3264,35.7856,1.4591
300M,chip_151_489_merged.tif,0.4,3,610057159,78,34.4386,35.2487,0.8101
300M,chip_151_489_merged.tif,0.4,4,229450528,78,32.4692,35.2412,2.7719
300M,chip_151_489_merged.tif,0.6,0,1207256619,117,34.3363,34.8552,0.5189
300M,chip_151_489_merged.tif,0.6,1,727311101,117,33.6058,34.7774,1.1716
300M,chip_151_489_merged.tif,0.6,2,346704470,117,34.4292,34.4488,0.0196
300M,chip_151_489_merged.tif,0.6,3,2014242600,117,34.1558,35.3432,1.1874
300M,chip_151_489_merged.tif,0.6,4,1633635969,117,33.6417,35.3365,1.6948
300M,chip_151_489_merged.tif,0.8,0,724664423,156,33.597,34.4863,0.8893
300M,chip_151_489_merged.tif,0.8,1,244718905,156,33.791,34.4349,0.644
300M,chip_151_489_merged.tif,0.8,2,2011595922,156,33.3479,33.9902,0.6423
300M,chip_151_489_merged.tif,0.8,3,1630989291,156,33.5759,33.7522,0.1763
300M,chip_151_489_merged.tif,0.8,4,1151043773,156,33.618,34.5161,0.8981
300M,chip_151_501_merged.tif,0.2,0,1295229284,39,33.2485,34.3909,1.1424
300M,chip_151_501_merged.tif,0.2,1,815283766,39,33.248,33.5495,0.3015
300M,chip_151_501_merged.tif,0.2,2,434677135,39,33.0133,34.7489,1.7356
300M,chip_151_501_merged.tif,0.2,3,54070504,39,33.1545,34.2336,1.079
300M,chip_151_501_merged.tif,0.2,4,1721608634,39,32.6104,34.1384,1.528
300M,chip_151_501_merged.tif,0.4,0,1134613951,78,32.0654,33.8244,1.759
300M,chip_151_501_merged.tif,0.4,1,654668433,78,31.8024,34.3397,2.5374
300M,chip_151_501_merged.tif,0.4,2,274061802,78,31.5825,33.9687,2.3861
300M,chip_151_501_merged.tif,0.4,3,1941599932,78,32.0656,33.4704,1.4048
300M,chip_151_501_merged.tif,0.4,4,1560993301,78,32.2797,34.5107,2.231
300M,chip_151_501_merged.tif,0.6,0,391315744,117,31.8734,33.3834,1.51
300M,chip_151_501_merged.tif,0.6,1,2058853874,117,31.4255,33.6709,2.2454
300M,chip_151_501_merged.tif,0.6,2,1678247243,117,31.9209,33.189,1.2681
300M,chip_151_501_merged.tif,0.6,3,1198301725,117,32.2644,33.2195,0.9551
300M,chip_151_501_merged.tif,0.6,4,817695094,117,32.1383,33.2146,1.0764
300M,chip_151_501_merged.tif,0.8,0,2056207196,156,31.8589,32.8854,1.0265
300M,chip_151_501_merged.tif,0.8,1,1576261678,156,31.3586,32.8316,1.473
300M,chip_151_501_merged.tif,0.8,2,1195655047,156,31.3526,32.5875,1.2348
300M,chip_151_501_merged.tif,0.8,3,815048416,156,31.948,32.0307,0.0827
300M,chip_151_501_merged.tif,0.8,4,335102898,156,31.3818,32.1799,0.7981
300M,chip_151_592_merged.tif,0.2,0,1612425901,39,34.0044,36.2947,2.2903
300M,chip_151_592_merged.tif,0.2,1,1132480383,39,34.6016,36.4325,1.8309
300M,chip_151_592_merged.tif,0.2,2,751873752,39,35.1837,37.039,1.8552
300M,chip_151_592_merged.tif,0.2,3,271928234,39,34.5789,35.7236,1.1448
300M,chip_151_592_merged.tif,0.2,4,2038805251,39,33.5681,36.5407,2.9726
300M,chip_151_592_merged.tif,0.4,0,1352471681,78,34.1511,35.4407,1.2897
300M,chip_151_592_merged.tif,0.4,1,971865050,78,33.822,35.2639,1.4419
300M,chip_151_592_merged.tif,0.4,2,591258419,78,34.1521,36.0595,1.9074
300M,chip_151_592_merged.tif,0.4,3,111312901,78,34.1517,36.1466,1.995
300M,chip_151_592_merged.tif,0.4,4,1878189918,78,34.2447,35.9403,1.6956
300M,chip_151_592_merged.tif,0.6,0,609173474,117,33.5632,35.1405,1.5774
300M,chip_151_592_merged.tif,0.6,1,228566843,117,34.0902,35.3297,1.2395
300M,chip_151_592_merged.tif,0.6,2,1995443860,117,33.2008,35.1411,1.9404
300M,chip_151_592_merged.tif,0.6,3,1515498342,117,34.0876,35.0631,0.9756
300M,chip_151_592_merged.tif,0.6,4,1134891711,117,33.7008,35.479,1.7782
300M,chip_151_592_merged.tif,0.8,0,1520464950,156,33.5636,34.6925,1.129
300M,chip_151_592_merged.tif,0.8,1,1040519432,156,33.5895,34.1635,0.5741
300M,chip_151_592_merged.tif,0.8,2,659912801,156,33.5912,33.9709,0.3797
300M,chip_151_592_merged.tif,0.8,3,279306170,156,33.5835,34.128,0.5445
300M,chip_151_592_merged.tif,0.8,4,1946844300,156,33.5792,34.0198,0.4406
300M,chip_151_604_merged.tif,0.2,0,1526948105,39,34.7054,36.1013,1.3959
300M,chip_151_604_merged.tif,0.2,1,1146341474,39,34.2373,36.0762,1.8389
300M,chip_151_604_merged.tif,0.2,2,666395956,39,34.5673,36.4627,1.8953
300M,chip_151_604_merged.tif,0.2,3,285789325,39,34.9212,35.9607,1.0396
300M,chip_151_604_merged.tif,0.2,4,2052666342,39,34.4476,36.8867,2.4391
300M,chip_151_604_merged.tif,0.4,0,1366332772,78,34.4859,35.4658,0.9799
300M,chip_151_604_merged.tif,0.4,1,985726141,78,34.4344,35.5294,1.095
300M,chip_151_604_merged.tif,0.4,2,505780623,78,34.4347,35.3089,0.8742
300M,chip_151_604_merged.tif,0.4,3,125173992,78,34.2339,35.8873,1.6534
300M,chip_151_604_merged.tif,0.4,4,1792712122,78,34.5411,35.3963,0.8552
300M,chip_151_604_merged.tif,0.6,0,623034565,117,34.1671,35.2537,1.0866
300M,chip_151_604_merged.tif,0.6,1,242427934,117,34.2518,35.5574,1.3055
300M,chip_151_604_merged.tif,0.6,2,1909966064,117,34.1635,35.1161,0.9526
300M,chip_151_604_merged.tif,0.6,3,1529359433,117,34.1502,35.1706,1.0204
300M,chip_151_604_merged.tif,0.6,4,1049413915,117,34.0075,35.0151,1.0076
300M,chip_151_604_merged.tif,0.8,0,140442369,156,34.1087,34.5573,0.4486
300M,chip_151_604_merged.tif,0.8,1,1907319386,156,34.0838,34.6118,0.528
300M,chip_151_604_merged.tif,0.8,2,1427373868,156,33.7601,34.4927,0.7326
300M,chip_151_604_merged.tif,0.8,3,1046767237,156,33.7686,34.4453,0.6767
300M,chip_151_604_merged.tif,0.8,4,666160606,156,34.0761,34.73,0.6539
300M,chip_152_240_merged.tif,0.2,0,1690725444,39,31.2761,36.3038,5.0277
300M,chip_152_240_merged.tif,0.2,1,1310118813,39,30.676,36.1103,5.4343
300M,chip_152_240_merged.tif,0.2,2,830173295,39,28.5859,36.4713,7.8853
300M,chip_152_240_merged.tif,0.2,3,449566664,39,28.4241,35.176,6.7518
300M,chip_152_240_merged.tif,0.2,4,68960033,39,28.2394,36.0317,7.7923
300M,chip_152_240_merged.tif,0.4,0,724789261,78,29.396,33.9392,4.5432
300M,chip_152_240_merged.tif,0.4,1,244843743,78,28.2159,31.7209,3.5049
300M,chip_152_240_merged.tif,0.4,2,2011720760,78,28.9792,33.5965,4.6172
300M,chip_152_240_merged.tif,0.4,3,1631114129,78,28.5298,35.0377,6.5078
300M,chip_152_240_merged.tif,0.4,4,1151168611,78,29.286,33.5615,4.2755
300M,chip_152_240_merged.tif,0.6,0,786811904,117,29.5285,32.2773,2.7488
300M,chip_152_240_merged.tif,0.6,1,406205273,117,29.5126,33.2,3.6875
300M,chip_152_240_merged.tif,0.6,2,2073743403,117,27.5744,32.0521,4.4777
300M,chip_152_240_merged.tif,0.6,3,1693136772,117,28.5816,33.8662,5.2846
300M,chip_152_240_merged.tif,0.6,4,1213191254,117,28.6179,33.0289,4.411
300M,chip_152_240_merged.tif,0.8,0,304219708,156,27.2684,29.003,1.7346
300M,chip_152_240_merged.tif,0.8,1,2071096725,156,28.7175,30.7679,2.0504
300M,chip_152_240_merged.tif,0.8,2,1591151207,156,28.4628,29.6772,1.2144
300M,chip_152_240_merged.tif,0.8,3,1210544576,156,28.4831,29.7535,1.2704
300M,chip_152_240_merged.tif,0.8,4,829937945,156,28.7745,31.1147,2.3403
300M,chip_152_404_merged.tif,0.2,0,1778922098,39,33.2181,34.9858,1.7676
300M,chip_152_404_merged.tif,0.2,1,1398315467,39,32.1887,34.703,2.5142
300M,chip_152_404_merged.tif,0.2,2,918369949,39,33.2619,36.1897,2.9279
300M,chip_152_404_merged.tif,0.2,3,537763318,39,33.2629,36.0501,2.7871
300M,chip_152_404_merged.tif,0.2,4,57817800,39,33.7688,34.3991,0.6303
300M,chip_152_404_merged.tif,0.4,0,812985915,78,33.4159,35.2977,1.8818
300M,chip_152_404_merged.tif,0.4,1,333040397,78,33.1648,34.0482,0.8834
300M,chip_152_404_merged.tif,0.4,2,2099917414,78,33.1653,35.1858,2.0205
300M,chip_152_404_merged.tif,0.4,3,1619971896,78,32.9919,34.5999,1.608
300M,chip_152_404_merged.tif,0.4,4,1239365265,78,32.0945,33.9149,1.8204
300M,chip_152_404_merged.tif,0.6,0,875008558,117,31.9894,33.8687,1.8793
300M,chip_152_404_merged.tif,0.6,1,395063040,117,31.9945,34.8559,2.8613
300M,chip_152_404_merged.tif,0.6,2,14456409,117,32.2039,34.5593,2.3553
300M,chip_152_404_merged.tif,0.6,3,1781333426,117,32.3151,33.2863,0.9712
300M,chip_152_404_merged.tif,0.6,4,1301387908,117,31.9839,33.7235,1.7396
300M,chip_152_404_merged.tif,0.8,0,392416362,156,31.6086,33.1842,1.5756
300M,chip_152_404_merged.tif,0.8,1,11809731,156,32.2499,33.3202,1.0704
300M,chip_152_404_merged.tif,0.8,2,1679347861,156,32.4,33.0622,0.6622
300M,chip_152_404_merged.tif,0.8,3,1298741230,156,32.0944,33.2415,1.147
300M,chip_152_404_merged.tif,0.8,4,818795712,156,32.3092,33.3326,1.0234
300M,chip_152_433_merged.tif,0.2,0,1271069872,39,37.0639,40.2565,3.1926
300M,chip_152_433_merged.tif,0.2,1,791124354,39,37.4801,40.7607,3.2805
300M,chip_152_433_merged.tif,0.2,2,410517723,39,39.7076,39.8266,0.119
300M,chip_152_433_merged.tif,0.2,3,2078055853,39,37.7289,40.31,2.5811
300M,chip_152_433_merged.tif,0.2,4,1697449222,39,39.782,40.3438,0.5618
300M,chip_152_433_merged.tif,0.4,0,1011115652,78,38.3125,40.4445,2.132
300M,chip_152_433_merged.tif,0.4,1,630509021,78,37.5416,39.3253,1.7838
300M,chip_152_433_merged.tif,0.4,2,249902390,78,37.887,40.0833,2.1963
300M,chip_152_433_merged.tif,0.4,3,1917440520,78,35.2024,40.1642,4.9619
300M,chip_152_433_merged.tif,0.4,4,1536833889,78,35.2913,36.9425,1.6512
300M,chip_152_433_merged.tif,0.6,0,367156332,117,38.0091,38.9189,0.9099
300M,chip_152_433_merged.tif,0.6,1,2034694462,117,35.8386,39.0114,3.1728
300M,chip_152_433_merged.tif,0.6,2,1654087831,117,36.2488,37.3579,1.1091
300M,chip_152_433_merged.tif,0.6,3,1174142313,117,38.6846,39.1047,0.4202
300M,chip_152_433_merged.tif,0.6,4,793535682,117,36.2287,39.9509,3.7222
300M,chip_152_433_merged.tif,0.8,0,2032047784,156,36.3961,37.6683,1.2722
300M,chip_152_433_merged.tif,0.8,1,1552102266,156,36.2747,38.9543,2.6796
300M,chip_152_433_merged.tif,0.8,2,1171495635,156,36.9921,38.8993,1.9073
300M,chip_152_433_merged.tif,0.8,3,691550117,156,36.4545,39.8318,3.3773
300M,chip_152_433_merged.tif,0.8,4,310943486,156,36.3539,38.0073,1.6535
300M,chip_152_478_merged.tif,0.2,0,1008458928,39,31.709,32.7546,1.0456
300M,chip_152_478_merged.tif,0.2,1,528513410,39,30.3933,34.2347,3.8413
300M,chip_152_478_merged.tif,0.2,2,147906779,39,30.9849,34.8506,3.8657
300M,chip_152_478_merged.tif,0.2,3,1815444909,39,30.5018,34.4641,3.9622
300M,chip_152_478_merged.tif,0.2,4,1434838278,39,27.6663,35.2489,7.5826
300M,chip_152_478_merged.tif,0.4,0,748504708,78,30.4465,32.9663,2.5198
300M,chip_152_478_merged.tif,0.4,1,367898077,78,27.1705,33.2825,6.1119
300M,chip_152_478_merged.tif,0.4,2,2035436207,78,30.1366,33.6367,3.5001
300M,chip_152_478_merged.tif,0.4,3,1654829576,78,30.3672,33.7509,3.3837
300M,chip_152_478_merged.tif,0.4,4,1274222945,78,28.9407,34.0572,5.1165
300M,chip_152_478_merged.tif,0.6,0,5206501,117,28.0526,32.5947,4.5421
300M,chip_152_478_merged.tif,0.6,1,1772083518,117,28.0022,29.0259,1.0237
300M,chip_152_478_merged.tif,0.6,2,1391476887,117,27.854,31.9424,4.0883
300M,chip_152_478_merged.tif,0.6,3,911531369,117,27.8623,33.1257,5.2635
300M,chip_152_478_merged.tif,0.6,4,530924738,117,28.0567,32.903,4.8462
300M,chip_152_478_merged.tif,0.8,0,1769436840,156,28.2113,30.6962,2.485
300M,chip_152_478_merged.tif,0.8,1,1289491322,156,26.96,31.3285,4.3685
300M,chip_152_478_merged.tif,0.8,2,908884691,156,28.2375,29.7273,1.4899
300M,chip_152_478_merged.tif,0.8,3,428939173,156,27.4337,29.08,1.6463
300M,chip_152_478_merged.tif,0.8,4,48332542,156,28.0549,29.0407,0.9857
300M,chip_152_479_merged.tif,0.2,0,1855430791,39,33.8054,35.0968,1.2914
300M,chip_152_479_merged.tif,0.2,1,1375485273,39,32.548,33.0126,0.4646
300M,chip_152_479_merged.tif,0.2,2,994878642,39,32.2293,35.3206,3.0913
300M,chip_152_479_merged.tif,0.2,3,514933124,39,31.8546,32.9301,1.0755
300M,chip_152_479_merged.tif,0.2,4,134326493,39,31.1784,33.7039,2.5255
300M,chip_152_479_merged.tif,0.4,0,1595476571,78,31.326,31.819,0.493
300M,chip_152_479_merged.tif,0.4,1,1214869940,78,29.4501,34.5275,5.0774
300M,chip_152_479_merged.tif,0.4,2,734924422,78,31.6888,33.7222,2.0334
300M,chip_152_479_merged.tif,0.4,3,354317791,78,31.6067,33.6948,2.0881
300M,chip_152_479_merged.tif,0.4,4,2121194808,78,30.9901,33.577,2.5869
300M,chip_152_479_merged.tif,0.6,0,852178364,117,29.9655,33.2938,3.3283
300M,chip_152_479_merged.tif,0.6,1,471571733,117,30.0557,33.316,3.2604
300M,chip_152_479_merged.tif,0.6,2,90965102,117,29.975,32.828,2.853
300M,chip_152_479_merged.tif,0.6,3,1758503232,117,31.4767,32.59,1.1133
300M,chip_152_479_merged.tif,0.6,4,1377896601,117,31.1902,32.6925,1.5023
300M,chip_152_479_merged.tif,0.8,0,468925055,156,31.3218,31.6043,0.2826
300M,chip_152_479_merged.tif,0.8,1,2136463185,156,30.7714,30.3201,-0.4512
300M,chip_152_479_merged.tif,0.8,2,1755856554,156,29.3904,31.1845,1.7941
300M,chip_152_479_merged.tif,0.8,3,1275911036,156,29.6925,31.6903,1.9977
300M,chip_152_479_merged.tif,0.8,4,895304405,156,30.8503,31.469,0.6187
300M,chip_152_490_merged.tif,0.2,0,405909994,39,32.9514,34.3509,1.3995
300M,chip_152_490_merged.tif,0.2,1,2073448124,39,33.7633,34.0951,0.3318
300M,chip_152_490_merged.tif,0.2,2,1692841493,39,32.9711,34.2062,1.2351
300M,chip_152_490_merged.tif,0.2,3,1212895975,39,33.3797,34.3765,0.9968
300M,chip_152_490_merged.tif,0.2,4,832289344,39,32.5625,34.5835,2.021
300M,chip_152_490_merged.tif,0.4,0,145955774,78,33.0476,33.4036,0.356
300M,chip_152_490_merged.tif,0.4,1,1912832791,78,31.7617,33.4605,1.6988
300M,chip_152_490_merged.tif,0.4,2,1432887273,78,33.1146,33.148,0.0334
300M,chip_152_490_merged.tif,0.4,3,1052280642,78,32.7754,33.9158,1.1404
300M,chip_152_490_merged.tif,0.4,4,671674011,78,32.8208,33.2846,0.4638
300M,chip_152_490_merged.tif,0.6,0,1550141215,117,32.6261,32.6607,0.0345
300M,chip_152_490_merged.tif,0.6,1,1169534584,117,32.4736,32.8096,0.336
300M,chip_152_490_merged.tif,0.6,2,689589066,117,32.47,32.0421,-0.4279
300M,chip_152_490_merged.tif,0.6,3,308982435,117,31.6394,32.7345,1.0951
300M,chip_152_490_merged.tif,0.6,4,2075859452,117,32.6373,32.0604,-0.5769
300M,chip_152_490_merged.tif,0.8,0,1166887906,156,31.9946,32.004,0.0095
300M,chip_152_490_merged.tif,0.8,1,686942388,156,31.9782,32.2009,0.2227
300M,chip_152_490_merged.tif,0.8,2,306335757,156,31.9424,32.5864,0.6439
300M,chip_152_490_merged.tif,0.8,3,1973873887,156,32.4843,32.8242,0.3398
300M,chip_152_490_merged.tif,0.8,4,1593267256,156,31.208,32.8984,1.6904
300M,chip_153_469_merged.tif,0.2,0,1060989706,39,34.9732,36.0313,1.0582
300M,chip_153_469_merged.tif,0.2,1,680383075,39,34.9725,36.5504,1.5779
300M,chip_153_469_merged.tif,0.2,2,299776444,39,34.9729,36.7415,1.7686
300M,chip_153_469_merged.tif,0.2,3,1967314574,39,35.026,36.8899,1.8639
300M,chip_153_469_merged.tif,0.2,4,1586707943,39,35.0553,37.3748,2.3194
300M,chip_153_469_merged.tif,0.4,0,900374373,78,34.6115,36.4707,1.8591
300M,chip_153_469_merged.tif,0.4,1,519767742,78,34.2234,36.2999,2.0765
300M,chip_153_469_merged.tif,0.4,2,39822224,78,34.4385,36.1921,1.7536
300M,chip_153_469_merged.tif,0.4,3,1806699241,78,34.4425,36.0999,1.6574
300M,chip_153_469_merged.tif,0.4,4,1426092610,78,35.4842,37.0269,1.5427
300M,chip_153_469_merged.tif,0.6,0,157076166,117,34.4173,35.5344,1.1171
300M,chip_153_469_merged.tif,0.6,1,1923953183,117,34.8735,35.671,0.7975
300M,chip_153_469_merged.tif,0.6,2,1444007665,117,34.8591,35.7572,0.8981
300M,chip_153_469_merged.tif,0.6,3,1063401034,117,34.8542,35.2522,0.398
300M,chip_153_469_merged.tif,0.6,4,682794403,117,34.8782,35.2824,0.4041
300M,chip_153_469_merged.tif,0.8,0,1821967618,156,34.5135,34.7213,0.2078
300M,chip_153_469_merged.tif,0.8,1,1441360987,156,34.3,35.3821,1.0821
300M,chip_153_469_merged.tif,0.8,2,1060754356,156,34.2571,34.7648,0.5077
300M,chip_153_469_merged.tif,0.8,3,580808838,156,34.4196,34.7527,0.3331
300M,chip_153_469_merged.tif,0.8,4,200202207,156,34.2887,34.5078,0.2191
300M,chip_154_346_merged.tif,0.2,0,2064601388,39,38.6155,41.8723,3.2568
300M,chip_154_346_merged.tif,0.2,1,1584655870,39,40.6702,40.7175,0.0473
300M,chip_154_346_merged.tif,0.2,2,1204049239,39,38.114,40.4054,2.2914
300M,chip_154_346_merged.tif,0.2,3,724103721,39,39.8224,41.5402,1.7178
300M,chip_154_346_merged.tif,0.2,4,343497090,39,41.0685,40.1143,-0.9543
300M,chip_154_346_merged.tif,0.4,0,1804647168,78,39.8696,40.3911,0.5215
300M,chip_154_346_merged.tif,0.4,1,1424040537,78,38.2207,39.8962,1.6755
300M,chip_154_346_merged.tif,0.4,2,944095019,78,38.2681,39.9622,1.6941
300M,chip_154_346_merged.tif,0.4,3,563488388,78,38.6274,40.8753,2.248
300M,chip_154_346_merged.tif,0.4,4,182881757,78,38.6256,40.7018,2.0762
300M,chip_154_346_merged.tif,0.6,0,1061348961,117,37.7489,40.0834,2.3345
300M,chip_154_346_merged.tif,0.6,1,680742330,117,37.9067,40.4863,2.5796
300M,chip_154_346_merged.tif,0.6,2,300135699,117,37.883,39.7769,1.8939
300M,chip_154_346_merged.tif,0.6,3,1967673829,117,37.6253,39.9183,2.293
300M,chip_154_346_merged.tif,0.6,4,1587067198,117,38.211,39.8573,1.6463
300M,chip_154_346_merged.tif,0.8,0,678095652,156,37.3037,39.2324,1.9286
300M,chip_154_346_merged.tif,0.8,1,198150134,156,37.303,39.3246,2.0216
300M,chip_154_346_merged.tif,0.8,2,1965027151,156,38.0808,39.177,1.0962
300M,chip_154_346_merged.tif,0.8,3,1485081633,156,38.0741,39.1049,1.0308
300M,chip_154_346_merged.tif,0.8,4,1104475002,156,37.4903,38.4106,0.9203
300M,chip_154_484_merged.tif,0.2,0,1416908103,39,31.2867,35.9384,4.6517
300M,chip_154_484_merged.tif,0.2,1,1036301472,39,35.0859,35.8316,0.7457
300M,chip_154_484_merged.tif,0.2,2,655694841,39,33.3002,36.0085,2.7083
300M,chip_154_484_merged.tif,0.2,3,175749323,39,34.9643,36.7117,1.7473
300M,chip_154_484_merged.tif,0.2,4,1942626340,39,33.9435,35.2069,1.2635
300M,chip_154_484_merged.tif,0.4,0,1256292770,78,32.6637,35.7368,3.0731
300M,chip_154_484_merged.tif,0.4,1,875686139,78,33.4021,35.5902,2.1881
300M,chip_154_484_merged.tif,0.4,2,395740621,78,34.1839,35.2933,1.1093
300M,chip_154_484_merged.tif,0.4,3,15133990,78,32.6636,35.6661,3.0026
300M,chip_154_484_merged.tif,0.4,4,1682672120,78,33.3572,35.8896,2.5324
300M,chip_154_484_merged.tif,0.6,0,512994563,117,32.8592,35.004,2.1448
300M,chip_154_484_merged.tif,0.6,1,132387932,117,32.5021,34.2325,1.7304
300M,chip_154_484_merged.tif,0.6,2,1799926062,117,33.4482,34.933,1.4848
300M,chip_154_484_merged.tif,0.6,3,1419319431,117,32.8878,35.3235,2.4357
300M,chip_154_484_merged.tif,0.6,4,939373913,117,33.118,34.9783,1.8604
300M,chip_154_484_merged.tif,0.8,0,30402367,156,32.7192,33.8999,1.1807
300M,chip_154_484_merged.tif,0.8,1,1797279384,156,32.7225,33.6343,0.9117
300M,chip_154_484_merged.tif,0.8,2,1416672753,156,32.4375,34.1072,1.6697
300M,chip_154_484_merged.tif,0.8,3,936727235,156,32.6913,33.9137,1.2224
300M,chip_154_484_merged.tif,0.8,4,556120604,156,32.9195,33.6553,0.7358
300M,chip_155_408_merged.tif,0.2,0,1659224381,39,35.2273,35.8266,0.5993
300M,chip_155_408_merged.tif,0.2,1,1179278863,39,34.9866,35.01,0.0234
300M,chip_155_408_merged.tif,0.2,2,798672232,39,33.68,36.3154,2.6354
300M,chip_155_408_merged.tif,0.2,3,318726714,39,35.4146,35.8249,0.4103
300M,chip_155_408_merged.tif,0.2,4,2085603731,39,33.5575,35.9405,2.3829
300M,chip_155_408_merged.tif,0.4,0,1399270161,78,33.6369,35.4447,1.8078
300M,chip_155_408_merged.tif,0.4,1,1018663530,78,33.2598,34.9362,1.6764
300M,chip_155_408_merged.tif,0.4,2,638056899,78,33.7773,35.7708,1.9935
300M,chip_155_408_merged.tif,0.4,3,158111381,78,33.1188,35.5932,2.4744
300M,chip_155_408_merged.tif,0.4,4,1924988398,78,33.8988,35.0391,1.1403
300M,chip_155_408_merged.tif,0.6,0,655971954,117,33.6366,34.9585,1.3219
300M,chip_155_408_merged.tif,0.6,1,275365323,117,33.2804,34.4381,1.1578
300M,chip_155_408_merged.tif,0.6,2,2042242340,117,32.8107,34.4119,1.6012
300M,chip_155_408_merged.tif,0.6,3,1562296822,117,33.6312,34.3784,0.7472
300M,chip_155_408_merged.tif,0.6,4,1181690191,117,33.5398,34.4086,0.8688
300M,chip_155_408_merged.tif,0.8,0,272718645,156,33.0409,33.8895,0.8486
300M,chip_155_408_merged.tif,0.8,1,1940256775,156,33.0507,34.1242,1.0735
300M,chip_155_408_merged.tif,0.8,2,1559650144,156,33.0461,34.1105,1.0644
300M,chip_155_408_merged.tif,0.8,3,1079704626,156,33.1243,34.0942,0.9699
300M,chip_155_408_merged.tif,0.8,4,699097995,156,33.2441,33.8808,0.6367
300M,chip_155_474_merged.tif,0.2,0,235081835,39,31.3485,35.2258,3.8773
300M,chip_155_474_merged.tif,0.2,1,1902619965,39,31.2572,34.8656,3.6085
300M,chip_155_474_merged.tif,0.2,2,1522013334,39,33.2539,34.2272,0.9733
300M,chip_155_474_merged.tif,0.2,3,1141406703,39,34.8387,34.8487,0.0101
300M,chip_155_474_merged.tif,0.2,4,661461185,39,35.4803,35.054,-0.4263
300M,chip_155_474_merged.tif,0.4,0,1317290413,78,33.9254,34.2948,0.3694
300M,chip_155_474_merged.tif,0.4,1,936683782,78,33.9252,34.5475,0.6223
300M,chip_155_474_merged.tif,0.4,2,556077151,78,34.1822,34.3637,0.1815
300M,chip_155_474_merged.tif,0.4,3,76131633,78,32.9722,34.2162,1.2441
300M,chip_155_474_merged.tif,0.4,4,1843008650,78,34.1823,34.1219,-0.0604
300M,chip_155_474_merged.tif,0.6,0,1478651943,117,32.6523,33.8944,1.2421
300M,chip_155_474_merged.tif,0.6,1,998706425,117,33.4864,33.6355,0.1492
300M,chip_155_474_merged.tif,0.6,2,618099794,117,32.1284,34.1041,1.9757
300M,chip_155_474_merged.tif,0.6,3,138154276,117,32.7093,33.9462,1.2369
300M,chip_155_474_merged.tif,0.6,4,1905031293,117,32.5716,34.2093,1.6376
300M,chip_155_474_merged.tif,0.8,0,996059747,156,32.3141,32.7276,0.4135
300M,chip_155_474_merged.tif,0.8,1,516114229,156,32.0719,33.4662,1.3942
300M,chip_155_474_merged.tif,0.8,2,135507598,156,32.0567,32.7118,0.6551
300M,chip_155_474_merged.tif,0.8,3,1902384615,156,32.5223,32.9673,0.445
300M,chip_155_474_merged.tif,0.8,4,1422439097,156,32.4196,33.0141,0.5945
300M,chip_155_475_merged.tif,0.2,0,2003638417,39,34.2136,37.2321,3.0185
300M,chip_155_475_merged.tif,0.2,1,1523692899,39,34.2137,36.6473,2.4336
300M,chip_155_475_merged.tif,0.2,2,1143086268,39,35.4481,37.2964,1.8483
300M,chip_155_475_merged.tif,0.2,3,663140750,39,34.2319,36.7082,2.4763
300M,chip_155_475_merged.tif,0.2,4,282534119,39,34.0535,35.6223,1.5689
300M,chip_155_475_merged.tif,0.4,0,1743684197,78,34.5268,36.3721,1.8453
300M,chip_155_475_merged.tif,0.4,1,1363077566,78,34.2707,36.0176,1.7469
300M,chip_155_475_merged.tif,0.4,2,883132048,78,33.499,36.6914,3.1924
300M,chip_155_475_merged.tif,0.4,3,502525417,78,34.3243,36.2095,1.8852
300M,chip_155_475_merged.tif,0.4,4,121918786,78,33.4971,36.8912,3.394
300M,chip_155_475_merged.tif,0.6,0,1000385990,117,33.6733,35.6752,2.0019
300M,chip_155_475_merged.tif,0.6,1,619779359,117,33.6654,35.4329,1.7675
300M,chip_155_475_merged.tif,0.6,2,239172728,117,33.4217,35.7996,2.3779
300M,chip_155_475_merged.tif,0.6,3,1906710858,117,33.9525,35.0155,1.063
300M,chip_155_475_merged.tif,0.6,4,1526104227,117,33.409,34.8173,1.4084
300M,chip_155_475_merged.tif,0.8,0,617132681,156,32.3401,35.3756,3.0355
300M,chip_155_475_merged.tif,0.8,1,137187163,156,33.9004,35.4353,1.5348
300M,chip_155_475_merged.tif,0.8,2,1904064180,156,32.8145,34.3378,1.5233
300M,chip_155_475_merged.tif,0.8,3,1424118662,156,33.9082,34.7642,0.856
300M,chip_155_475_merged.tif,0.8,4,1043512031,156,34.0511,34.0927,0.0416
300M,chip_155_479_merged.tif,0.2,0,999691115,39,31.2891,34.1448,2.8557
300M,chip_155_479_merged.tif,0.2,1,519745597,39,31.2874,33.8379,2.5506
300M,chip_155_479_merged.tif,0.2,2,139138966,39,29.5345,33.5435,4.009
300M,chip_155_479_merged.tif,0.2,3,1806677096,39,28.6267,34.6003,5.9736
300M,chip_155_479_merged.tif,0.2,4,1426070465,39,31.3108,34.2871,2.9763
300M,chip_155_479_merged.tif,0.4,0,739736895,78,28.6059,32.9499,4.344
300M,chip_155_479_merged.tif,0.4,1,359130264,78,28.867,33.298,4.431
300M,chip_155_479_merged.tif,0.4,2,2126007281,78,30.2436,33.1563,2.9127
300M,chip_155_479_merged.tif,0.4,3,1646061763,78,29.1909,32.4283,3.2374
300M,chip_155_479_merged.tif,0.4,4,1265455132,78,30.6226,34.1037,3.4812
300M,chip_155_479_merged.tif,0.6,0,95777575,117,30.2774,30.9968,0.7194
300M,chip_155_479_merged.tif,0.6,1,1763315705,117,29.6816,31.5222,1.8405
300M,chip_155_479_merged.tif,0.6,2,1382709074,117,30.2542,33.0191,2.765
300M,chip_155_479_merged.tif,0.6,3,902763556,117,29.1417,32.2833,3.1416
300M,chip_155_479_merged.tif,0.6,4,522156925,117,29.9333,32.1521,2.2189
300M,chip_155_479_merged.tif,0.8,0,1760669027,156,28.83,30.8355,2.0055
300M,chip_155_479_merged.tif,0.8,1,1280723509,156,28.8071,29.8499,1.0429
300M,chip_155_479_merged.tif,0.8,2,900116878,156,29.0795,30.3392,1.2597
300M,chip_155_479_merged.tif,0.8,3,420171360,156,29.3064,30.7785,1.4722
300M,chip_155_479_merged.tif,0.8,4,39564729,156,27.8769,30.9925,3.1156
300M,chip_155_483_merged.tif,0.2,0,1821752021,39,32.9256,35.1351,2.2094
300M,chip_155_483_merged.tif,0.2,1,1441145390,39,32.9847,35.1757,2.191
300M,chip_155_483_merged.tif,0.2,2,1060538759,39,33.521,36.3765,2.8554
300M,chip_155_483_merged.tif,0.2,3,580593241,39,31.3986,36.7818,5.3833
300M,chip_155_483_merged.tif,0.2,4,199986610,39,35.1168,36.2369,1.1201
300M,chip_155_483_merged.tif,0.4,0,1661136688,78,31.2997,35.117,3.8173
300M,chip_155_483_merged.tif,0.4,1,1280530057,78,31.0734,34.8321,3.7587
300M,chip_155_483_merged.tif,0.4,2,800584539,78,33.139,35.9458,2.8069
300M,chip_155_483_merged.tif,0.4,3,419977908,78,32.5418,35.4283,2.8865
300M,chip_155_483_merged.tif,0.4,4,39371277,78,33.3519,35.0969,1.745
300M,chip_155_483_merged.tif,0.6,0,917838481,117,31.8249,33.8481,2.0232
300M,chip_155_483_merged.tif,0.6,1,537231850,117,32.2521,33.7523,1.5002
300M,chip_155_483_merged.tif,0.6,2,57286332,117,31.9144,34.3719,2.4575
300M,chip_155_483_merged.tif,0.6,3,1824163349,117,31.993,34.4922,2.4992
300M,chip_155_483_merged.tif,0.6,4,1443556718,117,31.969,34.3806,2.4116
300M,chip_155_483_merged.tif,0.8,0,435246285,156,31.5362,32.5636,1.0273
300M,chip_155_483_merged.tif,0.8,1,54639654,156,31.9358,32.3642,0.4284
300M,chip_155_483_merged.tif,0.8,2,1821516671,156,31.4097,33.4579,2.0482
300M,chip_155_483_merged.tif,0.8,3,1341571153,156,31.4639,33.0696,1.6057
300M,chip_155_483_merged.tif,0.8,4,960964522,156,31.697,32.8521,1.1551
300M,chip_156_008_merged.tif,0.2,0,718482013,39,37.0432,38.2087,1.1655
300M,chip_156_008_merged.tif,0.2,1,337875382,39,37.3541,37.7353,0.3812
300M,chip_156_008_merged.tif,0.2,2,2005413512,39,33.8308,36.6963,2.8655
300M,chip_156_008_merged.tif,0.2,3,1624806881,39,37.0431,39.2304,2.1873
300M,chip_156_008_merged.tif,0.2,4,1144861363,39,34.1297,35.8226,1.6928
300M,chip_156_008_merged.tif,0.4,0,557866680,78,36.3403,37.6993,1.359
300M,chip_156_008_merged.tif,0.4,1,77921162,78,36.0052,37.521,1.5158
300M,chip_156_008_merged.tif,0.4,2,1844798179,78,36.0062,36.9379,0.9317
300M,chip_156_008_merged.tif,0.4,3,1464191548,78,34.9186,37.3466,2.428
300M,chip_156_008_merged.tif,0.4,4,984246030,78,37.3398,38.624,1.2842
300M,chip_156_008_merged.tif,0.6,0,1962052121,117,35.4355,35.997,0.5615
300M,chip_156_008_merged.tif,0.6,1,1482106603,117,36.364,36.8439,0.48
300M,chip_156_008_merged.tif,0.6,2,1101499972,117,35.529,37.3331,1.8041
300M,chip_156_008_merged.tif,0.6,3,720893341,117,37.0943,37.5364,0.4421
300M,chip_156_008_merged.tif,0.6,4,240947823,117,35.5482,36.9011,1.353
300M,chip_156_008_merged.tif,0.8,0,1479459925,156,35.4995,36.0578,0.5583
300M,chip_156_008_merged.tif,0.8,1,1098853294,156,36.1365,36.203,0.0666
300M,chip_156_008_merged.tif,0.8,2,618907776,156,35.8064,36.257,0.4506
300M,chip_156_008_merged.tif,0.8,3,238301145,156,35.8323,36.2654,0.4331
300M,chip_156_008_merged.tif,0.8,4,1905839275,156,35.504,36.3251,0.821
300M,chip_157_480_merged.tif,0.2,0,942826531,39,31.1991,32.32,1.121
300M,chip_157_480_merged.tif,0.2,1,462881013,39,31.0593,33.0291,1.9697
300M,chip_157_480_merged.tif,0.2,2,82274382,39,30.3802,32.2688,1.8885
300M,chip_157_480_merged.tif,0.2,3,1849151399,39,32.9058,31.9382,-0.9676
300M,chip_157_480_merged.tif,0.2,4,1369205881,39,31.8866,31.7577,-0.1289
300M,chip_157_480_merged.tif,0.4,0,2025035109,78,30.8702,32.1685,1.2982
300M,chip_157_480_merged.tif,0.4,1,1644428478,78,31.3012,32.5676,1.2663
300M,chip_157_480_merged.tif,0.4,2,1263821847,78,30.6497,32.258,1.6083
300M,chip_157_480_merged.tif,0.4,3,783876329,78,31.3009,32.825,1.5241
300M,chip_157_480_merged.tif,0.4,4,403269698,78,30.8947,32.4848,1.5902
300M,chip_157_480_merged.tif,0.6,0,38912991,117,30.5622,31.7268,1.1646
300M,chip_157_480_merged.tif,0.6,1,1706451121,117,31.0312,31.7119,0.6807
300M,chip_157_480_merged.tif,0.6,2,1325844490,117,31.1808,31.4545,0.2736
300M,chip_157_480_merged.tif,0.6,3,845898972,117,30.5229,31.8382,1.3154
300M,chip_157_480_merged.tif,0.6,4,465292341,117,30.2829,31.8408,1.5579
300M,chip_157_480_merged.tif,0.8,0,1703804443,156,30.7036,31.3209,0.6173
300M,chip_157_480_merged.tif,0.8,1,1223858925,156,30.7668,31.2887,0.5219
300M,chip_157_480_merged.tif,0.8,2,843252294,156,30.6954,31.1924,0.497
300M,chip_157_480_merged.tif,0.8,3,462645663,156,31.0074,31.1784,0.171
300M,chip_157_480_merged.tif,0.8,4,2130183793,156,30.7616,31.3596,0.5981
300M,chip_159_403_merged.tif,0.2,0,2082446068,39,34.9069,35.9358,1.0289
300M,chip_159_403_merged.tif,0.2,1,1602500550,39,35.4517,37.4143,1.9625
300M,chip_159_403_merged.tif,0.2,2,1221893919,39,34.9608,37.0373,2.0765
300M,chip_159_403_merged.tif,0.2,3,841287288,39,34.6024,36.9761,2.3737
300M,chip_159_403_merged.tif,0.2,4,361341770,39,34.9066,36.9674,2.0607
300M,chip_159_403_merged.tif,0.4,0,1921830735,78,35.537,35.9893,0.4523
300M,chip_159_403_merged.tif,0.4,1,1441885217,78,35.5828,36.8863,1.3035
300M,chip_159_403_merged.tif,0.4,2,1061278586,78,34.8455,36.2677,1.4222
300M,chip_159_403_merged.tif,0.4,3,581333068,78,34.9236,36.2068,1.2832
300M,chip_159_403_merged.tif,0.4,4,200726437,78,35.5372,36.2177,0.6805
300M,chip_159_403_merged.tif,0.6,0,1178532528,117,35.0906,35.3739,0.2833
300M,chip_159_403_merged.tif,0.6,1,698587010,117,34.5946,35.3878,0.7932
300M,chip_159_403_merged.tif,0.6,2,317980379,117,35.1822,35.8946,0.7124
300M,chip_159_403_merged.tif,0.6,3,1985518509,117,35.0671,35.8337,0.7666
300M,chip_159_403_merged.tif,0.6,4,1604911878,117,34.0408,35.4999,1.4592
300M,chip_159_403_merged.tif,0.8,0,695940332,156,34.3891,35.4942,1.1051
300M,chip_159_403_merged.tif,0.8,1,215994814,156,34.6441,35.1673,0.5231
300M,chip_159_403_merged.tif,0.8,2,1982871831,156,34.2679,34.4732,0.2053
300M,chip_159_403_merged.tif,0.8,3,1602265200,156,34.3033,35.0875,0.7842
300M,chip_159_403_merged.tif,0.8,4,1122319682,156,34.6399,34.6885,0.0486
300M,chip_159_406_merged.tif,0.2,0,1520780108,39,33.4948,35.1307,1.636
300M,chip_159_406_merged.tif,0.2,1,1140173477,39,32.9715,35.6777,2.7062
300M,chip_159_406_merged.tif,0.2,2,759566846,39,33.4934,36.3493,2.8559
300M,chip_159_406_merged.tif,0.2,3,279621328,39,33.0515,35.8638,2.8124
300M,chip_159_406_merged.tif,0.2,4,2046498345,39,34.7376,35.617,0.8794
300M,chip_159_406_merged.tif,0.4,0,1360164775,78,32.0079,35.771,3.7631
300M,chip_159_406_merged.tif,0.4,1,979558144,78,33.8305,35.5007,1.6702
300M,chip_159_406_merged.tif,0.4,2,499612626,78,33.8307,35.1791,1.3485
300M,chip_159_406_merged.tif,0.4,3,119005995,78,32.4335,35.5614,3.1279
300M,chip_159_406_merged.tif,0.4,4,1786544125,78,32.5608,35.9532,3.3924
300M,chip_159_406_merged.tif,0.6,0,616866568,117,32.342,33.8331,1.4911
300M,chip_159_406_merged.tif,0.6,1,236259937,117,32.5162,35.2485,2.7323
300M,chip_159_406_merged.tif,0.6,2,1903798067,117,32.1848,35.0828,2.898
300M,chip_159_406_merged.tif,0.6,3,1523191436,117,32.186,34.1214,1.9354
300M,chip_159_406_merged.tif,0.6,4,1142584805,117,32.3861,33.7904,1.4044
300M,chip_159_406_merged.tif,0.8,0,134274372,156,32.6495,33.5014,0.8519
300M,chip_159_406_merged.tif,0.8,1,1901151389,156,32.1528,34.2378,2.085
300M,chip_159_406_merged.tif,0.8,2,1520544758,156,32.7704,34.1162,1.3457
300M,chip_159_406_merged.tif,0.8,3,1040599240,156,32.3413,33.6505,1.3092
300M,chip_159_406_merged.tif,0.8,4,659992609,156,32.2012,33.8481,1.6469
300M,chip_160_591_merged.tif,0.2,0,388859531,39,30.8769,32.9259,2.049
300M,chip_160_591_merged.tif,0.2,1,8252900,39,30.6708,32.9912,2.3204
300M,chip_160_591_merged.tif,0.2,2,1675791030,39,32.0977,33.0968,0.9992
300M,chip_160_591_merged.tif,0.2,3,1295184399,39,31.1457,33.9078,2.7621
300M,chip_160_591_merged.tif,0.2,4,815238881,39,32.2228,33.2277,1.0049
300M,chip_160_591_merged.tif,0.4,0,228244198,78,30.8917,32.998,2.1063
300M,chip_160_591_merged.tif,0.4,1,1895782328,78,30.1214,32.8153,2.6938
300M,chip_160_591_merged.tif,0.4,2,1515175697,78,30.4117,32.7428,2.331
300M,chip_160_591_merged.tif,0.4,3,1134569066,78,30.8917,32.9079,2.0162
300M,chip_160_591_merged.tif,0.4,4,654623548,78,30.3982,33.0363,2.638
300M,chip_160_591_merged.tif,0.6,0,1632429639,117,30.6905,32.3876,1.6971
300M,chip_160_591_merged.tif,0.6,1,1152484121,117,30.4177,32.329,1.9113
300M,chip_160_591_merged.tif,0.6,2,771877490,117,30.3431,32.3869,2.0438
300M,chip_160_591_merged.tif,0.6,3,391270859,117,30.4246,32.0406,1.616
300M,chip_160_591_merged.tif,0.6,4,2058808989,117,30.7448,32.3234,1.5785
300M,chip_160_591_merged.tif,0.8,0,1149837443,156,30.8141,32.0091,1.195
300M,chip_160_591_merged.tif,0.8,1,769230812,156,30.6343,31.5528,0.9185
300M,chip_160_591_merged.tif,0.8,2,289285294,156,30.4888,31.3883,0.8995
300M,chip_160_591_merged.tif,0.8,3,2056162311,156,30.7442,31.932,1.1878
300M,chip_160_591_merged.tif,0.8,4,1576216793,156,30.5318,31.4689,0.9371
300M,chip_162_370_merged.tif,0.2,0,1690092610,39,34.6005,37.4085,2.808
300M,chip_162_370_merged.tif,0.2,1,1309485979,39,35.4749,37.3119,1.837
300M,chip_162_370_merged.tif,0.2,2,829540461,39,34.7792,37.3906,2.6114
300M,chip_162_370_merged.tif,0.2,3,448933830,39,35.5223,36.1011,0.5788
300M,chip_162_370_merged.tif,0.2,4,2116471960,39,33.8141,36.2539,2.4399
300M,chip_162_370_merged.tif,0.4,0,1529477277,78,34.8558,36.4028,1.547
300M,chip_162_370_merged.tif,0.4,1,1049531759,78,34.8571,35.9457,1.0886
300M,chip_162_370_merged.tif,0.4,2,668925128,78,34.7353,36.1702,1.4349
300M,chip_162_370_merged.tif,0.4,3,288318497,78,34.0797,36.0615,1.9818
300M,chip_162_370_merged.tif,0.4,4,1955856627,78,34.0708,36.8365,2.7658
300M,chip_162_370_merged.tif,0.6,0,786179070,117,35.1808,35.8807,0.6999
300M,chip_162_370_merged.tif,0.6,1,306233552,117,35.0548,36.4514,1.3966
300M,chip_162_370_merged.tif,0.6,2,2073110569,117,35.0088,35.3836,0.3748
300M,chip_162_370_merged.tif,0.6,3,1692503938,117,35.0609,35.6305,0.5696
300M,chip_162_370_merged.tif,0.6,4,1212558420,117,34.6552,35.9805,1.3253
300M,chip_162_370_merged.tif,0.8,0,303586874,156,34.3059,35.122,0.8161
300M,chip_162_370_merged.tif,0.8,1,2070463891,156,34.3246,35.2469,0.9223
300M,chip_162_370_merged.tif,0.8,2,1590518373,156,34.2998,35.3569,1.0571
300M,chip_162_370_merged.tif,0.8,3,1209911742,156,34.9219,35.1253,0.2034
300M,chip_162_370_merged.tif,0.8,4,729966224,156,34.6331,35.1935,0.5604
300M,chip_162_406_merged.tif,0.2,0,134540589,39,33.4556,37.1026,3.647
300M,chip_162_406_merged.tif,0.2,1,1802078719,39,33.5217,36.6094,3.0878
300M,chip_162_406_merged.tif,0.2,2,1421472088,39,34.0183,36.8163,2.798
300M,chip_162_406_merged.tif,0.2,3,1040865457,39,35.6701,38.0452,2.3751
300M,chip_162_406_merged.tif,0.2,4,560919939,39,35.0908,36.6343,1.5435
300M,chip_162_406_merged.tif,0.4,0,2121408904,78,34.7855,36.765,1.9795
300M,chip_162_406_merged.tif,0.4,1,1641463386,78,33.791,37.2179,3.4269
300M,chip_162_406_merged.tif,0.4,2,1260856755,78,33.4856,35.6527,2.1672
300M,chip_162_406_merged.tif,0.4,3,780911237,78,34.5211,36.9169,2.3958
300M,chip_162_406_merged.tif,0.4,4,400304606,78,36.0581,37.0345,0.9764
300M,chip_162_406_merged.tif,0.6,0,1378110697,117,34.1621,35.5124,1.3503
300M,chip_162_406_merged.tif,0.6,1,898165179,117,34.0981,36.3382,2.24
300M,chip_162_406_merged.tif,0.6,2,517558548,117,33.5881,35.8685,2.2804
300M,chip_162_406_merged.tif,0.6,3,37613030,117,33.0873,35.3919,2.3046
300M,chip_162_406_merged.tif,0.6,4,1804490047,117,34.14,36.4432,2.3032
300M,chip_162_406_merged.tif,0.8,0,895518501,156,32.8826,34.3094,1.4268
300M,chip_162_406_merged.tif,0.8,1,415572983,156,33.4988,35.3709,1.8721
300M,chip_162_406_merged.tif,0.8,2,34966352,156,32.8619,35.9014,3.0395
300M,chip_162_406_merged.tif,0.8,3,1702504482,156,33.3289,35.0547,1.7258
300M,chip_162_406_merged.tif,0.8,4,1321897851,156,33.4771,35.2922,1.8152
300M,chip_163_371_merged.tif,0.2,0,1600348871,39,35.4673,36.8509,1.3837
300M,chip_163_371_merged.tif,0.2,1,1120403353,39,36.255,36.8369,0.5818
300M,chip_163_371_merged.tif,0.2,2,739796722,39,35.8738,36.0748,0.201
300M,chip_163_371_merged.tif,0.2,3,359190091,39,35.8605,36.8166,0.956
300M,chip_163_371_merged.tif,0.2,4,2026728221,39,34.0517,37.4248,3.3731
300M,chip_163_371_merged.tif,0.4,0,535073801,78,34.267,35.9983,1.7312
300M,chip_163_371_merged.tif,0.4,1,154467170,78,34.2672,36.3658,2.0985
300M,chip_163_371_merged.tif,0.4,2,1921344187,78,34.9859,36.1591,1.1733
300M,chip_163_371_merged.tif,0.4,3,1441398669,78,34.36,36.6976,2.3376
300M,chip_163_371_merged.tif,0.4,4,1060792038,78,34.4988,36.2846,1.7857
300M,chip_163_371_merged.tif,0.6,0,696435331,117,33.8284,35.0267,1.1983
300M,chip_163_371_merged.tif,0.6,1,216489813,117,33.6156,36.7385,3.1229
300M,chip_163_371_merged.tif,0.6,2,1983366830,117,33.9017,36.383,2.4814
300M,chip_163_371_merged.tif,0.6,3,1503421312,117,33.1023,36.9793,3.8769
300M,chip_163_371_merged.tif,0.6,4,1122814681,117,33.6174,35.9709,2.3535
300M,chip_163_371_merged.tif,0.8,0,213843135,156,33.8802,34.5461,0.6659
300M,chip_163_371_merged.tif,0.8,1,1881381265,156,34.0162,34.3888,0.3726
300M,chip_163_371_merged.tif,0.8,2,1500774634,156,33.8087,35.9595,2.1507
300M,chip_163_371_merged.tif,0.8,3,1120168003,156,33.8723,35.3494,1.4771
300M,chip_163_371_merged.tif,0.8,4,640222485,156,33.8898,34.3016,0.4118
300M,chip_163_519_merged.tif,0.2,0,1802614048,39,32.6095,34.6462,2.0367
300M,chip_163_519_merged.tif,0.2,1,1422007417,39,32.8554,35.036,2.1807
300M,chip_163_519_merged.tif,0.2,2,1041400786,39,32.3631,34.9443,2.5812
300M,chip_163_519_merged.tif,0.2,3,561455268,39,32.5596,35.562,3.0024
300M,chip_163_519_merged.tif,0.2,4,180848637,39,32.7013,34.281,1.5797
300M,chip_163_519_merged.tif,0.4,0,1641998715,78,31.9805,34.557,2.5766
300M,chip_163_519_merged.tif,0.4,1,1261392084,78,31.4024,34.2335,2.8311
300M,chip_163_519_merged.tif,0.4,2,781446566,78,31.402,35.06,3.658
300M,chip_163_519_merged.tif,0.4,3,400839935,78,32.3069,33.9865,1.6796
300M,chip_163_519_merged.tif,0.4,4,2068378065,78,31.6204,34.4616,2.8412
300M,chip_163_519_merged.tif,0.6,0,898700508,117,32.3321,33.8256,1.4936
300M,chip_163_519_merged.tif,0.6,1,518093877,117,32.3599,33.6759,1.3161
300M,chip_163_519_merged.tif,0.6,2,38148359,117,32.7197,33.6045,0.8848
300M,chip_163_519_merged.tif,0.6,3,1805025376,117,32.3098,34.0359,1.7261
300M,chip_163_519_merged.tif,0.6,4,1325079858,117,31.9132,33.7921,1.8789
300M,chip_163_519_merged.tif,0.8,0,416108312,156,32.4907,33.3426,0.8519
300M,chip_163_519_merged.tif,0.8,1,35501681,156,32.1111,32.6453,0.5342
300M,chip_163_519_merged.tif,0.8,2,1703039811,156,32.2428,33.6539,1.4111
300M,chip_163_519_merged.tif,0.8,3,1322433180,156,32.498,32.7151,0.2171
300M,chip_163_519_merged.tif,0.8,4,941826549,156,32.3957,33.0681,0.6724
300M,chip_163_537_merged.tif,0.2,0,1693821090,39,35.0129,37.4508,2.4379
300M,chip_163_537_merged.tif,0.2,1,1213875572,39,36.8254,38.4247,1.5992
300M,chip_163_537_merged.tif,0.2,2,833268941,39,34.7292,36.3177,1.5885
300M,chip_163_537_merged.tif,0.2,3,452662310,39,35.7393,37.5505,1.8112
300M,chip_163_537_merged.tif,0.2,4,2120200440,39,35.7392,38.4197,2.6805
300M,chip_163_537_merged.tif,0.4,0,1533205757,78,34.7827,36.5605,1.7777
300M,chip_163_537_merged.tif,0.4,1,1053260239,78,35.4215,37.0294,1.6079
300M,chip_163_537_merged.tif,0.4,2,672653608,78,35.2669,36.7587,1.4919
300M,chip_163_537_merged.tif,0.4,3,192708090,78,34.3864,36.9078,2.5214
300M,chip_163_537_merged.tif,0.4,4,1959585107,78,35.6526,37.1009,1.4483
300M,chip_163_537_merged.tif,0.6,0,789907550,117,34.3487,36.3613,2.0126
300M,chip_163_537_merged.tif,0.6,1,309962032,117,34.6343,37.0549,2.4206
300M,chip_163_537_merged.tif,0.6,2,2076839049,117,34.3502,36.0361,1.6859
300M,chip_163_537_merged.tif,0.6,3,1596893531,117,34.6417,36.0232,1.3815
300M,chip_163_537_merged.tif,0.6,4,1216286900,117,34.5127,35.4329,0.9202
300M,chip_163_537_merged.tif,0.8,0,307315354,156,33.9395,35.6019,1.6625
300M,chip_163_537_merged.tif,0.8,1,1974853484,156,34.3172,35.7523,1.4351
300M,chip_163_537_merged.tif,0.8,2,1594246853,156,34.2266,35.8281,1.6015
300M,chip_163_537_merged.tif,0.8,3,1213640222,156,34.3326,34.9981,0.6656
300M,chip_163_537_merged.tif,0.8,4,733694704,156,34.5617,35.3105,0.7488
300M,chip_163_593_merged.tif,0.2,0,297217528,39,31.3225,33.1845,1.862
300M,chip_163_593_merged.tif,0.2,1,2064094545,39,30.9229,31.466,0.5431
300M,chip_163_593_merged.tif,0.2,2,1584149027,39,31.7326,33.0763,1.3437
300M,chip_163_593_merged.tif,0.2,3,1203542396,39,30.7603,33.028,2.2677
300M,chip_163_593_merged.tif,0.2,4,723596878,39,30.9227,33.2382,2.3155
300M,chip_163_593_merged.tif,0.4,0,1478764993,78,30.7891,31.7924,1.0034
300M,chip_163_593_merged.tif,0.4,1,998819475,78,30.7809,32.5892,1.8083
300M,chip_163_593_merged.tif,0.4,2,618212844,78,31.2717,32.846,1.5743
300M,chip_163_593_merged.tif,0.4,3,138267326,78,31.004,32.2159,1.2119
300M,chip_163_593_merged.tif,0.4,4,1905144343,78,31.0031,31.9831,0.98
300M,chip_163_593_merged.tif,0.6,0,1540787636,117,30.4121,31.1757,0.7637
300M,chip_163_593_merged.tif,0.6,1,1160181005,117,30.819,32.1125,1.2935
300M,chip_163_593_merged.tif,0.6,2,680235487,117,30.74,31.4446,0.7045
300M,chip_163_593_merged.tif,0.6,3,299628856,117,30.7515,31.7337,0.9822
300M,chip_163_593_merged.tif,0.6,4,1967166986,117,30.6105,31.622,1.0115
300M,chip_163_593_merged.tif,0.8,0,1058195440,156,30.4997,31.3847,0.885
300M,chip_163_593_merged.tif,0.8,1,677588809,156,30.5422,31.2371,0.6948
300M,chip_163_593_merged.tif,0.8,2,197643291,156,30.4255,31.588,1.1624
300M,chip_163_593_merged.tif,0.8,3,1964520308,156,30.4271,31.5254,1.0983
300M,chip_163_593_merged.tif,0.8,4,1484574790,156,30.422,31.3024,0.8804
300M,chip_164_475_merged.tif,0.2,0,1428146796,39,32.8221,35.5961,2.7741
300M,chip_164_475_merged.tif,0.2,1,1047540165,39,33.3499,34.5117,1.1618
300M,chip_164_475_merged.tif,0.2,2,567594647,39,33.6399,34.1359,0.496
300M,chip_164_475_merged.tif,0.2,3,186988016,39,32.5623,35.2542,2.6919
300M,chip_164_475_merged.tif,0.2,4,1854526146,39,34.3162,34.2142,-0.102
300M,chip_164_475_merged.tif,0.4,0,1267531463,78,34.0599,34.9062,0.8464
300M,chip_164_475_merged.tif,0.4,1,787585945,78,33.0799,34.4831,1.4031
300M,chip_164_475_merged.tif,0.4,2,406979314,78,33.8743,35.1792,1.305
300M,chip_164_475_merged.tif,0.4,3,26372683,78,32.9808,34.4244,1.4436
300M,chip_164_475_merged.tif,0.4,4,1693910813,78,32.4277,34.4625,2.0348
300M,chip_164_475_merged.tif,0.6,0,524233256,117,32.6054,34.1506,1.5452
300M,chip_164_475_merged.tif,0.6,1,44287738,117,32.5686,34.35,1.7813
300M,chip_164_475_merged.tif,0.6,2,1811164755,117,32.9776,33.6405,0.6629
300M,chip_164_475_merged.tif,0.6,3,1430558124,117,33.192,33.3639,0.172
300M,chip_164_475_merged.tif,0.6,4,950612606,117,33.0745,33.9506,0.8761
300M,chip_164_475_merged.tif,0.8,0,41641060,156,32.4114,33.4079,0.9966
300M,chip_164_475_merged.tif,0.8,1,1808518077,156,32.4618,33.4026,0.9408
300M,chip_164_475_merged.tif,0.8,2,1328572559,156,32.835,33.1855,0.3505
300M,chip_164_475_merged.tif,0.8,3,947965928,156,32.4131,33.0914,0.6783
300M,chip_164_475_merged.tif,0.8,4,468020410,156,32.9291,33.3963,0.4673
300M,chip_165_403_merged.tif,0.2,0,911251472,39,32.5692,35.2724,2.7032
300M,chip_165_403_merged.tif,0.2,1,530644841,39,31.8528,35.1647,3.3119
300M,chip_165_403_merged.tif,0.2,2,50699323,39,33.0446,35.5711,2.5265
300M,chip_165_403_merged.tif,0.2,3,1817576340,39,32.5204,34.8934,2.373
300M,chip_165_403_merged.tif,0.2,4,1337630822,39,34.2376,35.9489,1.7113
300M,chip_165_403_merged.tif,0.4,0,2092798937,78,33.0196,34.2756,1.256
300M,chip_165_403_merged.tif,0.4,1,1612853419,78,32.0059,34.4359,2.43
300M,chip_165_403_merged.tif,0.4,2,1232246788,78,32.4174,34.4822,2.0647
300M,chip_165_403_merged.tif,0.4,3,752301270,78,32.4571,34.6067,2.1496
300M,chip_165_403_merged.tif,0.4,4,371694639,78,32.9971,33.5774,0.5803
300M,chip_165_403_merged.tif,0.6,0,7337932,117,32.6906,33.8682,1.1776
300M,chip_165_403_merged.tif,0.6,1,1674876062,117,32.3782,34.0723,1.694
300M,chip_165_403_merged.tif,0.6,2,1294269431,117,32.0355,34.1926,2.1571
300M,chip_165_403_merged.tif,0.6,3,913662800,117,32.6768,33.6708,0.994
300M,chip_165_403_merged.tif,0.6,4,433717282,117,32.3833,33.8473,1.464
300M,chip_165_403_merged.tif,0.8,0,1672229384,156,32.2585,33.0513,0.7928
300M,chip_165_403_merged.tif,0.8,1,1291622753,156,32.0906,33.2593,1.1686
300M,chip_165_403_merged.tif,0.8,2,811677235,156,32.0924,32.7437,0.6513
300M,chip_165_403_merged.tif,0.8,3,431070604,156,32.5843,32.8061,0.2218
300M,chip_165_403_merged.tif,0.8,4,2098608734,156,32.1049,33.2317,1.1268
300M,chip_165_520_merged.tif,0.2,0,1237850805,39,34.819,35.2949,0.4759
300M,chip_165_520_merged.tif,0.2,1,757905287,39,33.3261,35.8039,2.4778
300M,chip_165_520_merged.tif,0.2,2,377298656,39,33.0756,35.2649,2.1893
300M,chip_165_520_merged.tif,0.2,3,2044836786,39,33.0925,35.4465,2.354
300M,chip_165_520_merged.tif,0.2,4,1664230155,39,34.8046,35.5006,0.6961
300M,chip_165_520_merged.tif,0.4,0,977896585,78,32.9962,34.4532,1.457
300M,chip_165_520_merged.tif,0.4,1,597289954,78,33.3747,34.6679,1.2931
300M,chip_165_520_merged.tif,0.4,2,216683323,78,32.5201,34.5412,2.0211
300M,chip_165_520_merged.tif,0.4,3,1884221453,78,32.7557,34.2236,1.4678
300M,chip_165_520_merged.tif,0.4,4,1503614822,78,33.0866,34.9305,1.8438
300M,chip_165_520_merged.tif,0.6,0,333937265,117,32.3165,33.7684,1.4519
300M,chip_165_520_merged.tif,0.6,1,2001475395,117,32.5085,34.6201,2.1116
300M,chip_165_520_merged.tif,0.6,2,1620868764,117,31.8907,34.6233,2.7326
300M,chip_165_520_merged.tif,0.6,3,1140923246,117,32.3169,34.5714,2.2546
300M,chip_165_520_merged.tif,0.6,4,760316615,117,32.2972,34.1604,1.8632
300M,chip_165_520_merged.tif,0.8,0,1998828717,156,33.0021,33.2171,0.215
300M,chip_165_520_merged.tif,0.8,1,1518883199,156,31.9636,33.3837,1.4202
300M,chip_165_520_merged.tif,0.8,2,1138276568,156,32.7331,33.2932,0.5602
300M,chip_165_520_merged.tif,0.8,3,658331050,156,32.6155,33.7505,1.1349
300M,chip_165_520_merged.tif,0.8,4,277724419,156,32.6373,33.8271,1.1898
300M,chip_165_524_merged.tif,0.2,0,13784087,39,35.0391,37.0638,2.0247
300M,chip_165_524_merged.tif,0.2,1,1780661104,39,35.4027,35.9149,0.5122
300M,chip_165_524_merged.tif,0.2,2,1300715586,39,35.5663,37.1102,1.5439
300M,chip_165_524_merged.tif,0.2,3,920108955,39,33.1348,37.0074,3.8726
300M,chip_165_524_merged.tif,0.2,4,539502324,39,35.7749,37.3436,1.5686
300M,chip_165_524_merged.tif,0.4,0,1195331552,78,34.1232,36.6408,2.5176
300M,chip_165_524_merged.tif,0.4,1,715386034,78,34.8962,36.7362,1.84
300M,chip_165_524_merged.tif,0.4,2,334779403,78,35.8733,36.747,0.8737
300M,chip_165_524_merged.tif,0.4,3,2101656420,78,34.2753,37.3285,3.0531
300M,chip_165_524_merged.tif,0.4,4,1621710902,78,35.1609,35.0299,-0.131
300M,chip_165_524_merged.tif,0.6,0,1257354195,117,35.0716,36.4155,1.3439
300M,chip_165_524_merged.tif,0.6,1,876747564,117,34.9198,34.8253,-0.0945
300M,chip_165_524_merged.tif,0.6,2,396802046,117,34.5771,36.253,1.6759
300M,chip_165_524_merged.tif,0.6,3,16195415,117,35.221,35.0732,-0.1478
300M,chip_165_524_merged.tif,0.6,4,1683733545,117,34.5765,35.1141,0.5376
300M,chip_165_524_merged.tif,0.8,0,774761999,156,33.9987,34.755,0.7564
300M,chip_165_524_merged.tif,0.8,1,394155368,156,34.4674,34.4144,-0.053
300M,chip_165_524_merged.tif,0.8,2,2061693498,156,34.5812,35.6518,1.0707
300M,chip_165_524_merged.tif,0.8,3,1681086867,156,35.1486,35.5168,0.3682
300M,chip_165_524_merged.tif,0.8,4,1300480236,156,34.6156,35.4455,0.8299
300M,chip_166_411_merged.tif,0.2,0,1843920951,39,34.1563,34.9872,0.8309
300M,chip_166_411_merged.tif,0.2,1,1463314320,39,33.97,35.4089,1.4389
300M,chip_166_411_merged.tif,0.2,2,983368802,39,35.2519,34.5357,-0.7162
300M,chip_166_411_merged.tif,0.2,3,602762171,39,33.0381,36.216,3.1779
300M,chip_166_411_merged.tif,0.2,4,222155540,39,33.9545,35.6111,1.6566
300M,chip_166_411_merged.tif,0.4,0,1683305618,78,33.7598,35.0793,1.3195
300M,chip_166_411_merged.tif,0.4,1,1302698987,78,33.9002,34.0947,0.1945
300M,chip_166_411_merged.tif,0.4,2,822753469,78,33.2348,35.052,1.8171
300M,chip_166_411_merged.tif,0.4,3,442146838,78,34.241,35.6926,1.4516
300M,chip_166_411_merged.tif,0.4,4,2109684968,78,33.8665,35.6121,1.7456
300M,chip_166_411_merged.tif,0.6,0,940007411,117,31.9756,34.95,2.9744
300M,chip_166_411_merged.tif,0.6,1,559400780,117,33.7694,35.4355,1.6661
300M,chip_166_411_merged.tif,0.6,2,79455262,117,33.8287,34.5544,0.7257
300M,chip_166_411_merged.tif,0.6,3,1846332279,117,34.0632,34.5222,0.459
300M,chip_166_411_merged.tif,0.6,4,1366386761,117,33.422,34.4175,0.9955
300M,chip_166_411_merged.tif,0.8,0,457415215,156,32.6828,34.8301,2.1473
300M,chip_166_411_merged.tif,0.8,1,76808584,156,32.6887,33.8576,1.1689
300M,chip_166_411_merged.tif,0.8,2,1744346714,156,33.8612,34.4822,0.6209
300M,chip_166_411_merged.tif,0.8,3,1363740083,156,33.4743,32.7679,-0.7064
300M,chip_166_411_merged.tif,0.8,4,983133452,156,33.8023,33.3831,-0.4192
300M,chip_166_524_merged.tif,0.2,0,808461738,39,36.8663,37.2394,0.3731
300M,chip_166_524_merged.tif,0.2,1,328516220,39,35.7254,37.4274,1.702
300M,chip_166_524_merged.tif,0.2,2,2095393237,39,34.9796,37.6976,2.718
300M,chip_166_524_merged.tif,0.2,3,1615447719,39,35.2716,37.2121,1.9405
300M,chip_166_524_merged.tif,0.2,4,1234841088,39,36.0474,37.6453,1.5979
300M,chip_166_524_merged.tif,0.4,0,1890670316,78,36.0462,36.525,0.4788
300M,chip_166_524_merged.tif,0.4,1,1510063685,78,36.0456,37.2569,1.2113
300M,chip_166_524_merged.tif,0.4,2,1030118167,78,35.9826,36.3648,0.3822
300M,chip_166_524_merged.tif,0.4,3,649511536,78,36.0374,36.593,0.5556
300M,chip_166_524_merged.tif,0.4,4,169566018,78,34.7671,36.9797,2.2126
300M,chip_166_524_merged.tif,0.6,0,1952692959,117,34.599,36.6338,2.0348
300M,chip_166_524_merged.tif,0.6,1,1572086328,117,34.5541,35.8356,1.2815
300M,chip_166_524_merged.tif,0.6,2,1092140810,117,35.3016,37.0701,1.7685
300M,chip_166_524_merged.tif,0.6,3,711534179,117,35.5791,36.5381,0.959
300M,chip_166_524_merged.tif,0.6,4,330927548,117,35.2018,36.0028,0.801
300M,chip_166_524_merged.tif,0.8,0,1569439650,156,35.0785,35.3367,0.2582
300M,chip_166_524_merged.tif,0.8,1,1089494132,156,34.7902,35.1165,0.3263
300M,chip_166_524_merged.tif,0.8,2,708887501,156,34.7524,35.4298,0.6774
300M,chip_166_524_merged.tif,0.8,3,228941983,156,34.7619,35.2076,0.4457
300M,chip_166_524_merged.tif,0.8,4,1995819000,156,34.8086,35.4288,0.6201
300M,chip_166_587_merged.tif,0.2,0,823685303,39,32.6509,35.245,2.5941
300M,chip_166_587_merged.tif,0.2,1,343739785,39,33.9985,35.7797,1.7812
300M,chip_166_587_merged.tif,0.2,2,2110616802,39,33.3516,35.4568,2.1052
300M,chip_166_587_merged.tif,0.2,3,1730010171,39,33.23,34.8361,1.6061
300M,chip_166_587_merged.tif,0.2,4,1250064653,39,33.667,34.2228,0.5558
300M,chip_166_587_merged.tif,0.4,0,1905893881,78,32.9782,34.1442,1.166
300M,chip_166_587_merged.tif,0.4,1,1525287250,78,32.7203,34.1431,1.4227
300M,chip_166_587_merged.tif,0.4,2,1144680619,78,33.2626,34.0761,0.8135
300M,chip_166_587_merged.tif,0.4,3,664735101,78,32.4497,35.0509,2.6012
300M,chip_166_587_merged.tif,0.4,4,284128470,78,32.5432,33.3857,0.8425
300M,chip_166_587_merged.tif,0.6,0,2067255411,117,31.8913,32.69,0.7987
300M,chip_166_587_merged.tif,0.6,1,1587309893,117,31.8084,33.872,2.0637
300M,chip_166_587_merged.tif,0.6,2,1206703262,117,32.1429,33.5355,1.3925
300M,chip_166_587_merged.tif,0.6,3,726757744,117,32.7563,33.9427,1.1864
300M,chip_166_587_merged.tif,0.6,4,346151113,117,32.6767,33.3816,0.7049
300M,chip_166_587_merged.tif,0.8,0,779342365,156,32.8289,32.5628,-0.2661
300M,chip_166_587_merged.tif,0.8,1,299396847,156,32.8394,32.7048,-0.1346
300M,chip_166_587_merged.tif,0.8,2,2066273864,156,31.9137,32.6921,0.7784
300M,chip_166_587_merged.tif,0.8,3,1586328346,156,32.3668,33.1507,0.7839
300M,chip_166_587_merged.tif,0.8,4,1205721715,156,31.9124,32.8531,0.9407
300M,chip_167_340_merged.tif,0.2,0,1313979371,39,32.9255,36.7795,3.8541
300M,chip_167_340_merged.tif,0.2,1,933372740,39,34.8597,35.9132,1.0535
300M,chip_167_340_merged.tif,0.2,2,453427222,39,35.5554,37.0025,1.4471
300M,chip_167_340_merged.tif,0.2,3,72820591,39,34.4452,36.8493,2.4041
300M,chip_167_340_merged.tif,0.2,4,1740358721,39,32.9262,36.3091,3.383
300M,chip_167_340_merged.tif,0.4,0,1153364038,78,33.6133,35.1673,1.554
300M,chip_167_340_merged.tif,0.4,1,772757407,78,34.1405,35.0904,0.9499
300M,chip_167_340_merged.tif,0.4,2,292811889,78,33.686,35.2874,1.6013
300M,chip_167_340_merged.tif,0.4,3,2059688906,78,33.6129,34.9598,1.3469
300M,chip_167_340_merged.tif,0.4,4,1579743388,78,33.7838,35.8872,2.1033
300M,chip_167_340_merged.tif,0.6,0,410065831,117,33.06,34.6075,1.5475
300M,chip_167_340_merged.tif,0.6,1,29459200,117,33.2821,34.5935,1.3114
300M,chip_167_340_merged.tif,0.6,2,1696997330,117,33.0619,34.905,1.8431
300M,chip_167_340_merged.tif,0.6,3,1316390699,117,33.1792,34.7423,1.5631
300M,chip_167_340_merged.tif,0.6,4,836445181,117,32.9132,35.102,2.1888
300M,chip_167_340_merged.tif,0.8,0,2074957283,156,33.3339,34.0902,0.7563
300M,chip_167_340_merged.tif,0.8,1,1694350652,156,33.3387,34.3286,0.99
300M,chip_167_340_merged.tif,0.8,2,1214405134,156,32.7894,33.9367,1.1473
300M,chip_167_340_merged.tif,0.8,3,833798503,156,32.4143,34.2945,1.8802
300M,chip_167_340_merged.tif,0.8,4,353852985,156,33.3298,33.9048,0.5751
300M,chip_167_411_merged.tif,0.2,0,628262671,39,36.0346,35.1983,-0.8363
300M,chip_167_411_merged.tif,0.2,1,148317153,39,35.9577,36.4053,0.4476
300M,chip_167_411_merged.tif,0.2,2,1915194170,39,33.4293,36.1879,2.7586
300M,chip_167_411_merged.tif,0.2,3,1435248652,39,33.43,37.3346,3.9047
300M,chip_167_411_merged.tif,0.2,4,1054642021,39,33.4313,37.0771,3.6458
300M,chip_167_411_merged.tif,0.4,0,1710471249,78,32.8301,35.9179,3.0877
300M,chip_167_411_merged.tif,0.4,1,1329864618,78,33.3991,35.7567,2.3576
300M,chip_167_411_merged.tif,0.4,2,849919100,78,32.8313,37.0576,4.2263
300M,chip_167_411_merged.tif,0.4,3,469312469,78,33.3928,36.4349,3.0421
300M,chip_167_411_merged.tif,0.4,4,88705838,78,33.5929,35.9103,2.3174
300M,chip_167_411_merged.tif,0.6,0,1871832779,117,33.7451,36.1838,2.4387
300M,chip_167_411_merged.tif,0.6,1,1391887261,117,33.9329,35.2742,1.3413
300M,chip_167_411_merged.tif,0.6,2,1011280630,117,33.5255,35.4354,1.91
300M,chip_167_411_merged.tif,0.6,3,531335112,117,33.4474,35.1523,1.7049
300M,chip_167_411_merged.tif,0.6,4,150728481,117,33.7073,34.8178,1.1105
300M,chip_167_411_merged.tif,0.8,0,1389240583,156,33.1565,34.0426,0.8861
300M,chip_167_411_merged.tif,0.8,1,909295065,156,33.2593,34.542,1.2827
300M,chip_167_411_merged.tif,0.8,2,528688434,156,32.4057,33.9344,1.5287
300M,chip_167_411_merged.tif,0.8,3,48742916,156,33.4365,33.708,0.2716
300M,chip_167_411_merged.tif,0.8,4,1815619933,156,33.4385,33.3888,-0.0496
300M,chip_167_437_merged.tif,0.2,0,576277046,39,36.3841,37.449,1.0649
300M,chip_167_437_merged.tif,0.2,1,195670415,39,36.5448,37.5374,0.9926
300M,chip_167_437_merged.tif,0.2,2,1962547432,39,35.2068,38.1407,2.9339
300M,chip_167_437_merged.tif,0.2,3,1482601914,39,36.9629,37.5613,0.5984
300M,chip_167_437_merged.tif,0.2,4,1101995283,39,35.667,36.7773,1.1103
300M,chip_167_437_merged.tif,0.4,0,415661713,78,36.0766,36.5778,0.5013
300M,chip_167_437_merged.tif,0.4,1,35055082,78,34.3154,37.5976,3.2822
300M,chip_167_437_merged.tif,0.4,2,1702593212,78,36.238,37.7565,1.5185
300M,chip_167_437_merged.tif,0.4,3,1321986581,78,34.8473,37.205,2.3578
300M,chip_167_437_merged.tif,0.4,4,842041063,78,35.6823,37.2812,1.5989
300M,chip_167_437_merged.tif,0.6,0,1819847154,117,35.2429,36.4197,1.1769
300M,chip_167_437_merged.tif,0.6,1,1439240523,117,35.9281,36.773,0.8449
300M,chip_167_437_merged.tif,0.6,2,959295005,117,35.7008,37.1083,1.4075
300M,chip_167_437_merged.tif,0.6,3,578688374,117,35.6778,36.9055,1.2277
300M,chip_167_437_merged.tif,0.6,4,98742856,117,35.4667,36.4898,1.0231
300M,chip_167_437_merged.tif,0.8,0,1337254958,156,35.0687,35.6859,0.6172
300M,chip_167_437_merged.tif,0.8,1,956648327,156,35.2028,35.7975,0.5947
300M,chip_167_437_merged.tif,0.8,2,576041696,156,35.0569,35.6169,0.56
300M,chip_167_437_merged.tif,0.8,3,96096178,156,35.0754,35.4074,0.332
300M,chip_167_437_merged.tif,0.8,4,1862973195,156,35.2848,35.9413,0.6565
300M,chip_169_398_merged.tif,0.2,0,142526672,39,38.2937,38.9272,0.6336
300M,chip_169_398_merged.tif,0.2,1,1810064802,39,37.8925,38.6951,0.8026
300M,chip_169_398_merged.tif,0.2,2,1429458171,39,38.7193,39.0505,0.3312
300M,chip_169_398_merged.tif,0.2,3,949512653,39,38.3239,39.7403,1.4164
300M,chip_169_398_merged.tif,0.2,4,568906022,39,38.8243,39.1109,0.2866
300M,chip_169_398_merged.tif,0.4,0,2030056100,78,35.4066,38.6845,3.2779
300M,chip_169_398_merged.tif,0.4,1,1649449469,78,38.6069,39.049,0.4421
300M,chip_169_398_merged.tif,0.4,2,1268842838,78,38.3012,39.6261,1.325
300M,chip_169_398_merged.tif,0.4,3,788897320,78,37.8261,37.2202,-0.6059
300M,chip_169_398_merged.tif,0.4,4,408290689,78,38.6072,38.7929,0.1857
300M,chip_169_398_merged.tif,0.6,0,1286757893,117,36.2688,38.535,2.2662
300M,chip_169_398_merged.tif,0.6,1,906151262,117,37.9783,37.3478,-0.6305
300M,chip_169_398_merged.tif,0.6,2,525544631,117,36.5847,38.232,1.6473
300M,chip_169_398_merged.tif,0.6,3,45599113,117,36.076,38.3484,2.2724
300M,chip_169_398_merged.tif,0.6,4,1812476130,117,37.98,38.1292,0.1492
300M,chip_169_398_merged.tif,0.8,0,903504584,156,36.6073,37.0377,0.4303
300M,chip_169_398_merged.tif,0.8,1,423559066,156,36.6234,37.5721,0.9487
300M,chip_169_398_merged.tif,0.8,2,42952435,156,36.674,37.9023,1.2283
300M,chip_169_398_merged.tif,0.8,3,1710490565,156,36.6024,36.9646,0.3622
300M,chip_169_398_merged.tif,0.8,4,1329883934,156,36.6721,37.0069,0.3348
300M,chip_169_407_merged.tif,0.2,0,285519607,39,35.6087,37.4112,1.8026
300M,chip_169_407_merged.tif,0.2,1,1953057737,39,32.3944,37.4694,5.075
300M,chip_169_407_merged.tif,0.2,2,1572451106,39,33.8168,36.7878,2.971
300M,chip_169_407_merged.tif,0.2,3,1092505588,39,34.9286,37.3369,2.4083
300M,chip_169_407_merged.tif,0.2,4,711898957,39,34.8714,36.3979,1.5264
300M,chip_169_407_merged.tif,0.4,0,1367728185,78,33.6522,36.1789,2.5268
300M,chip_169_407_merged.tif,0.4,1,987121554,78,34.3917,36.4888,2.0971
300M,chip_169_407_merged.tif,0.4,2,507176036,78,34.4005,36.1378,1.7373
300M,chip_169_407_merged.tif,0.4,3,126569405,78,34.3919,36.2974,1.9055
300M,chip_169_407_merged.tif,0.4,4,1794107535,78,33.9159,37.1965,3.2806
300M,chip_169_407_merged.tif,0.6,0,1429750828,117,34.2913,35.3389,1.0476
300M,chip_169_407_merged.tif,0.6,1,1049144197,117,34.2957,35.9797,1.684
300M,chip_169_407_merged.tif,0.6,2,668537566,117,33.48,35.4206,1.9406
300M,chip_169_407_merged.tif,0.6,3,188592048,117,33.4077,35.9629,2.5552
300M,chip_169_407_merged.tif,0.6,4,1955469065,117,33.753,36.1521,2.3991
300M,chip_169_407_merged.tif,0.8,0,1046497519,156,33.6805,34.4804,0.7999
300M,chip_169_407_merged.tif,0.8,1,566552001,156,33.6882,34.9754,1.2871
300M,chip_169_407_merged.tif,0.8,2,185945370,156,34.0585,35.1538,1.0952
300M,chip_169_407_merged.tif,0.8,3,1853483500,156,34.0681,34.452,0.3839
300M,chip_169_407_merged.tif,0.8,4,1472876869,156,33.6864,35.4205,1.7341
300M,chip_170_579_merged.tif,0.2,0,179740516,39,37.5733,39.9828,2.4095
300M,chip_170_579_merged.tif,0.2,1,1847278646,39,39.2948,38.611,-0.6838
300M,chip_170_579_merged.tif,0.2,2,1466672015,39,39.0702,39.6926,0.6224
300M,chip_170_579_merged.tif,0.2,3,986726497,39,38.9428,38.4579,-0.4848
300M,chip_170_579_merged.tif,0.2,4,606119866,39,39.0694,39.899,0.8296
300M,chip_170_579_merged.tif,0.4,0,2067269944,78,38.9906,39.6766,0.6861
300M,chip_170_579_merged.tif,0.4,1,1686663313,78,38.9901,39.6781,0.688
300M,chip_170_579_merged.tif,0.4,2,1306056682,78,38.6242,39.7915,1.1673
300M,chip_170_579_merged.tif,0.4,3,826111164,78,39.2961,39.7017,0.4055
300M,chip_170_579_merged.tif,0.4,4,445504533,78,39.2072,39.3357,0.1285
300M,chip_170_579_merged.tif,0.6,0,1323971737,117,38.8249,39.3927,0.5679
300M,chip_170_579_merged.tif,0.6,1,943365106,117,39.1117,39.5354,0.4237
300M,chip_170_579_merged.tif,0.6,2,562758475,117,38.8968,38.8724,-0.0244
300M,chip_170_579_merged.tif,0.6,3,82812957,117,38.807,39.0237,0.2167
300M,chip_170_579_merged.tif,0.6,4,1849689974,117,39.2673,38.9114,-0.3558
300M,chip_170_579_merged.tif,0.8,0,940718428,156,39.2662,39.2097,-0.0565
300M,chip_170_579_merged.tif,0.8,1,460772910,156,38.338,39.0924,0.7544
300M,chip_170_579_merged.tif,0.8,2,80166279,156,38.6525,38.6523,-0.0002
300M,chip_170_579_merged.tif,0.8,3,1747704409,156,38.8714,38.8331,-0.0383
300M,chip_170_579_merged.tif,0.8,4,1367097778,156,38.7104,38.7117,0.0013
300M,chip_171_346_merged.tif,0.2,0,868219744,39,34.5271,36.5265,1.9994
300M,chip_171_346_merged.tif,0.2,1,388274226,39,34.5265,36.4213,1.8948
300M,chip_171_346_merged.tif,0.2,2,7667595,39,34.4972,36.0487,1.5514
300M,chip_171_346_merged.tif,0.2,3,1774544612,39,34.8346,34.5919,-0.2427
300M,chip_171_346_merged.tif,0.2,4,1294599094,39,33.8002,35.965,2.1648
300M,chip_171_346_merged.tif,0.4,0,1950428322,78,32.5352,35.1955,2.6603
300M,chip_171_346_merged.tif,0.4,1,1569821691,78,33.7907,35.1543,1.3636
300M,chip_171_346_merged.tif,0.4,2,1189215060,78,33.9072,35.5087,1.6015
300M,chip_171_346_merged.tif,0.4,3,709269542,78,33.1475,35.4356,2.2881
300M,chip_171_346_merged.tif,0.4,4,328662911,78,33.8068,35.5435,1.7367
300M,chip_171_346_merged.tif,0.6,0,1207130115,117,33.3558,34.1069,0.7511
300M,chip_171_346_merged.tif,0.6,1,826523484,117,33.2338,34.7147,1.4809
300M,chip_171_346_merged.tif,0.6,2,445916853,117,33.53,34.8719,1.3418
300M,chip_171_346_merged.tif,0.6,3,2113454983,117,33.4635,34.6677,1.2043
300M,chip_171_346_merged.tif,0.6,4,1732848352,117,33.1687,34.7273,1.5587
300M,chip_171_346_merged.tif,0.8,0,823876806,156,33.2945,33.7725,0.478
300M,chip_171_346_merged.tif,0.8,1,343931288,156,33.5621,33.826,0.2639
300M,chip_171_346_merged.tif,0.8,2,2110808305,156,33.2869,34.1757,0.8888
300M,chip_171_346_merged.tif,0.8,3,1630862787,156,33.0521,33.854,0.8019
300M,chip_171_346_merged.tif,0.8,4,1250256156,156,32.3478,33.986,1.6383
300M,chip_171_431_merged.tif,0.2,0,69281089,39,36.1828,37.1504,0.9676
300M,chip_171_431_merged.tif,0.2,1,1736819219,39,33.7266,37.9385,4.2119
300M,chip_171_431_merged.tif,0.2,2,1356212588,39,34.8738,38.5704,3.6966
300M,chip_171_431_merged.tif,0.2,3,876267070,39,34.7108,37.5511,2.8403
300M,chip_171_431_merged.tif,0.2,4,495660439,39,34.9672,37.8338,2.8666
300M,chip_171_431_merged.tif,0.4,0,1151489667,78,34.9382,36.8893,1.9511
300M,chip_171_431_merged.tif,0.4,1,770883036,78,34.9667,37.278,2.3113
300M,chip_171_431_merged.tif,0.4,2,290937518,78,33.9826,37.7228,3.7402
300M,chip_171_431_merged.tif,0.4,3,2057814535,78,35.0636,36.7688,1.7052
300M,chip_171_431_merged.tif,0.4,4,1577869017,78,34.2407,37.231,2.9903
300M,chip_171_431_merged.tif,0.6,0,1213512310,117,34.8454,36.7774,1.932
300M,chip_171_431_merged.tif,0.6,1,832905679,117,34.6906,36.2471,1.5565
300M,chip_171_431_merged.tif,0.6,2,452299048,117,35.0572,36.4466,1.3894
300M,chip_171_431_merged.tif,0.6,3,2119837178,117,34.4284,36.8547,2.4262
300M,chip_171_431_merged.tif,0.6,4,1739230547,117,34.3127,36.5378,2.2251
300M,chip_171_431_merged.tif,0.8,0,830259001,156,34.435,35.1586,0.7236
300M,chip_171_431_merged.tif,0.8,1,350313483,156,33.8962,35.7389,1.8428
300M,chip_171_431_merged.tif,0.8,2,2117190500,156,34.1601,35.744,1.5839
300M,chip_171_431_merged.tif,0.8,3,1637244982,156,33.9078,35.6232,1.7154
300M,chip_171_431_merged.tif,0.8,4,1256638351,156,34.4117,35.2099,0.7982
300M,chip_171_586_merged.tif,0.2,0,899019476,39,35.4419,36.615,1.1731
300M,chip_171_586_merged.tif,0.2,1,518412845,39,33.3833,34.9955,1.6123
300M,chip_171_586_merged.tif,0.2,2,38467327,39,36.0434,35.6595,-0.3839
300M,chip_171_586_merged.tif,0.2,3,1805344344,39,35.2706,36.1379,0.8673
300M,chip_171_586_merged.tif,0.2,4,1424737713,39,36.0426,35.613,-0.4296
300M,chip_171_586_merged.tif,0.4,0,738404143,78,33.9559,35.4867,1.5308
300M,chip_171_586_merged.tif,0.4,1,357797512,78,33.9556,35.2918,1.3362
300M,chip_171_586_merged.tif,0.4,2,2025335642,78,34.6985,35.2178,0.5193
300M,chip_171_586_merged.tif,0.4,3,1644729011,78,34.9691,35.0128,0.0437
300M,chip_171_586_merged.tif,0.4,4,1164783493,78,33.9563,35.1156,1.1594
300M,chip_171_586_merged.tif,0.6,0,2142589584,117,34.3596,33.8761,-0.4835
300M,chip_171_586_merged.tif,0.6,1,1761982953,117,32.9189,34.5116,1.5927
300M,chip_171_586_merged.tif,0.6,2,1282037435,117,33.4422,34.4482,1.006
300M,chip_171_586_merged.tif,0.6,3,901430804,117,33.5264,34.4934,0.967
300M,chip_171_586_merged.tif,0.6,4,421485286,117,32.2506,33.8357,1.5851
300M,chip_171_586_merged.tif,0.8,0,1659997388,156,32.7192,33.5218,0.8027
300M,chip_171_586_merged.tif,0.8,1,1279390757,156,32.7118,33.6025,0.8907
300M,chip_171_586_merged.tif,0.8,2,799445239,156,32.8506,33.9222,1.0716
300M,chip_171_586_merged.tif,0.8,3,418838608,156,32.0531,33.1716,1.1185
300M,chip_171_586_merged.tif,0.8,4,38231977,156,33.2969,33.4275,0.1306
300M,chip_172_154_merged.tif,0.2,0,1862437771,39,28.3098,31.4513,3.1415
300M,chip_172_154_merged.tif,0.2,1,1382492253,39,29.0461,31.4954,2.4493
300M,chip_172_154_merged.tif,0.2,2,1001885622,39,29.3497,31.9815,2.6318
300M,chip_172_154_merged.tif,0.2,3,521940104,39,28.5572,31.8801,3.3229
300M,chip_172_154_merged.tif,0.2,4,141333473,39,29.7874,31.6642,1.8768
300M,chip_172_154_merged.tif,0.4,0,1602483551,78,28.4976,30.3897,1.8921
300M,chip_172_154_merged.tif,0.4,1,1221876920,78,27.6013,31.6698,4.0685
300M,chip_172_154_merged.tif,0.4,2,841270289,78,29.0138,30.6537,1.6399
300M,chip_172_154_merged.tif,0.4,3,361324771,78,29.0141,30.3515,1.3373
300M,chip_172_154_merged.tif,0.4,4,2128201788,78,28.2465,30.059,1.8126
300M,chip_172_154_merged.tif,0.6,0,859185344,117,28.2921,29.8849,1.5927
300M,chip_172_154_merged.tif,0.6,1,478578713,117,28.4503,29.6387,1.1884
300M,chip_172_154_merged.tif,0.6,2,97972082,117,28.2777,30.1468,1.8691
300M,chip_172_154_merged.tif,0.6,3,1765510212,117,28.8779,30.5727,1.6947
300M,chip_172_154_merged.tif,0.6,4,1384903581,117,27.3541,29.8318,2.4777
300M,chip_172_154_merged.tif,0.8,0,475932035,156,28.5096,28.7364,0.2268
300M,chip_172_154_merged.tif,0.8,1,2143470165,156,28.4999,29.2345,0.7346
300M,chip_172_154_merged.tif,0.8,2,1762863534,156,28.6409,29.5863,0.9454
300M,chip_172_154_merged.tif,0.8,3,1282918016,156,27.515,29.1496,1.6347
300M,chip_172_154_merged.tif,0.8,4,902311385,156,28.5976,28.9908,0.3932
300M,chip_173_503_merged.tif,0.2,0,1629640165,39,34.5934,37.3438,2.7504
300M,chip_173_503_merged.tif,0.2,1,1249033534,39,34.4504,36.231,1.7806
300M,chip_173_503_merged.tif,0.2,2,769088016,39,34.0579,35.8844,1.8265
300M,chip_173_503_merged.tif,0.2,3,388481385,39,34.0899,35.6632,1.5733
300M,chip_173_503_merged.tif,0.2,4,2056019515,39,35.1368,35.7322,0.5954
300M,chip_173_503_merged.tif,0.4,0,1469024832,78,34.0516,36.1416,2.09
300M,chip_173_503_merged.tif,0.4,1,1088418201,78,33.8834,35.9284,2.045
300M,chip_173_503_merged.tif,0.4,2,608472683,78,34.115,36.1578,2.0428
300M,chip_173_503_merged.tif,0.4,3,227866052,78,34.0254,36.4908,2.4654
300M,chip_173_503_merged.tif,0.4,4,1895404182,78,33.8324,35.9337,2.1013
300M,chip_173_503_merged.tif,0.6,0,725726625,117,33.7974,35.1423,1.3448
300M,chip_173_503_merged.tif,0.6,1,345119994,117,33.7015,35.1004,1.3989
300M,chip_173_503_merged.tif,0.6,2,2012658124,117,33.6061,35.1575,1.5514
300M,chip_173_503_merged.tif,0.6,3,1632051493,117,33.6228,35.6243,2.0015
300M,chip_173_503_merged.tif,0.6,4,1152105975,117,33.6175,35.4066,1.7891
300M,chip_173_503_merged.tif,0.8,0,243134429,156,33.717,34.3639,0.6469
300M,chip_173_503_merged.tif,0.8,1,2010011446,156,33.7083,34.4218,0.7135
300M,chip_173_503_merged.tif,0.8,2,1530065928,156,33.3142,34.4385,1.1243
300M,chip_173_503_merged.tif,0.8,3,1149459297,156,33.7053,34.1973,0.492
300M,chip_173_503_merged.tif,0.8,4,669513779,156,33.3135,34.0758,0.7623
300M,chip_173_586_merged.tif,0.2,0,1829654527,39,31.126,34.8113,3.6853
300M,chip_173_586_merged.tif,0.2,1,1349709009,39,33.7362,34.856,1.1198
300M,chip_173_586_merged.tif,0.2,2,969102378,39,31.4108,34.7721,3.3613
300M,chip_173_586_merged.tif,0.2,3,489156860,39,34.4069,35.092,0.6851
300M,chip_173_586_merged.tif,0.2,4,108550229,39,31.4528,34.8349,3.382
300M,chip_173_586_merged.tif,0.4,0,764379457,78,31.5334,33.6893,2.1559
300M,chip_173_586_merged.tif,0.4,1,383772826,78,31.1129,34.5074,3.3945
300M,chip_173_586_merged.tif,0.4,2,2051310956,78,31.2808,33.4354,2.1546
300M,chip_173_586_merged.tif,0.4,3,1670704325,78,31.0466,34.5318,3.4852
300M,chip_173_586_merged.tif,0.4,4,1190758807,78,31.0468,34.313,3.2662
300M,chip_173_586_merged.tif,0.6,0,826402100,117,30.6875,32.9327,2.2452
300M,chip_173_586_merged.tif,0.6,1,445795469,117,31.7535,33.0971,1.3436
300M,chip_173_586_merged.tif,0.6,2,65188838,117,31.7748,33.5063,1.7316
300M,chip_173_586_merged.tif,0.6,3,1732726968,117,31.9071,33.3124,1.4053
300M,chip_173_586_merged.tif,0.6,4,1352120337,117,31.1796,32.8436,1.664
300M,chip_173_586_merged.tif,0.8,0,443148791,156,31.0174,32.7436,1.7262
300M,chip_173_586_merged.tif,0.8,1,2110686921,156,31.0104,32.0574,1.047
300M,chip_173_586_merged.tif,0.8,2,1730080290,156,31.1379,32.0023,0.8644
300M,chip_173_586_merged.tif,0.8,3,1250134772,156,31.0577,31.9334,0.8757
300M,chip_173_586_merged.tif,0.8,4,869528141,156,30.9583,32.1221,1.1638
300M,chip_174_360_merged.tif,0.2,0,1754392894,39,34.7708,35.086,0.3152
300M,chip_174_360_merged.tif,0.2,1,1274447376,39,34.1895,35.4098,1.2203
300M,chip_174_360_merged.tif,0.2,2,893840745,39,32.1904,36.2352,4.0448
300M,chip_174_360_merged.tif,0.2,3,413895227,39,33.5133,34.9167,1.4034
300M,chip_174_360_merged.tif,0.2,4,33288596,39,34.1607,35.0484,0.8877
300M,chip_174_360_merged.tif,0.4,0,689117824,78,34.5889,34.842,0.2531
300M,chip_174_360_merged.tif,0.4,1,308511193,78,32.7266,35.6018,2.8751
300M,chip_174_360_merged.tif,0.4,2,1976049323,78,32.7184,35.0758,2.3573
300M,chip_174_360_merged.tif,0.4,3,1595442692,78,33.0259,35.6223,2.5964
300M,chip_174_360_merged.tif,0.4,4,1115497174,78,34.3304,35.5379,1.2075
300M,chip_174_360_merged.tif,0.6,0,2093303265,117,33.3587,34.1741,0.8154
300M,chip_174_360_merged.tif,0.6,1,1712696634,117,33.1369,35.0659,1.9291
300M,chip_174_360_merged.tif,0.6,2,1232751116,117,33.3564,33.9892,0.6328
300M,chip_174_360_merged.tif,0.6,3,852144485,117,33.3403,34.9704,1.6301
300M,chip_174_360_merged.tif,0.6,4,372198967,117,33.9332,34.7715,0.8383
300M,chip_174_360_merged.tif,0.8,0,1610711069,156,33.6846,34.1229,0.4383
300M,chip_174_360_merged.tif,0.8,1,1230104438,156,33.1025,33.5972,0.4947
300M,chip_174_360_merged.tif,0.8,2,750158920,156,33.1035,34.0119,0.9084
300M,chip_174_360_merged.tif,0.8,3,369552289,156,33.0981,34.2421,1.144
300M,chip_174_360_merged.tif,0.8,4,2136429306,156,33.2502,33.8906,0.6405
300M,chip_174_408_merged.tif,0.2,0,1390000475,39,34.6981,35.3268,0.6287
300M,chip_174_408_merged.tif,0.2,1,910054957,39,33.6448,36.6005,2.9557
300M,chip_174_408_merged.tif,0.2,2,529448326,39,34.0078,36.8665,2.8587
300M,chip_174_408_merged.tif,0.2,3,148841695,39,34.2177,36.57,2.3524
300M,chip_174_408_merged.tif,0.2,4,1816379825,39,33.9992,36.5848,2.5856
300M,chip_174_408_merged.tif,0.4,0,1229385142,78,34.0052,36.0387,2.0336
300M,chip_174_408_merged.tif,0.4,1,749439624,78,34.3274,35.8885,1.5611
300M,chip_174_408_merged.tif,0.4,2,368832993,78,33.1063,35.3059,2.1996
300M,chip_174_408_merged.tif,0.4,3,2036371123,78,30.6208,36.0173,5.3965
300M,chip_174_408_merged.tif,0.4,4,1655764492,78,33.6038,36.4351,2.8313
300M,chip_174_408_merged.tif,0.6,0,486086935,117,33.3096,35.4421,2.1324
300M,chip_174_408_merged.tif,0.6,1,6141417,117,33.7412,35.1909,1.4497
300M,chip_174_408_merged.tif,0.6,2,1773018434,117,33.5716,35.1255,1.5539
300M,chip_174_408_merged.tif,0.6,3,1293072916,117,34.1153,35.6875,1.5722
300M,chip_174_408_merged.tif,0.6,4,912466285,117,33.4909,35.206,1.7152
300M,chip_174_408_merged.tif,0.8,0,3494739,156,33.0976,33.3758,0.2782
300M,chip_174_408_merged.tif,0.8,1,1671032869,156,31.909,34.5326,2.6237
300M,chip_174_408_merged.tif,0.8,2,1290426238,156,31.8971,34.005,2.1079
300M,chip_174_408_merged.tif,0.8,3,909819607,156,33.0958,34.1244,1.0286
300M,chip_174_408_merged.tif,0.8,4,429874089,156,32.0893,34.3642,2.2749
300M,chip_175_400_merged.tif,0.2,0,1029010092,39,39.063,41.0242,1.9612
300M,chip_175_400_merged.tif,0.2,1,549064574,39,38.4113,40.2415,1.8302
300M,chip_175_400_merged.tif,0.2,2,168457943,39,37.6103,40.7643,3.154
300M,chip_175_400_merged.tif,0.2,3,1935334960,39,39.5283,40.364,0.8357
300M,chip_175_400_merged.tif,0.2,4,1455389442,39,37.6096,39.9019,2.2923
300M,chip_175_400_merged.tif,0.4,0,868394759,78,39.3317,40.0631,0.7315
300M,chip_175_400_merged.tif,0.4,1,388449241,78,38.781,39.9695,1.1885
300M,chip_175_400_merged.tif,0.4,2,7842610,78,38.2942,39.5378,1.2436
300M,chip_175_400_merged.tif,0.4,3,1675380740,78,39.3048,39.8135,0.5087
300M,chip_175_400_merged.tif,0.4,4,1294774109,78,39.3044,39.8982,0.5938
300M,chip_175_400_merged.tif,0.6,0,125096552,117,38.2323,39.2945,1.0623
300M,chip_175_400_merged.tif,0.6,1,1792634682,117,38.705,39.1101,0.4051
300M,chip_175_400_merged.tif,0.6,2,1412028051,117,38.7159,39.3579,0.642
300M,chip_175_400_merged.tif,0.6,3,932082533,117,38.5761,39.0378,0.4617
300M,chip_175_400_merged.tif,0.6,4,551475902,117,38.297,39.3695,1.0725
300M,chip_175_400_merged.tif,0.8,0,1789988004,156,38.2751,38.628,0.3529
300M,chip_175_400_merged.tif,0.8,1,1310042486,156,38.4036,38.5894,0.1858
300M,chip_175_400_merged.tif,0.8,2,929435855,156,37.8546,38.5897,0.7351
300M,chip_175_400_merged.tif,0.8,3,548829224,156,38.1899,39.2564,1.0666
300M,chip_175_400_merged.tif,0.8,4,68883706,156,38.1956,38.4345,0.2389
300M,chip_175_432_merged.tif,0.2,0,328225662,39,36.5515,36.7944,0.243
300M,chip_175_432_merged.tif,0.2,1,2095102679,39,35.14,37.1266,1.9866
300M,chip_175_432_merged.tif,0.2,2,1615157161,39,36.5518,36.277,-0.2747
300M,chip_175_432_merged.tif,0.2,3,1234550530,39,36.5515,36.5051,-0.0464
300M,chip_175_432_merged.tif,0.2,4,754605012,39,37.1457,36.6964,-0.4494
300M,chip_175_432_merged.tif,0.4,0,167610329,78,30.8287,36.2426,5.414
300M,chip_175_432_merged.tif,0.4,1,1835148459,78,32.7189,35.9965,3.2776
300M,chip_175_432_merged.tif,0.4,2,1454541828,78,33.171,36.0007,2.8297
300M,chip_175_432_merged.tif,0.4,3,974596310,78,32.0011,35.9067,3.9056
300M,chip_175_432_merged.tif,0.4,4,593989679,78,31.6394,36.3826,4.7432
300M,chip_175_432_merged.tif,0.6,0,1571795770,117,31.3035,34.4641,3.1606
300M,chip_175_432_merged.tif,0.6,1,1091850252,117,32.8937,34.5308,1.6371
300M,chip_175_432_merged.tif,0.6,2,711243621,117,31.9136,35.4942,3.5806
300M,chip_175_432_merged.tif,0.6,3,231298103,117,33.5954,33.3936,-0.2017
300M,chip_175_432_merged.tif,0.6,4,1998175120,117,31.3204,34.5507,3.2303
300M,chip_175_432_merged.tif,0.8,0,1089203574,156,31.3858,33.1846,1.7989
300M,chip_175_432_merged.tif,0.8,1,708596943,156,31.8229,33.8626,2.0397
300M,chip_175_432_merged.tif,0.8,2,228651425,156,31.5458,34.0098,2.464
300M,chip_175_432_merged.tif,0.8,3,1995528442,156,32.2867,33.4997,1.213
300M,chip_175_432_merged.tif,0.8,4,1515582924,156,31.3932,33.0307,1.6376
300M,chip_176_027_merged.tif,0.2,0,471839994,39,32.8351,36.2365,3.4014
300M,chip_176_027_merged.tif,0.2,1,91233363,39,29.6534,34.4163,4.7629
300M,chip_176_027_merged.tif,0.2,2,1758771493,39,32.5696,34.8785,2.3089
300M,chip_176_027_merged.tif,0.2,3,1378164862,39,32.3665,33.7558,1.3893
300M,chip_176_027_merged.tif,0.2,4,997558231,39,32.0019,35.9231,3.9212
300M,chip_176_027_merged.tif,0.4,0,1653387459,78,28.892,34.9973,6.1053
300M,chip_176_027_merged.tif,0.4,1,1173441941,78,29.0331,34.5073,5.4742
300M,chip_176_027_merged.tif,0.4,2,792835310,78,28.5505,35.7225,7.172
300M,chip_176_027_merged.tif,0.4,3,412228679,78,30.4565,32.7287,2.2722
300M,chip_176_027_merged.tif,0.4,4,2079766809,78,30.4564,34.4431,3.9867
300M,chip_176_027_merged.tif,0.6,0,1715410102,117,29.3006,31.7807,2.48
300M,chip_176_027_merged.tif,0.6,1,1334803471,117,29.3042,33.4188,4.1146
300M,chip_176_027_merged.tif,0.6,2,854857953,117,29.1241,31.3599,2.2358
300M,chip_176_027_merged.tif,0.6,3,474251322,117,29.1164,34.1535,5.0371
300M,chip_176_027_merged.tif,0.6,4,2141789452,117,29.116,33.0712,3.9552
300M,chip_176_027_merged.tif,0.8,0,1232817906,156,29.3697,31.6445,2.2748
300M,chip_176_027_merged.tif,0.8,1,852211275,156,29.3722,32.0219,2.6497
300M,chip_176_027_merged.tif,0.8,2,372265757,156,29.5471,31.5605,2.0133
300M,chip_176_027_merged.tif,0.8,3,2139142774,156,29.388,32.6063,3.2182
300M,chip_176_027_merged.tif,0.8,4,1758536143,156,29.3434,32.35,3.0066
300M,chip_177_265_merged.tif,0.2,0,1268440634,39,39.17,41.7477,2.5777
300M,chip_177_265_merged.tif,0.2,1,788495116,39,38.8227,42.0054,3.1826
300M,chip_177_265_merged.tif,0.2,2,407888485,39,40.4362,41.4477,1.0115
300M,chip_177_265_merged.tif,0.2,3,2075426615,39,39.5874,42.8235,3.2361
300M,chip_177_265_merged.tif,0.2,4,1694819984,39,36.6226,42.0917,5.4691
300M,chip_177_265_merged.tif,0.4,0,1008486414,78,35.9147,41.2633,5.3486
300M,chip_177_265_merged.tif,0.4,1,627879783,78,35.9138,41.0278,5.114
300M,chip_177_265_merged.tif,0.4,2,247273152,78,37.9424,41.2361,3.2937
300M,chip_177_265_merged.tif,0.4,3,1914811282,78,37.6036,40.8865,3.283
300M,chip_177_265_merged.tif,0.4,4,1534204651,78,37.5253,41.3726,3.8473
300M,chip_177_265_merged.tif,0.6,0,265188207,117,37.0223,39.9628,2.9406
300M,chip_177_265_merged.tif,0.6,1,2032065224,117,37.2855,40.1585,2.8731
300M,chip_177_265_merged.tif,0.6,2,1651458593,117,37.0441,40.251,3.207
300M,chip_177_265_merged.tif,0.6,3,1171513075,117,36.3071,39.6871,3.38
300M,chip_177_265_merged.tif,0.6,4,790906444,117,37.2719,40.183,2.9112
300M,chip_177_265_merged.tif,0.8,0,2029418546,156,35.8532,37.3417,1.4885
300M,chip_177_265_merged.tif,0.8,1,1549473028,156,36.1233,39.2555,3.1322
300M,chip_177_265_merged.tif,0.8,2,1168866397,156,36.1113,37.879,1.7677
300M,chip_177_265_merged.tif,0.8,3,688920879,156,36.7174,37.5162,0.7989
300M,chip_177_265_merged.tif,0.8,4,308314248,156,36.149,37.9923,1.8433
300M,chip_177_428_merged.tif,0.2,0,667531975,39,33.8965,36.8263,2.9298
300M,chip_177_428_merged.tif,0.2,1,187586457,39,35.4873,35.8442,0.3568
300M,chip_177_428_merged.tif,0.2,2,1954463474,39,32.9176,35.4738,2.5562
300M,chip_177_428_merged.tif,0.2,3,1474517956,39,33.8969,35.4931,1.5962
300M,chip_177_428_merged.tif,0.2,4,1093911325,39,34.6619,36.3709,1.709
300M,chip_177_428_merged.tif,0.4,0,1749740553,78,34.2863,35.1559,0.8696
300M,chip_177_428_merged.tif,0.4,1,1369133922,78,34.2861,34.871,0.585
300M,chip_177_428_merged.tif,0.4,2,889188404,78,33.4493,35.4615,2.0122
300M,chip_177_428_merged.tif,0.4,3,508581773,78,33.5726,35.1253,1.5526
300M,chip_177_428_merged.tif,0.4,4,28636255,78,34.1928,35.4497,1.2568
300M,chip_177_428_merged.tif,0.6,0,1811763196,117,33.3546,34.3686,1.014
300M,chip_177_428_merged.tif,0.6,1,1431156565,117,33.3597,34.1878,0.8281
300M,chip_177_428_merged.tif,0.6,2,951211047,117,33.1461,35.0236,1.8775
300M,chip_177_428_merged.tif,0.6,3,570604416,117,33.6921,34.6049,0.9128
300M,chip_177_428_merged.tif,0.6,4,189997785,117,33.2784,34.7932,1.5148
300M,chip_177_428_merged.tif,0.8,0,1428509887,156,33.2714,34.0303,0.759
300M,chip_177_428_merged.tif,0.8,1,948564369,156,33.2718,33.7439,0.4721
300M,chip_177_428_merged.tif,0.8,2,567957738,156,33.6722,34.14,0.4678
300M,chip_177_428_merged.tif,0.8,3,88012220,156,33.5112,33.8056,0.2945
300M,chip_177_428_merged.tif,0.8,4,1854889237,156,33.3635,33.967,0.6035
300M,chip_178_497_merged.tif,0.2,0,202804086,39,36.0545,34.9347,-1.1198
300M,chip_178_497_merged.tif,0.2,1,1870342216,39,33.6857,35.6844,1.9987
300M,chip_178_497_merged.tif,0.2,2,1489735585,39,34.5089,36.08,1.5711
300M,chip_178_497_merged.tif,0.2,3,1109128954,39,35.2249,35.4209,0.196
300M,chip_178_497_merged.tif,0.2,4,629183436,39,33.739,35.8277,2.0887
300M,chip_178_497_merged.tif,0.4,0,42188753,78,35.1519,35.8981,0.7462
300M,chip_178_497_merged.tif,0.4,1,1709726883,78,33.7655,34.4334,0.6679
300M,chip_178_497_merged.tif,0.4,2,1329120252,78,34.2191,35.0381,0.819
300M,chip_178_497_merged.tif,0.4,3,849174734,78,33.9309,36.165,2.2341
300M,chip_178_497_merged.tif,0.4,4,468568103,78,34.8944,35.0375,0.1431
300M,chip_178_497_merged.tif,0.6,0,1446374194,117,34.5196,34.38,-0.1396
300M,chip_178_497_merged.tif,0.6,1,966428676,117,34.1293,34.9727,0.8434
300M,chip_178_497_merged.tif,0.6,2,585822045,117,34.3605,35.256,0.8955
300M,chip_178_497_merged.tif,0.6,3,105876527,117,34.1928,34.9725,0.7797
300M,chip_178_497_merged.tif,0.6,4,1872753544,117,34.0,34.9331,0.9331
300M,chip_178_497_merged.tif,0.8,0,963781998,156,33.8412,34.3629,0.5217
300M,chip_178_497_merged.tif,0.8,1,483836480,156,34.2578,34.4142,0.1565
300M,chip_178_497_merged.tif,0.8,2,103229849,156,33.8976,34.1882,0.2906
300M,chip_178_497_merged.tif,0.8,3,1870106866,156,33.9471,34.3102,0.3631
300M,chip_178_497_merged.tif,0.8,4,1390161348,156,34.0908,34.3369,0.2461
300M,chip_179_506_merged.tif,0.2,0,901203369,39,35.4618,38.5937,3.1319
300M,chip_179_506_merged.tif,0.2,1,520596738,39,36.3807,37.5253,1.1446
300M,chip_179_506_merged.tif,0.2,2,139990107,39,35.135,37.9265,2.7915
300M,chip_179_506_merged.tif,0.2,3,1807528237,39,37.0884,37.7401,0.6516
300M,chip_179_506_merged.tif,0.2,4,1426921606,39,36.8088,37.3918,0.583
300M,chip_179_506_merged.tif,0.4,0,740588036,78,36.6902,37.2693,0.579
300M,chip_179_506_merged.tif,0.4,1,359981405,78,36.1807,37.1756,0.9949
300M,chip_179_506_merged.tif,0.4,2,2027519535,78,35.0763,37.1482,2.0719
300M,chip_179_506_merged.tif,0.4,3,1646912904,78,36.181,37.5428,1.3618
300M,chip_179_506_merged.tif,0.4,4,1166967386,78,36.462,37.1124,0.6504
300M,chip_179_506_merged.tif,0.6,0,2144773477,117,35.3223,36.6258,1.3035
300M,chip_179_506_merged.tif,0.6,1,1764166846,117,35.1227,37.2426,2.1199
300M,chip_179_506_merged.tif,0.6,2,1284221328,117,35.2942,36.7853,1.4912
300M,chip_179_506_merged.tif,0.6,3,903614697,117,35.3768,36.1693,0.7925
300M,chip_179_506_merged.tif,0.6,4,423669179,117,35.0511,36.1399,1.0888
300M,chip_179_506_merged.tif,0.8,0,1662181281,156,35.2126,36.4721,1.2595
300M,chip_179_506_merged.tif,0.8,1,1281574650,156,34.745,36.1115,1.3665
300M,chip_179_506_merged.tif,0.8,2,900968019,156,35.4221,36.2152,0.7931
300M,chip_179_506_merged.tif,0.8,3,421022501,156,35.4764,35.9524,0.476
300M,chip_179_506_merged.tif,0.8,4,40415870,156,35.4931,36.1089,0.6158
300M,chip_179_579_merged.tif,0.2,0,2043830146,39,39.9461,41.697,1.7509
300M,chip_179_579_merged.tif,0.2,1,1563884628,39,40.8979,41.9263,1.0283
300M,chip_179_579_merged.tif,0.2,2,1183277997,39,41.4314,41.4765,0.0451
300M,chip_179_579_merged.tif,0.2,3,703332479,39,41.4312,41.564,0.1328
300M,chip_179_579_merged.tif,0.2,4,322725848,39,39.9372,42.6717,2.7345
300M,chip_179_579_merged.tif,0.4,0,978555076,78,40.5205,41.7292,1.2087
300M,chip_179_579_merged.tif,0.4,1,597948445,78,40.5196,41.5832,1.0636
300M,chip_179_579_merged.tif,0.4,2,118002927,78,41.0372,41.8043,0.767
300M,chip_179_579_merged.tif,0.4,3,1884879944,78,40.6541,41.1987,0.5446
300M,chip_179_579_merged.tif,0.4,4,1404934426,78,40.6536,41.7903,1.1367
300M,chip_179_579_merged.tif,0.6,0,1040577719,117,40.4865,41.0174,0.5309
300M,chip_179_579_merged.tif,0.6,1,659971088,117,40.6731,41.1311,0.458
300M,chip_179_579_merged.tif,0.6,2,279364457,117,40.7541,41.0709,0.3168
300M,chip_179_579_merged.tif,0.6,3,1946902587,117,40.7748,41.309,0.5342
300M,chip_179_579_merged.tif,0.6,4,1566295956,117,40.7669,41.9575,1.1906
300M,chip_179_579_merged.tif,0.8,0,657324410,156,40.4353,40.605,0.1697
300M,chip_179_579_merged.tif,0.8,1,177378892,156,40.7022,40.9694,0.2672
300M,chip_179_579_merged.tif,0.8,2,1944255909,156,40.7357,41.1818,0.4462
300M,chip_179_579_merged.tif,0.8,3,1464310391,156,40.687,40.833,0.146
300M,chip_179_579_merged.tif,0.8,4,1083703760,156,40.439,40.9702,0.5312
300M,chip_179_603_merged.tif,0.2,0,867274096,39,32.9396,35.4231,2.4835
300M,chip_179_603_merged.tif,0.2,1,486667465,39,33.1882,34.861,1.6728
300M,chip_179_603_merged.tif,0.2,2,6721947,39,33.6903,34.9763,1.286
300M,chip_179_603_merged.tif,0.2,3,1773598964,39,32.9264,34.3371,1.4106
300M,chip_179_603_merged.tif,0.2,4,1293653446,39,33.1877,34.1657,0.978
300M,chip_179_603_merged.tif,0.4,0,706658763,78,31.9325,34.0867,2.1541
300M,chip_179_603_merged.tif,0.4,1,226713245,78,32.0224,33.9377,1.9153
300M,chip_179_603_merged.tif,0.4,2,1993590262,78,30.6078,33.9225,3.3147
300M,chip_179_603_merged.tif,0.4,3,1612983631,78,32.3283,33.9675,1.6392
300M,chip_179_603_merged.tif,0.4,4,1133038113,78,33.107,34.0527,0.9456
300M,chip_179_603_merged.tif,0.6,0,2110844204,117,32.2687,33.9228,1.6541
300M,chip_179_603_merged.tif,0.6,1,1630898686,117,31.9918,33.3778,1.3859
300M,chip_179_603_merged.tif,0.6,2,1250292055,117,32.1381,33.3712,1.2331
300M,chip_179_603_merged.tif,0.6,3,869685424,117,32.1347,33.7149,1.5802
300M,chip_179_603_merged.tif,0.6,4,389739906,117,30.8524,32.9535,2.1012
300M,chip_179_603_merged.tif,0.8,0,1628252008,156,31.2264,32.0454,0.819
300M,chip_179_603_merged.tif,0.8,1,1247645377,156,31.8531,32.7508,0.8977
300M,chip_179_603_merged.tif,0.8,2,767699859,156,32.1818,31.8249,-0.3569
300M,chip_179_603_merged.tif,0.8,3,387093228,156,31.2556,32.2731,1.0174
300M,chip_179_603_merged.tif,0.8,4,2054631358,156,31.683,31.915,0.232
300M,chip_180_284_merged.tif,0.2,0,1610082073,39,34.3424,38.7849,4.4425
300M,chip_180_284_merged.tif,0.2,1,1130136555,39,36.3656,38.342,1.9764
300M,chip_180_284_merged.tif,0.2,2,749529924,39,35.6414,38.4995,2.8581
300M,chip_180_284_merged.tif,0.2,3,269584406,39,36.0892,37.9504,1.8611
300M,chip_180_284_merged.tif,0.2,4,2036461423,39,31.3752,37.9386,6.5633
300M,chip_180_284_merged.tif,0.4,0,544807003,78,31.6992,36.6465,4.9473
300M,chip_180_284_merged.tif,0.4,1,164200372,78,32.5101,37.2511,4.741
300M,chip_180_284_merged.tif,0.4,2,1831738502,78,33.7902,37.317,3.5268
300M,chip_180_284_merged.tif,0.4,3,1451131871,78,32.511,39.0055,6.4945
300M,chip_180_284_merged.tif,0.4,4,1070525240,78,33.7908,36.9326,3.1418
300M,chip_180_284_merged.tif,0.6,0,706168533,117,32.3804,35.8004,3.42
300M,chip_180_284_merged.tif,0.6,1,226223015,117,33.9153,34.4174,0.5021
300M,chip_180_284_merged.tif,0.6,2,1993100032,117,26.7475,37.183,10.4354
300M,chip_180_284_merged.tif,0.6,3,1513154514,117,33.0481,36.1322,3.0841
300M,chip_180_284_merged.tif,0.6,4,1132547883,117,30.9408,36.1683,5.2275
300M,chip_180_284_merged.tif,0.8,0,223576337,156,27.6807,33.2781,5.5974
300M,chip_180_284_merged.tif,0.8,1,1891114467,156,29.6288,33.6237,3.9949
300M,chip_180_284_merged.tif,0.8,2,1510507836,156,31.6602,32.0617,0.4015
300M,chip_180_284_merged.tif,0.8,3,1030562318,156,30.3981,31.3936,0.9955
300M,chip_180_284_merged.tif,0.8,4,649955687,156,31.646,33.471,1.825
300M,chip_180_460_merged.tif,0.2,0,1736567337,39,34.3144,37.5454,3.231
300M,chip_180_460_merged.tif,0.2,1,1355960706,39,33.7854,35.7952,2.0098
300M,chip_180_460_merged.tif,0.2,2,876015188,39,34.77,37.1697,2.3996
300M,chip_180_460_merged.tif,0.2,3,495408557,39,35.5949,36.3095,0.7146
300M,chip_180_460_merged.tif,0.2,4,114801926,39,34.3148,36.5875,2.2727
300M,chip_180_460_merged.tif,0.4,0,1575952004,78,33.6823,36.3907,2.7084
300M,chip_180_460_merged.tif,0.4,1,1195345373,78,34.1813,36.5422,2.3609
300M,chip_180_460_merged.tif,0.4,2,715399855,78,33.9844,36.4563,2.4718
300M,chip_180_460_merged.tif,0.4,3,334793224,78,33.8351,36.5448,2.7097
300M,chip_180_460_merged.tif,0.4,4,2002331354,78,33.0859,36.2845,3.1987
300M,chip_180_460_merged.tif,0.6,0,832653797,117,34.0513,35.3412,1.2899
300M,chip_180_460_merged.tif,0.6,1,452047166,117,34.027,35.9999,1.9729
300M,chip_180_460_merged.tif,0.6,2,2119585296,117,33.6354,35.2424,1.607
300M,chip_180_460_merged.tif,0.6,3,1738978665,117,33.6293,35.5259,1.8966
300M,chip_180_460_merged.tif,0.6,4,1259033147,117,33.4601,35.2432,1.783
300M,chip_180_460_merged.tif,0.8,0,350061601,156,33.2539,34.6296,1.3757
300M,chip_180_460_merged.tif,0.8,1,2116938618,156,33.8819,34.9185,1.0367
300M,chip_180_460_merged.tif,0.8,2,1636993100,156,33.0735,34.6509,1.5774
300M,chip_180_460_merged.tif,0.8,3,1256386469,156,33.8933,34.2609,0.3675
300M,chip_180_460_merged.tif,0.8,4,875779838,156,33.8288,34.1847,0.3558
300M,chip_181_264_merged.tif,0.2,0,1594587508,39,33.9688,38.1732,4.2044
300M,chip_181_264_merged.tif,0.2,1,1114641990,39,33.1656,39.1191,5.9536
300M,chip_181_264_merged.tif,0.2,2,734035359,39,33.1665,39.4597,6.2932
300M,chip_181_264_merged.tif,0.2,3,353428728,39,33.7153,40.0317,6.3164
300M,chip_181_264_merged.tif,0.2,4,2020966858,39,33.1143,38.2161,5.1018
300M,chip_181_264_merged.tif,0.4,0,1433972175,78,32.9209,38.1607,5.2397
300M,chip_181_264_merged.tif,0.4,1,954026657,78,31.8489,38.4968,6.648
300M,chip_181_264_merged.tif,0.4,2,573420026,78,32.2845,38.0892,5.8047
300M,chip_181_264_merged.tif,0.4,3,93474508,78,31.4363,39.0019,7.5656
300M,chip_181_264_merged.tif,0.4,4,1860351525,78,32.4836,38.8753,6.3917
300M,chip_181_264_merged.tif,0.6,0,690673968,117,30.8089,37.0014,6.1925
300M,chip_181_264_merged.tif,0.6,1,210728450,117,30.8803,36.9669,6.0867
300M,chip_181_264_merged.tif,0.6,2,1977605467,117,31.5107,36.6057,5.095
300M,chip_181_264_merged.tif,0.6,3,1497659949,117,31.5779,37.0203,5.4423
300M,chip_181_264_merged.tif,0.6,4,1117053318,117,31.6406,36.0067,4.3661
300M,chip_181_264_merged.tif,0.8,0,208081772,156,29.7286,35.1845,5.4558
300M,chip_181_264_merged.tif,0.8,1,1875619902,156,30.8554,34.9825,4.127
300M,chip_181_264_merged.tif,0.8,2,1495013271,156,29.6994,34.6891,4.9898
300M,chip_181_264_merged.tif,0.8,3,1114406640,156,31.1565,34.6889,3.5324
300M,chip_181_264_merged.tif,0.8,4,634461122,156,31.6593,33.5836,1.9243
300M,chip_181_353_merged.tif,0.2,0,1697036057,39,34.1277,36.873,2.7453
300M,chip_181_353_merged.tif,0.2,1,1316429426,39,32.5884,36.4223,3.8339
300M,chip_181_353_merged.tif,0.2,2,836483908,39,34.3964,36.4452,2.0488
300M,chip_181_353_merged.tif,0.2,3,455877277,39,34.492,36.803,2.3109
300M,chip_181_353_merged.tif,0.2,4,75270646,39,34.4749,36.8873,2.4124
300M,chip_181_353_merged.tif,0.4,0,1536420724,78,34.8143,36.3263,1.512
300M,chip_181_353_merged.tif,0.4,1,1155814093,78,34.4592,36.2677,1.8086
300M,chip_181_353_merged.tif,0.4,2,675868575,78,32.6968,36.0365,3.3396
300M,chip_181_353_merged.tif,0.4,3,295261944,78,33.5157,36.5691,3.0534
300M,chip_181_353_merged.tif,0.4,4,1962800074,78,34.0513,36.3585,2.3072
300M,chip_181_353_merged.tif,0.6,0,793122517,117,33.8087,34.658,0.8494
300M,chip_181_353_merged.tif,0.6,1,412515886,117,33.9118,35.2778,1.366
300M,chip_181_353_merged.tif,0.6,2,2080054016,117,32.6086,35.9065,3.2979
300M,chip_181_353_merged.tif,0.6,3,1699447385,117,34.0444,35.2985,1.2541
300M,chip_181_353_merged.tif,0.6,4,1219501867,117,33.5134,36.0297,2.5163
300M,chip_181_353_merged.tif,0.8,0,310530321,156,33.6927,34.7534,1.0607
300M,chip_181_353_merged.tif,0.8,1,2077407338,156,32.8899,34.1838,1.2939
300M,chip_181_353_merged.tif,0.8,2,1597461820,156,33.1035,34.1861,1.0826
300M,chip_181_353_merged.tif,0.8,3,1216855189,156,33.0516,34.6642,1.6125
300M,chip_181_353_merged.tif,0.8,4,836248558,156,32.6583,34.659,2.0007
300M,chip_181_413_merged.tif,0.2,0,2037697616,39,39.9306,40.763,0.8323
300M,chip_181_413_merged.tif,0.2,1,1657090985,39,39.4798,40.9302,1.4504
300M,chip_181_413_merged.tif,0.2,2,1276484354,39,40.2239,40.2774,0.0534
300M,chip_181_413_merged.tif,0.2,3,796538836,39,38.9668,40.1951,1.2283
300M,chip_181_413_merged.tif,0.2,4,415932205,39,39.4667,40.7686,1.3019
300M,chip_181_413_merged.tif,0.4,0,1877082283,78,39.1889,39.7454,0.5565
300M,chip_181_413_merged.tif,0.4,1,1496475652,78,39.3768,40.1679,0.7911
300M,chip_181_413_merged.tif,0.4,2,1016530134,78,39.2993,39.6637,0.3644
300M,chip_181_413_merged.tif,0.4,3,635923503,78,39.1891,40.2035,1.0144
300M,chip_181_413_merged.tif,0.4,4,155977985,78,37.5751,39.9623,2.3872
300M,chip_181_413_merged.tif,0.6,0,1133784076,117,38.7717,39.6778,0.9061
300M,chip_181_413_merged.tif,0.6,1,753177445,117,39.0583,39.7645,0.7062
300M,chip_181_413_merged.tif,0.6,2,273231927,117,39.3291,39.6416,0.3124
300M,chip_181_413_merged.tif,0.6,3,2040108944,117,37.3828,39.6903,2.3074
300M,chip_181_413_merged.tif,0.6,4,1659502313,117,39.2575,40.2306,0.9731
300M,chip_181_413_merged.tif,0.8,0,651191880,156,38.8128,38.4776,-0.3352
300M,chip_181_413_merged.tif,0.8,1,270585249,156,37.7437,38.7651,1.0213
300M,chip_181_413_merged.tif,0.8,2,2037462266,156,37.7298,39.1755,1.4457
300M,chip_181_413_merged.tif,0.8,3,1557516748,156,39.1547,39.3847,0.23
300M,chip_181_413_merged.tif,0.8,4,1176910117,156,39.1778,39.2445,0.0667
300M,chip_181_605_merged.tif,0.2,0,139285765,39,30.2511,32.8134,2.5623
300M,chip_181_605_merged.tif,0.2,1,1906162782,39,33.4747,34.9409,1.4662
300M,chip_181_605_merged.tif,0.2,2,1426217264,39,28.6979,35.093,6.3951
300M,chip_181_605_merged.tif,0.2,3,1045610633,39,27.6736,34.7754,7.1018
300M,chip_181_605_merged.tif,0.2,4,565665115,39,27.6736,34.3931,6.7195
300M,chip_181_605_merged.tif,0.4,0,1221494343,78,31.4693,34.1348,2.6655
300M,chip_181_605_merged.tif,0.4,1,840887712,78,28.7029,34.0786,5.3757
300M,chip_181_605_merged.tif,0.4,2,460281081,78,30.7227,34.658,3.9352
300M,chip_181_605_merged.tif,0.4,3,2127819211,78,32.5789,33.799,1.2201
300M,chip_181_605_merged.tif,0.4,4,1747212580,78,30.5002,34.1471,3.647
300M,chip_181_605_merged.tif,0.6,0,577535023,117,26.2728,33.3175,7.0447
300M,chip_181_605_merged.tif,0.6,1,97589505,117,29.865,32.1279,2.2629
300M,chip_181_605_merged.tif,0.6,2,1864466522,117,27.3737,33.7583,6.3846
300M,chip_181_605_merged.tif,0.6,3,1384521004,117,29.81,32.8535,3.0434
300M,chip_181_605_merged.tif,0.6,4,1003914373,117,29.7897,32.8392,3.0495
300M,chip_181_605_merged.tif,0.8,0,94942827,156,29.9893,31.0823,1.0931
300M,chip_181_605_merged.tif,0.8,1,1762480957,156,28.3075,31.4965,3.189
300M,chip_181_605_merged.tif,0.8,2,1381874326,156,30.0289,31.8752,1.8462
300M,chip_181_605_merged.tif,0.8,3,901928808,156,28.3277,31.8375,3.5098
300M,chip_181_605_merged.tif,0.8,4,521322177,156,28.29,32.0777,3.7876
300M,chip_181_606_merged.tif,0.2,0,257932665,39,34.1183,34.7462,0.6279
300M,chip_181_606_merged.tif,0.2,1,2024809682,39,31.3455,35.2672,3.9217
300M,chip_181_606_merged.tif,0.2,2,1544864164,39,32.9137,33.2428,0.3291
300M,chip_181_606_merged.tif,0.2,3,1164257533,39,31.6848,34.937,3.2522
300M,chip_181_606_merged.tif,0.2,4,684312015,39,33.6163,34.7402,1.1239
300M,chip_181_606_merged.tif,0.4,0,1340141243,78,32.0677,34.1138,2.0461
300M,chip_181_606_merged.tif,0.4,1,959534612,78,31.5113,33.6235,2.1122
300M,chip_181_606_merged.tif,0.4,2,578927981,78,31.8424,34.9068,3.0644
300M,chip_181_606_merged.tif,0.4,3,98982463,78,31.6233,34.3073,2.684
300M,chip_181_606_merged.tif,0.4,4,1865859480,78,31.6257,35.2426,3.6169
300M,chip_181_606_merged.tif,0.6,0,1501502773,117,31.0667,34.2113,3.1446
300M,chip_181_606_merged.tif,0.6,1,1021557255,117,31.3431,33.6832,2.3401
300M,chip_181_606_merged.tif,0.6,2,640950624,117,31.6209,33.4171,1.7963
300M,chip_181_606_merged.tif,0.6,3,161005106,117,31.3557,34.1565,2.8008
300M,chip_181_606_merged.tif,0.6,4,1927882123,117,31.4134,33.589,2.1756
300M,chip_181_606_merged.tif,0.8,0,1018910577,156,31.3033,32.3525,1.0492
300M,chip_181_606_merged.tif,0.8,1,638303946,156,31.1674,33.1812,2.0138
300M,chip_181_606_merged.tif,0.8,2,158358428,156,31.3036,32.6734,1.3698
300M,chip_181_606_merged.tif,0.8,3,1925235445,156,30.996,31.5133,0.5172
300M,chip_181_606_merged.tif,0.8,4,1445289927,156,31.4713,32.5727,1.1014
300M,chip_182_579_merged.tif,0.2,0,1871583934,39,39.8019,41.5663,1.7645
300M,chip_182_579_merged.tif,0.2,1,1391638416,39,37.6932,41.6653,3.9722
300M,chip_182_579_merged.tif,0.2,2,1011031785,39,38.6581,41.3528,2.6946
300M,chip_182_579_merged.tif,0.2,3,531086267,39,39.8029,41.4071,1.6042
300M,chip_182_579_merged.tif,0.2,4,150479636,39,39.0054,41.3529,2.3476
300M,chip_182_579_merged.tif,0.4,0,1611629714,78,38.2299,40.5991,2.3692
300M,chip_182_579_merged.tif,0.4,1,1231023083,78,38.1766,41.2008,3.0242
300M,chip_182_579_merged.tif,0.4,2,751077565,78,37.8359,41.0865,3.2506
300M,chip_182_579_merged.tif,0.4,3,370470934,78,38.6162,40.5782,1.962
300M,chip_182_579_merged.tif,0.4,4,2137347951,78,38.3056,40.8995,2.5939
300M,chip_182_579_merged.tif,0.6,0,868331507,117,37.8029,39.9816,2.1787
300M,chip_182_579_merged.tif,0.6,1,487724876,117,37.8113,40.217,2.4056
300M,chip_182_579_merged.tif,0.6,2,7779358,117,37.7511,39.3678,1.6166
300M,chip_182_579_merged.tif,0.6,3,1774656375,117,38.1122,40.6706,2.5583
300M,chip_182_579_merged.tif,0.6,4,1394049744,117,38.0119,39.9092,1.8972
300M,chip_182_579_merged.tif,0.8,0,385739311,156,37.7495,39.4296,1.6801
300M,chip_182_579_merged.tif,0.8,1,5132680,156,37.1663,39.6206,2.4543
300M,chip_182_579_merged.tif,0.8,2,1772009697,156,37.1804,39.2953,2.1148
300M,chip_182_579_merged.tif,0.8,3,1292064179,156,38.5727,39.6292,1.0565
300M,chip_182_579_merged.tif,0.8,4,911457548,156,37.7453,39.8505,2.1052
300M,chip_182_606_merged.tif,0.2,0,1969783317,39,32.7597,34.7641,2.0044
300M,chip_182_606_merged.tif,0.2,1,1489837799,39,32.7674,33.4966,0.7292
300M,chip_182_606_merged.tif,0.2,2,1109231168,39,35.3125,34.9646,-0.348
300M,chip_182_606_merged.tif,0.2,3,629285650,39,32.4777,35.3406,2.8628
300M,chip_182_606_merged.tif,0.2,4,248679019,39,32.1939,35.2925,3.0986
300M,chip_182_606_merged.tif,0.4,0,904508247,78,31.9128,33.835,1.9222
300M,chip_182_606_merged.tif,0.4,1,523901616,78,33.1674,34.2444,1.077
300M,chip_182_606_merged.tif,0.4,2,43956098,78,32.0979,34.5942,2.4963
300M,chip_182_606_merged.tif,0.4,3,1810833115,78,31.777,34.7593,2.9824
300M,chip_182_606_merged.tif,0.4,4,1330887597,78,31.5071,34.5305,3.0234
300M,chip_182_606_merged.tif,0.6,0,966530890,117,31.7483,34.1995,2.4512
300M,chip_182_606_merged.tif,0.6,1,585924259,117,32.3512,33.7945,1.4433
300M,chip_182_606_merged.tif,0.6,2,105978741,117,31.7436,33.878,2.1344
300M,chip_182_606_merged.tif,0.6,3,1872855758,117,32.5897,33.7256,1.1359
300M,chip_182_606_merged.tif,0.6,4,1492249127,117,31.7406,33.4657,1.7251
300M,chip_182_606_merged.tif,0.8,0,583277581,156,32.6304,33.2255,0.595
300M,chip_182_606_merged.tif,0.8,1,103332063,156,32.3716,32.6941,0.3225
300M,chip_182_606_merged.tif,0.8,2,1870209080,156,32.1253,33.3974,1.2721
300M,chip_182_606_merged.tif,0.8,3,1390263562,156,32.6892,32.692,0.0028
300M,chip_182_606_merged.tif,0.8,4,1009656931,156,32.1191,33.0131,0.8939
300M,chip_183_237_merged.tif,0.2,0,1337241483,39,30.7943,33.891,3.0968
300M,chip_183_237_merged.tif,0.2,1,857295965,39,30.5489,33.6464,3.0975
300M,chip_183_237_merged.tif,0.2,2,476689334,39,32.2758,33.3117,1.0359
300M,chip_183_237_merged.tif,0.2,3,96082703,39,33.5687,34.3998,0.8311
300M,chip_183_237_merged.tif,0.2,4,1763620833,39,31.6336,33.5119,1.8783
300M,chip_183_237_merged.tif,0.4,0,271966413,78,31.9114,33.5302,1.6188
300M,chip_183_237_merged.tif,0.4,1,2038843430,78,31.9526,33.0817,1.129
300M,chip_183_237_merged.tif,0.4,2,1558897912,78,31.2251,33.4122,2.1871
300M,chip_183_237_merged.tif,0.4,3,1178291281,78,31.2694,33.3781,2.1087
300M,chip_183_237_merged.tif,0.4,4,797684650,78,31.2252,33.5985,2.3733
300M,chip_183_237_merged.tif,0.6,0,433327943,117,32.2883,32.4896,0.2013
300M,chip_183_237_merged.tif,0.6,1,2100866073,117,30.9778,33.1824,2.2046
300M,chip_183_237_merged.tif,0.6,2,1720259442,117,32.2904,33.0059,0.7155
300M,chip_183_237_merged.tif,0.6,3,1240313924,117,31.6303,32.2374,0.6071
300M,chip_183_237_merged.tif,0.6,4,859707293,117,31.6307,32.7911,1.1604
300M,chip_183_237_merged.tif,0.8,0,2098219395,156,31.6507,32.1352,0.4845
300M,chip_183_237_merged.tif,0.8,1,1618273877,156,31.625,32.2035,0.5785
300M,chip_183_237_merged.tif,0.8,2,1237667246,156,31.2501,31.9315,0.6814
300M,chip_183_237_merged.tif,0.8,3,857060615,156,31.5966,31.8935,0.2969
300M,chip_183_237_merged.tif,0.8,4,377115097,156,31.3016,32.5892,1.2877
300M,chip_183_520_merged.tif,0.2,0,2130881803,39,36.8092,37.5731,0.7639
300M,chip_183_520_merged.tif,0.2,1,1650936285,39,36.7749,37.5093,0.7344
300M,chip_183_520_merged.tif,0.2,2,1270329654,39,36.8312,37.3611,0.5299
300M,chip_183_520_merged.tif,0.2,3,790384136,39,35.258,38.3044,3.0464
300M,chip_183_520_merged.tif,0.2,4,409777505,39,37.142,37.2988,0.1569
300M,chip_183_520_merged.tif,0.4,0,1065606733,78,36.6766,37.3878,0.7112
300M,chip_183_520_merged.tif,0.4,1,685000102,78,36.2396,37.4663,1.2268
300M,chip_183_520_merged.tif,0.4,2,205054584,78,35.7442,37.6014,1.8571
300M,chip_183_520_merged.tif,0.4,3,1971931601,78,36.7997,37.4255,0.6258
300M,chip_183_520_merged.tif,0.4,4,1591324970,78,35.294,37.2523,1.9582
300M,chip_183_520_merged.tif,0.6,0,1127629376,117,36.115,36.7548,0.6398
300M,chip_183_520_merged.tif,0.6,1,747022745,117,35.958,36.8189,0.8608
300M,chip_183_520_merged.tif,0.6,2,366416114,117,35.8847,37.5686,1.6839
300M,chip_183_520_merged.tif,0.6,3,2033954244,117,36.3323,36.5724,0.2401
300M,chip_183_520_merged.tif,0.6,4,1653347613,117,35.8411,36.6046,0.7635
300M,chip_183_520_merged.tif,0.8,0,744376067,156,35.347,36.3421,0.9951
300M,chip_183_520_merged.tif,0.8,1,264430549,156,35.3487,36.1974,0.8487
300M,chip_183_520_merged.tif,0.8,2,2031307566,156,35.3832,35.9994,0.6162
300M,chip_183_520_merged.tif,0.8,3,1551362048,156,35.3361,36.1782,0.8422
300M,chip_183_520_merged.tif,0.8,4,1170755417,156,35.3342,36.4895,1.1553
300M,chip_183_606_merged.tif,0.2,0,1434585928,39,34.9558,35.7369,0.7811
300M,chip_183_606_merged.tif,0.2,1,1053979297,39,32.7512,36.1251,3.3739
300M,chip_183_606_merged.tif,0.2,2,574033779,39,33.9961,35.7606,1.7645
300M,chip_183_606_merged.tif,0.2,3,193427148,39,33.2852,35.4747,2.1895
300M,chip_183_606_merged.tif,0.2,4,1960304165,39,33.0023,35.296,2.2938
300M,chip_183_606_merged.tif,0.4,0,1273970595,78,32.811,34.8604,2.0494
300M,chip_183_606_merged.tif,0.4,1,893363964,78,32.9862,35.6073,2.6211
300M,chip_183_606_merged.tif,0.4,2,413418446,78,32.374,35.754,3.38
300M,chip_183_606_merged.tif,0.4,3,32811815,78,33.442,35.4519,2.01
300M,chip_183_606_merged.tif,0.4,4,1700349945,78,33.5192,35.8925,2.3732
300M,chip_183_606_merged.tif,0.6,0,1383611251,117,32.2648,34.801,2.5362
300M,chip_183_606_merged.tif,0.6,1,903665733,117,32.2642,34.1618,1.8976
300M,chip_183_606_merged.tif,0.6,2,523059102,117,32.5959,34.3777,1.7819
300M,chip_183_606_merged.tif,0.6,3,142452471,117,32.7996,34.6369,1.8373
300M,chip_183_606_merged.tif,0.6,4,1809990601,117,32.2603,34.3956,2.1353
300M,chip_183_606_merged.tif,0.8,0,48080192,156,32.6894,33.3771,0.6878
300M,chip_183_606_merged.tif,0.8,1,1814957209,156,32.7889,33.7627,0.9739
300M,chip_183_606_merged.tif,0.8,2,1335011691,156,32.1764,33.6933,1.5169
300M,chip_183_606_merged.tif,0.8,3,954405060,156,32.1707,33.55,1.3793
300M,chip_183_606_merged.tif,0.8,4,573798429,156,32.5577,33.9343,1.3766
300M,chip_185_305_merged.tif,0.2,0,1514485442,39,35.0748,37.994,2.9192
300M,chip_185_305_merged.tif,0.2,1,1034539924,39,36.2937,37.599,1.3053
300M,chip_185_305_merged.tif,0.2,2,653933293,39,38.2379,39.1163,0.8784
300M,chip_185_305_merged.tif,0.2,3,173987775,39,35.1545,38.0096,2.8551
300M,chip_185_305_merged.tif,0.2,4,1940864792,39,35.257,38.389,3.132
300M,chip_185_305_merged.tif,0.4,0,1254531222,78,35.9782,36.2829,0.3047
300M,chip_185_305_merged.tif,0.4,1,873924591,78,35.269,38.1711,2.9021
300M,chip_185_305_merged.tif,0.4,2,393979073,78,35.9788,37.5942,1.6154
300M,chip_185_305_merged.tif,0.4,3,13372442,78,35.6606,38.0097,2.3491
300M,chip_185_305_merged.tif,0.4,4,1780249459,78,35.2691,37.3074,2.0383
300M,chip_185_305_merged.tif,0.6,0,511233015,117,33.9954,36.372,2.3765
300M,chip_185_305_merged.tif,0.6,1,130626384,117,34.2861,37.0243,2.7382
300M,chip_185_305_merged.tif,0.6,2,1897503401,117,33.4821,36.5885,3.1064
300M,chip_185_305_merged.tif,0.6,3,1417557883,117,33.4595,36.5517,3.0922
300M,chip_185_305_merged.tif,0.6,4,1036951252,117,34.4032,36.4812,2.078
300M,chip_185_305_merged.tif,0.8,0,127979706,156,33.6647,34.9265,1.2618
300M,chip_185_305_merged.tif,0.8,1,1795517836,156,33.2087,34.5427,1.334
300M,chip_185_305_merged.tif,0.8,2,1414911205,156,33.3268,35.6196,2.2928
300M,chip_185_305_merged.tif,0.8,3,934965687,156,33.7843,34.6991,0.9148
300M,chip_185_305_merged.tif,0.8,4,554359056,156,33.2947,34.1801,0.8854
300M,chip_185_368_merged.tif,0.2,0,1177020618,39,33.4639,34.3683,0.9044
300M,chip_185_368_merged.tif,0.2,1,796413987,39,32.477,34.2265,1.7495
300M,chip_185_368_merged.tif,0.2,2,316468469,39,31.8574,34.1136,2.2562
300M,chip_185_368_merged.tif,0.2,3,2083345486,39,30.6255,34.5546,3.9291
300M,chip_185_368_merged.tif,0.2,4,1603399968,39,33.9451,34.7943,0.8492
300M,chip_185_368_merged.tif,0.4,0,1016405285,78,32.4194,33.8291,1.4097
300M,chip_185_368_merged.tif,0.4,1,536459767,78,31.3732,33.711,2.3378
300M,chip_185_368_merged.tif,0.4,2,155853136,78,32.4194,34.5318,2.1124
300M,chip_185_368_merged.tif,0.4,3,1922730153,78,32.2516,34.0429,1.7913
300M,chip_185_368_merged.tif,0.4,4,1442784635,78,31.3727,33.9911,2.6184
300M,chip_185_368_merged.tif,0.6,0,273107078,117,31.6366,33.2112,1.5746
300M,chip_185_368_merged.tif,0.6,1,2039984095,117,31.591,33.6917,2.1006
300M,chip_185_368_merged.tif,0.6,2,1560038577,117,31.7193,32.9248,1.2055
300M,chip_185_368_merged.tif,0.6,3,1179431946,117,32.2015,33.129,0.9275
300M,chip_185_368_merged.tif,0.6,4,699486428,117,31.7613,33.4193,1.658
300M,chip_185_368_merged.tif,0.8,0,1937998530,156,31.0531,32.1551,1.102
300M,chip_185_368_merged.tif,0.8,1,1557391899,156,31.2437,32.2469,1.0032
300M,chip_185_368_merged.tif,0.8,2,1077446381,156,31.2523,32.3896,1.1373
300M,chip_185_368_merged.tif,0.8,3,696839750,156,31.0622,32.4078,1.3455
300M,chip_185_368_merged.tif,0.8,4,216894232,156,31.3491,32.3011,0.952
300M,chip_185_399_merged.tif,0.2,0,1437527277,39,32.3005,34.3166,2.0162
300M,chip_185_399_merged.tif,0.2,1,957581759,39,32.5743,34.7966,2.2223
300M,chip_185_399_merged.tif,0.2,2,576975128,39,32.4474,34.0133,1.5659
300M,chip_185_399_merged.tif,0.2,3,196368497,39,33.3184,35.2229,1.9045
300M,chip_185_399_merged.tif,0.2,4,1863906627,39,33.8734,35.021,1.1475
300M,chip_185_399_merged.tif,0.4,0,1276911944,78,32.4006,34.5903,2.1897
300M,chip_185_399_merged.tif,0.4,1,796966426,78,32.4007,34.1372,1.7365
300M,chip_185_399_merged.tif,0.4,2,416359795,78,32.5822,34.2249,1.6426
300M,chip_185_399_merged.tif,0.4,3,2083897925,78,32.3353,34.7465,2.4112
300M,chip_185_399_merged.tif,0.4,4,1703291294,78,32.3048,34.2005,1.8957
300M,chip_185_399_merged.tif,0.6,0,533613737,117,32.0781,33.638,1.5599
300M,chip_185_399_merged.tif,0.6,1,53668219,117,32.1895,33.7342,1.5447
300M,chip_185_399_merged.tif,0.6,2,1820545236,117,31.9903,33.408,1.4177
300M,chip_185_399_merged.tif,0.6,3,1340599718,117,32.3694,33.9267,1.5573
300M,chip_185_399_merged.tif,0.6,4,959993087,117,32.3598,33.6642,1.3044
300M,chip_185_399_merged.tif,0.8,0,51021541,156,31.6733,32.7106,1.0372
300M,chip_185_399_merged.tif,0.8,1,1718559671,156,32.014,32.5068,0.4927
300M,chip_185_399_merged.tif,0.8,2,1337953040,156,31.7777,32.66,0.8823
300M,chip_185_399_merged.tif,0.8,3,957346409,156,31.8606,32.6576,0.797
300M,chip_185_399_merged.tif,0.8,4,477400891,156,31.7875,32.6983,0.9108
300M,chip_185_408_merged.tif,0.2,0,1888260160,39,40.3027,38.9587,-1.344
300M,chip_185_408_merged.tif,0.2,1,1507653529,39,40.4973,38.9613,-1.536
300M,chip_185_408_merged.tif,0.2,2,1127046898,39,38.4145,39.3837,0.9692
300M,chip_185_408_merged.tif,0.2,3,647101380,39,38.1733,39.9163,1.743
300M,chip_185_408_merged.tif,0.2,4,266494749,39,37.9112,37.6822,-0.229
300M,chip_185_408_merged.tif,0.4,0,1727644827,78,39.2845,38.819,-0.4655
300M,chip_185_408_merged.tif,0.4,1,1347038196,78,37.8622,38.5376,0.6754
300M,chip_185_408_merged.tif,0.4,2,867092678,78,37.9401,39.6938,1.7536
300M,chip_185_408_merged.tif,0.4,3,486486047,78,38.671,39.257,0.586
300M,chip_185_408_merged.tif,0.4,4,6540529,78,39.7148,39.413,-0.3018
300M,chip_185_408_merged.tif,0.6,0,984346620,117,38.892,39.0678,0.1758
300M,chip_185_408_merged.tif,0.6,1,603739989,117,37.6615,38.7848,1.1233
300M,chip_185_408_merged.tif,0.6,2,123794471,117,38.455,39.152,0.697
300M,chip_185_408_merged.tif,0.6,3,1890671488,117,37.7665,39.1869,1.4204
300M,chip_185_408_merged.tif,0.6,4,1510064857,117,38.4352,39.3926,0.9574
300M,chip_185_408_merged.tif,0.8,0,501754424,156,37.9376,38.042,0.1044
300M,chip_185_408_merged.tif,0.8,1,121147793,156,38.3072,38.9079,0.6007
300M,chip_185_408_merged.tif,0.8,2,1888024810,156,38.4687,38.3698,-0.0989
300M,chip_185_408_merged.tif,0.8,3,1408079292,156,38.4948,38.8966,0.4018
300M,chip_185_408_merged.tif,0.8,4,1027472661,156,37.4818,38.3502,0.8684
300M,chip_186_265_merged.tif,0.2,0,1550334370,39,34.4776,38.1859,3.7083
300M,chip_186_265_merged.tif,0.2,1,1169727739,39,35.2132,37.7609,2.5476
300M,chip_186_265_merged.tif,0.2,2,689782221,39,33.9419,36.1726,2.2307
300M,chip_186_265_merged.tif,0.2,3,309175590,39,35.4294,37.4591,2.0297
300M,chip_186_265_merged.tif,0.2,4,1976713720,39,34.8958,38.0424,3.1466
300M,chip_186_265_merged.tif,0.4,0,584398187,78,30.8108,37.4375,6.6267
300M,chip_186_265_merged.tif,0.4,1,104452669,78,33.7198,37.5914,3.8716
300M,chip_186_265_merged.tif,0.4,2,1871329686,78,34.7084,37.0957,2.3873
300M,chip_186_265_merged.tif,0.4,3,1391384168,78,33.9864,36.7783,2.7919
300M,chip_186_265_merged.tif,0.4,4,1010777537,78,32.4543,36.9255,4.4712
300M,chip_186_265_merged.tif,0.6,0,646420830,117,33.9421,34.8934,0.9513
300M,chip_186_265_merged.tif,0.6,1,166475312,117,32.7857,36.1666,3.3809
300M,chip_186_265_merged.tif,0.6,2,1933352329,117,33.3657,35.3585,1.9928
300M,chip_186_265_merged.tif,0.6,3,1552745698,117,32.5261,36.7035,4.1774
300M,chip_186_265_merged.tif,0.6,4,1072800180,117,31.6946,35.9069,4.2123
300M,chip_186_265_merged.tif,0.8,0,163828634,156,32.6715,34.4314,1.7599
300M,chip_186_265_merged.tif,0.8,1,1930705651,156,32.7509,34.2695,1.5186
300M,chip_186_265_merged.tif,0.8,2,1450760133,156,32.2104,34.3471,2.1367
300M,chip_186_265_merged.tif,0.8,3,1070153502,156,32.2276,33.9585,1.7309
300M,chip_186_265_merged.tif,0.8,4,590207984,156,32.6346,35.0122,2.3776
300M,chip_186_488_merged.tif,0.2,0,1931733731,39,34.1667,36.4018,2.235
300M,chip_186_488_merged.tif,0.2,1,1551127100,39,34.255,36.0182,1.7632
300M,chip_186_488_merged.tif,0.2,2,1071181582,39,32.9766,35.5532,2.5766
300M,chip_186_488_merged.tif,0.2,3,690574951,39,34.4084,35.9859,1.5775
300M,chip_186_488_merged.tif,0.2,4,210629433,39,33.1423,36.0459,2.9037
300M,chip_186_488_merged.tif,0.4,0,866458661,78,33.4688,35.2602,1.7913
300M,chip_186_488_merged.tif,0.4,1,485852030,78,32.5323,35.2396,2.7073
300M,chip_186_488_merged.tif,0.4,2,105245399,78,33.1684,35.2349,2.0665
300M,chip_186_488_merged.tif,0.4,3,1772783529,78,33.5541,34.7031,1.149
300M,chip_186_488_merged.tif,0.4,4,1392176898,78,33.7184,35.6012,1.8828
300M,chip_186_488_merged.tif,0.6,0,1027820191,117,32.6739,34.5766,1.9026
300M,chip_186_488_merged.tif,0.6,1,547874673,117,33.3166,34.4273,1.1107
300M,chip_186_488_merged.tif,0.6,2,167268042,117,32.6441,33.7551,1.111
300M,chip_186_488_merged.tif,0.6,3,1934145059,117,32.3965,34.2633,1.8668
300M,chip_186_488_merged.tif,0.6,4,1454199541,117,32.387,34.7121,2.3251
300M,chip_186_488_merged.tif,0.8,0,545227995,156,33.0583,33.569,0.5106
300M,chip_186_488_merged.tif,0.8,1,164621364,156,32.9136,33.7412,0.8276
300M,chip_186_488_merged.tif,0.8,2,1832159494,156,32.6187,33.2445,0.6258
300M,chip_186_488_merged.tif,0.8,3,1451552863,156,32.156,33.5137,1.3577
300M,chip_186_488_merged.tif,0.8,4,971607345,156,32.1456,33.6074,1.4618
300M,chip_188_404_merged.tif,0.2,0,2079205349,39,38.5735,41.095,2.5215
300M,chip_188_404_merged.tif,0.2,1,1599259831,39,36.974,40.3289,3.3549
300M,chip_188_404_merged.tif,0.2,2,1218653200,39,39.3076,40.9832,1.6756
300M,chip_188_404_merged.tif,0.2,3,838046569,39,38.8112,37.2713,-1.5399
300M,chip_188_404_merged.tif,0.2,4,358101051,39,38.2462,40.8591,2.6129
300M,chip_188_404_merged.tif,0.4,0,1013930279,78,37.5782,40.0603,2.4821
300M,chip_188_404_merged.tif,0.4,1,633323648,78,38.9246,39.3222,0.3976
300M,chip_188_404_merged.tif,0.4,2,252717017,78,37.5779,40.3525,2.7746
300M,chip_188_404_merged.tif,0.4,3,1920255147,78,39.5125,40.2655,0.753
300M,chip_188_404_merged.tif,0.4,4,1539648516,78,39.9754,40.7193,0.7439
300M,chip_188_404_merged.tif,0.6,0,1928891785,117,38.941,40.0808,1.1398
300M,chip_188_404_merged.tif,0.6,1,1548285154,117,39.1995,39.7003,0.5007
300M,chip_188_404_merged.tif,0.6,2,1167678523,117,38.348,40.0362,1.6882
300M,chip_188_404_merged.tif,0.6,3,687733005,117,38.8011,39.8875,1.0864
300M,chip_188_404_merged.tif,0.6,4,307126374,117,39.0321,39.9289,0.8968
300M,chip_188_404_merged.tif,0.8,0,692699613,156,38.3554,38.6485,0.2931
300M,chip_188_404_merged.tif,0.8,1,212754095,156,38.3797,38.3557,-0.024
300M,chip_188_404_merged.tif,0.8,2,1979631112,156,38.3987,38.5356,0.1369
300M,chip_188_404_merged.tif,0.8,3,1599024481,156,38.3674,38.3449,-0.0225
300M,chip_188_404_merged.tif,0.8,4,1119078963,156,38.6762,38.7018,0.0256
300M,chip_191_403_merged.tif,0.2,0,1262211466,39,33.6387,35.8556,2.2169
300M,chip_191_403_merged.tif,0.2,1,881604835,39,34.2264,36.1061,1.8797
300M,chip_191_403_merged.tif,0.2,2,401659317,39,32.5819,34.7223,2.1405
300M,chip_191_403_merged.tif,0.2,3,21052686,39,33.752,35.7578,2.0058
300M,chip_191_403_merged.tif,0.2,4,1688590816,39,35.1015,35.1326,0.0312
300M,chip_191_403_merged.tif,0.4,0,1101596133,78,32.3835,34.2131,1.8296
300M,chip_191_403_merged.tif,0.4,1,621650615,78,33.3986,35.2656,1.8671
300M,chip_191_403_merged.tif,0.4,2,241043984,78,32.384,34.4055,2.0215
300M,chip_191_403_merged.tif,0.4,3,2007921001,78,33.3983,34.8986,1.5002
300M,chip_191_403_merged.tif,0.4,4,1527975483,78,33.4103,33.8737,0.4634
300M,chip_191_403_merged.tif,0.6,0,358297926,117,31.8059,34.2714,2.4655
300M,chip_191_403_merged.tif,0.6,1,2025836056,117,32.8152,34.7171,1.902
300M,chip_191_403_merged.tif,0.6,2,1645229425,117,32.7401,34.3883,1.6482
300M,chip_191_403_merged.tif,0.6,3,1264622794,117,32.878,34.2624,1.3844
300M,chip_191_403_merged.tif,0.6,4,784677276,117,32.8194,34.393,1.5736
300M,chip_191_403_merged.tif,0.8,0,2023189378,156,32.5326,32.9987,0.4661
300M,chip_191_403_merged.tif,0.8,1,1642582747,156,32.0941,33.7323,1.6382
300M,chip_191_403_merged.tif,0.8,2,1162637229,156,32.1109,33.2384,1.1275
300M,chip_191_403_merged.tif,0.8,3,782030598,156,32.6371,33.4561,0.819
300M,chip_191_403_merged.tif,0.8,4,302085080,156,32.5654,32.6402,0.0749
300M,chip_193_311_merged.tif,0.2,0,143266649,39,33.525,36.674,3.1491
300M,chip_193_311_merged.tif,0.2,1,1910143666,39,34.8323,35.3347,0.5025
300M,chip_193_311_merged.tif,0.2,2,1430198148,39,31.3445,35.7814,4.4369
300M,chip_193_311_merged.tif,0.2,3,1049591517,39,33.1363,35.5016,2.3652
300M,chip_193_311_merged.tif,0.2,4,569645999,39,34.2023,35.4872,1.285
300M,chip_193_311_merged.tif,0.4,0,2130134964,78,31.6653,35.0002,3.3349
300M,chip_193_311_merged.tif,0.4,1,1650189446,78,33.2792,35.4278,2.1486
300M,chip_193_311_merged.tif,0.4,2,1269582815,78,32.7709,35.4317,2.6608
300M,chip_193_311_merged.tif,0.4,3,789637297,78,33.4074,35.6225,2.2151
300M,chip_193_311_merged.tif,0.4,4,409030666,78,32.6981,34.9677,2.2696
300M,chip_193_311_merged.tif,0.6,0,1386836757,117,32.6033,34.2016,1.5983
300M,chip_193_311_merged.tif,0.6,1,906891239,117,30.6895,34.6906,4.0011
300M,chip_193_311_merged.tif,0.6,2,526284608,117,31.8415,34.9004,3.0589
300M,chip_193_311_merged.tif,0.6,3,46339090,117,32.6242,33.9121,1.2879
300M,chip_193_311_merged.tif,0.6,4,1813216107,117,33.3575,34.7224,1.3649
300M,chip_193_311_merged.tif,0.8,0,904244561,156,31.7939,33.3741,1.5802
300M,chip_193_311_merged.tif,0.8,1,424299043,156,31.5682,33.1521,1.5839
300M,chip_193_311_merged.tif,0.8,2,43692412,156,31.2669,33.1725,1.9057
300M,chip_193_311_merged.tif,0.8,3,1810569429,156,31.8485,33.2399,1.3914
300M,chip_193_311_merged.tif,0.8,4,1330623911,156,31.6578,33.8643,2.2066
300M,chip_193_314_merged.tif,0.2,0,1712694949,39,32.7911,34.911,2.1199
300M,chip_193_314_merged.tif,0.2,1,1332088318,39,34.206,36.7383,2.5323
300M,chip_193_314_merged.tif,0.2,2,951481687,39,32.7904,35.7221,2.9317
300M,chip_193_314_merged.tif,0.2,3,471536169,39,34.9827,36.984,2.0013
300M,chip_193_314_merged.tif,0.2,4,90929538,39,33.8864,35.9033,2.0169
300M,chip_193_314_merged.tif,0.4,0,1552079616,78,32.9492,35.4461,2.4969
300M,chip_193_314_merged.tif,0.4,1,1171472985,78,25.8416,35.2978,9.4562
300M,chip_193_314_merged.tif,0.4,2,691527467,78,32.5686,35.7145,3.1459
300M,chip_193_314_merged.tif,0.4,3,310920836,78,32.301,35.7444,3.4434
300M,chip_193_314_merged.tif,0.4,4,2077797853,78,33.4237,35.2392,1.8155
300M,chip_193_314_merged.tif,0.6,0,808781409,117,32.1154,34.4826,2.3672
300M,chip_193_314_merged.tif,0.6,1,428174778,117,33.335,34.6624,1.3274
300M,chip_193_314_merged.tif,0.6,2,2095712908,117,32.386,34.7711,2.385
300M,chip_193_314_merged.tif,0.6,3,1715106277,117,32.5988,34.7118,2.113
300M,chip_193_314_merged.tif,0.6,4,1334499646,117,32.6426,33.4228,0.7802
300M,chip_193_314_merged.tif,0.8,0,326189213,156,31.731,32.9028,1.1718
300M,chip_193_314_merged.tif,0.8,1,2093066230,156,28.2169,31.6979,3.481
300M,chip_193_314_merged.tif,0.8,2,1712459599,156,31.9172,32.0113,0.0941
300M,chip_193_314_merged.tif,0.8,3,1232514081,156,31.4549,31.2664,-0.1884
300M,chip_193_314_merged.tif,0.8,4,851907450,156,31.5765,33.6343,2.0578
300M,chip_193_583_merged.tif,0.2,0,819328238,39,38.5328,38.5843,0.0515
300M,chip_193_583_merged.tif,0.2,1,438721607,39,39.3472,38.6928,-0.6544
300M,chip_193_583_merged.tif,0.2,2,2106259737,39,37.5569,39.2217,1.6648
300M,chip_193_583_merged.tif,0.2,3,1725653106,39,39.9926,39.4849,-0.5077
300M,chip_193_583_merged.tif,0.2,4,1245707588,39,37.2457,39.0775,1.8319
300M,chip_193_583_merged.tif,0.4,0,658712905,78,37.5452,38.9229,1.3777
300M,chip_193_583_merged.tif,0.4,1,178767387,78,37.029,38.433,1.404
300M,chip_193_583_merged.tif,0.4,2,1945644404,78,38.5255,39.1086,0.5831
300M,chip_193_583_merged.tif,0.4,3,1565037773,78,37.0286,38.4882,1.4596
300M,chip_193_583_merged.tif,0.4,4,1085092255,78,38.8683,39.2473,0.3791
300M,chip_193_583_merged.tif,0.6,0,2062898346,117,38.1543,37.8175,-0.3368
300M,chip_193_583_merged.tif,0.6,1,1582952828,117,37.9093,38.4165,0.5072
300M,chip_193_583_merged.tif,0.6,2,1202346197,117,37.4119,38.5847,1.1727
300M,chip_193_583_merged.tif,0.6,3,821739566,117,38.117,38.4375,0.3205
300M,chip_193_583_merged.tif,0.6,4,341794048,117,36.6231,37.7451,1.122
300M,chip_193_583_merged.tif,0.8,0,1580306150,156,37.1431,37.6022,0.4591
300M,chip_193_583_merged.tif,0.8,1,1199699519,156,36.993,38.2086,1.2156
300M,chip_193_583_merged.tif,0.8,2,719754001,156,37.3472,37.4525,0.1053
300M,chip_193_583_merged.tif,0.8,3,339147370,156,37.1576,37.6809,0.5234
300M,chip_193_583_merged.tif,0.8,4,2006685500,156,37.1601,37.8127,0.6525
300M,chip_194_257_merged.tif,0.2,0,127615100,39,38.3639,40.6356,2.2717
300M,chip_194_257_merged.tif,0.2,1,1894492117,39,38.0996,41.2101,3.1106
300M,chip_194_257_merged.tif,0.2,2,1414546599,39,38.9579,41.6396,2.6817
300M,chip_194_257_merged.tif,0.2,3,1033939968,39,38.2534,40.7883,2.5349
300M,chip_194_257_merged.tif,0.2,4,553994450,39,36.2919,37.6684,1.3764
300M,chip_194_257_merged.tif,0.4,0,2114483415,78,33.3394,38.8378,5.4985
300M,chip_194_257_merged.tif,0.4,1,1634537897,78,32.7285,38.8682,6.1397
300M,chip_194_257_merged.tif,0.4,2,1253931266,78,32.5379,39.8946,7.3566
300M,chip_194_257_merged.tif,0.4,3,773985748,78,38.1718,39.2694,1.0976
300M,chip_194_257_merged.tif,0.4,4,393379117,78,34.9794,40.2325,5.2531
300M,chip_194_257_merged.tif,0.6,0,1371185208,117,33.9315,38.888,4.9565
300M,chip_194_257_merged.tif,0.6,1,891239690,117,34.0106,39.4378,5.4272
300M,chip_194_257_merged.tif,0.6,2,510633059,117,34.027,38.9488,4.9218
300M,chip_194_257_merged.tif,0.6,3,30687541,117,33.1273,38.421,5.2937
300M,chip_194_257_merged.tif,0.6,4,1797564558,117,32.3132,39.1288,6.8155
300M,chip_194_257_merged.tif,0.8,0,888593012,156,33.628,35.9769,2.3489
300M,chip_194_257_merged.tif,0.8,1,507986381,156,32.2,36.279,4.079
300M,chip_194_257_merged.tif,0.8,2,28040863,156,34.1147,38.0211,3.9065
300M,chip_194_257_merged.tif,0.8,3,1794917880,156,33.5755,36.6959,3.1203
300M,chip_194_257_merged.tif,0.8,4,1314972362,156,32.7385,36.579,3.8405
300M,chip_194_261_merged.tif,0.2,0,207996629,39,37.4381,39.8444,2.4062
300M,chip_194_261_merged.tif,0.2,1,1974873646,39,33.7739,39.7656,5.9917
300M,chip_194_261_merged.tif,0.2,2,1494928128,39,34.8679,40.9195,6.0515
300M,chip_194_261_merged.tif,0.2,3,1114321497,39,37.4378,40.7114,3.2736
300M,chip_194_261_merged.tif,0.2,4,634375979,39,38.9881,40.4233,1.4351
300M,chip_194_261_merged.tif,0.4,0,1389544094,78,34.6848,39.5527,4.8679
300M,chip_194_261_merged.tif,0.4,1,909598576,78,35.2452,39.4355,4.1903
300M,chip_194_261_merged.tif,0.4,2,528991945,78,34.4037,39.5226,5.1189
300M,chip_194_261_merged.tif,0.4,3,49046427,78,34.5856,40.0192,5.4336
300M,chip_194_261_merged.tif,0.4,4,1815923444,78,35.2309,39.9393,4.7084
300M,chip_194_261_merged.tif,0.6,0,646245887,117,34.1965,37.449,3.2525
300M,chip_194_261_merged.tif,0.6,1,166300369,117,34.8238,37.03,2.2063
300M,chip_194_261_merged.tif,0.6,2,1933177386,117,33.2091,38.1314,4.9223
300M,chip_194_261_merged.tif,0.6,3,1453231868,117,35.5239,38.0722,2.5483
300M,chip_194_261_merged.tif,0.6,4,1072625237,117,33.3144,38.6102,5.2958
300M,chip_194_261_merged.tif,0.8,0,163653691,156,33.69,36.5356,2.8456
300M,chip_194_261_merged.tif,0.8,1,1831191821,156,34.4744,36.1392,1.6648
300M,chip_194_261_merged.tif,0.8,2,1450585190,156,34.4487,36.3989,1.9502
300M,chip_194_261_merged.tif,0.8,3,1069978559,156,33.6786,35.0693,1.3908
300M,chip_194_261_merged.tif,0.8,4,590033041,156,34.7705,36.817,2.0465
300M,chip_194_296_merged.tif,0.2,0,504038548,39,37.7607,36.7946,-0.9661
300M,chip_194_296_merged.tif,0.2,1,123431917,39,38.1201,40.3429,2.2228
300M,chip_194_296_merged.tif,0.2,2,1890308934,39,37.7608,41.2586,3.4979
300M,chip_194_296_merged.tif,0.2,3,1410363416,39,37.8956,40.4542,2.5586
300M,chip_194_296_merged.tif,0.2,4,1029756785,39,33.9054,40.4234,6.518
300M,chip_194_296_merged.tif,0.4,0,1685586013,78,34.918,39.3902,4.4722
300M,chip_194_296_merged.tif,0.4,1,1205640495,78,36.4345,39.5842,3.1497
300M,chip_194_296_merged.tif,0.4,2,825033864,78,37.1893,40.8232,3.6339
300M,chip_194_296_merged.tif,0.4,3,444427233,78,37.2972,40.2068,2.9096
300M,chip_194_296_merged.tif,0.4,4,2111965363,78,33.9786,39.3913,5.4127
300M,chip_194_296_merged.tif,0.6,0,942287806,117,33.7361,37.5444,3.8083
300M,chip_194_296_merged.tif,0.6,1,561681175,117,33.7464,38.8016,5.0552
300M,chip_194_296_merged.tif,0.6,2,81735657,117,33.7359,39.1965,5.4606
300M,chip_194_296_merged.tif,0.6,3,1848612674,117,35.8587,38.6016,2.7429
300M,chip_194_296_merged.tif,0.6,4,1368667156,117,35.8387,37.271,1.4323
300M,chip_194_296_merged.tif,0.8,0,459695610,156,34.0443,36.3997,2.3554
300M,chip_194_296_merged.tif,0.8,1,79088979,156,34.2389,36.3864,2.1475
300M,chip_194_296_merged.tif,0.8,2,1746627109,156,32.6007,35.2961,2.6954
300M,chip_194_296_merged.tif,0.8,3,1366020478,156,34.2507,36.3345,2.0838
300M,chip_194_296_merged.tif,0.8,4,886074960,156,34.237,36.3294,2.0924
300M,chip_194_315_merged.tif,0.2,0,1648185567,39,34.014,36.0619,2.0479
300M,chip_194_315_merged.tif,0.2,1,1267578936,39,33.07,35.9978,2.9278
300M,chip_194_315_merged.tif,0.2,2,787633418,39,33.1719,34.1868,1.0149
300M,chip_194_315_merged.tif,0.2,3,407026787,39,34.7975,35.8905,1.093
300M,chip_194_315_merged.tif,0.2,4,26420156,39,34.4109,36.0326,1.6216
300M,chip_194_315_merged.tif,0.4,0,634631371,78,33.5635,34.6532,1.0897
300M,chip_194_315_merged.tif,0.4,1,254024740,78,29.8286,34.838,5.0094
300M,chip_194_315_merged.tif,0.4,2,1921562870,78,27.9204,34.5855,6.6652
300M,chip_194_315_merged.tif,0.4,3,1540956239,78,33.5644,34.4388,0.8745
300M,chip_194_315_merged.tif,0.4,4,1061010721,78,30.7964,34.8448,4.0483
300M,chip_194_315_merged.tif,0.6,0,744272027,117,31.2229,32.8683,1.6454
300M,chip_194_315_merged.tif,0.6,1,363665396,117,29.9151,34.0426,4.1275
300M,chip_194_315_merged.tif,0.6,2,2031203526,117,29.9364,33.1059,3.1694
300M,chip_194_315_merged.tif,0.6,3,1650596895,117,30.9928,34.7664,3.7737
300M,chip_194_315_merged.tif,0.6,4,1170651377,117,31.7323,33.0522,1.32
300M,chip_194_315_merged.tif,0.8,0,1556224616,156,29.74,33.4859,3.7458
300M,chip_194_315_merged.tif,0.8,1,1175617985,156,29.7414,33.4008,3.6595
300M,chip_194_315_merged.tif,0.8,2,795011354,156,30.3967,32.2885,1.8918
300M,chip_194_315_merged.tif,0.8,3,315065836,156,31.0614,32.4977,1.4363
300M,chip_194_315_merged.tif,0.8,4,2081942853,156,31.6832,31.981,0.2978
300M,chip_194_329_merged.tif,0.2,0,708754875,39,30.5571,35.8562,5.2991
300M,chip_194_329_merged.tif,0.2,1,328148244,39,32.2537,36.6136,4.3599
300M,chip_194_329_merged.tif,0.2,2,1995686374,39,32.5435,35.283,2.7395
300M,chip_194_329_merged.tif,0.2,3,1615079743,39,32.6882,36.9578,4.2696
300M,chip_194_329_merged.tif,0.2,4,1234473112,39,31.944,35.7822,3.8382
300M,chip_194_329_merged.tif,0.4,0,548139542,78,31.303,35.1261,3.8231
300M,chip_194_329_merged.tif,0.4,1,167532911,78,29.8375,35.5847,5.7473
300M,chip_194_329_merged.tif,0.4,2,1835071041,78,30.1986,33.0121,2.8135
300M,chip_194_329_merged.tif,0.4,3,1454464410,78,28.8756,35.1344,6.2588
300M,chip_194_329_merged.tif,0.4,4,974518892,78,29.8022,35.3429,5.5407
300M,chip_194_329_merged.tif,0.6,0,1952324983,117,29.5655,33.8298,4.2643
300M,chip_194_329_merged.tif,0.6,1,1571718352,117,29.1519,33.8182,4.6663
300M,chip_194_329_merged.tif,0.6,2,1091772834,117,29.9423,32.5826,2.6403
300M,chip_194_329_merged.tif,0.6,3,711166203,117,29.3115,34.544,5.2325
300M,chip_194_329_merged.tif,0.6,4,231220685,117,29.899,33.442,3.543
300M,chip_194_329_merged.tif,0.8,0,1469732787,156,29.6887,32.3861,2.6974
300M,chip_194_329_merged.tif,0.8,1,1089126156,156,28.6041,32.3491,3.745
300M,chip_194_329_merged.tif,0.8,2,609180638,156,30.3684,32.2871,1.9187
300M,chip_194_329_merged.tif,0.8,3,228574007,156,28.6098,32.417,3.8072
300M,chip_194_329_merged.tif,0.8,4,1995451024,156,28.6304,32.2423,3.612
300M,chip_194_385_merged.tif,0.2,0,312323576,39,31.9293,36.7638,4.8345
300M,chip_194_385_merged.tif,0.2,1,1979861706,39,31.8619,37.0986,5.2367
300M,chip_194_385_merged.tif,0.2,2,1599255075,39,34.5066,36.7981,2.2915
300M,chip_194_385_merged.tif,0.2,3,1119309557,39,34.5285,36.8504,2.3218
300M,chip_194_385_merged.tif,0.2,4,738702926,39,31.9288,36.2542,4.3254
300M,chip_194_385_merged.tif,0.4,0,52369356,78,36.1705,35.11,-1.0605
300M,chip_194_385_merged.tif,0.4,1,1819246373,78,32.9627,36.6062,3.6436
300M,chip_194_385_merged.tif,0.4,2,1438639742,78,33.0962,36.7749,3.6787
300M,chip_194_385_merged.tif,0.4,3,958694224,78,34.674,35.6837,1.0097
300M,chip_194_385_merged.tif,0.4,4,578087593,78,35.2982,36.3567,1.0585
300M,chip_194_385_merged.tif,0.6,0,1456554797,117,32.9841,35.8717,2.8876
300M,chip_194_385_merged.tif,0.6,1,1075948166,117,33.1587,35.5864,2.4277
300M,chip_194_385_merged.tif,0.6,2,695341535,117,34.2221,34.6586,0.4364
300M,chip_194_385_merged.tif,0.6,3,215396017,117,33.678,35.1516,1.4735
300M,chip_194_385_merged.tif,0.6,4,1982273034,117,34.523,36.3622,1.8392
300M,chip_194_385_merged.tif,0.8,0,1073301488,156,33.2084,34.6973,1.4889
300M,chip_194_385_merged.tif,0.8,1,593355970,156,33.3039,34.835,1.5311
300M,chip_194_385_merged.tif,0.8,2,212749339,156,33.4408,34.6351,1.1943
300M,chip_194_385_merged.tif,0.8,3,1880287469,156,33.3232,34.5941,1.2709
300M,chip_194_385_merged.tif,0.8,4,1499680838,156,33.1892,33.9253,0.736
300M,chip_194_433_merged.tif,0.2,0,771893030,39,33.9984,34.7216,0.7232
300M,chip_194_433_merged.tif,0.2,1,391286399,39,35.0087,35.3167,0.308
300M,chip_194_433_merged.tif,0.2,2,2058824529,39,33.1872,35.7897,2.6025
300M,chip_194_433_merged.tif,0.2,3,1678217898,39,33.577,34.3749,0.7978
300M,chip_194_433_merged.tif,0.2,4,1297611267,39,35.0385,35.3479,0.3094
300M,chip_194_433_merged.tif,0.4,0,611277697,78,33.17,34.7955,1.6255
300M,chip_194_433_merged.tif,0.4,1,230671066,78,33.8447,34.6241,0.7794
300M,chip_194_433_merged.tif,0.4,2,1898209196,78,33.1365,34.371,1.2345
300M,chip_194_433_merged.tif,0.4,3,1517602565,78,33.5374,34.5708,1.0333
300M,chip_194_433_merged.tif,0.4,4,1037657047,78,32.8665,33.537,0.6706
300M,chip_194_433_merged.tif,0.6,0,2015463138,117,33.0059,33.5798,0.5739
300M,chip_194_433_merged.tif,0.6,1,1634856507,117,33.1121,34.1968,1.0847
300M,chip_194_433_merged.tif,0.6,2,1154910989,117,32.9377,34.0024,1.0647
300M,chip_194_433_merged.tif,0.6,3,774304358,117,32.5233,33.8309,1.3076
300M,chip_194_433_merged.tif,0.6,4,294358840,117,32.8064,34.2474,1.441
300M,chip_194_433_merged.tif,0.8,0,1532870942,156,32.7068,33.2456,0.5388
300M,chip_194_433_merged.tif,0.8,1,1152264311,156,32.6594,32.827,0.1677
300M,chip_194_433_merged.tif,0.8,2,672318793,156,32.7505,33.5767,0.8262
300M,chip_194_433_merged.tif,0.8,3,291712162,156,32.6478,33.5593,0.9115
300M,chip_194_433_merged.tif,0.8,4,2058589179,156,32.6483,33.3099,0.6616
300M,chip_196_274_merged.tif,0.2,0,1593759876,39,34.1269,37.0401,2.9132
300M,chip_196_274_merged.tif,0.2,1,1113814358,39,33.3363,37.0959,3.7596
300M,chip_196_274_merged.tif,0.2,2,733207727,39,35.9298,36.6087,0.6789
300M,chip_196_274_merged.tif,0.2,3,352601096,39,32.5104,38.9643,6.4539
300M,chip_196_274_merged.tif,0.2,4,2020139226,39,35.6322,39.181,3.5488
300M,chip_196_274_merged.tif,0.4,0,528484806,78,30.2906,35.9901,5.6995
300M,chip_196_274_merged.tif,0.4,1,147878175,78,33.7282,35.6582,1.93
300M,chip_196_274_merged.tif,0.4,2,1815416305,78,31.8924,35.0472,3.1548
300M,chip_196_274_merged.tif,0.4,3,1434809674,78,32.8982,35.7685,2.8702
300M,chip_196_274_merged.tif,0.4,4,1054203043,78,30.8039,36.8828,6.0788
300M,chip_196_274_merged.tif,0.6,0,689846336,117,31.2712,35.7767,4.5054
300M,chip_196_274_merged.tif,0.6,1,209900818,117,31.2343,36.5877,5.3535
300M,chip_196_274_merged.tif,0.6,2,1976777835,117,31.2636,33.9636,2.7
300M,chip_196_274_merged.tif,0.6,3,1496832317,117,31.0217,33.8914,2.8698
300M,chip_196_274_merged.tif,0.6,4,1116225686,117,30.3758,35.012,4.6362
300M,chip_196_274_merged.tif,0.8,0,207254140,156,31.0241,31.77,0.7459
300M,chip_196_274_merged.tif,0.8,1,1874792270,156,31.0103,32.6582,1.6479
300M,chip_196_274_merged.tif,0.8,2,1494185639,156,31.5475,32.8377,1.2903
300M,chip_196_274_merged.tif,0.8,3,1014240121,156,30.9861,32.1315,1.1454
300M,chip_196_274_merged.tif,0.8,4,633633490,156,30.9857,33.9898,3.0041
300M,chip_196_291_merged.tif,0.2,0,1604224534,39,34.8193,38.988,4.1687
300M,chip_196_291_merged.tif,0.2,1,1223617903,39,38.1893,40.6954,2.5062
300M,chip_196_291_merged.tif,0.2,2,743672385,39,38.8537,40.194,1.3402
300M,chip_196_291_merged.tif,0.2,3,363065754,39,37.3155,40.5787,3.2632
300M,chip_196_291_merged.tif,0.2,4,2129942771,39,37.4026,40.5073,3.1047
300M,chip_196_291_merged.tif,0.4,0,638288351,78,35.8143,37.1235,1.3091
300M,chip_196_291_merged.tif,0.4,1,158342833,78,33.7371,40.2678,6.5307
300M,chip_196_291_merged.tif,0.4,2,1925219850,78,33.6289,40.4519,6.823
300M,chip_196_291_merged.tif,0.4,3,1445274332,78,30.3111,40.0968,9.7857
300M,chip_196_291_merged.tif,0.4,4,1064667701,78,34.7955,39.4204,4.6248
300M,chip_196_291_merged.tif,0.6,0,700310994,117,33.6645,38.5195,4.855
300M,chip_196_291_merged.tif,0.6,1,319704363,117,33.5566,38.9223,5.3658
300M,chip_196_291_merged.tif,0.6,2,1987242493,117,33.7071,38.7213,5.0142
300M,chip_196_291_merged.tif,0.6,3,1606635862,117,33.692,39.3413,5.6493
300M,chip_196_291_merged.tif,0.6,4,1126690344,117,34.1301,39.0431,4.913
300M,chip_196_291_merged.tif,0.8,0,217718798,156,32.8623,35.0241,2.1619
300M,chip_196_291_merged.tif,0.8,1,1984595815,156,31.5966,36.6681,5.0715
300M,chip_196_291_merged.tif,0.8,2,1504650297,156,32.8691,37.1491,4.28
300M,chip_196_291_merged.tif,0.8,3,1124043666,156,32.8624,36.6872,3.8248
300M,chip_196_291_merged.tif,0.8,4,743437035,156,32.882,36.7782,3.8962
300M,chip_197_366_merged.tif,0.2,0,1141242575,39,34.6777,36.6474,1.9697
300M,chip_197_366_merged.tif,0.2,1,661297057,39,34.7653,36.5462,1.781
300M,chip_197_366_merged.tif,0.2,2,280690426,39,34.3212,35.7337,1.4126
300M,chip_197_366_merged.tif,0.2,3,2047567443,39,33.8949,36.2977,2.4028
300M,chip_197_366_merged.tif,0.2,4,1567621925,39,33.4026,35.4949,2.0924
300M,chip_197_366_merged.tif,0.4,0,75967505,78,32.9511,35.2253,2.2742
300M,chip_197_366_merged.tif,0.4,1,1842844522,78,32.846,35.5207,2.6747
300M,chip_197_366_merged.tif,0.4,2,1462237891,78,32.8463,34.9843,2.138
300M,chip_197_366_merged.tif,0.4,3,982292373,78,32.7988,34.9695,2.1707
300M,chip_197_366_merged.tif,0.4,4,601685742,78,32.6728,35.0042,2.3315
300M,chip_197_366_merged.tif,0.6,0,237329035,117,32.4312,34.4377,2.0065
300M,chip_197_366_merged.tif,0.6,1,1904867165,117,33.521,34.8205,1.2995
300M,chip_197_366_merged.tif,0.6,2,1524260534,117,33.4111,34.3953,0.9842
300M,chip_197_366_merged.tif,0.6,3,1044315016,117,32.3555,34.7027,2.3471
300M,chip_197_366_merged.tif,0.6,4,663708385,117,32.8426,35.1086,2.266
300M,chip_197_366_merged.tif,0.8,0,1902220487,156,32.707,33.8857,1.1787
300M,chip_197_366_merged.tif,0.8,1,1422274969,156,32.9288,33.9364,1.0076
300M,chip_197_366_merged.tif,0.8,2,1041668338,156,32.7099,34.0038,1.2939
300M,chip_197_366_merged.tif,0.8,3,661061707,156,32.6441,32.9263,0.2823
300M,chip_197_366_merged.tif,0.8,4,181116189,156,32.7084,34.0217,1.3133
300M,chip_197_591_merged.tif,0.2,0,437738989,39,33.0552,36.9839,3.9287
300M,chip_197_591_merged.tif,0.2,1,2105277119,39,36.5815,35.6173,-0.9642
300M,chip_197_591_merged.tif,0.2,2,1724670488,39,34.9702,35.6731,0.703
300M,chip_197_591_merged.tif,0.2,3,1244724970,39,33.6908,36.4471,2.7563
300M,chip_197_591_merged.tif,0.2,4,864118339,39,33.2884,35.505,2.2166
300M,chip_197_591_merged.tif,0.4,0,177784769,78,34.0345,36.2914,2.2568
300M,chip_197_591_merged.tif,0.4,1,1944661786,78,33.2438,35.9873,2.7435
300M,chip_197_591_merged.tif,0.4,2,1564055155,78,34.0213,36.5694,2.5481
300M,chip_197_591_merged.tif,0.4,3,1084109637,78,32.6289,35.1273,2.4984
300M,chip_197_591_merged.tif,0.4,4,703503006,78,32.6295,36.1018,3.4723
300M,chip_197_591_merged.tif,0.6,0,1581970210,117,33.9149,35.1811,1.2662
300M,chip_197_591_merged.tif,0.6,1,1201363579,117,33.196,35.1672,1.9711
300M,chip_197_591_merged.tif,0.6,2,820756948,117,33.9046,34.2721,0.3675
300M,chip_197_591_merged.tif,0.6,3,340811430,117,33.5936,34.9917,1.3981
300M,chip_197_591_merged.tif,0.6,4,2107688447,117,33.6376,34.8898,1.2522
300M,chip_197_591_merged.tif,0.8,0,1198716901,156,33.361,34.6172,1.2562
300M,chip_197_591_merged.tif,0.8,1,718771383,156,33.1509,34.3826,1.2317
300M,chip_197_591_merged.tif,0.8,2,338164752,156,32.8698,34.0376,1.1678
300M,chip_197_591_merged.tif,0.8,3,2005702882,156,33.1729,34.6538,1.4809
300M,chip_197_591_merged.tif,0.8,4,1625096251,156,33.4085,34.1836,0.7751
300M,chip_198_027_merged.tif,0.2,0,1367724144,39,31.9958,39.6221,7.6263
300M,chip_198_027_merged.tif,0.2,1,887778626,39,35.1813,39.1721,3.9908
300M,chip_198_027_merged.tif,0.2,2,507171995,39,38.2669,38.3038,0.0369
300M,chip_198_027_merged.tif,0.2,3,27226477,39,35.4325,40.747,5.3145
300M,chip_198_027_merged.tif,0.2,4,1794103494,39,35.6588,40.2791,4.6204
300M,chip_198_027_merged.tif,0.4,0,302449074,78,35.8528,37.7598,1.907
300M,chip_198_027_merged.tif,0.4,1,2069326091,78,37.041,38.169,1.128
300M,chip_198_027_merged.tif,0.4,2,1589380573,78,32.5964,40.1582,7.5618
300M,chip_198_027_merged.tif,0.4,3,1208773942,78,36.9106,36.1561,-0.7545
300M,chip_198_027_merged.tif,0.4,4,828167311,78,37.5621,36.6798,-0.8823
300M,chip_198_027_merged.tif,0.6,0,1706634515,117,36.1272,37.4267,1.2995
300M,chip_198_027_merged.tif,0.6,1,1326027884,117,34.158,38.09,3.932
300M,chip_198_027_merged.tif,0.6,2,846082366,117,36.0761,38.4374,2.3613
300M,chip_198_027_merged.tif,0.6,3,465475735,117,36.2585,38.596,2.3375
300M,chip_198_027_merged.tif,0.6,4,84869104,117,36.0535,37.2472,1.1938
300M,chip_198_027_merged.tif,0.8,0,1323381206,156,37.4473,37.253,-0.1943
300M,chip_198_027_merged.tif,0.8,1,843435688,156,37.3944,36.735,-0.6593
300M,chip_198_027_merged.tif,0.8,2,462829057,156,37.3948,35.9183,-1.4765
300M,chip_198_027_merged.tif,0.8,3,2130367187,156,37.4597,36.9978,-0.4619
300M,chip_198_027_merged.tif,0.8,4,1749760556,156,36.335,36.9313,0.5964
300M,chip_200_415_merged.tif,0.2,0,2144051854,39,33.796,37.2963,3.5003
300M,chip_200_415_merged.tif,0.2,1,1763445223,39,36.7074,36.586,-0.1214
300M,chip_200_415_merged.tif,0.2,2,1382838592,39,37.189,38.4252,1.2362
300M,chip_200_415_merged.tif,0.2,3,902893074,39,36.8289,37.103,0.2742
300M,chip_200_415_merged.tif,0.2,4,522286443,39,36.3727,38.5745,2.2018
300M,chip_200_415_merged.tif,0.4,0,1983436521,78,34.0576,37.6726,3.6149
300M,chip_200_415_merged.tif,0.4,1,1602829890,78,35.329,37.8862,2.5572
300M,chip_200_415_merged.tif,0.4,2,1122884372,78,34.4513,37.2381,2.7868
300M,chip_200_415_merged.tif,0.4,3,742277741,78,35.0296,37.743,2.7134
300M,chip_200_415_merged.tif,0.4,4,262332223,78,36.1011,37.5104,1.4093
300M,chip_200_415_merged.tif,0.6,0,1240138314,117,34.3225,37.1271,2.8046
300M,chip_200_415_merged.tif,0.6,1,859531683,117,34.3663,36.6873,2.3209
300M,chip_200_415_merged.tif,0.6,2,379586165,117,34.0597,36.8535,2.7938
300M,chip_200_415_merged.tif,0.6,3,2146463182,117,34.0141,37.0538,3.0398
300M,chip_200_415_merged.tif,0.6,4,1666517664,117,34.3746,37.1841,2.8095
300M,chip_200_415_merged.tif,0.8,0,757546118,156,34.1655,36.0649,1.8994
300M,chip_200_415_merged.tif,0.8,1,376939487,156,34.1648,35.9535,1.7887
300M,chip_200_415_merged.tif,0.8,2,2143816504,156,33.9848,36.16,2.1752
300M,chip_200_415_merged.tif,0.8,3,1663870986,156,33.8432,36.257,2.4138
300M,chip_200_415_merged.tif,0.8,4,1283264355,156,33.8397,36.9024,3.0627
300M,chip_200_441_merged.tif,0.2,0,1489239893,39,34.5688,36.0566,1.4879
300M,chip_200_441_merged.tif,0.2,1,1009294375,39,35.4571,37.2004,1.7433
300M,chip_200_441_merged.tif,0.2,2,628687744,39,34.1412,36.3152,2.1739
300M,chip_200_441_merged.tif,0.2,3,248081113,39,35.4577,36.6273,1.1696
300M,chip_200_441_merged.tif,0.2,4,1915619243,39,35.5604,36.3155,0.7551
300M,chip_200_441_merged.tif,0.4,0,1328624560,78,35.342,36.2708,0.9288
300M,chip_200_441_merged.tif,0.4,1,848679042,78,35.6307,36.4782,0.8475
300M,chip_200_441_merged.tif,0.4,2,468072411,78,33.5294,36.2678,2.7384
300M,chip_200_441_merged.tif,0.4,3,2135610541,78,35.4657,35.8017,0.3359
300M,chip_200_441_merged.tif,0.4,4,1755003910,78,35.3922,35.9511,0.5589
300M,chip_200_441_merged.tif,0.6,0,585326353,117,33.9865,35.685,1.6985
300M,chip_200_441_merged.tif,0.6,1,105380835,117,35.1048,35.1593,0.0545
300M,chip_200_441_merged.tif,0.6,2,1872257852,117,34.0028,35.3686,1.3658
300M,chip_200_441_merged.tif,0.6,3,1392312334,117,35.0665,34.9196,-0.1469
300M,chip_200_441_merged.tif,0.6,4,1011705703,117,35.1476,35.5965,0.4489
300M,chip_200_441_merged.tif,0.8,0,102734157,156,34.2384,34.7594,0.521
300M,chip_200_441_merged.tif,0.8,1,1770272287,156,33.976,35.0621,1.0862
300M,chip_200_441_merged.tif,0.8,2,1389665656,156,34.6427,34.6594,0.0167
300M,chip_200_441_merged.tif,0.8,3,1009059025,156,33.9972,35.1102,1.113
300M,chip_200_441_merged.tif,0.8,4,529113507,156,34.241,34.6277,0.3867
300M,chip_201_457_merged.tif,0.2,0,1732691628,39,34.4913,35.8052,1.3139
300M,chip_201_457_merged.tif,0.2,1,1352084997,39,33.4112,36.0983,2.6871
300M,chip_201_457_merged.tif,0.2,2,971478366,39,32.5989,35.347,2.7481
300M,chip_201_457_merged.tif,0.2,3,491532848,39,34.5589,35.3598,0.8009
300M,chip_201_457_merged.tif,0.2,4,110926217,39,35.2534,35.2319,-0.0215
300M,chip_201_457_merged.tif,0.4,0,1572076295,78,31.2524,34.6826,3.4302
300M,chip_201_457_merged.tif,0.4,1,1191469664,78,32.6609,35.4669,2.806
300M,chip_201_457_merged.tif,0.4,2,711524146,78,31.3026,35.1672,3.8647
300M,chip_201_457_merged.tif,0.4,3,330917515,78,31.2366,35.0724,3.8358
300M,chip_201_457_merged.tif,0.4,4,2097794532,78,31.3135,34.4594,3.146
300M,chip_201_457_merged.tif,0.6,0,828778088,117,31.8226,33.9882,2.1656
300M,chip_201_457_merged.tif,0.6,1,448171457,117,31.6946,34.1859,2.4913
300M,chip_201_457_merged.tif,0.6,2,2115709587,117,31.6916,34.9592,3.2676
300M,chip_201_457_merged.tif,0.6,3,1735102956,117,31.7478,34.2028,2.455
300M,chip_201_457_merged.tif,0.6,4,1354496325,117,31.712,35.0447,3.3327
300M,chip_201_457_merged.tif,0.8,0,346185892,156,32.0562,33.7177,1.6615
300M,chip_201_457_merged.tif,0.8,1,2113062909,156,32.1401,33.8191,1.679
300M,chip_201_457_merged.tif,0.8,2,1732456278,156,31.8562,33.2442,1.388
300M,chip_201_457_merged.tif,0.8,3,1252510760,156,32.0619,33.5615,1.4996
300M,chip_201_457_merged.tif,0.8,4,871904129,156,32.0463,33.0266,0.9803
300M,chip_202_016_merged.tif,0.2,0,1843302089,39,29.1838,31.1226,1.9388
300M,chip_202_016_merged.tif,0.2,1,1462695458,39,24.169,29.3648,5.1958
300M,chip_202_016_merged.tif,0.2,2,982749940,39,27.9712,31.8462,3.875
300M,chip_202_016_merged.tif,0.2,3,602143309,39,27.1614,28.9669,1.8055
300M,chip_202_016_merged.tif,0.2,4,122197791,39,28.3131,28.677,0.3639
300M,chip_202_016_merged.tif,0.4,0,877365906,78,27.6919,29.5843,1.8923
300M,chip_202_016_merged.tif,0.4,1,397420388,78,29.351,29.6672,0.3162
300M,chip_202_016_merged.tif,0.4,2,16813757,78,29.6011,30.535,0.9339
300M,chip_202_016_merged.tif,0.4,3,1684351887,78,27.7646,28.3069,0.5423
300M,chip_202_016_merged.tif,0.4,4,1303745256,78,29.3522,30.4855,1.1334
300M,chip_202_016_merged.tif,0.6,0,939388549,117,28.9768,29.0835,0.1067
300M,chip_202_016_merged.tif,0.6,1,459443031,117,26.6257,28.8901,2.2645
300M,chip_202_016_merged.tif,0.6,2,78836400,117,29.0226,27.7923,-1.2303
300M,chip_202_016_merged.tif,0.6,3,1845713417,117,27.9025,29.1208,1.2183
300M,chip_202_016_merged.tif,0.6,4,1365767899,117,25.7065,29.4186,3.712
300M,chip_202_016_merged.tif,0.8,0,456796353,156,25.6378,27.8571,2.2192
300M,chip_202_016_merged.tif,0.8,1,76189722,156,26.387,26.6875,0.3005
300M,chip_202_016_merged.tif,0.8,2,1743727852,156,26.1383,26.427,0.2886
300M,chip_202_016_merged.tif,0.8,3,1363121221,156,24.7075,26.1172,1.4097
300M,chip_202_016_merged.tif,0.8,4,883175703,156,25.6371,28.1317,2.4946
300M,chip_202_324_merged.tif,0.2,0,550273207,39,35.2674,39.1723,3.9049
300M,chip_202_324_merged.tif,0.2,1,169666576,39,34.4962,39.086,4.5897
300M,chip_202_324_merged.tif,0.2,2,1837204706,39,36.7507,38.7593,2.0086
300M,chip_202_324_merged.tif,0.2,3,1456598075,39,36.2215,38.5383,2.3168
300M,chip_202_324_merged.tif,0.2,4,976652557,39,35.978,38.7451,2.7671
300M,chip_202_324_merged.tif,0.4,0,1731820672,78,32.1338,37.3952,5.2613
300M,chip_202_324_merged.tif,0.4,1,1251875154,78,33.8947,37.6095,3.7148
300M,chip_202_324_merged.tif,0.4,2,871268523,78,34.6006,37.8203,3.2197
300M,chip_202_324_merged.tif,0.4,3,391323005,78,35.4512,38.0183,2.5671
300M,chip_202_324_merged.tif,0.4,4,10716374,78,34.8899,37.5159,2.6261
300M,chip_202_324_merged.tif,0.6,0,1793843315,117,33.7901,36.4833,2.6931
300M,chip_202_324_merged.tif,0.6,1,1313897797,117,33.386,35.162,1.776
300M,chip_202_324_merged.tif,0.6,2,933291166,117,33.3535,36.623,3.2695
300M,chip_202_324_merged.tif,0.6,3,552684535,117,32.7379,37.2941,4.5562
300M,chip_202_324_merged.tif,0.6,4,72739017,117,34.0252,36.0378,2.0126
300M,chip_202_324_merged.tif,0.8,0,1311251119,156,31.5601,35.0671,3.507
300M,chip_202_324_merged.tif,0.8,1,930644488,156,32.5502,34.4838,1.9336
300M,chip_202_324_merged.tif,0.8,2,450698970,156,33.5252,34.5975,1.0723
300M,chip_202_324_merged.tif,0.8,3,70092339,156,33.6094,34.7215,1.1121
300M,chip_202_324_merged.tif,0.8,4,1737630469,156,33.3032,34.3868,1.0835
300M,chip_202_367_merged.tif,0.2,0,887671921,39,33.2521,34.7276,1.4755
300M,chip_202_367_merged.tif,0.2,1,507065290,39,33.135,34.6197,1.4847
300M,chip_202_367_merged.tif,0.2,2,126458659,39,32.5792,34.1276,1.5484
300M,chip_202_367_merged.tif,0.2,3,1793996789,39,32.9096,35.1171,2.2076
300M,chip_202_367_merged.tif,0.2,4,1413390158,39,33.1911,35.2545,2.0634
300M,chip_202_367_merged.tif,0.4,0,727056588,78,32.2654,34.2385,1.9731
300M,chip_202_367_merged.tif,0.4,1,346449957,78,32.3041,34.304,1.9999
300M,chip_202_367_merged.tif,0.4,2,2013988087,78,32.3938,34.2246,1.8308
300M,chip_202_367_merged.tif,0.4,3,1633381456,78,32.6638,34.3561,1.6923
300M,chip_202_367_merged.tif,0.4,4,1252774825,78,33.0034,34.1806,1.1772
300M,chip_202_367_merged.tif,0.6,0,2131242029,117,32.4451,33.2239,0.7789
300M,chip_202_367_merged.tif,0.6,1,1750635398,117,32.8834,33.9662,1.0827
300M,chip_202_367_merged.tif,0.6,2,1270689880,117,32.4481,33.27,0.8219
300M,chip_202_367_merged.tif,0.6,3,890083249,117,32.7563,33.8128,1.0565
300M,chip_202_367_merged.tif,0.6,4,509476618,117,32.4458,33.8366,1.3908
300M,chip_202_367_merged.tif,0.8,0,1648649833,156,32.3635,32.6658,0.3023
300M,chip_202_367_merged.tif,0.8,1,1268043202,156,32.2186,33.2747,1.0561
300M,chip_202_367_merged.tif,0.8,2,887436571,156,32.3162,33.2157,0.8995
300M,chip_202_367_merged.tif,0.8,3,407491053,156,32.2189,33.2011,0.9823
300M,chip_202_367_merged.tif,0.8,4,26884422,156,32.2185,33.3841,1.1656
300M,chip_202_388_merged.tif,0.2,0,264461982,39,35.1966,35.9742,0.7776
300M,chip_202_388_merged.tif,0.2,1,2031338999,39,34.5417,35.9023,1.3607
300M,chip_202_388_merged.tif,0.2,2,1551393481,39,34.5417,35.063,0.5212
300M,chip_202_388_merged.tif,0.2,3,1170786850,39,34.5049,35.4797,0.9749
300M,chip_202_388_merged.tif,0.2,4,790180219,39,32.1506,35.5217,3.3711
300M,chip_202_388_merged.tif,0.4,0,103846649,78,32.7467,35.6369,2.8902
300M,chip_202_388_merged.tif,0.4,1,1870723666,78,32.3033,35.2319,2.9286
300M,chip_202_388_merged.tif,0.4,2,1390778148,78,32.8926,35.0981,2.2054
300M,chip_202_388_merged.tif,0.4,3,1010171517,78,32.8929,35.6704,2.7775
300M,chip_202_388_merged.tif,0.4,4,530225999,78,33.8763,34.8236,0.9473
300M,chip_202_388_merged.tif,0.6,0,1508032090,117,32.0381,34.1778,2.1396
300M,chip_202_388_merged.tif,0.6,1,1127425459,117,32.7492,34.2093,1.46
300M,chip_202_388_merged.tif,0.6,2,647479941,117,32.5521,34.8993,2.3472
300M,chip_202_388_merged.tif,0.6,3,266873310,117,31.7567,34.1236,2.3669
300M,chip_202_388_merged.tif,0.6,4,1934411440,117,33.0172,34.2916,1.2744
300M,chip_202_388_merged.tif,0.8,0,1025439894,156,31.8041,33.6871,1.883
300M,chip_202_388_merged.tif,0.8,1,644833263,156,31.763,33.7359,1.9729
300M,chip_202_388_merged.tif,0.8,2,164887745,156,32.0522,33.4274,1.3752
300M,chip_202_388_merged.tif,0.8,3,1931764762,156,31.7553,33.6865,1.9312
300M,chip_202_388_merged.tif,0.8,4,1551158131,156,31.7923,33.6284,1.8361
300M,chip_202_439_merged.tif,0.2,0,952523889,39,37.9819,38.1143,0.1324
300M,chip_202_439_merged.tif,0.2,1,472578371,39,37.1288,38.4662,1.3374
300M,chip_202_439_merged.tif,0.2,2,91971740,39,34.5263,37.88,3.3537
300M,chip_202_439_merged.tif,0.2,3,1858848757,39,37.7746,38.6396,0.865
300M,chip_202_439_merged.tif,0.2,4,1378903239,39,37.1299,38.9658,1.8358
300M,chip_202_439_merged.tif,0.4,0,791908556,78,35.536,38.366,2.83
300M,chip_202_439_merged.tif,0.4,1,311963038,78,36.4468,37.362,0.9152
300M,chip_202_439_merged.tif,0.4,2,2078840055,78,36.7954,37.7081,0.9128
300M,chip_202_439_merged.tif,0.4,3,1598894537,78,36.2104,38.1823,1.9719
300M,chip_202_439_merged.tif,0.4,4,1218287906,78,36.9096,37.9578,1.0482
300M,chip_202_439_merged.tif,0.6,0,48610349,117,35.1334,37.5883,2.4549
300M,chip_202_439_merged.tif,0.6,1,1716148479,117,34.8035,37.2483,2.4448
300M,chip_202_439_merged.tif,0.6,2,1335541848,117,34.6892,37.5173,2.8282
300M,chip_202_439_merged.tif,0.6,3,855596330,117,36.0928,37.2828,1.1899
300M,chip_202_439_merged.tif,0.6,4,474989699,117,35.3257,37.159,1.8333
300M,chip_202_439_merged.tif,0.8,0,1713501801,156,33.5285,36.3116,2.7831
300M,chip_202_439_merged.tif,0.8,1,1233556283,156,34.2265,36.3465,2.1201
300M,chip_202_439_merged.tif,0.8,2,852949652,156,34.6753,35.7512,1.0759
300M,chip_202_439_merged.tif,0.8,3,472343021,156,34.7223,36.4598,1.7375
300M,chip_202_439_merged.tif,0.8,4,2139881151,156,34.7156,36.574,1.8584
300M,chip_204_329_merged.tif,0.2,0,879899866,39,34.9847,36.8878,1.9032
300M,chip_204_329_merged.tif,0.2,1,399954348,39,31.7507,36.8198,5.0691
300M,chip_204_329_merged.tif,0.2,2,19347717,39,32.6178,35.6906,3.0728
300M,chip_204_329_merged.tif,0.2,3,1686885847,39,34.9848,36.3877,1.4029
300M,chip_204_329_merged.tif,0.2,4,1306279216,39,34.876,35.8908,1.0148
300M,chip_204_329_merged.tif,0.4,0,1962108444,78,32.5897,35.5881,2.9985
300M,chip_204_329_merged.tif,0.4,1,1581501813,78,32.59,35.9227,3.3327
300M,chip_204_329_merged.tif,0.4,2,1101556295,78,32.5278,35.5467,3.0188
300M,chip_204_329_merged.tif,0.4,3,720949664,78,31.4472,36.1974,4.7502
300M,chip_204_329_merged.tif,0.4,4,241004146,78,32.5274,35.8853,3.3579
300M,chip_204_329_merged.tif,0.6,0,2024131087,117,31.4842,34.3721,2.8879
300M,chip_204_329_merged.tif,0.6,1,1643524456,117,31.9982,34.3369,2.3388
300M,chip_204_329_merged.tif,0.6,2,1163578938,117,31.8281,34.5146,2.6865
300M,chip_204_329_merged.tif,0.6,3,782972307,117,31.4934,34.834,3.3406
300M,chip_204_329_merged.tif,0.6,4,402365676,117,32.8382,35.3605,2.5222
300M,chip_204_329_merged.tif,0.8,0,1640877778,156,31.0762,33.155,2.0788
300M,chip_204_329_merged.tif,0.8,1,1160932260,156,31.4112,33.3447,1.9335
300M,chip_204_329_merged.tif,0.8,2,780325629,156,31.0685,33.2315,2.163
300M,chip_204_329_merged.tif,0.8,3,300380111,156,31.4521,32.3481,0.896
300M,chip_204_329_merged.tif,0.8,4,2067257128,156,31.0356,33.3602,2.3246
300M,chip_204_390_merged.tif,0.2,0,1036864789,39,37.493,39.2368,1.7439
300M,chip_204_390_merged.tif,0.2,1,656258158,39,38.5554,38.7285,0.1731
300M,chip_204_390_merged.tif,0.2,2,275651527,39,38.9802,39.5403,0.5601
300M,chip_204_390_merged.tif,0.2,3,1943189657,39,37.4647,39.2591,1.7944
300M,chip_204_390_merged.tif,0.2,4,1562583026,39,39.0461,39.8078,0.7617
300M,chip_204_390_merged.tif,0.4,0,876249456,78,37.7371,38.6036,0.8664
300M,chip_204_390_merged.tif,0.4,1,495642825,78,38.5379,39.2368,0.6989
300M,chip_204_390_merged.tif,0.4,2,15697307,78,38.4142,39.4108,0.9966
300M,chip_204_390_merged.tif,0.4,3,1782574324,78,38.5381,38.9545,0.4164
300M,chip_204_390_merged.tif,0.4,4,1302628806,78,37.907,39.139,1.232
300M,chip_204_390_merged.tif,0.6,0,132951249,117,37.6351,38.5804,0.9453
300M,chip_204_390_merged.tif,0.6,1,1899828266,117,37.5628,38.6897,1.1269
300M,chip_204_390_merged.tif,0.6,2,1419882748,117,37.8227,38.8219,0.9993
300M,chip_204_390_merged.tif,0.6,3,1039276117,117,38.5205,38.1859,-0.3346
300M,chip_204_390_merged.tif,0.6,4,559330599,117,38.5151,39.0208,0.5057
300M,chip_204_390_merged.tif,0.8,0,1797842701,156,37.3935,38.3706,0.9771
300M,chip_204_390_merged.tif,0.8,1,1417236070,156,37.818,38.2951,0.477
300M,chip_204_390_merged.tif,0.8,2,1036629439,156,37.8217,38.0496,0.2279
300M,chip_204_390_merged.tif,0.8,3,556683921,156,38.0297,37.932,-0.0977
300M,chip_204_390_merged.tif,0.8,4,176077290,156,37.8142,38.3259,0.5116
300M,chip_204_506_merged.tif,0.2,0,1495530895,39,30.4042,35.1894,4.7852
300M,chip_204_506_merged.tif,0.2,1,1015585377,39,34.3582,33.7928,-0.5654
300M,chip_204_506_merged.tif,0.2,2,634978746,39,32.615,34.1912,1.5762
300M,chip_204_506_merged.tif,0.2,3,155033228,39,32.6154,35.484,2.8686
300M,chip_204_506_merged.tif,0.2,4,1921910245,39,33.8,33.5222,-0.2778
300M,chip_204_506_merged.tif,0.4,0,1235576675,78,30.941,33.8367,2.8957
300M,chip_204_506_merged.tif,0.4,1,854970044,78,30.3891,33.6637,3.2746
300M,chip_204_506_merged.tif,0.4,2,474363413,78,31.8204,34.2509,2.4305
300M,chip_204_506_merged.tif,0.4,3,2141901543,78,32.1944,33.009,0.8146
300M,chip_204_506_merged.tif,0.4,4,1761294912,78,31.8842,33.024,1.1397
300M,chip_204_506_merged.tif,0.6,0,591617355,117,31.3594,33.0557,1.6963
300M,chip_204_506_merged.tif,0.6,1,111671837,117,31.298,32.4418,1.1438
300M,chip_204_506_merged.tif,0.6,2,1878548854,117,31.6894,32.8781,1.1888
300M,chip_204_506_merged.tif,0.6,3,1398603336,117,30.8097,32.6847,1.8751
300M,chip_204_506_merged.tif,0.6,4,1017996705,117,32.0064,33.5694,1.563
300M,chip_204_506_merged.tif,0.8,0,109025159,156,30.773,32.027,1.2539
300M,chip_204_506_merged.tif,0.8,1,1776563289,156,30.7466,32.0781,1.3315
300M,chip_204_506_merged.tif,0.8,2,1395956658,156,30.722,32.3734,1.6514
300M,chip_204_506_merged.tif,0.8,3,916011140,156,30.7253,32.1052,1.38
300M,chip_204_506_merged.tif,0.8,4,535404509,156,30.7404,31.9009,1.1605
300M,chip_205_329_merged.tif,0.2,0,366143157,39,33.2071,34.8659,1.6588
300M,chip_205_329_merged.tif,0.2,1,2133020174,39,31.7244,35.5027,3.7782
300M,chip_205_329_merged.tif,0.2,2,1653074656,39,32.2022,36.2762,4.074
300M,chip_205_329_merged.tif,0.2,3,1272468025,39,33.7788,34.1536,0.3748
300M,chip_205_329_merged.tif,0.2,4,891861394,39,32.202,35.6299,3.4279
300M,chip_205_329_merged.tif,0.4,0,1547690622,78,29.9104,35.272,5.3616
300M,chip_205_329_merged.tif,0.4,1,1067745104,78,31.3922,34.6779,3.2857
300M,chip_205_329_merged.tif,0.4,2,687138473,78,31.6638,34.2009,2.5372
300M,chip_205_329_merged.tif,0.4,3,306531842,78,31.4331,34.6979,3.2647
300M,chip_205_329_merged.tif,0.4,4,1974069972,78,31.9808,34.9789,2.9981
300M,chip_205_329_merged.tif,0.6,0,1609713265,117,29.8223,34.0779,4.2556
300M,chip_205_329_merged.tif,0.6,1,1229106634,117,30.7789,34.484,3.7051
300M,chip_205_329_merged.tif,0.6,2,749161116,117,31.3802,34.4383,3.0581
300M,chip_205_329_merged.tif,0.6,3,368554485,117,30.6293,33.3588,2.7296
300M,chip_205_329_merged.tif,0.6,4,2036092615,117,30.699,33.9518,3.2528
300M,chip_205_329_merged.tif,0.8,0,1127121069,156,30.6873,32.0108,1.3235
300M,chip_205_329_merged.tif,0.8,1,746514438,156,30.8946,33.1332,2.2386
300M,chip_205_329_merged.tif,0.8,2,266568920,156,30.7897,32.0374,1.2477
300M,chip_205_329_merged.tif,0.8,3,2033445937,156,30.886,32.5731,1.6872
300M,chip_205_329_merged.tif,0.8,4,1652839306,156,31.0281,32.7618,1.7337
300M,chip_206_391_merged.tif,0.2,0,778707919,39,36.1756,38.2095,2.0339
300M,chip_206_391_merged.tif,0.2,1,398101288,39,37.9283,38.9583,1.03
300M,chip_206_391_merged.tif,0.2,2,17494657,39,36.3223,37.6175,1.2953
300M,chip_206_391_merged.tif,0.2,3,1685032787,39,37.5851,39.1,1.5149
300M,chip_206_391_merged.tif,0.2,4,1304426156,39,37.7725,38.0081,0.2357
300M,chip_206_391_merged.tif,0.4,0,618092586,78,37.0441,38.4716,1.4275
300M,chip_206_391_merged.tif,0.4,1,237485955,78,37.2706,38.5006,1.23
300M,chip_206_391_merged.tif,0.4,2,1905024085,78,36.6527,38.0598,1.4071
300M,chip_206_391_merged.tif,0.4,3,1524417454,78,36.6528,38.3781,1.7252
300M,chip_206_391_merged.tif,0.4,4,1044471936,78,37.4838,37.9292,0.4455
300M,chip_206_391_merged.tif,0.6,0,2022278027,117,36.6127,37.9191,1.3064
300M,chip_206_391_merged.tif,0.6,1,1641671396,117,36.8399,37.8569,1.0169
300M,chip_206_391_merged.tif,0.6,2,1161725878,117,36.3414,37.1954,0.854
300M,chip_206_391_merged.tif,0.6,3,781119247,117,36.8121,37.0636,0.2515
300M,chip_206_391_merged.tif,0.6,4,400512616,117,36.7437,37.2808,0.5371
300M,chip_206_391_merged.tif,0.8,0,1539685831,156,35.7673,37.1033,1.336
300M,chip_206_391_merged.tif,0.8,1,1159079200,156,35.7567,37.0546,1.298
300M,chip_206_391_merged.tif,0.8,2,778472569,156,36.0036,36.8345,0.831
300M,chip_206_391_merged.tif,0.8,3,298527051,156,36.0795,37.0282,0.9486
300M,chip_206_391_merged.tif,0.8,4,2065404068,156,36.0062,36.9686,0.9625
300M,chip_206_401_merged.tif,0.2,0,1823302848,39,37.4061,38.2225,0.8164
300M,chip_206_401_merged.tif,0.2,1,1442696217,39,37.3283,38.2516,0.9234
300M,chip_206_401_merged.tif,0.2,2,962750699,39,34.0771,38.2723,4.1952
300M,chip_206_401_merged.tif,0.2,3,582144068,39,38.3014,38.865,0.5637
300M,chip_206_401_merged.tif,0.2,4,102198550,39,37.6041,37.8964,0.2924
300M,chip_206_401_merged.tif,0.4,0,1662687515,78,37.4739,38.0813,0.6074
300M,chip_206_401_merged.tif,0.4,1,1182741997,78,36.5629,38.0077,1.4448
300M,chip_206_401_merged.tif,0.4,2,802135366,78,36.5622,37.788,1.2258
300M,chip_206_401_merged.tif,0.4,3,322189848,78,37.6002,36.5153,-1.085
300M,chip_206_401_merged.tif,0.4,4,2089066865,78,32.858,36.5362,3.6782
300M,chip_206_401_merged.tif,0.6,0,919389308,117,35.8206,36.8597,1.0391
300M,chip_206_401_merged.tif,0.6,1,439443790,117,35.7498,36.595,0.8452
300M,chip_206_401_merged.tif,0.6,2,58837159,117,35.6498,36.8448,1.195
300M,chip_206_401_merged.tif,0.6,3,1726375289,117,32.9322,35.6455,2.7133
300M,chip_206_401_merged.tif,0.6,4,1345768658,117,36.9218,37.6126,0.6908
300M,chip_206_401_merged.tif,0.8,0,436797112,156,35.7112,35.8078,0.0966
300M,chip_206_401_merged.tif,0.8,1,56190481,156,34.8918,36.4772,1.5853
300M,chip_206_401_merged.tif,0.8,2,1723728611,156,33.7647,35.3975,1.6328
300M,chip_206_401_merged.tif,0.8,3,1343121980,156,34.8566,35.1869,0.3303
300M,chip_206_401_merged.tif,0.8,4,863176462,156,34.8826,35.8237,0.9411
300M,chip_207_334_merged.tif,0.2,0,946565876,39,31.5149,35.1307,3.6159
300M,chip_207_334_merged.tif,0.2,1,466620358,39,30.8432,35.3333,4.4902
300M,chip_207_334_merged.tif,0.2,2,86013727,39,31.0413,35.6491,4.6078
300M,chip_207_334_merged.tif,0.2,3,1753551857,39,31.3654,34.9735,3.6081
300M,chip_207_334_merged.tif,0.2,4,1372945226,39,32.0876,34.6145,2.5269
300M,chip_207_334_merged.tif,0.4,0,2028774454,78,30.8135,34.2297,3.4161
300M,chip_207_334_merged.tif,0.4,1,1648167823,78,31.2199,33.3746,2.1547
300M,chip_207_334_merged.tif,0.4,2,1168222305,78,29.7724,34.0678,4.2955
300M,chip_207_334_merged.tif,0.4,3,787615674,78,29.7706,33.5615,3.7909
300M,chip_207_334_merged.tif,0.4,4,307670156,78,31.2187,34.0795,2.8608
300M,chip_207_334_merged.tif,0.6,0,2090797097,117,29.7954,34.0954,4.3
300M,chip_207_334_merged.tif,0.6,1,1710190466,117,30.4784,32.9484,2.47
300M,chip_207_334_merged.tif,0.6,2,1329583835,117,30.7102,33.0785,2.3683
300M,chip_207_334_merged.tif,0.6,3,849638317,117,29.4806,32.6738,3.1932
300M,chip_207_334_merged.tif,0.6,4,469031686,117,29.4662,32.683,3.2168
300M,chip_207_334_merged.tif,0.8,0,1707543788,156,30.1822,31.6286,1.4464
300M,chip_207_334_merged.tif,0.8,1,1227598270,156,29.5747,31.4429,1.8682
300M,chip_207_334_merged.tif,0.8,2,846991639,156,29.9534,31.5969,1.6434
300M,chip_207_334_merged.tif,0.8,3,367046121,156,29.9472,31.5141,1.5669
300M,chip_207_334_merged.tif,0.8,4,2133923138,156,30.2077,32.4119,2.2042
300M,chip_207_424_merged.tif,0.2,0,1865981474,39,36.5231,36.4947,-0.0284
300M,chip_207_424_merged.tif,0.2,1,1485374843,39,38.6678,36.201,-2.4668
300M,chip_207_424_merged.tif,0.2,2,1005429325,39,33.3432,37.2629,3.9196
300M,chip_207_424_merged.tif,0.2,3,624822694,39,33.6875,35.0488,1.3613
300M,chip_207_424_merged.tif,0.2,4,244216063,39,33.343,34.7358,1.3928
300M,chip_207_424_merged.tif,0.4,0,1705366141,78,31.5247,35.7465,4.2219
300M,chip_207_424_merged.tif,0.4,1,1324759510,78,35.0972,35.497,0.3998
300M,chip_207_424_merged.tif,0.4,2,844813992,78,34.6573,36.1527,1.4955
300M,chip_207_424_merged.tif,0.4,3,464207361,78,34.2349,35.3912,1.1563
300M,chip_207_424_merged.tif,0.4,4,2131745491,78,33.2619,35.4196,2.1577
300M,chip_207_424_merged.tif,0.6,0,962067934,117,33.0824,35.4842,2.4018
300M,chip_207_424_merged.tif,0.6,1,581461303,117,32.2479,35.1539,2.906
300M,chip_207_424_merged.tif,0.6,2,101515785,117,33.3549,35.0018,1.6468
300M,chip_207_424_merged.tif,0.6,3,1868392802,117,34.3148,35.4958,1.181
300M,chip_207_424_merged.tif,0.6,4,1388447284,117,33.838,35.2641,1.4262
300M,chip_207_424_merged.tif,0.8,0,479475738,156,33.0043,33.3599,0.3556
300M,chip_207_424_merged.tif,0.8,1,98869107,156,28.666,33.7366,5.0706
300M,chip_207_424_merged.tif,0.8,2,1766407237,156,28.6354,33.8505,5.2151
300M,chip_207_424_merged.tif,0.8,3,1385800606,156,32.0317,34.5879,2.5562
300M,chip_207_424_merged.tif,0.8,4,905855088,156,32.0531,34.5779,2.5248
300M,chip_208_417_merged.tif,0.2,0,2115812590,39,37.2633,37.712,0.4487
300M,chip_208_417_merged.tif,0.2,1,1735205959,39,36.302,38.3567,2.0547
300M,chip_208_417_merged.tif,0.2,2,1354599328,39,37.0159,38.2753,1.2594
300M,chip_208_417_merged.tif,0.2,3,874653810,39,37.5716,39.195,1.6233
300M,chip_208_417_merged.tif,0.2,4,494047179,39,36.8955,37.7928,0.8973
300M,chip_208_417_merged.tif,0.4,0,1955197257,78,35.1367,37.2333,2.0966
300M,chip_208_417_merged.tif,0.4,1,1574590626,78,36.6117,37.6742,1.0625
300M,chip_208_417_merged.tif,0.4,2,1094645108,78,36.4901,37.2814,0.7914
300M,chip_208_417_merged.tif,0.4,3,714038477,78,35.2336,37.5965,2.3628
300M,chip_208_417_merged.tif,0.4,4,234092959,78,36.4071,37.8434,1.4363
300M,chip_208_417_merged.tif,0.6,0,1211899050,117,36.5905,38.2772,1.6867
300M,chip_208_417_merged.tif,0.6,1,831292419,117,36.3069,37.2635,0.9566
300M,chip_208_417_merged.tif,0.6,2,351346901,117,35.2748,37.6964,2.4216
300M,chip_208_417_merged.tif,0.6,3,2118223918,117,35.194,36.6558,1.4618
300M,chip_208_417_merged.tif,0.6,4,1638278400,117,36.2607,37.228,0.9673
300M,chip_208_417_merged.tif,0.8,0,729306854,156,36.0293,36.0926,0.0633
300M,chip_208_417_merged.tif,0.8,1,348700223,156,33.6674,37.2396,3.5722
300M,chip_208_417_merged.tif,0.8,2,2016238353,156,35.0715,36.3435,1.272
300M,chip_208_417_merged.tif,0.8,3,1635631722,156,36.0599,36.7617,0.7018
300M,chip_208_417_merged.tif,0.8,4,1255025091,156,33.6677,36.3891,2.7214
300M,chip_209_312_merged.tif,0.2,0,1153588232,39,32.8897,35.6274,2.7377
300M,chip_209_312_merged.tif,0.2,1,673642714,39,34.879,36.73,1.851
300M,chip_209_312_merged.tif,0.2,2,293036083,39,31.2708,36.8533,5.5825
300M,chip_209_312_merged.tif,0.2,3,1960574213,39,32.8905,35.9163,3.0258
300M,chip_209_312_merged.tif,0.2,4,1579967582,39,30.8839,36.9614,6.0775
300M,chip_209_312_merged.tif,0.4,0,88313162,78,32.602,34.4097,1.8077
300M,chip_209_312_merged.tif,0.4,1,1855190179,78,32.2557,36.0476,3.7919
300M,chip_209_312_merged.tif,0.4,2,1375244661,78,31.9587,36.4109,4.4522
300M,chip_209_312_merged.tif,0.4,3,994638030,78,32.2562,35.6562,3.4
300M,chip_209_312_merged.tif,0.4,4,514692512,78,32.9293,35.9698,3.0404
300M,chip_209_312_merged.tif,0.6,0,150335805,117,31.9267,35.4002,3.4735
300M,chip_209_312_merged.tif,0.6,1,1917212822,117,31.9466,34.7489,2.8023
300M,chip_209_312_merged.tif,0.6,2,1536606191,117,30.1768,35.4208,5.244
300M,chip_209_312_merged.tif,0.6,3,1056660673,117,32.3296,34.1952,1.8656
300M,chip_209_312_merged.tif,0.6,4,676054042,117,32.7026,34.3052,1.6026
300M,chip_209_312_merged.tif,0.8,0,1914566144,156,31.3179,33.1423,1.8244
300M,chip_209_312_merged.tif,0.8,1,1434620626,156,31.9,32.8125,0.9125
300M,chip_209_312_merged.tif,0.8,2,1054013995,156,30.8,33.5489,2.749
300M,chip_209_312_merged.tif,0.8,3,574068477,156,31.351,32.5591,1.2081
300M,chip_209_312_merged.tif,0.8,4,193461846,156,31.894,31.9993,0.1053
300M,chip_210_444_merged.tif,0.2,0,1810566890,39,31.4968,33.5138,2.017
300M,chip_210_444_merged.tif,0.2,1,1330621372,39,30.253,34.5222,4.2692
300M,chip_210_444_merged.tif,0.2,2,950014741,39,33.527,34.5804,1.0534
300M,chip_210_444_merged.tif,0.2,3,569408110,39,30.2523,33.8473,3.5949
300M,chip_210_444_merged.tif,0.2,4,89462592,39,32.441,34.0279,1.5869
300M,chip_210_444_merged.tif,0.4,0,745291820,78,30.4116,33.911,3.4994
300M,chip_210_444_merged.tif,0.4,1,364685189,78,30.4425,34.004,3.5616
300M,chip_210_444_merged.tif,0.4,2,2131562206,78,30.2469,33.3766,3.1298
300M,chip_210_444_merged.tif,0.4,3,1651616688,78,30.7984,33.4537,2.6553
300M,chip_210_444_merged.tif,0.4,4,1271010057,78,30.3468,33.1111,2.7643
300M,chip_210_444_merged.tif,0.6,0,1993613,117,30.7126,32.1547,1.4421
300M,chip_210_444_merged.tif,0.6,1,1768870630,117,30.6471,31.6633,1.0162
300M,chip_210_444_merged.tif,0.6,2,1388263999,117,30.3312,32.2564,1.9252
300M,chip_210_444_merged.tif,0.6,3,908318481,117,29.8081,32.2331,2.425
300M,chip_210_444_merged.tif,0.6,4,527711850,117,30.8166,32.1342,1.3176
300M,chip_210_444_merged.tif,0.8,0,1766223952,156,29.1994,31.6182,2.4187
300M,chip_210_444_merged.tif,0.8,1,1286278434,156,29.7353,31.2868,1.5515
300M,chip_210_444_merged.tif,0.8,2,905671803,156,29.7237,30.8952,1.1716
300M,chip_210_444_merged.tif,0.8,3,425726285,156,30.3334,31.3219,0.9885
300M,chip_210_444_merged.tif,0.8,4,45119654,156,29.2033,31.1875,1.9842
300M,chip_210_466_merged.tif,0.2,0,1846965993,39,34.2059,36.6005,2.3946
300M,chip_210_466_merged.tif,0.2,1,1367020475,39,36.4475,36.5937,0.1462
300M,chip_210_466_merged.tif,0.2,2,986413844,39,36.4479,37.2195,0.7716
300M,chip_210_466_merged.tif,0.2,3,605807213,39,34.4377,36.6637,2.2259
300M,chip_210_466_merged.tif,0.2,4,125861695,39,33.8879,36.4969,2.609
300M,chip_210_466_merged.tif,0.4,0,781690923,78,33.8713,35.9864,2.1151
300M,chip_210_466_merged.tif,0.4,1,401084292,78,33.8717,35.5234,1.6517
300M,chip_210_466_merged.tif,0.4,2,2068622422,78,35.2628,35.4415,0.1787
300M,chip_210_466_merged.tif,0.4,3,1688015791,78,34.3504,36.4372,2.0868
300M,chip_210_466_merged.tif,0.4,4,1307409160,78,33.9305,36.3146,2.3842
300M,chip_210_466_merged.tif,0.6,0,943052453,117,34.0286,35.7415,1.7129
300M,chip_210_466_merged.tif,0.6,1,463106935,117,34.4224,35.9768,1.5543
300M,chip_210_466_merged.tif,0.6,2,82500304,117,34.4706,34.8669,0.3963
300M,chip_210_466_merged.tif,0.6,3,1750038434,117,34.4424,34.7765,0.3341
300M,chip_210_466_merged.tif,0.6,4,1369431803,117,34.1559,35.5335,1.3776
300M,chip_210_466_merged.tif,0.8,0,460460257,156,34.0589,34.4598,0.401
300M,chip_210_466_merged.tif,0.8,1,2127998387,156,34.0238,34.7187,0.6949
300M,chip_210_466_merged.tif,0.8,2,1747391756,156,34.0033,34.7577,0.7544
300M,chip_210_466_merged.tif,0.8,3,1366785125,156,34.0261,34.481,0.455
300M,chip_210_466_merged.tif,0.8,4,886839607,156,33.9905,34.68,0.6895
300M,chip_211_435_merged.tif,0.2,0,345841537,39,39.2433,39.9967,0.7534
300M,chip_211_435_merged.tif,0.2,1,2112718554,39,38.4006,39.182,0.7814
300M,chip_211_435_merged.tif,0.2,2,1732111923,39,38.1678,39.6883,1.5206
300M,chip_211_435_merged.tif,0.2,3,1252166405,39,38.3098,40.3043,1.9945
300M,chip_211_435_merged.tif,0.2,4,871559774,39,38.6486,39.0757,0.4271
300M,chip_211_435_merged.tif,0.4,0,185226204,78,36.7989,39.2093,2.4104
300M,chip_211_435_merged.tif,0.4,1,1952103221,78,38.143,39.2287,1.0857
300M,chip_211_435_merged.tif,0.4,2,1472157703,78,37.7442,38.9924,1.2482
300M,chip_211_435_merged.tif,0.4,3,1091551072,78,37.2661,39.4712,2.2051
300M,chip_211_435_merged.tif,0.4,4,611605554,78,36.3951,39.8171,3.422
300M,chip_211_435_merged.tif,0.6,0,1589411645,117,36.5049,38.6478,2.1429
300M,chip_211_435_merged.tif,0.6,1,1208805014,117,37.6635,38.6293,0.9657
300M,chip_211_435_merged.tif,0.6,2,728859496,117,38.0266,38.5659,0.5393
300M,chip_211_435_merged.tif,0.6,3,348252865,117,36.4971,38.4754,1.9783
300M,chip_211_435_merged.tif,0.6,4,2015790995,117,36.4847,38.5337,2.049
300M,chip_211_435_merged.tif,0.8,0,1106819449,156,37.4769,38.2092,0.7322
300M,chip_211_435_merged.tif,0.8,1,726212818,156,36.7911,37.4167,0.6257
300M,chip_211_435_merged.tif,0.8,2,345606187,156,36.3624,38.017,1.6546
300M,chip_211_435_merged.tif,0.8,3,2013144317,156,37.4746,38.2314,0.7568
300M,chip_211_435_merged.tif,0.8,4,1632537686,156,37.203,37.9448,0.7418
300M,chip_213_282_merged.tif,0.2,0,1034863744,39,34.6438,40.5939,5.9501
300M,chip_213_282_merged.tif,0.2,1,654257113,39,29.1626,40.3064,11.1439
300M,chip_213_282_merged.tif,0.2,2,174311595,39,38.802,39.9624,1.1604
300M,chip_213_282_merged.tif,0.2,3,1941188612,39,38.8019,41.1611,2.3592
300M,chip_213_282_merged.tif,0.2,4,1560581981,39,38.6997,39.4124,0.7128
300M,chip_213_282_merged.tif,0.4,0,874248411,78,29.8279,40.1005,10.2725
300M,chip_213_282_merged.tif,0.4,1,493641780,78,36.6998,40.2048,3.5051
300M,chip_213_282_merged.tif,0.4,2,13696262,78,30.1367,39.1141,8.9773
300M,chip_213_282_merged.tif,0.4,3,1780573279,78,36.1075,40.279,4.1715
300M,chip_213_282_merged.tif,0.4,4,1300627761,78,36.2214,38.8333,2.6119
300M,chip_213_282_merged.tif,0.6,0,130950204,117,33.924,37.4677,3.5437
300M,chip_213_282_merged.tif,0.6,1,1897827221,117,34.4478,39.2924,4.8446
300M,chip_213_282_merged.tif,0.6,2,1417881703,117,33.5414,38.7171,5.1757
300M,chip_213_282_merged.tif,0.6,3,1037275072,117,35.4914,37.1323,1.6409
300M,chip_213_282_merged.tif,0.6,4,557329554,117,33.803,38.5845,4.7815
300M,chip_213_282_merged.tif,0.8,0,1795841656,156,31.5447,36.6118,5.0672
300M,chip_213_282_merged.tif,0.8,1,1415235025,156,31.5459,33.0646,1.5187
300M,chip_213_282_merged.tif,0.8,2,935289507,156,32.7364,33.4265,0.6901
300M,chip_213_282_merged.tif,0.8,3,554682876,156,31.8348,36.6159,4.7811
300M,chip_213_282_merged.tif,0.8,4,174076245,156,31.424,37.7121,6.2881
300M,chip_213_290_merged.tif,0.2,0,13690942,39,36.7288,37.878,1.1492
300M,chip_213_290_merged.tif,0.2,1,1681229072,39,32.2272,40.2779,8.0507
300M,chip_213_290_merged.tif,0.2,2,1300622441,39,38.163,39.858,1.695
300M,chip_213_290_merged.tif,0.2,3,920015810,39,37.7332,39.1567,1.4235
300M,chip_213_290_merged.tif,0.2,4,440070292,39,32.3875,38.7706,6.3831
300M,chip_213_290_merged.tif,0.4,0,2000559257,78,32.9061,38.3823,5.4762
300M,chip_213_290_merged.tif,0.4,1,1520613739,78,31.9797,38.2799,6.3002
300M,chip_213_290_merged.tif,0.4,2,1140007108,78,32.9059,37.6647,4.7588
300M,chip_213_290_merged.tif,0.4,3,660061590,78,32.3015,38.3622,6.0607
300M,chip_213_290_merged.tif,0.4,4,279454959,78,33.9884,37.4816,3.4933
300M,chip_213_290_merged.tif,0.6,0,1257261050,117,34.9464,37.4174,2.471
300M,chip_213_290_merged.tif,0.6,1,777315532,117,33.5594,36.4498,2.8904
300M,chip_213_290_merged.tif,0.6,2,396708901,117,34.1391,37.5596,3.4206
300M,chip_213_290_merged.tif,0.6,3,2064247031,117,34.0962,35.6562,1.5601
300M,chip_213_290_merged.tif,0.6,4,1683640400,117,33.5886,37.417,3.8284
300M,chip_213_290_merged.tif,0.8,0,774668854,156,31.9612,34.5187,2.5575
300M,chip_213_290_merged.tif,0.8,1,294723336,156,33.0841,33.7975,0.7134
300M,chip_213_290_merged.tif,0.8,2,2061600353,156,32.0145,34.2561,2.2416
300M,chip_213_290_merged.tif,0.8,3,1581654835,156,33.0952,34.3973,1.3022
300M,chip_213_290_merged.tif,0.8,4,1201048204,156,31.5972,34.3586,2.7614
300M,chip_213_391_merged.tif,0.2,0,2091704167,39,36.2873,37.7311,1.4438
300M,chip_213_391_merged.tif,0.2,1,1611758649,39,34.8128,36.6987,1.8859
300M,chip_213_391_merged.tif,0.2,2,1231152018,39,36.0938,38.6541,2.5603
300M,chip_213_391_merged.tif,0.2,3,751206500,39,35.738,36.6305,0.8924
300M,chip_213_391_merged.tif,0.2,4,370599869,39,36.6264,37.0922,0.4658
300M,chip_213_391_merged.tif,0.4,0,1831749947,78,35.7058,37.7368,2.0309
300M,chip_213_391_merged.tif,0.4,1,1451143316,78,35.1814,37.505,2.3236
300M,chip_213_391_merged.tif,0.4,2,1070536685,78,34.8392,37.6306,2.7914
300M,chip_213_391_merged.tif,0.4,3,590591167,78,35.0269,36.4684,1.4414
300M,chip_213_391_merged.tif,0.4,4,209984536,78,34.424,37.672,3.248
300M,chip_213_391_merged.tif,0.6,0,1088451740,117,35.0202,34.4436,-0.5766
300M,chip_213_391_merged.tif,0.6,1,707845109,117,32.877,36.4994,3.6224
300M,chip_213_391_merged.tif,0.6,2,327238478,117,34.8897,36.8062,1.9164
300M,chip_213_391_merged.tif,0.6,3,1994776608,117,35.1503,36.321,1.1706
300M,chip_213_391_merged.tif,0.6,4,1614169977,117,34.8774,36.6284,1.751
300M,chip_213_391_merged.tif,0.8,0,705198431,156,33.1397,35.1716,2.0318
300M,chip_213_391_merged.tif,0.8,1,225252913,156,33.7993,35.0092,1.2099
300M,chip_213_391_merged.tif,0.8,2,1992129930,156,34.3342,36.4245,2.0903
300M,chip_213_391_merged.tif,0.8,3,1512184412,156,33.7766,35.7376,1.9611
300M,chip_213_391_merged.tif,0.8,4,1131577781,156,32.8774,34.6784,1.8011
300M,chip_213_456_merged.tif,0.2,0,1687446733,39,35.9405,36.7589,0.8184
300M,chip_213_456_merged.tif,0.2,1,1207501215,39,36.7113,37.0847,0.3734
300M,chip_213_456_merged.tif,0.2,2,826894584,39,35.9393,35.8971,-0.0423
300M,chip_213_456_merged.tif,0.2,3,346949066,39,35.3893,37.8494,2.4601
300M,chip_213_456_merged.tif,0.2,4,2113826083,39,34.6232,37.3113,2.6882
300M,chip_213_456_merged.tif,0.4,0,1427492513,78,34.4457,36.811,2.3653
300M,chip_213_456_merged.tif,0.4,1,1046885882,78,34.0514,36.886,2.8345
300M,chip_213_456_merged.tif,0.4,2,566940364,78,34.8655,37.2951,2.4296
300M,chip_213_456_merged.tif,0.4,3,186333733,78,34.8754,36.8844,2.009
300M,chip_213_456_merged.tif,0.4,4,1953210750,78,34.6477,37.2129,2.5652
300M,chip_213_456_merged.tif,0.6,0,684194306,117,34.54,36.4204,1.8804
300M,chip_213_456_merged.tif,0.6,1,303587675,117,35.3119,35.6717,0.3599
300M,chip_213_456_merged.tif,0.6,2,2070464692,117,34.1273,36.1567,2.0294
300M,chip_213_456_merged.tif,0.6,3,1590519174,117,34.789,36.6251,1.836
300M,chip_213_456_merged.tif,0.6,4,1209912543,117,35.3032,36.455,1.1518
300M,chip_213_456_merged.tif,0.8,0,300940997,156,34.2069,35.2925,1.0856
300M,chip_213_456_merged.tif,0.8,1,1968479127,156,34.6607,34.6203,-0.0403
300M,chip_213_456_merged.tif,0.8,2,1587872496,156,33.7942,35.3166,1.5224
300M,chip_213_456_merged.tif,0.8,3,1107926978,156,34.241,34.7939,0.5529
300M,chip_213_456_merged.tif,0.8,4,727320347,156,33.2077,35.7022,2.4945
300M,chip_214_307_merged.tif,0.2,0,1944702363,39,31.1768,35.6533,4.4766
300M,chip_214_307_merged.tif,0.2,1,1564095732,39,34.3893,37.938,3.5487
300M,chip_214_307_merged.tif,0.2,2,1084150214,39,33.3059,37.4692,4.1634
300M,chip_214_307_merged.tif,0.2,3,703543583,39,30.2635,37.552,7.2886
300M,chip_214_307_merged.tif,0.2,4,322936952,39,31.1765,36.941,5.7645
300M,chip_214_307_merged.tif,0.4,0,1784087030,78,31.2226,35.6337,4.4111
300M,chip_214_307_merged.tif,0.4,1,1403480399,78,29.3783,37.1667,7.7884
300M,chip_214_307_merged.tif,0.4,2,923534881,78,33.7986,36.8138,3.0152
300M,chip_214_307_merged.tif,0.4,3,542928250,78,33.7988,35.981,2.1823
300M,chip_214_307_merged.tif,0.4,4,62982732,78,29.9218,35.7457,5.8239
300M,chip_214_307_merged.tif,0.6,0,1040788823,117,32.267,35.957,3.69
300M,chip_214_307_merged.tif,0.6,1,660182192,117,32.1439,36.0395,3.8956
300M,chip_214_307_merged.tif,0.6,2,180236674,117,30.1901,35.8179,5.6278
300M,chip_214_307_merged.tif,0.6,3,1947113691,117,30.0732,34.6517,4.5785
300M,chip_214_307_merged.tif,0.6,4,1467168173,117,32.1066,35.8399,3.7333
300M,chip_214_307_merged.tif,0.8,0,558196627,156,30.8716,33.1373,2.2657
300M,chip_214_307_merged.tif,0.8,1,177589996,156,31.0175,33.9582,2.9407
300M,chip_214_307_merged.tif,0.8,2,1845128126,156,30.6575,33.623,2.9656
300M,chip_214_307_merged.tif,0.8,3,1464521495,156,31.0816,33.7675,2.6859
300M,chip_214_307_merged.tif,0.8,4,1083914864,156,31.0776,33.671,2.5935
300M,chip_214_311_merged.tif,0.2,0,35185037,39,32.8913,37.2193,4.328
300M,chip_214_311_merged.tif,0.2,1,1802062054,39,32.9549,36.3542,3.3993
300M,chip_214_311_merged.tif,0.2,2,1421455423,39,34.4474,34.5145,0.0671
300M,chip_214_311_merged.tif,0.2,3,941509905,39,33.1148,37.3066,4.1918
300M,chip_214_311_merged.tif,0.2,4,560903274,39,28.7703,36.8875,8.1172
300M,chip_214_311_merged.tif,0.4,0,1216732502,78,33.5155,35.8641,2.3486
300M,chip_214_311_merged.tif,0.4,1,736786984,78,31.6714,34.578,2.9066
300M,chip_214_311_merged.tif,0.4,2,356180353,78,31.6709,36.0009,4.3299
300M,chip_214_311_merged.tif,0.4,3,2123057370,78,32.6028,35.7459,3.1431
300M,chip_214_311_merged.tif,0.4,4,1643111852,78,32.9801,34.7316,1.7515
300M,chip_214_311_merged.tif,0.6,0,1278755145,117,32.4402,34.6824,2.2422
300M,chip_214_311_merged.tif,0.6,1,898148514,117,32.3301,32.1433,-0.1868
300M,chip_214_311_merged.tif,0.6,2,418202996,117,32.7486,32.2698,-0.4788
300M,chip_214_311_merged.tif,0.6,3,37596365,117,32.511,32.5446,0.0335
300M,chip_214_311_merged.tif,0.6,4,1705134495,117,30.6196,34.1945,3.5749
300M,chip_214_311_merged.tif,0.8,0,796162949,156,31.081,31.4404,0.3593
300M,chip_214_311_merged.tif,0.8,1,415556318,156,31.0186,33.5131,2.4945
300M,chip_214_311_merged.tif,0.8,2,34949687,156,31.0022,31.2742,0.2719
300M,chip_214_311_merged.tif,0.8,3,1702487817,156,31.0656,32.984,1.9184
300M,chip_214_311_merged.tif,0.8,4,1321881186,156,31.112,32.9485,1.8365
300M,chip_214_329_merged.tif,0.2,0,810533986,39,31.8331,34.9549,3.1217
300M,chip_214_329_merged.tif,0.2,1,330588468,39,31.3879,33.8608,2.473
300M,chip_214_329_merged.tif,0.2,2,2097465485,39,31.1411,35.1763,4.0352
300M,chip_214_329_merged.tif,0.2,3,1617519967,39,31.3579,34.9525,3.5947
300M,chip_214_329_merged.tif,0.2,4,1236913336,39,31.8517,32.8183,0.9666
300M,chip_214_329_merged.tif,0.4,0,1892742564,78,31.1428,33.6902,2.5474
300M,chip_214_329_merged.tif,0.4,1,1512135933,78,30.3259,33.1964,2.8705
300M,chip_214_329_merged.tif,0.4,2,1032190415,78,30.0369,33.4164,3.3795
300M,chip_214_329_merged.tif,0.4,3,651583784,78,30.8845,34.1854,3.301
300M,chip_214_329_merged.tif,0.4,4,171638266,78,31.2321,34.0419,2.8098
300M,chip_214_329_merged.tif,0.6,0,1954765207,117,29.5757,32.8806,3.3049
300M,chip_214_329_merged.tif,0.6,1,1574158576,117,31.0635,32.5081,1.4446
300M,chip_214_329_merged.tif,0.6,2,1193551945,117,29.7414,31.1411,1.3997
300M,chip_214_329_merged.tif,0.6,3,713606427,117,30.9582,33.0606,2.1024
300M,chip_214_329_merged.tif,0.6,4,332999796,117,29.5882,32.9207,3.3325
300M,chip_214_329_merged.tif,0.8,0,1571511898,156,30.0988,31.6977,1.599
300M,chip_214_329_merged.tif,0.8,1,1091566380,156,29.7291,31.4779,1.7488
300M,chip_214_329_merged.tif,0.8,2,710959749,156,29.7289,31.7311,2.0022
300M,chip_214_329_merged.tif,0.8,3,231014231,156,30.1379,31.5856,1.4477
300M,chip_214_329_merged.tif,0.8,4,1997891248,156,30.1248,32.0721,1.9473
300M,chip_214_429_merged.tif,0.2,0,403555867,39,40.0564,41.4625,1.4061
300M,chip_214_429_merged.tif,0.2,1,22949236,39,40.5021,40.4599,-0.0422
300M,chip_214_429_merged.tif,0.2,2,1690487366,39,40.8084,40.5519,-0.2566
300M,chip_214_429_merged.tif,0.2,3,1309880735,39,40.6543,40.4935,-0.1608
300M,chip_214_429_merged.tif,0.2,4,829935217,39,39.7568,41.3797,1.6229
300M,chip_214_429_merged.tif,0.4,0,242940534,78,40.1184,41.4346,1.3162
300M,chip_214_429_merged.tif,0.4,1,1910478664,78,38.5822,40.61,2.0278
300M,chip_214_429_merged.tif,0.4,2,1529872033,78,39.6313,40.6724,1.0411
300M,chip_214_429_merged.tif,0.4,3,1149265402,78,40.0063,40.8508,0.8446
300M,chip_214_429_merged.tif,0.4,4,669319884,78,39.5644,40.2115,0.647
300M,chip_214_429_merged.tif,0.6,0,1647125975,117,39.7548,39.7427,-0.0121
300M,chip_214_429_merged.tif,0.6,1,1167180457,117,39.9331,40.5098,0.5767
300M,chip_214_429_merged.tif,0.6,2,786573826,117,39.8604,40.3141,0.4536
300M,chip_214_429_merged.tif,0.6,3,405967195,117,39.8365,40.7194,0.8829
300M,chip_214_429_merged.tif,0.6,4,2073505325,117,39.7097,40.3176,0.6079
300M,chip_214_429_merged.tif,0.8,0,1164533779,156,39.3911,40.2024,0.8112
300M,chip_214_429_merged.tif,0.8,1,783927148,156,39.497,39.7848,0.2877
300M,chip_214_429_merged.tif,0.8,2,303981630,156,38.7154,40.145,1.4296
300M,chip_214_429_merged.tif,0.8,3,2070858647,156,38.6786,40.4808,1.8022
300M,chip_214_429_merged.tif,0.8,4,1590913129,156,38.734,40.1726,1.4386
300M,chip_215_309_merged.tif,0.2,0,1129533677,39,33.5859,35.0436,1.4577
300M,chip_215_309_merged.tif,0.2,1,649588159,39,32.8778,36.4746,3.5968
300M,chip_215_309_merged.tif,0.2,2,268981528,39,34.43,36.0791,1.6491
300M,chip_215_309_merged.tif,0.2,3,1936519658,39,29.0315,35.0955,6.0639
300M,chip_215_309_merged.tif,0.2,4,1555913027,39,33.2325,34.8279,1.5954
300M,chip_215_309_merged.tif,0.4,0,64258607,78,32.59,35.2649,2.6749
300M,chip_215_309_merged.tif,0.4,1,1831135624,78,29.5407,34.3829,4.8423
300M,chip_215_309_merged.tif,0.4,2,1351190106,78,29.2593,34.7624,5.5031
300M,chip_215_309_merged.tif,0.4,3,970583475,78,31.4334,34.7108,3.2774
300M,chip_215_309_merged.tif,0.4,4,589976844,78,31.031,33.7986,2.7676
300M,chip_215_309_merged.tif,0.6,0,126281250,117,31.6221,34.2672,2.6451
300M,chip_215_309_merged.tif,0.6,1,1893158267,117,29.3746,34.0058,4.6312
300M,chip_215_309_merged.tif,0.6,2,1512551636,117,29.7025,33.888,4.1855
300M,chip_215_309_merged.tif,0.6,3,1032606118,117,32.0868,33.7804,1.6937
300M,chip_215_309_merged.tif,0.6,4,651999487,117,31.7738,34.2403,2.4664
300M,chip_215_309_merged.tif,0.8,0,1890511589,156,29.7567,31.4802,1.7235
300M,chip_215_309_merged.tif,0.8,1,1410566071,156,30.3246,32.1802,1.8556
300M,chip_215_309_merged.tif,0.8,2,1029959440,156,29.6161,32.5663,2.9502
300M,chip_215_309_merged.tif,0.8,3,550013922,156,30.1032,31.4787,1.3755
300M,chip_215_309_merged.tif,0.8,4,169407291,156,29.6157,31.8348,2.2191
300M,chip_215_310_merged.tif,0.2,0,666833321,39,31.1673,35.226,4.0588
300M,chip_215_310_merged.tif,0.2,1,286226690,39,33.3357,35.0685,1.7329
300M,chip_215_310_merged.tif,0.2,2,2053103707,39,31.3569,37.0143,5.6574
300M,chip_215_310_merged.tif,0.2,3,1573158189,39,31.6068,36.2365,4.6297
300M,chip_215_310_merged.tif,0.2,4,1192551558,39,31.7756,35.3781,3.6025
300M,chip_215_310_merged.tif,0.4,0,1848380786,78,31.5878,35.4243,3.8365
300M,chip_215_310_merged.tif,0.4,1,1368435268,78,31.2878,34.7454,3.4576
300M,chip_215_310_merged.tif,0.4,2,987828637,78,31.5879,35.1047,3.5168
300M,chip_215_310_merged.tif,0.4,3,607222006,78,31.102,35.3377,4.2357
300M,chip_215_310_merged.tif,0.4,4,127276488,78,32.8381,34.3981,1.56
300M,chip_215_310_merged.tif,0.6,0,1910403429,117,30.9961,33.5913,2.5951
300M,chip_215_310_merged.tif,0.6,1,1529796798,117,30.5867,34.1507,3.564
300M,chip_215_310_merged.tif,0.6,2,1049851280,117,31.0734,33.4125,2.3391
300M,chip_215_310_merged.tif,0.6,3,669244649,117,30.5834,33.2196,2.6362
300M,chip_215_310_merged.tif,0.6,4,189299131,117,31.7546,32.927,1.1723
300M,chip_215_310_merged.tif,0.8,0,1427811233,156,31.117,32.524,1.407
300M,chip_215_310_merged.tif,0.8,1,1047204602,156,31.2116,32.0759,0.8643
300M,chip_215_310_merged.tif,0.8,2,666597971,156,31.2144,31.7268,0.5124
300M,chip_215_310_merged.tif,0.8,3,186652453,156,30.7448,31.821,1.0762
300M,chip_215_310_merged.tif,0.8,4,1953529470,156,31.1885,32.6535,1.465
300M,chip_216_454_merged.tif,0.2,0,440083730,39,33.8143,36.179,2.3647
300M,chip_216_454_merged.tif,0.2,1,2107621860,39,33.8569,36.0798,2.2229
300M,chip_216_454_merged.tif,0.2,2,1727015229,39,33.8564,37.0929,3.2366
300M,chip_216_454_merged.tif,0.2,3,1346408598,39,33.9483,36.2234,2.275
300M,chip_216_454_merged.tif,0.2,4,866463080,39,33.7159,36.2712,2.5553
300M,chip_216_454_merged.tif,0.4,0,279468397,78,32.9013,35.5203,2.619
300M,chip_216_454_merged.tif,0.4,1,1947006527,78,33.9343,35.9389,2.0046
300M,chip_216_454_merged.tif,0.4,2,1566399896,78,32.7453,34.969,2.2236
300M,chip_216_454_merged.tif,0.4,3,1086454378,78,32.9009,35.5378,2.6369
300M,chip_216_454_merged.tif,0.4,4,705847747,78,34.9174,36.5211,1.6038
300M,chip_216_454_merged.tif,0.6,0,1683653838,117,33.1713,35.5694,2.3981
300M,chip_216_454_merged.tif,0.6,1,1203708320,117,32.6894,33.884,1.1946
300M,chip_216_454_merged.tif,0.6,2,823101689,117,32.4568,34.9963,2.5396
300M,chip_216_454_merged.tif,0.6,3,343156171,117,32.4966,34.4301,1.9335
300M,chip_216_454_merged.tif,0.6,4,2110033188,117,32.5161,35.0394,2.5233
300M,chip_216_454_merged.tif,0.8,0,1201061642,156,32.8329,33.5446,0.7117
300M,chip_216_454_merged.tif,0.8,1,721116124,156,32.0361,33.2357,1.1996
300M,chip_216_454_merged.tif,0.8,2,340509493,156,32.3234,34.2548,1.9314
300M,chip_216_454_merged.tif,0.8,3,2107386510,156,32.006,33.9157,1.9097
300M,chip_216_454_merged.tif,0.8,4,1627440992,156,32.0443,33.8505,1.8061
300M,chip_217_287_merged.tif,0.2,0,232801549,39,34.7103,38.9995,4.2892
300M,chip_217_287_merged.tif,0.2,1,1900339679,39,33.1891,38.4397,5.2506
300M,chip_217_287_merged.tif,0.2,2,1519733048,39,34.7087,39.0343,4.3256
300M,chip_217_287_merged.tif,0.2,3,1139126417,39,33.4037,39.2688,5.865
300M,chip_217_287_merged.tif,0.2,4,659180899,39,37.7225,37.1601,-0.5624
300M,chip_217_287_merged.tif,0.4,0,1315010127,78,35.8174,38.0599,2.2425
300M,chip_217_287_merged.tif,0.4,1,934403496,78,33.3804,37.1101,3.7297
300M,chip_217_287_merged.tif,0.4,2,553796865,78,35.8171,38.3045,2.4874
300M,chip_217_287_merged.tif,0.4,3,73851347,78,36.5622,37.642,1.0799
300M,chip_217_287_merged.tif,0.4,4,1840728364,78,35.1895,36.8524,1.6629
300M,chip_217_287_merged.tif,0.6,0,571711920,117,32.1228,37.0205,4.8977
300M,chip_217_287_merged.tif,0.6,1,191105289,117,33.8766,37.6583,3.7817
300M,chip_217_287_merged.tif,0.6,2,1957982306,117,32.125,36.5307,4.4057
300M,chip_217_287_merged.tif,0.6,3,1478036788,117,31.7847,36.7583,4.9736
300M,chip_217_287_merged.tif,0.6,4,1097430157,117,33.2862,37.7705,4.4843
300M,chip_217_287_merged.tif,0.8,0,188458611,156,32.1151,34.814,2.6989
300M,chip_217_287_merged.tif,0.8,1,1855996741,156,33.8838,35.3606,1.4767
300M,chip_217_287_merged.tif,0.8,2,1475390110,156,33.4394,34.7594,1.32
300M,chip_217_287_merged.tif,0.8,3,995444592,156,32.8023,35.2699,2.4675
300M,chip_217_287_merged.tif,0.8,4,614837961,156,33.8742,34.2782,0.404
300M,chip_217_425_merged.tif,0.2,0,477109852,39,30.4306,32.1094,1.6788
300M,chip_217_425_merged.tif,0.2,1,2144647982,39,31.0972,32.9902,1.8929
300M,chip_217_425_merged.tif,0.2,2,1764041351,39,29.5502,32.0155,2.4653
300M,chip_217_425_merged.tif,0.2,3,1284095833,39,28.7894,31.7714,2.982
300M,chip_217_425_merged.tif,0.2,4,903489202,39,30.4305,33.3073,2.8769
300M,chip_217_425_merged.tif,0.4,0,217155632,78,30.4946,32.564,2.0694
300M,chip_217_425_merged.tif,0.4,1,1984032649,78,29.5651,31.0224,1.4573
300M,chip_217_425_merged.tif,0.4,2,1603426018,78,29.517,32.5982,3.0812
300M,chip_217_425_merged.tif,0.4,3,1123480500,78,30.0414,31.7359,1.6945
300M,chip_217_425_merged.tif,0.4,4,742873869,78,30.1751,30.7819,0.6068
300M,chip_217_425_merged.tif,0.6,0,1720679960,117,29.3641,31.5125,2.1483
300M,chip_217_425_merged.tif,0.6,1,1240734442,117,29.3238,31.2631,1.9392
300M,chip_217_425_merged.tif,0.6,2,860127811,117,30.6238,31.0522,0.4284
300M,chip_217_425_merged.tif,0.6,3,380182293,117,29.3469,31.3847,2.0377
300M,chip_217_425_merged.tif,0.6,4,2147059310,117,29.3648,30.8356,1.4708
300M,chip_217_425_merged.tif,0.8,0,1238087764,156,29.7679,30.659,0.8911
300M,chip_217_425_merged.tif,0.8,1,758142246,156,28.3184,29.9866,1.6682
300M,chip_217_425_merged.tif,0.8,2,377535615,156,29.694,30.4087,0.7147
300M,chip_217_425_merged.tif,0.8,3,2045073745,156,29.2254,29.883,0.6575
300M,chip_217_425_merged.tif,0.8,4,1664467114,156,29.2195,30.3105,1.091
300M,chip_218_293_merged.tif,0.2,0,21838838,39,36.6636,41.1664,4.5028
300M,chip_218_293_merged.tif,0.2,1,1788715855,39,38.2781,42.4239,4.1458
300M,chip_218_293_merged.tif,0.2,2,1308770337,39,39.3755,42.4473,3.0718
300M,chip_218_293_merged.tif,0.2,3,928163706,39,36.7786,43.2017,6.4231
300M,chip_218_293_merged.tif,0.2,4,547557075,39,38.1739,42.6238,4.4499
300M,chip_218_293_merged.tif,0.4,0,1155768290,78,37.5877,41.6096,4.022
300M,chip_218_293_merged.tif,0.4,1,775161659,78,37.5898,40.4563,2.8664
300M,chip_218_293_merged.tif,0.4,2,295216141,78,37.7035,40.8522,3.1488
300M,chip_218_293_merged.tif,0.4,3,2062093158,78,37.1649,39.2563,2.0914
300M,chip_218_293_merged.tif,0.4,4,1681486527,78,37.1634,41.8518,4.6885
300M,chip_218_293_merged.tif,0.6,0,1265408946,117,36.5495,40.6137,4.0642
300M,chip_218_293_merged.tif,0.6,1,884802315,117,35.4205,40.7127,5.2922
300M,chip_218_293_merged.tif,0.6,2,404856797,117,35.7695,39.7455,3.9761
300M,chip_218_293_merged.tif,0.6,3,24250166,117,35.6041,39.1251,3.521
300M,chip_218_293_merged.tif,0.6,4,1691788296,117,35.7327,40.0529,4.3202
300M,chip_218_293_merged.tif,0.8,0,2077361535,156,35.0843,38.0028,2.9184
300M,chip_218_293_merged.tif,0.8,1,1696754904,156,35.4366,38.3258,2.8891
300M,chip_218_293_merged.tif,0.8,2,1316148273,156,35.5246,39.2653,3.7407
300M,chip_218_293_merged.tif,0.8,3,836202755,156,36.1487,38.3179,2.1692
300M,chip_218_293_merged.tif,0.8,4,455596124,156,35.4736,38.672,3.1984
300M,chip_218_306_merged.tif,0.2,0,112697141,39,34.6082,37.3415,2.7333
300M,chip_218_306_merged.tif,0.2,1,1879574158,39,36.507,36.8454,0.3384
300M,chip_218_306_merged.tif,0.2,2,1399628640,39,34.2466,36.6262,2.3795
300M,chip_218_306_merged.tif,0.2,3,1019022009,39,34.6076,37.1227,2.5151
300M,chip_218_306_merged.tif,0.2,4,638415378,39,30.8214,36.4296,5.6082
300M,chip_218_306_merged.tif,0.4,0,2099565456,78,33.0698,36.6724,3.6027
300M,chip_218_306_merged.tif,0.4,1,1718958825,78,30.4601,36.3767,5.9166
300M,chip_218_306_merged.tif,0.4,2,1239013307,78,32.3855,37.2478,4.8623
300M,chip_218_306_merged.tif,0.4,3,858406676,78,33.9134,36.7505,2.8371
300M,chip_218_306_merged.tif,0.4,4,378461158,78,30.4614,36.2514,5.79
300M,chip_218_306_merged.tif,0.6,0,1356267249,117,32.4844,36.18,3.6956
300M,chip_218_306_merged.tif,0.6,1,975660618,117,33.7469,34.9622,1.2153
300M,chip_218_306_merged.tif,0.6,2,495715100,117,32.9983,34.9479,1.9497
300M,chip_218_306_merged.tif,0.6,3,115108469,117,33.0111,35.8473,2.8361
300M,chip_218_306_merged.tif,0.6,4,1782646599,117,32.4903,35.9727,3.4824
300M,chip_218_306_merged.tif,0.8,0,873675053,156,31.9189,32.743,0.8241
300M,chip_218_306_merged.tif,0.8,1,493068422,156,33.0344,33.9037,0.8693
300M,chip_218_306_merged.tif,0.8,2,13122904,156,33.0252,34.1076,1.0823
300M,chip_218_306_merged.tif,0.8,3,1779999921,156,31.9006,33.8255,1.9249
300M,chip_218_306_merged.tif,0.8,4,1399393290,156,31.893,35.2129,3.3199
300M,chip_218_423_merged.tif,0.2,0,1926787953,39,30.4677,33.9722,3.5046
300M,chip_218_423_merged.tif,0.2,1,1446842435,39,30.8911,34.7462,3.8551
300M,chip_218_423_merged.tif,0.2,2,1066235804,39,32.3709,34.6841,2.3132
300M,chip_218_423_merged.tif,0.2,3,586290286,39,30.7461,34.9019,4.1558
300M,chip_218_423_merged.tif,0.2,4,205683655,39,31.8003,34.1366,2.3363
300M,chip_218_423_merged.tif,0.4,0,861512883,78,30.7647,34.3566,3.5919
300M,chip_218_423_merged.tif,0.4,1,480906252,78,31.6858,33.7895,2.1037
300M,chip_218_423_merged.tif,0.4,2,960734,78,31.3093,33.9391,2.6298
300M,chip_218_423_merged.tif,0.4,3,1767837751,78,31.7961,34.1449,2.3488
300M,chip_218_423_merged.tif,0.4,4,1287892233,78,31.4187,33.5257,2.107
300M,chip_218_423_merged.tif,0.6,0,923535526,117,31.0763,31.6527,0.5764
300M,chip_218_423_merged.tif,0.6,1,542928895,117,31.1893,32.9134,1.7241
300M,chip_218_423_merged.tif,0.6,2,162322264,117,29.9062,32.5789,2.6727
300M,chip_218_423_merged.tif,0.6,3,1829860394,117,31.1668,32.3718,1.2051
300M,chip_218_423_merged.tif,0.6,4,1449253763,117,31.1859,31.7431,0.5571
300M,chip_218_423_merged.tif,0.8,0,540282217,156,30.4206,32.1408,1.7201
300M,chip_218_423_merged.tif,0.8,1,60336699,156,29.781,31.7751,1.9941
300M,chip_218_423_merged.tif,0.8,2,1827213716,156,30.4224,31.7209,1.2985
300M,chip_218_423_merged.tif,0.8,3,1347268198,156,30.4114,31.119,0.7076
300M,chip_218_423_merged.tif,0.8,4,966661567,156,30.4316,31.4831,1.0515
300M,chip_218_437_merged.tif,0.2,0,652607579,39,38.5975,40.46,1.8625
300M,chip_218_437_merged.tif,0.2,1,272000948,39,37.4856,39.8132,2.3276
300M,chip_218_437_merged.tif,0.2,2,2038877965,39,39.1362,40.2448,1.1086
300M,chip_218_437_merged.tif,0.2,3,1558932447,39,38.9835,39.7334,0.7499
300M,chip_218_437_merged.tif,0.2,4,1178325816,39,39.669,39.5579,-0.1111
300M,chip_218_437_merged.tif,0.4,0,1834155044,78,39.4235,39.7905,0.3669
300M,chip_218_437_merged.tif,0.4,1,1453548413,78,38.1411,39.1744,1.0332
300M,chip_218_437_merged.tif,0.4,2,973602895,78,38.5852,39.8305,1.2453
300M,chip_218_437_merged.tif,0.4,3,592996264,78,38.4345,39.0971,0.6625
300M,chip_218_437_merged.tif,0.4,4,113050746,78,38.8113,39.2511,0.4398
300M,chip_218_437_merged.tif,0.6,0,1896177687,117,38.6049,39.1863,0.5813
300M,chip_218_437_merged.tif,0.6,1,1515571056,117,37.5921,38.1029,0.5108
300M,chip_218_437_merged.tif,0.6,2,1035625538,117,38.5222,38.2463,-0.276
300M,chip_218_437_merged.tif,0.6,3,655018907,117,37.581,38.6076,1.0267
300M,chip_218_437_merged.tif,0.6,4,274412276,117,38.615,38.4841,-0.1309
300M,chip_218_437_merged.tif,0.8,0,1413585491,156,37.5042,38.0849,0.5807
300M,chip_218_437_merged.tif,0.8,1,1032978860,156,38.1621,38.2911,0.129
300M,chip_218_437_merged.tif,0.8,2,652372229,156,38.4735,38.2623,-0.2111
300M,chip_218_437_merged.tif,0.8,3,172426711,156,36.9499,38.2212,1.2713
300M,chip_218_437_merged.tif,0.8,4,1939303728,156,38.4604,38.3093,-0.1511
300M,chip_219_333_merged.tif,0.2,0,1766220027,39,33.2931,35.7704,2.4773
300M,chip_219_333_merged.tif,0.2,1,1286274509,39,32.6819,34.6633,1.9814
300M,chip_219_333_merged.tif,0.2,2,905667878,39,32.8418,35.1092,2.2674
300M,chip_219_333_merged.tif,0.2,3,525061247,39,31.1128,35.0686,3.9557
300M,chip_219_333_merged.tif,0.2,4,45115729,39,31.2957,36.5002,5.2045
300M,chip_219_333_merged.tif,0.4,0,700944957,78,30.8382,35.1929,4.3547
300M,chip_219_333_merged.tif,0.4,1,320338326,78,31.4625,34.7906,3.328
300M,chip_219_333_merged.tif,0.4,2,2087215343,78,31.1337,33.6824,2.5487
300M,chip_219_333_merged.tif,0.4,3,1607269825,78,32.3061,34.7235,2.4174
300M,chip_219_333_merged.tif,0.4,4,1226663194,78,30.8655,34.3126,3.4471
300M,chip_219_333_merged.tif,0.6,0,2105130398,117,31.8064,33.4715,1.6652
300M,chip_219_333_merged.tif,0.6,1,1724523767,117,31.6607,32.9003,1.2397
300M,chip_219_333_merged.tif,0.6,2,1343917136,117,31.3193,33.5708,2.2515
300M,chip_219_333_merged.tif,0.6,3,863971618,117,31.7001,33.4851,1.785
300M,chip_219_333_merged.tif,0.6,4,483364987,117,31.1375,33.4583,2.3208
300M,chip_219_333_merged.tif,0.8,0,1721877089,156,31.5062,32.5855,1.0793
300M,chip_219_333_merged.tif,0.8,1,1241931571,156,30.9943,32.3305,1.3362
300M,chip_219_333_merged.tif,0.8,2,861324940,156,30.4566,32.0703,1.6137
300M,chip_219_333_merged.tif,0.8,3,381379422,156,31.5721,32.6452,1.0731
300M,chip_219_333_merged.tif,0.8,4,772791,156,31.8022,31.6806,-0.1217
300M,chip_219_603_merged.tif,0.2,0,1916114929,39,33.8891,34.4402,0.5511
300M,chip_219_603_merged.tif,0.2,1,1436169411,39,34.4834,35.0208,0.5374
300M,chip_219_603_merged.tif,0.2,2,1055562780,39,35.0476,35.01,-0.0376
300M,chip_219_603_merged.tif,0.2,3,575617262,39,30.7168,34.0559,3.3392
300M,chip_219_603_merged.tif,0.2,4,195010631,39,33.9808,35.4012,1.4204
300M,chip_219_603_merged.tif,0.4,0,850839859,78,31.6776,34.2938,2.6162
300M,chip_219_603_merged.tif,0.4,1,470233228,78,34.0273,33.9177,-0.1096
300M,chip_219_603_merged.tif,0.4,2,2137771358,78,30.6678,34.4323,3.7645
300M,chip_219_603_merged.tif,0.4,3,1757164727,78,33.7622,34.0384,0.2761
300M,chip_219_603_merged.tif,0.4,4,1277219209,78,31.6768,33.935,2.2582
300M,chip_219_603_merged.tif,0.6,0,912862502,117,31.3402,34.224,2.8837
300M,chip_219_603_merged.tif,0.6,1,532255871,117,33.1826,33.3667,0.1841
300M,chip_219_603_merged.tif,0.6,2,151649240,117,32.2496,33.4091,1.1594
300M,chip_219_603_merged.tif,0.6,3,1819187370,117,31.6581,33.5365,1.8784
300M,chip_219_603_merged.tif,0.6,4,1438580739,117,30.7433,33.58,2.8367
300M,chip_219_603_merged.tif,0.8,0,529609193,156,31.8115,32.8114,0.9999
300M,chip_219_603_merged.tif,0.8,1,49663675,156,32.0966,32.5985,0.5019
300M,chip_219_603_merged.tif,0.8,2,1816540692,156,31.0937,32.9945,1.9008
300M,chip_219_603_merged.tif,0.8,3,1336595174,156,31.5785,33.0285,1.45
300M,chip_219_603_merged.tif,0.8,4,955988543,156,32.1166,32.5875,0.4709
300M,chip_220_184_merged.tif,0.2,0,713419856,39,32.3845,39.0473,6.6629
300M,chip_220_184_merged.tif,0.2,1,332813225,39,33.9256,37.7437,3.8182
300M,chip_220_184_merged.tif,0.2,2,2000351355,39,33.8561,39.0172,5.161
300M,chip_220_184_merged.tif,0.2,3,1619744724,39,33.4042,36.0736,2.6694
300M,chip_220_184_merged.tif,0.2,4,1139799206,39,34.0877,38.1199,4.0321
300M,chip_220_184_merged.tif,0.4,0,552804523,78,30.5462,33.6687,3.1225
300M,chip_220_184_merged.tif,0.4,1,72859005,78,30.5485,38.3946,7.8461
300M,chip_220_184_merged.tif,0.4,2,1839736022,78,32.2242,37.0379,4.8137
300M,chip_220_184_merged.tif,0.4,3,1459129391,78,30.5452,38.3095,7.7643
300M,chip_220_184_merged.tif,0.4,4,979183873,78,34.3454,37.8711,3.5257
300M,chip_220_184_merged.tif,0.6,0,1956989964,117,31.7684,37.0477,5.2793
300M,chip_220_184_merged.tif,0.6,1,1477044446,117,30.483,36.1197,5.6366
300M,chip_220_184_merged.tif,0.6,2,1096437815,117,31.2187,36.7695,5.5508
300M,chip_220_184_merged.tif,0.6,3,715831184,117,31.3617,36.9049,5.5432
300M,chip_220_184_merged.tif,0.6,4,235885666,117,31.3279,34.6427,3.3148
300M,chip_220_184_merged.tif,0.8,0,1474397768,156,31.1743,33.5056,2.3313
300M,chip_220_184_merged.tif,0.8,1,1093791137,156,31.687,34.1528,2.4658
300M,chip_220_184_merged.tif,0.8,2,613845619,156,32.1411,34.1573,2.0162
300M,chip_220_184_merged.tif,0.8,3,233238988,156,32.3261,35.3414,3.0154
300M,chip_220_184_merged.tif,0.8,4,1900777118,156,31.7134,32.6938,0.9805
300M,chip_220_257_merged.tif,0.2,0,1968218447,39,29.404,36.4987,7.0946
300M,chip_220_257_merged.tif,0.2,1,1587611816,39,29.4059,35.7806,6.3747
300M,chip_220_257_merged.tif,0.2,2,1107666298,39,37.7723,36.7954,-0.9769
300M,chip_220_257_merged.tif,0.2,3,727059667,39,29.4039,36.2363,6.8324
300M,chip_220_257_merged.tif,0.2,4,247114149,39,30.0836,34.2978,4.2142
300M,chip_220_257_merged.tif,0.4,0,902943377,78,29.3636,33.7893,4.4258
300M,chip_220_257_merged.tif,0.4,1,522336746,78,30.7407,33.3831,2.6424
300M,chip_220_257_merged.tif,0.4,2,141730115,78,30.5789,33.8067,3.2277
300M,chip_220_257_merged.tif,0.4,3,1809268245,78,29.1166,34.9548,5.8382
300M,chip_220_257_merged.tif,0.4,4,1428661614,78,29.1164,34.6272,5.5108
300M,chip_220_257_merged.tif,0.6,0,1064304907,117,31.8917,33.2557,1.364
300M,chip_220_257_merged.tif,0.6,1,584359389,117,31.8794,34.2877,2.4083
300M,chip_220_257_merged.tif,0.6,2,203752758,117,29.8158,32.9159,3.1001
300M,chip_220_257_merged.tif,0.6,3,1871290888,117,29.8035,33.845,4.0415
300M,chip_220_257_merged.tif,0.6,4,1490684257,117,29.8113,32.7068,2.8955
300M,chip_220_257_merged.tif,0.8,0,581712711,156,30.9938,31.4609,0.4671
300M,chip_220_257_merged.tif,0.8,1,201106080,156,30.8679,32.6169,1.7491
300M,chip_220_257_merged.tif,0.8,2,1868644210,156,30.514,31.9652,1.4512
300M,chip_220_257_merged.tif,0.8,3,1488037579,156,30.5038,31.8016,1.2978
300M,chip_220_257_merged.tif,0.8,4,1008092061,156,30.5257,32.788,2.2623
300M,chip_220_306_merged.tif,0.2,0,619737285,39,31.8811,36.4812,4.6001
300M,chip_220_306_merged.tif,0.2,1,239130654,39,30.2992,34.8672,4.568
300M,chip_220_306_merged.tif,0.2,2,1906668784,39,27.688,34.539,6.851
300M,chip_220_306_merged.tif,0.2,3,1526062153,39,29.5306,35.2883,5.7577
300M,chip_220_306_merged.tif,0.2,4,1046116635,39,30.5503,34.6683,4.118
300M,chip_220_306_merged.tif,0.4,0,1701945863,78,28.8713,33.6668,4.7955
300M,chip_220_306_merged.tif,0.4,1,1321339232,78,28.7785,34.1323,5.3538
300M,chip_220_306_merged.tif,0.4,2,940732601,78,28.8916,33.6493,4.7577
300M,chip_220_306_merged.tif,0.4,3,460787083,78,28.5044,33.7003,5.1959
300M,chip_220_306_merged.tif,0.4,4,80180452,78,26.668,34.6036,7.9356
300M,chip_220_306_merged.tif,0.6,0,1057986543,117,28.8754,32.468,3.5927
300M,chip_220_306_merged.tif,0.6,1,578041025,117,28.8969,31.848,2.9511
300M,chip_220_306_merged.tif,0.6,2,197434394,117,28.7206,31.0836,2.363
300M,chip_220_306_merged.tif,0.6,3,1864972524,117,28.7848,32.4192,3.6344
300M,chip_220_306_merged.tif,0.6,4,1484365893,117,27.9979,31.0451,3.0472
300M,chip_220_306_merged.tif,0.8,0,575394347,156,27.5442,29.816,2.2719
300M,chip_220_306_merged.tif,0.8,1,95448829,156,27.3995,30.228,2.8284
300M,chip_220_306_merged.tif,0.8,2,1862325846,156,29.2614,30.1369,0.8754
300M,chip_220_306_merged.tif,0.8,3,1382380328,156,29.2606,31.0254,1.7648
300M,chip_220_306_merged.tif,0.8,4,1001773697,156,27.5136,30.2392,2.7257
300M,chip_220_333_merged.tif,0.2,0,1897973062,39,32.562,35.135,2.5729
300M,chip_220_333_merged.tif,0.2,1,1517366431,39,34.5763,35.0946,0.5183
300M,chip_220_333_merged.tif,0.2,2,1037420913,39,31.6279,35.7334,4.1054
300M,chip_220_333_merged.tif,0.2,3,656814282,39,31.6291,35.9712,4.3421
300M,chip_220_333_merged.tif,0.2,4,276207651,39,34.1401,36.5911,2.451
300M,chip_220_333_merged.tif,0.4,0,1737357729,78,31.539,34.7891,3.2501
300M,chip_220_333_merged.tif,0.4,1,1356751098,78,32.5427,34.9472,2.4045
300M,chip_220_333_merged.tif,0.4,2,876805580,78,32.5433,34.7502,2.207
300M,chip_220_333_merged.tif,0.4,3,496198949,78,30.5506,34.7174,4.1668
300M,chip_220_333_merged.tif,0.4,4,16253431,78,32.1818,35.4777,3.2959
300M,chip_220_333_merged.tif,0.6,0,994059522,117,31.7174,33.2338,1.5164
300M,chip_220_333_merged.tif,0.6,1,613452891,117,32.1049,34.1175,2.0126
300M,chip_220_333_merged.tif,0.6,2,133507373,117,31.5278,34.1281,2.6003
300M,chip_220_333_merged.tif,0.6,3,1900384390,117,31.2805,34.1457,2.8652
300M,chip_220_333_merged.tif,0.6,4,1420438872,117,30.375,34.4579,4.0829
300M,chip_220_333_merged.tif,0.8,0,511467326,156,31.3039,32.8602,1.5564
300M,chip_220_333_merged.tif,0.8,1,130860695,156,31.0598,31.9003,0.8405
300M,chip_220_333_merged.tif,0.8,2,1798398825,156,30.3793,32.1842,1.8049
300M,chip_220_333_merged.tif,0.8,3,1417792194,156,30.3544,32.7917,2.4373
300M,chip_220_333_merged.tif,0.8,4,1037185563,156,31.3038,33.2295,1.9257
300M,chip_221_316_merged.tif,0.2,0,639671884,39,39.115,39.7776,0.6625
300M,chip_221_316_merged.tif,0.2,1,159726366,39,38.4395,40.4743,2.0349
300M,chip_221_316_merged.tif,0.2,2,1926603383,39,37.2614,40.5094,3.248
300M,chip_221_316_merged.tif,0.2,3,1446657865,39,37.5662,40.8291,3.2629
300M,chip_221_316_merged.tif,0.2,4,1066051234,39,38.0007,39.8456,1.8449
300M,chip_221_316_merged.tif,0.4,0,379717664,78,37.7953,40.3375,2.5423
300M,chip_221_316_merged.tif,0.4,1,2146594681,78,38.0426,40.4745,2.4319
300M,chip_221_316_merged.tif,0.4,2,1666649163,78,37.1784,39.5715,2.3932
300M,chip_221_316_merged.tif,0.4,3,1286042532,78,37.21,38.4869,1.2769
300M,chip_221_316_merged.tif,0.4,4,905435901,78,37.2456,39.3335,2.0879
300M,chip_221_316_merged.tif,0.6,0,1783903105,117,37.544,37.7383,0.1943
300M,chip_221_316_merged.tif,0.6,1,1403296474,117,36.4796,39.2479,2.7683
300M,chip_221_316_merged.tif,0.6,2,923350956,117,36.9342,39.2726,2.3384
300M,chip_221_316_merged.tif,0.6,3,542744325,117,36.9562,39.1561,2.1999
300M,chip_221_316_merged.tif,0.6,4,162137694,117,37.6579,38.9054,1.2475
300M,chip_221_316_merged.tif,0.8,0,1400649796,156,37.1584,37.9554,0.797
300M,chip_221_316_merged.tif,0.8,1,920704278,156,36.7312,37.2421,0.5109
300M,chip_221_316_merged.tif,0.8,2,540097647,156,36.7852,37.6342,0.849
300M,chip_221_316_merged.tif,0.8,3,60152129,156,37.5201,37.9054,0.3853
300M,chip_221_316_merged.tif,0.8,4,1827029146,156,36.7244,38.0676,1.3433
300M,chip_222_314_merged.tif,0.2,0,1268246452,39,38.2888,40.4888,2.1999
300M,chip_222_314_merged.tif,0.2,1,887639821,39,35.6684,39.6919,4.0235
300M,chip_222_314_merged.tif,0.2,2,407694303,39,35.9488,40.1281,4.1793
300M,chip_222_314_merged.tif,0.2,3,27087672,39,38.8958,39.7394,0.8435
300M,chip_222_314_merged.tif,0.2,4,1793964689,39,36.3293,39.798,3.4687
300M,chip_222_314_merged.tif,0.4,0,302310269,78,38.3754,39.7659,1.3906
300M,chip_222_314_merged.tif,0.4,1,1969848399,78,38.0843,39.21,1.1257
300M,chip_222_314_merged.tif,0.4,2,1589241768,78,36.7368,39.1964,2.4596
300M,chip_222_314_merged.tif,0.4,3,1208635137,78,38.0843,38.8189,0.7347
300M,chip_222_314_merged.tif,0.4,4,728689619,78,37.9748,39.791,1.8162
300M,chip_222_314_merged.tif,0.6,0,364332912,117,37.0776,38.3197,1.2421
300M,chip_222_314_merged.tif,0.6,1,2131209929,117,36.0845,38.5465,2.462
300M,chip_222_314_merged.tif,0.6,2,1651264411,117,37.0679,38.8036,1.7357
300M,chip_222_314_merged.tif,0.6,3,1270657780,117,37.7902,38.9566,1.1664
300M,chip_222_314_merged.tif,0.6,4,790712262,117,37.0728,37.6312,0.5583
300M,chip_222_314_merged.tif,0.8,0,2029224364,156,35.8351,37.9278,2.0927
300M,chip_222_314_merged.tif,0.8,1,1648617733,156,36.3943,37.0933,0.699
300M,chip_222_314_merged.tif,0.8,2,1168672215,156,36.3878,37.423,1.0352
300M,chip_222_314_merged.tif,0.8,3,788065584,156,36.468,37.4601,0.9921
300M,chip_222_314_merged.tif,0.8,4,407458953,156,36.4624,36.7986,0.3362
300M,chip_222_369_merged.tif,0.2,0,804100505,39,32.1506,37.0339,4.8833
300M,chip_222_369_merged.tif,0.2,1,324154987,39,31.9245,35.8905,3.966
300M,chip_222_369_merged.tif,0.2,2,2091032004,39,33.6621,35.3626,1.7006
300M,chip_222_369_merged.tif,0.2,3,1611086486,39,33.5347,36.715,3.1803
300M,chip_222_369_merged.tif,0.2,4,1230479855,39,34.0531,36.5527,2.4996
300M,chip_222_369_merged.tif,0.4,0,544146285,78,34.0816,34.9843,0.9026
300M,chip_222_369_merged.tif,0.4,1,163539654,78,32.5466,35.7981,3.2515
300M,chip_222_369_merged.tif,0.4,2,1831077784,78,32.7904,34.1336,1.3432
300M,chip_222_369_merged.tif,0.4,3,1450471153,78,33.2268,35.1593,1.9326
300M,chip_222_369_merged.tif,0.4,4,1069864522,78,33.7206,35.3944,1.6738
300M,chip_222_369_merged.tif,0.6,0,1948331726,117,32.7493,34.9296,2.1802
300M,chip_222_369_merged.tif,0.6,1,1567725095,117,32.7388,34.0354,1.2966
300M,chip_222_369_merged.tif,0.6,2,1087779577,117,32.9738,34.5807,1.6069
300M,chip_222_369_merged.tif,0.6,3,707172946,117,32.5149,34.8376,2.3227
300M,chip_222_369_merged.tif,0.6,4,326566315,117,32.5517,34.9507,2.3989
300M,chip_222_369_merged.tif,0.8,0,1565078417,156,32.6872,33.1441,0.4569
300M,chip_222_369_merged.tif,0.8,1,1085132899,156,32.752,33.7751,1.0231
300M,chip_222_369_merged.tif,0.8,2,704526268,156,33.0085,33.0419,0.0334
300M,chip_222_369_merged.tif,0.8,3,224580750,156,32.831,33.7554,0.9244
300M,chip_222_369_merged.tif,0.8,4,1991457767,156,33.0478,33.7136,0.6658
300M,chip_223_311_merged.tif,0.2,0,866470165,39,29.5213,35.1073,5.586
300M,chip_223_311_merged.tif,0.2,1,386524647,39,31.6493,36.1877,4.5384
300M,chip_223_311_merged.tif,0.2,2,5918016,39,34.1002,35.7908,1.6906
300M,chip_223_311_merged.tif,0.2,3,1772795033,39,31.158,34.1916,3.0336
300M,chip_223_311_merged.tif,0.2,4,1292849515,39,31.5536,35.8079,4.2544
300M,chip_223_311_merged.tif,0.4,0,705854832,78,30.4644,35.22,4.7556
300M,chip_223_311_merged.tif,0.4,1,225909314,78,32.191,34.3185,2.1275
300M,chip_223_311_merged.tif,0.4,2,1992786331,78,32.1918,34.5849,2.393
300M,chip_223_311_merged.tif,0.4,3,1512840813,78,29.2743,34.4248,5.1505
300M,chip_223_311_merged.tif,0.4,4,1132234182,78,30.3937,34.3087,3.915
300M,chip_223_311_merged.tif,0.6,0,2110040273,117,29.297,34.3266,5.0296
300M,chip_223_311_merged.tif,0.6,1,1630094755,117,30.9487,34.3138,3.3651
300M,chip_223_311_merged.tif,0.6,2,1249488124,117,29.8624,33.7418,3.8794
300M,chip_223_311_merged.tif,0.6,3,769542606,117,30.2539,34.1494,3.8955
300M,chip_223_311_merged.tif,0.6,4,388935975,117,31.0051,33.6138,2.6087
300M,chip_223_311_merged.tif,0.8,0,1627448077,156,29.4678,31.9548,2.487
300M,chip_223_311_merged.tif,0.8,1,1147502559,156,29.4233,31.2261,1.8028
300M,chip_223_311_merged.tif,0.8,2,766895928,156,29.7513,32.6754,2.9241
300M,chip_223_311_merged.tif,0.8,3,386289297,156,29.7219,30.0166,0.2948
300M,chip_223_311_merged.tif,0.8,4,2053827427,156,29.4749,31.3334,1.8584
300M,chip_223_483_merged.tif,0.2,0,859421429,39,34.7732,37.082,2.3088
300M,chip_223_483_merged.tif,0.2,1,478814798,39,34.9065,36.9904,2.0839
300M,chip_223_483_merged.tif,0.2,2,98208167,39,34.0753,37.5719,3.4967
300M,chip_223_483_merged.tif,0.2,3,1765746297,39,34.0249,37.0017,2.9768
300M,chip_223_483_merged.tif,0.2,4,1385139666,39,35.1516,36.8288,1.6772
300M,chip_223_483_merged.tif,0.4,0,698806096,78,35.2961,36.3962,1.1001
300M,chip_223_483_merged.tif,0.4,1,318199465,78,33.7204,36.7872,3.0668
300M,chip_223_483_merged.tif,0.4,2,1985737595,78,33.6236,36.3171,2.6935
300M,chip_223_483_merged.tif,0.4,3,1605130964,78,35.5727,36.1568,0.584
300M,chip_223_483_merged.tif,0.4,4,1125185446,78,33.7203,36.9599,3.2396
300M,chip_223_483_merged.tif,0.6,0,2102991537,117,34.463,35.7615,1.2985
300M,chip_223_483_merged.tif,0.6,1,1722384906,117,33.9933,34.9223,0.929
300M,chip_223_483_merged.tif,0.6,2,1242439388,117,34.1269,36.0735,1.9466
300M,chip_223_483_merged.tif,0.6,3,861832757,117,34.0995,35.8248,1.7253
300M,chip_223_483_merged.tif,0.6,4,481226126,117,34.3322,35.5104,1.1783
300M,chip_223_483_merged.tif,0.8,0,1620399341,156,33.9067,34.5534,0.6468
300M,chip_223_483_merged.tif,0.8,1,1239792710,156,33.99,35.3228,1.3327
300M,chip_223_483_merged.tif,0.8,2,859186079,156,34.1239,35.1181,0.9942
300M,chip_223_483_merged.tif,0.8,3,379240561,156,34.1671,34.9299,0.7627
300M,chip_223_483_merged.tif,0.8,4,2146117578,156,33.9907,34.0292,0.0385
300M,chip_223_491_merged.tif,0.2,0,58374606,39,35.4501,36.813,1.3629
300M,chip_223_491_merged.tif,0.2,1,1725912736,39,32.0259,36.5697,4.5438
300M,chip_223_491_merged.tif,0.2,2,1345306105,39,35.3465,36.478,1.1315
300M,chip_223_491_merged.tif,0.2,3,865360587,39,35.4347,37.0976,1.6629
300M,chip_223_491_merged.tif,0.2,4,484753956,39,34.6244,37.7944,3.17
300M,chip_223_491_merged.tif,0.4,0,1945904034,78,31.8631,36.345,4.4819
300M,chip_223_491_merged.tif,0.4,1,1565297403,78,35.4034,37.2094,1.806
300M,chip_223_491_merged.tif,0.4,2,1085351885,78,34.9257,35.7372,0.8115
300M,chip_223_491_merged.tif,0.4,3,704745254,78,34.5241,36.6473,2.1233
300M,chip_223_491_merged.tif,0.4,4,324138623,78,34.3696,36.2132,1.8436
300M,chip_223_491_merged.tif,0.6,0,1202605827,117,33.6522,35.5669,1.9146
300M,chip_223_491_merged.tif,0.6,1,821999196,117,32.405,36.267,3.862
300M,chip_223_491_merged.tif,0.6,2,441392565,117,33.8272,35.7368,1.9096
300M,chip_223_491_merged.tif,0.6,3,2108930695,117,33.6491,36.2177,2.5685
300M,chip_223_491_merged.tif,0.6,4,1728324064,117,34.9581,35.5723,0.6142
300M,chip_223_491_merged.tif,0.8,0,819352518,156,33.6506,34.9192,1.2685
300M,chip_223_491_merged.tif,0.8,1,339407000,156,32.82,34.7537,1.9336
300M,chip_223_491_merged.tif,0.8,2,2106284017,156,32.81,34.2243,1.4143
300M,chip_223_491_merged.tif,0.8,3,1626338499,156,33.6585,34.8312,1.1726
300M,chip_223_491_merged.tif,0.8,4,1245731868,156,33.2637,34.1702,0.9065
300M,chip_224_326_merged.tif,0.2,0,963264328,39,35.7916,38.602,2.8104
300M,chip_224_326_merged.tif,0.2,1,582657697,39,36.2152,38.1971,1.982
300M,chip_224_326_merged.tif,0.2,2,102712179,39,34.5376,39.0846,4.5469
300M,chip_224_326_merged.tif,0.2,3,1869589196,39,35.6267,39.4813,3.8547
300M,chip_224_326_merged.tif,0.2,4,1389643678,39,36.3922,38.5788,2.1866
300M,chip_224_326_merged.tif,0.4,0,2045472906,78,35.0402,38.2917,3.2514
300M,chip_224_326_merged.tif,0.4,1,1664866275,78,33.9083,38.4836,4.5754
300M,chip_224_326_merged.tif,0.4,2,1284259644,78,33.6332,37.6511,4.0179
300M,chip_224_326_merged.tif,0.4,3,804314126,78,35.0115,38.0299,3.0185
300M,chip_224_326_merged.tif,0.4,4,423707495,78,35.9098,38.0406,2.1308
300M,chip_224_326_merged.tif,0.6,0,59350788,117,35.1414,36.7986,1.6572
300M,chip_224_326_merged.tif,0.6,1,1726888918,117,35.2905,37.7079,2.4174
300M,chip_224_326_merged.tif,0.6,2,1346282287,117,34.4443,36.6806,2.2363
300M,chip_224_326_merged.tif,0.6,3,866336769,117,35.3617,37.4899,2.1282
300M,chip_224_326_merged.tif,0.6,4,485730138,117,35.1523,36.7166,1.5643
300M,chip_224_326_merged.tif,0.8,0,1724242240,156,34.5769,35.3997,0.8227
300M,chip_224_326_merged.tif,0.8,1,1343635609,156,34.2265,36.0971,1.8706
300M,chip_224_326_merged.tif,0.8,2,863690091,156,34.6238,35.5414,0.9177
300M,chip_224_326_merged.tif,0.8,3,483083460,156,34.6542,35.9449,1.2907
300M,chip_224_326_merged.tif,0.8,4,3137942,156,34.2322,35.5734,1.3412
300M,chip_224_439_merged.tif,0.2,0,860351006,39,34.4891,36.2369,1.7478
300M,chip_224_439_merged.tif,0.2,1,380405488,39,36.0914,36.9477,0.8563
300M,chip_224_439_merged.tif,0.2,2,2147282505,39,33.6873,36.6426,2.9552
300M,chip_224_439_merged.tif,0.2,3,1667336987,39,34.0556,35.4213,1.3658
300M,chip_224_439_merged.tif,0.2,4,1286730356,39,34.7814,36.6852,1.9038
300M,chip_224_439_merged.tif,0.4,0,1942559584,78,32.9092,36.3282,3.419
300M,chip_224_439_merged.tif,0.4,1,1561952953,78,34.2048,35.8896,1.6848
300M,chip_224_439_merged.tif,0.4,2,1082007435,78,34.948,35.8023,0.8543
300M,chip_224_439_merged.tif,0.4,3,701400804,78,34.9739,35.8052,0.8313
300M,chip_224_439_merged.tif,0.4,4,221455286,78,31.9842,35.7671,3.7829
300M,chip_224_439_merged.tif,0.6,0,1199261377,117,34.1429,35.1597,1.0169
300M,chip_224_439_merged.tif,0.6,1,818654746,117,33.0435,35.1545,2.111
300M,chip_224_439_merged.tif,0.6,2,338709228,117,33.452,35.2823,1.8303
300M,chip_224_439_merged.tif,0.6,3,2105586245,117,34.7498,35.3621,0.6123
300M,chip_224_439_merged.tif,0.6,4,1625640727,117,30.6004,35.0968,4.4964
300M,chip_224_439_merged.tif,0.8,0,716669181,156,33.5072,34.0697,0.5626
300M,chip_224_439_merged.tif,0.8,1,336062550,156,31.6086,34.7417,3.1331
300M,chip_224_439_merged.tif,0.8,2,2003600680,156,33.5566,34.4727,0.9161
300M,chip_224_439_merged.tif,0.8,3,1622994049,156,33.662,33.6535,-0.0084
300M,chip_224_439_merged.tif,0.8,4,1242387418,156,33.578,33.4859,-0.0921
300M,chip_224_440_merged.tif,0.2,0,711695816,39,34.0827,37.5894,3.5067
300M,chip_224_440_merged.tif,0.2,1,231750298,39,36.5275,37.0718,0.5443
300M,chip_224_440_merged.tif,0.2,2,1998627315,39,34.0901,37.5741,3.484
300M,chip_224_440_merged.tif,0.2,3,1518681797,39,36.5327,37.4682,0.9355
300M,chip_224_440_merged.tif,0.2,4,1138075166,39,34.3236,36.3301,2.0065
300M,chip_224_440_merged.tif,0.4,0,1793904394,78,35.4219,36.8069,1.3849
300M,chip_224_440_merged.tif,0.4,1,1413297763,78,35.4224,36.2338,0.8114
300M,chip_224_440_merged.tif,0.4,2,933352245,78,36.2485,36.7053,0.4567
300M,chip_224_440_merged.tif,0.4,3,552745614,78,33.9891,36.6897,2.7006
300M,chip_224_440_merged.tif,0.4,4,72800096,78,36.2495,36.4131,0.1636
300M,chip_224_440_merged.tif,0.6,0,1855927037,117,32.8106,35.8126,3.002
300M,chip_224_440_merged.tif,0.6,1,1475320406,117,34.8025,35.7933,0.9908
300M,chip_224_440_merged.tif,0.6,2,1094713775,117,35.1477,35.5288,0.3811
300M,chip_224_440_merged.tif,0.6,3,614768257,117,32.7881,35.932,3.1439
300M,chip_224_440_merged.tif,0.6,4,234161626,117,32.8004,36.3904,3.59
300M,chip_224_440_merged.tif,0.8,0,1472673728,156,34.483,35.102,0.619
300M,chip_224_440_merged.tif,0.8,1,992728210,156,34.5375,35.2405,0.703
300M,chip_224_440_merged.tif,0.8,2,612121579,156,34.492,35.0549,0.5629
300M,chip_224_440_merged.tif,0.8,3,132176061,156,33.7221,35.1494,1.4272
300M,chip_224_440_merged.tif,0.8,4,1899053078,156,34.6159,35.4918,0.8759
300M,chip_225_357_merged.tif,0.2,0,1459113379,39,32.9234,35.4202,2.4968
300M,chip_225_357_merged.tif,0.2,1,979167861,39,33.4654,36.7567,3.2913
300M,chip_225_357_merged.tif,0.2,2,598561230,39,33.3472,36.5243,3.1771
300M,chip_225_357_merged.tif,0.2,3,217954599,39,33.9597,35.4205,1.4608
300M,chip_225_357_merged.tif,0.2,4,1885492729,39,33.9594,35.8537,1.8942
300M,chip_225_357_merged.tif,0.4,0,1298498046,78,32.0153,34.8839,2.8685
300M,chip_225_357_merged.tif,0.4,1,818552528,78,32.0146,34.9878,2.9732
300M,chip_225_357_merged.tif,0.4,2,437945897,78,33.0087,34.739,1.7303
300M,chip_225_357_merged.tif,0.4,3,2105484027,78,32.0147,34.8847,2.87
300M,chip_225_357_merged.tif,0.4,4,1724877396,78,33.3892,34.5963,1.2071
300M,chip_225_357_merged.tif,0.6,0,555199839,117,32.7069,34.5539,1.847
300M,chip_225_357_merged.tif,0.6,1,75254321,117,32.4409,34.5714,2.1305
300M,chip_225_357_merged.tif,0.6,2,1842131338,117,32.6734,34.0868,1.4134
300M,chip_225_357_merged.tif,0.6,3,1362185820,117,32.453,34.8385,2.3855
300M,chip_225_357_merged.tif,0.6,4,981579189,117,33.0485,34.62,1.5715
300M,chip_225_357_merged.tif,0.8,0,72607643,156,32.874,33.432,0.558
300M,chip_225_357_merged.tif,0.8,1,1740145773,156,32.0337,33.2675,1.2338
300M,chip_225_357_merged.tif,0.8,2,1359539142,156,31.8553,33.4068,1.5515
300M,chip_225_357_merged.tif,0.8,3,978932511,156,32.8718,33.3553,0.4835
300M,chip_225_357_merged.tif,0.8,4,498986993,156,32.0512,33.8637,1.8126
300M,chip_225_371_merged.tif,0.2,0,145437395,39,33.7081,35.4328,1.7247
300M,chip_225_371_merged.tif,0.2,1,1912314412,39,34.3577,35.261,0.9032
300M,chip_225_371_merged.tif,0.2,2,1432368894,39,34.2137,35.5745,1.3607
300M,chip_225_371_merged.tif,0.2,3,1051762263,39,34.6211,35.5967,0.9756
300M,chip_225_371_merged.tif,0.2,4,571816745,39,33.3774,36.4246,3.0472
300M,chip_225_371_merged.tif,0.4,0,2132305710,78,31.9821,35.6277,3.6456
300M,chip_225_371_merged.tif,0.4,1,1652360192,78,32.009,34.2886,2.2796
300M,chip_225_371_merged.tif,0.4,2,1271753561,78,32.4214,34.8912,2.4698
300M,chip_225_371_merged.tif,0.4,3,891146930,78,31.7757,35.4211,3.6454
300M,chip_225_371_merged.tif,0.4,4,411201412,78,32.4529,34.8448,2.3919
300M,chip_225_371_merged.tif,0.6,0,1389007503,117,31.6256,34.2834,2.6577
300M,chip_225_371_merged.tif,0.6,1,909061985,117,32.3524,34.4993,2.147
300M,chip_225_371_merged.tif,0.6,2,528455354,117,32.339,34.5713,2.2323
300M,chip_225_371_merged.tif,0.6,3,147848723,117,31.7605,34.4937,2.7331
300M,chip_225_371_merged.tif,0.6,4,1815386853,117,30.597,34.8125,4.2155
300M,chip_225_371_merged.tif,0.8,0,906415307,156,32.3791,33.5719,1.1928
300M,chip_225_371_merged.tif,0.8,1,525808676,156,31.9043,34.1495,2.2452
300M,chip_225_371_merged.tif,0.8,2,45863158,156,32.3609,32.9507,0.5898
300M,chip_225_371_merged.tif,0.8,3,1812740175,156,30.5855,32.3886,1.8031
300M,chip_225_371_merged.tif,0.8,4,1332794657,156,31.8667,33.4663,1.5995
300M,chip_226_328_merged.tif,0.2,0,1797658838,39,37.8495,40.4019,2.5524
300M,chip_226_328_merged.tif,0.2,1,1417052207,39,38.99,39.498,0.5081
300M,chip_226_328_merged.tif,0.2,2,937106689,39,37.7988,39.7839,1.9851
300M,chip_226_328_merged.tif,0.2,3,556500058,39,36.7976,41.0374,4.2398
300M,chip_226_328_merged.tif,0.2,4,175893427,39,36.7179,38.4505,1.7326
300M,chip_226_328_merged.tif,0.4,0,831722655,78,36.2392,39.9172,3.678
300M,chip_226_328_merged.tif,0.4,1,351777137,78,36.7981,40.1109,3.3127
300M,chip_226_328_merged.tif,0.4,2,2118654154,78,37.8945,39.9213,2.0267
300M,chip_226_328_merged.tif,0.4,3,1738047523,78,36.7687,39.5778,2.8091
300M,chip_226_328_merged.tif,0.4,4,1258102005,78,36.2386,39.8162,3.5776
300M,chip_226_328_merged.tif,0.6,0,893745298,117,36.8989,38.9458,2.0469
300M,chip_226_328_merged.tif,0.6,1,513138667,117,36.1389,39.1746,3.0357
300M,chip_226_328_merged.tif,0.6,2,33193149,117,36.7115,39.599,2.8875
300M,chip_226_328_merged.tif,0.6,3,1800070166,117,36.3826,38.6577,2.2751
300M,chip_226_328_merged.tif,0.6,4,1320124648,117,35.9826,39.1054,3.1228
300M,chip_226_328_merged.tif,0.8,0,411153102,156,36.1601,37.3234,1.1633
300M,chip_226_328_merged.tif,0.8,1,30546471,156,36.3295,37.4161,1.0866
300M,chip_226_328_merged.tif,0.8,2,1698084601,156,36.3113,37.491,1.1798
300M,chip_226_328_merged.tif,0.8,3,1317477970,156,36.3469,38.1074,1.7605
300M,chip_226_328_merged.tif,0.8,4,936871339,156,36.3929,37.9996,1.6067
300M,chip_227_293_merged.tif,0.2,0,1621270196,39,33.1647,37.8484,4.6837
300M,chip_227_293_merged.tif,0.2,1,1141324678,39,33.6863,38.0078,4.3216
300M,chip_227_293_merged.tif,0.2,2,760718047,39,32.0496,37.8237,5.7742
300M,chip_227_293_merged.tif,0.2,3,380111416,39,30.2544,38.4808,8.2264
300M,chip_227_293_merged.tif,0.2,4,2047649546,39,33.7615,38.5934,4.8319
300M,chip_227_293_merged.tif,0.4,0,555995126,78,33.0326,36.7248,3.6922
300M,chip_227_293_merged.tif,0.4,1,175388495,78,30.9325,36.6552,5.7228
300M,chip_227_293_merged.tif,0.4,2,1842926625,78,30.9005,37.3255,6.425
300M,chip_227_293_merged.tif,0.4,3,1462319994,78,30.8634,37.4819,6.6185
300M,chip_227_293_merged.tif,0.4,4,1081713363,78,33.0342,35.3289,2.2948
300M,chip_227_293_merged.tif,0.6,0,1960180567,117,30.1468,36.374,6.2272
300M,chip_227_293_merged.tif,0.6,1,1579573936,117,30.265,35.8658,5.6008
300M,chip_227_293_merged.tif,0.6,2,1099628418,117,30.1158,34.8623,4.7465
300M,chip_227_293_merged.tif,0.6,3,719021787,117,30.2077,36.3627,6.155
300M,chip_227_293_merged.tif,0.6,4,338415156,117,31.4072,35.4142,4.007
300M,chip_227_293_merged.tif,0.8,0,1576927258,156,30.1626,33.1776,3.015
300M,chip_227_293_merged.tif,0.8,1,1096981740,156,29.8194,31.8507,2.0313
300M,chip_227_293_merged.tif,0.8,2,716375109,156,29.5868,32.6396,3.0528
300M,chip_227_293_merged.tif,0.8,3,236429591,156,29.9257,32.1914,2.2658
300M,chip_227_293_merged.tif,0.8,4,2003306608,156,29.6203,33.4965,3.8762
300M,chip_228_314_merged.tif,0.2,0,804452164,39,32.0868,37.1377,5.0509
300M,chip_228_314_merged.tif,0.2,1,423845533,39,33.8341,37.2055,3.3714
300M,chip_228_314_merged.tif,0.2,2,2091383663,39,34.9077,37.3467,2.439
300M,chip_228_314_merged.tif,0.2,3,1710777032,39,34.9081,37.4091,2.501
300M,chip_228_314_merged.tif,0.2,4,1230831514,39,34.6537,37.0295,2.3758
300M,chip_228_314_merged.tif,0.4,0,1886660742,78,32.1985,36.1015,3.903
300M,chip_228_314_merged.tif,0.4,1,1506054111,78,32.7323,36.6502,3.9179
300M,chip_228_314_merged.tif,0.4,2,1125447480,78,29.6151,35.0378,5.4226
300M,chip_228_314_merged.tif,0.4,3,645501962,78,30.1374,33.8177,3.6802
300M,chip_228_314_merged.tif,0.4,4,264895331,78,30.1382,35.3466,5.2083
300M,chip_228_314_merged.tif,0.6,0,2048022272,117,29.2522,34.7898,5.5376
300M,chip_228_314_merged.tif,0.6,1,1568076754,117,29.2422,34.7788,5.5367
300M,chip_228_314_merged.tif,0.6,2,1187470123,117,29.6406,35.3106,5.67
300M,chip_228_314_merged.tif,0.6,3,707524605,117,29.398,36.5022,7.1043
300M,chip_228_314_merged.tif,0.6,4,326917974,117,30.4512,35.0077,4.5566
300M,chip_228_314_merged.tif,0.8,0,1565430076,156,29.2311,33.042,3.8109
300M,chip_228_314_merged.tif,0.8,1,1085484558,156,29.6132,33.9845,4.3712
300M,chip_228_314_merged.tif,0.8,2,704877927,156,29.243,32.3348,3.0919
300M,chip_228_314_merged.tif,0.8,3,324271296,156,29.9752,33.9856,4.0104
300M,chip_228_314_merged.tif,0.8,4,1991809426,156,29.4887,31.9707,2.482
300M,chip_230_282_merged.tif,0.2,0,885804417,39,39.2868,41.9884,2.7016
300M,chip_230_282_merged.tif,0.2,1,405858899,39,39.4601,40.8978,1.4377
300M,chip_230_282_merged.tif,0.2,2,25252268,39,38.1011,40.8012,2.7001
300M,chip_230_282_merged.tif,0.2,3,1792129285,39,39.2062,41.5234,2.3172
300M,chip_230_282_merged.tif,0.2,4,1312183767,39,38.0976,41.7235,3.6259
300M,chip_230_282_merged.tif,0.4,0,725189084,78,38.0299,41.4232,3.3933
300M,chip_230_282_merged.tif,0.4,1,245243566,78,38.5041,38.9868,0.4827
300M,chip_230_282_merged.tif,0.4,2,2012120583,78,36.8906,40.8959,4.0053
300M,chip_230_282_merged.tif,0.4,3,1532175065,78,36.6768,39.5319,2.8551
300M,chip_230_282_merged.tif,0.4,4,1151568434,78,38.2455,39.3461,1.1006
300M,chip_230_282_merged.tif,0.6,0,2129374525,117,35.3904,39.3605,3.9701
300M,chip_230_282_merged.tif,0.6,1,1649429007,117,36.2196,38.0719,1.8523
300M,chip_230_282_merged.tif,0.6,2,1268822376,117,36.1351,38.067,1.9319
300M,chip_230_282_merged.tif,0.6,3,788876858,117,35.3442,36.3321,0.9879
300M,chip_230_282_merged.tif,0.6,4,408270227,117,36.2007,38.7524,2.5516
300M,chip_230_282_merged.tif,0.8,0,1646782329,156,35.3916,38.1504,2.7588
300M,chip_230_282_merged.tif,0.8,1,1166836811,156,35.4243,36.7289,1.3045
300M,chip_230_282_merged.tif,0.8,2,786230180,156,35.3864,37.6678,2.2814
300M,chip_230_282_merged.tif,0.8,3,405623549,156,36.3105,36.8859,0.5755
300M,chip_230_282_merged.tif,0.8,4,2073161679,156,35.4106,38.267,2.8564
300M,chip_230_302_merged.tif,0.2,0,770889425,39,32.3412,38.9006,6.5594
300M,chip_230_302_merged.tif,0.2,1,290943907,39,34.9266,38.9339,4.0074
300M,chip_230_302_merged.tif,0.2,2,2057820924,39,32.3423,37.821,5.4787
300M,chip_230_302_merged.tif,0.2,3,1577875406,39,36.2586,38.6075,2.3489
300M,chip_230_302_merged.tif,0.2,4,1197268775,39,35.4402,35.2967,-0.1435
300M,chip_230_302_merged.tif,0.4,0,510935205,78,33.4513,35.0556,1.6043
300M,chip_230_302_merged.tif,0.4,1,130328574,78,34.272,36.6269,2.3549
300M,chip_230_302_merged.tif,0.4,2,1897205591,78,34.2671,37.2251,2.9579
300M,chip_230_302_merged.tif,0.4,3,1417260073,78,33.5785,36.2677,2.6892
300M,chip_230_302_merged.tif,0.4,4,1036653442,78,33.2094,37.4834,4.274
300M,chip_230_302_merged.tif,0.6,0,2014459533,117,32.655,36.244,3.589
300M,chip_230_302_merged.tif,0.6,1,1534514015,117,32.6759,35.4628,2.7869
300M,chip_230_302_merged.tif,0.6,2,1153907384,117,32.6775,36.3827,3.7052
300M,chip_230_302_merged.tif,0.6,3,673961866,117,32.6567,35.893,3.2363
300M,chip_230_302_merged.tif,0.6,4,293355235,117,31.8928,35.5095,3.6167
300M,chip_230_302_merged.tif,0.8,0,1531867337,156,31.6813,34.2896,2.6083
300M,chip_230_302_merged.tif,0.8,1,1051921819,156,32.3699,34.7653,2.3954
300M,chip_230_302_merged.tif,0.8,2,671315188,156,30.9443,34.5371,3.5928
300M,chip_230_302_merged.tif,0.8,3,191369670,156,31.1469,33.0687,1.9218
300M,chip_230_302_merged.tif,0.8,4,1958246687,156,30.9625,34.1207,3.1583
300M,chip_230_303_merged.tif,0.2,0,211445898,39,33.0818,37.6151,4.5334
300M,chip_230_303_merged.tif,0.2,1,1978322915,39,32.0061,38.0276,6.0215
300M,chip_230_303_merged.tif,0.2,2,1498377397,39,33.9856,37.4739,3.4883
300M,chip_230_303_merged.tif,0.2,3,1117770766,39,33.7832,38.4178,4.6346
300M,chip_230_303_merged.tif,0.2,4,737164135,39,32.0078,35.28,3.2722
300M,chip_230_303_merged.tif,0.4,0,50830565,78,30.7573,35.3407,4.5835
300M,chip_230_303_merged.tif,0.4,1,1817707582,78,30.757,35.1739,4.4169
300M,chip_230_303_merged.tif,0.4,2,1337762064,78,29.1502,35.5205,6.3702
300M,chip_230_303_merged.tif,0.4,3,957155433,78,32.2325,36.7557,4.5232
300M,chip_230_303_merged.tif,0.4,4,477209915,78,32.1252,36.1188,3.9936
300M,chip_230_303_merged.tif,0.6,0,1455016006,117,30.5221,35.6368,5.1146
300M,chip_230_303_merged.tif,0.6,1,1074409375,117,32.5465,34.5604,2.0139
300M,chip_230_303_merged.tif,0.6,2,594463857,117,30.88,34.0257,3.1457
300M,chip_230_303_merged.tif,0.6,3,213857226,117,30.908,35.4925,4.5845
300M,chip_230_303_merged.tif,0.6,4,1881395356,117,29.1932,35.1414,5.9482
300M,chip_230_303_merged.tif,0.8,0,972423810,156,31.0114,32.5511,1.5398
300M,chip_230_303_merged.tif,0.8,1,591817179,156,29.8665,33.9264,4.0599
300M,chip_230_303_merged.tif,0.8,2,111871661,156,31.0999,33.2238,2.1239
300M,chip_230_303_merged.tif,0.8,3,1878748678,156,28.4048,34.0343,5.6295
300M,chip_230_303_merged.tif,0.8,4,1498142047,156,29.8114,32.1045,2.2931
300M,chip_230_458_merged.tif,0.2,0,1323618427,39,35.3784,36.7428,1.3644
300M,chip_230_458_merged.tif,0.2,1,943011796,39,35.0053,36.1811,1.1758
300M,chip_230_458_merged.tif,0.2,2,463066278,39,34.0123,37.4592,3.4469
300M,chip_230_458_merged.tif,0.2,3,82459647,39,33.7977,36.6715,2.8738
300M,chip_230_458_merged.tif,0.2,4,1749997777,39,34.9068,37.1213,2.2146
300M,chip_230_458_merged.tif,0.4,0,1163003094,78,33.5674,37.1121,3.5446
300M,chip_230_458_merged.tif,0.4,1,683057576,78,33.5306,36.307,2.7764
300M,chip_230_458_merged.tif,0.4,2,302450945,78,34.134,36.042,1.9081
300M,chip_230_458_merged.tif,0.4,3,2069327962,78,33.5307,36.6595,3.1287
300M,chip_230_458_merged.tif,0.4,4,1589382444,78,33.3783,36.4361,3.0578
300M,chip_230_458_merged.tif,0.6,0,419704887,117,32.3785,36.221,3.8425
300M,chip_230_458_merged.tif,0.6,1,2087243017,117,32.5789,36.0061,3.4272
300M,chip_230_458_merged.tif,0.6,2,1706636386,117,33.8167,35.5053,1.6887
300M,chip_230_458_merged.tif,0.6,3,1326029755,117,33.7987,36.4724,2.6736
300M,chip_230_458_merged.tif,0.6,4,846084237,117,32.5817,35.1401,2.5584
300M,chip_230_458_merged.tif,0.8,0,2084596339,156,32.6196,35.0024,2.3828
300M,chip_230_458_merged.tif,0.8,1,1703989708,156,32.3059,35.4114,3.1055
300M,chip_230_458_merged.tif,0.8,2,1224044190,156,32.8531,34.395,1.5419
300M,chip_230_458_merged.tif,0.8,3,843437559,156,32.5855,35.2936,2.7081
300M,chip_230_458_merged.tif,0.8,4,363492041,156,32.2729,35.129,2.8561
300M,chip_230_490_merged.tif,0.2,0,1990388388,39,35.4125,36.5203,1.1079
300M,chip_230_490_merged.tif,0.2,1,1510442870,39,35.0901,37.6551,2.5651
300M,chip_230_490_merged.tif,0.2,2,1129836239,39,33.4272,37.0592,3.632
300M,chip_230_490_merged.tif,0.2,3,749229608,39,35.4128,36.452,1.0392
300M,chip_230_490_merged.tif,0.2,4,269284090,39,34.5771,37.0351,2.4581
300M,chip_230_490_merged.tif,0.4,0,1829773055,78,33.9122,37.0723,3.1601
300M,chip_230_490_merged.tif,0.4,1,1349827537,78,33.2726,37.2044,3.9318
300M,chip_230_490_merged.tif,0.4,2,969220906,78,33.3939,36.7759,3.382
300M,chip_230_490_merged.tif,0.4,3,489275388,78,34.0672,37.0632,2.996
300M,chip_230_490_merged.tif,0.4,4,108668757,78,32.7634,37.1534,4.39
300M,chip_230_490_merged.tif,0.6,0,1086474848,117,33.0841,34.9676,1.8835
300M,chip_230_490_merged.tif,0.6,1,606529330,117,33.9866,35.3387,1.3521
300M,chip_230_490_merged.tif,0.6,2,225922699,117,32.9494,35.7089,2.7595
300M,chip_230_490_merged.tif,0.6,3,1893460829,117,33.08,35.5951,2.5151
300M,chip_230_490_merged.tif,0.6,4,1512854198,117,33.8757,36.3898,2.5141
300M,chip_230_490_merged.tif,0.8,0,603882652,156,33.1468,34.2078,1.061
300M,chip_230_490_merged.tif,0.8,1,123937134,156,33.3355,35.1609,1.8254
300M,chip_230_490_merged.tif,0.8,2,1890814151,156,32.9744,33.9844,1.01
300M,chip_230_490_merged.tif,0.8,3,1510207520,156,33.1639,33.8323,0.6684
300M,chip_230_490_merged.tif,0.8,4,1030262002,156,33.1992,33.8678,0.6686
300M,chip_231_287_merged.tif,0.2,0,835890513,39,32.8563,36.0252,3.1689
300M,chip_231_287_merged.tif,0.2,1,355944995,39,32.1919,37.4363,5.2444
300M,chip_231_287_merged.tif,0.2,2,2122822012,39,31.9915,36.6859,4.6944
300M,chip_231_287_merged.tif,0.2,3,1642876494,39,33.0566,35.1179,2.0613
300M,chip_231_287_merged.tif,0.2,4,1262269863,39,32.2498,36.4638,4.214
300M,chip_231_287_merged.tif,0.4,0,1918099091,78,29.1078,34.9715,5.8637
300M,chip_231_287_merged.tif,0.4,1,1537492460,78,31.1229,34.5841,3.4612
300M,chip_231_287_merged.tif,0.4,2,1057546942,78,31.271,34.5615,3.2906
300M,chip_231_287_merged.tif,0.4,3,676940311,78,29.1518,35.5767,6.4248
300M,chip_231_287_merged.tif,0.4,4,196994793,78,31.3764,36.1779,4.8015
300M,chip_231_287_merged.tif,0.6,0,1980121734,117,30.992,34.6481,3.6561
300M,chip_231_287_merged.tif,0.6,1,1599515103,117,31.1524,33.7547,2.6024
300M,chip_231_287_merged.tif,0.6,2,1119569585,117,30.9438,33.8549,2.9111
300M,chip_231_287_merged.tif,0.6,3,738962954,117,31.1568,34.9076,3.7509
300M,chip_231_287_merged.tif,0.6,4,358356323,117,30.5109,33.1161,2.6052
300M,chip_231_287_merged.tif,0.8,0,1596868425,156,30.9138,32.4986,1.5848
300M,chip_231_287_merged.tif,0.8,1,1116922907,156,30.5859,31.2277,0.6418
300M,chip_231_287_merged.tif,0.8,2,736316276,156,30.7293,31.7918,1.0625
300M,chip_231_287_merged.tif,0.8,3,256370758,156,29.685,32.7315,3.0465
300M,chip_231_287_merged.tif,0.8,4,2023247775,156,29.5894,32.2413,2.6519
300M,chip_231_331_merged.tif,0.2,0,1596610243,39,38.5878,40.4353,1.8474
300M,chip_231_331_merged.tif,0.2,1,1116664725,39,39.6075,40.9837,1.3762
300M,chip_231_331_merged.tif,0.2,2,736058094,39,39.6058,37.5273,-2.0784
300M,chip_231_331_merged.tif,0.2,3,355451463,39,40.2675,40.7563,0.4888
300M,chip_231_331_merged.tif,0.2,4,2022989593,39,39.8769,40.6754,0.7984
300M,chip_231_331_merged.tif,0.4,0,1435994910,78,38.2618,39.7187,1.4569
300M,chip_231_331_merged.tif,0.4,1,956049392,78,35.7906,40.047,4.2564
300M,chip_231_331_merged.tif,0.4,2,575442761,78,37.5354,39.9008,2.3654
300M,chip_231_331_merged.tif,0.4,3,95497243,78,37.5641,40.1813,2.6172
300M,chip_231_331_merged.tif,0.4,4,1862374260,78,38.4876,38.7994,0.3118
300M,chip_231_331_merged.tif,0.6,0,692696703,117,35.6649,38.5782,2.9133
300M,chip_231_331_merged.tif,0.6,1,212751185,117,35.6871,39.5279,3.8407
300M,chip_231_331_merged.tif,0.6,2,1979628202,117,37.8239,38.9754,1.1515
300M,chip_231_331_merged.tif,0.6,3,1499682684,117,36.2106,38.9952,2.7846
300M,chip_231_331_merged.tif,0.6,4,1119076053,117,36.7817,37.8215,1.0397
300M,chip_231_331_merged.tif,0.8,0,210104507,156,35.5101,37.6818,2.1716
300M,chip_231_331_merged.tif,0.8,1,1877642637,156,36.1582,36.7136,0.5555
300M,chip_231_331_merged.tif,0.8,2,1497036006,156,35.4878,37.6879,2.2001
300M,chip_231_331_merged.tif,0.8,3,1017090488,156,36.5178,38.9073,2.3895
300M,chip_231_331_merged.tif,0.8,4,636483857,156,37.1852,37.8966,0.7114
300M,chip_232_293_merged.tif,0.2,0,821612595,39,35.5217,37.7991,2.2774
300M,chip_232_293_merged.tif,0.2,1,341667077,39,37.1536,39.1028,1.9491
300M,chip_232_293_merged.tif,0.2,2,2108544094,39,35.7155,37.5773,1.8618
300M,chip_232_293_merged.tif,0.2,3,1628598576,39,35.5312,37.8534,2.3222
300M,chip_232_293_merged.tif,0.2,4,1247991945,39,28.9596,38.0866,9.127
300M,chip_232_293_merged.tif,0.4,0,1903821173,78,35.5279,37.8263,2.2984
300M,chip_232_293_merged.tif,0.4,1,1523214542,78,34.291,36.9818,2.6908
300M,chip_232_293_merged.tif,0.4,2,1043269024,78,36.2649,36.3269,0.0621
300M,chip_232_293_merged.tif,0.4,3,662662393,78,29.1289,38.2913,9.1624
300M,chip_232_293_merged.tif,0.4,4,182716875,78,31.1109,37.5313,6.4204
300M,chip_232_293_merged.tif,0.6,0,1965843816,117,30.5118,36.3685,5.8567
300M,chip_232_293_merged.tif,0.6,1,1585237185,117,32.0932,35.8379,3.7448
300M,chip_232_293_merged.tif,0.6,2,1204630554,117,33.6376,35.3905,1.753
300M,chip_232_293_merged.tif,0.6,3,724685036,117,34.0797,36.1771,2.0974
300M,chip_232_293_merged.tif,0.6,4,344078405,117,32.6743,36.8838,4.2095
300M,chip_232_293_merged.tif,0.8,0,1582590507,156,30.4589,33.5085,3.0496
300M,chip_232_293_merged.tif,0.8,1,1102644989,156,31.9594,33.828,1.8686
300M,chip_232_293_merged.tif,0.8,2,722038358,156,30.4622,35.0201,4.5579
300M,chip_232_293_merged.tif,0.8,3,242092840,156,31.0521,34.3407,3.2886
300M,chip_232_293_merged.tif,0.8,4,2008969857,156,31.0315,33.6664,2.6349
300M,chip_232_372_merged.tif,0.2,0,1440154707,39,31.6932,33.8907,2.1975
300M,chip_232_372_merged.tif,0.2,1,1059548076,39,31.4433,33.9677,2.5244
300M,chip_232_372_merged.tif,0.2,2,678941445,39,30.7268,34.159,3.4322
300M,chip_232_372_merged.tif,0.2,3,198995927,39,32.846,34.4779,1.6319
300M,chip_232_372_merged.tif,0.2,4,1965872944,39,31.805,34.5443,2.7393
300M,chip_232_372_merged.tif,0.4,0,1279539374,78,29.824,33.3867,3.5627
300M,chip_232_372_merged.tif,0.4,1,898932743,78,30.1722,32.14,1.9678
300M,chip_232_372_merged.tif,0.4,2,418987225,78,30.6688,33.224,2.5552
300M,chip_232_372_merged.tif,0.4,3,38380594,78,30.5375,32.8265,2.2889
300M,chip_232_372_merged.tif,0.4,4,1705918724,78,30.2592,33.2796,3.0204
300M,chip_232_372_merged.tif,0.6,0,536241167,117,30.8217,31.533,0.7113
300M,chip_232_372_merged.tif,0.6,1,155634536,117,30.134,32.1757,2.0416
300M,chip_232_372_merged.tif,0.6,2,1823172666,117,29.9668,32.7048,2.7379
300M,chip_232_372_merged.tif,0.6,3,1442566035,117,30.7896,32.3919,1.6023
300M,chip_232_372_merged.tif,0.6,4,1061959404,117,30.8341,32.0617,1.2276
300M,chip_232_372_merged.tif,0.8,0,53648971,156,29.2488,30.9962,1.7473
300M,chip_232_372_merged.tif,0.8,1,1820525988,156,30.0644,30.6631,0.5986
300M,chip_232_372_merged.tif,0.8,2,1439919357,156,29.2813,30.7445,1.4632
300M,chip_232_372_merged.tif,0.8,3,959973839,156,29.9149,30.8065,0.8916
300M,chip_232_372_merged.tif,0.8,4,579367208,156,29.6593,30.9003,1.241
300M,chip_232_596_merged.tif,0.2,0,531785629,39,31.6373,38.237,6.5997
300M,chip_232_596_merged.tif,0.2,1,51840111,39,35.9824,37.8809,1.8986
300M,chip_232_596_merged.tif,0.2,2,1818717128,39,35.7707,36.1068,0.3361
300M,chip_232_596_merged.tif,0.2,3,1338771610,39,36.7485,38.2263,1.4778
300M,chip_232_596_merged.tif,0.2,4,958164979,39,35.0963,37.5998,2.5034
300M,chip_232_596_merged.tif,0.4,0,271831409,78,35.2819,37.0682,1.7863
300M,chip_232_596_merged.tif,0.4,1,2038708426,78,35.565,38.2739,2.7089
300M,chip_232_596_merged.tif,0.4,2,1658101795,78,35.4566,36.8618,1.4052
300M,chip_232_596_merged.tif,0.4,3,1178156277,78,35.3168,37.6447,2.3279
300M,chip_232_596_merged.tif,0.4,4,797549646,78,35.1548,37.09,1.9353
300M,chip_232_596_merged.tif,0.6,0,1676016850,117,34.8751,36.352,1.4769
300M,chip_232_596_merged.tif,0.6,1,1295410219,117,34.9064,36.7403,1.8339
300M,chip_232_596_merged.tif,0.6,2,914803588,117,32.8621,36.0372,3.1751
300M,chip_232_596_merged.tif,0.6,3,434858070,117,34.0645,36.1007,2.0362
300M,chip_232_596_merged.tif,0.6,4,54251439,117,34.0607,37.1673,3.1065
300M,chip_232_596_merged.tif,0.8,0,1292763541,156,33.8954,35.9623,2.0669
300M,chip_232_596_merged.tif,0.8,1,812818023,156,33.4341,33.394,-0.0401
300M,chip_232_596_merged.tif,0.8,2,432211392,156,34.1774,34.0785,-0.0989
300M,chip_232_596_merged.tif,0.8,3,2099749522,156,33.8704,35.3842,1.5138
300M,chip_232_596_merged.tif,0.8,4,1719142891,156,34.1816,34.7923,0.6107
300M,chip_233_289_merged.tif,0.2,0,1668848168,39,29.0736,37.8771,8.8034
300M,chip_233_289_merged.tif,0.2,1,1188902650,39,32.9962,39.9942,6.9981
300M,chip_233_289_merged.tif,0.2,2,808296019,39,36.6053,39.1619,2.5566
300M,chip_233_289_merged.tif,0.2,3,328350501,39,29.0743,39.8783,10.804
300M,chip_233_289_merged.tif,0.2,4,2095227518,39,35.0453,39.8239,4.7786
300M,chip_233_289_merged.tif,0.4,0,1408893948,78,29.8017,37.6648,7.8631
300M,chip_233_289_merged.tif,0.4,1,1028287317,78,29.8014,37.4968,7.6954
300M,chip_233_289_merged.tif,0.4,2,548341799,78,29.2556,38.4348,9.1792
300M,chip_233_289_merged.tif,0.4,3,167735168,78,34.2533,38.143,3.8897
300M,chip_233_289_merged.tif,0.4,4,1934612185,78,32.2703,38.1828,5.9125
300M,chip_233_289_merged.tif,0.6,0,665595741,117,30.5278,36.3931,5.8653
300M,chip_233_289_merged.tif,0.6,1,284989110,117,31.2104,36.3792,5.1688
300M,chip_233_289_merged.tif,0.6,2,2051866127,117,31.1937,36.7205,5.5268
300M,chip_233_289_merged.tif,0.6,3,1571920609,117,30.9716,36.1624,5.1909
300M,chip_233_289_merged.tif,0.6,4,1191313978,117,30.5071,34.6871,4.1801
300M,chip_233_289_merged.tif,0.8,0,282342432,156,30.6957,31.69,0.9944
300M,chip_233_289_merged.tif,0.8,1,1949880562,156,30.3889,33.6794,3.2905
300M,chip_233_289_merged.tif,0.8,2,1569273931,156,30.7026,32.2827,1.5801
300M,chip_233_289_merged.tif,0.8,3,1089328413,156,30.5637,34.6099,4.0461
300M,chip_233_289_merged.tif,0.8,4,708721782,156,30.422,33.4216,2.9996
300M,chip_233_331_merged.tif,0.2,0,200692051,39,38.5829,40.6526,2.0697
300M,chip_233_331_merged.tif,0.2,1,1868230181,39,39.0443,40.0556,1.0113
300M,chip_233_331_merged.tif,0.2,2,1487623550,39,38.3716,40.1984,1.8268
300M,chip_233_331_merged.tif,0.2,3,1007678032,39,38.4083,41.5224,3.1141
300M,chip_233_331_merged.tif,0.2,4,627071401,39,38.9773,40.9717,1.9944
300M,chip_233_331_merged.tif,0.4,0,2088221479,78,38.0453,40.4315,2.3861
300M,chip_233_331_merged.tif,0.4,1,1707614848,78,37.9784,39.5346,1.5562
300M,chip_233_331_merged.tif,0.4,2,1327008217,78,38.2738,40.379,2.1052
300M,chip_233_331_merged.tif,0.4,3,847062699,78,38.9639,40.2086,1.2447
300M,chip_233_331_merged.tif,0.4,4,466456068,78,37.7362,38.9814,1.2452
300M,chip_233_331_merged.tif,0.6,0,1444262159,117,38.2033,40.7896,2.5863
300M,chip_233_331_merged.tif,0.6,1,964316641,117,38.1791,40.1212,1.9421
300M,chip_233_331_merged.tif,0.6,2,583710010,117,37.7081,40.3157,2.6077
300M,chip_233_331_merged.tif,0.6,3,103764492,117,38.3537,39.3325,0.9788
300M,chip_233_331_merged.tif,0.6,4,1870641509,117,37.967,39.591,1.624
300M,chip_233_331_merged.tif,0.8,0,961669963,156,37.36,38.7085,1.3484
300M,chip_233_331_merged.tif,0.8,1,481724445,156,38.2478,38.8004,0.5526
300M,chip_233_331_merged.tif,0.8,2,101117814,156,37.1875,39.1263,1.9388
300M,chip_233_331_merged.tif,0.8,3,1768655944,156,37.1909,38.8104,1.6196
300M,chip_233_331_merged.tif,0.8,4,1388049313,156,37.3361,38.2378,0.9017
300M,chip_233_332_merged.tif,0.2,0,927398136,39,33.6419,40.8747,7.2328
300M,chip_233_332_merged.tif,0.2,1,447452618,39,33.5706,40.8321,7.2615
300M,chip_233_332_merged.tif,0.2,2,66845987,39,33.6425,39.8067,6.1642
300M,chip_233_332_merged.tif,0.2,3,1734384117,39,33.2667,35.2587,1.992
300M,chip_233_332_merged.tif,0.2,4,1353777486,39,38.8076,35.1462,-3.6614
300M,chip_233_332_merged.tif,0.4,0,2009606714,78,39.0922,39.3404,0.2482
300M,chip_233_332_merged.tif,0.4,1,1629000083,78,39.4081,36.4368,-2.9713
300M,chip_233_332_merged.tif,0.4,2,1149054565,78,39.5399,39.4757,-0.0642
300M,chip_233_332_merged.tif,0.4,3,768447934,78,38.8588,40.0702,1.2114
300M,chip_233_332_merged.tif,0.4,4,288502416,78,38.8584,40.2651,1.4068
300M,chip_233_332_merged.tif,0.6,0,2071629357,117,38.249,37.3446,-0.9044
300M,chip_233_332_merged.tif,0.6,1,1691022726,117,39.3935,37.2317,-2.1618
300M,chip_233_332_merged.tif,0.6,2,1211077208,117,36.5242,39.2448,2.7206
300M,chip_233_332_merged.tif,0.6,3,830470577,117,36.241,37.231,0.99
300M,chip_233_332_merged.tif,0.6,4,449863946,117,36.2404,39.787,3.5466
300M,chip_233_332_merged.tif,0.8,0,1688376048,156,38.342,37.0297,-1.3123
300M,chip_233_332_merged.tif,0.8,1,1208430530,156,38.3598,36.8688,-1.491
300M,chip_233_332_merged.tif,0.8,2,827823899,156,38.3748,37.2888,-1.0859
300M,chip_233_332_merged.tif,0.8,3,347878381,156,38.3563,36.9834,-1.3729
300M,chip_233_332_merged.tif,0.8,4,2114755398,156,36.9603,37.6907,0.7303
300M,chip_233_478_merged.tif,0.2,0,1407943629,39,34.5777,35.18,0.6023
300M,chip_233_478_merged.tif,0.2,1,1027336998,39,34.0582,35.3152,1.257
300M,chip_233_478_merged.tif,0.2,2,646730367,39,31.9672,35.9188,3.9516
300M,chip_233_478_merged.tif,0.2,3,166784849,39,34.367,36.0122,1.6451
300M,chip_233_478_merged.tif,0.2,4,1933661866,39,31.9674,36.4359,4.4685
300M,chip_233_478_merged.tif,0.4,0,1247328296,78,31.8798,35.8526,3.9727
300M,chip_233_478_merged.tif,0.4,1,866721665,78,33.4956,35.2181,1.7225
300M,chip_233_478_merged.tif,0.4,2,386776147,78,32.9228,35.8089,2.886
300M,chip_233_478_merged.tif,0.4,3,6169516,78,32.6078,35.3061,2.6983
300M,chip_233_478_merged.tif,0.4,4,1773046533,78,33.2833,35.8759,2.5926
300M,chip_233_478_merged.tif,0.6,0,504030089,117,32.7701,34.7526,1.9825
300M,chip_233_478_merged.tif,0.6,1,123423458,117,32.7767,34.9529,2.1763
300M,chip_233_478_merged.tif,0.6,2,1790961588,117,31.762,35.0918,3.3298
300M,chip_233_478_merged.tif,0.6,3,1410354957,117,32.5959,34.2543,1.6584
300M,chip_233_478_merged.tif,0.6,4,1029748326,117,32.7721,34.7327,1.9606
300M,chip_233_478_merged.tif,0.8,0,21437893,156,32.8359,34.2796,1.4437
300M,chip_233_478_merged.tif,0.8,1,1788314910,156,31.6817,33.4778,1.7961
300M,chip_233_478_merged.tif,0.8,2,1407708279,156,32.8343,33.6452,0.8109
300M,chip_233_478_merged.tif,0.8,3,927762761,156,31.671,34.1296,2.4586
300M,chip_233_478_merged.tif,0.8,4,547156130,156,31.7458,34.1729,2.4272
300M,chip_234_295_merged.tif,0.2,0,140359798,39,33.9983,37.7097,3.7114
300M,chip_234_295_merged.tif,0.2,1,1807897928,39,33.9527,37.6123,3.6596
300M,chip_234_295_merged.tif,0.2,2,1427291297,39,33.3678,38.6407,5.2729
300M,chip_234_295_merged.tif,0.2,3,947345779,39,34.4621,36.0987,1.6367
300M,chip_234_295_merged.tif,0.2,4,566739148,39,34.729,36.9068,2.1779
300M,chip_234_295_merged.tif,0.4,0,1222568376,78,32.657,37.6283,4.9713
300M,chip_234_295_merged.tif,0.4,1,841961745,78,31.7188,35.6335,3.9148
300M,chip_234_295_merged.tif,0.4,2,362016227,78,34.303,36.3685,2.0655
300M,chip_234_295_merged.tif,0.4,3,2128893244,78,31.7187,36.6355,4.9168
300M,chip_234_295_merged.tif,0.4,4,1648947726,78,32.0245,37.3144,5.2899
300M,chip_234_295_merged.tif,0.6,0,1284591019,117,32.0563,34.9117,2.8554
300M,chip_234_295_merged.tif,0.6,1,903984388,117,31.7648,35.7249,3.9602
300M,chip_234_295_merged.tif,0.6,2,523377757,117,33.132,35.3764,2.2444
300M,chip_234_295_merged.tif,0.6,3,43432239,117,31.0262,35.7174,4.6912
300M,chip_234_295_merged.tif,0.6,4,1810309256,117,32.5165,35.9287,3.4123
300M,chip_234_295_merged.tif,0.8,0,901337710,156,32.2074,33.7128,1.5054
300M,chip_234_295_merged.tif,0.8,1,421392192,156,30.379,32.412,2.033
300M,chip_234_295_merged.tif,0.8,2,40785561,156,30.4092,33.8633,3.4541
300M,chip_234_295_merged.tif,0.8,3,1708323691,156,31.6238,33.2879,1.6641
300M,chip_234_295_merged.tif,0.8,4,1327717060,156,31.5396,33.453,1.9134
300M,chip_234_371_merged.tif,0.2,0,1346681032,39,31.3484,32.8953,1.547
300M,chip_234_371_merged.tif,0.2,1,966074401,39,31.166,34.2651,3.0991
300M,chip_234_371_merged.tif,0.2,2,486128883,39,31.3158,33.7013,2.3855
300M,chip_234_371_merged.tif,0.2,3,105522252,39,31.0488,34.1761,3.1273
300M,chip_234_371_merged.tif,0.2,4,1773060382,39,31.049,33.8976,2.8486
300M,chip_234_371_merged.tif,0.4,0,281405962,78,30.5733,33.4192,2.846
300M,chip_234_371_merged.tif,0.4,1,2048282979,78,30.1953,33.4518,3.2565
300M,chip_234_371_merged.tif,0.4,2,1667676348,78,30.1089,33.1341,3.0253
300M,chip_234_371_merged.tif,0.4,3,1187730830,78,29.7545,33.0477,3.2932
300M,chip_234_371_merged.tif,0.4,4,807124199,78,31.2703,33.0041,1.7338
300M,chip_234_371_merged.tif,0.6,0,442767492,117,30.7868,32.6204,1.8336
300M,chip_234_371_merged.tif,0.6,1,2110305622,117,29.5771,32.4212,2.8441
300M,chip_234_371_merged.tif,0.6,2,1729698991,117,30.0942,32.1535,2.0592
300M,chip_234_371_merged.tif,0.6,3,1349092360,117,30.69,32.788,2.098
300M,chip_234_371_merged.tif,0.6,4,869146842,117,30.1459,32.1168,1.9709
300M,chip_234_371_merged.tif,0.8,0,2107658944,156,29.9445,30.5302,0.5856
300M,chip_234_371_merged.tif,0.8,1,1727052313,156,30.4496,31.68,1.2304
300M,chip_234_371_merged.tif,0.8,2,1247106795,156,30.2763,30.8091,0.5328
300M,chip_234_371_merged.tif,0.8,3,866500164,156,30.4425,30.9709,0.5284
300M,chip_234_371_merged.tif,0.8,4,386554646,156,29.9579,30.5653,0.6074
300M,chip_234_444_merged.tif,0.2,0,1947428713,39,35.5268,37.4581,1.9313
300M,chip_234_444_merged.tif,0.2,1,1566822082,39,35.6988,37.7872,2.0884
300M,chip_234_444_merged.tif,0.2,2,1086876564,39,35.6263,37.9649,2.3386
300M,chip_234_444_merged.tif,0.2,3,706269933,39,33.6638,36.7432,3.0795
300M,chip_234_444_merged.tif,0.2,4,226324415,39,35.6249,37.7203,2.0953
300M,chip_234_444_merged.tif,0.4,0,981492530,78,35.1692,36.8202,1.651
300M,chip_234_444_merged.tif,0.4,1,501547012,78,37.4921,37.5835,0.0914
300M,chip_234_444_merged.tif,0.4,2,120940381,78,37.905,36.9183,-0.9867
300M,chip_234_444_merged.tif,0.4,3,1788478511,78,35.9881,36.4896,0.5014
300M,chip_234_444_merged.tif,0.4,4,1407871880,78,35.1694,36.5098,1.3404
300M,chip_234_444_merged.tif,0.6,0,1043515173,117,35.7774,35.9381,0.1607
300M,chip_234_444_merged.tif,0.6,1,563569655,117,36.0217,36.6661,0.6444
300M,chip_234_444_merged.tif,0.6,2,182963024,117,35.7862,36.3163,0.5301
300M,chip_234_444_merged.tif,0.6,3,1949840041,117,36.0195,36.3372,0.3176
300M,chip_234_444_merged.tif,0.6,4,1469894523,117,35.6906,36.1086,0.418
300M,chip_234_444_merged.tif,0.8,0,560922977,156,32.0579,35.562,3.5041
300M,chip_234_444_merged.tif,0.8,1,180316346,156,35.2049,35.3056,0.1007
300M,chip_234_444_merged.tif,0.8,2,1847854476,156,35.7223,35.326,-0.3963
300M,chip_234_444_merged.tif,0.8,3,1467247845,156,35.7292,35.1852,-0.544
300M,chip_234_444_merged.tif,0.8,4,987302327,156,34.4591,34.9975,0.5383
300M,chip_234_445_merged.tif,0.2,0,1877270161,39,35.3578,36.3523,0.9944
300M,chip_234_445_merged.tif,0.2,1,1397324643,39,33.3651,36.5489,3.1838
300M,chip_234_445_merged.tif,0.2,2,1016718012,39,34.1057,36.0941,1.9884
300M,chip_234_445_merged.tif,0.2,3,636111381,39,35.3589,36.4471,1.0882
300M,chip_234_445_merged.tif,0.2,4,156165863,39,33.3652,36.404,3.0387
300M,chip_234_445_merged.tif,0.4,0,811995091,78,34.7233,36.1798,1.4565
300M,chip_234_445_merged.tif,0.4,1,431388460,78,34.6543,36.4665,1.8122
300M,chip_234_445_merged.tif,0.4,2,50781829,78,33.3271,36.2201,2.893
300M,chip_234_445_merged.tif,0.4,3,1718319959,78,34.7212,35.6276,0.9064
300M,chip_234_445_merged.tif,0.4,4,1337713328,78,34.0322,35.2073,1.1751
300M,chip_234_445_merged.tif,0.6,0,973356621,117,33.4566,35.1623,1.7057
300M,chip_234_445_merged.tif,0.6,1,493411103,117,33.7864,34.5553,0.7689
300M,chip_234_445_merged.tif,0.6,2,112804472,117,33.3295,34.8007,1.4713
300M,chip_234_445_merged.tif,0.6,3,1780342602,117,33.7299,34.9316,1.2017
300M,chip_234_445_merged.tif,0.6,4,1399735971,117,33.7062,35.555,1.8488
300M,chip_234_445_merged.tif,0.8,0,490764425,156,33.2342,33.2667,0.0324
300M,chip_234_445_merged.tif,0.8,1,10818907,156,33.4218,34.0204,0.5986
300M,chip_234_445_merged.tif,0.8,2,1777695924,156,33.4023,33.9617,0.5594
300M,chip_234_445_merged.tif,0.8,3,1397089293,156,32.7716,34.4554,1.6838
300M,chip_234_445_merged.tif,0.8,4,917143775,156,33.6196,33.6834,0.0638
300M,chip_234_591_merged.tif,0.2,0,1501366206,39,36.2713,36.8785,0.6072
300M,chip_234_591_merged.tif,0.2,1,1120759575,39,36.5606,36.7496,0.189
300M,chip_234_591_merged.tif,0.2,2,640814057,39,34.8216,37.6691,2.8476
300M,chip_234_591_merged.tif,0.2,3,260207426,39,34.6481,36.3304,1.6823
300M,chip_234_591_merged.tif,0.2,4,1927745556,39,36.5931,37.1976,0.6044
300M,chip_234_591_merged.tif,0.4,0,1340750873,78,34.0456,35.6922,1.6467
300M,chip_234_591_merged.tif,0.4,1,860805355,78,34.2039,36.6041,2.4002
300M,chip_234_591_merged.tif,0.4,2,480198724,78,35.974,36.1189,0.1449
300M,chip_234_591_merged.tif,0.4,3,99592093,78,35.19,36.2908,1.1009
300M,chip_234_591_merged.tif,0.4,4,1767130223,78,34.2037,36.7527,2.549
300M,chip_234_591_merged.tif,0.6,0,597452666,117,33.839,34.8926,1.0536
300M,chip_234_591_merged.tif,0.6,1,117507148,117,33.7775,35.7363,1.9588
300M,chip_234_591_merged.tif,0.6,2,1884384165,117,35.6274,35.6469,0.0195
300M,chip_234_591_merged.tif,0.6,3,1503777534,117,34.3896,35.658,1.2684
300M,chip_234_591_merged.tif,0.6,4,1023832016,117,34.3025,35.599,1.2965
300M,chip_234_591_merged.tif,0.8,0,114860470,156,33.8834,35.6477,1.7643
300M,chip_234_591_merged.tif,0.8,1,1881737487,156,34.125,34.9511,0.8261
300M,chip_234_591_merged.tif,0.8,2,1401791969,156,34.072,34.7797,0.7076
300M,chip_234_591_merged.tif,0.8,3,1021185338,156,33.4707,35.0313,1.5605
300M,chip_234_591_merged.tif,0.8,4,541239820,156,34.0786,34.3316,0.253
300M,chip_236_284_merged.tif,0.2,0,2049212572,39,34.0057,38.22,4.2144
300M,chip_236_284_merged.tif,0.2,1,1668605941,39,34.185,38.6283,4.4433
300M,chip_236_284_merged.tif,0.2,2,1188660423,39,34.273,36.5005,2.2275
300M,chip_236_284_merged.tif,0.2,3,808053792,39,34.1623,38.1586,3.9963
300M,chip_236_284_merged.tif,0.2,4,328108274,39,32.4511,35.7411,3.29
300M,chip_236_284_merged.tif,0.4,0,1888597239,78,29.2629,36.0273,6.7643
300M,chip_236_284_merged.tif,0.4,1,1408651721,78,32.4119,36.9097,4.4978
300M,chip_236_284_merged.tif,0.4,2,1028045090,78,31.6308,33.2374,1.6066
300M,chip_236_284_merged.tif,0.4,3,647438459,78,31.2061,35.076,3.8699
300M,chip_236_284_merged.tif,0.4,4,167492941,78,33.0718,35.5052,2.4335
300M,chip_236_284_merged.tif,0.6,0,1145299032,117,32.7431,33.6479,0.9048
300M,chip_236_284_merged.tif,0.6,1,665353514,117,32.032,33.3389,1.3069
300M,chip_236_284_merged.tif,0.6,2,284746883,117,31.4965,33.4262,1.9296
300M,chip_236_284_merged.tif,0.6,3,2051623900,117,29.908,34.588,4.68
300M,chip_236_284_merged.tif,0.6,4,1571678382,117,32.0487,34.3244,2.2756
300M,chip_236_284_merged.tif,0.8,0,662706836,156,30.6554,32.1862,1.5308
300M,chip_236_284_merged.tif,0.8,1,282100205,156,30.3233,31.8569,1.5335
300M,chip_236_284_merged.tif,0.8,2,1949638335,156,29.9085,32.0218,2.1134
300M,chip_236_284_merged.tif,0.8,3,1569031704,156,30.6654,32.2381,1.5727
300M,chip_236_284_merged.tif,0.8,4,1089086186,156,31.009,32.0021,0.9931
300M,chip_236_367_merged.tif,0.2,0,631480386,39,33.2073,34.8606,1.6533
300M,chip_236_367_merged.tif,0.2,1,250873755,39,33.7025,34.6484,0.9459
300M,chip_236_367_merged.tif,0.2,2,1918411885,39,33.2122,35.0682,1.856
300M,chip_236_367_merged.tif,0.2,3,1537805254,39,32.2526,34.6372,2.3847
300M,chip_236_367_merged.tif,0.2,4,1057859736,39,33.4155,34.9255,1.51
300M,chip_236_367_merged.tif,0.4,0,1813027851,78,32.2427,34.3226,2.0798
300M,chip_236_367_merged.tif,0.4,1,1333082333,78,33.0795,33.9087,0.8292
300M,chip_236_367_merged.tif,0.4,2,952475702,78,32.7513,33.9547,1.2034
300M,chip_236_367_merged.tif,0.4,3,472530184,78,32.7825,34.1524,1.3699
300M,chip_236_367_merged.tif,0.4,4,91923553,78,31.3972,34.5877,3.1905
300M,chip_236_367_merged.tif,0.6,0,1875050494,117,32.0811,33.2466,1.1655
300M,chip_236_367_merged.tif,0.6,1,1395104976,117,32.9531,33.2717,0.3186
300M,chip_236_367_merged.tif,0.6,2,1014498345,117,31.6113,33.2805,1.6692
300M,chip_236_367_merged.tif,0.6,3,633891714,117,32.0371,33.6565,1.6194
300M,chip_236_367_merged.tif,0.6,4,153946196,117,31.7001,33.3762,1.676
300M,chip_236_367_merged.tif,0.8,0,1392458298,156,31.1722,32.4597,1.2874
300M,chip_236_367_merged.tif,0.8,1,1011851667,156,31.7232,32.6635,0.9403
300M,chip_236_367_merged.tif,0.8,2,531906149,156,32.1483,32.6493,0.501
300M,chip_236_367_merged.tif,0.8,3,151299518,156,31.7051,32.1976,0.4924
300M,chip_236_367_merged.tif,0.8,4,1818837648,156,32.0282,32.851,0.8228
300M,chip_236_448_merged.tif,0.2,0,418740880,39,32.0798,37.0754,4.9956
300M,chip_236_448_merged.tif,0.2,1,38134249,39,33.5673,36.9166,3.3492
300M,chip_236_448_merged.tif,0.2,2,1705672379,39,32.1347,36.7985,4.6638
300M,chip_236_448_merged.tif,0.2,3,1325065748,39,32.921,35.6828,2.7618
300M,chip_236_448_merged.tif,0.2,4,944459117,39,33.1046,37.1222,4.0176
300M,chip_236_448_merged.tif,0.4,0,1600288345,78,33.0835,35.2127,2.1292
300M,chip_236_448_merged.tif,0.4,1,1120342827,78,33.2698,34.9039,1.6341
300M,chip_236_448_merged.tif,0.4,2,739736196,78,32.8385,35.9799,3.1414
300M,chip_236_448_merged.tif,0.4,3,259790678,78,33.9229,35.3452,1.4223
300M,chip_236_448_merged.tif,0.4,4,2026667695,78,34.0518,35.9514,1.8996
300M,chip_236_448_merged.tif,0.6,0,1662310988,117,33.1262,34.4045,1.2783
300M,chip_236_448_merged.tif,0.6,1,1281704357,117,33.1275,34.9667,1.8393
300M,chip_236_448_merged.tif,0.6,2,801758839,117,33.1174,34.9741,1.8567
300M,chip_236_448_merged.tif,0.6,3,421152208,117,32.8014,34.6838,1.8824
300M,chip_236_448_merged.tif,0.6,4,2088690338,117,33.093,34.8924,1.7994
300M,chip_236_448_merged.tif,0.8,0,1179718792,156,33.2941,34.2652,0.9711
300M,chip_236_448_merged.tif,0.8,1,799112161,156,32.8049,34.3307,1.5258
300M,chip_236_448_merged.tif,0.8,2,319166643,156,32.4487,33.5514,1.1028
300M,chip_236_448_merged.tif,0.8,3,2086043660,156,32.4843,34.1003,1.616
300M,chip_236_448_merged.tif,0.8,4,1705437029,156,32.4722,34.2234,1.7512
300M,chip_236_450_merged.tif,0.2,0,340061342,39,34.452,36.0649,1.6129
300M,chip_236_450_merged.tif,0.2,1,2007599472,39,32.773,35.5609,2.7878
300M,chip_236_450_merged.tif,0.2,2,1626992841,39,32.1851,35.8539,3.6687
300M,chip_236_450_merged.tif,0.2,3,1246386210,39,31.5053,35.7541,4.2488
300M,chip_236_450_merged.tif,0.2,4,766440692,39,33.7548,36.0337,2.2789
300M,chip_236_450_merged.tif,0.4,0,179446009,78,33.3729,35.7032,2.3303
300M,chip_236_450_merged.tif,0.4,1,1846984139,78,31.9931,34.7523,2.7592
300M,chip_236_450_merged.tif,0.4,2,1466377508,78,30.178,34.981,4.8031
300M,chip_236_450_merged.tif,0.4,3,986431990,78,31.629,35.3365,3.7075
300M,chip_236_450_merged.tif,0.4,4,605825359,78,33.099,34.3431,1.2441
300M,chip_236_450_merged.tif,0.6,0,1583631450,117,31.8802,35.3003,3.4201
300M,chip_236_450_merged.tif,0.6,1,1103685932,117,32.6335,33.5584,0.9248
300M,chip_236_450_merged.tif,0.6,2,723079301,117,33.3381,34.1565,0.8184
300M,chip_236_450_merged.tif,0.6,3,243133783,117,33.4096,35.0033,1.5937
300M,chip_236_450_merged.tif,0.6,4,2010010800,117,31.5113,33.7495,2.2382
300M,chip_236_450_merged.tif,0.8,0,1101039254,156,31.9755,34.0407,2.0652
300M,chip_236_450_merged.tif,0.8,1,621093736,156,32.6297,32.5059,-0.1238
300M,chip_236_450_merged.tif,0.8,2,240487105,156,31.83,33.3495,1.5195
300M,chip_236_450_merged.tif,0.8,3,2007364122,156,32.636,32.9014,0.2654
300M,chip_236_450_merged.tif,0.8,4,1527418604,156,31.9596,32.9477,0.9881
300M,chip_236_595_merged.tif,0.2,0,591998134,39,35.7012,36.2713,0.5701
300M,chip_236_595_merged.tif,0.2,1,112052616,39,31.1145,37.3666,6.2521
300M,chip_236_595_merged.tif,0.2,2,1878929633,39,35.3242,36.6896,1.3653
300M,chip_236_595_merged.tif,0.2,3,1398984115,39,30.8765,37.3118,6.4353
300M,chip_236_595_merged.tif,0.2,4,1018377484,39,34.3834,36.2557,1.8723
300M,chip_236_595_merged.tif,0.4,0,332043914,78,34.9339,37.0562,2.1223
300M,chip_236_595_merged.tif,0.4,1,2098920931,78,34.2782,35.0896,0.8115
300M,chip_236_595_merged.tif,0.4,2,1718314300,78,34.2787,35.8594,1.5807
300M,chip_236_595_merged.tif,0.4,3,1238368782,78,33.8611,36.7058,2.8448
300M,chip_236_595_merged.tif,0.4,4,857762151,78,32.3446,36.7144,4.3698
300M,chip_236_595_merged.tif,0.6,0,1736229355,117,32.4558,35.4424,2.9865
300M,chip_236_595_merged.tif,0.6,1,1355622724,117,32.5253,35.7339,3.2085
300M,chip_236_595_merged.tif,0.6,2,975016093,117,32.0233,35.988,3.9647
300M,chip_236_595_merged.tif,0.6,3,495070575,117,32.5207,35.4272,2.9065
300M,chip_236_595_merged.tif,0.6,4,114463944,117,32.513,35.4805,2.9675
300M,chip_236_595_merged.tif,0.8,0,1352976046,156,32.9915,34.5598,1.5683
300M,chip_236_595_merged.tif,0.8,1,873030528,156,33.0086,33.1798,0.1711
300M,chip_236_595_merged.tif,0.8,2,492423897,156,33.3504,33.9534,0.603
300M,chip_236_595_merged.tif,0.8,3,12478379,156,33.1503,34.0303,0.88
300M,chip_236_595_merged.tif,0.8,4,1779355396,156,33.3555,33.0938,-0.2617
300M,chip_236_600_merged.tif,0.2,0,1963146056,39,34.5634,36.4573,1.8939
300M,chip_236_600_merged.tif,0.2,1,1483200538,39,35.014,36.5248,1.5108
300M,chip_236_600_merged.tif,0.2,2,1102593907,39,36.6631,37.1883,0.5252
300M,chip_236_600_merged.tif,0.2,3,721987276,39,32.9707,37.7291,4.7584
300M,chip_236_600_merged.tif,0.2,4,242041758,39,35.1616,36.9309,1.7694
300M,chip_236_600_merged.tif,0.4,0,1802530723,78,35.468,36.5773,1.1093
300M,chip_236_600_merged.tif,0.4,1,1322585205,78,34.1681,35.8464,1.6783
300M,chip_236_600_merged.tif,0.4,2,941978574,78,34.2936,36.9126,2.6191
300M,chip_236_600_merged.tif,0.4,3,462033056,78,34.1687,36.7474,2.5788
300M,chip_236_600_merged.tif,0.4,4,81426425,78,35.8086,36.1101,0.3015
300M,chip_236_600_merged.tif,0.6,0,1059232516,117,34.1919,35.8966,1.7047
300M,chip_236_600_merged.tif,0.6,1,579286998,117,33.9273,35.5116,1.5843
300M,chip_236_600_merged.tif,0.6,2,198680367,117,34.3,35.4889,1.1889
300M,chip_236_600_merged.tif,0.6,3,1866218497,117,33.9095,35.3557,1.4462
300M,chip_236_600_merged.tif,0.6,4,1485611866,117,34.7237,35.5792,0.8555
300M,chip_236_600_merged.tif,0.8,0,576640320,156,34.1724,34.9939,0.8215
300M,chip_236_600_merged.tif,0.8,1,96694802,156,34.1567,34.5018,0.3451
300M,chip_236_600_merged.tif,0.8,2,1863571819,156,34.0036,34.945,0.9414
300M,chip_236_600_merged.tif,0.8,3,1482965188,156,34.0196,34.8099,0.7903
300M,chip_236_600_merged.tif,0.8,4,1003019670,156,34.4027,34.4265,0.0238
300M,chip_237_289_merged.tif,0.2,0,580135538,39,31.7107,39.9437,8.233
300M,chip_237_289_merged.tif,0.2,1,199528907,39,34.6606,39.0428,4.3822
300M,chip_237_289_merged.tif,0.2,2,1867067037,39,31.6204,38.8001,7.1796
300M,chip_237_289_merged.tif,0.2,3,1486460406,39,32.9048,37.0636,4.1589
300M,chip_237_289_merged.tif,0.2,4,1105853775,39,33.605,37.7301,4.1251
300M,chip_237_289_merged.tif,0.4,0,1761683003,78,31.6969,37.5346,5.8377
300M,chip_237_289_merged.tif,0.4,1,1281737485,78,31.7619,37.4612,5.6993
300M,chip_237_289_merged.tif,0.4,2,901130854,78,31.2495,38.111,6.8616
300M,chip_237_289_merged.tif,0.4,3,520524223,78,31.2499,37.5847,6.3347
300M,chip_237_289_merged.tif,0.4,4,40578705,78,32.6292,37.388,4.7588
300M,chip_237_289_merged.tif,0.6,0,1018384796,117,30.977,36.1,5.123
300M,chip_237_289_merged.tif,0.6,1,538439278,117,32.6745,36.5004,3.8259
300M,chip_237_289_merged.tif,0.6,2,157832647,117,31.4318,35.4036,3.9718
300M,chip_237_289_merged.tif,0.6,3,1924709664,117,31.3767,36.4031,5.0263
300M,chip_237_289_merged.tif,0.6,4,1444764146,117,32.2519,35.3261,3.0743
300M,chip_237_289_merged.tif,0.8,0,535792600,156,30.4092,33.5993,3.1901
300M,chip_237_289_merged.tif,0.8,1,155185969,156,32.0038,33.0064,1.0026
300M,chip_237_289_merged.tif,0.8,2,1822724099,156,31.5881,34.5288,2.9407
300M,chip_237_289_merged.tif,0.8,3,1442117468,156,31.5645,35.7071,4.1427
300M,chip_237_289_merged.tif,0.8,4,962171950,156,31.9785,34.6861,2.7076
300M,chip_237_335_merged.tif,0.2,0,1952907134,39,41.4081,40.2067,-1.2015
300M,chip_237_335_merged.tif,0.2,1,1472961616,39,37.3121,39.908,2.596
300M,chip_237_335_merged.tif,0.2,2,1092354985,39,41.2296,41.8966,0.6669
300M,chip_237_335_merged.tif,0.2,3,711748354,39,41.2311,41.7873,0.5563
300M,chip_237_335_merged.tif,0.2,4,231802836,39,38.4505,42.1348,3.6843
300M,chip_237_335_merged.tif,0.4,0,1792291801,78,40.2013,39.4604,-0.7409
300M,chip_237_335_merged.tif,0.4,1,1312346283,78,38.3685,40.6158,2.2473
300M,chip_237_335_merged.tif,0.4,2,931739652,78,40.0681,40.7583,0.6902
300M,chip_237_335_merged.tif,0.4,3,451794134,78,37.2609,40.8485,3.5876
300M,chip_237_335_merged.tif,0.4,4,71187503,78,37.2618,40.5151,3.2534
300M,chip_237_335_merged.tif,0.6,0,1048993594,117,37.0209,40.244,3.2231
300M,chip_237_335_merged.tif,0.6,1,569048076,117,37.6568,40.069,2.4121
300M,chip_237_335_merged.tif,0.6,2,188441445,117,38.5382,40.452,1.9139
300M,chip_237_335_merged.tif,0.6,3,1855979575,117,36.9791,39.4297,2.4506
300M,chip_237_335_merged.tif,0.6,4,1475372944,117,37.7439,40.9632,3.2192
300M,chip_237_335_merged.tif,0.8,0,566401398,156,37.4017,38.9559,1.5542
300M,chip_237_335_merged.tif,0.8,1,86455880,156,37.1778,39.8721,2.6943
300M,chip_237_335_merged.tif,0.8,2,1853332897,156,37.9295,39.5474,1.6179
300M,chip_237_335_merged.tif,0.8,3,1472726266,156,38.2313,39.3574,1.1261
300M,chip_237_335_merged.tif,0.8,4,992780748,156,37.3754,39.2202,1.8448
300M,chip_237_472_merged.tif,0.2,0,1749134831,39,34.7368,36.0139,1.2772
300M,chip_237_472_merged.tif,0.2,1,1269189313,39,34.8743,36.1707,1.2964
300M,chip_237_472_merged.tif,0.2,2,888582682,39,31.4703,36.1634,4.6931
300M,chip_237_472_merged.tif,0.2,3,408637164,39,34.2467,35.9427,1.6959
300M,chip_237_472_merged.tif,0.2,4,28030533,39,34.875,36.2994,1.4244
300M,chip_237_472_merged.tif,0.4,0,1489180611,78,33.6561,33.4729,-0.1832
300M,chip_237_472_merged.tif,0.4,1,1108573980,78,32.5032,35.0164,2.5132
300M,chip_237_472_merged.tif,0.4,2,628628462,78,32.4441,36.0895,3.6454
300M,chip_237_472_merged.tif,0.4,3,248021831,78,32.2836,34.0709,1.7873
300M,chip_237_472_merged.tif,0.4,4,2014898848,78,32.5025,35.7944,3.2919
300M,chip_237_472_merged.tif,0.6,0,745882404,117,31.2905,33.6066,2.316
300M,chip_237_472_merged.tif,0.6,1,365275773,117,31.8275,34.6,2.7725
300M,chip_237_472_merged.tif,0.6,2,2032813903,117,31.5359,35.3591,3.8232
300M,chip_237_472_merged.tif,0.6,3,1652207272,117,32.4023,34.3905,1.9882
300M,chip_237_472_merged.tif,0.6,4,1271600641,117,31.4816,34.8095,3.328
300M,chip_237_472_merged.tif,0.8,0,362629095,156,31.6772,33.5169,1.8396
300M,chip_237_472_merged.tif,0.8,1,2030167225,156,32.0476,32.8936,0.846
300M,chip_237_472_merged.tif,0.8,2,1649560594,156,32.3669,33.2086,0.8417
300M,chip_237_472_merged.tif,0.8,3,1169615076,156,32.0387,33.5227,1.484
300M,chip_237_472_merged.tif,0.8,4,789008445,156,32.053,33.9471,1.8941
300M,chip_237_598_merged.tif,0.2,0,772570841,39,32.2251,36.3874,4.1623
300M,chip_237_598_merged.tif,0.2,1,391964210,39,34.0576,37.4983,3.4407
300M,chip_237_598_merged.tif,0.2,2,2059502340,39,35.5773,35.7224,0.1451
300M,chip_237_598_merged.tif,0.2,3,1678895709,39,32.9742,36.2621,3.2879
300M,chip_237_598_merged.tif,0.2,4,1198950191,39,31.3231,34.4602,3.1371
300M,chip_237_598_merged.tif,0.4,0,611955508,78,33.9466,34.7675,0.8209
300M,chip_237_598_merged.tif,0.4,1,132009990,78,31.3586,35.4268,4.0682
300M,chip_237_598_merged.tif,0.4,2,1898887007,78,34.538,35.7285,1.1906
300M,chip_237_598_merged.tif,0.4,3,1518280376,78,35.1274,34.5705,-0.5569
300M,chip_237_598_merged.tif,0.4,4,1038334858,78,34.3428,35.6343,1.2915
300M,chip_237_598_merged.tif,0.6,0,2016140949,117,33.5507,34.322,0.7713
300M,chip_237_598_merged.tif,0.6,1,1536195431,117,34.242,34.9987,0.7567
300M,chip_237_598_merged.tif,0.6,2,1155588800,117,33.3475,34.5646,1.2172
300M,chip_237_598_merged.tif,0.6,3,774982169,117,32.853,35.4118,2.5588
300M,chip_237_598_merged.tif,0.6,4,295036651,117,34.242,34.5504,0.3084
300M,chip_237_598_merged.tif,0.8,0,1533548753,156,32.8382,33.7871,0.9489
300M,chip_237_598_merged.tif,0.8,1,1152942122,156,32.8447,34.2982,1.4535
300M,chip_237_598_merged.tif,0.8,2,672996604,156,32.4278,33.5838,1.156
300M,chip_237_598_merged.tif,0.8,3,292389973,156,32.5692,34.2026,1.6334
300M,chip_237_598_merged.tif,0.8,4,1959928103,156,32.4517,33.6089,1.1572
300M,chip_238_458_merged.tif,0.2,0,1697066177,39,33.0336,34.4261,1.3925
300M,chip_238_458_merged.tif,0.2,1,1217120659,39,31.7886,34.3222,2.5335
300M,chip_238_458_merged.tif,0.2,2,836514028,39,33.0712,35.1225,2.0512
300M,chip_238_458_merged.tif,0.2,3,356568510,39,31.3485,33.8879,2.5394
300M,chip_238_458_merged.tif,0.2,4,2123445527,39,32.0437,34.9548,2.9111
300M,chip_238_458_merged.tif,0.4,0,1437111957,78,30.7181,34.4421,3.7239
300M,chip_238_458_merged.tif,0.4,1,1056505326,78,30.7183,32.47,1.7517
300M,chip_238_458_merged.tif,0.4,2,675898695,78,31.1335,33.9681,2.8346
300M,chip_238_458_merged.tif,0.4,3,195953177,78,30.7509,34.2801,3.5292
300M,chip_238_458_merged.tif,0.4,4,1962830194,78,31.6689,33.9002,2.2313
300M,chip_238_458_merged.tif,0.6,0,693813750,117,30.6426,33.4243,2.7817
300M,chip_238_458_merged.tif,0.6,1,313207119,117,30.7162,33.4656,2.7494
300M,chip_238_458_merged.tif,0.6,2,2080084136,117,30.9289,32.9837,2.0549
300M,chip_238_458_merged.tif,0.6,3,1600138618,117,30.6229,33.5258,2.9029
300M,chip_238_458_merged.tif,0.6,4,1219531987,117,29.6294,32.949,3.3196
300M,chip_238_458_merged.tif,0.8,0,310560441,156,30.2958,32.6395,2.3438
300M,chip_238_458_merged.tif,0.8,1,1978098571,156,30.2927,33.1557,2.863
300M,chip_238_458_merged.tif,0.8,2,1597491940,156,31.1727,31.9226,0.7499
300M,chip_238_458_merged.tif,0.8,3,1117546422,156,30.2987,31.9193,1.6206
300M,chip_238_458_merged.tif,0.8,4,736939791,156,30.9756,32.0042,1.0286
300M,chip_239_277_merged.tif,0.2,0,1515405718,39,35.7714,37.4628,1.6913
300M,chip_239_277_merged.tif,0.2,1,1035460200,39,28.8883,38.1987,9.3105
300M,chip_239_277_merged.tif,0.2,2,654853569,39,35.7031,38.216,2.5129
300M,chip_239_277_merged.tif,0.2,3,174908051,39,36.6048,41.2274,4.6226
300M,chip_239_277_merged.tif,0.2,4,1941785068,39,35.9493,38.9494,3.0001
300M,chip_239_277_merged.tif,0.4,0,450130648,78,33.9255,37.8968,3.9712
300M,chip_239_277_merged.tif,0.4,1,69524017,78,33.1813,37.8171,4.6358
300M,chip_239_277_merged.tif,0.4,2,1737062147,78,34.6987,37.049,2.3503
300M,chip_239_277_merged.tif,0.4,3,1356455516,78,33.9094,38.1052,4.1957
300M,chip_239_277_merged.tif,0.4,4,876509998,78,34.4096,38.8719,4.4623
300M,chip_239_277_merged.tif,0.6,0,512153291,117,32.8665,36.7872,3.9206
300M,chip_239_277_merged.tif,0.6,1,131546660,117,33.9425,36.6743,2.7318
300M,chip_239_277_merged.tif,0.6,2,1898423677,117,34.0465,37.757,3.7105
300M,chip_239_277_merged.tif,0.6,3,1418478159,117,33.9803,36.9521,2.9718
300M,chip_239_277_merged.tif,0.6,4,1037871528,117,33.283,35.3387,2.0557
300M,chip_239_277_merged.tif,0.8,0,128899982,156,32.3159,35.2174,2.9015
300M,chip_239_277_merged.tif,0.8,1,1796438112,156,33.5441,33.3435,-0.2006
300M,chip_239_277_merged.tif,0.8,2,1415831481,156,33.5631,35.0491,1.486
300M,chip_239_277_merged.tif,0.8,3,935885963,156,32.2968,34.7865,2.4897
300M,chip_239_277_merged.tif,0.8,4,555279332,156,32.3261,33.9929,1.6668
300M,chip_239_281_merged.tif,0.2,0,1182386601,39,33.8502,37.9444,4.0942
300M,chip_239_281_merged.tif,0.2,1,801779970,39,37.983,40.24,2.257
300M,chip_239_281_merged.tif,0.2,2,321834452,39,36.2318,36.9803,0.7485
300M,chip_239_281_merged.tif,0.2,3,2088711469,39,32.3197,40.0818,7.762
300M,chip_239_281_merged.tif,0.2,4,1708104838,39,38.5176,38.3972,-0.1204
300M,chip_239_281_merged.tif,0.4,0,216450418,78,31.2287,37.157,5.9283
300M,chip_239_281_merged.tif,0.4,1,1883988548,78,35.657,37.9173,2.2603
300M,chip_239_281_merged.tif,0.4,2,1503381917,78,33.5922,37.8697,4.2774
300M,chip_239_281_merged.tif,0.4,3,1023436399,78,32.9025,35.7144,2.8119
300M,chip_239_281_merged.tif,0.4,4,642829768,78,33.5374,38.2653,4.7279
300M,chip_239_281_merged.tif,0.6,0,278473061,117,32.4529,35.9093,3.4564
300M,chip_239_281_merged.tif,0.6,1,2045350078,117,31.7724,34.1666,2.3942
300M,chip_239_281_merged.tif,0.6,2,1565404560,117,33.6688,35.9025,2.2336
300M,chip_239_281_merged.tif,0.6,3,1184797929,117,33.6135,35.7924,2.1789
300M,chip_239_281_merged.tif,0.6,4,704852411,117,34.3891,36.4828,2.0937
300M,chip_239_281_merged.tif,0.8,0,1943364513,156,34.0103,35.8346,1.8243
300M,chip_239_281_merged.tif,0.8,1,1562757882,156,33.599,34.5804,0.9814
300M,chip_239_281_merged.tif,0.8,2,1082812364,156,32.6854,34.3723,1.6869
300M,chip_239_281_merged.tif,0.8,3,702205733,156,33.625,33.5083,-0.1167
300M,chip_239_281_merged.tif,0.8,4,222260215,156,31.9069,34.0206,2.1137
300M,chip_239_283_merged.tif,0.2,0,458780436,39,31.6409,38.1279,6.4869
300M,chip_239_283_merged.tif,0.2,1,78173805,39,33.6622,36.9562,3.294
300M,chip_239_283_merged.tif,0.2,2,1745711935,39,32.519,37.5211,5.0021
300M,chip_239_283_merged.tif,0.2,3,1365105304,39,34.6961,36.7756,2.0795
300M,chip_239_283_merged.tif,0.2,4,885159786,39,33.1351,37.3826,4.2476
300M,chip_239_283_merged.tif,0.4,0,298165103,78,32.4025,37.0204,4.6179
300M,chip_239_283_merged.tif,0.4,1,2065042120,78,31.8807,36.4962,4.6155
300M,chip_239_283_merged.tif,0.4,2,1585096602,78,31.0323,36.542,5.5097
300M,chip_239_283_merged.tif,0.4,3,1204489971,78,32.402,37.18,4.778
300M,chip_239_283_merged.tif,0.4,4,724544453,78,31.0329,36.4322,5.3993
300M,chip_239_283_merged.tif,0.6,0,1702350544,117,31.1207,34.5421,3.4213
300M,chip_239_283_merged.tif,0.6,1,1321743913,117,32.1879,35.0304,2.8425
300M,chip_239_283_merged.tif,0.6,2,841798395,117,30.6224,36.1364,5.514
300M,chip_239_283_merged.tif,0.6,3,461191764,117,30.4427,35.3076,4.8649
300M,chip_239_283_merged.tif,0.6,4,2128729894,117,32.1778,35.0939,2.9161
300M,chip_239_283_merged.tif,0.8,0,1219758348,156,30.8917,32.2348,1.3431
300M,chip_239_283_merged.tif,0.8,1,839151717,156,30.794,32.3743,1.5803
300M,chip_239_283_merged.tif,0.8,2,359206199,156,30.8144,33.1085,2.2942
300M,chip_239_283_merged.tif,0.8,3,2126083216,156,30.5917,33.149,2.5573
300M,chip_239_283_merged.tif,0.8,4,1646137698,156,30.5574,32.2086,1.6512
300M,chip_239_336_merged.tif,0.2,0,1706258226,39,40.6446,41.4897,0.8451
300M,chip_239_336_merged.tif,0.2,1,1226312708,39,39.1599,40.4988,1.3388
300M,chip_239_336_merged.tif,0.2,2,845706077,39,39.4661,40.6793,1.2132
300M,chip_239_336_merged.tif,0.2,3,365760559,39,39.6079,41.7284,2.1204
300M,chip_239_336_merged.tif,0.2,4,2132637576,39,39.6079,38.9052,-0.7027
300M,chip_239_336_merged.tif,0.4,0,1446304006,78,39.8073,40.5774,0.7701
300M,chip_239_336_merged.tif,0.4,1,1065697375,78,39.8075,39.5705,-0.237
300M,chip_239_336_merged.tif,0.4,2,685090744,78,39.0664,40.7955,1.7291
300M,chip_239_336_merged.tif,0.4,3,205145226,78,39.6648,40.1431,0.4783
300M,chip_239_336_merged.tif,0.4,4,1972022243,78,40.4498,39.642,-0.8078
300M,chip_239_336_merged.tif,0.6,0,802344686,117,39.3669,39.7117,0.3448
300M,chip_239_336_merged.tif,0.6,1,322399168,117,39.2795,39.636,0.3565
300M,chip_239_336_merged.tif,0.6,2,2089276185,117,39.1607,40.0329,0.8722
300M,chip_239_336_merged.tif,0.6,3,1609330667,117,38.7967,39.4013,0.6046
300M,chip_239_336_merged.tif,0.6,4,1228724036,117,38.9552,39.6529,0.6978
300M,chip_239_336_merged.tif,0.8,0,319752490,156,38.4087,39.1264,0.7177
300M,chip_239_336_merged.tif,0.8,1,1987290620,156,38.5614,39.4394,0.878
300M,chip_239_336_merged.tif,0.8,2,1606683989,156,38.4755,39.3122,0.8367
300M,chip_239_336_merged.tif,0.8,3,1126738471,156,38.5486,39.379,0.8304
300M,chip_239_336_merged.tif,0.8,4,746131840,156,38.8566,39.0018,0.1452
300M,chip_240_276_merged.tif,0.2,0,913401520,39,34.2053,37.3629,3.1576
300M,chip_240_276_merged.tif,0.2,1,532794889,39,32.4072,38.9891,6.5819
300M,chip_240_276_merged.tif,0.2,2,52849371,39,38.5107,39.0868,0.5761
300M,chip_240_276_merged.tif,0.2,3,1819726388,39,32.1828,39.1002,6.9174
300M,chip_240_276_merged.tif,0.2,4,1339780870,39,34.5541,39.5194,4.9654
300M,chip_240_276_merged.tif,0.4,0,752786187,78,32.6489,38.783,6.1341
300M,chip_240_276_merged.tif,0.4,1,272840669,78,32.5591,37.6865,5.1274
300M,chip_240_276_merged.tif,0.4,2,2039717686,78,32.6782,37.5155,4.8373
300M,chip_240_276_merged.tif,0.4,3,1659111055,78,32.3222,37.6865,5.3643
300M,chip_240_276_merged.tif,0.4,4,1179165537,78,33.422,38.3536,4.9316
300M,chip_240_276_merged.tif,0.6,0,9487980,117,31.9781,33.6901,1.712
300M,chip_240_276_merged.tif,0.6,1,1677026110,117,33.2107,37.4644,4.2537
300M,chip_240_276_merged.tif,0.6,2,1296419479,117,32.9075,37.5055,4.598
300M,chip_240_276_merged.tif,0.6,3,915812848,117,32.7879,35.702,2.9142
300M,chip_240_276_merged.tif,0.6,4,435867330,117,33.121,37.0439,3.9229
300M,chip_240_276_merged.tif,0.8,0,1674379432,156,32.7335,35.6386,2.9051
300M,chip_240_276_merged.tif,0.8,1,1293772801,156,32.5812,34.4557,1.8745
300M,chip_240_276_merged.tif,0.8,2,813827283,156,32.6543,34.3599,1.7056
300M,chip_240_276_merged.tif,0.8,3,433220652,156,33.2886,35.2166,1.928
300M,chip_240_276_merged.tif,0.8,4,2100758782,156,32.6705,34.847,2.1765
300M,chip_240_588_merged.tif,0.2,0,676960628,39,31.6103,34.0695,2.4592
300M,chip_240_588_merged.tif,0.2,1,197015110,39,31.8635,35.045,3.1816
300M,chip_240_588_merged.tif,0.2,2,1963892127,39,32.2619,34.211,1.9491
300M,chip_240_588_merged.tif,0.2,3,1483946609,39,32.5686,34.2271,1.6585
300M,chip_240_588_merged.tif,0.2,4,1103339978,39,32.2619,33.3679,1.106
300M,chip_240_588_merged.tif,0.4,0,417006408,78,31.8568,34.1521,2.2953
300M,chip_240_588_merged.tif,0.4,1,36399777,78,32.4558,34.2758,1.82
300M,chip_240_588_merged.tif,0.4,2,1803276794,78,31.9165,33.6874,1.7709
300M,chip_240_588_merged.tif,0.4,3,1323331276,78,31.7719,33.5051,1.7332
300M,chip_240_588_merged.tif,0.4,4,942724645,78,31.9165,33.0965,1.18
300M,chip_240_588_merged.tif,0.6,0,1821191849,117,31.9301,33.0461,1.116
300M,chip_240_588_merged.tif,0.6,1,1440585218,117,31.3522,33.6385,2.2863
300M,chip_240_588_merged.tif,0.6,2,1059978587,117,31.881,33.245,1.3639
300M,chip_240_588_merged.tif,0.6,3,580033069,117,31.9795,33.3618,1.3823
300M,chip_240_588_merged.tif,0.6,4,199426438,117,31.9921,32.8689,0.8767
300M,chip_240_588_merged.tif,0.8,0,1437938540,156,31.7006,32.0726,0.372
300M,chip_240_588_merged.tif,0.8,1,957993022,156,30.9986,32.4831,1.4846
300M,chip_240_588_merged.tif,0.8,2,577386391,156,31.5826,32.8835,1.3008
300M,chip_240_588_merged.tif,0.8,3,97440873,156,31.4446,32.4302,0.9856
300M,chip_240_588_merged.tif,0.8,4,1864317890,156,31.6281,32.2587,0.6306
300M,chip_241_475_merged.tif,0.2,0,1294655915,39,33.6669,35.6561,1.9892
300M,chip_241_475_merged.tif,0.2,1,814710397,39,32.374,35.9253,3.5513
300M,chip_241_475_merged.tif,0.2,2,434103766,39,33.6679,35.4823,1.8144
300M,chip_241_475_merged.tif,0.2,3,53497135,39,33.0935,35.4537,2.3601
300M,chip_241_475_merged.tif,0.2,4,1721035265,39,34.4005,35.1095,0.709
300M,chip_241_475_merged.tif,0.4,0,1134040582,78,33.5654,35.1244,1.559
300M,chip_241_475_merged.tif,0.4,1,654095064,78,33.1397,34.5297,1.3901
300M,chip_241_475_merged.tif,0.4,2,273488433,78,33.271,34.8413,1.5703
300M,chip_241_475_merged.tif,0.4,3,1941026563,78,32.556,35.0347,2.4788
300M,chip_241_475_merged.tif,0.4,4,1560419932,78,32.5561,34.8123,2.2561
300M,chip_241_475_merged.tif,0.6,0,390742375,117,33.3091,34.6944,1.3853
300M,chip_241_475_merged.tif,0.6,1,2058280505,117,33.3999,34.1572,0.7573
300M,chip_241_475_merged.tif,0.6,2,1677673874,117,33.4089,34.3887,0.9798
300M,chip_241_475_merged.tif,0.6,3,1197728356,117,33.2442,34.5915,1.3473
300M,chip_241_475_merged.tif,0.6,4,817121725,117,33.2411,33.9339,0.6928
300M,chip_241_475_merged.tif,0.8,0,2055633827,156,33.0364,33.5372,0.5009
300M,chip_241_475_merged.tif,0.8,1,1575688309,156,32.3041,33.602,1.2979
300M,chip_241_475_merged.tif,0.8,2,1195081678,156,32.3013,33.5464,1.2451
300M,chip_241_475_merged.tif,0.8,3,814475047,156,33.0585,33.6971,0.6386
300M,chip_241_475_merged.tif,0.8,4,334529529,156,31.8625,33.5447,1.6822
300M,chip_242_336_merged.tif,0.2,0,47179690,39,32.0108,37.445,5.4342
300M,chip_242_336_merged.tif,0.2,1,1714717820,39,32.9635,37.4212,4.4577
300M,chip_242_336_merged.tif,0.2,2,1334111189,39,35.0342,37.7828,2.7486
300M,chip_242_336_merged.tif,0.2,3,854165671,39,33.83,36.6908,2.8608
300M,chip_242_336_merged.tif,0.2,4,473559040,39,31.6159,37.7489,6.133
300M,chip_242_336_merged.tif,0.4,0,1129388268,78,32.3451,36.3527,4.0076
300M,chip_242_336_merged.tif,0.4,1,748781637,78,32.1505,36.9759,4.8254
300M,chip_242_336_merged.tif,0.4,2,268836119,78,31.6606,36.4026,4.7419
300M,chip_242_336_merged.tif,0.4,3,2035713136,78,31.2458,36.2117,4.9659
300M,chip_242_336_merged.tif,0.4,4,1555767618,78,30.3917,36.3557,5.9639
300M,chip_242_336_merged.tif,0.6,0,1191410911,117,31.5038,35.5489,4.0451
300M,chip_242_336_merged.tif,0.6,1,810804280,117,30.9134,35.0192,4.1057
300M,chip_242_336_merged.tif,0.6,2,430197649,117,30.9388,35.5387,4.5999
300M,chip_242_336_merged.tif,0.6,3,2097735779,117,31.3431,34.9838,3.6407
300M,chip_242_336_merged.tif,0.6,4,1717129148,117,30.6239,34.7976,4.1738
300M,chip_242_336_merged.tif,0.8,0,808157602,156,30.6891,33.4909,2.8018
300M,chip_242_336_merged.tif,0.8,1,328212084,156,30.4322,32.1921,1.7598
300M,chip_242_336_merged.tif,0.8,2,2095089101,156,30.4185,32.3853,1.9668
300M,chip_242_336_merged.tif,0.8,3,1615143583,156,30.4427,32.7162,2.2735
300M,chip_242_336_merged.tif,0.8,4,1234536952,156,31.2786,33.5249,2.2463
300M,chip_243_452_merged.tif,0.2,0,1095261144,39,30.9474,34.0178,3.0704
300M,chip_243_452_merged.tif,0.2,1,615315626,39,31.7295,34.169,2.4396
300M,chip_243_452_merged.tif,0.2,2,234708995,39,31.8379,32.5283,0.6904
300M,chip_243_452_merged.tif,0.2,3,1902247125,39,32.7941,32.8251,0.031
300M,chip_243_452_merged.tif,0.2,4,1521640494,39,31.9462,32.9856,1.0394
300M,chip_243_452_merged.tif,0.4,0,29986074,78,30.5057,33.2671,2.7614
300M,chip_243_452_merged.tif,0.4,1,1796863091,78,31.1014,33.0781,1.9767
300M,chip_243_452_merged.tif,0.4,2,1316917573,78,30.3083,32.5541,2.2458
300M,chip_243_452_merged.tif,0.4,3,936310942,78,30.735,33.0219,2.2869
300M,chip_243_452_merged.tif,0.4,4,456365424,78,30.5064,33.3344,2.828
300M,chip_243_452_merged.tif,0.6,0,92008717,117,29.4366,32.186,2.7494
300M,chip_243_452_merged.tif,0.6,1,1858885734,117,30.2323,32.1056,1.8733
300M,chip_243_452_merged.tif,0.6,2,1478279103,117,29.6282,32.1591,2.5309
300M,chip_243_452_merged.tif,0.6,3,998333585,117,29.9162,31.8287,1.9125
300M,chip_243_452_merged.tif,0.6,4,617726954,117,30.2443,32.4122,2.1679
300M,chip_243_452_merged.tif,0.8,0,1856239056,156,29.9425,31.5807,1.6382
300M,chip_243_452_merged.tif,0.8,1,1376293538,156,29.8823,31.4396,1.5572
300M,chip_243_452_merged.tif,0.8,2,995686907,156,29.9256,30.8956,0.97
300M,chip_243_452_merged.tif,0.8,3,515741389,156,29.532,31.466,1.9341
300M,chip_243_452_merged.tif,0.8,4,135134758,156,28.9052,31.8329,2.9277
300M,chip_243_589_merged.tif,0.2,0,1989286054,39,32.9139,34.833,1.919
300M,chip_243_589_merged.tif,0.2,1,1608679423,39,33.42,34.8566,1.4366
300M,chip_243_589_merged.tif,0.2,2,1128733905,39,32.3819,34.5924,2.2105
300M,chip_243_589_merged.tif,0.2,3,748127274,39,33.1245,35.4428,2.3183
300M,chip_243_589_merged.tif,0.2,4,268181756,39,32.7432,35.1534,2.4102
300M,chip_243_589_merged.tif,0.4,0,1828670721,78,32.6176,34.5767,1.9591
300M,chip_243_589_merged.tif,0.4,1,1348725203,78,30.5985,33.808,3.2094
300M,chip_243_589_merged.tif,0.4,2,968118572,78,31.5324,34.6723,3.1398
300M,chip_243_589_merged.tif,0.4,3,488173054,78,32.0827,33.5125,1.4298
300M,chip_243_589_merged.tif,0.4,4,107566423,78,32.4351,34.2982,1.8632
300M,chip_243_589_merged.tif,0.6,0,1085372514,117,31.0403,33.3895,2.3493
300M,chip_243_589_merged.tif,0.6,1,605426996,117,30.9261,33.396,2.4699
300M,chip_243_589_merged.tif,0.6,2,224820365,117,32.1286,34.0448,1.9162
300M,chip_243_589_merged.tif,0.6,3,1991697382,117,31.0429,33.698,2.6551
300M,chip_243_589_merged.tif,0.6,4,1511751864,117,32.0206,33.4393,1.4188
300M,chip_243_589_merged.tif,0.8,0,602780318,156,31.2115,32.2301,1.0186
300M,chip_243_589_merged.tif,0.8,1,222173687,156,31.2361,32.2391,1.003
300M,chip_243_589_merged.tif,0.8,2,1889711817,156,30.7881,32.1746,1.3865
300M,chip_243_589_merged.tif,0.8,3,1509105186,156,30.3369,32.8164,2.4796
300M,chip_243_589_merged.tif,0.8,4,1029159668,156,30.7752,32.5829,1.8077
300M,chip_244_335_merged.tif,0.2,0,826318062,39,32.6218,37.2543,4.6325
300M,chip_244_335_merged.tif,0.2,1,346372544,39,32.2648,36.0304,3.7656
300M,chip_244_335_merged.tif,0.2,2,2113249561,39,33.3928,37.8744,4.4816
300M,chip_244_335_merged.tif,0.2,3,1633304043,39,33.3913,36.1294,2.7381
300M,chip_244_335_merged.tif,0.2,4,1252697412,39,33.6108,35.4572,1.8464
300M,chip_244_335_merged.tif,0.4,0,566363842,78,32.7421,36.4835,3.7414
300M,chip_244_335_merged.tif,0.4,1,185757211,78,31.477,36.2802,4.8033
300M,chip_244_335_merged.tif,0.4,2,1952634228,78,33.249,35.7897,2.5407
300M,chip_244_335_merged.tif,0.4,3,1472688710,78,31.7291,36.4114,4.6823
300M,chip_244_335_merged.tif,0.4,4,1092082079,78,31.7308,36.2181,4.4873
300M,chip_244_335_merged.tif,0.6,0,2069888170,117,31.7037,34.9959,3.2922
300M,chip_244_335_merged.tif,0.6,1,1589942652,117,32.2536,35.3061,3.0525
300M,chip_244_335_merged.tif,0.6,2,1209336021,117,31.727,35.6408,3.9139
300M,chip_244_335_merged.tif,0.6,3,729390503,117,32.1768,34.9385,2.7617
300M,chip_244_335_merged.tif,0.6,4,348783872,117,31.9587,34.6549,2.6962
300M,chip_244_335_merged.tif,0.8,0,1587295974,156,31.7087,33.2293,1.5206
300M,chip_244_335_merged.tif,0.8,1,1107350456,156,31.6469,33.9603,2.3134
300M,chip_244_335_merged.tif,0.8,2,726743825,156,31.6252,32.7107,1.0855
300M,chip_244_335_merged.tif,0.8,3,246798307,156,31.4771,33.9233,2.4462
300M,chip_244_335_merged.tif,0.8,4,2013675324,156,31.7104,32.9882,1.2778
300M,chip_244_446_merged.tif,0.2,0,1903644040,39,31.6513,34.8255,3.1741
300M,chip_244_446_merged.tif,0.2,1,1423698522,39,33.0386,33.0176,-0.021
300M,chip_244_446_merged.tif,0.2,2,1043091891,39,32.631,34.0476,1.4166
300M,chip_244_446_merged.tif,0.2,3,662485260,39,31.9105,34.2255,2.315
300M,chip_244_446_merged.tif,0.2,4,182539742,39,31.8817,34.2795,2.3978
300M,chip_244_446_merged.tif,0.4,0,838368970,78,31.4636,33.6816,2.218
300M,chip_244_446_merged.tif,0.4,1,457762339,78,30.4406,33.0687,2.6281
300M,chip_244_446_merged.tif,0.4,2,2125300469,78,30.429,33.4448,3.0158
300M,chip_244_446_merged.tif,0.4,3,1744693838,78,29.2876,34.1492,4.8616
300M,chip_244_446_merged.tif,0.4,4,1364087207,78,30.4475,33.8168,3.3693
300M,chip_244_446_merged.tif,0.6,0,999730500,117,30.2736,33.0323,2.7587
300M,chip_244_446_merged.tif,0.6,1,519784982,117,30.5888,32.574,1.9852
300M,chip_244_446_merged.tif,0.6,2,139178351,117,30.2832,32.7351,2.4519
300M,chip_244_446_merged.tif,0.6,3,1806716481,117,30.6052,32.5945,1.9893
300M,chip_244_446_merged.tif,0.6,4,1426109850,117,30.8771,31.2898,0.4127
300M,chip_244_446_merged.tif,0.8,0,517138304,156,30.6332,31.4693,0.8361
300M,chip_244_446_merged.tif,0.8,1,37192786,156,30.6495,31.6362,0.9867
300M,chip_244_446_merged.tif,0.8,2,1804069803,156,29.4371,31.5016,2.0645
300M,chip_244_446_merged.tif,0.8,3,1423463172,156,29.4466,31.6752,2.2286
300M,chip_244_446_merged.tif,0.8,4,943517654,156,29.9968,31.0924,1.0956
300M,chip_244_594_merged.tif,0.2,0,851840217,39,33.2086,35.4991,2.2905
300M,chip_244_594_merged.tif,0.2,1,471233586,39,33.5694,36.5447,2.9753
300M,chip_244_594_merged.tif,0.2,2,2138771716,39,33.6432,35.4241,1.7808
300M,chip_244_594_merged.tif,0.2,3,1758165085,39,33.0603,35.6938,2.6335
300M,chip_244_594_merged.tif,0.2,4,1278219567,39,33.8111,35.1575,1.3464
300M,chip_244_594_merged.tif,0.4,0,1934048795,78,33.5489,34.963,1.4141
300M,chip_244_594_merged.tif,0.4,1,1553442164,78,32.8188,34.9349,2.1162
300M,chip_244_594_merged.tif,0.4,2,1172835533,78,32.7963,34.9132,2.1169
300M,chip_244_594_merged.tif,0.4,3,692890015,78,33.2265,34.7561,1.5297
300M,chip_244_594_merged.tif,0.4,4,312283384,78,33.121,34.6978,1.5768
300M,chip_244_594_merged.tif,0.6,0,2095410325,117,32.8314,34.0792,1.2478
300M,chip_244_594_merged.tif,0.6,1,1615464807,117,32.9954,34.4314,1.436
300M,chip_244_594_merged.tif,0.6,2,1234858176,117,33.1489,33.9583,0.8094
300M,chip_244_594_merged.tif,0.6,3,854251545,117,33.3318,34.2121,0.8802
300M,chip_244_594_merged.tif,0.6,4,374306027,117,33.1014,34.2156,1.1142
300M,chip_244_594_merged.tif,0.8,0,1612818129,156,32.5235,33.5833,1.0598
300M,chip_244_594_merged.tif,0.8,1,1232211498,156,32.4989,33.7129,1.214
300M,chip_244_594_merged.tif,0.8,2,752265980,156,32.946,33.7593,0.8134
300M,chip_244_594_merged.tif,0.8,3,371659349,156,32.9424,33.4171,0.4747
300M,chip_244_594_merged.tif,0.8,4,2039197479,156,32.551,33.1449,0.5939
300M,chip_245_593_merged.tif,0.2,0,933292202,39,32.3526,33.4234,1.0708
300M,chip_245_593_merged.tif,0.2,1,552685571,39,28.9779,33.4045,4.4266
300M,chip_245_593_merged.tif,0.2,2,72740053,39,31.6574,33.1404,1.483
300M,chip_245_593_merged.tif,0.2,3,1839617070,39,30.1234,34.2338,4.1105
300M,chip_245_593_merged.tif,0.2,4,1359671552,39,32.2888,34.3106,2.0218
300M,chip_245_593_merged.tif,0.4,0,772676869,78,30.9943,34.0613,3.067
300M,chip_245_593_merged.tif,0.4,1,292731351,78,31.6543,34.3057,2.6514
300M,chip_245_593_merged.tif,0.4,2,2059608368,78,31.3104,33.6944,2.384
300M,chip_245_593_merged.tif,0.4,3,1579662850,78,31.4219,33.7522,2.3302
300M,chip_245_593_merged.tif,0.4,4,1199056219,78,31.3104,33.2647,1.9543
300M,chip_245_593_merged.tif,0.6,0,29378662,117,30.2565,32.5462,2.2897
300M,chip_245_593_merged.tif,0.6,1,1696916792,117,30.2707,32.4932,2.2224
300M,chip_245_593_merged.tif,0.6,2,1316310161,117,30.6063,33.3785,2.7722
300M,chip_245_593_merged.tif,0.6,3,935703530,117,29.9729,32.5718,2.5989
300M,chip_245_593_merged.tif,0.6,4,455758012,117,30.6935,32.7084,2.0149
300M,chip_245_593_merged.tif,0.8,0,1694270114,156,30.5567,31.8253,1.2686
300M,chip_245_593_merged.tif,0.8,1,1313663483,156,30.6409,31.5499,0.909
300M,chip_245_593_merged.tif,0.8,2,833717965,156,30.8085,31.8676,1.0592
300M,chip_245_593_merged.tif,0.8,3,453111334,156,30.6629,31.6589,0.996
300M,chip_245_593_merged.tif,0.8,4,2120649464,156,30.3988,31.5736,1.1748
300M,chip_246_444_merged.tif,0.2,0,1277929945,39,30.2986,34.2136,3.915
300M,chip_246_444_merged.tif,0.2,1,897323314,39,30.2976,33.6565,3.3589
300M,chip_246_444_merged.tif,0.2,2,516716683,39,30.0196,34.2306,4.211
300M,chip_246_444_merged.tif,0.2,3,36771165,39,31.6427,34.1098,2.4671
300M,chip_246_444_merged.tif,0.2,4,1803648182,39,29.5449,34.0679,4.5229
300M,chip_246_444_merged.tif,0.4,0,311993762,78,32.3816,33.7411,1.3595
300M,chip_246_444_merged.tif,0.4,1,1979531892,78,30.9263,33.7998,2.8735
300M,chip_246_444_merged.tif,0.4,2,1598925261,78,30.3645,33.3811,3.0166
300M,chip_246_444_merged.tif,0.4,3,1218318630,78,29.6849,33.6533,3.9684
300M,chip_246_444_merged.tif,0.4,4,738373112,78,31.0114,33.5798,2.5684
300M,chip_246_444_merged.tif,0.6,0,374016405,117,30.7196,31.9906,1.2709
300M,chip_246_444_merged.tif,0.6,1,2140893422,117,30.7176,32.2387,1.5211
300M,chip_246_444_merged.tif,0.6,2,1660947904,117,29.7675,32.5383,2.7708
300M,chip_246_444_merged.tif,0.6,3,1280341273,117,29.8439,32.9868,3.1429
300M,chip_246_444_merged.tif,0.6,4,800395755,117,30.2544,32.9674,2.713
300M,chip_246_444_merged.tif,0.8,0,2038907857,156,30.5434,31.5376,0.9942
300M,chip_246_444_merged.tif,0.8,1,1658301226,156,30.4978,31.6174,1.1196
300M,chip_246_444_merged.tif,0.8,2,1277694595,156,30.5585,31.7661,1.2077
300M,chip_246_444_merged.tif,0.8,3,797749077,156,30.118,31.1369,1.019
300M,chip_246_444_merged.tif,0.8,4,417142446,156,29.2492,31.5131,2.2638
300M,chip_246_583_merged.tif,0.2,0,168078600,39,34.6096,34.7355,0.126
300M,chip_246_583_merged.tif,0.2,1,1835616730,39,34.6212,35.578,0.9568
300M,chip_246_583_merged.tif,0.2,2,1455010099,39,34.6087,35.9677,1.359
300M,chip_246_583_merged.tif,0.2,3,975064581,39,33.046,34.8723,1.8263
300M,chip_246_583_merged.tif,0.2,4,594457950,39,35.1544,34.8578,-0.2966
300M,chip_246_583_merged.tif,0.4,0,2055608028,78,34.3948,34.7291,0.3342
300M,chip_246_583_merged.tif,0.4,1,1675001397,78,34.2031,35.54,1.3368
300M,chip_246_583_merged.tif,0.4,2,1294394766,78,34.0258,34.6452,0.6194
300M,chip_246_583_merged.tif,0.4,3,814449248,78,34.2002,35.2306,1.0303
300M,chip_246_583_merged.tif,0.4,4,433842617,78,34.2862,35.0639,0.7777
300M,chip_246_583_merged.tif,0.6,0,1312309821,117,33.6521,34.6379,0.9857
300M,chip_246_583_merged.tif,0.6,1,931703190,117,33.644,34.6277,0.9837
300M,chip_246_583_merged.tif,0.6,2,551096559,117,33.6531,34.0557,0.4025
300M,chip_246_583_merged.tif,0.6,3,71151041,117,33.6514,34.2535,0.6021
300M,chip_246_583_merged.tif,0.6,4,1838028058,117,33.6555,34.7653,1.1098
300M,chip_246_583_merged.tif,0.8,0,929056512,156,33.9014,34.3147,0.4132
300M,chip_246_583_merged.tif,0.8,1,449110994,156,33.8973,33.8334,-0.0639
300M,chip_246_583_merged.tif,0.8,2,68504363,156,33.6619,33.9874,0.3256
300M,chip_246_583_merged.tif,0.8,3,1736042493,156,33.4266,33.8969,0.4702
300M,chip_246_583_merged.tif,0.8,4,1355435862,156,33.8939,33.9897,0.0957
300M,chip_246_592_merged.tif,0.2,0,327049328,39,34.5657,35.4245,0.8587
300M,chip_246_592_merged.tif,0.2,1,2093926345,39,33.3134,36.1329,2.8194
300M,chip_246_592_merged.tif,0.2,2,1713319714,39,32.6564,36.2681,3.6117
300M,chip_246_592_merged.tif,0.2,3,1233374196,39,34.5653,36.2381,1.6728
300M,chip_246_592_merged.tif,0.2,4,852767565,39,35.4962,36.6045,1.1083
300M,chip_246_592_merged.tif,0.4,0,1508596793,78,33.9858,34.4029,0.4171
300M,chip_246_592_merged.tif,0.4,1,1127990162,78,32.9769,34.4621,1.4852
300M,chip_246_592_merged.tif,0.4,2,648044644,78,32.9767,35.9608,2.9841
300M,chip_246_592_merged.tif,0.4,3,267438013,78,32.8462,35.6857,2.8395
300M,chip_246_592_merged.tif,0.4,4,1934976143,78,34.1894,35.0286,0.8392
300M,chip_246_592_merged.tif,0.6,0,1570619436,117,32.6505,34.4889,1.8384
300M,chip_246_592_merged.tif,0.6,1,1190012805,117,32.8999,35.0942,2.1943
300M,chip_246_592_merged.tif,0.6,2,710067287,117,33.4871,35.4682,1.9811
300M,chip_246_592_merged.tif,0.6,3,329460656,117,33.6381,34.0236,0.3855
300M,chip_246_592_merged.tif,0.6,4,2096337673,117,32.596,33.2251,0.6291
300M,chip_246_592_merged.tif,0.8,0,1088027240,156,33.087,33.6857,0.5987
300M,chip_246_592_merged.tif,0.8,1,707420609,156,33.2457,33.7356,0.49
300M,chip_246_592_merged.tif,0.8,2,326813978,156,33.0825,33.2848,0.2023
300M,chip_246_592_merged.tif,0.8,3,1994352108,156,32.1494,33.1575,1.0081
300M,chip_246_592_merged.tif,0.8,4,1613745477,156,33.0776,32.8935,-0.1841
300M,chip_248_445_merged.tif,0.2,0,1962386624,39,32.6989,33.3818,0.6829
300M,chip_248_445_merged.tif,0.2,1,1581779993,39,31.3875,32.9714,1.584
300M,chip_248_445_merged.tif,0.2,2,1101834475,39,31.79,34.1399,2.3499
300M,chip_248_445_merged.tif,0.2,3,721227844,39,31.4944,33.9467,2.4523
300M,chip_248_445_merged.tif,0.2,4,340621213,39,31.5701,34.3492,2.7791
300M,chip_248_445_merged.tif,0.4,0,1801771291,78,31.5189,33.6999,2.1811
300M,chip_248_445_merged.tif,0.4,1,1421164660,78,30.4592,33.01,2.5507
300M,chip_248_445_merged.tif,0.4,2,941219142,78,30.4589,33.3173,2.8585
300M,chip_248_445_merged.tif,0.4,3,560612511,78,31.5812,33.7749,2.1937
300M,chip_248_445_merged.tif,0.4,4,80666993,78,30.6649,32.8076,2.1427
300M,chip_248_445_merged.tif,0.6,0,1058473084,117,30.7549,32.643,1.8881
300M,chip_248_445_merged.tif,0.6,1,677866453,117,30.5992,32.9942,2.395
300M,chip_248_445_merged.tif,0.6,2,197920935,117,30.6044,32.5185,1.9141
300M,chip_248_445_merged.tif,0.6,3,1964797952,117,30.7354,32.5013,1.7659
300M,chip_248_445_merged.tif,0.6,4,1484852434,117,31.0135,33.1243,2.1108
300M,chip_248_445_merged.tif,0.8,0,575880888,156,30.746,32.3143,1.5683
300M,chip_248_445_merged.tif,0.8,1,195274257,156,30.8371,32.2578,1.4207
300M,chip_248_445_merged.tif,0.8,2,1862812387,156,29.7418,32.2766,2.5348
300M,chip_248_445_merged.tif,0.8,3,1482205756,156,30.7217,31.9794,1.2576
300M,chip_248_445_merged.tif,0.8,4,1101599125,156,29.7573,32.0738,2.3164
300M,chip_248_585_merged.tif,0.2,0,532126311,39,31.0702,34.1292,3.059
300M,chip_248_585_merged.tif,0.2,1,52180793,39,32.1153,34.857,2.7418
300M,chip_248_585_merged.tif,0.2,2,1819057810,39,30.8804,34.3038,3.4233
300M,chip_248_585_merged.tif,0.2,3,1339112292,39,31.0701,34.1099,3.0398
300M,chip_248_585_merged.tif,0.2,4,958505661,39,31.785,35.3188,3.5338
300M,chip_248_585_merged.tif,0.4,0,272172091,78,30.475,34.1759,3.7009
300M,chip_248_585_merged.tif,0.4,1,2039049108,78,30.955,33.3242,2.3692
300M,chip_248_585_merged.tif,0.4,2,1559103590,78,30.245,33.1228,2.8778
300M,chip_248_585_merged.tif,0.4,3,1178496959,78,31.3701,32.7973,1.4272
300M,chip_248_585_merged.tif,0.4,4,797890328,78,31.5298,33.2242,1.6944
300M,chip_248_585_merged.tif,0.6,0,1676357532,117,30.4964,32.4108,1.9144
300M,chip_248_585_merged.tif,0.6,1,1295750901,117,31.1871,31.6582,0.471
300M,chip_248_585_merged.tif,0.6,2,915144270,117,29.9716,30.8164,0.8448
300M,chip_248_585_merged.tif,0.6,3,435198752,117,31.6529,33.0772,1.4243
300M,chip_248_585_merged.tif,0.6,4,54592121,117,29.9824,32.5035,2.5211
300M,chip_248_585_merged.tif,0.8,0,1293104223,156,30.6273,31.5277,0.9004
300M,chip_248_585_merged.tif,0.8,1,813158705,156,31.1058,31.918,0.8122
300M,chip_248_585_merged.tif,0.8,2,432552074,156,29.8692,31.5527,1.6836
300M,chip_248_585_merged.tif,0.8,3,2100090204,156,30.2951,31.453,1.1579
300M,chip_248_585_merged.tif,0.8,4,1719483573,156,30.6195,31.1008,0.4813
300M,chip_248_589_merged.tif,0.2,0,2123160680,39,32.392,33.5883,1.1963
300M,chip_248_589_merged.tif,0.2,1,1643215162,39,31.6859,34.7045,3.0186
300M,chip_248_589_merged.tif,0.2,2,1262608531,39,31.3416,34.2961,2.9544
300M,chip_248_589_merged.tif,0.2,3,882001900,39,33.0712,33.9098,0.8386
300M,chip_248_589_merged.tif,0.2,4,402056382,39,31.1403,33.667,2.5267
300M,chip_248_589_merged.tif,0.4,0,1962545347,78,31.882,33.0336,1.1516
300M,chip_248_589_merged.tif,0.4,1,1482599829,78,30.5654,32.3371,1.7717
300M,chip_248_589_merged.tif,0.4,2,1101993198,78,29.159,32.9545,3.7954
300M,chip_248_589_merged.tif,0.4,3,622047680,78,29.1585,33.0813,3.9229
300M,chip_248_589_merged.tif,0.4,4,241441049,78,31.0322,33.5656,2.5334
300M,chip_248_589_merged.tif,0.6,0,1219247140,117,30.5265,31.9917,1.4652
300M,chip_248_589_merged.tif,0.6,1,739301622,117,30.2182,32.1958,1.9775
300M,chip_248_589_merged.tif,0.6,2,358694991,117,29.5474,32.4886,2.9413
300M,chip_248_589_merged.tif,0.6,3,2026233121,117,30.0557,31.9346,1.8788
300M,chip_248_589_merged.tif,0.6,4,1645626490,117,29.3207,32.1603,2.8396
300M,chip_248_589_merged.tif,0.8,0,736654944,156,29.2355,30.9093,1.6738
300M,chip_248_589_merged.tif,0.8,1,256709426,156,30.5055,30.6819,0.1765
300M,chip_248_589_merged.tif,0.8,2,2023586443,156,29.8486,30.8789,1.0303
300M,chip_248_589_merged.tif,0.8,3,1642979812,156,30.485,30.8831,0.3981
300M,chip_248_589_merged.tif,0.8,4,1163034294,156,30.166,31.2896,1.1236
300M,chip_249_270_merged.tif,0.2,0,1330608632,39,35.3389,37.3424,2.0034
300M,chip_249_270_merged.tif,0.2,1,850663114,39,27.923,37.421,9.498
300M,chip_249_270_merged.tif,0.2,2,470056483,39,28.8008,36.8795,8.0787
300M,chip_249_270_merged.tif,0.2,3,89449852,39,29.3935,37.8456,8.4521
300M,chip_249_270_merged.tif,0.2,4,1756987982,39,35.163,37.9975,2.8345
300M,chip_249_270_merged.tif,0.4,0,1169993299,78,31.7063,37.0325,5.3261
300M,chip_249_270_merged.tif,0.4,1,690047781,78,28.7017,34.6707,5.969
300M,chip_249_270_merged.tif,0.4,2,309441150,78,31.693,34.77,3.0771
300M,chip_249_270_merged.tif,0.4,3,1976979280,78,31.6927,35.9445,4.2518
300M,chip_249_270_merged.tif,0.4,4,1596372649,78,28.7013,36.4185,7.7172
300M,chip_249_270_merged.tif,0.6,0,426695092,117,28.08,32.7436,4.6636
300M,chip_249_270_merged.tif,0.6,1,2094233222,117,28.7777,32.2653,3.4876
300M,chip_249_270_merged.tif,0.6,2,1713626591,117,30.9541,31.7757,0.8216
300M,chip_249_270_merged.tif,0.6,3,1233681073,117,31.5067,32.8079,1.3013
300M,chip_249_270_merged.tif,0.6,4,853074442,117,29.6625,35.3655,5.703
300M,chip_249_270_merged.tif,0.8,0,2091586544,156,29.095,30.4303,1.3352
300M,chip_249_270_merged.tif,0.8,1,1611641026,156,30.2207,30.1026,-0.1181
300M,chip_249_270_merged.tif,0.8,2,1231034395,156,29.6919,31.8795,2.1875
300M,chip_249_270_merged.tif,0.8,3,850427764,156,29.075,31.7964,2.7214
300M,chip_249_270_merged.tif,0.8,4,370482246,156,30.929,31.8023,0.8733
300M,chip_250_270_merged.tif,0.2,0,16372307,39,28.879,37.8399,8.9609
300M,chip_250_270_merged.tif,0.2,1,1783249324,39,34.3886,37.5268,3.1382
300M,chip_250_270_merged.tif,0.2,2,1303303806,39,35.5952,39.7512,4.156
300M,chip_250_270_merged.tif,0.2,3,922697175,39,33.3803,37.1291,3.7488
300M,chip_250_270_merged.tif,0.2,4,442751657,39,35.6048,38.4985,2.8937
300M,chip_250_270_merged.tif,0.4,0,1098580885,78,31.6879,35.317,3.629
300M,chip_250_270_merged.tif,0.4,1,717974254,78,30.1477,37.4362,7.2885
300M,chip_250_270_merged.tif,0.4,2,337367623,78,32.2874,36.8071,4.5197
300M,chip_250_270_merged.tif,0.4,3,2004905753,78,32.1394,37.6336,5.4942
300M,chip_250_270_merged.tif,0.4,4,1624299122,78,30.1492,37.3015,7.1524
300M,chip_250_270_merged.tif,0.6,0,1259942415,117,31.5719,36.0448,4.4729
300M,chip_250_270_merged.tif,0.6,1,779996897,117,32.2423,33.0752,0.8329
300M,chip_250_270_merged.tif,0.6,2,399390266,117,31.3789,36.1766,4.7976
300M,chip_250_270_merged.tif,0.6,3,18783635,117,32.0398,34.0643,2.0244
300M,chip_250_270_merged.tif,0.6,4,1686321765,117,30.7202,36.4897,5.7695
300M,chip_250_270_merged.tif,0.8,0,777350219,156,30.4315,33.731,3.2995
300M,chip_250_270_merged.tif,0.8,1,396743588,156,31.6534,35.4176,3.7642
300M,chip_250_270_merged.tif,0.8,2,2064281718,156,31.0562,34.3216,3.2654
300M,chip_250_270_merged.tif,0.8,3,1683675087,156,31.4113,33.5248,2.1135
300M,chip_250_270_merged.tif,0.8,4,1203729569,156,30.9858,32.9655,1.9797
300M,chip_250_446_merged.tif,0.2,0,327987266,39,30.9697,35.2279,4.2582
300M,chip_250_446_merged.tif,0.2,1,1995525396,39,30.602,35.6564,5.0544
300M,chip_250_446_merged.tif,0.2,2,1614918765,39,32.472,34.825,2.3529
300M,chip_250_446_merged.tif,0.2,3,1234312134,39,32.082,35.5097,3.4277
300M,chip_250_446_merged.tif,0.2,4,754366616,39,33.5875,34.8998,1.3123
300M,chip_250_446_merged.tif,0.4,0,1410195844,78,30.928,34.2955,3.3674
300M,chip_250_446_merged.tif,0.4,1,1029589213,78,32.3768,34.9395,2.5627
300M,chip_250_446_merged.tif,0.4,2,549643695,78,30.5633,34.2801,3.7169
300M,chip_250_446_merged.tif,0.4,3,169037064,78,31.8401,34.0798,2.2397
300M,chip_250_446_merged.tif,0.4,4,1935914081,78,30.1191,34.2463,4.1273
300M,chip_250_446_merged.tif,0.6,0,1519836500,117,30.5112,33.4891,2.9779
300M,chip_250_446_merged.tif,0.6,1,1139229869,117,30.728,32.8201,2.092
300M,chip_250_446_merged.tif,0.6,2,659284351,117,30.7065,33.6302,2.9237
300M,chip_250_446_merged.tif,0.6,3,278677720,117,30.5184,33.269,2.7506
300M,chip_250_446_merged.tif,0.6,4,1946215850,117,30.6614,33.3287,2.6673
300M,chip_250_446_merged.tif,0.8,0,283644328,156,30.5606,32.1225,1.5619
300M,chip_250_446_merged.tif,0.8,1,1951182458,156,30.968,32.0612,1.0933
300M,chip_250_446_merged.tif,0.8,2,1570575827,156,30.9798,32.1882,1.2084
300M,chip_250_446_merged.tif,0.8,3,1090630309,156,31.2171,32.1368,0.9197
300M,chip_250_446_merged.tif,0.8,4,710023678,156,30.5801,32.395,1.8149
300M,chip_250_585_merged.tif,0.2,0,1239375123,39,35.821,37.9551,2.1341
300M,chip_250_585_merged.tif,0.2,1,759429605,39,32.8345,38.2836,5.4491
300M,chip_250_585_merged.tif,0.2,2,378822974,39,35.0001,38.4089,3.4088
300M,chip_250_585_merged.tif,0.2,3,2046361104,39,35.7161,37.0971,1.381
300M,chip_250_585_merged.tif,0.2,4,1665754473,39,36.6297,36.5116,-0.118
300M,chip_250_585_merged.tif,0.4,0,174100053,78,35.7605,35.8539,0.0934
300M,chip_250_585_merged.tif,0.4,1,1940977070,78,35.2769,36.5552,1.2783
300M,chip_250_585_merged.tif,0.4,2,1461031552,78,33.0037,36.0705,3.0669
300M,chip_250_585_merged.tif,0.4,3,1080424921,78,36.1131,36.7911,0.678
300M,chip_250_585_merged.tif,0.4,4,600479403,78,36.479,36.7157,0.2368
300M,chip_250_585_merged.tif,0.6,0,236122696,117,34.1031,35.3142,1.2111
300M,chip_250_585_merged.tif,0.6,1,2002999713,117,35.1656,35.6076,0.442
300M,chip_250_585_merged.tif,0.6,2,1622393082,117,34.4759,36.0845,1.6086
300M,chip_250_585_merged.tif,0.6,3,1142447564,117,34.1161,35.3928,1.2767
300M,chip_250_585_merged.tif,0.6,4,761840933,117,35.6015,36.2411,0.6396
300M,chip_250_585_merged.tif,0.8,0,2000353035,156,34.9175,35.3136,0.3961
300M,chip_250_585_merged.tif,0.8,1,1520407517,156,34.6711,35.8016,1.1306
300M,chip_250_585_merged.tif,0.8,2,1139800886,156,35.0329,35.1509,0.118
300M,chip_250_585_merged.tif,0.8,3,659855368,156,34.925,35.1415,0.2165
300M,chip_250_585_merged.tif,0.8,4,279248737,156,34.699,34.7399,0.0409
300M,chip_250_589_merged.tif,0.2,0,1111102801,39,35.5159,38.4074,2.8915
300M,chip_250_589_merged.tif,0.2,1,730496170,39,34.8186,39.3064,4.4878
300M,chip_250_589_merged.tif,0.2,2,250550652,39,35.9159,38.6899,2.7741
300M,chip_250_589_merged.tif,0.2,3,2017427669,39,38.2216,39.0017,0.7801
300M,chip_250_589_merged.tif,0.2,4,1537482151,39,38.2477,38.5801,0.3324
300M,chip_250_589_merged.tif,0.4,0,145166618,78,34.4329,38.4372,4.0043
300M,chip_250_589_merged.tif,0.4,1,1812704748,78,36.4076,37.9711,1.5636
300M,chip_250_589_merged.tif,0.4,2,1432098117,78,34.7626,38.7226,3.9601
300M,chip_250_589_merged.tif,0.4,3,952152599,78,34.564,37.9171,3.3531
300M,chip_250_589_merged.tif,0.4,4,571545968,78,34.8531,38.4374,3.5843
300M,chip_250_589_merged.tif,0.6,0,1549352059,117,33.7881,37.3516,3.5636
300M,chip_250_589_merged.tif,0.6,1,1069406541,117,33.7666,37.1384,3.3718
300M,chip_250_589_merged.tif,0.6,2,688799910,117,33.5451,36.6099,3.0648
300M,chip_250_589_merged.tif,0.6,3,208854392,117,33.7724,36.9908,3.2184
300M,chip_250_589_merged.tif,0.6,4,1975731409,117,35.1325,37.1578,2.0253
300M,chip_250_589_merged.tif,0.8,0,1066759863,156,33.7289,36.4128,2.6839
300M,chip_250_589_merged.tif,0.8,1,586814345,156,34.2933,35.5677,1.2744
300M,chip_250_589_merged.tif,0.8,2,206207714,156,34.1043,36.5826,2.4783
300M,chip_250_589_merged.tif,0.8,3,1873745844,156,34.128,35.7566,1.6286
300M,chip_250_589_merged.tif,0.8,4,1493139213,156,34.9557,36.0335,1.0778
300M,chip_251_259_merged.tif,0.2,0,244317671,39,40.3536,41.484,1.1304
300M,chip_251_259_merged.tif,0.2,1,2011194688,39,36.8656,39.7345,2.8689
300M,chip_251_259_merged.tif,0.2,2,1531249170,39,36.9764,40.7735,3.7971
300M,chip_251_259_merged.tif,0.2,3,1150642539,39,34.1929,40.3577,6.1649
300M,chip_251_259_merged.tif,0.2,4,770035908,39,38.7947,38.5282,-0.2665
300M,chip_251_259_merged.tif,0.4,0,83702338,78,34.8569,39.9088,5.0519
300M,chip_251_259_merged.tif,0.4,1,1850579355,78,35.8878,38.1377,2.2499
300M,chip_251_259_merged.tif,0.4,2,1370633837,78,36.7088,39.567,2.8583
300M,chip_251_259_merged.tif,0.4,3,990027206,78,32.2909,39.7008,7.4099
300M,chip_251_259_merged.tif,0.4,4,510081688,78,35.0297,37.8907,2.861
300M,chip_251_259_merged.tif,0.6,0,1487887779,117,33.8987,37.3059,3.4072
300M,chip_251_259_merged.tif,0.6,1,1107281148,117,33.7766,37.2172,3.4405
300M,chip_251_259_merged.tif,0.6,2,627335630,117,35.5843,37.8804,2.2961
300M,chip_251_259_merged.tif,0.6,3,246728999,117,34.8356,39.5619,4.7263
300M,chip_251_259_merged.tif,0.6,4,1914267129,117,35.3836,37.602,2.2184
300M,chip_251_259_merged.tif,0.8,0,1005295583,156,33.2165,34.535,1.3185
300M,chip_251_259_merged.tif,0.8,1,624688952,156,35.2407,36.0466,0.8059
300M,chip_251_259_merged.tif,0.8,2,144743434,156,34.0751,35.7572,1.6821
300M,chip_251_259_merged.tif,0.8,3,1911620451,156,33.2324,35.6274,2.395
300M,chip_251_259_merged.tif,0.8,4,1531013820,156,34.1755,35.402,1.2265
300M,chip_251_418_merged.tif,0.2,0,1581714710,39,34.5639,38.3215,3.7576
300M,chip_251_418_merged.tif,0.2,1,1201108079,39,34.416,39.3796,4.9636
300M,chip_251_418_merged.tif,0.2,2,820501448,39,35.8496,39.0789,3.2292
300M,chip_251_418_merged.tif,0.2,3,340555930,39,38.5994,39.4045,0.805
300M,chip_251_418_merged.tif,0.2,4,2107432947,39,38.5995,37.4169,-1.1826
300M,chip_251_418_merged.tif,0.4,0,1421099377,78,34.9585,38.661,3.7025
300M,chip_251_418_merged.tif,0.4,1,1040492746,78,36.3756,38.4546,2.079
300M,chip_251_418_merged.tif,0.4,2,560547228,78,35.8675,37.886,2.0185
300M,chip_251_418_merged.tif,0.4,3,179940597,78,35.2845,37.5988,2.3144
300M,chip_251_418_merged.tif,0.4,4,1847478727,78,36.6069,37.6943,1.0875
300M,chip_251_418_merged.tif,0.6,0,677801170,117,34.9775,37.8637,2.8862
300M,chip_251_418_merged.tif,0.6,1,297194539,117,35.2083,36.7933,1.585
300M,chip_251_418_merged.tif,0.6,2,1964732669,117,35.5837,36.9815,1.3978
300M,chip_251_418_merged.tif,0.6,3,1584126038,117,33.846,37.4586,3.6126
300M,chip_251_418_merged.tif,0.6,4,1104180520,117,34.8676,36.2458,1.3782
300M,chip_251_418_merged.tif,0.8,0,195208974,156,35.2234,35.63,0.4066
300M,chip_251_418_merged.tif,0.8,1,1962085991,156,33.9589,35.1559,1.1971
300M,chip_251_418_merged.tif,0.8,2,1581479360,156,34.4888,36.5039,2.0151
300M,chip_251_418_merged.tif,0.8,3,1101533842,156,32.6444,35.0555,2.4111
300M,chip_251_418_merged.tif,0.8,4,720927211,156,35.1351,36.3237,1.1887
300M,chip_252_264_merged.tif,0.2,0,653833952,39,32.2316,38.845,6.6135
300M,chip_252_264_merged.tif,0.2,1,273227321,39,30.205,36.983,6.778
300M,chip_252_264_merged.tif,0.2,2,1940765451,39,32.8277,35.9778,3.1501
300M,chip_252_264_merged.tif,0.2,3,1560158820,39,32.561,36.6863,4.1253
300M,chip_252_264_merged.tif,0.2,4,1179552189,39,28.8869,36.428,7.5411
300M,chip_252_264_merged.tif,0.4,0,1835381417,78,29.8884,36.0136,6.1252
300M,chip_252_264_merged.tif,0.4,1,1355435899,78,29.9703,34.9089,4.9385
300M,chip_252_264_merged.tif,0.4,2,974829268,78,29.1974,34.741,5.5436
300M,chip_252_264_merged.tif,0.4,3,494883750,78,30.5636,35.7323,5.1687
300M,chip_252_264_merged.tif,0.4,4,114277119,78,29.511,35.3433,5.8323
300M,chip_252_264_merged.tif,0.6,0,1897404060,117,29.4468,34.4259,4.979
300M,chip_252_264_merged.tif,0.6,1,1516797429,117,28.8278,34.1322,5.3043
300M,chip_252_264_merged.tif,0.6,2,1036851911,117,28.8429,32.3077,3.4648
300M,chip_252_264_merged.tif,0.6,3,656245280,117,29.5297,34.9564,5.4267
300M,chip_252_264_merged.tif,0.6,4,176299762,117,28.7729,33.5108,4.7379
300M,chip_252_264_merged.tif,0.8,0,1414811864,156,28.9177,31.6781,2.7604
300M,chip_252_264_merged.tif,0.8,1,1034205233,156,27.8113,30.5316,2.7203
300M,chip_252_264_merged.tif,0.8,2,554259715,156,28.7263,32.9553,4.229
300M,chip_252_264_merged.tif,0.8,3,173653084,156,28.7283,31.5648,2.8365
300M,chip_252_264_merged.tif,0.8,4,1940530101,156,28.9069,31.2938,2.3868
300M,chip_252_279_merged.tif,0.2,0,1677051324,39,27.553,41.1136,13.5606
300M,chip_252_279_merged.tif,0.2,1,1296444693,39,42.6145,41.8749,-0.7397
300M,chip_252_279_merged.tif,0.2,2,816499175,39,41.6485,41.4513,-0.1973
300M,chip_252_279_merged.tif,0.2,3,435892544,39,33.4315,40.1244,6.6929
300M,chip_252_279_merged.tif,0.2,4,2103430674,39,41.3106,36.8587,-4.4519
300M,chip_252_279_merged.tif,0.4,0,1516435991,78,28.4368,40.2506,11.8138
300M,chip_252_279_merged.tif,0.4,1,1036490473,78,28.518,39.779,11.261
300M,chip_252_279_merged.tif,0.4,2,655883842,78,28.5174,37.3392,8.8218
300M,chip_252_279_merged.tif,0.4,3,275277211,78,30.0406,38.2976,8.257
300M,chip_252_279_merged.tif,0.4,4,1942815341,78,30.269,40.6957,10.4267
300M,chip_252_279_merged.tif,0.6,0,773137784,117,31.1394,36.5316,5.3922
300M,chip_252_279_merged.tif,0.6,1,293192266,117,28.6631,36.6,7.9369
300M,chip_252_279_merged.tif,0.6,2,2060069283,117,28.6425,37.293,8.6506
300M,chip_252_279_merged.tif,0.6,3,1679462652,117,34.8623,35.7627,0.9004
300M,chip_252_279_merged.tif,0.6,4,1199517134,117,28.6454,38.6336,9.9881
300M,chip_252_279_merged.tif,0.8,0,290545588,156,32.2977,36.4393,4.1417
300M,chip_252_279_merged.tif,0.8,1,2057422605,156,32.336,35.2307,2.8947
300M,chip_252_279_merged.tif,0.8,2,1577477087,156,29.5651,33.3769,3.8118
300M,chip_252_279_merged.tif,0.8,3,1196870456,156,32.257,34.1006,1.8436
300M,chip_252_279_merged.tif,0.8,4,716924938,156,31.645,34.7575,3.1124
300M,chip_252_446_merged.tif,0.2,0,2055331367,39,29.8974,34.4711,4.5736
300M,chip_252_446_merged.tif,0.2,1,1575385849,39,32.9638,34.3006,1.3368
300M,chip_252_446_merged.tif,0.2,2,1194779218,39,34.5234,35.024,0.5006
300M,chip_252_446_merged.tif,0.2,3,814172587,39,31.5262,34.6179,3.0918
300M,chip_252_446_merged.tif,0.2,4,334227069,39,34.523,33.9074,-0.6156
300M,chip_252_446_merged.tif,0.4,0,1894716034,78,31.6222,34.6782,3.056
300M,chip_252_446_merged.tif,0.4,1,1414770516,78,30.9563,33.9035,2.9472
300M,chip_252_446_merged.tif,0.4,2,1034163885,78,31.7525,34.5392,2.7867
300M,chip_252_446_merged.tif,0.4,3,554218367,78,31.6376,34.0482,2.4106
300M,chip_252_446_merged.tif,0.4,4,173611736,78,30.9561,34.4129,3.4567
300M,chip_252_446_merged.tif,0.6,0,1151417827,117,32.0297,33.6459,1.6162
300M,chip_252_446_merged.tif,0.6,1,671472309,117,31.6323,34.0111,2.3788
300M,chip_252_446_merged.tif,0.6,2,290865678,117,31.5876,33.7184,2.1308
300M,chip_252_446_merged.tif,0.6,3,1958403808,117,31.2828,33.315,2.0322
300M,chip_252_446_merged.tif,0.6,4,1577797177,117,31.1973,33.9743,2.777
300M,chip_252_446_merged.tif,0.8,0,668825631,156,31.4215,33.0348,1.6132
300M,chip_252_446_merged.tif,0.8,1,188880113,156,31.2165,32.3722,1.1558
300M,chip_252_446_merged.tif,0.8,2,1955757130,156,31.7673,32.3497,0.5825
300M,chip_252_446_merged.tif,0.8,3,1575150499,156,31.736,32.8095,1.0734
300M,chip_252_446_merged.tif,0.8,4,1095204981,156,31.9072,32.4844,0.5772
300M,chip_253_260_merged.tif,0.2,0,557167222,39,38.0041,39.5847,1.5806
300M,chip_253_260_merged.tif,0.2,1,176560591,39,38.0029,41.5367,3.5338
300M,chip_253_260_merged.tif,0.2,2,1844098721,39,37.5728,37.776,0.2032
300M,chip_253_260_merged.tif,0.2,3,1463492090,39,40.0921,40.0625,-0.0296
300M,chip_253_260_merged.tif,0.2,4,983546572,39,38.3744,39.4143,1.04
300M,chip_253_260_merged.tif,0.4,0,396551889,78,36.3839,39.7963,3.4124
300M,chip_253_260_merged.tif,0.4,1,2064090019,78,35.171,39.5467,4.3758
300M,chip_253_260_merged.tif,0.4,2,1683483388,78,36.798,38.8976,2.0996
300M,chip_253_260_merged.tif,0.4,3,1302876757,78,32.3072,39.452,7.1448
300M,chip_253_260_merged.tif,0.4,4,822931239,78,36.3836,39.5718,3.1882
300M,chip_253_260_merged.tif,0.6,0,1800737330,117,37.2164,38.1218,0.9054
300M,chip_253_260_merged.tif,0.6,1,1420130699,117,35.475,39.3918,3.9168
300M,chip_253_260_merged.tif,0.6,2,940185181,117,34.9977,38.4163,3.4186
300M,chip_253_260_merged.tif,0.6,3,559578550,117,36.9619,38.361,1.3991
300M,chip_253_260_merged.tif,0.6,4,79633032,117,35.4706,38.7112,3.2407
300M,chip_253_260_merged.tif,0.8,0,1318145134,156,34.188,37.769,3.5811
300M,chip_253_260_merged.tif,0.8,1,937538503,156,34.5872,36.6116,2.0244
300M,chip_253_260_merged.tif,0.8,2,457592985,156,34.5184,37.3016,2.7832
300M,chip_253_260_merged.tif,0.8,3,76986354,156,34.134,37.526,3.3921
300M,chip_253_260_merged.tif,0.8,4,1744524484,156,34.1941,35.9965,1.8024
300M,chip_253_263_merged.tif,0.2,0,1577818724,39,27.9384,37.8723,9.9339
300M,chip_253_263_merged.tif,0.2,1,1197212093,39,30.558,34.5502,3.9922
300M,chip_253_263_merged.tif,0.2,2,717266575,39,30.5582,35.6308,5.0726
300M,chip_253_263_merged.tif,0.2,3,336659944,39,29.6878,37.7117,8.0239
300M,chip_253_263_merged.tif,0.2,4,2103536961,39,26.1671,34.7354,8.5683
300M,chip_253_263_merged.tif,0.4,0,1417203391,78,29.3388,34.6917,5.353
300M,chip_253_263_merged.tif,0.4,1,1036596760,78,29.4018,33.6653,4.2635
300M,chip_253_263_merged.tif,0.4,2,556651242,78,27.0605,35.8498,8.7893
300M,chip_253_263_merged.tif,0.4,3,176044611,78,26.7186,29.0512,2.3326
300M,chip_253_263_merged.tif,0.4,4,1843582741,78,26.7189,35.78,9.0611
300M,chip_253_263_merged.tif,0.6,0,673905184,117,27.2795,31.3498,4.0704
300M,chip_253_263_merged.tif,0.6,1,293298553,117,27.0583,34.2848,7.2265
300M,chip_253_263_merged.tif,0.6,2,1960836683,117,23.4941,32.5138,9.0197
300M,chip_253_263_merged.tif,0.6,3,1580230052,117,27.0937,34.3285,7.2348
300M,chip_253_263_merged.tif,0.6,4,1100284534,117,27.0939,33.3601,6.2661
300M,chip_253_263_merged.tif,0.8,0,191312988,156,24.326,31.0571,6.7311
300M,chip_253_263_merged.tif,0.8,1,1958190005,156,27.3323,27.981,0.6488
300M,chip_253_263_merged.tif,0.8,2,1478244487,156,26.4843,29.8976,3.4133
300M,chip_253_263_merged.tif,0.8,3,1097637856,156,24.3036,29.4233,5.1197
300M,chip_253_263_merged.tif,0.8,4,717031225,156,24.3066,31.3104,7.0038
300M,chip_253_587_merged.tif,0.2,0,2089675991,39,36.714,36.2503,-0.4637
300M,chip_253_587_merged.tif,0.2,1,1709069360,39,35.4547,35.302,-0.1527
300M,chip_253_587_merged.tif,0.2,2,1229123842,39,34.5343,34.9035,0.3692
300M,chip_253_587_merged.tif,0.2,3,848517211,39,33.0387,34.9966,1.9579
300M,chip_253_587_merged.tif,0.2,4,368571693,39,33.0381,37.69,4.6519
300M,chip_253_587_merged.tif,0.4,0,1929060658,78,33.3689,35.7597,2.3907
300M,chip_253_587_merged.tif,0.4,1,1449115140,78,34.0335,35.1896,1.1561
300M,chip_253_587_merged.tif,0.4,2,1068508509,78,33.7754,35.5586,1.7832
300M,chip_253_587_merged.tif,0.4,3,687901878,78,33.3693,35.5228,2.1535
300M,chip_253_587_merged.tif,0.4,4,207956360,78,33.5716,34.9277,1.3561
300M,chip_253_587_merged.tif,0.6,0,1185762451,117,34.1523,35.0499,0.8976
300M,chip_253_587_merged.tif,0.6,1,705816933,117,33.3091,35.2749,1.9658
300M,chip_253_587_merged.tif,0.6,2,325210302,117,34.1742,34.7705,0.5963
300M,chip_253_587_merged.tif,0.6,3,2092087319,117,34.1637,35.4108,1.2472
300M,chip_253_587_merged.tif,0.6,4,1612141801,117,34.1748,36.0478,1.873
300M,chip_253_587_merged.tif,0.8,0,703170255,156,32.9838,34.2756,1.2917
300M,chip_253_587_merged.tif,0.8,1,322563624,156,33.0148,34.6489,1.6342
300M,chip_253_587_merged.tif,0.8,2,1990101754,156,33.3408,34.5458,1.205
300M,chip_253_587_merged.tif,0.8,3,1609495123,156,33.4358,34.2961,0.8604
300M,chip_253_587_merged.tif,0.8,4,1129549605,156,33.0538,34.4337,1.38
300M,chip_253_595_merged.tif,0.2,0,516537933,39,33.5185,35.5796,2.0611
300M,chip_253_595_merged.tif,0.2,1,135931302,39,33.7672,35.8741,2.1069
300M,chip_253_595_merged.tif,0.2,2,1803469432,39,33.758,36.6922,2.9342
300M,chip_253_595_merged.tif,0.2,3,1422862801,39,33.9215,36.1487,2.2272
300M,chip_253_595_merged.tif,0.2,4,942917283,39,33.8954,35.8727,1.9772
300M,chip_253_595_merged.tif,0.4,0,355922600,78,32.9822,35.2467,2.2645
300M,chip_253_595_merged.tif,0.4,1,2023460730,78,34.3451,36.1844,1.8393
300M,chip_253_595_merged.tif,0.4,2,1642854099,78,33.0593,36.1129,3.0536
300M,chip_253_595_merged.tif,0.4,3,1262247468,78,32.9978,35.3309,2.3331
300M,chip_253_595_merged.tif,0.4,4,782301950,78,33.2694,36.1196,2.8502
300M,chip_253_595_merged.tif,0.6,0,1760108041,117,33.9005,35.1932,1.2926
300M,chip_253_595_merged.tif,0.6,1,1280162523,117,33.6714,35.2514,1.5799
300M,chip_253_595_merged.tif,0.6,2,899555892,117,33.6371,34.8318,1.1946
300M,chip_253_595_merged.tif,0.6,3,518949261,117,33.7059,35.11,1.4041
300M,chip_253_595_merged.tif,0.6,4,39003743,117,34.2929,35.0453,0.7524
300M,chip_253_595_merged.tif,0.8,0,1277515845,156,33.3298,34.3676,1.0378
300M,chip_253_595_merged.tif,0.8,1,896909214,156,33.5441,34.1016,0.5575
300M,chip_253_595_merged.tif,0.8,2,416963696,156,33.3377,34.0005,0.6628
300M,chip_253_595_merged.tif,0.8,3,36357065,156,33.8741,33.4808,-0.3932
300M,chip_253_595_merged.tif,0.8,4,1703895195,156,33.2901,34.4985,1.2084
300M,chip_254_443_merged.tif,0.2,0,1400514216,39,30.1564,33.4143,3.2578
300M,chip_254_443_merged.tif,0.2,1,920568698,39,31.6715,33.3953,1.7238
300M,chip_254_443_merged.tif,0.2,2,539962067,39,30.9319,34.2413,3.3094
300M,chip_254_443_merged.tif,0.2,3,159355436,39,31.6629,34.4286,2.7658
300M,chip_254_443_merged.tif,0.2,4,1826893566,39,32.2892,33.4445,1.1553
300M,chip_254_443_merged.tif,0.4,0,1239898883,78,30.7178,33.1024,2.3846
300M,chip_254_443_merged.tif,0.4,1,759953365,78,31.3902,33.1039,1.7138
300M,chip_254_443_merged.tif,0.4,2,379346734,78,30.4504,33.3211,2.8707
300M,chip_254_443_merged.tif,0.4,3,2046884864,78,31.8781,32.6699,0.7917
300M,chip_254_443_merged.tif,0.4,4,1666278233,78,32.0639,33.0783,1.0144
300M,chip_254_443_merged.tif,0.6,0,496600676,117,29.5985,32.0537,2.4552
300M,chip_254_443_merged.tif,0.6,1,16655158,117,30.2972,32.0452,1.748
300M,chip_254_443_merged.tif,0.6,2,1783532175,117,30.3002,32.354,2.0538
300M,chip_254_443_merged.tif,0.6,3,1303586657,117,29.6115,32.4866,2.875
300M,chip_254_443_merged.tif,0.6,4,922980026,117,31.0221,31.7048,0.6827
300M,chip_254_443_merged.tif,0.8,0,14008480,156,30.1055,31.7965,1.691
300M,chip_254_443_merged.tif,0.8,1,1681546610,156,30.0713,31.7014,1.6301
300M,chip_254_443_merged.tif,0.8,2,1300939979,156,30.0867,31.3934,1.3067
300M,chip_254_443_merged.tif,0.8,3,920333348,156,30.0704,30.9047,0.8344
300M,chip_254_443_merged.tif,0.8,4,440387830,156,29.425,31.4332,2.0083
300M,chip_257_265_merged.tif,0.2,0,677449054,39,31.3257,37.1378,5.812
300M,chip_257_265_merged.tif,0.2,1,296842423,39,34.7817,37.2843,2.5026
300M,chip_257_265_merged.tif,0.2,2,2063719440,39,32.9295,37.5225,4.593
300M,chip_257_265_merged.tif,0.2,3,1583773922,39,32.2673,36.9675,4.7002
300M,chip_257_265_merged.tif,0.2,4,1203167291,39,32.9281,37.9248,4.9967
300M,chip_257_265_merged.tif,0.4,0,1858996519,78,29.9879,36.0524,6.0646
300M,chip_257_265_merged.tif,0.4,1,1478389888,78,29.7322,35.9606,6.2284
300M,chip_257_265_merged.tif,0.4,2,998444370,78,29.8452,36.7184,6.8732
300M,chip_257_265_merged.tif,0.4,3,617837739,78,29.2206,36.3878,7.1672
300M,chip_257_265_merged.tif,0.4,4,137892221,78,29.5594,37.1032,7.5438
300M,chip_257_265_merged.tif,0.6,0,1921019162,117,29.6451,34.1761,4.5309
300M,chip_257_265_merged.tif,0.6,1,1540412531,117,30.0922,33.3786,3.2864
300M,chip_257_265_merged.tif,0.6,2,1060467013,117,29.4814,34.9008,5.4194
300M,chip_257_265_merged.tif,0.6,3,679860382,117,29.6736,35.3157,5.642
300M,chip_257_265_merged.tif,0.6,4,299253751,117,29.6893,32.3858,2.6965
300M,chip_257_265_merged.tif,0.8,0,1438426966,156,29.1223,30.8737,1.7514
300M,chip_257_265_merged.tif,0.8,1,1057820335,156,28.7758,33.2171,4.4412
300M,chip_257_265_merged.tif,0.8,2,677213704,156,29.289,32.3352,3.0462
300M,chip_257_265_merged.tif,0.8,3,197268186,156,29.0894,32.5544,3.465
300M,chip_257_265_merged.tif,0.8,4,1964145203,156,29.5862,31.4661,1.8799
300M,chip_257_268_merged.tif,0.2,0,1920547871,39,32.728,37.2041,4.4761
300M,chip_257_268_merged.tif,0.2,1,1440602353,39,32.3564,37.7488,5.3924
300M,chip_257_268_merged.tif,0.2,2,1059995722,39,34.6409,37.2377,2.5968
300M,chip_257_268_merged.tif,0.2,3,580050204,39,33.0114,38.5656,5.5541
300M,chip_257_268_merged.tif,0.2,4,199443573,39,33.0117,36.1225,3.1108
300M,chip_257_268_merged.tif,0.4,0,1660593651,78,31.4893,35.0763,3.5871
300M,chip_257_268_merged.tif,0.4,1,1279987020,78,30.7511,35.6444,4.8933
300M,chip_257_268_merged.tif,0.4,2,899380389,78,31.4891,36.0624,4.5733
300M,chip_257_268_merged.tif,0.4,3,419434871,78,31.6045,36.6657,5.0611
300M,chip_257_268_merged.tif,0.4,4,38828240,78,30.7009,36.104,5.4031
300M,chip_257_268_merged.tif,0.6,0,917295444,117,30.3592,33.6917,3.3326
300M,chip_257_268_merged.tif,0.6,1,536688813,117,30.6088,34.2649,3.6561
300M,chip_257_268_merged.tif,0.6,2,156082182,117,30.9075,35.6387,4.7311
300M,chip_257_268_merged.tif,0.6,3,1823620312,117,29.6673,34.8167,5.1494
300M,chip_257_268_merged.tif,0.6,4,1443013681,117,30.2593,34.5627,4.3033
300M,chip_257_268_merged.tif,0.8,0,534042135,156,29.8972,32.6299,2.7327
300M,chip_257_268_merged.tif,0.8,1,54096617,156,30.5055,31.2115,0.7059
300M,chip_257_268_merged.tif,0.8,2,1820973634,156,30.2382,31.6683,1.4301
300M,chip_257_268_merged.tif,0.8,3,1341028116,156,30.4835,32.5116,2.0282
300M,chip_257_268_merged.tif,0.8,4,960421485,156,30.5167,32.3136,1.7969
300M,chip_257_445_merged.tif,0.2,0,1478018622,39,33.0868,34.1583,1.0715
300M,chip_257_445_merged.tif,0.2,1,1097411991,39,33.9427,33.8264,-0.1164
300M,chip_257_445_merged.tif,0.2,2,716805360,39,31.9059,33.5995,1.6935
300M,chip_257_445_merged.tif,0.2,3,236859842,39,31.1464,34.0152,2.8687
300M,chip_257_445_merged.tif,0.2,4,2003736859,39,33.1015,34.6668,1.5652
300M,chip_257_445_merged.tif,0.4,0,1317403289,78,31.0198,33.8153,2.7955
300M,chip_257_445_merged.tif,0.4,1,936796658,78,30.8218,33.7637,2.9419
300M,chip_257_445_merged.tif,0.4,2,456851140,78,30.6664,33.6108,2.9444
300M,chip_257_445_merged.tif,0.4,3,76244509,78,31.3311,32.7845,1.4534
300M,chip_257_445_merged.tif,0.4,4,1743782639,78,30.878,33.3261,2.4481
300M,chip_257_445_merged.tif,0.6,0,574105082,117,31.197,33.0767,1.8797
300M,chip_257_445_merged.tif,0.6,1,193498451,117,31.1789,33.0479,1.869
300M,chip_257_445_merged.tif,0.6,2,1861036581,117,30.3541,32.8256,2.4715
300M,chip_257_445_merged.tif,0.6,3,1480429950,117,30.7677,33.0892,2.3216
300M,chip_257_445_merged.tif,0.6,4,1000484432,117,30.7455,32.603,1.8574
300M,chip_257_445_merged.tif,0.8,0,91512886,156,30.6184,32.1949,1.5766
300M,chip_257_445_merged.tif,0.8,1,1858389903,156,30.0632,31.5999,1.5367
300M,chip_257_445_merged.tif,0.8,2,1477783272,156,30.078,30.9167,0.8387
300M,chip_257_445_merged.tif,0.8,3,997837754,156,30.5711,32.1732,1.6021
300M,chip_257_445_merged.tif,0.8,4,617231123,156,29.9181,31.6086,1.6905
300M,chip_257_483_merged.tif,0.2,0,1556940981,39,31.5644,35.8175,4.2532
300M,chip_257_483_merged.tif,0.2,1,1176334350,39,31.9145,35.2438,3.3293
300M,chip_257_483_merged.tif,0.2,2,795727719,39,32.0292,35.4568,3.4276
300M,chip_257_483_merged.tif,0.2,3,315782201,39,33.1939,35.8487,2.6548
300M,chip_257_483_merged.tif,0.2,4,2082659218,39,31.6395,35.3333,3.6938
300M,chip_257_483_merged.tif,0.4,0,1396325648,78,32.4833,32.2288,-0.2545
300M,chip_257_483_merged.tif,0.4,1,1015719017,78,32.7059,34.3432,1.6373
300M,chip_257_483_merged.tif,0.4,2,535773499,78,32.3437,34.9882,2.6444
300M,chip_257_483_merged.tif,0.4,3,155166868,78,32.0532,35.5284,3.4752
300M,chip_257_483_merged.tif,0.4,4,1822704998,78,33.3196,34.9082,1.5887
300M,chip_257_483_merged.tif,0.6,0,653027441,117,31.8343,33.0003,1.166
300M,chip_257_483_merged.tif,0.6,1,272420810,117,32.181,33.5032,1.3222
300M,chip_257_483_merged.tif,0.6,2,1939958940,117,32.1035,33.2978,1.1943
300M,chip_257_483_merged.tif,0.6,3,1559352309,117,32.1873,33.2219,1.0345
300M,chip_257_483_merged.tif,0.6,4,1079406791,117,32.093,33.6944,1.6015
300M,chip_257_483_merged.tif,0.8,0,170435245,156,31.5745,32.3736,0.7991
300M,chip_257_483_merged.tif,0.8,1,1937312262,156,29.5922,32.5098,2.9175
300M,chip_257_483_merged.tif,0.8,2,1556705631,156,31.6114,32.9529,1.3415
300M,chip_257_483_merged.tif,0.8,3,1076760113,156,31.7735,32.0995,0.326
300M,chip_257_483_merged.tif,0.8,4,696153482,156,31.3521,32.2036,0.8516
300M,chip_260_484_merged.tif,0.2,0,586587959,39,23.1858,31.5824,8.3965
300M,chip_260_484_merged.tif,0.2,1,205981328,39,27.5784,31.1104,3.532
300M,chip_260_484_merged.tif,0.2,2,1873519458,39,28.3212,31.3904,3.0692
300M,chip_260_484_merged.tif,0.2,3,1492912827,39,30.2343,29.7316,-0.5028
300M,chip_260_484_merged.tif,0.2,4,1012967309,39,26.5675,31.0331,4.4656
300M,chip_260_484_merged.tif,0.4,0,425972626,78,24.4301,29.9704,5.5403
300M,chip_260_484_merged.tif,0.4,1,2093510756,78,24.9612,29.4252,4.464
300M,chip_260_484_merged.tif,0.4,2,1712904125,78,23.8257,30.4589,6.6332
300M,chip_260_484_merged.tif,0.4,3,1332297494,78,24.2595,30.2845,6.025
300M,chip_260_484_merged.tif,0.4,4,852351976,78,24.2595,31.2789,7.0194
300M,chip_260_484_merged.tif,0.6,0,535613282,117,24.8457,28.4684,3.6227
300M,chip_260_484_merged.tif,0.6,1,55667764,117,24.8147,28.6328,3.8181
300M,chip_260_484_merged.tif,0.6,2,1822544781,117,24.7859,28.2635,3.4776
300M,chip_260_484_merged.tif,0.6,3,1342599263,117,25.0522,28.7998,3.7475
300M,chip_260_484_merged.tif,0.6,4,961992632,117,24.5181,28.2016,3.6835
300M,chip_260_484_merged.tif,0.8,0,1347565871,156,24.8133,26.9442,2.1309
300M,chip_260_484_merged.tif,0.8,1,966959240,156,24.8146,26.4096,1.595
300M,chip_260_484_merged.tif,0.8,2,487013722,156,24.7441,26.8069,2.0627
300M,chip_260_484_merged.tif,0.8,3,106407091,156,24.9603,27.438,2.4777
300M,chip_260_484_merged.tif,0.8,4,1773945221,156,24.9079,27.0977,2.1898
300M,chip_264_434_merged.tif,0.2,0,844786567,39,33.7584,35.6597,1.9013
300M,chip_264_434_merged.tif,0.2,1,464179936,39,33.9557,35.2019,1.2462
300M,chip_264_434_merged.tif,0.2,2,2131718066,39,34.0017,35.161,1.1593
300M,chip_264_434_merged.tif,0.2,3,1751111435,39,32.9412,35.3676,2.4264
300M,chip_264_434_merged.tif,0.2,4,1370504804,39,34.6399,35.2148,0.5749
300M,chip_264_434_merged.tif,0.4,0,684171234,78,32.5756,35.1633,2.5878
300M,chip_264_434_merged.tif,0.4,1,303564603,78,31.6446,34.9531,3.3084
300M,chip_264_434_merged.tif,0.4,2,1971102733,78,31.7192,34.4429,2.7238
300M,chip_264_434_merged.tif,0.4,3,1590496102,78,33.389,35.1307,1.7417
300M,chip_264_434_merged.tif,0.4,4,1110550584,78,33.3346,35.256,1.9214
300M,chip_264_434_merged.tif,0.6,0,2088356675,117,31.8232,34.0537,2.2304
300M,chip_264_434_merged.tif,0.6,1,1707750044,117,30.7185,34.0185,3.3001
300M,chip_264_434_merged.tif,0.6,2,1227804526,117,31.8109,34.4228,2.6119
300M,chip_264_434_merged.tif,0.6,3,847197895,117,31.5069,34.5024,2.9954
300M,chip_264_434_merged.tif,0.6,4,367252377,117,31.9658,34.4658,2.5
300M,chip_264_434_merged.tif,0.8,0,1605764479,156,31.2162,33.6808,2.4646
300M,chip_264_434_merged.tif,0.8,1,1225157848,156,30.9548,32.7939,1.8392
300M,chip_264_434_merged.tif,0.8,2,745212330,156,31.5061,33.2138,1.7078
300M,chip_264_434_merged.tif,0.8,3,364605699,156,30.9961,32.6419,1.6458
300M,chip_264_434_merged.tif,0.8,4,2131482716,156,31.6252,33.7891,2.1639
300M,chip_264_583_merged.tif,0.2,0,1138246244,39,38.4503,40.3752,1.9249
300M,chip_264_583_merged.tif,0.2,1,757639613,39,40.6907,39.8761,-0.8146
300M,chip_264_583_merged.tif,0.2,2,277694095,39,41.2813,41.301,0.0196
300M,chip_264_583_merged.tif,0.2,3,2044571112,39,38.4487,40.2884,1.8397
300M,chip_264_583_merged.tif,0.2,4,1663964481,39,40.8641,39.8845,-0.9796
300M,chip_264_583_merged.tif,0.4,0,172310061,78,38.1241,40.3239,2.1998
300M,chip_264_583_merged.tif,0.4,1,1839848191,78,38.1231,40.7944,2.6713
300M,chip_264_583_merged.tif,0.4,2,1459241560,78,39.3635,40.7121,1.3486
300M,chip_264_583_merged.tif,0.4,3,1078634929,78,39.135,40.2064,1.0714
300M,chip_264_583_merged.tif,0.4,4,598689411,78,39.1344,40.7205,1.5861
300M,chip_264_583_merged.tif,0.6,0,234332704,117,39.5639,39.9881,0.4242
300M,chip_264_583_merged.tif,0.6,1,2001209721,117,38.5736,39.5507,0.9771
300M,chip_264_583_merged.tif,0.6,2,1521264203,117,38.8525,39.9465,1.0939
300M,chip_264_583_merged.tif,0.6,3,1140657572,117,38.5974,39.8255,1.2281
300M,chip_264_583_merged.tif,0.6,4,660712054,117,38.8465,40.0146,1.1681
300M,chip_264_583_merged.tif,0.8,0,1899224156,156,38.5779,39.3617,0.7838
300M,chip_264_583_merged.tif,0.8,1,1518617525,156,39.0518,39.6751,0.6234
300M,chip_264_583_merged.tif,0.8,2,1038672007,156,38.7861,39.3493,0.5632
300M,chip_264_583_merged.tif,0.8,3,658065376,156,39.0349,39.5706,0.5356
300M,chip_264_583_merged.tif,0.8,4,277458745,156,39.0568,39.6813,0.6244
300M,chip_266_434_merged.tif,0.2,0,1416640122,39,33.4197,35.0706,1.6509
300M,chip_266_434_merged.tif,0.2,1,1036033491,39,33.5267,35.1851,1.6584
300M,chip_266_434_merged.tif,0.2,2,556087973,39,34.2982,35.7858,1.4876
300M,chip_266_434_merged.tif,0.2,3,175481342,39,32.8997,35.0761,2.1763
300M,chip_266_434_merged.tif,0.2,4,1942358359,39,32.125,35.0522,2.9272
300M,chip_266_434_merged.tif,0.4,0,1256024789,78,34.5759,35.3431,0.7672
300M,chip_266_434_merged.tif,0.4,1,875418158,78,33.6717,34.4651,0.7934
300M,chip_266_434_merged.tif,0.4,2,395472640,78,32.9381,34.9747,2.0366
300M,chip_266_434_merged.tif,0.4,3,14866009,78,32.312,35.1906,2.8786
300M,chip_266_434_merged.tif,0.4,4,1682404139,78,32.4672,34.6434,2.1762
300M,chip_266_434_merged.tif,0.6,0,512726582,117,32.6548,34.3346,1.6797
300M,chip_266_434_merged.tif,0.6,1,132119951,117,32.6662,33.9245,1.2583
300M,chip_266_434_merged.tif,0.6,2,1799658081,117,33.454,34.0733,0.6194
300M,chip_266_434_merged.tif,0.6,3,1419051450,117,32.555,34.85,2.2949
300M,chip_266_434_merged.tif,0.6,4,939105932,117,32.3788,34.1924,1.8136
300M,chip_266_434_merged.tif,0.8,0,30134386,156,33.0596,32.9197,-0.1399
300M,chip_266_434_merged.tif,0.8,1,1797011403,156,32.8393,33.3947,0.5554
300M,chip_266_434_merged.tif,0.8,2,1317065885,156,33.0849,33.8244,0.7394
300M,chip_266_434_merged.tif,0.8,3,936459254,156,32.8204,33.6046,0.7841
300M,chip_266_434_merged.tif,0.8,4,555852623,156,33.1408,33.768,0.6272
300M,chip_267_453_merged.tif,0.2,0,2103202180,39,37.2668,38.0889,0.8221
300M,chip_267_453_merged.tif,0.2,1,1722595549,39,27.7847,36.9674,9.1827
300M,chip_267_453_merged.tif,0.2,2,1242650031,39,37.0933,33.1073,-3.986
300M,chip_267_453_merged.tif,0.2,3,862043400,39,36.3109,35.8379,-0.473
300M,chip_267_453_merged.tif,0.2,4,382097882,39,37.3509,36.2811,-1.0698
300M,chip_267_453_merged.tif,0.4,0,1942586847,78,34.9045,36.034,1.1296
300M,chip_267_453_merged.tif,0.4,1,1462641329,78,34.9591,36.2139,1.2548
300M,chip_267_453_merged.tif,0.4,2,1082034698,78,35.3149,35.6725,0.3577
300M,chip_267_453_merged.tif,0.4,3,701428067,78,34.9042,33.1118,-1.7924
300M,chip_267_453_merged.tif,0.4,4,221482549,78,34.8304,33.0706,-1.7597
300M,chip_267_453_merged.tif,0.6,0,1199288640,117,34.6273,33.7503,-0.877
300M,chip_267_453_merged.tif,0.6,1,719343122,117,34.6383,33.7343,-0.904
300M,chip_267_453_merged.tif,0.6,2,338736491,117,30.9564,35.5361,4.5797
300M,chip_267_453_merged.tif,0.6,3,2105613508,117,34.7772,34.8638,0.0865
300M,chip_267_453_merged.tif,0.6,4,1625667990,117,30.9525,35.1718,4.2193
300M,chip_267_453_merged.tif,0.8,0,716696444,156,32.5263,33.4582,0.9319
300M,chip_267_453_merged.tif,0.8,1,336089813,156,31.3293,34.4547,3.1254
300M,chip_267_453_merged.tif,0.8,2,2003627943,156,34.6484,34.2288,-0.4196
300M,chip_267_453_merged.tif,0.8,3,1623021312,156,34.6716,33.5358,-1.1358
300M,chip_267_453_merged.tif,0.8,4,1143075794,156,31.3228,34.7207,3.3979
300M,chip_267_566_merged.tif,0.2,0,2108328400,39,33.7542,38.3292,4.575
300M,chip_267_566_merged.tif,0.2,1,1628382882,39,35.531,37.4933,1.9623
300M,chip_267_566_merged.tif,0.2,2,1247776251,39,34.8405,35.7755,0.935
300M,chip_267_566_merged.tif,0.2,3,767830733,39,34.3471,37.1042,2.7571
300M,chip_267_566_merged.tif,0.2,4,387224102,39,34.5856,37.7635,3.1779
300M,chip_267_566_merged.tif,0.4,0,1848374180,78,33.1874,36.372,3.1846
300M,chip_267_566_merged.tif,0.4,1,1467767549,78,32.4951,37.0624,4.5672
300M,chip_267_566_merged.tif,0.4,2,987822031,78,32.9254,36.4076,3.4821
300M,chip_267_566_merged.tif,0.4,3,607215400,78,32.9255,36.6955,3.77
300M,chip_267_566_merged.tif,0.4,4,226608769,78,33.1874,36.7622,3.5748
300M,chip_267_566_merged.tif,0.6,0,1958014836,117,32.5863,35.4713,2.885
300M,chip_267_566_merged.tif,0.6,1,1577408205,117,32.3768,35.9627,3.5859
300M,chip_267_566_merged.tif,0.6,2,1097462687,117,32.8465,34.8585,2.012
300M,chip_267_566_merged.tif,0.6,3,716856056,117,32.9225,36.2747,3.3522
300M,chip_267_566_merged.tif,0.6,4,236910538,117,32.59,34.6979,2.1079
300M,chip_267_566_merged.tif,0.8,0,721822664,156,32.0955,34.4568,2.3613
300M,chip_267_566_merged.tif,0.8,1,241877146,156,31.9936,34.9805,2.9869
300M,chip_267_566_merged.tif,0.8,2,2008754163,156,31.9961,34.9705,2.9744
300M,chip_267_566_merged.tif,0.8,3,1528808645,156,32.1198,34.6714,2.5517
300M,chip_267_566_merged.tif,0.8,4,1148202014,156,32.2509,33.817,1.5661
300M,chip_268_269_merged.tif,0.2,0,598756868,39,35.2276,37.7961,2.5686
300M,chip_268_269_merged.tif,0.2,1,118811350,39,37.7812,38.2564,0.4751
300M,chip_268_269_merged.tif,0.2,2,1885688367,39,37.7799,38.9335,1.1536
300M,chip_268_269_merged.tif,0.2,3,1405742849,39,36.6279,38.1842,1.5564
300M,chip_268_269_merged.tif,0.2,4,1025136218,39,34.3872,38.1855,3.7983
300M,chip_268_269_merged.tif,0.4,0,338802648,78,36.5379,37.3468,0.8089
300M,chip_268_269_merged.tif,0.4,1,2105679665,78,39.0388,37.478,-1.5608
300M,chip_268_269_merged.tif,0.4,2,1625734147,78,30.6571,38.3743,7.7172
300M,chip_268_269_merged.tif,0.4,3,1245127516,78,30.0644,37.1192,7.0548
300M,chip_268_269_merged.tif,0.4,4,864520885,78,30.6581,37.3568,6.6987
300M,chip_268_269_merged.tif,0.6,0,1742988089,117,29.5446,36.498,6.9534
300M,chip_268_269_merged.tif,0.6,1,1362381458,117,29.3895,35.9497,6.5602
300M,chip_268_269_merged.tif,0.6,2,981774827,117,29.3894,36.7115,7.322
300M,chip_268_269_merged.tif,0.6,3,501829309,117,35.8593,37.4329,1.5736
300M,chip_268_269_merged.tif,0.6,4,121222678,117,29.387,36.7235,7.3365
300M,chip_268_269_merged.tif,0.8,0,1359734780,156,31.9813,35.2494,3.2681
300M,chip_268_269_merged.tif,0.8,1,879789262,156,32.3119,35.8195,3.5076
300M,chip_268_269_merged.tif,0.8,2,499182631,156,29.8782,36.1819,6.3036
300M,chip_268_269_merged.tif,0.8,3,19237113,156,29.8362,36.8174,6.9812
300M,chip_268_269_merged.tif,0.8,4,1786114130,156,30.2649,36.4326,6.1678
300M,chip_268_410_merged.tif,0.2,0,688895108,39,30.0241,35.8328,5.8088
300M,chip_268_410_merged.tif,0.2,1,208949590,39,30.1275,32.0388,1.9113
300M,chip_268_410_merged.tif,0.2,2,1975826607,39,30.5381,33.8074,3.2693
300M,chip_268_410_merged.tif,0.2,3,1595219976,39,32.4066,33.0416,0.635
300M,chip_268_410_merged.tif,0.2,4,1115274458,39,32.4381,34.8122,2.3741
300M,chip_268_410_merged.tif,0.4,0,528279775,78,30.715,32.8849,2.1699
300M,chip_268_410_merged.tif,0.4,1,48334257,78,29.2483,34.0902,4.8418
300M,chip_268_410_merged.tif,0.4,2,1815211274,78,30.5227,34.2011,3.6785
300M,chip_268_410_merged.tif,0.4,3,1335265756,78,31.0162,33.3177,2.3015
300M,chip_268_410_merged.tif,0.4,4,954659125,78,29.2487,34.0802,4.8316
300M,chip_268_410_merged.tif,0.6,0,1932465216,117,30.0335,33.0677,3.0342
300M,chip_268_410_merged.tif,0.6,1,1452519698,117,28.971,32.7504,3.7794
300M,chip_268_410_merged.tif,0.6,2,1071913067,117,30.2758,32.8482,2.5724
300M,chip_268_410_merged.tif,0.6,3,591967549,117,28.8855,32.1457,3.2602
300M,chip_268_410_merged.tif,0.6,4,211360918,117,30.0308,32.7887,2.7579
300M,chip_268_410_merged.tif,0.8,0,1449873020,156,29.5678,31.067,1.4992
300M,chip_268_410_merged.tif,0.8,1,969927502,156,28.4355,31.0936,2.6581
300M,chip_268_410_merged.tif,0.8,2,589320871,156,29.092,30.5222,1.4302
300M,chip_268_410_merged.tif,0.8,3,208714240,156,29.0629,30.2974,1.2345
300M,chip_268_410_merged.tif,0.8,4,1876252370,156,29.6496,32.0908,2.4412
300M,chip_269_420_merged.tif,0.2,0,1872999325,39,28.6307,34.415,5.7843
300M,chip_269_420_merged.tif,0.2,1,1393053807,39,31.5193,34.63,3.1107
300M,chip_269_420_merged.tif,0.2,2,1012447176,39,30.4638,33.0751,2.6112
300M,chip_269_420_merged.tif,0.2,3,532501658,39,32.4431,34.2089,1.7658
300M,chip_269_420_merged.tif,0.2,4,151895027,39,30.5731,33.9182,3.3451
300M,chip_269_420_merged.tif,0.4,0,1613045105,78,28.6351,33.4707,4.8356
300M,chip_269_420_merged.tif,0.4,1,1232438474,78,30.5997,32.2061,1.6064
300M,chip_269_420_merged.tif,0.4,2,752492956,78,29.3015,33.8976,4.5962
300M,chip_269_420_merged.tif,0.4,3,371886325,78,29.256,33.2379,3.9818
300M,chip_269_420_merged.tif,0.4,4,2138763342,78,30.1782,33.0067,2.8285
300M,chip_269_420_merged.tif,0.6,0,869746898,117,28.8813,32.2974,3.4161
300M,chip_269_420_merged.tif,0.6,1,489140267,117,28.7218,32.9712,4.2494
300M,chip_269_420_merged.tif,0.6,2,9194749,117,29.3104,33.1163,3.8059
300M,chip_269_420_merged.tif,0.6,3,1776071766,117,29.1476,31.5905,2.4429
300M,chip_269_420_merged.tif,0.6,4,1395465135,117,28.7171,32.7265,4.0094
300M,chip_269_420_merged.tif,0.8,0,486493589,156,28.0415,31.9089,3.8675
300M,chip_269_420_merged.tif,0.8,1,6548071,156,28.0376,30.2143,2.1767
300M,chip_269_420_merged.tif,0.8,2,1773425088,156,28.0419,31.191,3.149
300M,chip_269_420_merged.tif,0.8,3,1293479570,156,28.0501,31.8174,3.7672
300M,chip_269_420_merged.tif,0.8,4,912872939,156,28.9057,31.7658,2.86
300M,chip_270_408_merged.tif,0.2,0,1435834066,39,29.796,32.2072,2.4112
300M,chip_270_408_merged.tif,0.2,1,1055227435,39,30.9685,33.0384,2.0699
300M,chip_270_408_merged.tif,0.2,2,674620804,39,28.2958,32.6952,4.3994
300M,chip_270_408_merged.tif,0.2,3,194675286,39,28.2095,33.454,5.2445
300M,chip_270_408_merged.tif,0.2,4,1961552303,39,28.7739,33.7347,4.9608
300M,chip_270_408_merged.tif,0.4,0,1275218733,78,28.2824,30.6674,2.385
300M,chip_270_408_merged.tif,0.4,1,894612102,78,28.6088,32.4931,3.8843
300M,chip_270_408_merged.tif,0.4,2,414666584,78,28.3639,31.1051,2.7412
300M,chip_270_408_merged.tif,0.4,3,34059953,78,28.0456,32.1092,4.0636
300M,chip_270_408_merged.tif,0.4,4,1800936970,78,28.3246,32.8061,4.4815
300M,chip_270_408_merged.tif,0.6,0,531920526,117,27.2948,30.4376,3.1428
300M,chip_270_408_merged.tif,0.6,1,151313895,117,27.7268,30.5717,2.8449
300M,chip_270_408_merged.tif,0.6,2,1818852025,117,28.2442,29.6161,1.3719
300M,chip_270_408_merged.tif,0.6,3,1438245394,117,27.7336,30.8956,3.1621
300M,chip_270_408_merged.tif,0.6,4,1057638763,117,28.2644,30.4582,2.1938
300M,chip_270_408_merged.tif,0.8,0,49328330,156,27.5085,28.8091,1.3007
300M,chip_270_408_merged.tif,0.8,1,1816205347,156,27.5334,28.7438,1.2103
300M,chip_270_408_merged.tif,0.8,2,1435598716,156,27.3342,28.8204,1.4861
300M,chip_270_408_merged.tif,0.8,3,955653198,156,28.0171,29.0454,1.0283
300M,chip_270_408_merged.tif,0.8,4,575046567,156,28.0374,29.5757,1.5383
300M,chip_270_475_merged.tif,0.2,0,466546906,39,35.607,38.1089,2.5019
300M,chip_270_475_merged.tif,0.2,1,85940275,39,35.6061,36.8216,1.2155
300M,chip_270_475_merged.tif,0.2,2,1753478405,39,36.206,36.5735,0.3675
300M,chip_270_475_merged.tif,0.2,3,1372871774,39,32.9485,36.3726,3.4241
300M,chip_270_475_merged.tif,0.2,4,892926256,39,35.3458,37.0128,1.667
300M,chip_270_475_merged.tif,0.4,0,305931573,78,32.4081,37.0806,4.6725
300M,chip_270_475_merged.tif,0.4,1,1973469703,78,33.9952,36.8925,2.8973
300M,chip_270_475_merged.tif,0.4,2,1592863072,78,35.1506,36.846,1.6954
300M,chip_270_475_merged.tif,0.4,3,1212256441,78,35.6121,37.0339,1.4217
300M,chip_270_475_merged.tif,0.4,4,732310923,78,32.3976,37.5781,5.1804
300M,chip_270_475_merged.tif,0.6,0,1710117014,117,35.0794,36.5686,1.4893
300M,chip_270_475_merged.tif,0.6,1,1230171496,117,33.1204,36.2298,3.1095
300M,chip_270_475_merged.tif,0.6,2,849564865,117,34.7715,36.2773,1.5058
300M,chip_270_475_merged.tif,0.6,3,468958234,117,34.7903,35.2518,0.4615
300M,chip_270_475_merged.tif,0.6,4,2136496364,117,34.0593,36.2534,2.1941
300M,chip_270_475_merged.tif,0.8,0,1227524818,156,33.5159,35.6142,2.0983
300M,chip_270_475_merged.tif,0.8,1,846918187,156,33.4654,34.718,1.2525
300M,chip_270_475_merged.tif,0.8,2,366972669,156,33.4103,34.6604,1.25
300M,chip_270_475_merged.tif,0.8,3,2133849686,156,33.4667,34.8258,1.3591
300M,chip_270_475_merged.tif,0.8,4,1653904168,156,34.1036,34.987,0.8834
300M,chip_270_477_merged.tif,0.2,0,179806242,39,34.7901,36.0447,1.2545
300M,chip_270_477_merged.tif,0.2,1,1946683259,39,35.5537,35.8116,0.2579
300M,chip_270_477_merged.tif,0.2,2,1466737741,39,33.7306,36.2213,2.4907
300M,chip_270_477_merged.tif,0.2,3,1086131110,39,35.7413,35.9319,0.1906
300M,chip_270_477_merged.tif,0.2,4,606185592,39,33.743,36.4265,2.6835
300M,chip_270_477_merged.tif,0.4,0,19190909,78,32.3906,36.4301,4.0395
300M,chip_270_477_merged.tif,0.4,1,1686729039,78,34.331,35.6707,1.3397
300M,chip_270_477_merged.tif,0.4,2,1306122408,78,31.7337,35.4305,3.6968
300M,chip_270_477_merged.tif,0.4,3,925515777,78,31.7335,35.76,4.0265
300M,chip_270_477_merged.tif,0.4,4,445570259,78,34.2947,35.8201,1.5254
300M,chip_270_477_merged.tif,0.6,0,1423376350,117,31.4303,35.2894,3.8591
300M,chip_270_477_merged.tif,0.6,1,943430832,117,33.8804,35.0581,1.1777
300M,chip_270_477_merged.tif,0.6,2,562824201,117,33.2191,35.2093,1.9902
300M,chip_270_477_merged.tif,0.6,3,182217570,117,31.3751,35.4358,4.0606
300M,chip_270_477_merged.tif,0.6,4,1849755700,117,32.364,35.4996,3.1356
300M,chip_270_477_merged.tif,0.8,0,940784154,156,32.0987,33.7394,1.6407
300M,chip_270_477_merged.tif,0.8,1,560177523,156,32.0441,34.1593,2.1152
300M,chip_270_477_merged.tif,0.8,2,80232005,156,32.6526,34.1619,1.5092
300M,chip_270_477_merged.tif,0.8,3,1847109022,156,32.1765,34.3185,2.142
300M,chip_270_477_merged.tif,0.8,4,1367163504,156,32.2066,34.0376,1.831
300M,chip_271_267_merged.tif,0.2,0,2118159079,39,36.651,40.5152,3.8642
300M,chip_271_267_merged.tif,0.2,1,1638213561,39,34.7223,40.2418,5.5195
300M,chip_271_267_merged.tif,0.2,2,1257606930,39,36.9919,39.3144,2.3225
300M,chip_271_267_merged.tif,0.2,3,877000299,39,32.0458,39.0486,7.0028
300M,chip_271_267_merged.tif,0.2,4,397054781,39,35.5973,40.48,4.8826
300M,chip_271_267_merged.tif,0.4,0,1052884009,78,32.6861,39.924,7.2379
300M,chip_271_267_merged.tif,0.4,1,672277378,78,35.6136,39.7662,4.1526
300M,chip_271_267_merged.tif,0.4,2,192331860,78,32.6849,38.7543,6.0694
300M,chip_271_267_merged.tif,0.4,3,1959208877,78,32.9024,39.0947,6.1923
300M,chip_271_267_merged.tif,0.4,4,1578602246,78,35.2819,38.5498,3.2679
300M,chip_271_267_merged.tif,0.6,0,1214245539,117,33.5708,37.4431,3.8723
300M,chip_271_267_merged.tif,0.6,1,734300021,117,34.5153,39.0509,4.5356
300M,chip_271_267_merged.tif,0.6,2,353693390,117,34.6753,38.2977,3.6224
300M,chip_271_267_merged.tif,0.6,3,2021231520,117,32.9914,36.9599,3.9684
300M,chip_271_267_merged.tif,0.6,4,1640624889,117,34.6825,38.2687,3.5862
300M,chip_271_267_merged.tif,0.8,0,2073816141,156,33.9763,36.349,2.3727
300M,chip_271_267_merged.tif,0.8,1,1593870623,156,33.9719,35.3607,1.3888
300M,chip_271_267_merged.tif,0.8,2,1213263992,156,33.3121,34.6747,1.3626
300M,chip_271_267_merged.tif,0.8,3,733318474,156,33.3212,37.1086,3.7875
300M,chip_271_267_merged.tif,0.8,4,352711843,156,33.9612,36.4663,2.5051
300M,chip_272_450_merged.tif,0.2,0,1652599865,39,33.1199,34.7846,1.6647
300M,chip_272_450_merged.tif,0.2,1,1271993234,39,33.9067,35.907,2.0003
300M,chip_272_450_merged.tif,0.2,2,792047716,39,33.2765,34.867,1.5905
300M,chip_272_450_merged.tif,0.2,3,411441085,39,32.8801,35.5486,2.6685
300M,chip_272_450_merged.tif,0.2,4,2078979215,39,34.0658,36.9212,2.8554
300M,chip_272_450_merged.tif,0.4,0,587324795,78,33.2727,34.8915,1.6189
300M,chip_272_450_merged.tif,0.4,1,206718164,78,31.9795,35.0107,3.0312
300M,chip_272_450_merged.tif,0.4,2,1973595181,78,33.5799,35.4354,1.8556
300M,chip_272_450_merged.tif,0.4,3,1493649663,78,32.568,35.2764,2.7085
300M,chip_272_450_merged.tif,0.4,4,1113043032,78,31.4875,35.4341,3.9466
300M,chip_272_450_merged.tif,0.6,0,748686325,117,32.7745,34.0611,1.2866
300M,chip_272_450_merged.tif,0.6,1,268740807,117,32.7723,34.1879,1.4156
300M,chip_272_450_merged.tif,0.6,2,2035617824,117,32.5871,34.5144,1.9273
300M,chip_272_450_merged.tif,0.6,3,1555672306,117,32.4428,34.477,2.0342
300M,chip_272_450_merged.tif,0.6,4,1175065675,117,31.2307,34.6705,3.4398
300M,chip_272_450_merged.tif,0.8,0,266094129,156,31.6038,33.6801,2.0763
300M,chip_272_450_merged.tif,0.8,1,2032971146,156,31.6234,33.7604,2.137
300M,chip_272_450_merged.tif,0.8,2,1553025628,156,32.3082,33.7213,1.4132
300M,chip_272_450_merged.tif,0.8,3,1172418997,156,32.1326,33.4902,1.3576
300M,chip_272_450_merged.tif,0.8,4,692473479,156,30.851,33.6558,2.8048
300M,chip_273_474_merged.tif,0.2,0,1954516050,39,36.6038,36.6454,0.0416
300M,chip_273_474_merged.tif,0.2,1,1474570532,39,34.1484,36.8133,2.6649
300M,chip_273_474_merged.tif,0.2,2,1093963901,39,33.527,36.2956,2.7686
300M,chip_273_474_merged.tif,0.2,3,614018383,39,33.2975,36.7704,3.4729
300M,chip_273_474_merged.tif,0.2,4,233411752,39,33.5278,36.6403,3.1125
300M,chip_273_474_merged.tif,0.4,0,889240980,78,35.8401,35.8981,0.058
300M,chip_273_474_merged.tif,0.4,1,508634349,78,34.5667,35.9135,1.3468
300M,chip_273_474_merged.tif,0.4,2,28688831,78,34.3896,35.9216,1.532
300M,chip_273_474_merged.tif,0.4,3,1795565848,78,33.7868,36.1614,2.3747
300M,chip_273_474_merged.tif,0.4,4,1315620330,78,34.5581,35.5589,1.0008
300M,chip_273_474_merged.tif,0.6,0,951263623,117,34.5198,35.7493,1.2295
300M,chip_273_474_merged.tif,0.6,1,570656992,117,34.269,35.7707,1.5016
300M,chip_273_474_merged.tif,0.6,2,190050361,117,33.9554,35.7334,1.778
300M,chip_273_474_merged.tif,0.6,3,1857588491,117,34.5883,35.2931,0.7048
300M,chip_273_474_merged.tif,0.6,4,1476981860,117,33.8684,36.0698,2.2014
300M,chip_273_474_merged.tif,0.8,0,1862555099,156,33.9962,34.9139,0.9177
300M,chip_273_474_merged.tif,0.8,1,1382609581,156,33.6071,34.6613,1.0542
300M,chip_273_474_merged.tif,0.8,2,1002002950,156,33.8859,35.502,1.6161
300M,chip_273_474_merged.tif,0.8,3,621396319,156,33.9988,34.6674,0.6686
300M,chip_273_474_merged.tif,0.8,4,141450801,156,33.5985,34.7095,1.111
300M,chip_274_465_merged.tif,0.2,0,1329920923,39,34.359,36.5894,2.2304
300M,chip_274_465_merged.tif,0.2,1,949314292,39,33.2392,35.3563,2.117
300M,chip_274_465_merged.tif,0.2,2,469368774,39,35.7105,35.9979,0.2874
300M,chip_274_465_merged.tif,0.2,3,88762143,39,34.0404,33.2063,-0.8341
300M,chip_274_465_merged.tif,0.2,4,1756300273,39,32.1262,34.0558,1.9297
300M,chip_274_465_merged.tif,0.4,0,1169305590,78,34.3026,35.1484,0.8458
300M,chip_274_465_merged.tif,0.4,1,689360072,78,31.7261,33.8508,2.1247
300M,chip_274_465_merged.tif,0.4,2,308753441,78,31.7271,34.4083,2.6812
300M,chip_274_465_merged.tif,0.4,3,2075630458,78,33.1167,34.3098,1.1931
300M,chip_274_465_merged.tif,0.4,4,1595684940,78,33.1803,33.1782,-0.0021
300M,chip_274_465_merged.tif,0.6,0,426007383,117,32.7348,34.0365,1.3017
300M,chip_274_465_merged.tif,0.6,1,2093545513,117,32.7202,34.6008,1.8805
300M,chip_274_465_merged.tif,0.6,2,1712938882,117,33.2277,33.5946,0.367
300M,chip_274_465_merged.tif,0.6,3,1332332251,117,31.9102,34.0892,2.1789
300M,chip_274_465_merged.tif,0.6,4,852386733,117,33.6929,33.3755,-0.3174
300M,chip_274_465_merged.tif,0.8,0,2090898835,156,31.8717,31.8012,-0.0705
300M,chip_274_465_merged.tif,0.8,1,1710292204,156,31.7875,33.4125,1.625
300M,chip_274_465_merged.tif,0.8,2,1230346686,156,31.8902,33.5404,1.6502
300M,chip_274_465_merged.tif,0.8,3,849740055,156,31.9265,32.2041,0.2776
300M,chip_274_465_merged.tif,0.8,4,369794537,156,31.8638,33.1497,1.2859
300M,chip_275_405_merged.tif,0.2,0,1444788037,39,28.5975,33.93,5.3325
300M,chip_275_405_merged.tif,0.2,1,1064181406,39,30.0966,33.6041,3.5074
300M,chip_275_405_merged.tif,0.2,2,683574775,39,34.7995,34.2898,-0.5097
300M,chip_275_405_merged.tif,0.2,3,203629257,39,34.972,35.1137,0.1417
300M,chip_275_405_merged.tif,0.2,4,1970506274,39,29.8571,33.0561,3.199
300M,chip_275_405_merged.tif,0.4,0,478851854,78,28.8875,34.6433,5.7558
300M,chip_275_405_merged.tif,0.4,1,2146389984,78,30.4134,33.1595,2.7461
300M,chip_275_405_merged.tif,0.4,2,1765783353,78,29.7467,33.5347,3.788
300M,chip_275_405_merged.tif,0.4,3,1385176722,78,29.0181,33.1586,4.1406
300M,chip_275_405_merged.tif,0.4,4,905231204,78,29.8021,33.3511,3.549
300M,chip_275_405_merged.tif,0.6,0,540874497,117,29.2507,32.6545,3.4038
300M,chip_275_405_merged.tif,0.6,1,160267866,117,29.3282,32.5565,3.2283
300M,chip_275_405_merged.tif,0.6,2,1827805996,117,30.3884,32.9622,2.5738
300M,chip_275_405_merged.tif,0.6,3,1447199365,117,29.3229,32.7065,3.3836
300M,chip_275_405_merged.tif,0.6,4,967253847,117,29.749,33.1792,3.4301
300M,chip_275_405_merged.tif,0.8,0,58282301,156,29.8472,32.1124,2.2652
300M,chip_275_405_merged.tif,0.8,1,1825159318,156,29.7819,31.0956,1.3138
300M,chip_275_405_merged.tif,0.8,2,1444552687,156,29.7584,31.6809,1.9225
300M,chip_275_405_merged.tif,0.8,3,964607169,156,29.8002,31.4837,1.6835
300M,chip_275_405_merged.tif,0.8,4,584000538,156,29.7866,31.3773,1.5907
300M,chip_276_083_merged.tif,0.2,0,1938932662,39,30.7997,36.1361,5.3364
300M,chip_276_083_merged.tif,0.2,1,1558326031,39,36.1115,37.346,1.2345
300M,chip_276_083_merged.tif,0.2,2,1177719400,39,33.0248,37.4039,4.3791
300M,chip_276_083_merged.tif,0.2,3,697773882,39,35.2477,38.2738,3.0261
300M,chip_276_083_merged.tif,0.2,4,317167251,39,29.2677,36.8592,7.5915
300M,chip_276_083_merged.tif,0.4,0,972996479,78,28.0848,37.24,9.1552
300M,chip_276_083_merged.tif,0.4,1,592389848,78,28.31,35.2541,6.944
300M,chip_276_083_merged.tif,0.4,2,112444330,78,31.2198,36.9544,5.7346
300M,chip_276_083_merged.tif,0.4,3,1879321347,78,31.2773,36.8692,5.5919
300M,chip_276_083_merged.tif,0.4,4,1399375829,78,31.8629,36.6586,4.7957
300M,chip_276_083_merged.tif,0.6,0,1035019122,117,29.6621,35.363,5.7009
300M,chip_276_083_merged.tif,0.6,1,654412491,117,29.7296,33.7903,4.0607
300M,chip_276_083_merged.tif,0.6,2,174466973,117,29.682,34.0227,4.3407
300M,chip_276_083_merged.tif,0.6,3,1941343990,117,29.4891,35.7285,6.2394
300M,chip_276_083_merged.tif,0.6,4,1560737359,117,29.4683,34.037,4.5688
300M,chip_276_083_merged.tif,0.8,0,552426926,156,28.6023,31.6605,3.0582
300M,chip_276_083_merged.tif,0.8,1,171820295,156,29.3952,31.6487,2.2535
300M,chip_276_083_merged.tif,0.8,2,1938697312,156,28.6665,31.92,3.2535
300M,chip_276_083_merged.tif,0.8,3,1458751794,156,29.6104,30.5538,0.9434
300M,chip_276_083_merged.tif,0.8,4,1078145163,156,29.61,32.5118,2.9018
300M,chip_279_265_merged.tif,0.2,0,10683344,39,32.157,36.8449,4.6879
300M,chip_279_265_merged.tif,0.2,1,1777560361,39,29.7619,38.0208,8.2588
300M,chip_279_265_merged.tif,0.2,2,1297614843,39,34.2283,37.2769,3.0487
300M,chip_279_265_merged.tif,0.2,3,917008212,39,34.2263,36.4064,2.1801
300M,chip_279_265_merged.tif,0.2,4,437062694,39,36.1215,36.1258,0.0043
300M,chip_279_265_merged.tif,0.4,0,1997551659,78,31.6989,35.8572,4.1582
300M,chip_279_265_merged.tif,0.4,1,1616945028,78,31.0286,35.7492,4.7206
300M,chip_279_265_merged.tif,0.4,2,1136999510,78,31.6535,35.5984,3.9449
300M,chip_279_265_merged.tif,0.4,3,756392879,78,33.5631,35.3999,1.8369
300M,chip_279_265_merged.tif,0.4,4,276447361,78,33.5644,34.9591,1.3947
300M,chip_279_265_merged.tif,0.6,0,1254253452,117,31.8139,35.4596,3.6457
300M,chip_279_265_merged.tif,0.6,1,873646821,117,31.6986,34.5666,2.868
300M,chip_279_265_merged.tif,0.6,2,393701303,117,30.1016,35.0383,4.9367
300M,chip_279_265_merged.tif,0.6,3,13094672,117,29.9892,35.277,5.2878
300M,chip_279_265_merged.tif,0.6,4,1680632802,117,30.1112,35.7106,5.5994
300M,chip_279_265_merged.tif,0.8,0,771661256,156,30.6007,33.0768,2.4761
300M,chip_279_265_merged.tif,0.8,1,391054625,156,31.3912,32.2685,0.8773
300M,chip_279_265_merged.tif,0.8,2,2058592755,156,31.4669,32.5938,1.1268
300M,chip_279_265_merged.tif,0.8,3,1677986124,156,30.0813,32.8363,2.755
300M,chip_279_265_merged.tif,0.8,4,1198040606,156,30.1489,33.5204,3.3716
300M,chip_280_308_merged.tif,0.2,0,49147124,39,33.6151,36.6643,3.0493
300M,chip_280_308_merged.tif,0.2,1,1716685254,39,35.6225,37.0346,1.4121
300M,chip_280_308_merged.tif,0.2,2,1336078623,39,35.2571,35.7904,0.5333
300M,chip_280_308_merged.tif,0.2,3,856133105,39,33.8299,37.8085,3.9786
300M,chip_280_308_merged.tif,0.2,4,475526474,39,34.2319,37.7395,3.5076
300M,chip_280_308_merged.tif,0.4,0,1936676552,78,32.4612,36.9225,4.4613
300M,chip_280_308_merged.tif,0.4,1,1556069921,78,32.2983,35.9737,3.6754
300M,chip_280_308_merged.tif,0.4,2,1076124403,78,32.7473,36.6919,3.9447
300M,chip_280_308_merged.tif,0.4,3,695517772,78,32.1311,36.0934,3.9623
300M,chip_280_308_merged.tif,0.4,4,314911141,78,33.2689,36.0632,2.7943
300M,chip_280_308_merged.tif,0.6,0,1193378345,117,32.6169,35.025,2.4081
300M,chip_280_308_merged.tif,0.6,1,812771714,117,32.7103,36.2116,3.5013
300M,chip_280_308_merged.tif,0.6,2,332826196,117,32.0312,34.6227,2.5915
300M,chip_280_308_merged.tif,0.6,3,2099703213,117,31.9339,35.5846,3.6507
300M,chip_280_308_merged.tif,0.6,4,1719096582,117,31.9504,35.2328,3.2824
300M,chip_280_308_merged.tif,0.8,0,810125036,156,31.4392,34.0495,2.6103
300M,chip_280_308_merged.tif,0.8,1,330179518,156,31.6762,34.4924,2.8162
300M,chip_280_308_merged.tif,0.8,2,2097056535,156,31.427,34.09,2.663
300M,chip_280_308_merged.tif,0.8,3,1617111017,156,31.6294,32.8151,1.1857
300M,chip_280_308_merged.tif,0.8,4,1236504386,156,32.3735,34.752,2.3785
300M,chip_280_560_merged.tif,0.2,0,1476563736,39,34.2373,35.4808,1.2434
300M,chip_280_560_merged.tif,0.2,1,996618218,39,32.8862,34.9695,2.0833
300M,chip_280_560_merged.tif,0.2,2,616011587,39,33.0179,34.338,1.32
300M,chip_280_560_merged.tif,0.2,3,235404956,39,34.956,35.8843,0.9283
300M,chip_280_560_merged.tif,0.2,4,1902943086,39,36.0802,36.5796,0.4994
300M,chip_280_560_merged.tif,0.4,0,411288666,78,33.5294,34.5617,1.0322
300M,chip_280_560_merged.tif,0.4,1,30682035,78,34.0407,35.4451,1.4045
300M,chip_280_560_merged.tif,0.4,2,1797559052,78,33.5293,35.6349,2.1056
300M,chip_280_560_merged.tif,0.4,3,1317613534,78,33.5297,34.7435,1.2138
300M,chip_280_560_merged.tif,0.4,4,937006903,78,32.3337,33.0116,0.6779
300M,chip_280_560_merged.tif,0.6,0,572650196,117,30.2075,34.1173,3.9098
300M,chip_280_560_merged.tif,0.6,1,92704678,117,29.8554,33.7972,3.9418
300M,chip_280_560_merged.tif,0.6,2,1859581695,117,30.2118,33.2148,3.003
300M,chip_280_560_merged.tif,0.6,3,1379636177,117,33.9152,34.4852,0.57
300M,chip_280_560_merged.tif,0.6,4,999029546,117,33.9106,33.1889,-0.7217
300M,chip_280_560_merged.tif,0.8,0,90058000,156,30.7037,32.8696,2.1659
300M,chip_280_560_merged.tif,0.8,1,1757596130,156,31.1459,33.3559,2.21
300M,chip_280_560_merged.tif,0.8,2,1376989499,156,30.6963,33.5691,2.8728
300M,chip_280_560_merged.tif,0.8,3,996382868,156,31.1202,32.5874,1.4671
300M,chip_280_560_merged.tif,0.8,4,516437350,156,32.5076,33.1596,0.652
300M,chip_281_270_merged.tif,0.2,0,842447571,39,32.036,37.7686,5.7326
300M,chip_281_270_merged.tif,0.2,1,461840940,39,30.6884,38.8784,8.19
300M,chip_281_270_merged.tif,0.2,2,2129379070,39,27.0296,37.1888,10.1592
300M,chip_281_270_merged.tif,0.2,3,1748772439,39,35.5578,38.0278,2.4701
300M,chip_281_270_merged.tif,0.2,4,1268826921,39,33.4597,38.8598,5.4001
300M,chip_281_270_merged.tif,0.4,0,681832238,78,32.0393,37.7738,5.7345
300M,chip_281_270_merged.tif,0.4,1,301225607,78,30.6577,37.3457,6.688
300M,chip_281_270_merged.tif,0.4,2,1968763737,78,31.8656,37.3625,5.4969
300M,chip_281_270_merged.tif,0.4,3,1588157106,78,28.2765,35.9171,7.6406
300M,chip_281_270_merged.tif,0.4,4,1108211588,78,30.6572,37.1259,6.4687
300M,chip_281_270_merged.tif,0.6,0,2086017679,117,31.2871,34.6823,3.3953
300M,chip_281_270_merged.tif,0.6,1,1705411048,117,31.9506,35.0459,3.0953
300M,chip_281_270_merged.tif,0.6,2,1225465530,117,28.8991,35.0788,6.1798
300M,chip_281_270_merged.tif,0.6,3,844858899,117,31.2755,34.8508,3.5754
300M,chip_281_270_merged.tif,0.6,4,364913381,117,31.9588,35.2924,3.3336
300M,chip_281_270_merged.tif,0.8,0,1603425483,156,28.9786,30.9677,1.9891
300M,chip_281_270_merged.tif,0.8,1,1222818852,156,29.4481,34.2192,4.7711
300M,chip_281_270_merged.tif,0.8,2,742873334,156,28.727,33.7757,5.0487
300M,chip_281_270_merged.tif,0.8,3,362266703,156,29.7505,32.1035,2.353
300M,chip_281_270_merged.tif,0.8,4,2029804833,156,28.8019,32.8362,4.0343
300M,chip_281_402_merged.tif,0.2,0,490370631,39,35.0887,36.3417,1.253
300M,chip_281_402_merged.tif,0.2,1,109764000,39,34.3913,36.5061,2.1148
300M,chip_281_402_merged.tif,0.2,2,1876641017,39,34.9913,35.9084,0.9171
300M,chip_281_402_merged.tif,0.2,3,1396695499,39,34.9924,37.5126,2.5203
300M,chip_281_402_merged.tif,0.2,4,1016088868,39,34.4074,37.3447,2.9373
300M,chip_281_402_merged.tif,0.4,0,1671918096,78,32.134,35.9739,3.8398
300M,chip_281_402_merged.tif,0.4,1,1191972578,78,32.0779,36.622,4.5441
300M,chip_281_402_merged.tif,0.4,2,811365947,78,34.9809,35.6407,0.6598
300M,chip_281_402_merged.tif,0.4,3,430759316,78,32.0214,36.4571,4.4357
300M,chip_281_402_merged.tif,0.4,4,2098297446,78,32.2706,36.0036,3.733
300M,chip_281_402_merged.tif,0.6,0,1733940739,117,32.8428,35.0274,2.1846
300M,chip_281_402_merged.tif,0.6,1,1353334108,117,30.5214,34.939,4.4177
300M,chip_281_402_merged.tif,0.6,2,873388590,117,33.0544,35.6925,2.6381
300M,chip_281_402_merged.tif,0.6,3,492781959,117,33.2943,34.8242,1.5299
300M,chip_281_402_merged.tif,0.6,4,12836441,117,32.8322,35.16,2.3278
300M,chip_281_402_merged.tif,0.8,0,1251348543,156,31.147,34.1763,3.0293
300M,chip_281_402_merged.tif,0.8,1,870741912,156,33.2624,34.0335,0.7711
300M,chip_281_402_merged.tif,0.8,2,490135281,156,31.1539,34.3258,3.1718
300M,chip_281_402_merged.tif,0.8,3,10189763,156,33.4722,34.1459,0.6737
300M,chip_281_402_merged.tif,0.8,4,1777066780,156,31.7056,34.3272,2.6216
300M,chip_282_263_merged.tif,0.2,0,588497433,39,31.6159,37.5322,5.9163
300M,chip_282_263_merged.tif,0.2,1,108551915,39,31.616,35.412,3.796
300M,chip_282_263_merged.tif,0.2,2,1875428932,39,30.5843,38.2065,7.6222
300M,chip_282_263_merged.tif,0.2,3,1494822301,39,31.6757,37.7941,6.1185
300M,chip_282_263_merged.tif,0.2,4,1014876783,39,34.33,38.0211,3.6912
300M,chip_282_263_merged.tif,0.4,0,1670706011,78,32.0836,35.3185,3.235
300M,chip_282_263_merged.tif,0.4,1,1290099380,78,31.8014,33.1646,1.3632
300M,chip_282_263_merged.tif,0.4,2,909492749,78,31.3607,35.69,4.3293
300M,chip_282_263_merged.tif,0.4,3,429547231,78,28.9013,35.6042,6.7029
300M,chip_282_263_merged.tif,0.4,4,48940600,78,32.0833,34.0745,1.9912
300M,chip_282_263_merged.tif,0.6,0,1832067541,117,29.0311,34.9012,5.8701
300M,chip_282_263_merged.tif,0.6,1,1352122023,117,29.0156,32.5708,3.5551
300M,chip_282_263_merged.tif,0.6,2,971515392,117,30.6178,34.036,3.4182
300M,chip_282_263_merged.tif,0.6,3,491569874,117,28.9538,34.2604,5.3067
300M,chip_282_263_merged.tif,0.6,4,110963243,117,29.0017,33.8574,4.8557
300M,chip_282_263_merged.tif,0.8,0,1349475345,156,29.4045,31.6486,2.2441
300M,chip_282_263_merged.tif,0.8,1,869529827,156,29.4402,31.409,1.9688
300M,chip_282_263_merged.tif,0.8,2,488923196,156,29.4628,32.1194,2.6566
300M,chip_282_263_merged.tif,0.8,3,108316565,156,29.3932,31.0582,1.665
300M,chip_282_263_merged.tif,0.8,4,1775854695,156,29.1382,32.0776,2.9394
300M,chip_282_562_merged.tif,0.2,0,177572130,39,30.8987,33.0018,2.1031
300M,chip_282_562_merged.tif,0.2,1,1845110260,39,37.2438,31.0253,-6.2185
300M,chip_282_562_merged.tif,0.2,2,1464503629,39,26.2574,35.5165,9.2591
300M,chip_282_562_merged.tif,0.2,3,984558111,39,26.2571,32.4419,6.1848
300M,chip_282_562_merged.tif,0.2,4,603951480,39,22.0219,31.6003,9.5784
300M,chip_282_562_merged.tif,0.4,0,1259780708,78,21.7445,31.0461,9.3016
300M,chip_282_562_merged.tif,0.4,1,879174077,78,29.0713,32.3748,3.3035
300M,chip_282_562_merged.tif,0.4,2,399228559,78,24.6792,30.8883,6.209
300M,chip_282_562_merged.tif,0.4,3,18621928,78,22.8002,30.5188,7.7186
300M,chip_282_562_merged.tif,0.4,4,1686160058,78,35.6068,29.6584,-5.9485
300M,chip_282_562_merged.tif,0.6,0,516482501,117,22.8529,26.0672,3.2144
300M,chip_282_562_merged.tif,0.6,1,135875870,117,23.1481,29.2373,6.0892
300M,chip_282_562_merged.tif,0.6,2,1803414000,117,29.1756,29.7673,0.5917
300M,chip_282_562_merged.tif,0.6,3,1422807369,117,30.489,28.8865,-1.6025
300M,chip_282_562_merged.tif,0.6,4,942861851,117,29.1745,26.6026,-2.5719
300M,chip_282_562_merged.tif,0.8,0,33890305,156,24.2883,28.2466,3.9583
300M,chip_282_562_merged.tif,0.8,1,1800767322,156,24.3777,27.2699,2.8922
300M,chip_282_562_merged.tif,0.8,2,1320821804,156,24.3782,28.7803,4.4021
300M,chip_282_562_merged.tif,0.8,3,940215173,156,24.0104,28.4362,4.4258
300M,chip_282_562_merged.tif,0.8,4,559608542,156,24.0119,29.2493,5.2374
300M,chip_283_431_merged.tif,0.2,0,1060754399,39,36.5116,39.2474,2.7357
300M,chip_283_431_merged.tif,0.2,1,680147768,39,36.8082,39.4285,2.6203
300M,chip_283_431_merged.tif,0.2,2,200202250,39,36.8673,37.966,1.0988
300M,chip_283_431_merged.tif,0.2,3,1967079267,39,36.6015,38.8162,2.2147
300M,chip_283_431_merged.tif,0.2,4,1487133749,39,36.3145,39.3292,3.0147
300M,chip_283_431_merged.tif,0.4,0,94818216,78,34.8381,38.6669,3.8288
300M,chip_283_431_merged.tif,0.4,1,1762356346,78,35.3731,38.4391,3.066
300M,chip_283_431_merged.tif,0.4,2,1381749715,78,35.3316,38.4913,3.1597
300M,chip_283_431_merged.tif,0.4,3,901804197,78,34.7436,37.395,2.6514
300M,chip_283_431_merged.tif,0.4,4,521197566,78,34.7745,39.0038,4.2292
300M,chip_283_431_merged.tif,0.6,0,156840859,117,34.4035,36.5466,2.1431
300M,chip_283_431_merged.tif,0.6,1,1824378989,117,34.4061,37.2469,2.8409
300M,chip_283_431_merged.tif,0.6,2,1443772358,117,34.8303,37.8105,2.9802
300M,chip_283_431_merged.tif,0.6,3,1063165727,117,31.0764,37.418,6.3416
300M,chip_283_431_merged.tif,0.6,4,583220209,117,30.5108,37.2229,6.7121
300M,chip_283_431_merged.tif,0.8,0,1821732311,156,31.6011,35.725,4.1239
300M,chip_283_431_merged.tif,0.8,1,1441125680,156,32.5184,36.6966,4.1782
300M,chip_283_431_merged.tif,0.8,2,961180162,156,31.5984,36.2892,4.6907
300M,chip_283_431_merged.tif,0.8,3,580573531,156,32.5405,37.1932,4.6527
300M,chip_283_431_merged.tif,0.8,4,100628013,156,31.605,35.5314,3.9264
300M,chip_284_263_merged.tif,0.2,0,647960970,39,36.898,37.089,0.191
300M,chip_284_263_merged.tif,0.2,1,267354339,39,33.9228,36.2637,2.3409
300M,chip_284_263_merged.tif,0.2,2,2034231356,39,31.2788,36.4615,5.1827
300M,chip_284_263_merged.tif,0.2,3,1554285838,39,38.3363,37.8315,-0.5047
300M,chip_284_263_merged.tif,0.2,4,1173679207,39,36.8971,38.377,1.4799
300M,chip_284_263_merged.tif,0.4,0,487345637,78,30.5945,37.5693,6.9749
300M,chip_284_263_merged.tif,0.4,1,106739006,78,31.3715,37.4449,6.0734
300M,chip_284_263_merged.tif,0.4,2,1774277136,78,31.4173,36.2364,4.8192
300M,chip_284_263_merged.tif,0.4,3,1393670505,78,33.1931,36.147,2.9539
300M,chip_284_263_merged.tif,0.4,4,1013063874,78,33.6111,37.7829,4.1718
300M,chip_284_263_merged.tif,0.6,0,1891531078,117,33.6372,35.6192,1.9819
300M,chip_284_263_merged.tif,0.6,1,1510924447,117,31.5142,34.6736,3.1594
300M,chip_284_263_merged.tif,0.6,2,1030978929,117,31.5175,35.1392,3.6217
300M,chip_284_263_merged.tif,0.6,3,650372298,117,33.2681,35.0478,1.7796
300M,chip_284_263_merged.tif,0.6,4,269765667,117,32.0559,35.4646,3.4087
300M,chip_284_263_merged.tif,0.8,0,1408938882,156,33.1423,32.9268,-0.2155
300M,chip_284_263_merged.tif,0.8,1,1028332251,156,32.2483,33.9837,1.7354
300M,chip_284_263_merged.tif,0.8,2,647725620,156,32.116,33.1277,1.0117
300M,chip_284_263_merged.tif,0.8,3,167780102,156,31.0219,34.2047,3.1829
300M,chip_284_263_merged.tif,0.8,4,1934657119,156,31.4504,32.8664,1.416
300M,chip_285_307_merged.tif,0.2,0,1037860721,39,31.1922,35.1405,3.9483
300M,chip_285_307_merged.tif,0.2,1,657254090,39,33.5317,36.7423,3.2106
300M,chip_285_307_merged.tif,0.2,2,177308572,39,33.222,36.3942,3.1721
300M,chip_285_307_merged.tif,0.2,3,1944185589,39,33.463,36.3086,2.8456
300M,chip_285_307_merged.tif,0.2,4,1464240071,39,32.6255,34.6939,2.0683
300M,chip_285_307_merged.tif,0.4,0,877245388,78,32.0808,35.542,3.4612
300M,chip_285_307_merged.tif,0.4,1,397299870,78,31.05,35.8048,4.7549
300M,chip_285_307_merged.tif,0.4,2,16693239,78,31.0285,34.7887,3.7602
300M,chip_285_307_merged.tif,0.4,3,1684231369,78,33.4324,36.5245,3.0921
300M,chip_285_307_merged.tif,0.4,4,1303624738,78,32.455,35.9458,3.4907
300M,chip_285_307_merged.tif,0.6,0,133947181,117,32.6799,34.4816,1.8017
300M,chip_285_307_merged.tif,0.6,1,1801485311,117,31.4565,32.848,1.3914
300M,chip_285_307_merged.tif,0.6,2,1420878680,117,30.3422,34.2922,3.95
300M,chip_285_307_merged.tif,0.6,3,940933162,117,30.4489,33.3021,2.8533
300M,chip_285_307_merged.tif,0.6,4,560326531,117,32.1031,34.7705,2.6674
300M,chip_285_307_merged.tif,0.8,0,1798838633,156,29.4635,31.892,2.4286
300M,chip_285_307_merged.tif,0.8,1,1418232002,156,29.4912,32.0781,2.5869
300M,chip_285_307_merged.tif,0.8,2,938286484,156,29.443,31.486,2.043
300M,chip_285_307_merged.tif,0.8,3,557679853,156,30.4483,33.3257,2.8773
300M,chip_285_307_merged.tif,0.8,4,77734335,156,31.2387,32.0782,0.8395
300M,chip_291_134_merged.tif,0.2,0,1377300785,39,39.2479,36.8795,-2.3684
300M,chip_291_134_merged.tif,0.2,1,897355267,39,33.0001,39.8713,6.8712
300M,chip_291_134_merged.tif,0.2,2,516748636,39,44.18,39.0061,-5.1739
300M,chip_291_134_merged.tif,0.2,3,36803118,39,33.6586,36.7841,3.1255
300M,chip_291_134_merged.tif,0.2,4,1803680135,39,30.1346,39.6145,9.48
300M,chip_291_134_merged.tif,0.4,0,1117346565,78,32.0721,35.26,3.1879
300M,chip_291_134_merged.tif,0.4,1,736739934,78,31.4482,36.0344,4.5862
300M,chip_291_134_merged.tif,0.4,2,356133303,78,33.7496,35.9796,2.2301
300M,chip_291_134_merged.tif,0.4,3,2023671433,78,37.3228,34.9798,-2.3429
300M,chip_291_134_merged.tif,0.4,4,1643064802,78,31.4494,39.3981,7.9487
300M,chip_291_134_merged.tif,0.6,0,473387245,117,30.5192,35.5272,5.008
300M,chip_291_134_merged.tif,0.6,1,2140925375,117,30.5492,35.3688,4.8196
300M,chip_291_134_merged.tif,0.6,2,1760318744,117,31.2697,36.8566,5.5869
300M,chip_291_134_merged.tif,0.6,3,1280373226,117,33.6539,35.7467,2.0927
300M,chip_291_134_merged.tif,0.6,4,899766595,117,31.2488,36.2625,5.0137
300M,chip_291_134_merged.tif,0.8,0,2138278697,156,32.3147,33.1075,0.7928
300M,chip_291_134_merged.tif,0.8,1,1658333179,156,31.463,33.7341,2.2711
300M,chip_291_134_merged.tif,0.8,2,1277726548,156,32.1091,32.824,0.7149
300M,chip_291_134_merged.tif,0.8,3,797781030,156,31.242,34.9588,3.7169
300M,chip_291_134_merged.tif,0.8,4,417174399,156,31.1832,35.0987,3.9155
300M,chip_292_552_merged.tif,0.2,0,1752239236,39,32.5768,36.5181,3.9414
300M,chip_292_552_merged.tif,0.2,1,1371632605,39,36.8537,36.0703,-0.7834
300M,chip_292_552_merged.tif,0.2,2,991025974,39,32.5775,36.5947,4.0172
300M,chip_292_552_merged.tif,0.2,3,511080456,39,31.3134,37.1293,5.8159
300M,chip_292_552_merged.tif,0.2,4,130473825,39,37.0842,36.7553,-0.3288
300M,chip_292_552_merged.tif,0.4,0,1591623903,78,33.6539,35.6157,1.9618
300M,chip_292_552_merged.tif,0.4,1,1211017272,78,31.1258,35.0197,3.8939
300M,chip_292_552_merged.tif,0.4,2,731071754,78,30.7893,36.1081,5.3189
300M,chip_292_552_merged.tif,0.4,3,350465123,78,33.3268,34.7786,1.4519
300M,chip_292_552_merged.tif,0.4,4,2018003253,78,33.3264,34.2036,0.8772
300M,chip_292_552_merged.tif,0.6,0,848325696,117,31.1443,34.9133,3.769
300M,chip_292_552_merged.tif,0.6,1,467719065,117,30.4465,33.3579,2.9114
300M,chip_292_552_merged.tif,0.6,2,2135257195,117,32.0513,33.8109,1.7596
300M,chip_292_552_merged.tif,0.6,3,1754650564,117,30.9108,33.9277,3.017
300M,chip_292_552_merged.tif,0.6,4,1274705046,117,31.8114,33.871,2.0596
300M,chip_292_552_merged.tif,0.8,0,365733500,156,31.5335,32.1875,0.654
300M,chip_292_552_merged.tif,0.8,1,2132610517,156,29.6447,32.9934,3.3487
300M,chip_292_552_merged.tif,0.8,2,1652664999,156,31.0044,32.6733,1.6689
300M,chip_292_552_merged.tif,0.8,3,1272058368,156,31.4454,32.9674,1.522
300M,chip_292_552_merged.tif,0.8,4,891451737,156,29.6505,33.1067,3.4563
300M,chip_296_540_merged.tif,0.2,0,1533352423,39,33.6656,34.063,0.3975
300M,chip_296_540_merged.tif,0.2,1,1053406905,39,29.7479,35.6439,5.896
300M,chip_296_540_merged.tif,0.2,2,672800274,39,33.8546,35.8806,2.0259
300M,chip_296_540_merged.tif,0.2,3,192854756,39,27.2342,34.0721,6.8378
300M,chip_296_540_merged.tif,0.2,4,1959731773,39,30.4308,34.0417,3.6109
300M,chip_296_540_merged.tif,0.4,0,1273398203,78,31.6642,34.3106,2.6464
300M,chip_296_540_merged.tif,0.4,1,892791572,78,31.9645,34.6167,2.6523
300M,chip_296_540_merged.tif,0.4,2,412846054,78,32.0915,35.1173,3.0258
300M,chip_296_540_merged.tif,0.4,3,32239423,78,32.1913,33.3395,1.1482
300M,chip_296_540_merged.tif,0.4,4,1799116440,78,30.063,33.3388,3.2758
300M,chip_296_540_merged.tif,0.6,0,530099996,117,30.8306,33.9476,3.1169
300M,chip_296_540_merged.tif,0.6,1,149493365,117,31.4868,32.8926,1.4058
300M,chip_296_540_merged.tif,0.6,2,1916370382,117,31.4481,33.2621,1.814
300M,chip_296_540_merged.tif,0.6,3,1436424864,117,31.4469,33.2813,1.8344
300M,chip_296_540_merged.tif,0.6,4,1055818233,117,30.7887,32.9043,2.1156
300M,chip_296_540_merged.tif,0.8,0,146846687,156,29.1969,31.5358,2.3389
300M,chip_296_540_merged.tif,0.8,1,1814384817,156,29.6101,32.2402,2.6301
300M,chip_296_540_merged.tif,0.8,2,1433778186,156,29.9993,31.5258,1.5265
300M,chip_296_540_merged.tif,0.8,3,953832668,156,30.0203,31.3706,1.3503
300M,chip_296_540_merged.tif,0.8,4,573226037,156,30.7285,31.7561,1.0275
300M,chip_298_351_merged.tif,0.2,0,563361503,39,39.0966,37.6077,-1.4888
300M,chip_298_351_merged.tif,0.2,1,83415985,39,35.7063,37.8335,2.1272
300M,chip_298_351_merged.tif,0.2,2,1850293002,39,35.924,37.4484,1.5244
300M,chip_298_351_merged.tif,0.2,3,1469686371,39,36.63,38.2942,1.6642
300M,chip_298_351_merged.tif,0.2,4,989740853,39,38.5342,38.561,0.0268
300M,chip_298_351_merged.tif,0.4,0,402746170,78,35.3805,37.2527,1.8721
300M,chip_298_351_merged.tif,0.4,1,2070284300,78,36.7295,37.8971,1.1676
300M,chip_298_351_merged.tif,0.4,2,1689677669,78,36.7291,37.3693,0.6402
300M,chip_298_351_merged.tif,0.4,3,1209732151,78,37.0171,37.5835,0.5664
300M,chip_298_351_merged.tif,0.4,4,829125520,78,35.3818,37.5316,2.1498
300M,chip_298_351_merged.tif,0.6,0,1806931611,117,35.4217,37.3277,1.906
300M,chip_298_351_merged.tif,0.6,1,1326986093,117,35.5701,36.9993,1.4292
300M,chip_298_351_merged.tif,0.6,2,946379462,117,36.0727,37.4649,1.3922
300M,chip_298_351_merged.tif,0.6,3,466433944,117,36.0811,37.1989,1.1179
300M,chip_298_351_merged.tif,0.6,4,85827313,117,34.87,37.0014,2.1314
300M,chip_298_351_merged.tif,0.8,0,1324339415,156,35.6683,36.3035,0.6352
300M,chip_298_351_merged.tif,0.8,1,844393897,156,35.6603,36.1863,0.526
300M,chip_298_351_merged.tif,0.8,2,463787266,156,34.908,36.6179,1.7099
300M,chip_298_351_merged.tif,0.8,3,83180635,156,35.6691,36.5763,0.9072
300M,chip_298_351_merged.tif,0.8,4,1750718765,156,35.2946,36.4282,1.1336
300M,chip_299_453_merged.tif,0.2,0,702470676,39,36.7306,38.9851,2.2546
300M,chip_299_453_merged.tif,0.2,1,321864045,39,37.2021,39.413,2.2109
300M,chip_299_453_merged.tif,0.2,2,2088741062,39,37.2024,37.6884,0.4861
300M,chip_299_453_merged.tif,0.2,3,1608795544,39,28.1759,38.2443,10.0683
300M,chip_299_453_merged.tif,0.2,4,1228188913,39,34.8236,38.3178,3.4942
300M,chip_299_453_merged.tif,0.4,0,1884018141,78,36.7529,37.5699,0.817
300M,chip_299_453_merged.tif,0.4,1,1503411510,78,28.5271,33.0071,4.48
300M,chip_299_453_merged.tif,0.4,2,1023465992,78,36.7525,37.9856,1.2331
300M,chip_299_453_merged.tif,0.4,3,642859361,78,34.0827,38.1352,4.0525
300M,chip_299_453_merged.tif,0.4,4,162913843,78,33.6159,37.5229,3.9071
300M,chip_299_453_merged.tif,0.6,0,1946040784,117,29.3244,35.4772,6.1528
300M,chip_299_453_merged.tif,0.6,1,1565434153,117,34.7851,35.0463,0.2612
300M,chip_299_453_merged.tif,0.6,2,1085488635,117,28.8128,35.3983,6.5854
300M,chip_299_453_merged.tif,0.6,3,704882004,117,35.5496,35.1154,-0.4342
300M,chip_299_453_merged.tif,0.6,4,324275373,117,29.3231,35.07,5.7469
300M,chip_299_453_merged.tif,0.8,0,1463448588,156,32.4934,33.3699,0.8765
300M,chip_299_453_merged.tif,0.8,1,1082841957,156,32.9156,32.6605,-0.2551
300M,chip_299_453_merged.tif,0.8,2,702235326,156,32.4966,33.274,0.7774
300M,chip_299_453_merged.tif,0.8,3,222289808,156,30.1578,33.2236,3.0658
300M,chip_299_453_merged.tif,0.8,4,1989166825,156,30.1635,32.6078,2.4443
300M,chip_302_301_merged.tif,0.2,0,796180473,39,33.5589,37.4361,3.8773
300M,chip_302_301_merged.tif,0.2,1,415573842,39,35.2731,36.732,1.4589
300M,chip_302_301_merged.tif,0.2,2,34967211,39,33.241,37.3881,4.1471
300M,chip_302_301_merged.tif,0.2,3,1702505341,39,35.6316,37.8039,2.1723
300M,chip_302_301_merged.tif,0.2,4,1321898710,39,35.0236,37.6368,2.6131
300M,chip_302_301_merged.tif,0.4,0,1977727938,78,32.5202,37.5646,5.0443
300M,chip_302_301_merged.tif,0.4,1,1497782420,78,32.5625,36.9736,4.4111
300M,chip_302_301_merged.tif,0.4,2,1117175789,78,33.0405,35.8497,2.8092
300M,chip_302_301_merged.tif,0.4,3,736569158,78,32.8281,35.4434,2.6153
300M,chip_302_301_merged.tif,0.4,4,256623640,78,32.7638,37.093,4.3291
300M,chip_302_301_merged.tif,0.6,0,2039750581,117,32.2938,36.4861,4.1924
300M,chip_302_301_merged.tif,0.6,1,1659143950,117,31.9119,34.662,2.7502
300M,chip_302_301_merged.tif,0.6,2,1179198432,117,32.2866,35.1248,2.8382
300M,chip_302_301_merged.tif,0.6,3,798591801,117,31.7309,35.0977,3.3668
300M,chip_302_301_merged.tif,0.6,4,417985170,117,32.6433,35.5011,2.8577
300M,chip_302_301_merged.tif,0.8,0,1557158385,156,32.357,32.9911,0.634
300M,chip_302_301_merged.tif,0.8,1,1176551754,156,31.5231,33.9831,2.4601
300M,chip_302_301_merged.tif,0.8,2,795945123,156,31.5182,33.0599,1.5416
300M,chip_302_301_merged.tif,0.8,3,315999605,156,32.8098,33.3172,0.5074
300M,chip_302_301_merged.tif,0.8,4,2082876622,156,32.135,34.647,2.5119
300M,chip_308_293_merged.tif,0.2,0,15365350,39,34.2843,36.6426,2.3582
300M,chip_308_293_merged.tif,0.2,1,1682903480,39,33.1689,37.0868,3.9179
300M,chip_308_293_merged.tif,0.2,2,1302296849,39,32.978,36.8468,3.8687
300M,chip_308_293_merged.tif,0.2,3,822351331,39,32.9774,37.5825,4.6051
300M,chip_308_293_merged.tif,0.2,4,441744700,39,35.5656,37.8108,2.2452
300M,chip_308_293_merged.tif,0.4,0,1902894778,78,33.8811,36.968,3.0869
300M,chip_308_293_merged.tif,0.4,1,1522288147,78,33.1248,36.0937,2.969
300M,chip_308_293_merged.tif,0.4,2,1141681516,78,32.5931,36.723,4.1299
300M,chip_308_293_merged.tif,0.4,3,661735998,78,32.5927,36.3191,3.7263
300M,chip_308_293_merged.tif,0.4,4,281129367,78,34.3118,36.1769,1.8651
300M,chip_308_293_merged.tif,0.6,0,1159596571,117,31.7373,35.9354,4.1981
300M,chip_308_293_merged.tif,0.6,1,778989940,117,33.066,35.3197,2.2537
300M,chip_308_293_merged.tif,0.6,2,398383309,117,32.7044,35.9516,3.2472
300M,chip_308_293_merged.tif,0.6,3,2065921439,117,32.5794,34.6597,2.0803
300M,chip_308_293_merged.tif,0.6,4,1685314808,117,33.0201,35.4643,2.4442
300M,chip_308_293_merged.tif,0.8,0,776343262,156,32.1941,34.1281,1.934
300M,chip_308_293_merged.tif,0.8,1,296397744,156,33.1145,34.2814,1.1669
300M,chip_308_293_merged.tif,0.8,2,2063274761,156,31.4964,33.9783,2.4819
300M,chip_308_293_merged.tif,0.8,3,1583329243,156,32.1439,33.8235,1.6796
300M,chip_308_293_merged.tif,0.8,4,1202722612,156,32.1267,33.2747,1.148
300M,chip_308_517_merged.tif,0.2,0,934563515,39,31.1549,35.1458,3.9909
300M,chip_308_517_merged.tif,0.2,1,553956884,39,32.3342,35.5281,3.1939
300M,chip_308_517_merged.tif,0.2,2,173350253,39,29.4958,36.2879,6.792
300M,chip_308_517_merged.tif,0.2,3,1840888383,39,31.6285,34.5384,2.9099
300M,chip_308_517_merged.tif,0.2,4,1460281752,39,29.7746,34.2851,4.5106
300M,chip_308_517_merged.tif,0.4,0,2116110980,78,30.3826,33.6304,3.2479
300M,chip_308_517_merged.tif,0.4,1,1735504349,78,30.4927,34.0185,3.5257
300M,chip_308_517_merged.tif,0.4,2,1255558831,78,30.494,32.9928,2.4988
300M,chip_308_517_merged.tif,0.4,3,874952200,78,30.9772,34.3292,3.3519
300M,chip_308_517_merged.tif,0.4,4,395006682,78,32.04,32.552,0.512
300M,chip_308_517_merged.tif,0.6,0,30649975,117,29.561,33.1292,3.5682
300M,chip_308_517_merged.tif,0.6,1,1797526992,117,30.3875,33.3706,2.9831
300M,chip_308_517_merged.tif,0.6,2,1317581474,117,27.9898,33.3322,5.3424
300M,chip_308_517_merged.tif,0.6,3,936974843,117,29.7725,33.2976,3.5252
300M,chip_308_517_merged.tif,0.6,4,556368212,117,28.8567,33.1476,4.2909
300M,chip_308_517_merged.tif,0.8,0,1695541427,156,29.9009,30.3747,0.4738
300M,chip_308_517_merged.tif,0.8,1,1314934796,156,28.2115,32.9348,4.7233
300M,chip_308_517_merged.tif,0.8,2,934328165,156,29.9384,31.4554,1.517
300M,chip_308_517_merged.tif,0.8,3,454382647,156,29.9226,31.0513,1.1288
300M,chip_308_517_merged.tif,0.8,4,73776016,156,30.0066,30.5053,0.4987
300M,chip_310_469_merged.tif,0.2,0,1633100513,39,37.9983,38.1885,0.1901
300M,chip_310_469_merged.tif,0.2,1,1252493882,39,35.8024,38.798,2.9956
300M,chip_310_469_merged.tif,0.2,2,772548364,39,35.6205,38.9225,3.3021
300M,chip_310_469_merged.tif,0.2,3,391941733,39,35.4553,39.2597,3.8044
300M,chip_310_469_merged.tif,0.2,4,11335102,39,35.7365,38.2112,2.4747
300M,chip_310_469_merged.tif,0.4,0,667164330,78,33.2786,37.9719,4.6932
300M,chip_310_469_merged.tif,0.4,1,187218812,78,33.8966,37.9183,4.0217
300M,chip_310_469_merged.tif,0.4,2,1954095829,78,34.514,37.0729,2.5588
300M,chip_310_469_merged.tif,0.4,3,1474150311,78,34.9762,38.2359,3.2597
300M,chip_310_469_merged.tif,0.4,4,1093543680,78,34.6913,38.2546,3.5633
300M,chip_310_469_merged.tif,0.6,0,729186973,117,33.5479,37.55,4.0022
300M,chip_310_469_merged.tif,0.6,1,348580342,117,34.0276,36.8026,2.775
300M,chip_310_469_merged.tif,0.6,2,2016118472,117,33.6169,37.007,3.3902
300M,chip_310_469_merged.tif,0.6,3,1635511841,117,33.5546,37.7037,4.1491
300M,chip_310_469_merged.tif,0.6,4,1155566323,117,34.0625,37.108,3.0455
300M,chip_310_469_merged.tif,0.8,0,246594777,156,33.5377,36.5476,3.0099
300M,chip_310_469_merged.tif,0.8,1,2013471794,156,34.6084,35.7342,1.1259
300M,chip_310_469_merged.tif,0.8,2,1533526276,156,32.7497,36.0788,3.3291
300M,chip_310_469_merged.tif,0.8,3,1152919645,156,34.6192,36.2463,1.6271
300M,chip_310_469_merged.tif,0.8,4,772313014,156,33.994,35.6604,1.6664
300M,chip_311_380_merged.tif,0.2,0,2141507666,39,32.6627,36.066,3.4033
300M,chip_311_380_merged.tif,0.2,1,1760901035,39,34.2777,34.9194,0.6418
300M,chip_311_380_merged.tif,0.2,2,1380294404,39,35.0985,35.2653,0.1667
300M,chip_311_380_merged.tif,0.2,3,900348886,39,32.6623,35.8427,3.1804
300M,chip_311_380_merged.tif,0.2,4,519742255,39,31.613,35.4045,3.7915
300M,chip_311_380_merged.tif,0.4,0,1175571483,78,28.7403,35.0829,6.3426
300M,chip_311_380_merged.tif,0.4,1,794964852,78,25.6467,32.8025,7.1558
300M,chip_311_380_merged.tif,0.4,2,315019334,78,30.4135,34.6638,4.2503
300M,chip_311_380_merged.tif,0.4,3,2081896351,78,29.528,34.8572,5.3292
300M,chip_311_380_merged.tif,0.4,4,1601950833,78,30.4125,34.8953,4.4828
300M,chip_311_380_merged.tif,0.6,0,1237594126,117,27.0248,33.7528,6.728
300M,chip_311_380_merged.tif,0.6,1,856987495,117,28.88,32.6548,3.7749
300M,chip_311_380_merged.tif,0.6,2,377041977,117,24.3949,33.2386,8.8437
300M,chip_311_380_merged.tif,0.6,3,2143918994,117,27.6139,33.1699,5.556
300M,chip_311_380_merged.tif,0.6,4,1763312363,117,28.9348,33.8,4.8652
300M,chip_311_380_merged.tif,0.8,0,755001930,156,24.7345,26.2194,1.4849
300M,chip_311_380_merged.tif,0.8,1,374395299,156,24.563,30.1785,5.6155
300M,chip_311_380_merged.tif,0.8,2,2141272316,156,28.2513,30.9988,2.7475
300M,chip_311_380_merged.tif,0.8,3,1661326798,156,24.7035,32.3705,7.667
300M,chip_311_380_merged.tif,0.8,4,1280720167,156,24.6507,30.5663,5.9155
300M,chip_311_469_merged.tif,0.2,0,2014310451,39,40.9629,40.6568,-0.3061
300M,chip_311_469_merged.tif,0.2,1,1534364933,39,39.6257,41.3987,1.7731
300M,chip_311_469_merged.tif,0.2,2,1153758302,39,35.2469,42.4627,7.2158
300M,chip_311_469_merged.tif,0.2,3,673812784,39,39.3199,42.8667,3.5468
300M,chip_311_469_merged.tif,0.2,4,293206153,39,40.6541,41.8915,1.2375
300M,chip_311_469_merged.tif,0.4,0,1754356231,78,36.8562,41.2851,4.4289
300M,chip_311_469_merged.tif,0.4,1,1373749600,78,37.5137,41.4198,3.9061
300M,chip_311_469_merged.tif,0.4,2,993142969,78,36.3996,40.8363,4.4368
300M,chip_311_469_merged.tif,0.4,3,513197451,78,39.6594,41.1604,1.501
300M,chip_311_469_merged.tif,0.4,4,132590820,78,37.0939,40.7833,3.6895
300M,chip_311_469_merged.tif,0.6,0,1110396911,117,38.2205,41.1784,2.9578
300M,chip_311_469_merged.tif,0.6,1,630451393,117,37.9226,40.492,2.5693
300M,chip_311_469_merged.tif,0.6,2,249844762,117,37.4464,41.1093,3.6629
300M,chip_311_469_merged.tif,0.6,3,1917382892,117,40.4888,39.7438,-0.745
300M,chip_311_469_merged.tif,0.6,4,1536776261,117,39.211,40.152,0.941
300M,chip_311_469_merged.tif,0.8,0,627804715,156,38.2302,38.9478,0.7176
300M,chip_311_469_merged.tif,0.8,1,147859197,156,37.9746,39.2225,1.2479
300M,chip_311_469_merged.tif,0.8,2,1914736214,156,37.396,39.6896,2.2935
300M,chip_311_469_merged.tif,0.8,3,1434790696,156,38.2598,39.8303,1.5706
300M,chip_311_469_merged.tif,0.8,4,1054184065,156,37.9977,39.6958,1.698
300M,chip_312_433_merged.tif,0.2,0,1019984418,39,35.6854,33.0926,-2.5929
300M,chip_312_433_merged.tif,0.2,1,639377787,39,33.0156,35.1213,2.1057
300M,chip_312_433_merged.tif,0.2,2,159432269,39,32.9199,35.8338,2.914
300M,chip_312_433_merged.tif,0.2,3,1926309286,39,31.7748,34.6383,2.8635
300M,chip_312_433_merged.tif,0.2,4,1545702655,39,33.055,36.1032,3.0482
300M,chip_312_433_merged.tif,0.4,0,859369085,78,34.1042,34.6768,0.5726
300M,chip_312_433_merged.tif,0.4,1,478762454,78,32.1468,34.2827,2.1359
300M,chip_312_433_merged.tif,0.4,2,2146300584,78,32.1463,33.6075,1.4612
300M,chip_312_433_merged.tif,0.4,3,1765693953,78,31.5589,35.4264,3.8675
300M,chip_312_433_merged.tif,0.4,4,1285748435,78,34.1043,33.3837,-0.7206
300M,chip_312_433_merged.tif,0.6,0,116070878,117,32.2978,34.0567,1.7588
300M,chip_312_433_merged.tif,0.6,1,1882947895,117,33.2045,33.5539,0.3494
300M,chip_312_433_merged.tif,0.6,2,1403002377,117,33.2246,33.6046,0.38
300M,chip_312_433_merged.tif,0.6,3,1022395746,117,32.299,33.883,1.5841
300M,chip_312_433_merged.tif,0.6,4,542450228,117,32.4002,33.532,1.1318
300M,chip_312_433_merged.tif,0.8,0,1780962330,156,31.3161,32.3936,1.0776
300M,chip_312_433_merged.tif,0.8,1,1400355699,156,32.1357,32.3575,0.2218
300M,chip_312_433_merged.tif,0.8,2,920410181,156,31.0367,32.2916,1.2549
300M,chip_312_433_merged.tif,0.8,3,539803550,156,31.3139,33.3339,2.02
300M,chip_312_433_merged.tif,0.8,4,159196919,156,31.3088,33.621,2.3123
300M,chip_313_236_merged.tif,0.2,0,647463835,39,33.0284,34.9792,1.9509
300M,chip_313_236_merged.tif,0.2,1,266857204,39,31.2649,35.1105,3.8456
300M,chip_313_236_merged.tif,0.2,2,1934395334,39,32.4409,35.019,2.5781
300M,chip_313_236_merged.tif,0.2,3,1553788703,39,31.855,33.0895,1.2345
300M,chip_313_236_merged.tif,0.2,4,1173182072,39,32.3714,33.992,1.6206
300M,chip_313_236_merged.tif,0.4,0,1829011300,78,32.1315,34.2294,2.0979
300M,chip_313_236_merged.tif,0.4,1,1349065782,78,32.1694,34.2193,2.0499
300M,chip_313_236_merged.tif,0.4,2,968459151,78,32.4796,34.2532,1.7736
300M,chip_313_236_merged.tif,0.4,3,587852520,78,30.9169,34.3716,3.4547
300M,chip_313_236_merged.tif,0.4,4,107907002,78,33.1461,33.2467,0.1006
300M,chip_313_236_merged.tif,0.6,0,1891033943,117,31.4427,34.2055,2.7628
300M,chip_313_236_merged.tif,0.6,1,1510427312,117,30.9486,32.7748,1.8262
300M,chip_313_236_merged.tif,0.6,2,1030481794,117,31.7548,33.418,1.6633
300M,chip_313_236_merged.tif,0.6,3,649875163,117,31.2031,33.2011,1.998
300M,chip_313_236_merged.tif,0.6,4,169929645,117,30.9786,33.6054,2.6269
300M,chip_313_236_merged.tif,0.8,0,1408441747,156,32.0464,32.3428,0.2964
300M,chip_313_236_merged.tif,0.8,1,1027835116,156,32.0102,32.0715,0.0613
300M,chip_313_236_merged.tif,0.8,2,547889598,156,32.2058,32.6679,0.4621
300M,chip_313_236_merged.tif,0.8,3,167282967,156,31.2502,32.2028,0.9525
300M,chip_313_236_merged.tif,0.8,4,1934159984,156,31.059,32.4973,1.4383
300M,chip_314_342_merged.tif,0.2,0,1839884154,39,35.4927,37.7749,2.2822
300M,chip_314_342_merged.tif,0.2,1,1459277523,39,37.9347,38.0578,0.1231
300M,chip_314_342_merged.tif,0.2,2,979332005,39,35.9858,38.0204,2.0347
300M,chip_314_342_merged.tif,0.2,3,598725374,39,35.9861,37.9557,1.9696
300M,chip_314_342_merged.tif,0.2,4,218118743,39,35.4109,37.3521,1.9412
300M,chip_314_342_merged.tif,0.4,0,873947971,78,35.4408,36.7465,1.3057
300M,chip_314_342_merged.tif,0.4,1,394002453,78,34.4656,37.3215,2.8559
300M,chip_314_342_merged.tif,0.4,2,13395822,78,36.1162,36.6003,0.4841
300M,chip_314_342_merged.tif,0.4,3,1680933952,78,36.07,37.1527,1.0828
300M,chip_314_342_merged.tif,0.4,4,1300327321,78,32.3047,37.3201,5.0154
300M,chip_314_342_merged.tif,0.6,0,935970614,117,34.6931,36.9674,2.2744
300M,chip_314_342_merged.tif,0.6,1,555363983,117,32.4339,36.3509,3.917
300M,chip_314_342_merged.tif,0.6,2,75418465,117,32.6505,36.5829,3.9324
300M,chip_314_342_merged.tif,0.6,3,1842295482,117,32.1996,36.8494,4.6498
300M,chip_314_342_merged.tif,0.6,4,1362349964,117,32.1794,36.8106,4.6312
300M,chip_314_342_merged.tif,0.8,0,453378418,156,31.3557,32.7663,1.4106
300M,chip_314_342_merged.tif,0.8,1,72771787,156,32.4062,35.6816,3.2754
300M,chip_314_342_merged.tif,0.8,2,1740309917,156,32.3218,34.2425,1.9207
300M,chip_314_342_merged.tif,0.8,3,1359703286,156,29.6308,35.7589,6.128
300M,chip_314_342_merged.tif,0.8,4,979096655,156,29.7555,35.7558,6.0004
300M,chip_314_519_merged.tif,0.2,0,1692415364,39,37.4031,35.1468,-2.2563
300M,chip_314_519_merged.tif,0.2,1,1311808733,39,38.6087,36.7563,-1.8523
300M,chip_314_519_merged.tif,0.2,2,831863215,39,38.8837,36.7491,-2.1345
300M,chip_314_519_merged.tif,0.2,3,451256584,39,30.4851,35.6559,5.1709
300M,chip_314_519_merged.tif,0.2,4,70649953,39,40.2147,39.3936,-0.8211
300M,chip_314_519_merged.tif,0.4,0,1531800031,78,38.1571,38.3657,0.2086
300M,chip_314_519_merged.tif,0.4,1,1151193400,78,39.0347,34.3634,-4.6713
300M,chip_314_519_merged.tif,0.4,2,671247882,78,40.1191,38.2242,-1.8948
300M,chip_314_519_merged.tif,0.4,3,290641251,78,33.2251,37.1384,3.9133
300M,chip_314_519_merged.tif,0.4,4,1958179381,78,40.1194,36.5598,-3.5596
300M,chip_314_519_merged.tif,0.6,0,788501824,117,31.8192,36.6075,4.7883
300M,chip_314_519_merged.tif,0.6,1,407895193,117,37.4043,35.9829,-1.4214
300M,chip_314_519_merged.tif,0.6,2,2075433323,117,33.9662,37.6414,3.6752
300M,chip_314_519_merged.tif,0.6,3,1694826692,117,37.4103,36.5428,-0.8675
300M,chip_314_519_merged.tif,0.6,4,1214881174,117,33.9703,36.0743,2.1039
300M,chip_314_519_merged.tif,0.8,0,305909628,156,34.2544,35.6573,1.4029
300M,chip_314_519_merged.tif,0.8,1,2072786645,156,33.1986,36.292,3.0934
300M,chip_314_519_merged.tif,0.8,2,1592841127,156,32.7197,34.1323,1.4126
300M,chip_314_519_merged.tif,0.8,3,1212234496,156,33.1983,35.8423,2.6439
300M,chip_314_519_merged.tif,0.8,4,831627865,156,32.6743,35.8433,3.169
300M,chip_315_516_merged.tif,0.2,0,1980256531,39,36.0294,37.1677,1.1382
300M,chip_315_516_merged.tif,0.2,1,1500311013,39,34.9554,38.0115,3.0561
300M,chip_315_516_merged.tif,0.2,2,1119704382,39,34.516,35.9113,1.3953
300M,chip_315_516_merged.tif,0.2,3,639758864,39,35.6088,37.7433,2.1346
300M,chip_315_516_merged.tif,0.2,4,259152233,39,34.5145,38.5226,4.0081
300M,chip_315_516_merged.tif,0.4,0,1720302311,78,34.6165,37.4837,2.8672
300M,chip_315_516_merged.tif,0.4,1,1339695680,78,33.9663,37.601,3.6347
300M,chip_315_516_merged.tif,0.4,2,959089049,78,34.2501,36.5575,2.3074
300M,chip_315_516_merged.tif,0.4,3,479143531,78,33.5042,37.7275,4.2233
300M,chip_315_516_merged.tif,0.4,4,98536900,78,34.2485,36.3865,2.138
300M,chip_315_516_merged.tif,0.6,0,1829942967,117,32.3889,35.8692,3.4803
300M,chip_315_516_merged.tif,0.6,1,1449336336,117,32.3789,35.8503,3.4714
300M,chip_315_516_merged.tif,0.6,2,969390818,117,33.753,36.067,2.314
300M,chip_315_516_merged.tif,0.6,3,588784187,117,33.7646,36.1103,2.3457
300M,chip_315_516_merged.tif,0.6,4,208177556,117,33.1516,36.7741,3.6225
300M,chip_315_516_merged.tif,0.8,0,593750795,156,32.8003,34.9785,2.1781
300M,chip_315_516_merged.tif,0.8,1,113805277,156,33.7528,34.4766,0.7238
300M,chip_315_516_merged.tif,0.8,2,1880682294,156,33.2759,35.4337,2.1577
300M,chip_315_516_merged.tif,0.8,3,1400736776,156,33.524,35.2974,1.7734
300M,chip_315_516_merged.tif,0.8,4,1020130145,156,33.1459,33.6878,0.5419
300M,chip_316_543_merged.tif,0.2,0,632016424,39,34.8238,35.4367,0.6129
300M,chip_316_543_merged.tif,0.2,1,251409793,39,34.0789,35.6261,1.5471
300M,chip_316_543_merged.tif,0.2,2,1918947923,39,35.7045,36.4127,0.7082
300M,chip_316_543_merged.tif,0.2,3,1538341292,39,34.5351,37.2878,2.7527
300M,chip_316_543_merged.tif,0.2,4,1157734661,39,34.4864,37.0368,2.5505
300M,chip_316_543_merged.tif,0.4,0,471401091,78,33.5924,36.099,2.5065
300M,chip_316_543_merged.tif,0.4,1,90794460,78,33.4889,34.7044,1.2154
300M,chip_316_543_merged.tif,0.4,2,1758332590,78,33.4881,35.917,2.4288
300M,chip_316_543_merged.tif,0.4,3,1377725959,78,33.5765,35.2942,1.7177
300M,chip_316_543_merged.tif,0.4,4,897780441,78,33.2991,35.694,2.3949
300M,chip_316_543_merged.tif,0.6,0,1875586532,117,33.6788,35.3036,1.6248
300M,chip_316_543_merged.tif,0.6,1,1494979901,117,33.6136,35.8536,2.2401
300M,chip_316_543_merged.tif,0.6,2,1015034383,117,33.961,35.6541,1.6931
300M,chip_316_543_merged.tif,0.6,3,634427752,117,33.6865,35.5458,1.8593
300M,chip_316_543_merged.tif,0.6,4,154482234,117,33.6026,35.3454,1.7428
300M,chip_316_543_merged.tif,0.8,0,1392994336,156,33.0963,33.884,0.7876
300M,chip_316_543_merged.tif,0.8,1,1012387705,156,33.4031,34.2196,0.8165
300M,chip_316_543_merged.tif,0.8,2,532442187,156,33.4103,34.5902,1.1799
300M,chip_316_543_merged.tif,0.8,3,151835556,156,33.3463,34.0999,0.7535
300M,chip_316_543_merged.tif,0.8,4,1918712573,156,33.0871,33.6055,0.5184
300M,chip_317_528_merged.tif,0.2,0,932207727,39,33.306,35.8928,2.5868
300M,chip_317_528_merged.tif,0.2,1,452262209,39,32.9698,37.0011,4.0313
300M,chip_317_528_merged.tif,0.2,2,71655578,39,34.1329,37.2143,3.0815
300M,chip_317_528_merged.tif,0.2,3,1739193708,39,32.477,37.5839,5.1069
300M,chip_317_528_merged.tif,0.2,4,1358587077,39,35.1021,37.8124,2.7103
300M,chip_317_528_merged.tif,0.4,0,672253507,78,33.023,35.7881,2.7652
300M,chip_317_528_merged.tif,0.4,1,291646876,78,32.8161,35.5197,2.7036
300M,chip_317_528_merged.tif,0.4,2,2058523893,78,33.6843,35.5794,1.8951
300M,chip_317_528_merged.tif,0.4,3,1578578375,78,34.9001,34.5841,-0.316
300M,chip_317_528_merged.tif,0.4,4,1197971744,78,32.3507,35.398,3.0473
300M,chip_317_528_merged.tif,0.6,0,2076438948,117,33.2614,35.3197,2.0583
300M,chip_317_528_merged.tif,0.6,1,1695832317,117,32.9493,34.5596,1.6103
300M,chip_317_528_merged.tif,0.6,2,1315225686,117,32.8838,35.078,2.1942
300M,chip_317_528_merged.tif,0.6,3,835280168,117,32.7045,34.6837,1.9792
300M,chip_317_528_merged.tif,0.6,4,454673537,117,33.8534,34.8874,1.034
300M,chip_317_528_merged.tif,0.8,0,1693185639,156,32.4742,33.4982,1.024
300M,chip_317_528_merged.tif,0.8,1,1213240121,156,32.3875,34.1957,1.8081
300M,chip_317_528_merged.tif,0.8,2,832633490,156,33.0938,34.1116,1.0178
300M,chip_317_528_merged.tif,0.8,3,352687972,156,33.1023,33.683,0.5807
300M,chip_317_528_merged.tif,0.8,4,2119564989,156,32.3587,34.4262,2.0676
300M,chip_317_529_merged.tif,0.2,0,135927247,39,35.0764,35.9895,0.9131
300M,chip_317_529_merged.tif,0.2,1,1902804264,39,35.4999,36.2288,0.729
300M,chip_317_529_merged.tif,0.2,2,1422858746,39,35.5009,36.2089,0.7079
300M,chip_317_529_merged.tif,0.2,3,1042252115,39,35.5014,34.3869,-1.1146
300M,chip_317_529_merged.tif,0.2,4,562306597,39,33.7988,34.3532,0.5544
300M,chip_317_529_merged.tif,0.4,0,1218135825,78,32.1407,35.3561,3.2154
300M,chip_317_529_merged.tif,0.4,1,837529194,78,32.2941,35.3889,3.0948
300M,chip_317_529_merged.tif,0.4,2,456922563,78,33.7305,35.3724,1.6419
300M,chip_317_529_merged.tif,0.4,3,2124460693,78,34.5855,35.2075,0.622
300M,chip_317_529_merged.tif,0.4,4,1743854062,78,32.1815,34.536,2.3544
300M,chip_317_529_merged.tif,0.6,0,1379497355,117,32.7796,34.6002,1.8206
300M,chip_317_529_merged.tif,0.6,1,899551837,117,32.5706,35.3096,2.739
300M,chip_317_529_merged.tif,0.6,2,518945206,117,32.2839,34.8892,2.6053
300M,chip_317_529_merged.tif,0.6,3,138338575,117,32.696,34.4325,1.7366
300M,chip_317_529_merged.tif,0.6,4,1805876705,117,32.3372,34.8885,2.5513
300M,chip_317_529_merged.tif,0.8,0,896905159,156,32.1668,33.0425,0.8756
300M,chip_317_529_merged.tif,0.8,1,516298528,156,32.8392,34.257,1.4178
300M,chip_317_529_merged.tif,0.8,2,36353010,156,33.0772,33.9985,0.9213
300M,chip_317_529_merged.tif,0.8,3,1803230027,156,32.8555,33.0476,0.1921
300M,chip_317_529_merged.tif,0.8,4,1323284509,156,32.6965,32.7864,0.09
300M,chip_317_545_merged.tif,0.2,0,750118637,39,30.9193,34.1357,3.2164
300M,chip_317_545_merged.tif,0.2,1,369512006,39,32.5152,37.0311,4.516
300M,chip_317_545_merged.tif,0.2,2,2136389023,39,32.9789,37.2631,4.2841
300M,chip_317_545_merged.tif,0.2,3,1656443505,39,29.3296,36.7596,7.43
300M,chip_317_545_merged.tif,0.2,4,1275836874,39,35.3714,34.6266,-0.7447
300M,chip_317_545_merged.tif,0.4,0,1931666102,78,31.0999,34.6794,3.5795
300M,chip_317_545_merged.tif,0.4,1,1451720584,78,32.1558,34.2943,2.1385
300M,chip_317_545_merged.tif,0.4,2,1071113953,78,31.2792,34.8179,3.5387
300M,chip_317_545_merged.tif,0.4,3,690507322,78,31.1688,34.7084,3.5396
300M,chip_317_545_merged.tif,0.4,4,210561804,78,32.1559,34.4208,2.2648
300M,chip_317_545_merged.tif,0.6,0,1993688745,117,30.5456,34.4345,3.889
300M,chip_317_545_merged.tif,0.6,1,1613082114,117,30.724,33.3764,2.6524
300M,chip_317_545_merged.tif,0.6,2,1133136596,117,31.0197,32.6632,1.6435
300M,chip_317_545_merged.tif,0.6,3,752529965,117,30.7042,33.2655,2.5613
300M,chip_317_545_merged.tif,0.6,4,272584447,117,31.0351,33.8254,2.7903
300M,chip_317_545_merged.tif,0.8,0,1511096549,156,30.4272,32.3775,1.9503
300M,chip_317_545_merged.tif,0.8,1,1130489918,156,30.4011,32.2649,1.8638
300M,chip_317_545_merged.tif,0.8,2,650544400,156,29.8506,32.0869,2.2363
300M,chip_317_545_merged.tif,0.8,3,269937769,156,30.1786,31.8148,1.6362
300M,chip_317_545_merged.tif,0.8,4,2036814786,156,29.6296,32.1906,2.561
300M,chip_318_344_merged.tif,0.2,0,1022596928,39,37.4329,41.3559,3.923
300M,chip_318_344_merged.tif,0.2,1,542651410,39,39.1038,41.0703,1.9665
300M,chip_318_344_merged.tif,0.2,2,162044779,39,38.8143,42.4036,3.5893
300M,chip_318_344_merged.tif,0.2,3,1829582909,39,40.9841,41.1423,0.1582
300M,chip_318_344_merged.tif,0.2,4,1448976278,39,41.1962,41.7714,0.5752
300M,chip_318_344_merged.tif,0.4,0,762642708,78,40.2308,41.4436,1.2128
300M,chip_318_344_merged.tif,0.4,1,382036077,78,38.6946,41.4548,2.7602
300M,chip_318_344_merged.tif,0.4,2,1429446,78,39.5341,40.9062,1.3722
300M,chip_318_344_merged.tif,0.4,3,1668967576,78,39.9121,40.5099,0.5978
300M,chip_318_344_merged.tif,0.4,4,1288360945,78,40.231,41.6735,1.4425
300M,chip_318_344_merged.tif,0.6,0,19344501,117,37.9619,40.8171,2.8552
300M,chip_318_344_merged.tif,0.6,1,1786221518,117,39.2489,39.8153,0.5664
300M,chip_318_344_merged.tif,0.6,2,1405614887,117,39.1133,39.9497,0.8364
300M,chip_318_344_merged.tif,0.6,3,925669369,117,38.8263,40.4739,1.6476
300M,chip_318_344_merged.tif,0.6,4,545062738,117,39.2513,40.6475,1.3962
300M,chip_318_344_merged.tif,0.8,0,1783574840,156,38.1798,39.9705,1.7907
300M,chip_318_344_merged.tif,0.8,1,1303629322,156,38.1063,40.3007,2.1944
300M,chip_318_344_merged.tif,0.8,2,923022691,156,38.605,38.6825,0.0775
300M,chip_318_344_merged.tif,0.8,3,443077173,156,38.2231,39.3052,1.0821
300M,chip_318_344_merged.tif,0.8,4,62470542,156,38.6228,40.2454,1.6227
300M,chip_318_539_merged.tif,0.2,0,678475660,39,33.6425,37.527,3.8844
300M,chip_318_539_merged.tif,0.2,1,297869029,39,34.4815,34.2676,-0.2139
300M,chip_318_539_merged.tif,0.2,2,1965407159,39,34.6745,38.3908,3.7163
300M,chip_318_539_merged.tif,0.2,3,1584800528,39,36.3208,37.4131,1.0923
300M,chip_318_539_merged.tif,0.2,4,1104855010,39,34.1462,37.1444,2.9983
300M,chip_318_539_merged.tif,0.4,0,517860327,78,32.7632,36.8702,4.107
300M,chip_318_539_merged.tif,0.4,1,37914809,78,32.7625,35.8832,3.1207
300M,chip_318_539_merged.tif,0.4,2,1804791826,78,32.8571,37.0173,4.1601
300M,chip_318_539_merged.tif,0.4,3,1324846308,78,32.8564,36.6847,3.8283
300M,chip_318_539_merged.tif,0.4,4,944239677,78,32.238,36.4294,4.1914
300M,chip_318_539_merged.tif,0.6,0,1922045768,117,32.0054,35.3968,3.3914
300M,chip_318_539_merged.tif,0.6,1,1442100250,117,33.2339,34.1287,0.8949
300M,chip_318_539_merged.tif,0.6,2,1061493619,117,32.2614,35.4923,3.2309
300M,chip_318_539_merged.tif,0.6,3,680886988,117,32.7637,34.847,2.0833
300M,chip_318_539_merged.tif,0.6,4,200941470,117,32.4056,35.3861,2.9806
300M,chip_318_539_merged.tif,0.8,0,1439453572,156,33.1905,34.2008,1.0102
300M,chip_318_539_merged.tif,0.8,1,1058846941,156,32.6429,34.4722,1.8293
300M,chip_318_539_merged.tif,0.8,2,578901423,156,32.7357,34.2006,1.4649
300M,chip_318_539_merged.tif,0.8,3,198294792,156,32.8447,33.6307,0.786
300M,chip_318_539_merged.tif,0.8,4,1865832922,156,32.5511,33.9268,1.3757
300M,chip_319_529_merged.tif,0.2,0,1470946260,39,34.1399,35.0532,0.9133
300M,chip_319_529_merged.tif,0.2,1,1090339629,39,33.3046,35.0469,1.7423
300M,chip_319_529_merged.tif,0.2,2,610394111,39,34.8709,35.0615,0.1906
300M,chip_319_529_merged.tif,0.2,3,229787480,39,32.62,35.9166,3.2966
300M,chip_319_529_merged.tif,0.2,4,1897325610,39,34.8694,35.403,0.5335
300M,chip_319_529_merged.tif,0.4,0,1310330927,78,32.4825,34.2,1.7175
300M,chip_319_529_merged.tif,0.4,1,830385409,78,32.816,34.2481,1.4321
300M,chip_319_529_merged.tif,0.4,2,449778778,78,32.4808,35.1828,2.702
300M,chip_319_529_merged.tif,0.4,3,2117316908,78,31.7719,34.4492,2.6773
300M,chip_319_529_merged.tif,0.4,4,1736710277,78,32.4814,34.0841,1.6027
300M,chip_319_529_merged.tif,0.6,0,567032720,117,32.3208,33.8199,1.4991
300M,chip_319_529_merged.tif,0.6,1,87087202,117,32.2781,34.2807,2.0026
300M,chip_319_529_merged.tif,0.6,2,1853964219,117,31.2243,34.4244,3.2
300M,chip_319_529_merged.tif,0.6,3,1374018701,117,31.9318,34.0725,2.1407
300M,chip_319_529_merged.tif,0.6,4,993412070,117,32.2773,33.5992,1.322
300M,chip_319_529_merged.tif,0.8,0,84440524,156,32.2227,32.4252,0.2025
300M,chip_319_529_merged.tif,0.8,1,1851317541,156,32.1879,33.1176,0.9297
300M,chip_319_529_merged.tif,0.8,2,1371372023,156,32.2446,33.2954,1.0508
300M,chip_319_529_merged.tif,0.8,3,990765392,156,32.2434,33.0365,0.7931
300M,chip_319_529_merged.tif,0.8,4,510819874,156,32.197,32.2502,0.0532
300M,chip_320_544_merged.tif,0.2,0,39603398,39,29.5526,39.5522,9.9997
300M,chip_320_544_merged.tif,0.2,1,1707141528,39,33.083,36.1393,3.0562
300M,chip_320_544_merged.tif,0.2,2,1326534897,39,31.4463,36.981,5.5347
300M,chip_320_544_merged.tif,0.2,3,846589379,39,30.8798,37.7131,6.8333
300M,chip_320_544_merged.tif,0.2,4,465982748,39,32.2796,37.5371,5.2575
300M,chip_320_544_merged.tif,0.4,0,1927132826,78,31.4342,36.5398,5.1056
300M,chip_320_544_merged.tif,0.4,1,1546526195,78,31.2229,35.7777,4.5549
300M,chip_320_544_merged.tif,0.4,2,1165919564,78,31.0226,37.1032,6.0806
300M,chip_320_544_merged.tif,0.4,3,685974046,78,29.9557,37.4597,7.504
300M,chip_320_544_merged.tif,0.4,4,305367415,78,31.2227,36.9311,5.7084
300M,chip_320_544_merged.tif,0.6,0,1183834619,117,31.6113,32.8478,1.2365
300M,chip_320_544_merged.tif,0.6,1,803227988,117,31.0517,33.1561,2.1043
300M,chip_320_544_merged.tif,0.6,2,422621357,117,31.0602,33.8096,2.7494
300M,chip_320_544_merged.tif,0.6,3,2090159487,117,33.1612,35.7706,2.6095
300M,chip_320_544_merged.tif,0.6,4,1709552856,117,30.6158,35.0712,4.4553
300M,chip_320_544_merged.tif,0.8,0,800581310,156,29.3158,32.2749,2.9591
300M,chip_320_544_merged.tif,0.8,1,320635792,156,32.757,32.345,-0.412
300M,chip_320_544_merged.tif,0.8,2,2087512809,156,29.3006,34.2195,4.9189
300M,chip_320_544_merged.tif,0.8,3,1607567291,156,30.4402,31.7066,1.2663
300M,chip_320_544_merged.tif,0.8,4,1226960660,156,32.2306,33.3921,1.1615
300M,chip_321_314_merged.tif,0.2,0,271200818,39,35.507,38.6323,3.1253
300M,chip_321_314_merged.tif,0.2,1,2038077835,39,35.7364,38.3106,2.5742
300M,chip_321_314_merged.tif,0.2,2,1657471204,39,35.8419,37.8066,1.9648
300M,chip_321_314_merged.tif,0.2,3,1177525686,39,35.6121,38.5275,2.9154
300M,chip_321_314_merged.tif,0.2,4,796919055,39,33.5997,38.8099,5.2102
300M,chip_321_314_merged.tif,0.4,0,110585485,78,34.3557,38.1529,3.7972
300M,chip_321_314_merged.tif,0.4,1,1877462502,78,35.806,36.7622,0.9562
300M,chip_321_314_merged.tif,0.4,2,1397516984,78,34.9194,37.6886,2.7692
300M,chip_321_314_merged.tif,0.4,3,1016910353,78,35.1467,37.8283,2.6816
300M,chip_321_314_merged.tif,0.4,4,536964835,78,34.3551,37.5871,3.232
300M,chip_321_314_merged.tif,0.6,0,1514770926,117,35.5457,37.0632,1.5174
300M,chip_321_314_merged.tif,0.6,1,1134164295,117,35.0138,36.4816,1.4678
300M,chip_321_314_merged.tif,0.6,2,654218777,117,35.1598,37.0337,1.8739
300M,chip_321_314_merged.tif,0.6,3,273612146,117,35.3882,36.3792,0.991
300M,chip_321_314_merged.tif,0.6,4,2040489163,117,34.8107,36.3434,1.5327
300M,chip_321_314_merged.tif,0.8,0,1032178730,156,34.9789,35.3412,0.3623
300M,chip_321_314_merged.tif,0.8,1,651572099,156,34.5556,35.6667,1.1111
300M,chip_321_314_merged.tif,0.8,2,270965468,156,35.0795,35.3536,0.2741
300M,chip_321_314_merged.tif,0.8,3,1938503598,156,34.7467,35.6917,0.945
300M,chip_321_314_merged.tif,0.8,4,1557896967,156,34.5477,35.7306,1.1828
300M,chip_322_417_merged.tif,0.2,0,179000502,39,28.264,33.3065,5.0425
300M,chip_322_417_merged.tif,0.2,1,1846538632,39,33.47,34.5026,1.0326
300M,chip_322_417_merged.tif,0.2,2,1465932001,39,33.7767,34.7351,0.9583
300M,chip_322_417_merged.tif,0.2,3,1085325370,39,35.6179,34.8286,-0.7893
300M,chip_322_417_merged.tif,0.2,4,605379852,39,28.4841,34.4418,5.9577
300M,chip_322_417_merged.tif,0.4,0,18385169,78,26.9833,34.3756,7.3923
300M,chip_322_417_merged.tif,0.4,1,1685923299,78,28.7077,33.377,4.6693
300M,chip_322_417_merged.tif,0.4,2,1305316668,78,31.9831,33.2092,1.2261
300M,chip_322_417_merged.tif,0.4,3,825371150,78,30.4456,33.8078,3.3623
300M,chip_322_417_merged.tif,0.4,4,444764519,78,26.6915,33.8097,7.1182
300M,chip_322_417_merged.tif,0.6,0,1422570610,117,27.6328,33.6654,6.0326
300M,chip_322_417_merged.tif,0.6,1,942625092,117,28.9663,33.06,4.0936
300M,chip_322_417_merged.tif,0.6,2,562018461,117,29.7404,32.492,2.7516
300M,chip_322_417_merged.tif,0.6,3,82072943,117,27.7675,33.4368,5.6693
300M,chip_322_417_merged.tif,0.6,4,1848949960,117,27.6369,32.9605,5.3236
300M,chip_322_417_merged.tif,0.8,0,939978414,156,27.6643,31.7536,4.0894
300M,chip_322_417_merged.tif,0.8,1,460032896,156,27.7152,30.8531,3.1379
300M,chip_322_417_merged.tif,0.8,2,79426265,156,28.1983,31.1085,2.9102
300M,chip_322_417_merged.tif,0.8,3,1846303282,156,27.6535,30.9534,3.2999
300M,chip_322_417_merged.tif,0.8,4,1366357764,156,27.9151,31.661,3.7459
300M,chip_322_533_merged.tif,0.2,0,840517384,39,30.8689,33.7762,2.9072
300M,chip_322_533_merged.tif,0.2,1,459910753,39,30.5831,34.9787,4.3956
300M,chip_322_533_merged.tif,0.2,2,2127448883,39,30.8689,33.7666,2.8978
300M,chip_322_533_merged.tif,0.2,3,1746842252,39,30.0347,34.3278,4.2932
300M,chip_322_533_merged.tif,0.2,4,1266896734,39,30.537,34.2395,3.7026
300M,chip_322_533_merged.tif,0.4,0,679902051,78,29.7367,34.2538,4.5171
300M,chip_322_533_merged.tif,0.4,1,199956533,78,30.1957,31.7692,1.5735
300M,chip_322_533_merged.tif,0.4,2,1966833550,78,30.3492,33.8788,3.5297
300M,chip_322_533_merged.tif,0.4,3,1586226919,78,31.2078,33.0749,1.8671
300M,chip_322_533_merged.tif,0.4,4,1106281401,78,30.22,33.9499,3.7298
300M,chip_322_533_merged.tif,0.6,0,2084087492,117,30.2058,32.0214,1.8156
300M,chip_322_533_merged.tif,0.6,1,1604141974,117,30.2049,32.4168,2.2119
300M,chip_322_533_merged.tif,0.6,2,1223535343,117,30.4607,31.7223,1.2616
300M,chip_322_533_merged.tif,0.6,3,842928712,117,29.9751,32.4511,2.476
300M,chip_322_533_merged.tif,0.6,4,362983194,117,30.2052,32.4155,2.2103
300M,chip_322_533_merged.tif,0.8,0,1601495296,156,29.5797,31.8407,2.261
300M,chip_322_533_merged.tif,0.8,1,1220888665,156,29.8278,31.8907,2.0629
300M,chip_322_533_merged.tif,0.8,2,740943147,156,29.2257,31.1115,1.8858
300M,chip_322_533_merged.tif,0.8,3,360336516,156,29.5863,31.3858,1.7995
300M,chip_322_533_merged.tif,0.8,4,2027874646,156,30.3063,31.5062,1.1999
300M,chip_322_543_merged.tif,0.2,0,735787014,39,35.2841,35.7451,0.461
300M,chip_322_543_merged.tif,0.2,1,255841496,39,34.646,37.8632,3.2171
300M,chip_322_543_merged.tif,0.2,2,2022718513,39,36.1596,37.3154,1.1558
300M,chip_322_543_merged.tif,0.2,3,1642111882,39,35.9128,37.2244,1.3116
300M,chip_322_543_merged.tif,0.2,4,1162166364,39,33.191,36.0945,2.9035
300M,chip_322_543_merged.tif,0.4,0,1817995592,78,32.1387,32.8272,0.6884
300M,chip_322_543_merged.tif,0.4,1,1437388961,78,31.922,35.6521,3.73
300M,chip_322_543_merged.tif,0.4,2,1056782330,78,33.9756,34.9547,0.9791
300M,chip_322_543_merged.tif,0.4,3,576836812,78,34.2367,33.5483,-0.6884
300M,chip_322_543_merged.tif,0.4,4,196230181,78,33.9767,35.4048,1.4282
300M,chip_322_543_merged.tif,0.6,0,585473450,117,33.9324,34.8264,0.894
300M,chip_322_543_merged.tif,0.6,1,204866819,117,32.0168,35.2261,3.2093
300M,chip_322_543_merged.tif,0.6,2,1971743836,117,34.0852,33.8378,-0.2474
300M,chip_322_543_merged.tif,0.6,3,1491798318,117,32.9066,34.6516,1.7449
300M,chip_322_543_merged.tif,0.6,4,1111191687,117,32.9612,35.6594,2.6981
300M,chip_322_543_merged.tif,0.8,0,1496764926,156,31.7337,33.5651,1.8314
300M,chip_322_543_merged.tif,0.8,1,1016819408,156,32.2175,32.9832,0.7657
300M,chip_322_543_merged.tif,0.8,2,636212777,156,33.1526,33.8575,0.7049
300M,chip_322_543_merged.tif,0.8,3,255606146,156,31.7173,34.4591,2.7418
300M,chip_322_543_merged.tif,0.8,4,1923144276,156,33.1123,32.773,-0.3393
300M,chip_324_316_merged.tif,0.2,0,1701498502,39,36.4158,37.7309,1.3151
300M,chip_324_316_merged.tif,0.2,1,1320891871,39,36.4084,36.8659,0.4575
300M,chip_324_316_merged.tif,0.2,2,840946353,39,35.9006,37.154,1.2534
300M,chip_324_316_merged.tif,0.2,3,460339722,39,36.8036,38.1368,1.3332
300M,chip_324_316_merged.tif,0.2,4,2127877852,39,36.3056,38.1947,1.8892
300M,chip_324_316_merged.tif,0.4,0,1540883169,78,35.9459,37.0261,1.0801
300M,chip_324_316_merged.tif,0.4,1,1060937651,78,32.4534,37.4767,5.0233
300M,chip_324_316_merged.tif,0.4,2,680331020,78,35.1845,37.3393,2.1549
300M,chip_324_316_merged.tif,0.4,3,299724389,78,35.5692,37.2479,1.6787
300M,chip_324_316_merged.tif,0.4,4,1967262519,78,31.8955,36.8744,4.9789
300M,chip_324_316_merged.tif,0.6,0,797584962,117,35.036,35.5988,0.5628
300M,chip_324_316_merged.tif,0.6,1,416978331,117,35.4062,36.4111,1.0049
300M,chip_324_316_merged.tif,0.6,2,2084516461,117,35.0148,37.1034,2.0885
300M,chip_324_316_merged.tif,0.6,3,1703909830,117,35.07,35.5488,0.4789
300M,chip_324_316_merged.tif,0.6,4,1223964312,117,35.0597,35.4421,0.3824
300M,chip_324_316_merged.tif,0.8,0,314992766,156,35.0695,35.0988,0.0294
300M,chip_324_316_merged.tif,0.8,1,2081869783,156,34.5073,34.9726,0.4653
300M,chip_324_316_merged.tif,0.8,2,1601924265,156,33.4278,34.9307,1.5029
300M,chip_324_316_merged.tif,0.8,3,1221317634,156,33.4022,35.068,1.6659
300M,chip_324_316_merged.tif,0.8,4,741372116,156,33.3775,35.4914,2.1139
300M,chip_325_314_merged.tif,0.2,0,1696848857,39,36.129,37.6703,1.5412
300M,chip_325_314_merged.tif,0.2,1,1316242226,39,34.4388,37.146,2.7072
300M,chip_325_314_merged.tif,0.2,2,836296708,39,34.168,36.544,2.3759
300M,chip_325_314_merged.tif,0.2,3,455690077,39,34.4399,37.1861,2.7461
300M,chip_325_314_merged.tif,0.2,4,2123228207,39,34.338,37.0667,2.7287
300M,chip_325_314_merged.tif,0.4,0,1536233524,78,34.9167,36.8084,1.8917
300M,chip_325_314_merged.tif,0.4,1,1056288006,78,34.7847,36.9092,2.1245
300M,chip_325_314_merged.tif,0.4,2,675681375,78,34.7862,37.1798,2.3936
300M,chip_325_314_merged.tif,0.4,3,195735857,78,34.5958,37.0556,2.4598
300M,chip_325_314_merged.tif,0.4,4,1962612874,78,34.9766,36.5089,1.5322
300M,chip_325_314_merged.tif,0.6,0,792935317,117,34.8638,36.2951,1.4313
300M,chip_325_314_merged.tif,0.6,1,312989799,117,34.9352,36.288,1.3528
300M,chip_325_314_merged.tif,0.6,2,2079866816,117,34.1753,36.7628,2.5875
300M,chip_325_314_merged.tif,0.6,3,1699260185,117,33.9803,36.2383,2.2579
300M,chip_325_314_merged.tif,0.6,4,1219314667,117,35.0068,36.2441,1.2372
300M,chip_325_314_merged.tif,0.8,0,310343121,156,34.8231,35.5644,0.7412
300M,chip_325_314_merged.tif,0.8,1,2077220138,156,34.9939,35.4098,0.416
300M,chip_325_314_merged.tif,0.8,2,1597274620,156,34.3983,35.6297,1.2315
300M,chip_325_314_merged.tif,0.8,3,1216667989,156,34.5145,35.7301,1.2156
300M,chip_325_314_merged.tif,0.8,4,736722471,156,34.8642,35.3227,0.4585
300M,chip_325_316_merged.tif,0.2,0,1971274514,39,31.8322,38.0549,6.2227
300M,chip_325_316_merged.tif,0.2,1,1491328996,39,33.529,36.9061,3.3772
300M,chip_325_316_merged.tif,0.2,2,1110722365,39,36.1482,36.5698,0.4216
300M,chip_325_316_merged.tif,0.2,3,730115734,39,35.5277,37.2946,1.7669
300M,chip_325_316_merged.tif,0.2,4,250170216,39,35.5273,37.6584,2.1311
300M,chip_325_316_merged.tif,0.4,0,1810659181,78,34.9661,36.9957,2.0296
300M,chip_325_316_merged.tif,0.4,1,1330713663,78,33.1012,36.7189,3.6178
300M,chip_325_316_merged.tif,0.4,2,950107032,78,35.2304,36.8501,1.6197
300M,chip_325_316_merged.tif,0.4,3,470161514,78,34.6666,36.7984,2.1318
300M,chip_325_316_merged.tif,0.4,4,89554883,78,32.139,37.0081,4.8691
300M,chip_325_316_merged.tif,0.6,0,1067360974,117,33.9842,36.5831,2.5989
300M,chip_325_316_merged.tif,0.6,1,587415456,117,34.1405,35.6864,1.546
300M,chip_325_316_merged.tif,0.6,2,206808825,117,33.6345,35.7727,2.1383
300M,chip_325_316_merged.tif,0.6,3,1874346955,117,33.6277,36.0237,2.396
300M,chip_325_316_merged.tif,0.6,4,1493740324,117,33.6371,35.7746,2.1375
300M,chip_325_316_merged.tif,0.8,0,584768778,156,32.0856,35.2724,3.1868
300M,chip_325_316_merged.tif,0.8,1,104823260,156,32.1066,35.3256,3.219
300M,chip_325_316_merged.tif,0.8,2,1871700277,156,33.2489,35.149,1.9
300M,chip_325_316_merged.tif,0.8,3,1491093646,156,33.5765,34.8925,1.316
300M,chip_325_316_merged.tif,0.8,4,1011148128,156,31.8064,34.4024,2.596
300M,chip_326_499_merged.tif,0.2,0,1383504248,39,38.2933,39.6713,1.378
300M,chip_326_499_merged.tif,0.2,1,1002897617,39,36.0125,40.1329,4.1204
300M,chip_326_499_merged.tif,0.2,2,522952099,39,38.2949,39.3399,1.045
300M,chip_326_499_merged.tif,0.2,3,142345468,39,35.2731,39.7098,4.4367
300M,chip_326_499_merged.tif,0.2,4,1809883598,39,35.2717,39.1642,3.8925
300M,chip_326_499_merged.tif,0.4,0,318229178,78,35.2448,38.8149,3.5701
300M,chip_326_499_merged.tif,0.4,1,2085106195,78,36.5439,39.1385,2.5947
300M,chip_326_499_merged.tif,0.4,2,1704499564,78,36.5423,38.6605,2.1183
300M,chip_326_499_merged.tif,0.4,3,1224554046,78,36.1978,39.0155,2.8177
300M,chip_326_499_merged.tif,0.4,4,843947415,78,35.6853,39.904,4.2187
300M,chip_326_499_merged.tif,0.6,0,479590708,117,35.0951,37.0687,1.9735
300M,chip_326_499_merged.tif,0.6,1,2147128838,117,34.849,37.7307,2.8817
300M,chip_326_499_merged.tif,0.6,2,1766522207,117,35.5408,38.877,3.3362
300M,chip_326_499_merged.tif,0.6,3,1286576689,117,34.9379,39.1409,4.203
300M,chip_326_499_merged.tif,0.6,4,905970058,117,36.1551,39.3533,3.1982
300M,chip_326_499_merged.tif,0.8,0,2144482160,156,35.1412,37.3097,2.1685
300M,chip_326_499_merged.tif,0.8,1,1664536642,156,35.5838,37.9512,2.3673
300M,chip_326_499_merged.tif,0.8,2,1283930011,156,35.7391,36.9143,1.1753
300M,chip_326_499_merged.tif,0.8,3,903323380,156,35.4723,35.9106,0.4384
300M,chip_326_499_merged.tif,0.8,4,423377862,156,35.493,36.879,1.386
300M,chip_327_511_merged.tif,0.2,0,549612555,39,34.4084,36.2878,1.8794
300M,chip_327_511_merged.tif,0.2,1,69667037,39,33.8883,35.1868,1.2985
300M,chip_327_511_merged.tif,0.2,2,1836544054,39,32.9977,35.2977,2.2999
300M,chip_327_511_merged.tif,0.2,3,1356598536,39,35.0691,35.6361,0.567
300M,chip_327_511_merged.tif,0.2,4,975991905,39,32.997,35.2242,2.2271
300M,chip_327_511_merged.tif,0.4,0,1631821133,78,33.1259,34.5568,1.4308
300M,chip_327_511_merged.tif,0.4,1,1251214502,78,33.7851,35.1095,1.3244
300M,chip_327_511_merged.tif,0.4,2,771268984,78,33.0664,35.4092,2.3428
300M,chip_327_511_merged.tif,0.4,3,390662353,78,33.1552,34.7423,1.5871
300M,chip_327_511_merged.tif,0.4,4,2058200483,78,33.2371,33.4997,0.2626
300M,chip_327_511_merged.tif,0.6,0,1693843776,117,30.0164,33.4261,3.4097
300M,chip_327_511_merged.tif,0.6,1,1313237145,117,31.8639,33.4329,1.569
300M,chip_327_511_merged.tif,0.6,2,932630514,117,31.4583,33.937,2.4786
300M,chip_327_511_merged.tif,0.6,3,452684996,117,33.1846,33.6209,0.4363
300M,chip_327_511_merged.tif,0.6,4,72078365,117,32.8702,32.8255,-0.0447
300M,chip_327_511_merged.tif,0.8,0,1310590467,156,30.025,32.8407,2.8157
300M,chip_327_511_merged.tif,0.8,1,830644949,156,32.3749,32.2162,-0.1587
300M,chip_327_511_merged.tif,0.8,2,450038318,156,32.8501,32.2161,-0.634
300M,chip_327_511_merged.tif,0.8,3,2117576448,156,31.7228,32.6123,0.8895
300M,chip_327_511_merged.tif,0.8,4,1736969817,156,32.3243,33.0261,0.7018
300M,chip_327_516_merged.tif,0.2,0,116646332,39,34.8685,36.4617,1.5932
300M,chip_327_516_merged.tif,0.2,1,1784184462,39,31.9963,34.9869,2.9906
300M,chip_327_516_merged.tif,0.2,2,1403577831,39,34.5448,36.5319,1.9871
300M,chip_327_516_merged.tif,0.2,3,1022971200,39,35.4824,36.4765,0.9941
300M,chip_327_516_merged.tif,0.2,4,543025682,39,32.9159,35.689,2.7731
300M,chip_327_516_merged.tif,0.4,0,2103514647,78,32.0831,36.6096,4.5265
300M,chip_327_516_merged.tif,0.4,1,1623569129,78,32.2694,35.4922,3.2228
300M,chip_327_516_merged.tif,0.4,2,1242962498,78,30.967,35.837,4.8699
300M,chip_327_516_merged.tif,0.4,3,763016980,78,32.4549,36.1695,3.7145
300M,chip_327_516_merged.tif,0.4,4,382410349,78,31.6785,36.2935,4.6149
300M,chip_327_516_merged.tif,0.6,0,1360216440,117,32.5527,34.5067,1.954
300M,chip_327_516_merged.tif,0.6,1,880270922,117,31.0746,35.3498,4.2752
300M,chip_327_516_merged.tif,0.6,2,499664291,117,31.4477,35.2268,3.7791
300M,chip_327_516_merged.tif,0.6,3,19718773,117,31.4064,33.8813,2.4749
300M,chip_327_516_merged.tif,0.6,4,1786595790,117,31.4214,35.8596,4.4382
300M,chip_327_516_merged.tif,0.8,0,877624244,156,31.7711,33.658,1.8868
300M,chip_327_516_merged.tif,0.8,1,397678726,156,31.778,33.2871,1.5091
300M,chip_327_516_merged.tif,0.8,2,17072095,156,31.1844,33.2683,2.0839
300M,chip_327_516_merged.tif,0.8,3,1783949112,156,31.6304,32.8595,1.2291
300M,chip_327_516_merged.tif,0.8,4,1304003594,156,32.0661,33.5182,1.4521
300M,chip_329_493_merged.tif,0.2,0,1900139972,39,36.891,38.3456,1.4546
300M,chip_329_493_merged.tif,0.2,1,1519533341,39,37.0851,36.4147,-0.6704
300M,chip_329_493_merged.tif,0.2,2,1138926710,39,35.4771,38.3908,2.9137
300M,chip_329_493_merged.tif,0.2,3,658981192,39,35.3741,38.463,3.0889
300M,chip_329_493_merged.tif,0.2,4,278374561,39,34.8851,39.2072,4.3221
300M,chip_329_493_merged.tif,0.4,0,934203789,78,35.5504,37.8924,2.342
300M,chip_329_493_merged.tif,0.4,1,454258271,78,36.0285,37.9669,1.9384
300M,chip_329_493_merged.tif,0.4,2,73651640,78,35.4737,38.0738,2.6001
300M,chip_329_493_merged.tif,0.4,3,1840528657,78,36.1199,37.2509,1.131
300M,chip_329_493_merged.tif,0.4,4,1360583139,78,35.5505,37.8141,2.2635
300M,chip_329_493_merged.tif,0.6,0,996226432,117,35.7401,37.5558,1.8157
300M,chip_329_493_merged.tif,0.6,1,615619801,117,35.7982,35.4685,-0.3296
300M,chip_329_493_merged.tif,0.6,2,135674283,117,35.721,35.955,0.234
300M,chip_329_493_merged.tif,0.6,3,1902551300,117,35.7802,36.4823,0.7021
300M,chip_329_493_merged.tif,0.6,4,1422605782,117,35.6998,36.7123,1.0125
300M,chip_329_493_merged.tif,0.8,0,513634236,156,34.3659,36.3307,1.9648
300M,chip_329_493_merged.tif,0.8,1,133027605,156,34.5984,34.398,-0.2005
300M,chip_329_493_merged.tif,0.8,2,1800565735,156,35.5268,35.4735,-0.0533
300M,chip_329_493_merged.tif,0.8,3,1419959104,156,35.6136,36.8235,1.2099
300M,chip_329_493_merged.tif,0.8,4,1039352473,156,35.4792,34.9562,-0.523
300M,chip_329_512_merged.tif,0.2,0,229478008,39,32.1721,35.2219,3.0498
300M,chip_329_512_merged.tif,0.2,1,1897016138,39,32.3319,35.5274,3.1954
300M,chip_329_512_merged.tif,0.2,2,1516409507,39,31.8562,35.6581,3.8019
300M,chip_329_512_merged.tif,0.2,3,1135802876,39,32.8114,35.9131,3.1016
300M,chip_329_512_merged.tif,0.2,4,655857358,39,29.8025,36.5213,6.7188
300M,chip_329_512_merged.tif,0.4,0,68862675,78,30.3021,34.5019,4.1998
300M,chip_329_512_merged.tif,0.4,1,1736400805,78,29.8963,34.8554,4.9591
300M,chip_329_512_merged.tif,0.4,2,1355794174,78,32.6668,34.8732,2.2064
300M,chip_329_512_merged.tif,0.4,3,875848656,78,32.6673,35.6976,3.0303
300M,chip_329_512_merged.tif,0.4,4,495242025,78,29.6752,34.4224,4.7472
300M,chip_329_512_merged.tif,0.6,0,1473048116,117,31.7551,34.8511,3.0961
300M,chip_329_512_merged.tif,0.6,1,993102598,117,31.854,33.8796,2.0256
300M,chip_329_512_merged.tif,0.6,2,612495967,117,30.6922,34.7543,4.0621
300M,chip_329_512_merged.tif,0.6,3,132550449,117,29.6955,32.515,2.8195
300M,chip_329_512_merged.tif,0.6,4,1899427466,117,30.4159,34.2553,3.8395
300M,chip_329_512_merged.tif,0.8,0,990455920,156,31.0056,33.6439,2.6383
300M,chip_329_512_merged.tif,0.8,1,510510402,156,30.2962,32.9188,2.6226
300M,chip_329_512_merged.tif,0.8,2,129903771,156,30.7876,32.8935,2.106
300M,chip_329_512_merged.tif,0.8,3,1896780788,156,29.6378,32.7958,3.158
300M,chip_329_512_merged.tif,0.8,4,1416835270,156,31.0005,31.9887,0.9881
300M,chip_330_499_merged.tif,0.2,0,1715311891,39,37.7678,38.2679,0.5001
300M,chip_330_499_merged.tif,0.2,1,1334705260,39,36.7108,38.5622,1.8514
300M,chip_330_499_merged.tif,0.2,2,854759742,39,35.6491,38.9548,3.3058
300M,chip_330_499_merged.tif,0.2,3,474153111,39,38.4186,39.0128,0.5941
300M,chip_330_499_merged.tif,0.2,4,93546480,39,36.8507,39.3807,2.53
300M,chip_330_499_merged.tif,0.4,0,749375708,78,36.9035,38.6108,1.7072
300M,chip_330_499_merged.tif,0.4,1,269430190,78,36.9025,38.445,1.5426
300M,chip_330_499_merged.tif,0.4,2,2036307207,78,36.4273,38.687,2.2597
300M,chip_330_499_merged.tif,0.4,3,1655700576,78,35.3193,37.6573,2.3381
300M,chip_330_499_merged.tif,0.4,4,1175755058,78,36.5315,37.5693,1.0378
300M,chip_330_499_merged.tif,0.6,0,811398351,117,36.571,37.4252,0.8542
300M,chip_330_499_merged.tif,0.6,1,430791720,117,36.2224,36.9248,0.7023
300M,chip_330_499_merged.tif,0.6,2,2098329850,117,35.8799,37.5123,1.6324
300M,chip_330_499_merged.tif,0.6,3,1717723219,117,36.1585,37.6344,1.476
300M,chip_330_499_merged.tif,0.6,4,1237777701,117,35.971,36.8354,0.8644
300M,chip_330_499_merged.tif,0.8,0,1722689827,156,35.772,36.5168,0.7448
300M,chip_330_499_merged.tif,0.8,1,1242744309,156,36.5348,37.1902,0.6554
300M,chip_330_499_merged.tif,0.8,2,862137678,156,35.8181,37.1087,1.2906
300M,chip_330_499_merged.tif,0.8,3,382192160,156,35.8086,36.9648,1.1562
300M,chip_330_499_merged.tif,0.8,4,1585529,156,35.8159,35.8547,0.0389
300M,chip_331_495_merged.tif,0.2,0,1819702096,39,35.5943,39.9356,4.3413
300M,chip_331_495_merged.tif,0.2,1,1439095465,39,37.7775,39.4224,1.6449
300M,chip_331_495_merged.tif,0.2,2,1058488834,39,37.4496,39.5392,2.0895
300M,chip_331_495_merged.tif,0.2,3,578543316,39,36.369,39.3178,2.9488
300M,chip_331_495_merged.tif,0.2,4,197936685,39,37.7787,39.5345,1.7558
300M,chip_331_495_merged.tif,0.4,0,853765913,78,35.6827,39.4518,3.769
300M,chip_331_495_merged.tif,0.4,1,373820395,78,35.1936,39.0534,3.8599
300M,chip_331_495_merged.tif,0.4,2,2140697412,78,36.6966,39.7298,3.0333
300M,chip_331_495_merged.tif,0.4,3,1760090781,78,35.7503,38.9946,3.2443
300M,chip_331_495_merged.tif,0.4,4,1280145263,78,35.6815,39.2351,3.5537
300M,chip_331_495_merged.tif,0.6,0,915788556,117,35.0656,38.2774,3.2119
300M,chip_331_495_merged.tif,0.6,1,535181925,117,34.6841,37.836,3.1519
300M,chip_331_495_merged.tif,0.6,2,55236407,117,35.0487,37.8515,2.8028
300M,chip_331_495_merged.tif,0.6,3,1822113424,117,34.9286,38.0999,3.1713
300M,chip_331_495_merged.tif,0.6,4,1342167906,117,34.8895,36.8388,1.9493
300M,chip_331_495_merged.tif,0.8,0,433196360,156,35.3519,36.472,1.1201
300M,chip_331_495_merged.tif,0.8,1,52589729,156,35.0161,36.3809,1.3648
300M,chip_331_495_merged.tif,0.8,2,1720127859,156,35.2824,36.6151,1.3326
300M,chip_331_495_merged.tif,0.8,3,1339521228,156,34.399,37.5105,3.1114
300M,chip_331_495_merged.tif,0.8,4,958914597,156,35.3519,35.5852,0.2333
300M,chip_332_499_merged.tif,0.2,0,1313649359,39,38.0701,37.1753,-0.8949
300M,chip_332_499_merged.tif,0.2,1,833703841,39,33.8643,37.6287,3.7644
300M,chip_332_499_merged.tif,0.2,2,453097210,39,36.7159,38.1627,1.4468
300M,chip_332_499_merged.tif,0.2,3,2120635340,39,37.1151,37.3476,0.2325
300M,chip_332_499_merged.tif,0.2,4,1740028709,39,33.624,37.4299,3.8059
300M,chip_332_499_merged.tif,0.4,0,1053695139,78,36.9626,36.6721,-0.2904
300M,chip_332_499_merged.tif,0.4,1,673088508,78,35.9996,37.6514,1.6518
300M,chip_332_499_merged.tif,0.4,2,292481877,78,33.9801,36.6653,2.6852
300M,chip_332_499_merged.tif,0.4,3,1960020007,78,34.9605,36.3126,1.3521
300M,chip_332_499_merged.tif,0.4,4,1579413376,78,36.0303,35.6301,-0.4002
300M,chip_332_499_merged.tif,0.6,0,409735819,117,35.1293,36.8091,1.6798
300M,chip_332_499_merged.tif,0.6,1,2077273949,117,35.2825,36.4426,1.1601
300M,chip_332_499_merged.tif,0.6,2,1696667318,117,33.9233,35.3538,1.4305
300M,chip_332_499_merged.tif,0.6,3,1216721800,117,35.0228,36.2208,1.198
300M,chip_332_499_merged.tif,0.6,4,836115169,117,35.2533,36.1045,0.8511
300M,chip_332_499_merged.tif,0.8,0,2074627271,156,34.4425,35.359,0.9165
300M,chip_332_499_merged.tif,0.8,1,1594681753,156,35.3208,36.2733,0.9525
300M,chip_332_499_merged.tif,0.8,2,1214075122,156,34.7262,35.4285,0.7024
300M,chip_332_499_merged.tif,0.8,3,734129604,156,35.2244,35.0901,-0.1343
300M,chip_332_499_merged.tif,0.8,4,353522973,156,35.1599,36.2264,1.0666
300M,chip_333_509_merged.tif,0.2,0,1938949949,39,32.4673,33.8982,1.4309
300M,chip_333_509_merged.tif,0.2,1,1558343318,39,32.7818,35.6533,2.8715
300M,chip_333_509_merged.tif,0.2,2,1177736687,39,32.1224,33.4448,1.3224
300M,chip_333_509_merged.tif,0.2,3,697791169,39,32.1735,34.9026,2.729
300M,chip_333_509_merged.tif,0.2,4,317184538,39,29.4551,34.5253,5.0702
300M,chip_333_509_merged.tif,0.4,0,973013766,78,31.1609,33.7711,2.6102
300M,chip_333_509_merged.tif,0.4,1,592407135,78,29.4489,34.0963,4.6474
300M,chip_333_509_merged.tif,0.4,2,112461617,78,29.1122,34.6964,5.5841
300M,chip_333_509_merged.tif,0.4,3,1879338634,78,31.0635,34.5233,3.4598
300M,chip_333_509_merged.tif,0.4,4,1399393116,78,29.5978,34.581,4.9832
300M,chip_333_509_merged.tif,0.6,0,1082654422,117,29.616,33.2419,3.6259
300M,chip_333_509_merged.tif,0.6,1,602708904,117,29.6184,32.0918,2.4734
300M,chip_333_509_merged.tif,0.6,2,222102273,117,29.3859,33.0247,3.6388
300M,chip_333_509_merged.tif,0.6,3,1988979290,117,30.2088,33.1481,2.9393
300M,chip_333_509_merged.tif,0.6,4,1509033772,117,30.2718,33.059,2.7871
300M,chip_333_509_merged.tif,0.8,0,1894607011,156,29.4084,31.4351,2.0267
300M,chip_333_509_merged.tif,0.8,1,1514000380,156,29.0936,31.2239,2.1302
300M,chip_333_509_merged.tif,0.8,2,1034054862,156,29.3368,31.783,2.4462
300M,chip_333_509_merged.tif,0.8,3,653448231,156,27.9613,30.5489,2.5875
300M,chip_333_509_merged.tif,0.8,4,272841600,156,29.2141,32.0898,2.8756
300M,chip_333_515_merged.tif,0.2,0,646854201,39,34.0465,36.5453,2.4988
300M,chip_333_515_merged.tif,0.2,1,266247570,39,34.7063,37.1146,2.4083
300M,chip_333_515_merged.tif,0.2,2,2033124587,39,34.0994,36.7096,2.6102
300M,chip_333_515_merged.tif,0.2,3,1553179069,39,36.6001,36.861,0.261
300M,chip_333_515_merged.tif,0.2,4,1172572438,39,34.8676,36.3827,1.5151
300M,chip_333_515_merged.tif,0.4,0,486238868,78,35.2073,36.8883,1.681
300M,chip_333_515_merged.tif,0.4,1,105632237,78,35.0584,36.2395,1.1811
300M,chip_333_515_merged.tif,0.4,2,1773170367,78,33.5514,37.0795,3.5281
300M,chip_333_515_merged.tif,0.4,3,1392563736,78,35.0602,37.0422,1.9819
300M,chip_333_515_merged.tif,0.4,4,912618218,78,35.2072,37.0591,1.8519
300M,chip_333_515_merged.tif,0.6,0,1890424309,117,34.2414,35.6259,1.3844
300M,chip_333_515_merged.tif,0.6,1,1509817678,117,34.2595,35.4068,1.1474
300M,chip_333_515_merged.tif,0.6,2,1029872160,117,34.1575,35.6675,1.51
300M,chip_333_515_merged.tif,0.6,3,649265529,117,34.231,35.5663,1.3353
300M,chip_333_515_merged.tif,0.6,4,169320011,117,34.1198,35.9411,1.8213
300M,chip_333_515_merged.tif,0.8,0,1407832113,156,33.9383,34.9902,1.0519
300M,chip_333_515_merged.tif,0.8,1,1027225482,156,32.816,34.6443,1.8283
300M,chip_333_515_merged.tif,0.8,2,646618851,156,33.4128,34.3889,0.9761
300M,chip_333_515_merged.tif,0.8,3,166673333,156,33.9375,35.329,1.3915
300M,chip_333_515_merged.tif,0.8,4,1933550350,156,32.7926,34.6729,1.8803
300M,chip_341_499_merged.tif,0.2,0,1876873557,39,41.7413,43.3677,1.6264
300M,chip_341_499_merged.tif,0.2,1,1396928039,39,41.9238,42.7895,0.8656
300M,chip_341_499_merged.tif,0.2,2,1016321408,39,37.0738,43.7628,6.6891
300M,chip_341_499_merged.tif,0.2,3,536375890,39,38.6923,43.1891,4.4968
300M,chip_341_499_merged.tif,0.2,4,155769259,39,42.5982,42.4886,-0.1096
300M,chip_341_499_merged.tif,0.4,0,1716258224,78,37.1818,42.6189,5.437
300M,chip_341_499_merged.tif,0.4,1,1236312706,78,41.3823,42.34,0.9577
300M,chip_341_499_merged.tif,0.4,2,855706075,78,39.8665,42.6341,2.7676
300M,chip_341_499_merged.tif,0.4,3,375760557,78,39.2653,42.5477,3.2824
300M,chip_341_499_merged.tif,0.4,4,2142637574,78,40.5938,42.4661,1.8723
300M,chip_341_499_merged.tif,0.6,0,972960017,117,38.1438,41.4943,3.3505
300M,chip_341_499_merged.tif,0.6,1,493014499,117,37.983,42.7616,4.7786
300M,chip_341_499_merged.tif,0.6,2,112407868,117,38.2691,42.1544,3.8852
300M,chip_341_499_merged.tif,0.6,3,1779945998,117,38.1386,41.6458,3.5072
300M,chip_341_499_merged.tif,0.6,4,1399339367,117,40.1107,42.4154,2.3047
300M,chip_341_499_merged.tif,0.8,0,490367821,156,39.5219,41.4777,1.9558
300M,chip_341_499_merged.tif,0.8,1,10422303,156,40.0132,41.2848,1.2716
300M,chip_341_499_merged.tif,0.8,2,1777299320,156,38.4153,41.1739,2.7586
300M,chip_341_499_merged.tif,0.8,3,1297353802,156,38.0209,41.6881,3.6673
300M,chip_341_499_merged.tif,0.8,4,916747171,156,39.543,41.3913,1.8483
300M,chip_341_534_merged.tif,0.2,0,23190976,39,31.1602,36.7801,5.6199
300M,chip_341_534_merged.tif,0.2,1,1690729106,39,36.3157,37.2522,0.9365
300M,chip_341_534_merged.tif,0.2,2,1310122475,39,33.5553,39.0275,5.4723
300M,chip_341_534_merged.tif,0.2,3,830176957,39,31.7724,37.7223,5.9499
300M,chip_341_534_merged.tif,0.2,4,449570326,39,36.316,37.4582,1.1421
300M,chip_341_534_merged.tif,0.4,0,1105399554,78,33.7831,35.7977,2.0146
300M,chip_341_534_merged.tif,0.4,1,724792923,78,33.4801,33.342,-0.1381
300M,chip_341_534_merged.tif,0.4,2,244847405,78,31.5216,35.6604,4.1387
300M,chip_341_534_merged.tif,0.4,3,2011724422,78,34.8526,35.2355,0.383
300M,chip_341_534_merged.tif,0.4,4,1631117791,78,34.3076,35.5504,1.2428
300M,chip_341_534_merged.tif,0.6,0,1266761084,117,33.4586,35.1619,1.7033
300M,chip_341_534_merged.tif,0.6,1,786815566,117,33.4041,34.1605,0.7565
300M,chip_341_534_merged.tif,0.6,2,406208935,117,31.2854,35.1535,3.8681
300M,chip_341_534_merged.tif,0.6,3,2073747065,117,31.4768,34.7529,3.2761
300M,chip_341_534_merged.tif,0.6,4,1693140434,117,31.2629,33.6327,2.3698
300M,chip_341_534_merged.tif,0.8,0,784168888,156,32.0177,32.6562,0.6385
300M,chip_341_534_merged.tif,0.8,1,304223370,156,31.9889,34.2808,2.2919
300M,chip_341_534_merged.tif,0.8,2,2071100387,156,31.8535,34.506,2.6524
300M,chip_341_534_merged.tif,0.8,3,1591154869,156,32.0419,34.2224,2.1806
300M,chip_341_534_merged.tif,0.8,4,1210548238,156,31.5323,33.8697,2.3374
300M,chip_351_393_merged.tif,0.2,0,1399459667,39,33.5725,36.9938,3.4213
300M,chip_351_393_merged.tif,0.2,1,919514149,39,33.9501,38.239,4.2889
300M,chip_351_393_merged.tif,0.2,2,538907518,39,33.8879,36.4403,2.5524
300M,chip_351_393_merged.tif,0.2,3,158300887,39,32.2098,36.6512,4.4415
300M,chip_351_393_merged.tif,0.2,4,1825839017,39,34.2612,34.8851,0.624
300M,chip_351_393_merged.tif,0.4,0,1238844334,78,34.2098,35.539,1.3292
300M,chip_351_393_merged.tif,0.4,1,758898816,78,32.7681,37.2813,4.5132
300M,chip_351_393_merged.tif,0.4,2,378292185,78,31.0297,37.3075,6.2779
300M,chip_351_393_merged.tif,0.4,3,2045830315,78,33.7215,35.8197,2.0983
300M,chip_351_393_merged.tif,0.4,4,1665223684,78,34.3296,36.3653,2.0357
300M,chip_351_393_merged.tif,0.6,0,495546127,117,32.8996,35.5401,2.6405
300M,chip_351_393_merged.tif,0.6,1,15600609,117,30.5963,34.3677,3.7714
300M,chip_351_393_merged.tif,0.6,2,1782477626,117,33.067,35.2836,2.2165
300M,chip_351_393_merged.tif,0.6,3,1302532108,117,33.1758,32.7947,-0.3811
300M,chip_351_393_merged.tif,0.6,4,921925477,117,33.1896,34.1548,0.9652
300M,chip_351_393_merged.tif,0.8,0,12953931,156,31.0246,32.6436,1.619
300M,chip_351_393_merged.tif,0.8,1,1680492061,156,30.6868,33.3038,2.6169
300M,chip_351_393_merged.tif,0.8,2,1299885430,156,32.8466,32.9923,0.1457
300M,chip_351_393_merged.tif,0.8,3,919278799,156,30.8515,35.0115,4.16
300M,chip_351_393_merged.tif,0.8,4,439333281,156,30.8594,31.546,0.6866
300M,chip_351_539_merged.tif,0.2,0,2053707570,39,37.1692,38.8683,1.6991
300M,chip_351_539_merged.tif,0.2,1,1673100939,39,37.1064,39.6998,2.5933
300M,chip_351_539_merged.tif,0.2,2,1193155421,39,36.758,39.5274,2.7694
300M,chip_351_539_merged.tif,0.2,3,812548790,39,36.5505,40.1264,3.5758
300M,chip_351_539_merged.tif,0.2,4,431942159,39,37.3318,39.3149,1.9831
300M,chip_351_539_merged.tif,0.4,0,1087771387,78,36.5731,38.9502,2.3772
300M,chip_351_539_merged.tif,0.4,1,607825869,78,36.1627,38.2627,2.1001
300M,chip_351_539_merged.tif,0.4,2,227219238,78,34.8441,38.7026,3.8585
300M,chip_351_539_merged.tif,0.4,3,1994096255,78,35.5443,38.3345,2.7902
300M,chip_351_539_merged.tif,0.4,4,1514150737,78,36.1122,39.3163,3.2041
300M,chip_351_539_merged.tif,0.6,0,1149794030,117,35.198,38.1612,2.9631
300M,chip_351_539_merged.tif,0.6,1,769187399,117,36.3296,38.0428,1.7132
300M,chip_351_539_merged.tif,0.6,2,289241881,117,33.8618,38.4244,4.5626
300M,chip_351_539_merged.tif,0.6,3,2056118898,117,32.134,38.9278,6.7938
300M,chip_351_539_merged.tif,0.6,4,1576173380,117,35.3716,38.4422,3.0705
300M,chip_351_539_merged.tif,0.8,0,667201834,156,33.8938,36.9382,3.0444
300M,chip_351_539_merged.tif,0.8,1,286595203,156,31.9459,36.8701,4.9242
300M,chip_351_539_merged.tif,0.8,2,1954133333,156,33.8746,36.8171,2.9426
300M,chip_351_539_merged.tif,0.8,3,1573526702,156,35.8901,37.3224,1.4323
300M,chip_351_539_merged.tif,0.8,4,1192920071,156,35.8942,36.4543,0.56
300M,chip_354_327_merged.tif,0.2,0,2038869170,39,33.9492,37.794,3.8448
300M,chip_354_327_merged.tif,0.2,1,1658262539,39,34.3149,38.0292,3.7144
300M,chip_354_327_merged.tif,0.2,2,1178317021,39,34.7417,37.566,2.8244
300M,chip_354_327_merged.tif,0.2,3,797710390,39,34.3282,37.4652,3.137
300M,chip_354_327_merged.tif,0.2,4,317764872,39,34.588,36.9497,2.3617
300M,chip_354_327_merged.tif,0.4,0,1878253837,78,34.6721,37.2474,2.5753
300M,chip_354_327_merged.tif,0.4,1,1398308319,78,34.1146,37.7191,3.6045
300M,chip_354_327_merged.tif,0.4,2,1017701688,78,34.6485,37.2431,2.5947
300M,chip_354_327_merged.tif,0.4,3,637095057,78,34.2869,37.021,2.7341
300M,chip_354_327_merged.tif,0.4,4,157149539,78,34.6477,36.8173,2.1695
300M,chip_354_327_merged.tif,0.6,0,1134955630,117,34.0178,36.5453,2.5275
300M,chip_354_327_merged.tif,0.6,1,655010112,117,34.7078,37.0009,2.293
300M,chip_354_327_merged.tif,0.6,2,274403481,117,32.9827,37.1072,4.1245
300M,chip_354_327_merged.tif,0.6,3,2041280498,117,32.9706,36.3583,3.3877
300M,chip_354_327_merged.tif,0.6,4,1561334980,117,34.0301,36.7188,2.6887
300M,chip_354_327_merged.tif,0.8,0,652363434,156,34.5166,35.3447,0.8281
300M,chip_354_327_merged.tif,0.8,1,271756803,156,33.9854,35.5001,1.5147
300M,chip_354_327_merged.tif,0.8,2,1939294933,156,33.686,35.4153,1.7293
300M,chip_354_327_merged.tif,0.8,3,1558688302,156,33.9963,35.4186,1.4224
300M,chip_354_327_merged.tif,0.8,4,1078742784,156,33.2556,36.1033,2.8476
300M,chip_357_370_merged.tif,0.2,0,60003936,39,32.6881,37.3635,4.6754
300M,chip_357_370_merged.tif,0.2,1,1826880953,39,31.9157,36.8151,4.8994
300M,chip_357_370_merged.tif,0.2,2,1346935435,39,36.1395,37.7381,1.5986
300M,chip_357_370_merged.tif,0.2,3,966328804,39,32.6895,36.8654,4.1759
300M,chip_357_370_merged.tif,0.2,4,585722173,39,32.7124,36.8621,4.1497
300M,chip_357_370_merged.tif,0.4,0,2046872251,78,33.2326,36.7048,3.4722
300M,chip_357_370_merged.tif,0.4,1,1666265620,78,31.4058,36.1625,4.7567
300M,chip_357_370_merged.tif,0.4,2,1186320102,78,31.4047,36.3903,4.9856
300M,chip_357_370_merged.tif,0.4,3,805713471,78,31.4299,37.1073,5.6775
300M,chip_357_370_merged.tif,0.4,4,325767953,78,32.2155,36.2602,4.0446
300M,chip_357_370_merged.tif,0.6,0,9029259,117,33.2691,34.7652,1.496
300M,chip_357_370_merged.tif,0.6,1,1676567389,117,32.1432,35.5368,3.3935
300M,chip_357_370_merged.tif,0.6,2,1295960758,117,32.3806,35.3512,2.9706
300M,chip_357_370_merged.tif,0.6,3,915354127,117,32.2892,36.6658,4.3765
300M,chip_357_370_merged.tif,0.6,4,435408609,117,32.3886,35.8955,3.5069
300M,chip_357_370_merged.tif,0.8,0,820981848,156,31.9224,34.0422,2.1198
300M,chip_357_370_merged.tif,0.8,1,440375217,156,31.9198,32.6441,0.7243
300M,chip_357_370_merged.tif,0.8,2,2107913347,156,31.936,34.1114,2.1754
300M,chip_357_370_merged.tif,0.8,3,1727306716,156,31.787,33.8609,2.0739
300M,chip_357_370_merged.tif,0.8,4,1346700085,156,31.8812,34.548,2.6668
300M,chip_363_321_merged.tif,0.2,0,1710251430,39,37.3778,38.4925,1.1147
300M,chip_363_321_merged.tif,0.2,1,1329644799,39,36.7976,38.9778,2.1802
300M,chip_363_321_merged.tif,0.2,2,849699281,39,36.6829,39.3567,2.6738
300M,chip_363_321_merged.tif,0.2,3,469092650,39,36.7978,38.3002,1.5024
300M,chip_363_321_merged.tif,0.2,4,2136630780,39,37.7184,38.1493,0.4309
300M,chip_363_321_merged.tif,0.4,0,644976360,78,36.7421,38.3118,1.5697
300M,chip_363_321_merged.tif,0.4,1,264369729,78,36.6159,38.3341,1.7182
300M,chip_363_321_merged.tif,0.4,2,2031246746,78,36.8013,38.6723,1.871
300M,chip_363_321_merged.tif,0.4,3,1551301228,78,36.743,38.0385,1.2955
300M,chip_363_321_merged.tif,0.4,4,1170694597,78,36.745,38.6831,1.9382
300M,chip_363_321_merged.tif,0.6,0,806337890,117,36.3138,38.1933,1.8794
300M,chip_363_321_merged.tif,0.6,1,326392372,117,36.6586,37.393,0.7344
300M,chip_363_321_merged.tif,0.6,2,2093269389,117,36.6542,38.0736,1.4194
300M,chip_363_321_merged.tif,0.6,3,1712662758,117,35.9909,37.8535,1.8626
300M,chip_363_321_merged.tif,0.6,4,1232717240,117,36.5499,37.9566,1.4067
300M,chip_363_321_merged.tif,0.8,0,323745694,156,36.1668,37.368,1.2012
300M,chip_363_321_merged.tif,0.8,1,2090622711,156,36.4791,37.4574,0.9783
300M,chip_363_321_merged.tif,0.8,2,1610677193,156,36.5147,37.2287,0.714
300M,chip_363_321_merged.tif,0.8,3,1230070562,156,36.1857,36.9114,0.7257
300M,chip_363_321_merged.tif,0.8,4,750125044,156,36.034,37.2857,1.2517
300M,chip_365_309_merged.tif,0.2,0,666759313,39,35.7276,41.9722,6.2446
300M,chip_365_309_merged.tif,0.2,1,186813795,39,36.3598,41.0674,4.7076
300M,chip_365_309_merged.tif,0.2,2,1953690812,39,34.9179,38.765,3.8471
300M,chip_365_309_merged.tif,0.2,3,1473745294,39,34.9839,41.1012,6.1173
300M,chip_365_309_merged.tif,0.2,4,1093138663,39,37.19,38.9313,1.7414
300M,chip_365_309_merged.tif,0.4,0,406805093,78,35.1793,39.9474,4.7681
300M,chip_365_309_merged.tif,0.4,1,26198462,78,35.6683,37.5925,1.9243
300M,chip_365_309_merged.tif,0.4,2,1693736592,78,35.6698,38.3611,2.6912
300M,chip_365_309_merged.tif,0.4,3,1313129961,78,36.545,39.4172,2.8722
300M,chip_365_309_merged.tif,0.4,4,932523330,78,37.8181,39.5736,1.7554
300M,chip_365_309_merged.tif,0.6,0,1810990534,117,34.4402,36.98,2.5398
300M,chip_365_309_merged.tif,0.6,1,1430383903,117,37.2734,38.6902,1.4168
300M,chip_365_309_merged.tif,0.6,2,1049777272,117,33.9543,38.3388,4.3844
300M,chip_365_309_merged.tif,0.6,3,569831754,117,34.5438,37.7977,3.254
300M,chip_365_309_merged.tif,0.6,4,189225123,117,37.2315,36.8097,-0.4218
300M,chip_365_309_merged.tif,0.8,0,574798362,156,34.87,39.4463,4.5763
300M,chip_365_309_merged.tif,0.8,1,94852844,156,34.8469,38.3675,3.5206
300M,chip_365_309_merged.tif,0.8,2,1861729861,156,34.3748,38.2372,3.8624
300M,chip_365_309_merged.tif,0.8,3,1481123230,156,34.9385,35.4682,0.5297
300M,chip_365_309_merged.tif,0.8,4,1001177712,156,34.8736,37.2092,2.3356
300M,chip_366_348_merged.tif,0.2,0,2108565301,39,38.3428,41.5515,3.2087
300M,chip_366_348_merged.tif,0.2,1,1727958670,39,41.2437,42.0881,0.8444
300M,chip_366_348_merged.tif,0.2,2,1248013152,39,39.9946,41.3123,1.3177
300M,chip_366_348_merged.tif,0.2,3,867406521,39,37.4259,42.1358,4.7099
300M,chip_366_348_merged.tif,0.2,4,387461003,39,39.8156,41.7077,1.8921
300M,chip_366_348_merged.tif,0.4,0,1043290231,78,38.7758,41.2832,2.5074
300M,chip_366_348_merged.tif,0.4,1,662683600,78,38.4335,40.6936,2.2601
300M,chip_366_348_merged.tif,0.4,2,282076969,78,37.359,42.0391,4.68
300M,chip_366_348_merged.tif,0.4,3,1949615099,78,37.4867,40.8701,3.3834
300M,chip_366_348_merged.tif,0.4,4,1569008468,78,35.2374,41.1318,5.8944
300M,chip_366_348_merged.tif,0.6,0,1204651761,117,34.9453,40.5326,5.5872
300M,chip_366_348_merged.tif,0.6,1,724706243,117,34.5044,39.4635,4.9591
300M,chip_366_348_merged.tif,0.6,2,344099612,117,38.1776,39.2583,1.0807
300M,chip_366_348_merged.tif,0.6,3,2110976629,117,34.2308,40.6695,6.4387
300M,chip_366_348_merged.tif,0.6,4,1631031111,117,37.3398,38.9172,1.5774
300M,chip_366_348_merged.tif,0.8,0,722059565,156,37.5791,36.4218,-1.1573
300M,chip_366_348_merged.tif,0.8,1,341452934,156,34.7631,38.9205,4.1574
300M,chip_366_348_merged.tif,0.8,2,2008991064,156,34.5409,37.9763,3.4355
300M,chip_366_348_merged.tif,0.8,3,1628384433,156,37.3628,38.477,1.1143
300M,chip_366_348_merged.tif,0.8,4,1148438915,156,34.2037,38.4601,4.2565
300M,chip_366_355_merged.tif,0.2,0,819026546,39,41.2737,41.2514,-0.0222
300M,chip_366_355_merged.tif,0.2,1,339081028,39,37.1793,43.3756,6.1963
300M,chip_366_355_merged.tif,0.2,2,2105958045,39,45.6489,44.9949,-0.654
300M,chip_366_355_merged.tif,0.2,3,1725351414,39,45.6476,41.9201,-3.7275
300M,chip_366_355_merged.tif,0.2,4,1245405896,39,37.178,43.5729,6.3949
300M,chip_366_355_merged.tif,0.4,0,658411213,78,42.7925,41.1196,-1.6729
300M,chip_366_355_merged.tif,0.4,1,178465695,78,36.5145,41.8673,5.3528
300M,chip_366_355_merged.tif,0.4,2,1945342712,78,36.084,40.9671,4.8831
300M,chip_366_355_merged.tif,0.4,3,1465397194,78,36.9238,40.809,3.8852
300M,chip_366_355_merged.tif,0.4,4,1084790563,78,40.5581,40.5684,0.0103
300M,chip_366_355_merged.tif,0.6,0,2062596654,117,41.455,41.0701,-0.3848
300M,chip_366_355_merged.tif,0.6,1,1582651136,117,38.4632,40.6347,2.1715
300M,chip_366_355_merged.tif,0.6,2,1202044505,117,37.3569,41.6477,4.2908
300M,chip_366_355_merged.tif,0.6,3,722098987,117,40.3605,41.5859,1.2254
300M,chip_366_355_merged.tif,0.6,4,341492356,117,41.4502,41.4212,-0.029
300M,chip_366_355_merged.tif,0.8,0,1580004458,156,38.5601,40.2561,1.6959
300M,chip_366_355_merged.tif,0.8,1,1100058940,156,38.5754,40.5585,1.9831
300M,chip_366_355_merged.tif,0.8,2,719452309,156,36.9608,39.6443,2.6835
300M,chip_366_355_merged.tif,0.8,3,338845678,156,38.5772,39.7006,1.1234
300M,chip_366_355_merged.tif,0.8,4,2006383808,156,38.1644,39.4767,1.3123
300M,chip_370_342_merged.tif,0.2,0,331419987,39,37.7676,41.8125,4.0449
300M,chip_370_342_merged.tif,0.2,1,1998958117,39,36.9765,41.8191,4.8426
300M,chip_370_342_merged.tif,0.2,2,1618351486,39,33.2362,42.3324,9.0963
300M,chip_370_342_merged.tif,0.2,3,1138405968,39,36.9793,41.7696,4.7904
300M,chip_370_342_merged.tif,0.2,4,757799337,39,33.1461,41.7456,8.5995
300M,chip_370_342_merged.tif,0.4,0,71465767,78,37.9152,40.1795,2.2643
300M,chip_370_342_merged.tif,0.4,1,1838342784,78,36.0687,41.6475,5.5788
300M,chip_370_342_merged.tif,0.4,2,1358397266,78,34.5371,40.5832,6.0461
300M,chip_370_342_merged.tif,0.4,3,977790635,78,36.5689,39.8054,3.2365
300M,chip_370_342_merged.tif,0.4,4,597184004,78,36.5708,39.7146,3.1439
300M,chip_370_342_merged.tif,0.6,0,1475651208,117,35.6108,38.9054,3.2946
300M,chip_370_342_merged.tif,0.6,1,1095044577,117,37.3709,40.1567,2.7858
300M,chip_370_342_merged.tif,0.6,2,615099059,117,35.5012,38.7386,3.2374
300M,chip_370_342_merged.tif,0.6,3,234492428,117,37.2475,40.7629,3.5154
300M,chip_370_342_merged.tif,0.6,4,2001369445,117,35.6485,40.7569,5.1084
300M,chip_370_342_merged.tif,0.8,0,1092397899,156,36.3126,39.9634,3.6508
300M,chip_370_342_merged.tif,0.8,1,612452381,156,35.7536,39.0117,3.258
300M,chip_370_342_merged.tif,0.8,2,231845750,156,36.2646,37.8768,1.6122
300M,chip_370_342_merged.tif,0.8,3,1899383880,156,36.5973,38.6191,2.0217
300M,chip_370_342_merged.tif,0.8,4,1518777249,156,35.7449,37.3931,1.6481
300M,chip_370_343_merged.tif,0.2,0,15342480,39,35.3491,34.7798,-0.5693
300M,chip_370_343_merged.tif,0.2,1,1682880610,39,32.9019,37.9119,5.0101
300M,chip_370_343_merged.tif,0.2,2,1302273979,39,37.2719,37.8485,0.5766
300M,chip_370_343_merged.tif,0.2,3,921667348,39,33.6031,39.0311,5.428
300M,chip_370_343_merged.tif,0.2,4,441721830,39,37.2731,39.1913,1.9182
300M,chip_370_343_merged.tif,0.4,0,2002210795,78,32.5625,37.5259,4.9634
300M,chip_370_343_merged.tif,0.4,1,1522265277,78,32.5626,37.8561,5.2934
300M,chip_370_343_merged.tif,0.4,2,1141658646,78,36.1595,37.1815,1.022
300M,chip_370_343_merged.tif,0.4,3,661713128,78,36.6242,36.7545,0.1304
300M,chip_370_343_merged.tif,0.4,4,281106497,78,36.1583,36.1066,-0.0517
300M,chip_370_343_merged.tif,0.6,0,1258912588,117,32.6689,37.0214,4.3524
300M,chip_370_343_merged.tif,0.6,1,778967070,117,36.1066,35.6584,-0.4482
300M,chip_370_343_merged.tif,0.6,2,398360439,117,33.4774,36.8474,3.37
300M,chip_370_343_merged.tif,0.6,3,2065898569,117,32.9182,36.9606,4.0424
300M,chip_370_343_merged.tif,0.6,4,1685291938,117,34.548,33.9922,-0.5558
300M,chip_370_343_merged.tif,0.8,0,776320392,156,33.574,33.0497,-0.5243
300M,chip_370_343_merged.tif,0.8,1,296374874,156,32.7111,34.1695,1.4584
300M,chip_370_343_merged.tif,0.8,2,2063251891,156,33.5711,35.1788,1.6077
300M,chip_370_343_merged.tif,0.8,3,1682645260,156,32.7887,34.5941,1.8054
300M,chip_370_343_merged.tif,0.8,4,1202699742,156,33.6244,33.9084,0.284
300M,chip_370_348_merged.tif,0.2,0,1510048572,39,43.3052,44.6812,1.376
300M,chip_370_348_merged.tif,0.2,1,1030103054,39,35.7869,44.0034,8.2165
300M,chip_370_348_merged.tif,0.2,2,649496423,39,41.4064,43.2614,1.855
300M,chip_370_348_merged.tif,0.2,3,169550905,39,40.2099,43.8543,3.6444
300M,chip_370_348_merged.tif,0.2,4,1936427922,39,43.3074,44.2355,0.9281
300M,chip_370_348_merged.tif,0.4,0,1250094352,78,41.072,43.1386,2.0666
300M,chip_370_348_merged.tif,0.4,1,869487721,78,40.0541,43.224,3.1699
300M,chip_370_348_merged.tif,0.4,2,389542203,78,38.6334,42.4405,3.8071
300M,chip_370_348_merged.tif,0.4,3,8935572,78,35.7628,42.5401,6.7773
300M,chip_370_348_merged.tif,0.4,4,1775812589,78,38.7914,43.8672,5.0759
300M,chip_370_348_merged.tif,0.6,0,506796145,117,38.3643,41.7457,3.3814
300M,chip_370_348_merged.tif,0.6,1,126189514,117,38.3868,42.8582,4.4714
300M,chip_370_348_merged.tif,0.6,2,1793727644,117,38.5671,41.6155,3.0484
300M,chip_370_348_merged.tif,0.6,3,1413121013,117,38.9638,41.1813,2.2175
300M,chip_370_348_merged.tif,0.6,4,1032514382,117,39.0474,39.0524,0.005
300M,chip_370_348_merged.tif,0.8,0,24203949,156,38.0519,39.6992,1.6473
300M,chip_370_348_merged.tif,0.8,1,1791080966,156,37.5841,39.5016,1.9175
300M,chip_370_348_merged.tif,0.8,2,1410474335,156,37.07,40.2136,3.1436
300M,chip_370_348_merged.tif,0.8,3,930528817,156,37.0394,39.2448,2.2054
300M,chip_370_348_merged.tif,0.8,4,549922186,156,37.793,40.3485,2.5555
300M,chip_373_294_merged.tif,0.2,0,709742904,39,34.7443,37.6352,2.891
300M,chip_373_294_merged.tif,0.2,1,329136273,39,35.1102,38.5355,3.4254
300M,chip_373_294_merged.tif,0.2,2,2096013290,39,34.5087,36.98,2.4713
300M,chip_373_294_merged.tif,0.2,3,1616067772,39,36.5037,38.3071,1.8034
300M,chip_373_294_merged.tif,0.2,4,1235461141,39,35.1105,35.6573,0.5468
300M,chip_373_294_merged.tif,0.4,0,1891290369,78,35.1316,38.9317,3.8001
300M,chip_373_294_merged.tif,0.4,1,1411344851,78,34.8033,38.1601,3.3569
300M,chip_373_294_merged.tif,0.4,2,1030738220,78,34.6832,40.766,6.0828
300M,chip_373_294_merged.tif,0.4,3,650131589,78,34.6793,37.0649,2.3856
300M,chip_373_294_merged.tif,0.4,4,170186071,78,34.6812,40.2196,5.5383
300M,chip_373_294_merged.tif,0.6,0,1953313012,117,34.1673,36.2202,2.0529
300M,chip_373_294_merged.tif,0.6,1,1572706381,117,35.4132,36.7533,1.3401
300M,chip_373_294_merged.tif,0.6,2,1092760863,117,34.5401,39.374,4.8339
300M,chip_373_294_merged.tif,0.6,3,712154232,117,35.1418,36.3514,1.2096
300M,chip_373_294_merged.tif,0.6,4,232208714,117,35.2291,40.9327,5.7036
300M,chip_373_294_merged.tif,0.8,0,1470720816,156,34.5117,36.0326,1.5209
300M,chip_373_294_merged.tif,0.8,1,1090114185,156,34.3054,37.2026,2.8972
300M,chip_373_294_merged.tif,0.8,2,709507554,156,34.4726,35.7984,1.3258
300M,chip_373_294_merged.tif,0.8,3,229562036,156,35.024,36.6617,1.6378
300M,chip_373_294_merged.tif,0.8,4,1996439053,156,34.4451,36.6425,2.1974
300M,chip_377_349_merged.tif,0.2,0,1319849621,39,36.9387,37.5318,0.5931
300M,chip_377_349_merged.tif,0.2,1,939242990,39,36.6924,39.4525,2.7601
300M,chip_377_349_merged.tif,0.2,2,459297472,39,34.9076,37.6665,2.7589
300M,chip_377_349_merged.tif,0.2,3,78690841,39,39.9144,34.1294,-5.785
300M,chip_377_349_merged.tif,0.2,4,1746228971,39,34.8052,38.8417,4.0365
300M,chip_377_349_merged.tif,0.4,0,353913438,78,32.5816,38.8851,6.3034
300M,chip_377_349_merged.tif,0.4,1,2021451568,78,36.29,39.9446,3.6546
300M,chip_377_349_merged.tif,0.4,2,1640844937,78,35.0552,39.5194,4.4641
300M,chip_377_349_merged.tif,0.4,3,1160899419,78,36.2901,38.8613,2.5712
300M,chip_377_349_merged.tif,0.4,4,780292788,78,36.0485,38.2814,2.2329
300M,chip_377_349_merged.tif,0.6,0,415936081,117,34.0658,35.8323,1.7665
300M,chip_377_349_merged.tif,0.6,1,2083474211,117,34.297,37.3151,3.0181
300M,chip_377_349_merged.tif,0.6,2,1702867580,117,35.9489,38.2075,2.2586
300M,chip_377_349_merged.tif,0.6,3,1322260949,117,35.3186,34.5123,-0.8063
300M,chip_377_349_merged.tif,0.6,4,842315431,117,33.0854,35.2744,2.189
300M,chip_377_349_merged.tif,0.8,0,2080827533,156,33.9473,36.3056,2.3584
300M,chip_377_349_merged.tif,0.8,1,1700220902,156,33.9361,35.447,1.5109
300M,chip_377_349_merged.tif,0.8,2,1220275384,156,33.9556,35.4961,1.5406
300M,chip_377_349_merged.tif,0.8,3,839668753,156,33.8823,34.1544,0.272
300M,chip_377_349_merged.tif,0.8,4,359723235,156,33.8664,36.2457,2.3793
300M,chip_379_328_merged.tif,0.2,0,174160109,39,35.2544,38.1973,2.9429
300M,chip_379_328_merged.tif,0.2,1,1941037126,39,33.9569,38.8099,4.853
300M,chip_379_328_merged.tif,0.2,2,1560430495,39,37.084,37.7319,0.6479
300M,chip_379_328_merged.tif,0.2,3,1080484977,39,34.1688,38.341,4.1721
300M,chip_379_328_merged.tif,0.2,4,699878346,39,34.9369,38.0452,3.1083
300M,chip_379_328_merged.tif,0.4,0,1355707574,78,33.8574,37.2297,3.3724
300M,chip_379_328_merged.tif,0.4,1,875762056,78,33.3511,37.124,3.7728
300M,chip_379_328_merged.tif,0.4,2,495155425,78,34.6473,37.4621,2.8148
300M,chip_379_328_merged.tif,0.4,3,114548794,78,34.1723,37.2682,3.0959
300M,chip_379_328_merged.tif,0.4,4,1782086924,78,34.1731,38.4177,4.2446
300M,chip_379_328_merged.tif,0.6,0,1417730217,117,34.4644,36.7042,2.2398
300M,chip_379_328_merged.tif,0.6,1,1037123586,117,32.4166,36.6877,4.2711
300M,chip_379_328_merged.tif,0.6,2,557178068,117,33.6549,36.686,3.031
300M,chip_379_328_merged.tif,0.6,3,176571437,117,33.5321,36.2281,2.696
300M,chip_379_328_merged.tif,0.6,4,1943448454,117,33.1501,36.7101,3.56
300M,chip_379_328_merged.tif,0.8,0,935138021,156,32.547,34.5417,1.9947
300M,chip_379_328_merged.tif,0.8,1,554531390,156,33.2457,34.8365,1.5908
300M,chip_379_328_merged.tif,0.8,2,173924759,156,33.185,35.7208,2.5358
300M,chip_379_328_merged.tif,0.8,3,1841462889,156,32.5026,34.7529,2.2504
300M,chip_379_328_merged.tif,0.8,4,1460856258,156,33.8061,35.0067,1.2006
300M,chip_396_322_merged.tif,0.2,0,1675059455,39,40.8339,38.8648,-1.9691
300M,chip_396_322_merged.tif,0.2,1,1294452824,39,36.4275,38.7882,2.3607
300M,chip_396_322_merged.tif,0.2,2,814507306,39,35.3764,38.7973,3.4209
300M,chip_396_322_merged.tif,0.2,3,433900675,39,36.27,38.1534,1.8834
300M,chip_396_322_merged.tif,0.2,4,2101438805,39,37.4205,40.035,2.6145
300M,chip_396_322_merged.tif,0.4,0,1514444122,78,36.4401,38.6065,2.1665
300M,chip_396_322_merged.tif,0.4,1,1034498604,78,37.0195,38.8379,1.8184
300M,chip_396_322_merged.tif,0.4,2,653891973,78,35.7772,38.4236,2.6464
300M,chip_396_322_merged.tif,0.4,3,173946455,78,36.7062,39.1343,2.4281
300M,chip_396_322_merged.tif,0.4,4,1940823472,78,37.4428,40.1733,2.7304
300M,chip_396_322_merged.tif,0.6,0,771145915,117,34.9095,38.5115,3.602
300M,chip_396_322_merged.tif,0.6,1,291200397,117,35.8786,38.7848,2.9062
300M,chip_396_322_merged.tif,0.6,2,2058077414,117,35.1476,38.0485,2.9009
300M,chip_396_322_merged.tif,0.6,3,1677470783,117,35.1531,38.428,3.2749
300M,chip_396_322_merged.tif,0.6,4,1197525265,117,34.9856,37.1502,2.1647
300M,chip_396_322_merged.tif,0.8,0,288553719,156,35.7521,36.8874,1.1353
300M,chip_396_322_merged.tif,0.8,1,2055430736,156,34.809,36.4327,1.6238
300M,chip_396_322_merged.tif,0.8,2,1575485218,156,33.9166,37.1992,3.2827
300M,chip_396_322_merged.tif,0.8,3,1194878587,156,35.2838,37.0651,1.7813
300M,chip_396_322_merged.tif,0.8,4,714933069,156,35.722,37.7201,1.9982
300M,chip_419_323_merged.tif,0.2,0,1212582422,39,32.0891,33.0979,1.0088
300M,chip_419_323_merged.tif,0.2,1,831975791,39,32.6419,33.6905,1.0486
300M,chip_419_323_merged.tif,0.2,2,352030273,39,30.6775,33.1064,2.4289
300M,chip_419_323_merged.tif,0.2,3,2118907290,39,31.1605,33.8586,2.6981
300M,chip_419_323_merged.tif,0.2,4,1638961772,39,31.4344,32.9579,1.5235
300M,chip_419_323_merged.tif,0.4,0,147307352,78,30.7537,33.6519,2.8982
300M,chip_419_323_merged.tif,0.4,1,1914184369,78,30.4633,33.0342,2.5709
300M,chip_419_323_merged.tif,0.4,2,1533577738,78,30.5758,32.8782,2.3024
300M,chip_419_323_merged.tif,0.4,3,1053632220,78,30.0943,32.8552,2.7609
300M,chip_419_323_merged.tif,0.4,4,673025589,78,30.6139,32.5713,1.9574
300M,chip_419_323_merged.tif,0.6,0,308668882,117,30.2947,32.1656,1.8709
300M,chip_419_323_merged.tif,0.6,1,1976207012,117,30.3895,31.6153,1.2258
300M,chip_419_323_merged.tif,0.6,2,1595600381,117,30.2644,32.4965,2.232
300M,chip_419_323_merged.tif,0.6,3,1214993750,117,30.2621,32.2341,1.972
300M,chip_419_323_merged.tif,0.6,4,735048232,117,29.8016,32.511,2.7094
300M,chip_419_323_merged.tif,0.8,0,1973560334,156,30.5022,31.2222,0.7199
300M,chip_419_323_merged.tif,0.8,1,1592953703,156,30.2937,30.8268,0.533
300M,chip_419_323_merged.tif,0.8,2,1113008185,156,30.337,31.4264,1.0894
300M,chip_419_323_merged.tif,0.8,3,732401554,156,30.2898,31.1621,0.8723
300M,chip_419_323_merged.tif,0.8,4,252456036,156,30.2743,31.6622,1.3879
300M,chip_421_329_merged.tif,0.2,0,2041831978,39,37.1376,42.0049,4.8673
300M,chip_421_329_merged.tif,0.2,1,1661225347,39,42.9493,39.7771,-3.1723
300M,chip_421_329_merged.tif,0.2,2,1181279829,39,37.6876,41.8315,4.1438
300M,chip_421_329_merged.tif,0.2,3,800673198,39,37.1387,39.2997,2.161
300M,chip_421_329_merged.tif,0.2,4,320727680,39,34.1581,40.5796,6.4215
300M,chip_421_329_merged.tif,0.4,0,1075895795,78,34.691,41.5705,6.8796
300M,chip_421_329_merged.tif,0.4,1,595950277,78,34.9834,41.5004,6.517
300M,chip_421_329_merged.tif,0.4,2,215343646,78,41.2365,41.5576,0.321
300M,chip_421_329_merged.tif,0.4,3,1882881776,78,31.9067,41.2729,9.3662
300M,chip_421_329_merged.tif,0.4,4,1502275145,78,29.743,41.3307,11.5878
300M,chip_421_329_merged.tif,0.6,0,1137918438,117,33.309,41.2055,7.8965
300M,chip_421_329_merged.tif,0.6,1,757311807,117,33.2924,39.5949,6.3024
300M,chip_421_329_merged.tif,0.6,2,277366289,117,33.1794,41.6073,8.4279
300M,chip_421_329_merged.tif,0.6,3,2044243306,117,31.2651,38.7957,7.5306
300M,chip_421_329_merged.tif,0.6,4,1564297788,117,31.2588,40.2399,8.9812
300M,chip_421_329_merged.tif,0.8,0,655326242,156,32.6715,34.7319,2.0604
300M,chip_421_329_merged.tif,0.8,1,274719611,156,32.6184,35.5264,2.908
300M,chip_421_329_merged.tif,0.8,2,1942257741,156,32.6577,38.2071,5.5493
300M,chip_421_329_merged.tif,0.8,3,1561651110,156,34.0148,38.4804,4.4656
300M,chip_421_329_merged.tif,0.8,4,1081705592,156,32.6114,37.4851,4.8737
