backbone,chip,mask_ratio,trial,trial_seed,summer_masked,block_psnr,random_psnr,delta_rand_minus_block
tiny,chip_010_063_merged.tif,0.2,0,537862152,39,30.2887,35.1896,4.901
tiny,chip_010_063_merged.tif,0.2,1,157255521,39,37.3536,35.7239,-1.6296
tiny,chip_010_063_merged.tif,0.2,2,1824793651,39,33.3053,34.9122,1.6069
tiny,chip_010_063_merged.tif,0.2,3,1444187020,39,37.3546,34.2712,-3.0835
tiny,chip_010_063_merged.tif,0.2,4,964241502,39,29.8334,36.3519,6.5185
tiny,chip_010_063_merged.tif,0.4,0,377246819,78,34.2283,35.4158,1.1875
tiny,chip_010_063_merged.tif,0.4,1,2044784949,78,30.8189,34.8092,3.9903
tiny,chip_010_063_merged.tif,0.4,2,1664178318,78,31.9864,34.4332,2.4468
tiny,chip_010_063_merged.tif,0.4,3,1283571687,78,35.6891,35.3655,-0.3236
tiny,chip_010_063_merged.tif,0.4,4,803626169,78,31.3753,34.9589,3.5836
tiny,chip_010_063_merged.tif,0.6,0,1781432260,117,31.8267,34.2501,2.4234
tiny,chip_010_063_merged.tif,0.6,1,1301486742,117,31.5966,35.4338,3.8372
tiny,chip_010_063_merged.tif,0.6,2,920880111,117,31.1939,33.5807,2.3869
tiny,chip_010_063_merged.tif,0.6,3,540273480,117,31.7249,35.0763,3.3514
tiny,chip_010_063_merged.tif,0.6,4,60327962,117,32.0487,34.7796,2.731
tiny,chip_010_063_merged.tif,0.8,0,1298840064,156,32.363,34.4364,2.0734
tiny,chip_010_063_merged.tif,0.8,1,918233433,156,32.4734,34.3533,1.8799
tiny,chip_010_063_merged.tif,0.8,2,438287915,156,32.4731,33.7852,1.312
tiny,chip_010_063_merged.tif,0.8,3,57681284,156,31.9845,34.4174,2.4329
tiny,chip_010_063_merged.tif,0.8,4,1725219414,156,31.9794,34.4802,2.5008
tiny,chip_030_076_merged.tif,0.2,0,188996778,39,38.173,37.9617,-0.2112
tiny,chip_030_076_merged.tif,0.2,1,1856534908,39,38.4189,37.6078,-0.811
tiny,chip_030_076_merged.tif,0.2,2,1475928277,39,36.9418,38.2634,1.3216
tiny,chip_030_076_merged.tif,0.2,3,995982759,39,36.7777,37.6065,0.8287
tiny,chip_030_076_merged.tif,0.2,4,615376128,39,36.7777,37.7255,0.9478
tiny,chip_030_076_merged.tif,0.4,0,1271205356,78,37.8432,37.562,-0.2813
tiny,chip_030_076_merged.tif,0.4,1,890598725,78,37.8424,37.6736,-0.1689
tiny,chip_030_076_merged.tif,0.4,2,410653207,78,37.8189,38.2774,0.4585
tiny,chip_030_076_merged.tif,0.4,3,30046576,78,36.7817,38.1231,1.3413
tiny,chip_030_076_merged.tif,0.4,4,1697584706,78,37.3333,37.5561,0.2228
tiny,chip_030_076_merged.tif,0.6,0,1333227999,117,36.8278,37.9518,1.124
tiny,chip_030_076_merged.tif,0.6,1,952621368,117,37.0421,37.6867,0.6446
tiny,chip_030_076_merged.tif,0.6,2,572014737,117,36.9608,37.6321,0.6713
tiny,chip_030_076_merged.tif,0.6,3,92069219,117,36.6376,37.7164,1.0787
tiny,chip_030_076_merged.tif,0.6,4,1858946236,117,37.0435,37.865,0.8215
tiny,chip_030_076_merged.tif,0.8,0,949974690,156,37.1754,37.0536,-0.1218
tiny,chip_030_076_merged.tif,0.8,1,470029172,156,36.9793,37.2418,0.2625
tiny,chip_030_076_merged.tif,0.8,2,89422541,156,36.3914,37.3822,0.9908
tiny,chip_030_076_merged.tif,0.8,3,1756960671,156,36.3963,37.3601,0.9638
tiny,chip_030_076_merged.tif,0.8,4,1376354040,156,36.9823,37.4282,0.4459
tiny,chip_032_111_merged.tif,0.2,0,607217224,39,33.996,36.3178,2.3218
tiny,chip_032_111_merged.tif,0.2,1,226610593,39,33.1026,36.078,2.9754
tiny,chip_032_111_merged.tif,0.2,2,1894148723,39,30.8317,36.8457,6.014
tiny,chip_032_111_merged.tif,0.2,3,1513542092,39,36.3242,35.6417,-0.6825
tiny,chip_032_111_merged.tif,0.2,4,1033596574,39,36.3246,35.2092,-1.1153
tiny,chip_032_111_merged.tif,0.4,0,446601891,78,32.8778,35.3871,2.5093
tiny,chip_032_111_merged.tif,0.4,1,2114140021,78,35.1688,36.3769,1.2081
tiny,chip_032_111_merged.tif,0.4,2,1733533390,78,34.5466,35.3944,0.8479
tiny,chip_032_111_merged.tif,0.4,3,1352926759,78,35.1693,35.2301,0.0608
tiny,chip_032_111_merged.tif,0.4,4,872981241,78,35.1692,35.8338,0.6647
tiny,chip_032_111_merged.tif,0.6,0,1850787332,117,32.6668,34.4973,1.8306
tiny,chip_032_111_merged.tif,0.6,1,1370841814,117,33.0232,32.6842,-0.339
tiny,chip_032_111_merged.tif,0.6,2,990235183,117,35.6181,35.483,-0.135
tiny,chip_032_111_merged.tif,0.6,3,609628552,117,32.4963,35.388,2.8917
tiny,chip_032_111_merged.tif,0.6,4,129683034,117,32.6411,34.9838,2.3427
tiny,chip_032_111_merged.tif,0.8,0,1368195136,156,32.6262,32.7053,0.0792
tiny,chip_032_111_merged.tif,0.8,1,987588505,156,34.5218,34.1919,-0.3299
tiny,chip_032_111_merged.tif,0.8,2,507642987,156,34.5307,34.3657,-0.165
tiny,chip_032_111_merged.tif,0.8,3,127036356,156,32.7874,34.4491,1.6617
tiny,chip_032_111_merged.tif,0.8,4,1794574486,156,34.5188,33.0019,-1.5169
tiny,chip_032_183_merged.tif,0.2,0,108174139,39,40.3464,44.1481,3.8017
tiny,chip_032_183_merged.tif,0.2,1,1875051156,39,43.0965,43.7606,0.6641
tiny,chip_032_183_merged.tif,0.2,2,1494444525,39,44.788,43.3968,-1.3912
tiny,chip_032_183_merged.tif,0.2,3,1014499007,39,43.7962,42.4974,-1.2988
tiny,chip_032_183_merged.tif,0.2,4,633892376,39,40.4787,43.8935,3.4148
tiny,chip_032_183_merged.tif,0.4,0,2095042454,78,43.3134,43.3085,-0.005
tiny,chip_032_183_merged.tif,0.4,1,1714435823,78,45.009,44.1541,-0.8549
tiny,chip_032_183_merged.tif,0.4,2,1234490305,78,44.1311,43.9664,-0.1646
tiny,chip_032_183_merged.tif,0.4,3,853883674,78,44.1296,43.7485,-0.3811
tiny,chip_032_183_merged.tif,0.4,4,373938156,78,42.9036,43.8498,0.9461
tiny,chip_032_183_merged.tif,0.6,0,1351744247,117,42.335,43.5696,1.2345
tiny,chip_032_183_merged.tif,0.6,1,971137616,117,42.6697,43.7594,1.0897
tiny,chip_032_183_merged.tif,0.6,2,491192098,117,42.6964,44.1552,1.4588
tiny,chip_032_183_merged.tif,0.6,3,110585467,117,43.4754,43.5067,0.0312
tiny,chip_032_183_merged.tif,0.6,4,1877462484,117,43.9459,43.6556,-0.2903
tiny,chip_032_183_merged.tif,0.8,0,869152051,156,43.0401,43.8114,0.7713
tiny,chip_032_183_merged.tif,0.8,1,488545420,156,42.9939,43.3484,0.3546
tiny,chip_032_183_merged.tif,0.8,2,107938789,156,42.9819,43.4821,0.5002
tiny,chip_032_183_merged.tif,0.8,3,1775476919,156,42.9786,43.735,0.7564
tiny,chip_032_183_merged.tif,0.8,4,1394870288,156,41.1988,42.9871,1.7884
tiny,chip_036_147_merged.tif,0.2,0,1151733073,39,35.8252,36.834,1.0088
tiny,chip_036_147_merged.tif,0.2,1,671787555,39,36.3713,38.0311,1.6598
tiny,chip_036_147_merged.tif,0.2,2,291180924,39,34.2028,37.2915,3.0887
tiny,chip_036_147_merged.tif,0.2,3,2058057941,39,36.6353,37.7966,1.1613
tiny,chip_036_147_merged.tif,0.2,4,1578112423,39,34.7998,38.1456,3.3458
tiny,chip_036_147_merged.tif,0.4,0,991117740,78,36.2713,37.82,1.5487
tiny,chip_036_147_merged.tif,0.4,1,511172222,78,36.0018,37.3034,1.3016
tiny,chip_036_147_merged.tif,0.4,2,130565591,78,35.9144,36.9776,1.0632
tiny,chip_036_147_merged.tif,0.4,3,1798103721,78,32.6012,37.3336,4.7324
tiny,chip_036_147_merged.tif,0.4,4,1417497090,78,36.7318,36.1441,-0.5877
tiny,chip_036_147_merged.tif,0.6,0,1001419509,117,35.4665,36.9069,1.4404
tiny,chip_036_147_merged.tif,0.6,1,620812878,117,36.0347,36.7949,0.7601
tiny,chip_036_147_merged.tif,0.6,2,240206247,117,35.8871,37.3482,1.4611
tiny,chip_036_147_merged.tif,0.6,3,1907744377,117,36.1147,37.5507,1.436
tiny,chip_036_147_merged.tif,0.6,4,1527137746,117,36.2369,36.0339,-0.2031
tiny,chip_036_147_merged.tif,0.8,0,1912710985,156,35.3901,36.1749,0.7848
tiny,chip_036_147_merged.tif,0.8,1,1432765467,156,35.9174,34.7073,-1.2101
tiny,chip_036_147_merged.tif,0.8,2,1052158836,156,33.668,37.155,3.487
tiny,chip_036_147_merged.tif,0.8,3,671552205,156,35.9874,36.2692,0.2819
tiny,chip_036_147_merged.tif,0.8,4,191606687,156,35.9796,35.6632,-0.3164
tiny,chip_037_102_merged.tif,0.2,0,398483738,39,36.3424,37.9454,1.603
tiny,chip_037_102_merged.tif,0.2,1,17877107,39,32.8798,38.5997,5.7199
tiny,chip_037_102_merged.tif,0.2,2,1685415237,39,38.5923,38.5562,-0.036
tiny,chip_037_102_merged.tif,0.2,3,1304808606,39,36.3403,38.015,1.6746
tiny,chip_037_102_merged.tif,0.2,4,824863088,39,35.1783,39.0271,3.8488
tiny,chip_037_102_merged.tif,0.4,0,237868405,78,32.0631,36.3565,4.2934
tiny,chip_037_102_merged.tif,0.4,1,1905406535,78,32.5958,37.6398,5.044
tiny,chip_037_102_merged.tif,0.4,2,1524799904,78,31.9853,36.0764,4.0911
tiny,chip_037_102_merged.tif,0.4,3,1044854386,78,34.8273,38.3947,3.5674
tiny,chip_037_102_merged.tif,0.4,4,664247755,78,30.8788,38.1842,7.3054
tiny,chip_037_102_merged.tif,0.6,0,1642053846,117,32.4277,37.433,5.0053
tiny,chip_037_102_merged.tif,0.6,1,1162108328,117,33.6891,34.7186,1.0295
tiny,chip_037_102_merged.tif,0.6,2,781501697,117,32.9343,36.9416,4.0073
tiny,chip_037_102_merged.tif,0.6,3,301556179,117,34.1301,36.6179,2.4878
tiny,chip_037_102_merged.tif,0.6,4,2068433196,117,34.0675,37.9636,3.8962
tiny,chip_037_102_merged.tif,0.8,0,1159461650,156,32.1144,34.8116,2.6973
tiny,chip_037_102_merged.tif,0.8,1,778855019,156,32.5085,37.0014,4.4929
tiny,chip_037_102_merged.tif,0.8,2,298909501,156,31.5474,36.453,4.9056
tiny,chip_037_102_merged.tif,0.8,3,2065786518,156,32.1394,37.1341,4.9948
tiny,chip_037_102_merged.tif,0.8,4,1585841000,156,31.5569,34.2271,2.6701
tiny,chip_038_107_merged.tif,0.2,0,1677005883,39,36.5058,37.2366,0.7307
tiny,chip_038_107_merged.tif,0.2,1,1296399252,39,35.111,36.6421,1.5311
tiny,chip_038_107_merged.tif,0.2,2,816453734,39,35.1101,37.8016,2.6915
tiny,chip_038_107_merged.tif,0.2,3,435847103,39,34.9866,35.8938,0.9072
tiny,chip_038_107_merged.tif,0.2,4,55240472,39,29.9812,36.833,6.8518
tiny,chip_038_107_merged.tif,0.4,0,711069700,78,32.2361,37.1821,4.946
tiny,chip_038_107_merged.tif,0.4,1,231124182,78,34.9276,36.3052,1.3777
tiny,chip_038_107_merged.tif,0.4,2,1998001199,78,32.2419,36.7766,4.5347
tiny,chip_038_107_merged.tif,0.4,3,1617394568,78,31.5274,36.8441,5.3166
tiny,chip_038_107_merged.tif,0.4,4,1137449050,78,32.3355,36.852,4.5166
tiny,chip_038_107_merged.tif,0.6,0,2115255141,117,32.7883,35.2562,2.4678
tiny,chip_038_107_merged.tif,0.6,1,1635309623,117,34.0736,35.4483,1.3747
tiny,chip_038_107_merged.tif,0.6,2,1254702992,117,32.8268,36.4337,3.607
tiny,chip_038_107_merged.tif,0.6,3,874096361,117,32.3506,36.4504,4.0998
tiny,chip_038_107_merged.tif,0.6,4,394150843,117,33.986,36.4159,2.43
tiny,chip_038_107_merged.tif,0.8,0,1632662945,156,33.6897,35.7221,2.0324
tiny,chip_038_107_merged.tif,0.8,1,1252056314,156,31.5948,34.3896,2.7948
tiny,chip_038_107_merged.tif,0.8,2,772110796,156,32.2527,33.3099,1.0572
tiny,chip_038_107_merged.tif,0.8,3,391504165,156,31.7563,34.9211,3.1648
tiny,chip_038_107_merged.tif,0.8,4,2059042295,156,32.2622,34.8328,2.5706
tiny,chip_039_108_merged.tif,0.2,0,37686692,39,31.4372,35.9771,4.5398
tiny,chip_039_108_merged.tif,0.2,1,1804563709,39,31.435,36.5652,5.1302
tiny,chip_039_108_merged.tif,0.2,2,1324618191,39,34.767,36.5979,1.8309
tiny,chip_039_108_merged.tif,0.2,3,944011560,39,33.4114,36.3428,2.9315
tiny,chip_039_108_merged.tif,0.2,4,464066042,39,34.5242,37.184,2.6598
tiny,chip_039_108_merged.tif,0.4,0,2024555007,78,27.7954,36.5832,8.7878
tiny,chip_039_108_merged.tif,0.4,1,1544609489,78,27.7971,35.5981,7.8009
tiny,chip_039_108_merged.tif,0.4,2,1164002858,78,30.8379,35.8302,4.9923
tiny,chip_039_108_merged.tif,0.4,3,783396227,78,27.7959,36.9662,9.1703
tiny,chip_039_108_merged.tif,0.4,4,303450709,78,30.8344,35.9016,5.0672
tiny,chip_039_108_merged.tif,0.6,0,1281256800,117,29.118,33.7694,4.6514
tiny,chip_039_108_merged.tif,0.6,1,900650169,117,28.9623,35.4543,6.4921
tiny,chip_039_108_merged.tif,0.6,2,420704651,117,27.6093,35.8443,8.2351
tiny,chip_039_108_merged.tif,0.6,3,40098020,117,27.5906,35.9331,8.3425
tiny,chip_039_108_merged.tif,0.6,4,1707636150,117,28.5623,34.9811,6.4189
tiny,chip_039_108_merged.tif,0.8,0,798664604,156,29.6641,34.1762,4.512
tiny,chip_039_108_merged.tif,0.8,1,418057973,156,29.6693,31.1394,1.47
tiny,chip_039_108_merged.tif,0.8,2,2085596103,156,29.3142,34.9433,5.629
tiny,chip_039_108_merged.tif,0.8,3,1704989472,156,29.2918,32.8128,3.521
tiny,chip_039_108_merged.tif,0.8,4,1225043954,156,29.676,32.8374,3.1614
tiny,chip_039_111_merged.tif,0.2,0,1727264021,39,30.5923,36.869,6.2767
tiny,chip_039_111_merged.tif,0.2,1,1346657390,39,36.722,36.6305,-0.0915
tiny,chip_039_111_merged.tif,0.2,2,866711872,39,35.6203,37.4162,1.7959
tiny,chip_039_111_merged.tif,0.2,3,486105241,39,33.8972,36.6157,2.7185
tiny,chip_039_111_merged.tif,0.2,4,105498610,39,35.6218,36.6556,1.0338
tiny,chip_039_111_merged.tif,0.4,0,1566648688,78,34.7016,37.0079,2.3062
tiny,chip_039_111_merged.tif,0.4,1,1186042057,78,32.4606,37.1311,4.6705
tiny,chip_039_111_merged.tif,0.4,2,706096539,78,35.5381,36.4982,0.9601
tiny,chip_039_111_merged.tif,0.4,3,325489908,78,35.539,37.4013,1.8623
tiny,chip_039_111_merged.tif,0.4,4,1993028038,78,32.7668,36.6895,3.9227
tiny,chip_039_111_merged.tif,0.6,0,823350481,117,33.6791,36.4889,2.8098
tiny,chip_039_111_merged.tif,0.6,1,442743850,117,33.6494,36.9632,3.3138
tiny,chip_039_111_merged.tif,0.6,2,2110281980,117,34.3578,35.8469,1.4891
tiny,chip_039_111_merged.tif,0.6,3,1729675349,117,34.3797,37.3094,2.9297
tiny,chip_039_111_merged.tif,0.6,4,1249729831,117,33.6783,36.8502,3.1718
tiny,chip_039_111_merged.tif,0.8,0,340758285,156,34.6175,35.2076,0.5901
tiny,chip_039_111_merged.tif,0.8,1,2107635302,156,33.8606,34.4259,0.5653
tiny,chip_039_111_merged.tif,0.8,2,1627689784,156,34.0987,34.8779,0.7792
tiny,chip_039_111_merged.tif,0.8,3,1247083153,156,34.6329,35.9926,1.3596
tiny,chip_039_111_merged.tif,0.8,4,767137635,156,34.5456,35.8769,1.3312
tiny,chip_042_092_merged.tif,0.2,0,406649076,39,30.9691,36.1004,5.1313
tiny,chip_042_092_merged.tif,0.2,1,2074187206,39,33.7476,35.3639,1.6162
tiny,chip_042_092_merged.tif,0.2,2,1693580575,39,34.3269,36.0859,1.759
tiny,chip_042_092_merged.tif,0.2,3,1312973944,39,31.7455,35.5642,3.8186
tiny,chip_042_092_merged.tif,0.2,4,833028426,39,27.6123,34.5561,6.9438
tiny,chip_042_092_merged.tif,0.4,0,1488857654,78,31.467,36.2582,4.7912
tiny,chip_042_092_merged.tif,0.4,1,1108251023,78,31.4653,34.2953,2.83
tiny,chip_042_092_merged.tif,0.4,2,727644392,78,31.4715,33.6687,2.1972
tiny,chip_042_092_merged.tif,0.4,3,247698874,78,31.4679,35.5104,4.0425
tiny,chip_042_092_merged.tif,0.4,4,2014575891,78,25.6842,35.7185,10.0342
tiny,chip_042_092_merged.tif,0.6,0,1650219184,117,31.236,35.2837,4.0477
tiny,chip_042_092_merged.tif,0.6,1,1170273666,117,30.1126,35.4036,5.291
tiny,chip_042_092_merged.tif,0.6,2,789667035,117,29.833,34.3723,4.5394
tiny,chip_042_092_merged.tif,0.6,3,309721517,117,30.0883,32.7834,2.6951
tiny,chip_042_092_merged.tif,0.6,4,2076598534,117,29.7178,33.3173,3.5995
tiny,chip_042_092_merged.tif,0.8,0,1167626988,156,27.8375,32.5771,4.7396
tiny,chip_042_092_merged.tif,0.8,1,687681470,156,26.6967,31.5203,4.8236
tiny,chip_042_092_merged.tif,0.8,2,307074839,156,27.7536,31.0519,3.2983
tiny,chip_042_092_merged.tif,0.8,3,2073951856,156,29.74,30.5074,0.7674
tiny,chip_042_092_merged.tif,0.8,4,1594006338,156,29.9267,32.0746,2.148
tiny,chip_047_106_merged.tif,0.2,0,1540040360,39,34.6484,36.8525,2.2041
tiny,chip_047_106_merged.tif,0.2,1,1060094842,39,35.7649,37.2342,1.4692
tiny,chip_047_106_merged.tif,0.2,2,679488211,39,34.5482,36.3508,1.8026
tiny,chip_047_106_merged.tif,0.2,3,199542693,39,35.3323,37.2692,1.9369
tiny,chip_047_106_merged.tif,0.2,4,1966419710,39,34.6463,36.8148,2.1685
tiny,chip_047_106_merged.tif,0.4,0,1280086140,78,33.9526,36.2796,2.327
tiny,chip_047_106_merged.tif,0.4,1,899479509,78,33.4058,36.2946,2.8888
tiny,chip_047_106_merged.tif,0.4,2,419533991,78,33.5755,36.246,2.6705
tiny,chip_047_106_merged.tif,0.4,3,38927360,78,33.6441,36.3266,2.6824
tiny,chip_047_106_merged.tif,0.4,4,1805804377,78,33.9513,35.8758,1.9244
tiny,chip_047_106_merged.tif,0.6,0,536787933,117,33.4163,35.8089,2.3926
tiny,chip_047_106_merged.tif,0.6,1,156181302,117,33.8742,36.0185,2.1442
tiny,chip_047_106_merged.tif,0.6,2,1923058319,117,32.9721,35.1638,2.1917
tiny,chip_047_106_merged.tif,0.6,3,1443112801,117,32.8871,36.8291,3.942
tiny,chip_047_106_merged.tif,0.6,4,1062506170,117,33.419,35.6776,2.2587
tiny,chip_047_106_merged.tif,0.8,0,153534624,156,33.1206,35.3905,2.2699
tiny,chip_047_106_merged.tif,0.8,1,1821072754,156,33.1361,34.4268,1.2907
tiny,chip_047_106_merged.tif,0.8,2,1440466123,156,31.6523,33.7829,2.1306
tiny,chip_047_106_merged.tif,0.8,3,960520605,156,33.253,35.1991,1.9461
tiny,chip_047_106_merged.tif,0.8,4,579913974,156,33.115,34.7682,1.6532
tiny,chip_051_235_merged.tif,0.2,0,1828844630,39,32.3795,35.5292,3.1498
tiny,chip_051_235_merged.tif,0.2,1,1448237999,39,33.0618,36.8568,3.795
tiny,chip_051_235_merged.tif,0.2,2,968292481,39,32.1695,34.3954,2.2259
tiny,chip_051_235_merged.tif,0.2,3,587685850,39,33.5776,37.4114,3.8338
tiny,chip_051_235_merged.tif,0.2,4,107740332,39,30.7581,36.2655,5.5074
tiny,chip_051_235_merged.tif,0.4,0,763569560,78,31.0508,35.8763,4.8256
tiny,chip_051_235_merged.tif,0.4,1,382962929,78,35.4827,36.1947,0.712
tiny,chip_051_235_merged.tif,0.4,2,2356298,78,32.4033,35.2166,2.8133
tiny,chip_051_235_merged.tif,0.4,3,1669894428,78,32.4031,36.5145,4.1115
tiny,chip_051_235_merged.tif,0.4,4,1289287797,78,31.794,35.7388,3.9448
tiny,chip_051_235_merged.tif,0.6,0,924931090,117,31.6209,33.4866,1.8657
tiny,chip_051_235_merged.tif,0.6,1,444985572,117,31.5875,34.8011,3.2136
tiny,chip_051_235_merged.tif,0.6,2,64378941,117,32.2503,35.2029,2.9526
tiny,chip_051_235_merged.tif,0.6,3,1831255958,117,31.1288,35.2987,4.1699
tiny,chip_051_235_merged.tif,0.6,4,1351310440,117,31.7438,34.8377,3.0939
tiny,chip_051_235_merged.tif,0.8,0,442338894,156,29.8495,32.8714,3.0219
tiny,chip_051_235_merged.tif,0.8,1,61732263,156,31.9305,33.8125,1.8821
tiny,chip_051_235_merged.tif,0.8,2,1729270393,156,31.8928,32.4194,0.5267
tiny,chip_051_235_merged.tif,0.8,3,1348663762,156,32.3662,33.2657,0.8995
tiny,chip_051_235_merged.tif,0.8,4,868718244,156,29.8975,32.1424,2.2449
tiny,chip_053_176_merged.tif,0.2,0,1908118620,39,40.3609,40.5875,0.2266
tiny,chip_053_176_merged.tif,0.2,1,1428173102,39,39.9524,39.0903,-0.8621
tiny,chip_053_176_merged.tif,0.2,2,1047566471,39,39.6315,39.778,0.1465
tiny,chip_053_176_merged.tif,0.2,3,567620953,39,41.2348,41.2623,0.0275
tiny,chip_053_176_merged.tif,0.2,4,187014322,39,38.6256,39.3064,0.6807
tiny,chip_053_176_merged.tif,0.4,0,1648164400,78,39.2723,40.0681,0.7958
tiny,chip_053_176_merged.tif,0.4,1,1267557769,78,39.7858,39.584,-0.2019
tiny,chip_053_176_merged.tif,0.4,2,886951138,78,39.7841,39.3962,-0.388
tiny,chip_053_176_merged.tif,0.4,3,407005620,78,38.237,35.6101,-2.6269
tiny,chip_053_176_merged.tif,0.4,4,26398989,78,39.9964,40.786,0.7896
tiny,chip_053_176_merged.tif,0.6,0,904866193,117,37.0853,38.4095,1.3242
tiny,chip_053_176_merged.tif,0.6,1,524259562,117,38.3973,39.3679,0.9706
tiny,chip_053_176_merged.tif,0.6,2,143652931,117,36.9168,38.6597,1.7428
tiny,chip_053_176_merged.tif,0.6,3,1811191061,117,37.2342,38.1652,0.931
tiny,chip_053_176_merged.tif,0.6,4,1430584430,117,38.9068,38.6035,-0.3033
tiny,chip_053_176_merged.tif,0.8,0,521612884,156,34.9821,36.6211,1.639
tiny,chip_053_176_merged.tif,0.8,1,41667366,156,34.9857,37.6731,2.6874
tiny,chip_053_176_merged.tif,0.8,2,1808544383,156,34.9496,37.9835,3.0339
tiny,chip_053_176_merged.tif,0.8,3,1328598865,156,34.9419,36.3194,1.3776
tiny,chip_053_176_merged.tif,0.8,4,947992234,156,34.9987,38.118,3.1193
tiny,chip_054_264_merged.tif,0.2,0,547178488,39,34.7065,35.6427,0.9362
tiny,chip_054_264_merged.tif,0.2,1,67232970,39,34.1445,35.4906,1.346
tiny,chip_054_264_merged.tif,0.2,2,1834109987,39,33.58,36.4443,2.8643
tiny,chip_054_264_merged.tif,0.2,3,1354164469,39,37.3486,36.0174,-1.3312
tiny,chip_054_264_merged.tif,0.2,4,973557838,39,33.5824,36.3795,2.7971
tiny,chip_054_264_merged.tif,0.4,0,287224268,78,36.3277,36.0017,-0.326
tiny,chip_054_264_merged.tif,0.4,1,2054101285,78,35.4623,36.1241,0.6618
tiny,chip_054_264_merged.tif,0.4,2,1673494654,78,35.5148,36.1723,0.6575
tiny,chip_054_264_merged.tif,0.4,3,1193549136,78,35.7613,35.7626,0.0013
tiny,chip_054_264_merged.tif,0.4,4,812942505,78,35.4374,36.2157,0.7783
tiny,chip_054_264_merged.tif,0.6,0,1691409709,117,32.0439,35.3556,3.3117
tiny,chip_054_264_merged.tif,0.6,1,1310803078,117,34.9216,35.3157,0.3941
tiny,chip_054_264_merged.tif,0.6,2,930196447,117,34.3608,35.396,1.0352
tiny,chip_054_264_merged.tif,0.6,3,450250929,117,34.5816,35.7883,1.2067
tiny,chip_054_264_merged.tif,0.6,4,69644298,117,34.32,34.7592,0.4392
tiny,chip_054_264_merged.tif,0.8,0,1308156400,156,34.1085,34.9998,0.8913
tiny,chip_054_264_merged.tif,0.8,1,828210882,156,33.6743,35.0399,1.3656
tiny,chip_054_264_merged.tif,0.8,2,447604251,156,32.8458,35.136,2.2902
tiny,chip_054_264_merged.tif,0.8,3,2115142381,156,33.6964,34.5083,0.8119
tiny,chip_054_264_merged.tif,0.8,4,1734535750,156,33.6791,33.7424,0.0633
tiny,chip_055_200_merged.tif,0.2,0,2141417232,39,37.4691,40.2647,2.7955
tiny,chip_055_200_merged.tif,0.2,1,1661471714,39,39.6467,39.651,0.0042
tiny,chip_055_200_merged.tif,0.2,2,1280865083,39,38.997,39.0623,0.0653
tiny,chip_055_200_merged.tif,0.2,3,800919565,39,39.7617,39.5708,-0.1908
tiny,chip_055_200_merged.tif,0.2,4,420312934,39,39.7637,40.3809,0.6172
tiny,chip_055_200_merged.tif,0.4,0,1076142162,78,37.065,39.4673,2.4022
tiny,chip_055_200_merged.tif,0.4,1,695535531,78,38.5695,39.0241,0.4546
tiny,chip_055_200_merged.tif,0.4,2,215590013,78,38.4895,38.6298,0.1403
tiny,chip_055_200_merged.tif,0.4,3,1982467030,78,39.0565,39.0764,0.0198
tiny,chip_055_200_merged.tif,0.4,4,1502521512,78,39.0452,39.4984,0.4532
tiny,chip_055_200_merged.tif,0.6,0,1138164805,117,37.8561,38.6652,0.8091
tiny,chip_055_200_merged.tif,0.6,1,757558174,117,37.2384,39.1513,1.9129
tiny,chip_055_200_merged.tif,0.6,2,277612656,117,37.4267,38.4342,1.0075
tiny,chip_055_200_merged.tif,0.6,3,2044489673,117,36.3563,39.2287,2.8724
tiny,chip_055_200_merged.tif,0.6,4,1663883042,117,37.8132,38.8734,1.0602
tiny,chip_055_200_merged.tif,0.8,0,754911496,156,36.9458,38.2276,1.2817
tiny,chip_055_200_merged.tif,0.8,1,274965978,156,37.2525,38.7705,1.518
tiny,chip_055_200_merged.tif,0.8,2,2041842995,156,36.4177,37.5865,1.1688
tiny,chip_055_200_merged.tif,0.8,3,1561897477,156,37.2676,37.5996,0.332
tiny,chip_055_200_merged.tif,0.8,4,1181290846,156,37.0192,37.8079,0.7887
tiny,chip_055_202_merged.tif,0.2,0,505808435,39,37.7682,39.4673,1.6991
tiny,chip_055_202_merged.tif,0.2,1,25862917,39,38.3559,39.7322,1.3763
tiny,chip_055_202_merged.tif,0.2,2,1792739934,39,39.5664,39.3664,-0.2
tiny,chip_055_202_merged.tif,0.2,3,1412133303,39,39.5664,39.4205,-0.1459
tiny,chip_055_202_merged.tif,0.2,4,932187785,39,38.3118,39.872,1.5602
tiny,chip_055_202_merged.tif,0.4,0,345193102,78,37.5947,38.6176,1.0229
tiny,chip_055_202_merged.tif,0.4,1,2012731232,78,37.8107,38.6195,0.8087
tiny,chip_055_202_merged.tif,0.4,2,1632124601,78,38.2091,39.2368,1.0277
tiny,chip_055_202_merged.tif,0.4,3,1152179083,78,37.5947,39.289,1.6944
tiny,chip_055_202_merged.tif,0.4,4,771572452,78,37.6803,38.7775,1.0972
tiny,chip_055_202_merged.tif,0.6,0,1749378543,117,37.3262,39.2754,1.9492
tiny,chip_055_202_merged.tif,0.6,1,1269433025,117,33.8577,38.9698,5.1121
tiny,chip_055_202_merged.tif,0.6,2,888826394,117,38.186,39.3663,1.1803
tiny,chip_055_202_merged.tif,0.6,3,408880876,117,37.449,39.3421,1.8931
tiny,chip_055_202_merged.tif,0.6,4,28274245,117,36.6874,39.0114,2.324
tiny,chip_055_202_merged.tif,0.8,0,1266786347,156,37.0724,38.1821,1.1097
tiny,chip_055_202_merged.tif,0.8,1,786840829,156,36.7554,38.5291,1.7737
tiny,chip_055_202_merged.tif,0.8,2,406234198,156,37.0704,38.3312,1.2607
tiny,chip_055_202_merged.tif,0.8,3,25627567,156,37.0478,38.5205,1.4727
tiny,chip_055_202_merged.tif,0.8,4,1693165697,156,37.1135,38.1852,1.0717
tiny,chip_057_118_merged.tif,0.2,0,1253468612,39,34.9138,35.9577,1.0439
tiny,chip_057_118_merged.tif,0.2,1,773523094,39,34.0867,36.5447,2.458
tiny,chip_057_118_merged.tif,0.2,2,392916463,39,33.5138,34.9087,1.3949
tiny,chip_057_118_merged.tif,0.2,3,12309832,39,34.8131,36.5801,1.767
tiny,chip_057_118_merged.tif,0.2,4,1679847962,39,34.8113,36.86,2.0487
tiny,chip_057_118_merged.tif,0.4,0,1092853279,78,33.8461,36.0394,2.1933
tiny,chip_057_118_merged.tif,0.4,1,612907761,78,33.9548,36.0728,2.118
tiny,chip_057_118_merged.tif,0.4,2,232301130,78,33.1482,35.7682,2.62
tiny,chip_057_118_merged.tif,0.4,3,1899839260,78,33.8464,35.6963,1.8499
tiny,chip_057_118_merged.tif,0.4,4,1519232629,78,31.7512,36.7217,4.9705
tiny,chip_057_118_merged.tif,0.6,0,349555072,117,31.801,34.6745,2.8734
tiny,chip_057_118_merged.tif,0.6,1,2017093202,117,33.4609,35.0179,1.557
tiny,chip_057_118_merged.tif,0.6,2,1636486571,117,32.7893,35.5658,2.7766
tiny,chip_057_118_merged.tif,0.6,3,1156541053,117,31.848,34.5345,2.6865
tiny,chip_057_118_merged.tif,0.6,4,775934422,117,32.7705,35.0599,2.2894
tiny,chip_057_118_merged.tif,0.8,0,2014446524,156,31.5809,34.1182,2.5373
tiny,chip_057_118_merged.tif,0.8,1,1534501006,156,31.721,33.7634,2.0424
tiny,chip_057_118_merged.tif,0.8,2,1153894375,156,32.1006,32.7837,0.683
tiny,chip_057_118_merged.tif,0.8,3,773287744,156,31.7462,34.2419,2.4957
tiny,chip_057_118_merged.tif,0.8,4,293342226,156,32.1004,34.0068,1.9064
tiny,chip_058_191_merged.tif,0.2,0,1951246814,39,37.1714,39.6411,2.4698
tiny,chip_058_191_merged.tif,0.2,1,1570640183,39,36.943,40.1606,3.2176
tiny,chip_058_191_merged.tif,0.2,2,1090694665,39,37.4663,39.9755,2.5092
tiny,chip_058_191_merged.tif,0.2,3,710088034,39,37.1314,40.4422,3.3108
tiny,chip_058_191_merged.tif,0.2,4,329481403,39,39.1317,40.7324,1.6008
tiny,chip_058_191_merged.tif,0.4,0,1790631481,78,35.7253,39.5794,3.8541
tiny,chip_058_191_merged.tif,0.4,1,1410024850,78,36.4258,40.651,4.2252
tiny,chip_058_191_merged.tif,0.4,2,930079332,78,36.4887,39.0707,2.5819
tiny,chip_058_191_merged.tif,0.4,3,549472701,78,35.5281,39.7655,4.2374
tiny,chip_058_191_merged.tif,0.4,4,69527183,78,35.7227,39.6489,3.9262
tiny,chip_058_191_merged.tif,0.6,0,1047333274,117,34.6863,38.8954,4.2091
tiny,chip_058_191_merged.tif,0.6,1,666726643,117,34.7552,37.668,2.9128
tiny,chip_058_191_merged.tif,0.6,2,186781125,117,34.7382,39.4654,4.7272
tiny,chip_058_191_merged.tif,0.6,3,1953658142,117,34.7747,38.8082,4.0335
tiny,chip_058_191_merged.tif,0.6,4,1473712624,117,34.7995,37.8341,3.0347
tiny,chip_058_191_merged.tif,0.8,0,564741078,156,35.435,36.6116,1.1766
tiny,chip_058_191_merged.tif,0.8,1,184134447,156,35.4142,37.7005,2.2862
tiny,chip_058_191_merged.tif,0.8,2,1851672577,156,35.4971,35.8749,0.3778
tiny,chip_058_191_merged.tif,0.8,3,1471065946,156,33.1824,37.6345,4.4521
tiny,chip_058_191_merged.tif,0.8,4,1090459315,156,35.4538,36.4124,0.9586
tiny,chip_059_190_merged.tif,0.2,0,1308400236,39,40.2853,41.2533,0.968
tiny,chip_059_190_merged.tif,0.2,1,927793605,39,38.8267,41.7321,2.9054
tiny,chip_059_190_merged.tif,0.2,2,447848087,39,39.7592,42.054,2.2947
tiny,chip_059_190_merged.tif,0.2,3,67241456,39,40.9261,41.686,0.7599
tiny,chip_059_190_merged.tif,0.2,4,1834118473,39,37.5521,41.5323,3.9802
tiny,chip_059_190_merged.tif,0.4,0,342464053,78,37.1214,41.4475,4.326
tiny,chip_059_190_merged.tif,0.4,1,2010002183,78,34.9441,41.554,6.6099
tiny,chip_059_190_merged.tif,0.4,2,1629395552,78,40.6408,41.5249,0.8841
tiny,chip_059_190_merged.tif,0.4,3,1149450034,78,38.328,40.5746,2.2465
tiny,chip_059_190_merged.tif,0.4,4,768843403,78,40.6428,41.2757,0.6329
tiny,chip_059_190_merged.tif,0.6,0,404486696,117,36.0345,39.5164,3.4819
tiny,chip_059_190_merged.tif,0.6,1,23880065,117,40.0628,41.1465,1.0837
tiny,chip_059_190_merged.tif,0.6,2,1691418195,117,37.9593,41.0775,3.1182
tiny,chip_059_190_merged.tif,0.6,3,1310811564,117,38.7955,41.0171,2.2216
tiny,chip_059_190_merged.tif,0.6,4,830866046,117,38.401,39.873,1.472
tiny,chip_059_190_merged.tif,0.8,0,2069378148,156,35.2464,38.7974,3.551
tiny,chip_059_190_merged.tif,0.8,1,1688771517,156,35.212,40.5143,5.3023
tiny,chip_059_190_merged.tif,0.8,2,1208825999,156,36.0189,39.4393,3.4204
tiny,chip_059_190_merged.tif,0.8,3,828219368,156,38.1161,39.7628,1.6466
tiny,chip_059_190_merged.tif,0.8,4,447612737,156,36.0792,39.4403,3.3611
tiny,chip_060_083_merged.tif,0.2,0,1486563561,39,32.575,34.8237,2.2486
tiny,chip_060_083_merged.tif,0.2,1,1105956930,39,31.7365,34.461,2.7245
tiny,chip_060_083_merged.tif,0.2,2,626011412,39,30.1566,35.6135,5.4569
tiny,chip_060_083_merged.tif,0.2,3,245404781,39,30.1582,35.8127,5.6546
tiny,chip_060_083_merged.tif,0.2,4,1912942911,39,34.5922,34.6093,0.0171
tiny,chip_060_083_merged.tif,0.4,0,520627378,78,32.2122,34.7008,2.4886
tiny,chip_060_083_merged.tif,0.4,1,40681860,78,31.7418,34.9921,3.2503
tiny,chip_060_083_merged.tif,0.4,2,1807558877,78,28.7754,34.988,6.2127
tiny,chip_060_083_merged.tif,0.4,3,1327613359,78,28.0468,35.2951,7.2483
tiny,chip_060_083_merged.tif,0.4,4,947006728,78,29.6102,35.203,5.5928
tiny,chip_060_083_merged.tif,0.6,0,582650021,117,28.7649,34.8743,6.1094
tiny,chip_060_083_merged.tif,0.6,1,102704503,117,28.7647,33.6928,4.9281
tiny,chip_060_083_merged.tif,0.6,2,1869581520,117,29.9462,34.1344,4.1882
tiny,chip_060_083_merged.tif,0.6,3,1488974889,117,31.0341,33.8282,2.7941
tiny,chip_060_083_merged.tif,0.6,4,1009029371,117,27.643,34.0665,6.4235
tiny,chip_060_083_merged.tif,0.8,0,100057825,156,26.5177,31.7359,5.2182
tiny,chip_060_083_merged.tif,0.8,1,1866934842,156,26.7825,31.5025,4.72
tiny,chip_060_083_merged.tif,0.8,2,1386989324,156,28.7887,32.779,3.9903
tiny,chip_060_083_merged.tif,0.8,3,1006382693,156,28.8501,31.4358,2.5857
tiny,chip_060_083_merged.tif,0.8,4,526437175,156,27.9048,30.0421,2.1373
tiny,chip_060_117_merged.tif,0.2,0,360470457,39,33.2436,37.7811,4.5375
tiny,chip_060_117_merged.tif,0.2,1,2028008587,39,39.9229,37.8408,-2.0821
tiny,chip_060_117_merged.tif,0.2,2,1647401956,39,39.9278,37.8281,-2.0997
tiny,chip_060_117_merged.tif,0.2,3,1167456438,39,32.8026,37.6855,4.8829
tiny,chip_060_117_merged.tif,0.2,4,786849807,39,33.9364,37.9584,4.022
tiny,chip_060_117_merged.tif,0.4,0,100516237,78,38.0853,37.7911,-0.2942
tiny,chip_060_117_merged.tif,0.4,1,1867393254,78,32.6134,37.358,4.7446
tiny,chip_060_117_merged.tif,0.4,2,1387447736,78,37.9612,37.7599,-0.2014
tiny,chip_060_117_merged.tif,0.4,3,1006841105,78,37.9605,37.7432,-0.2173
tiny,chip_060_117_merged.tif,0.4,4,626234474,78,37.8523,36.5085,-1.3438
tiny,chip_060_117_merged.tif,0.6,0,1504701678,117,32.9991,36.7493,3.7502
tiny,chip_060_117_merged.tif,0.6,1,1124095047,117,32.8354,35.8254,2.9899
tiny,chip_060_117_merged.tif,0.6,2,644149529,117,34.5636,35.8408,1.2771
tiny,chip_060_117_merged.tif,0.6,3,263542898,117,32.7776,35.5395,2.7619
tiny,chip_060_117_merged.tif,0.6,4,2030419915,117,32.8684,36.6934,3.825
tiny,chip_060_117_merged.tif,0.8,0,1121448369,156,32.5831,35.5437,2.9606
tiny,chip_060_117_merged.tif,0.8,1,641502851,156,32.0462,35.3798,3.3336
tiny,chip_060_117_merged.tif,0.8,2,260896220,156,32.8623,35.3331,2.4708
tiny,chip_060_117_merged.tif,0.8,3,1928434350,156,32.9066,35.0883,2.1817
tiny,chip_060_117_merged.tif,0.8,4,1547827719,156,32.579,36.1002,3.5212
tiny,chip_060_118_merged.tif,0.2,0,265138011,39,37.2981,38.1222,0.8241
tiny,chip_060_118_merged.tif,0.2,1,2032015028,39,37.8992,38.6538,0.7546
tiny,chip_060_118_merged.tif,0.2,2,1552069510,39,36.5035,37.8161,1.3127
tiny,chip_060_118_merged.tif,0.2,3,1171462879,39,39.4661,37.8504,-1.6157
tiny,chip_060_118_merged.tif,0.2,4,790856248,39,38.8011,37.5764,-1.2247
tiny,chip_060_118_merged.tif,0.4,0,1446685476,78,37.3829,38.0083,0.6254
tiny,chip_060_118_merged.tif,0.4,1,966739958,78,36.6637,38.4897,1.826
tiny,chip_060_118_merged.tif,0.4,2,586133327,78,35.9437,38.3719,2.4282
tiny,chip_060_118_merged.tif,0.4,3,106187809,78,37.383,38.299,0.9161
tiny,chip_060_118_merged.tif,0.4,4,1873064826,78,37.9063,38.0534,0.1472
tiny,chip_060_118_merged.tif,0.6,0,1508708119,117,35.9565,38.1279,2.1714
tiny,chip_060_118_merged.tif,0.6,1,1128101488,117,35.4268,37.8077,2.3809
tiny,chip_060_118_merged.tif,0.6,2,648155970,117,37.6841,37.8791,0.195
tiny,chip_060_118_merged.tif,0.6,3,267549339,117,36.2039,37.6356,1.4317
tiny,chip_060_118_merged.tif,0.6,4,1935087469,117,37.7032,37.7855,0.0823
tiny,chip_060_118_merged.tif,0.8,0,173177060,156,36.4474,36.1409,-0.3065
tiny,chip_060_118_merged.tif,0.8,1,1940054077,156,35.1916,36.8398,1.6483
tiny,chip_060_118_merged.tif,0.8,2,1559447446,156,35.2346,37.207,1.9724
tiny,chip_060_118_merged.tif,0.8,3,1079501928,156,34.5358,36.6305,2.0947
tiny,chip_060_118_merged.tif,0.8,4,698895297,156,35.2144,36.052,0.8376
tiny,chip_063_116_merged.tif,0.2,0,1571533205,39,33.4007,35.5926,2.1919
tiny,chip_063_116_merged.tif,0.2,1,1190926574,39,33.3053,35.8325,2.5272
tiny,chip_063_116_merged.tif,0.2,2,710981056,39,33.3509,35.3246,1.9738
tiny,chip_063_116_merged.tif,0.2,3,330374425,39,33.1467,36.015,2.8682
tiny,chip_063_116_merged.tif,0.2,4,1997912555,39,33.1474,35.2663,2.1189
tiny,chip_063_116_merged.tif,0.4,0,1410917872,78,32.4899,35.1207,2.6309
tiny,chip_063_116_merged.tif,0.4,1,1030311241,78,32.4747,35.0254,2.5507
tiny,chip_063_116_merged.tif,0.4,2,550365723,78,33.5794,35.356,1.7767
tiny,chip_063_116_merged.tif,0.4,3,169759092,78,32.9711,34.8672,1.8961
tiny,chip_063_116_merged.tif,0.4,4,1837297222,78,31.2712,35.1491,3.8779
tiny,chip_063_116_merged.tif,0.6,0,667619665,117,32.6206,34.8046,2.184
tiny,chip_063_116_merged.tif,0.6,1,287013034,117,31.7079,34.7786,3.0707
tiny,chip_063_116_merged.tif,0.6,2,1954551164,117,31.9194,34.6625,2.7431
tiny,chip_063_116_merged.tif,0.6,3,1573944533,117,31.6981,33.9689,2.2708
tiny,chip_063_116_merged.tif,0.6,4,1093999015,117,32.2823,34.2399,1.9577
tiny,chip_063_116_merged.tif,0.8,0,1479572254,156,31.3307,33.5173,2.1866
tiny,chip_063_116_merged.tif,0.8,1,1098965623,156,32.2239,33.6638,1.4399
tiny,chip_063_116_merged.tif,0.8,2,718358992,156,30.9898,33.8799,2.8901
tiny,chip_063_116_merged.tif,0.8,3,238413474,156,31.0334,33.3633,2.33
tiny,chip_063_116_merged.tif,0.8,4,2005290491,156,31.2988,33.0525,1.7537
tiny,chip_064_067_merged.tif,0.2,0,51975544,39,33.449,40.1696,6.7206
tiny,chip_064_067_merged.tif,0.2,1,1719513674,39,37.7205,36.194,-1.5266
tiny,chip_064_067_merged.tif,0.2,2,1338907043,39,34.4413,35.8952,1.4539
tiny,chip_064_067_merged.tif,0.2,3,858961525,39,42.9485,35.1088,-7.8397
tiny,chip_064_067_merged.tif,0.2,4,478354894,39,37.7201,37.6862,-0.0339
tiny,chip_064_067_merged.tif,0.4,0,1134184122,78,32.1021,37.035,4.9328
tiny,chip_064_067_merged.tif,0.4,1,753577491,78,35.8812,38.0994,2.2181
tiny,chip_064_067_merged.tif,0.4,2,273631973,78,40.7778,36.9368,-3.841
tiny,chip_064_067_merged.tif,0.4,3,2040508990,78,38.9967,35.0535,-3.9431
tiny,chip_064_067_merged.tif,0.4,4,1560563472,78,34.5358,36.082,1.5462
tiny,chip_064_067_merged.tif,0.6,0,1196206765,117,36.1289,35.187,-0.9419
tiny,chip_064_067_merged.tif,0.6,1,815600134,117,32.5382,36.1619,3.6236
tiny,chip_064_067_merged.tif,0.6,2,434993503,117,31.2319,34.1115,2.8796
tiny,chip_064_067_merged.tif,0.6,3,2102531633,117,31.8366,36.5331,4.6966
tiny,chip_064_067_merged.tif,0.6,4,1721925002,117,32.5421,36.2422,3.7001
tiny,chip_064_067_merged.tif,0.8,0,812953456,156,31.6879,36.6651,4.9772
tiny,chip_064_067_merged.tif,0.8,1,333007938,156,34.5703,34.7862,0.2159
tiny,chip_064_067_merged.tif,0.8,2,2099884955,156,24.0134,35.0822,11.0688
tiny,chip_064_067_merged.tif,0.8,3,1619939437,156,23.9839,31.5627,7.5788
tiny,chip_064_067_merged.tif,0.8,4,1239332806,156,23.9866,34.5676,10.581
tiny,chip_064_120_merged.tif,0.2,0,2022888425,39,34.3611,36.8973,2.5363
tiny,chip_064_120_merged.tif,0.2,1,1642281794,39,34.4435,35.7888,1.3453
tiny,chip_064_120_merged.tif,0.2,2,1162336276,39,36.5189,36.6144,0.0955
tiny,chip_064_120_merged.tif,0.2,3,781729645,39,35.9636,35.9484,-0.0152
tiny,chip_064_120_merged.tif,0.2,4,401123014,39,35.0558,37.0234,1.9676
tiny,chip_064_120_merged.tif,0.4,0,1862273092,78,32.7046,35.8435,3.1389
tiny,chip_064_120_merged.tif,0.4,1,1481666461,78,33.2915,36.1007,2.8092
tiny,chip_064_120_merged.tif,0.4,2,1001720943,78,34.6013,36.3942,1.7929
tiny,chip_064_120_merged.tif,0.4,3,621114312,78,32.4381,35.9994,3.5612
tiny,chip_064_120_merged.tif,0.4,4,141168794,78,33.4694,35.7915,2.3221
tiny,chip_064_120_merged.tif,0.6,0,1118974885,117,33.1239,35.6643,2.5404
tiny,chip_064_120_merged.tif,0.6,1,738368254,117,33.1384,34.693,1.5546
tiny,chip_064_120_merged.tif,0.6,2,258422736,117,32.2792,34.3243,2.0451
tiny,chip_064_120_merged.tif,0.6,3,2025299753,117,31.8993,35.4824,3.5832
tiny,chip_064_120_merged.tif,0.6,4,1545354235,117,32.124,35.1252,3.0012
tiny,chip_064_120_merged.tif,0.8,0,636382689,156,32.0819,33.9696,1.8877
tiny,chip_064_120_merged.tif,0.8,1,255776058,156,31.2409,33.5047,2.2638
tiny,chip_064_120_merged.tif,0.8,2,1923314188,156,31.4451,34.1411,2.696
tiny,chip_064_120_merged.tif,0.8,3,1542707557,156,31.2616,33.6945,2.4329
tiny,chip_064_120_merged.tif,0.8,4,1162100926,156,31.2585,34.3398,3.0812
tiny,chip_064_352_merged.tif,0.2,0,510494472,39,30.162,31.3596,1.1976
tiny,chip_064_352_merged.tif,0.2,1,129887841,39,30.8243,31.0071,0.1829
tiny,chip_064_352_merged.tif,0.2,2,1896764858,39,29.8449,31.7986,1.9537
tiny,chip_064_352_merged.tif,0.2,3,1416819340,39,27.4915,31.1013,3.6098
tiny,chip_064_352_merged.tif,0.2,4,1036212709,39,30.6987,31.2715,0.5727
tiny,chip_064_352_merged.tif,0.4,0,349879139,78,29.1365,30.3096,1.1731
tiny,chip_064_352_merged.tif,0.4,1,2116756156,78,27.5704,31.1306,3.5602
tiny,chip_064_352_merged.tif,0.4,2,1636810638,78,29.9348,31.3054,1.3705
tiny,chip_064_352_merged.tif,0.4,3,1256204007,78,27.5907,30.5967,3.0061
tiny,chip_064_352_merged.tif,0.4,4,776258489,78,28.8303,31.0032,2.173
tiny,chip_064_352_merged.tif,0.6,0,1754064580,117,28.3507,30.0118,1.6612
tiny,chip_064_352_merged.tif,0.6,1,1373457949,117,28.3302,29.9136,1.5834
tiny,chip_064_352_merged.tif,0.6,2,893512431,117,29.2126,30.168,0.9553
tiny,chip_064_352_merged.tif,0.6,3,512905800,117,28.8462,30.3445,1.4983
tiny,chip_064_352_merged.tif,0.6,4,32960282,117,28.2293,30.3159,2.0866
tiny,chip_064_352_merged.tif,0.8,0,1271472384,156,28.1779,29.2281,1.0502
tiny,chip_064_352_merged.tif,0.8,1,890865753,156,28.5783,28.9559,0.3776
tiny,chip_064_352_merged.tif,0.8,2,410920235,156,28.3762,29.3842,1.0079
tiny,chip_064_352_merged.tif,0.8,3,30313604,156,28.722,28.9004,0.1784
tiny,chip_064_352_merged.tif,0.8,4,1797190621,156,28.3448,29.0258,0.681
tiny,chip_064_354_merged.tif,0.2,0,1032881289,39,28.0749,31.1696,3.0946
tiny,chip_064_354_merged.tif,0.2,1,552935771,39,28.5305,30.9228,2.3924
tiny,chip_064_354_merged.tif,0.2,2,172329140,39,29.0979,31.1279,2.03
tiny,chip_064_354_merged.tif,0.2,3,1939206157,39,31.2132,31.1443,-0.0689
tiny,chip_064_354_merged.tif,0.2,4,1459260639,39,28.5294,31.8593,3.3299
tiny,chip_064_354_merged.tif,0.4,0,872265956,78,28.3209,31.2902,2.9693
tiny,chip_064_354_merged.tif,0.4,1,392320438,78,28.3126,30.8138,2.5012
tiny,chip_064_354_merged.tif,0.4,2,11713807,78,29.1169,30.7038,1.5869
tiny,chip_064_354_merged.tif,0.4,3,1679251937,78,28.3353,30.7233,2.3879
tiny,chip_064_354_merged.tif,0.4,4,1298645306,78,28.1431,31.2387,3.0956
tiny,chip_064_354_merged.tif,0.6,0,128967749,117,27.8132,30.5019,2.6887
tiny,chip_064_354_merged.tif,0.6,1,1796505879,117,28.3151,30.3757,2.0606
tiny,chip_064_354_merged.tif,0.6,2,1415899248,117,28.3036,29.9307,1.6271
tiny,chip_064_354_merged.tif,0.6,3,935953730,117,28.5767,30.3257,1.749
tiny,chip_064_354_merged.tif,0.6,4,555347099,117,27.8116,30.4556,2.644
tiny,chip_064_354_merged.tif,0.8,0,1793859201,156,28.7429,29.1934,0.4506
tiny,chip_064_354_merged.tif,0.8,1,1313913683,156,28.3842,29.9361,1.552
tiny,chip_064_354_merged.tif,0.8,2,933307052,156,28.2851,29.5966,1.3115
tiny,chip_064_354_merged.tif,0.8,3,552700421,156,28.3741,29.4976,1.1235
tiny,chip_064_354_merged.tif,0.8,4,72754903,156,27.6538,29.5586,1.9047
tiny,chip_065_348_merged.tif,0.2,0,2048289900,39,29.2112,30.4983,1.2871
tiny,chip_065_348_merged.tif,0.2,1,1667683269,39,28.5893,30.0283,1.439
tiny,chip_065_348_merged.tif,0.2,2,1187737751,39,29.5957,30.9247,1.329
tiny,chip_065_348_merged.tif,0.2,3,807131120,39,29.0268,30.265,1.2382
tiny,chip_065_348_merged.tif,0.2,4,327185602,39,29.0274,29.836,0.8086
tiny,chip_065_348_merged.tif,0.4,0,983014830,78,28.2299,29.7726,1.5427
tiny,chip_065_348_merged.tif,0.4,1,602408199,78,28.4612,30.5267,2.0655
tiny,chip_065_348_merged.tif,0.4,2,221801568,78,28.1599,30.2836,2.1236
tiny,chip_065_348_merged.tif,0.4,3,1889339698,78,28.649,30.681,2.032
tiny,chip_065_348_merged.tif,0.4,4,1508733067,78,28.6384,29.6626,1.0242
tiny,chip_065_348_merged.tif,0.6,0,1144376360,117,28.0005,29.5586,1.5581
tiny,chip_065_348_merged.tif,0.6,1,664430842,117,28.4197,29.5975,1.1778
tiny,chip_065_348_merged.tif,0.6,2,283824211,117,28.2796,29.7932,1.5136
tiny,chip_065_348_merged.tif,0.6,3,1951362341,117,28.27,29.35,1.08
tiny,chip_065_348_merged.tif,0.6,4,1570755710,117,28.2587,29.8484,1.5897
tiny,chip_065_348_merged.tif,0.8,0,661784164,156,28.3471,28.9905,0.6434
tiny,chip_065_348_merged.tif,0.8,1,281177533,156,27.6863,29.0628,1.3765
tiny,chip_065_348_merged.tif,0.8,2,1948715663,156,27.6574,29.0324,1.375
tiny,chip_065_348_merged.tif,0.8,3,1568109032,156,27.6586,28.7322,1.0736
tiny,chip_065_348_merged.tif,0.8,4,1088163514,156,27.4858,29.4294,1.9437
tiny,chip_066_347_merged.tif,0.2,0,921765128,39,30.4403,33.3129,2.8726
tiny,chip_066_347_merged.tif,0.2,1,541158497,39,32.185,33.5664,1.3814
tiny,chip_066_347_merged.tif,0.2,2,61212979,39,29.8832,32.6473,2.7641
tiny,chip_066_347_merged.tif,0.2,3,1828089996,39,30.0528,32.4395,2.3868
tiny,chip_066_347_merged.tif,0.2,4,1348144478,39,29.8813,33.9323,4.051
tiny,chip_066_347_merged.tif,0.4,0,2103312593,78,30.7766,32.4517,1.6752
tiny,chip_066_347_merged.tif,0.4,1,1623367075,78,29.2643,31.9325,2.6681
tiny,chip_066_347_merged.tif,0.4,2,1242760444,78,28.9653,32.5693,3.604
tiny,chip_066_347_merged.tif,0.4,3,762814926,78,28.9233,31.7582,2.8349
tiny,chip_066_347_merged.tif,0.4,4,382208295,78,28.9231,32.7475,3.8243
tiny,chip_066_347_merged.tif,0.6,0,17851588,117,28.7505,31.7008,2.9502
tiny,chip_066_347_merged.tif,0.6,1,1784728605,117,28.7653,31.6241,2.8588
tiny,chip_066_347_merged.tif,0.6,2,1304783087,117,30.2304,31.5067,1.2763
tiny,chip_066_347_merged.tif,0.6,3,924176456,117,30.2443,31.5125,1.2682
tiny,chip_066_347_merged.tif,0.6,4,444230938,117,30.2198,31.6887,1.4689
tiny,chip_066_347_merged.tif,0.8,0,1682743040,156,28.2982,31.1473,2.8491
tiny,chip_066_347_merged.tif,0.8,1,1302136409,156,28.3806,30.2047,1.824
tiny,chip_066_347_merged.tif,0.8,2,822190891,156,29.5555,31.1997,1.6441
tiny,chip_066_347_merged.tif,0.8,3,441584260,156,28.2886,29.6582,1.3696
tiny,chip_066_347_merged.tif,0.8,4,2109122390,156,28.5944,30.3991,1.8047
tiny,chip_067_282_merged.tif,0.2,0,1352211268,39,32.6709,35.2047,2.5338
tiny,chip_067_282_merged.tif,0.2,1,971604637,39,31.3866,34.2069,2.8204
tiny,chip_067_282_merged.tif,0.2,2,491659119,39,31.2292,35.707,4.4779
tiny,chip_067_282_merged.tif,0.2,3,111052488,39,32.0134,36.0604,4.047
tiny,chip_067_282_merged.tif,0.2,4,1778590618,39,32.1834,34.2158,2.0323
tiny,chip_067_282_merged.tif,0.4,0,386275085,78,31.9735,33.6426,1.6691
tiny,chip_067_282_merged.tif,0.4,1,2053813215,78,29.735,33.7568,4.0219
tiny,chip_067_282_merged.tif,0.4,2,1673206584,78,31.8995,34.5686,2.6692
tiny,chip_067_282_merged.tif,0.4,3,1193261066,78,31.9002,33.7405,1.8403
tiny,chip_067_282_merged.tif,0.4,4,812654435,78,31.9737,33.9138,1.9401
tiny,chip_067_282_merged.tif,0.6,0,448297728,117,31.4885,33.7775,2.289
tiny,chip_067_282_merged.tif,0.6,1,67691097,117,31.5898,32.9177,1.328
tiny,chip_067_282_merged.tif,0.6,2,1735229227,117,29.621,33.4118,3.7908
tiny,chip_067_282_merged.tif,0.6,3,1354622596,117,31.5272,33.5596,2.0324
tiny,chip_067_282_merged.tif,0.6,4,874677078,117,31.5825,34.1497,2.5672
tiny,chip_067_282_merged.tif,0.8,0,2113189180,156,29.9621,32.406,2.4439
tiny,chip_067_282_merged.tif,0.8,1,1732582549,156,29.9909,31.631,1.64
tiny,chip_067_282_merged.tif,0.8,2,1252637031,156,29.9651,32.3697,2.4046
tiny,chip_067_282_merged.tif,0.8,3,872030400,156,29.9793,32.8797,2.9004
tiny,chip_067_282_merged.tif,0.8,4,392084882,156,29.9819,32.7664,2.7845
tiny,chip_069_353_merged.tif,0.2,0,1246218810,39,31.3797,32.683,1.3033
tiny,chip_069_353_merged.tif,0.2,1,766273292,39,31.3619,32.2404,0.8785
tiny,chip_069_353_merged.tif,0.2,2,385666661,39,31.3782,32.5592,1.181
tiny,chip_069_353_merged.tif,0.2,3,2053204791,39,30.9622,32.159,1.1968
tiny,chip_069_353_merged.tif,0.2,4,1672598160,39,31.4286,32.4704,1.0418
tiny,chip_069_353_merged.tif,0.4,0,180943740,78,31.4823,32.3257,0.8433
tiny,chip_069_353_merged.tif,0.4,1,1947820757,78,30.9424,32.0914,1.149
tiny,chip_069_353_merged.tif,0.4,2,1467875239,78,30.8245,31.8628,1.0383
tiny,chip_069_353_merged.tif,0.4,3,1087268608,78,30.8257,32.5135,1.6878
tiny,chip_069_353_merged.tif,0.4,4,607323090,78,30.6348,32.5011,1.8663
tiny,chip_069_353_merged.tif,0.6,0,242966383,117,29.1371,32.0915,2.9543
tiny,chip_069_353_merged.tif,0.6,1,2009843400,117,29.7076,31.7955,2.0878
tiny,chip_069_353_merged.tif,0.6,2,1529897882,117,30.3553,32.2318,1.8765
tiny,chip_069_353_merged.tif,0.6,3,1149291251,117,30.6191,31.6462,1.027
tiny,chip_069_353_merged.tif,0.6,4,768684620,117,30.6546,31.0662,0.4116
tiny,chip_069_353_merged.tif,0.8,0,1907857835,156,30.5233,31.2898,0.7665
tiny,chip_069_353_merged.tif,0.8,1,1527251204,156,29.6676,31.0749,1.4073
tiny,chip_069_353_merged.tif,0.8,2,1146644573,156,29.7933,31.0009,1.2076
tiny,chip_069_353_merged.tif,0.8,3,666699055,156,29.3817,31.0177,1.636
tiny,chip_069_353_merged.tif,0.8,4,286092424,156,29.3807,31.3328,1.9521
tiny,chip_071_257_merged.tif,0.2,0,1453809207,39,36.2054,37.0311,0.8257
tiny,chip_071_257_merged.tif,0.2,1,973863689,39,34.1604,37.1763,3.0159
tiny,chip_071_257_merged.tif,0.2,2,593257058,39,36.7935,36.8268,0.0333
tiny,chip_071_257_merged.tif,0.2,3,113311540,39,34.8031,37.3302,2.5271
tiny,chip_071_257_merged.tif,0.2,4,1880188557,39,34.1706,36.9063,2.7357
tiny,chip_071_257_merged.tif,0.4,0,440255011,78,34.4085,36.7155,2.307
tiny,chip_071_257_merged.tif,0.4,1,2107793141,78,32.2353,37.107,4.8717
tiny,chip_071_257_merged.tif,0.4,2,1727186510,78,32.9418,36.8475,3.9056
tiny,chip_071_257_merged.tif,0.4,3,1247240992,78,35.8612,36.8351,0.9739
tiny,chip_071_257_merged.tif,0.4,4,866634361,78,32.9424,36.9023,3.9599
tiny,chip_071_257_merged.tif,0.6,0,450556780,117,33.7622,36.7074,2.9451
tiny,chip_071_257_merged.tif,0.6,1,69950149,117,34.6193,36.6845,2.0652
tiny,chip_071_257_merged.tif,0.6,2,1836827166,117,34.6349,36.7738,2.1389
tiny,chip_071_257_merged.tif,0.6,3,1356881648,117,33.5805,36.3735,2.793
tiny,chip_071_257_merged.tif,0.6,4,976275017,117,34.4579,36.2603,1.8025
tiny,chip_071_257_merged.tif,0.8,0,1361848256,156,34.1335,35.6677,1.5342
tiny,chip_071_257_merged.tif,0.8,1,881902738,156,32.9949,35.5941,2.5992
tiny,chip_071_257_merged.tif,0.8,2,501296107,156,32.6938,35.2521,2.5583
tiny,chip_071_257_merged.tif,0.8,3,120689476,156,34.1523,35.2991,1.1467
tiny,chip_071_257_merged.tif,0.8,4,1788227606,156,32.7154,35.0548,2.3394
tiny,chip_074_351_merged.tif,0.2,0,1596099811,39,30.8293,32.4064,1.5771
tiny,chip_074_351_merged.tif,0.2,1,1116154293,39,31.2801,32.4705,1.1905
tiny,chip_074_351_merged.tif,0.2,2,735547662,39,30.9567,31.986,1.0294
tiny,chip_074_351_merged.tif,0.2,3,255602144,39,30.4175,31.5528,1.1353
tiny,chip_074_351_merged.tif,0.2,4,2022479161,39,31.352,31.7382,0.3863
tiny,chip_074_351_merged.tif,0.4,0,530824741,78,30.4107,31.1696,0.7589
tiny,chip_074_351_merged.tif,0.4,1,150218110,78,28.4825,31.7804,3.2979
tiny,chip_074_351_merged.tif,0.4,2,1817756240,78,30.608,31.5763,0.9684
tiny,chip_074_351_merged.tif,0.4,3,1437149609,78,30.6305,31.5863,0.9559
tiny,chip_074_351_merged.tif,0.4,4,957204091,78,30.4213,31.9442,1.5229
tiny,chip_074_351_merged.tif,0.6,0,592847384,117,29.928,31.3678,1.4398
tiny,chip_074_351_merged.tif,0.6,1,212240753,117,29.7718,31.5745,1.8028
tiny,chip_074_351_merged.tif,0.6,2,1879778883,117,30.3672,31.5322,1.165
tiny,chip_074_351_merged.tif,0.6,3,1499172252,117,30.1763,31.2679,1.0916
tiny,chip_074_351_merged.tif,0.6,4,1118565621,117,30.1682,31.2634,1.0952
tiny,chip_074_351_merged.tif,0.8,0,209594075,156,29.7615,30.5973,0.8357
tiny,chip_074_351_merged.tif,0.8,1,1877132205,156,30.0118,30.9948,0.983
tiny,chip_074_351_merged.tif,0.8,2,1496525574,156,30.0314,30.3648,0.3334
tiny,chip_074_351_merged.tif,0.8,3,1016580056,156,30.206,30.8024,0.5964
tiny,chip_074_351_merged.tif,0.8,4,635973425,156,29.7635,30.6314,0.8678
tiny,chip_075_347_merged.tif,0.2,0,1648969535,39,29.1571,31.873,2.716
tiny,chip_075_347_merged.tif,0.2,1,1169024017,39,29.2297,31.5518,2.3221
tiny,chip_075_347_merged.tif,0.2,2,788417386,39,29.2303,31.2968,2.0665
tiny,chip_075_347_merged.tif,0.2,3,407810755,39,29.7985,30.914,1.1155
tiny,chip_075_347_merged.tif,0.2,4,2075348885,39,29.6844,31.0554,1.371
tiny,chip_075_347_merged.tif,0.4,0,1488354202,78,29.8101,30.6359,0.8258
tiny,chip_075_347_merged.tif,0.4,1,1008408684,78,29.9733,31.2919,1.3187
tiny,chip_075_347_merged.tif,0.4,2,627802053,78,28.5259,31.3384,2.8125
tiny,chip_075_347_merged.tif,0.4,3,147856535,78,29.3186,31.5835,2.2649
tiny,chip_075_347_merged.tif,0.4,4,1914733552,78,29.3173,31.0568,1.7395
tiny,chip_075_347_merged.tif,0.6,0,745055995,117,29.2492,30.7887,1.5395
tiny,chip_075_347_merged.tif,0.6,1,265110477,117,29.1609,30.2696,1.1087
tiny,chip_075_347_merged.tif,0.6,2,2031987494,117,29.2306,30.6724,1.4418
tiny,chip_075_347_merged.tif,0.6,3,1552041976,117,29.392,30.7326,1.3407
tiny,chip_075_347_merged.tif,0.6,4,1171435345,117,29.3892,30.4891,1.0999
tiny,chip_075_347_merged.tif,0.8,0,262463799,156,29.0851,30.1394,1.0543
tiny,chip_075_347_merged.tif,0.8,1,1930001929,156,29.536,30.2168,0.6808
tiny,chip_075_347_merged.tif,0.8,2,1549395298,156,29.0882,30.3164,1.2281
tiny,chip_075_347_merged.tif,0.8,3,1168788667,156,29.0887,30.0731,0.9844
tiny,chip_075_347_merged.tif,0.8,4,688843149,156,29.0726,30.3951,1.3225
tiny,chip_075_350_merged.tif,0.2,0,2063880302,39,30.5543,32.7612,2.2068
tiny,chip_075_350_merged.tif,0.2,1,1683273671,39,29.5344,33.2293,3.6948
tiny,chip_075_350_merged.tif,0.2,2,1203328153,39,31.2954,33.9933,2.6979
tiny,chip_075_350_merged.tif,0.2,3,822721522,39,29.5025,32.1796,2.6771
tiny,chip_075_350_merged.tif,0.2,4,342776004,39,31.3256,33.6853,2.3596
tiny,chip_075_350_merged.tif,0.4,0,998605232,78,32.3699,33.5957,1.2258
tiny,chip_075_350_merged.tif,0.4,1,617998601,78,29.4378,33.0854,3.6476
tiny,chip_075_350_merged.tif,0.4,2,237391970,78,32.2024,33.0221,0.8198
tiny,chip_075_350_merged.tif,0.4,3,1904930100,78,32.4806,32.6877,0.2071
tiny,chip_075_350_merged.tif,0.4,4,1524323469,78,32.1323,33.5768,1.4445
tiny,chip_075_350_merged.tif,0.6,0,1159966762,117,29.9842,32.2394,2.2552
tiny,chip_075_350_merged.tif,0.6,1,680021244,117,29.8894,32.6329,2.7435
tiny,chip_075_350_merged.tif,0.6,2,299414613,117,30.908,32.8945,1.9866
tiny,chip_075_350_merged.tif,0.6,3,1966952743,117,30.8942,32.6291,1.7349
tiny,chip_075_350_merged.tif,0.6,4,1586346112,117,29.1898,32.3672,3.1774
tiny,chip_075_350_merged.tif,0.8,0,677374566,156,29.234,31.3469,2.1128
tiny,chip_075_350_merged.tif,0.8,1,296767935,156,30.5117,31.8949,1.3831
tiny,chip_075_350_merged.tif,0.8,2,1964306065,156,29.9713,31.2114,1.2401
tiny,chip_075_350_merged.tif,0.8,3,1583699434,156,30.4894,31.4803,0.9909
tiny,chip_075_350_merged.tif,0.8,4,1103753916,156,29.2285,30.4141,1.1856
tiny,chip_079_220_merged.tif,0.2,0,1748988584,39,34.2545,35.1059,0.8514
tiny,chip_079_220_merged.tif,0.2,1,1368381953,39,30.84,35.8042,4.9642
tiny,chip_079_220_merged.tif,0.2,2,888436435,39,30.4005,36.4518,6.0512
tiny,chip_079_220_merged.tif,0.2,3,507829804,39,31.2733,36.0006,4.7273
tiny,chip_079_220_merged.tif,0.2,4,27884286,39,33.695,33.6376,-0.0573
tiny,chip_079_220_merged.tif,0.4,0,783052401,78,30.3129,34.7201,4.4071
tiny,chip_079_220_merged.tif,0.4,1,303106883,78,29.6574,34.4608,4.8034
tiny,chip_079_220_merged.tif,0.4,2,2069983900,78,29.7157,34.5827,4.8669
tiny,chip_079_220_merged.tif,0.4,3,1590038382,78,28.9487,34.5809,5.6322
tiny,chip_079_220_merged.tif,0.4,4,1209431751,78,30.2931,34.7201,4.427
tiny,chip_079_220_merged.tif,0.6,0,845075044,117,31.5253,33.8766,2.3513
tiny,chip_079_220_merged.tif,0.6,1,365129526,117,29.2761,33.6496,4.3735
tiny,chip_079_220_merged.tif,0.6,2,2132006543,117,30.133,34.4563,4.3232
tiny,chip_079_220_merged.tif,0.6,3,1751399912,117,29.245,32.3087,3.0637
tiny,chip_079_220_merged.tif,0.6,4,1271454394,117,28.8924,33.4133,4.5208
tiny,chip_079_220_merged.tif,0.8,0,362482848,156,29.5166,33.6863,4.1697
tiny,chip_079_220_merged.tif,0.8,1,2129359865,156,30.0134,31.9004,1.887
tiny,chip_079_220_merged.tif,0.8,2,1649414347,156,29.3781,31.5545,2.1764
tiny,chip_079_220_merged.tif,0.8,3,1268807716,156,29.9925,31.6103,1.6177
tiny,chip_079_220_merged.tif,0.8,4,788862198,156,30.3374,33.152,2.8145
tiny,chip_080_231_merged.tif,0.2,0,1058062056,39,29.8461,36.365,6.5189
tiny,chip_080_231_merged.tif,0.2,1,578116538,39,29.7116,35.5087,5.7971
tiny,chip_080_231_merged.tif,0.2,2,197509907,39,30.3209,35.7611,5.4402
tiny,chip_080_231_merged.tif,0.2,3,1865048037,39,29.8481,36.1937,6.3456
tiny,chip_080_231_merged.tif,0.2,4,1484441406,39,29.6405,37.4555,7.815
tiny,chip_080_231_merged.tif,0.4,0,798107836,78,33.4055,35.874,2.4684
tiny,chip_080_231_merged.tif,0.4,1,417501205,78,35.2608,36.097,0.8362
tiny,chip_080_231_merged.tif,0.4,2,36894574,78,33.4067,35.1793,1.7726
tiny,chip_080_231_merged.tif,0.4,3,1704432704,78,35.2623,36.0918,0.8295
tiny,chip_080_231_merged.tif,0.4,4,1323826073,78,30.8106,36.5608,5.7502
tiny,chip_080_231_merged.tif,0.6,0,54809629,117,33.0845,34.6238,1.5393
tiny,chip_080_231_merged.tif,0.6,1,1821686646,117,32.5954,33.7421,1.1468
tiny,chip_080_231_merged.tif,0.6,2,1441080015,117,33.4014,34.0951,0.6937
tiny,chip_080_231_merged.tif,0.6,3,961134497,117,32.6568,32.5144,-0.1424
tiny,chip_080_231_merged.tif,0.6,4,580527866,117,32.4636,33.1439,0.6803
tiny,chip_080_231_merged.tif,0.8,0,1819039968,156,31.8543,31.8804,0.026
tiny,chip_080_231_merged.tif,0.8,1,1339094450,156,31.8464,31.5752,-0.2712
tiny,chip_080_231_merged.tif,0.8,2,958487819,156,31.5201,31.9711,0.451
tiny,chip_080_231_merged.tif,0.8,3,478542301,156,31.4548,31.9422,0.4874
tiny,chip_080_231_merged.tif,0.8,4,97935670,156,31.8511,32.1153,0.2641
tiny,chip_081_176_merged.tif,0.2,0,1435410236,39,32.8085,37.4378,4.6294
tiny,chip_081_176_merged.tif,0.2,1,1054803605,39,29.6016,37.4811,7.8796
tiny,chip_081_176_merged.tif,0.2,2,674196974,39,30.9661,37.4004,6.4344
tiny,chip_081_176_merged.tif,0.2,3,194251456,39,32.2511,37.6798,5.4287
tiny,chip_081_176_merged.tif,0.2,4,1961128473,39,32.248,36.6663,4.4184
tiny,chip_081_176_merged.tif,0.4,0,1274794903,78,34.0633,36.2366,2.1733
tiny,chip_081_176_merged.tif,0.4,1,894188272,78,29.9342,36.741,6.8067
tiny,chip_081_176_merged.tif,0.4,2,414242754,78,31.304,37.2567,5.9528
tiny,chip_081_176_merged.tif,0.4,3,33636123,78,35.3903,36.2672,0.8769
tiny,chip_081_176_merged.tif,0.4,4,1800513140,78,31.8922,36.8308,4.9386
tiny,chip_081_176_merged.tif,0.6,0,531496696,117,32.6265,34.5495,1.923
tiny,chip_081_176_merged.tif,0.6,1,150890065,117,32.7128,34.6617,1.9489
tiny,chip_081_176_merged.tif,0.6,2,1818428195,117,31.0389,35.889,4.8501
tiny,chip_081_176_merged.tif,0.6,3,1437821564,117,32.6291,34.9757,2.3467
tiny,chip_081_176_merged.tif,0.6,4,1057214933,117,31.2642,35.297,4.0328
tiny,chip_081_176_merged.tif,0.8,0,1442788172,156,31.731,30.7954,-0.9356
tiny,chip_081_176_merged.tif,0.8,1,962842654,156,31.5735,34.7865,3.213
tiny,chip_081_176_merged.tif,0.8,2,582236023,156,31.5309,33.3588,1.8279
tiny,chip_081_176_merged.tif,0.8,3,102290505,156,31.7462,34.9871,3.241
tiny,chip_081_176_merged.tif,0.8,4,1869167522,156,31.5674,34.2874,2.72
tiny,chip_081_345_merged.tif,0.2,0,1631929642,39,31.3378,32.7515,1.4136
tiny,chip_081_345_merged.tif,0.2,1,1251323011,39,32.6754,35.414,2.7386
tiny,chip_081_345_merged.tif,0.2,2,870716380,39,31.4948,34.9087,3.4139
tiny,chip_081_345_merged.tif,0.2,3,390770862,39,32.149,35.4663,3.3173
tiny,chip_081_345_merged.tif,0.2,4,10164231,39,34.8266,34.4498,-0.3768
tiny,chip_081_345_merged.tif,0.4,0,1471314309,78,33.5162,32.813,-0.7032
tiny,chip_081_345_merged.tif,0.4,1,1090707678,78,32.8046,34.4786,1.674
tiny,chip_081_345_merged.tif,0.4,2,610762160,78,31.5262,34.3795,2.8532
tiny,chip_081_345_merged.tif,0.4,3,230155529,78,31.2184,34.1606,2.9421
tiny,chip_081_345_merged.tif,0.4,4,1997032546,78,31.9548,34.1248,2.17
tiny,chip_081_345_merged.tif,0.6,0,728016102,117,31.7531,32.868,1.1148
tiny,chip_081_345_merged.tif,0.6,1,347409471,117,32.1484,33.8471,1.6987
tiny,chip_081_345_merged.tif,0.6,2,2014947601,117,30.3507,33.09,2.7393
tiny,chip_081_345_merged.tif,0.6,3,1634340970,117,32.0951,33.2733,1.1782
tiny,chip_081_345_merged.tif,0.6,4,1253734339,117,32.1348,34.2124,2.0776
tiny,chip_081_345_merged.tif,0.8,0,245423906,156,28.9555,33.089,4.1335
tiny,chip_081_345_merged.tif,0.8,1,2012300923,156,30.9004,32.5653,1.6649
tiny,chip_081_345_merged.tif,0.8,2,1631694292,156,29.1181,31.7963,2.6781
tiny,chip_081_345_merged.tif,0.8,3,1151748774,156,29.7615,33.1966,3.4351
tiny,chip_081_345_merged.tif,0.8,4,771142143,156,30.939,32.3775,1.4384
tiny,chip_082_339_merged.tif,0.2,0,887965197,39,32.6752,35.3014,2.6262
tiny,chip_082_339_merged.tif,0.2,1,507358566,39,34.0047,36.3601,2.3554
tiny,chip_082_339_merged.tif,0.2,2,27413048,39,36.4662,36.0994,-0.3669
tiny,chip_082_339_merged.tif,0.2,3,1794290065,39,32.8392,35.3909,2.5518
tiny,chip_082_339_merged.tif,0.2,4,1314344547,39,35.8447,35.4544,-0.3903
tiny,chip_082_339_merged.tif,0.4,0,727349864,78,34.5671,35.6918,1.1247
tiny,chip_082_339_merged.tif,0.4,1,346743233,78,34.2912,36.5918,2.3006
tiny,chip_082_339_merged.tif,0.4,2,2014281363,78,33.0666,36.2157,3.149
tiny,chip_082_339_merged.tif,0.4,3,1633674732,78,33.0659,35.9297,2.8638
tiny,chip_082_339_merged.tif,0.4,4,1153729214,78,33.0665,35.4245,2.358
tiny,chip_082_339_merged.tif,0.6,0,2131535305,117,33.4496,35.4119,1.9623
tiny,chip_082_339_merged.tif,0.6,1,1750928674,117,33.8402,34.3483,0.5081
tiny,chip_082_339_merged.tif,0.6,2,1270983156,117,33.7414,35.7169,1.9755
tiny,chip_082_339_merged.tif,0.6,3,890376525,117,34.3889,35.0651,0.6762
tiny,chip_082_339_merged.tif,0.6,4,410431007,117,34.118,34.8308,0.7128
tiny,chip_082_339_merged.tif,0.8,0,1648943109,156,33.5493,34.789,1.2397
tiny,chip_082_339_merged.tif,0.8,1,1268336478,156,33.9486,34.914,0.9654
tiny,chip_082_339_merged.tif,0.8,2,788390960,156,33.7995,35.265,1.4655
tiny,chip_082_339_merged.tif,0.8,3,407784329,156,33.7604,34.4716,0.7113
tiny,chip_082_339_merged.tif,0.8,4,2075322459,156,33.8947,34.4604,0.5656
tiny,chip_083_175_merged.tif,0.2,0,1766276935,39,27.9845,33.7299,5.7454
tiny,chip_083_175_merged.tif,0.2,1,1385670304,39,31.2671,34.5936,3.3265
tiny,chip_083_175_merged.tif,0.2,2,905724786,39,34.9676,33.7438,-1.2238
tiny,chip_083_175_merged.tif,0.2,3,525118155,39,31.2023,35.1134,3.9111
tiny,chip_083_175_merged.tif,0.2,4,45172637,39,32.6464,34.0446,1.3982
tiny,chip_083_175_merged.tif,0.4,0,1605661602,78,30.1141,34.8576,4.7435
tiny,chip_083_175_merged.tif,0.4,1,1125716084,78,29.5883,34.1551,4.5668
tiny,chip_083_175_merged.tif,0.4,2,745109453,78,30.3437,34.3208,3.9771
tiny,chip_083_175_merged.tif,0.4,3,265163935,78,31.7348,34.2095,2.4747
tiny,chip_083_175_merged.tif,0.4,4,2032040952,78,30.8861,34.3348,3.4486
tiny,chip_083_175_merged.tif,0.6,0,862363395,117,29.7955,33.1676,3.3721
tiny,chip_083_175_merged.tif,0.6,1,382417877,117,29.8633,34.3124,4.4491
tiny,chip_083_175_merged.tif,0.6,2,1811246,117,30.3364,33.8242,3.4879
tiny,chip_083_175_merged.tif,0.6,3,1669349376,117,29.7702,34.2093,4.4391
tiny,chip_083_175_merged.tif,0.6,4,1288742745,117,30.3288,33.4842,3.1553
tiny,chip_083_175_merged.tif,0.8,0,379771199,156,30.1249,31.4146,1.2898
tiny,chip_083_175_merged.tif,0.8,1,2146648216,156,30.4164,33.2052,2.7888
tiny,chip_083_175_merged.tif,0.8,2,1666702698,156,30.0302,32.39,2.3598
tiny,chip_083_175_merged.tif,0.8,3,1286096067,156,29.9879,32.2916,2.3036
tiny,chip_083_175_merged.tif,0.8,4,806150549,156,30.1746,32.0815,1.9069
tiny,chip_083_208_merged.tif,0.2,0,1389552100,39,28.5342,32.4483,3.9141
tiny,chip_083_208_merged.tif,0.2,1,909606582,39,28.9178,33.4053,4.4875
tiny,chip_083_208_merged.tif,0.2,2,528999951,39,32.2371,33.6098,1.3727
tiny,chip_083_208_merged.tif,0.2,3,148393320,39,28.1931,34.1495,5.9564
tiny,chip_083_208_merged.tif,0.2,4,1815931450,39,30.4474,31.656,1.2086
tiny,chip_083_208_merged.tif,0.4,0,324277030,78,30.3548,29.3065,-1.0483
tiny,chip_083_208_merged.tif,0.4,1,2091154047,78,29.0631,33.0195,3.9564
tiny,chip_083_208_merged.tif,0.4,2,1710547416,78,29.4597,32.1155,2.6558
tiny,chip_083_208_merged.tif,0.4,3,1230601898,78,28.6059,32.3508,3.7448
tiny,chip_083_208_merged.tif,0.4,4,849995267,78,29.6112,32.7996,3.1884
tiny,chip_083_208_merged.tif,0.6,0,485638560,117,28.6194,31.1956,2.5762
tiny,chip_083_208_merged.tif,0.6,1,5693042,117,28.3206,29.1895,0.8689
tiny,chip_083_208_merged.tif,0.6,2,1772570059,117,28.691,31.0093,2.3183
tiny,chip_083_208_merged.tif,0.6,3,1292624541,117,28.2894,29.3228,1.0334
tiny,chip_083_208_merged.tif,0.6,4,912017910,117,28.7874,31.6251,2.8377
tiny,chip_083_208_merged.tif,0.8,0,3046364,156,28.9547,29.2991,0.3444
tiny,chip_083_208_merged.tif,0.8,1,1670584494,156,28.8997,30.6721,1.7724
tiny,chip_083_208_merged.tif,0.8,2,1289977863,156,28.5772,31.0117,2.4345
tiny,chip_083_208_merged.tif,0.8,3,909371232,156,28.5802,28.9018,0.3216
tiny,chip_083_208_merged.tif,0.8,4,429425714,156,27.5408,28.8597,1.3189
tiny,chip_084_207_merged.tif,0.2,0,1787638785,39,32.204,34.6108,2.4068
tiny,chip_084_207_merged.tif,0.2,1,1407032154,39,35.2744,35.1674,-0.1071
tiny,chip_084_207_merged.tif,0.2,2,927086636,39,33.5068,35.0905,1.5836
tiny,chip_084_207_merged.tif,0.2,3,546480005,39,34.4911,34.5551,0.0641
tiny,chip_084_207_merged.tif,0.2,4,165873374,39,33.1849,36.8458,3.6609
tiny,chip_084_207_merged.tif,0.4,0,1627023452,78,32.3452,34.8436,2.4984
tiny,chip_084_207_merged.tif,0.4,1,1246416821,78,32.2858,34.6814,2.3956
tiny,chip_084_207_merged.tif,0.4,2,766471303,78,32.3345,34.442,2.1075
tiny,chip_084_207_merged.tif,0.4,3,385864672,78,31.8537,35.4133,3.5596
tiny,chip_084_207_merged.tif,0.4,4,2053402802,78,33.4005,35.1759,1.7754
tiny,chip_084_207_merged.tif,0.6,0,883725245,117,32.7499,34.4347,1.6848
tiny,chip_084_207_merged.tif,0.6,1,503118614,117,32.0402,35.3785,3.3384
tiny,chip_084_207_merged.tif,0.6,2,23173096,117,32.7691,34.2629,1.4938
tiny,chip_084_207_merged.tif,0.6,3,1790050113,117,32.3869,35.0834,2.6964
tiny,chip_084_207_merged.tif,0.6,4,1310104595,117,32.0157,34.0169,2.0013
tiny,chip_084_207_merged.tif,0.8,0,1695677834,156,32.6594,33.7175,1.0581
tiny,chip_084_207_merged.tif,0.8,1,1315071203,156,32.3794,33.8528,1.4734
tiny,chip_084_207_merged.tif,0.8,2,934464572,156,33.0667,33.2744,0.2078
tiny,chip_084_207_merged.tif,0.8,3,454519054,156,32.377,33.8193,1.4423
tiny,chip_084_207_merged.tif,0.8,4,73912423,156,32.3981,34.1071,1.709
tiny,chip_085_592_merged.tif,0.2,0,994006899,39,32.0845,33.3677,1.2832
tiny,chip_085_592_merged.tif,0.2,1,613400268,39,34.1188,35.5405,1.4217
tiny,chip_085_592_merged.tif,0.2,2,232793637,39,33.5977,35.239,1.6413
tiny,chip_085_592_merged.tif,0.2,3,1900331767,39,34.0048,33.8205,-0.1843
tiny,chip_085_592_merged.tif,0.2,4,1519725136,39,34.12,33.8396,-0.2804
tiny,chip_085_592_merged.tif,0.4,0,833391566,78,31.487,33.3369,1.8499
tiny,chip_085_592_merged.tif,0.4,1,452784935,78,30.4519,33.9355,3.4837
tiny,chip_085_592_merged.tif,0.4,2,2120323065,78,31.7998,34.6578,2.858
tiny,chip_085_592_merged.tif,0.4,3,1739716434,78,31.3911,33.4467,2.0555
tiny,chip_085_592_merged.tif,0.4,4,1359109803,78,32.4393,33.9285,1.4893
tiny,chip_085_592_merged.tif,0.6,0,90093359,117,31.5477,33.1439,1.5961
tiny,chip_085_592_merged.tif,0.6,1,1856970376,117,30.9291,32.6337,1.7047
tiny,chip_085_592_merged.tif,0.6,2,1377024858,117,30.6049,33.336,2.7311
tiny,chip_085_592_merged.tif,0.6,3,996418227,117,31.5552,32.715,1.1598
tiny,chip_085_592_merged.tif,0.6,4,615811596,117,30.8475,31.9974,1.15
tiny,chip_085_592_merged.tif,0.8,0,1754984811,156,31.4458,31.9526,0.5068
tiny,chip_085_592_merged.tif,0.8,1,1374378180,156,31.1005,31.3288,0.2283
tiny,chip_085_592_merged.tif,0.8,2,993771549,156,30.8404,31.9838,1.1435
tiny,chip_085_592_merged.tif,0.8,3,513826031,156,30.1978,31.1004,0.9026
tiny,chip_085_592_merged.tif,0.8,4,133219400,156,31.4421,30.481,-0.9611
tiny,chip_086_203_merged.tif,0.2,0,992270040,39,34.2012,35.7348,1.5336
tiny,chip_086_203_merged.tif,0.2,1,611663409,39,35.7716,35.6172,-0.1544
tiny,chip_086_203_merged.tif,0.2,2,131717891,39,35.4742,35.1887,-0.2856
tiny,chip_086_203_merged.tif,0.2,3,1898594908,39,32.1613,35.1982,3.0369
tiny,chip_086_203_merged.tif,0.2,4,1418649390,39,34.5138,36.1281,1.6143
tiny,chip_086_203_merged.tif,0.4,0,831654707,78,33.3933,34.0513,0.658
tiny,chip_086_203_merged.tif,0.4,1,351709189,78,33.3943,35.4122,2.0179
tiny,chip_086_203_merged.tif,0.4,2,2118586206,78,32.6804,35.0384,2.358
tiny,chip_086_203_merged.tif,0.4,3,1737979575,78,32.3762,35.0285,2.6523
tiny,chip_086_203_merged.tif,0.4,4,1258034057,78,32.7634,34.1678,1.4044
tiny,chip_086_203_merged.tif,0.6,0,88356500,117,32.7762,35.4189,2.6428
tiny,chip_086_203_merged.tif,0.6,1,1755894630,117,32.584,35.239,2.655
tiny,chip_086_203_merged.tif,0.6,2,1375287999,117,32.8122,34.0951,1.2828
tiny,chip_086_203_merged.tif,0.6,3,994681368,117,32.5839,35.3244,2.7405
tiny,chip_086_203_merged.tif,0.6,4,514735850,117,32.5843,34.948,2.3637
tiny,chip_086_203_merged.tif,0.8,0,1753247952,156,32.1468,33.5009,1.3541
tiny,chip_086_203_merged.tif,0.8,1,1372641321,156,32.625,34.7593,2.1342
tiny,chip_086_203_merged.tif,0.8,2,892695803,156,32.716,33.6762,0.9603
tiny,chip_086_203_merged.tif,0.8,3,512089172,156,31.7066,33.9949,2.2883
tiny,chip_086_203_merged.tif,0.8,4,32143654,156,31.7239,34.6103,2.8864
tiny,chip_087_268_merged.tif,0.2,0,1399887007,39,36.0365,40.0455,4.009
tiny,chip_087_268_merged.tif,0.2,1,1019280376,39,42.2926,41.7202,-0.5724
tiny,chip_087_268_merged.tif,0.2,2,539334858,39,40.6269,41.3551,0.7282
tiny,chip_087_268_merged.tif,0.2,3,158728227,39,39.1388,39.8346,0.6957
tiny,chip_087_268_merged.tif,0.2,4,1826266357,39,40.5029,40.3149,-0.188
tiny,chip_087_268_merged.tif,0.4,0,1239271674,78,37.3119,40.9017,3.5898
tiny,chip_087_268_merged.tif,0.4,1,759326156,78,41.615,40.89,-0.725
tiny,chip_087_268_merged.tif,0.4,2,378719525,78,39.3535,40.5933,1.2399
tiny,chip_087_268_merged.tif,0.4,3,2145596542,78,41.5607,41.0536,-0.5072
tiny,chip_087_268_merged.tif,0.4,4,1665651024,78,37.1491,41.2833,4.1342
tiny,chip_087_268_merged.tif,0.6,0,495973467,117,36.3393,41.0732,4.7339
tiny,chip_087_268_merged.tif,0.6,1,115366836,117,39.7654,40.4273,0.6619
tiny,chip_087_268_merged.tif,0.6,2,1782904966,117,40.8318,41.0815,0.2497
tiny,chip_087_268_merged.tif,0.6,3,1402298335,117,40.8318,40.4777,-0.354
tiny,chip_087_268_merged.tif,0.6,4,922352817,117,40.8237,41.2016,0.3779
tiny,chip_087_268_merged.tif,0.8,0,13381271,156,37.3719,39.4427,2.0708
tiny,chip_087_268_merged.tif,0.8,1,1780258288,156,37.3737,39.8912,2.5175
tiny,chip_087_268_merged.tif,0.8,2,1300312770,156,37.0494,40.1797,3.1303
tiny,chip_087_268_merged.tif,0.8,3,919706139,156,38.8822,39.8495,0.9673
tiny,chip_087_268_merged.tif,0.8,4,439760621,156,38.5266,39.4543,0.9277
tiny,chip_087_335_merged.tif,0.2,0,2043054443,39,30.8118,33.5577,2.7459
tiny,chip_087_335_merged.tif,0.2,1,1662447812,39,32.2984,35.7013,3.403
tiny,chip_087_335_merged.tif,0.2,2,1182502294,39,30.9985,33.4096,2.411
tiny,chip_087_335_merged.tif,0.2,3,801895663,39,29.3543,34.8084,5.4541
tiny,chip_087_335_merged.tif,0.2,4,321950145,39,32.9504,33.6648,0.7144
tiny,chip_087_335_merged.tif,0.4,0,1882439110,78,30.4201,34.2738,3.8537
tiny,chip_087_335_merged.tif,0.4,1,1402493592,78,30.846,33.488,2.642
tiny,chip_087_335_merged.tif,0.4,2,1021886961,78,30.1231,33.9756,3.8525
tiny,chip_087_335_merged.tif,0.4,3,641280330,78,31.6519,33.861,2.2091
tiny,chip_087_335_merged.tif,0.4,4,161334812,78,30.8521,34.197,3.3449
tiny,chip_087_335_merged.tif,0.6,0,1139140903,117,30.4814,32.4596,1.9782
tiny,chip_087_335_merged.tif,0.6,1,659195385,117,30.4844,33.8189,3.3345
tiny,chip_087_335_merged.tif,0.6,2,278588754,117,30.7533,33.2973,2.5441
tiny,chip_087_335_merged.tif,0.6,3,2045465771,117,30.4872,33.4511,2.9638
tiny,chip_087_335_merged.tif,0.6,4,1565520253,117,29.3786,33.8764,4.4978
tiny,chip_087_335_merged.tif,0.8,0,656548707,156,30.9032,31.3187,0.4155
tiny,chip_087_335_merged.tif,0.8,1,275942076,156,30.653,31.5366,0.8835
tiny,chip_087_335_merged.tif,0.8,2,1943480206,156,30.662,33.026,2.364
tiny,chip_087_335_merged.tif,0.8,3,1562873575,156,30.1213,31.8779,1.7566
tiny,chip_087_335_merged.tif,0.8,4,1082928057,156,30.7064,31.6783,0.9719
tiny,chip_089_360_merged.tif,0.2,0,744802061,39,29.8945,31.8118,1.9173
tiny,chip_089_360_merged.tif,0.2,1,364195430,39,28.2023,32.273,4.0707
tiny,chip_089_360_merged.tif,0.2,2,2131072447,39,30.3753,30.7301,0.3548
tiny,chip_089_360_merged.tif,0.2,3,1651126929,39,30.3729,31.4596,1.0867
tiny,chip_089_360_merged.tif,0.2,4,1270520298,39,29.5443,31.2656,1.7212
tiny,chip_089_360_merged.tif,0.4,0,584186728,78,29.0236,31.1015,2.0779
tiny,chip_089_360_merged.tif,0.4,1,203580097,78,29.1859,31.3157,2.1298
tiny,chip_089_360_merged.tif,0.4,2,1871118227,78,29.2259,30.8082,1.5823
tiny,chip_089_360_merged.tif,0.4,3,1490511596,78,29.305,30.3706,1.0656
tiny,chip_089_360_merged.tif,0.4,4,1109904965,78,29.8435,30.733,0.8895
tiny,chip_089_360_merged.tif,0.6,0,1988372169,117,28.8929,30.7991,1.9062
tiny,chip_089_360_merged.tif,0.6,1,1607765538,117,28.8968,30.77,1.8732
tiny,chip_089_360_merged.tif,0.6,2,1127820020,117,28.9046,30.4209,1.5164
tiny,chip_089_360_merged.tif,0.6,3,747213389,117,28.8867,30.6006,1.7139
tiny,chip_089_360_merged.tif,0.6,4,366606758,117,28.9075,30.1829,1.2754
tiny,chip_089_360_merged.tif,0.8,0,1505779973,156,28.9858,29.2981,0.3123
tiny,chip_089_360_merged.tif,0.8,1,1125173342,156,28.8289,29.5689,0.74
tiny,chip_089_360_merged.tif,0.8,2,744566711,156,28.8332,29.4236,0.5904
tiny,chip_089_360_merged.tif,0.8,3,264621193,156,28.553,29.9343,1.3813
tiny,chip_089_360_merged.tif,0.8,4,2031498210,156,29.1616,29.7132,0.5516
tiny,chip_091_253_merged.tif,0.2,0,458087106,39,39.1527,39.3844,0.2317
tiny,chip_091_253_merged.tif,0.2,1,77480475,39,39.2577,37.6936,-1.5641
tiny,chip_091_253_merged.tif,0.2,2,1745018605,39,38.8598,39.3158,0.4559
tiny,chip_091_253_merged.tif,0.2,3,1364411974,39,38.0866,39.4894,1.4028
tiny,chip_091_253_merged.tif,0.2,4,884466456,39,37.6653,38.5341,0.8688
tiny,chip_091_253_merged.tif,0.4,0,297471773,78,36.5324,39.0191,2.4867
tiny,chip_091_253_merged.tif,0.4,1,1965009903,78,38.2635,38.3585,0.0951
tiny,chip_091_253_merged.tif,0.4,2,1584403272,78,37.1274,39.659,2.5316
tiny,chip_091_253_merged.tif,0.4,3,1203796641,78,36.3265,39.3328,3.0063
tiny,chip_091_253_merged.tif,0.4,4,723851123,78,32.9594,39.0438,6.0844
tiny,chip_091_253_merged.tif,0.6,0,1701657214,117,33.5285,36.4822,2.9537
tiny,chip_091_253_merged.tif,0.6,1,1221711696,117,33.5529,38.0651,4.5122
tiny,chip_091_253_merged.tif,0.6,2,841105065,117,36.2282,38.2493,2.021
tiny,chip_091_253_merged.tif,0.6,3,460498434,117,36.0279,38.6574,2.6294
tiny,chip_091_253_merged.tif,0.6,4,2128036564,117,36.5009,37.9202,1.4193
tiny,chip_091_253_merged.tif,0.8,0,1219065018,156,35.9594,37.4297,1.4702
tiny,chip_091_253_merged.tif,0.8,1,838458387,156,33.5572,34.8994,1.3423
tiny,chip_091_253_merged.tif,0.8,2,358512869,156,35.9551,35.8967,-0.0584
tiny,chip_091_253_merged.tif,0.8,3,2125389886,156,33.5052,37.5299,4.0247
tiny,chip_091_253_merged.tif,0.8,4,1645444368,156,36.1196,36.4041,0.2846
tiny,chip_091_324_merged.tif,0.2,0,507647190,39,31.9881,33.0921,1.104
tiny,chip_091_324_merged.tif,0.2,1,127040559,39,31.9874,33.426,1.4386
tiny,chip_091_324_merged.tif,0.2,2,1794578689,39,31.3639,33.3465,1.9826
tiny,chip_091_324_merged.tif,0.2,3,1413972058,39,32.174,33.1896,1.0156
tiny,chip_091_324_merged.tif,0.2,4,934026540,39,32.6277,33.2802,0.6526
tiny,chip_091_324_merged.tif,0.4,0,347031857,78,31.8849,32.8642,0.9793
tiny,chip_091_324_merged.tif,0.4,1,2014569987,78,31.9012,32.8518,0.9506
tiny,chip_091_324_merged.tif,0.4,2,1633963356,78,31.7842,32.4056,0.6214
tiny,chip_091_324_merged.tif,0.4,3,1253356725,78,31.8328,33.2506,1.4178
tiny,chip_091_324_merged.tif,0.4,4,773411207,78,31.9385,32.9343,0.9959
tiny,chip_091_324_merged.tif,0.6,0,1751217298,117,31.7402,32.6904,0.9502
tiny,chip_091_324_merged.tif,0.6,1,1271271780,117,31.8554,32.7009,0.8455
tiny,chip_091_324_merged.tif,0.6,2,890665149,117,31.8351,32.6753,0.8403
tiny,chip_091_324_merged.tif,0.6,3,510058518,117,31.9738,32.0791,0.1053
tiny,chip_091_324_merged.tif,0.6,4,30113000,117,31.8783,32.4998,0.6215
tiny,chip_091_324_merged.tif,0.8,0,1268625102,156,31.7934,32.0293,0.2359
tiny,chip_091_324_merged.tif,0.8,1,888018471,156,31.5766,32.158,0.5815
tiny,chip_091_324_merged.tif,0.8,2,408072953,156,31.7894,32.2287,0.4393
tiny,chip_091_324_merged.tif,0.8,3,27466322,156,31.3686,32.0426,0.6739
tiny,chip_091_324_merged.tif,0.8,4,1695004452,156,31.7877,32.1048,0.3171
tiny,chip_091_336_merged.tif,0.2,0,1799737784,39,35.6142,36.7063,1.0921
tiny,chip_091_336_merged.tif,0.2,1,1419131153,39,35.6118,37.0337,1.4218
tiny,chip_091_336_merged.tif,0.2,2,1038524522,39,34.8647,36.9516,2.0869
tiny,chip_091_336_merged.tif,0.2,3,558579004,39,34.5208,37.3058,2.785
tiny,chip_091_336_merged.tif,0.2,4,177972373,39,35.2001,36.9076,1.7075
tiny,chip_091_336_merged.tif,0.4,0,1639122451,78,35.7844,36.373,0.5886
tiny,chip_091_336_merged.tif,0.4,1,1258515820,78,34.5954,35.6972,1.1017
tiny,chip_091_336_merged.tif,0.4,2,778570302,78,35.0113,37.1535,2.1422
tiny,chip_091_336_merged.tif,0.4,3,397963671,78,35.6179,36.7737,1.1558
tiny,chip_091_336_merged.tif,0.4,4,2065501801,78,34.1113,36.2036,2.0922
tiny,chip_091_336_merged.tif,0.6,0,895824244,117,35.341,36.3832,1.0422
tiny,chip_091_336_merged.tif,0.6,1,515217613,117,35.0956,36.2394,1.1439
tiny,chip_091_336_merged.tif,0.6,2,35272095,117,35.0483,36.679,1.6307
tiny,chip_091_336_merged.tif,0.6,3,1802149112,117,35.3206,35.5846,0.2641
tiny,chip_091_336_merged.tif,0.6,4,1421542481,117,34.003,35.6135,1.6105
tiny,chip_091_336_merged.tif,0.8,0,413232048,156,32.9976,33.8634,0.8658
tiny,chip_091_336_merged.tif,0.8,1,32625417,156,33.7336,32.5605,-1.1732
tiny,chip_091_336_merged.tif,0.8,2,1799502434,156,33.3437,34.4739,1.1302
tiny,chip_091_336_merged.tif,0.8,3,1319556916,156,33.7575,32.8939,-0.8636
tiny,chip_091_336_merged.tif,0.8,4,938950285,156,33.0038,32.949,-0.0548
tiny,chip_092_214_merged.tif,0.2,0,1508607661,39,31.6432,36.2509,4.6077
tiny,chip_092_214_merged.tif,0.2,1,1028662143,39,31.4041,35.6584,4.2544
tiny,chip_092_214_merged.tif,0.2,2,648055512,39,30.2589,36.0308,5.7719
tiny,chip_092_214_merged.tif,0.2,3,168109994,39,30.0762,35.229,5.1528
tiny,chip_092_214_merged.tif,0.2,4,1934987011,39,31.6669,35.4723,3.8054
tiny,chip_092_214_merged.tif,0.4,0,1248653441,78,29.3191,34.5678,5.2487
tiny,chip_092_214_merged.tif,0.4,1,868046810,78,30.8063,35.4645,4.6583
tiny,chip_092_214_merged.tif,0.4,2,487440179,78,30.7744,34.3745,3.6001
tiny,chip_092_214_merged.tif,0.4,3,7494661,78,29.2786,34.3606,5.082
tiny,chip_092_214_merged.tif,0.4,4,1774371678,78,30.0279,34.8811,4.8532
tiny,chip_092_214_merged.tif,0.6,0,505355234,117,29.864,33.6453,3.7814
tiny,chip_092_214_merged.tif,0.6,1,124748603,117,29.8461,33.6857,3.8397
tiny,chip_092_214_merged.tif,0.6,2,1891625620,117,30.2617,33.5912,3.3294
tiny,chip_092_214_merged.tif,0.6,3,1411680102,117,29.9284,33.1656,3.2372
tiny,chip_092_214_merged.tif,0.6,4,1031073471,117,30.2485,32.7456,2.4972
tiny,chip_092_214_merged.tif,0.8,0,122101925,156,29.9243,31.3052,1.3809
tiny,chip_092_214_merged.tif,0.8,1,1789640055,156,29.9128,31.3633,1.4505
tiny,chip_092_214_merged.tif,0.8,2,1409033424,156,29.7201,30.8664,1.1463
tiny,chip_092_214_merged.tif,0.8,3,929087906,156,29.9292,33.2068,3.2776
tiny,chip_092_214_merged.tif,0.8,4,548481275,156,30.7264,32.712,1.9855
tiny,chip_092_320_merged.tif,0.2,0,1633000527,39,32.7883,33.9561,1.1678
tiny,chip_092_320_merged.tif,0.2,1,1252393896,39,34.4518,34.237,-0.2147
tiny,chip_092_320_merged.tif,0.2,2,871787265,39,33.3769,34.4639,1.087
tiny,chip_092_320_merged.tif,0.2,3,391841747,39,30.4552,33.6913,3.2361
tiny,chip_092_320_merged.tif,0.2,4,11235116,39,34.4507,34.256,-0.1948
tiny,chip_092_320_merged.tif,0.4,0,667064344,78,33.527,34.2724,0.7454
tiny,chip_092_320_merged.tif,0.4,1,187118826,78,33.3896,33.6028,0.2132
tiny,chip_092_320_merged.tif,0.4,2,1953995843,78,33.0815,33.7582,0.6767
tiny,chip_092_320_merged.tif,0.4,3,1573389212,78,33.177,34.0603,0.8833
tiny,chip_092_320_merged.tif,0.4,4,1093443694,78,32.4393,33.3485,0.9092
tiny,chip_092_320_merged.tif,0.6,0,729086987,117,33.0494,33.7729,0.7235
tiny,chip_092_320_merged.tif,0.6,1,348480356,117,33.5732,33.0296,-0.5436
tiny,chip_092_320_merged.tif,0.6,2,2016018486,117,31.3388,33.6301,2.2913
tiny,chip_092_320_merged.tif,0.6,3,1635411855,117,32.3944,33.6147,1.2204
tiny,chip_092_320_merged.tif,0.6,4,1155466337,117,32.4217,33.1419,0.7202
tiny,chip_092_320_merged.tif,0.8,0,246494791,156,32.9745,32.7666,-0.2079
tiny,chip_092_320_merged.tif,0.8,1,2013371808,156,31.8503,32.6678,0.8175
tiny,chip_092_320_merged.tif,0.8,2,1632765177,156,32.4789,32.6461,0.1672
tiny,chip_092_320_merged.tif,0.8,3,1152819659,156,31.8401,32.6218,0.7817
tiny,chip_092_320_merged.tif,0.8,4,772213028,156,32.768,33.1708,0.4028
tiny,chip_092_322_merged.tif,0.2,0,1462314549,39,33.6834,33.3358,-0.3476
tiny,chip_092_322_merged.tif,0.2,1,1081707918,39,31.7214,33.3811,1.6598
tiny,chip_092_322_merged.tif,0.2,2,601762400,39,32.7679,33.8219,1.0539
tiny,chip_092_322_merged.tif,0.2,3,221155769,39,32.2465,33.6302,1.3837
tiny,chip_092_322_merged.tif,0.2,4,1888693899,39,32.247,33.5548,1.3078
tiny,chip_092_322_merged.tif,0.4,0,496378366,78,32.25,33.4682,1.2182
tiny,chip_092_322_merged.tif,0.4,1,16432848,78,32.2772,33.6954,1.4183
tiny,chip_092_322_merged.tif,0.4,2,1783309865,78,31.8175,33.0626,1.2452
tiny,chip_092_322_merged.tif,0.4,3,1303364347,78,31.9142,33.586,1.6718
tiny,chip_092_322_merged.tif,0.4,4,922757716,78,31.841,33.4963,1.6553
tiny,chip_092_322_merged.tif,0.6,0,558401009,117,31.8045,32.6341,0.8296
tiny,chip_092_322_merged.tif,0.6,1,78455491,117,32.0889,33.0031,0.9142
tiny,chip_092_322_merged.tif,0.6,2,1845332508,117,31.6861,33.0914,1.4053
tiny,chip_092_322_merged.tif,0.6,3,1464725877,117,31.75,33.233,1.483
tiny,chip_092_322_merged.tif,0.6,4,984780359,117,31.977,32.7376,0.7606
tiny,chip_092_322_merged.tif,0.8,0,75808813,156,31.5323,32.5347,1.0024
tiny,chip_092_322_merged.tif,0.8,1,1842685830,156,31.9076,32.784,0.8764
tiny,chip_092_322_merged.tif,0.8,2,1362740312,156,31.8336,32.0824,0.2488
tiny,chip_092_322_merged.tif,0.8,3,982133681,156,31.9032,32.5711,0.6679
tiny,chip_092_322_merged.tif,0.8,4,502188163,156,31.9046,32.7717,0.8671
tiny,chip_093_213_merged.tif,0.2,0,1818281797,39,32.3228,35.228,2.9052
tiny,chip_093_213_merged.tif,0.2,1,1338336279,39,32.5568,35.7238,3.167
tiny,chip_093_213_merged.tif,0.2,2,957729648,39,30.9559,35.7369,4.781
tiny,chip_093_213_merged.tif,0.2,3,577123017,39,32.6827,34.209,1.5263
tiny,chip_093_213_merged.tif,0.2,4,97177499,39,30.9559,35.5023,4.5464
tiny,chip_093_213_merged.tif,0.4,0,1657666464,78,32.6336,34.9163,2.2827
tiny,chip_093_213_merged.tif,0.4,1,1177720946,78,30.2751,36.1761,5.901
tiny,chip_093_213_merged.tif,0.4,2,797114315,78,32.6335,35.0691,2.4355
tiny,chip_093_213_merged.tif,0.4,3,317168797,78,32.3057,34.418,2.1124
tiny,chip_093_213_merged.tif,0.4,4,2084045814,78,32.9922,34.5732,1.581
tiny,chip_093_213_merged.tif,0.6,0,914368257,117,32.4697,35.3468,2.8772
tiny,chip_093_213_merged.tif,0.6,1,434422739,117,32.2099,34.5265,2.3166
tiny,chip_093_213_merged.tif,0.6,2,53816108,117,32.3019,33.6089,1.307
tiny,chip_093_213_merged.tif,0.6,3,1721354238,117,28.1661,34.1812,6.0151
tiny,chip_093_213_merged.tif,0.6,4,1340747607,117,31.9553,34.6616,2.7063
tiny,chip_093_213_merged.tif,0.8,0,431776061,156,30.2555,33.8496,3.5941
tiny,chip_093_213_merged.tif,0.8,1,2099314191,156,30.2633,32.6331,2.3699
tiny,chip_093_213_merged.tif,0.8,2,1718707560,156,31.7904,33.161,1.3706
tiny,chip_093_213_merged.tif,0.8,3,1338100929,156,31.7906,33.3928,1.6022
tiny,chip_093_213_merged.tif,0.8,4,858155411,156,30.9665,32.8065,1.84
tiny,chip_093_331_merged.tif,0.2,0,969221122,39,31.7957,34.9169,3.1211
tiny,chip_093_331_merged.tif,0.2,1,489275604,39,32.8217,34.5218,1.7001
tiny,chip_093_331_merged.tif,0.2,2,108668973,39,33.4672,34.3474,0.8802
tiny,chip_093_331_merged.tif,0.2,3,1776207103,39,32.8875,35.7352,2.8477
tiny,chip_093_331_merged.tif,0.2,4,1395600472,39,34.1354,34.6134,0.4781
tiny,chip_093_331_merged.tif,0.4,0,2051429700,78,31.2589,33.8597,2.6008
tiny,chip_093_331_merged.tif,0.4,1,1670823069,78,33.1268,34.2259,1.0991
tiny,chip_093_331_merged.tif,0.4,2,1190877551,78,32.0174,34.3358,2.3184
tiny,chip_093_331_merged.tif,0.4,3,810270920,78,33.1689,33.6565,0.4876
tiny,chip_093_331_merged.tif,0.4,4,330325402,78,32.7564,33.9605,1.2041
tiny,chip_093_331_merged.tif,0.6,0,2113452343,117,31.916,33.6029,1.6869
tiny,chip_093_331_merged.tif,0.6,1,1732845712,117,31.6696,33.8095,2.14
tiny,chip_093_331_merged.tif,0.6,2,1352239081,117,31.6766,33.9905,2.3139
tiny,chip_093_331_merged.tif,0.6,3,872293563,117,31.0411,34.5005,3.4594
tiny,chip_093_331_merged.tif,0.6,4,491686932,117,31.4821,33.9187,2.4366
tiny,chip_093_331_merged.tif,0.8,0,1730199034,156,31.5078,32.814,1.3062
tiny,chip_093_331_merged.tif,0.8,1,1250253516,156,31.6185,33.1267,1.5082
tiny,chip_093_331_merged.tif,0.8,2,869646885,156,31.4779,32.6782,1.2003
tiny,chip_093_331_merged.tif,0.8,3,389701367,156,31.4705,33.2062,1.7357
tiny,chip_093_331_merged.tif,0.8,4,9094736,156,31.2312,32.6533,1.4222
tiny,chip_093_355_merged.tif,0.2,0,1931291640,39,35.7721,35.6459,-0.1261
tiny,chip_093_355_merged.tif,0.2,1,1550685009,39,35.7771,36.2571,0.4799
tiny,chip_093_355_merged.tif,0.2,2,1170078378,39,36.5613,35.435,-1.1262
tiny,chip_093_355_merged.tif,0.2,3,690132860,39,34.8449,35.5593,0.7144
tiny,chip_093_355_merged.tif,0.2,4,309526229,39,34.3189,35.4417,1.1228
tiny,chip_093_355_merged.tif,0.4,0,1770676307,78,36.2528,35.8919,-0.3609
tiny,chip_093_355_merged.tif,0.4,1,1390069676,78,35.0065,35.8448,0.8383
tiny,chip_093_355_merged.tif,0.4,2,910124158,78,35.3911,36.2762,0.8851
tiny,chip_093_355_merged.tif,0.4,3,529517527,78,36.2529,35.6237,-0.6293
tiny,chip_093_355_merged.tif,0.4,4,148910896,78,35.0263,35.7144,0.6881
tiny,chip_093_355_merged.tif,0.6,0,1027378100,117,35.0443,35.6801,0.6358
tiny,chip_093_355_merged.tif,0.6,1,646771469,117,35.6305,35.2625,-0.368
tiny,chip_093_355_merged.tif,0.6,2,166825951,117,35.6349,35.9507,0.3159
tiny,chip_093_355_merged.tif,0.6,3,1933702968,117,35.4633,35.7443,0.281
tiny,chip_093_355_merged.tif,0.6,4,1553096337,117,35.0981,35.5443,0.4462
tiny,chip_093_355_merged.tif,0.8,0,544785904,156,34.5915,35.5393,0.9478
tiny,chip_093_355_merged.tif,0.8,1,164179273,156,35.2066,35.1293,-0.0773
tiny,chip_093_355_merged.tif,0.8,2,1931056290,156,35.329,35.3458,0.0168
tiny,chip_093_355_merged.tif,0.8,3,1451110772,156,34.5587,35.5925,1.0338
tiny,chip_093_355_merged.tif,0.8,4,1070504141,156,35.3347,35.564,0.2293
tiny,chip_094_329_merged.tif,0.2,0,608191789,39,32.1108,33.6491,1.5384
tiny,chip_094_329_merged.tif,0.2,1,128246271,39,32.341,33.5272,1.1862
tiny,chip_094_329_merged.tif,0.2,2,1895123288,39,29.9446,33.4261,3.4814
tiny,chip_094_329_merged.tif,0.2,3,1514516657,39,29.973,33.5221,3.5491
tiny,chip_094_329_merged.tif,0.2,4,1034571139,39,32.3404,32.9123,0.5719
tiny,chip_094_329_merged.tif,0.4,0,1690400367,78,29.8678,33.4307,3.5629
tiny,chip_094_329_merged.tif,0.4,1,1309793736,78,29.4116,33.3614,3.9498
tiny,chip_094_329_merged.tif,0.4,2,829848218,78,30.8407,33.13,2.2893
tiny,chip_094_329_merged.tif,0.4,3,449241587,78,30.9891,33.2595,2.2704
tiny,chip_094_329_merged.tif,0.4,4,68634956,78,30.5015,32.4523,1.9508
tiny,chip_094_329_merged.tif,0.6,0,1851761897,117,29.8219,32.4984,2.6764
tiny,chip_094_329_merged.tif,0.6,1,1371816379,117,30.5914,32.2797,1.6882
tiny,chip_094_329_merged.tif,0.6,2,991209748,117,29.7982,32.5705,2.7722
tiny,chip_094_329_merged.tif,0.6,3,511264230,117,29.5595,32.5798,3.0203
tiny,chip_094_329_merged.tif,0.6,4,130657599,117,30.0455,31.8255,1.78
tiny,chip_094_329_merged.tif,0.8,0,1369169701,156,29.4728,31.8472,2.3744
tiny,chip_094_329_merged.tif,0.8,1,889224183,156,29.7852,31.6183,1.8331
tiny,chip_094_329_merged.tif,0.8,2,508617552,156,29.5801,31.6498,2.0696
tiny,chip_094_329_merged.tif,0.8,3,128010921,156,30.1017,31.743,1.6413
tiny,chip_094_329_merged.tif,0.8,4,1795549051,156,30.0834,31.4208,1.3374
tiny,chip_095_323_merged.tif,0.2,0,1521709851,39,32.7554,33.9739,1.2185
tiny,chip_095_323_merged.tif,0.2,1,1141103220,39,34.5338,34.3653,-0.1685
tiny,chip_095_323_merged.tif,0.2,2,661157702,39,32.732,34.9159,2.1839
tiny,chip_095_323_merged.tif,0.2,3,280551071,39,32.8733,34.2235,1.3502
tiny,chip_095_323_merged.tif,0.2,4,1948089201,39,31.2556,34.2168,2.9612
tiny,chip_095_323_merged.tif,0.4,0,1361094518,78,33.5044,33.4239,-0.0805
tiny,chip_095_323_merged.tif,0.4,1,881149000,78,32.8908,33.7214,0.8306
tiny,chip_095_323_merged.tif,0.4,2,500542369,78,33.5034,33.6482,0.1448
tiny,chip_095_323_merged.tif,0.4,3,20596851,78,31.7747,34.4304,2.6557
tiny,chip_095_323_merged.tif,0.4,4,1787473868,78,33.5036,33.5172,0.0136
tiny,chip_095_323_merged.tif,0.6,0,617796311,117,32.7108,33.7071,0.9963
tiny,chip_095_323_merged.tif,0.6,1,137850793,117,32.9594,33.3135,0.3541
tiny,chip_095_323_merged.tif,0.6,2,1904727810,117,32.1918,33.4698,1.278
tiny,chip_095_323_merged.tif,0.6,3,1424782292,117,32.7911,33.6248,0.8337
tiny,chip_095_323_merged.tif,0.6,4,1044175661,117,33.0608,33.0263,-0.0345
tiny,chip_095_323_merged.tif,0.8,0,135204115,156,31.9201,33.1398,1.2196
tiny,chip_095_323_merged.tif,0.8,1,1902081132,156,32.5195,32.7451,0.2256
tiny,chip_095_323_merged.tif,0.8,2,1422135614,156,32.3714,32.8973,0.5259
tiny,chip_095_323_merged.tif,0.8,3,1041528983,156,32.4909,32.8639,0.373
tiny,chip_095_323_merged.tif,0.8,4,561583465,156,32.4808,32.9099,0.4291
tiny,chip_097_316_merged.tif,0.2,0,1848503277,39,32.0177,35.384,3.3662
tiny,chip_097_316_merged.tif,0.2,1,1467896646,39,34.1423,34.8998,0.7575
tiny,chip_097_316_merged.tif,0.2,2,987951128,39,35.0785,35.5282,0.4497
tiny,chip_097_316_merged.tif,0.2,3,607344497,39,32.97,35.5662,2.5962
tiny,chip_097_316_merged.tif,0.2,4,127398979,39,31.437,35.5068,4.0698
tiny,chip_097_316_merged.tif,0.4,0,783228207,78,31.442,34.7242,3.2822
tiny,chip_097_316_merged.tif,0.4,1,402621576,78,31.4996,35.3335,3.8339
tiny,chip_097_316_merged.tif,0.4,2,22014945,78,33.8722,35.1314,1.2591
tiny,chip_097_316_merged.tif,0.4,3,1689553075,78,32.9926,35.7863,2.7938
tiny,chip_097_316_merged.tif,0.4,4,1308946444,78,32.1587,35.2628,3.1041
tiny,chip_097_316_merged.tif,0.6,0,944589737,117,32.0591,35.0296,2.9705
tiny,chip_097_316_merged.tif,0.6,1,464644219,117,32.2258,35.1543,2.9285
tiny,chip_097_316_merged.tif,0.6,2,84037588,117,30.7437,34.536,3.7923
tiny,chip_097_316_merged.tif,0.6,3,1751575718,117,31.4888,34.6524,3.1636
tiny,chip_097_316_merged.tif,0.6,4,1370969087,117,30.9705,34.2475,3.277
tiny,chip_097_316_merged.tif,0.8,0,461997541,156,31.145,33.4254,2.2804
tiny,chip_097_316_merged.tif,0.8,1,81390910,156,30.2708,33.3856,3.1148
tiny,chip_097_316_merged.tif,0.8,2,1748929040,156,30.4879,33.5511,3.0631
tiny,chip_097_316_merged.tif,0.8,3,1368322409,156,31.6529,33.0723,1.4194
tiny,chip_097_316_merged.tif,0.8,4,888376891,156,30.2047,32.4101,2.2054
tiny,chip_097_328_merged.tif,0.2,0,926190713,39,30.3894,34.191,3.8016
tiny,chip_097_328_merged.tif,0.2,1,446245195,39,32.062,33.039,0.977
tiny,chip_097_328_merged.tif,0.2,2,65638564,39,32.1618,33.9769,1.8151
tiny,chip_097_328_merged.tif,0.2,3,1832515581,39,31.9247,34.0076,2.0829
tiny,chip_097_328_merged.tif,0.2,4,1352570063,39,32.8626,33.9489,1.0864
tiny,chip_097_328_merged.tif,0.4,0,765575380,78,30.9657,33.6503,2.6846
tiny,chip_097_328_merged.tif,0.4,1,285629862,78,30.8564,33.3546,2.4982
tiny,chip_097_328_merged.tif,0.4,2,2052506879,78,30.9588,32.7446,1.7858
tiny,chip_097_328_merged.tif,0.4,3,1572561361,78,30.427,33.1434,2.7163
tiny,chip_097_328_merged.tif,0.4,4,1191954730,78,30.2206,33.8282,3.6076
tiny,chip_097_328_merged.tif,0.6,0,22277173,117,28.9577,32.185,3.2273
tiny,chip_097_328_merged.tif,0.6,1,1689815303,117,30.9788,32.1124,1.1336
tiny,chip_097_328_merged.tif,0.6,2,1309208672,117,31.5367,31.8907,0.3539
tiny,chip_097_328_merged.tif,0.6,3,829263154,117,29.8534,32.3391,2.4857
tiny,chip_097_328_merged.tif,0.6,4,448656523,117,30.1218,32.0685,1.9467
tiny,chip_097_328_merged.tif,0.8,0,1687168625,156,30.102,31.9585,1.8565
tiny,chip_097_328_merged.tif,0.8,1,1207223107,156,30.351,31.4641,1.1131
tiny,chip_097_328_merged.tif,0.8,2,826616476,156,30.7196,31.1463,0.4266
tiny,chip_097_328_merged.tif,0.8,3,446009845,156,30.3245,31.9252,1.6006
tiny,chip_097_328_merged.tif,0.8,4,2113547975,156,28.9377,31.0439,2.1062
tiny,chip_097_356_merged.tif,0.2,0,2056404630,39,35.8946,34.9244,-0.9702
tiny,chip_097_356_merged.tif,0.2,1,1675797999,39,35.0906,36.7464,1.6558
tiny,chip_097_356_merged.tif,0.2,2,1195852481,39,36.5941,35.6147,-0.9794
tiny,chip_097_356_merged.tif,0.2,3,815245850,39,34.97,36.356,1.386
tiny,chip_097_356_merged.tif,0.2,4,335300332,39,35.8955,35.442,-0.4535
tiny,chip_097_356_merged.tif,0.4,0,1895789297,78,31.5507,36.0618,4.5111
tiny,chip_097_356_merged.tif,0.4,1,1415843779,78,32.4271,36.3506,3.9235
tiny,chip_097_356_merged.tif,0.4,2,1035237148,78,32.147,36.2445,4.0975
tiny,chip_097_356_merged.tif,0.4,3,654630517,78,35.7247,36.7589,1.0342
tiny,chip_097_356_merged.tif,0.4,4,174684999,78,36.1618,36.2447,0.0828
tiny,chip_097_356_merged.tif,0.6,0,1152491090,117,35.2187,36.0005,0.7818
tiny,chip_097_356_merged.tif,0.6,1,672545572,117,33.9419,36.2021,2.2601
tiny,chip_097_356_merged.tif,0.6,2,291938941,117,34.9847,35.1003,0.1156
tiny,chip_097_356_merged.tif,0.6,3,2058815958,117,33.4037,35.5982,2.1945
tiny,chip_097_356_merged.tif,0.6,4,1578870440,117,33.1462,35.8801,2.7339
tiny,chip_097_356_merged.tif,0.8,0,669898894,156,33.6454,35.286,1.6407
tiny,chip_097_356_merged.tif,0.8,1,289292263,156,34.2227,35.3085,1.0858
tiny,chip_097_356_merged.tif,0.8,2,1956830393,156,34.1876,35.3025,1.1149
tiny,chip_097_356_merged.tif,0.8,3,1576223762,156,33.5739,35.357,1.7831
tiny,chip_097_356_merged.tif,0.8,4,1096278244,156,33.5695,35.2546,1.6851
tiny,chip_099_310_merged.tif,0.2,0,1435595364,39,32.6046,34.0933,1.4887
tiny,chip_099_310_merged.tif,0.2,1,955649846,39,32.8714,34.8533,1.9819
tiny,chip_099_310_merged.tif,0.2,2,575043215,39,32.1396,33.7602,1.6207
tiny,chip_099_310_merged.tif,0.2,3,194436584,39,31.2539,33.5858,2.332
tiny,chip_099_310_merged.tif,0.2,4,1861974714,39,32.4744,34.2156,1.7412
tiny,chip_099_310_merged.tif,0.4,0,1274980031,78,31.3171,33.8499,2.5329
tiny,chip_099_310_merged.tif,0.4,1,795034513,78,31.8485,33.0072,1.1587
tiny,chip_099_310_merged.tif,0.4,2,414427882,78,30.7545,32.7155,1.961
tiny,chip_099_310_merged.tif,0.4,3,2081966012,78,30.992,33.3436,2.3516
tiny,chip_099_310_merged.tif,0.4,4,1701359381,78,32.3561,33.3534,0.9972
tiny,chip_099_310_merged.tif,0.6,0,531681824,117,30.793,32.6895,1.8965
tiny,chip_099_310_merged.tif,0.6,1,51736306,117,29.882,33.1661,3.2841
tiny,chip_099_310_merged.tif,0.6,2,1818613323,117,30.0773,33.0265,2.9492
tiny,chip_099_310_merged.tif,0.6,3,1338667805,117,31.9681,32.7263,0.7583
tiny,chip_099_310_merged.tif,0.6,4,958061174,117,32.0689,33.3078,1.2389
tiny,chip_099_310_merged.tif,0.8,0,49089628,156,31.3853,32.6517,1.2664
tiny,chip_099_310_merged.tif,0.8,1,1716627758,156,31.3313,32.5751,1.2438
tiny,chip_099_310_merged.tif,0.8,2,1336021127,156,31.7144,32.5212,0.8068
tiny,chip_099_310_merged.tif,0.8,3,955414496,156,31.5634,31.9776,0.4142
tiny,chip_099_310_merged.tif,0.8,4,475468978,156,30.7948,31.9112,1.1163
tiny,chip_100_341_merged.tif,0.2,0,184546958,39,33.4838,35.9925,2.5087
tiny,chip_100_341_merged.tif,0.2,1,1852085088,39,32.7443,34.7653,2.021
tiny,chip_100_341_merged.tif,0.2,2,1471478457,39,33.4851,35.8944,2.4093
tiny,chip_100_341_merged.tif,0.2,3,991532939,39,33.1943,34.6454,1.4511
tiny,chip_100_341_merged.tif,0.2,4,610926308,39,33.8033,35.0948,1.2915
tiny,chip_100_341_merged.tif,0.4,0,1266755536,78,33.2753,34.7156,1.4403
tiny,chip_100_341_merged.tif,0.4,1,886148905,78,32.0406,35.6299,3.5893
tiny,chip_100_341_merged.tif,0.4,2,406203387,78,32.6865,34.4829,1.7964
tiny,chip_100_341_merged.tif,0.4,3,25596756,78,32.5546,34.2664,1.7119
tiny,chip_100_341_merged.tif,0.4,4,1693134886,78,32.1952,35.0286,2.8335
tiny,chip_100_341_merged.tif,0.6,0,1328778179,117,31.9367,34.0562,2.1194
tiny,chip_100_341_merged.tif,0.6,1,948171548,117,31.9547,34.258,2.3033
tiny,chip_100_341_merged.tif,0.6,2,567564917,117,32.7419,34.9581,2.2162
tiny,chip_100_341_merged.tif,0.6,3,87619399,117,32.362,34.3056,1.9436
tiny,chip_100_341_merged.tif,0.6,4,1854496416,117,31.883,33.9802,2.0972
tiny,chip_100_341_merged.tif,0.8,0,945524870,156,32.2609,33.4309,1.17
tiny,chip_100_341_merged.tif,0.8,1,465579352,156,32.0379,33.6703,1.6324
tiny,chip_100_341_merged.tif,0.8,2,84972721,156,31.9833,32.8811,0.8978
tiny,chip_100_341_merged.tif,0.8,3,1752510851,156,31.2556,33.153,1.8975
tiny,chip_100_341_merged.tif,0.8,4,1371904220,156,31.4592,33.7217,2.2625
tiny,chip_101_342_merged.tif,0.2,0,1062855777,39,32.4487,35.714,3.2653
tiny,chip_101_342_merged.tif,0.2,1,582910259,39,36.5553,36.1506,-0.4047
tiny,chip_101_342_merged.tif,0.2,2,202303628,39,34.8811,35.7522,0.8711
tiny,chip_101_342_merged.tif,0.2,3,1869841758,39,35.1159,33.7699,-1.346
tiny,chip_101_342_merged.tif,0.2,4,1489235127,39,35.7032,35.1116,-0.5917
tiny,chip_101_342_merged.tif,0.4,0,802901557,78,34.6873,35.9937,1.3063
tiny,chip_101_342_merged.tif,0.4,1,422294926,78,30.5637,34.3059,3.7421
tiny,chip_101_342_merged.tif,0.4,2,2089833056,78,30.6971,34.8483,4.1511
tiny,chip_101_342_merged.tif,0.4,3,1709226425,78,34.436,35.3306,0.8946
tiny,chip_101_342_merged.tif,0.4,4,1328619794,78,34.997,33.663,-1.334
tiny,chip_101_342_merged.tif,0.6,0,59603350,117,29.8925,33.9033,4.0107
tiny,chip_101_342_merged.tif,0.6,1,1826480367,117,34.1235,33.5001,-0.6234
tiny,chip_101_342_merged.tif,0.6,2,1445873736,117,31.521,32.6591,1.1381
tiny,chip_101_342_merged.tif,0.6,3,965928218,117,29.8203,34.6731,4.8529
tiny,chip_101_342_merged.tif,0.6,4,585321587,117,31.5286,33.0469,1.5182
tiny,chip_101_342_merged.tif,0.8,0,1823833689,156,30.6462,33.0037,2.3575
tiny,chip_101_342_merged.tif,0.8,1,1343888171,156,31.9523,33.6464,1.694
tiny,chip_101_342_merged.tif,0.8,2,963281540,156,32.6905,34.4233,1.7328
tiny,chip_101_342_merged.tif,0.8,3,483336022,156,31.9328,34.3489,2.4162
tiny,chip_101_342_merged.tif,0.8,4,102729391,156,31.9226,33.522,1.5994
tiny,chip_103_320_merged.tif,0.2,0,1056330099,39,32.8406,33.7136,0.873
tiny,chip_103_320_merged.tif,0.2,1,576384581,39,32.2968,33.7884,1.4917
tiny,chip_103_320_merged.tif,0.2,2,195777950,39,30.5115,34.1929,3.6815
tiny,chip_103_320_merged.tif,0.2,3,1962654967,39,31.2648,34.5656,3.3008
tiny,chip_103_320_merged.tif,0.2,4,1482709449,39,30.525,34.1857,3.6607
tiny,chip_103_320_merged.tif,0.4,0,2138538677,78,31.1252,34.0571,2.9319
tiny,chip_103_320_merged.tif,0.4,1,1757932046,78,31.7515,33.5732,1.8216
tiny,chip_103_320_merged.tif,0.4,2,1277986528,78,31.7035,33.3387,1.6353
tiny,chip_103_320_merged.tif,0.4,3,897379897,78,31.3925,33.6905,2.298
tiny,chip_103_320_merged.tif,0.4,4,516773266,78,30.1683,33.5912,3.4229
tiny,chip_103_320_merged.tif,0.6,0,152416559,117,30.6781,33.6063,2.9282
tiny,chip_103_320_merged.tif,0.6,1,1819954689,117,30.0937,33.348,3.2543
tiny,chip_103_320_merged.tif,0.6,2,1439348058,117,31.3057,32.5083,1.2026
tiny,chip_103_320_merged.tif,0.6,3,959402540,117,31.1519,33.157,2.0051
tiny,chip_103_320_merged.tif,0.6,4,578795909,117,30.6582,33.3908,2.7326
tiny,chip_103_320_merged.tif,0.8,0,1817308011,156,30.422,32.2897,1.8677
tiny,chip_103_320_merged.tif,0.8,1,1337362493,156,31.0778,32.0787,1.0009
tiny,chip_103_320_merged.tif,0.8,2,956755862,156,30.4082,31.8667,1.4585
tiny,chip_103_320_merged.tif,0.8,3,576149231,156,29.4699,31.6563,2.1863
tiny,chip_103_320_merged.tif,0.8,4,96203713,156,29.2564,32.2902,3.0337
tiny,chip_104_333_merged.tif,0.2,0,134230332,39,33.2236,35.7665,2.543
tiny,chip_104_333_merged.tif,0.2,1,1901107349,39,32.0865,34.8715,2.785
tiny,chip_104_333_merged.tif,0.2,2,1421161831,39,35.1722,35.3395,0.1673
tiny,chip_104_333_merged.tif,0.2,3,1040555200,39,35.2467,34.7437,-0.503
tiny,chip_104_333_merged.tif,0.2,4,560609682,39,34.3237,35.402,1.0783
tiny,chip_104_333_merged.tif,0.4,0,2121098647,78,34.587,34.7563,0.1693
tiny,chip_104_333_merged.tif,0.4,1,1641153129,78,34.644,34.8508,0.2068
tiny,chip_104_333_merged.tif,0.4,2,1260546498,78,31.8321,35.4202,3.5881
tiny,chip_104_333_merged.tif,0.4,3,879939867,78,32.2604,34.7032,2.4428
tiny,chip_104_333_merged.tif,0.4,4,399994349,78,33.6984,35.3104,1.612
tiny,chip_104_333_merged.tif,0.6,0,1377800440,117,33.4954,34.785,1.2896
tiny,chip_104_333_merged.tif,0.6,1,897854922,117,33.7317,34.7749,1.0432
tiny,chip_104_333_merged.tif,0.6,2,517248291,117,32.5119,33.9519,1.44
tiny,chip_104_333_merged.tif,0.6,3,136641660,117,32.7205,34.7458,2.0253
tiny,chip_104_333_merged.tif,0.6,4,1804179790,117,33.7156,33.5679,-0.1477
tiny,chip_104_333_merged.tif,0.8,0,895208244,156,32.6796,33.9267,1.2471
tiny,chip_104_333_merged.tif,0.8,1,514601613,156,32.6721,33.7478,1.0757
tiny,chip_104_333_merged.tif,0.8,2,34656095,156,32.4576,33.1466,0.6891
tiny,chip_104_333_merged.tif,0.8,3,1801533112,156,33.0835,32.9533,-0.1302
tiny,chip_104_333_merged.tif,0.8,4,1321587594,156,33.106,33.3718,0.2658
tiny,chip_104_334_merged.tif,0.2,0,1482476820,39,34.5954,36.1155,1.5201
tiny,chip_104_334_merged.tif,0.2,1,1002531302,39,38.1103,34.8254,-3.285
tiny,chip_104_334_merged.tif,0.2,2,621924671,39,36.0854,35.9748,-0.1105
tiny,chip_104_334_merged.tif,0.2,3,141979153,39,32.8076,37.146,4.3385
tiny,chip_104_334_merged.tif,0.2,4,1908856170,39,31.2742,35.4639,4.1897
tiny,chip_104_334_merged.tif,0.4,0,417201750,78,35.881,35.5243,-0.3567
tiny,chip_104_334_merged.tif,0.4,1,36595119,78,31.3816,35.0778,3.6962
tiny,chip_104_334_merged.tif,0.4,2,1704133249,78,35.2394,35.1169,-0.1225
tiny,chip_104_334_merged.tif,0.4,3,1323526618,78,36.2702,34.4269,-1.8433
tiny,chip_104_334_merged.tif,0.4,4,843581100,78,30.9262,36.0231,5.0969
tiny,chip_104_334_merged.tif,0.6,0,1821387191,117,32.0677,35.4727,3.4051
tiny,chip_104_334_merged.tif,0.6,1,1440780560,117,33.2094,35.2628,2.0535
tiny,chip_104_334_merged.tif,0.6,2,960835042,117,32.1127,35.2624,3.1497
tiny,chip_104_334_merged.tif,0.6,3,580228411,117,34.4849,34.7282,0.2433
tiny,chip_104_334_merged.tif,0.6,4,100282893,117,34.7413,35.3991,0.6577
tiny,chip_104_334_merged.tif,0.8,0,1338794995,156,33.5461,34.7733,1.2271
tiny,chip_104_334_merged.tif,0.8,1,958188364,156,32.5955,34.9153,2.3198
tiny,chip_104_334_merged.tif,0.8,2,478242846,156,32.5969,34.0689,1.472
tiny,chip_104_334_merged.tif,0.8,3,97636215,156,32.238,34.5768,2.3388
tiny,chip_104_334_merged.tif,0.8,4,1864513232,156,32.5503,33.9927,1.4424
tiny,chip_105_103_merged.tif,0.2,0,518355122,39,31.8036,33.2005,1.3969
tiny,chip_105_103_merged.tif,0.2,1,137748491,39,26.7144,32.7971,6.0827
tiny,chip_105_103_merged.tif,0.2,2,1805286621,39,31.418,31.7422,0.3243
tiny,chip_105_103_merged.tif,0.2,3,1424679990,39,28.4607,32.6813,4.2207
tiny,chip_105_103_merged.tif,0.2,4,944734472,39,29.0705,30.9757,1.9052
tiny,chip_105_103_merged.tif,0.4,0,357739789,78,28.0289,31.8105,3.7817
tiny,chip_105_103_merged.tif,0.4,1,2025277919,78,28.9012,31.0732,2.1719
tiny,chip_105_103_merged.tif,0.4,2,1644671288,78,28.1067,31.1234,3.0166
tiny,chip_105_103_merged.tif,0.4,3,1164725770,78,27.5517,32.1095,4.5577
tiny,chip_105_103_merged.tif,0.4,4,784119139,78,27.2838,31.4334,4.1496
tiny,chip_105_103_merged.tif,0.6,0,1761925230,117,27.6797,29.2134,1.5337
tiny,chip_105_103_merged.tif,0.6,1,1281979712,117,27.8012,30.5854,2.7841
tiny,chip_105_103_merged.tif,0.6,2,901373081,117,27.8068,29.9563,2.1496
tiny,chip_105_103_merged.tif,0.6,3,421427563,117,27.7322,29.7009,1.9687
tiny,chip_105_103_merged.tif,0.6,4,40820932,117,29.1724,31.2467,2.0743
tiny,chip_105_103_merged.tif,0.8,0,1279333034,156,27.6897,28.5748,0.8851
tiny,chip_105_103_merged.tif,0.8,1,898726403,156,26.9639,28.891,1.9271
tiny,chip_105_103_merged.tif,0.8,2,418780885,156,26.4442,29.256,2.8118
tiny,chip_105_103_merged.tif,0.8,3,38174254,156,27.4778,28.6735,1.1958
tiny,chip_105_103_merged.tif,0.8,4,1705712384,156,27.4673,29.4967,2.0293
tiny,chip_105_104_merged.tif,0.2,0,2117286706,39,31.681,33.4839,1.8029
tiny,chip_105_104_merged.tif,0.2,1,1736680075,39,29.7984,34.9182,5.1197
tiny,chip_105_104_merged.tif,0.2,2,1256734557,39,32.2049,32.2413,0.0363
tiny,chip_105_104_merged.tif,0.2,3,876127926,39,29.3957,32.2111,2.8155
tiny,chip_105_104_merged.tif,0.2,4,396182408,39,26.2729,34.1945,7.9217
tiny,chip_105_104_merged.tif,0.4,0,1151350523,78,29.204,33.0556,3.8515
tiny,chip_105_104_merged.tif,0.4,1,671405005,78,29.0538,32.4728,3.419
tiny,chip_105_104_merged.tif,0.4,2,290798374,78,29.2037,31.6777,2.474
tiny,chip_105_104_merged.tif,0.4,3,1958336504,78,31.7352,32.7,0.9649
tiny,chip_105_104_merged.tif,0.4,4,1577729873,78,31.1664,32.7479,1.5815
tiny,chip_105_104_merged.tif,0.6,0,1213373166,117,28.6625,31.0294,2.3669
tiny,chip_105_104_merged.tif,0.6,1,733427648,117,29.5816,31.8044,2.2228
tiny,chip_105_104_merged.tif,0.6,2,352821017,117,29.588,31.0074,1.4193
tiny,chip_105_104_merged.tif,0.6,3,2119698034,117,28.1806,31.7084,3.5278
tiny,chip_105_104_merged.tif,0.6,4,1639752516,117,28.2488,31.3111,3.0623
tiny,chip_105_104_merged.tif,0.8,0,730780970,156,27.5735,30.2344,2.6609
tiny,chip_105_104_merged.tif,0.8,1,350174339,156,27.4696,29.0362,1.5665
tiny,chip_105_104_merged.tif,0.8,2,2017712469,156,26.4897,30.1612,3.6715
tiny,chip_105_104_merged.tif,0.8,3,1637105838,156,28.2926,30.0638,1.7712
tiny,chip_105_104_merged.tif,0.8,4,1157160320,156,27.5639,29.503,1.9391
tiny,chip_105_319_merged.tif,0.2,0,111610263,39,32.0356,33.7108,1.6751
tiny,chip_105_319_merged.tif,0.2,1,1878487280,39,33.553,32.7791,-0.7739
tiny,chip_105_319_merged.tif,0.2,2,1398541762,39,33.5553,34.2419,0.6866
tiny,chip_105_319_merged.tif,0.2,3,1017935131,39,31.801,35.146,3.345
tiny,chip_105_319_merged.tif,0.2,4,537989613,39,34.9455,34.5567,-0.3889
tiny,chip_105_319_merged.tif,0.4,0,1293157728,78,32.0556,34.4316,2.3759
tiny,chip_105_319_merged.tif,0.4,1,813212210,78,30.4407,34.2345,3.7938
tiny,chip_105_319_merged.tif,0.4,2,432605579,78,33.0138,34.3289,1.3151
tiny,chip_105_319_merged.tif,0.4,3,2100143709,78,30.4403,31.3519,0.9116
tiny,chip_105_319_merged.tif,0.4,4,1719537078,78,30.8599,33.9961,3.1363
tiny,chip_105_319_merged.tif,0.6,0,1355180371,117,29.8433,33.1065,3.2632
tiny,chip_105_319_merged.tif,0.6,1,875234853,117,32.291,33.4343,1.1434
tiny,chip_105_319_merged.tif,0.6,2,494628222,117,33.0484,33.9447,0.8964
tiny,chip_105_319_merged.tif,0.6,3,114021591,117,31.257,32.9802,1.7232
tiny,chip_105_319_merged.tif,0.6,4,1781559721,117,33.0423,34.075,1.0327
tiny,chip_105_319_merged.tif,0.8,0,872588175,156,30.1232,32.1954,2.0722
tiny,chip_105_319_merged.tif,0.8,1,491981544,156,31.6578,32.6807,1.0229
tiny,chip_105_319_merged.tif,0.8,2,12036026,156,30.8367,32.8486,2.0119
tiny,chip_105_319_merged.tif,0.8,3,1778913043,156,30.8235,32.4053,1.5819
tiny,chip_105_319_merged.tif,0.8,4,1298967525,156,30.8612,33.1742,2.313
tiny,chip_105_427_merged.tif,0.2,0,42846344,39,31.2125,32.5604,1.3479
tiny,chip_105_427_merged.tif,0.2,1,1809723361,39,29.9369,32.0591,2.1222
tiny,chip_105_427_merged.tif,0.2,2,1329777843,39,30.5286,30.6283,0.0997
tiny,chip_105_427_merged.tif,0.2,3,949171212,39,29.2438,32.1628,2.9191
tiny,chip_105_427_merged.tif,0.2,4,469225694,39,28.6847,32.1655,3.4808
tiny,chip_105_427_merged.tif,0.4,0,2029714659,78,29.6227,32.0097,2.387
tiny,chip_105_427_merged.tif,0.4,1,1549769141,78,29.6621,30.7553,1.0932
tiny,chip_105_427_merged.tif,0.4,2,1169162510,78,29.8699,32.0279,2.1581
tiny,chip_105_427_merged.tif,0.4,3,788555879,78,29.6767,31.7882,2.1115
tiny,chip_105_427_merged.tif,0.4,4,308610361,78,29.662,31.7557,2.0936
tiny,chip_105_427_merged.tif,0.6,0,1286416452,117,29.5864,30.657,1.0706
tiny,chip_105_427_merged.tif,0.6,1,806470934,117,29.262,30.9174,1.6554
tiny,chip_105_427_merged.tif,0.6,2,425864303,117,28.9891,30.9202,1.9311
tiny,chip_105_427_merged.tif,0.6,3,45257672,117,29.2546,30.9303,1.6757
tiny,chip_105_427_merged.tif,0.6,4,1712795802,117,29.7553,31.2155,1.4602
tiny,chip_105_427_merged.tif,0.8,0,803824256,156,29.2362,30.6374,1.4012
tiny,chip_105_427_merged.tif,0.8,1,423217625,156,29.5905,30.2935,0.703
tiny,chip_105_427_merged.tif,0.8,2,2090755755,156,29.5762,30.1796,0.6035
tiny,chip_105_427_merged.tif,0.8,3,1710149124,156,29.2173,30.5845,1.3672
tiny,chip_105_427_merged.tif,0.8,4,1230203606,156,29.2269,30.5269,1.3
tiny,chip_105_452_merged.tif,0.2,0,2019908721,39,36.4913,36.7313,0.24
tiny,chip_105_452_merged.tif,0.2,1,1539963203,39,36.5149,35.7565,-0.7584
tiny,chip_105_452_merged.tif,0.2,2,1159356572,39,36.4345,37.0259,0.5914
tiny,chip_105_452_merged.tif,0.2,3,679411054,39,36.4911,32.209,-4.2821
tiny,chip_105_452_merged.tif,0.2,4,298804423,39,26.9079,31.8743,4.9664
tiny,chip_105_452_merged.tif,0.4,0,1759954501,78,30.172,32.942,2.7701
tiny,chip_105_452_merged.tif,0.4,1,1379347870,78,35.1652,34.0304,-1.1348
tiny,chip_105_452_merged.tif,0.4,2,899402352,78,28.5656,34.2996,5.734
tiny,chip_105_452_merged.tif,0.4,3,518795721,78,34.4599,34.2312,-0.2286
tiny,chip_105_452_merged.tif,0.4,4,138189090,78,34.4587,35.6389,1.1802
tiny,chip_105_452_merged.tif,0.6,0,1016656294,117,34.1309,34.013,-0.1179
tiny,chip_105_452_merged.tif,0.6,1,636049663,117,28.4705,29.0848,0.6143
tiny,chip_105_452_merged.tif,0.6,2,156104145,117,34.1776,30.3066,-3.871
tiny,chip_105_452_merged.tif,0.6,3,1922981162,117,34.5257,31.2073,-3.3183
tiny,chip_105_452_merged.tif,0.6,4,1542374531,117,29.2184,31.266,2.0476
tiny,chip_105_452_merged.tif,0.8,0,534064098,156,29.2651,30.2453,0.9802
tiny,chip_105_452_merged.tif,0.8,1,153457467,156,34.2634,30.2552,-4.0083
tiny,chip_105_452_merged.tif,0.8,2,1920334484,156,33.4773,30.3416,-3.1357
tiny,chip_105_452_merged.tif,0.8,3,1440388966,156,33.4986,31.0564,-2.4422
tiny,chip_105_452_merged.tif,0.8,4,1059782335,156,30.0401,28.1845,-1.8556
tiny,chip_106_107_merged.tif,0.2,0,1226625948,39,29.4743,31.1344,1.6602
tiny,chip_106_107_merged.tif,0.2,1,746680430,39,31.4161,31.5408,0.1247
tiny,chip_106_107_merged.tif,0.2,2,366073799,39,29.3197,31.3068,1.9871
tiny,chip_106_107_merged.tif,0.2,3,2132950816,39,29.5899,32.3758,2.7859
tiny,chip_106_107_merged.tif,0.2,4,1653005298,39,29.9204,31.3059,1.3855
tiny,chip_106_107_merged.tif,0.4,0,1066010615,78,30.3216,31.0595,0.7379
tiny,chip_106_107_merged.tif,0.4,1,586065097,78,30.3219,31.479,1.1571
tiny,chip_106_107_merged.tif,0.4,2,205458466,78,29.8425,30.7751,0.9327
tiny,chip_106_107_merged.tif,0.4,3,1872996596,78,30.352,31.2128,0.8608
tiny,chip_106_107_merged.tif,0.4,4,1492389965,78,29.6563,31.2185,1.5622
tiny,chip_106_107_merged.tif,0.6,0,322712408,117,29.8323,30.4854,0.6531
tiny,chip_106_107_merged.tif,0.6,1,1990250538,117,29.795,30.3733,0.5783
tiny,chip_106_107_merged.tif,0.6,2,1609643907,117,29.3127,30.6643,1.3515
tiny,chip_106_107_merged.tif,0.6,3,1129698389,117,29.3129,30.6509,1.338
tiny,chip_106_107_merged.tif,0.6,4,749091758,117,29.7669,30.545,0.7781
tiny,chip_106_107_merged.tif,0.8,0,1987603860,156,29.8364,30.0075,0.1711
tiny,chip_106_107_merged.tif,0.8,1,1507658342,156,29.5251,29.6514,0.1263
tiny,chip_106_107_merged.tif,0.8,2,1127051711,156,29.163,29.8935,0.7306
tiny,chip_106_107_merged.tif,0.8,3,746445080,156,29.5587,29.8009,0.2421
tiny,chip_106_107_merged.tif,0.8,4,266499562,156,29.6281,30.0219,0.3938
tiny,chip_106_288_merged.tif,0.2,0,986993277,39,34.4503,36.1451,1.6948
tiny,chip_106_288_merged.tif,0.2,1,606386646,39,32.6898,35.3625,2.6727
tiny,chip_106_288_merged.tif,0.2,2,225780015,39,32.6888,35.9991,3.3102
tiny,chip_106_288_merged.tif,0.2,3,1893318145,39,31.2817,35.4445,4.1628
tiny,chip_106_288_merged.tif,0.2,4,1512711514,39,32.1138,34.5404,2.4266
tiny,chip_106_288_merged.tif,0.4,0,826377944,78,30.9167,35.3178,4.4011
tiny,chip_106_288_merged.tif,0.4,1,445771313,78,30.7581,35.1881,4.4299
tiny,chip_106_288_merged.tif,0.4,2,2113309443,78,30.7594,35.4055,4.6461
tiny,chip_106_288_merged.tif,0.4,3,1732702812,78,31.6345,35.0227,3.3882
tiny,chip_106_288_merged.tif,0.4,4,1352096181,78,29.7596,34.9787,5.2191
tiny,chip_106_288_merged.tif,0.6,0,83079737,117,29.483,34.1782,4.6952
tiny,chip_106_288_merged.tif,0.6,1,1849956754,117,31.2525,34.3484,3.0958
tiny,chip_106_288_merged.tif,0.6,2,1370011236,117,31.6185,33.2302,1.6117
tiny,chip_106_288_merged.tif,0.6,3,989404605,117,31.7335,33.9296,2.1961
tiny,chip_106_288_merged.tif,0.6,4,608797974,117,31.7502,34.2754,2.5252
tiny,chip_106_288_merged.tif,0.8,0,1747971189,156,30.929,32.9211,1.9921
tiny,chip_106_288_merged.tif,0.8,1,1367364558,156,30.3529,33.0115,2.6586
tiny,chip_106_288_merged.tif,0.8,2,986757927,156,30.0657,32.618,2.5523
tiny,chip_106_288_merged.tif,0.8,3,506812409,156,30.4166,32.7298,2.3132
tiny,chip_106_288_merged.tif,0.8,4,126205778,156,29.1747,33.1077,3.933
tiny,chip_106_409_merged.tif,0.2,0,1052989072,39,33.9383,35.6758,1.7376
tiny,chip_106_409_merged.tif,0.2,1,573043554,39,34.6909,37.4031,2.7123
tiny,chip_106_409_merged.tif,0.2,2,192436923,39,34.9229,36.8758,1.9529
tiny,chip_106_409_merged.tif,0.2,3,1959313940,39,33.8621,38.1433,4.2812
tiny,chip_106_409_merged.tif,0.2,4,1479368422,39,35.1725,36.556,1.3835
tiny,chip_106_409_merged.tif,0.4,0,892373739,78,34.5667,36.4436,1.8768
tiny,chip_106_409_merged.tif,0.4,1,412428221,78,34.993,35.3518,0.3588
tiny,chip_106_409_merged.tif,0.4,2,31821590,78,34.2979,36.5316,2.2336
tiny,chip_106_409_merged.tif,0.4,3,1699359720,78,34.3719,36.4734,2.1015
tiny,chip_106_409_merged.tif,0.4,4,1318753089,78,34.8723,36.8301,1.9578
tiny,chip_106_409_merged.tif,0.6,0,149075532,117,34.7125,35.2098,0.4973
tiny,chip_106_409_merged.tif,0.6,1,1816613662,117,33.8948,35.5156,1.6208
tiny,chip_106_409_merged.tif,0.6,2,1436007031,117,35.2131,35.3753,0.1622
tiny,chip_106_409_merged.tif,0.6,3,956061513,117,34.7626,35.2173,0.4547
tiny,chip_106_409_merged.tif,0.6,4,575454882,117,33.902,36.0604,2.1584
tiny,chip_106_409_merged.tif,0.8,0,1813966984,156,34.435,35.1738,0.7389
tiny,chip_106_409_merged.tif,0.8,1,1334021466,156,34.0233,35.5281,1.5048
tiny,chip_106_409_merged.tif,0.8,2,953414835,156,34.4216,35.879,1.4574
tiny,chip_106_409_merged.tif,0.8,3,572808204,156,34.7315,34.9974,0.2659
tiny,chip_106_409_merged.tif,0.8,4,92862686,156,34.4056,35.2806,0.8751
tiny,chip_106_413_merged.tif,0.2,0,1452720749,39,33.6413,36.6206,2.9794
tiny,chip_106_413_merged.tif,0.2,1,972775231,39,34.6463,36.501,1.8547
tiny,chip_106_413_merged.tif,0.2,2,592168600,39,35.4763,38.1704,2.6941
tiny,chip_106_413_merged.tif,0.2,3,112223082,39,35.4766,35.784,0.3074
tiny,chip_106_413_merged.tif,0.2,4,1879100099,39,35.0709,37.0915,2.0207
tiny,chip_106_413_merged.tif,0.4,0,387445679,78,34.4745,35.24,0.7655
tiny,chip_106_413_merged.tif,0.4,1,6839048,78,33.8839,36.3117,2.4278
tiny,chip_106_413_merged.tif,0.4,2,1674377178,78,33.5677,35.9581,2.3904
tiny,chip_106_413_merged.tif,0.4,3,1293770547,78,34.1433,35.8611,1.7178
tiny,chip_106_413_merged.tif,0.4,4,913163916,78,34.4181,35.5532,1.1351
tiny,chip_106_413_merged.tif,0.6,0,548807209,117,33.6227,35.503,1.8803
tiny,chip_106_413_merged.tif,0.6,1,68861691,117,33.6936,35.7853,2.0917
tiny,chip_106_413_merged.tif,0.6,2,1835738708,117,33.5569,34.8786,1.3218
tiny,chip_106_413_merged.tif,0.6,3,1355793190,117,33.5921,35.3689,1.7768
tiny,chip_106_413_merged.tif,0.6,4,975186559,117,33.6075,34.9667,1.3592
tiny,chip_106_413_merged.tif,0.8,0,66215013,156,33.4964,35.7258,2.2294
tiny,chip_106_413_merged.tif,0.8,1,1733753143,156,33.4649,34.8272,1.3624
tiny,chip_106_413_merged.tif,0.8,2,1353146512,156,33.4235,35.1975,1.7739
tiny,chip_106_413_merged.tif,0.8,3,873200994,156,33.3239,34.7087,1.3848
tiny,chip_106_413_merged.tif,0.8,4,492594363,156,33.4241,34.3608,0.9367
tiny,chip_107_105_merged.tif,0.2,0,783705892,39,29.3631,31.6775,2.3144
tiny,chip_107_105_merged.tif,0.2,1,403099261,39,29.3805,30.806,1.4255
tiny,chip_107_105_merged.tif,0.2,2,22492630,39,29.4215,32.2147,2.7932
tiny,chip_107_105_merged.tif,0.2,3,1690030760,39,27.4897,31.4801,3.9904
tiny,chip_107_105_merged.tif,0.2,4,1309424129,39,29.3432,31.3932,2.05
tiny,chip_107_105_merged.tif,0.4,0,1965253357,78,27.1584,30.492,3.3336
tiny,chip_107_105_merged.tif,0.4,1,1485307839,78,27.9279,30.649,2.7211
tiny,chip_107_105_merged.tif,0.4,2,1104701208,78,28.9797,30.9675,1.9878
tiny,chip_107_105_merged.tif,0.4,3,724094577,78,28.9444,31.3735,2.4291
tiny,chip_107_105_merged.tif,0.4,4,244149059,78,27.8822,30.9194,3.0373
tiny,chip_107_105_merged.tif,0.6,0,2027276000,117,26.2412,30.6291,4.3879
tiny,chip_107_105_merged.tif,0.6,1,1646669369,117,27.7668,29.6873,1.9206
tiny,chip_107_105_merged.tif,0.6,2,1166723851,117,27.1453,29.8977,2.7524
tiny,chip_107_105_merged.tif,0.6,3,786117220,117,27.973,30.3335,2.3605
tiny,chip_107_105_merged.tif,0.6,4,306171702,117,28.2451,29.8587,1.6136
tiny,chip_107_105_merged.tif,0.8,0,1544683804,156,27.2602,28.9047,1.6445
tiny,chip_107_105_merged.tif,0.8,1,1164077173,156,26.8757,28.2221,1.3464
tiny,chip_107_105_merged.tif,0.8,2,783470542,156,26.2835,29.15,2.8665
tiny,chip_107_105_merged.tif,0.8,3,303525024,156,26.9018,28.7105,1.8087
tiny,chip_107_105_merged.tif,0.8,4,2070402041,156,26.286,27.7491,1.4631
tiny,chip_107_106_merged.tif,0.2,0,1830049686,39,29.5961,31.7385,2.1425
tiny,chip_107_106_merged.tif,0.2,1,1350104168,39,29.9119,31.9396,2.0277
tiny,chip_107_106_merged.tif,0.2,2,969497537,39,29.1724,32.4345,3.2622
tiny,chip_107_106_merged.tif,0.2,3,489552019,39,29.6452,32.2208,2.5756
tiny,chip_107_106_merged.tif,0.2,4,108945388,39,29.6963,31.4964,1.8001
tiny,chip_107_106_merged.tif,0.4,0,1570095466,78,28.4459,31.6012,3.1553
tiny,chip_107_106_merged.tif,0.4,1,1189488835,78,27.5057,30.9616,3.4559
tiny,chip_107_106_merged.tif,0.4,2,709543317,78,29.9731,31.8044,1.8313
tiny,chip_107_106_merged.tif,0.4,3,328936686,78,29.8021,31.4967,1.6947
tiny,chip_107_106_merged.tif,0.4,4,2095813703,78,28.5669,31.8469,3.28
tiny,chip_107_106_merged.tif,0.6,0,826797259,117,28.187,30.7285,2.5416
tiny,chip_107_106_merged.tif,0.6,1,446190628,117,28.8531,30.7985,1.9454
tiny,chip_107_106_merged.tif,0.6,2,65583997,117,28.2633,30.6744,2.4111
tiny,chip_107_106_merged.tif,0.6,3,1733122127,117,29.0002,30.4443,1.4441
tiny,chip_107_106_merged.tif,0.6,4,1352515496,117,28.1415,30.5003,2.3587
tiny,chip_107_106_merged.tif,0.8,0,443543950,156,27.6291,29.3213,1.6922
tiny,chip_107_106_merged.tif,0.8,1,2111082080,156,28.024,29.4699,1.4459
tiny,chip_107_106_merged.tif,0.8,2,1730475449,156,28.2687,29.9194,1.6507
tiny,chip_107_106_merged.tif,0.8,3,1250529931,156,28.5527,29.4985,0.9458
tiny,chip_107_106_merged.tif,0.8,4,869923300,156,28.0172,29.2876,1.2704
tiny,chip_107_334_merged.tif,0.2,0,548579067,39,34.4633,35.5513,1.088
tiny,chip_107_334_merged.tif,0.2,1,68633549,39,34.4808,36.3156,1.8348
tiny,chip_107_334_merged.tif,0.2,2,1835510566,39,33.8004,35.9598,2.1593
tiny,chip_107_334_merged.tif,0.2,3,1355565048,39,34.6638,35.1624,0.4986
tiny,chip_107_334_merged.tif,0.2,4,974958417,39,33.0905,35.6792,2.5887
tiny,chip_107_334_merged.tif,0.4,0,387963734,78,34.2199,36.0027,1.7827
tiny,chip_107_334_merged.tif,0.4,1,2055501864,78,33.5078,35.456,1.9482
tiny,chip_107_334_merged.tif,0.4,2,1674895233,78,34.2194,36.0698,1.8504
tiny,chip_107_334_merged.tif,0.4,3,1194949715,78,34.9322,35.4843,0.5521
tiny,chip_107_334_merged.tif,0.4,4,814343084,78,33.4182,35.8792,2.461
tiny,chip_107_334_merged.tif,0.6,0,1792149175,117,33.4039,35.2774,1.8734
tiny,chip_107_334_merged.tif,0.6,1,1312203657,117,33.546,34.9071,1.361
tiny,chip_107_334_merged.tif,0.6,2,931597026,117,33.1256,35.0575,1.9319
tiny,chip_107_334_merged.tif,0.6,3,451651508,117,33.5355,35.0157,1.4801
tiny,chip_107_334_merged.tif,0.6,4,71044877,117,33.8339,35.1267,1.2928
tiny,chip_107_334_merged.tif,0.8,0,1309556979,156,33.8041,34.5735,0.7694
tiny,chip_107_334_merged.tif,0.8,1,829611461,156,33.761,34.8753,1.1143
tiny,chip_107_334_merged.tif,0.8,2,449004830,156,33.8771,33.9892,0.1122
tiny,chip_107_334_merged.tif,0.8,3,2116542960,156,33.7962,34.8553,1.0591
tiny,chip_107_334_merged.tif,0.8,4,1735936329,156,32.8261,34.5499,1.7239
tiny,chip_107_410_merged.tif,0.2,0,2044486051,39,33.9388,36.2721,2.3333
tiny,chip_107_410_merged.tif,0.2,1,1663879420,39,34.1517,36.9442,2.7925
tiny,chip_107_410_merged.tif,0.2,2,1183933902,39,34.3597,35.5021,1.1423
tiny,chip_107_410_merged.tif,0.2,3,803327271,39,33.7768,35.5437,1.7669
tiny,chip_107_410_merged.tif,0.2,4,323381753,39,33.7766,33.9047,0.1281
tiny,chip_107_410_merged.tif,0.4,0,1883870718,78,33.7103,34.6403,0.93
tiny,chip_107_410_merged.tif,0.4,1,1403925200,78,33.501,35.4715,1.9706
tiny,chip_107_410_merged.tif,0.4,2,1023318569,78,33.5546,34.8718,1.3172
tiny,chip_107_410_merged.tif,0.4,3,642711938,78,33.3636,35.8317,2.4681
tiny,chip_107_410_merged.tif,0.4,4,162766420,78,32.6005,34.5085,1.908
tiny,chip_107_410_merged.tif,0.6,0,1140572511,117,33.1445,33.9833,0.8388
tiny,chip_107_410_merged.tif,0.6,1,759965880,117,33.1355,33.8943,0.7588
tiny,chip_107_410_merged.tif,0.6,2,280020362,117,33.0757,34.9508,1.8751
tiny,chip_107_410_merged.tif,0.6,3,2046897379,117,33.3923,34.1815,0.7891
tiny,chip_107_410_merged.tif,0.6,4,1566951861,117,33.1309,34.352,1.221
tiny,chip_107_410_merged.tif,0.8,0,657980315,156,32.9565,33.9026,0.9461
tiny,chip_107_410_merged.tif,0.8,1,277373684,156,32.7246,33.7131,0.9886
tiny,chip_107_410_merged.tif,0.8,2,1944911814,156,32.6897,34.142,1.4523
tiny,chip_107_410_merged.tif,0.8,3,1564305183,156,32.7217,34.4085,1.6868
tiny,chip_107_410_merged.tif,0.8,4,1084359665,156,33.654,34.0228,0.3687
tiny,chip_108_401_merged.tif,0.2,0,611350717,39,37.1816,36.6889,-0.4927
tiny,chip_108_401_merged.tif,0.2,1,131405199,39,35.5088,36.3136,0.8049
tiny,chip_108_401_merged.tif,0.2,2,1898282216,39,36.5075,36.5977,0.0902
tiny,chip_108_401_merged.tif,0.2,3,1418336698,39,35.586,36.5781,0.992
tiny,chip_108_401_merged.tif,0.2,4,1037730067,39,36.5089,36.96,0.4511
tiny,chip_108_401_merged.tif,0.4,0,1693559295,78,35.4918,36.9963,1.5045
tiny,chip_108_401_merged.tif,0.4,1,1312952664,78,36.6292,36.4576,-0.1716
tiny,chip_108_401_merged.tif,0.4,2,833007146,78,35.9702,36.7192,0.7489
tiny,chip_108_401_merged.tif,0.4,3,452400515,78,35.7549,36.7359,0.981
tiny,chip_108_401_merged.tif,0.4,4,71793884,78,36.3567,36.5167,0.16
tiny,chip_108_401_merged.tif,0.6,0,1854920825,117,35.0169,36.9332,1.9163
tiny,chip_108_401_merged.tif,0.6,1,1374975307,117,36.3205,37.0021,0.6816
tiny,chip_108_401_merged.tif,0.6,2,994368676,117,35.9243,36.4252,0.5009
tiny,chip_108_401_merged.tif,0.6,3,514423158,117,36.3154,36.6212,0.3058
tiny,chip_108_401_merged.tif,0.6,4,133816527,117,36.4289,36.9056,0.4767
tiny,chip_108_401_merged.tif,0.8,0,1372328629,156,36.0082,36.173,0.1649
tiny,chip_108_401_merged.tif,0.8,1,892383111,156,35.6873,36.1284,0.4411
tiny,chip_108_401_merged.tif,0.8,2,511776480,156,35.2617,36.1769,0.9153
tiny,chip_108_401_merged.tif,0.8,3,31830962,156,34.8688,36.3235,1.4547
tiny,chip_108_401_merged.tif,0.8,4,1798707979,156,35.7451,35.6875,-0.0576
tiny,chip_108_405_merged.tif,0.2,0,403163844,39,38.9206,38.2589,-0.6617
tiny,chip_108_405_merged.tif,0.2,1,2070701974,39,38.9701,38.8434,-0.1267
tiny,chip_108_405_merged.tif,0.2,2,1690095343,39,38.3327,38.1587,-0.1741
tiny,chip_108_405_merged.tif,0.2,3,1309488712,39,38.333,38.0101,-0.3228
tiny,chip_108_405_merged.tif,0.2,4,829543194,39,38.8414,38.3087,-0.5328
tiny,chip_108_405_merged.tif,0.4,0,242548511,78,39.1829,38.3436,-0.8393
tiny,chip_108_405_merged.tif,0.4,1,1910086641,78,38.7799,38.6982,-0.0818
tiny,chip_108_405_merged.tif,0.4,2,1529480010,78,39.434,38.9562,-0.4778
tiny,chip_108_405_merged.tif,0.4,3,1049534492,78,38.4662,38.9462,0.48
tiny,chip_108_405_merged.tif,0.4,4,668927861,78,38.9464,38.5814,-0.365
tiny,chip_108_405_merged.tif,0.6,0,1646733952,117,38.5931,38.5905,-0.0026
tiny,chip_108_405_merged.tif,0.6,1,1166788434,117,38.6532,38.9006,0.2474
tiny,chip_108_405_merged.tif,0.6,2,786181803,117,38.6352,39.1065,0.4713
tiny,chip_108_405_merged.tif,0.6,3,306236285,117,38.6938,38.7607,0.0669
tiny,chip_108_405_merged.tif,0.6,4,2073113302,117,38.6792,39.043,0.3637
tiny,chip_108_405_merged.tif,0.8,0,1164141756,156,38.3669,38.5079,0.141
tiny,chip_108_405_merged.tif,0.8,1,684196238,156,38.7697,37.9787,-0.791
tiny,chip_108_405_merged.tif,0.8,2,303589607,156,38.6126,38.3251,-0.2875
tiny,chip_108_405_merged.tif,0.8,3,2070466624,156,38.7972,38.2622,-0.5349
tiny,chip_108_405_merged.tif,0.8,4,1590521106,156,38.6862,38.5079,-0.1783
tiny,chip_108_438_merged.tif,0.2,0,1039879958,39,29.6079,33.3109,3.703
tiny,chip_108_438_merged.tif,0.2,1,659273327,39,30.3077,32.8707,2.563
tiny,chip_108_438_merged.tif,0.2,2,179327809,39,30.0505,33.0736,3.0231
tiny,chip_108_438_merged.tif,0.2,3,1946204826,39,28.1971,31.9363,3.7392
tiny,chip_108_438_merged.tif,0.2,4,1466259308,39,33.7919,33.1512,-0.6406
tiny,chip_108_438_merged.tif,0.4,0,73943775,78,32.7723,33.0144,0.2421
tiny,chip_108_438_merged.tif,0.4,1,1741481905,78,29.5586,32.3686,2.81
tiny,chip_108_438_merged.tif,0.4,2,1360875274,78,29.7873,31.9769,2.1896
tiny,chip_108_438_merged.tif,0.4,3,880929756,78,32.2632,32.4434,0.1802
tiny,chip_108_438_merged.tif,0.4,4,500323125,78,30.0904,33.023,2.9326
tiny,chip_108_438_merged.tif,0.6,0,1478129216,117,30.4769,30.3066,-0.1704
tiny,chip_108_438_merged.tif,0.6,1,998183698,117,30.1792,30.7382,0.559
tiny,chip_108_438_merged.tif,0.6,2,617577067,117,29.5329,32.2451,2.7122
tiny,chip_108_438_merged.tif,0.6,3,137631549,117,29.1881,31.9011,2.7129
tiny,chip_108_438_merged.tif,0.6,4,1904508566,117,29.3293,31.9019,2.5726
tiny,chip_108_438_merged.tif,0.8,0,995537020,156,30.388,30.8308,0.4428
tiny,chip_108_438_merged.tif,0.8,1,515591502,156,29.0231,30.762,1.7389
tiny,chip_108_438_merged.tif,0.8,2,134984871,156,28.9697,29.6925,0.7228
tiny,chip_108_438_merged.tif,0.8,3,1901861888,156,30.4796,30.9678,0.4882
tiny,chip_108_438_merged.tif,0.8,4,1421916370,156,30.4634,30.9438,0.4804
tiny,chip_109_334_merged.tif,0.2,0,1572946079,39,33.743,36.3579,2.6149
tiny,chip_109_334_merged.tif,0.2,1,1093000561,39,34.8859,35.6329,0.747
tiny,chip_109_334_merged.tif,0.2,2,712393930,39,34.462,35.7206,1.2586
tiny,chip_109_334_merged.tif,0.2,3,232448412,39,34.0967,36.8255,2.7288
tiny,chip_109_334_merged.tif,0.2,4,1999325429,39,34.4517,35.5331,1.0813
tiny,chip_109_334_merged.tif,0.4,0,1312991859,78,34.1216,35.286,1.1644
tiny,chip_109_334_merged.tif,0.4,1,932385228,78,34.4166,36.0847,1.6681
tiny,chip_109_334_merged.tif,0.4,2,452439710,78,34.6517,35.2835,0.6318
tiny,chip_109_334_merged.tif,0.4,3,71833079,78,34.6654,35.1138,0.4484
tiny,chip_109_334_merged.tif,0.4,4,1838710096,78,33.9673,36.2134,2.2461
tiny,chip_109_334_merged.tif,0.6,0,569693652,117,34.284,35.701,1.417
tiny,chip_109_334_merged.tif,0.6,1,189087021,117,34.119,35.0696,0.9506
tiny,chip_109_334_merged.tif,0.6,2,1856625151,117,34.4194,35.2398,0.8203
tiny,chip_109_334_merged.tif,0.6,3,1476018520,117,34.3031,35.3076,1.0045
tiny,chip_109_334_merged.tif,0.6,4,1095411889,117,34.1883,35.9111,1.7228
tiny,chip_109_334_merged.tif,0.8,0,1480985128,156,33.7334,34.8459,1.1125
tiny,chip_109_334_merged.tif,0.8,1,1001039610,156,33.6687,35.113,1.4443
tiny,chip_109_334_merged.tif,0.8,2,620432979,156,33.2641,34.9672,1.7031
tiny,chip_109_334_merged.tif,0.8,3,140487461,156,33.7993,34.7921,0.9928
tiny,chip_109_334_merged.tif,0.8,4,1907364478,156,33.7844,34.5394,0.7549
tiny,chip_109_416_merged.tif,0.2,0,1878727033,39,31.7615,34.0337,2.2723
tiny,chip_109_416_merged.tif,0.2,1,1398781515,39,29.9144,32.9572,3.0428
tiny,chip_109_416_merged.tif,0.2,2,1018174884,39,30.4737,32.8213,2.3476
tiny,chip_109_416_merged.tif,0.2,3,538229366,39,31.432,32.8578,1.4258
tiny,chip_109_416_merged.tif,0.2,4,157622735,39,29.911,33.1043,3.1933
tiny,chip_109_416_merged.tif,0.4,0,1618772813,78,30.2155,32.481,2.2655
tiny,chip_109_416_merged.tif,0.4,1,1238166182,78,31.483,32.0668,0.5838
tiny,chip_109_416_merged.tif,0.4,2,857559551,78,29.9275,31.9915,2.064
tiny,chip_109_416_merged.tif,0.4,3,377614033,78,31.1723,31.7046,0.5324
tiny,chip_109_416_merged.tif,0.4,4,2144491050,78,30.3525,31.5598,1.2073
tiny,chip_109_416_merged.tif,0.6,0,974813493,117,30.652,31.4351,0.7831
tiny,chip_109_416_merged.tif,0.6,1,494867975,117,30.4971,31.382,0.8849
tiny,chip_109_416_merged.tif,0.6,2,114261344,117,30.5376,31.7126,1.175
tiny,chip_109_416_merged.tif,0.6,3,1781799474,117,30.2354,31.4955,1.2601
tiny,chip_109_416_merged.tif,0.6,4,1401192843,117,30.7233,32.1449,1.4216
tiny,chip_109_416_merged.tif,0.8,0,492221297,156,29.7482,31.4119,1.6637
tiny,chip_109_416_merged.tif,0.8,1,12275779,156,30.3742,31.0896,0.7154
tiny,chip_109_416_merged.tif,0.8,2,1779152796,156,30.3435,30.6121,0.2687
tiny,chip_109_416_merged.tif,0.8,3,1299207278,156,30.3671,31.0021,0.635
tiny,chip_109_416_merged.tif,0.8,4,918600647,156,30.3606,30.932,0.5714
tiny,chip_109_424_merged.tif,0.2,0,1110710699,39,31.9536,34.6177,2.6641
tiny,chip_109_424_merged.tif,0.2,1,630765181,39,33.9616,34.2827,0.3211
tiny,chip_109_424_merged.tif,0.2,2,250158550,39,34.108,34.0226,-0.0853
tiny,chip_109_424_merged.tif,0.2,3,1917696680,39,33.9601,34.8638,0.9037
tiny,chip_109_424_merged.tif,0.2,4,1537090049,39,32.721,34.8661,2.1451
tiny,chip_109_424_merged.tif,0.4,0,850756479,78,32.2243,34.9309,2.7066
tiny,chip_109_424_merged.tif,0.4,1,470149848,78,32.6543,33.4791,0.8248
tiny,chip_109_424_merged.tif,0.4,2,2137687978,78,32.0666,33.4749,1.4082
tiny,chip_109_424_merged.tif,0.4,3,1757081347,78,31.9091,34.738,2.8289
tiny,chip_109_424_merged.tif,0.4,4,1376474716,78,31.5563,34.9919,3.4356
tiny,chip_109_424_merged.tif,0.6,0,960397135,117,32.5663,34.2423,1.676
tiny,chip_109_424_merged.tif,0.6,1,579790504,117,30.5735,34.2314,3.6579
tiny,chip_109_424_merged.tif,0.6,2,99844986,117,31.3891,33.5054,2.1163
tiny,chip_109_424_merged.tif,0.6,3,1866722003,117,30.5737,32.0596,1.4859
tiny,chip_109_424_merged.tif,0.6,4,1386776485,117,31.4466,33.8031,2.3565
tiny,chip_109_424_merged.tif,0.8,0,1772349724,156,31.8954,32.8304,0.935
tiny,chip_109_424_merged.tif,0.8,1,1391743093,156,30.85,32.3839,1.5339
tiny,chip_109_424_merged.tif,0.8,2,1011136462,156,31.886,32.865,0.979
tiny,chip_109_424_merged.tif,0.8,3,531190944,156,31.108,33.0047,1.8967
tiny,chip_109_424_merged.tif,0.8,4,150584313,156,31.8923,33.4266,1.5343
tiny,chip_110_340_merged.tif,0.2,0,308912138,39,33.2516,35.0322,1.7807
tiny,chip_110_340_merged.tif,0.2,1,1976450268,39,33.1795,34.836,1.6565
tiny,chip_110_340_merged.tif,0.2,2,1595843637,39,34.9106,35.6923,0.7817
tiny,chip_110_340_merged.tif,0.2,3,1215237006,39,33.2499,35.2087,1.9588
tiny,chip_110_340_merged.tif,0.2,4,735291488,39,31.2303,35.3306,4.1002
tiny,chip_110_340_merged.tif,0.4,0,148296805,78,33.1485,34.858,1.7095
tiny,chip_110_340_merged.tif,0.4,1,1815834935,78,32.5731,34.8983,2.3252
tiny,chip_110_340_merged.tif,0.4,2,1435228304,78,32.9727,34.6674,1.6947
tiny,chip_110_340_merged.tif,0.4,3,955282786,78,32.5719,34.5149,1.943
tiny,chip_110_340_merged.tif,0.4,4,574676155,78,30.9581,34.1823,3.2242
tiny,chip_110_340_merged.tif,0.6,0,1552482246,117,32.6484,33.0815,0.4331
tiny,chip_110_340_merged.tif,0.6,1,1072536728,117,32.7187,34.6045,1.8858
tiny,chip_110_340_merged.tif,0.6,2,691930097,117,31.8294,34.2893,2.4598
tiny,chip_110_340_merged.tif,0.6,3,211984579,117,32.4105,34.3094,1.8989
tiny,chip_110_340_merged.tif,0.6,4,1978861596,117,32.5805,34.0828,1.5024
tiny,chip_110_340_merged.tif,0.8,0,1069890050,156,32.5514,32.9252,0.3738
tiny,chip_110_340_merged.tif,0.8,1,589944532,156,32.2071,33.4834,1.2763
tiny,chip_110_340_merged.tif,0.8,2,209337901,156,32.2755,32.6905,0.415
tiny,chip_110_340_merged.tif,0.8,3,1976214918,156,32.178,33.1052,0.9272
tiny,chip_110_340_merged.tif,0.8,4,1496269400,156,30.6229,32.7342,2.1113
tiny,chip_110_429_merged.tif,0.2,0,361157122,39,33.346,33.6785,0.3324
tiny,chip_110_429_merged.tif,0.2,1,2128034139,39,32.1506,33.9314,1.7808
tiny,chip_110_429_merged.tif,0.2,2,1648088621,39,31.3918,34.6867,3.295
tiny,chip_110_429_merged.tif,0.2,3,1267481990,39,33.5883,33.6949,0.1066
tiny,chip_110_429_merged.tif,0.2,4,787536472,39,33.461,34.0279,0.5669
tiny,chip_110_429_merged.tif,0.4,0,200541789,78,32.0097,33.49,1.4803
tiny,chip_110_429_merged.tif,0.4,1,1868079919,78,30.2808,34.1875,3.9067
tiny,chip_110_429_merged.tif,0.4,2,1487473288,78,32.3401,33.463,1.1229
tiny,chip_110_429_merged.tif,0.4,3,1106866657,78,28.709,33.2801,4.5711
tiny,chip_110_429_merged.tif,0.4,4,626921139,78,32.0991,33.3077,1.2086
tiny,chip_110_429_merged.tif,0.6,0,1604727230,117,31.7382,31.4266,-0.3115
tiny,chip_110_429_merged.tif,0.6,1,1124781712,117,31.6433,32.507,0.8637
tiny,chip_110_429_merged.tif,0.6,2,744175081,117,31.6272,32.7995,1.1723
tiny,chip_110_429_merged.tif,0.6,3,363568450,117,29.5898,32.0163,2.4265
tiny,chip_110_429_merged.tif,0.6,4,2031106580,117,31.6205,33.4921,1.8716
tiny,chip_110_429_merged.tif,0.8,0,1122135034,156,30.1723,31.6887,1.5164
tiny,chip_110_429_merged.tif,0.8,1,741528403,156,31.0751,31.6842,0.6091
tiny,chip_110_429_merged.tif,0.8,2,261582885,156,30.8834,31.5827,0.6993
tiny,chip_110_429_merged.tif,0.8,3,2028459902,156,30.1691,31.8574,1.6882
tiny,chip_110_429_merged.tif,0.8,4,1548514384,156,30.8621,31.6275,0.7655
tiny,chip_111_421_merged.tif,0.2,0,1192647572,39,29.7281,31.4659,1.7378
tiny,chip_111_421_merged.tif,0.2,1,712702054,39,30.6694,31.8532,1.1837
tiny,chip_111_421_merged.tif,0.2,2,332095423,39,28.6604,31.5799,2.9195
tiny,chip_111_421_merged.tif,0.2,3,2098972440,39,29.3651,31.7301,2.3649
tiny,chip_111_421_merged.tif,0.2,4,1619026922,39,28.8561,31.7484,2.8923
tiny,chip_111_421_merged.tif,0.4,0,1032032239,78,28.3366,30.7571,2.4205
tiny,chip_111_421_merged.tif,0.4,1,552086721,78,28.7911,30.2481,1.457
tiny,chip_111_421_merged.tif,0.4,2,171480090,78,28.6207,30.5087,1.888
tiny,chip_111_421_merged.tif,0.4,3,1839018220,78,28.7195,30.9163,2.1968
tiny,chip_111_421_merged.tif,0.4,4,1458411589,78,28.5457,31.5491,3.0033
tiny,chip_111_421_merged.tif,0.6,0,288734032,117,28.0038,29.7017,1.698
tiny,chip_111_421_merged.tif,0.6,1,1956272162,117,28.8894,30.1491,1.2598
tiny,chip_111_421_merged.tif,0.6,2,1575665531,117,27.9974,30.2243,2.2268
tiny,chip_111_421_merged.tif,0.6,3,1095720013,117,28.8921,30.4689,1.5768
tiny,chip_111_421_merged.tif,0.6,4,715113382,117,29.2009,30.2204,1.0195
tiny,chip_111_421_merged.tif,0.8,0,1953625484,156,28.6196,29.346,0.7264
tiny,chip_111_421_merged.tif,0.8,1,1473679966,156,28.824,29.7074,0.8834
tiny,chip_111_421_merged.tif,0.8,2,1093073335,156,28.8286,29.4917,0.6631
tiny,chip_111_421_merged.tif,0.8,3,712466704,156,28.5631,29.4896,0.9265
tiny,chip_111_421_merged.tif,0.8,4,232521186,156,29.032,29.9161,0.8841
tiny,chip_111_595_merged.tif,0.2,0,122334966,39,35.9921,36.4118,0.4197
tiny,chip_111_595_merged.tif,0.2,1,1789873096,39,34.4824,36.1289,1.6465
tiny,chip_111_595_merged.tif,0.2,2,1409266465,39,35.9917,35.2,-0.7917
tiny,chip_111_595_merged.tif,0.2,3,1028659834,39,36.8929,34.6659,-2.227
tiny,chip_111_595_merged.tif,0.2,4,548714316,39,35.9911,35.637,-0.3542
tiny,chip_111_595_merged.tif,0.4,0,2109203281,78,33.4305,35.4127,1.9822
tiny,chip_111_595_merged.tif,0.4,1,1629257763,78,35.5801,35.3761,-0.2041
tiny,chip_111_595_merged.tif,0.4,2,1248651132,78,35.58,34.5465,-1.0336
tiny,chip_111_595_merged.tif,0.4,3,768705614,78,33.7597,35.4805,1.7208
tiny,chip_111_595_merged.tif,0.4,4,388098983,78,36.0702,35.7711,-0.2991
tiny,chip_111_595_merged.tif,0.6,0,1365905074,117,33.8366,35.1012,1.2646
tiny,chip_111_595_merged.tif,0.6,1,885959556,117,34.4389,34.9547,0.5158
tiny,chip_111_595_merged.tif,0.6,2,505352925,117,33.7447,35.2311,1.4864
tiny,chip_111_595_merged.tif,0.6,3,25407407,117,34.4357,35.3844,0.9487
tiny,chip_111_595_merged.tif,0.6,4,1792284424,117,34.4195,35.4651,1.0456
tiny,chip_111_595_merged.tif,0.8,0,883312878,156,33.6759,34.4462,0.7703
tiny,chip_111_595_merged.tif,0.8,1,403367360,156,34.1297,34.8191,0.6894
tiny,chip_111_595_merged.tif,0.8,2,22760729,156,34.3682,34.4732,0.105
tiny,chip_111_595_merged.tif,0.8,3,1789637746,156,34.3677,34.6433,0.2756
tiny,chip_111_595_merged.tif,0.8,4,1309692228,156,33.6679,33.9672,0.2993
tiny,chip_113_329_merged.tif,0.2,0,435829956,39,32.188,33.5213,1.3333
tiny,chip_113_329_merged.tif,0.2,1,2103368086,39,30.8189,34.3558,3.5369
tiny,chip_113_329_merged.tif,0.2,2,1722761455,39,30.8209,31.9541,1.1331
tiny,chip_113_329_merged.tif,0.2,3,1242815937,39,31.6154,34.0765,2.4611
tiny,chip_113_329_merged.tif,0.2,4,862209306,39,30.731,34.7105,3.9795
tiny,chip_113_329_merged.tif,0.4,0,175875736,78,32.2377,33.2325,0.9948
tiny,chip_113_329_merged.tif,0.4,1,1942752753,78,31.463,33.7004,2.2374
tiny,chip_113_329_merged.tif,0.4,2,1462807235,78,31.2083,33.6808,2.4725
tiny,chip_113_329_merged.tif,0.4,3,1082200604,78,31.8395,34.2059,2.3663
tiny,chip_113_329_merged.tif,0.4,4,701593973,78,30.8585,33.6571,2.7987
tiny,chip_113_329_merged.tif,0.6,0,1580061177,117,31.0139,32.8436,1.8297
tiny,chip_113_329_merged.tif,0.6,1,1199454546,117,30.9654,32.4254,1.4601
tiny,chip_113_329_merged.tif,0.6,2,818847915,117,30.5714,33.368,2.7967
tiny,chip_113_329_merged.tif,0.6,3,338902397,117,30.5667,32.8022,2.2355
tiny,chip_113_329_merged.tif,0.6,4,2105779414,117,31.0493,33.1086,2.0592
tiny,chip_113_329_merged.tif,0.8,0,1196807868,156,31.0621,31.4384,0.3764
tiny,chip_113_329_merged.tif,0.8,1,716862350,156,31.4025,31.7606,0.3581
tiny,chip_113_329_merged.tif,0.8,2,336255719,156,31.3962,31.8105,0.4143
tiny,chip_113_329_merged.tif,0.8,3,2003793849,156,30.4682,31.4225,0.9544
tiny,chip_113_329_merged.tif,0.8,4,1623187218,156,31.0475,31.68,0.6325
tiny,chip_113_420_merged.tif,0.2,0,1383777679,39,29.5596,32.4418,2.8822
tiny,chip_113_420_merged.tif,0.2,1,903832161,39,30.3243,31.6701,1.3457
tiny,chip_113_420_merged.tif,0.2,2,523225530,39,32.5273,31.4847,-1.0426
tiny,chip_113_420_merged.tif,0.2,3,142618899,39,31.1653,33.3189,2.1537
tiny,chip_113_420_merged.tif,0.2,4,1810157029,39,30.324,32.144,1.82
tiny,chip_113_420_merged.tif,0.4,0,318502609,78,30.2354,31.9878,1.7524
tiny,chip_113_420_merged.tif,0.4,1,2085379626,78,30.5865,31.24,0.6535
tiny,chip_113_420_merged.tif,0.4,2,1605434108,78,31.2636,31.9459,0.6823
tiny,chip_113_420_merged.tif,0.4,3,1224827477,78,31.2862,32.4124,1.1262
tiny,chip_113_420_merged.tif,0.4,4,844220846,78,30.5877,31.1454,0.5577
tiny,chip_113_420_merged.tif,0.6,0,479864139,117,30.3438,30.9946,0.6508
tiny,chip_113_420_merged.tif,0.6,1,2147402269,117,29.9317,31.1664,1.2347
tiny,chip_113_420_merged.tif,0.6,2,1766795638,117,30.6278,32.1289,1.5011
tiny,chip_113_420_merged.tif,0.6,3,1286850120,117,30.37,31.7693,1.3994
tiny,chip_113_420_merged.tif,0.6,4,906243489,117,30.6177,31.7281,1.1104
tiny,chip_113_420_merged.tif,0.8,0,2144755591,156,30.1588,30.94,0.7811
tiny,chip_113_420_merged.tif,0.8,1,1664810073,156,30.0723,30.343,0.2708
tiny,chip_113_420_merged.tif,0.8,2,1284203442,156,30.1736,30.5686,0.395
tiny,chip_113_420_merged.tif,0.8,3,903596811,156,30.1921,31.0342,0.8421
tiny,chip_113_420_merged.tif,0.8,4,423651293,156,30.1537,30.5501,0.3964
tiny,chip_114_441_merged.tif,0.2,0,465810032,39,31.6575,33.5241,1.8666
tiny,chip_114_441_merged.tif,0.2,1,85203401,39,28.7626,32.9085,4.146
tiny,chip_114_441_merged.tif,0.2,2,1752741531,39,30.3208,33.7656,3.4448
tiny,chip_114_441_merged.tif,0.2,3,1372134900,39,30.46,33.7567,3.2967
tiny,chip_114_441_merged.tif,0.2,4,991528269,39,31.9111,32.6899,0.7788
tiny,chip_114_441_merged.tif,0.4,0,305194699,78,28.5995,33.0558,4.4563
tiny,chip_114_441_merged.tif,0.4,1,2072071716,78,30.8099,32.5088,1.6989
tiny,chip_114_441_merged.tif,0.4,2,1592126198,78,28.4877,33.3258,4.838
tiny,chip_114_441_merged.tif,0.4,3,1211519567,78,30.5173,32.3442,1.8269
tiny,chip_114_441_merged.tif,0.4,4,731574049,78,30.9326,32.7885,1.8559
tiny,chip_114_441_merged.tif,0.6,0,1709380140,117,29.9879,31.6262,1.6384
tiny,chip_114_441_merged.tif,0.6,1,1328773509,117,29.346,32.046,2.7
tiny,chip_114_441_merged.tif,0.6,2,848827991,117,30.1445,32.1841,2.0396
tiny,chip_114_441_merged.tif,0.6,3,468221360,117,29.0228,31.8843,2.8615
tiny,chip_114_441_merged.tif,0.6,4,2135759490,117,30.0693,32.1715,2.1022
tiny,chip_114_441_merged.tif,0.8,0,1226787944,156,29.6309,30.6749,1.044
tiny,chip_114_441_merged.tif,0.8,1,846181313,156,29.3971,29.607,0.2099
tiny,chip_114_441_merged.tif,0.8,2,366235795,156,29.389,30.5992,1.2102
tiny,chip_114_441_merged.tif,0.8,3,2133112812,156,29.3792,30.4255,1.0462
tiny,chip_114_441_merged.tif,0.8,4,1752506181,156,29.1118,30.7263,1.6145
tiny,chip_114_505_merged.tif,0.2,0,1845852260,39,31.4978,34.0952,2.5974
tiny,chip_114_505_merged.tif,0.2,1,1365906742,39,32.3354,34.0929,1.7575
tiny,chip_114_505_merged.tif,0.2,2,985300111,39,29.764,33.5312,3.7671
tiny,chip_114_505_merged.tif,0.2,3,505354593,39,30.421,34.0153,3.5943
tiny,chip_114_505_merged.tif,0.2,4,124747962,39,31.8891,33.8508,1.9617
tiny,chip_114_505_merged.tif,0.4,0,1685236927,78,31.4729,33.5592,2.0863
tiny,chip_114_505_merged.tif,0.4,1,1205291409,78,30.9783,33.4231,2.4448
tiny,chip_114_505_merged.tif,0.4,2,824684778,78,31.291,33.3057,2.0147
tiny,chip_114_505_merged.tif,0.4,3,344739260,78,30.9789,32.8015,1.8226
tiny,chip_114_505_merged.tif,0.4,4,2111616277,78,31.7419,33.0688,1.3269
tiny,chip_114_505_merged.tif,0.6,0,941938720,117,31.0355,32.1868,1.1513
tiny,chip_114_505_merged.tif,0.6,1,461993202,117,31.0088,32.5886,1.5798
tiny,chip_114_505_merged.tif,0.6,2,81386571,117,31.0323,32.6644,1.6321
tiny,chip_114_505_merged.tif,0.6,3,1748924701,117,31.0575,32.6587,1.6012
tiny,chip_114_505_merged.tif,0.6,4,1368318070,117,31.3045,32.9114,1.6069
tiny,chip_114_505_merged.tif,0.8,0,459346524,156,31.075,32.037,0.962
tiny,chip_114_505_merged.tif,0.8,1,2126884654,156,30.6666,31.735,1.0684
tiny,chip_114_505_merged.tif,0.8,2,1746278023,156,31.0663,31.5966,0.5303
tiny,chip_114_505_merged.tif,0.8,3,1266332505,156,31.0738,31.8712,0.7973
tiny,chip_114_505_merged.tif,0.8,4,885725874,156,30.7282,31.6778,0.9496
tiny,chip_115_438_merged.tif,0.2,0,2103651529,39,30.3875,32.3372,1.9497
tiny,chip_115_438_merged.tif,0.2,1,1623706011,39,31.1985,32.9341,1.7355
tiny,chip_115_438_merged.tif,0.2,2,1243099380,39,31.0021,32.8532,1.8511
tiny,chip_115_438_merged.tif,0.2,3,862492749,39,30.8191,32.8079,1.9887
tiny,chip_115_438_merged.tif,0.2,4,382547231,39,31.0027,33.1211,2.1184
tiny,chip_115_438_merged.tif,0.4,0,1943036196,78,29.5649,32.6987,3.1338
tiny,chip_115_438_merged.tif,0.4,1,1463090678,78,30.1743,32.1154,1.9411
tiny,chip_115_438_merged.tif,0.4,2,1082484047,78,30.0872,31.6765,1.5893
tiny,chip_115_438_merged.tif,0.4,3,602538529,78,30.0259,32.2848,2.2589
tiny,chip_115_438_merged.tif,0.4,4,221931898,78,29.4311,32.0275,2.5964
tiny,chip_115_438_merged.tif,0.6,0,1199737989,117,29.7233,30.9992,1.2759
tiny,chip_115_438_merged.tif,0.6,1,719792471,117,29.7373,30.899,1.1617
tiny,chip_115_438_merged.tif,0.6,2,339185840,117,28.8825,31.0514,2.1689
tiny,chip_115_438_merged.tif,0.6,3,2006723970,117,30.037,31.669,1.632
tiny,chip_115_438_merged.tif,0.6,4,1626117339,117,28.9506,30.9162,1.9656
tiny,chip_115_438_merged.tif,0.8,0,717145793,156,30.2015,30.3355,0.134
tiny,chip_115_438_merged.tif,0.8,1,237200275,156,29.5595,30.3685,0.809
tiny,chip_115_438_merged.tif,0.8,2,2004077292,156,29.9893,30.7877,0.7984
tiny,chip_115_438_merged.tif,0.8,3,1623470661,156,30.1726,30.8931,0.7205
tiny,chip_115_438_merged.tif,0.8,4,1143525143,156,29.7536,30.1712,0.4176
tiny,chip_115_478_merged.tif,0.2,0,2034642634,39,33.5206,34.831,1.3104
tiny,chip_115_478_merged.tif,0.2,1,1654036003,39,33.3766,34.4573,1.0807
tiny,chip_115_478_merged.tif,0.2,2,1174090485,39,33.104,35.6946,2.5906
tiny,chip_115_478_merged.tif,0.2,3,793483854,39,32.8095,35.58,2.7705
tiny,chip_115_478_merged.tif,0.2,4,412877223,39,33.5996,34.9753,1.3757
tiny,chip_115_478_merged.tif,0.4,0,1874027301,78,32.0254,34.4371,2.4118
tiny,chip_115_478_merged.tif,0.4,1,1493420670,78,32.6344,34.2106,1.5762
tiny,chip_115_478_merged.tif,0.4,2,1013475152,78,32.6334,34.7713,2.1379
tiny,chip_115_478_merged.tif,0.4,3,632868521,78,32.9014,34.9224,2.021
tiny,chip_115_478_merged.tif,0.4,4,152923003,78,32.3036,33.8542,1.5505
tiny,chip_115_478_merged.tif,0.6,0,1130729094,117,32.0611,33.496,1.4349
tiny,chip_115_478_merged.tif,0.6,1,750122463,117,31.9633,34.0302,2.067
tiny,chip_115_478_merged.tif,0.6,2,270176945,117,32.2794,34.145,1.8656
tiny,chip_115_478_merged.tif,0.6,3,2037053962,117,32.052,33.9075,1.8555
tiny,chip_115_478_merged.tif,0.6,4,1557108444,117,32.1446,34.0062,1.8615
tiny,chip_115_478_merged.tif,0.8,0,648136898,156,30.4868,33.2085,2.7216
tiny,chip_115_478_merged.tif,0.8,1,267530267,156,30.4919,32.6502,2.1582
tiny,chip_115_478_merged.tif,0.8,2,1935068397,156,32.0695,32.5591,0.4895
tiny,chip_115_478_merged.tif,0.8,3,1554461766,156,31.8722,33.0408,1.1687
tiny,chip_115_478_merged.tif,0.8,4,1173855135,156,31.7531,33.0932,1.3402
tiny,chip_116_208_merged.tif,0.2,0,1024114462,39,32.2887,33.7932,1.5045
tiny,chip_116_208_merged.tif,0.2,1,643507831,39,31.4334,32.2348,0.8014
tiny,chip_116_208_merged.tif,0.2,2,163562313,39,33.3784,32.7875,-0.5909
tiny,chip_116_208_merged.tif,0.2,3,1930439330,39,30.367,33.9028,3.5358
tiny,chip_116_208_merged.tif,0.2,4,1549832699,39,30.3663,33.2058,2.8394
tiny,chip_116_208_merged.tif,0.4,0,863499129,78,30.0939,32.8163,2.7224
tiny,chip_116_208_merged.tif,0.4,1,482892498,78,29.3915,31.5934,2.2019
tiny,chip_116_208_merged.tif,0.4,2,2946980,78,29.2194,32.3221,3.1027
tiny,chip_116_208_merged.tif,0.4,3,1769823997,78,28.7336,32.8707,4.137
tiny,chip_116_208_merged.tif,0.4,4,1289878479,78,29.828,32.5384,2.7104
tiny,chip_116_208_merged.tif,0.6,0,120200922,117,29.4068,32.0679,2.6611
tiny,chip_116_208_merged.tif,0.6,1,1887077939,117,29.5233,31.7326,2.2093
tiny,chip_116_208_merged.tif,0.6,2,1407132421,117,29.2034,31.402,2.1986
tiny,chip_116_208_merged.tif,0.6,3,1026525790,117,29.8876,31.5671,1.6795
tiny,chip_116_208_merged.tif,0.6,4,546580272,117,29.4063,32.1236,2.7173
tiny,chip_116_208_merged.tif,0.8,0,1785092374,156,29.1915,30.995,1.8036
tiny,chip_116_208_merged.tif,0.8,1,1404485743,156,29.1975,30.6971,1.4995
tiny,chip_116_208_merged.tif,0.8,2,924540225,156,29.488,31.0711,1.5832
tiny,chip_116_208_merged.tif,0.8,3,543933594,156,28.4448,29.9509,1.5061
tiny,chip_116_208_merged.tif,0.8,4,163326963,156,29.5041,29.0061,-0.4981
tiny,chip_116_346_merged.tif,0.2,0,659635090,39,35.4862,35.7837,0.2974
tiny,chip_116_346_merged.tif,0.2,1,279028459,39,36.2089,36.3199,0.111
tiny,chip_116_346_merged.tif,0.2,2,2045905476,39,33.3515,35.7861,2.4347
tiny,chip_116_346_merged.tif,0.2,3,1565959958,39,32.5444,36.1468,3.6024
tiny,chip_116_346_merged.tif,0.2,4,1185353327,39,35.0267,35.1973,0.1707
tiny,chip_116_346_merged.tif,0.4,0,1841182555,78,33.4788,35.7425,2.2637
tiny,chip_116_346_merged.tif,0.4,1,1361237037,78,32.5451,35.7047,3.1597
tiny,chip_116_346_merged.tif,0.4,2,980630406,78,35.1663,35.4961,0.3298
tiny,chip_116_346_merged.tif,0.4,3,600023775,78,35.4717,35.7357,0.264
tiny,chip_116_346_merged.tif,0.4,4,120078257,78,32.9011,35.7409,2.8398
tiny,chip_116_346_merged.tif,0.6,0,1903205198,117,34.3786,35.292,0.9134
tiny,chip_116_346_merged.tif,0.6,1,1522598567,117,34.2512,35.5052,1.254
tiny,chip_116_346_merged.tif,0.6,2,1042653049,117,34.3838,34.9551,0.5713
tiny,chip_116_346_merged.tif,0.6,3,662046418,117,34.247,34.682,0.435
tiny,chip_116_346_merged.tif,0.6,4,182100900,117,34.2491,34.9074,0.6582
tiny,chip_116_346_merged.tif,0.8,0,1420613002,156,33.9724,33.9522,-0.0202
tiny,chip_116_346_merged.tif,0.8,1,1040006371,156,34.0064,34.2265,0.22
tiny,chip_116_346_merged.tif,0.8,2,659399740,156,33.9981,34.3434,0.3453
tiny,chip_116_346_merged.tif,0.8,3,179454222,156,34.0453,34.3578,0.3125
tiny,chip_116_346_merged.tif,0.8,4,1946331239,156,33.8093,34.5725,0.7632
tiny,chip_116_447_merged.tif,0.2,0,1584613223,39,33.9803,37.9006,3.9203
tiny,chip_116_447_merged.tif,0.2,1,1104667705,39,37.6823,37.4315,-0.2508
tiny,chip_116_447_merged.tif,0.2,2,724061074,39,37.5031,37.8316,0.3285
tiny,chip_116_447_merged.tif,0.2,3,343454443,39,37.3685,37.3615,-0.007
tiny,chip_116_447_merged.tif,0.2,4,2010992573,39,37.5892,38.0389,0.4497
tiny,chip_116_447_merged.tif,0.4,0,519338153,78,37.1365,37.8198,0.6833
tiny,chip_116_447_merged.tif,0.4,1,138731522,78,37.3734,36.4099,-0.9636
tiny,chip_116_447_merged.tif,0.4,2,1905608539,78,35.3539,38.0765,2.7225
tiny,chip_116_447_merged.tif,0.4,3,1425663021,78,35.2197,38.3581,3.1384
tiny,chip_116_447_merged.tif,0.4,4,1045056390,78,37.2144,37.8907,0.6763
tiny,chip_116_447_merged.tif,0.6,0,680699683,117,35.7537,37.7439,1.9901
tiny,chip_116_447_merged.tif,0.6,1,200754165,117,35.8239,37.4022,1.5782
tiny,chip_116_447_merged.tif,0.6,2,1967631182,117,36.9368,37.6064,0.6696
tiny,chip_116_447_merged.tif,0.6,3,1487685664,117,37.1853,38.0065,0.8211
tiny,chip_116_447_merged.tif,0.6,4,1107079033,117,36.9355,37.5976,0.6621
tiny,chip_116_447_merged.tif,0.8,0,198107487,156,35.6723,36.7489,1.0766
tiny,chip_116_447_merged.tif,0.8,1,1865645617,156,35.6042,37.3646,1.7604
tiny,chip_116_447_merged.tif,0.8,2,1485038986,156,36.5306,36.782,0.2514
tiny,chip_116_447_merged.tif,0.8,3,1104432355,156,36.0646,37.4149,1.3502
tiny,chip_116_447_merged.tif,0.8,4,624486837,156,35.1918,36.3948,1.203
tiny,chip_116_448_merged.tif,0.2,0,1460936003,39,35.6079,35.7057,0.0978
tiny,chip_116_448_merged.tif,0.2,1,1080329372,39,36.0304,36.3716,0.3412
tiny,chip_116_448_merged.tif,0.2,2,600383854,39,35.7198,37.7908,2.0709
tiny,chip_116_448_merged.tif,0.2,3,219777223,39,35.5505,37.6538,2.1033
tiny,chip_116_448_merged.tif,0.2,4,1986654240,39,35.3542,37.7416,2.3874
tiny,chip_116_448_merged.tif,0.4,0,1300320670,78,35.423,37.1817,1.7586
tiny,chip_116_448_merged.tif,0.4,1,919714039,78,34.9993,36.2313,1.2319
tiny,chip_116_448_merged.tif,0.4,2,439768521,78,35.936,36.8847,0.9487
tiny,chip_116_448_merged.tif,0.4,3,59161890,78,36.2978,37.124,0.8262
tiny,chip_116_448_merged.tif,0.4,4,1726700020,78,35.1024,36.9588,1.8564
tiny,chip_116_448_merged.tif,0.6,0,557022463,117,36.2387,36.4785,0.2398
tiny,chip_116_448_merged.tif,0.6,1,176415832,117,35.9139,36.081,0.167
tiny,chip_116_448_merged.tif,0.6,2,1843953962,117,34.949,36.7871,1.8381
tiny,chip_116_448_merged.tif,0.6,3,1463347331,117,35.9618,36.3433,0.3814
tiny,chip_116_448_merged.tif,0.6,4,983401813,117,34.949,35.3121,0.363
tiny,chip_116_448_merged.tif,0.8,0,74430267,156,35.7901,36.6663,0.8761
tiny,chip_116_448_merged.tif,0.8,1,1841307284,156,35.797,36.3816,0.5846
tiny,chip_116_448_merged.tif,0.8,2,1361361766,156,35.0499,35.4662,0.4163
tiny,chip_116_448_merged.tif,0.8,3,980755135,156,35.8443,35.5607,-0.2836
tiny,chip_116_448_merged.tif,0.8,4,600148504,156,34.7824,35.8541,1.0717
tiny,chip_117_438_merged.tif,0.2,0,1587294993,39,31.5166,33.4391,1.9225
tiny,chip_117_438_merged.tif,0.2,1,1107349475,39,32.3554,33.1269,0.7715
tiny,chip_117_438_merged.tif,0.2,2,726742844,39,30.8874,33.6335,2.7461
tiny,chip_117_438_merged.tif,0.2,3,246797326,39,31.5528,32.315,0.7622
tiny,chip_117_438_merged.tif,0.2,4,2013674343,39,30.1811,32.7739,2.5928
tiny,chip_117_438_merged.tif,0.4,0,1327340773,78,31.6685,32.9521,1.2836
tiny,chip_117_438_merged.tif,0.4,1,946734142,78,30.132,33.764,3.632
tiny,chip_117_438_merged.tif,0.4,2,566127511,78,31.4682,33.3452,1.877
tiny,chip_117_438_merged.tif,0.4,3,86181993,78,31.579,32.5513,0.9723
tiny,chip_117_438_merged.tif,0.4,4,1853059010,78,30.6871,33.2501,2.563
tiny,chip_117_438_merged.tif,0.6,0,584042566,117,30.268,32.5004,2.2324
tiny,chip_117_438_merged.tif,0.6,1,203435935,117,30.4656,32.2505,1.7849
tiny,chip_117_438_merged.tif,0.6,2,1970312952,117,30.4387,32.0776,1.6389
tiny,chip_117_438_merged.tif,0.6,3,1490367434,117,31.4296,32.3222,0.8927
tiny,chip_117_438_merged.tif,0.6,4,1109760803,117,31.4245,31.649,0.2244
tiny,chip_117_438_merged.tif,0.8,0,200789257,156,29.757,30.3783,0.6213
tiny,chip_117_438_merged.tif,0.8,1,1868327387,156,29.7761,31.2835,1.5073
tiny,chip_117_438_merged.tif,0.8,2,1487720756,156,30.0455,31.4381,1.3927
tiny,chip_117_438_merged.tif,0.8,3,1007775238,156,30.6704,31.7001,1.0298
tiny,chip_117_438_merged.tif,0.8,4,627168607,156,29.7664,31.6182,1.8518
tiny,chip_118_448_merged.tif,0.2,0,2008067573,39,35.5764,35.1437,-0.4327
tiny,chip_118_448_merged.tif,0.2,1,1627460942,39,35.5779,36.7259,1.148
tiny,chip_118_448_merged.tif,0.2,2,1147515424,39,37.3991,36.3363,-1.0628
tiny,chip_118_448_merged.tif,0.2,3,766908793,39,36.7871,36.5875,-0.1996
tiny,chip_118_448_merged.tif,0.2,4,386302162,39,34.8401,37.0011,2.161
tiny,chip_118_448_merged.tif,0.4,0,1847452240,78,36.123,36.4544,0.3314
tiny,chip_118_448_merged.tif,0.4,1,1466845609,78,35.5728,36.4033,0.8305
tiny,chip_118_448_merged.tif,0.4,2,986900091,78,36.0555,35.5923,-0.4632
tiny,chip_118_448_merged.tif,0.4,3,606293460,78,36.2328,36.4651,0.2323
tiny,chip_118_448_merged.tif,0.4,4,126347942,78,35.4038,37.32,1.9162
tiny,chip_118_448_merged.tif,0.6,0,1104154033,117,35.9936,36.6038,0.6102
tiny,chip_118_448_merged.tif,0.6,1,723547402,117,36.413,36.1558,-0.2572
tiny,chip_118_448_merged.tif,0.6,2,243601884,117,35.719,36.5752,0.8562
tiny,chip_118_448_merged.tif,0.6,3,2010478901,117,35.9114,36.0329,0.1216
tiny,chip_118_448_merged.tif,0.6,4,1530533383,117,35.9872,36.5637,0.5764
tiny,chip_118_448_merged.tif,0.8,0,621561837,156,35.7842,35.4411,-0.3431
tiny,chip_118_448_merged.tif,0.8,1,240955206,156,35.6293,35.9937,0.3644
tiny,chip_118_448_merged.tif,0.8,2,1908493336,156,35.475,35.9829,0.5079
tiny,chip_118_448_merged.tif,0.8,3,1527886705,156,35.7846,35.0365,-0.7481
tiny,chip_118_448_merged.tif,0.8,4,1147280074,156,35.466,35.3109,-0.1551
tiny,chip_119_126_merged.tif,0.2,0,1045083369,39,36.4379,36.4939,0.0559
tiny,chip_119_126_merged.tif,0.2,1,565137851,39,36.4391,36.5461,0.107
tiny,chip_119_126_merged.tif,0.2,2,184531220,39,32.9232,37.823,4.8998
tiny,chip_119_126_merged.tif,0.2,3,1951408237,39,32.9349,37.0363,4.1014
tiny,chip_119_126_merged.tif,0.2,4,1471462719,39,35.5734,37.1868,1.6134
tiny,chip_119_126_merged.tif,0.4,0,884468036,78,34.1237,35.11,0.9863
tiny,chip_119_126_merged.tif,0.4,1,404522518,78,31.4858,35.7225,4.2367
tiny,chip_119_126_merged.tif,0.4,2,23915887,78,34.1943,35.3468,1.1525
tiny,chip_119_126_merged.tif,0.4,3,1691454017,78,32.8978,36.024,3.1262
tiny,chip_119_126_merged.tif,0.4,4,1310847386,78,33.8044,35.5469,1.7425
tiny,chip_119_126_merged.tif,0.6,0,141169829,117,33.6219,34.9668,1.3449
tiny,chip_119_126_merged.tif,0.6,1,1808707959,117,32.6249,35.1118,2.4869
tiny,chip_119_126_merged.tif,0.6,2,1428101328,117,33.6741,35.2827,1.6086
tiny,chip_119_126_merged.tif,0.6,3,948155810,117,33.6835,34.8279,1.1444
tiny,chip_119_126_merged.tif,0.6,4,567549179,117,34.03,35.7133,1.6833
tiny,chip_119_126_merged.tif,0.8,0,1806061281,156,33.3068,34.4208,1.114
tiny,chip_119_126_merged.tif,0.8,1,1326115763,156,33.6879,34.3262,0.6382
tiny,chip_119_126_merged.tif,0.8,2,945509132,156,33.0735,33.207,0.1334
tiny,chip_119_126_merged.tif,0.8,3,564902501,156,31.8803,34.5473,2.6669
tiny,chip_119_126_merged.tif,0.8,4,84956983,156,31.8876,33.8944,2.0068
tiny,chip_119_323_merged.tif,0.2,0,316076292,39,31.4587,31.2528,-0.2059
tiny,chip_119_323_merged.tif,0.2,1,2082953309,39,31.1947,32.5132,1.3185
tiny,chip_119_323_merged.tif,0.2,2,1702346678,39,31.157,31.0339,-0.1231
tiny,chip_119_323_merged.tif,0.2,3,1222401160,39,30.6747,31.6652,0.9905
tiny,chip_119_323_merged.tif,0.2,4,841794529,39,30.5628,32.3711,1.8083
tiny,chip_119_323_merged.tif,0.4,0,155460959,78,30.2282,31.5,1.2718
tiny,chip_119_323_merged.tif,0.4,1,1922337976,78,30.7393,32.4004,1.6612
tiny,chip_119_323_merged.tif,0.4,2,1442392458,78,30.0296,31.6232,1.5935
tiny,chip_119_323_merged.tif,0.4,3,1061785827,78,30.8211,31.6695,0.8484
tiny,chip_119_323_merged.tif,0.4,4,681179196,78,29.4505,31.2794,1.8289
tiny,chip_119_323_merged.tif,0.6,0,1559646400,117,30.0372,30.7512,0.714
tiny,chip_119_323_merged.tif,0.6,1,1179039769,117,30.7074,30.556,-0.1514
tiny,chip_119_323_merged.tif,0.6,2,699094251,117,30.0227,31.2052,1.1825
tiny,chip_119_323_merged.tif,0.6,3,318487620,117,30.6124,30.7954,0.1831
tiny,chip_119_323_merged.tif,0.6,4,2085364637,117,29.4149,30.5378,1.1229
tiny,chip_119_323_merged.tif,0.8,0,1077054204,156,30.0598,30.8966,0.8369
tiny,chip_119_323_merged.tif,0.8,1,696447573,156,30.0974,30.6725,0.575
tiny,chip_119_323_merged.tif,0.8,2,315840942,156,30.4167,30.2712,-0.1455
tiny,chip_119_323_merged.tif,0.8,3,1983379072,156,30.0998,30.5221,0.4223
tiny,chip_119_323_merged.tif,0.8,4,1602772441,156,30.0806,30.4693,0.3887
tiny,chip_119_505_merged.tif,0.2,0,1332484276,39,30.967,34.4093,3.4423
tiny,chip_119_505_merged.tif,0.2,1,951877645,39,30.9688,34.2957,3.3269
tiny,chip_119_505_merged.tif,0.2,2,571271014,39,33.6063,33.2433,-0.3629
tiny,chip_119_505_merged.tif,0.2,3,91325496,39,32.4153,34.163,1.7477
tiny,chip_119_505_merged.tif,0.2,4,1858202513,39,32.8411,33.1267,0.2857
tiny,chip_119_505_merged.tif,0.4,0,366548093,78,30.9557,33.7905,2.8348
tiny,chip_119_505_merged.tif,0.4,1,2133425110,78,30.4177,33.6979,3.2802
tiny,chip_119_505_merged.tif,0.4,2,1653479592,78,31.4164,32.0232,0.6068
tiny,chip_119_505_merged.tif,0.4,3,1272872961,78,30.7671,32.7588,1.9917
tiny,chip_119_505_merged.tif,0.4,4,792927443,78,31.0494,33.0171,1.9677
tiny,chip_119_505_merged.tif,0.6,0,428570736,117,30.742,32.921,2.179
tiny,chip_119_505_merged.tif,0.6,1,47964105,117,31.1719,32.4169,1.245
tiny,chip_119_505_merged.tif,0.6,2,1715502235,117,30.4138,32.6544,2.2406
tiny,chip_119_505_merged.tif,0.6,3,1334895604,117,31.1646,32.0649,0.9003
tiny,chip_119_505_merged.tif,0.6,4,954288973,117,30.6744,32.7208,2.0464
tiny,chip_119_505_merged.tif,0.8,0,2093462188,156,30.6847,32.0195,1.3349
tiny,chip_119_505_merged.tif,0.8,1,1712855557,156,30.2131,31.3032,1.0901
tiny,chip_119_505_merged.tif,0.8,2,1332248926,156,30.8197,31.6595,0.8398
tiny,chip_119_505_merged.tif,0.8,3,852303408,156,30.4099,31.8698,1.46
tiny,chip_119_505_merged.tif,0.8,4,471696777,156,30.6991,31.8647,1.1656
tiny,chip_120_559_merged.tif,0.2,0,1647144822,39,38.584,38.8645,0.2804
tiny,chip_120_559_merged.tif,0.2,1,1167199304,39,38.8658,38.7264,-0.1394
tiny,chip_120_559_merged.tif,0.2,2,786592673,39,37.9072,38.6928,0.7857
tiny,chip_120_559_merged.tif,0.2,3,306647155,39,37.6533,39.4283,1.7751
tiny,chip_120_559_merged.tif,0.2,4,2073524172,39,38.4972,38.235,-0.2622
tiny,chip_120_559_merged.tif,0.4,0,1387190602,78,38.4599,38.9431,0.4832
tiny,chip_120_559_merged.tif,0.4,1,1006583971,78,37.7998,39.1358,1.336
tiny,chip_120_559_merged.tif,0.4,2,625977340,78,37.5625,37.879,0.3165
tiny,chip_120_559_merged.tif,0.4,3,146031822,78,37.9256,38.0464,0.1208
tiny,chip_120_559_merged.tif,0.4,4,1912908839,78,37.4643,38.5098,1.0455
tiny,chip_120_559_merged.tif,0.6,0,643892395,117,37.2653,38.3273,1.062
tiny,chip_120_559_merged.tif,0.6,1,263285764,117,37.8374,38.4987,0.6613
tiny,chip_120_559_merged.tif,0.6,2,2030162781,117,37.5921,38.7334,1.1413
tiny,chip_120_559_merged.tif,0.6,3,1550217263,117,37.5853,38.4906,0.9053
tiny,chip_120_559_merged.tif,0.6,4,1169610632,117,37.5741,37.8796,0.3055
tiny,chip_120_559_merged.tif,0.8,0,260639086,156,37.6587,37.9369,0.2782
tiny,chip_120_559_merged.tif,0.8,1,1928177216,156,37.3486,37.4965,0.1479
tiny,chip_120_559_merged.tif,0.8,2,1547570585,156,37.3691,37.5373,0.1682
tiny,chip_120_559_merged.tif,0.8,3,1067625067,156,37.3773,37.0141,-0.3631
tiny,chip_120_559_merged.tif,0.8,4,687018436,156,37.6888,37.6814,-0.0074
tiny,chip_121_466_merged.tif,0.2,0,448634045,39,32.9424,33.9233,0.9808
tiny,chip_121_466_merged.tif,0.2,1,2116172175,39,31.6813,33.2634,1.5821
tiny,chip_121_466_merged.tif,0.2,2,1735565544,39,32.9433,33.5129,0.5697
tiny,chip_121_466_merged.tif,0.2,3,1354958913,39,30.719,33.6408,2.9218
tiny,chip_121_466_merged.tif,0.2,4,875013395,39,32.9771,32.8954,-0.0817
tiny,chip_121_466_merged.tif,0.4,0,1530842623,78,31.0528,32.5698,1.5169
tiny,chip_121_466_merged.tif,0.4,1,1150235992,78,31.1354,33.9354,2.8
tiny,chip_121_466_merged.tif,0.4,2,769629361,78,31.3736,32.8609,1.4872
tiny,chip_121_466_merged.tif,0.4,3,289683843,78,31.6811,32.8956,1.2145
tiny,chip_121_466_merged.tif,0.4,4,2056560860,78,31.3343,32.8598,1.5255
tiny,chip_121_466_merged.tif,0.6,0,1692204153,117,31.2547,32.0549,0.8003
tiny,chip_121_466_merged.tif,0.6,1,1212258635,117,31.362,32.6694,1.3074
tiny,chip_121_466_merged.tif,0.6,2,831652004,117,31.384,32.45,1.0661
tiny,chip_121_466_merged.tif,0.6,3,351706486,117,30.9206,32.2842,1.3636
tiny,chip_121_466_merged.tif,0.6,4,2118583503,117,31.0319,32.5993,1.5674
tiny,chip_121_466_merged.tif,0.8,0,1209611957,156,31.3129,31.7439,0.431
tiny,chip_121_466_merged.tif,0.8,1,729666439,156,31.2967,31.8195,0.5227
tiny,chip_121_466_merged.tif,0.8,2,349059808,156,31.1542,32.0143,0.8601
tiny,chip_121_466_merged.tif,0.8,3,2115936825,156,30.9402,32.1699,1.2297
tiny,chip_121_466_merged.tif,0.8,4,1635991307,156,30.9367,32.2548,1.3182
tiny,chip_122_507_merged.tif,0.2,0,1414638939,39,30.1387,31.8823,1.7436
tiny,chip_122_507_merged.tif,0.2,1,934693421,39,30.611,32.3741,1.763
tiny,chip_122_507_merged.tif,0.2,2,554086790,39,29.2801,32.266,2.9858
tiny,chip_122_507_merged.tif,0.2,3,74141272,39,29.4733,32.5,3.0267
tiny,chip_122_507_merged.tif,0.2,4,1841018289,39,29.8317,33.135,3.3032
tiny,chip_122_507_merged.tif,0.4,0,349363869,78,29.7205,31.9987,2.2781
tiny,chip_122_507_merged.tif,0.4,1,2116240886,78,29.9758,32.7138,2.7379
tiny,chip_122_507_merged.tif,0.4,2,1636295368,78,30.3527,32.3318,1.9791
tiny,chip_122_507_merged.tif,0.4,3,1255688737,78,30.4801,32.1584,1.6783
tiny,chip_122_507_merged.tif,0.4,4,875082106,78,29.3076,31.5535,2.2459
tiny,chip_122_507_merged.tif,0.6,0,510725399,117,28.7929,31.4057,2.6128
tiny,chip_122_507_merged.tif,0.6,1,30779881,117,29.3699,30.7369,1.3671
tiny,chip_122_507_merged.tif,0.6,2,1797656898,117,28.7446,31.2623,2.5177
tiny,chip_122_507_merged.tif,0.6,3,1317711380,117,28.9469,31.1133,2.1664
tiny,chip_122_507_merged.tif,0.6,4,937104749,117,29.0163,31.695,2.6788
tiny,chip_122_507_merged.tif,0.8,0,28133203,156,29.2119,30.341,1.129
tiny,chip_122_507_merged.tif,0.8,1,1695671333,156,29.111,30.0768,0.9658
tiny,chip_122_507_merged.tif,0.8,2,1315064702,156,29.3801,30.6128,1.2327
tiny,chip_122_507_merged.tif,0.8,3,835119184,156,29.2377,30.16,0.9223
tiny,chip_122_507_merged.tif,0.8,4,454512553,156,29.3614,30.3897,1.0283
tiny,chip_123_393_merged.tif,0.2,0,537000070,39,32.9209,34.916,1.9951
tiny,chip_123_393_merged.tif,0.2,1,57054552,39,32.9755,35.7049,2.7294
tiny,chip_123_393_merged.tif,0.2,2,1823931569,39,33.3366,35.0274,1.6907
tiny,chip_123_393_merged.tif,0.2,3,1343986051,39,34.0103,34.8837,0.8735
tiny,chip_123_393_merged.tif,0.2,4,963379420,39,33.8453,34.6497,0.8043
tiny,chip_123_393_merged.tif,0.4,0,1619208648,78,33.2958,34.6211,1.3253
tiny,chip_123_393_merged.tif,0.4,1,1238602017,78,34.6214,34.3411,-0.2803
tiny,chip_123_393_merged.tif,0.4,2,758656499,78,34.6217,35.0368,0.4152
tiny,chip_123_393_merged.tif,0.4,3,378049868,78,32.7273,34.4034,1.6761
tiny,chip_123_393_merged.tif,0.4,4,2045587998,78,33.1604,35.1989,2.0385
tiny,chip_123_393_merged.tif,0.6,0,875910441,117,34.1487,34.2992,0.1505
tiny,chip_123_393_merged.tif,0.6,1,495303810,117,32.9357,34.6544,1.7187
tiny,chip_123_393_merged.tif,0.6,2,15358292,117,32.7482,34.6867,1.9385
tiny,chip_123_393_merged.tif,0.6,3,1782235309,117,32.8796,34.7386,1.859
tiny,chip_123_393_merged.tif,0.6,4,1302289791,117,32.745,34.8695,2.1245
tiny,chip_123_393_merged.tif,0.8,0,393318245,156,33.4505,34.1848,0.7343
tiny,chip_123_393_merged.tif,0.8,1,12711614,156,32.4773,33.9831,1.5057
tiny,chip_123_393_merged.tif,0.8,2,1680249744,156,33.6784,34.2787,0.6004
tiny,chip_123_393_merged.tif,0.8,3,1299643113,156,33.0404,34.2791,1.2387
tiny,chip_123_393_merged.tif,0.8,4,919036482,156,32.4722,33.6828,1.2106
tiny,chip_123_434_merged.tif,0.2,0,1158469743,39,37.4664,37.7769,0.3105
tiny,chip_123_434_merged.tif,0.2,1,777863112,39,37.4653,38.8621,1.3968
tiny,chip_123_434_merged.tif,0.2,2,397256481,39,37.4378,38.5171,1.0793
tiny,chip_123_434_merged.tif,0.2,3,2064794611,39,35.6488,36.5892,0.9404
tiny,chip_123_434_merged.tif,0.2,4,1684187980,39,35.6242,37.4515,1.8273
tiny,chip_123_434_merged.tif,0.4,0,997854410,78,32.3348,37.4098,5.0751
tiny,chip_123_434_merged.tif,0.4,1,617247779,78,34.3995,37.4812,3.0816
tiny,chip_123_434_merged.tif,0.4,2,137302261,78,35.133,36.8439,1.7109
tiny,chip_123_434_merged.tif,0.4,3,1904179278,78,32.0924,37.3939,5.3014
tiny,chip_123_434_merged.tif,0.4,4,1424233760,78,32.7613,36.444,3.6827
tiny,chip_123_434_merged.tif,0.6,0,254556203,117,35.3832,37.1206,1.7373
tiny,chip_123_434_merged.tif,0.6,1,2021433220,117,33.8772,35.9825,2.1053
tiny,chip_123_434_merged.tif,0.6,2,1541487702,117,36.1495,36.3789,0.2294
tiny,chip_123_434_merged.tif,0.6,3,1160881071,117,33.0394,36.052,3.0126
tiny,chip_123_434_merged.tif,0.6,4,680935553,117,33.2381,37.8747,4.6366
tiny,chip_123_434_merged.tif,0.8,0,1919447655,156,33.7232,33.9938,0.2706
tiny,chip_123_434_merged.tif,0.8,1,1538841024,156,34.0481,36.8362,2.7881
tiny,chip_123_434_merged.tif,0.8,2,1158234393,156,34.5432,36.7074,2.1642
tiny,chip_123_434_merged.tif,0.8,3,678288875,156,34.059,34.5684,0.5093
tiny,chip_123_434_merged.tif,0.8,4,297682244,156,34.5024,35.0307,0.5283
tiny,chip_123_448_merged.tif,0.2,0,194197700,39,36.5413,36.9602,0.4189
tiny,chip_123_448_merged.tif,0.2,1,1961074717,39,37.4242,36.5508,-0.8734
tiny,chip_123_448_merged.tif,0.2,2,1580468086,39,36.8043,36.6288,-0.1754
tiny,chip_123_448_merged.tif,0.2,3,1100522568,39,36.5894,36.3139,-0.2756
tiny,chip_123_448_merged.tif,0.2,4,719915937,39,36.0086,36.577,0.5683
tiny,chip_123_448_merged.tif,0.4,0,33582367,78,36.1434,36.5447,0.4013
tiny,chip_123_448_merged.tif,0.4,1,1800459384,78,36.2164,36.5615,0.3452
tiny,chip_123_448_merged.tif,0.4,2,1320513866,78,36.1434,36.6594,0.516
tiny,chip_123_448_merged.tif,0.4,3,939907235,78,36.9382,36.9667,0.0285
tiny,chip_123_448_merged.tif,0.4,4,559300604,78,36.555,35.9416,-0.6135
tiny,chip_123_448_merged.tif,0.6,0,1437767808,117,36.4813,36.5935,0.1122
tiny,chip_123_448_merged.tif,0.6,1,1057161177,117,36.7757,36.493,-0.2827
tiny,chip_123_448_merged.tif,0.6,2,577215659,117,36.4642,36.85,0.3858
tiny,chip_123_448_merged.tif,0.6,3,196609028,117,36.0151,36.4922,0.4771
tiny,chip_123_448_merged.tif,0.6,4,1963486045,117,36.7764,36.3977,-0.3787
tiny,chip_123_448_merged.tif,0.8,0,955175612,156,35.9999,36.4795,0.4796
tiny,chip_123_448_merged.tif,0.8,1,574568981,156,36.2767,35.807,-0.4698
tiny,chip_123_448_merged.tif,0.8,2,193962350,156,35.9598,35.9702,0.0104
tiny,chip_123_448_merged.tif,0.8,3,1861500480,156,35.2954,36.4204,1.125
tiny,chip_123_448_merged.tif,0.8,4,1480893849,156,35.2862,35.9026,0.6165
tiny,chip_123_507_merged.tif,0.2,0,2022809603,39,30.0608,32.5827,2.5219
tiny,chip_123_507_merged.tif,0.2,1,1642202972,39,29.1103,30.8749,1.7646
tiny,chip_123_507_merged.tif,0.2,2,1162257454,39,30.2337,32.6278,2.3941
tiny,chip_123_507_merged.tif,0.2,3,781650823,39,29.77,32.3509,2.581
tiny,chip_123_507_merged.tif,0.2,4,301705305,39,31.3876,32.2986,0.911
tiny,chip_123_507_merged.tif,0.4,0,1056873420,78,29.9207,31.6108,1.69
tiny,chip_123_507_merged.tif,0.4,1,576927902,78,29.7237,31.5445,1.8209
tiny,chip_123_507_merged.tif,0.4,2,196321271,78,29.662,31.1581,1.4961
tiny,chip_123_507_merged.tif,0.4,3,1863859401,78,29.8503,31.4719,1.6216
tiny,chip_123_507_merged.tif,0.4,4,1483252770,78,30.1942,31.9301,1.7359
tiny,chip_123_507_merged.tif,0.6,0,1118896063,117,29.0241,30.264,1.2399
tiny,chip_123_507_merged.tif,0.6,1,738289432,117,29.6491,30.6656,1.0166
tiny,chip_123_507_merged.tif,0.6,2,258343914,117,28.8758,31.2567,2.3809
tiny,chip_123_507_merged.tif,0.6,3,2025220931,117,29.095,30.7209,1.6259
tiny,chip_123_507_merged.tif,0.6,4,1545275413,117,29.0792,30.3052,1.226
tiny,chip_123_507_merged.tif,0.8,0,636303867,156,29.018,29.8924,0.8744
tiny,chip_123_507_merged.tif,0.8,1,255697236,156,28.9943,29.4718,0.4774
tiny,chip_123_507_merged.tif,0.8,2,1923235366,156,28.4132,30.1968,1.7836
tiny,chip_123_507_merged.tif,0.8,3,1542628735,156,29.2668,30.0349,0.7682
tiny,chip_123_507_merged.tif,0.8,4,1062683217,156,28.4177,29.3525,0.9348
tiny,chip_123_560_merged.tif,0.2,0,835749987,39,37.7293,39.5823,1.853
tiny,chip_123_560_merged.tif,0.2,1,455143356,39,37.7299,39.1679,1.438
tiny,chip_123_560_merged.tif,0.2,2,2122681486,39,38.5656,39.8657,1.3001
tiny,chip_123_560_merged.tif,0.2,3,1742074855,39,38.6475,38.702,0.0545
tiny,chip_123_560_merged.tif,0.2,4,1262129337,39,38.8711,40.1996,1.3285
tiny,chip_123_560_merged.tif,0.4,0,675134654,78,39.1497,39.869,0.7193
tiny,chip_123_560_merged.tif,0.4,1,195189136,78,40.2044,39.4806,-0.7238
tiny,chip_123_560_merged.tif,0.4,2,1962066153,78,38.2748,39.9452,1.6705
tiny,chip_123_560_merged.tif,0.4,3,1482120635,78,39.3988,39.4365,0.0378
tiny,chip_123_560_merged.tif,0.4,4,1101514004,78,39.7764,39.7239,-0.0525
tiny,chip_123_560_merged.tif,0.6,0,2079320095,117,39.2728,39.2212,-0.0517
tiny,chip_123_560_merged.tif,0.6,1,1599374577,117,38.8346,39.0445,0.2099
tiny,chip_123_560_merged.tif,0.6,2,1218767946,117,38.6975,38.9621,0.2647
tiny,chip_123_560_merged.tif,0.6,3,738822428,117,38.4808,39.1488,0.668
tiny,chip_123_560_merged.tif,0.6,4,358215797,117,38.4824,39.3469,0.8645
tiny,chip_123_560_merged.tif,0.8,0,1596727899,156,38.9734,38.8894,-0.084
tiny,chip_123_560_merged.tif,0.8,1,1216121268,156,39.3203,39.0043,-0.3161
tiny,chip_123_560_merged.tif,0.8,2,736175750,156,38.8605,38.9896,0.1291
tiny,chip_123_560_merged.tif,0.8,3,355569119,156,39.0074,39.3954,0.388
tiny,chip_123_560_merged.tif,0.8,4,2023107249,156,38.8485,38.8625,0.014
tiny,chip_124_123_merged.tif,0.2,0,114624796,39,33.0392,36.2195,3.1803
tiny,chip_124_123_merged.tif,0.2,1,1881501813,39,29.9313,35.622,5.6907
tiny,chip_124_123_merged.tif,0.2,2,1401556295,39,31.4735,35.712,4.2385
tiny,chip_124_123_merged.tif,0.2,3,1020949664,39,33.0373,36.0104,2.9731
tiny,chip_124_123_merged.tif,0.2,4,640343033,39,29.933,36.2643,6.3313
tiny,chip_124_123_merged.tif,0.4,0,2101493111,78,34.1241,34.5914,0.4673
tiny,chip_124_123_merged.tif,0.4,1,1720886480,78,34.5598,35.2203,0.6604
tiny,chip_124_123_merged.tif,0.4,2,1240940962,78,32.08,35.2788,3.1987
tiny,chip_124_123_merged.tif,0.4,3,860334331,78,33.1691,36.0652,2.8961
tiny,chip_124_123_merged.tif,0.4,4,380388813,78,32.0789,35.6914,3.6125
tiny,chip_124_123_merged.tif,0.6,0,1358194904,117,31.2512,34.9174,3.6662
tiny,chip_124_123_merged.tif,0.6,1,977588273,117,30.8108,35.2049,4.3941
tiny,chip_124_123_merged.tif,0.6,2,497642755,117,30.8038,35.166,4.3622
tiny,chip_124_123_merged.tif,0.6,3,117036124,117,33.0968,35.6583,2.5615
tiny,chip_124_123_merged.tif,0.6,4,1784574254,117,32.1181,35.9782,3.8602
tiny,chip_124_123_merged.tif,0.8,0,875602708,156,30.9343,33.4872,2.553
tiny,chip_124_123_merged.tif,0.8,1,494996077,156,29.7175,32.6291,2.9117
tiny,chip_124_123_merged.tif,0.8,2,15050559,156,31.1048,31.2806,0.1758
tiny,chip_124_123_merged.tif,0.8,3,1781927576,156,31.0843,33.1027,2.0184
tiny,chip_124_123_merged.tif,0.8,4,1401320945,156,32.23,33.247,1.017
tiny,chip_124_433_merged.tif,0.2,0,1483230851,39,38.7244,38.4381,-0.2863
tiny,chip_124_433_merged.tif,0.2,1,1102624220,39,39.3791,37.7082,-1.6709
tiny,chip_124_433_merged.tif,0.2,2,622678702,39,37.2697,37.9274,0.6576
tiny,chip_124_433_merged.tif,0.2,3,242072071,39,36.9791,37.7329,0.7538
tiny,chip_124_433_merged.tif,0.2,4,1909610201,39,36.3735,38.3739,2.0004
tiny,chip_124_433_merged.tif,0.4,0,517294668,78,37.5981,37.4841,-0.114
tiny,chip_124_433_merged.tif,0.4,1,37349150,78,37.1108,38.1812,1.0704
tiny,chip_124_433_merged.tif,0.4,2,1804226167,78,36.6857,38.3185,1.6327
tiny,chip_124_433_merged.tif,0.4,3,1324280649,78,36.9903,38.0143,1.024
tiny,chip_124_433_merged.tif,0.4,4,943674018,78,36.7988,38.1905,1.3917
tiny,chip_124_433_merged.tif,0.6,0,579317311,117,37.2392,37.7751,0.536
tiny,chip_124_433_merged.tif,0.6,1,99371793,117,36.709,37.4496,0.7406
tiny,chip_124_433_merged.tif,0.6,2,1866248810,117,36.0483,38.1682,2.1198
tiny,chip_124_433_merged.tif,0.6,3,1485642179,117,36.9757,37.8959,0.9202
tiny,chip_124_433_merged.tif,0.6,4,1005696661,117,36.7314,37.764,1.0326
tiny,chip_124_433_merged.tif,0.8,0,96725115,156,37.0307,37.4561,0.4253
tiny,chip_124_433_merged.tif,0.8,1,1863602132,156,36.2336,37.4088,1.1752
tiny,chip_124_433_merged.tif,0.8,2,1383656614,156,36.4185,37.5729,1.1544
tiny,chip_124_433_merged.tif,0.8,3,1003049983,156,36.4158,37.7353,1.3195
tiny,chip_124_433_merged.tif,0.8,4,523104465,156,37.0424,37.2138,0.1714
tiny,chip_124_441_merged.tif,0.2,0,461439683,39,35.735,36.7034,0.9683
tiny,chip_124_441_merged.tif,0.2,1,80833052,39,37.1656,36.987,-0.1786
tiny,chip_124_441_merged.tif,0.2,2,1847710069,39,36.1026,36.9521,0.8495
tiny,chip_124_441_merged.tif,0.2,3,1367764551,39,37.4161,36.8787,-0.5375
tiny,chip_124_441_merged.tif,0.2,4,987157920,39,35.5466,36.9422,1.3956
tiny,chip_124_441_merged.tif,0.4,0,1642987148,78,36.3387,36.8555,0.5168
tiny,chip_124_441_merged.tif,0.4,1,1262380517,78,36.1644,36.7769,0.6125
tiny,chip_124_441_merged.tif,0.4,2,782434999,78,35.9913,36.8003,0.809
tiny,chip_124_441_merged.tif,0.4,3,401828368,78,36.1064,37.4362,1.3299
tiny,chip_124_441_merged.tif,0.4,4,2069366498,78,36.707,36.87,0.163
tiny,chip_124_441_merged.tif,0.6,0,1705009791,117,36.3852,36.9828,0.5975
tiny,chip_124_441_merged.tif,0.6,1,1324403160,117,36.3658,36.7782,0.4124
tiny,chip_124_441_merged.tif,0.6,2,844457642,117,35.8551,36.8121,0.957
tiny,chip_124_441_merged.tif,0.6,3,463851011,117,35.958,36.1837,0.2257
tiny,chip_124_441_merged.tif,0.6,4,83244380,117,36.5382,37.0293,0.4912
tiny,chip_124_441_merged.tif,0.8,0,1222417595,156,35.8447,36.5464,0.7017
tiny,chip_124_441_merged.tif,0.8,1,841810964,156,35.9087,36.6372,0.7285
tiny,chip_124_441_merged.tif,0.8,2,461204333,156,35.9746,36.5798,0.6052
tiny,chip_124_441_merged.tif,0.8,3,2128742463,156,35.836,36.8167,0.9807
tiny,chip_124_441_merged.tif,0.8,4,1748135832,156,35.9517,36.5857,0.634
tiny,chip_124_479_merged.tif,0.2,0,1506430446,39,33.6983,34.121,0.4226
tiny,chip_124_479_merged.tif,0.2,1,1125823815,39,31.7584,34.0427,2.2843
tiny,chip_124_479_merged.tif,0.2,2,745217184,39,32.0478,32.975,0.9272
tiny,chip_124_479_merged.tif,0.2,3,265271666,39,31.8988,33.8008,1.9021
tiny,chip_124_479_merged.tif,0.2,4,2032148683,39,32.1691,34.6967,2.5276
tiny,chip_124_479_merged.tif,0.4,0,1345815113,78,31.868,33.3523,1.4843
tiny,chip_124_479_merged.tif,0.4,1,965208482,78,32.1337,33.2329,1.0992
tiny,chip_124_479_merged.tif,0.4,2,485262964,78,31.9142,33.4073,1.4932
tiny,chip_124_479_merged.tif,0.4,3,104656333,78,32.3782,34.3494,1.9712
tiny,chip_124_479_merged.tif,0.4,4,1772194463,78,31.7441,32.8232,1.0791
tiny,chip_124_479_merged.tif,0.6,0,602516906,117,31.3963,33.7876,2.3913
tiny,chip_124_479_merged.tif,0.6,1,221910275,117,31.6903,32.715,1.0247
tiny,chip_124_479_merged.tif,0.6,2,1889448405,117,31.6754,32.9809,1.3055
tiny,chip_124_479_merged.tif,0.6,3,1508841774,117,32.1813,33.194,1.0127
tiny,chip_124_479_merged.tif,0.6,4,1128235143,117,31.6908,32.9885,1.2978
tiny,chip_124_479_merged.tif,0.8,0,119924710,156,30.7046,32.3831,1.6785
tiny,chip_124_479_merged.tif,0.8,1,1886801727,156,31.2043,32.6668,1.4625
tiny,chip_124_479_merged.tif,0.8,2,1506195096,156,31.1861,32.5228,1.3367
tiny,chip_124_479_merged.tif,0.8,3,1026249578,156,30.8081,32.2086,1.4006
tiny,chip_124_479_merged.tif,0.8,4,645642947,156,30.5071,32.6452,2.1381
tiny,chip_125_124_merged.tif,0.2,0,1620452063,39,31.7624,35.198,3.4356
tiny,chip_125_124_merged.tif,0.2,1,1239845432,39,32.7788,34.2792,1.5005
tiny,chip_125_124_merged.tif,0.2,2,859238801,39,33.3122,34.9862,1.674
tiny,chip_125_124_merged.tif,0.2,3,379293283,39,32.9689,34.303,1.3342
tiny,chip_125_124_merged.tif,0.2,4,2146170300,39,28.5708,34.886,6.3153
tiny,chip_125_124_merged.tif,0.4,0,1459836730,78,32.9796,34.7626,1.7831
tiny,chip_125_124_merged.tif,0.4,1,1079230099,78,33.3471,34.668,1.3209
tiny,chip_125_124_merged.tif,0.4,2,599284581,78,32.3204,34.9777,2.6573
tiny,chip_125_124_merged.tif,0.4,3,218677950,78,33.0487,34.1182,1.0696
tiny,chip_125_124_merged.tif,0.4,4,1985554967,78,33.4595,33.6461,0.1866
tiny,chip_125_124_merged.tif,0.6,0,716538523,117,32.6383,34.0762,1.4379
tiny,chip_125_124_merged.tif,0.6,1,335931892,117,32.3893,34.054,1.6647
tiny,chip_125_124_merged.tif,0.6,2,2003470022,117,32.1732,34.3275,2.1543
tiny,chip_125_124_merged.tif,0.6,3,1622863391,117,32.2209,34.097,1.8761
tiny,chip_125_124_merged.tif,0.6,4,1242256760,117,32.663,33.9822,1.3192
tiny,chip_125_124_merged.tif,0.8,0,233946327,156,33.2102,33.2263,0.016
tiny,chip_125_124_merged.tif,0.8,1,2000823344,156,32.8667,32.9835,0.1168
tiny,chip_125_124_merged.tif,0.8,2,1620216713,156,33.2018,33.0692,-0.1325
tiny,chip_125_124_merged.tif,0.8,3,1140271195,156,32.9232,32.9731,0.0499
tiny,chip_125_124_merged.tif,0.8,4,759664564,156,31.9937,32.8484,0.8547
tiny,chip_125_433_merged.tif,0.2,0,983798491,39,37.4492,39.1752,1.7259
tiny,chip_125_433_merged.tif,0.2,1,603191860,39,37.2383,38.9088,1.6705
tiny,chip_125_433_merged.tif,0.2,2,123246342,39,37.7586,38.1269,0.3682
tiny,chip_125_433_merged.tif,0.2,3,1890123359,39,37.7576,38.5447,0.7871
tiny,chip_125_433_merged.tif,0.2,4,1410177841,39,38.7563,37.7303,-1.026
tiny,chip_125_433_merged.tif,0.4,0,823183158,78,37.6121,38.2302,0.6181
tiny,chip_125_433_merged.tif,0.4,1,343237640,78,37.6105,39.0283,1.4179
tiny,chip_125_433_merged.tif,0.4,2,2110114657,78,37.4226,38.6139,1.1913
tiny,chip_125_433_merged.tif,0.4,3,1729508026,78,38.2351,38.4595,0.2244
tiny,chip_125_433_merged.tif,0.4,4,1249562508,78,37.2263,39.2079,1.9816
tiny,chip_125_433_merged.tif,0.6,0,79884951,117,37.6228,38.215,0.5922
tiny,chip_125_433_merged.tif,0.6,1,1747423081,117,37.1697,38.4104,1.2407
tiny,chip_125_433_merged.tif,0.6,2,1366816450,117,37.1907,38.7797,1.589
tiny,chip_125_433_merged.tif,0.6,3,986209819,117,36.9705,38.3733,1.4028
tiny,chip_125_433_merged.tif,0.6,4,506264301,117,37.724,38.3581,0.6341
tiny,chip_125_433_merged.tif,0.8,0,1744776403,156,37.273,37.2508,-0.0222
tiny,chip_125_433_merged.tif,0.8,1,1364169772,156,37.3989,37.6744,0.2755
tiny,chip_125_433_merged.tif,0.8,2,884224254,156,37.6816,37.6052,-0.0764
tiny,chip_125_433_merged.tif,0.8,3,503617623,156,36.0886,37.6455,1.5568
tiny,chip_125_433_merged.tif,0.8,4,23672105,156,37.0222,37.961,0.9388
tiny,chip_125_436_merged.tif,0.2,0,1408341486,39,36.5059,37.6228,1.1169
tiny,chip_125_436_merged.tif,0.2,1,928395968,39,36.5787,36.994,0.4153
tiny,chip_125_436_merged.tif,0.2,2,547789337,39,33.2686,36.8557,3.587
tiny,chip_125_436_merged.tif,0.2,3,167182706,39,36.6554,36.606,-0.0494
tiny,chip_125_436_merged.tif,0.2,4,1834720836,39,33.3143,36.6511,3.3368
tiny,chip_125_436_merged.tif,0.4,0,1247726153,78,36.2903,37.5633,1.273
tiny,chip_125_436_merged.tif,0.4,1,767780635,78,34.0387,36.9115,2.8729
tiny,chip_125_436_merged.tif,0.4,2,387174004,78,35.7901,36.8082,1.0181
tiny,chip_125_436_merged.tif,0.4,3,2054712134,78,34.4634,36.639,2.1755
tiny,chip_125_436_merged.tif,0.4,4,1674105503,78,33.2795,37.0982,3.8186
tiny,chip_125_436_merged.tif,0.6,0,504427946,117,34.794,35.9802,1.1863
tiny,chip_125_436_merged.tif,0.6,1,24482428,117,33.9379,36.4984,2.5605
tiny,chip_125_436_merged.tif,0.6,2,1791359445,117,34.7457,36.7603,2.0146
tiny,chip_125_436_merged.tif,0.6,3,1311413927,117,34.7292,34.9493,0.22
tiny,chip_125_436_merged.tif,0.6,4,930807296,117,34.8133,36.4192,1.6059
tiny,chip_125_436_merged.tif,0.8,0,21835750,156,35.1146,35.6815,0.567
tiny,chip_125_436_merged.tif,0.8,1,1689373880,156,35.1832,36.2013,1.0181
tiny,chip_125_436_merged.tif,0.8,2,1308767249,156,34.3772,35.6087,1.2315
tiny,chip_125_436_merged.tif,0.8,3,928160618,156,35.1882,35.9201,0.7319
tiny,chip_125_436_merged.tif,0.8,4,448215100,156,35.2235,34.9668,-0.2567
tiny,chip_125_445_merged.tif,0.2,0,264850270,39,34.6137,36.4635,1.8499
tiny,chip_125_445_merged.tif,0.2,1,1932388400,39,34.6149,38.0527,3.4378
tiny,chip_125_445_merged.tif,0.2,2,1551781769,39,38.8905,37.7565,-1.134
tiny,chip_125_445_merged.tif,0.2,3,1071836251,39,37.9443,37.4898,-0.4545
tiny,chip_125_445_merged.tif,0.2,4,691229620,39,35.9794,36.7942,0.8148
tiny,chip_125_445_merged.tif,0.4,0,4896050,78,35.4335,37.5126,2.0791
tiny,chip_125_445_merged.tif,0.4,1,1771773067,78,35.6024,37.9179,2.3155
tiny,chip_125_445_merged.tif,0.4,2,1391166436,78,38.9056,37.5363,-1.3692
tiny,chip_125_445_merged.tif,0.4,3,911220918,78,37.918,37.0791,-0.8388
tiny,chip_125_445_merged.tif,0.4,4,530614287,78,38.326,37.316,-1.01
tiny,chip_125_445_merged.tif,0.6,0,1409081491,117,36.9854,36.23,-0.7554
tiny,chip_125_445_merged.tif,0.6,1,1028474860,117,36.9871,38.0124,1.0253
tiny,chip_125_445_merged.tif,0.6,2,647868229,117,36.9641,37.0815,0.1175
tiny,chip_125_445_merged.tif,0.6,3,167922711,117,36.3959,36.5107,0.1148
tiny,chip_125_445_merged.tif,0.6,4,1934799728,117,36.3953,37.4665,1.0712
tiny,chip_125_445_merged.tif,0.8,0,1025828182,156,36.5943,36.6915,0.0972
tiny,chip_125_445_merged.tif,0.8,1,545882664,156,36.8502,36.1787,-0.6715
tiny,chip_125_445_merged.tif,0.8,2,165276033,156,36.0798,35.5552,-0.5246
tiny,chip_125_445_merged.tif,0.8,3,1832814163,156,36.5923,36.3925,-0.1998
tiny,chip_125_445_merged.tif,0.8,4,1452207532,156,36.7111,35.9114,-0.7997
tiny,chip_125_503_merged.tif,0.2,0,408642547,39,33.738,32.8828,-0.8552
tiny,chip_125_503_merged.tif,0.2,1,28035916,39,33.7362,32.3411,-1.395
tiny,chip_125_503_merged.tif,0.2,2,1695574046,39,30.8108,32.7804,1.9696
tiny,chip_125_503_merged.tif,0.2,3,1314967415,39,33.7377,32.9784,-0.7593
tiny,chip_125_503_merged.tif,0.2,4,835021897,39,32.8564,33.6957,0.8392
tiny,chip_125_503_merged.tif,0.4,0,248027214,78,31.5599,32.9249,1.365
tiny,chip_125_503_merged.tif,0.4,1,1915565344,78,27.751,31.5913,3.8402
tiny,chip_125_503_merged.tif,0.4,2,1534958713,78,28.7336,32.1768,3.4432
tiny,chip_125_503_merged.tif,0.4,3,1055013195,78,27.6701,32.3421,4.672
tiny,chip_125_503_merged.tif,0.4,4,674406564,78,31.5698,31.9562,0.3864
tiny,chip_125_503_merged.tif,0.6,0,1652212655,117,28.9005,31.6373,2.7368
tiny,chip_125_503_merged.tif,0.6,1,1172267137,117,30.3071,31.6962,1.3891
tiny,chip_125_503_merged.tif,0.6,2,791660506,117,28.6876,31.7426,3.0551
tiny,chip_125_503_merged.tif,0.6,3,311714988,117,28.2224,31.499,3.2766
tiny,chip_125_503_merged.tif,0.6,4,2078592005,117,28.9208,31.7311,2.8103
tiny,chip_125_503_merged.tif,0.8,0,1169620459,156,28.6518,29.9066,1.2548
tiny,chip_125_503_merged.tif,0.8,1,789013828,156,28.8752,30.0985,1.2233
tiny,chip_125_503_merged.tif,0.8,2,309068310,156,29.0565,30.8849,1.8284
tiny,chip_125_503_merged.tif,0.8,3,2075945327,156,29.0399,31.3162,2.2763
tiny,chip_125_503_merged.tif,0.8,4,1595999809,156,28.8738,30.4169,1.5432
tiny,chip_126_124_merged.tif,0.2,0,962959877,39,29.579,33.0898,3.5108
tiny,chip_126_124_merged.tif,0.2,1,483014359,39,31.2802,34.7645,3.4844
tiny,chip_126_124_merged.tif,0.2,2,102407728,39,30.8068,33.4218,2.6151
tiny,chip_126_124_merged.tif,0.2,3,1869284745,39,31.02,34.3758,3.3558
tiny,chip_126_124_merged.tif,0.2,4,1389339227,39,31.332,33.7762,2.4442
tiny,chip_126_124_merged.tif,0.4,0,2045168455,78,31.4682,32.9544,1.4862
tiny,chip_126_124_merged.tif,0.4,1,1664561824,78,29.5467,32.4301,2.8834
tiny,chip_126_124_merged.tif,0.4,2,1184616306,78,31.1264,32.2602,1.1338
tiny,chip_126_124_merged.tif,0.4,3,804009675,78,30.9549,32.8777,1.9228
tiny,chip_126_124_merged.tif,0.4,4,423403044,78,30.9549,33.2645,2.3096
tiny,chip_126_124_merged.tif,0.6,0,59046337,117,30.5373,32.1913,1.654
tiny,chip_126_124_merged.tif,0.6,1,1726584467,117,30.7433,32.1897,1.4464
tiny,chip_126_124_merged.tif,0.6,2,1345977836,117,30.0102,32.2177,2.2075
tiny,chip_126_124_merged.tif,0.6,3,866032318,117,29.9115,32.0996,2.188
tiny,chip_126_124_merged.tif,0.6,4,485425687,117,30.3212,32.1984,1.8772
tiny,chip_126_124_merged.tif,0.8,0,1723937789,156,30.4379,31.3581,0.9202
tiny,chip_126_124_merged.tif,0.8,1,1243992271,156,29.8645,30.6309,0.7663
tiny,chip_126_124_merged.tif,0.8,2,863385640,156,30.2574,32.0448,1.7874
tiny,chip_126_124_merged.tif,0.8,3,482779009,156,30.2401,31.2721,1.032
tiny,chip_126_124_merged.tif,0.8,4,2833491,156,30.4348,31.5226,1.0878
tiny,chip_126_357_merged.tif,0.2,0,746454967,39,30.8682,34.7615,3.8933
tiny,chip_126_357_merged.tif,0.2,1,365848336,39,30.7161,35.3261,4.61
tiny,chip_126_357_merged.tif,0.2,2,2132725353,39,33.5112,34.907,1.3958
tiny,chip_126_357_merged.tif,0.2,3,1652779835,39,33.0552,34.8642,1.809
tiny,chip_126_357_merged.tif,0.2,4,1272173204,39,32.4674,34.8569,2.3895
tiny,chip_126_357_merged.tif,0.4,0,585839634,78,33.0602,34.0,0.9399
tiny,chip_126_357_merged.tif,0.4,1,205233003,78,31.581,34.5088,2.9278
tiny,chip_126_357_merged.tif,0.4,2,1872771133,78,32.6841,34.7082,2.0241
tiny,chip_126_357_merged.tif,0.4,3,1492164502,78,31.5822,33.5016,1.9194
tiny,chip_126_357_merged.tif,0.4,4,1111557871,78,32.6836,34.0668,1.3832
tiny,chip_126_357_merged.tif,0.6,0,1990025075,117,32.607,34.2879,1.6809
tiny,chip_126_357_merged.tif,0.6,1,1609418444,117,32.7194,33.845,1.1255
tiny,chip_126_357_merged.tif,0.6,2,1129472926,117,32.6736,33.7551,1.0815
tiny,chip_126_357_merged.tif,0.6,3,748866295,117,30.3518,34.2408,3.889
tiny,chip_126_357_merged.tif,0.6,4,368259664,117,31.8605,33.0515,1.191
tiny,chip_126_357_merged.tif,0.8,0,1507432879,156,31.8874,33.228,1.3406
tiny,chip_126_357_merged.tif,0.8,1,1126826248,156,31.8864,33.0664,1.18
tiny,chip_126_357_merged.tif,0.8,2,746219617,156,31.6278,33.0821,1.4543
tiny,chip_126_357_merged.tif,0.8,3,266274099,156,30.9698,33.323,2.3533
tiny,chip_126_357_merged.tif,0.8,4,2033151116,156,30.267,32.9958,2.7288
tiny,chip_127_445_merged.tif,0.2,0,1875076242,39,36.4057,35.966,-0.4397
tiny,chip_127_445_merged.tif,0.2,1,1395130724,39,37.7143,36.6655,-1.0489
tiny,chip_127_445_merged.tif,0.2,2,1014524093,39,37.0793,37.6126,0.5333
tiny,chip_127_445_merged.tif,0.2,3,534578575,39,35.033,35.9335,0.9006
tiny,chip_127_445_merged.tif,0.2,4,153971944,39,36.6702,37.3009,0.6307
tiny,chip_127_445_merged.tif,0.4,0,1615122022,78,36.3557,36.3753,0.0196
tiny,chip_127_445_merged.tif,0.4,1,1234515391,78,35.8545,35.8471,-0.0074
tiny,chip_127_445_merged.tif,0.4,2,754569873,78,35.8018,36.1458,0.344
tiny,chip_127_445_merged.tif,0.4,3,373963242,78,35.5084,36.4406,0.9322
tiny,chip_127_445_merged.tif,0.4,4,2140840259,78,36.8172,37.0436,0.2265
tiny,chip_127_445_merged.tif,0.6,0,871823815,117,34.9246,37.0577,2.1331
tiny,chip_127_445_merged.tif,0.6,1,491217184,117,36.2623,36.1399,-0.1224
tiny,chip_127_445_merged.tif,0.6,2,11271666,117,35.8365,36.0169,0.1804
tiny,chip_127_445_merged.tif,0.6,3,1778148683,117,36.2528,36.497,0.2441
tiny,chip_127_445_merged.tif,0.6,4,1397542052,117,34.6933,36.1329,1.4396
tiny,chip_127_445_merged.tif,0.8,0,389231619,156,34.9185,35.6846,0.7662
tiny,chip_127_445_merged.tif,0.8,1,8624988,156,35.8443,35.5795,-0.2647
tiny,chip_127_445_merged.tif,0.8,2,1775502005,156,36.0899,35.7408,-0.3491
tiny,chip_127_445_merged.tif,0.8,3,1295556487,156,34.8334,36.1867,1.3533
tiny,chip_127_445_merged.tif,0.8,4,914949856,156,34.7875,35.6542,0.8666
tiny,chip_128_478_merged.tif,0.2,0,970478679,39,33.1174,33.845,0.7276
tiny,chip_128_478_merged.tif,0.2,1,490533161,39,32.7086,33.9251,1.2164
tiny,chip_128_478_merged.tif,0.2,2,109926530,39,32.9911,33.3498,0.3587
tiny,chip_128_478_merged.tif,0.2,3,1777464660,39,32.9894,34.0421,1.0526
tiny,chip_128_478_merged.tif,0.2,4,1396858029,39,31.2853,34.2807,2.9954
tiny,chip_128_478_merged.tif,0.4,0,710524459,78,30.459,33.4187,2.9597
tiny,chip_128_478_merged.tif,0.4,1,329917828,78,29.764,32.5268,2.7628
tiny,chip_128_478_merged.tif,0.4,2,2096794845,78,29.7637,33.6938,3.9301
tiny,chip_128_478_merged.tif,0.4,3,1616849327,78,30.408,33.0761,2.6681
tiny,chip_128_478_merged.tif,0.4,4,1236242696,78,32.1301,32.7622,0.632
tiny,chip_128_478_merged.tif,0.6,0,2114709900,117,29.344,32.6211,3.2771
tiny,chip_128_478_merged.tif,0.6,1,1734103269,117,29.4659,32.6131,3.1472
tiny,chip_128_478_merged.tif,0.6,2,1353496638,117,30.7145,32.6808,1.9663
tiny,chip_128_478_merged.tif,0.6,3,873551120,117,30.2907,31.8455,1.5548
tiny,chip_128_478_merged.tif,0.6,4,492944489,117,30.867,32.0513,1.1843
tiny,chip_128_478_merged.tif,0.8,0,1731456591,156,29.8031,31.2996,1.4965
tiny,chip_128_478_merged.tif,0.8,1,1251511073,156,29.9557,31.4983,1.5425
tiny,chip_128_478_merged.tif,0.8,2,870904442,156,29.5079,31.0565,1.5486
tiny,chip_128_478_merged.tif,0.8,3,390958924,156,29.956,32.1416,2.1856
tiny,chip_128_478_merged.tif,0.8,4,10352293,156,29.788,31.5413,1.7533
tiny,chip_128_506_merged.tif,0.2,0,104471478,39,27.3993,32.244,4.8448
tiny,chip_128_506_merged.tif,0.2,1,1871348495,39,29.2795,30.9811,1.7016
tiny,chip_128_506_merged.tif,0.2,2,1391402977,39,30.4204,31.0224,0.602
tiny,chip_128_506_merged.tif,0.2,3,1010796346,39,30.1026,31.5244,1.4218
tiny,chip_128_506_merged.tif,0.2,4,630189715,39,29.9963,31.3761,1.3798
tiny,chip_128_506_merged.tif,0.4,0,1286018943,78,28.7122,31.2455,2.5333
tiny,chip_128_506_merged.tif,0.4,1,806073425,78,29.8564,31.0165,1.1601
tiny,chip_128_506_merged.tif,0.4,2,425466794,78,30.171,31.2526,1.0816
tiny,chip_128_506_merged.tif,0.4,3,44860163,78,30.0727,31.3436,1.2708
tiny,chip_128_506_merged.tif,0.4,4,1712398293,78,29.7608,31.0335,1.2728
tiny,chip_128_506_merged.tif,0.6,0,1348041586,117,29.4854,30.3968,0.9113
tiny,chip_128_506_merged.tif,0.6,1,967434955,117,29.5001,30.0647,0.5646
tiny,chip_128_506_merged.tif,0.6,2,487489437,117,29.4371,30.3905,0.9533
tiny,chip_128_506_merged.tif,0.6,3,106882806,117,29.4565,30.635,1.1786
tiny,chip_128_506_merged.tif,0.6,4,1774420936,117,29.8012,30.1016,0.3003
tiny,chip_128_506_merged.tif,0.8,0,865449390,156,28.733,29.7943,1.0614
tiny,chip_128_506_merged.tif,0.8,1,484842759,156,29.1393,29.8269,0.6876
tiny,chip_128_506_merged.tif,0.8,2,4897241,156,28.6844,29.1931,0.5087
tiny,chip_128_506_merged.tif,0.8,3,1771774258,156,28.7422,29.9416,1.1994
tiny,chip_128_506_merged.tif,0.8,4,1391167627,156,28.7941,29.7118,0.9177
tiny,chip_129_311_merged.tif,0.2,0,1095021417,39,35.5484,36.4724,0.9239
tiny,chip_129_311_merged.tif,0.2,1,615075899,39,35.342,36.5302,1.1882
tiny,chip_129_311_merged.tif,0.2,2,234469268,39,38.153,38.1545,0.0015
tiny,chip_129_311_merged.tif,0.2,3,2001346285,39,36.2163,36.7604,0.544
tiny,chip_129_311_merged.tif,0.2,4,1521400767,39,37.5434,37.8116,0.2682
tiny,chip_129_311_merged.tif,0.4,0,934406084,78,35.3441,35.7429,0.3988
tiny,chip_129_311_merged.tif,0.4,1,454460566,78,34.4498,36.3794,1.9297
tiny,chip_129_311_merged.tif,0.4,2,73853935,78,34.3306,36.5462,2.2156
tiny,chip_129_311_merged.tif,0.4,3,1741392065,78,36.5789,36.2521,-0.3269
tiny,chip_129_311_merged.tif,0.4,4,1360785434,78,36.1535,35.3198,-0.8337
tiny,chip_129_311_merged.tif,0.6,0,191107877,117,35.7067,35.2776,-0.429
tiny,chip_129_311_merged.tif,0.6,1,1858646007,117,35.5057,36.2728,0.7671
tiny,chip_129_311_merged.tif,0.6,2,1478039376,117,36.2682,36.0646,-0.2036
tiny,chip_129_311_merged.tif,0.6,3,998093858,117,35.679,35.9523,0.2733
tiny,chip_129_311_merged.tif,0.6,4,617487227,117,35.4838,35.8123,0.3284
tiny,chip_129_311_merged.tif,0.8,0,1855999329,156,34.7249,35.6623,0.9374
tiny,chip_129_311_merged.tif,0.8,1,1376053811,156,35.5562,35.6809,0.1246
tiny,chip_129_311_merged.tif,0.8,2,995447180,156,35.5778,34.7642,-0.8136
tiny,chip_129_311_merged.tif,0.8,3,614840549,156,34.75,35.2456,0.4956
tiny,chip_129_311_merged.tif,0.8,4,134895031,156,35.0566,35.7186,0.662
tiny,chip_130_159_merged.tif,0.2,0,1755825386,39,30.8044,37.2143,6.4099
tiny,chip_130_159_merged.tif,0.2,1,1375218755,39,35.267,38.4527,3.1857
tiny,chip_130_159_merged.tif,0.2,2,994612124,39,32.7547,37.0847,4.33
tiny,chip_130_159_merged.tif,0.2,3,514666606,39,31.0433,36.6664,5.623
tiny,chip_130_159_merged.tif,0.2,4,134059975,39,30.9638,37.5503,6.5865
tiny,chip_130_159_merged.tif,0.4,0,789889203,78,32.9158,36.5308,3.615
tiny,chip_130_159_merged.tif,0.4,1,309943685,78,31.6678,36.9355,5.2677
tiny,chip_130_159_merged.tif,0.4,2,2076820702,78,32.3081,37.0056,4.6975
tiny,chip_130_159_merged.tif,0.4,3,1696214071,78,32.1542,36.5433,4.389
tiny,chip_130_159_merged.tif,0.4,4,1216268553,78,31.9566,36.0573,4.1007
tiny,chip_130_159_merged.tif,0.6,0,851911846,117,30.1818,34.6164,4.4347
tiny,chip_130_159_merged.tif,0.6,1,471305215,117,32.0418,33.3685,1.3266
tiny,chip_130_159_merged.tif,0.6,2,2138843345,117,31.102,35.1555,4.0535
tiny,chip_130_159_merged.tif,0.6,3,1758236714,117,31.4036,35.4373,4.0337
tiny,chip_130_159_merged.tif,0.6,4,1377630083,117,32.0449,35.884,3.8391
tiny,chip_130_159_merged.tif,0.8,0,1711482448,156,30.4018,33.9884,3.5866
tiny,chip_130_159_merged.tif,0.8,1,1330875817,156,31.2151,32.7628,1.5476
tiny,chip_130_159_merged.tif,0.8,2,850930299,156,30.5934,32.0116,1.4183
tiny,chip_130_159_merged.tif,0.8,3,470323668,156,30.2606,33.7544,3.4938
tiny,chip_130_159_merged.tif,0.8,4,2137861798,156,29.9277,32.9424,3.0147
tiny,chip_130_445_merged.tif,0.2,0,30728833,39,37.3065,37.9086,0.6021
tiny,chip_130_445_merged.tif,0.2,1,1797605850,39,34.9513,35.6325,0.6812
tiny,chip_130_445_merged.tif,0.2,2,1416999219,39,36.6429,36.3851,-0.2578
tiny,chip_130_445_merged.tif,0.2,3,937053701,39,36.27,37.2562,0.9861
tiny,chip_130_445_merged.tif,0.2,4,556447070,39,36.0465,38.1406,2.0941
tiny,chip_130_445_merged.tif,0.4,0,1212276298,78,33.7236,37.2663,3.5427
tiny,chip_130_445_merged.tif,0.4,1,831669667,78,33.4763,37.4212,3.9449
tiny,chip_130_445_merged.tif,0.4,2,351724149,78,36.9268,36.0441,-0.8827
tiny,chip_130_445_merged.tif,0.4,3,2118601166,78,36.9266,37.4488,0.5222
tiny,chip_130_445_merged.tif,0.4,4,1638655648,78,37.494,37.0389,-0.455
tiny,chip_130_445_merged.tif,0.6,0,1274298941,117,35.082,36.6367,1.5547
tiny,chip_130_445_merged.tif,0.6,1,893692310,117,36.8127,36.8043,-0.0084
tiny,chip_130_445_merged.tif,0.6,2,413746792,117,34.7494,36.9251,2.1757
tiny,chip_130_445_merged.tif,0.6,3,33140161,117,36.7106,36.6556,-0.055
tiny,chip_130_445_merged.tif,0.6,4,1800017178,117,36.9822,37.013,0.0308
tiny,chip_130_445_merged.tif,0.8,0,791706745,156,35.0001,35.35,0.35
tiny,chip_130_445_merged.tif,0.8,1,411100114,156,35.0101,36.61,1.5999
tiny,chip_130_445_merged.tif,0.8,2,30493483,156,34.7702,34.8917,0.1215
tiny,chip_130_445_merged.tif,0.8,3,1698031613,156,34.6201,36.8471,2.227
tiny,chip_130_445_merged.tif,0.8,4,1317424982,156,34.7665,35.1551,0.3886
tiny,chip_131_404_merged.tif,0.2,0,420535536,39,34.6795,35.6797,1.0002
tiny,chip_131_404_merged.tif,0.2,1,39928905,39,35.0908,35.5236,0.4327
tiny,chip_131_404_merged.tif,0.2,2,1707467035,39,35.8602,36.0506,0.1904
tiny,chip_131_404_merged.tif,0.2,3,1326860404,39,33.818,35.9358,2.1178
tiny,chip_131_404_merged.tif,0.2,4,846914886,39,35.0726,36.0913,1.0187
tiny,chip_131_404_merged.tif,0.4,0,259920203,78,33.9771,36.152,2.1749
tiny,chip_131_404_merged.tif,0.4,1,1927458333,78,34.092,36.0105,1.9185
tiny,chip_131_404_merged.tif,0.4,2,1546851702,78,33.9503,35.6397,1.6894
tiny,chip_131_404_merged.tif,0.4,3,1166245071,78,33.8234,35.5121,1.6887
tiny,chip_131_404_merged.tif,0.4,4,686299553,78,34.0915,35.2484,1.1569
tiny,chip_131_404_merged.tif,0.6,0,1664105644,117,33.7475,35.0121,1.2646
tiny,chip_131_404_merged.tif,0.6,1,1283499013,117,33.7142,34.9911,1.2769
tiny,chip_131_404_merged.tif,0.6,2,803553495,117,33.4152,35.4102,1.995
tiny,chip_131_404_merged.tif,0.6,3,422946864,117,34.0549,35.7008,1.6459
tiny,chip_131_404_merged.tif,0.6,4,2090484994,117,33.7456,35.3544,1.6088
tiny,chip_131_404_merged.tif,0.8,0,1181513448,156,33.4651,34.8784,1.4133
tiny,chip_131_404_merged.tif,0.8,1,800906817,156,33.3944,34.1099,0.7155
tiny,chip_131_404_merged.tif,0.8,2,320961299,156,33.6513,34.9033,1.252
tiny,chip_131_404_merged.tif,0.8,3,2087838316,156,33.6159,34.8496,1.2337
tiny,chip_131_404_merged.tif,0.8,4,1607892798,156,33.7577,34.5589,0.8012
tiny,chip_131_429_merged.tif,0.2,0,127487818,39,31.7427,35.5245,3.7818
tiny,chip_131_429_merged.tif,0.2,1,1894364835,39,32.8074,34.208,1.4007
tiny,chip_131_429_merged.tif,0.2,2,1414419317,39,33.0731,34.5701,1.4971
tiny,chip_131_429_merged.tif,0.2,3,1033812686,39,32.0697,34.4098,2.3401
tiny,chip_131_429_merged.tif,0.2,4,553867168,39,33.5765,35.3223,1.7459
tiny,chip_131_429_merged.tif,0.4,0,2114356133,78,32.4048,34.3936,1.9888
tiny,chip_131_429_merged.tif,0.4,1,1634410615,78,32.3604,33.7922,1.4319
tiny,chip_131_429_merged.tif,0.4,2,1253803984,78,32.1543,34.4558,2.3015
tiny,chip_131_429_merged.tif,0.4,3,773858466,78,32.6849,34.296,1.6111
tiny,chip_131_429_merged.tif,0.4,4,393251835,78,32.4318,33.8516,1.4199
tiny,chip_131_429_merged.tif,0.6,0,1371057926,117,32.2516,33.6487,1.3971
tiny,chip_131_429_merged.tif,0.6,1,891112408,117,31.212,33.8928,2.6808
tiny,chip_131_429_merged.tif,0.6,2,510505777,117,31.9733,33.0933,1.12
tiny,chip_131_429_merged.tif,0.6,3,30560259,117,31.8929,33.4032,1.5103
tiny,chip_131_429_merged.tif,0.6,4,1797437276,117,30.9488,33.7956,2.8468
tiny,chip_131_429_merged.tif,0.8,0,888465730,156,31.7069,32.4935,0.7865
tiny,chip_131_429_merged.tif,0.8,1,507859099,156,31.0251,32.5349,1.5097
tiny,chip_131_429_merged.tif,0.8,2,27913581,156,30.7575,32.6676,1.9101
tiny,chip_131_429_merged.tif,0.8,3,1794790598,156,32.0336,32.3627,0.3291
tiny,chip_131_429_merged.tif,0.8,4,1314845080,156,30.6931,33.6505,2.9574
tiny,chip_131_445_merged.tif,0.2,0,1132267437,39,36.824,36.8865,0.0625
tiny,chip_131_445_merged.tif,0.2,1,751660806,39,37.1906,37.7198,0.5292
tiny,chip_131_445_merged.tif,0.2,2,271715288,39,36.9412,37.9568,1.0156
tiny,chip_131_445_merged.tif,0.2,3,2038592305,39,35.6478,36.6139,0.966
tiny,chip_131_445_merged.tif,0.2,4,1657985674,39,37.6891,37.3516,-0.3375
tiny,chip_131_445_merged.tif,0.4,0,971652104,78,35.7226,36.6859,0.9633
tiny,chip_131_445_merged.tif,0.4,1,591045473,78,35.7235,36.9026,1.1791
tiny,chip_131_445_merged.tif,0.4,2,111099955,78,34.9423,36.8715,1.9292
tiny,chip_131_445_merged.tif,0.4,3,1877976972,78,35.5081,37.1303,1.6222
tiny,chip_131_445_merged.tif,0.4,4,1398031454,78,35.1913,37.0229,1.8317
tiny,chip_131_445_merged.tif,0.6,0,228353897,117,35.7181,37.0887,1.3706
tiny,chip_131_445_merged.tif,0.6,1,1995230914,117,35.32,37.1542,1.8343
tiny,chip_131_445_merged.tif,0.6,2,1515285396,117,35.8505,36.863,1.0125
tiny,chip_131_445_merged.tif,0.6,3,1134678765,117,35.8571,36.7603,0.9032
tiny,chip_131_445_merged.tif,0.6,4,654733247,117,35.9104,37.0198,1.1094
tiny,chip_131_445_merged.tif,0.8,0,1893245349,156,35.4413,35.9976,0.5563
tiny,chip_131_445_merged.tif,0.8,1,1512638718,156,35.9884,36.5866,0.5983
tiny,chip_131_445_merged.tif,0.8,2,1032693200,156,35.8279,36.3776,0.5497
tiny,chip_131_445_merged.tif,0.8,3,652086569,156,35.8348,35.6921,-0.1427
tiny,chip_131_445_merged.tif,0.8,4,271479938,156,35.8326,36.7399,0.9073
tiny,chip_131_472_merged.tif,0.2,0,1310697051,39,30.3305,32.9739,2.6434
tiny,chip_131_472_merged.tif,0.2,1,830751533,39,31.8294,32.3454,0.516
tiny,chip_131_472_merged.tif,0.2,2,450144902,39,30.0378,32.4208,2.383
tiny,chip_131_472_merged.tif,0.2,3,2117683032,39,31.8304,31.0163,-0.8141
tiny,chip_131_472_merged.tif,0.2,4,1737076401,39,28.2121,32.0828,3.8707
tiny,chip_131_472_merged.tif,0.4,0,245421981,78,31.2035,32.4972,1.2938
tiny,chip_131_472_merged.tif,0.4,1,2012298998,78,31.2492,32.2131,0.9638
tiny,chip_131_472_merged.tif,0.4,2,1532353480,78,30.0174,31.6413,1.6239
tiny,chip_131_472_merged.tif,0.4,3,1151746849,78,29.9109,32.4484,2.5375
tiny,chip_131_472_merged.tif,0.4,4,671801331,78,31.3441,32.8675,1.5234
tiny,chip_131_472_merged.tif,0.6,0,307444624,117,30.5377,31.7254,1.1878
tiny,chip_131_472_merged.tif,0.6,1,2074321641,117,29.1092,32.1047,2.9955
tiny,chip_131_472_merged.tif,0.6,2,1693715010,117,30.387,31.6745,1.2874
tiny,chip_131_472_merged.tif,0.6,3,1213769492,117,30.2371,31.5882,1.3512
tiny,chip_131_472_merged.tif,0.6,4,833162861,117,29.3844,30.4111,1.0267
tiny,chip_131_472_merged.tif,0.8,0,2071674963,156,29.9808,30.2296,0.2488
tiny,chip_131_472_merged.tif,0.8,1,1591729445,156,28.9391,30.3117,1.3727
tiny,chip_131_472_merged.tif,0.8,2,1211122814,156,29.7858,30.0844,0.2986
tiny,chip_131_472_merged.tif,0.8,3,731177296,156,29.2119,30.4765,1.2645
tiny,chip_131_472_merged.tif,0.8,4,350570665,156,29.1986,30.636,1.4374
tiny,chip_131_477_merged.tif,0.2,0,449936479,39,36.28,37.8089,1.5289
tiny,chip_131_477_merged.tif,0.2,1,69329848,39,37.0015,36.9753,-0.0262
tiny,chip_131_477_merged.tif,0.2,2,1736867978,39,35.9941,37.6722,1.6781
tiny,chip_131_477_merged.tif,0.2,3,1356261347,39,38.0313,37.2876,-0.7437
tiny,chip_131_477_merged.tif,0.2,4,876315829,39,36.7524,37.7848,1.0324
tiny,chip_131_477_merged.tif,0.4,0,289321146,78,35.5114,37.616,2.1046
tiny,chip_131_477_merged.tif,0.4,1,1956859276,78,36.2267,37.7611,1.5344
tiny,chip_131_477_merged.tif,0.4,2,1576252645,78,36.2278,37.4017,1.1739
tiny,chip_131_477_merged.tif,0.4,3,1096307127,78,35.745,36.8181,1.073
tiny,chip_131_477_merged.tif,0.4,4,715700496,78,36.2547,37.0157,0.761
tiny,chip_131_477_merged.tif,0.6,0,1693506587,117,35.6112,36.3166,0.7054
tiny,chip_131_477_merged.tif,0.6,1,1213561069,117,35.8597,36.9622,1.1025
tiny,chip_131_477_merged.tif,0.6,2,832954438,117,35.6423,37.0217,1.3794
tiny,chip_131_477_merged.tif,0.6,3,353008920,117,35.8794,37.2245,1.3451
tiny,chip_131_477_merged.tif,0.6,4,2119885937,117,35.4926,37.1348,1.6422
tiny,chip_131_477_merged.tif,0.8,0,1210914391,156,35.2868,35.7138,0.427
tiny,chip_131_477_merged.tif,0.8,1,830307760,156,35.2593,36.1743,0.915
tiny,chip_131_477_merged.tif,0.8,2,350362242,156,35.2905,36.5205,1.2299
tiny,chip_131_477_merged.tif,0.8,3,2117239259,156,35.7683,35.9434,0.1751
tiny,chip_131_477_merged.tif,0.8,4,1637293741,156,35.6258,35.5068,-0.119
tiny,chip_133_303_merged.tif,0.2,0,949478074,39,37.8832,38.1315,0.2483
tiny,chip_133_303_merged.tif,0.2,1,568871443,39,35.1011,37.3556,2.2545
tiny,chip_133_303_merged.tif,0.2,2,188264812,39,32.0379,36.7421,4.7042
tiny,chip_133_303_merged.tif,0.2,3,1855802942,39,31.4999,36.7618,5.2619
tiny,chip_133_303_merged.tif,0.2,4,1475196311,39,36.804,38.1886,1.3846
tiny,chip_133_303_merged.tif,0.4,0,788862741,78,35.7953,37.6114,1.8161
tiny,chip_133_303_merged.tif,0.4,1,408256110,78,35.7343,38.0905,2.3562
tiny,chip_133_303_merged.tif,0.4,2,2075794240,78,36.4766,36.3766,-0.1
tiny,chip_133_303_merged.tif,0.4,3,1695187609,78,36.5301,37.7232,1.1931
tiny,chip_133_303_merged.tif,0.4,4,1314580978,78,35.8285,37.789,1.9606
tiny,chip_133_303_merged.tif,0.6,0,45564534,117,35.3924,34.7191,-0.6732
tiny,chip_133_303_merged.tif,0.6,1,1812441551,117,33.6265,35.7157,2.0891
tiny,chip_133_303_merged.tif,0.6,2,1332496033,117,33.1976,35.5885,2.3909
tiny,chip_133_303_merged.tif,0.6,3,951889402,117,35.3132,35.8238,0.5107
tiny,chip_133_303_merged.tif,0.6,4,571282771,117,35.3732,36.5531,1.1799
tiny,chip_133_303_merged.tif,0.8,0,1710455986,156,33.4132,34.2988,0.8856
tiny,chip_133_303_merged.tif,0.8,1,1329849355,156,33.3965,35.698,2.3014
tiny,chip_133_303_merged.tif,0.8,2,949242724,156,33.2171,34.6365,1.4193
tiny,chip_133_303_merged.tif,0.8,3,469297206,156,32.9821,35.0456,2.0635
tiny,chip_133_303_merged.tif,0.8,4,88690575,156,33.2821,34.8964,1.6143
tiny,chip_133_340_merged.tif,0.2,0,204319425,39,34.2209,32.0904,-2.1304
tiny,chip_133_340_merged.tif,0.2,1,1871857555,39,31.5851,34.2288,2.6437
tiny,chip_133_340_merged.tif,0.2,2,1491250924,39,28.1964,34.3593,6.1629
tiny,chip_133_340_merged.tif,0.2,3,1011305406,39,33.5391,34.4287,0.8896
tiny,chip_133_340_merged.tif,0.2,4,630698775,39,33.7949,33.4143,-0.3806
tiny,chip_133_340_merged.tif,0.4,0,2091848853,78,33.7007,33.4194,-0.2814
tiny,chip_133_340_merged.tif,0.4,1,1711242222,78,33.4091,33.8012,0.3921
tiny,chip_133_340_merged.tif,0.4,2,1231296704,78,33.7002,33.0563,-0.6439
tiny,chip_133_340_merged.tif,0.4,3,850690073,78,31.252,32.8464,1.5943
tiny,chip_133_340_merged.tif,0.4,4,470083442,78,29.2877,34.276,4.9883
tiny,chip_133_340_merged.tif,0.6,0,1348550646,117,32.8398,33.3026,0.4628
tiny,chip_133_340_merged.tif,0.6,1,967944015,117,32.765,32.847,0.082
tiny,chip_133_340_merged.tif,0.6,2,487998497,117,32.2642,33.0197,0.7555
tiny,chip_133_340_merged.tif,0.6,3,107391866,117,32.8049,33.3372,0.5323
tiny,chip_133_340_merged.tif,0.6,4,1874268883,117,32.7812,32.9487,0.1675
tiny,chip_133_340_merged.tif,0.8,0,865958450,156,32.2254,30.9739,-1.2515
tiny,chip_133_340_merged.tif,0.8,1,485351819,156,32.2565,31.2366,-1.0199
tiny,chip_133_340_merged.tif,0.8,2,104745188,156,32.2501,31.3404,-0.9097
tiny,chip_133_340_merged.tif,0.8,3,1772283318,156,31.9154,31.352,-0.5634
tiny,chip_133_340_merged.tif,0.8,4,1391676687,156,32.2242,32.4366,0.2124
tiny,chip_133_473_merged.tif,0.2,0,95355899,39,29.9836,31.7264,1.7428
tiny,chip_133_473_merged.tif,0.2,1,1762894029,39,30.4945,32.2619,1.7674
tiny,chip_133_473_merged.tif,0.2,2,1382287398,39,29.9826,32.1268,2.1441
tiny,chip_133_473_merged.tif,0.2,3,902341880,39,28.6843,32.5783,3.8939
tiny,chip_133_473_merged.tif,0.2,4,521735249,39,28.3999,32.0729,3.673
tiny,chip_133_473_merged.tif,0.4,0,1982885327,78,29.8966,31.3127,1.4161
tiny,chip_133_473_merged.tif,0.4,1,1602278696,78,30.3882,31.1503,0.762
tiny,chip_133_473_merged.tif,0.4,2,1221672065,78,29.8969,31.4792,1.5823
tiny,chip_133_473_merged.tif,0.4,3,741726547,78,30.1214,31.315,1.1936
tiny,chip_133_473_merged.tif,0.4,4,361119916,78,30.0723,31.5997,1.5274
tiny,chip_133_473_merged.tif,0.6,0,1338926007,117,29.7938,30.9649,1.1711
tiny,chip_133_473_merged.tif,0.6,1,858980489,117,29.3287,31.236,1.9072
tiny,chip_133_473_merged.tif,0.6,2,478373858,117,29.1004,30.5508,1.4504
tiny,chip_133_473_merged.tif,0.6,3,2145911988,117,29.1025,30.4317,1.3292
tiny,chip_133_473_merged.tif,0.6,4,1765305357,117,29.941,30.8297,0.8887
tiny,chip_133_473_merged.tif,0.8,0,856333811,156,29.3316,30.473,1.1414
tiny,chip_133_473_merged.tif,0.8,1,376388293,156,29.2764,30.129,0.8526
tiny,chip_133_473_merged.tif,0.8,2,2143265310,156,28.8469,30.2037,1.3568
tiny,chip_133_473_merged.tif,0.8,3,1663319792,156,29.2588,29.8534,0.5946
tiny,chip_133_473_merged.tif,0.8,4,1282713161,156,28.8856,30.226,1.3404
tiny,chip_134_316_merged.tif,0.2,0,1243721099,39,34.7734,36.6113,1.8379
tiny,chip_134_316_merged.tif,0.2,1,763775581,39,34.913,36.3085,1.3955
tiny,chip_134_316_merged.tif,0.2,2,383168950,39,34.774,36.9552,2.1812
tiny,chip_134_316_merged.tif,0.2,3,2050707080,39,31.4664,35.7885,4.322
tiny,chip_134_316_merged.tif,0.2,4,1670100449,39,34.9243,36.1937,1.2694
tiny,chip_134_316_merged.tif,0.4,0,983766879,78,33.0691,36.3698,3.3007
tiny,chip_134_316_merged.tif,0.4,1,603160248,78,34.4183,37.0276,2.6092
tiny,chip_134_316_merged.tif,0.4,2,222553617,78,35.1261,35.4015,0.2754
tiny,chip_134_316_merged.tif,0.4,3,1890091747,78,33.2052,36.0778,2.8726
tiny,chip_134_316_merged.tif,0.4,4,1509485116,78,35.1246,35.8698,0.7452
tiny,chip_134_316_merged.tif,0.6,0,240468672,117,32.5516,35.6736,3.1221
tiny,chip_134_316_merged.tif,0.6,1,2007345689,117,32.5302,35.8135,3.2834
tiny,chip_134_316_merged.tif,0.6,2,1626739058,117,32.7163,35.5678,2.8515
tiny,chip_134_316_merged.tif,0.6,3,1146793540,117,32.5073,35.928,3.4207
tiny,chip_134_316_merged.tif,0.6,4,766186909,117,32.1825,34.8869,2.7044
tiny,chip_134_316_merged.tif,0.8,0,2004699011,156,33.1394,32.5535,-0.5858
tiny,chip_134_316_merged.tif,0.8,1,1524753493,156,33.1482,33.4,0.2518
tiny,chip_134_316_merged.tif,0.8,2,1144146862,156,32.407,34.8559,2.4489
tiny,chip_134_316_merged.tif,0.8,3,664201344,156,31.7343,33.5055,1.7712
tiny,chip_134_316_merged.tif,0.8,4,283594713,156,32.6716,34.2692,1.5976
tiny,chip_134_364_merged.tif,0.2,0,836899249,39,30.4826,33.784,3.3014
tiny,chip_134_364_merged.tif,0.2,1,456292618,39,31.5746,32.2225,0.6479
tiny,chip_134_364_merged.tif,0.2,2,2123830748,39,32.0492,31.8506,-0.1986
tiny,chip_134_364_merged.tif,0.2,3,1743224117,39,28.9275,33.2567,4.3291
tiny,chip_134_364_merged.tif,0.2,4,1263278599,39,31.5735,33.7536,2.1801
tiny,chip_134_364_merged.tif,0.4,0,2018446714,78,32.3274,32.7382,0.4108
tiny,chip_134_364_merged.tif,0.4,1,1538501196,78,31.3387,32.0724,0.7337
tiny,chip_134_364_merged.tif,0.4,2,1157894565,78,29.8658,31.865,1.9991
tiny,chip_134_364_merged.tif,0.4,3,677949047,78,31.3389,32.9391,1.6002
tiny,chip_134_364_merged.tif,0.4,4,297342416,78,30.692,32.4347,1.7427
tiny,chip_134_364_merged.tif,0.6,0,2080469357,117,30.4378,31.4219,0.984
tiny,chip_134_364_merged.tif,0.6,1,1600523839,117,29.9541,32.3459,2.3919
tiny,chip_134_364_merged.tif,0.6,2,1219917208,117,30.4404,32.6421,2.2017
tiny,chip_134_364_merged.tif,0.6,3,839310577,117,29.8476,32.0832,2.2356
tiny,chip_134_364_merged.tif,0.6,4,359365059,117,29.3927,31.9557,2.563
tiny,chip_134_364_merged.tif,0.8,0,1597877161,156,29.3728,31.2745,1.9017
tiny,chip_134_364_merged.tif,0.8,1,1217270530,156,30.2409,31.1074,0.8665
tiny,chip_134_364_merged.tif,0.8,2,737325012,156,30.3898,30.9427,0.5529
tiny,chip_134_364_merged.tif,0.8,3,356718381,156,29.371,31.513,2.142
tiny,chip_134_364_merged.tif,0.8,4,2024256511,156,30.5716,31.4615,0.8899
tiny,chip_135_434_merged.tif,0.2,0,202564254,39,31.0564,33.0562,1.9998
tiny,chip_135_434_merged.tif,0.2,1,1870102384,39,31.9191,32.7304,0.8113
tiny,chip_135_434_merged.tif,0.2,2,1489495753,39,31.5466,32.5314,0.9848
tiny,chip_135_434_merged.tif,0.2,3,1009550235,39,31.0602,32.9752,1.915
tiny,chip_135_434_merged.tif,0.2,4,628943604,39,31.2743,33.3126,2.0383
tiny,chip_135_434_merged.tif,0.4,0,2090093682,78,30.2797,32.2648,1.9851
tiny,chip_135_434_merged.tif,0.4,1,1709487051,78,30.2055,31.882,1.6765
tiny,chip_135_434_merged.tif,0.4,2,1229541533,78,30.4681,32.0571,1.5889
tiny,chip_135_434_merged.tif,0.4,3,848934902,78,30.2882,32.046,1.7578
tiny,chip_135_434_merged.tif,0.4,4,468328271,78,30.2389,31.7028,1.4639
tiny,chip_135_434_merged.tif,0.6,0,1346795475,117,29.9758,31.8183,1.8425
tiny,chip_135_434_merged.tif,0.6,1,966188844,117,29.2714,31.7858,2.5144
tiny,chip_135_434_merged.tif,0.6,2,486243326,117,29.5817,31.8928,2.3111
tiny,chip_135_434_merged.tif,0.6,3,105636695,117,29.4198,32.3239,2.9041
tiny,chip_135_434_merged.tif,0.6,4,1872513712,117,29.5534,31.3688,1.8154
tiny,chip_135_434_merged.tif,0.8,0,963542166,156,29.5356,30.8003,1.2647
tiny,chip_135_434_merged.tif,0.8,1,483596648,156,29.38,30.7845,1.4045
tiny,chip_135_434_merged.tif,0.8,2,102990017,156,29.5225,30.5951,1.0726
tiny,chip_135_434_merged.tif,0.8,3,1770528147,156,29.3802,30.8143,1.4341
tiny,chip_135_434_merged.tif,0.8,4,1389921516,156,30.008,30.9003,0.8923
tiny,chip_135_472_merged.tif,0.2,0,1142753541,39,33.115,32.4645,-0.6506
tiny,chip_135_472_merged.tif,0.2,1,662808023,39,30.8557,32.6137,1.758
tiny,chip_135_472_merged.tif,0.2,2,282201392,39,31.9695,33.1661,1.1966
tiny,chip_135_472_merged.tif,0.2,3,2049078409,39,32.0995,33.8601,1.7605
tiny,chip_135_472_merged.tif,0.2,4,1569132891,39,32.8875,33.1789,0.2914
tiny,chip_135_472_merged.tif,0.4,0,982138208,78,30.9854,33.0144,2.0289
tiny,chip_135_472_merged.tif,0.4,1,502192690,78,31.6307,32.581,0.9504
tiny,chip_135_472_merged.tif,0.4,2,121586059,78,31.9189,33.1918,1.2729
tiny,chip_135_472_merged.tif,0.4,3,1789124189,78,33.2098,32.7527,-0.4571
tiny,chip_135_472_merged.tif,0.4,4,1408517558,78,30.9014,33.2916,2.3902
tiny,chip_135_472_merged.tif,0.6,0,238840001,117,32.0566,32.66,0.6033
tiny,chip_135_472_merged.tif,0.6,1,1906378131,117,32.395,32.2488,-0.1463
tiny,chip_135_472_merged.tif,0.6,2,1525771500,117,31.0715,32.4832,1.4117
tiny,chip_135_472_merged.tif,0.6,3,1045825982,117,31.8718,32.6672,0.7954
tiny,chip_135_472_merged.tif,0.6,4,665219351,117,32.2954,32.6328,0.3374
tiny,chip_135_472_merged.tif,0.8,0,1903731453,156,31.4753,32.1398,0.6645
tiny,chip_135_472_merged.tif,0.8,1,1423785935,156,32.0334,32.2606,0.2273
tiny,chip_135_472_merged.tif,0.8,2,1043179304,156,31.1387,32.2197,1.081
tiny,chip_135_472_merged.tif,0.8,3,662572673,156,31.1415,32.0801,0.9387
tiny,chip_135_472_merged.tif,0.8,4,182627155,156,31.8614,32.256,0.3945
tiny,chip_135_494_merged.tif,0.2,0,269950071,39,33.4231,35.8988,2.4756
tiny,chip_135_494_merged.tif,0.2,1,2036827088,39,35.5687,35.2688,-0.3
tiny,chip_135_494_merged.tif,0.2,2,1556881570,39,33.8997,35.4899,1.5902
tiny,chip_135_494_merged.tif,0.2,3,1176274939,39,33.8252,35.3672,1.542
tiny,chip_135_494_merged.tif,0.2,4,795668308,39,33.8507,34.6116,0.7609
tiny,chip_135_494_merged.tif,0.4,0,109334738,78,34.1836,34.9515,0.7679
tiny,chip_135_494_merged.tif,0.4,1,1876211755,78,33.7193,35.1422,1.4229
tiny,chip_135_494_merged.tif,0.4,2,1396266237,78,34.0914,34.9269,0.8354
tiny,chip_135_494_merged.tif,0.4,3,1015659606,78,33.7184,34.7627,1.0443
tiny,chip_135_494_merged.tif,0.4,4,535714088,78,33.5869,35.8421,2.2553
tiny,chip_135_494_merged.tif,0.6,0,1513520179,117,33.6386,35.4075,1.7689
tiny,chip_135_494_merged.tif,0.6,1,1132913548,117,34.0866,34.8822,0.7957
tiny,chip_135_494_merged.tif,0.6,2,652968030,117,33.5927,34.0093,0.4166
tiny,chip_135_494_merged.tif,0.6,3,272361399,117,34.0527,34.7976,0.7449
tiny,chip_135_494_merged.tif,0.6,4,1939899529,117,33.5878,34.8512,1.2634
tiny,chip_135_494_merged.tif,0.8,0,1030927983,156,33.6654,34.1595,0.4941
tiny,chip_135_494_merged.tif,0.8,1,650321352,156,33.587,34.4061,0.8191
tiny,chip_135_494_merged.tif,0.8,2,170375834,156,33.439,34.488,1.0491
tiny,chip_135_494_merged.tif,0.8,3,1937252851,156,33.8062,34.2905,0.4843
tiny,chip_135_494_merged.tif,0.8,4,1556646220,156,33.8066,34.0863,0.2797
tiny,chip_136_276_merged.tif,0.2,0,2030097690,39,31.39,34.4908,3.1008
tiny,chip_136_276_merged.tif,0.2,1,1649491059,39,29.3636,36.4919,7.1283
tiny,chip_136_276_merged.tif,0.2,2,1169545541,39,32.6997,35.3353,2.6356
tiny,chip_136_276_merged.tif,0.2,3,788938910,39,28.9956,34.9108,5.9152
tiny,chip_136_276_merged.tif,0.2,4,308993392,39,34.983,34.5502,-0.4327
tiny,chip_136_276_merged.tif,0.4,0,1869482357,78,31.1575,34.1767,3.0192
tiny,chip_136_276_merged.tif,0.4,1,1389536839,78,31.5049,33.9674,2.4624
tiny,chip_136_276_merged.tif,0.4,2,1008930208,78,30.5203,34.5206,4.0003
tiny,chip_136_276_merged.tif,0.4,3,528984690,78,31.1518,33.9415,2.7897
tiny,chip_136_276_merged.tif,0.4,4,148378059,78,31.6452,35.1182,3.473
tiny,chip_136_276_merged.tif,0.6,0,1126184150,117,31.318,33.2228,1.9048
tiny,chip_136_276_merged.tif,0.6,1,646238632,117,31.2251,32.9421,1.717
tiny,chip_136_276_merged.tif,0.6,2,265632001,117,31.0232,33.6993,2.676
tiny,chip_136_276_merged.tif,0.6,3,1933170131,117,31.8277,34.1454,2.3177
tiny,chip_136_276_merged.tif,0.6,4,1552563500,117,30.6196,33.3293,2.7096
tiny,chip_136_276_merged.tif,0.8,0,643591954,156,30.396,32.6226,2.2266
tiny,chip_136_276_merged.tif,0.8,1,262985323,156,29.4498,31.5177,2.0679
tiny,chip_136_276_merged.tif,0.8,2,1930523453,156,30.4058,31.6696,1.2637
tiny,chip_136_276_merged.tif,0.8,3,1549916822,156,30.4457,31.5881,1.1423
tiny,chip_136_276_merged.tif,0.8,4,1069971304,156,29.678,31.7754,2.0974
tiny,chip_136_435_merged.tif,0.2,0,812189494,39,32.917,32.1586,-0.7584
tiny,chip_136_435_merged.tif,0.2,1,431582863,39,32.0822,31.9121,-0.1701
tiny,chip_136_435_merged.tif,0.2,2,2099120993,39,30.6907,32.2759,1.5852
tiny,chip_136_435_merged.tif,0.2,3,1718514362,39,30.5932,32.7896,2.1964
tiny,chip_136_435_merged.tif,0.2,4,1337907731,39,31.5193,32.1558,0.6365
tiny,chip_136_435_merged.tif,0.4,0,651574161,78,30.7061,32.1061,1.4
tiny,chip_136_435_merged.tif,0.4,1,270967530,78,30.1396,32.2347,2.0951
tiny,chip_136_435_merged.tif,0.4,2,1938505660,78,31.0406,31.9473,0.9067
tiny,chip_136_435_merged.tif,0.4,3,1557899029,78,32.1731,31.9476,-0.2255
tiny,chip_136_435_merged.tif,0.4,4,1077953511,78,30.5613,32.3355,1.7741
tiny,chip_136_435_merged.tif,0.6,0,2055759602,117,30.9279,32.1192,1.1913
tiny,chip_136_435_merged.tif,0.6,1,1675152971,117,30.355,32.2249,1.8699
tiny,chip_136_435_merged.tif,0.6,2,1195207453,117,30.2002,31.9098,1.7096
tiny,chip_136_435_merged.tif,0.6,3,814600822,117,30.435,31.7002,1.2652
tiny,chip_136_435_merged.tif,0.6,4,334655304,117,30.4611,31.7429,1.2818
tiny,chip_136_435_merged.tif,0.8,0,1573167406,156,30.6851,31.0687,0.3836
tiny,chip_136_435_merged.tif,0.8,1,1192560775,156,30.3136,31.1545,0.8409
tiny,chip_136_435_merged.tif,0.8,2,712615257,156,29.8661,31.3055,1.4395
tiny,chip_136_435_merged.tif,0.8,3,332008626,156,30.6811,31.0333,0.3522
tiny,chip_136_435_merged.tif,0.8,4,2098885643,156,30.9707,31.2314,0.2606
tiny,chip_136_471_merged.tif,0.2,0,1188884189,39,30.7762,32.365,1.5889
tiny,chip_136_471_merged.tif,0.2,1,808277558,39,30.3019,32.6047,2.3028
tiny,chip_136_471_merged.tif,0.2,2,328332040,39,30.6541,32.5429,1.8887
tiny,chip_136_471_merged.tif,0.2,3,2095209057,39,30.3007,32.0443,1.7436
tiny,chip_136_471_merged.tif,0.2,4,1615263539,39,31.3717,32.1893,0.8176
tiny,chip_136_471_merged.tif,0.4,0,1028268856,78,30.3056,31.8732,1.5676
tiny,chip_136_471_merged.tif,0.4,1,548323338,78,31.0067,31.9042,0.8974
tiny,chip_136_471_merged.tif,0.4,2,167716707,78,30.7143,31.6206,0.9063
tiny,chip_136_471_merged.tif,0.4,3,1934593724,78,30.8421,31.5959,0.7537
tiny,chip_136_471_merged.tif,0.4,4,1454648206,78,30.714,32.3365,1.6225
tiny,chip_136_471_merged.tif,0.6,0,284970649,117,30.1663,31.2151,1.0488
tiny,chip_136_471_merged.tif,0.6,1,1952508779,117,30.2438,31.2895,1.0456
tiny,chip_136_471_merged.tif,0.6,2,1571902148,117,30.65,31.8068,1.1568
tiny,chip_136_471_merged.tif,0.6,3,1191295517,117,30.18,31.6651,1.485
tiny,chip_136_471_merged.tif,0.6,4,711349999,117,29.8719,31.5633,1.6915
tiny,chip_136_471_merged.tif,0.8,0,1949862101,156,30.0691,31.059,0.9899
tiny,chip_136_471_merged.tif,0.8,1,1569255470,156,30.6239,31.1403,0.5163
tiny,chip_136_471_merged.tif,0.8,2,1089309952,156,30.5627,31.1086,0.5458
tiny,chip_136_471_merged.tif,0.8,3,708703321,156,30.6298,30.5558,-0.074
tiny,chip_136_471_merged.tif,0.8,4,228757803,156,30.2276,31.3429,1.1153
tiny,chip_136_485_merged.tif,0.2,0,1750202833,39,35.7674,35.9188,0.1514
tiny,chip_136_485_merged.tif,0.2,1,1369596202,39,35.9843,36.5241,0.5398
tiny,chip_136_485_merged.tif,0.2,2,988989571,39,35.512,36.8386,1.3266
tiny,chip_136_485_merged.tif,0.2,3,509044053,39,35.7666,36.6642,0.8975
tiny,chip_136_485_merged.tif,0.2,4,128437422,39,36.8625,37.3057,0.4432
tiny,chip_136_485_merged.tif,0.4,0,1589587500,78,35.8384,37.0216,1.1832
tiny,chip_136_485_merged.tif,0.4,1,1208980869,78,36.5481,35.9935,-0.5546
tiny,chip_136_485_merged.tif,0.4,2,729035351,78,34.64,36.3601,1.7202
tiny,chip_136_485_merged.tif,0.4,3,348428720,78,35.2963,36.4223,1.126
tiny,chip_136_485_merged.tif,0.4,4,2015966850,78,35.8723,36.5857,0.7134
tiny,chip_136_485_merged.tif,0.6,0,846289293,117,35.7835,36.3094,0.5259
tiny,chip_136_485_merged.tif,0.6,1,465682662,117,36.0527,35.9368,-0.1159
tiny,chip_136_485_merged.tif,0.6,2,2133220792,117,35.8729,36.0623,0.1894
tiny,chip_136_485_merged.tif,0.6,3,1752614161,117,35.0841,35.5595,0.4754
tiny,chip_136_485_merged.tif,0.6,4,1272668643,117,36.0327,35.0063,-1.0264
tiny,chip_136_485_merged.tif,0.8,0,363697097,156,35.5089,35.7353,0.2264
tiny,chip_136_485_merged.tif,0.8,1,2130574114,156,34.826,35.6576,0.8316
tiny,chip_136_485_merged.tif,0.8,2,1749967483,156,35.539,35.7596,0.2206
tiny,chip_136_485_merged.tif,0.8,3,1270021965,156,36.0297,35.8553,-0.1744
tiny,chip_136_485_merged.tif,0.8,4,889415334,156,35.694,35.7779,0.0838
tiny,chip_136_495_merged.tif,0.2,0,1899349115,39,36.0371,37.0418,1.0047
tiny,chip_136_495_merged.tif,0.2,1,1419403597,39,36.3289,37.1897,0.8607
tiny,chip_136_495_merged.tif,0.2,2,1038796966,39,36.0362,37.2181,1.182
tiny,chip_136_495_merged.tif,0.2,3,558851448,39,36.2024,36.2472,0.0447
tiny,chip_136_495_merged.tif,0.2,4,178244817,39,34.1496,37.425,3.2754
tiny,chip_136_495_merged.tif,0.4,0,834074045,78,35.5482,37.0179,1.4696
tiny,chip_136_495_merged.tif,0.4,1,453467414,78,35.0433,37.248,2.2046
tiny,chip_136_495_merged.tif,0.4,2,2121005544,78,35.0906,36.8832,1.7926
tiny,chip_136_495_merged.tif,0.4,3,1740398913,78,35.0911,36.9681,1.877
tiny,chip_136_495_merged.tif,0.4,4,1260453395,78,36.4743,35.7078,-0.7666
tiny,chip_136_495_merged.tif,0.6,0,896096688,117,35.1943,35.7206,0.5263
tiny,chip_136_495_merged.tif,0.6,1,515490057,117,35.2472,36.3041,1.0569
tiny,chip_136_495_merged.tif,0.6,2,134883426,117,35.3821,35.8812,0.4991
tiny,chip_136_495_merged.tif,0.6,3,1802421556,117,35.366,35.6955,0.3295
tiny,chip_136_495_merged.tif,0.6,4,1421814925,117,35.3677,35.7552,0.3875
tiny,chip_136_495_merged.tif,0.8,0,512843379,156,35.4164,35.7772,0.3608
tiny,chip_136_495_merged.tif,0.8,1,32897861,156,35.58,36.0536,0.4736
tiny,chip_136_495_merged.tif,0.8,2,1799774878,156,35.4189,35.563,0.144
tiny,chip_136_495_merged.tif,0.8,3,1319829360,156,35.3518,35.9884,0.6366
tiny,chip_136_495_merged.tif,0.8,4,939222729,156,35.3438,35.7203,0.3765
tiny,chip_137_275_merged.tif,0.2,0,980362535,39,32.4253,36.1388,3.7135
tiny,chip_137_275_merged.tif,0.2,1,500417017,39,35.3725,34.3187,-1.0537
tiny,chip_137_275_merged.tif,0.2,2,119810386,39,35.4715,36.5209,1.0495
tiny,chip_137_275_merged.tif,0.2,3,1886687403,39,34.886,35.8471,0.9611
tiny,chip_137_275_merged.tif,0.2,4,1406741885,39,34.7781,35.6652,0.8871
tiny,chip_137_275_merged.tif,0.4,0,2062571113,78,33.2333,37.5225,4.2893
tiny,chip_137_275_merged.tif,0.4,1,1681964482,78,32.4139,36.1775,3.7636
tiny,chip_137_275_merged.tif,0.4,2,1301357851,78,32.6328,36.9815,4.3487
tiny,chip_137_275_merged.tif,0.4,3,821412333,78,32.5617,36.0024,3.4407
tiny,chip_137_275_merged.tif,0.4,4,440805702,78,32.1161,36.5424,4.4264
tiny,chip_137_275_merged.tif,0.6,0,76448995,117,33.2118,35.3459,2.1341
tiny,chip_137_275_merged.tif,0.6,1,1743987125,117,32.5948,34.6193,2.0245
tiny,chip_137_275_merged.tif,0.6,2,1363380494,117,32.1865,35.9701,3.7836
tiny,chip_137_275_merged.tif,0.6,3,883434976,117,32.5896,35.348,2.7584
tiny,chip_137_275_merged.tif,0.6,4,502828345,117,32.4214,34.9881,2.5666
tiny,chip_137_275_merged.tif,0.8,0,1741340447,156,32.3119,34.0481,1.7362
tiny,chip_137_275_merged.tif,0.8,1,1261394929,156,32.5469,34.4021,1.8551
tiny,chip_137_275_merged.tif,0.8,2,880788298,156,30.5295,33.2628,2.7333
tiny,chip_137_275_merged.tif,0.8,3,500181667,156,30.487,34.0582,3.5712
tiny,chip_137_275_merged.tif,0.8,4,20236149,156,32.1747,33.3072,1.1326
tiny,chip_137_437_merged.tif,0.2,0,1191982272,39,31.1337,32.8164,1.6827
tiny,chip_137_437_merged.tif,0.2,1,712036754,39,31.4839,32.5395,1.0556
tiny,chip_137_437_merged.tif,0.2,2,331430123,39,31.7999,33.223,1.4231
tiny,chip_137_437_merged.tif,0.2,3,1998968253,39,31.652,32.5968,0.9448
tiny,chip_137_437_merged.tif,0.2,4,1618361622,39,31.0271,32.6938,1.6668
tiny,chip_137_437_merged.tif,0.4,0,126707202,78,30.863,32.4828,1.6199
tiny,chip_137_437_merged.tif,0.4,1,1893584219,78,30.8435,31.8051,0.9616
tiny,chip_137_437_merged.tif,0.4,2,1413638701,78,31.3677,31.9025,0.5348
tiny,chip_137_437_merged.tif,0.4,3,1033032070,78,30.1762,32.2128,2.0366
tiny,chip_137_437_merged.tif,0.4,4,553086552,78,31.269,32.1583,0.8893
tiny,chip_137_437_merged.tif,0.6,0,1530892643,117,29.7776,31.3527,1.5751
tiny,chip_137_437_merged.tif,0.6,1,1150286012,117,30.4929,31.6198,1.127
tiny,chip_137_437_merged.tif,0.6,2,670340494,117,31.0561,31.5694,0.5133
tiny,chip_137_437_merged.tif,0.6,3,289733863,117,30.5042,31.9238,1.4196
tiny,chip_137_437_merged.tif,0.6,4,1957271993,117,30.8273,31.7422,0.9149
tiny,chip_137_437_merged.tif,0.8,0,1048300447,156,31.1044,31.2006,0.0963
tiny,chip_137_437_merged.tif,0.8,1,667693816,156,30.3256,31.0963,0.7708
tiny,chip_137_437_merged.tif,0.8,2,187748298,156,30.731,30.7959,0.0649
tiny,chip_137_437_merged.tif,0.8,3,1954625315,156,30.4181,30.7998,0.3817
tiny,chip_137_437_merged.tif,0.8,4,1574018684,156,30.833,31.5289,0.6959
tiny,chip_138_426_merged.tif,0.2,0,1940761142,39,32.8623,34.2946,1.4323
tiny,chip_138_426_merged.tif,0.2,1,1560154511,39,32.8987,34.007,1.1082
tiny,chip_138_426_merged.tif,0.2,2,1179547880,39,32.928,33.9486,1.0205
tiny,chip_138_426_merged.tif,0.2,3,699602362,39,33.0339,34.4081,1.3742
tiny,chip_138_426_merged.tif,0.2,4,318995731,39,32.8194,33.8872,1.0678
tiny,chip_138_426_merged.tif,0.4,0,1780145809,78,32.9099,33.2836,0.3737
tiny,chip_138_426_merged.tif,0.4,1,1399539178,78,33.0196,33.7137,0.6941
tiny,chip_138_426_merged.tif,0.4,2,919593660,78,31.946,33.561,1.615
tiny,chip_138_426_merged.tif,0.4,3,538987029,78,32.4787,33.8833,1.4046
tiny,chip_138_426_merged.tif,0.4,4,158380398,78,31.7408,34.1741,2.4333
tiny,chip_138_426_merged.tif,0.6,0,1036847602,117,31.9416,33.5194,1.5778
tiny,chip_138_426_merged.tif,0.6,1,656240971,117,32.1467,33.3093,1.1626
tiny,chip_138_426_merged.tif,0.6,2,176295453,117,31.9118,33.1063,1.1945
tiny,chip_138_426_merged.tif,0.6,3,1943172470,117,31.925,33.1555,1.2304
tiny,chip_138_426_merged.tif,0.6,4,1562565839,117,31.9872,33.4889,1.5016
tiny,chip_138_426_merged.tif,0.8,0,554255406,156,31.8495,32.5408,0.6913
tiny,chip_138_426_merged.tif,0.8,1,173648775,156,31.8268,32.7855,0.9587
tiny,chip_138_426_merged.tif,0.8,2,1940525792,156,31.9263,32.8299,0.9036
tiny,chip_138_426_merged.tif,0.8,3,1460580274,156,31.9136,32.456,0.5424
tiny,chip_138_426_merged.tif,0.8,4,1079973643,156,31.8725,32.6879,0.8154
tiny,chip_138_474_merged.tif,0.2,0,914739998,39,29.6661,30.7527,1.0866
tiny,chip_138_474_merged.tif,0.2,1,434794480,39,28.8502,31.2083,2.3582
tiny,chip_138_474_merged.tif,0.2,2,54187849,39,29.6648,29.7829,0.1181
tiny,chip_138_474_merged.tif,0.2,3,1821064866,39,29.0873,31.9437,2.8564
tiny,chip_138_474_merged.tif,0.2,4,1341119348,39,29.3456,31.2886,1.943
tiny,chip_138_474_merged.tif,0.4,0,754124665,78,28.8144,30.4495,1.6351
tiny,chip_138_474_merged.tif,0.4,1,274179147,78,27.7412,30.7068,2.9656
tiny,chip_138_474_merged.tif,0.4,2,2041056164,78,28.3395,30.2645,1.925
tiny,chip_138_474_merged.tif,0.4,3,1561110646,78,29.2865,30.9046,1.6181
tiny,chip_138_474_merged.tif,0.4,4,1180504015,78,28.4058,30.3483,1.9426
tiny,chip_138_474_merged.tif,0.6,0,10826458,117,28.3953,29.7688,1.3735
tiny,chip_138_474_merged.tif,0.6,1,1678364588,117,28.4611,29.4039,0.9428
tiny,chip_138_474_merged.tif,0.6,2,1297757957,117,27.7123,29.9182,2.2058
tiny,chip_138_474_merged.tif,0.6,3,817812439,117,28.7137,30.0063,1.2926
tiny,chip_138_474_merged.tif,0.6,4,437205808,117,28.3007,29.5991,1.2984
tiny,chip_138_474_merged.tif,0.8,0,1675717910,156,28.0834,29.383,1.2997
tiny,chip_138_474_merged.tif,0.8,1,1195772392,156,28.2522,29.4134,1.1612
tiny,chip_138_474_merged.tif,0.8,2,815165761,156,28.0725,29.0031,0.9306
tiny,chip_138_474_merged.tif,0.8,3,434559130,156,28.0808,29.3055,1.2247
tiny,chip_138_474_merged.tif,0.8,4,2102097260,156,28.2826,28.9015,0.6189
tiny,chip_138_494_merged.tif,0.2,0,36559005,39,34.5671,35.3177,0.7506
tiny,chip_138_494_merged.tif,0.2,1,1704097135,39,34.2174,35.7463,1.5288
tiny,chip_138_494_merged.tif,0.2,2,1323490504,39,33.5572,35.9998,2.4425
tiny,chip_138_494_merged.tif,0.2,3,843544986,39,33.4914,35.4611,1.9697
tiny,chip_138_494_merged.tif,0.2,4,462938355,39,33.8724,36.1013,2.229
tiny,chip_138_494_merged.tif,0.4,0,1924088433,78,33.1699,34.579,1.4091
tiny,chip_138_494_merged.tif,0.4,1,1543481802,78,33.1687,34.857,1.6883
tiny,chip_138_494_merged.tif,0.4,2,1162875171,78,33.4132,35.2797,1.8665
tiny,chip_138_494_merged.tif,0.4,3,682929653,78,32.6363,35.1177,2.4814
tiny,chip_138_494_merged.tif,0.4,4,302323022,78,32.3027,35.1585,2.8557
tiny,chip_138_494_merged.tif,0.6,0,1180790226,117,32.1114,34.7345,2.6231
tiny,chip_138_494_merged.tif,0.6,1,800183595,117,33.5435,35.093,1.5495
tiny,chip_138_494_merged.tif,0.6,2,419576964,117,32.4451,34.8449,2.3999
tiny,chip_138_494_merged.tif,0.6,3,2087115094,117,32.1493,34.8574,2.7081
tiny,chip_138_494_merged.tif,0.6,4,1706508463,117,32.8573,34.0039,1.1466
tiny,chip_138_494_merged.tif,0.8,0,797536917,156,32.7961,32.3189,-0.4772
tiny,chip_138_494_merged.tif,0.8,1,317591399,156,30.2778,33.8329,3.5551
tiny,chip_138_494_merged.tif,0.8,2,2084468416,156,33.1136,33.4134,0.2998
tiny,chip_138_494_merged.tif,0.8,3,1604522898,156,31.3232,34.0694,2.7462
tiny,chip_138_494_merged.tif,0.8,4,1223916267,156,32.1603,34.1104,1.9502
tiny,chip_138_495_merged.tif,0.2,0,181774893,39,34.5646,36.011,1.4465
tiny,chip_138_495_merged.tif,0.2,1,1948651910,39,35.645,35.4371,-0.2079
tiny,chip_138_495_merged.tif,0.2,2,1468706392,39,34.5645,35.5864,1.0219
tiny,chip_138_495_merged.tif,0.2,3,1088099761,39,35.8186,36.0,0.1813
tiny,chip_138_495_merged.tif,0.2,4,608154243,39,36.0825,36.847,0.7645
tiny,chip_138_495_merged.tif,0.4,0,21159560,78,35.1156,35.3292,0.2136
tiny,chip_138_495_merged.tif,0.4,1,1688697690,78,35.4411,35.9502,0.509
tiny,chip_138_495_merged.tif,0.4,2,1308091059,78,35.1962,36.0909,0.8947
tiny,chip_138_495_merged.tif,0.4,3,927484428,78,35.7334,36.0525,0.3191
tiny,chip_138_495_merged.tif,0.4,4,447538910,78,35.2152,35.878,0.6628
tiny,chip_138_495_merged.tif,0.6,0,1425345001,117,35.0259,35.4786,0.4527
tiny,chip_138_495_merged.tif,0.6,1,945399483,117,35.3266,35.6887,0.3621
tiny,chip_138_495_merged.tif,0.6,2,564792852,117,35.1488,35.6862,0.5374
tiny,chip_138_495_merged.tif,0.6,3,184186221,117,35.1584,35.2136,0.0551
tiny,chip_138_495_merged.tif,0.6,4,1851724351,117,34.6546,35.706,1.0513
tiny,chip_138_495_merged.tif,0.8,0,942752805,156,35.0896,35.2011,0.1114
tiny,chip_138_495_merged.tif,0.8,1,562146174,156,35.0272,35.3125,0.2853
tiny,chip_138_495_merged.tif,0.8,2,82200656,156,34.8496,35.2838,0.4342
tiny,chip_138_495_merged.tif,0.8,3,1849077673,156,35.0944,35.4488,0.3545
tiny,chip_138_495_merged.tif,0.8,4,1369132155,156,35.0778,35.2846,0.2068
tiny,chip_139_390_merged.tif,0.2,0,107645767,39,33.5772,37.2617,3.6845
tiny,chip_139_390_merged.tif,0.2,1,1775183897,39,35.3227,36.4083,1.0856
tiny,chip_139_390_merged.tif,0.2,2,1394577266,39,35.0398,35.725,0.6852
tiny,chip_139_390_merged.tif,0.2,3,1013970635,39,35.6837,34.3431,-1.3406
tiny,chip_139_390_merged.tif,0.2,4,534025117,39,37.2558,36.1978,-1.058
tiny,chip_139_390_merged.tif,0.4,0,2094514082,78,36.4328,35.1961,-1.2367
tiny,chip_139_390_merged.tif,0.4,1,1614568564,78,35.2007,34.8967,-0.304
tiny,chip_139_390_merged.tif,0.4,2,1233961933,78,34.8738,37.2578,2.384
tiny,chip_139_390_merged.tif,0.4,3,754016415,78,34.8741,35.2659,0.3918
tiny,chip_139_390_merged.tif,0.4,4,373409784,78,35.5417,35.3488,-0.1929
tiny,chip_139_390_merged.tif,0.6,0,1351215875,117,34.8303,35.452,0.6217
tiny,chip_139_390_merged.tif,0.6,1,871270357,117,34.832,36.4121,1.5801
tiny,chip_139_390_merged.tif,0.6,2,490663726,117,35.9571,35.3357,-0.6215
tiny,chip_139_390_merged.tif,0.6,3,10718208,117,35.0025,35.6347,0.6323
tiny,chip_139_390_merged.tif,0.6,4,1777595225,117,34.9995,36.2557,1.2562
tiny,chip_139_390_merged.tif,0.8,0,868623679,156,34.6147,35.6046,0.9899
tiny,chip_139_390_merged.tif,0.8,1,388678161,156,34.761,35.367,0.606
tiny,chip_139_390_merged.tif,0.8,2,8071530,156,34.6352,35.5537,0.9185
tiny,chip_139_390_merged.tif,0.8,3,1774948547,156,34.7483,35.3122,0.5639
tiny,chip_139_390_merged.tif,0.8,4,1295003029,156,34.7524,35.5013,0.7489
tiny,chip_139_473_merged.tif,0.2,0,1717611271,39,28.9753,32.3242,3.349
tiny,chip_139_473_merged.tif,0.2,1,1237665753,39,31.1676,33.4995,2.3318
tiny,chip_139_473_merged.tif,0.2,2,857059122,39,29.967,33.8499,3.8829
tiny,chip_139_473_merged.tif,0.2,3,377113604,39,31.1673,33.7962,2.6289
tiny,chip_139_473_merged.tif,0.2,4,2143990621,39,30.3115,33.6775,3.366
tiny,chip_139_473_merged.tif,0.4,0,1457657051,78,30.7496,32.4503,1.7008
tiny,chip_139_473_merged.tif,0.4,1,1077050420,78,31.1083,32.224,1.1157
tiny,chip_139_473_merged.tif,0.4,2,696443789,78,30.0349,32.4688,2.4339
tiny,chip_139_473_merged.tif,0.4,3,216498271,78,30.4922,32.0032,1.511
tiny,chip_139_473_merged.tif,0.4,4,1983375288,78,30.0355,32.5607,2.5252
tiny,chip_139_473_merged.tif,0.6,0,714358844,117,30.1813,30.9815,0.8002
tiny,chip_139_473_merged.tif,0.6,1,333752213,117,30.5329,31.1794,0.6465
tiny,chip_139_473_merged.tif,0.6,2,2100629230,117,30.1667,32.2047,2.038
tiny,chip_139_473_merged.tif,0.6,3,1620683712,117,30.8299,31.7333,0.9034
tiny,chip_139_473_merged.tif,0.6,4,1240077081,117,30.122,32.0314,1.9094
tiny,chip_139_473_merged.tif,0.8,0,331105535,156,28.6281,30.8771,2.2491
tiny,chip_139_473_merged.tif,0.8,1,1998643665,156,28.5854,30.8444,2.259
tiny,chip_139_473_merged.tif,0.8,2,1618037034,156,30.2105,31.1237,0.9132
tiny,chip_139_473_merged.tif,0.8,3,1138091516,156,29.9314,30.3457,0.4143
tiny,chip_139_473_merged.tif,0.8,4,757484885,156,30.1992,30.83,0.6308
tiny,chip_139_488_merged.tif,0.2,0,1399570629,39,36.5146,36.0358,-0.4789
tiny,chip_139_488_merged.tif,0.2,1,1018963998,39,35.9082,35.8119,-0.0963
tiny,chip_139_488_merged.tif,0.2,2,638357367,39,36.9662,36.4544,-0.5118
tiny,chip_139_488_merged.tif,0.2,3,158411849,39,36.5146,36.033,-0.4816
tiny,chip_139_488_merged.tif,0.2,4,1925288866,39,36.6706,35.2456,-1.4251
tiny,chip_139_488_merged.tif,0.4,0,1238955296,78,36.7836,36.1732,-0.6104
tiny,chip_139_488_merged.tif,0.4,1,858348665,78,36.361,36.3397,-0.0213
tiny,chip_139_488_merged.tif,0.4,2,378403147,78,36.9978,35.983,-1.0148
tiny,chip_139_488_merged.tif,0.4,3,2145280164,78,36.3239,36.2918,-0.0322
tiny,chip_139_488_merged.tif,0.4,4,1665334646,78,36.6291,35.667,-0.9621
tiny,chip_139_488_merged.tif,0.6,0,495657089,117,36.4123,35.9062,-0.5061
tiny,chip_139_488_merged.tif,0.6,1,115050458,117,36.2138,35.7598,-0.4539
tiny,chip_139_488_merged.tif,0.6,2,1782588588,117,35.3492,36.2355,0.8863
tiny,chip_139_488_merged.tif,0.6,3,1401981957,117,35.3243,35.6732,0.3489
tiny,chip_139_488_merged.tif,0.6,4,922036439,117,36.4455,36.6303,0.1848
tiny,chip_139_488_merged.tif,0.8,0,13064893,156,35.5476,35.7614,0.2138
tiny,chip_139_488_merged.tif,0.8,1,1779941910,156,36.3567,35.8872,-0.4695
tiny,chip_139_488_merged.tif,0.8,2,1399335279,156,36.3375,36.0595,-0.278
tiny,chip_139_488_merged.tif,0.8,3,919389761,156,36.0396,35.6079,-0.4317
tiny,chip_139_488_merged.tif,0.8,4,538783130,156,35.4745,35.3982,-0.0762
tiny,chip_139_491_merged.tif,0.2,0,630064370,39,35.752,36.8978,1.1458
tiny,chip_139_491_merged.tif,0.2,1,150118852,39,36.5669,36.418,-0.1489
tiny,chip_139_491_merged.tif,0.2,2,1916995869,39,36.1458,36.6935,0.5477
tiny,chip_139_491_merged.tif,0.2,3,1536389238,39,36.5261,36.8991,0.3729
tiny,chip_139_491_merged.tif,0.2,4,1056443720,39,36.6197,36.9253,0.3055
tiny,chip_139_491_merged.tif,0.4,0,1712272948,78,35.556,36.5675,1.0116
tiny,chip_139_491_merged.tif,0.4,1,1331666317,78,35.8107,36.5536,0.7429
tiny,chip_139_491_merged.tif,0.4,2,951059686,78,35.2829,36.7261,1.4433
tiny,chip_139_491_merged.tif,0.4,3,471114168,78,35.8747,36.3142,0.4395
tiny,chip_139_491_merged.tif,0.4,4,90507537,78,35.7636,36.0084,0.2448
tiny,chip_139_491_merged.tif,0.6,0,1873634478,117,35.315,36.5123,1.1973
tiny,chip_139_491_merged.tif,0.6,1,1393688960,117,35.4393,36.2846,0.8453
tiny,chip_139_491_merged.tif,0.6,2,1013082329,117,35.3669,36.3296,0.9627
tiny,chip_139_491_merged.tif,0.6,3,533136811,117,34.2283,36.4196,2.1913
tiny,chip_139_491_merged.tif,0.6,4,152530180,117,34.3989,35.9471,1.5482
tiny,chip_139_491_merged.tif,0.8,0,1391042282,156,35.3213,35.0908,-0.2305
tiny,chip_139_491_merged.tif,0.8,1,911096764,156,34.6291,35.0851,0.456
tiny,chip_139_491_merged.tif,0.8,2,530490133,156,34.2496,35.7639,1.5144
tiny,chip_139_491_merged.tif,0.8,3,149883502,156,34.2957,34.9553,0.6597
tiny,chip_139_491_merged.tif,0.8,4,1817421632,156,35.3029,35.4701,0.1672
tiny,chip_140_470_merged.tif,0.2,0,196159430,39,31.8325,33.237,1.4044
tiny,chip_140_470_merged.tif,0.2,1,1963036447,39,30.2041,32.4048,2.2007
tiny,chip_140_470_merged.tif,0.2,2,1483090929,39,30.7095,33.4354,2.7258
tiny,chip_140_470_merged.tif,0.2,3,1102484298,39,31.5762,33.134,1.5578
tiny,chip_140_470_merged.tif,0.2,4,622538780,39,30.8646,32.6974,1.8328
tiny,chip_140_470_merged.tif,0.4,0,35544097,78,30.9511,32.1048,1.1537
tiny,chip_140_470_merged.tif,0.4,1,1703082227,78,30.0426,32.3829,2.3403
tiny,chip_140_470_merged.tif,0.4,2,1322475596,78,30.8011,32.3724,1.5713
tiny,chip_140_470_merged.tif,0.4,3,941868965,78,31.4487,32.8868,1.4381
tiny,chip_140_470_merged.tif,0.4,4,461923447,78,29.9526,32.0824,2.1298
tiny,chip_140_470_merged.tif,0.6,0,1439729538,117,30.7086,32.5655,1.8569
tiny,chip_140_470_merged.tif,0.6,1,1059122907,117,31.2271,31.9408,0.7137
tiny,chip_140_470_merged.tif,0.6,2,579177389,117,30.4555,32.0395,1.584
tiny,chip_140_470_merged.tif,0.6,3,198570758,117,30.4874,31.1892,0.7018
tiny,chip_140_470_merged.tif,0.6,4,1866108888,117,30.5404,31.5671,1.0267
tiny,chip_140_470_merged.tif,0.8,0,957137342,156,30.0847,30.914,0.8294
tiny,chip_140_470_merged.tif,0.8,1,576530711,156,29.8125,31.089,1.2766
tiny,chip_140_470_merged.tif,0.8,2,96585193,156,29.7818,30.8209,1.0392
tiny,chip_140_470_merged.tif,0.8,3,1863462210,156,30.075,31.032,0.9569
tiny,chip_140_470_merged.tif,0.8,4,1383516692,156,30.5667,31.3485,0.7817
tiny,chip_141_475_merged.tif,0.2,0,1621939538,39,37.4577,36.518,-0.9397
tiny,chip_141_475_merged.tif,0.2,1,1141994020,39,35.8694,37.0462,1.1768
tiny,chip_141_475_merged.tif,0.2,2,761387389,39,35.6957,34.6815,-1.0143
tiny,chip_141_475_merged.tif,0.2,3,380780758,39,35.7379,35.8707,0.1328
tiny,chip_141_475_merged.tif,0.2,4,2048318888,39,34.837,35.8986,1.0616
tiny,chip_141_475_merged.tif,0.4,0,1461324205,78,36.2186,36.5064,0.2878
tiny,chip_141_475_merged.tif,0.4,1,981378687,78,35.2364,36.5494,1.313
tiny,chip_141_475_merged.tif,0.4,2,600772056,78,35.8528,35.964,0.1112
tiny,chip_141_475_merged.tif,0.4,3,120826538,78,35.4262,35.8053,0.3791
tiny,chip_141_475_merged.tif,0.4,4,1887703555,78,37.0472,36.3777,-0.6696
tiny,chip_141_475_merged.tif,0.6,0,718025998,117,36.0352,36.4559,0.4207
tiny,chip_141_475_merged.tif,0.6,1,238080480,117,35.254,35.9134,0.6594
tiny,chip_141_475_merged.tif,0.6,2,2004957497,117,35.5966,36.098,0.5014
tiny,chip_141_475_merged.tif,0.6,3,1525011979,117,35.2495,35.9112,0.6617
tiny,chip_141_475_merged.tif,0.6,4,1144405348,117,35.0032,36.3267,1.3236
tiny,chip_141_475_merged.tif,0.8,0,235433802,156,35.6533,35.9035,0.2502
tiny,chip_141_475_merged.tif,0.8,1,1902971932,156,36.0031,36.1066,0.1035
tiny,chip_141_475_merged.tif,0.8,2,1522365301,156,35.6643,36.0128,0.3486
tiny,chip_141_475_merged.tif,0.8,3,1141758670,156,35.263,35.765,0.502
tiny,chip_141_475_merged.tif,0.8,4,661813152,156,35.288,35.8409,0.5529
tiny,chip_141_484_merged.tif,0.2,0,404000576,39,36.3135,37.3949,1.0815
tiny,chip_141_484_merged.tif,0.2,1,2071538706,39,34.2477,36.0266,1.779
tiny,chip_141_484_merged.tif,0.2,2,1690932075,39,35.023,37.0604,2.0374
tiny,chip_141_484_merged.tif,0.2,3,1210986557,39,35.6694,36.8379,1.1685
tiny,chip_141_484_merged.tif,0.2,4,830379926,39,37.1639,37.1193,-0.0446
tiny,chip_141_484_merged.tif,0.4,0,144046356,78,36.4769,36.7864,0.3094
tiny,chip_141_484_merged.tif,0.4,1,1910923373,78,34.7673,36.6946,1.9273
tiny,chip_141_484_merged.tif,0.4,2,1530316742,78,34.7687,37.0096,2.2409
tiny,chip_141_484_merged.tif,0.4,3,1050371224,78,36.0161,36.9834,0.9673
tiny,chip_141_484_merged.tif,0.4,4,669764593,78,35.865,36.6994,0.8345
tiny,chip_141_484_merged.tif,0.6,0,1647570684,117,35.8812,36.5902,0.7091
tiny,chip_141_484_merged.tif,0.6,1,1167625166,117,36.1189,36.7424,0.6234
tiny,chip_141_484_merged.tif,0.6,2,787018535,117,35.3775,36.4328,1.0553
tiny,chip_141_484_merged.tif,0.6,3,307073017,117,35.855,36.708,0.853
tiny,chip_141_484_merged.tif,0.6,4,2073950034,117,34.4527,36.8552,2.4025
tiny,chip_141_484_merged.tif,0.8,0,1164978488,156,35.2885,35.8835,0.595
tiny,chip_141_484_merged.tif,0.8,1,685032970,156,35.3239,36.1087,0.7847
tiny,chip_141_484_merged.tif,0.8,2,304426339,156,33.4517,35.8586,2.4068
tiny,chip_141_484_merged.tif,0.8,3,1971964469,156,32.5732,35.7912,3.218
tiny,chip_141_484_merged.tif,0.8,4,1591357838,156,32.577,36.2338,3.6568
tiny,chip_141_491_merged.tif,0.2,0,1241841618,39,34.3889,35.7481,1.3592
tiny,chip_141_491_merged.tif,0.2,1,861234987,39,35.0983,36.7033,1.605
tiny,chip_141_491_merged.tif,0.2,2,381289469,39,34.8846,35.2849,0.4003
tiny,chip_141_491_merged.tif,0.2,3,682838,39,33.8621,36.3789,2.5168
tiny,chip_141_491_merged.tif,0.2,4,1767559855,39,34.2335,36.8155,2.5819
tiny,chip_141_491_merged.tif,0.4,0,1081226285,78,34.1434,36.0384,1.895
tiny,chip_141_491_merged.tif,0.4,1,700619654,78,34.7841,35.9474,1.1633
tiny,chip_141_491_merged.tif,0.4,2,220674136,78,34.3705,36.3371,1.9667
tiny,chip_141_491_merged.tif,0.4,3,1987551153,78,34.5522,35.232,0.6798
tiny,chip_141_491_merged.tif,0.4,4,1507605635,78,34.2402,36.1594,1.9192
tiny,chip_141_491_merged.tif,0.6,0,337928078,117,34.3615,35.5006,1.139
tiny,chip_141_491_merged.tif,0.6,1,2104805095,117,33.9748,35.4159,1.4411
tiny,chip_141_491_merged.tif,0.6,2,1624859577,117,34.3624,35.9539,1.5915
tiny,chip_141_491_merged.tif,0.6,3,1244252946,117,34.3634,35.1876,0.8242
tiny,chip_141_491_merged.tif,0.6,4,764307428,117,34.1739,35.4222,1.2483
tiny,chip_141_491_merged.tif,0.8,0,2002819530,156,34.25,35.2543,1.0043
tiny,chip_141_491_merged.tif,0.8,1,1622212899,156,34.0229,35.2234,1.2005
tiny,chip_141_491_merged.tif,0.8,2,1142267381,156,33.9683,35.0404,1.0721
tiny,chip_141_491_merged.tif,0.8,3,761660750,156,33.8296,35.2713,1.4417
tiny,chip_141_491_merged.tif,0.8,4,381054119,156,33.9359,34.6683,0.7325
tiny,chip_141_493_merged.tif,0.2,0,1597398037,39,36.2349,35.7889,-0.446
tiny,chip_141_493_merged.tif,0.2,1,1216791406,39,34.5252,36.4772,1.952
tiny,chip_141_493_merged.tif,0.2,2,736845888,39,34.5247,36.0532,1.5285
tiny,chip_141_493_merged.tif,0.2,3,356239257,39,34.968,35.2426,0.2746
tiny,chip_141_493_merged.tif,0.2,4,2023777387,39,35.2268,35.8671,0.6403
tiny,chip_141_493_merged.tif,0.4,0,1436782704,78,34.9637,36.0789,1.1152
tiny,chip_141_493_merged.tif,0.4,1,1056176073,78,35.756,35.9643,0.2083
tiny,chip_141_493_merged.tif,0.4,2,576230555,78,34.7804,36.3487,1.5683
tiny,chip_141_493_merged.tif,0.4,3,195623924,78,34.9645,35.7299,0.7655
tiny,chip_141_493_merged.tif,0.4,4,1863162054,78,36.1764,35.9233,-0.2531
tiny,chip_141_493_merged.tif,0.6,0,693484497,117,34.9223,35.8709,0.9486
tiny,chip_141_493_merged.tif,0.6,1,312877866,117,35.7065,35.6868,-0.0197
tiny,chip_141_493_merged.tif,0.6,2,1980415996,117,34.9086,35.6597,0.751
tiny,chip_141_493_merged.tif,0.6,3,1599809365,117,35.276,35.7732,0.4972
tiny,chip_141_493_merged.tif,0.6,4,1119863847,117,35.6251,35.8086,0.1836
tiny,chip_141_493_merged.tif,0.8,0,210892301,156,34.718,35.5468,0.8288
tiny,chip_141_493_merged.tif,0.8,1,1977769318,156,35.2705,35.4645,0.194
tiny,chip_141_493_merged.tif,0.8,2,1497823800,156,35.0215,35.2883,0.2668
tiny,chip_141_493_merged.tif,0.8,3,1117217169,156,35.2647,35.6142,0.3495
tiny,chip_141_493_merged.tif,0.8,4,637271651,156,34.9583,35.4355,0.4772
tiny,chip_142_427_merged.tif,0.2,0,269653944,39,30.8891,32.656,1.767
tiny,chip_142_427_merged.tif,0.2,1,1937192074,39,29.2932,32.3914,3.0982
tiny,chip_142_427_merged.tif,0.2,2,1556585443,39,31.3164,33.3931,2.0767
tiny,chip_142_427_merged.tif,0.2,3,1076639925,39,30.4184,31.9962,1.5778
tiny,chip_142_427_merged.tif,0.2,4,696033294,39,30.8884,32.5313,1.6429
tiny,chip_142_427_merged.tif,0.4,0,9699724,78,31.6096,31.2235,-0.3861
tiny,chip_142_427_merged.tif,0.4,1,1776576741,78,31.628,32.3436,0.7156
tiny,chip_142_427_merged.tif,0.4,2,1296631223,78,31.6111,32.3564,0.7453
tiny,chip_142_427_merged.tif,0.4,3,916024592,78,28.2748,32.4564,4.1816
tiny,chip_142_427_merged.tif,0.4,4,535417961,78,30.9383,31.9191,0.9808
tiny,chip_142_427_merged.tif,0.6,0,1413885165,117,28.9737,31.4437,2.47
tiny,chip_142_427_merged.tif,0.6,1,1033278534,117,29.3421,31.4495,2.1073
tiny,chip_142_427_merged.tif,0.6,2,652671903,117,30.8194,31.3828,0.5634
tiny,chip_142_427_merged.tif,0.6,3,172726385,117,28.1931,31.8429,3.6498
tiny,chip_142_427_merged.tif,0.6,4,1939603402,117,30.952,31.7751,0.8231
tiny,chip_142_427_merged.tif,0.8,0,1030631856,156,30.0583,30.2139,0.1556
tiny,chip_142_427_merged.tif,0.8,1,550686338,156,29.277,30.2366,0.9596
tiny,chip_142_427_merged.tif,0.8,2,170079707,156,30.0483,30.4288,0.3805
tiny,chip_142_427_merged.tif,0.8,3,1837617837,156,30.0514,30.3518,0.3004
tiny,chip_142_427_merged.tif,0.8,4,1457011206,156,28.9508,31.2353,2.2844
tiny,chip_142_497_merged.tif,0.2,0,829630356,39,34.5956,35.1158,0.5202
tiny,chip_142_497_merged.tif,0.2,1,449023725,39,34.595,35.3292,0.7342
tiny,chip_142_497_merged.tif,0.2,2,68417094,39,34.5823,35.4451,0.8628
tiny,chip_142_497_merged.tif,0.2,3,1735955224,39,35.6163,34.0952,-1.5211
tiny,chip_142_497_merged.tif,0.2,4,1355348593,39,36.9435,37.2198,0.2763
tiny,chip_142_497_merged.tif,0.4,0,669015023,78,33.5916,36.6699,3.0783
tiny,chip_142_497_merged.tif,0.4,1,288408392,78,37.2467,35.4616,-1.7851
tiny,chip_142_497_merged.tif,0.4,2,1955946522,78,36.1501,35.9176,-0.2325
tiny,chip_142_497_merged.tif,0.4,3,1575339891,78,35.2336,35.3895,0.1559
tiny,chip_142_497_merged.tif,0.4,4,1194733260,78,35.164,36.7173,1.5533
tiny,chip_142_497_merged.tif,0.6,0,2073200464,117,34.0955,35.4581,1.3626
tiny,chip_142_497_merged.tif,0.6,1,1692593833,117,33.2332,35.4384,2.2052
tiny,chip_142_497_merged.tif,0.6,2,1212648315,117,33.6925,35.8115,2.119
tiny,chip_142_497_merged.tif,0.6,3,832041684,117,34.0138,35.1808,1.1671
tiny,chip_142_497_merged.tif,0.6,4,451435053,117,34.0905,35.0024,0.9119
tiny,chip_142_497_merged.tif,0.8,0,1590608268,156,34.1422,35.4381,1.2959
tiny,chip_142_497_merged.tif,0.8,1,1210001637,156,34.4992,35.825,1.3258
tiny,chip_142_497_merged.tif,0.8,2,829395006,156,34.2584,34.5064,0.2479
tiny,chip_142_497_merged.tif,0.8,3,349449488,156,34.3998,34.7321,0.3323
tiny,chip_142_497_merged.tif,0.8,4,2116326505,156,34.5251,35.4421,0.917
tiny,chip_142_498_merged.tif,0.2,0,1929623412,39,33.0067,34.4153,1.4085
tiny,chip_142_498_merged.tif,0.2,1,1449677894,39,33.2737,33.5542,0.2805
tiny,chip_142_498_merged.tif,0.2,2,1069071263,39,30.7387,32.7659,2.0272
tiny,chip_142_498_merged.tif,0.2,3,589125745,39,33.5701,33.0351,-0.535
tiny,chip_142_498_merged.tif,0.2,4,208519114,39,33.0064,33.4017,0.3954
tiny,chip_142_498_merged.tif,0.4,0,1669669192,78,30.4773,32.203,1.7256
tiny,chip_142_498_merged.tif,0.4,1,1289062561,78,30.478,32.5202,2.0423
tiny,chip_142_498_merged.tif,0.4,2,809117043,78,31.4078,32.5576,1.1498
tiny,chip_142_498_merged.tif,0.4,3,428510412,78,31.1972,32.6168,1.4195
tiny,chip_142_498_merged.tif,0.4,4,47903781,78,31.077,32.5317,1.4546
tiny,chip_142_498_merged.tif,0.6,0,1779309848,117,30.7599,32.8188,2.0589
tiny,chip_142_498_merged.tif,0.6,1,1398703217,117,30.8997,32.0848,1.1851
tiny,chip_142_498_merged.tif,0.6,2,918757699,117,30.7311,32.6035,1.8724
tiny,chip_142_498_merged.tif,0.6,3,538151068,117,30.7238,32.7971,2.0732
tiny,chip_142_498_merged.tif,0.6,4,58205550,117,30.7072,32.5637,1.8565
tiny,chip_142_498_merged.tif,0.8,0,543117676,156,30.9732,31.5099,0.5366
tiny,chip_142_498_merged.tif,0.8,1,63172158,156,31.1102,31.8505,0.7403
tiny,chip_142_498_merged.tif,0.8,2,1830049175,156,30.9541,31.926,0.9719
tiny,chip_142_498_merged.tif,0.8,3,1350103657,156,31.1088,31.4939,0.3851
tiny,chip_142_498_merged.tif,0.8,4,969497026,156,30.8949,31.9447,1.0498
tiny,chip_143_489_merged.tif,0.2,0,683610899,39,32.9467,34.441,1.4943
tiny,chip_143_489_merged.tif,0.2,1,203665381,39,33.8298,35.063,1.2333
tiny,chip_143_489_merged.tif,0.2,2,1970542398,39,34.992,34.9564,-0.0356
tiny,chip_143_489_merged.tif,0.2,3,1490596880,39,33.2088,35.5364,2.3276
tiny,chip_143_489_merged.tif,0.2,4,1109990249,39,32.364,34.8132,2.4492
tiny,chip_143_489_merged.tif,0.4,0,423656679,78,33.1978,34.8852,1.6875
tiny,chip_143_489_merged.tif,0.4,1,43050048,78,33.0515,34.1879,1.1364
tiny,chip_143_489_merged.tif,0.4,2,1710588178,78,33.0791,34.5518,1.4727
tiny,chip_143_489_merged.tif,0.4,3,1329981547,78,33.4045,34.6002,1.1957
tiny,chip_143_489_merged.tif,0.4,4,949374916,78,33.541,34.2256,0.6846
tiny,chip_143_489_merged.tif,0.6,0,1827842120,117,33.007,34.0865,1.0795
tiny,chip_143_489_merged.tif,0.6,1,1447235489,117,33.3271,33.4839,0.1568
tiny,chip_143_489_merged.tif,0.6,2,1066628858,117,32.9661,33.7375,0.7713
tiny,chip_143_489_merged.tif,0.6,3,586683340,117,33.4596,34.1773,0.7177
tiny,chip_143_489_merged.tif,0.6,4,206076709,117,33.1767,33.2724,0.0956
tiny,chip_143_489_merged.tif,0.8,0,1444588811,156,32.9849,33.8961,0.9113
tiny,chip_143_489_merged.tif,0.8,1,964643293,156,32.9897,33.4708,0.4811
tiny,chip_143_489_merged.tif,0.8,2,584036662,156,32.959,33.4012,0.4422
tiny,chip_143_489_merged.tif,0.8,3,104091144,156,32.546,33.3585,0.8125
tiny,chip_143_489_merged.tif,0.8,4,1870968161,156,32.9742,33.3594,0.3852
tiny,chip_144_472_merged.tif,0.2,0,904808594,39,30.6164,33.7153,3.0989
tiny,chip_144_472_merged.tif,0.2,1,424863076,39,31.1721,32.9501,1.778
tiny,chip_144_472_merged.tif,0.2,2,44256445,39,30.6137,32.2625,1.6487
tiny,chip_144_472_merged.tif,0.2,3,1711794575,39,29.7678,33.5255,3.7577
tiny,chip_144_472_merged.tif,0.2,4,1331187944,39,32.0615,33.0656,1.0042
tiny,chip_144_472_merged.tif,0.4,0,1987017172,78,30.3194,32.3097,1.9903
tiny,chip_144_472_merged.tif,0.4,1,1606410541,78,31.0687,33.1618,2.0931
tiny,chip_144_472_merged.tif,0.4,2,1126465023,78,30.8881,32.8336,1.9455
tiny,chip_144_472_merged.tif,0.4,3,745858392,78,30.9183,33.0449,2.1265
tiny,chip_144_472_merged.tif,0.4,4,265912874,78,30.2793,32.3935,2.1142
tiny,chip_144_472_merged.tif,0.6,0,2049039815,117,30.3976,31.8375,1.4399
tiny,chip_144_472_merged.tif,0.6,1,1668433184,117,30.3394,31.9701,1.6308
tiny,chip_144_472_merged.tif,0.6,2,1287826553,117,30.1779,32.2802,2.1023
tiny,chip_144_472_merged.tif,0.6,3,807881035,117,31.1439,32.1791,1.0352
tiny,chip_144_472_merged.tif,0.6,4,427274404,117,30.4563,31.9127,1.4564
tiny,chip_144_472_merged.tif,0.8,0,1665786506,156,30.1197,31.4223,1.3027
tiny,chip_144_472_merged.tif,0.8,1,1185840988,156,30.1318,31.6855,1.5538
tiny,chip_144_472_merged.tif,0.8,2,805234357,156,30.3189,31.3874,1.0686
tiny,chip_144_472_merged.tif,0.8,3,325288839,156,30.644,31.2759,0.6319
tiny,chip_144_472_merged.tif,0.8,4,2092165856,156,30.6472,31.2098,0.5627
tiny,chip_144_474_merged.tif,0.2,0,1344936016,39,33.1386,34.0764,0.9378
tiny,chip_144_474_merged.tif,0.2,1,864990498,39,31.74,33.1691,1.4291
tiny,chip_144_474_merged.tif,0.2,2,484383867,39,32.3872,32.6016,0.2144
tiny,chip_144_474_merged.tif,0.2,3,4438349,39,31.2936,34.4436,3.15
tiny,chip_144_474_merged.tif,0.2,4,1771315366,39,32.0941,34.0353,1.9412
tiny,chip_144_474_merged.tif,0.4,0,279660946,78,32.1486,33.0283,0.8797
tiny,chip_144_474_merged.tif,0.4,1,2046537963,78,31.7679,33.0699,1.3021
tiny,chip_144_474_merged.tif,0.4,2,1566592445,78,30.8303,33.1937,2.3633
tiny,chip_144_474_merged.tif,0.4,3,1185985814,78,30.5079,33.6916,3.1837
tiny,chip_144_474_merged.tif,0.4,4,706040296,78,32.405,33.715,1.3099
tiny,chip_144_474_merged.tif,0.6,0,1683846387,117,31.5207,32.513,0.9923
tiny,chip_144_474_merged.tif,0.6,1,1303239756,117,31.5475,32.8995,1.352
tiny,chip_144_474_merged.tif,0.6,2,823294238,117,31.4161,32.476,1.0599
tiny,chip_144_474_merged.tif,0.6,3,442687607,117,31.0798,32.3286,1.2488
tiny,chip_144_474_merged.tif,0.6,4,2110225737,117,31.6421,33.1993,1.5572
tiny,chip_144_474_merged.tif,0.8,0,1201254191,156,31.1386,32.2575,1.1189
tiny,chip_144_474_merged.tif,0.8,1,820647560,156,31.7466,32.1627,0.416
tiny,chip_144_474_merged.tif,0.8,2,340702042,156,31.1202,31.6463,0.5261
tiny,chip_144_474_merged.tif,0.8,3,2107579059,156,31.2141,31.586,0.3719
tiny,chip_144_474_merged.tif,0.8,4,1726972428,156,31.0342,32.4278,1.3936
tiny,chip_144_496_merged.tif,0.2,0,986454440,39,31.0867,32.053,0.9663
tiny,chip_144_496_merged.tif,0.2,1,605847809,39,30.889,32.222,1.333
tiny,chip_144_496_merged.tif,0.2,2,125902291,39,30.6637,31.6276,0.9639
tiny,chip_144_496_merged.tif,0.2,3,1892779308,39,30.8627,32.1245,1.2618
tiny,chip_144_496_merged.tif,0.2,4,1412833790,39,30.642,32.2738,1.6318
tiny,chip_144_496_merged.tif,0.4,0,20518257,78,30.7213,32.3743,1.6531
tiny,chip_144_496_merged.tif,0.4,1,1688056387,78,30.8801,31.4714,0.5912
tiny,chip_144_496_merged.tif,0.4,2,1307449756,78,30.571,31.9605,1.3895
tiny,chip_144_496_merged.tif,0.4,3,827504238,78,30.2437,31.5293,1.2855
tiny,chip_144_496_merged.tif,0.4,4,446897607,78,30.5302,31.5776,1.0474
tiny,chip_144_496_merged.tif,0.6,0,82540900,117,30.3868,31.2374,0.8506
tiny,chip_144_496_merged.tif,0.6,1,1849417917,117,30.3786,31.3335,0.9549
tiny,chip_144_496_merged.tif,0.6,2,1369472399,117,30.3882,31.1999,0.8117
tiny,chip_144_496_merged.tif,0.6,3,988865768,117,30.2426,31.1686,0.926
tiny,chip_144_496_merged.tif,0.6,4,508920250,117,30.3921,31.136,0.7439
tiny,chip_144_496_merged.tif,0.8,0,1747432352,156,29.9993,30.4093,0.4099
tiny,chip_144_496_merged.tif,0.8,1,1366825721,156,30.172,30.8644,0.6925
tiny,chip_144_496_merged.tif,0.8,2,886880203,156,29.9751,30.8431,0.868
tiny,chip_144_496_merged.tif,0.8,3,506273572,156,29.8801,30.9825,1.1024
tiny,chip_144_496_merged.tif,0.8,4,26328054,156,30.2554,30.7648,0.5095
tiny,chip_145_156_merged.tif,0.2,0,2066495807,39,29.4424,33.2218,3.7794
tiny,chip_145_156_merged.tif,0.2,1,1586550289,39,32.5129,31.4789,-1.034
tiny,chip_145_156_merged.tif,0.2,2,1205943658,39,30.6088,34.6039,3.9951
tiny,chip_145_156_merged.tif,0.2,3,725998140,39,32.6218,33.3335,0.7118
tiny,chip_145_156_merged.tif,0.2,4,345391509,39,31.9204,32.5962,0.6759
tiny,chip_145_156_merged.tif,0.4,0,1905880474,78,29.8942,32.5452,2.651
tiny,chip_145_156_merged.tif,0.4,1,1425934956,78,28.3641,32.2794,3.9153
tiny,chip_145_156_merged.tif,0.4,2,1045328325,78,28.7889,32.3693,3.5804
tiny,chip_145_156_merged.tif,0.4,3,565382807,78,31.1628,33.1202,1.9573
tiny,chip_145_156_merged.tif,0.4,4,184776176,78,32.5248,32.1925,-0.3323
tiny,chip_145_156_merged.tif,0.6,0,1162582267,117,28.2808,32.2475,3.9666
tiny,chip_145_156_merged.tif,0.6,1,682636749,117,28.2781,31.5521,3.274
tiny,chip_145_156_merged.tif,0.6,2,302030118,117,28.7046,32.5283,3.8237
tiny,chip_145_156_merged.tif,0.6,3,1969568248,117,28.7165,32.3714,3.6549
tiny,chip_145_156_merged.tif,0.6,4,1588961617,117,28.6866,32.2602,3.5736
tiny,chip_145_156_merged.tif,0.8,0,679990071,156,29.6701,30.541,0.8709
tiny,chip_145_156_merged.tif,0.8,1,200044553,156,29.3433,30.2344,0.8911
tiny,chip_145_156_merged.tif,0.8,2,1966921570,156,29.061,30.4396,1.3786
tiny,chip_145_156_merged.tif,0.8,3,1486976052,156,28.8364,30.6287,1.7923
tiny,chip_145_156_merged.tif,0.8,4,1106369421,156,30.2157,30.5365,0.3209
tiny,chip_145_372_merged.tif,0.2,0,1724341470,39,36.1993,36.5253,0.3259
tiny,chip_145_372_merged.tif,0.2,1,1343734839,39,35.2374,36.797,1.5596
tiny,chip_145_372_merged.tif,0.2,2,963128208,39,34.5903,35.8551,1.2648
tiny,chip_145_372_merged.tif,0.2,3,483182690,39,35.8031,36.3562,0.5531
tiny,chip_145_372_merged.tif,0.2,4,102576059,39,34.9967,35.7687,0.772
tiny,chip_145_372_merged.tif,0.4,0,1563726137,78,34.9,35.4417,0.5417
tiny,chip_145_372_merged.tif,0.4,1,1183119506,78,34.1899,35.6421,1.4521
tiny,chip_145_372_merged.tif,0.4,2,703173988,78,34.4428,36.0399,1.5971
tiny,chip_145_372_merged.tif,0.4,3,322567357,78,33.9319,35.6178,1.6859
tiny,chip_145_372_merged.tif,0.4,4,2089444374,78,34.3552,36.1368,1.7815
tiny,chip_145_372_merged.tif,0.6,0,820427930,117,34.4736,35.2413,0.7678
tiny,chip_145_372_merged.tif,0.6,1,439821299,117,34.4579,35.5113,1.0534
tiny,chip_145_372_merged.tif,0.6,2,2107359429,117,34.4014,35.647,1.2455
tiny,chip_145_372_merged.tif,0.6,3,1726752798,117,34.1673,35.6183,1.451
tiny,chip_145_372_merged.tif,0.6,4,1346146167,117,34.11,35.4276,1.3176
tiny,chip_145_372_merged.tif,0.8,0,337835734,156,34.0015,34.6646,0.6631
tiny,chip_145_372_merged.tif,0.8,1,2104712751,156,34.4189,34.901,0.4822
tiny,chip_145_372_merged.tif,0.8,2,1724106120,156,34.4067,35.0713,0.6646
tiny,chip_145_372_merged.tif,0.8,3,1244160602,156,34.0087,34.6589,0.6502
tiny,chip_145_372_merged.tif,0.8,4,863553971,156,33.9561,34.8646,0.9085
tiny,chip_145_469_merged.tif,0.2,0,437024186,39,36.2377,35.319,-0.9186
tiny,chip_145_469_merged.tif,0.2,1,56417555,39,34.0985,35.0121,0.9136
tiny,chip_145_469_merged.tif,0.2,2,1723955685,39,33.4751,35.4536,1.9785
tiny,chip_145_469_merged.tif,0.2,3,1343349054,39,33.9144,35.0351,1.1207
tiny,chip_145_469_merged.tif,0.2,4,863403536,39,34.4679,35.1134,0.6455
tiny,chip_145_469_merged.tif,0.4,0,276408853,78,34.3113,35.1253,0.814
tiny,chip_145_469_merged.tif,0.4,1,1943946983,78,33.9747,35.4654,1.4906
tiny,chip_145_469_merged.tif,0.4,2,1563340352,78,34.8337,35.2509,0.4172
tiny,chip_145_469_merged.tif,0.4,3,1182733721,78,34.3449,35.212,0.8671
tiny,chip_145_469_merged.tif,0.4,4,702788203,78,34.4587,34.5202,0.0615
tiny,chip_145_469_merged.tif,0.6,0,1680594294,117,33.5324,34.557,1.0246
tiny,chip_145_469_merged.tif,0.6,1,1299987663,117,34.6352,34.8388,0.2037
tiny,chip_145_469_merged.tif,0.6,2,820042145,117,34.1309,35.2356,1.1047
tiny,chip_145_469_merged.tif,0.6,3,439435514,117,34.6051,35.1391,0.534
tiny,chip_145_469_merged.tif,0.6,4,2106973644,117,34.6757,34.9446,0.2689
tiny,chip_145_469_merged.tif,0.8,0,1198002098,156,34.3915,34.6694,0.2779
tiny,chip_145_469_merged.tif,0.8,1,817395467,156,34.3896,34.3477,-0.0419
tiny,chip_145_469_merged.tif,0.8,2,337449949,156,33.2774,34.1758,0.8984
tiny,chip_145_469_merged.tif,0.8,3,2104326966,156,33.2736,33.8671,0.5935
tiny,chip_145_469_merged.tif,0.8,4,1624381448,156,33.3048,34.2307,0.9259
tiny,chip_146_340_merged.tif,0.2,0,1531531807,39,35.311,35.7875,0.4764
tiny,chip_146_340_merged.tif,0.2,1,1150925176,39,34.3217,36.0819,1.7603
tiny,chip_146_340_merged.tif,0.2,2,670979658,39,34.1818,37.2327,3.0509
tiny,chip_146_340_merged.tif,0.2,3,290373027,39,35.2321,36.8264,1.5942
tiny,chip_146_340_merged.tif,0.2,4,2057250044,39,34.1967,35.4228,1.2261
tiny,chip_146_340_merged.tif,0.4,0,1370916474,78,33.3075,35.5962,2.2887
tiny,chip_146_340_merged.tif,0.4,1,990309843,78,33.0445,35.4763,2.4318
tiny,chip_146_340_merged.tif,0.4,2,510364325,78,32.9762,35.3741,2.3979
tiny,chip_146_340_merged.tif,0.4,3,129757694,78,33.3093,35.671,2.3617
tiny,chip_146_340_merged.tif,0.4,4,1797295824,78,33.3114,36.1025,2.7912
tiny,chip_146_340_merged.tif,0.6,0,627618267,117,32.2036,34.449,2.2453
tiny,chip_146_340_merged.tif,0.6,1,247011636,117,32.0715,34.8738,2.8023
tiny,chip_146_340_merged.tif,0.6,2,1914549766,117,32.4984,35.1243,2.6259
tiny,chip_146_340_merged.tif,0.6,3,1533943135,117,32.1073,35.2167,3.1094
tiny,chip_146_340_merged.tif,0.6,4,1053997617,117,32.5961,35.7499,3.1538
tiny,chip_146_340_merged.tif,0.8,0,145026071,156,32.4956,34.3651,1.8694
tiny,chip_146_340_merged.tif,0.8,1,1911903088,156,32.5137,33.7234,1.2097
tiny,chip_146_340_merged.tif,0.8,2,1431957570,156,32.0889,33.3137,1.2248
tiny,chip_146_340_merged.tif,0.8,3,1051350939,156,32.5033,33.2362,0.7329
tiny,chip_146_340_merged.tif,0.8,4,670744308,156,32.3823,33.2496,0.8672
tiny,chip_146_489_merged.tif,0.2,0,199762974,39,32.4108,33.4851,1.0743
tiny,chip_146_489_merged.tif,0.2,1,1867301104,39,31.6223,33.2644,1.6421
tiny,chip_146_489_merged.tif,0.2,2,1486694473,39,32.2649,33.2299,0.965
tiny,chip_146_489_merged.tif,0.2,3,1106087842,39,31.4385,33.1745,1.7361
tiny,chip_146_489_merged.tif,0.2,4,626142324,39,32.0679,34.355,2.2871
tiny,chip_146_489_merged.tif,0.4,0,39147641,78,31.471,33.2529,1.782
tiny,chip_146_489_merged.tif,0.4,1,1706685771,78,31.4738,32.4018,0.928
tiny,chip_146_489_merged.tif,0.4,2,1326079140,78,31.5867,33.4195,1.8328
tiny,chip_146_489_merged.tif,0.4,3,846133622,78,31.421,33.3151,1.8941
tiny,chip_146_489_merged.tif,0.4,4,465526991,78,31.0476,32.8148,1.7672
tiny,chip_146_489_merged.tif,0.6,0,1443333082,117,31.324,32.5124,1.1885
tiny,chip_146_489_merged.tif,0.6,1,963387564,117,31.1303,32.9036,1.7733
tiny,chip_146_489_merged.tif,0.6,2,582780933,117,31.31,32.571,1.2611
tiny,chip_146_489_merged.tif,0.6,3,102835415,117,30.9725,32.7961,1.8236
tiny,chip_146_489_merged.tif,0.6,4,1869712432,117,31.0872,32.7318,1.6446
tiny,chip_146_489_merged.tif,0.8,0,960740886,156,31.0198,32.2483,1.2285
tiny,chip_146_489_merged.tif,0.8,1,480795368,156,31.0483,31.2551,0.2068
tiny,chip_146_489_merged.tif,0.8,2,100188737,156,31.0065,31.6874,0.6809
tiny,chip_146_489_merged.tif,0.8,3,1767726867,156,31.0155,31.8684,0.8529
tiny,chip_146_489_merged.tif,0.8,4,1387120236,156,31.0178,31.4717,0.454
tiny,chip_146_494_merged.tif,0.2,0,947572085,39,31.2409,33.6641,2.4232
tiny,chip_146_494_merged.tif,0.2,1,566965454,39,30.5645,34.3574,3.7929
tiny,chip_146_494_merged.tif,0.2,2,87019936,39,32.5849,33.9689,1.384
tiny,chip_146_494_merged.tif,0.2,3,1853896953,39,32.3854,34.3797,1.9943
tiny,chip_146_494_merged.tif,0.2,4,1373951435,39,31.7355,34.3654,2.6298
tiny,chip_146_494_merged.tif,0.4,0,786956752,78,31.4178,33.7704,2.3526
tiny,chip_146_494_merged.tif,0.4,1,307011234,78,32.4221,33.7819,1.3599
tiny,chip_146_494_merged.tif,0.4,2,2073888251,78,31.4537,33.074,1.6203
tiny,chip_146_494_merged.tif,0.4,3,1593942733,78,30.7783,34.0097,3.2315
tiny,chip_146_494_merged.tif,0.4,4,1213336102,78,30.6598,34.1553,3.4955
tiny,chip_146_494_merged.tif,0.6,0,43658545,117,31.3042,32.2393,0.9351
tiny,chip_146_494_merged.tif,0.6,1,1711196675,117,31.3311,32.4896,1.1585
tiny,chip_146_494_merged.tif,0.6,2,1330590044,117,31.756,32.2924,0.5363
tiny,chip_146_494_merged.tif,0.6,3,850644526,117,31.2688,32.8223,1.5535
tiny,chip_146_494_merged.tif,0.6,4,470037895,117,31.7539,32.2826,0.5287
tiny,chip_146_494_merged.tif,0.8,0,1708549997,156,30.882,32.0914,1.2094
tiny,chip_146_494_merged.tif,0.8,1,1327943366,156,31.0371,32.6808,1.6437
tiny,chip_146_494_merged.tif,0.8,2,847997848,156,31.3568,32.4254,1.0686
tiny,chip_146_494_merged.tif,0.8,3,467391217,156,31.3359,32.463,1.1271
tiny,chip_146_494_merged.tif,0.8,4,2134929347,156,31.3619,32.1067,0.7448
tiny,chip_146_495_merged.tif,0.2,0,1700097207,39,31.5501,33.7667,2.2166
tiny,chip_146_495_merged.tif,0.2,1,1319490576,39,32.2323,33.7958,1.5635
tiny,chip_146_495_merged.tif,0.2,2,938883945,39,32.2323,33.7864,1.5541
tiny,chip_146_495_merged.tif,0.2,3,458938427,39,31.5525,33.5286,1.9761
tiny,chip_146_495_merged.tif,0.2,4,78331796,39,32.4383,34.8313,2.393
tiny,chip_146_495_merged.tif,0.4,0,734161024,78,31.7876,33.3282,1.5406
tiny,chip_146_495_merged.tif,0.4,1,254215506,78,31.1475,32.857,1.7095
tiny,chip_146_495_merged.tif,0.4,2,2021092523,78,31.7103,33.2916,1.5812
tiny,chip_146_495_merged.tif,0.4,3,1640485892,78,32.4841,33.5674,1.0833
tiny,chip_146_495_merged.tif,0.4,4,1160540374,78,31.4842,33.0725,1.5883
tiny,chip_146_495_merged.tif,0.6,0,796183667,117,31.332,32.4779,1.1459
tiny,chip_146_495_merged.tif,0.6,1,415577036,117,31.4513,33.1422,1.6909
tiny,chip_146_495_merged.tif,0.6,2,2083115166,117,30.7761,32.4282,1.6521
tiny,chip_146_495_merged.tif,0.6,3,1702508535,117,31.5912,33.0393,1.4481
tiny,chip_146_495_merged.tif,0.6,4,1222563017,117,31.6732,32.8148,1.1417
tiny,chip_146_495_merged.tif,0.8,0,313591471,156,30.9391,31.8386,0.8995
tiny,chip_146_495_merged.tif,0.8,1,2080468488,156,31.1533,32.0316,0.8783
tiny,chip_146_495_merged.tif,0.8,2,1600522970,156,30.7842,31.4538,0.6696
tiny,chip_146_495_merged.tif,0.8,3,1219916339,156,30.9182,32.2699,1.3517
tiny,chip_146_495_merged.tif,0.8,4,839309708,156,30.9192,31.4531,0.5339
tiny,chip_147_393_merged.tif,0.2,0,1762810977,39,37.359,37.9641,0.6051
tiny,chip_147_393_merged.tif,0.2,1,1382204346,39,37.4894,37.6355,0.1461
tiny,chip_147_393_merged.tif,0.2,2,902258828,39,36.1208,37.8639,1.7431
tiny,chip_147_393_merged.tif,0.2,3,521652197,39,37.9063,37.5376,-0.3687
tiny,chip_147_393_merged.tif,0.2,4,141045566,39,35.4225,37.3682,1.9457
tiny,chip_147_393_merged.tif,0.4,0,1602195644,78,34.8212,37.361,2.5398
tiny,chip_147_393_merged.tif,0.4,1,1221589013,78,35.634,37.2052,1.5712
tiny,chip_147_393_merged.tif,0.4,2,741643495,78,36.6867,36.8341,0.1474
tiny,chip_147_393_merged.tif,0.4,3,361036864,78,36.325,36.9105,0.5855
tiny,chip_147_393_merged.tif,0.4,4,2028574994,78,34.7889,37.6606,2.8717
tiny,chip_147_393_merged.tif,0.6,0,858897437,117,35.44,36.9631,1.5231
tiny,chip_147_393_merged.tif,0.6,1,478290806,117,34.5788,36.2979,1.7191
tiny,chip_147_393_merged.tif,0.6,2,2145828936,117,35.2745,36.8757,1.6012
tiny,chip_147_393_merged.tif,0.6,3,1765222305,117,35.8503,36.8398,0.9895
tiny,chip_147_393_merged.tif,0.6,4,1285276787,117,35.3666,36.7503,1.3837
tiny,chip_147_393_merged.tif,0.8,0,376305241,156,35.3956,35.76,0.3644
tiny,chip_147_393_merged.tif,0.8,1,2143182258,156,34.5413,36.1003,1.559
tiny,chip_147_393_merged.tif,0.8,2,1663236740,156,35.0305,36.356,1.3255
tiny,chip_147_393_merged.tif,0.8,3,1282630109,156,35.4357,36.5494,1.1137
tiny,chip_147_393_merged.tif,0.8,4,902023478,156,35.1358,35.9758,0.84
tiny,chip_147_440_merged.tif,0.2,0,910863131,39,31.0815,32.8686,1.7871
tiny,chip_147_440_merged.tif,0.2,1,530256500,39,32.1318,34.3516,2.2198
tiny,chip_147_440_merged.tif,0.2,2,50310982,39,31.6287,34.494,2.8653
tiny,chip_147_440_merged.tif,0.2,3,1817187999,39,31.8533,34.0245,2.1712
tiny,chip_147_440_merged.tif,0.2,4,1337242481,39,31.587,32.6593,1.0723
tiny,chip_147_440_merged.tif,0.4,0,750247798,78,31.8597,32.7967,0.9369
tiny,chip_147_440_merged.tif,0.4,1,270302280,78,31.708,32.652,0.944
tiny,chip_147_440_merged.tif,0.4,2,2037179297,78,31.9912,33.6139,1.6226
tiny,chip_147_440_merged.tif,0.4,3,1557233779,78,32.3131,33.399,1.0859
tiny,chip_147_440_merged.tif,0.4,4,1176627148,78,31.9874,32.8773,0.8899
tiny,chip_147_440_merged.tif,0.6,0,6949591,117,30.9857,32.1792,1.1936
tiny,chip_147_440_merged.tif,0.6,1,1674487721,117,31.75,32.7643,1.0144
tiny,chip_147_440_merged.tif,0.6,2,1293881090,117,31.19,32.6434,1.4534
tiny,chip_147_440_merged.tif,0.6,3,813935572,117,31.7582,32.8886,1.1304
tiny,chip_147_440_merged.tif,0.6,4,433328941,117,31.9649,32.6966,0.7317
tiny,chip_147_440_merged.tif,0.8,0,1671841043,156,31.9105,32.1912,0.2807
tiny,chip_147_440_merged.tif,0.8,1,1291234412,156,31.9034,32.0989,0.1955
tiny,chip_147_440_merged.tif,0.8,2,811288894,156,31.2222,32.1703,0.9481
tiny,chip_147_440_merged.tif,0.8,3,430682263,156,31.889,32.0338,0.1449
tiny,chip_147_440_merged.tif,0.8,4,2098220393,156,32.0135,32.2447,0.2312
tiny,chip_147_479_merged.tif,0.2,0,299748279,39,31.6894,34.2682,2.5788
tiny,chip_147_479_merged.tif,0.2,1,1967286409,39,33.3393,33.6688,0.3295
tiny,chip_147_479_merged.tif,0.2,2,1586679778,39,31.8773,34.5601,2.6828
tiny,chip_147_479_merged.tif,0.2,3,1106734260,39,31.5158,34.0333,2.5174
tiny,chip_147_479_merged.tif,0.2,4,726127629,39,29.5725,34.2337,4.6613
tiny,chip_147_479_merged.tif,0.4,0,39794059,78,30.4073,33.173,2.7656
tiny,chip_147_479_merged.tif,0.4,1,1806671076,78,30.2698,33.5447,3.2749
tiny,chip_147_479_merged.tif,0.4,2,1326725558,78,31.4452,32.6187,1.1735
tiny,chip_147_479_merged.tif,0.4,3,946118927,78,30.8472,33.5413,2.694
tiny,chip_147_479_merged.tif,0.4,4,565512296,78,31.4499,33.9315,2.4817
tiny,chip_147_479_merged.tif,0.6,0,1443979500,117,30.5426,31.8337,1.2911
tiny,chip_147_479_merged.tif,0.6,1,1063372869,117,30.8993,32.3544,1.4551
tiny,chip_147_479_merged.tif,0.6,2,583427351,117,30.5802,32.1636,1.5834
tiny,chip_147_479_merged.tif,0.6,3,202820720,117,30.817,31.9138,1.0968
tiny,chip_147_479_merged.tif,0.6,4,1969697737,117,30.1055,33.2359,3.1304
tiny,chip_147_479_merged.tif,0.8,0,1060726191,156,29.7945,32.3497,2.5552
tiny,chip_147_479_merged.tif,0.8,1,580780673,156,30.1913,31.6354,1.4441
tiny,chip_147_479_merged.tif,0.8,2,200174042,156,30.3633,32.265,1.9017
tiny,chip_147_479_merged.tif,0.8,3,1867712172,156,30.3488,31.5236,1.1747
tiny,chip_147_479_merged.tif,0.8,4,1487105541,156,30.3531,31.3984,1.0452
tiny,chip_147_486_merged.tif,0.2,0,1766238322,39,30.3204,34.0597,3.7393
tiny,chip_147_486_merged.tif,0.2,1,1385631691,39,32.5239,34.3199,1.796
tiny,chip_147_486_merged.tif,0.2,2,1005025060,39,32.5239,33.9734,1.4495
tiny,chip_147_486_merged.tif,0.2,3,525079542,39,32.1778,34.3336,2.1558
tiny,chip_147_486_merged.tif,0.2,4,144472911,39,33.2568,34.1374,0.8806
tiny,chip_147_486_merged.tif,0.4,0,1605622989,78,31.243,33.2483,2.0052
tiny,chip_147_486_merged.tif,0.4,1,1225016358,78,31.9445,33.5126,1.5682
tiny,chip_147_486_merged.tif,0.4,2,745070840,78,32.1547,33.5409,1.3862
tiny,chip_147_486_merged.tif,0.4,3,364464209,78,30.7317,32.6824,1.9507
tiny,chip_147_486_merged.tif,0.4,4,2032002339,78,31.7738,32.6128,0.8389
tiny,chip_147_486_merged.tif,0.6,0,862324782,117,30.4571,33.2097,2.7526
tiny,chip_147_486_merged.tif,0.6,1,481718151,117,31.4722,31.9036,0.4313
tiny,chip_147_486_merged.tif,0.6,2,1772633,117,30.5684,32.8904,2.3221
tiny,chip_147_486_merged.tif,0.6,3,1768649650,117,30.5848,32.4603,1.8755
tiny,chip_147_486_merged.tif,0.6,4,1388043019,117,30.4683,32.669,2.2006
tiny,chip_147_486_merged.tif,0.8,0,379732586,156,30.6367,32.3348,1.6981
tiny,chip_147_486_merged.tif,0.8,1,2146609603,156,31.2485,32.239,0.9906
tiny,chip_147_486_merged.tif,0.8,2,1766002972,156,30.6144,32.0387,1.4244
tiny,chip_147_486_merged.tif,0.8,3,1286057454,156,30.7168,31.8045,1.0877
tiny,chip_147_486_merged.tif,0.8,4,905450823,156,30.74,31.8579,1.1179
tiny,chip_147_489_merged.tif,0.2,0,1774346984,39,33.228,33.9789,0.7508
tiny,chip_147_489_merged.tif,0.2,1,1393740353,39,31.8264,33.2868,1.4604
tiny,chip_147_489_merged.tif,0.2,2,913794835,39,32.9305,33.4795,0.549
tiny,chip_147_489_merged.tif,0.2,3,533188204,39,31.7078,33.7606,2.0528
tiny,chip_147_489_merged.tif,0.2,4,53242686,39,31.5035,33.4228,1.9193
tiny,chip_147_489_merged.tif,0.4,0,1613731651,78,31.1261,32.4324,1.3063
tiny,chip_147_489_merged.tif,0.4,1,1133786133,78,32.6932,32.6085,-0.0847
tiny,chip_147_489_merged.tif,0.4,2,753179502,78,30.9343,32.9249,1.9906
tiny,chip_147_489_merged.tif,0.4,3,372572871,78,32.2639,33.1287,0.8649
tiny,chip_147_489_merged.tif,0.4,4,2040111001,78,31.794,33.201,1.4069
tiny,chip_147_489_merged.tif,0.6,0,870433444,117,31.7103,32.8157,1.1054
tiny,chip_147_489_merged.tif,0.6,1,390487926,117,30.913,32.2931,1.3801
tiny,chip_147_489_merged.tif,0.6,2,9881295,117,31.5532,32.5148,0.9616
tiny,chip_147_489_merged.tif,0.6,3,1776758312,117,31.8229,32.3824,0.5596
tiny,chip_147_489_merged.tif,0.6,4,1296812794,117,31.3753,32.9636,1.5882
tiny,chip_147_489_merged.tif,0.8,0,387841248,156,31.1297,31.7276,0.5978
tiny,chip_147_489_merged.tif,0.8,1,7234617,156,31.3376,31.6668,0.3291
tiny,chip_147_489_merged.tif,0.8,2,1674772747,156,30.8462,31.8109,0.9648
tiny,chip_147_489_merged.tif,0.8,3,1294166116,156,31.3757,31.8135,0.4378
tiny,chip_147_489_merged.tif,0.8,4,814220598,156,31.2002,32.0046,0.8043
tiny,chip_148_413_merged.tif,0.2,0,993369569,39,33.5158,34.5712,1.0554
tiny,chip_148_413_merged.tif,0.2,1,612762938,39,33.3494,34.7827,1.4333
tiny,chip_148_413_merged.tif,0.2,2,132817420,39,34.2191,35.7357,1.5166
tiny,chip_148_413_merged.tif,0.2,3,1899694437,39,29.5991,35.0366,5.4374
tiny,chip_148_413_merged.tif,0.2,4,1419748919,39,34.2182,35.2948,1.0766
tiny,chip_148_413_merged.tif,0.4,0,832754236,78,33.2773,34.2068,0.9295
tiny,chip_148_413_merged.tif,0.4,1,352808718,78,33.4028,33.8288,0.426
tiny,chip_148_413_merged.tif,0.4,2,2119685735,78,31.2143,34.3094,3.0951
tiny,chip_148_413_merged.tif,0.4,3,1639740217,78,33.6634,33.8096,0.1462
tiny,chip_148_413_merged.tif,0.4,4,1259133586,78,33.2873,34.4039,1.1166
tiny,chip_148_413_merged.tif,0.6,0,89456029,117,32.9254,34.2649,1.3395
tiny,chip_148_413_merged.tif,0.6,1,1756994159,117,33.3937,34.1587,0.765
tiny,chip_148_413_merged.tif,0.6,2,1376387528,117,31.2331,34.403,3.1699
tiny,chip_148_413_merged.tif,0.6,3,896442010,117,31.765,33.647,1.882
tiny,chip_148_413_merged.tif,0.6,4,515835379,117,31.7308,33.8984,2.1676
tiny,chip_148_413_merged.tif,0.8,0,1754347481,156,32.8714,33.5153,0.6439
tiny,chip_148_413_merged.tif,0.8,1,1274401963,156,31.6308,33.4636,1.8328
tiny,chip_148_413_merged.tif,0.8,2,893795332,156,33.059,33.3425,0.2835
tiny,chip_148_413_merged.tif,0.8,3,513188701,156,33.0564,33.3866,0.3302
tiny,chip_148_413_merged.tif,0.8,4,33243183,156,31.7631,33.8935,2.1303
tiny,chip_148_469_merged.tif,0.2,0,868421145,39,37.3458,35.011,-2.3349
tiny,chip_148_469_merged.tif,0.2,1,487814514,39,36.5937,34.9493,-1.6443
tiny,chip_148_469_merged.tif,0.2,2,107207883,39,34.5265,36.8452,2.3188
tiny,chip_148_469_merged.tif,0.2,3,1774746013,39,35.3702,34.3559,-1.0144
tiny,chip_148_469_merged.tif,0.2,4,1394139382,39,35.2596,35.8424,0.5828
tiny,chip_148_469_merged.tif,0.4,0,707805812,78,35.0706,35.0144,-0.0562
tiny,chip_148_469_merged.tif,0.4,1,327199181,78,35.3564,34.41,-0.9464
tiny,chip_148_469_merged.tif,0.4,2,1994737311,78,35.1382,35.1883,0.0501
tiny,chip_148_469_merged.tif,0.4,3,1614130680,78,35.9907,35.0672,-0.9235
tiny,chip_148_469_merged.tif,0.4,4,1134185162,78,33.8325,35.2362,1.4036
tiny,chip_148_469_merged.tif,0.6,0,2111991253,117,35.042,34.403,-0.639
tiny,chip_148_469_merged.tif,0.6,1,1731384622,117,34.785,34.626,-0.159
tiny,chip_148_469_merged.tif,0.6,2,1251439104,117,34.6515,34.7029,0.0514
tiny,chip_148_469_merged.tif,0.6,3,870832473,117,34.677,35.3509,0.6739
tiny,chip_148_469_merged.tif,0.6,4,490225842,117,35.2556,35.2908,0.0352
tiny,chip_148_469_merged.tif,0.8,0,1629399057,156,33.7267,34.8123,1.0856
tiny,chip_148_469_merged.tif,0.8,1,1248792426,156,34.3511,34.5504,0.1994
tiny,chip_148_469_merged.tif,0.8,2,868185795,156,33.7247,34.1513,0.4267
tiny,chip_148_469_merged.tif,0.8,3,388240277,156,34.3332,35.0834,0.7502
tiny,chip_148_469_merged.tif,0.8,4,7633646,156,34.3391,34.073,-0.2661
tiny,chip_148_478_merged.tif,0.2,0,1947341345,39,32.1616,33.7074,1.5458
tiny,chip_148_478_merged.tif,0.2,1,1566734714,39,32.8431,34.2102,1.3671
tiny,chip_148_478_merged.tif,0.2,2,1086789196,39,33.0183,34.8032,1.7849
tiny,chip_148_478_merged.tif,0.2,3,706182565,39,32.8445,34.7977,1.9532
tiny,chip_148_478_merged.tif,0.2,4,325575934,39,33.0892,34.4988,1.4096
tiny,chip_148_478_merged.tif,0.4,0,1786726012,78,33.1149,33.4555,0.3406
tiny,chip_148_478_merged.tif,0.4,1,1406119381,78,31.5939,33.3247,1.7308
tiny,chip_148_478_merged.tif,0.4,2,926173863,78,32.7064,33.9203,1.2139
tiny,chip_148_478_merged.tif,0.4,3,545567232,78,32.6146,33.2547,0.6402
tiny,chip_148_478_merged.tif,0.4,4,65621714,78,32.8087,33.6621,0.8534
tiny,chip_148_478_merged.tif,0.6,0,1043427805,117,32.459,33.9201,1.4611
tiny,chip_148_478_merged.tif,0.6,1,662821174,117,32.4923,33.9857,1.4933
tiny,chip_148_478_merged.tif,0.6,2,182875656,117,32.4579,33.9703,1.5124
tiny,chip_148_478_merged.tif,0.6,3,1949752673,117,32.6349,33.3867,0.7517
tiny,chip_148_478_merged.tif,0.6,4,1469807155,117,32.4469,33.1283,0.6814
tiny,chip_148_478_merged.tif,0.8,0,560835609,156,32.5792,32.5644,-0.0148
tiny,chip_148_478_merged.tif,0.8,1,180228978,156,32.3708,33.1085,0.7378
tiny,chip_148_478_merged.tif,0.8,2,1847767108,156,32.5808,32.6144,0.0336
tiny,chip_148_478_merged.tif,0.8,3,1467160477,156,32.344,32.5367,0.1927
tiny,chip_148_478_merged.tif,0.8,4,1086553846,156,32.0727,32.9245,0.8518
tiny,chip_148_483_merged.tif,0.2,0,1380883847,39,31.8499,31.7998,-0.0501
tiny,chip_148_483_merged.tif,0.2,1,1000277216,39,30.1488,32.9974,2.8486
tiny,chip_148_483_merged.tif,0.2,2,520331698,39,30.3586,32.7136,2.355
tiny,chip_148_483_merged.tif,0.2,3,139725067,39,30.9383,31.7839,0.8456
tiny,chip_148_483_merged.tif,0.2,4,1906602084,39,30.3589,31.978,1.6191
tiny,chip_148_483_merged.tif,0.4,0,1220268514,78,30.3319,32.3204,1.9885
tiny,chip_148_483_merged.tif,0.4,1,839661883,78,31.1404,31.5258,0.3854
tiny,chip_148_483_merged.tif,0.4,2,359716365,78,30.3344,31.551,1.2166
tiny,chip_148_483_merged.tif,0.4,3,2126593382,78,30.8508,31.688,0.8372
tiny,chip_148_483_merged.tif,0.4,4,1646647864,78,30.333,32.5384,2.2054
tiny,chip_148_483_merged.tif,0.6,0,476970307,117,31.1376,31.9777,0.8401
tiny,chip_148_483_merged.tif,0.6,1,96363676,117,30.5656,31.3899,0.8242
tiny,chip_148_483_merged.tif,0.6,2,1763901806,117,30.751,31.7279,0.977
tiny,chip_148_483_merged.tif,0.6,3,1383295175,117,30.7742,31.3516,0.5773
tiny,chip_148_483_merged.tif,0.6,4,903349657,117,30.9278,31.2874,0.3596
tiny,chip_148_483_merged.tif,0.8,0,2141861759,156,30.4598,30.5988,0.1391
tiny,chip_148_483_merged.tif,0.8,1,1761255128,156,30.6937,30.7983,0.1046
tiny,chip_148_483_merged.tif,0.8,2,1281309610,156,30.6928,31.1879,0.4951
tiny,chip_148_483_merged.tif,0.8,3,900702979,156,30.2717,30.983,0.7113
tiny,chip_148_483_merged.tif,0.8,4,520096348,156,30.8201,30.9808,0.1608
tiny,chip_151_240_merged.tif,0.2,0,151054094,39,32.313,33.9301,1.617
tiny,chip_151_240_merged.tif,0.2,1,1818592224,39,30.3873,33.4214,3.0341
tiny,chip_151_240_merged.tif,0.2,2,1437985593,39,28.1126,34.6797,6.5672
tiny,chip_151_240_merged.tif,0.2,3,958040075,39,29.5883,34.5496,4.9614
tiny,chip_151_240_merged.tif,0.2,4,577433444,39,30.7619,34.6328,3.871
tiny,chip_151_240_merged.tif,0.4,0,2038583522,78,29.0059,33.8503,4.8443
tiny,chip_151_240_merged.tif,0.4,1,1657976891,78,29.2564,33.7744,4.518
tiny,chip_151_240_merged.tif,0.4,2,1277370260,78,30.495,32.7231,2.2281
tiny,chip_151_240_merged.tif,0.4,3,797424742,78,30.8618,34.1248,3.263
tiny,chip_151_240_merged.tif,0.4,4,416818111,78,30.3733,33.5501,3.1768
tiny,chip_151_240_merged.tif,0.6,0,1295285315,117,29.5289,32.0813,2.5525
tiny,chip_151_240_merged.tif,0.6,1,914678684,117,30.2637,33.1808,2.9171
tiny,chip_151_240_merged.tif,0.6,2,534072053,117,29.5118,32.707,3.1952
tiny,chip_151_240_merged.tif,0.6,3,54126535,117,28.4561,32.8678,4.4117
tiny,chip_151_240_merged.tif,0.6,4,1821003552,117,30.2753,32.1115,1.8362
tiny,chip_151_240_merged.tif,0.8,0,912032006,156,27.5502,31.4537,3.9035
tiny,chip_151_240_merged.tif,0.8,1,432086488,156,27.5072,30.3073,2.8
tiny,chip_151_240_merged.tif,0.8,2,51479857,156,28.523,31.6173,3.0943
tiny,chip_151_240_merged.tif,0.8,3,1719017987,156,28.4988,31.4437,2.9449
tiny,chip_151_240_merged.tif,0.8,4,1338411356,156,27.5443,30.2639,2.7196
tiny,chip_151_248_merged.tif,0.2,0,1582774311,39,33.5259,34.2674,0.7415
tiny,chip_151_248_merged.tif,0.2,1,1202167680,39,28.2523,34.6558,6.4035
tiny,chip_151_248_merged.tif,0.2,2,722222162,39,34.3149,31.8036,-2.5113
tiny,chip_151_248_merged.tif,0.2,3,341615531,39,29.1609,34.9277,5.7668
tiny,chip_151_248_merged.tif,0.2,4,2009153661,39,28.3928,33.0557,4.6629
tiny,chip_151_248_merged.tif,0.4,0,1422158978,78,30.1078,33.7335,3.6256
tiny,chip_151_248_merged.tif,0.4,1,942213460,78,31.0501,33.1501,2.1
tiny,chip_151_248_merged.tif,0.4,2,561606829,78,29.353,31.8116,2.4586
tiny,chip_151_248_merged.tif,0.4,3,181000198,78,28.816,32.5409,3.7249
tiny,chip_151_248_merged.tif,0.4,4,1848538328,78,28.5481,33.438,4.8899
tiny,chip_151_248_merged.tif,0.6,0,678860771,117,30.1065,31.0501,0.9435
tiny,chip_151_248_merged.tif,0.6,1,298254140,117,30.3966,31.8072,1.4106
tiny,chip_151_248_merged.tif,0.6,2,1965792270,117,29.7591,32.6385,2.8793
tiny,chip_151_248_merged.tif,0.6,3,1585185639,117,29.9837,30.6861,0.7024
tiny,chip_151_248_merged.tif,0.6,4,1105240121,117,30.0838,31.8625,1.7788
tiny,chip_151_248_merged.tif,0.8,0,196268575,156,29.7912,29.4244,-0.3668
tiny,chip_151_248_merged.tif,0.8,1,1963145592,156,28.4741,30.3189,1.8448
tiny,chip_151_248_merged.tif,0.8,2,1483200074,156,29.0164,30.6872,1.6707
tiny,chip_151_248_merged.tif,0.8,3,1102593443,156,28.9658,30.2857,1.3198
tiny,chip_151_248_merged.tif,0.8,4,622647925,156,29.7986,30.0609,0.2623
tiny,chip_151_418_merged.tif,0.2,0,939885381,39,32.6543,35.3704,2.7161
tiny,chip_151_418_merged.tif,0.2,1,559278750,39,33.0888,34.1939,1.1051
tiny,chip_151_418_merged.tif,0.2,2,79333232,39,34.0573,35.5299,1.4726
tiny,chip_151_418_merged.tif,0.2,3,1846210249,39,33.2959,34.4676,1.1717
tiny,chip_151_418_merged.tif,0.2,4,1366264731,39,33.465,34.6517,1.1867
tiny,chip_151_418_merged.tif,0.4,0,779270048,78,32.7391,34.7953,2.0563
tiny,chip_151_418_merged.tif,0.4,1,299324530,78,32.3002,34.7545,2.4543
tiny,chip_151_418_merged.tif,0.4,2,2066201547,78,32.5685,34.1797,1.6112
tiny,chip_151_418_merged.tif,0.4,3,1685594916,78,32.6336,34.1209,1.4873
tiny,chip_151_418_merged.tif,0.4,4,1205649398,78,32.7573,34.3252,1.568
tiny,chip_151_418_merged.tif,0.6,0,35971841,117,32.3842,33.8243,1.4401
tiny,chip_151_418_merged.tif,0.6,1,1703509971,117,32.4476,33.8734,1.4258
tiny,chip_151_418_merged.tif,0.6,2,1322903340,117,30.4347,33.5178,3.0831
tiny,chip_151_418_merged.tif,0.6,3,942296709,117,32.426,33.9066,1.4806
tiny,chip_151_418_merged.tif,0.6,4,462351191,117,32.4308,33.8193,1.3885
tiny,chip_151_418_merged.tif,0.8,0,1700863293,156,31.253,33.2071,1.9542
tiny,chip_151_418_merged.tif,0.8,1,1320256662,156,31.2529,32.7952,1.5423
tiny,chip_151_418_merged.tif,0.8,2,840311144,156,31.244,33.5971,2.3532
tiny,chip_151_418_merged.tif,0.8,3,459704513,156,30.7052,33.2116,2.5064
tiny,chip_151_418_merged.tif,0.8,4,2127242643,156,32.5588,33.4387,0.8799
tiny,chip_151_484_merged.tif,0.2,0,68412432,39,31.064,32.2033,1.1393
tiny,chip_151_484_merged.tif,0.2,1,1835289449,39,30.2462,31.9695,1.7233
tiny,chip_151_484_merged.tif,0.2,2,1355343931,39,31.2568,33.0986,1.8418
tiny,chip_151_484_merged.tif,0.2,3,974737300,39,30.669,32.3304,1.6614
tiny,chip_151_484_merged.tif,0.2,4,494791782,39,28.4589,32.2942,3.8353
tiny,chip_151_484_merged.tif,0.4,0,2055280747,78,29.1111,32.1737,3.0627
tiny,chip_151_484_merged.tif,0.4,1,1575335229,78,27.845,31.9544,4.1094
tiny,chip_151_484_merged.tif,0.4,2,1194728598,78,26.9498,31.6905,4.7406
tiny,chip_151_484_merged.tif,0.4,3,714783080,78,27.41,30.0887,2.6786
tiny,chip_151_484_merged.tif,0.4,4,334176449,78,29.1849,31.5296,2.3447
tiny,chip_151_484_merged.tif,0.6,0,1311982540,117,26.7828,29.2807,2.4979
tiny,chip_151_484_merged.tif,0.6,1,832037022,117,25.4368,30.654,5.2172
tiny,chip_151_484_merged.tif,0.6,2,451430391,117,26.7166,27.6295,0.9128
tiny,chip_151_484_merged.tif,0.6,3,2118968521,117,27.4061,31.394,3.9879
tiny,chip_151_484_merged.tif,0.6,4,1738361890,117,26.2282,31.1594,4.9312
tiny,chip_151_484_merged.tif,0.8,0,829390344,156,26.2996,30.0812,3.7816
tiny,chip_151_484_merged.tif,0.8,1,448783713,156,26.1868,27.5054,1.3186
tiny,chip_151_484_merged.tif,0.8,2,2116321843,156,25.9689,28.3341,2.3653
tiny,chip_151_484_merged.tif,0.8,3,1735715212,156,25.9656,30.7595,4.7939
tiny,chip_151_484_merged.tif,0.8,4,1255769694,156,25.9646,28.246,2.2814
tiny,chip_151_489_merged.tif,0.2,0,2111170159,39,32.228,33.7753,1.5474
tiny,chip_151_489_merged.tif,0.2,1,1631224641,39,32.8999,34.1938,1.2938
tiny,chip_151_489_merged.tif,0.2,2,1250618010,39,33.1784,34.1528,0.9744
tiny,chip_151_489_merged.tif,0.2,3,870011379,39,34.2677,34.1194,-0.1484
tiny,chip_151_489_merged.tif,0.2,4,390065861,39,33.2144,33.8976,0.6833
tiny,chip_151_489_merged.tif,0.4,0,1950554826,78,33.4335,34.0064,0.573
tiny,chip_151_489_merged.tif,0.4,1,1470609308,78,33.4325,33.7902,0.3577
tiny,chip_151_489_merged.tif,0.4,2,1090002677,78,32.9902,34.3314,1.3412
tiny,chip_151_489_merged.tif,0.4,3,610057159,78,33.1179,33.5456,0.4277
tiny,chip_151_489_merged.tif,0.4,4,229450528,78,31.4476,33.6571,2.2095
tiny,chip_151_489_merged.tif,0.6,0,1207256619,117,32.8758,33.0668,0.1911
tiny,chip_151_489_merged.tif,0.6,1,727311101,117,32.5112,33.2762,0.7649
tiny,chip_151_489_merged.tif,0.6,2,346704470,117,32.9841,33.2855,0.3014
tiny,chip_151_489_merged.tif,0.6,3,2014242600,117,32.8125,33.3906,0.5781
tiny,chip_151_489_merged.tif,0.6,4,1633635969,117,32.4992,33.5939,1.0947
tiny,chip_151_489_merged.tif,0.8,0,724664423,156,32.5437,32.9015,0.3578
tiny,chip_151_489_merged.tif,0.8,1,244718905,156,32.525,33.1733,0.6483
tiny,chip_151_489_merged.tif,0.8,2,2011595922,156,32.3352,32.568,0.2328
tiny,chip_151_489_merged.tif,0.8,3,1630989291,156,32.5156,32.7752,0.2596
tiny,chip_151_489_merged.tif,0.8,4,1151043773,156,32.513,32.989,0.476
tiny,chip_151_501_merged.tif,0.2,0,1295229284,39,32.0383,32.721,0.6827
tiny,chip_151_501_merged.tif,0.2,1,815283766,39,32.0384,32.1468,0.1084
tiny,chip_151_501_merged.tif,0.2,2,434677135,39,31.694,32.7832,1.0893
tiny,chip_151_501_merged.tif,0.2,3,54070504,39,31.5459,32.5971,1.0512
tiny,chip_151_501_merged.tif,0.2,4,1721608634,39,31.0601,32.785,1.7249
tiny,chip_151_501_merged.tif,0.4,0,1134613951,78,30.7623,32.2788,1.5166
tiny,chip_151_501_merged.tif,0.4,1,654668433,78,30.256,32.5055,2.2495
tiny,chip_151_501_merged.tif,0.4,2,274061802,78,30.3338,32.4184,2.0846
tiny,chip_151_501_merged.tif,0.4,3,1941599932,78,30.7621,31.5889,0.8268
tiny,chip_151_501_merged.tif,0.4,4,1560993301,78,31.0128,32.5043,1.4915
tiny,chip_151_501_merged.tif,0.6,0,391315744,117,30.4809,32.0918,1.6109
tiny,chip_151_501_merged.tif,0.6,1,2058853874,117,30.0839,32.0802,1.9963
tiny,chip_151_501_merged.tif,0.6,2,1678247243,117,30.7826,32.0541,1.2715
tiny,chip_151_501_merged.tif,0.6,3,1198301725,117,31.3241,31.5836,0.2595
tiny,chip_151_501_merged.tif,0.6,4,817695094,117,30.7429,32.0477,1.3049
tiny,chip_151_501_merged.tif,0.8,0,2056207196,156,30.9569,31.4729,0.5161
tiny,chip_151_501_merged.tif,0.8,1,1576261678,156,30.0298,31.3513,1.3215
tiny,chip_151_501_merged.tif,0.8,2,1195655047,156,30.0266,31.0214,0.9948
tiny,chip_151_501_merged.tif,0.8,3,815048416,156,30.4218,31.0578,0.636
tiny,chip_151_501_merged.tif,0.8,4,335102898,156,30.027,31.1164,1.0894
tiny,chip_151_592_merged.tif,0.2,0,1612425901,39,33.275,34.6146,1.3396
tiny,chip_151_592_merged.tif,0.2,1,1132480383,39,32.6015,33.9511,1.3497
tiny,chip_151_592_merged.tif,0.2,2,751873752,39,33.0136,35.0526,2.039
tiny,chip_151_592_merged.tif,0.2,3,271928234,39,32.7512,33.9687,1.2174
tiny,chip_151_592_merged.tif,0.2,4,2038805251,39,32.2724,34.3575,2.0851
tiny,chip_151_592_merged.tif,0.4,0,1352471681,78,32.747,33.932,1.185
tiny,chip_151_592_merged.tif,0.4,1,971865050,78,32.5686,33.9985,1.4299
tiny,chip_151_592_merged.tif,0.4,2,591258419,78,32.7474,34.1914,1.444
tiny,chip_151_592_merged.tif,0.4,3,111312901,78,32.7476,34.4499,1.7023
tiny,chip_151_592_merged.tif,0.4,4,1878189918,78,32.7056,34.2162,1.5106
tiny,chip_151_592_merged.tif,0.6,0,609173474,117,32.4746,33.6458,1.1712
tiny,chip_151_592_merged.tif,0.6,1,228566843,117,32.6133,33.9077,1.2944
tiny,chip_151_592_merged.tif,0.6,2,1995443860,117,31.8677,33.5541,1.6864
tiny,chip_151_592_merged.tif,0.6,3,1515498342,117,32.6092,33.491,0.8818
tiny,chip_151_592_merged.tif,0.6,4,1134891711,117,32.3834,33.8442,1.4609
tiny,chip_151_592_merged.tif,0.8,0,1520464950,156,32.4121,33.0914,0.6793
tiny,chip_151_592_merged.tif,0.8,1,1040519432,156,32.475,32.9733,0.4983
tiny,chip_151_592_merged.tif,0.8,2,659912801,156,32.4525,32.6852,0.2326
tiny,chip_151_592_merged.tif,0.8,3,279306170,156,32.4601,32.7792,0.3191
tiny,chip_151_592_merged.tif,0.8,4,1946844300,156,32.4743,32.7942,0.3198
tiny,chip_151_604_merged.tif,0.2,0,1526948105,39,33.387,34.5478,1.1608
tiny,chip_151_604_merged.tif,0.2,1,1146341474,39,33.05,34.0437,0.9937
tiny,chip_151_604_merged.tif,0.2,2,666395956,39,33.5245,34.4646,0.9402
tiny,chip_151_604_merged.tif,0.2,3,285789325,39,32.4244,34.4532,2.0288
tiny,chip_151_604_merged.tif,0.2,4,2052666342,39,32.9885,35.0191,2.0306
tiny,chip_151_604_merged.tif,0.4,0,1366332772,78,32.496,33.7959,1.3
tiny,chip_151_604_merged.tif,0.4,1,985726141,78,33.162,33.9568,0.7948
tiny,chip_151_604_merged.tif,0.4,2,505780623,78,33.1622,33.7881,0.6259
tiny,chip_151_604_merged.tif,0.4,3,125173992,78,32.7951,34.1292,1.3341
tiny,chip_151_604_merged.tif,0.4,4,1792712122,78,32.6511,34.1689,1.5178
tiny,chip_151_604_merged.tif,0.6,0,623034565,117,31.8734,33.5981,1.7247
tiny,chip_151_604_merged.tif,0.6,1,242427934,117,32.7516,33.797,1.0454
tiny,chip_151_604_merged.tif,0.6,2,1909966064,117,31.2564,33.4869,2.2305
tiny,chip_151_604_merged.tif,0.6,3,1529359433,117,31.2867,33.5015,2.2148
tiny,chip_151_604_merged.tif,0.6,4,1049413915,117,31.5317,33.6401,2.1084
tiny,chip_151_604_merged.tif,0.8,0,140442369,156,32.646,32.846,0.1999
tiny,chip_151_604_merged.tif,0.8,1,1907319386,156,32.4373,32.9689,0.5317
tiny,chip_151_604_merged.tif,0.8,2,1427373868,156,32.2724,32.9647,0.6923
tiny,chip_151_604_merged.tif,0.8,3,1046767237,156,32.2778,33.0382,0.7605
tiny,chip_151_604_merged.tif,0.8,4,666160606,156,31.895,33.0028,1.1078
tiny,chip_152_240_merged.tif,0.2,0,1690725444,39,30.2525,34.9464,4.6939
tiny,chip_152_240_merged.tif,0.2,1,1310118813,39,30.3046,34.3201,4.0155
tiny,chip_152_240_merged.tif,0.2,2,830173295,39,27.1905,34.8629,7.6725
tiny,chip_152_240_merged.tif,0.2,3,449566664,39,27.8919,33.6113,5.7194
tiny,chip_152_240_merged.tif,0.2,4,68960033,39,27.7061,34.8407,7.1346
tiny,chip_152_240_merged.tif,0.4,0,724789261,78,29.3505,33.4054,4.0549
tiny,chip_152_240_merged.tif,0.4,1,244843743,78,27.7322,30.8133,3.0811
tiny,chip_152_240_merged.tif,0.4,2,2011720760,78,29.3653,32.7811,3.4158
tiny,chip_152_240_merged.tif,0.4,3,1631114129,78,28.705,33.5198,4.8148
tiny,chip_152_240_merged.tif,0.4,4,1151168611,78,28.7492,32.0357,3.2864
tiny,chip_152_240_merged.tif,0.6,0,786811904,117,28.1627,31.0157,2.853
tiny,chip_152_240_merged.tif,0.6,1,406205273,117,28.1336,32.0362,3.9025
tiny,chip_152_240_merged.tif,0.6,2,2073743403,117,27.8983,31.7005,3.8022
tiny,chip_152_240_merged.tif,0.6,3,1693136772,117,27.766,32.123,4.357
tiny,chip_152_240_merged.tif,0.6,4,1213191254,117,27.8867,32.3709,4.4842
tiny,chip_152_240_merged.tif,0.8,0,304219708,156,27.5288,28.5635,1.0347
tiny,chip_152_240_merged.tif,0.8,1,2071096725,156,27.7282,30.6486,2.9204
tiny,chip_152_240_merged.tif,0.8,2,1591151207,156,27.6607,29.3992,1.7385
tiny,chip_152_240_merged.tif,0.8,3,1210544576,156,27.6955,29.4585,1.763
tiny,chip_152_240_merged.tif,0.8,4,829937945,156,27.7753,30.3652,2.5899
tiny,chip_152_404_merged.tif,0.2,0,1778922098,39,31.7318,33.3429,1.6111
tiny,chip_152_404_merged.tif,0.2,1,1398315467,39,30.9097,33.4333,2.5236
tiny,chip_152_404_merged.tif,0.2,2,918369949,39,31.8021,34.6583,2.8562
tiny,chip_152_404_merged.tif,0.2,3,537763318,39,31.8188,33.7547,1.936
tiny,chip_152_404_merged.tif,0.2,4,57817800,39,31.6819,33.0421,1.3601
tiny,chip_152_404_merged.tif,0.4,0,812985915,78,31.7677,33.1825,1.4148
tiny,chip_152_404_merged.tif,0.4,1,333040397,78,31.4154,33.1206,1.7052
tiny,chip_152_404_merged.tif,0.4,2,2099917414,78,31.4154,34.1077,2.6923
tiny,chip_152_404_merged.tif,0.4,3,1619971896,78,31.064,32.9218,1.8578
tiny,chip_152_404_merged.tif,0.4,4,1239365265,78,30.763,33.0389,2.2759
tiny,chip_152_404_merged.tif,0.6,0,875008558,117,30.3171,32.5095,2.1924
tiny,chip_152_404_merged.tif,0.6,1,395063040,117,30.5024,33.0777,2.5752
tiny,chip_152_404_merged.tif,0.6,2,14456409,117,30.5316,33.0567,2.5252
tiny,chip_152_404_merged.tif,0.6,3,1781333426,117,30.7861,32.3322,1.5461
tiny,chip_152_404_merged.tif,0.6,4,1301387908,117,30.5077,32.2096,1.7019
tiny,chip_152_404_merged.tif,0.8,0,392416362,156,30.4294,31.9276,1.4982
tiny,chip_152_404_merged.tif,0.8,1,11809731,156,30.6064,31.9829,1.3765
tiny,chip_152_404_merged.tif,0.8,2,1679347861,156,30.9916,31.8945,0.9029
tiny,chip_152_404_merged.tif,0.8,3,1298741230,156,30.2583,31.8594,1.6012
tiny,chip_152_404_merged.tif,0.8,4,818795712,156,30.7197,31.9724,1.2526
tiny,chip_152_433_merged.tif,0.2,0,1271069872,39,36.4573,38.0312,1.5739
tiny,chip_152_433_merged.tif,0.2,1,791124354,39,36.9813,38.4418,1.4605
tiny,chip_152_433_merged.tif,0.2,2,410517723,39,38.4802,38.0179,-0.4622
tiny,chip_152_433_merged.tif,0.2,3,2078055853,39,36.3716,38.278,1.9064
tiny,chip_152_433_merged.tif,0.2,4,1697449222,39,38.5715,38.3734,-0.1981
tiny,chip_152_433_merged.tif,0.4,0,1011115652,78,37.1767,38.3048,1.1281
tiny,chip_152_433_merged.tif,0.4,1,630509021,78,36.7825,37.5371,0.7546
tiny,chip_152_433_merged.tif,0.4,2,249902390,78,36.7583,38.0794,1.3211
tiny,chip_152_433_merged.tif,0.4,3,1917440520,78,34.6712,38.0805,3.4093
tiny,chip_152_433_merged.tif,0.4,4,1536833889,78,34.4321,36.7066,2.2745
tiny,chip_152_433_merged.tif,0.6,0,367156332,117,36.4812,37.7174,1.2362
tiny,chip_152_433_merged.tif,0.6,1,2034694462,117,34.6295,37.6395,3.01
tiny,chip_152_433_merged.tif,0.6,2,1654087831,117,34.5423,36.2681,1.7257
tiny,chip_152_433_merged.tif,0.6,3,1174142313,117,36.9013,37.8479,0.9466
tiny,chip_152_433_merged.tif,0.6,4,793535682,117,35.0581,38.1702,3.1121
tiny,chip_152_433_merged.tif,0.8,0,2032047784,156,35.2867,35.9649,0.6782
tiny,chip_152_433_merged.tif,0.8,1,1552102266,156,34.8018,37.6338,2.832
tiny,chip_152_433_merged.tif,0.8,2,1171495635,156,35.7575,37.5666,1.8091
tiny,chip_152_433_merged.tif,0.8,3,691550117,156,35.8783,37.9845,2.1062
tiny,chip_152_433_merged.tif,0.8,4,310943486,156,35.2383,37.1358,1.8975
tiny,chip_152_478_merged.tif,0.2,0,1008458928,39,29.542,31.8719,2.3298
tiny,chip_152_478_merged.tif,0.2,1,528513410,39,29.9874,33.0396,3.0522
tiny,chip_152_478_merged.tif,0.2,2,147906779,39,30.8841,32.5539,1.6699
tiny,chip_152_478_merged.tif,0.2,3,1815444909,39,28.7143,32.5823,3.868
tiny,chip_152_478_merged.tif,0.2,4,1434838278,39,25.9188,33.6503,7.7315
tiny,chip_152_478_merged.tif,0.4,0,748504708,78,30.0702,31.7876,1.7174
tiny,chip_152_478_merged.tif,0.4,1,367898077,78,26.7918,32.146,5.3542
tiny,chip_152_478_merged.tif,0.4,2,2035436207,78,28.5984,32.3947,3.7963
tiny,chip_152_478_merged.tif,0.4,3,1654829576,78,30.0581,32.0414,1.9834
tiny,chip_152_478_merged.tif,0.4,4,1274222945,78,26.9407,32.9293,5.9886
tiny,chip_152_478_merged.tif,0.6,0,5206501,117,27.5544,31.4646,3.9102
tiny,chip_152_478_merged.tif,0.6,1,1772083518,117,27.8331,28.4889,0.6558
tiny,chip_152_478_merged.tif,0.6,2,1391476887,117,27.3729,31.0168,3.6438
tiny,chip_152_478_merged.tif,0.6,3,911531369,117,27.5073,31.2132,3.7059
tiny,chip_152_478_merged.tif,0.6,4,530924738,117,27.5501,31.5559,4.0058
tiny,chip_152_478_merged.tif,0.8,0,1769436840,156,27.8747,29.4994,1.6247
tiny,chip_152_478_merged.tif,0.8,1,1289491322,156,26.6146,29.6447,3.0301
tiny,chip_152_478_merged.tif,0.8,2,908884691,156,27.8649,28.9215,1.0566
tiny,chip_152_478_merged.tif,0.8,3,428939173,156,26.9309,28.3688,1.438
tiny,chip_152_478_merged.tif,0.8,4,48332542,156,27.7213,28.3178,0.5964
tiny,chip_152_479_merged.tif,0.2,0,1855430791,39,32.8965,33.1322,0.2357
tiny,chip_152_479_merged.tif,0.2,1,1375485273,39,31.7708,31.851,0.0801
tiny,chip_152_479_merged.tif,0.2,2,994878642,39,31.0383,32.9417,1.9035
tiny,chip_152_479_merged.tif,0.2,3,514933124,39,31.3968,31.9332,0.5363
tiny,chip_152_479_merged.tif,0.2,4,134326493,39,28.5586,31.9021,3.3435
tiny,chip_152_479_merged.tif,0.4,0,1595476571,78,30.3825,30.7303,0.3478
tiny,chip_152_479_merged.tif,0.4,1,1214869940,78,28.0128,32.7594,4.7466
tiny,chip_152_479_merged.tif,0.4,2,734924422,78,30.953,32.6146,1.6616
tiny,chip_152_479_merged.tif,0.4,3,354317791,78,28.8829,32.8394,3.9565
tiny,chip_152_479_merged.tif,0.4,4,2121194808,78,30.1294,32.0561,1.9266
tiny,chip_152_479_merged.tif,0.6,0,852178364,117,29.8502,32.3938,2.5435
tiny,chip_152_479_merged.tif,0.6,1,471571733,117,29.8191,32.0875,2.2684
tiny,chip_152_479_merged.tif,0.6,2,90965102,117,29.8856,31.7587,1.8731
tiny,chip_152_479_merged.tif,0.6,3,1758503232,117,30.6143,31.1511,0.5368
tiny,chip_152_479_merged.tif,0.6,4,1377896601,117,29.1029,31.4895,2.3866
tiny,chip_152_479_merged.tif,0.8,0,468925055,156,29.6578,30.293,0.6352
tiny,chip_152_479_merged.tif,0.8,1,2136463185,156,29.2763,29.2631,-0.0132
tiny,chip_152_479_merged.tif,0.8,2,1755856554,156,28.4379,29.4079,0.97
tiny,chip_152_479_merged.tif,0.8,3,1275911036,156,29.064,30.8129,1.7489
tiny,chip_152_479_merged.tif,0.8,4,895304405,156,29.2581,30.0803,0.8222
tiny,chip_152_490_merged.tif,0.2,0,405909994,39,31.716,32.3839,0.668
tiny,chip_152_490_merged.tif,0.2,1,2073448124,39,32.1827,32.6006,0.4179
tiny,chip_152_490_merged.tif,0.2,2,1692841493,39,31.7493,33.0507,1.3014
tiny,chip_152_490_merged.tif,0.2,3,1212895975,39,32.0655,32.3447,0.2792
tiny,chip_152_490_merged.tif,0.2,4,832289344,39,31.9926,32.9686,0.976
tiny,chip_152_490_merged.tif,0.4,0,145955774,78,32.122,31.7274,-0.3945
tiny,chip_152_490_merged.tif,0.4,1,1912832791,78,30.8337,32.3316,1.4978
tiny,chip_152_490_merged.tif,0.4,2,1432887273,78,31.709,31.7351,0.0261
tiny,chip_152_490_merged.tif,0.4,3,1052280642,78,31.9974,32.71,0.7126
tiny,chip_152_490_merged.tif,0.4,4,671674011,78,31.9628,31.1596,-0.8032
tiny,chip_152_490_merged.tif,0.6,0,1550141215,117,31.8276,31.4416,-0.386
tiny,chip_152_490_merged.tif,0.6,1,1169534584,117,31.5689,31.7317,0.1628
tiny,chip_152_490_merged.tif,0.6,2,689589066,117,31.5678,31.3948,-0.173
tiny,chip_152_490_merged.tif,0.6,3,308982435,117,30.9358,31.4239,0.4882
tiny,chip_152_490_merged.tif,0.6,4,2075859452,117,31.8035,31.2428,-0.5607
tiny,chip_152_490_merged.tif,0.8,0,1166887906,156,31.0223,31.1644,0.1421
tiny,chip_152_490_merged.tif,0.8,1,686942388,156,31.0365,31.193,0.1566
tiny,chip_152_490_merged.tif,0.8,2,306335757,156,31.0634,31.3945,0.3312
tiny,chip_152_490_merged.tif,0.8,3,1973873887,156,31.6396,31.6482,0.0086
tiny,chip_152_490_merged.tif,0.8,4,1593267256,156,30.4656,31.8124,1.3468
tiny,chip_153_469_merged.tif,0.2,0,1060989706,39,33.4076,33.9715,0.5639
tiny,chip_153_469_merged.tif,0.2,1,680383075,39,33.4102,34.3418,0.9317
tiny,chip_153_469_merged.tif,0.2,2,299776444,39,33.4089,34.0485,0.6396
tiny,chip_153_469_merged.tif,0.2,3,1967314574,39,33.2754,34.7414,1.4661
tiny,chip_153_469_merged.tif,0.2,4,1586707943,39,32.8585,35.082,2.2235
tiny,chip_153_469_merged.tif,0.4,0,900374373,78,33.1837,33.8813,0.6976
tiny,chip_153_469_merged.tif,0.4,1,519767742,78,32.4767,34.1589,1.6822
tiny,chip_153_469_merged.tif,0.4,2,39822224,78,32.9198,33.6966,0.7768
tiny,chip_153_469_merged.tif,0.4,3,1806699241,78,33.351,34.1988,0.8478
tiny,chip_153_469_merged.tif,0.4,4,1426092610,78,33.5197,34.6394,1.1198
tiny,chip_153_469_merged.tif,0.6,0,157076166,117,32.7495,33.5695,0.82
tiny,chip_153_469_merged.tif,0.6,1,1923953183,117,33.1467,33.887,0.7403
tiny,chip_153_469_merged.tif,0.6,2,1444007665,117,33.131,33.5343,0.4033
tiny,chip_153_469_merged.tif,0.6,3,1063401034,117,33.1934,33.6124,0.419
tiny,chip_153_469_merged.tif,0.6,4,682794403,117,33.1495,33.7844,0.6349
tiny,chip_153_469_merged.tif,0.8,0,1821967618,156,32.8652,33.196,0.3307
tiny,chip_153_469_merged.tif,0.8,1,1441360987,156,32.9391,33.0631,0.1239
tiny,chip_153_469_merged.tif,0.8,2,1060754356,156,33.0108,32.9601,-0.0507
tiny,chip_153_469_merged.tif,0.8,3,580808838,156,32.6709,33.0139,0.3429
tiny,chip_153_469_merged.tif,0.8,4,200202207,156,32.9841,32.6962,-0.2879
tiny,chip_154_346_merged.tif,0.2,0,2064601388,39,36.0961,39.5809,3.4848
tiny,chip_154_346_merged.tif,0.2,1,1584655870,39,38.7309,38.0462,-0.6847
tiny,chip_154_346_merged.tif,0.2,2,1204049239,39,35.92,37.7198,1.7999
tiny,chip_154_346_merged.tif,0.2,3,724103721,39,37.8399,39.231,1.3911
tiny,chip_154_346_merged.tif,0.2,4,343497090,39,38.9396,38.2159,-0.7236
tiny,chip_154_346_merged.tif,0.4,0,1804647168,78,37.9975,38.6121,0.6146
tiny,chip_154_346_merged.tif,0.4,1,1424040537,78,37.4606,38.0917,0.6311
tiny,chip_154_346_merged.tif,0.4,2,944095019,78,36.4017,38.1128,1.7111
tiny,chip_154_346_merged.tif,0.4,3,563488388,78,37.8256,39.0889,1.2632
tiny,chip_154_346_merged.tif,0.4,4,182881757,78,37.4326,38.4575,1.025
tiny,chip_154_346_merged.tif,0.6,0,1061348961,117,36.8774,38.1774,1.3
tiny,chip_154_346_merged.tif,0.6,1,680742330,117,36.5626,38.9899,2.4272
tiny,chip_154_346_merged.tif,0.6,2,300135699,117,37.2906,37.999,0.7085
tiny,chip_154_346_merged.tif,0.6,3,1967673829,117,37.2917,38.1558,0.8641
tiny,chip_154_346_merged.tif,0.6,4,1587067198,117,36.9777,38.1904,1.2126
tiny,chip_154_346_merged.tif,0.8,0,678095652,156,36.4441,37.6536,1.2096
tiny,chip_154_346_merged.tif,0.8,1,198150134,156,36.4498,37.7318,1.282
tiny,chip_154_346_merged.tif,0.8,2,1965027151,156,37.0987,37.7933,0.6946
tiny,chip_154_346_merged.tif,0.8,3,1485081633,156,37.1452,37.3434,0.1981
tiny,chip_154_346_merged.tif,0.8,4,1104475002,156,36.5356,37.1701,0.6346
tiny,chip_154_484_merged.tif,0.2,0,1416908103,39,30.2257,34.1021,3.8764
tiny,chip_154_484_merged.tif,0.2,1,1036301472,39,33.7198,33.7626,0.0428
tiny,chip_154_484_merged.tif,0.2,2,655694841,39,31.7849,34.4525,2.6676
tiny,chip_154_484_merged.tif,0.2,3,175749323,39,34.1286,34.8639,0.7353
tiny,chip_154_484_merged.tif,0.2,4,1942626340,39,33.5843,33.435,-0.1493
tiny,chip_154_484_merged.tif,0.4,0,1256292770,78,31.6306,34.3593,2.7288
tiny,chip_154_484_merged.tif,0.4,1,875686139,78,32.8153,33.9779,1.1626
tiny,chip_154_484_merged.tif,0.4,2,395740621,78,33.6977,33.546,-0.1517
tiny,chip_154_484_merged.tif,0.4,3,15133990,78,31.6305,34.2029,2.5723
tiny,chip_154_484_merged.tif,0.4,4,1682672120,78,32.5285,34.2712,1.7426
tiny,chip_154_484_merged.tif,0.6,0,512994563,117,32.2395,33.4488,1.2093
tiny,chip_154_484_merged.tif,0.6,1,132387932,117,31.3692,33.2841,1.9149
tiny,chip_154_484_merged.tif,0.6,2,1799926062,117,32.8478,33.3472,0.4994
tiny,chip_154_484_merged.tif,0.6,3,1419319431,117,32.2464,33.7999,1.5535
tiny,chip_154_484_merged.tif,0.6,4,939373913,117,32.489,33.8778,1.3887
tiny,chip_154_484_merged.tif,0.8,0,30402367,156,31.8646,32.4923,0.6276
tiny,chip_154_484_merged.tif,0.8,1,1797279384,156,31.3895,32.7759,1.3864
tiny,chip_154_484_merged.tif,0.8,2,1416672753,156,31.4063,32.7409,1.3346
tiny,chip_154_484_merged.tif,0.8,3,936727235,156,31.3875,32.9983,1.6108
tiny,chip_154_484_merged.tif,0.8,4,556120604,156,31.6448,32.6481,1.0033
tiny,chip_155_408_merged.tif,0.2,0,1659224381,39,33.7378,34.7503,1.0125
tiny,chip_155_408_merged.tif,0.2,1,1179278863,39,33.2598,33.5465,0.2867
tiny,chip_155_408_merged.tif,0.2,2,798672232,39,32.5867,34.6002,2.0135
tiny,chip_155_408_merged.tif,0.2,3,318726714,39,33.347,34.1237,0.7767
tiny,chip_155_408_merged.tif,0.2,4,2085603731,39,32.3878,34.0645,1.6766
tiny,chip_155_408_merged.tif,0.4,0,1399270161,78,32.1014,33.8202,1.7188
tiny,chip_155_408_merged.tif,0.4,1,1018663530,78,31.7464,33.259,1.5125
tiny,chip_155_408_merged.tif,0.4,2,638056899,78,31.9191,34.2125,2.2934
tiny,chip_155_408_merged.tif,0.4,3,158111381,78,31.434,34.2421,2.8081
tiny,chip_155_408_merged.tif,0.4,4,1924988398,78,32.5516,33.7215,1.17
tiny,chip_155_408_merged.tif,0.6,0,655971954,117,31.7788,33.5733,1.7945
tiny,chip_155_408_merged.tif,0.6,1,275365323,117,31.4859,33.1539,1.668
tiny,chip_155_408_merged.tif,0.6,2,2042242340,117,31.6226,32.9468,1.3243
tiny,chip_155_408_merged.tif,0.6,3,1562296822,117,31.7323,32.918,1.1856
tiny,chip_155_408_merged.tif,0.6,4,1181690191,117,31.3971,32.6618,1.2647
tiny,chip_155_408_merged.tif,0.8,0,272718645,156,31.3969,32.3827,0.9858
tiny,chip_155_408_merged.tif,0.8,1,1940256775,156,31.4067,32.5837,1.177
tiny,chip_155_408_merged.tif,0.8,2,1559650144,156,31.411,32.9757,1.5646
tiny,chip_155_408_merged.tif,0.8,3,1079704626,156,31.6931,32.399,0.7059
tiny,chip_155_408_merged.tif,0.8,4,699097995,156,31.9199,32.3713,0.4514
tiny,chip_155_474_merged.tif,0.2,0,235081835,39,29.3942,32.9394,3.5452
tiny,chip_155_474_merged.tif,0.2,1,1902619965,39,29.9687,32.8612,2.8924
tiny,chip_155_474_merged.tif,0.2,2,1522013334,39,32.1735,31.8421,-0.3314
tiny,chip_155_474_merged.tif,0.2,3,1141406703,39,31.9004,32.2028,0.3023
tiny,chip_155_474_merged.tif,0.2,4,661461185,39,33.119,32.6733,-0.4457
tiny,chip_155_474_merged.tif,0.4,0,1317290413,78,30.8072,32.2911,1.4839
tiny,chip_155_474_merged.tif,0.4,1,936683782,78,30.807,32.3626,1.5557
tiny,chip_155_474_merged.tif,0.4,2,556077151,78,31.6679,32.6444,0.9764
tiny,chip_155_474_merged.tif,0.4,3,76131633,78,30.3962,32.0321,1.636
tiny,chip_155_474_merged.tif,0.4,4,1843008650,78,31.6685,31.5438,-0.1248
tiny,chip_155_474_merged.tif,0.6,0,1478651943,117,30.6145,31.6885,1.074
tiny,chip_155_474_merged.tif,0.6,1,998706425,117,30.6145,31.7323,1.1179
tiny,chip_155_474_merged.tif,0.6,2,618099794,117,30.3373,31.8527,1.5154
tiny,chip_155_474_merged.tif,0.6,3,138154276,117,30.2373,31.8064,1.5692
tiny,chip_155_474_merged.tif,0.6,4,1905031293,117,30.4663,31.735,1.2687
tiny,chip_155_474_merged.tif,0.8,0,996059747,156,29.9753,30.4994,0.5242
tiny,chip_155_474_merged.tif,0.8,1,516114229,156,29.6733,31.2358,1.5625
tiny,chip_155_474_merged.tif,0.8,2,135507598,156,29.7,30.7674,1.0674
tiny,chip_155_474_merged.tif,0.8,3,1902384615,156,29.8356,30.7146,0.879
tiny,chip_155_474_merged.tif,0.8,4,1422439097,156,29.89,30.6263,0.7363
tiny,chip_155_475_merged.tif,0.2,0,2003638417,39,32.9139,35.4033,2.4894
tiny,chip_155_475_merged.tif,0.2,1,1523692899,39,32.9139,34.7412,1.8273
tiny,chip_155_475_merged.tif,0.2,2,1143086268,39,33.5751,35.5495,1.9744
tiny,chip_155_475_merged.tif,0.2,3,663140750,39,32.187,34.8216,2.6346
tiny,chip_155_475_merged.tif,0.2,4,282534119,39,32.395,33.2621,0.8671
tiny,chip_155_475_merged.tif,0.4,0,1743684197,78,33.2614,34.0458,0.7844
tiny,chip_155_475_merged.tif,0.4,1,1363077566,78,32.8186,34.2592,1.4405
tiny,chip_155_475_merged.tif,0.4,2,883132048,78,31.9179,34.4028,2.4849
tiny,chip_155_475_merged.tif,0.4,3,502525417,78,33.0486,34.1814,1.1328
tiny,chip_155_475_merged.tif,0.4,4,121918786,78,31.915,34.6583,2.7433
tiny,chip_155_475_merged.tif,0.6,0,1000385990,117,32.2308,33.771,1.5402
tiny,chip_155_475_merged.tif,0.6,1,619779359,117,32.2231,33.7386,1.5156
tiny,chip_155_475_merged.tif,0.6,2,239172728,117,31.685,33.9462,2.2612
tiny,chip_155_475_merged.tif,0.6,3,1906710858,117,32.3329,32.836,0.5031
tiny,chip_155_475_merged.tif,0.6,4,1526104227,117,31.6736,33.1078,1.4342
tiny,chip_155_475_merged.tif,0.8,0,617132681,156,30.4034,33.5633,3.1599
tiny,chip_155_475_merged.tif,0.8,1,137187163,156,32.5606,33.7105,1.1499
tiny,chip_155_475_merged.tif,0.8,2,1904064180,156,31.4402,33.1214,1.6812
tiny,chip_155_475_merged.tif,0.8,3,1424118662,156,32.5722,32.9078,0.3356
tiny,chip_155_475_merged.tif,0.8,4,1043512031,156,32.8414,32.7319,-0.1096
tiny,chip_155_479_merged.tif,0.2,0,999691115,39,30.178,32.9659,2.788
tiny,chip_155_479_merged.tif,0.2,1,519745597,39,30.1849,32.534,2.3492
tiny,chip_155_479_merged.tif,0.2,2,139138966,39,29.5137,31.3059,1.7922
tiny,chip_155_479_merged.tif,0.2,3,1806677096,39,28.0253,32.4527,4.4274
tiny,chip_155_479_merged.tif,0.2,4,1426070465,39,29.4585,32.6584,3.1999
tiny,chip_155_479_merged.tif,0.4,0,739736895,78,27.9611,32.0795,4.1185
tiny,chip_155_479_merged.tif,0.4,1,359130264,78,27.9233,31.7999,3.8766
tiny,chip_155_479_merged.tif,0.4,2,2126007281,78,29.4899,31.5727,2.0828
tiny,chip_155_479_merged.tif,0.4,3,1646061763,78,28.5123,31.0036,2.4913
tiny,chip_155_479_merged.tif,0.4,4,1265455132,78,29.2567,32.6677,3.411
tiny,chip_155_479_merged.tif,0.6,0,95777575,117,29.4907,30.0056,0.5149
tiny,chip_155_479_merged.tif,0.6,1,1763315705,117,28.6918,30.4917,1.7999
tiny,chip_155_479_merged.tif,0.6,2,1382709074,117,29.4955,31.6694,2.1739
tiny,chip_155_479_merged.tif,0.6,3,902763556,117,28.2559,31.007,2.751
tiny,chip_155_479_merged.tif,0.6,4,522156925,117,28.855,31.0528,2.1978
tiny,chip_155_479_merged.tif,0.8,0,1760669027,156,28.1838,30.0759,1.8921
tiny,chip_155_479_merged.tif,0.8,1,1280723509,156,28.1815,29.4679,1.2864
tiny,chip_155_479_merged.tif,0.8,2,900116878,156,28.0223,29.7551,1.7328
tiny,chip_155_479_merged.tif,0.8,3,420171360,156,28.4395,29.708,1.2685
tiny,chip_155_479_merged.tif,0.8,4,39564729,156,26.9043,30.0895,3.1852
tiny,chip_155_483_merged.tif,0.2,0,1821752021,39,32.343,33.6821,1.3391
tiny,chip_155_483_merged.tif,0.2,1,1441145390,39,31.5834,34.5326,2.9492
tiny,chip_155_483_merged.tif,0.2,2,1060538759,39,32.9526,35.0351,2.0825
tiny,chip_155_483_merged.tif,0.2,3,580593241,39,29.9905,35.5696,5.5792
tiny,chip_155_483_merged.tif,0.2,4,199986610,39,33.8109,34.9416,1.1307
tiny,chip_155_483_merged.tif,0.4,0,1661136688,78,30.3377,34.188,3.8503
tiny,chip_155_483_merged.tif,0.4,1,1280530057,78,30.2729,33.9316,3.6586
tiny,chip_155_483_merged.tif,0.4,2,800584539,78,32.305,34.3346,2.0296
tiny,chip_155_483_merged.tif,0.4,3,419977908,78,31.3384,33.9735,2.6351
tiny,chip_155_483_merged.tif,0.4,4,39371277,78,31.4765,33.2194,1.7429
tiny,chip_155_483_merged.tif,0.6,0,917838481,117,30.6439,32.9495,2.3056
tiny,chip_155_483_merged.tif,0.6,1,537231850,117,31.1576,32.3873,1.2297
tiny,chip_155_483_merged.tif,0.6,2,57286332,117,30.7056,33.1382,2.4326
tiny,chip_155_483_merged.tif,0.6,3,1824163349,117,31.035,32.9684,1.9334
tiny,chip_155_483_merged.tif,0.6,4,1443556718,117,30.8903,33.2479,2.3576
tiny,chip_155_483_merged.tif,0.8,0,435246285,156,30.7765,31.3173,0.5407
tiny,chip_155_483_merged.tif,0.8,1,54639654,156,30.8568,31.171,0.3142
tiny,chip_155_483_merged.tif,0.8,2,1821516671,156,30.5934,32.3964,1.8031
tiny,chip_155_483_merged.tif,0.8,3,1341571153,156,30.6596,32.0057,1.3461
tiny,chip_155_483_merged.tif,0.8,4,960964522,156,30.4844,31.4483,0.9639
tiny,chip_156_008_merged.tif,0.2,0,718482013,39,34.2933,36.5201,2.2268
tiny,chip_156_008_merged.tif,0.2,1,337875382,39,35.4332,35.6905,0.2573
tiny,chip_156_008_merged.tif,0.2,2,2005413512,39,31.9886,35.2084,3.2198
tiny,chip_156_008_merged.tif,0.2,3,1624806881,39,34.2926,37.3304,3.0378
tiny,chip_156_008_merged.tif,0.2,4,1144861363,39,32.4049,33.9597,1.5547
tiny,chip_156_008_merged.tif,0.4,0,557866680,78,34.2168,35.8887,1.6719
tiny,chip_156_008_merged.tif,0.4,1,77921162,78,34.3814,35.9017,1.5204
tiny,chip_156_008_merged.tif,0.4,2,1844798179,78,34.3811,34.6064,0.2253
tiny,chip_156_008_merged.tif,0.4,3,1464191548,78,33.8153,35.2898,1.4745
tiny,chip_156_008_merged.tif,0.4,4,984246030,78,35.7422,36.8941,1.1519
tiny,chip_156_008_merged.tif,0.6,0,1962052121,117,33.8911,34.3489,0.4578
tiny,chip_156_008_merged.tif,0.6,1,1482106603,117,34.1447,35.1564,1.0117
tiny,chip_156_008_merged.tif,0.6,2,1101499972,117,33.7173,35.6064,1.8891
tiny,chip_156_008_merged.tif,0.6,3,720893341,117,35.3046,35.7329,0.4283
tiny,chip_156_008_merged.tif,0.6,4,240947823,117,33.7104,35.1723,1.4619
tiny,chip_156_008_merged.tif,0.8,0,1479459925,156,33.7377,34.3962,0.6585
tiny,chip_156_008_merged.tif,0.8,1,1098853294,156,34.6099,34.4506,-0.1593
tiny,chip_156_008_merged.tif,0.8,2,618907776,156,33.9783,35.149,1.1707
tiny,chip_156_008_merged.tif,0.8,3,238301145,156,33.9886,34.2289,0.2404
tiny,chip_156_008_merged.tif,0.8,4,1905839275,156,33.7265,34.3683,0.6418
tiny,chip_157_480_merged.tif,0.2,0,942826531,39,30.3153,31.0597,0.7444
tiny,chip_157_480_merged.tif,0.2,1,462881013,39,30.0905,31.3874,1.2969
tiny,chip_157_480_merged.tif,0.2,2,82274382,39,29.2211,30.7478,1.5267
tiny,chip_157_480_merged.tif,0.2,3,1849151399,39,31.4788,30.7329,-0.7459
tiny,chip_157_480_merged.tif,0.2,4,1369205881,39,30.4438,30.9201,0.4763
tiny,chip_157_480_merged.tif,0.4,0,2025035109,78,29.8324,30.8687,1.0363
tiny,chip_157_480_merged.tif,0.4,1,1644428478,78,30.2283,31.3195,1.0912
tiny,chip_157_480_merged.tif,0.4,2,1263821847,78,29.7267,30.8981,1.1714
tiny,chip_157_480_merged.tif,0.4,3,783876329,78,30.2276,31.5272,1.2996
tiny,chip_157_480_merged.tif,0.4,4,403269698,78,30.1121,31.259,1.1469
tiny,chip_157_480_merged.tif,0.6,0,38912991,117,29.918,30.8183,0.9003
tiny,chip_157_480_merged.tif,0.6,1,1706451121,117,30.2366,30.6616,0.425
tiny,chip_157_480_merged.tif,0.6,2,1325844490,117,30.2581,30.565,0.3069
tiny,chip_157_480_merged.tif,0.6,3,845898972,117,29.7194,30.6101,0.8907
tiny,chip_157_480_merged.tif,0.6,4,465292341,117,29.5384,30.6577,1.1193
tiny,chip_157_480_merged.tif,0.8,0,1703804443,156,29.6986,30.2574,0.5588
tiny,chip_157_480_merged.tif,0.8,1,1223858925,156,29.8887,30.1839,0.2952
tiny,chip_157_480_merged.tif,0.8,2,843252294,156,29.6951,30.3357,0.6406
tiny,chip_157_480_merged.tif,0.8,3,462645663,156,30.3189,30.2136,-0.1053
tiny,chip_157_480_merged.tif,0.8,4,2130183793,156,29.8864,30.4286,0.5423
tiny,chip_159_403_merged.tif,0.2,0,2082446068,39,33.2245,34.509,1.2845
tiny,chip_159_403_merged.tif,0.2,1,1602500550,39,34.4124,34.9966,0.5842
tiny,chip_159_403_merged.tif,0.2,2,1221893919,39,33.1707,35.2014,2.0307
tiny,chip_159_403_merged.tif,0.2,3,841287288,39,32.7251,35.2688,2.5437
tiny,chip_159_403_merged.tif,0.2,4,361341770,39,33.2246,35.0413,1.8166
tiny,chip_159_403_merged.tif,0.4,0,1921830735,78,34.1337,34.3258,0.1922
tiny,chip_159_403_merged.tif,0.4,1,1441885217,78,34.5866,34.9066,0.32
tiny,chip_159_403_merged.tif,0.4,2,1061278586,78,32.8003,34.4804,1.6801
tiny,chip_159_403_merged.tif,0.4,3,581333068,78,32.8129,34.4166,1.6037
tiny,chip_159_403_merged.tif,0.4,4,200726437,78,34.132,34.3698,0.2378
tiny,chip_159_403_merged.tif,0.6,0,1178532528,117,33.2618,34.0679,0.8061
tiny,chip_159_403_merged.tif,0.6,1,698587010,117,33.2938,33.871,0.5772
tiny,chip_159_403_merged.tif,0.6,2,317980379,117,33.2469,34.1937,0.9468
tiny,chip_159_403_merged.tif,0.6,3,1985518509,117,33.5695,34.2422,0.6726
tiny,chip_159_403_merged.tif,0.6,4,1604911878,117,32.1785,34.0356,1.8571
tiny,chip_159_403_merged.tif,0.8,0,695940332,156,32.3905,33.6588,1.2683
tiny,chip_159_403_merged.tif,0.8,1,215994814,156,33.1549,33.3643,0.2094
tiny,chip_159_403_merged.tif,0.8,2,1982871831,156,32.7252,32.9867,0.2615
tiny,chip_159_403_merged.tif,0.8,3,1602265200,156,32.4476,33.1948,0.7472
tiny,chip_159_403_merged.tif,0.8,4,1122319682,156,33.1907,32.9364,-0.2543
tiny,chip_159_406_merged.tif,0.2,0,1520780108,39,32.1102,34.2552,2.145
tiny,chip_159_406_merged.tif,0.2,1,1140173477,39,32.7421,34.1162,1.3741
tiny,chip_159_406_merged.tif,0.2,2,759566846,39,32.1112,34.9432,2.832
tiny,chip_159_406_merged.tif,0.2,3,279621328,39,32.1419,33.9408,1.7988
tiny,chip_159_406_merged.tif,0.2,4,2046498345,39,32.7326,34.1774,1.4448
tiny,chip_159_406_merged.tif,0.4,0,1360164775,78,30.7504,34.1843,3.4339
tiny,chip_159_406_merged.tif,0.4,1,979558144,78,32.4966,34.0627,1.5661
tiny,chip_159_406_merged.tif,0.4,2,499612626,78,32.496,33.8965,1.4005
tiny,chip_159_406_merged.tif,0.4,3,119005995,78,31.6642,33.8628,2.1986
tiny,chip_159_406_merged.tif,0.4,4,1786544125,78,31.2392,34.3668,3.1276
tiny,chip_159_406_merged.tif,0.6,0,616866568,117,30.7681,32.4619,1.6938
tiny,chip_159_406_merged.tif,0.6,1,236259937,117,31.2137,33.7518,2.5382
tiny,chip_159_406_merged.tif,0.6,2,1903798067,117,31.2236,33.5177,2.2941
tiny,chip_159_406_merged.tif,0.6,3,1523191436,117,31.2349,32.6487,1.4138
tiny,chip_159_406_merged.tif,0.6,4,1142584805,117,31.2138,32.3835,1.1697
tiny,chip_159_406_merged.tif,0.8,0,134274372,156,31.2612,32.4207,1.1595
tiny,chip_159_406_merged.tif,0.8,1,1901151389,156,31.3867,32.8275,1.4408
tiny,chip_159_406_merged.tif,0.8,2,1520544758,156,31.7876,32.4459,0.6583
tiny,chip_159_406_merged.tif,0.8,3,1040599240,156,30.8823,32.5397,1.6574
tiny,chip_159_406_merged.tif,0.8,4,659992609,156,31.0497,32.5437,1.494
tiny,chip_160_591_merged.tif,0.2,0,388859531,39,29.8538,31.1703,1.3165
tiny,chip_160_591_merged.tif,0.2,1,8252900,39,29.1577,31.8972,2.7395
tiny,chip_160_591_merged.tif,0.2,2,1675791030,39,30.7421,31.3996,0.6575
tiny,chip_160_591_merged.tif,0.2,3,1295184399,39,29.2398,32.3579,3.1181
tiny,chip_160_591_merged.tif,0.2,4,815238881,39,31.0169,31.1788,0.1619
tiny,chip_160_591_merged.tif,0.4,0,228244198,78,29.8549,31.5993,1.7444
tiny,chip_160_591_merged.tif,0.4,1,1895782328,78,28.6049,31.3409,2.736
tiny,chip_160_591_merged.tif,0.4,2,1515175697,78,29.0832,31.26,2.1768
tiny,chip_160_591_merged.tif,0.4,3,1134569066,78,29.8555,31.7215,1.866
tiny,chip_160_591_merged.tif,0.4,4,654623548,78,28.9389,31.0437,2.1047
tiny,chip_160_591_merged.tif,0.6,0,1632429639,117,29.4335,30.7938,1.3603
tiny,chip_160_591_merged.tif,0.6,1,1152484121,117,29.1848,30.8532,1.6684
tiny,chip_160_591_merged.tif,0.6,2,771877490,117,29.0235,30.7763,1.7528
tiny,chip_160_591_merged.tif,0.6,3,391270859,117,29.1869,30.6446,1.4576
tiny,chip_160_591_merged.tif,0.6,4,2058808989,117,29.3802,30.7217,1.3415
tiny,chip_160_591_merged.tif,0.8,0,1149837443,156,29.2871,30.635,1.3478
tiny,chip_160_591_merged.tif,0.8,1,769230812,156,29.3679,30.094,0.7261
tiny,chip_160_591_merged.tif,0.8,2,289285294,156,29.2659,30.2792,1.0133
tiny,chip_160_591_merged.tif,0.8,3,2056162311,156,29.4112,30.5952,1.184
tiny,chip_160_591_merged.tif,0.8,4,1576216793,156,29.2167,30.0737,0.8571
tiny,chip_162_370_merged.tif,0.2,0,1690092610,39,33.1578,35.0186,1.8608
tiny,chip_162_370_merged.tif,0.2,1,1309485979,39,33.9847,34.9382,0.9535
tiny,chip_162_370_merged.tif,0.2,2,829540461,39,33.3204,35.5205,2.2001
tiny,chip_162_370_merged.tif,0.2,3,448933830,39,33.8111,33.9948,0.1837
tiny,chip_162_370_merged.tif,0.2,4,2116471960,39,32.4047,34.5082,2.1035
tiny,chip_162_370_merged.tif,0.4,0,1529477277,78,33.5408,34.4132,0.8724
tiny,chip_162_370_merged.tif,0.4,1,1049531759,78,33.5436,34.0892,0.5456
tiny,chip_162_370_merged.tif,0.4,2,668925128,78,33.5605,34.6369,1.0763
tiny,chip_162_370_merged.tif,0.4,3,288318497,78,32.7233,34.3048,1.5815
tiny,chip_162_370_merged.tif,0.4,4,1955856627,78,32.7879,35.0545,2.2667
tiny,chip_162_370_merged.tif,0.6,0,786179070,117,33.881,34.1362,0.2553
tiny,chip_162_370_merged.tif,0.6,1,306233552,117,33.8581,34.7161,0.858
tiny,chip_162_370_merged.tif,0.6,2,2073110569,117,33.4213,33.7746,0.3532
tiny,chip_162_370_merged.tif,0.6,3,1692503938,117,33.8585,33.9688,0.1103
tiny,chip_162_370_merged.tif,0.6,4,1212558420,117,33.2771,34.4155,1.1384
tiny,chip_162_370_merged.tif,0.8,0,303586874,156,32.9231,33.8484,0.9252
tiny,chip_162_370_merged.tif,0.8,1,2070463891,156,32.9202,33.9483,1.028
tiny,chip_162_370_merged.tif,0.8,2,1590518373,156,32.9134,33.9678,1.0544
tiny,chip_162_370_merged.tif,0.8,3,1209911742,156,33.5682,33.7321,0.1639
tiny,chip_162_370_merged.tif,0.8,4,729966224,156,33.3519,33.7517,0.3999
tiny,chip_162_406_merged.tif,0.2,0,134540589,39,31.4998,35.1505,3.6508
tiny,chip_162_406_merged.tif,0.2,1,1802078719,39,32.2677,34.3262,2.0585
tiny,chip_162_406_merged.tif,0.2,2,1421472088,39,31.5202,34.8483,3.3282
tiny,chip_162_406_merged.tif,0.2,3,1040865457,39,33.9278,35.5604,1.6326
tiny,chip_162_406_merged.tif,0.2,4,560919939,39,33.2833,34.915,1.6317
tiny,chip_162_406_merged.tif,0.4,0,2121408904,78,32.985,34.3242,1.3393
tiny,chip_162_406_merged.tif,0.4,1,1641463386,78,31.8662,34.9624,3.0963
tiny,chip_162_406_merged.tif,0.4,2,1260856755,78,31.1527,33.7138,2.5612
tiny,chip_162_406_merged.tif,0.4,3,780911237,78,32.3916,34.3058,1.9143
tiny,chip_162_406_merged.tif,0.4,4,400304606,78,34.097,34.4474,0.3503
tiny,chip_162_406_merged.tif,0.6,0,1378110697,117,32.171,34.0205,1.8495
tiny,chip_162_406_merged.tif,0.6,1,898165179,117,32.5635,34.1623,1.5988
tiny,chip_162_406_merged.tif,0.6,2,517558548,117,32.1709,33.4702,1.2993
tiny,chip_162_406_merged.tif,0.6,3,37613030,117,31.5873,34.0303,2.443
tiny,chip_162_406_merged.tif,0.6,4,1804490047,117,32.1948,34.5167,2.322
tiny,chip_162_406_merged.tif,0.8,0,895518501,156,31.6818,32.3648,0.683
tiny,chip_162_406_merged.tif,0.8,1,415572983,156,31.7517,33.5984,1.8467
tiny,chip_162_406_merged.tif,0.8,2,34966352,156,31.6896,33.7301,2.0405
tiny,chip_162_406_merged.tif,0.8,3,1702504482,156,32.0949,33.5265,1.4316
tiny,chip_162_406_merged.tif,0.8,4,1321897851,156,31.7964,33.4375,1.6411
tiny,chip_163_371_merged.tif,0.2,0,1600348871,39,33.8941,34.861,0.9669
tiny,chip_163_371_merged.tif,0.2,1,1120403353,39,33.9889,34.5767,0.5878
tiny,chip_163_371_merged.tif,0.2,2,739796722,39,34.1446,34.1326,-0.012
tiny,chip_163_371_merged.tif,0.2,3,359190091,39,33.8551,34.5718,0.7167
tiny,chip_163_371_merged.tif,0.2,4,2026728221,39,33.4479,34.4888,1.0409
tiny,chip_163_371_merged.tif,0.4,0,535073801,78,32.3342,34.3099,1.9757
tiny,chip_163_371_merged.tif,0.4,1,154467170,78,32.338,34.2305,1.8925
tiny,chip_163_371_merged.tif,0.4,2,1921344187,78,33.1065,34.5853,1.4789
tiny,chip_163_371_merged.tif,0.4,3,1441398669,78,33.3656,34.1815,0.8159
tiny,chip_163_371_merged.tif,0.4,4,1060792038,78,33.0739,34.1833,1.1095
tiny,chip_163_371_merged.tif,0.6,0,696435331,117,32.6244,33.1805,0.5561
tiny,chip_163_371_merged.tif,0.6,1,216489813,117,32.1423,34.4715,2.3292
tiny,chip_163_371_merged.tif,0.6,2,1983366830,117,31.7824,34.3904,2.608
tiny,chip_163_371_merged.tif,0.6,3,1503421312,117,31.6501,34.5633,2.9133
tiny,chip_163_371_merged.tif,0.6,4,1122814681,117,32.1515,33.9918,1.8403
tiny,chip_163_371_merged.tif,0.8,0,213843135,156,31.5801,33.0591,1.479
tiny,chip_163_371_merged.tif,0.8,1,1881381265,156,32.0601,33.1165,1.0565
tiny,chip_163_371_merged.tif,0.8,2,1500774634,156,32.0467,33.8804,1.8337
tiny,chip_163_371_merged.tif,0.8,3,1120168003,156,31.788,33.5489,1.7609
tiny,chip_163_371_merged.tif,0.8,4,640222485,156,31.5726,32.63,1.0574
tiny,chip_163_519_merged.tif,0.2,0,1802614048,39,30.9134,32.7008,1.7874
tiny,chip_163_519_merged.tif,0.2,1,1422007417,39,31.0501,33.0326,1.9825
tiny,chip_163_519_merged.tif,0.2,2,1041400786,39,30.6311,32.955,2.3239
tiny,chip_163_519_merged.tif,0.2,3,561455268,39,30.8087,33.4152,2.6065
tiny,chip_163_519_merged.tif,0.2,4,180848637,39,30.9979,33.0463,2.0484
tiny,chip_163_519_merged.tif,0.4,0,1641998715,78,30.9567,32.7649,1.8081
tiny,chip_163_519_merged.tif,0.4,1,1261392084,78,30.1468,31.9492,1.8024
tiny,chip_163_519_merged.tif,0.4,2,781446566,78,30.1474,33.1906,3.0431
tiny,chip_163_519_merged.tif,0.4,3,400839935,78,31.301,32.3818,1.0808
tiny,chip_163_519_merged.tif,0.4,4,2068378065,78,30.2737,32.5175,2.2438
tiny,chip_163_519_merged.tif,0.6,0,898700508,117,31.0487,31.8122,0.7635
tiny,chip_163_519_merged.tif,0.6,1,518093877,117,31.0691,32.2532,1.1841
tiny,chip_163_519_merged.tif,0.6,2,38148359,117,31.2499,31.9398,0.69
tiny,chip_163_519_merged.tif,0.6,3,1805025376,117,31.0473,32.3317,1.2844
tiny,chip_163_519_merged.tif,0.6,4,1325079858,117,30.6815,31.9992,1.3177
tiny,chip_163_519_merged.tif,0.8,0,416108312,156,30.934,31.8049,0.8708
tiny,chip_163_519_merged.tif,0.8,1,35501681,156,30.6201,30.9941,0.3739
tiny,chip_163_519_merged.tif,0.8,2,1703039811,156,30.8617,31.7205,0.8588
tiny,chip_163_519_merged.tif,0.8,3,1322433180,156,30.9533,31.0201,0.0667
tiny,chip_163_519_merged.tif,0.8,4,941826549,156,31.0286,31.5981,0.5695
tiny,chip_163_537_merged.tif,0.2,0,1693821090,39,33.6459,35.7967,2.1508
tiny,chip_163_537_merged.tif,0.2,1,1213875572,39,35.2403,36.5718,1.3315
tiny,chip_163_537_merged.tif,0.2,2,833268941,39,32.9902,35.0519,2.0617
tiny,chip_163_537_merged.tif,0.2,3,452662310,39,34.2292,35.7228,1.4936
tiny,chip_163_537_merged.tif,0.2,4,2120200440,39,34.2657,36.3563,2.0905
tiny,chip_163_537_merged.tif,0.4,0,1533205757,78,33.1517,35.3004,2.1487
tiny,chip_163_537_merged.tif,0.4,1,1053260239,78,33.8839,34.9488,1.0649
tiny,chip_163_537_merged.tif,0.4,2,672653608,78,34.0344,34.6623,0.6279
tiny,chip_163_537_merged.tif,0.4,3,192708090,78,32.6389,35.5287,2.8897
tiny,chip_163_537_merged.tif,0.4,4,1959585107,78,34.1416,34.6885,0.547
tiny,chip_163_537_merged.tif,0.6,0,789907550,117,33.7404,33.9837,0.2433
tiny,chip_163_537_merged.tif,0.6,1,309962032,117,33.7268,35.3593,1.6324
tiny,chip_163_537_merged.tif,0.6,2,2076839049,117,33.7511,33.5075,-0.2437
tiny,chip_163_537_merged.tif,0.6,3,1596893531,117,33.1737,34.2461,1.0724
tiny,chip_163_537_merged.tif,0.6,4,1216286900,117,32.5874,33.4087,0.8213
tiny,chip_163_537_merged.tif,0.8,0,307315354,156,33.1199,33.9697,0.8499
tiny,chip_163_537_merged.tif,0.8,1,1974853484,156,33.0056,34.1838,1.1781
tiny,chip_163_537_merged.tif,0.8,2,1594246853,156,33.2392,33.7827,0.5435
tiny,chip_163_537_merged.tif,0.8,3,1213640222,156,33.0065,33.7962,0.7897
tiny,chip_163_537_merged.tif,0.8,4,733694704,156,33.1747,33.6504,0.4757
tiny,chip_163_593_merged.tif,0.2,0,297217528,39,30.1519,31.8164,1.6646
tiny,chip_163_593_merged.tif,0.2,1,2064094545,39,29.7738,30.2553,0.4815
tiny,chip_163_593_merged.tif,0.2,2,1584149027,39,30.5786,31.3154,0.7368
tiny,chip_163_593_merged.tif,0.2,3,1203542396,39,29.5523,31.4985,1.9462
tiny,chip_163_593_merged.tif,0.2,4,723596878,39,29.7727,31.975,2.2022
tiny,chip_163_593_merged.tif,0.4,0,1478764993,78,29.5496,30.604,1.0544
tiny,chip_163_593_merged.tif,0.4,1,998819475,78,29.8281,31.6058,1.7777
tiny,chip_163_593_merged.tif,0.4,2,618212844,78,30.1186,31.367,1.2484
tiny,chip_163_593_merged.tif,0.4,3,138267326,78,29.9842,30.8298,0.8456
tiny,chip_163_593_merged.tif,0.4,4,1905144343,78,29.9847,30.7376,0.7529
tiny,chip_163_593_merged.tif,0.6,0,1540787636,117,29.6408,30.1787,0.5378
tiny,chip_163_593_merged.tif,0.6,1,1160181005,117,29.7725,30.9262,1.1537
tiny,chip_163_593_merged.tif,0.6,2,680235487,117,29.4721,30.2362,0.764
tiny,chip_163_593_merged.tif,0.6,3,299628856,117,29.4895,30.7136,1.2242
tiny,chip_163_593_merged.tif,0.6,4,1967166986,117,29.7584,30.6146,0.8562
tiny,chip_163_593_merged.tif,0.8,0,1058195440,156,29.5618,30.2188,0.657
tiny,chip_163_593_merged.tif,0.8,1,677588809,156,29.6852,30.0225,0.3373
tiny,chip_163_593_merged.tif,0.8,2,197643291,156,29.5848,30.3693,0.7845
tiny,chip_163_593_merged.tif,0.8,3,1964520308,156,29.5865,30.194,0.6076
tiny,chip_163_593_merged.tif,0.8,4,1484574790,156,29.587,30.1866,0.5996
tiny,chip_164_475_merged.tif,0.2,0,1428146796,39,31.7399,33.6311,1.8912
tiny,chip_164_475_merged.tif,0.2,1,1047540165,39,32.9453,33.2285,0.2832
tiny,chip_164_475_merged.tif,0.2,2,567594647,39,32.6408,33.0922,0.4514
tiny,chip_164_475_merged.tif,0.2,3,186988016,39,31.7777,33.7096,1.9319
tiny,chip_164_475_merged.tif,0.2,4,1854526146,39,32.1624,32.6643,0.502
tiny,chip_164_475_merged.tif,0.4,0,1267531463,78,32.8172,33.5221,0.7049
tiny,chip_164_475_merged.tif,0.4,1,787585945,78,31.9872,32.9715,0.9844
tiny,chip_164_475_merged.tif,0.4,2,406979314,78,32.4341,33.9269,1.4928
tiny,chip_164_475_merged.tif,0.4,3,26372683,78,31.9934,33.1878,1.1944
tiny,chip_164_475_merged.tif,0.4,4,1693910813,78,31.7251,33.2035,1.4784
tiny,chip_164_475_merged.tif,0.6,0,524233256,117,31.6273,32.6278,1.0006
tiny,chip_164_475_merged.tif,0.6,1,44287738,117,31.6163,33.0247,1.4085
tiny,chip_164_475_merged.tif,0.6,2,1811164755,117,31.7675,32.379,0.6116
tiny,chip_164_475_merged.tif,0.6,3,1430558124,117,32.1511,32.1714,0.0203
tiny,chip_164_475_merged.tif,0.6,4,950612606,117,31.917,32.8435,0.9264
tiny,chip_164_475_merged.tif,0.8,0,41641060,156,30.9722,32.5678,1.5956
tiny,chip_164_475_merged.tif,0.8,1,1808518077,156,31.7655,32.4155,0.65
tiny,chip_164_475_merged.tif,0.8,2,1328572559,156,31.7978,32.1451,0.3473
tiny,chip_164_475_merged.tif,0.8,3,947965928,156,30.9694,32.1464,1.1769
tiny,chip_164_475_merged.tif,0.8,4,468020410,156,31.9075,32.3913,0.4838
tiny,chip_165_403_merged.tif,0.2,0,911251472,39,31.1172,33.4771,2.3599
tiny,chip_165_403_merged.tif,0.2,1,530644841,39,31.0497,33.5829,2.5332
tiny,chip_165_403_merged.tif,0.2,2,50699323,39,31.3097,33.7953,2.4857
tiny,chip_165_403_merged.tif,0.2,3,1817576340,39,31.5605,33.3733,1.8128
tiny,chip_165_403_merged.tif,0.2,4,1337630822,39,33.1409,34.4868,1.3459
tiny,chip_165_403_merged.tif,0.4,0,2092798937,78,31.807,33.1285,1.3215
tiny,chip_165_403_merged.tif,0.4,1,1612853419,78,31.2866,33.1395,1.853
tiny,chip_165_403_merged.tif,0.4,2,1232246788,78,31.4793,33.1796,1.7003
tiny,chip_165_403_merged.tif,0.4,3,752301270,78,31.5206,33.2741,1.7535
tiny,chip_165_403_merged.tif,0.4,4,371694639,78,32.0238,32.6657,0.6419
tiny,chip_165_403_merged.tif,0.6,0,7337932,117,31.5994,32.6371,1.0378
tiny,chip_165_403_merged.tif,0.6,1,1674876062,117,31.4423,32.9948,1.5525
tiny,chip_165_403_merged.tif,0.6,2,1294269431,117,30.8209,32.7777,1.9568
tiny,chip_165_403_merged.tif,0.6,3,913662800,117,31.5783,32.7347,1.1565
tiny,chip_165_403_merged.tif,0.6,4,433717282,117,31.4808,32.5962,1.1153
tiny,chip_165_403_merged.tif,0.8,0,1672229384,156,31.5337,31.9538,0.4201
tiny,chip_165_403_merged.tif,0.8,1,1291622753,156,31.1522,31.8277,0.6755
tiny,chip_165_403_merged.tif,0.8,2,811677235,156,31.1498,32.0263,0.8765
tiny,chip_165_403_merged.tif,0.8,3,431070604,156,31.4081,31.6848,0.2767
tiny,chip_165_403_merged.tif,0.8,4,2098608734,156,31.1614,32.2129,1.0515
tiny,chip_165_520_merged.tif,0.2,0,1237850805,39,32.8186,33.6939,0.8753
tiny,chip_165_520_merged.tif,0.2,1,757905287,39,31.7216,33.7622,2.0406
tiny,chip_165_520_merged.tif,0.2,2,377298656,39,31.6567,33.496,1.8393
tiny,chip_165_520_merged.tif,0.2,3,2044836786,39,31.2045,33.8761,2.6716
tiny,chip_165_520_merged.tif,0.2,4,1664230155,39,32.6379,33.8624,1.2245
tiny,chip_165_520_merged.tif,0.4,0,977896585,78,31.6255,32.8783,1.2528
tiny,chip_165_520_merged.tif,0.4,1,597289954,78,32.2389,33.2465,1.0076
tiny,chip_165_520_merged.tif,0.4,2,216683323,78,31.1895,32.9431,1.7537
tiny,chip_165_520_merged.tif,0.4,3,1884221453,78,30.9156,32.7291,1.8135
tiny,chip_165_520_merged.tif,0.4,4,1503614822,78,31.9553,33.3401,1.3848
tiny,chip_165_520_merged.tif,0.6,0,333937265,117,31.002,32.1933,1.1913
tiny,chip_165_520_merged.tif,0.6,1,2001475395,117,30.8504,32.6791,1.8287
tiny,chip_165_520_merged.tif,0.6,2,1620868764,117,30.3372,33.1594,2.8222
tiny,chip_165_520_merged.tif,0.6,3,1140923246,117,31.0221,33.0753,2.0532
tiny,chip_165_520_merged.tif,0.6,4,760316615,117,31.0279,32.5821,1.5542
tiny,chip_165_520_merged.tif,0.8,0,1998828717,156,31.3085,31.9976,0.6891
tiny,chip_165_520_merged.tif,0.8,1,1518883199,156,30.589,32.017,1.428
tiny,chip_165_520_merged.tif,0.8,2,1138276568,156,31.2335,31.8965,0.663
tiny,chip_165_520_merged.tif,0.8,3,658331050,156,30.8333,32.2432,1.4099
tiny,chip_165_520_merged.tif,0.8,4,277724419,156,31.4363,32.4763,1.04
tiny,chip_165_524_merged.tif,0.2,0,13784087,39,33.8736,34.6847,0.811
tiny,chip_165_524_merged.tif,0.2,1,1780661104,39,33.3065,33.6861,0.3796
tiny,chip_165_524_merged.tif,0.2,2,1300715586,39,33.3998,34.5425,1.1427
tiny,chip_165_524_merged.tif,0.2,3,920108955,39,32.2812,34.5928,2.3116
tiny,chip_165_524_merged.tif,0.2,4,539502324,39,33.9649,34.4647,0.4997
tiny,chip_165_524_merged.tif,0.4,0,1195331552,78,32.9666,34.3875,1.4209
tiny,chip_165_524_merged.tif,0.4,1,715386034,78,33.5592,34.5015,0.9424
tiny,chip_165_524_merged.tif,0.4,2,334779403,78,34.2772,34.1796,-0.0976
tiny,chip_165_524_merged.tif,0.4,3,2101656420,78,33.1577,34.7302,1.5725
tiny,chip_165_524_merged.tif,0.4,4,1621710902,78,33.5214,33.3469,-0.1745
tiny,chip_165_524_merged.tif,0.6,0,1257354195,117,33.266,34.1608,0.8948
tiny,chip_165_524_merged.tif,0.6,1,876747564,117,33.4008,33.2354,-0.1654
tiny,chip_165_524_merged.tif,0.6,2,396802046,117,33.3007,34.1768,0.8761
tiny,chip_165_524_merged.tif,0.6,3,16195415,117,33.5712,33.4168,-0.1544
tiny,chip_165_524_merged.tif,0.6,4,1683733545,117,33.2589,33.3018,0.0428
tiny,chip_165_524_merged.tif,0.8,0,774761999,156,32.9654,32.8447,-0.1207
tiny,chip_165_524_merged.tif,0.8,1,394155368,156,33.0832,33.082,-0.0011
tiny,chip_165_524_merged.tif,0.8,2,2061693498,156,32.7963,33.9562,1.1599
tiny,chip_165_524_merged.tif,0.8,3,1681086867,156,33.3591,33.9349,0.5758
tiny,chip_165_524_merged.tif,0.8,4,1300480236,156,32.8037,33.4001,0.5964
tiny,chip_166_411_merged.tif,0.2,0,1843920951,39,32.7975,33.0422,0.2447
tiny,chip_166_411_merged.tif,0.2,1,1463314320,39,32.5463,32.9914,0.4451
tiny,chip_166_411_merged.tif,0.2,2,983368802,39,33.8626,32.7411,-1.1214
tiny,chip_166_411_merged.tif,0.2,3,602762171,39,31.347,34.1828,2.8357
tiny,chip_166_411_merged.tif,0.2,4,222155540,39,32.1978,33.172,0.9742
tiny,chip_166_411_merged.tif,0.4,0,1683305618,78,32.0143,33.622,1.6077
tiny,chip_166_411_merged.tif,0.4,1,1302698987,78,32.5402,32.9063,0.3661
tiny,chip_166_411_merged.tif,0.4,2,822753469,78,31.8688,33.588,1.7192
tiny,chip_166_411_merged.tif,0.4,3,442146838,78,33.1543,33.5681,0.4138
tiny,chip_166_411_merged.tif,0.4,4,2109684968,78,31.8341,33.7506,1.9165
tiny,chip_166_411_merged.tif,0.6,0,940007411,117,31.5074,33.0238,1.5164
tiny,chip_166_411_merged.tif,0.6,1,559400780,117,32.0625,33.5289,1.4664
tiny,chip_166_411_merged.tif,0.6,2,79455262,117,32.1148,32.5931,0.4782
tiny,chip_166_411_merged.tif,0.6,3,1846332279,117,32.4435,32.9593,0.5159
tiny,chip_166_411_merged.tif,0.6,4,1366386761,117,32.0083,33.1209,1.1127
tiny,chip_166_411_merged.tif,0.8,0,457415215,156,31.4673,33.0808,1.6135
tiny,chip_166_411_merged.tif,0.8,1,76808584,156,31.4491,32.4664,1.0173
tiny,chip_166_411_merged.tif,0.8,2,1744346714,156,32.1439,32.864,0.7201
tiny,chip_166_411_merged.tif,0.8,3,1363740083,156,32.0004,32.4036,0.4031
tiny,chip_166_411_merged.tif,0.8,4,983133452,156,32.0219,32.2267,0.2048
tiny,chip_166_524_merged.tif,0.2,0,808461738,39,34.738,35.325,0.587
tiny,chip_166_524_merged.tif,0.2,1,328516220,39,34.573,35.52,0.947
tiny,chip_166_524_merged.tif,0.2,2,2095393237,39,35.0582,35.3853,0.3271
tiny,chip_166_524_merged.tif,0.2,3,1615447719,39,33.4461,35.9338,2.4877
tiny,chip_166_524_merged.tif,0.2,4,1234841088,39,34.7905,35.7787,0.9883
tiny,chip_166_524_merged.tif,0.4,0,1890670316,78,33.9114,35.0064,1.095
tiny,chip_166_524_merged.tif,0.4,1,1510063685,78,33.9119,35.6956,1.7837
tiny,chip_166_524_merged.tif,0.4,2,1030118167,78,34.2514,34.5981,0.3466
tiny,chip_166_524_merged.tif,0.4,3,649511536,78,33.9096,35.188,1.2784
tiny,chip_166_524_merged.tif,0.4,4,169566018,78,33.8004,34.7314,0.931
tiny,chip_166_524_merged.tif,0.6,0,1952692959,117,33.8936,34.7912,0.8977
tiny,chip_166_524_merged.tif,0.6,1,1572086328,117,33.8809,34.3358,0.455
tiny,chip_166_524_merged.tif,0.6,2,1092140810,117,34.0422,35.1889,1.1467
tiny,chip_166_524_merged.tif,0.6,3,711534179,117,33.4742,34.7601,1.2859
tiny,chip_166_524_merged.tif,0.6,4,330927548,117,33.7939,34.7331,0.9392
tiny,chip_166_524_merged.tif,0.8,0,1569439650,156,33.4577,34.1953,0.7376
tiny,chip_166_524_merged.tif,0.8,1,1089494132,156,33.6082,33.9601,0.3519
tiny,chip_166_524_merged.tif,0.8,2,708887501,156,33.4455,34.2231,0.7776
tiny,chip_166_524_merged.tif,0.8,3,228941983,156,33.4199,34.131,0.711
tiny,chip_166_524_merged.tif,0.8,4,1995819000,156,33.4841,34.1766,0.6925
tiny,chip_166_587_merged.tif,0.2,0,823685303,39,31.3013,33.4471,2.1458
tiny,chip_166_587_merged.tif,0.2,1,343739785,39,32.5883,34.3131,1.7248
tiny,chip_166_587_merged.tif,0.2,2,2110616802,39,31.9438,33.9317,1.9879
tiny,chip_166_587_merged.tif,0.2,3,1730010171,39,31.8138,33.2812,1.4674
tiny,chip_166_587_merged.tif,0.2,4,1250064653,39,32.5552,32.5125,-0.0427
tiny,chip_166_587_merged.tif,0.4,0,1905893881,78,31.6774,32.6098,0.9325
tiny,chip_166_587_merged.tif,0.4,1,1525287250,78,31.1692,32.6186,1.4494
tiny,chip_166_587_merged.tif,0.4,2,1144680619,78,31.8592,32.2857,0.4265
tiny,chip_166_587_merged.tif,0.4,3,664735101,78,30.9565,33.0998,2.1433
tiny,chip_166_587_merged.tif,0.4,4,284128470,78,30.7352,32.0124,1.2772
tiny,chip_166_587_merged.tif,0.6,0,2067255411,117,30.6895,31.6498,0.9603
tiny,chip_166_587_merged.tif,0.6,1,1587309893,117,30.3328,32.3012,1.9685
tiny,chip_166_587_merged.tif,0.6,2,1206703262,117,30.7968,32.3428,1.546
tiny,chip_166_587_merged.tif,0.6,3,726757744,117,30.9555,32.6354,1.6799
tiny,chip_166_587_merged.tif,0.6,4,346151113,117,31.0534,32.6092,1.5558
tiny,chip_166_587_merged.tif,0.8,0,779342365,156,31.2486,31.3661,0.1174
tiny,chip_166_587_merged.tif,0.8,1,299396847,156,31.2363,31.6265,0.3902
tiny,chip_166_587_merged.tif,0.8,2,2066273864,156,30.2671,31.7511,1.484
tiny,chip_166_587_merged.tif,0.8,3,1586328346,156,30.7338,31.9002,1.1664
tiny,chip_166_587_merged.tif,0.8,4,1205721715,156,30.2572,32.1124,1.8552
tiny,chip_167_340_merged.tif,0.2,0,1313979371,39,32.192,35.2201,3.028
tiny,chip_167_340_merged.tif,0.2,1,933372740,39,33.3737,34.215,0.8413
tiny,chip_167_340_merged.tif,0.2,2,453427222,39,34.105,34.6327,0.5277
tiny,chip_167_340_merged.tif,0.2,3,72820591,39,33.704,34.5984,0.8945
tiny,chip_167_340_merged.tif,0.2,4,1740358721,39,32.1933,34.6373,2.444
tiny,chip_167_340_merged.tif,0.4,0,1153364038,78,32.8013,33.5828,0.7814
tiny,chip_167_340_merged.tif,0.4,1,772757407,78,32.7884,33.5416,0.7532
tiny,chip_167_340_merged.tif,0.4,2,292811889,78,32.6202,33.7329,1.1127
tiny,chip_167_340_merged.tif,0.4,3,2059688906,78,32.801,33.679,0.8779
tiny,chip_167_340_merged.tif,0.4,4,1579743388,78,32.6152,34.389,1.7738
tiny,chip_167_340_merged.tif,0.6,0,410065831,117,32.477,33.3986,0.9216
tiny,chip_167_340_merged.tif,0.6,1,29459200,117,32.612,33.305,0.693
tiny,chip_167_340_merged.tif,0.6,2,1696997330,117,32.4752,33.6401,1.1649
tiny,chip_167_340_merged.tif,0.6,3,1316390699,117,32.5156,33.546,1.0304
tiny,chip_167_340_merged.tif,0.6,4,836445181,117,32.5176,33.7066,1.189
tiny,chip_167_340_merged.tif,0.8,0,2074957283,156,32.5806,32.828,0.2475
tiny,chip_167_340_merged.tif,0.8,1,1694350652,156,32.5655,33.0416,0.4761
tiny,chip_167_340_merged.tif,0.8,2,1214405134,156,32.3294,33.1624,0.833
tiny,chip_167_340_merged.tif,0.8,3,833798503,156,32.1331,33.2058,1.0727
tiny,chip_167_340_merged.tif,0.8,4,353852985,156,32.5783,33.1822,0.6039
tiny,chip_167_411_merged.tif,0.2,0,628262671,39,34.0525,34.132,0.0794
tiny,chip_167_411_merged.tif,0.2,1,148317153,39,34.3513,34.7942,0.4429
tiny,chip_167_411_merged.tif,0.2,2,1915194170,39,31.5253,33.9455,2.4202
tiny,chip_167_411_merged.tif,0.2,3,1435248652,39,31.5274,35.2736,3.7462
tiny,chip_167_411_merged.tif,0.2,4,1054642021,39,31.5269,34.6045,3.0776
tiny,chip_167_411_merged.tif,0.4,0,1710471249,78,31.631,34.3013,2.6703
tiny,chip_167_411_merged.tif,0.4,1,1329864618,78,32.5435,33.9657,1.4222
tiny,chip_167_411_merged.tif,0.4,2,849919100,78,31.632,34.6426,3.0105
tiny,chip_167_411_merged.tif,0.4,3,469312469,78,31.8347,34.3447,2.51
tiny,chip_167_411_merged.tif,0.4,4,88705838,78,32.1512,34.4807,2.3296
tiny,chip_167_411_merged.tif,0.6,0,1871832779,117,32.8824,34.1761,1.2937
tiny,chip_167_411_merged.tif,0.6,1,1391887261,117,33.3351,33.8473,0.5122
tiny,chip_167_411_merged.tif,0.6,2,1011280630,117,32.7438,33.7977,1.0539
tiny,chip_167_411_merged.tif,0.6,3,531335112,117,32.7769,33.2188,0.442
tiny,chip_167_411_merged.tif,0.6,4,150728481,117,32.8675,33.4821,0.6146
tiny,chip_167_411_merged.tif,0.8,0,1389240583,156,32.828,33.1237,0.2957
tiny,chip_167_411_merged.tif,0.8,1,909295065,156,32.7397,32.7758,0.0361
tiny,chip_167_411_merged.tif,0.8,2,528688434,156,31.5569,32.5439,0.987
tiny,chip_167_411_merged.tif,0.8,3,48742916,156,32.4213,32.8454,0.424
tiny,chip_167_411_merged.tif,0.8,4,1815619933,156,32.3993,32.6235,0.2242
tiny,chip_167_437_merged.tif,0.2,0,576277046,39,34.8224,35.427,0.6046
tiny,chip_167_437_merged.tif,0.2,1,195670415,39,34.8809,35.4472,0.5663
tiny,chip_167_437_merged.tif,0.2,2,1962547432,39,34.7928,36.0956,1.3028
tiny,chip_167_437_merged.tif,0.2,3,1482601914,39,34.7274,35.3665,0.6392
tiny,chip_167_437_merged.tif,0.2,4,1101995283,39,34.1387,34.7431,0.6044
tiny,chip_167_437_merged.tif,0.4,0,415661713,78,33.7782,35.4489,1.6706
tiny,chip_167_437_merged.tif,0.4,1,35055082,78,33.4249,36.2461,2.8212
tiny,chip_167_437_merged.tif,0.4,2,1702593212,78,33.8931,35.9889,2.0957
tiny,chip_167_437_merged.tif,0.4,3,1321986581,78,33.6315,35.643,2.0115
tiny,chip_167_437_merged.tif,0.4,4,842041063,78,33.8502,35.3428,1.4926
tiny,chip_167_437_merged.tif,0.6,0,1819847154,117,33.1181,35.0619,1.9438
tiny,chip_167_437_merged.tif,0.6,1,1439240523,117,33.4576,35.0116,1.554
tiny,chip_167_437_merged.tif,0.6,2,959295005,117,33.806,35.0564,1.2505
tiny,chip_167_437_merged.tif,0.6,3,578688374,117,33.8173,35.1963,1.379
tiny,chip_167_437_merged.tif,0.6,4,98742856,117,33.9082,34.8221,0.9139
tiny,chip_167_437_merged.tif,0.8,0,1337254958,156,33.1131,34.3858,1.2727
tiny,chip_167_437_merged.tif,0.8,1,956648327,156,33.477,34.1798,0.7028
tiny,chip_167_437_merged.tif,0.8,2,576041696,156,33.2797,34.1858,0.906
tiny,chip_167_437_merged.tif,0.8,3,96096178,156,33.1214,33.9578,0.8365
tiny,chip_167_437_merged.tif,0.8,4,1862973195,156,33.8993,34.4416,0.5423
tiny,chip_169_398_merged.tif,0.2,0,142526672,39,36.7814,36.9401,0.1586
tiny,chip_169_398_merged.tif,0.2,1,1810064802,39,36.2671,36.9322,0.6651
tiny,chip_169_398_merged.tif,0.2,2,1429458171,39,36.4864,37.189,0.7026
tiny,chip_169_398_merged.tif,0.2,3,949512653,39,36.1384,37.6474,1.509
tiny,chip_169_398_merged.tif,0.2,4,568906022,39,37.5499,37.3773,-0.1726
tiny,chip_169_398_merged.tif,0.4,0,2030056100,78,34.4229,37.0361,2.6132
tiny,chip_169_398_merged.tif,0.4,1,1649449469,78,36.9748,37.2082,0.2334
tiny,chip_169_398_merged.tif,0.4,2,1268842838,78,36.7049,37.6392,0.9343
tiny,chip_169_398_merged.tif,0.4,3,788897320,78,36.6796,36.0575,-0.622
tiny,chip_169_398_merged.tif,0.4,4,408290689,78,36.9753,36.9518,-0.0235
tiny,chip_169_398_merged.tif,0.6,0,1286757893,117,35.1327,36.8725,1.7398
tiny,chip_169_398_merged.tif,0.6,1,906151262,117,36.5125,36.1473,-0.3651
tiny,chip_169_398_merged.tif,0.6,2,525544631,117,35.1965,36.3904,1.1939
tiny,chip_169_398_merged.tif,0.6,3,45599113,117,34.9208,36.8077,1.8869
tiny,chip_169_398_merged.tif,0.6,4,1812476130,117,36.5185,36.6815,0.163
tiny,chip_169_398_merged.tif,0.8,0,903504584,156,35.2144,36.014,0.7996
tiny,chip_169_398_merged.tif,0.8,1,423559066,156,35.3662,35.9772,0.611
tiny,chip_169_398_merged.tif,0.8,2,42952435,156,35.0769,36.2368,1.16
tiny,chip_169_398_merged.tif,0.8,3,1710490565,156,35.3229,35.6121,0.2892
tiny,chip_169_398_merged.tif,0.8,4,1329883934,156,35.3914,35.9786,0.5872
tiny,chip_169_407_merged.tif,0.2,0,285519607,39,34.5242,36.1748,1.6506
tiny,chip_169_407_merged.tif,0.2,1,1953057737,39,31.3696,35.9383,4.5687
tiny,chip_169_407_merged.tif,0.2,2,1572451106,39,33.1392,35.6303,2.4911
tiny,chip_169_407_merged.tif,0.2,3,1092505588,39,34.8902,35.6921,0.8019
tiny,chip_169_407_merged.tif,0.2,4,711898957,39,34.1136,35.0898,0.9763
tiny,chip_169_407_merged.tif,0.4,0,1367728185,78,33.5386,35.1154,1.5768
tiny,chip_169_407_merged.tif,0.4,1,987121554,78,33.5862,35.2756,1.6894
tiny,chip_169_407_merged.tif,0.4,2,507176036,78,33.9317,35.4301,1.4984
tiny,chip_169_407_merged.tif,0.4,3,126569405,78,33.5873,35.4002,1.8129
tiny,chip_169_407_merged.tif,0.4,4,1794107535,78,33.5232,36.0469,2.5237
tiny,chip_169_407_merged.tif,0.6,0,1429750828,117,33.645,34.3597,0.7146
tiny,chip_169_407_merged.tif,0.6,1,1049144197,117,33.6611,34.739,1.0779
tiny,chip_169_407_merged.tif,0.6,2,668537566,117,33.1176,34.1808,1.0632
tiny,chip_169_407_merged.tif,0.6,3,188592048,117,32.6999,34.5475,1.8476
tiny,chip_169_407_merged.tif,0.6,4,1955469065,117,33.5807,34.8242,1.2435
tiny,chip_169_407_merged.tif,0.8,0,1046497519,156,32.9921,33.8997,0.9076
tiny,chip_169_407_merged.tif,0.8,1,566552001,156,33.0758,33.9156,0.8399
tiny,chip_169_407_merged.tif,0.8,2,185945370,156,33.3058,34.093,0.7872
tiny,chip_169_407_merged.tif,0.8,3,1853483500,156,33.3009,33.8132,0.5123
tiny,chip_169_407_merged.tif,0.8,4,1472876869,156,32.9798,33.8644,0.8846
tiny,chip_170_579_merged.tif,0.2,0,179740516,39,36.3521,37.3641,1.012
tiny,chip_170_579_merged.tif,0.2,1,1847278646,39,37.1611,36.3796,-0.7815
tiny,chip_170_579_merged.tif,0.2,2,1466672015,39,37.0568,37.0403,-0.0165
tiny,chip_170_579_merged.tif,0.2,3,986726497,39,36.7776,36.3967,-0.3809
tiny,chip_170_579_merged.tif,0.2,4,606119866,39,37.055,37.3979,0.3429
tiny,chip_170_579_merged.tif,0.4,0,2067269944,78,36.5401,37.046,0.5059
tiny,chip_170_579_merged.tif,0.4,1,1686663313,78,36.5397,37.3983,0.8586
tiny,chip_170_579_merged.tif,0.4,2,1306056682,78,36.4347,37.3347,0.9
tiny,chip_170_579_merged.tif,0.4,3,826111164,78,36.8156,37.1656,0.35
tiny,chip_170_579_merged.tif,0.4,4,445504533,78,37.1993,37.0033,-0.196
tiny,chip_170_579_merged.tif,0.6,0,1323971737,117,36.6493,37.2228,0.5735
tiny,chip_170_579_merged.tif,0.6,1,943365106,117,36.8466,37.0784,0.2317
tiny,chip_170_579_merged.tif,0.6,2,562758475,117,36.8143,36.7584,-0.0559
tiny,chip_170_579_merged.tif,0.6,3,82812957,117,36.643,36.9149,0.2719
tiny,chip_170_579_merged.tif,0.6,4,1849689974,117,36.8703,36.7539,-0.1164
tiny,chip_170_579_merged.tif,0.8,0,940718428,156,37.0099,37.0171,0.0072
tiny,chip_170_579_merged.tif,0.8,1,460772910,156,36.4738,36.7217,0.2479
tiny,chip_170_579_merged.tif,0.8,2,80166279,156,36.7618,36.9169,0.1551
tiny,chip_170_579_merged.tif,0.8,3,1747704409,156,36.7461,36.7677,0.0216
tiny,chip_170_579_merged.tif,0.8,4,1367097778,156,36.6201,36.7178,0.0977
tiny,chip_171_346_merged.tif,0.2,0,868219744,39,32.3441,34.458,2.114
tiny,chip_171_346_merged.tif,0.2,1,388274226,39,32.3463,35.0796,2.7333
tiny,chip_171_346_merged.tif,0.2,2,7667595,39,33.0525,34.396,1.3435
tiny,chip_171_346_merged.tif,0.2,3,1774544612,39,32.758,33.1844,0.4265
tiny,chip_171_346_merged.tif,0.2,4,1294599094,39,32.6564,34.8977,2.2412
tiny,chip_171_346_merged.tif,0.4,0,1950428322,78,30.9272,33.2119,2.2847
tiny,chip_171_346_merged.tif,0.4,1,1569821691,78,31.9509,33.7194,1.7685
tiny,chip_171_346_merged.tif,0.4,2,1189215060,78,32.5314,33.6385,1.1071
tiny,chip_171_346_merged.tif,0.4,3,709269542,78,31.7774,33.9601,2.1827
tiny,chip_171_346_merged.tif,0.4,4,328662911,78,32.41,33.884,1.4741
tiny,chip_171_346_merged.tif,0.6,0,1207130115,117,31.8251,32.4752,0.6501
tiny,chip_171_346_merged.tif,0.6,1,826523484,117,31.5869,33.6281,2.0412
tiny,chip_171_346_merged.tif,0.6,2,445916853,117,31.5453,33.3898,1.8445
tiny,chip_171_346_merged.tif,0.6,3,2113454983,117,31.7286,33.5512,1.8226
tiny,chip_171_346_merged.tif,0.6,4,1732848352,117,31.3082,33.3246,2.0165
tiny,chip_171_346_merged.tif,0.8,0,823876806,156,31.4813,32.1064,0.6252
tiny,chip_171_346_merged.tif,0.8,1,343931288,156,31.8846,32.0997,0.2151
tiny,chip_171_346_merged.tif,0.8,2,2110808305,156,31.4767,32.6678,1.1912
tiny,chip_171_346_merged.tif,0.8,3,1630862787,156,31.4566,32.5991,1.1425
tiny,chip_171_346_merged.tif,0.8,4,1250256156,156,31.1441,32.5561,1.4121
tiny,chip_171_431_merged.tif,0.2,0,69281089,39,35.3514,35.6363,0.2849
tiny,chip_171_431_merged.tif,0.2,1,1736819219,39,31.7945,36.4027,4.6082
tiny,chip_171_431_merged.tif,0.2,2,1356212588,39,33.1969,36.5864,3.3895
tiny,chip_171_431_merged.tif,0.2,3,876267070,39,34.2827,35.8255,1.5428
tiny,chip_171_431_merged.tif,0.2,4,495660439,39,33.5825,36.2043,2.6218
tiny,chip_171_431_merged.tif,0.4,0,1151489667,78,34.443,35.3252,0.8822
tiny,chip_171_431_merged.tif,0.4,1,770883036,78,33.9319,35.7132,1.7813
tiny,chip_171_431_merged.tif,0.4,2,290937518,78,32.6831,36.0144,3.3312
tiny,chip_171_431_merged.tif,0.4,3,2057814535,78,34.1133,35.5666,1.4532
tiny,chip_171_431_merged.tif,0.4,4,1577869017,78,33.1751,35.872,2.6969
tiny,chip_171_431_merged.tif,0.6,0,1213512310,117,34.0343,35.4578,1.4235
tiny,chip_171_431_merged.tif,0.6,1,832905679,117,33.7146,34.9917,1.2771
tiny,chip_171_431_merged.tif,0.6,2,452299048,117,34.352,35.041,0.6889
tiny,chip_171_431_merged.tif,0.6,3,2119837178,117,33.686,35.6531,1.9671
tiny,chip_171_431_merged.tif,0.6,4,1739230547,117,33.076,34.9994,1.9234
tiny,chip_171_431_merged.tif,0.8,0,830259001,156,33.184,34.0,0.816
tiny,chip_171_431_merged.tif,0.8,1,350313483,156,32.9205,34.349,1.4285
tiny,chip_171_431_merged.tif,0.8,2,2117190500,156,33.034,34.4729,1.4389
tiny,chip_171_431_merged.tif,0.8,3,1637244982,156,32.4677,34.6112,2.1435
tiny,chip_171_431_merged.tif,0.8,4,1256638351,156,33.1862,33.9,0.7138
tiny,chip_171_586_merged.tif,0.2,0,899019476,39,33.4758,34.8103,1.3345
tiny,chip_171_586_merged.tif,0.2,1,518412845,39,32.5703,33.7425,1.1722
tiny,chip_171_586_merged.tif,0.2,2,38467327,39,33.9703,33.6594,-0.3108
tiny,chip_171_586_merged.tif,0.2,3,1805344344,39,33.4949,34.105,0.6101
tiny,chip_171_586_merged.tif,0.2,4,1424737713,39,33.9701,33.9673,-0.0028
tiny,chip_171_586_merged.tif,0.4,0,738404143,78,32.8925,33.7476,0.855
tiny,chip_171_586_merged.tif,0.4,1,357797512,78,32.8936,33.7771,0.8836
tiny,chip_171_586_merged.tif,0.4,2,2025335642,78,33.3402,33.5124,0.1722
tiny,chip_171_586_merged.tif,0.4,3,1644729011,78,33.7096,33.621,-0.0887
tiny,chip_171_586_merged.tif,0.4,4,1164783493,78,32.8929,33.4391,0.5462
tiny,chip_171_586_merged.tif,0.6,0,2142589584,117,33.2325,32.6137,-0.6188
tiny,chip_171_586_merged.tif,0.6,1,1761982953,117,31.9715,33.1952,1.2237
tiny,chip_171_586_merged.tif,0.6,2,1282037435,117,32.5962,33.3211,0.7249
tiny,chip_171_586_merged.tif,0.6,3,901430804,117,32.4096,32.9306,0.521
tiny,chip_171_586_merged.tif,0.6,4,421485286,117,31.3021,32.5963,1.2941
tiny,chip_171_586_merged.tif,0.8,0,1659997388,156,31.6913,32.2615,0.5702
tiny,chip_171_586_merged.tif,0.8,1,1279390757,156,31.7575,32.3124,0.5549
tiny,chip_171_586_merged.tif,0.8,2,799445239,156,31.7619,32.6739,0.912
tiny,chip_171_586_merged.tif,0.8,3,418838608,156,31.24,32.132,0.892
tiny,chip_171_586_merged.tif,0.8,4,38231977,156,32.2551,32.5084,0.2533
tiny,chip_172_154_merged.tif,0.2,0,1862437771,39,27.0145,30.5498,3.5353
tiny,chip_172_154_merged.tif,0.2,1,1382492253,39,28.5381,30.4354,1.8973
tiny,chip_172_154_merged.tif,0.2,2,1001885622,39,28.0334,30.6939,2.6605
tiny,chip_172_154_merged.tif,0.2,3,521940104,39,28.2177,30.7833,2.5657
tiny,chip_172_154_merged.tif,0.2,4,141333473,39,28.2985,30.0254,1.7268
tiny,chip_172_154_merged.tif,0.4,0,1602483551,78,28.5842,29.4672,0.883
tiny,chip_172_154_merged.tif,0.4,1,1221876920,78,26.9204,30.4339,3.5135
tiny,chip_172_154_merged.tif,0.4,2,841270289,78,27.7096,29.9275,2.2179
tiny,chip_172_154_merged.tif,0.4,3,361324771,78,27.7083,29.0995,1.3912
tiny,chip_172_154_merged.tif,0.4,4,2128201788,78,27.892,29.3917,1.4997
tiny,chip_172_154_merged.tif,0.6,0,859185344,117,27.4552,28.7291,1.2739
tiny,chip_172_154_merged.tif,0.6,1,478578713,117,28.0844,28.6773,0.5929
tiny,chip_172_154_merged.tif,0.6,2,97972082,117,27.5545,29.4358,1.8812
tiny,chip_172_154_merged.tif,0.6,3,1765510212,117,28.3669,29.5671,1.2002
tiny,chip_172_154_merged.tif,0.6,4,1384903581,117,26.8981,29.0103,2.1122
tiny,chip_172_154_merged.tif,0.8,0,475932035,156,27.7667,28.1581,0.3914
tiny,chip_172_154_merged.tif,0.8,1,2143470165,156,27.7435,28.3823,0.6388
tiny,chip_172_154_merged.tif,0.8,2,1762863534,156,27.9076,28.6958,0.7882
tiny,chip_172_154_merged.tif,0.8,3,1282918016,156,26.9466,28.7274,1.7808
tiny,chip_172_154_merged.tif,0.8,4,902311385,156,27.8634,28.6315,0.768
tiny,chip_173_503_merged.tif,0.2,0,1629640165,39,33.6181,35.5916,1.9734
tiny,chip_173_503_merged.tif,0.2,1,1249033534,39,33.1403,34.3986,1.2583
tiny,chip_173_503_merged.tif,0.2,2,769088016,39,33.1267,34.6543,1.5275
tiny,chip_173_503_merged.tif,0.2,3,388481385,39,33.4277,34.3638,0.9361
tiny,chip_173_503_merged.tif,0.2,4,2056019515,39,33.9503,34.2761,0.3258
tiny,chip_173_503_merged.tif,0.4,0,1469024832,78,33.2354,34.664,1.4286
tiny,chip_173_503_merged.tif,0.4,1,1088418201,78,33.0581,34.5752,1.5172
tiny,chip_173_503_merged.tif,0.4,2,608472683,78,32.8076,34.7693,1.9617
tiny,chip_173_503_merged.tif,0.4,3,227866052,78,32.9054,34.6901,1.7847
tiny,chip_173_503_merged.tif,0.4,4,1895404182,78,32.6083,34.1774,1.5691
tiny,chip_173_503_merged.tif,0.6,0,725726625,117,32.8281,33.8012,0.9731
tiny,chip_173_503_merged.tif,0.6,1,345119994,117,32.6731,33.7836,1.1104
tiny,chip_173_503_merged.tif,0.6,2,2012658124,117,32.6327,33.9213,1.2886
tiny,chip_173_503_merged.tif,0.6,3,1632051493,117,32.6473,34.3891,1.7418
tiny,chip_173_503_merged.tif,0.6,4,1152105975,117,32.6299,34.1847,1.5547
tiny,chip_173_503_merged.tif,0.8,0,243134429,156,32.7734,33.3102,0.5368
tiny,chip_173_503_merged.tif,0.8,1,2010011446,156,32.8546,33.4081,0.5536
tiny,chip_173_503_merged.tif,0.8,2,1530065928,156,32.1179,33.5187,1.4008
tiny,chip_173_503_merged.tif,0.8,3,1149459297,156,32.7363,33.2291,0.4928
tiny,chip_173_503_merged.tif,0.8,4,669513779,156,32.0907,32.9598,0.869
tiny,chip_173_586_merged.tif,0.2,0,1829654527,39,30.4845,33.3858,2.9013
tiny,chip_173_586_merged.tif,0.2,1,1349709009,39,32.495,33.102,0.6069
tiny,chip_173_586_merged.tif,0.2,2,969102378,39,31.0869,33.3582,2.2714
tiny,chip_173_586_merged.tif,0.2,3,489156860,39,32.904,33.9012,0.9972
tiny,chip_173_586_merged.tif,0.2,4,108550229,39,30.7228,32.5498,1.827
tiny,chip_173_586_merged.tif,0.4,0,764379457,78,30.6729,32.5852,1.9124
tiny,chip_173_586_merged.tif,0.4,1,383772826,78,30.3963,33.0085,2.6122
tiny,chip_173_586_merged.tif,0.4,2,2051310956,78,30.6497,32.083,1.4334
tiny,chip_173_586_merged.tif,0.4,3,1670704325,78,30.3975,32.8139,2.4164
tiny,chip_173_586_merged.tif,0.4,4,1190758807,78,30.397,33.1508,2.7538
tiny,chip_173_586_merged.tif,0.6,0,826402100,117,30.2125,32.1561,1.9437
tiny,chip_173_586_merged.tif,0.6,1,445795469,117,30.8109,32.006,1.1951
tiny,chip_173_586_merged.tif,0.6,2,65188838,117,30.8201,32.4066,1.5865
tiny,chip_173_586_merged.tif,0.6,3,1732726968,117,30.7058,32.3054,1.5995
tiny,chip_173_586_merged.tif,0.6,4,1352120337,117,30.2599,31.8789,1.619
tiny,chip_173_586_merged.tif,0.8,0,443148791,156,30.2901,31.5694,1.2793
tiny,chip_173_586_merged.tif,0.8,1,2110686921,156,30.2844,31.2174,0.933
tiny,chip_173_586_merged.tif,0.8,2,1730080290,156,30.427,31.4337,1.0066
tiny,chip_173_586_merged.tif,0.8,3,1250134772,156,30.5831,31.1707,0.5876
tiny,chip_173_586_merged.tif,0.8,4,869528141,156,30.1592,31.3433,1.1841
tiny,chip_174_360_merged.tif,0.2,0,1754392894,39,33.5104,34.0988,0.5884
tiny,chip_174_360_merged.tif,0.2,1,1274447376,39,32.7308,33.6931,0.9623
tiny,chip_174_360_merged.tif,0.2,2,893840745,39,31.703,34.8196,3.1166
tiny,chip_174_360_merged.tif,0.2,3,413895227,39,33.1142,33.4997,0.3855
tiny,chip_174_360_merged.tif,0.2,4,33288596,39,32.2306,33.7882,1.5576
tiny,chip_174_360_merged.tif,0.4,0,689117824,78,32.745,33.3308,0.5858
tiny,chip_174_360_merged.tif,0.4,1,308511193,78,31.9136,34.0707,2.1571
tiny,chip_174_360_merged.tif,0.4,2,1976049323,78,32.0464,33.9035,1.8571
tiny,chip_174_360_merged.tif,0.4,3,1595442692,78,32.1513,33.8529,1.7016
tiny,chip_174_360_merged.tif,0.4,4,1115497174,78,32.6142,33.9278,1.3136
tiny,chip_174_360_merged.tif,0.6,0,2093303265,117,32.2003,32.9381,0.7378
tiny,chip_174_360_merged.tif,0.6,1,1712696634,117,32.0186,33.5292,1.5106
tiny,chip_174_360_merged.tif,0.6,2,1232751116,117,32.1212,33.1802,1.059
tiny,chip_174_360_merged.tif,0.6,3,852144485,117,32.1415,33.6402,1.4986
tiny,chip_174_360_merged.tif,0.6,4,372198967,117,32.5685,33.3474,0.7789
tiny,chip_174_360_merged.tif,0.8,0,1610711069,156,32.0512,32.7687,0.7175
tiny,chip_174_360_merged.tif,0.8,1,1230104438,156,32.3052,32.5149,0.2097
tiny,chip_174_360_merged.tif,0.8,2,750158920,156,32.3081,32.7173,0.4092
tiny,chip_174_360_merged.tif,0.8,3,369552289,156,32.3127,32.8889,0.5762
tiny,chip_174_360_merged.tif,0.8,4,2136429306,156,32.0697,32.785,0.7153
tiny,chip_174_408_merged.tif,0.2,0,1390000475,39,34.6033,34.6288,0.0256
tiny,chip_174_408_merged.tif,0.2,1,910054957,39,32.315,35.3639,3.0489
tiny,chip_174_408_merged.tif,0.2,2,529448326,39,31.2277,35.4595,4.2318
tiny,chip_174_408_merged.tif,0.2,3,148841695,39,32.9793,35.4505,2.4712
tiny,chip_174_408_merged.tif,0.2,4,1816379825,39,32.6728,35.1772,2.5044
tiny,chip_174_408_merged.tif,0.4,0,1229385142,78,33.1986,34.7191,1.5206
tiny,chip_174_408_merged.tif,0.4,1,749439624,78,33.4813,34.8555,1.3743
tiny,chip_174_408_merged.tif,0.4,2,368832993,78,32.2663,34.7745,2.5082
tiny,chip_174_408_merged.tif,0.4,3,2036371123,78,29.7573,34.7184,4.9611
tiny,chip_174_408_merged.tif,0.4,4,1655764492,78,33.549,34.9865,1.4375
tiny,chip_174_408_merged.tif,0.6,0,486086935,117,32.5678,34.4428,1.8749
tiny,chip_174_408_merged.tif,0.6,1,6141417,117,33.2368,34.1082,0.8715
tiny,chip_174_408_merged.tif,0.6,2,1773018434,117,33.2195,34.3563,1.1368
tiny,chip_174_408_merged.tif,0.6,3,1293072916,117,33.2525,34.2456,0.9931
tiny,chip_174_408_merged.tif,0.6,4,912466285,117,32.6953,34.3947,1.6994
tiny,chip_174_408_merged.tif,0.8,0,3494739,156,32.3167,32.6765,0.3597
tiny,chip_174_408_merged.tif,0.8,1,1671032869,156,30.9063,33.5021,2.5958
tiny,chip_174_408_merged.tif,0.8,2,1290426238,156,30.9049,32.8941,1.9892
tiny,chip_174_408_merged.tif,0.8,3,909819607,156,32.3297,33.0757,0.746
tiny,chip_174_408_merged.tif,0.8,4,429874089,156,31.6427,33.1212,1.4784
tiny,chip_175_400_merged.tif,0.2,0,1029010092,39,37.2305,38.7741,1.5436
tiny,chip_175_400_merged.tif,0.2,1,549064574,39,37.1012,38.3609,1.2596
tiny,chip_175_400_merged.tif,0.2,2,168457943,39,36.5438,38.7538,2.21
tiny,chip_175_400_merged.tif,0.2,3,1935334960,39,37.6755,38.2437,0.5682
tiny,chip_175_400_merged.tif,0.2,4,1455389442,39,36.5425,38.0708,1.5283
tiny,chip_175_400_merged.tif,0.4,0,868394759,78,37.8005,38.301,0.5005
tiny,chip_175_400_merged.tif,0.4,1,388449241,78,37.3678,38.0234,0.6556
tiny,chip_175_400_merged.tif,0.4,2,7842610,78,36.7468,37.778,1.0313
tiny,chip_175_400_merged.tif,0.4,3,1675380740,78,37.7229,38.054,0.331
tiny,chip_175_400_merged.tif,0.4,4,1294774109,78,37.7225,38.2132,0.4907
tiny,chip_175_400_merged.tif,0.6,0,125096552,117,36.8962,37.7427,0.8464
tiny,chip_175_400_merged.tif,0.6,1,1792634682,117,37.0872,37.771,0.6838
tiny,chip_175_400_merged.tif,0.6,2,1412028051,117,37.1593,37.6173,0.4579
tiny,chip_175_400_merged.tif,0.6,3,932082533,117,36.8708,37.7406,0.8698
tiny,chip_175_400_merged.tif,0.6,4,551475902,117,36.8829,37.9011,1.0182
tiny,chip_175_400_merged.tif,0.8,0,1789988004,156,36.9919,37.2589,0.267
tiny,chip_175_400_merged.tif,0.8,1,1310042486,156,36.8563,37.368,0.5117
tiny,chip_175_400_merged.tif,0.8,2,929435855,156,36.6674,37.1668,0.4994
tiny,chip_175_400_merged.tif,0.8,3,548829224,156,36.7646,37.7236,0.959
tiny,chip_175_400_merged.tif,0.8,4,68883706,156,36.7733,37.107,0.3337
tiny,chip_175_432_merged.tif,0.2,0,328225662,39,35.1597,35.3507,0.1911
tiny,chip_175_432_merged.tif,0.2,1,2095102679,39,33.9525,35.6968,1.7443
tiny,chip_175_432_merged.tif,0.2,2,1615157161,39,35.1594,35.1759,0.0165
tiny,chip_175_432_merged.tif,0.2,3,1234550530,39,35.1586,34.7232,-0.4354
tiny,chip_175_432_merged.tif,0.2,4,754605012,39,35.8541,35.1452,-0.7089
tiny,chip_175_432_merged.tif,0.4,0,167610329,78,30.2955,34.8107,4.5151
tiny,chip_175_432_merged.tif,0.4,1,1835148459,78,31.9243,34.6913,2.7669
tiny,chip_175_432_merged.tif,0.4,2,1454541828,78,32.1353,34.6918,2.5565
tiny,chip_175_432_merged.tif,0.4,3,974596310,78,31.0539,34.4916,3.4377
tiny,chip_175_432_merged.tif,0.4,4,593989679,78,30.8054,34.9394,4.134
tiny,chip_175_432_merged.tif,0.6,0,1571795770,117,30.5575,33.1453,2.5878
tiny,chip_175_432_merged.tif,0.6,1,1091850252,117,32.0865,33.52,1.4335
tiny,chip_175_432_merged.tif,0.6,2,711243621,117,31.0649,34.2749,3.2101
tiny,chip_175_432_merged.tif,0.6,3,231298103,117,32.8889,32.5075,-0.3814
tiny,chip_175_432_merged.tif,0.6,4,1998175120,117,30.5552,33.5323,2.977
tiny,chip_175_432_merged.tif,0.8,0,1089203574,156,30.3057,32.5532,2.2475
tiny,chip_175_432_merged.tif,0.8,1,708596943,156,30.8614,32.8084,1.947
tiny,chip_175_432_merged.tif,0.8,2,228651425,156,30.5881,32.9716,2.3835
tiny,chip_175_432_merged.tif,0.8,3,1995528442,156,31.7721,32.2846,0.5125
tiny,chip_175_432_merged.tif,0.8,4,1515582924,156,30.2992,32.5439,2.2447
tiny,chip_176_027_merged.tif,0.2,0,471839994,39,32.2242,34.6415,2.4173
tiny,chip_176_027_merged.tif,0.2,1,91233363,39,29.7285,33.8037,4.0751
tiny,chip_176_027_merged.tif,0.2,2,1758771493,39,32.0032,33.0477,1.0446
tiny,chip_176_027_merged.tif,0.2,3,1378164862,39,31.2652,32.401,1.1358
tiny,chip_176_027_merged.tif,0.2,4,997558231,39,31.9525,34.0569,2.1043
tiny,chip_176_027_merged.tif,0.4,0,1653387459,78,29.1882,34.0368,4.8485
tiny,chip_176_027_merged.tif,0.4,1,1173441941,78,29.6711,33.6624,3.9913
tiny,chip_176_027_merged.tif,0.4,2,792835310,78,29.1801,34.5304,5.3503
tiny,chip_176_027_merged.tif,0.4,3,412228679,78,29.6515,31.7975,2.146
tiny,chip_176_027_merged.tif,0.4,4,2079766809,78,29.6531,33.1674,3.5143
tiny,chip_176_027_merged.tif,0.6,0,1715410102,117,30.2783,31.2102,0.9319
tiny,chip_176_027_merged.tif,0.6,1,1334803471,117,30.2924,32.9821,2.6896
tiny,chip_176_027_merged.tif,0.6,2,854857953,117,29.7691,31.0254,1.2563
tiny,chip_176_027_merged.tif,0.6,3,474251322,117,29.7799,33.4343,3.6544
tiny,chip_176_027_merged.tif,0.6,4,2141789452,117,29.3119,32.7408,3.4289
tiny,chip_176_027_merged.tif,0.8,0,1232817906,156,30.1748,31.1771,1.0023
tiny,chip_176_027_merged.tif,0.8,1,852211275,156,30.1431,31.3319,1.1888
tiny,chip_176_027_merged.tif,0.8,2,372265757,156,29.6147,31.509,1.8943
tiny,chip_176_027_merged.tif,0.8,3,2139142774,156,30.167,32.081,1.914
tiny,chip_176_027_merged.tif,0.8,4,1758536143,156,30.1827,32.0142,1.8315
tiny,chip_177_265_merged.tif,0.2,0,1268440634,39,37.2171,39.8308,2.6137
tiny,chip_177_265_merged.tif,0.2,1,788495116,39,38.345,40.3564,2.0114
tiny,chip_177_265_merged.tif,0.2,2,407888485,39,38.7227,39.5942,0.8714
tiny,chip_177_265_merged.tif,0.2,3,2075426615,39,38.445,40.8635,2.4186
tiny,chip_177_265_merged.tif,0.2,4,1694819984,39,36.383,40.3512,3.9681
tiny,chip_177_265_merged.tif,0.4,0,1008486414,78,34.2995,39.6876,5.3881
tiny,chip_177_265_merged.tif,0.4,1,627879783,78,34.2977,39.5395,5.2418
tiny,chip_177_265_merged.tif,0.4,2,247273152,78,36.5078,39.8054,3.2977
tiny,chip_177_265_merged.tif,0.4,3,1914811282,78,37.1062,39.0142,1.908
tiny,chip_177_265_merged.tif,0.4,4,1534204651,78,36.3595,39.6128,3.2533
tiny,chip_177_265_merged.tif,0.6,0,265188207,117,35.9835,38.7395,2.756
tiny,chip_177_265_merged.tif,0.6,1,2032065224,117,36.1281,38.8802,2.7521
tiny,chip_177_265_merged.tif,0.6,2,1651458593,117,35.9922,38.6449,2.6527
tiny,chip_177_265_merged.tif,0.6,3,1171513075,117,35.4479,38.3918,2.9439
tiny,chip_177_265_merged.tif,0.6,4,790906444,117,36.4183,38.8947,2.4764
tiny,chip_177_265_merged.tif,0.8,0,2029418546,156,35.1693,36.8138,1.6445
tiny,chip_177_265_merged.tif,0.8,1,1549473028,156,35.1332,37.8838,2.7506
tiny,chip_177_265_merged.tif,0.8,2,1168866397,156,35.5239,37.5591,2.0351
tiny,chip_177_265_merged.tif,0.8,3,688920879,156,36.1094,36.9818,0.8723
tiny,chip_177_265_merged.tif,0.8,4,308314248,156,35.1079,37.6248,2.5169
tiny,chip_177_428_merged.tif,0.2,0,667531975,39,33.668,35.5424,1.8744
tiny,chip_177_428_merged.tif,0.2,1,187586457,39,34.1873,34.5154,0.3281
tiny,chip_177_428_merged.tif,0.2,2,1954463474,39,31.8567,33.6362,1.7795
tiny,chip_177_428_merged.tif,0.2,3,1474517956,39,33.6664,33.698,0.0317
tiny,chip_177_428_merged.tif,0.2,4,1093911325,39,32.8039,34.8244,2.0205
tiny,chip_177_428_merged.tif,0.4,0,1749740553,78,32.1884,34.2296,2.0412
tiny,chip_177_428_merged.tif,0.4,1,1369133922,78,32.1864,33.6173,1.4309
tiny,chip_177_428_merged.tif,0.4,2,889188404,78,32.0767,34.1131,2.0365
tiny,chip_177_428_merged.tif,0.4,3,508581773,78,32.6578,33.4647,0.8069
tiny,chip_177_428_merged.tif,0.4,4,28636255,78,32.7876,33.7548,0.9672
tiny,chip_177_428_merged.tif,0.6,0,1811763196,117,31.9044,32.7091,0.8046
tiny,chip_177_428_merged.tif,0.6,1,1431156565,117,31.5511,32.7649,1.2138
tiny,chip_177_428_merged.tif,0.6,2,951211047,117,31.6422,33.6276,1.9854
tiny,chip_177_428_merged.tif,0.6,3,570604416,117,32.1458,33.1401,0.9944
tiny,chip_177_428_merged.tif,0.6,4,189997785,117,31.7952,33.3098,1.5147
tiny,chip_177_428_merged.tif,0.8,0,1428509887,156,31.6083,32.6101,1.0018
tiny,chip_177_428_merged.tif,0.8,1,948564369,156,31.6145,32.4758,0.8613
tiny,chip_177_428_merged.tif,0.8,2,567957738,156,32.0323,32.6231,0.5909
tiny,chip_177_428_merged.tif,0.8,3,88012220,156,32.2102,32.2611,0.0509
tiny,chip_177_428_merged.tif,0.8,4,1854889237,156,31.8461,32.445,0.5989
tiny,chip_178_497_merged.tif,0.2,0,202804086,39,34.1622,33.6457,-0.5165
tiny,chip_178_497_merged.tif,0.2,1,1870342216,39,31.6574,33.2492,1.5918
tiny,chip_178_497_merged.tif,0.2,2,1489735585,39,32.6495,34.1328,1.4833
tiny,chip_178_497_merged.tif,0.2,3,1109128954,39,33.4092,33.88,0.4708
tiny,chip_178_497_merged.tif,0.2,4,629183436,39,31.9825,34.1495,2.167
tiny,chip_178_497_merged.tif,0.4,0,42188753,78,33.722,33.6179,-0.1041
tiny,chip_178_497_merged.tif,0.4,1,1709726883,78,32.0578,33.5953,1.5375
tiny,chip_178_497_merged.tif,0.4,2,1329120252,78,32.4869,33.4123,0.9254
tiny,chip_178_497_merged.tif,0.4,3,849174734,78,32.117,33.8943,1.7772
tiny,chip_178_497_merged.tif,0.4,4,468568103,78,33.1227,34.0345,0.9118
tiny,chip_178_497_merged.tif,0.6,0,1446374194,117,32.8448,33.1927,0.3478
tiny,chip_178_497_merged.tif,0.6,1,966428676,117,32.3162,33.0524,0.7361
tiny,chip_178_497_merged.tif,0.6,2,585822045,117,32.7507,33.3974,0.6466
tiny,chip_178_497_merged.tif,0.6,3,105876527,117,32.7161,33.4373,0.7212
tiny,chip_178_497_merged.tif,0.6,4,1872753544,117,32.1889,33.3052,1.1163
tiny,chip_178_497_merged.tif,0.8,0,963781998,156,32.4706,33.1707,0.7001
tiny,chip_178_497_merged.tif,0.8,1,483836480,156,32.359,32.6824,0.3235
tiny,chip_178_497_merged.tif,0.8,2,103229849,156,32.3295,32.4657,0.1362
tiny,chip_178_497_merged.tif,0.8,3,1870106866,156,32.3235,32.5437,0.2202
tiny,chip_178_497_merged.tif,0.8,4,1390161348,156,31.728,32.8567,1.1287
tiny,chip_179_506_merged.tif,0.2,0,901203369,39,33.5297,36.0259,2.4962
tiny,chip_179_506_merged.tif,0.2,1,520596738,39,34.7592,35.5048,0.7456
tiny,chip_179_506_merged.tif,0.2,2,139990107,39,33.6346,35.8335,2.1988
tiny,chip_179_506_merged.tif,0.2,3,1807528237,39,35.4509,35.4347,-0.0162
tiny,chip_179_506_merged.tif,0.2,4,1426921606,39,34.5309,34.548,0.0172
tiny,chip_179_506_merged.tif,0.4,0,740588036,78,35.0057,35.1535,0.1478
tiny,chip_179_506_merged.tif,0.4,1,359981405,78,34.8868,34.9852,0.0985
tiny,chip_179_506_merged.tif,0.4,2,2027519535,78,33.9702,35.1839,1.2137
tiny,chip_179_506_merged.tif,0.4,3,1646912904,78,34.8871,34.9271,0.0401
tiny,chip_179_506_merged.tif,0.4,4,1166967386,78,34.804,34.9799,0.1759
tiny,chip_179_506_merged.tif,0.6,0,2144773477,117,33.9586,34.6796,0.721
tiny,chip_179_506_merged.tif,0.6,1,1764166846,117,34.0284,35.0989,1.0704
tiny,chip_179_506_merged.tif,0.6,2,1284221328,117,33.8602,34.8576,0.9974
tiny,chip_179_506_merged.tif,0.6,3,903614697,117,33.9786,34.6443,0.6658
tiny,chip_179_506_merged.tif,0.6,4,423669179,117,34.2087,34.3648,0.1561
tiny,chip_179_506_merged.tif,0.8,0,1662181281,156,33.7491,34.6881,0.939
tiny,chip_179_506_merged.tif,0.8,1,1281574650,156,33.8655,34.3794,0.514
tiny,chip_179_506_merged.tif,0.8,2,900968019,156,33.8222,34.536,0.7138
tiny,chip_179_506_merged.tif,0.8,3,421022501,156,33.9309,34.1884,0.2576
tiny,chip_179_506_merged.tif,0.8,4,40415870,156,33.9055,34.6121,0.7067
tiny,chip_179_579_merged.tif,0.2,0,2043830146,39,37.7309,39.0029,1.272
tiny,chip_179_579_merged.tif,0.2,1,1563884628,39,38.663,39.0754,0.4123
tiny,chip_179_579_merged.tif,0.2,2,1183277997,39,39.0243,38.6141,-0.4102
tiny,chip_179_579_merged.tif,0.2,3,703332479,39,39.0252,38.7635,-0.2617
tiny,chip_179_579_merged.tif,0.2,4,322725848,39,37.6416,39.6875,2.0458
tiny,chip_179_579_merged.tif,0.4,0,978555076,78,38.4075,39.0455,0.638
tiny,chip_179_579_merged.tif,0.4,1,597948445,78,38.4075,38.8371,0.4296
tiny,chip_179_579_merged.tif,0.4,2,118002927,78,38.7717,39.1397,0.368
tiny,chip_179_579_merged.tif,0.4,3,1884879944,78,38.4624,38.5769,0.1145
tiny,chip_179_579_merged.tif,0.4,4,1404934426,78,38.4623,39.2498,0.7874
tiny,chip_179_579_merged.tif,0.6,0,1040577719,117,38.3143,38.4926,0.1783
tiny,chip_179_579_merged.tif,0.6,1,659971088,117,38.5092,38.7014,0.1922
tiny,chip_179_579_merged.tif,0.6,2,279364457,117,38.6418,38.9065,0.2647
tiny,chip_179_579_merged.tif,0.6,3,1946902587,117,38.6527,38.7449,0.0922
tiny,chip_179_579_merged.tif,0.6,4,1566295956,117,38.536,39.3525,0.8165
tiny,chip_179_579_merged.tif,0.8,0,657324410,156,38.4395,38.3411,-0.0984
tiny,chip_179_579_merged.tif,0.8,1,177378892,156,38.5306,38.571,0.0404
tiny,chip_179_579_merged.tif,0.8,2,1944255909,156,38.5877,38.7413,0.1536
tiny,chip_179_579_merged.tif,0.8,3,1464310391,156,38.5033,38.5974,0.0941
tiny,chip_179_579_merged.tif,0.8,4,1083703760,156,38.4453,38.5621,0.1169
tiny,chip_179_603_merged.tif,0.2,0,867274096,39,30.0976,33.0387,2.9411
tiny,chip_179_603_merged.tif,0.2,1,486667465,39,30.607,32.5447,1.9377
tiny,chip_179_603_merged.tif,0.2,2,6721947,39,31.3788,33.1365,1.7576
tiny,chip_179_603_merged.tif,0.2,3,1773598964,39,31.3297,32.6463,1.3166
tiny,chip_179_603_merged.tif,0.2,4,1293653446,39,30.6073,32.2353,1.628
tiny,chip_179_603_merged.tif,0.4,0,706658763,78,29.9192,32.523,2.6039
tiny,chip_179_603_merged.tif,0.4,1,226713245,78,31.2496,32.315,1.0654
tiny,chip_179_603_merged.tif,0.4,2,1993590262,78,30.1241,32.4128,2.2887
tiny,chip_179_603_merged.tif,0.4,3,1612983631,78,31.4923,32.6053,1.113
tiny,chip_179_603_merged.tif,0.4,4,1133038113,78,31.1646,32.2925,1.128
tiny,chip_179_603_merged.tif,0.6,0,2110844204,117,31.1419,32.1249,0.983
tiny,chip_179_603_merged.tif,0.6,1,1630898686,117,30.6995,31.8815,1.182
tiny,chip_179_603_merged.tif,0.6,2,1250292055,117,30.4721,31.9698,1.4976
tiny,chip_179_603_merged.tif,0.6,3,869685424,117,30.4065,31.9513,1.5448
tiny,chip_179_603_merged.tif,0.6,4,389739906,117,30.4209,31.4059,0.985
tiny,chip_179_603_merged.tif,0.8,0,1628252008,156,30.5021,30.64,0.1379
tiny,chip_179_603_merged.tif,0.8,1,1247645377,156,30.1453,30.9831,0.8379
tiny,chip_179_603_merged.tif,0.8,2,767699859,156,30.7519,30.7267,-0.0252
tiny,chip_179_603_merged.tif,0.8,3,387093228,156,30.5088,30.9016,0.3929
tiny,chip_179_603_merged.tif,0.8,4,2054631358,156,29.9869,30.9807,0.9938
tiny,chip_180_284_merged.tif,0.2,0,1610082073,39,33.9934,37.6423,3.649
tiny,chip_180_284_merged.tif,0.2,1,1130136555,39,34.3471,37.4441,3.097
tiny,chip_180_284_merged.tif,0.2,2,749529924,39,34.4311,37.5005,3.0694
tiny,chip_180_284_merged.tif,0.2,3,269584406,39,34.5653,36.5895,2.0242
tiny,chip_180_284_merged.tif,0.2,4,2036461423,39,30.6249,36.6322,6.0073
tiny,chip_180_284_merged.tif,0.4,0,544807003,78,31.1784,35.5395,4.3611
tiny,chip_180_284_merged.tif,0.4,1,164200372,78,29.1357,33.9325,4.7968
tiny,chip_180_284_merged.tif,0.4,2,1831738502,78,32.3097,36.5351,4.2254
tiny,chip_180_284_merged.tif,0.4,3,1451131871,78,29.1348,37.3243,8.1894
tiny,chip_180_284_merged.tif,0.4,4,1070525240,78,32.3096,35.638,3.3284
tiny,chip_180_284_merged.tif,0.6,0,706168533,117,32.0196,33.8716,1.852
tiny,chip_180_284_merged.tif,0.6,1,226223015,117,32.8107,33.5232,0.7125
tiny,chip_180_284_merged.tif,0.6,2,1993100032,117,26.9356,35.7954,8.8598
tiny,chip_180_284_merged.tif,0.6,3,1513154514,117,31.4088,34.9073,3.4985
tiny,chip_180_284_merged.tif,0.6,4,1132547883,117,29.4139,34.5871,5.1732
tiny,chip_180_284_merged.tif,0.8,0,223576337,156,27.9686,33.6308,5.6622
tiny,chip_180_284_merged.tif,0.8,1,1891114467,156,28.8462,33.6957,4.8495
tiny,chip_180_284_merged.tif,0.8,2,1510507836,156,30.4514,31.361,0.9097
tiny,chip_180_284_merged.tif,0.8,3,1030562318,156,28.3148,31.2423,2.9275
tiny,chip_180_284_merged.tif,0.8,4,649955687,156,30.4384,31.4093,0.9709
tiny,chip_180_460_merged.tif,0.2,0,1736567337,39,33.8375,35.7911,1.9536
tiny,chip_180_460_merged.tif,0.2,1,1355960706,39,32.2767,34.2333,1.9566
tiny,chip_180_460_merged.tif,0.2,2,876015188,39,34.0044,35.4339,1.4294
tiny,chip_180_460_merged.tif,0.2,3,495408557,39,33.6803,34.5512,0.8709
tiny,chip_180_460_merged.tif,0.2,4,114801926,39,33.8338,35.1886,1.3549
tiny,chip_180_460_merged.tif,0.4,0,1575952004,78,32.1598,34.9376,2.7779
tiny,chip_180_460_merged.tif,0.4,1,1195345373,78,33.2049,35.0714,1.8665
tiny,chip_180_460_merged.tif,0.4,2,715399855,78,33.0384,35.4032,2.3648
tiny,chip_180_460_merged.tif,0.4,3,334793224,78,32.7382,35.2744,2.5363
tiny,chip_180_460_merged.tif,0.4,4,2002331354,78,31.6504,34.8973,3.2469
tiny,chip_180_460_merged.tif,0.6,0,832653797,117,33.0724,34.3167,1.2443
tiny,chip_180_460_merged.tif,0.6,1,452047166,117,33.1019,34.5698,1.4679
tiny,chip_180_460_merged.tif,0.6,2,2119585296,117,32.3305,34.0438,1.7133
tiny,chip_180_460_merged.tif,0.6,3,1738978665,117,32.4511,34.1557,1.7046
tiny,chip_180_460_merged.tif,0.6,4,1259033147,117,32.4569,34.0343,1.5774
tiny,chip_180_460_merged.tif,0.8,0,350061601,156,32.4195,33.5248,1.1053
tiny,chip_180_460_merged.tif,0.8,1,2116938618,156,32.5443,33.5395,0.9952
tiny,chip_180_460_merged.tif,0.8,2,1636993100,156,31.9383,33.8012,1.8629
tiny,chip_180_460_merged.tif,0.8,3,1256386469,156,32.5134,32.8512,0.3378
tiny,chip_180_460_merged.tif,0.8,4,875779838,156,31.6218,33.0161,1.3944
tiny,chip_181_264_merged.tif,0.2,0,1594587508,39,31.8949,37.7984,5.9035
tiny,chip_181_264_merged.tif,0.2,1,1114641990,39,30.9831,37.9466,6.9635
tiny,chip_181_264_merged.tif,0.2,2,734035359,39,30.9861,37.9629,6.9768
tiny,chip_181_264_merged.tif,0.2,3,353428728,39,30.8022,38.8736,8.0714
tiny,chip_181_264_merged.tif,0.2,4,2020966858,39,32.1746,36.8832,4.7086
tiny,chip_181_264_merged.tif,0.4,0,1433972175,78,31.0214,37.0829,6.0615
tiny,chip_181_264_merged.tif,0.4,1,954026657,78,29.49,37.5237,8.0337
tiny,chip_181_264_merged.tif,0.4,2,573420026,78,31.0525,36.9868,5.9343
tiny,chip_181_264_merged.tif,0.4,3,93474508,78,30.7848,37.4459,6.6611
tiny,chip_181_264_merged.tif,0.4,4,1860351525,78,32.0653,37.8834,5.8181
tiny,chip_181_264_merged.tif,0.6,0,690673968,117,29.141,35.9431,6.8021
tiny,chip_181_264_merged.tif,0.6,1,210728450,117,29.1605,36.0779,6.9174
tiny,chip_181_264_merged.tif,0.6,2,1977605467,117,29.8479,35.8021,5.9542
tiny,chip_181_264_merged.tif,0.6,3,1497659949,117,30.2945,35.8148,5.5203
tiny,chip_181_264_merged.tif,0.6,4,1117053318,117,30.1026,34.6757,4.573
tiny,chip_181_264_merged.tif,0.8,0,208081772,156,28.0228,33.4443,5.4215
tiny,chip_181_264_merged.tif,0.8,1,1875619902,156,29.3408,33.7207,4.3799
tiny,chip_181_264_merged.tif,0.8,2,1495013271,156,28.0827,33.3621,5.2794
tiny,chip_181_264_merged.tif,0.8,3,1114406640,156,29.9133,32.8735,2.9602
tiny,chip_181_264_merged.tif,0.8,4,634461122,156,29.6704,32.8184,3.1479
tiny,chip_181_353_merged.tif,0.2,0,1697036057,39,32.9873,35.2648,2.2775
tiny,chip_181_353_merged.tif,0.2,1,1316429426,39,31.8693,35.5136,3.6443
tiny,chip_181_353_merged.tif,0.2,2,836483908,39,33.2269,34.5459,1.3191
tiny,chip_181_353_merged.tif,0.2,3,455877277,39,33.3058,35.623,2.3172
tiny,chip_181_353_merged.tif,0.2,4,75270646,39,33.2444,35.4882,2.2438
tiny,chip_181_353_merged.tif,0.4,0,1536420724,78,33.5506,34.7452,1.1946
tiny,chip_181_353_merged.tif,0.4,1,1155814093,78,32.6008,35.0872,2.4865
tiny,chip_181_353_merged.tif,0.4,2,675868575,78,31.9544,34.7752,2.8208
tiny,chip_181_353_merged.tif,0.4,3,295261944,78,32.5769,35.2032,2.6263
tiny,chip_181_353_merged.tif,0.4,4,1962800074,78,32.9616,34.9472,1.9856
tiny,chip_181_353_merged.tif,0.6,0,793122517,117,32.542,32.8424,0.3004
tiny,chip_181_353_merged.tif,0.6,1,412515886,117,32.6129,34.084,1.4711
tiny,chip_181_353_merged.tif,0.6,2,2080054016,117,31.6849,34.2046,2.5197
tiny,chip_181_353_merged.tif,0.6,3,1699447385,117,32.4653,33.7127,1.2474
tiny,chip_181_353_merged.tif,0.6,4,1219501867,117,32.1278,34.8385,2.7108
tiny,chip_181_353_merged.tif,0.8,0,310530321,156,32.1993,33.5366,1.3373
tiny,chip_181_353_merged.tif,0.8,1,2077407338,156,32.3228,32.7776,0.4548
tiny,chip_181_353_merged.tif,0.8,2,1597461820,156,31.9578,33.084,1.1261
tiny,chip_181_353_merged.tif,0.8,3,1216855189,156,31.963,33.2867,1.3237
tiny,chip_181_353_merged.tif,0.8,4,836248558,156,31.9072,33.535,1.6277
tiny,chip_181_413_merged.tif,0.2,0,2037697616,39,37.4939,37.8575,0.3637
tiny,chip_181_413_merged.tif,0.2,1,1657090985,39,37.0407,38.6036,1.5629
tiny,chip_181_413_merged.tif,0.2,2,1276484354,39,37.7082,37.3899,-0.3182
tiny,chip_181_413_merged.tif,0.2,3,796538836,39,36.5188,37.6289,1.1101
tiny,chip_181_413_merged.tif,0.2,4,415932205,39,37.3837,38.0513,0.6676
tiny,chip_181_413_merged.tif,0.4,0,1877082283,78,36.9013,37.4221,0.5208
tiny,chip_181_413_merged.tif,0.4,1,1496475652,78,36.9059,37.7036,0.7976
tiny,chip_181_413_merged.tif,0.4,2,1016530134,78,36.7193,37.1644,0.445
tiny,chip_181_413_merged.tif,0.4,3,635923503,78,36.9014,37.4294,0.528
tiny,chip_181_413_merged.tif,0.4,4,155977985,78,36.0403,37.685,1.6448
tiny,chip_181_413_merged.tif,0.6,0,1133784076,117,36.4587,37.2207,0.762
tiny,chip_181_413_merged.tif,0.6,1,753177445,117,36.7954,37.0578,0.2624
tiny,chip_181_413_merged.tif,0.6,2,273231927,117,37.0847,37.1151,0.0304
tiny,chip_181_413_merged.tif,0.6,3,2040108944,117,35.8747,37.3732,1.4985
tiny,chip_181_413_merged.tif,0.6,4,1659502313,117,36.816,37.5334,0.7174
tiny,chip_181_413_merged.tif,0.8,0,651191880,156,36.6259,36.6728,0.0469
tiny,chip_181_413_merged.tif,0.8,1,270585249,156,36.0906,36.1497,0.0591
tiny,chip_181_413_merged.tif,0.8,2,2037462266,156,36.111,36.8107,0.6997
tiny,chip_181_413_merged.tif,0.8,3,1557516748,156,36.9276,36.9662,0.0386
tiny,chip_181_413_merged.tif,0.8,4,1176910117,156,36.9419,36.5589,-0.383
tiny,chip_181_605_merged.tif,0.2,0,139285765,39,29.8129,31.7314,1.9185
tiny,chip_181_605_merged.tif,0.2,1,1906162782,39,32.4902,33.4577,0.9676
tiny,chip_181_605_merged.tif,0.2,2,1426217264,39,26.9221,33.5136,6.5915
tiny,chip_181_605_merged.tif,0.2,3,1045610633,39,27.2916,33.4442,6.1525
tiny,chip_181_605_merged.tif,0.2,4,565665115,39,27.2889,33.0886,5.7997
tiny,chip_181_605_merged.tif,0.4,0,1221494343,78,30.5664,32.6727,2.1063
tiny,chip_181_605_merged.tif,0.4,1,840887712,78,27.8495,32.7287,4.8792
tiny,chip_181_605_merged.tif,0.4,2,460281081,78,28.3732,33.53,5.1569
tiny,chip_181_605_merged.tif,0.4,3,2127819211,78,30.7399,32.8957,2.1558
tiny,chip_181_605_merged.tif,0.4,4,1747212580,78,28.0786,32.6096,4.531
tiny,chip_181_605_merged.tif,0.6,0,577535023,117,25.8147,31.6105,5.7958
tiny,chip_181_605_merged.tif,0.6,1,97589505,117,28.3932,30.9719,2.5787
tiny,chip_181_605_merged.tif,0.6,2,1864466522,117,26.877,31.8367,4.9598
tiny,chip_181_605_merged.tif,0.6,3,1384521004,117,28.4358,31.8599,3.4241
tiny,chip_181_605_merged.tif,0.6,4,1003914373,117,28.4095,31.1379,2.7284
tiny,chip_181_605_merged.tif,0.8,0,94942827,156,28.9937,30.0903,1.0966
tiny,chip_181_605_merged.tif,0.8,1,1762480957,156,27.5422,30.5443,3.0022
tiny,chip_181_605_merged.tif,0.8,2,1381874326,156,29.0101,31.3465,2.3364
tiny,chip_181_605_merged.tif,0.8,3,901928808,156,27.5488,31.0087,3.4599
tiny,chip_181_605_merged.tif,0.8,4,521322177,156,27.5381,31.1093,3.5712
tiny,chip_181_606_merged.tif,0.2,0,257932665,39,32.9705,32.8197,-0.1508
tiny,chip_181_606_merged.tif,0.2,1,2024809682,39,30.1879,33.5875,3.3996
tiny,chip_181_606_merged.tif,0.2,2,1544864164,39,31.1263,31.9087,0.7823
tiny,chip_181_606_merged.tif,0.2,3,1164257533,39,31.245,33.4588,2.2138
tiny,chip_181_606_merged.tif,0.2,4,684312015,39,32.8068,32.8223,0.0155
tiny,chip_181_606_merged.tif,0.4,0,1340141243,78,30.8853,32.7904,1.9051
tiny,chip_181_606_merged.tif,0.4,1,959534612,78,31.2317,32.325,1.0933
tiny,chip_181_606_merged.tif,0.4,2,578927981,78,30.6839,32.8427,2.1587
tiny,chip_181_606_merged.tif,0.4,3,98982463,78,30.0926,32.5941,2.5014
tiny,chip_181_606_merged.tif,0.4,4,1865859480,78,29.8555,33.343,3.4875
tiny,chip_181_606_merged.tif,0.6,0,1501502773,117,30.3875,32.4758,2.0883
tiny,chip_181_606_merged.tif,0.6,1,1021557255,117,29.7582,32.3574,2.5992
tiny,chip_181_606_merged.tif,0.6,2,640950624,117,30.1552,32.0475,1.8923
tiny,chip_181_606_merged.tif,0.6,3,161005106,117,29.7839,32.4822,2.6983
tiny,chip_181_606_merged.tif,0.6,4,1927882123,117,30.5962,32.759,2.1628
tiny,chip_181_606_merged.tif,0.8,0,1018910577,156,29.1658,30.6639,1.498
tiny,chip_181_606_merged.tif,0.8,1,638303946,156,30.0826,31.9059,1.8233
tiny,chip_181_606_merged.tif,0.8,2,158358428,156,29.1954,31.4967,2.3012
tiny,chip_181_606_merged.tif,0.8,3,1925235445,156,29.9204,30.6259,0.7055
tiny,chip_181_606_merged.tif,0.8,4,1445289927,156,30.1959,31.5131,1.3172
tiny,chip_182_579_merged.tif,0.2,0,1871583934,39,37.4834,39.2281,1.7447
tiny,chip_182_579_merged.tif,0.2,1,1391638416,39,36.8554,39.2087,2.3533
tiny,chip_182_579_merged.tif,0.2,2,1011031785,39,37.269,38.8719,1.603
tiny,chip_182_579_merged.tif,0.2,3,531086267,39,37.4846,38.9436,1.459
tiny,chip_182_579_merged.tif,0.2,4,150479636,39,36.9103,38.6713,1.761
tiny,chip_182_579_merged.tif,0.4,0,1611629714,78,36.8616,38.3844,1.5227
tiny,chip_182_579_merged.tif,0.4,1,1231023083,78,36.2023,39.0384,2.8361
tiny,chip_182_579_merged.tif,0.4,2,751077565,78,36.7628,39.0441,2.2814
tiny,chip_182_579_merged.tif,0.4,3,370470934,78,37.5429,38.7085,1.1656
tiny,chip_182_579_merged.tif,0.4,4,2137347951,78,37.2782,38.4514,1.1732
tiny,chip_182_579_merged.tif,0.6,0,868331507,117,35.9616,38.0053,2.0437
tiny,chip_182_579_merged.tif,0.6,1,487724876,117,35.9794,38.5388,2.5594
tiny,chip_182_579_merged.tif,0.6,2,7779358,117,36.3111,37.5049,1.1938
tiny,chip_182_579_merged.tif,0.6,3,1774656375,117,36.6981,38.4515,1.7534
tiny,chip_182_579_merged.tif,0.6,4,1394049744,117,36.9803,38.0391,1.0588
tiny,chip_182_579_merged.tif,0.8,0,385739311,156,36.3838,37.5565,1.1727
tiny,chip_182_579_merged.tif,0.8,1,5132680,156,35.5218,37.6634,2.1415
tiny,chip_182_579_merged.tif,0.8,2,1772009697,156,35.5523,37.6196,2.0673
tiny,chip_182_579_merged.tif,0.8,3,1292064179,156,36.9873,37.8664,0.8791
tiny,chip_182_579_merged.tif,0.8,4,911457548,156,36.3756,37.8728,1.4972
tiny,chip_182_606_merged.tif,0.2,0,1969783317,39,31.2888,33.0845,1.7957
tiny,chip_182_606_merged.tif,0.2,1,1489837799,39,30.9306,31.6239,0.6933
tiny,chip_182_606_merged.tif,0.2,2,1109231168,39,33.4288,33.2847,-0.1441
tiny,chip_182_606_merged.tif,0.2,3,629285650,39,30.9115,33.5241,2.6125
tiny,chip_182_606_merged.tif,0.2,4,248679019,39,30.723,32.8238,2.1009
tiny,chip_182_606_merged.tif,0.4,0,904508247,78,30.5329,32.081,1.5481
tiny,chip_182_606_merged.tif,0.4,1,523901616,78,31.5456,32.6907,1.1451
tiny,chip_182_606_merged.tif,0.4,2,43956098,78,30.7492,32.8353,2.0861
tiny,chip_182_606_merged.tif,0.4,3,1810833115,78,30.377,32.7642,2.3872
tiny,chip_182_606_merged.tif,0.4,4,1330887597,78,30.1519,32.8024,2.6505
tiny,chip_182_606_merged.tif,0.6,0,966530890,117,29.952,32.2132,2.2612
tiny,chip_182_606_merged.tif,0.6,1,585924259,117,30.8575,32.018,1.1606
tiny,chip_182_606_merged.tif,0.6,2,105978741,117,29.9274,32.3238,2.3964
tiny,chip_182_606_merged.tif,0.6,3,1872855758,117,31.2022,32.0515,0.8494
tiny,chip_182_606_merged.tif,0.6,4,1492249127,117,29.9594,32.0428,2.0834
tiny,chip_182_606_merged.tif,0.8,0,583277581,156,31.0421,31.7849,0.7428
tiny,chip_182_606_merged.tif,0.8,1,103332063,156,30.7715,31.0686,0.2971
tiny,chip_182_606_merged.tif,0.8,2,1870209080,156,30.5611,31.375,0.8139
tiny,chip_182_606_merged.tif,0.8,3,1390263562,156,30.9335,31.1413,0.2078
tiny,chip_182_606_merged.tif,0.8,4,1009656931,156,30.5652,31.1366,0.5714
tiny,chip_183_237_merged.tif,0.2,0,1337241483,39,29.1637,32.689,3.5253
tiny,chip_183_237_merged.tif,0.2,1,857295965,39,28.4982,32.4362,3.9379
tiny,chip_183_237_merged.tif,0.2,2,476689334,39,31.35,32.3338,0.9838
tiny,chip_183_237_merged.tif,0.2,3,96082703,39,32.2432,33.0765,0.8334
tiny,chip_183_237_merged.tif,0.2,4,1763620833,39,31.001,32.5043,1.5032
tiny,chip_183_237_merged.tif,0.4,0,271966413,78,30.3681,32.3659,1.9977
tiny,chip_183_237_merged.tif,0.4,1,2038843430,78,30.5045,32.0171,1.5126
tiny,chip_183_237_merged.tif,0.4,2,1558897912,78,29.9533,32.5933,2.64
tiny,chip_183_237_merged.tif,0.4,3,1178291281,78,29.8981,32.315,2.417
tiny,chip_183_237_merged.tif,0.4,4,797684650,78,29.9543,32.2837,2.3294
tiny,chip_183_237_merged.tif,0.6,0,433327943,117,30.8592,31.2304,0.3712
tiny,chip_183_237_merged.tif,0.6,1,2100866073,117,29.4787,31.6999,2.2212
tiny,chip_183_237_merged.tif,0.6,2,1720259442,117,30.8472,31.8441,0.997
tiny,chip_183_237_merged.tif,0.6,3,1240313924,117,30.1978,31.5009,1.3031
tiny,chip_183_237_merged.tif,0.6,4,859707293,117,30.2806,31.8132,1.5326
tiny,chip_183_237_merged.tif,0.8,0,2098219395,156,29.9976,30.1655,0.1678
tiny,chip_183_237_merged.tif,0.8,1,1618273877,156,30.0477,30.5985,0.5508
tiny,chip_183_237_merged.tif,0.8,2,1237667246,156,29.601,30.4904,0.8893
tiny,chip_183_237_merged.tif,0.8,3,857060615,156,30.046,30.742,0.696
tiny,chip_183_237_merged.tif,0.8,4,377115097,156,29.5729,31.1052,1.5323
tiny,chip_183_520_merged.tif,0.2,0,2130881803,39,35.2688,35.696,0.4272
tiny,chip_183_520_merged.tif,0.2,1,1650936285,39,35.2204,35.4529,0.2325
tiny,chip_183_520_merged.tif,0.2,2,1270329654,39,35.1856,35.2666,0.0811
tiny,chip_183_520_merged.tif,0.2,3,790384136,39,33.737,35.815,2.078
tiny,chip_183_520_merged.tif,0.2,4,409777505,39,35.257,35.1398,-0.1172
tiny,chip_183_520_merged.tif,0.4,0,1065606733,78,35.3854,35.0225,-0.3629
tiny,chip_183_520_merged.tif,0.4,1,685000102,78,35.309,35.5231,0.2141
tiny,chip_183_520_merged.tif,0.4,2,205054584,78,34.362,35.6946,1.3326
tiny,chip_183_520_merged.tif,0.4,3,1971931601,78,35.0134,35.4568,0.4434
tiny,chip_183_520_merged.tif,0.4,4,1591324970,78,33.9444,35.6237,1.6793
tiny,chip_183_520_merged.tif,0.6,0,1127629376,117,34.4321,35.0366,0.6046
tiny,chip_183_520_merged.tif,0.6,1,747022745,117,35.0908,35.3647,0.2739
tiny,chip_183_520_merged.tif,0.6,2,366416114,117,34.3148,35.5091,1.1943
tiny,chip_183_520_merged.tif,0.6,3,2033954244,117,34.8129,35.1747,0.3618
tiny,chip_183_520_merged.tif,0.6,4,1653347613,117,34.3112,34.6957,0.3845
tiny,chip_183_520_merged.tif,0.8,0,744376067,156,33.3654,34.7273,1.3619
tiny,chip_183_520_merged.tif,0.8,1,264430549,156,33.1998,34.3891,1.1893
tiny,chip_183_520_merged.tif,0.8,2,2031307566,156,33.6411,34.8292,1.1881
tiny,chip_183_520_merged.tif,0.8,3,1551362048,156,33.1518,34.6844,1.5326
tiny,chip_183_520_merged.tif,0.8,4,1170755417,156,33.8264,34.6014,0.775
tiny,chip_183_606_merged.tif,0.2,0,1434585928,39,32.4806,34.325,1.8444
tiny,chip_183_606_merged.tif,0.2,1,1053979297,39,31.5651,34.3065,2.7414
tiny,chip_183_606_merged.tif,0.2,2,574033779,39,33.0112,33.6681,0.6569
tiny,chip_183_606_merged.tif,0.2,3,193427148,39,31.9761,33.6266,1.6505
tiny,chip_183_606_merged.tif,0.2,4,1960304165,39,31.5693,33.4643,1.895
tiny,chip_183_606_merged.tif,0.4,0,1273970595,78,31.9921,33.1355,1.1434
tiny,chip_183_606_merged.tif,0.4,1,893363964,78,30.7879,33.5883,2.8004
tiny,chip_183_606_merged.tif,0.4,2,413418446,78,31.5635,33.8521,2.2886
tiny,chip_183_606_merged.tif,0.4,3,32811815,78,32.5135,33.6263,1.1129
tiny,chip_183_606_merged.tif,0.4,4,1700349945,78,31.442,34.0142,2.5722
tiny,chip_183_606_merged.tif,0.6,0,1383611251,117,30.4085,33.0333,2.6248
tiny,chip_183_606_merged.tif,0.6,1,903665733,117,30.482,32.8815,2.3994
tiny,chip_183_606_merged.tif,0.6,2,523059102,117,30.4665,32.8935,2.427
tiny,chip_183_606_merged.tif,0.6,3,142452471,117,31.7518,33.0481,1.2963
tiny,chip_183_606_merged.tif,0.6,4,1809990601,117,30.4606,33.0589,2.5983
tiny,chip_183_606_merged.tif,0.8,0,48080192,156,31.4712,31.9924,0.5212
tiny,chip_183_606_merged.tif,0.8,1,1814957209,156,31.242,32.0642,0.8221
tiny,chip_183_606_merged.tif,0.8,2,1335011691,156,30.4776,32.3871,1.9095
tiny,chip_183_606_merged.tif,0.8,3,954405060,156,30.4642,32.0034,1.5392
tiny,chip_183_606_merged.tif,0.8,4,573798429,156,31.0092,32.1406,1.1314
tiny,chip_185_305_merged.tif,0.2,0,1514485442,39,34.0227,36.7965,2.7738
tiny,chip_185_305_merged.tif,0.2,1,1034539924,39,35.0805,35.6082,0.5277
tiny,chip_185_305_merged.tif,0.2,2,653933293,39,36.2473,36.7093,0.462
tiny,chip_185_305_merged.tif,0.2,3,173987775,39,34.279,36.9947,2.7157
tiny,chip_185_305_merged.tif,0.2,4,1940864792,39,33.1622,36.9721,3.8099
tiny,chip_185_305_merged.tif,0.4,0,1254531222,78,34.6683,35.5507,0.8824
tiny,chip_185_305_merged.tif,0.4,1,873924591,78,33.367,36.6572,3.2901
tiny,chip_185_305_merged.tif,0.4,2,393979073,78,34.6697,36.4553,1.7856
tiny,chip_185_305_merged.tif,0.4,3,13372442,78,34.6188,36.3486,1.7297
tiny,chip_185_305_merged.tif,0.4,4,1780249459,78,33.3657,36.309,2.9433
tiny,chip_185_305_merged.tif,0.6,0,511233015,117,31.2731,35.1517,3.8786
tiny,chip_185_305_merged.tif,0.6,1,130626384,117,33.1003,35.7576,2.6572
tiny,chip_185_305_merged.tif,0.6,2,1897503401,117,32.4367,35.9088,3.4721
tiny,chip_185_305_merged.tif,0.6,3,1417557883,117,32.4763,35.5858,3.1095
tiny,chip_185_305_merged.tif,0.6,4,1036951252,117,32.0976,35.8543,3.7567
tiny,chip_185_305_merged.tif,0.8,0,127979706,156,31.8085,33.9254,2.117
tiny,chip_185_305_merged.tif,0.8,1,1795517836,156,31.296,33.6988,2.4028
tiny,chip_185_305_merged.tif,0.8,2,1414911205,156,32.1278,34.583,2.4552
tiny,chip_185_305_merged.tif,0.8,3,934965687,156,31.8193,34.5027,2.6834
tiny,chip_185_305_merged.tif,0.8,4,554359056,156,31.9632,34.0106,2.0475
tiny,chip_185_368_merged.tif,0.2,0,1177020618,39,31.4472,32.6142,1.167
tiny,chip_185_368_merged.tif,0.2,1,796413987,39,30.9683,32.2346,1.2663
tiny,chip_185_368_merged.tif,0.2,2,316468469,39,30.3734,32.3596,1.9862
tiny,chip_185_368_merged.tif,0.2,3,2083345486,39,29.3759,32.413,3.0371
tiny,chip_185_368_merged.tif,0.2,4,1603399968,39,32.5032,33.2513,0.7481
tiny,chip_185_368_merged.tif,0.4,0,1016405285,78,30.5252,31.7069,1.1817
tiny,chip_185_368_merged.tif,0.4,1,536459767,78,30.1278,32.2574,2.1296
tiny,chip_185_368_merged.tif,0.4,2,155853136,78,30.5251,32.8046,2.2795
tiny,chip_185_368_merged.tif,0.4,3,1922730153,78,30.7082,32.4313,1.7231
tiny,chip_185_368_merged.tif,0.4,4,1442784635,78,30.1282,32.1501,2.022
tiny,chip_185_368_merged.tif,0.6,0,273107078,117,30.4456,31.8825,1.4369
tiny,chip_185_368_merged.tif,0.6,1,2039984095,117,30.2456,32.2153,1.9696
tiny,chip_185_368_merged.tif,0.6,2,1560038577,117,30.6182,31.5035,0.8853
tiny,chip_185_368_merged.tif,0.6,3,1179431946,117,30.7074,31.7985,1.0911
tiny,chip_185_368_merged.tif,0.6,4,699486428,117,30.724,31.8984,1.1744
tiny,chip_185_368_merged.tif,0.8,0,1937998530,156,30.0457,30.9601,0.9144
tiny,chip_185_368_merged.tif,0.8,1,1557391899,156,30.2066,31.0076,0.801
tiny,chip_185_368_merged.tif,0.8,2,1077446381,156,30.2017,31.0889,0.8872
tiny,chip_185_368_merged.tif,0.8,3,696839750,156,30.0409,30.8355,0.7946
tiny,chip_185_368_merged.tif,0.8,4,216894232,156,30.3324,31.244,0.9117
tiny,chip_185_399_merged.tif,0.2,0,1437527277,39,31.7791,32.54,0.7609
tiny,chip_185_399_merged.tif,0.2,1,957581759,39,32.192,33.785,1.593
tiny,chip_185_399_merged.tif,0.2,2,576975128,39,31.8624,32.5173,0.6549
tiny,chip_185_399_merged.tif,0.2,3,196368497,39,32.3132,33.3668,1.0536
tiny,chip_185_399_merged.tif,0.2,4,1863906627,39,32.4421,33.5028,1.0606
tiny,chip_185_399_merged.tif,0.4,0,1276911944,78,31.7255,32.9995,1.274
tiny,chip_185_399_merged.tif,0.4,1,796966426,78,31.7253,33.208,1.4827
tiny,chip_185_399_merged.tif,0.4,2,416359795,78,31.2988,33.0951,1.7962
tiny,chip_185_399_merged.tif,0.4,3,2083897925,78,31.6321,33.7959,2.1639
tiny,chip_185_399_merged.tif,0.4,4,1703291294,78,31.7075,32.8299,1.1224
tiny,chip_185_399_merged.tif,0.6,0,533613737,117,31.3491,32.4129,1.0638
tiny,chip_185_399_merged.tif,0.6,1,53668219,117,31.335,32.7145,1.3795
tiny,chip_185_399_merged.tif,0.6,2,1820545236,117,31.5138,32.4409,0.9271
tiny,chip_185_399_merged.tif,0.6,3,1340599718,117,31.3489,32.6069,1.2581
tiny,chip_185_399_merged.tif,0.6,4,959993087,117,31.3634,32.4691,1.1057
tiny,chip_185_399_merged.tif,0.8,0,51021541,156,31.0131,31.9541,0.941
tiny,chip_185_399_merged.tif,0.8,1,1718559671,156,31.4001,31.5367,0.1366
tiny,chip_185_399_merged.tif,0.8,2,1337953040,156,30.9958,31.6505,0.6546
tiny,chip_185_399_merged.tif,0.8,3,957346409,156,31.2413,31.5675,0.3262
tiny,chip_185_399_merged.tif,0.8,4,477400891,156,30.9808,31.8993,0.9185
tiny,chip_185_408_merged.tif,0.2,0,1888260160,39,37.3046,35.4769,-1.8277
tiny,chip_185_408_merged.tif,0.2,1,1507653529,39,37.423,36.0503,-1.3727
tiny,chip_185_408_merged.tif,0.2,2,1127046898,39,35.925,35.8287,-0.0963
tiny,chip_185_408_merged.tif,0.2,3,647101380,39,35.4951,36.6867,1.1916
tiny,chip_185_408_merged.tif,0.2,4,266494749,39,34.3671,34.2075,-0.1596
tiny,chip_185_408_merged.tif,0.4,0,1727644827,78,35.6426,36.1318,0.4892
tiny,chip_185_408_merged.tif,0.4,1,1347038196,78,35.0473,35.7634,0.7161
tiny,chip_185_408_merged.tif,0.4,2,867092678,78,35.4093,36.855,1.4457
tiny,chip_185_408_merged.tif,0.4,3,486486047,78,35.6801,36.3985,0.7184
tiny,chip_185_408_merged.tif,0.4,4,6540529,78,36.5769,35.8724,-0.7044
tiny,chip_185_408_merged.tif,0.6,0,984346620,117,35.6622,35.8768,0.2146
tiny,chip_185_408_merged.tif,0.6,1,603739989,117,34.925,35.8565,0.9315
tiny,chip_185_408_merged.tif,0.6,2,123794471,117,35.1072,36.15,1.0428
tiny,chip_185_408_merged.tif,0.6,3,1890671488,117,34.944,36.1416,1.1976
tiny,chip_185_408_merged.tif,0.6,4,1510064857,117,35.1194,36.4148,1.2954
tiny,chip_185_408_merged.tif,0.8,0,501754424,156,35.2468,35.5272,0.2803
tiny,chip_185_408_merged.tif,0.8,1,121147793,156,35.5801,35.8864,0.3063
tiny,chip_185_408_merged.tif,0.8,2,1888024810,156,35.2448,35.4844,0.2396
tiny,chip_185_408_merged.tif,0.8,3,1408079292,156,35.2362,35.8345,0.5983
tiny,chip_185_408_merged.tif,0.8,4,1027472661,156,34.9461,35.7278,0.7817
tiny,chip_186_265_merged.tif,0.2,0,1550334370,39,34.0939,36.5654,2.4715
tiny,chip_186_265_merged.tif,0.2,1,1169727739,39,34.4312,36.5757,2.1444
tiny,chip_186_265_merged.tif,0.2,2,689782221,39,33.1311,34.3626,1.2315
tiny,chip_186_265_merged.tif,0.2,3,309175590,39,34.4313,36.4702,2.0389
tiny,chip_186_265_merged.tif,0.2,4,1976713720,39,33.8039,36.3236,2.5197
tiny,chip_186_265_merged.tif,0.4,0,584398187,78,29.6831,36.1133,6.4302
tiny,chip_186_265_merged.tif,0.4,1,104452669,78,33.1369,36.2215,3.0846
tiny,chip_186_265_merged.tif,0.4,2,1871329686,78,34.1163,36.0506,1.9342
tiny,chip_186_265_merged.tif,0.4,3,1391384168,78,33.4347,36.2621,2.8274
tiny,chip_186_265_merged.tif,0.4,4,1010777537,78,32.9018,35.0196,2.1179
tiny,chip_186_265_merged.tif,0.6,0,646420830,117,33.2669,34.8361,1.5692
tiny,chip_186_265_merged.tif,0.6,1,166475312,117,32.5525,34.654,2.1015
tiny,chip_186_265_merged.tif,0.6,2,1933352329,117,33.0118,34.2972,1.2854
tiny,chip_186_265_merged.tif,0.6,3,1552745698,117,32.1558,35.0227,2.8668
tiny,chip_186_265_merged.tif,0.6,4,1072800180,117,30.6932,34.2203,3.5271
tiny,chip_186_265_merged.tif,0.8,0,163828634,156,31.8952,33.665,1.7698
tiny,chip_186_265_merged.tif,0.8,1,1930705651,156,31.9904,33.3393,1.349
tiny,chip_186_265_merged.tif,0.8,2,1450760133,156,31.9396,33.0257,1.0861
tiny,chip_186_265_merged.tif,0.8,3,1070153502,156,31.9526,32.6486,0.696
tiny,chip_186_265_merged.tif,0.8,4,590207984,156,30.9396,33.9984,3.0588
tiny,chip_186_488_merged.tif,0.2,0,1931733731,39,32.8217,34.1813,1.3596
tiny,chip_186_488_merged.tif,0.2,1,1551127100,39,30.5425,34.3986,3.8561
tiny,chip_186_488_merged.tif,0.2,2,1071181582,39,32.3127,33.838,1.5253
tiny,chip_186_488_merged.tif,0.2,3,690574951,39,32.6776,33.993,1.3155
tiny,chip_186_488_merged.tif,0.2,4,210629433,39,31.7927,33.9005,2.1078
tiny,chip_186_488_merged.tif,0.4,0,866458661,78,32.1299,33.1317,1.0018
tiny,chip_186_488_merged.tif,0.4,1,485852030,78,30.1039,33.6057,3.5018
tiny,chip_186_488_merged.tif,0.4,2,105245399,78,31.6054,33.3545,1.7491
tiny,chip_186_488_merged.tif,0.4,3,1772783529,78,31.1164,33.2559,2.1395
tiny,chip_186_488_merged.tif,0.4,4,1392176898,78,32.3569,33.7601,1.4033
tiny,chip_186_488_merged.tif,0.6,0,1027820191,117,31.4866,32.944,1.4574
tiny,chip_186_488_merged.tif,0.6,1,547874673,117,31.6262,32.9057,1.2795
tiny,chip_186_488_merged.tif,0.6,2,167268042,117,30.7321,31.6652,0.9331
tiny,chip_186_488_merged.tif,0.6,3,1934145059,117,30.5572,32.5966,2.0394
tiny,chip_186_488_merged.tif,0.6,4,1454199541,117,30.5259,33.0416,2.5157
tiny,chip_186_488_merged.tif,0.8,0,545227995,156,30.8621,31.9483,1.0862
tiny,chip_186_488_merged.tif,0.8,1,164621364,156,31.0033,31.7438,0.7405
tiny,chip_186_488_merged.tif,0.8,2,1832159494,156,30.5353,31.7287,1.1934
tiny,chip_186_488_merged.tif,0.8,3,1451552863,156,30.5128,31.6771,1.1643
tiny,chip_186_488_merged.tif,0.8,4,971607345,156,30.5551,31.6003,1.0452
tiny,chip_188_404_merged.tif,0.2,0,2079205349,39,36.6871,38.6932,2.0061
tiny,chip_188_404_merged.tif,0.2,1,1599259831,39,36.7827,38.11,1.3273
tiny,chip_188_404_merged.tif,0.2,2,1218653200,39,36.7422,38.1857,1.4435
tiny,chip_188_404_merged.tif,0.2,3,838046569,39,36.9573,37.4008,0.4436
tiny,chip_188_404_merged.tif,0.2,4,358101051,39,36.1405,38.5329,2.3924
tiny,chip_188_404_merged.tif,0.4,0,1013930279,78,36.3939,37.8032,1.4093
tiny,chip_188_404_merged.tif,0.4,1,633323648,78,36.7415,37.1653,0.4238
tiny,chip_188_404_merged.tif,0.4,2,252717017,78,36.3939,37.8754,1.4815
tiny,chip_188_404_merged.tif,0.4,3,1920255147,78,37.4478,38.0291,0.5813
tiny,chip_188_404_merged.tif,0.4,4,1539648516,78,37.6078,38.1674,0.5596
tiny,chip_188_404_merged.tif,0.6,0,1928891785,117,37.2017,37.7426,0.5409
tiny,chip_188_404_merged.tif,0.6,1,1548285154,117,37.2006,37.4581,0.2575
tiny,chip_188_404_merged.tif,0.6,2,1167678523,117,36.9066,37.8531,0.9465
tiny,chip_188_404_merged.tif,0.6,3,687733005,117,36.8328,37.7782,0.9454
tiny,chip_188_404_merged.tif,0.6,4,307126374,117,36.895,37.6498,0.7548
tiny,chip_188_404_merged.tif,0.8,0,692699613,156,36.7058,37.1651,0.4593
tiny,chip_188_404_merged.tif,0.8,1,212754095,156,36.6523,36.7877,0.1354
tiny,chip_188_404_merged.tif,0.8,2,1979631112,156,36.6536,36.7422,0.0885
tiny,chip_188_404_merged.tif,0.8,3,1599024481,156,36.6302,37.3083,0.678
tiny,chip_188_404_merged.tif,0.8,4,1119078963,156,36.1513,37.0102,0.8589
tiny,chip_191_403_merged.tif,0.2,0,1262211466,39,32.3616,34.0146,1.6529
tiny,chip_191_403_merged.tif,0.2,1,881604835,39,32.6908,34.4392,1.7484
tiny,chip_191_403_merged.tif,0.2,2,401659317,39,31.7266,33.4229,1.6963
tiny,chip_191_403_merged.tif,0.2,3,21052686,39,32.1216,34.3131,2.1915
tiny,chip_191_403_merged.tif,0.2,4,1688590816,39,33.6224,33.8184,0.1961
tiny,chip_191_403_merged.tif,0.4,0,1101596133,78,31.6552,33.0874,1.4322
tiny,chip_191_403_merged.tif,0.4,1,621650615,78,32.2559,33.8601,1.6042
tiny,chip_191_403_merged.tif,0.4,2,241043984,78,31.6544,33.1107,1.4563
tiny,chip_191_403_merged.tif,0.4,3,2007921001,78,32.2552,33.3778,1.1226
tiny,chip_191_403_merged.tif,0.4,4,1527975483,78,32.1784,32.7349,0.5566
tiny,chip_191_403_merged.tif,0.6,0,358297926,117,31.2992,33.3943,2.0951
tiny,chip_191_403_merged.tif,0.6,1,2025836056,117,31.609,33.7817,2.1727
tiny,chip_191_403_merged.tif,0.6,2,1645229425,117,31.5968,33.0789,1.4822
tiny,chip_191_403_merged.tif,0.6,3,1264622794,117,31.8723,33.0533,1.181
tiny,chip_191_403_merged.tif,0.6,4,784677276,117,31.632,33.2665,1.6345
tiny,chip_191_403_merged.tif,0.8,0,2023189378,156,31.8476,32.3245,0.4769
tiny,chip_191_403_merged.tif,0.8,1,1642582747,156,31.2379,32.4541,1.2162
tiny,chip_191_403_merged.tif,0.8,2,1162637229,156,31.2651,32.1924,0.9272
tiny,chip_191_403_merged.tif,0.8,3,782030598,156,31.7168,32.5047,0.7879
tiny,chip_191_403_merged.tif,0.8,4,302085080,156,31.8461,31.7872,-0.0588
tiny,chip_193_311_merged.tif,0.2,0,143266649,39,33.3185,35.8588,2.5403
tiny,chip_193_311_merged.tif,0.2,1,1910143666,39,32.9653,34.8503,1.8849
tiny,chip_193_311_merged.tif,0.2,2,1430198148,39,31.7432,35.547,3.8037
tiny,chip_193_311_merged.tif,0.2,3,1049591517,39,33.3137,34.4888,1.1751
tiny,chip_193_311_merged.tif,0.2,4,569645999,39,33.642,34.91,1.2679
tiny,chip_193_311_merged.tif,0.4,0,2130134964,78,29.9574,34.3736,4.4161
tiny,chip_193_311_merged.tif,0.4,1,1650189446,78,32.7636,34.5084,1.7448
tiny,chip_193_311_merged.tif,0.4,2,1269582815,78,32.0762,34.4851,2.4089
tiny,chip_193_311_merged.tif,0.4,3,789637297,78,32.6115,34.957,2.3455
tiny,chip_193_311_merged.tif,0.4,4,409030666,78,32.0171,33.9056,1.8885
tiny,chip_193_311_merged.tif,0.6,0,1386836757,117,31.8572,33.6279,1.7706
tiny,chip_193_311_merged.tif,0.6,1,906891239,117,30.3416,34.3849,4.0433
tiny,chip_193_311_merged.tif,0.6,2,526284608,117,30.3482,34.4291,4.0809
tiny,chip_193_311_merged.tif,0.6,3,46339090,117,31.8532,33.4489,1.5958
tiny,chip_193_311_merged.tif,0.6,4,1813216107,117,32.3492,33.4771,1.128
tiny,chip_193_311_merged.tif,0.8,0,904244561,156,31.2796,32.6209,1.3413
tiny,chip_193_311_merged.tif,0.8,1,424299043,156,30.5507,32.2414,1.6907
tiny,chip_193_311_merged.tif,0.8,2,43692412,156,30.6913,32.4268,1.7356
tiny,chip_193_311_merged.tif,0.8,3,1810569429,156,31.2465,32.7481,1.5016
tiny,chip_193_311_merged.tif,0.8,4,1330623911,156,30.5708,32.8525,2.2818
tiny,chip_193_314_merged.tif,0.2,0,1712694949,39,28.8861,32.7452,3.8591
tiny,chip_193_314_merged.tif,0.2,1,1332088318,39,33.3079,35.1271,1.8192
tiny,chip_193_314_merged.tif,0.2,2,951481687,39,28.8878,33.4852,4.5974
tiny,chip_193_314_merged.tif,0.2,3,471536169,39,33.8613,34.7029,0.8416
tiny,chip_193_314_merged.tif,0.2,4,90929538,39,32.0657,33.7281,1.6624
tiny,chip_193_314_merged.tif,0.4,0,1552079616,78,30.4536,33.7582,3.3046
tiny,chip_193_314_merged.tif,0.4,1,1171472985,78,24.001,32.9025,8.9015
tiny,chip_193_314_merged.tif,0.4,2,691527467,78,30.3184,33.779,3.4606
tiny,chip_193_314_merged.tif,0.4,3,310920836,78,30.3144,33.1717,2.8573
tiny,chip_193_314_merged.tif,0.4,4,2077797853,78,31.7758,33.7794,2.0036
tiny,chip_193_314_merged.tif,0.6,0,808781409,117,30.7642,32.6373,1.8731
tiny,chip_193_314_merged.tif,0.6,1,428174778,117,30.7724,31.5112,0.7388
tiny,chip_193_314_merged.tif,0.6,2,2095712908,117,29.393,31.6303,2.2374
tiny,chip_193_314_merged.tif,0.6,3,1715106277,117,29.1512,32.5386,3.3874
tiny,chip_193_314_merged.tif,0.6,4,1334499646,117,29.2197,31.3812,2.1615
tiny,chip_193_314_merged.tif,0.8,0,326189213,156,29.4461,30.8919,1.4459
tiny,chip_193_314_merged.tif,0.8,1,2093066230,156,26.3363,30.1267,3.7904
tiny,chip_193_314_merged.tif,0.8,2,1712459599,156,29.7244,29.6916,-0.0328
tiny,chip_193_314_merged.tif,0.8,3,1232514081,156,28.9082,28.9722,0.064
tiny,chip_193_314_merged.tif,0.8,4,851907450,156,28.8963,31.2156,2.3193
tiny,chip_193_583_merged.tif,0.2,0,819328238,39,37.7024,36.8066,-0.8957
tiny,chip_193_583_merged.tif,0.2,1,438721607,39,37.8358,37.0314,-0.8043
tiny,chip_193_583_merged.tif,0.2,2,2106259737,39,35.2566,37.0598,1.8032
tiny,chip_193_583_merged.tif,0.2,3,1725653106,39,37.9339,37.9278,-0.0061
tiny,chip_193_583_merged.tif,0.2,4,1245707588,39,36.0018,37.4567,1.4549
tiny,chip_193_583_merged.tif,0.4,0,658712905,78,35.7261,36.8418,1.1158
tiny,chip_193_583_merged.tif,0.4,1,178767387,78,35.3488,36.8484,1.4995
tiny,chip_193_583_merged.tif,0.4,2,1945644404,78,37.1048,37.4337,0.3289
tiny,chip_193_583_merged.tif,0.4,3,1565037773,78,35.345,36.6791,1.3341
tiny,chip_193_583_merged.tif,0.4,4,1085092255,78,37.0934,37.3595,0.266
tiny,chip_193_583_merged.tif,0.6,0,2062898346,117,36.3829,36.3112,-0.0717
tiny,chip_193_583_merged.tif,0.6,1,1582952828,117,36.368,36.7554,0.3874
tiny,chip_193_583_merged.tif,0.6,2,1202346197,117,35.7781,36.8222,1.0442
tiny,chip_193_583_merged.tif,0.6,3,821739566,117,36.3849,36.6226,0.2377
tiny,chip_193_583_merged.tif,0.6,4,341794048,117,35.3116,36.0765,0.7649
tiny,chip_193_583_merged.tif,0.8,0,1580306150,156,35.4292,35.7674,0.3382
tiny,chip_193_583_merged.tif,0.8,1,1199699519,156,35.3001,36.169,0.8689
tiny,chip_193_583_merged.tif,0.8,2,719754001,156,35.4672,35.4881,0.0208
tiny,chip_193_583_merged.tif,0.8,3,339147370,156,35.4977,36.2959,0.7983
tiny,chip_193_583_merged.tif,0.8,4,2006685500,156,35.4731,36.1707,0.6975
tiny,chip_194_257_merged.tif,0.2,0,127615100,39,38.3075,40.0552,1.7477
tiny,chip_194_257_merged.tif,0.2,1,1894492117,39,36.7193,39.3483,2.629
tiny,chip_194_257_merged.tif,0.2,2,1414546599,39,37.5216,40.1556,2.634
tiny,chip_194_257_merged.tif,0.2,3,1033939968,39,36.8946,38.7368,1.8422
tiny,chip_194_257_merged.tif,0.2,4,553994450,39,34.3767,37.364,2.9873
tiny,chip_194_257_merged.tif,0.4,0,2114483415,78,33.1794,38.0561,4.8767
tiny,chip_194_257_merged.tif,0.4,1,1634537897,78,31.6462,37.5319,5.8857
tiny,chip_194_257_merged.tif,0.4,2,1253931266,78,31.7044,39.1934,7.489
tiny,chip_194_257_merged.tif,0.4,3,773985748,78,37.3119,37.9749,0.6631
tiny,chip_194_257_merged.tif,0.4,4,393379117,78,34.8693,38.5241,3.6549
tiny,chip_194_257_merged.tif,0.6,0,1371185208,117,33.466,37.6811,4.2151
tiny,chip_194_257_merged.tif,0.6,1,891239690,117,33.5798,37.9475,4.3677
tiny,chip_194_257_merged.tif,0.6,2,510633059,117,33.5495,38.0481,4.4986
tiny,chip_194_257_merged.tif,0.6,3,30687541,117,32.6334,37.5713,4.938
tiny,chip_194_257_merged.tif,0.6,4,1797564558,117,31.5863,37.7742,6.1879
tiny,chip_194_257_merged.tif,0.8,0,888593012,156,33.1815,35.8947,2.7131
tiny,chip_194_257_merged.tif,0.8,1,507986381,156,31.5888,36.1485,4.5597
tiny,chip_194_257_merged.tif,0.8,2,28040863,156,33.4257,37.0855,3.6599
tiny,chip_194_257_merged.tif,0.8,3,1794917880,156,33.5395,35.9971,2.4577
tiny,chip_194_257_merged.tif,0.8,4,1314972362,156,32.0856,36.369,4.2834
tiny,chip_194_261_merged.tif,0.2,0,207996629,39,37.0504,38.0724,1.022
tiny,chip_194_261_merged.tif,0.2,1,1974873646,39,32.9118,38.7831,5.8712
tiny,chip_194_261_merged.tif,0.2,2,1494928128,39,34.4449,39.4342,4.9893
tiny,chip_194_261_merged.tif,0.2,3,1114321497,39,37.0501,39.2599,2.2098
tiny,chip_194_261_merged.tif,0.2,4,634375979,39,38.4575,39.2249,0.7674
tiny,chip_194_261_merged.tif,0.4,0,1389544094,78,34.2535,37.868,3.6145
tiny,chip_194_261_merged.tif,0.4,1,909598576,78,34.6826,38.3016,3.619
tiny,chip_194_261_merged.tif,0.4,2,528991945,78,34.5101,38.8366,4.3265
tiny,chip_194_261_merged.tif,0.4,3,49046427,78,34.6792,38.5917,3.9124
tiny,chip_194_261_merged.tif,0.4,4,1815923444,78,35.0258,38.759,3.7332
tiny,chip_194_261_merged.tif,0.6,0,646245887,117,34.3069,36.9088,2.6019
tiny,chip_194_261_merged.tif,0.6,1,166300369,117,34.1357,36.5766,2.4409
tiny,chip_194_261_merged.tif,0.6,2,1933177386,117,33.2241,37.4317,4.2076
tiny,chip_194_261_merged.tif,0.6,3,1453231868,117,34.9313,37.3614,2.4301
tiny,chip_194_261_merged.tif,0.6,4,1072625237,117,33.4238,37.4358,4.012
tiny,chip_194_261_merged.tif,0.8,0,163653691,156,33.8605,36.1559,2.2954
tiny,chip_194_261_merged.tif,0.8,1,1831191821,156,34.0441,36.1859,2.1418
tiny,chip_194_261_merged.tif,0.8,2,1450585190,156,34.4761,36.2241,1.7479
tiny,chip_194_261_merged.tif,0.8,3,1069978559,156,33.6925,35.4554,1.763
tiny,chip_194_261_merged.tif,0.8,4,590033041,156,34.44,36.063,1.623
tiny,chip_194_296_merged.tif,0.2,0,504038548,39,36.3433,38.1241,1.7808
tiny,chip_194_296_merged.tif,0.2,1,123431917,39,37.4378,38.6768,1.2389
tiny,chip_194_296_merged.tif,0.2,2,1890308934,39,36.345,39.1891,2.8441
tiny,chip_194_296_merged.tif,0.2,3,1410363416,39,36.5423,38.8737,2.3314
tiny,chip_194_296_merged.tif,0.2,4,1029756785,39,34.7063,39.099,4.3927
tiny,chip_194_296_merged.tif,0.4,0,1685586013,78,34.1817,37.771,3.5893
tiny,chip_194_296_merged.tif,0.4,1,1205640495,78,35.3265,38.21,2.8835
tiny,chip_194_296_merged.tif,0.4,2,825033864,78,35.4072,39.0536,3.6465
tiny,chip_194_296_merged.tif,0.4,3,444427233,78,36.3726,38.5397,2.1671
tiny,chip_194_296_merged.tif,0.4,4,2111965363,78,34.0576,37.6187,3.5611
tiny,chip_194_296_merged.tif,0.6,0,942287806,117,33.7057,36.2241,2.5184
tiny,chip_194_296_merged.tif,0.6,1,561681175,117,33.7161,37.689,3.9728
tiny,chip_194_296_merged.tif,0.6,2,81735657,117,33.6876,37.7963,4.1088
tiny,chip_194_296_merged.tif,0.6,3,1848612674,117,34.7768,37.4239,2.6471
tiny,chip_194_296_merged.tif,0.6,4,1368667156,117,34.7612,36.4537,1.6925
tiny,chip_194_296_merged.tif,0.8,0,459695610,156,33.6778,35.1947,1.517
tiny,chip_194_296_merged.tif,0.8,1,79088979,156,34.0597,35.7755,1.7159
tiny,chip_194_296_merged.tif,0.8,2,1746627109,156,32.6635,35.1523,2.4888
tiny,chip_194_296_merged.tif,0.8,3,1366020478,156,34.0534,35.1283,1.075
tiny,chip_194_296_merged.tif,0.8,4,886074960,156,34.0475,35.2582,1.2107
tiny,chip_194_315_merged.tif,0.2,0,1648185567,39,32.144,33.4427,1.2987
tiny,chip_194_315_merged.tif,0.2,1,1267578936,39,29.114,34.1867,5.0727
tiny,chip_194_315_merged.tif,0.2,2,787633418,39,32.2271,32.9535,0.7264
tiny,chip_194_315_merged.tif,0.2,3,407026787,39,33.0332,33.652,0.6188
tiny,chip_194_315_merged.tif,0.2,4,26420156,39,32.9739,34.7242,1.7504
tiny,chip_194_315_merged.tif,0.4,0,634631371,78,31.8981,32.961,1.0629
tiny,chip_194_315_merged.tif,0.4,1,254024740,78,28.6112,33.1146,4.5035
tiny,chip_194_315_merged.tif,0.4,2,1921562870,78,27.4557,33.3163,5.8606
tiny,chip_194_315_merged.tif,0.4,3,1540956239,78,31.8973,32.1454,0.2481
tiny,chip_194_315_merged.tif,0.4,4,1061010721,78,30.2124,33.2545,3.0421
tiny,chip_194_315_merged.tif,0.6,0,744272027,117,30.1938,31.1493,0.9555
tiny,chip_194_315_merged.tif,0.6,1,363665396,117,28.9159,32.8388,3.9229
tiny,chip_194_315_merged.tif,0.6,2,2031203526,117,28.9243,31.6803,2.756
tiny,chip_194_315_merged.tif,0.6,3,1650596895,117,29.3852,33.3342,3.949
tiny,chip_194_315_merged.tif,0.6,4,1170651377,117,30.8513,30.9959,0.1446
tiny,chip_194_315_merged.tif,0.8,0,1556224616,156,28.8319,31.509,2.6771
tiny,chip_194_315_merged.tif,0.8,1,1175617985,156,28.8177,31.0559,2.2383
tiny,chip_194_315_merged.tif,0.8,2,795011354,156,29.1123,30.4086,1.2963
tiny,chip_194_315_merged.tif,0.8,3,315065836,156,29.5578,30.2884,0.7306
tiny,chip_194_315_merged.tif,0.8,4,2081942853,156,29.5683,31.1959,1.6275
tiny,chip_194_329_merged.tif,0.2,0,708754875,39,30.5726,34.0448,3.4722
tiny,chip_194_329_merged.tif,0.2,1,328148244,39,30.7904,35.5557,4.7652
tiny,chip_194_329_merged.tif,0.2,2,1995686374,39,31.1198,34.3023,3.1825
tiny,chip_194_329_merged.tif,0.2,3,1615079743,39,31.1991,35.3418,4.1427
tiny,chip_194_329_merged.tif,0.2,4,1234473112,39,31.4572,34.2123,2.7551
tiny,chip_194_329_merged.tif,0.4,0,548139542,78,30.9171,34.1723,3.2552
tiny,chip_194_329_merged.tif,0.4,1,167532911,78,29.9837,34.0384,4.0547
tiny,chip_194_329_merged.tif,0.4,2,1835071041,78,29.9252,33.4863,3.561
tiny,chip_194_329_merged.tif,0.4,3,1454464410,78,28.929,34.2475,5.3185
tiny,chip_194_329_merged.tif,0.4,4,974518892,78,29.8336,32.9471,3.1135
tiny,chip_194_329_merged.tif,0.6,0,1952324983,117,29.5976,31.5495,1.9519
tiny,chip_194_329_merged.tif,0.6,1,1571718352,117,29.2217,32.5135,3.2918
tiny,chip_194_329_merged.tif,0.6,2,1091772834,117,29.7773,32.6815,2.9042
tiny,chip_194_329_merged.tif,0.6,3,711166203,117,29.1058,32.481,3.3752
tiny,chip_194_329_merged.tif,0.6,4,231220685,117,29.8065,33.3807,3.5742
tiny,chip_194_329_merged.tif,0.8,0,1469732787,156,29.2323,31.2815,2.0492
tiny,chip_194_329_merged.tif,0.8,1,1089126156,156,28.7136,32.0864,3.3728
tiny,chip_194_329_merged.tif,0.8,2,609180638,156,30.0853,32.1949,2.1096
tiny,chip_194_329_merged.tif,0.8,3,228574007,156,28.7145,32.283,3.5685
tiny,chip_194_329_merged.tif,0.8,4,1995451024,156,28.6943,31.296,2.6017
tiny,chip_194_385_merged.tif,0.2,0,312323576,39,29.9595,35.1857,5.2263
tiny,chip_194_385_merged.tif,0.2,1,1979861706,39,30.2408,34.8106,4.5698
tiny,chip_194_385_merged.tif,0.2,2,1599255075,39,32.6813,35.5442,2.8629
tiny,chip_194_385_merged.tif,0.2,3,1119309557,39,33.9813,35.1682,1.1869
tiny,chip_194_385_merged.tif,0.2,4,738702926,39,29.9591,34.2139,4.2548
tiny,chip_194_385_merged.tif,0.4,0,52369356,78,34.6241,33.5776,-1.0465
tiny,chip_194_385_merged.tif,0.4,1,1819246373,78,31.4493,34.3869,2.9375
tiny,chip_194_385_merged.tif,0.4,2,1438639742,78,31.5156,34.8143,3.2987
tiny,chip_194_385_merged.tif,0.4,3,958694224,78,33.9797,33.2551,-0.7245
tiny,chip_194_385_merged.tif,0.4,4,578087593,78,34.1752,34.6271,0.4519
tiny,chip_194_385_merged.tif,0.6,0,1456554797,117,31.8974,33.5152,1.6178
tiny,chip_194_385_merged.tif,0.6,1,1075948166,117,31.9465,34.1867,2.2402
tiny,chip_194_385_merged.tif,0.6,2,695341535,117,33.0465,33.3142,0.2677
tiny,chip_194_385_merged.tif,0.6,3,215396017,117,31.4815,33.4655,1.9841
tiny,chip_194_385_merged.tif,0.6,4,1982273034,117,32.8767,34.61,1.7332
tiny,chip_194_385_merged.tif,0.8,0,1073301488,156,32.1429,33.2932,1.1503
tiny,chip_194_385_merged.tif,0.8,1,593355970,156,31.5352,32.9097,1.3745
tiny,chip_194_385_merged.tif,0.8,2,212749339,156,31.9648,32.9631,0.9983
tiny,chip_194_385_merged.tif,0.8,3,1880287469,156,31.6477,33.1216,1.474
tiny,chip_194_385_merged.tif,0.8,4,1499680838,156,32.1812,32.4767,0.2954
tiny,chip_194_433_merged.tif,0.2,0,771893030,39,32.8737,33.3915,0.5177
tiny,chip_194_433_merged.tif,0.2,1,391286399,39,33.1685,33.2605,0.0919
tiny,chip_194_433_merged.tif,0.2,2,2058824529,39,31.6219,33.9056,2.2838
tiny,chip_194_433_merged.tif,0.2,3,1678217898,39,32.2486,32.7166,0.4679
tiny,chip_194_433_merged.tif,0.2,4,1297611267,39,33.3818,33.6708,0.289
tiny,chip_194_433_merged.tif,0.4,0,611277697,78,31.8006,33.1744,1.3738
tiny,chip_194_433_merged.tif,0.4,1,230671066,78,32.2544,32.6829,0.4285
tiny,chip_194_433_merged.tif,0.4,2,1898209196,78,31.7349,32.334,0.5991
tiny,chip_194_433_merged.tif,0.4,3,1517602565,78,31.9879,32.8508,0.8629
tiny,chip_194_433_merged.tif,0.4,4,1037657047,78,30.8839,31.77,0.8861
tiny,chip_194_433_merged.tif,0.6,0,2015463138,117,31.6908,31.8394,0.1486
tiny,chip_194_433_merged.tif,0.6,1,1634856507,117,31.5759,32.832,1.2562
tiny,chip_194_433_merged.tif,0.6,2,1154910989,117,31.5653,32.5876,1.0223
tiny,chip_194_433_merged.tif,0.6,3,774304358,117,31.0299,32.4805,1.4505
tiny,chip_194_433_merged.tif,0.6,4,294358840,117,31.4047,32.7883,1.3836
tiny,chip_194_433_merged.tif,0.8,0,1532870942,156,31.6293,31.8233,0.1939
tiny,chip_194_433_merged.tif,0.8,1,1152264311,156,31.389,31.2753,-0.1137
tiny,chip_194_433_merged.tif,0.8,2,672318793,156,31.6496,32.4801,0.8305
tiny,chip_194_433_merged.tif,0.8,3,291712162,156,31.3812,32.307,0.9259
tiny,chip_194_433_merged.tif,0.8,4,2058589179,156,31.3907,31.9042,0.5135
tiny,chip_196_274_merged.tif,0.2,0,1593759876,39,34.0702,35.7467,1.6765
tiny,chip_196_274_merged.tif,0.2,1,1113814358,39,33.4781,35.405,1.9269
tiny,chip_196_274_merged.tif,0.2,2,733207727,39,34.5339,35.9424,1.4085
tiny,chip_196_274_merged.tif,0.2,3,352601096,39,32.2765,37.7491,5.4725
tiny,chip_196_274_merged.tif,0.2,4,2020139226,39,34.4035,37.5774,3.1739
tiny,chip_196_274_merged.tif,0.4,0,528484806,78,28.722,35.1344,6.4124
tiny,chip_196_274_merged.tif,0.4,1,147878175,78,32.2909,35.0449,2.754
tiny,chip_196_274_merged.tif,0.4,2,1815416305,78,30.6691,34.2461,3.5771
tiny,chip_196_274_merged.tif,0.4,3,1434809674,78,32.4575,34.5146,2.0571
tiny,chip_196_274_merged.tif,0.4,4,1054203043,78,29.9632,36.3565,6.3933
tiny,chip_196_274_merged.tif,0.6,0,689846336,117,30.3256,34.5886,4.263
tiny,chip_196_274_merged.tif,0.6,1,209900818,117,29.4675,35.6387,6.1713
tiny,chip_196_274_merged.tif,0.6,2,1976777835,117,29.4766,33.2782,3.8015
tiny,chip_196_274_merged.tif,0.6,3,1496832317,117,29.406,33.6166,4.2106
tiny,chip_196_274_merged.tif,0.6,4,1116225686,117,28.8666,34.3327,5.466
tiny,chip_196_274_merged.tif,0.8,0,207254140,156,29.1278,32.7912,3.6634
tiny,chip_196_274_merged.tif,0.8,1,1874792270,156,29.1282,31.9949,2.8667
tiny,chip_196_274_merged.tif,0.8,2,1494185639,156,29.347,32.722,3.375
tiny,chip_196_274_merged.tif,0.8,3,1014240121,156,29.5465,32.7135,3.167
tiny,chip_196_274_merged.tif,0.8,4,633633490,156,29.5081,32.6168,3.1086
tiny,chip_196_291_merged.tif,0.2,0,1604224534,39,32.7406,37.6118,4.8712
tiny,chip_196_291_merged.tif,0.2,1,1223617903,39,38.3828,39.2618,0.879
tiny,chip_196_291_merged.tif,0.2,2,743672385,39,37.6749,38.8217,1.1468
tiny,chip_196_291_merged.tif,0.2,3,363065754,39,37.8732,38.9919,1.1187
tiny,chip_196_291_merged.tif,0.2,4,2129942771,39,37.8245,39.1518,1.3273
tiny,chip_196_291_merged.tif,0.4,0,638288351,78,35.0269,36.7711,1.7442
tiny,chip_196_291_merged.tif,0.4,1,158342833,78,33.1846,38.9903,5.8057
tiny,chip_196_291_merged.tif,0.4,2,1925219850,78,31.8768,38.8467,6.9699
tiny,chip_196_291_merged.tif,0.4,3,1445274332,78,28.9805,39.0143,10.0338
tiny,chip_196_291_merged.tif,0.4,4,1064667701,78,34.4203,38.4255,4.0052
tiny,chip_196_291_merged.tif,0.6,0,700310994,117,32.6705,36.6521,3.9816
tiny,chip_196_291_merged.tif,0.6,1,319704363,117,33.006,37.6792,4.6733
tiny,chip_196_291_merged.tif,0.6,2,1987242493,117,32.6963,36.1645,3.4682
tiny,chip_196_291_merged.tif,0.6,3,1606635862,117,32.0498,36.8114,4.7617
tiny,chip_196_291_merged.tif,0.6,4,1126690344,117,33.6914,36.8396,3.1482
tiny,chip_196_291_merged.tif,0.8,0,217718798,156,31.8758,34.1035,2.2277
tiny,chip_196_291_merged.tif,0.8,1,1984595815,156,30.5035,35.4535,4.95
tiny,chip_196_291_merged.tif,0.8,2,1504650297,156,31.9208,35.4819,3.5611
tiny,chip_196_291_merged.tif,0.8,3,1124043666,156,31.8948,35.3689,3.474
tiny,chip_196_291_merged.tif,0.8,4,743437035,156,31.9544,35.072,3.1176
tiny,chip_197_366_merged.tif,0.2,0,1141242575,39,32.479,34.6976,2.2186
tiny,chip_197_366_merged.tif,0.2,1,661297057,39,32.8277,34.5426,1.7149
tiny,chip_197_366_merged.tif,0.2,2,280690426,39,33.0163,33.9738,0.9575
tiny,chip_197_366_merged.tif,0.2,3,2047567443,39,32.5108,34.6406,2.1299
tiny,chip_197_366_merged.tif,0.2,4,1567621925,39,32.3609,34.0031,1.6422
tiny,chip_197_366_merged.tif,0.4,0,75967505,78,31.4809,33.4216,1.9407
tiny,chip_197_366_merged.tif,0.4,1,1842844522,78,32.0328,33.9102,1.8774
tiny,chip_197_366_merged.tif,0.4,2,1462237891,78,32.0332,33.9719,1.9387
tiny,chip_197_366_merged.tif,0.4,3,982292373,78,31.9066,33.3257,1.4191
tiny,chip_197_366_merged.tif,0.4,4,601685742,78,31.62,33.6588,2.0388
tiny,chip_197_366_merged.tif,0.6,0,237329035,117,31.635,33.1172,1.4821
tiny,chip_197_366_merged.tif,0.6,1,1904867165,117,32.5763,33.541,0.9648
tiny,chip_197_366_merged.tif,0.6,2,1524260534,117,32.3046,33.0779,0.7733
tiny,chip_197_366_merged.tif,0.6,3,1044315016,117,31.1197,33.4675,2.3478
tiny,chip_197_366_merged.tif,0.6,4,663708385,117,31.8782,33.5834,1.7052
tiny,chip_197_366_merged.tif,0.8,0,1902220487,156,31.4142,32.6941,1.28
tiny,chip_197_366_merged.tif,0.8,1,1422274969,156,31.8529,32.816,0.9631
tiny,chip_197_366_merged.tif,0.8,2,1041668338,156,31.418,32.9708,1.5528
tiny,chip_197_366_merged.tif,0.8,3,661061707,156,31.4431,32.0113,0.5682
tiny,chip_197_366_merged.tif,0.8,4,181116189,156,31.6488,32.9484,1.2996
tiny,chip_197_591_merged.tif,0.2,0,437738989,39,31.7366,34.8022,3.0657
tiny,chip_197_591_merged.tif,0.2,1,2105277119,39,35.1309,34.8132,-0.3177
tiny,chip_197_591_merged.tif,0.2,2,1724670488,39,31.9304,33.7732,1.8428
tiny,chip_197_591_merged.tif,0.2,3,1244724970,39,33.4587,34.4338,0.9751
tiny,chip_197_591_merged.tif,0.2,4,864118339,39,31.8818,34.5561,2.6742
tiny,chip_197_591_merged.tif,0.4,0,177784769,78,32.871,34.806,1.935
tiny,chip_197_591_merged.tif,0.4,1,1944661786,78,32.0534,34.9974,2.9441
tiny,chip_197_591_merged.tif,0.4,2,1564055155,78,33.2209,35.0828,1.8619
tiny,chip_197_591_merged.tif,0.4,3,1084109637,78,31.8624,34.041,2.1785
tiny,chip_197_591_merged.tif,0.4,4,703503006,78,31.8618,34.3753,2.5135
tiny,chip_197_591_merged.tif,0.6,0,1581970210,117,33.0573,34.074,1.0167
tiny,chip_197_591_merged.tif,0.6,1,1201363579,117,32.1896,33.6733,1.4837
tiny,chip_197_591_merged.tif,0.6,2,820756948,117,33.0561,33.2947,0.2386
tiny,chip_197_591_merged.tif,0.6,3,340811430,117,31.7767,33.8604,2.0837
tiny,chip_197_591_merged.tif,0.6,4,2107688447,117,32.4987,33.3475,0.8488
tiny,chip_197_591_merged.tif,0.8,0,1198716901,156,32.1067,32.9804,0.8737
tiny,chip_197_591_merged.tif,0.8,1,718771383,156,31.6153,33.1524,1.5371
tiny,chip_197_591_merged.tif,0.8,2,338164752,156,31.649,32.9366,1.2876
tiny,chip_197_591_merged.tif,0.8,3,2005702882,156,31.6366,33.6731,2.0365
tiny,chip_197_591_merged.tif,0.8,4,1625096251,156,32.1572,33.2287,1.0715
tiny,chip_198_027_merged.tif,0.2,0,1367724144,39,31.739,37.2706,5.5316
tiny,chip_198_027_merged.tif,0.2,1,887778626,39,33.085,37.3396,4.2546
tiny,chip_198_027_merged.tif,0.2,2,507171995,39,36.9771,36.8729,-0.1042
tiny,chip_198_027_merged.tif,0.2,3,27226477,39,34.1516,38.3314,4.1798
tiny,chip_198_027_merged.tif,0.2,4,1794103494,39,34.7035,38.9686,4.265
tiny,chip_198_027_merged.tif,0.4,0,302449074,78,34.0809,35.9662,1.8853
tiny,chip_198_027_merged.tif,0.4,1,2069326091,78,35.2945,36.3253,1.0307
tiny,chip_198_027_merged.tif,0.4,2,1589380573,78,31.7351,38.5386,6.8036
tiny,chip_198_027_merged.tif,0.4,3,1208773942,78,35.207,34.9579,-0.2492
tiny,chip_198_027_merged.tif,0.4,4,828167311,78,36.4304,34.5026,-1.9278
tiny,chip_198_027_merged.tif,0.6,0,1706634515,117,34.4596,36.0744,1.6147
tiny,chip_198_027_merged.tif,0.6,1,1326027884,117,33.437,35.7825,2.3456
tiny,chip_198_027_merged.tif,0.6,2,846082366,117,34.9559,36.5439,1.588
tiny,chip_198_027_merged.tif,0.6,3,465475735,117,34.568,37.1685,2.6005
tiny,chip_198_027_merged.tif,0.6,4,84869104,117,34.8848,35.9536,1.0688
tiny,chip_198_027_merged.tif,0.8,0,1323381206,156,34.4682,35.6356,1.1674
tiny,chip_198_027_merged.tif,0.8,1,843435688,156,35.6651,35.2642,-0.401
tiny,chip_198_027_merged.tif,0.8,2,462829057,156,35.6728,35.3822,-0.2906
tiny,chip_198_027_merged.tif,0.8,3,2130367187,156,34.5054,34.6543,0.1488
tiny,chip_198_027_merged.tif,0.8,4,1749760556,156,34.3822,35.1845,0.8023
tiny,chip_200_415_merged.tif,0.2,0,2144051854,39,33.7702,35.4578,1.6876
tiny,chip_200_415_merged.tif,0.2,1,1763445223,39,34.4138,35.1788,0.765
tiny,chip_200_415_merged.tif,0.2,2,1382838592,39,35.1641,36.4618,1.2977
tiny,chip_200_415_merged.tif,0.2,3,902893074,39,35.3004,35.8403,0.5399
tiny,chip_200_415_merged.tif,0.2,4,522286443,39,35.154,36.6354,1.4814
tiny,chip_200_415_merged.tif,0.4,0,1983436521,78,33.7477,35.9104,2.1627
tiny,chip_200_415_merged.tif,0.4,1,1602829890,78,35.0915,36.152,1.0604
tiny,chip_200_415_merged.tif,0.4,2,1122884372,78,34.2615,36.301,2.0395
tiny,chip_200_415_merged.tif,0.4,3,742277741,78,34.4245,35.881,1.4565
tiny,chip_200_415_merged.tif,0.4,4,262332223,78,34.4122,35.9235,1.5114
tiny,chip_200_415_merged.tif,0.6,0,1240138314,117,33.89,35.7728,1.8828
tiny,chip_200_415_merged.tif,0.6,1,859531683,117,34.2869,35.1049,0.8181
tiny,chip_200_415_merged.tif,0.6,2,379586165,117,33.8533,35.6156,1.7624
tiny,chip_200_415_merged.tif,0.6,3,2146463182,117,34.1177,35.2707,1.153
tiny,chip_200_415_merged.tif,0.6,4,1666517664,117,34.2818,35.7839,1.5021
tiny,chip_200_415_merged.tif,0.8,0,757546118,156,34.255,34.7494,0.4944
tiny,chip_200_415_merged.tif,0.8,1,376939487,156,33.5095,35.0189,1.5094
tiny,chip_200_415_merged.tif,0.8,2,2143816504,156,33.7721,34.7946,1.0225
tiny,chip_200_415_merged.tif,0.8,3,1663870986,156,33.7231,35.032,1.3088
tiny,chip_200_415_merged.tif,0.8,4,1283264355,156,33.7287,35.205,1.4763
tiny,chip_200_441_merged.tif,0.2,0,1489239893,39,32.0585,33.7368,1.6783
tiny,chip_200_441_merged.tif,0.2,1,1009294375,39,33.7916,35.2593,1.4677
tiny,chip_200_441_merged.tif,0.2,2,628687744,39,31.8474,34.2985,2.4512
tiny,chip_200_441_merged.tif,0.2,3,248081113,39,33.7905,34.4492,0.6587
tiny,chip_200_441_merged.tif,0.2,4,1915619243,39,33.3922,34.6312,1.239
tiny,chip_200_441_merged.tif,0.4,0,1328624560,78,33.7566,34.5974,0.8408
tiny,chip_200_441_merged.tif,0.4,1,848679042,78,33.7531,34.223,0.4699
tiny,chip_200_441_merged.tif,0.4,2,468072411,78,32.6363,34.1588,1.5225
tiny,chip_200_441_merged.tif,0.4,3,2135610541,78,33.8312,33.7571,-0.0742
tiny,chip_200_441_merged.tif,0.4,4,1755003910,78,33.8775,34.1042,0.2267
tiny,chip_200_441_merged.tif,0.6,0,585326353,117,32.7853,33.9781,1.1929
tiny,chip_200_441_merged.tif,0.6,1,105380835,117,33.2772,33.4191,0.1419
tiny,chip_200_441_merged.tif,0.6,2,1872257852,117,32.7786,33.3313,0.5527
tiny,chip_200_441_merged.tif,0.6,3,1392312334,117,33.1625,32.8532,-0.3093
tiny,chip_200_441_merged.tif,0.6,4,1011705703,117,33.4685,33.7224,0.2539
tiny,chip_200_441_merged.tif,0.8,0,102734157,156,32.2042,33.2414,1.0372
tiny,chip_200_441_merged.tif,0.8,1,1770272287,156,32.4099,33.2532,0.8434
tiny,chip_200_441_merged.tif,0.8,2,1389665656,156,32.5894,33.1864,0.597
tiny,chip_200_441_merged.tif,0.8,3,1009059025,156,32.6197,32.9324,0.3127
tiny,chip_200_441_merged.tif,0.8,4,529113507,156,32.2013,32.813,0.6117
tiny,chip_201_457_merged.tif,0.2,0,1732691628,39,33.1613,33.8494,0.688
tiny,chip_201_457_merged.tif,0.2,1,1352084997,39,31.9095,34.2143,2.3048
tiny,chip_201_457_merged.tif,0.2,2,971478366,39,31.2967,33.2541,1.9575
tiny,chip_201_457_merged.tif,0.2,3,491532848,39,32.9542,34.1138,1.1595
tiny,chip_201_457_merged.tif,0.2,4,110926217,39,32.495,33.3895,0.8945
tiny,chip_201_457_merged.tif,0.4,0,1572076295,78,30.2588,32.9423,2.6836
tiny,chip_201_457_merged.tif,0.4,1,1191469664,78,31.5206,33.2202,1.6996
tiny,chip_201_457_merged.tif,0.4,2,711524146,78,30.2271,33.3285,3.1014
tiny,chip_201_457_merged.tif,0.4,3,330917515,78,29.9207,33.3615,3.4408
tiny,chip_201_457_merged.tif,0.4,4,2097794532,78,30.4378,32.4717,2.0338
tiny,chip_201_457_merged.tif,0.6,0,828778088,117,30.5216,32.6732,2.1516
tiny,chip_201_457_merged.tif,0.6,1,448171457,117,30.9128,32.3963,1.4835
tiny,chip_201_457_merged.tif,0.6,2,2115709587,117,30.883,33.1262,2.2432
tiny,chip_201_457_merged.tif,0.6,3,1735102956,117,30.4919,31.9901,1.4983
tiny,chip_201_457_merged.tif,0.6,4,1354496325,117,30.9976,33.2298,2.2322
tiny,chip_201_457_merged.tif,0.8,0,346185892,156,31.1664,31.7709,0.6045
tiny,chip_201_457_merged.tif,0.8,1,2113062909,156,30.6394,32.1022,1.4628
tiny,chip_201_457_merged.tif,0.8,2,1732456278,156,30.7281,31.9435,1.2154
tiny,chip_201_457_merged.tif,0.8,3,1252510760,156,31.1564,32.0463,0.8899
tiny,chip_201_457_merged.tif,0.8,4,871904129,156,31.1663,31.5897,0.4234
tiny,chip_202_016_merged.tif,0.2,0,1843302089,39,28.1976,30.5853,2.3877
tiny,chip_202_016_merged.tif,0.2,1,1462695458,39,23.83,29.914,6.084
tiny,chip_202_016_merged.tif,0.2,2,982749940,39,27.4219,30.1663,2.7444
tiny,chip_202_016_merged.tif,0.2,3,602143309,39,27.2924,28.5745,1.2821
tiny,chip_202_016_merged.tif,0.2,4,122197791,39,28.23,28.5243,0.2943
tiny,chip_202_016_merged.tif,0.4,0,877365906,78,28.1326,28.6901,0.5575
tiny,chip_202_016_merged.tif,0.4,1,397420388,78,29.064,29.3359,0.2719
tiny,chip_202_016_merged.tif,0.4,2,16813757,78,28.5396,30.3366,1.797
tiny,chip_202_016_merged.tif,0.4,3,1684351887,78,27.1641,28.566,1.4019
tiny,chip_202_016_merged.tif,0.4,4,1303745256,78,29.0666,29.8616,0.795
tiny,chip_202_016_merged.tif,0.6,0,939388549,117,28.0354,28.5695,0.5341
tiny,chip_202_016_merged.tif,0.6,1,459443031,117,26.2458,28.9022,2.6564
tiny,chip_202_016_merged.tif,0.6,2,78836400,117,28.2202,27.2463,-0.9739
tiny,chip_202_016_merged.tif,0.6,3,1845713417,117,27.2124,28.6002,1.3878
tiny,chip_202_016_merged.tif,0.6,4,1365767899,117,25.3342,29.1528,3.8186
tiny,chip_202_016_merged.tif,0.8,0,456796353,156,25.5318,27.9985,2.4667
tiny,chip_202_016_merged.tif,0.8,1,76189722,156,26.191,26.3883,0.1972
tiny,chip_202_016_merged.tif,0.8,2,1743727852,156,26.0478,26.3765,0.3287
tiny,chip_202_016_merged.tif,0.8,3,1363121221,156,25.2104,26.8109,1.6005
tiny,chip_202_016_merged.tif,0.8,4,883175703,156,25.5287,27.9105,2.3818
tiny,chip_202_324_merged.tif,0.2,0,550273207,39,34.7769,37.9492,3.1722
tiny,chip_202_324_merged.tif,0.2,1,169666576,39,32.5973,37.5473,4.9501
tiny,chip_202_324_merged.tif,0.2,2,1837204706,39,36.0503,37.3634,1.3132
tiny,chip_202_324_merged.tif,0.2,3,1456598075,39,35.4151,36.9202,1.5052
tiny,chip_202_324_merged.tif,0.2,4,976652557,39,34.2551,37.0143,2.7592
tiny,chip_202_324_merged.tif,0.4,0,1731820672,78,31.5313,35.7596,4.2283
tiny,chip_202_324_merged.tif,0.4,1,1251875154,78,32.8178,36.2964,3.4786
tiny,chip_202_324_merged.tif,0.4,2,871268523,78,33.3047,35.9454,2.6407
tiny,chip_202_324_merged.tif,0.4,3,391323005,78,34.0559,36.7409,2.685
tiny,chip_202_324_merged.tif,0.4,4,10716374,78,34.3194,36.1457,1.8263
tiny,chip_202_324_merged.tif,0.6,0,1793843315,117,32.7731,35.2793,2.5062
tiny,chip_202_324_merged.tif,0.6,1,1313897797,117,32.3808,34.7134,2.3326
tiny,chip_202_324_merged.tif,0.6,2,933291166,117,32.2496,35.1223,2.8727
tiny,chip_202_324_merged.tif,0.6,3,552684535,117,32.4999,35.9581,3.4582
tiny,chip_202_324_merged.tif,0.6,4,72739017,117,32.794,35.0769,2.283
tiny,chip_202_324_merged.tif,0.8,0,1311251119,156,30.8928,33.7206,2.8278
tiny,chip_202_324_merged.tif,0.8,1,930644488,156,31.8359,33.4761,1.6402
tiny,chip_202_324_merged.tif,0.8,2,450698970,156,32.5307,34.1349,1.6042
tiny,chip_202_324_merged.tif,0.8,3,70092339,156,32.5128,34.2658,1.753
tiny,chip_202_324_merged.tif,0.8,4,1737630469,156,31.9048,33.5998,1.695
tiny,chip_202_367_merged.tif,0.2,0,887671921,39,31.8478,32.8609,1.0132
tiny,chip_202_367_merged.tif,0.2,1,507065290,39,30.7048,32.8799,2.1751
tiny,chip_202_367_merged.tif,0.2,2,126458659,39,31.2122,32.9204,1.7082
tiny,chip_202_367_merged.tif,0.2,3,1793996789,39,31.7528,33.3588,1.606
tiny,chip_202_367_merged.tif,0.2,4,1413390158,39,31.5266,33.232,1.7054
tiny,chip_202_367_merged.tif,0.4,0,727056588,78,30.4841,33.0455,2.5615
tiny,chip_202_367_merged.tif,0.4,1,346449957,78,30.6928,32.3111,1.6183
tiny,chip_202_367_merged.tif,0.4,2,2013988087,78,31.4521,32.4268,0.9747
tiny,chip_202_367_merged.tif,0.4,3,1633381456,78,30.8396,32.6476,1.808
tiny,chip_202_367_merged.tif,0.4,4,1252774825,78,31.5435,32.6416,1.0981
tiny,chip_202_367_merged.tif,0.6,0,2131242029,117,31.1507,31.7259,0.5752
tiny,chip_202_367_merged.tif,0.6,1,1750635398,117,30.8976,32.1849,1.2873
tiny,chip_202_367_merged.tif,0.6,2,1270689880,117,31.167,31.7864,0.6194
tiny,chip_202_367_merged.tif,0.6,3,890083249,117,30.9783,32.1414,1.1631
tiny,chip_202_367_merged.tif,0.6,4,509476618,117,31.1702,32.1238,0.9536
tiny,chip_202_367_merged.tif,0.8,0,1648649833,156,30.3334,31.1243,0.7909
tiny,chip_202_367_merged.tif,0.8,1,1268043202,156,30.4205,31.8057,1.3853
tiny,chip_202_367_merged.tif,0.8,2,887436571,156,30.5999,31.8326,1.2327
tiny,chip_202_367_merged.tif,0.8,3,407491053,156,30.3806,31.7676,1.387
tiny,chip_202_367_merged.tif,0.8,4,26884422,156,30.4169,31.8773,1.4605
tiny,chip_202_388_merged.tif,0.2,0,264461982,39,34.0952,34.1791,0.0839
tiny,chip_202_388_merged.tif,0.2,1,2031338999,39,33.3838,34.5637,1.1799
tiny,chip_202_388_merged.tif,0.2,2,1551393481,39,33.3829,34.1287,0.7458
tiny,chip_202_388_merged.tif,0.2,3,1170786850,39,32.6379,34.0006,1.3628
tiny,chip_202_388_merged.tif,0.2,4,790180219,39,31.551,34.0494,2.4984
tiny,chip_202_388_merged.tif,0.4,0,103846649,78,31.8438,33.8453,2.0015
tiny,chip_202_388_merged.tif,0.4,1,1870723666,78,32.0945,33.4524,1.3579
tiny,chip_202_388_merged.tif,0.4,2,1390778148,78,31.9995,33.8833,1.8838
tiny,chip_202_388_merged.tif,0.4,3,1010171517,78,31.9993,34.0981,2.0988
tiny,chip_202_388_merged.tif,0.4,4,530225999,78,32.7609,33.3317,0.5708
tiny,chip_202_388_merged.tif,0.6,0,1508032090,117,31.1423,32.9933,1.851
tiny,chip_202_388_merged.tif,0.6,1,1127425459,117,32.1005,33.2467,1.1462
tiny,chip_202_388_merged.tif,0.6,2,647479941,117,31.8264,33.679,1.8525
tiny,chip_202_388_merged.tif,0.6,3,266873310,117,30.9274,32.9851,2.0577
tiny,chip_202_388_merged.tif,0.6,4,1934411440,117,32.0588,33.4322,1.3734
tiny,chip_202_388_merged.tif,0.8,0,1025439894,156,31.1803,32.8923,1.712
tiny,chip_202_388_merged.tif,0.8,1,644833263,156,31.1592,32.9429,1.7837
tiny,chip_202_388_merged.tif,0.8,2,164887745,156,30.9523,32.0231,1.0707
tiny,chip_202_388_merged.tif,0.8,3,1931764762,156,31.1663,32.8643,1.698
tiny,chip_202_388_merged.tif,0.8,4,1551158131,156,31.1668,32.6374,1.4706
tiny,chip_202_439_merged.tif,0.2,0,952523889,39,35.9665,36.0752,0.1087
tiny,chip_202_439_merged.tif,0.2,1,472578371,39,34.7882,36.6508,1.8626
tiny,chip_202_439_merged.tif,0.2,2,91971740,39,33.0736,36.4797,3.4061
tiny,chip_202_439_merged.tif,0.2,3,1858848757,39,35.7607,36.6031,0.8424
tiny,chip_202_439_merged.tif,0.2,4,1378903239,39,34.7883,37.0869,2.2986
tiny,chip_202_439_merged.tif,0.4,0,791908556,78,34.0613,36.5556,2.4943
tiny,chip_202_439_merged.tif,0.4,1,311963038,78,35.3331,36.039,0.7058
tiny,chip_202_439_merged.tif,0.4,2,2078840055,78,35.2281,35.8791,0.651
tiny,chip_202_439_merged.tif,0.4,3,1598894537,78,34.8402,36.4358,1.5957
tiny,chip_202_439_merged.tif,0.4,4,1218287906,78,34.96,36.0448,1.0848
tiny,chip_202_439_merged.tif,0.6,0,48610349,117,33.76,35.6582,1.8982
tiny,chip_202_439_merged.tif,0.6,1,1716148479,117,34.2502,35.4597,1.2094
tiny,chip_202_439_merged.tif,0.6,2,1335541848,117,34.2736,35.813,1.5394
tiny,chip_202_439_merged.tif,0.6,3,855596330,117,34.6865,35.5136,0.8271
tiny,chip_202_439_merged.tif,0.6,4,474989699,117,33.9022,35.4532,1.551
tiny,chip_202_439_merged.tif,0.8,0,1713501801,156,32.7611,34.4577,1.6966
tiny,chip_202_439_merged.tif,0.8,1,1233556283,156,32.8505,34.6163,1.7658
tiny,chip_202_439_merged.tif,0.8,2,852949652,156,33.6812,34.4612,0.78
tiny,chip_202_439_merged.tif,0.8,3,472343021,156,33.6858,35.1396,1.4537
tiny,chip_202_439_merged.tif,0.8,4,2139881151,156,33.6745,35.1021,1.4276
tiny,chip_204_329_merged.tif,0.2,0,879899866,39,32.482,34.9749,2.493
tiny,chip_204_329_merged.tif,0.2,1,399954348,39,30.1924,34.5427,4.3503
tiny,chip_204_329_merged.tif,0.2,2,19347717,39,31.1263,32.9903,1.864
tiny,chip_204_329_merged.tif,0.2,3,1686885847,39,32.4818,34.1945,1.7128
tiny,chip_204_329_merged.tif,0.2,4,1306279216,39,33.1642,34.4412,1.277
tiny,chip_204_329_merged.tif,0.4,0,1962108444,78,30.8902,34.0634,3.1732
tiny,chip_204_329_merged.tif,0.4,1,1581501813,78,30.892,33.2965,2.4046
tiny,chip_204_329_merged.tif,0.4,2,1101556295,78,30.9713,33.5525,2.5812
tiny,chip_204_329_merged.tif,0.4,3,720949664,78,30.149,34.6121,4.463
tiny,chip_204_329_merged.tif,0.4,4,241004146,78,30.9692,33.9215,2.9523
tiny,chip_204_329_merged.tif,0.6,0,2024131087,117,30.3508,32.1161,1.7653
tiny,chip_204_329_merged.tif,0.6,1,1643524456,117,29.724,32.4853,2.7613
tiny,chip_204_329_merged.tif,0.6,2,1163578938,117,30.6162,32.6115,1.9953
tiny,chip_204_329_merged.tif,0.6,3,782972307,117,30.325,32.8364,2.5114
tiny,chip_204_329_merged.tif,0.6,4,402365676,117,30.7811,33.5718,2.7907
tiny,chip_204_329_merged.tif,0.8,0,1640877778,156,29.2964,31.4897,2.1933
tiny,chip_204_329_merged.tif,0.8,1,1160932260,156,29.197,31.6989,2.5019
tiny,chip_204_329_merged.tif,0.8,2,780325629,156,29.3325,31.4384,2.1058
tiny,chip_204_329_merged.tif,0.8,3,300380111,156,29.2797,30.6764,1.3967
tiny,chip_204_329_merged.tif,0.8,4,2067257128,156,29.2846,31.6321,2.3475
tiny,chip_204_390_merged.tif,0.2,0,1036864789,39,34.8227,36.8703,2.0476
tiny,chip_204_390_merged.tif,0.2,1,656258158,39,36.2425,36.6458,0.4033
tiny,chip_204_390_merged.tif,0.2,2,275651527,39,36.7247,37.007,0.2823
tiny,chip_204_390_merged.tif,0.2,3,1943189657,39,36.3289,36.7676,0.4387
tiny,chip_204_390_merged.tif,0.2,4,1562583026,39,36.9953,37.5703,0.575
tiny,chip_204_390_merged.tif,0.4,0,876249456,78,36.0001,36.1996,0.1995
tiny,chip_204_390_merged.tif,0.4,1,495642825,78,36.144,36.7354,0.5914
tiny,chip_204_390_merged.tif,0.4,2,15697307,78,36.1094,37.0321,0.9227
tiny,chip_204_390_merged.tif,0.4,3,1782574324,78,36.1423,36.5101,0.3678
tiny,chip_204_390_merged.tif,0.4,4,1302628806,78,35.967,36.7487,0.7817
tiny,chip_204_390_merged.tif,0.6,0,132951249,117,36.022,36.219,0.197
tiny,chip_204_390_merged.tif,0.6,1,1899828266,117,35.5927,36.4131,0.8204
tiny,chip_204_390_merged.tif,0.6,2,1419882748,117,35.7761,36.2713,0.4952
tiny,chip_204_390_merged.tif,0.6,3,1039276117,117,36.161,36.1172,-0.0439
tiny,chip_204_390_merged.tif,0.6,4,559330599,117,36.1675,36.7201,0.5525
tiny,chip_204_390_merged.tif,0.8,0,1797842701,156,35.4649,36.0226,0.5577
tiny,chip_204_390_merged.tif,0.8,1,1417236070,156,35.7527,36.1377,0.385
tiny,chip_204_390_merged.tif,0.8,2,1036629439,156,35.7155,35.9494,0.2339
tiny,chip_204_390_merged.tif,0.8,3,556683921,156,35.8635,35.5741,-0.2894
tiny,chip_204_390_merged.tif,0.8,4,176077290,156,35.8929,36.1078,0.2149
tiny,chip_204_506_merged.tif,0.2,0,1495530895,39,29.1749,33.9045,4.7296
tiny,chip_204_506_merged.tif,0.2,1,1015585377,39,33.192,32.4342,-0.7578
tiny,chip_204_506_merged.tif,0.2,2,634978746,39,32.1897,31.8661,-0.3236
tiny,chip_204_506_merged.tif,0.2,3,155033228,39,32.1883,34.2213,2.0331
tiny,chip_204_506_merged.tif,0.2,4,1921910245,39,32.3939,32.0847,-0.3092
tiny,chip_204_506_merged.tif,0.4,0,1235576675,78,29.9383,32.5852,2.6469
tiny,chip_204_506_merged.tif,0.4,1,854970044,78,29.5958,31.9215,2.3257
tiny,chip_204_506_merged.tif,0.4,2,474363413,78,30.3843,32.4756,2.0912
tiny,chip_204_506_merged.tif,0.4,3,2141901543,78,31.0793,31.5876,0.5083
tiny,chip_204_506_merged.tif,0.4,4,1761294912,78,30.7423,31.2335,0.4912
tiny,chip_204_506_merged.tif,0.6,0,591617355,117,29.8093,31.4154,1.606
tiny,chip_204_506_merged.tif,0.6,1,111671837,117,29.7586,31.3281,1.5695
tiny,chip_204_506_merged.tif,0.6,2,1878548854,117,30.2616,31.5163,1.2547
tiny,chip_204_506_merged.tif,0.6,3,1398603336,117,30.1741,31.5681,1.394
tiny,chip_204_506_merged.tif,0.6,4,1017996705,117,30.9087,32.1147,1.206
tiny,chip_204_506_merged.tif,0.8,0,109025159,156,29.4197,31.0388,1.6192
tiny,chip_204_506_merged.tif,0.8,1,1776563289,156,29.4431,30.518,1.0749
tiny,chip_204_506_merged.tif,0.8,2,1395956658,156,29.3461,31.2751,1.9289
tiny,chip_204_506_merged.tif,0.8,3,916011140,156,29.4117,30.9553,1.5436
tiny,chip_204_506_merged.tif,0.8,4,535404509,156,29.4365,30.7759,1.3394
tiny,chip_205_329_merged.tif,0.2,0,366143157,39,31.805,33.1737,1.3687
tiny,chip_205_329_merged.tif,0.2,1,2133020174,39,31.106,34.0073,2.9013
tiny,chip_205_329_merged.tif,0.2,2,1653074656,39,30.8501,33.1819,2.3318
tiny,chip_205_329_merged.tif,0.2,3,1272468025,39,32.7646,33.2204,0.4558
tiny,chip_205_329_merged.tif,0.2,4,891861394,39,30.8502,33.5942,2.744
tiny,chip_205_329_merged.tif,0.4,0,1547690622,78,29.1738,33.7523,4.5785
tiny,chip_205_329_merged.tif,0.4,1,1067745104,78,29.7094,33.409,3.6996
tiny,chip_205_329_merged.tif,0.4,2,687138473,78,31.2028,32.5598,1.357
tiny,chip_205_329_merged.tif,0.4,3,306531842,78,29.5232,32.9456,3.4224
tiny,chip_205_329_merged.tif,0.4,4,1974069972,78,30.6934,33.2897,2.5963
tiny,chip_205_329_merged.tif,0.6,0,1609713265,117,29.0206,32.2176,3.197
tiny,chip_205_329_merged.tif,0.6,1,1229106634,117,29.079,32.8958,3.8167
tiny,chip_205_329_merged.tif,0.6,2,749161116,117,30.0849,32.7479,2.663
tiny,chip_205_329_merged.tif,0.6,3,368554485,117,29.1064,32.5435,3.4371
tiny,chip_205_329_merged.tif,0.6,4,2036092615,117,28.7606,33.0218,4.2612
tiny,chip_205_329_merged.tif,0.8,0,1127121069,156,28.5829,30.8413,2.2584
tiny,chip_205_329_merged.tif,0.8,1,746514438,156,29.5306,31.5427,2.012
tiny,chip_205_329_merged.tif,0.8,2,266568920,156,28.5869,31.0164,2.4294
tiny,chip_205_329_merged.tif,0.8,3,2033445937,156,29.5282,31.2715,1.7433
tiny,chip_205_329_merged.tif,0.8,4,1652839306,156,29.1523,30.9263,1.774
tiny,chip_206_391_merged.tif,0.2,0,778707919,39,34.9131,36.4927,1.5797
tiny,chip_206_391_merged.tif,0.2,1,398101288,39,36.0481,36.9596,0.9114
tiny,chip_206_391_merged.tif,0.2,2,17494657,39,35.0782,35.901,0.8228
tiny,chip_206_391_merged.tif,0.2,3,1685032787,39,35.8413,36.8161,0.9748
tiny,chip_206_391_merged.tif,0.2,4,1304426156,39,36.1604,36.0018,-0.1586
tiny,chip_206_391_merged.tif,0.4,0,618092586,78,35.3666,36.4608,1.0942
tiny,chip_206_391_merged.tif,0.4,1,237485955,78,35.6596,36.6241,0.9645
tiny,chip_206_391_merged.tif,0.4,2,1905024085,78,35.0973,36.2449,1.1475
tiny,chip_206_391_merged.tif,0.4,3,1524417454,78,35.0978,36.0875,0.9897
tiny,chip_206_391_merged.tif,0.4,4,1044471936,78,35.9375,36.1969,0.2594
tiny,chip_206_391_merged.tif,0.6,0,2022278027,117,35.0122,36.1118,1.0996
tiny,chip_206_391_merged.tif,0.6,1,1641671396,117,35.4242,35.9627,0.5385
tiny,chip_206_391_merged.tif,0.6,2,1161725878,117,34.7982,35.5897,0.7916
tiny,chip_206_391_merged.tif,0.6,3,781119247,117,35.4353,35.2786,-0.1567
tiny,chip_206_391_merged.tif,0.6,4,400512616,117,35.0967,35.9164,0.8197
tiny,chip_206_391_merged.tif,0.8,0,1539685831,156,34.8682,35.4674,0.5992
tiny,chip_206_391_merged.tif,0.8,1,1159079200,156,34.8664,35.6545,0.788
tiny,chip_206_391_merged.tif,0.8,2,778472569,156,35.2456,35.5729,0.3273
tiny,chip_206_391_merged.tif,0.8,3,298527051,156,34.5392,35.3396,0.8004
tiny,chip_206_391_merged.tif,0.8,4,2065404068,156,35.2591,35.3232,0.0641
tiny,chip_206_401_merged.tif,0.2,0,1823302848,39,34.8141,36.3196,1.5055
tiny,chip_206_401_merged.tif,0.2,1,1442696217,39,35.4218,36.5843,1.1625
tiny,chip_206_401_merged.tif,0.2,2,962750699,39,32.8893,36.3841,3.4947
tiny,chip_206_401_merged.tif,0.2,3,582144068,39,36.0769,36.7448,0.6679
tiny,chip_206_401_merged.tif,0.2,4,102198550,39,35.4009,35.7844,0.3835
tiny,chip_206_401_merged.tif,0.4,0,1662687515,78,35.7136,36.1194,0.4058
tiny,chip_206_401_merged.tif,0.4,1,1182741997,78,34.1971,35.5909,1.3938
tiny,chip_206_401_merged.tif,0.4,2,802135366,78,34.1966,35.8224,1.6258
tiny,chip_206_401_merged.tif,0.4,3,322189848,78,35.7138,34.5211,-1.1927
tiny,chip_206_401_merged.tif,0.4,4,2089066865,78,31.2782,34.8429,3.5647
tiny,chip_206_401_merged.tif,0.6,0,919389308,117,34.2883,34.5255,0.2372
tiny,chip_206_401_merged.tif,0.6,1,439443790,117,32.936,34.6287,1.6928
tiny,chip_206_401_merged.tif,0.6,2,58837159,117,33.985,35.1642,1.1792
tiny,chip_206_401_merged.tif,0.6,3,1726375289,117,31.7059,32.603,0.8971
tiny,chip_206_401_merged.tif,0.6,4,1345768658,117,34.7108,35.2471,0.5363
tiny,chip_206_401_merged.tif,0.8,0,436797112,156,32.9131,33.1516,0.2385
tiny,chip_206_401_merged.tif,0.8,1,56190481,156,32.6501,35.1098,2.4597
tiny,chip_206_401_merged.tif,0.8,2,1723728611,156,31.9151,32.8271,0.912
tiny,chip_206_401_merged.tif,0.8,3,1343121980,156,32.7112,34.2185,1.5074
tiny,chip_206_401_merged.tif,0.8,4,863176462,156,32.7237,33.1876,0.4639
tiny,chip_207_334_merged.tif,0.2,0,946565876,39,29.1314,32.7639,3.6325
tiny,chip_207_334_merged.tif,0.2,1,466620358,39,29.1596,33.0192,3.8597
tiny,chip_207_334_merged.tif,0.2,2,86013727,39,28.3471,32.9853,4.6382
tiny,chip_207_334_merged.tif,0.2,3,1753551857,39,29.5555,33.0621,3.5066
tiny,chip_207_334_merged.tif,0.2,4,1372945226,39,30.3292,32.5695,2.2402
tiny,chip_207_334_merged.tif,0.4,0,2028774454,78,29.3183,31.5064,2.1881
tiny,chip_207_334_merged.tif,0.4,1,1648167823,78,29.5906,31.8416,2.2511
tiny,chip_207_334_merged.tif,0.4,2,1168222305,78,28.0295,32.0366,4.0072
tiny,chip_207_334_merged.tif,0.4,3,787615674,78,28.0276,31.0721,3.0445
tiny,chip_207_334_merged.tif,0.4,4,307670156,78,29.5931,31.8706,2.2775
tiny,chip_207_334_merged.tif,0.6,0,2090797097,117,28.5083,32.1505,3.6421
tiny,chip_207_334_merged.tif,0.6,1,1710190466,117,28.6006,31.2795,2.6788
tiny,chip_207_334_merged.tif,0.6,2,1329583835,117,28.7753,31.2097,2.4344
tiny,chip_207_334_merged.tif,0.6,3,849638317,117,28.5582,30.8478,2.2896
tiny,chip_207_334_merged.tif,0.6,4,469031686,117,28.0508,31.1691,3.1183
tiny,chip_207_334_merged.tif,0.8,0,1707543788,156,28.5059,30.1554,1.6495
tiny,chip_207_334_merged.tif,0.8,1,1227598270,156,28.2245,29.9112,1.6867
tiny,chip_207_334_merged.tif,0.8,2,846991639,156,28.2527,30.1265,1.8738
tiny,chip_207_334_merged.tif,0.8,3,367046121,156,28.2679,29.8944,1.6265
tiny,chip_207_334_merged.tif,0.8,4,2133923138,156,28.5226,30.3911,1.8685
tiny,chip_207_424_merged.tif,0.2,0,1865981474,39,34.9356,34.9661,0.0305
tiny,chip_207_424_merged.tif,0.2,1,1485374843,39,37.541,33.8868,-3.6543
tiny,chip_207_424_merged.tif,0.2,2,1005429325,39,32.16,34.878,2.718
tiny,chip_207_424_merged.tif,0.2,3,624822694,39,32.6799,32.9628,0.2828
tiny,chip_207_424_merged.tif,0.2,4,244216063,39,32.1611,33.4598,1.2987
tiny,chip_207_424_merged.tif,0.4,0,1705366141,78,30.9157,34.0187,3.103
tiny,chip_207_424_merged.tif,0.4,1,1324759510,78,33.7677,34.2041,0.4364
tiny,chip_207_424_merged.tif,0.4,2,844813992,78,33.4046,34.0511,0.6465
tiny,chip_207_424_merged.tif,0.4,3,464207361,78,32.5071,34.134,1.6269
tiny,chip_207_424_merged.tif,0.4,4,2131745491,78,31.3799,33.8928,2.5129
tiny,chip_207_424_merged.tif,0.6,0,962067934,117,31.3007,33.7547,2.454
tiny,chip_207_424_merged.tif,0.6,1,581461303,117,30.7776,33.8665,3.0889
tiny,chip_207_424_merged.tif,0.6,2,101515785,117,31.5553,33.6296,2.0743
tiny,chip_207_424_merged.tif,0.6,3,1868392802,117,32.5612,34.0328,1.4716
tiny,chip_207_424_merged.tif,0.6,4,1388447284,117,31.9009,33.5289,1.628
tiny,chip_207_424_merged.tif,0.8,0,479475738,156,31.681,32.5003,0.8193
tiny,chip_207_424_merged.tif,0.8,1,98869107,156,28.431,32.2524,3.8214
tiny,chip_207_424_merged.tif,0.8,2,1766407237,156,28.302,32.5622,4.2602
tiny,chip_207_424_merged.tif,0.8,3,1385800606,156,30.828,32.8772,2.0492
tiny,chip_207_424_merged.tif,0.8,4,905855088,156,30.8201,33.1238,2.3037
tiny,chip_208_417_merged.tif,0.2,0,2115812590,39,35.3884,35.368,-0.0204
tiny,chip_208_417_merged.tif,0.2,1,1735205959,39,34.5577,35.8171,1.2594
tiny,chip_208_417_merged.tif,0.2,2,1354599328,39,35.4731,35.8888,0.4157
tiny,chip_208_417_merged.tif,0.2,3,874653810,39,35.9055,36.7025,0.7971
tiny,chip_208_417_merged.tif,0.2,4,494047179,39,34.4061,35.8645,1.4584
tiny,chip_208_417_merged.tif,0.4,0,1955197257,78,32.5749,35.0961,2.5212
tiny,chip_208_417_merged.tif,0.4,1,1574590626,78,34.3751,35.5537,1.1786
tiny,chip_208_417_merged.tif,0.4,2,1094645108,78,34.497,35.1072,0.6102
tiny,chip_208_417_merged.tif,0.4,3,714038477,78,33.032,35.5563,2.5243
tiny,chip_208_417_merged.tif,0.4,4,234092959,78,34.8257,35.8109,0.9852
tiny,chip_208_417_merged.tif,0.6,0,1211899050,117,35.0159,35.8665,0.8506
tiny,chip_208_417_merged.tif,0.6,1,831292419,117,34.7523,35.2869,0.5346
tiny,chip_208_417_merged.tif,0.6,2,351346901,117,33.4506,35.6079,2.1574
tiny,chip_208_417_merged.tif,0.6,3,2118223918,117,32.7461,34.7787,2.0326
tiny,chip_208_417_merged.tif,0.6,4,1638278400,117,34.6201,35.0543,0.4342
tiny,chip_208_417_merged.tif,0.8,0,729306854,156,33.8978,34.3628,0.465
tiny,chip_208_417_merged.tif,0.8,1,348700223,156,31.9829,35.1276,3.1448
tiny,chip_208_417_merged.tif,0.8,2,2016238353,156,32.7252,34.6178,1.8926
tiny,chip_208_417_merged.tif,0.8,3,1635631722,156,33.8975,35.0798,1.1823
tiny,chip_208_417_merged.tif,0.8,4,1255025091,156,31.9029,34.5059,2.603
tiny,chip_209_312_merged.tif,0.2,0,1153588232,39,30.4432,34.7331,4.2899
tiny,chip_209_312_merged.tif,0.2,1,673642714,39,34.0494,34.9405,0.8911
tiny,chip_209_312_merged.tif,0.2,2,293036083,39,30.1698,35.1303,4.9605
tiny,chip_209_312_merged.tif,0.2,3,1960574213,39,30.4434,35.0782,4.6348
tiny,chip_209_312_merged.tif,0.2,4,1579967582,39,31.2295,35.5579,4.3283
tiny,chip_209_312_merged.tif,0.4,0,88313162,78,31.0195,33.0244,2.0049
tiny,chip_209_312_merged.tif,0.4,1,1855190179,78,30.6516,33.9432,3.2916
tiny,chip_209_312_merged.tif,0.4,2,1375244661,78,31.5816,34.8958,3.3142
tiny,chip_209_312_merged.tif,0.4,3,994638030,78,30.6501,33.7382,3.0881
tiny,chip_209_312_merged.tif,0.4,4,514692512,78,31.9538,35.2316,3.2778
tiny,chip_209_312_merged.tif,0.6,0,150335805,117,30.9878,33.7518,2.764
tiny,chip_209_312_merged.tif,0.6,1,1917212822,117,30.9904,33.5154,2.5249
tiny,chip_209_312_merged.tif,0.6,2,1536606191,117,30.3581,34.1729,3.8147
tiny,chip_209_312_merged.tif,0.6,3,1056660673,117,31.4241,33.1495,1.7255
tiny,chip_209_312_merged.tif,0.6,4,676054042,117,31.3712,33.2723,1.9012
tiny,chip_209_312_merged.tif,0.8,0,1914566144,156,30.6794,31.9566,1.2772
tiny,chip_209_312_merged.tif,0.8,1,1434620626,156,31.0751,31.754,0.6789
tiny,chip_209_312_merged.tif,0.8,2,1054013995,156,30.7604,32.4161,1.6557
tiny,chip_209_312_merged.tif,0.8,3,574068477,156,30.7052,31.9109,1.2057
tiny,chip_209_312_merged.tif,0.8,4,193461846,156,31.1383,31.7868,0.6485
tiny,chip_210_444_merged.tif,0.2,0,1810566890,39,30.79,32.1047,1.3147
tiny,chip_210_444_merged.tif,0.2,1,1330621372,39,29.8289,32.3849,2.556
tiny,chip_210_444_merged.tif,0.2,2,950014741,39,31.5677,32.7002,1.1325
tiny,chip_210_444_merged.tif,0.2,3,569408110,39,29.8292,32.2352,2.4061
tiny,chip_210_444_merged.tif,0.2,4,89462592,39,31.7129,32.547,0.8341
tiny,chip_210_444_merged.tif,0.4,0,745291820,78,29.7523,32.3367,2.5844
tiny,chip_210_444_merged.tif,0.4,1,364685189,78,29.7423,32.5459,2.8036
tiny,chip_210_444_merged.tif,0.4,2,2131562206,78,29.1174,31.615,2.4975
tiny,chip_210_444_merged.tif,0.4,3,1651616688,78,29.1747,32.0551,2.8804
tiny,chip_210_444_merged.tif,0.4,4,1271010057,78,29.2029,31.75,2.5471
tiny,chip_210_444_merged.tif,0.6,0,1993613,117,29.4538,30.8228,1.369
tiny,chip_210_444_merged.tif,0.6,1,1768870630,117,29.1599,30.5925,1.4327
tiny,chip_210_444_merged.tif,0.6,2,1388263999,117,29.0938,30.7887,1.6949
tiny,chip_210_444_merged.tif,0.6,3,908318481,117,29.0972,30.7847,1.6874
tiny,chip_210_444_merged.tif,0.6,4,527711850,117,29.3725,30.9676,1.5951
tiny,chip_210_444_merged.tif,0.8,0,1766223952,156,27.7194,29.8153,2.0959
tiny,chip_210_444_merged.tif,0.8,1,1286278434,156,29.0082,29.8552,0.847
tiny,chip_210_444_merged.tif,0.8,2,905671803,156,29.0119,29.6918,0.6799
tiny,chip_210_444_merged.tif,0.8,3,425726285,156,28.7137,30.0801,1.3665
tiny,chip_210_444_merged.tif,0.8,4,45119654,156,27.6947,30.3549,2.6602
tiny,chip_210_466_merged.tif,0.2,0,1846965993,39,32.9136,34.7814,1.8678
tiny,chip_210_466_merged.tif,0.2,1,1367020475,39,34.2053,34.6586,0.4534
tiny,chip_210_466_merged.tif,0.2,2,986413844,39,34.2059,35.1057,0.8999
tiny,chip_210_466_merged.tif,0.2,3,605807213,39,33.51,34.8265,1.3165
tiny,chip_210_466_merged.tif,0.2,4,125861695,39,32.975,35.3103,2.3353
tiny,chip_210_466_merged.tif,0.4,0,781690923,78,32.9066,34.2238,1.3171
tiny,chip_210_466_merged.tif,0.4,1,401084292,78,32.9066,34.4741,1.5675
tiny,chip_210_466_merged.tif,0.4,2,2068622422,78,33.6187,34.4463,0.8276
tiny,chip_210_466_merged.tif,0.4,3,1688015791,78,34.1851,34.8561,0.671
tiny,chip_210_466_merged.tif,0.4,4,1307409160,78,32.8668,34.4031,1.5363
tiny,chip_210_466_merged.tif,0.6,0,943052453,117,33.5041,34.3943,0.8902
tiny,chip_210_466_merged.tif,0.6,1,463106935,117,32.9107,34.3052,1.3944
tiny,chip_210_466_merged.tif,0.6,2,82500304,117,33.6288,33.7177,0.0889
tiny,chip_210_466_merged.tif,0.6,3,1750038434,117,33.2864,33.5034,0.217
tiny,chip_210_466_merged.tif,0.6,4,1369431803,117,33.3465,33.4883,0.1418
tiny,chip_210_466_merged.tif,0.8,0,460460257,156,32.8113,33.4767,0.6654
tiny,chip_210_466_merged.tif,0.8,1,2127998387,156,32.5631,33.468,0.9049
tiny,chip_210_466_merged.tif,0.8,2,1747391756,156,32.7622,33.6244,0.8621
tiny,chip_210_466_merged.tif,0.8,3,1366785125,156,32.5557,33.5133,0.9576
tiny,chip_210_466_merged.tif,0.8,4,886839607,156,32.6671,33.7954,1.1283
tiny,chip_211_435_merged.tif,0.2,0,345841537,39,37.7046,38.4583,0.7537
tiny,chip_211_435_merged.tif,0.2,1,2112718554,39,36.7462,37.2666,0.5204
tiny,chip_211_435_merged.tif,0.2,2,1732111923,39,36.8681,37.88,1.0119
tiny,chip_211_435_merged.tif,0.2,3,1252166405,39,37.2276,38.6349,1.4072
tiny,chip_211_435_merged.tif,0.2,4,871559774,39,37.1701,37.2915,0.1214
tiny,chip_211_435_merged.tif,0.4,0,185226204,78,34.9791,37.214,2.2348
tiny,chip_211_435_merged.tif,0.4,1,1952103221,78,36.3159,37.508,1.1921
tiny,chip_211_435_merged.tif,0.4,2,1472157703,78,36.7364,37.3197,0.5834
tiny,chip_211_435_merged.tif,0.4,3,1091551072,78,35.9305,37.5218,1.5913
tiny,chip_211_435_merged.tif,0.4,4,611605554,78,34.942,37.8372,2.8952
tiny,chip_211_435_merged.tif,0.6,0,1589411645,117,34.8994,37.1397,2.2403
tiny,chip_211_435_merged.tif,0.6,1,1208805014,117,36.4027,37.1448,0.7421
tiny,chip_211_435_merged.tif,0.6,2,728859496,117,36.8739,36.9108,0.0369
tiny,chip_211_435_merged.tif,0.6,3,348252865,117,34.911,36.8079,1.8969
tiny,chip_211_435_merged.tif,0.6,4,2015790995,117,34.9228,36.6553,1.7325
tiny,chip_211_435_merged.tif,0.8,0,1106819449,156,36.2214,36.5306,0.3091
tiny,chip_211_435_merged.tif,0.8,1,726212818,156,35.3334,36.0637,0.7303
tiny,chip_211_435_merged.tif,0.8,2,345606187,156,34.8976,36.2701,1.3725
tiny,chip_211_435_merged.tif,0.8,3,2013144317,156,36.2164,36.5673,0.3509
tiny,chip_211_435_merged.tif,0.8,4,1632537686,156,35.7407,36.5889,0.8482
tiny,chip_213_282_merged.tif,0.2,0,1034863744,39,33.7226,39.6861,5.9635
tiny,chip_213_282_merged.tif,0.2,1,654257113,39,28.9024,38.4664,9.564
tiny,chip_213_282_merged.tif,0.2,2,174311595,39,37.4791,38.4708,0.9916
tiny,chip_213_282_merged.tif,0.2,3,1941188612,39,37.4781,38.7032,1.225
tiny,chip_213_282_merged.tif,0.2,4,1560581981,39,37.2925,37.6365,0.344
tiny,chip_213_282_merged.tif,0.4,0,874248411,78,30.1265,38.0791,7.9526
tiny,chip_213_282_merged.tif,0.4,1,493641780,78,35.1909,38.6519,3.461
tiny,chip_213_282_merged.tif,0.4,2,13696262,78,30.2844,37.3253,7.0409
tiny,chip_213_282_merged.tif,0.4,3,1780573279,78,34.8832,38.4863,3.6032
tiny,chip_213_282_merged.tif,0.4,4,1300627761,78,34.4514,37.5295,3.0781
tiny,chip_213_282_merged.tif,0.6,0,130950204,117,33.1051,36.4137,3.3085
tiny,chip_213_282_merged.tif,0.6,1,1897827221,117,34.3901,37.3719,2.9818
tiny,chip_213_282_merged.tif,0.6,2,1417881703,117,32.8503,37.3774,4.5271
tiny,chip_213_282_merged.tif,0.6,3,1037275072,117,34.5174,37.5507,3.0333
tiny,chip_213_282_merged.tif,0.6,4,557329554,117,32.87,37.5327,4.6627
tiny,chip_213_282_merged.tif,0.8,0,1795841656,156,31.3535,35.3912,4.0377
tiny,chip_213_282_merged.tif,0.8,1,1415235025,156,31.6535,32.7522,1.0987
tiny,chip_213_282_merged.tif,0.8,2,935289507,156,33.1986,33.3438,0.1453
tiny,chip_213_282_merged.tif,0.8,3,554682876,156,31.7122,36.0648,4.3526
tiny,chip_213_282_merged.tif,0.8,4,174076245,156,31.1216,36.2028,5.0811
tiny,chip_213_290_merged.tif,0.2,0,13690942,39,36.6857,37.256,0.5703
tiny,chip_213_290_merged.tif,0.2,1,1681229072,39,30.5967,38.4212,7.8245
tiny,chip_213_290_merged.tif,0.2,2,1300622441,39,35.2526,38.4457,3.1931
tiny,chip_213_290_merged.tif,0.2,3,920015810,39,36.033,37.695,1.662
tiny,chip_213_290_merged.tif,0.2,4,440070292,39,29.0785,37.3268,8.2483
tiny,chip_213_290_merged.tif,0.4,0,2000559257,78,32.2536,36.9134,4.6598
tiny,chip_213_290_merged.tif,0.4,1,1520613739,78,30.7429,36.8297,6.0869
tiny,chip_213_290_merged.tif,0.4,2,1140007108,78,32.2521,34.9491,2.697
tiny,chip_213_290_merged.tif,0.4,3,660061590,78,30.6461,37.2506,6.6045
tiny,chip_213_290_merged.tif,0.4,4,279454959,78,33.5269,36.2387,2.7118
tiny,chip_213_290_merged.tif,0.6,0,1257261050,117,33.4079,35.8642,2.4564
tiny,chip_213_290_merged.tif,0.6,1,777315532,117,32.0067,34.5848,2.5781
tiny,chip_213_290_merged.tif,0.6,2,396708901,117,33.1379,36.0738,2.9358
tiny,chip_213_290_merged.tif,0.6,3,2064247031,117,33.3015,35.305,2.0035
tiny,chip_213_290_merged.tif,0.6,4,1683640400,117,32.1215,36.7144,4.5929
tiny,chip_213_290_merged.tif,0.8,0,774668854,156,30.3092,33.337,3.0278
tiny,chip_213_290_merged.tif,0.8,1,294723336,156,31.7534,33.2506,1.4972
tiny,chip_213_290_merged.tif,0.8,2,2061600353,156,31.0495,33.5944,2.5449
tiny,chip_213_290_merged.tif,0.8,3,1581654835,156,31.7736,32.9826,1.209
tiny,chip_213_290_merged.tif,0.8,4,1201048204,156,30.6614,32.2731,1.6117
tiny,chip_213_391_merged.tif,0.2,0,2091704167,39,35.9227,34.7736,-1.1491
tiny,chip_213_391_merged.tif,0.2,1,1611758649,39,32.2155,35.8301,3.6145
tiny,chip_213_391_merged.tif,0.2,2,1231152018,39,35.1979,36.6855,1.4877
tiny,chip_213_391_merged.tif,0.2,3,751206500,39,34.5789,34.6088,0.0299
tiny,chip_213_391_merged.tif,0.2,4,370599869,39,35.2713,34.7857,-0.4856
tiny,chip_213_391_merged.tif,0.4,0,1831749947,78,33.5447,35.1987,1.654
tiny,chip_213_391_merged.tif,0.4,1,1451143316,78,33.7198,34.9787,1.2589
tiny,chip_213_391_merged.tif,0.4,2,1070536685,78,33.07,36.0262,2.9562
tiny,chip_213_391_merged.tif,0.4,3,590591167,78,33.0646,34.1446,1.08
tiny,chip_213_391_merged.tif,0.4,4,209984536,78,32.4893,35.6497,3.1604
tiny,chip_213_391_merged.tif,0.6,0,1088451740,117,32.8512,33.2809,0.4297
tiny,chip_213_391_merged.tif,0.6,1,707845109,117,31.9394,34.5184,2.579
tiny,chip_213_391_merged.tif,0.6,2,327238478,117,32.1806,34.8146,2.634
tiny,chip_213_391_merged.tif,0.6,3,1994776608,117,32.8436,34.7752,1.9316
tiny,chip_213_391_merged.tif,0.6,4,1614169977,117,33.7866,33.9532,0.1666
tiny,chip_213_391_merged.tif,0.8,0,705198431,156,32.1298,32.755,0.6251
tiny,chip_213_391_merged.tif,0.8,1,225252913,156,31.7111,33.9883,2.2772
tiny,chip_213_391_merged.tif,0.8,2,1992129930,156,32.0405,34.8503,2.8098
tiny,chip_213_391_merged.tif,0.8,3,1512184412,156,31.6978,34.1362,2.4385
tiny,chip_213_391_merged.tif,0.8,4,1131577781,156,31.8145,33.7276,1.9131
tiny,chip_213_456_merged.tif,0.2,0,1687446733,39,33.6773,35.2655,1.5882
tiny,chip_213_456_merged.tif,0.2,1,1207501215,39,35.6818,35.2931,-0.3887
tiny,chip_213_456_merged.tif,0.2,2,826894584,39,33.6775,34.4815,0.804
tiny,chip_213_456_merged.tif,0.2,3,346949066,39,33.6871,35.8794,2.1923
tiny,chip_213_456_merged.tif,0.2,4,2113826083,39,32.7722,35.8579,3.0858
tiny,chip_213_456_merged.tif,0.4,0,1427492513,78,33.462,35.3522,1.8901
tiny,chip_213_456_merged.tif,0.4,1,1046885882,78,32.9463,35.1139,2.1676
tiny,chip_213_456_merged.tif,0.4,2,566940364,78,33.7231,35.5204,1.7973
tiny,chip_213_456_merged.tif,0.4,3,186333733,78,33.9701,35.3188,1.3487
tiny,chip_213_456_merged.tif,0.4,4,1953210750,78,33.7482,35.5287,1.7805
tiny,chip_213_456_merged.tif,0.6,0,684194306,117,33.5696,34.8036,1.234
tiny,chip_213_456_merged.tif,0.6,1,303587675,117,33.6049,34.3053,0.7003
tiny,chip_213_456_merged.tif,0.6,2,2070464692,117,33.5061,34.392,0.8859
tiny,chip_213_456_merged.tif,0.6,3,1590519174,117,33.5135,34.906,1.3925
tiny,chip_213_456_merged.tif,0.6,4,1209912543,117,33.6057,34.7578,1.1521
tiny,chip_213_456_merged.tif,0.8,0,300940997,156,32.9635,34.0686,1.1051
tiny,chip_213_456_merged.tif,0.8,1,1968479127,156,32.696,33.8531,1.1571
tiny,chip_213_456_merged.tif,0.8,2,1587872496,156,32.9428,33.9013,0.9585
tiny,chip_213_456_merged.tif,0.8,3,1107926978,156,32.7469,33.6719,0.925
tiny,chip_213_456_merged.tif,0.8,4,727320347,156,32.8322,34.3302,1.498
tiny,chip_214_307_merged.tif,0.2,0,1944702363,39,31.2668,33.6492,2.3824
tiny,chip_214_307_merged.tif,0.2,1,1564095732,39,33.3944,35.4358,2.0414
tiny,chip_214_307_merged.tif,0.2,2,1084150214,39,31.4684,35.6535,4.1851
tiny,chip_214_307_merged.tif,0.2,3,703543583,39,28.8171,35.0555,6.2384
tiny,chip_214_307_merged.tif,0.2,4,322936952,39,31.2685,35.4316,4.1631
tiny,chip_214_307_merged.tif,0.4,0,1784087030,78,31.256,33.8866,2.6307
tiny,chip_214_307_merged.tif,0.4,1,1403480399,78,29.7265,35.7782,6.0517
tiny,chip_214_307_merged.tif,0.4,2,923534881,78,32.2819,34.8601,2.5783
tiny,chip_214_307_merged.tif,0.4,3,542928250,78,32.2832,34.7692,2.486
tiny,chip_214_307_merged.tif,0.4,4,62982732,78,29.8681,34.5079,4.6397
tiny,chip_214_307_merged.tif,0.6,0,1040788823,117,31.3537,34.4814,3.1277
tiny,chip_214_307_merged.tif,0.6,1,660182192,117,31.429,34.15,2.7211
tiny,chip_214_307_merged.tif,0.6,2,180236674,117,29.2693,34.7902,5.5209
tiny,chip_214_307_merged.tif,0.6,3,1947113691,117,30.3172,33.5431,3.2259
tiny,chip_214_307_merged.tif,0.6,4,1467168173,117,30.948,34.0079,3.0599
tiny,chip_214_307_merged.tif,0.8,0,558196627,156,29.9213,32.2316,2.3104
tiny,chip_214_307_merged.tif,0.8,1,177589996,156,30.621,32.9506,2.3296
tiny,chip_214_307_merged.tif,0.8,2,1845128126,156,30.5442,32.4285,1.8843
tiny,chip_214_307_merged.tif,0.8,3,1464521495,156,30.6332,32.9109,2.2777
tiny,chip_214_307_merged.tif,0.8,4,1083914864,156,30.5767,32.632,2.0553
tiny,chip_214_311_merged.tif,0.2,0,35185037,39,32.0465,35.2952,3.2487
tiny,chip_214_311_merged.tif,0.2,1,1802062054,39,31.903,35.2409,3.3379
tiny,chip_214_311_merged.tif,0.2,2,1421455423,39,33.1418,34.0095,0.8676
tiny,chip_214_311_merged.tif,0.2,3,941509905,39,32.325,34.8712,2.5462
tiny,chip_214_311_merged.tif,0.2,4,560903274,39,28.093,34.4987,6.4057
tiny,chip_214_311_merged.tif,0.4,0,1216732502,78,31.9154,34.1294,2.2139
tiny,chip_214_311_merged.tif,0.4,1,736786984,78,30.3671,33.9912,3.6241
tiny,chip_214_311_merged.tif,0.4,2,356180353,78,30.3683,34.5072,4.1389
tiny,chip_214_311_merged.tif,0.4,3,2123057370,78,31.2959,34.5165,3.2206
tiny,chip_214_311_merged.tif,0.4,4,1643111852,78,31.692,33.5159,1.824
tiny,chip_214_311_merged.tif,0.6,0,1278755145,117,31.1343,33.8334,2.6991
tiny,chip_214_311_merged.tif,0.6,1,898148514,117,31.4688,31.5068,0.038
tiny,chip_214_311_merged.tif,0.6,2,418202996,117,31.9888,31.5111,-0.4777
tiny,chip_214_311_merged.tif,0.6,3,37596365,117,32.116,31.3701,-0.746
tiny,chip_214_311_merged.tif,0.6,4,1705134495,117,29.9879,33.0815,3.0935
tiny,chip_214_311_merged.tif,0.8,0,796162949,156,30.214,30.7764,0.5625
tiny,chip_214_311_merged.tif,0.8,1,415556318,156,29.958,32.9377,2.9796
tiny,chip_214_311_merged.tif,0.8,2,34949687,156,29.9102,30.9149,1.0047
tiny,chip_214_311_merged.tif,0.8,3,1702487817,156,30.6097,31.7703,1.1606
tiny,chip_214_311_merged.tif,0.8,4,1321881186,156,30.6138,31.7988,1.1851
tiny,chip_214_329_merged.tif,0.2,0,810533986,39,30.3992,32.1699,1.7707
tiny,chip_214_329_merged.tif,0.2,1,330588468,39,30.0214,32.9416,2.9202
tiny,chip_214_329_merged.tif,0.2,2,2097465485,39,29.2938,33.1963,3.9024
tiny,chip_214_329_merged.tif,0.2,3,1617519967,39,30.4989,32.4105,1.9116
tiny,chip_214_329_merged.tif,0.2,4,1236913336,39,30.7244,31.7222,0.9978
tiny,chip_214_329_merged.tif,0.4,0,1892742564,78,30.0463,32.1313,2.0851
tiny,chip_214_329_merged.tif,0.4,1,1512135933,78,29.5577,31.72,2.1623
tiny,chip_214_329_merged.tif,0.4,2,1032190415,78,28.7558,31.4703,2.7145
tiny,chip_214_329_merged.tif,0.4,3,651583784,78,29.9821,32.5517,2.5695
tiny,chip_214_329_merged.tif,0.4,4,171638266,78,30.0741,32.6657,2.5916
tiny,chip_214_329_merged.tif,0.6,0,1954765207,117,28.6969,31.5019,2.805
tiny,chip_214_329_merged.tif,0.6,1,1574158576,117,29.9714,31.1478,1.1764
tiny,chip_214_329_merged.tif,0.6,2,1193551945,117,28.5621,30.4102,1.8481
tiny,chip_214_329_merged.tif,0.6,3,713606427,117,29.8411,31.7084,1.8673
tiny,chip_214_329_merged.tif,0.6,4,332999796,117,28.699,31.1917,2.4927
tiny,chip_214_329_merged.tif,0.8,0,1571511898,156,28.6452,30.5267,1.8816
tiny,chip_214_329_merged.tif,0.8,1,1091566380,156,28.6504,30.3069,1.6565
tiny,chip_214_329_merged.tif,0.8,2,710959749,156,28.2411,30.4671,2.2261
tiny,chip_214_329_merged.tif,0.8,3,231014231,156,28.6452,30.5204,1.8752
tiny,chip_214_329_merged.tif,0.8,4,1997891248,156,28.6408,30.5854,1.9446
tiny,chip_214_429_merged.tif,0.2,0,403555867,39,38.4811,39.3629,0.8818
tiny,chip_214_429_merged.tif,0.2,1,22949236,39,38.3897,38.2154,-0.1743
tiny,chip_214_429_merged.tif,0.2,2,1690487366,39,38.4304,38.4577,0.0273
tiny,chip_214_429_merged.tif,0.2,3,1309880735,39,38.4272,38.2089,-0.2183
tiny,chip_214_429_merged.tif,0.2,4,829935217,39,38.2001,38.9908,0.7907
tiny,chip_214_429_merged.tif,0.4,0,242940534,78,38.0276,39.0253,0.9977
tiny,chip_214_429_merged.tif,0.4,1,1910478664,78,37.2829,38.7826,1.4997
tiny,chip_214_429_merged.tif,0.4,2,1529872033,78,38.0925,38.6512,0.5588
tiny,chip_214_429_merged.tif,0.4,3,1149265402,78,37.9398,38.6885,0.7486
tiny,chip_214_429_merged.tif,0.4,4,669319884,78,38.0158,38.3433,0.3275
tiny,chip_214_429_merged.tif,0.6,0,1647125975,117,37.9498,38.0819,0.1321
tiny,chip_214_429_merged.tif,0.6,1,1167180457,117,38.1893,38.7025,0.5133
tiny,chip_214_429_merged.tif,0.6,2,786573826,117,38.0699,38.6834,0.6135
tiny,chip_214_429_merged.tif,0.6,3,405967195,117,38.1135,38.7796,0.6661
tiny,chip_214_429_merged.tif,0.6,4,2073505325,117,38.0312,38.368,0.3368
tiny,chip_214_429_merged.tif,0.8,0,1164533779,156,37.9063,38.3882,0.4819
tiny,chip_214_429_merged.tif,0.8,1,783927148,156,37.6779,37.9866,0.3087
tiny,chip_214_429_merged.tif,0.8,2,303981630,156,37.3543,38.2628,0.9085
tiny,chip_214_429_merged.tif,0.8,3,2070858647,156,37.3519,38.4494,1.0975
tiny,chip_214_429_merged.tif,0.8,4,1590913129,156,37.3986,37.8778,0.4791
tiny,chip_215_309_merged.tif,0.2,0,1129533677,39,32.8129,33.3609,0.548
tiny,chip_215_309_merged.tif,0.2,1,649588159,39,32.5818,34.6599,2.0781
tiny,chip_215_309_merged.tif,0.2,2,268981528,39,33.2893,33.6411,0.3518
tiny,chip_215_309_merged.tif,0.2,3,1936519658,39,28.2282,33.1755,4.9473
tiny,chip_215_309_merged.tif,0.2,4,1555913027,39,32.8495,33.2948,0.4454
tiny,chip_215_309_merged.tif,0.4,0,64258607,78,32.564,33.5492,0.9852
tiny,chip_215_309_merged.tif,0.4,1,1831135624,78,28.9689,33.3449,4.376
tiny,chip_215_309_merged.tif,0.4,2,1351190106,78,28.7191,32.6992,3.9801
tiny,chip_215_309_merged.tif,0.4,3,970583475,78,31.3151,33.6318,2.3167
tiny,chip_215_309_merged.tif,0.4,4,589976844,78,31.0358,32.2405,1.2048
tiny,chip_215_309_merged.tif,0.6,0,126281250,117,30.9847,32.7113,1.7267
tiny,chip_215_309_merged.tif,0.6,1,1893158267,117,28.8477,32.7242,3.8765
tiny,chip_215_309_merged.tif,0.6,2,1512551636,117,29.4973,32.559,3.0617
tiny,chip_215_309_merged.tif,0.6,3,1032606118,117,31.9121,32.3955,0.4834
tiny,chip_215_309_merged.tif,0.6,4,651999487,117,31.198,32.8371,1.6391
tiny,chip_215_309_merged.tif,0.8,0,1890511589,156,29.3927,30.6919,1.2992
tiny,chip_215_309_merged.tif,0.8,1,1410566071,156,29.612,31.2098,1.5978
tiny,chip_215_309_merged.tif,0.8,2,1029959440,156,29.2744,31.6335,2.3591
tiny,chip_215_309_merged.tif,0.8,3,550013922,156,29.8653,30.3993,0.534
tiny,chip_215_309_merged.tif,0.8,4,169407291,156,29.243,30.8443,1.6013
tiny,chip_215_310_merged.tif,0.2,0,666833321,39,30.4549,33.2332,2.7783
tiny,chip_215_310_merged.tif,0.2,1,286226690,39,32.461,33.1779,0.7169
tiny,chip_215_310_merged.tif,0.2,2,2053103707,39,30.8244,35.1126,4.2882
tiny,chip_215_310_merged.tif,0.2,3,1573158189,39,31.241,34.4052,3.1642
tiny,chip_215_310_merged.tif,0.2,4,1192551558,39,30.3489,33.7405,3.3917
tiny,chip_215_310_merged.tif,0.4,0,1848380786,78,30.1567,33.3584,3.2017
tiny,chip_215_310_merged.tif,0.4,1,1368435268,78,30.3901,32.7498,2.3598
tiny,chip_215_310_merged.tif,0.4,2,987828637,78,30.1571,33.1626,3.0056
tiny,chip_215_310_merged.tif,0.4,3,607222006,78,30.0593,33.1759,3.1166
tiny,chip_215_310_merged.tif,0.4,4,127276488,78,31.6929,33.0586,1.3657
tiny,chip_215_310_merged.tif,0.6,0,1910403429,117,30.1212,32.141,2.0199
tiny,chip_215_310_merged.tif,0.6,1,1529796798,117,29.6965,32.0951,2.3986
tiny,chip_215_310_merged.tif,0.6,2,1049851280,117,29.9017,32.1854,2.2836
tiny,chip_215_310_merged.tif,0.6,3,669244649,117,29.6843,31.8071,2.1228
tiny,chip_215_310_merged.tif,0.6,4,189299131,117,30.8413,31.4856,0.6442
tiny,chip_215_310_merged.tif,0.8,0,1427811233,156,29.9715,31.1143,1.1428
tiny,chip_215_310_merged.tif,0.8,1,1047204602,156,30.4024,31.1191,0.7168
tiny,chip_215_310_merged.tif,0.8,2,666597971,156,30.4081,30.9997,0.5917
tiny,chip_215_310_merged.tif,0.8,3,186652453,156,29.9576,31.1851,1.2275
tiny,chip_215_310_merged.tif,0.8,4,1953529470,156,30.3851,31.5629,1.1777
tiny,chip_216_454_merged.tif,0.2,0,440083730,39,32.3439,34.3955,2.0516
tiny,chip_216_454_merged.tif,0.2,1,2107621860,39,32.9421,34.7641,1.8219
tiny,chip_216_454_merged.tif,0.2,2,1727015229,39,32.9429,35.5131,2.5702
tiny,chip_216_454_merged.tif,0.2,3,1346408598,39,33.0762,33.9867,0.9105
tiny,chip_216_454_merged.tif,0.2,4,866463080,39,31.5487,34.333,2.7843
tiny,chip_216_454_merged.tif,0.4,0,279468397,78,31.5418,33.6064,2.0646
tiny,chip_216_454_merged.tif,0.4,1,1947006527,78,32.3621,33.762,1.3999
tiny,chip_216_454_merged.tif,0.4,2,1566399896,78,31.5354,33.3269,1.7915
tiny,chip_216_454_merged.tif,0.4,3,1086454378,78,31.5416,34.0357,2.4942
tiny,chip_216_454_merged.tif,0.4,4,705847747,78,33.0732,34.1744,1.1012
tiny,chip_216_454_merged.tif,0.6,0,1683653838,117,31.7973,33.7669,1.9695
tiny,chip_216_454_merged.tif,0.6,1,1203708320,117,31.5928,32.93,1.3372
tiny,chip_216_454_merged.tif,0.6,2,823101689,117,30.9724,33.0118,2.0394
tiny,chip_216_454_merged.tif,0.6,3,343156171,117,30.9599,32.8621,1.9023
tiny,chip_216_454_merged.tif,0.6,4,2110033188,117,31.3298,33.0899,1.7601
tiny,chip_216_454_merged.tif,0.8,0,1201061642,156,31.5977,31.7576,0.1599
tiny,chip_216_454_merged.tif,0.8,1,721116124,156,29.8105,32.3116,2.5011
tiny,chip_216_454_merged.tif,0.8,2,340509493,156,30.4508,32.8593,2.4085
tiny,chip_216_454_merged.tif,0.8,3,2107386510,156,29.7639,32.3016,2.5377
tiny,chip_216_454_merged.tif,0.8,4,1627440992,156,29.7783,32.0325,2.2541
tiny,chip_217_287_merged.tif,0.2,0,232801549,39,32.6934,37.6202,4.9268
tiny,chip_217_287_merged.tif,0.2,1,1900339679,39,31.712,36.9678,5.2558
tiny,chip_217_287_merged.tif,0.2,2,1519733048,39,32.6943,37.7514,5.0571
tiny,chip_217_287_merged.tif,0.2,3,1139126417,39,33.2452,37.5456,4.3005
tiny,chip_217_287_merged.tif,0.2,4,659180899,39,36.8977,36.3049,-0.5928
tiny,chip_217_287_merged.tif,0.4,0,1315010127,78,34.6684,37.2953,2.6269
tiny,chip_217_287_merged.tif,0.4,1,934403496,78,32.3167,35.7769,3.4602
tiny,chip_217_287_merged.tif,0.4,2,553796865,78,34.6689,37.3362,2.6674
tiny,chip_217_287_merged.tif,0.4,3,73851347,78,35.6343,36.6862,1.0518
tiny,chip_217_287_merged.tif,0.4,4,1840728364,78,33.5594,35.9837,2.4242
tiny,chip_217_287_merged.tif,0.6,0,571711920,117,32.1422,36.1223,3.9801
tiny,chip_217_287_merged.tif,0.6,1,191105289,117,32.331,36.5998,4.2688
tiny,chip_217_287_merged.tif,0.6,2,1957982306,117,32.1281,35.7542,3.626
tiny,chip_217_287_merged.tif,0.6,3,1478036788,117,31.6844,36.0767,4.3922
tiny,chip_217_287_merged.tif,0.6,4,1097430157,117,32.174,36.5682,4.3942
tiny,chip_217_287_merged.tif,0.8,0,188458611,156,32.22,33.8848,1.6648
tiny,chip_217_287_merged.tif,0.8,1,1855996741,156,32.4124,34.7894,2.377
tiny,chip_217_287_merged.tif,0.8,2,1475390110,156,32.2543,34.2486,1.9942
tiny,chip_217_287_merged.tif,0.8,3,995444592,156,32.124,34.7751,2.6511
tiny,chip_217_287_merged.tif,0.8,4,614837961,156,32.4077,33.2583,0.8506
tiny,chip_217_425_merged.tif,0.2,0,477109852,39,28.9385,30.5162,1.5778
tiny,chip_217_425_merged.tif,0.2,1,2144647982,39,29.7523,31.2729,1.5206
tiny,chip_217_425_merged.tif,0.2,2,1764041351,39,27.9069,29.7195,1.8126
tiny,chip_217_425_merged.tif,0.2,3,1284095833,39,27.3996,30.3347,2.935
tiny,chip_217_425_merged.tif,0.2,4,903489202,39,28.9398,30.9668,2.027
tiny,chip_217_425_merged.tif,0.4,0,217155632,78,29.7359,30.45,0.7141
tiny,chip_217_425_merged.tif,0.4,1,1984032649,78,28.1788,29.6957,1.5168
tiny,chip_217_425_merged.tif,0.4,2,1603426018,78,28.5028,30.7934,2.2906
tiny,chip_217_425_merged.tif,0.4,3,1123480500,78,29.0056,30.2158,1.2103
tiny,chip_217_425_merged.tif,0.4,4,742873869,78,28.8722,29.2994,0.4273
tiny,chip_217_425_merged.tif,0.6,0,1720679960,117,28.1457,30.0827,1.937
tiny,chip_217_425_merged.tif,0.6,1,1240734442,117,28.3861,29.3759,0.9899
tiny,chip_217_425_merged.tif,0.6,2,860127811,117,29.4129,29.2498,-0.1631
tiny,chip_217_425_merged.tif,0.6,3,380182293,117,28.16,29.4948,1.3347
tiny,chip_217_425_merged.tif,0.6,4,2147059310,117,28.0216,29.1516,1.13
tiny,chip_217_425_merged.tif,0.8,0,1238087764,156,28.4571,29.0306,0.5735
tiny,chip_217_425_merged.tif,0.8,1,758142246,156,27.0318,28.9554,1.9237
tiny,chip_217_425_merged.tif,0.8,2,377535615,156,28.7233,29.2641,0.5408
tiny,chip_217_425_merged.tif,0.8,3,2045073745,156,28.1806,28.8731,0.6925
tiny,chip_217_425_merged.tif,0.8,4,1664467114,156,28.22,29.1523,0.9323
tiny,chip_218_293_merged.tif,0.2,0,21838838,39,34.9911,39.0341,4.043
tiny,chip_218_293_merged.tif,0.2,1,1788715855,39,36.3175,39.8481,3.5306
tiny,chip_218_293_merged.tif,0.2,2,1308770337,39,39.0963,40.223,1.1267
tiny,chip_218_293_merged.tif,0.2,3,928163706,39,34.86,40.6163,5.7564
tiny,chip_218_293_merged.tif,0.2,4,547557075,39,35.5182,41.2887,5.7705
tiny,chip_218_293_merged.tif,0.4,0,1155768290,78,36.6121,40.5205,3.9084
tiny,chip_218_293_merged.tif,0.4,1,775161659,78,36.6154,38.4184,1.803
tiny,chip_218_293_merged.tif,0.4,2,295216141,78,37.7767,38.7663,0.9896
tiny,chip_218_293_merged.tif,0.4,3,2062093158,78,36.6217,37.5082,0.8865
tiny,chip_218_293_merged.tif,0.4,4,1681486527,78,36.6229,40.0543,3.4315
tiny,chip_218_293_merged.tif,0.6,0,1265408946,117,35.5488,38.1133,2.5645
tiny,chip_218_293_merged.tif,0.6,1,884802315,117,33.6395,39.0487,5.4092
tiny,chip_218_293_merged.tif,0.6,2,404856797,117,33.9061,38.6159,4.7098
tiny,chip_218_293_merged.tif,0.6,3,24250166,117,34.1975,37.8068,3.6093
tiny,chip_218_293_merged.tif,0.6,4,1691788296,117,33.9189,38.566,4.6471
tiny,chip_218_293_merged.tif,0.8,0,2077361535,156,33.9904,36.7198,2.7294
tiny,chip_218_293_merged.tif,0.8,1,1696754904,156,33.996,36.7988,2.8028
tiny,chip_218_293_merged.tif,0.8,2,1316148273,156,33.8975,38.2253,4.3277
tiny,chip_218_293_merged.tif,0.8,3,836202755,156,35.2468,36.6268,1.38
tiny,chip_218_293_merged.tif,0.8,4,455596124,156,33.9947,38.1134,4.1188
tiny,chip_218_306_merged.tif,0.2,0,112697141,39,33.4931,35.4683,1.9752
tiny,chip_218_306_merged.tif,0.2,1,1879574158,39,34.1322,35.6135,1.4812
tiny,chip_218_306_merged.tif,0.2,2,1399628640,39,32.646,34.7636,2.1177
tiny,chip_218_306_merged.tif,0.2,3,1019022009,39,33.4922,34.8146,1.3224
tiny,chip_218_306_merged.tif,0.2,4,638415378,39,31.5738,35.0932,3.5194
tiny,chip_218_306_merged.tif,0.4,0,2099565456,78,31.5613,34.542,2.9807
tiny,chip_218_306_merged.tif,0.4,1,1718958825,78,30.1868,34.5618,4.375
tiny,chip_218_306_merged.tif,0.4,2,1239013307,78,31.1115,35.2986,4.1871
tiny,chip_218_306_merged.tif,0.4,3,858406676,78,31.8496,34.6094,2.7598
tiny,chip_218_306_merged.tif,0.4,4,378461158,78,30.1879,34.6767,4.4888
tiny,chip_218_306_merged.tif,0.6,0,1356267249,117,31.3966,34.5086,3.112
tiny,chip_218_306_merged.tif,0.6,1,975660618,117,32.1928,33.5656,1.3728
tiny,chip_218_306_merged.tif,0.6,2,495715100,117,31.5789,34.0799,2.501
tiny,chip_218_306_merged.tif,0.6,3,115108469,117,31.5797,34.2898,2.7102
tiny,chip_218_306_merged.tif,0.6,4,1782646599,117,31.2639,34.3187,3.0548
tiny,chip_218_306_merged.tif,0.8,0,873675053,156,30.6395,31.8179,1.1785
tiny,chip_218_306_merged.tif,0.8,1,493068422,156,31.3869,32.4695,1.0825
tiny,chip_218_306_merged.tif,0.8,2,13122904,156,31.3601,32.4401,1.08
tiny,chip_218_306_merged.tif,0.8,3,1779999921,156,30.9638,32.699,1.7352
tiny,chip_218_306_merged.tif,0.8,4,1399393290,156,30.7299,33.4829,2.753
tiny,chip_218_423_merged.tif,0.2,0,1926787953,39,27.2993,32.0351,4.7357
tiny,chip_218_423_merged.tif,0.2,1,1446842435,39,27.8242,33.5287,5.7045
tiny,chip_218_423_merged.tif,0.2,2,1066235804,39,31.0065,32.6076,1.6012
tiny,chip_218_423_merged.tif,0.2,3,586290286,39,28.6378,32.9227,4.2849
tiny,chip_218_423_merged.tif,0.2,4,205683655,39,30.4468,32.5553,2.1085
tiny,chip_218_423_merged.tif,0.4,0,861512883,78,29.4857,32.5681,3.0825
tiny,chip_218_423_merged.tif,0.4,1,480906252,78,30.1822,31.9677,1.7855
tiny,chip_218_423_merged.tif,0.4,2,960734,78,29.655,32.3437,2.6887
tiny,chip_218_423_merged.tif,0.4,3,1767837751,78,30.5235,31.981,1.4575
tiny,chip_218_423_merged.tif,0.4,4,1287892233,78,30.2981,32.3315,2.0334
tiny,chip_218_423_merged.tif,0.6,0,923535526,117,29.626,30.132,0.506
tiny,chip_218_423_merged.tif,0.6,1,542928895,117,29.4554,31.298,1.8426
tiny,chip_218_423_merged.tif,0.6,2,162322264,117,28.4683,30.2762,1.8079
tiny,chip_218_423_merged.tif,0.6,3,1829860394,117,29.4751,30.343,0.8679
tiny,chip_218_423_merged.tif,0.6,4,1449253763,117,29.481,30.1155,0.6345
tiny,chip_218_423_merged.tif,0.8,0,540282217,156,28.2454,30.4697,2.2243
tiny,chip_218_423_merged.tif,0.8,1,60336699,156,27.1437,29.99,2.8463
tiny,chip_218_423_merged.tif,0.8,2,1827213716,156,28.8774,30.2895,1.4122
tiny,chip_218_423_merged.tif,0.8,3,1347268198,156,28.2376,29.3243,1.0867
tiny,chip_218_423_merged.tif,0.8,4,966661567,156,28.9011,29.6786,0.7775
tiny,chip_218_437_merged.tif,0.2,0,652607579,39,37.0869,38.3793,1.2925
tiny,chip_218_437_merged.tif,0.2,1,272000948,39,36.2118,38.1743,1.9625
tiny,chip_218_437_merged.tif,0.2,2,2038877965,39,37.1344,38.4495,1.3151
tiny,chip_218_437_merged.tif,0.2,3,1558932447,39,37.9462,38.2032,0.2571
tiny,chip_218_437_merged.tif,0.2,4,1178325816,39,37.774,37.7831,0.0091
tiny,chip_218_437_merged.tif,0.4,0,1834155044,78,37.6792,37.4407,-0.2386
tiny,chip_218_437_merged.tif,0.4,1,1453548413,78,36.9777,37.5692,0.5915
tiny,chip_218_437_merged.tif,0.4,2,973602895,78,37.1203,38.4247,1.3044
tiny,chip_218_437_merged.tif,0.4,3,592996264,78,36.9792,37.5482,0.569
tiny,chip_218_437_merged.tif,0.4,4,113050746,78,37.3111,37.8834,0.5722
tiny,chip_218_437_merged.tif,0.6,0,1896177687,117,37.2398,37.8437,0.6039
tiny,chip_218_437_merged.tif,0.6,1,1515571056,117,36.892,37.089,0.197
tiny,chip_218_437_merged.tif,0.6,2,1035625538,117,37.2845,37.1851,-0.0994
tiny,chip_218_437_merged.tif,0.6,3,655018907,117,36.8749,37.2829,0.408
tiny,chip_218_437_merged.tif,0.6,4,274412276,117,37.2705,37.6801,0.4097
tiny,chip_218_437_merged.tif,0.8,0,1413585491,156,36.8522,36.8195,-0.0327
tiny,chip_218_437_merged.tif,0.8,1,1032978860,156,36.7306,36.8071,0.0765
tiny,chip_218_437_merged.tif,0.8,2,652372229,156,37.2061,37.1645,-0.0416
tiny,chip_218_437_merged.tif,0.8,3,172426711,156,35.907,36.8842,0.9772
tiny,chip_218_437_merged.tif,0.8,4,1939303728,156,37.1997,37.1948,-0.0048
tiny,chip_219_333_merged.tif,0.2,0,1766220027,39,31.5284,34.1703,2.6419
tiny,chip_219_333_merged.tif,0.2,1,1286274509,39,31.1973,33.5481,2.3508
tiny,chip_219_333_merged.tif,0.2,2,905667878,39,32.5603,33.1151,0.5548
tiny,chip_219_333_merged.tif,0.2,3,525061247,39,29.7427,33.1276,3.3849
tiny,chip_219_333_merged.tif,0.2,4,45115729,39,29.0935,33.9768,4.8833
tiny,chip_219_333_merged.tif,0.4,0,700944957,78,29.7525,33.1804,3.4279
tiny,chip_219_333_merged.tif,0.4,1,320338326,78,30.5576,32.891,2.3334
tiny,chip_219_333_merged.tif,0.4,2,2087215343,78,29.6338,32.2014,2.5676
tiny,chip_219_333_merged.tif,0.4,3,1607269825,78,31.4227,33.1586,1.7359
tiny,chip_219_333_merged.tif,0.4,4,1226663194,78,30.0974,32.3316,2.2343
tiny,chip_219_333_merged.tif,0.6,0,2105130398,117,30.6978,32.194,1.4962
tiny,chip_219_333_merged.tif,0.6,1,1724523767,117,30.6048,31.6715,1.0667
tiny,chip_219_333_merged.tif,0.6,2,1343917136,117,30.3012,31.7323,1.4311
tiny,chip_219_333_merged.tif,0.6,3,863971618,117,30.5726,31.7132,1.1405
tiny,chip_219_333_merged.tif,0.6,4,483364987,117,30.1286,31.9159,1.7874
tiny,chip_219_333_merged.tif,0.8,0,1721877089,156,30.2278,31.2491,1.0213
tiny,chip_219_333_merged.tif,0.8,1,1241931571,156,29.767,31.2162,1.4492
tiny,chip_219_333_merged.tif,0.8,2,861324940,156,29.6355,30.5933,0.9578
tiny,chip_219_333_merged.tif,0.8,3,381379422,156,30.3007,31.1007,0.8
tiny,chip_219_333_merged.tif,0.8,4,772791,156,30.71,30.2025,-0.5074
tiny,chip_219_603_merged.tif,0.2,0,1916114929,39,32.0366,32.7094,0.6728
tiny,chip_219_603_merged.tif,0.2,1,1436169411,39,32.7935,33.0941,0.3007
tiny,chip_219_603_merged.tif,0.2,2,1055562780,39,32.412,33.0249,0.613
tiny,chip_219_603_merged.tif,0.2,3,575617262,39,30.0781,32.8599,2.7819
tiny,chip_219_603_merged.tif,0.2,4,195010631,39,32.3066,33.0455,0.7389
tiny,chip_219_603_merged.tif,0.4,0,850839859,78,30.5266,32.5241,1.9974
tiny,chip_219_603_merged.tif,0.4,1,470233228,78,32.6849,32.9276,0.2427
tiny,chip_219_603_merged.tif,0.4,2,2137771358,78,29.9986,32.5988,2.6002
tiny,chip_219_603_merged.tif,0.4,3,1757164727,78,31.7935,31.8099,0.0164
tiny,chip_219_603_merged.tif,0.4,4,1277219209,78,30.5278,32.2479,1.7201
tiny,chip_219_603_merged.tif,0.6,0,912862502,117,30.5078,32.244,1.7363
tiny,chip_219_603_merged.tif,0.6,1,532255871,117,31.6771,31.8998,0.2227
tiny,chip_219_603_merged.tif,0.6,2,151649240,117,30.8525,31.8948,1.0423
tiny,chip_219_603_merged.tif,0.6,3,1819187370,117,30.6822,31.9143,1.232
tiny,chip_219_603_merged.tif,0.6,4,1438580739,117,30.1338,32.2494,2.1156
tiny,chip_219_603_merged.tif,0.8,0,529609193,156,30.6833,31.285,0.6018
tiny,chip_219_603_merged.tif,0.8,1,49663675,156,31.0536,31.3793,0.3257
tiny,chip_219_603_merged.tif,0.8,2,1816540692,156,30.3201,31.6647,1.3446
tiny,chip_219_603_merged.tif,0.8,3,1336595174,156,30.5741,31.8096,1.2354
tiny,chip_219_603_merged.tif,0.8,4,955988543,156,31.0453,31.4181,0.3728
tiny,chip_220_184_merged.tif,0.2,0,713419856,39,32.8192,38.1575,5.3384
tiny,chip_220_184_merged.tif,0.2,1,332813225,39,32.8755,36.5383,3.6628
tiny,chip_220_184_merged.tif,0.2,2,2000351355,39,32.7616,37.209,4.4474
tiny,chip_220_184_merged.tif,0.2,3,1619744724,39,32.8438,35.1257,2.2819
tiny,chip_220_184_merged.tif,0.2,4,1139799206,39,33.5706,37.0391,3.4686
tiny,chip_220_184_merged.tif,0.4,0,552804523,78,28.3683,33.4822,5.1139
tiny,chip_220_184_merged.tif,0.4,1,72859005,78,28.3681,37.2374,8.8693
tiny,chip_220_184_merged.tif,0.4,2,1839736022,78,31.9299,36.0891,4.1593
tiny,chip_220_184_merged.tif,0.4,3,1459129391,78,28.3705,36.4074,8.0369
tiny,chip_220_184_merged.tif,0.4,4,979183873,78,33.6013,36.9443,3.343
tiny,chip_220_184_merged.tif,0.6,0,1956989964,117,31.322,35.3971,4.0751
tiny,chip_220_184_merged.tif,0.6,1,1477044446,117,29.3289,35.5501,6.2212
tiny,chip_220_184_merged.tif,0.6,2,1096437815,117,29.1623,35.8948,6.7325
tiny,chip_220_184_merged.tif,0.6,3,715831184,117,29.2059,35.8062,6.6003
tiny,chip_220_184_merged.tif,0.6,4,235885666,117,29.9054,34.896,4.9906
tiny,chip_220_184_merged.tif,0.8,0,1474397768,156,30.0172,32.8944,2.8772
tiny,chip_220_184_merged.tif,0.8,1,1093791137,156,30.7873,32.6883,1.901
tiny,chip_220_184_merged.tif,0.8,2,613845619,156,30.9796,33.3648,2.3852
tiny,chip_220_184_merged.tif,0.8,3,233238988,156,30.1753,34.1936,4.0183
tiny,chip_220_184_merged.tif,0.8,4,1900777118,156,30.7845,32.0286,1.2441
tiny,chip_220_257_merged.tif,0.2,0,1968218447,39,28.2874,34.8406,6.5532
tiny,chip_220_257_merged.tif,0.2,1,1587611816,39,28.2863,34.6737,6.3874
tiny,chip_220_257_merged.tif,0.2,2,1107666298,39,35.7885,35.1813,-0.6071
tiny,chip_220_257_merged.tif,0.2,3,727059667,39,28.2886,34.3691,6.0805
tiny,chip_220_257_merged.tif,0.2,4,247114149,39,30.3095,32.9125,2.603
tiny,chip_220_257_merged.tif,0.4,0,902943377,78,28.7195,33.3475,4.628
tiny,chip_220_257_merged.tif,0.4,1,522336746,78,29.7858,32.6043,2.8186
tiny,chip_220_257_merged.tif,0.4,2,141730115,78,29.9232,32.6833,2.7601
tiny,chip_220_257_merged.tif,0.4,3,1809268245,78,28.941,33.5161,4.575
tiny,chip_220_257_merged.tif,0.4,4,1428661614,78,28.9418,33.9973,5.0554
tiny,chip_220_257_merged.tif,0.6,0,1064304907,117,30.553,32.0053,1.4522
tiny,chip_220_257_merged.tif,0.6,1,584359389,117,30.568,33.1455,2.5775
tiny,chip_220_257_merged.tif,0.6,2,203752758,117,29.3122,31.9002,2.588
tiny,chip_220_257_merged.tif,0.6,3,1871290888,117,29.2965,31.8656,2.5692
tiny,chip_220_257_merged.tif,0.6,4,1490684257,117,29.2853,31.724,2.4386
tiny,chip_220_257_merged.tif,0.8,0,581712711,156,30.1626,31.1975,1.0349
tiny,chip_220_257_merged.tif,0.8,1,201106080,156,30.1049,31.9064,1.8016
tiny,chip_220_257_merged.tif,0.8,2,1868644210,156,29.8412,31.6448,1.8035
tiny,chip_220_257_merged.tif,0.8,3,1488037579,156,29.6396,31.4044,1.7648
tiny,chip_220_257_merged.tif,0.8,4,1008092061,156,29.8534,31.9874,2.1341
tiny,chip_220_306_merged.tif,0.2,0,619737285,39,30.9418,34.8556,3.9139
tiny,chip_220_306_merged.tif,0.2,1,239130654,39,32.0111,33.2025,1.1914
tiny,chip_220_306_merged.tif,0.2,2,1906668784,39,27.5718,33.8516,6.2797
tiny,chip_220_306_merged.tif,0.2,3,1526062153,39,29.5472,33.8365,4.2893
tiny,chip_220_306_merged.tif,0.2,4,1046116635,39,31.7027,33.2856,1.5829
tiny,chip_220_306_merged.tif,0.4,0,1701945863,78,29.0632,32.1888,3.1257
tiny,chip_220_306_merged.tif,0.4,1,1321339232,78,29.1273,32.9642,3.8369
tiny,chip_220_306_merged.tif,0.4,2,940732601,78,29.6473,32.4474,2.8
tiny,chip_220_306_merged.tif,0.4,3,460787083,78,29.2559,32.247,2.9911
tiny,chip_220_306_merged.tif,0.4,4,80180452,78,26.9272,33.2287,6.3015
tiny,chip_220_306_merged.tif,0.6,0,1057986543,117,29.2742,31.1189,1.8447
tiny,chip_220_306_merged.tif,0.6,1,578041025,117,29.293,31.3458,2.0527
tiny,chip_220_306_merged.tif,0.6,2,197434394,117,28.9007,30.5257,1.625
tiny,chip_220_306_merged.tif,0.6,3,1864972524,117,28.8084,31.5872,2.7788
tiny,chip_220_306_merged.tif,0.6,4,1484365893,117,28.0054,30.6272,2.6218
tiny,chip_220_306_merged.tif,0.8,0,575394347,156,27.5839,29.5007,1.9168
tiny,chip_220_306_merged.tif,0.8,1,95448829,156,27.5312,30.1111,2.5799
tiny,chip_220_306_merged.tif,0.8,2,1862325846,156,29.45,28.7874,-0.6626
tiny,chip_220_306_merged.tif,0.8,3,1382380328,156,29.4422,30.5606,1.1184
tiny,chip_220_306_merged.tif,0.8,4,1001773697,156,27.5806,30.0076,2.427
tiny,chip_220_333_merged.tif,0.2,0,1897973062,39,30.5468,33.7379,3.1911
tiny,chip_220_333_merged.tif,0.2,1,1517366431,39,33.0088,33.2008,0.1919
tiny,chip_220_333_merged.tif,0.2,2,1037420913,39,31.3757,34.5108,3.1351
tiny,chip_220_333_merged.tif,0.2,3,656814282,39,31.3769,34.3534,2.9765
tiny,chip_220_333_merged.tif,0.2,4,276207651,39,31.5475,34.8978,3.3503
tiny,chip_220_333_merged.tif,0.4,0,1737357729,78,30.6104,33.2691,2.6588
tiny,chip_220_333_merged.tif,0.4,1,1356751098,78,31.2212,33.2891,2.0679
tiny,chip_220_333_merged.tif,0.4,2,876805580,78,31.2211,33.4424,2.2213
tiny,chip_220_333_merged.tif,0.4,3,496198949,78,30.9661,33.0859,2.1198
tiny,chip_220_333_merged.tif,0.4,4,16253431,78,31.586,33.7336,2.1476
tiny,chip_220_333_merged.tif,0.6,0,994059522,117,31.1514,32.6026,1.4512
tiny,chip_220_333_merged.tif,0.6,1,613452891,117,31.0709,32.7592,1.6883
tiny,chip_220_333_merged.tif,0.6,2,133507373,117,31.1338,32.0335,0.8997
tiny,chip_220_333_merged.tif,0.6,3,1900384390,117,31.1162,32.788,1.6718
tiny,chip_220_333_merged.tif,0.6,4,1420438872,117,29.9175,32.8965,2.9791
tiny,chip_220_333_merged.tif,0.8,0,511467326,156,30.9531,31.276,0.3229
tiny,chip_220_333_merged.tif,0.8,1,130860695,156,30.5288,31.1829,0.6541
tiny,chip_220_333_merged.tif,0.8,2,1798398825,156,30.1295,30.5881,0.4586
tiny,chip_220_333_merged.tif,0.8,3,1417792194,156,30.119,31.7734,1.6544
tiny,chip_220_333_merged.tif,0.8,4,1037185563,156,30.9744,31.7344,0.76
tiny,chip_221_316_merged.tif,0.2,0,639671884,39,37.7722,37.8067,0.0344
tiny,chip_221_316_merged.tif,0.2,1,159726366,39,36.7754,38.4307,1.6554
tiny,chip_221_316_merged.tif,0.2,2,1926603383,39,35.8088,38.0173,2.2084
tiny,chip_221_316_merged.tif,0.2,3,1446657865,39,36.2722,38.6771,2.4049
tiny,chip_221_316_merged.tif,0.2,4,1066051234,39,36.8102,37.7287,0.9185
tiny,chip_221_316_merged.tif,0.4,0,379717664,78,36.4326,37.9811,1.5484
tiny,chip_221_316_merged.tif,0.4,1,2146594681,78,36.5829,38.1842,1.6013
tiny,chip_221_316_merged.tif,0.4,2,1666649163,78,36.0254,37.5046,1.4792
tiny,chip_221_316_merged.tif,0.4,3,1286042532,78,36.0835,36.3323,0.2488
tiny,chip_221_316_merged.tif,0.4,4,905435901,78,36.2669,38.1934,1.9265
tiny,chip_221_316_merged.tif,0.6,0,1783903105,117,36.1596,36.3003,0.1406
tiny,chip_221_316_merged.tif,0.6,1,1403296474,117,35.6209,37.4888,1.8679
tiny,chip_221_316_merged.tif,0.6,2,923350956,117,36.0437,37.5609,1.5172
tiny,chip_221_316_merged.tif,0.6,3,542744325,117,35.7803,37.2532,1.4729
tiny,chip_221_316_merged.tif,0.6,4,162137694,117,36.1693,37.3065,1.1372
tiny,chip_221_316_merged.tif,0.8,0,1400649796,156,35.7201,36.7653,1.0452
tiny,chip_221_316_merged.tif,0.8,1,920704278,156,35.7893,36.1045,0.3152
tiny,chip_221_316_merged.tif,0.8,2,540097647,156,35.9282,36.246,0.3178
tiny,chip_221_316_merged.tif,0.8,3,60152129,156,36.143,36.5027,0.3597
tiny,chip_221_316_merged.tif,0.8,4,1827029146,156,35.7875,36.3463,0.5587
tiny,chip_222_314_merged.tif,0.2,0,1268246452,39,36.139,38.8501,2.7111
tiny,chip_222_314_merged.tif,0.2,1,887639821,39,33.8374,38.2353,4.3979
tiny,chip_222_314_merged.tif,0.2,2,407694303,39,34.3817,38.6133,4.2316
tiny,chip_222_314_merged.tif,0.2,3,27087672,39,37.0142,38.541,1.5268
tiny,chip_222_314_merged.tif,0.2,4,1793964689,39,35.0141,38.2472,3.2331
tiny,chip_222_314_merged.tif,0.4,0,302310269,78,36.3988,37.9069,1.5081
tiny,chip_222_314_merged.tif,0.4,1,1969848399,78,36.5825,37.9315,1.349
tiny,chip_222_314_merged.tif,0.4,2,1589241768,78,35.5339,37.8634,2.3296
tiny,chip_222_314_merged.tif,0.4,3,1208635137,78,36.5821,37.6144,1.0323
tiny,chip_222_314_merged.tif,0.4,4,728689619,78,36.2585,38.1663,1.9078
tiny,chip_222_314_merged.tif,0.6,0,364332912,117,35.7337,37.3768,1.6431
tiny,chip_222_314_merged.tif,0.6,1,2131209929,117,35.166,37.0037,1.8376
tiny,chip_222_314_merged.tif,0.6,2,1651264411,117,35.7227,37.6096,1.8869
tiny,chip_222_314_merged.tif,0.6,3,1270657780,117,36.287,37.5038,1.2168
tiny,chip_222_314_merged.tif,0.6,4,790712262,117,35.7462,36.9096,1.1634
tiny,chip_222_314_merged.tif,0.8,0,2029224364,156,34.9457,36.4622,1.5165
tiny,chip_222_314_merged.tif,0.8,1,1648617733,156,34.7728,35.7924,1.0196
tiny,chip_222_314_merged.tif,0.8,2,1168672215,156,35.0041,36.6657,1.6616
tiny,chip_222_314_merged.tif,0.8,3,788065584,156,35.3324,36.2367,0.9043
tiny,chip_222_314_merged.tif,0.8,4,407458953,156,35.3375,35.6185,0.281
tiny,chip_222_369_merged.tif,0.2,0,804100505,39,32.0226,34.6173,2.5947
tiny,chip_222_369_merged.tif,0.2,1,324154987,39,32.4239,34.5931,2.1692
tiny,chip_222_369_merged.tif,0.2,2,2091032004,39,31.3259,33.3064,1.9805
tiny,chip_222_369_merged.tif,0.2,3,1611086486,39,31.9583,34.5069,2.5486
tiny,chip_222_369_merged.tif,0.2,4,1230479855,39,32.282,35.0402,2.7582
tiny,chip_222_369_merged.tif,0.4,0,544146285,78,32.6482,33.8178,1.1696
tiny,chip_222_369_merged.tif,0.4,1,163539654,78,32.3014,33.9892,1.6878
tiny,chip_222_369_merged.tif,0.4,2,1831077784,78,32.2912,32.9518,0.6606
tiny,chip_222_369_merged.tif,0.4,3,1450471153,78,31.8037,33.9432,2.1395
tiny,chip_222_369_merged.tif,0.4,4,1069864522,78,32.3823,33.649,1.2668
tiny,chip_222_369_merged.tif,0.6,0,1948331726,117,32.3711,33.0914,0.7203
tiny,chip_222_369_merged.tif,0.6,1,1567725095,117,32.3845,32.8442,0.4597
tiny,chip_222_369_merged.tif,0.6,2,1087779577,117,32.4618,33.224,0.7622
tiny,chip_222_369_merged.tif,0.6,3,707172946,117,31.6024,33.5482,1.9458
tiny,chip_222_369_merged.tif,0.6,4,326566315,117,31.7458,33.8478,2.102
tiny,chip_222_369_merged.tif,0.8,0,1565078417,156,31.7313,32.0073,0.276
tiny,chip_222_369_merged.tif,0.8,1,1085132899,156,31.6503,32.5189,0.8687
tiny,chip_222_369_merged.tif,0.8,2,704526268,156,31.5929,31.7584,0.1654
tiny,chip_222_369_merged.tif,0.8,3,224580750,156,31.5133,32.7126,1.1993
tiny,chip_222_369_merged.tif,0.8,4,1991457767,156,31.8904,32.1496,0.2593
tiny,chip_223_311_merged.tif,0.2,0,866470165,39,29.5774,34.3194,4.7421
tiny,chip_223_311_merged.tif,0.2,1,386524647,39,27.6165,33.2939,5.6773
tiny,chip_223_311_merged.tif,0.2,2,5918016,39,33.0349,33.7433,0.7084
tiny,chip_223_311_merged.tif,0.2,3,1772795033,39,30.8258,33.0918,2.2659
tiny,chip_223_311_merged.tif,0.2,4,1292849515,39,27.7062,33.6698,5.9636
tiny,chip_223_311_merged.tif,0.4,0,705854832,78,29.0432,33.9626,4.9194
tiny,chip_223_311_merged.tif,0.4,1,225909314,78,29.4145,33.2616,3.8471
tiny,chip_223_311_merged.tif,0.4,2,1992786331,78,29.4182,32.9319,3.5136
tiny,chip_223_311_merged.tif,0.4,3,1512840813,78,28.0552,33.64,5.5848
tiny,chip_223_311_merged.tif,0.4,4,1132234182,78,28.5866,33.8266,5.24
tiny,chip_223_311_merged.tif,0.6,0,2110040273,117,29.0041,33.4517,4.4475
tiny,chip_223_311_merged.tif,0.6,1,1630094755,117,27.9267,32.8321,4.9054
tiny,chip_223_311_merged.tif,0.6,2,1249488124,117,28.865,32.6103,3.7453
tiny,chip_223_311_merged.tif,0.6,3,769542606,117,28.6373,32.7331,4.0958
tiny,chip_223_311_merged.tif,0.6,4,388935975,117,28.0773,32.6926,4.6153
tiny,chip_223_311_merged.tif,0.8,0,1627448077,156,28.4869,30.8936,2.4067
tiny,chip_223_311_merged.tif,0.8,1,1147502559,156,28.4459,31.036,2.5901
tiny,chip_223_311_merged.tif,0.8,2,766895928,156,27.5591,31.4392,3.8801
tiny,chip_223_311_merged.tif,0.8,3,386289297,156,29.4331,29.9244,0.4913
tiny,chip_223_311_merged.tif,0.8,4,2053827427,156,28.4414,29.753,1.3115
tiny,chip_223_483_merged.tif,0.2,0,859421429,39,33.1209,35.3058,2.1849
tiny,chip_223_483_merged.tif,0.2,1,478814798,39,33.0559,35.1026,2.0467
tiny,chip_223_483_merged.tif,0.2,2,98208167,39,33.0904,35.6092,2.5188
tiny,chip_223_483_merged.tif,0.2,3,1765746297,39,32.9308,35.294,2.3632
tiny,chip_223_483_merged.tif,0.2,4,1385139666,39,33.0144,34.9958,1.9814
tiny,chip_223_483_merged.tif,0.4,0,698806096,78,33.8757,34.7551,0.8794
tiny,chip_223_483_merged.tif,0.4,1,318199465,78,32.3801,34.8142,2.434
tiny,chip_223_483_merged.tif,0.4,2,1985737595,78,32.4421,34.6456,2.2035
tiny,chip_223_483_merged.tif,0.4,3,1605130964,78,34.2273,34.3601,0.1328
tiny,chip_223_483_merged.tif,0.4,4,1125185446,78,32.3805,35.1136,2.733
tiny,chip_223_483_merged.tif,0.6,0,2102991537,117,33.1382,34.2118,1.0736
tiny,chip_223_483_merged.tif,0.6,1,1722384906,117,33.0347,33.7745,0.7398
tiny,chip_223_483_merged.tif,0.6,2,1242439388,117,32.7084,34.1814,1.473
tiny,chip_223_483_merged.tif,0.6,3,861832757,117,33.0474,34.1413,1.094
tiny,chip_223_483_merged.tif,0.6,4,481226126,117,33.0408,34.3085,1.2677
tiny,chip_223_483_merged.tif,0.8,0,1620399341,156,32.453,32.9451,0.492
tiny,chip_223_483_merged.tif,0.8,1,1239792710,156,32.7175,33.7142,0.9968
tiny,chip_223_483_merged.tif,0.8,2,859186079,156,32.7532,33.5566,0.8034
tiny,chip_223_483_merged.tif,0.8,3,379240561,156,32.7868,33.2662,0.4794
tiny,chip_223_483_merged.tif,0.8,4,2146117578,156,32.7225,33.2608,0.5383
tiny,chip_223_491_merged.tif,0.2,0,58374606,39,34.8186,35.134,0.3154
tiny,chip_223_491_merged.tif,0.2,1,1725912736,39,31.1933,35.2642,4.0709
tiny,chip_223_491_merged.tif,0.2,2,1345306105,39,34.8743,34.6394,-0.2349
tiny,chip_223_491_merged.tif,0.2,3,865360587,39,34.4362,35.5282,1.0921
tiny,chip_223_491_merged.tif,0.2,4,484753956,39,33.7713,36.0783,2.307
tiny,chip_223_491_merged.tif,0.4,0,1945904034,78,31.3026,35.4456,4.143
tiny,chip_223_491_merged.tif,0.4,1,1565297403,78,34.5075,35.8115,1.304
tiny,chip_223_491_merged.tif,0.4,2,1085351885,78,33.8472,34.4184,0.5712
tiny,chip_223_491_merged.tif,0.4,3,704745254,78,33.5905,35.2256,1.635
tiny,chip_223_491_merged.tif,0.4,4,324138623,78,33.1204,34.8721,1.7517
tiny,chip_223_491_merged.tif,0.6,0,1202605827,117,32.4051,34.4916,2.0864
tiny,chip_223_491_merged.tif,0.6,1,821999196,117,31.119,35.2463,4.1273
tiny,chip_223_491_merged.tif,0.6,2,441392565,117,33.0966,34.5976,1.5011
tiny,chip_223_491_merged.tif,0.6,3,2108930695,117,32.4239,34.8674,2.4435
tiny,chip_223_491_merged.tif,0.6,4,1728324064,117,33.8606,34.6981,0.8374
tiny,chip_223_491_merged.tif,0.8,0,819352518,156,32.4896,33.6869,1.1973
tiny,chip_223_491_merged.tif,0.8,1,339407000,156,31.0597,33.9181,2.8584
tiny,chip_223_491_merged.tif,0.8,2,2106284017,156,32.2013,33.2434,1.0421
tiny,chip_223_491_merged.tif,0.8,3,1626338499,156,32.5182,33.7303,1.2121
tiny,chip_223_491_merged.tif,0.8,4,1245731868,156,32.4778,33.3263,0.8485
tiny,chip_224_326_merged.tif,0.2,0,963264328,39,34.669,36.6008,1.9318
tiny,chip_224_326_merged.tif,0.2,1,582657697,39,35.665,36.219,0.5539
tiny,chip_224_326_merged.tif,0.2,2,102712179,39,33.9914,36.8025,2.811
tiny,chip_224_326_merged.tif,0.2,3,1869589196,39,34.644,37.3763,2.7323
tiny,chip_224_326_merged.tif,0.2,4,1389643678,39,35.3782,36.2513,0.8732
tiny,chip_224_326_merged.tif,0.4,0,2045472906,78,34.1354,36.6698,2.5344
tiny,chip_224_326_merged.tif,0.4,1,1664866275,78,33.1479,36.934,3.7861
tiny,chip_224_326_merged.tif,0.4,2,1284259644,78,33.3498,36.1816,2.8318
tiny,chip_224_326_merged.tif,0.4,3,804314126,78,34.5708,37.0452,2.4745
tiny,chip_224_326_merged.tif,0.4,4,423707495,78,34.9069,36.4722,1.5653
tiny,chip_224_326_merged.tif,0.6,0,59350788,117,34.0576,35.4197,1.3621
tiny,chip_224_326_merged.tif,0.6,1,1726888918,117,34.4179,36.0528,1.6349
tiny,chip_224_326_merged.tif,0.6,2,1346282287,117,33.6868,35.7621,2.0752
tiny,chip_224_326_merged.tif,0.6,3,866336769,117,34.5796,35.9249,1.3453
tiny,chip_224_326_merged.tif,0.6,4,485730138,117,34.12,35.4933,1.3733
tiny,chip_224_326_merged.tif,0.8,0,1724242240,156,33.8879,34.7828,0.8949
tiny,chip_224_326_merged.tif,0.8,1,1343635609,156,33.7491,35.1911,1.442
tiny,chip_224_326_merged.tif,0.8,2,863690091,156,33.8682,34.738,0.8698
tiny,chip_224_326_merged.tif,0.8,3,483083460,156,33.4991,34.921,1.4219
tiny,chip_224_326_merged.tif,0.8,4,3137942,156,33.7746,34.713,0.9384
tiny,chip_224_439_merged.tif,0.2,0,860351006,39,33.6172,34.1831,0.5659
tiny,chip_224_439_merged.tif,0.2,1,380405488,39,34.0963,35.3584,1.2622
tiny,chip_224_439_merged.tif,0.2,2,2147282505,39,32.376,34.828,2.4521
tiny,chip_224_439_merged.tif,0.2,3,1667336987,39,33.0425,33.9865,0.944
tiny,chip_224_439_merged.tif,0.2,4,1286730356,39,32.9566,34.9279,1.9712
tiny,chip_224_439_merged.tif,0.4,0,1942559584,78,32.9883,34.6489,1.6606
tiny,chip_224_439_merged.tif,0.4,1,1561952953,78,32.9554,34.2085,1.2531
tiny,chip_224_439_merged.tif,0.4,2,1082007435,78,33.4871,34.4489,0.9618
tiny,chip_224_439_merged.tif,0.4,3,701400804,78,33.8348,34.0792,0.2444
tiny,chip_224_439_merged.tif,0.4,4,221455286,78,30.774,34.2359,3.4618
tiny,chip_224_439_merged.tif,0.6,0,1199261377,117,33.1436,32.9337,-0.2099
tiny,chip_224_439_merged.tif,0.6,1,818654746,117,32.1556,33.8516,1.696
tiny,chip_224_439_merged.tif,0.6,2,338709228,117,32.496,33.4162,0.9202
tiny,chip_224_439_merged.tif,0.6,3,2105586245,117,33.5128,32.9666,-0.5462
tiny,chip_224_439_merged.tif,0.6,4,1625640727,117,29.7046,33.6346,3.93
tiny,chip_224_439_merged.tif,0.8,0,716669181,156,32.7545,33.0835,0.329
tiny,chip_224_439_merged.tif,0.8,1,336062550,156,30.9702,33.2163,2.2461
tiny,chip_224_439_merged.tif,0.8,2,2003600680,156,32.3125,33.1901,0.8776
tiny,chip_224_439_merged.tif,0.8,3,1622994049,156,32.7366,32.4332,-0.3034
tiny,chip_224_439_merged.tif,0.8,4,1242387418,156,32.3706,32.3366,-0.034
tiny,chip_224_440_merged.tif,0.2,0,711695816,39,31.379,35.6939,4.315
tiny,chip_224_440_merged.tif,0.2,1,231750298,39,34.6077,35.0736,0.4659
tiny,chip_224_440_merged.tif,0.2,2,1998627315,39,32.0766,35.6683,3.5917
tiny,chip_224_440_merged.tif,0.2,3,1518681797,39,34.816,35.2183,0.4023
tiny,chip_224_440_merged.tif,0.2,4,1138075166,39,32.3929,34.2344,1.8414
tiny,chip_224_440_merged.tif,0.4,0,1793904394,78,33.7615,34.7507,0.9892
tiny,chip_224_440_merged.tif,0.4,1,1413297763,78,33.7609,34.3856,0.6247
tiny,chip_224_440_merged.tif,0.4,2,933352245,78,34.5084,34.6617,0.1533
tiny,chip_224_440_merged.tif,0.4,3,552745614,78,32.2412,34.8344,2.5932
tiny,chip_224_440_merged.tif,0.4,4,72800096,78,34.509,34.6166,0.1076
tiny,chip_224_440_merged.tif,0.6,0,1855927037,117,31.4769,34.1076,2.6308
tiny,chip_224_440_merged.tif,0.6,1,1475320406,117,33.1678,33.9846,0.8168
tiny,chip_224_440_merged.tif,0.6,2,1094713775,117,33.4753,33.7939,0.3187
tiny,chip_224_440_merged.tif,0.6,3,614768257,117,31.492,34.4251,2.933
tiny,chip_224_440_merged.tif,0.6,4,234161626,117,31.4793,34.2312,2.752
tiny,chip_224_440_merged.tif,0.8,0,1472673728,156,32.9323,33.5951,0.6627
tiny,chip_224_440_merged.tif,0.8,1,992728210,156,32.9399,33.655,0.7151
tiny,chip_224_440_merged.tif,0.8,2,612121579,156,32.9355,33.4164,0.4809
tiny,chip_224_440_merged.tif,0.8,3,132176061,156,32.4366,33.5296,1.0929
tiny,chip_224_440_merged.tif,0.8,4,1899053078,156,33.0412,33.7558,0.7146
tiny,chip_225_357_merged.tif,0.2,0,1459113379,39,31.4764,33.5339,2.0575
tiny,chip_225_357_merged.tif,0.2,1,979167861,39,32.2463,34.5396,2.2934
tiny,chip_225_357_merged.tif,0.2,2,598561230,39,32.5638,34.3951,1.8313
tiny,chip_225_357_merged.tif,0.2,3,217954599,39,32.2029,33.5653,1.3624
tiny,chip_225_357_merged.tif,0.2,4,1885492729,39,32.2027,34.2881,2.0854
tiny,chip_225_357_merged.tif,0.4,0,1298498046,78,30.6183,32.8592,2.2408
tiny,chip_225_357_merged.tif,0.4,1,818552528,78,30.6194,33.0468,2.4274
tiny,chip_225_357_merged.tif,0.4,2,437945897,78,31.874,32.8818,1.0078
tiny,chip_225_357_merged.tif,0.4,3,2105484027,78,30.6206,32.8869,2.2664
tiny,chip_225_357_merged.tif,0.4,4,1724877396,78,31.6265,33.2071,1.5805
tiny,chip_225_357_merged.tif,0.6,0,555199839,117,31.9495,32.9563,1.0068
tiny,chip_225_357_merged.tif,0.6,1,75254321,117,30.8518,32.9576,2.1058
tiny,chip_225_357_merged.tif,0.6,2,1842131338,117,31.6697,32.6481,0.9784
tiny,chip_225_357_merged.tif,0.6,3,1362185820,117,30.8251,32.8714,2.0463
tiny,chip_225_357_merged.tif,0.6,4,981579189,117,31.9035,32.9794,1.0759
tiny,chip_225_357_merged.tif,0.8,0,72607643,156,31.6548,32.1059,0.451
tiny,chip_225_357_merged.tif,0.8,1,1740145773,156,31.0395,31.8584,0.819
tiny,chip_225_357_merged.tif,0.8,2,1359539142,156,31.087,32.2178,1.1308
tiny,chip_225_357_merged.tif,0.8,3,978932511,156,31.6529,31.9836,0.3307
tiny,chip_225_357_merged.tif,0.8,4,498986993,156,31.0672,32.2103,1.1431
tiny,chip_225_371_merged.tif,0.2,0,145437395,39,32.8529,33.5712,0.7183
tiny,chip_225_371_merged.tif,0.2,1,1912314412,39,32.5582,34.0423,1.4841
tiny,chip_225_371_merged.tif,0.2,2,1432368894,39,32.2853,33.9557,1.6705
tiny,chip_225_371_merged.tif,0.2,3,1051762263,39,33.0295,33.3278,0.2983
tiny,chip_225_371_merged.tif,0.2,4,571816745,39,31.6155,34.0768,2.4614
tiny,chip_225_371_merged.tif,0.4,0,2132305710,78,31.2214,33.5531,2.3317
tiny,chip_225_371_merged.tif,0.4,1,1652360192,78,31.5177,32.7529,1.2352
tiny,chip_225_371_merged.tif,0.4,2,1271753561,78,31.2317,33.1003,1.8686
tiny,chip_225_371_merged.tif,0.4,3,891146930,78,31.1556,33.7644,2.6087
tiny,chip_225_371_merged.tif,0.4,4,411201412,78,31.0582,32.8151,1.757
tiny,chip_225_371_merged.tif,0.6,0,1389007503,117,30.9128,32.8434,1.9306
tiny,chip_225_371_merged.tif,0.6,1,909061985,117,31.3286,32.7491,1.4205
tiny,chip_225_371_merged.tif,0.6,2,528455354,117,31.3289,33.0327,1.7038
tiny,chip_225_371_merged.tif,0.6,3,147848723,117,30.7644,32.9314,2.1671
tiny,chip_225_371_merged.tif,0.6,4,1815386853,117,30.2043,33.1845,2.9802
tiny,chip_225_371_merged.tif,0.8,0,906415307,156,31.2576,32.2281,0.9704
tiny,chip_225_371_merged.tif,0.8,1,525808676,156,30.1964,32.2748,2.0783
tiny,chip_225_371_merged.tif,0.8,2,45863158,156,31.2733,31.3561,0.0827
tiny,chip_225_371_merged.tif,0.8,3,1812740175,156,30.254,31.5615,1.3074
tiny,chip_225_371_merged.tif,0.8,4,1332794657,156,30.5222,32.1204,1.5981
tiny,chip_226_328_merged.tif,0.2,0,1797658838,39,35.6078,38.1008,2.493
tiny,chip_226_328_merged.tif,0.2,1,1417052207,39,37.1989,37.5071,0.3082
tiny,chip_226_328_merged.tif,0.2,2,937106689,39,36.6204,37.7965,1.176
tiny,chip_226_328_merged.tif,0.2,3,556500058,39,36.4493,38.8649,2.4156
tiny,chip_226_328_merged.tif,0.2,4,175893427,39,35.7432,36.9774,1.2343
tiny,chip_226_328_merged.tif,0.4,0,831722655,78,36.2309,37.7962,1.5653
tiny,chip_226_328_merged.tif,0.4,1,351777137,78,36.0729,37.8264,1.7534
tiny,chip_226_328_merged.tif,0.4,2,2118654154,78,35.6238,37.7733,2.1495
tiny,chip_226_328_merged.tif,0.4,3,1738047523,78,36.4558,37.9363,1.4805
tiny,chip_226_328_merged.tif,0.4,4,1258102005,78,36.2315,37.9494,1.7179
tiny,chip_226_328_merged.tif,0.6,0,893745298,117,35.5918,37.4371,1.8453
tiny,chip_226_328_merged.tif,0.6,1,513138667,117,36.1519,37.6086,1.4567
tiny,chip_226_328_merged.tif,0.6,2,33193149,117,36.0323,37.57,1.5377
tiny,chip_226_328_merged.tif,0.6,3,1800070166,117,36.1273,37.1328,1.0056
tiny,chip_226_328_merged.tif,0.6,4,1320124648,117,35.8213,37.2031,1.3818
tiny,chip_226_328_merged.tif,0.8,0,411153102,156,35.8955,35.7801,-0.1154
tiny,chip_226_328_merged.tif,0.8,1,30546471,156,35.5544,36.1813,0.6269
tiny,chip_226_328_merged.tif,0.8,2,1698084601,156,35.5846,36.4645,0.8798
tiny,chip_226_328_merged.tif,0.8,3,1317477970,156,36.2856,36.9874,0.7018
tiny,chip_226_328_merged.tif,0.8,4,936871339,156,36.2934,36.6163,0.3229
tiny,chip_227_293_merged.tif,0.2,0,1621270196,39,32.5687,37.0912,4.5226
tiny,chip_227_293_merged.tif,0.2,1,1141324678,39,31.321,36.9334,5.6124
tiny,chip_227_293_merged.tif,0.2,2,760718047,39,32.0908,35.533,3.4421
tiny,chip_227_293_merged.tif,0.2,3,380111416,39,30.2876,37.6577,7.3701
tiny,chip_227_293_merged.tif,0.2,4,2047649546,39,30.7221,37.1848,6.4627
tiny,chip_227_293_merged.tif,0.4,0,555995126,78,29.1197,36.3958,7.276
tiny,chip_227_293_merged.tif,0.4,1,175388495,78,31.6473,35.5867,3.9394
tiny,chip_227_293_merged.tif,0.4,2,1842926625,78,29.712,36.2441,6.5321
tiny,chip_227_293_merged.tif,0.4,3,1462319994,78,31.2015,36.5955,5.394
tiny,chip_227_293_merged.tif,0.4,4,1081713363,78,29.1159,34.7373,5.6214
tiny,chip_227_293_merged.tif,0.6,0,1960180567,117,29.0072,35.9458,6.9386
tiny,chip_227_293_merged.tif,0.6,1,1579573936,117,29.1365,35.1485,6.012
tiny,chip_227_293_merged.tif,0.6,2,1099628418,117,28.9415,33.3943,4.4528
tiny,chip_227_293_merged.tif,0.6,3,719021787,117,29.1397,35.7407,6.6009
tiny,chip_227_293_merged.tif,0.6,4,338415156,117,30.0655,34.8824,4.817
tiny,chip_227_293_merged.tif,0.8,0,1576927258,156,29.4273,33.2128,3.7856
tiny,chip_227_293_merged.tif,0.8,1,1096981740,156,28.9629,32.1728,3.2099
tiny,chip_227_293_merged.tif,0.8,2,716375109,156,28.4783,31.5274,3.0491
tiny,chip_227_293_merged.tif,0.8,3,236429591,156,29.1621,32.1584,2.9964
tiny,chip_227_293_merged.tif,0.8,4,2003306608,156,28.3714,32.0302,3.6589
tiny,chip_228_314_merged.tif,0.2,0,804452164,39,30.9534,35.2456,4.2921
tiny,chip_228_314_merged.tif,0.2,1,423845533,39,33.7287,36.4052,2.6765
tiny,chip_228_314_merged.tif,0.2,2,2091383663,39,31.1707,36.1749,5.0042
tiny,chip_228_314_merged.tif,0.2,3,1710777032,39,31.1682,36.5531,5.3849
tiny,chip_228_314_merged.tif,0.2,4,1230831514,39,34.1843,34.3518,0.1675
tiny,chip_228_314_merged.tif,0.4,0,1886660742,78,30.7432,34.4639,3.7207
tiny,chip_228_314_merged.tif,0.4,1,1506054111,78,30.5511,35.4421,4.8909
tiny,chip_228_314_merged.tif,0.4,2,1125447480,78,26.2556,32.8836,6.628
tiny,chip_228_314_merged.tif,0.4,3,645501962,78,30.3778,35.1949,4.8171
tiny,chip_228_314_merged.tif,0.4,4,264895331,78,30.3771,35.1246,4.7475
tiny,chip_228_314_merged.tif,0.6,0,2048022272,117,28.5384,33.5994,5.0611
tiny,chip_228_314_merged.tif,0.6,1,1568076754,117,28.5329,32.4452,3.9123
tiny,chip_228_314_merged.tif,0.6,2,1187470123,117,28.9753,33.4338,4.4585
tiny,chip_228_314_merged.tif,0.6,3,707524605,117,29.1164,34.6963,5.5799
tiny,chip_228_314_merged.tif,0.6,4,326917974,117,29.9539,33.9416,3.9877
tiny,chip_228_314_merged.tif,0.8,0,1565430076,156,27.5196,32.3382,4.8186
tiny,chip_228_314_merged.tif,0.8,1,1085484558,156,27.8111,32.569,4.7579
tiny,chip_228_314_merged.tif,0.8,2,704877927,156,27.5108,31.4774,3.9666
tiny,chip_228_314_merged.tif,0.8,3,324271296,156,28.4577,33.4829,5.0252
tiny,chip_228_314_merged.tif,0.8,4,1991809426,156,27.7587,31.7226,3.964
tiny,chip_230_282_merged.tif,0.2,0,885804417,39,38.4324,40.5692,2.1368
tiny,chip_230_282_merged.tif,0.2,1,405858899,39,38.1737,40.0668,1.893
tiny,chip_230_282_merged.tif,0.2,2,25252268,39,36.8279,38.9138,2.0859
tiny,chip_230_282_merged.tif,0.2,3,1792129285,39,37.554,40.73,3.176
tiny,chip_230_282_merged.tif,0.2,4,1312183767,39,36.827,40.4067,3.5797
tiny,chip_230_282_merged.tif,0.4,0,725189084,78,36.5698,39.9147,3.3449
tiny,chip_230_282_merged.tif,0.4,1,245243566,78,37.429,37.375,-0.0539
tiny,chip_230_282_merged.tif,0.4,2,2012120583,78,35.7901,39.4051,3.615
tiny,chip_230_282_merged.tif,0.4,3,1532175065,78,36.0804,37.7285,1.6481
tiny,chip_230_282_merged.tif,0.4,4,1151568434,78,37.6677,37.3973,-0.2704
tiny,chip_230_282_merged.tif,0.6,0,2129374525,117,35.2319,37.8785,2.6467
tiny,chip_230_282_merged.tif,0.6,1,1649429007,117,34.5226,37.2047,2.6821
tiny,chip_230_282_merged.tif,0.6,2,1268822376,117,34.7676,37.0418,2.2742
tiny,chip_230_282_merged.tif,0.6,3,788876858,117,34.43,34.681,0.251
tiny,chip_230_282_merged.tif,0.6,4,408270227,117,34.572,37.9641,3.3921
tiny,chip_230_282_merged.tif,0.8,0,1646782329,156,34.533,36.6774,2.1444
tiny,chip_230_282_merged.tif,0.8,1,1166836811,156,34.8029,36.3173,1.5145
tiny,chip_230_282_merged.tif,0.8,2,786230180,156,34.8061,36.971,2.1649
tiny,chip_230_282_merged.tif,0.8,3,405623549,156,35.0762,36.3131,1.2369
tiny,chip_230_282_merged.tif,0.8,4,2073161679,156,34.5422,37.6413,3.0991
tiny,chip_230_302_merged.tif,0.2,0,770889425,39,29.4754,36.6379,7.1625
tiny,chip_230_302_merged.tif,0.2,1,290943907,39,33.7186,37.2047,3.4862
tiny,chip_230_302_merged.tif,0.2,2,2057820924,39,29.477,36.652,7.175
tiny,chip_230_302_merged.tif,0.2,3,1577875406,39,34.8123,37.1691,2.3568
tiny,chip_230_302_merged.tif,0.2,4,1197268775,39,33.4573,34.1256,0.6683
tiny,chip_230_302_merged.tif,0.4,0,510935205,78,33.1353,34.0025,0.8672
tiny,chip_230_302_merged.tif,0.4,1,130328574,78,32.1099,33.2456,1.1357
tiny,chip_230_302_merged.tif,0.4,2,1897205591,78,33.0711,36.1004,3.0293
tiny,chip_230_302_merged.tif,0.4,3,1417260073,78,31.8473,35.0686,3.2213
tiny,chip_230_302_merged.tif,0.4,4,1036653442,78,32.7356,35.564,2.8284
tiny,chip_230_302_merged.tif,0.6,0,2014459533,117,31.4416,34.8065,3.3649
tiny,chip_230_302_merged.tif,0.6,1,1534514015,117,31.4659,34.5663,3.1003
tiny,chip_230_302_merged.tif,0.6,2,1153907384,117,31.3932,33.8575,2.4642
tiny,chip_230_302_merged.tif,0.6,3,673961866,117,31.4515,35.0383,3.5868
tiny,chip_230_302_merged.tif,0.6,4,293355235,117,30.8816,33.9513,3.0697
tiny,chip_230_302_merged.tif,0.8,0,1531867337,156,30.4387,32.6074,2.1688
tiny,chip_230_302_merged.tif,0.8,1,1051921819,156,31.4924,33.3299,1.8374
tiny,chip_230_302_merged.tif,0.8,2,671315188,156,30.645,33.2442,2.5993
tiny,chip_230_302_merged.tif,0.8,3,191369670,156,30.5763,33.0188,2.4426
tiny,chip_230_302_merged.tif,0.8,4,1958246687,156,30.6741,33.6828,3.0087
tiny,chip_230_303_merged.tif,0.2,0,211445898,39,32.1754,35.4024,3.227
tiny,chip_230_303_merged.tif,0.2,1,1978322915,39,29.9313,36.1704,6.2391
tiny,chip_230_303_merged.tif,0.2,2,1498377397,39,32.4424,35.4174,2.975
tiny,chip_230_303_merged.tif,0.2,3,1117770766,39,32.3193,36.4392,4.1199
tiny,chip_230_303_merged.tif,0.2,4,737164135,39,29.9298,34.3986,4.4688
tiny,chip_230_303_merged.tif,0.4,0,50830565,78,30.452,33.5674,3.1153
tiny,chip_230_303_merged.tif,0.4,1,1817707582,78,30.4501,31.1242,0.6741
tiny,chip_230_303_merged.tif,0.4,2,1337762064,78,28.615,34.4868,5.8718
tiny,chip_230_303_merged.tif,0.4,3,957155433,78,29.9775,35.1982,5.2207
tiny,chip_230_303_merged.tif,0.4,4,477209915,78,31.6066,34.5514,2.9447
tiny,chip_230_303_merged.tif,0.6,0,1455016006,117,29.5726,34.4077,4.8351
tiny,chip_230_303_merged.tif,0.6,1,1074409375,117,31.6211,33.2989,1.6778
tiny,chip_230_303_merged.tif,0.6,2,594463857,117,30.7022,33.3171,2.615
tiny,chip_230_303_merged.tif,0.6,3,213857226,117,30.7323,33.8513,3.1189
tiny,chip_230_303_merged.tif,0.6,4,1881395356,117,28.6644,31.9695,3.3052
tiny,chip_230_303_merged.tif,0.8,0,972423810,156,29.8727,30.8432,0.9704
tiny,chip_230_303_merged.tif,0.8,1,591817179,156,28.3358,32.2214,3.8856
tiny,chip_230_303_merged.tif,0.8,2,111871661,156,29.8953,31.5589,1.6637
tiny,chip_230_303_merged.tif,0.8,3,1878748678,156,27.7565,31.3645,3.6081
tiny,chip_230_303_merged.tif,0.8,4,1498142047,156,28.9208,31.0709,2.1501
tiny,chip_230_458_merged.tif,0.2,0,1323618427,39,33.4985,35.1803,1.6818
tiny,chip_230_458_merged.tif,0.2,1,943011796,39,33.3416,34.5975,1.2559
tiny,chip_230_458_merged.tif,0.2,2,463066278,39,32.5825,35.943,3.3604
tiny,chip_230_458_merged.tif,0.2,3,82459647,39,32.7471,35.1714,2.4243
tiny,chip_230_458_merged.tif,0.2,4,1749997777,39,33.2509,35.7082,2.4573
tiny,chip_230_458_merged.tif,0.4,0,1163003094,78,31.9164,35.4422,3.5258
tiny,chip_230_458_merged.tif,0.4,1,683057576,78,32.196,34.8968,2.7009
tiny,chip_230_458_merged.tif,0.4,2,302450945,78,32.2638,34.0598,1.796
tiny,chip_230_458_merged.tif,0.4,3,2069327962,78,32.1942,34.7834,2.5892
tiny,chip_230_458_merged.tif,0.4,4,1589382444,78,31.7728,35.275,3.5022
tiny,chip_230_458_merged.tif,0.6,0,419704887,117,30.7757,34.8335,4.0578
tiny,chip_230_458_merged.tif,0.6,1,2087243017,117,31.2883,34.6688,3.3805
tiny,chip_230_458_merged.tif,0.6,2,1706636386,117,31.7914,34.4083,2.6169
tiny,chip_230_458_merged.tif,0.6,3,1326029755,117,32.4315,34.8426,2.4111
tiny,chip_230_458_merged.tif,0.6,4,846084237,117,31.2903,32.7515,1.4611
tiny,chip_230_458_merged.tif,0.8,0,2084596339,156,31.1368,33.5662,2.4294
tiny,chip_230_458_merged.tif,0.8,1,1703989708,156,31.135,33.8499,2.7149
tiny,chip_230_458_merged.tif,0.8,2,1224044190,156,31.687,33.1892,1.5022
tiny,chip_230_458_merged.tif,0.8,3,843437559,156,31.1075,33.5625,2.455
tiny,chip_230_458_merged.tif,0.8,4,363492041,156,31.1133,34.1892,3.0759
tiny,chip_230_490_merged.tif,0.2,0,1990388388,39,33.4425,34.0047,0.5622
tiny,chip_230_490_merged.tif,0.2,1,1510442870,39,32.9122,35.792,2.8797
tiny,chip_230_490_merged.tif,0.2,2,1129836239,39,31.0103,35.6055,4.5952
tiny,chip_230_490_merged.tif,0.2,3,749229608,39,33.4415,34.0752,0.6337
tiny,chip_230_490_merged.tif,0.2,4,269284090,39,33.7487,34.8537,1.1049
tiny,chip_230_490_merged.tif,0.4,0,1829773055,78,32.2321,35.7404,3.5083
tiny,chip_230_490_merged.tif,0.4,1,1349827537,78,32.393,35.6382,3.2453
tiny,chip_230_490_merged.tif,0.4,2,969220906,78,31.8125,35.3472,3.5347
tiny,chip_230_490_merged.tif,0.4,3,489275388,78,32.1968,34.8801,2.6832
tiny,chip_230_490_merged.tif,0.4,4,108668757,78,31.4568,35.7326,4.2759
tiny,chip_230_490_merged.tif,0.6,0,1086474848,117,31.1757,33.7625,2.5869
tiny,chip_230_490_merged.tif,0.6,1,606529330,117,32.1456,34.0638,1.9182
tiny,chip_230_490_merged.tif,0.6,2,225922699,117,31.5448,34.2898,2.745
tiny,chip_230_490_merged.tif,0.6,3,1893460829,117,31.1483,34.2307,3.0825
tiny,chip_230_490_merged.tif,0.6,4,1512854198,117,32.351,35.1316,2.7805
tiny,chip_230_490_merged.tif,0.8,0,603882652,156,31.8617,32.8836,1.0219
tiny,chip_230_490_merged.tif,0.8,1,123937134,156,31.8792,32.892,1.0129
tiny,chip_230_490_merged.tif,0.8,2,1890814151,156,31.3653,32.9298,1.5646
tiny,chip_230_490_merged.tif,0.8,3,1510207520,156,31.8759,32.752,0.876
tiny,chip_230_490_merged.tif,0.8,4,1030262002,156,31.5772,32.8685,1.2913
tiny,chip_231_287_merged.tif,0.2,0,835890513,39,31.4615,35.7746,4.313
tiny,chip_231_287_merged.tif,0.2,1,355944995,39,30.8688,36.1598,5.2911
tiny,chip_231_287_merged.tif,0.2,2,2122822012,39,31.4148,35.4822,4.0674
tiny,chip_231_287_merged.tif,0.2,3,1642876494,39,31.2551,34.8526,3.5975
tiny,chip_231_287_merged.tif,0.2,4,1262269863,39,33.3506,35.4365,2.0859
tiny,chip_231_287_merged.tif,0.4,0,1918099091,78,28.7448,33.8059,5.0611
tiny,chip_231_287_merged.tif,0.4,1,1537492460,78,31.7961,33.9956,2.1995
tiny,chip_231_287_merged.tif,0.4,2,1057546942,78,30.4931,33.7183,3.2251
tiny,chip_231_287_merged.tif,0.4,3,676940311,78,29.0347,34.5811,5.5464
tiny,chip_231_287_merged.tif,0.4,4,196994793,78,30.1052,34.5284,4.4231
tiny,chip_231_287_merged.tif,0.6,0,1980121734,117,30.1894,33.6517,3.4623
tiny,chip_231_287_merged.tif,0.6,1,1599515103,117,30.5163,33.0875,2.5712
tiny,chip_231_287_merged.tif,0.6,2,1119569585,117,30.3023,33.4816,3.1793
tiny,chip_231_287_merged.tif,0.6,3,738962954,117,30.5363,33.6936,3.1572
tiny,chip_231_287_merged.tif,0.6,4,358356323,117,30.2807,32.5473,2.2667
tiny,chip_231_287_merged.tif,0.8,0,1596868425,156,29.7687,32.3425,2.5738
tiny,chip_231_287_merged.tif,0.8,1,1116922907,156,30.212,30.7683,0.5562
tiny,chip_231_287_merged.tif,0.8,2,736316276,156,30.0215,31.6528,1.6313
tiny,chip_231_287_merged.tif,0.8,3,256370758,156,28.9713,32.1059,3.1345
tiny,chip_231_287_merged.tif,0.8,4,2023247775,156,29.1023,31.7051,2.6028
tiny,chip_231_331_merged.tif,0.2,0,1596610243,39,36.4424,38.5788,2.1364
tiny,chip_231_331_merged.tif,0.2,1,1116664725,39,37.5293,38.7159,1.1866
tiny,chip_231_331_merged.tif,0.2,2,736058094,39,37.5296,36.5277,-1.0019
tiny,chip_231_331_merged.tif,0.2,3,355451463,39,38.1715,38.2732,0.1017
tiny,chip_231_331_merged.tif,0.2,4,2022989593,39,37.1175,38.283,1.1655
tiny,chip_231_331_merged.tif,0.4,0,1435994910,78,36.624,37.7775,1.1536
tiny,chip_231_331_merged.tif,0.4,1,956049392,78,34.4686,37.9733,3.5047
tiny,chip_231_331_merged.tif,0.4,2,575442761,78,35.6194,37.3837,1.7643
tiny,chip_231_331_merged.tif,0.4,3,95497243,78,35.4168,37.8045,2.3876
tiny,chip_231_331_merged.tif,0.4,4,1862374260,78,36.6884,37.0744,0.386
tiny,chip_231_331_merged.tif,0.6,0,692696703,117,34.5209,36.5631,2.0422
tiny,chip_231_331_merged.tif,0.6,1,212751185,117,34.5412,37.2428,2.7017
tiny,chip_231_331_merged.tif,0.6,2,1979628202,117,35.848,36.8142,0.9662
tiny,chip_231_331_merged.tif,0.6,3,1499682684,117,34.6445,37.1432,2.4988
tiny,chip_231_331_merged.tif,0.6,4,1119076053,117,34.899,36.3039,1.4049
tiny,chip_231_331_merged.tif,0.8,0,210104507,156,34.3366,35.7656,1.429
tiny,chip_231_331_merged.tif,0.8,1,1877642637,156,34.539,34.9072,0.3682
tiny,chip_231_331_merged.tif,0.8,2,1497036006,156,34.3769,35.9949,1.618
tiny,chip_231_331_merged.tif,0.8,3,1017090488,156,34.769,36.7337,1.9647
tiny,chip_231_331_merged.tif,0.8,4,636483857,156,35.5609,36.1237,0.5628
tiny,chip_232_293_merged.tif,0.2,0,821612595,39,34.6288,35.845,1.2161
tiny,chip_232_293_merged.tif,0.2,1,341667077,39,35.4396,37.1946,1.755
tiny,chip_232_293_merged.tif,0.2,2,2108544094,39,33.7001,35.665,1.9649
tiny,chip_232_293_merged.tif,0.2,3,1628598576,39,35.9041,36.5848,0.6808
tiny,chip_232_293_merged.tif,0.2,4,1247991945,39,28.2476,36.0532,7.8056
tiny,chip_232_293_merged.tif,0.4,0,1903821173,78,35.1784,36.0584,0.88
tiny,chip_232_293_merged.tif,0.4,1,1523214542,78,33.5754,35.347,1.7716
tiny,chip_232_293_merged.tif,0.4,2,1043269024,78,35.5217,35.5601,0.0385
tiny,chip_232_293_merged.tif,0.4,3,662662393,78,28.9294,35.8605,6.9311
tiny,chip_232_293_merged.tif,0.4,4,182716875,78,31.9417,35.7794,3.8377
tiny,chip_232_293_merged.tif,0.6,0,1965843816,117,29.97,34.9887,5.0187
tiny,chip_232_293_merged.tif,0.6,1,1585237185,117,32.7717,34.7069,1.9352
tiny,chip_232_293_merged.tif,0.6,2,1204630554,117,33.746,33.1505,-0.5955
tiny,chip_232_293_merged.tif,0.6,3,724685036,117,33.5225,35.2733,1.7508
tiny,chip_232_293_merged.tif,0.6,4,344078405,117,33.3044,35.2822,1.9778
tiny,chip_232_293_merged.tif,0.8,0,1582590507,156,31.1304,32.478,1.3476
tiny,chip_232_293_merged.tif,0.8,1,1102644989,156,31.3843,33.2387,1.8544
tiny,chip_232_293_merged.tif,0.8,2,722038358,156,31.1354,34.447,3.3116
tiny,chip_232_293_merged.tif,0.8,3,242092840,156,31.0036,33.0598,2.0563
tiny,chip_232_293_merged.tif,0.8,4,2008969857,156,31.0335,32.548,1.5145
tiny,chip_232_372_merged.tif,0.2,0,1440154707,39,29.6026,31.7523,2.1498
tiny,chip_232_372_merged.tif,0.2,1,1059548076,39,29.3256,31.6754,2.3498
tiny,chip_232_372_merged.tif,0.2,2,678941445,39,29.3801,32.3593,2.9792
tiny,chip_232_372_merged.tif,0.2,3,198995927,39,30.52,32.3842,1.8642
tiny,chip_232_372_merged.tif,0.2,4,1965872944,39,30.8046,32.7321,1.9275
tiny,chip_232_372_merged.tif,0.4,0,1279539374,78,28.3373,31.8453,3.508
tiny,chip_232_372_merged.tif,0.4,1,898932743,78,28.5722,30.0952,1.523
tiny,chip_232_372_merged.tif,0.4,2,418987225,78,29.0439,31.7129,2.6691
tiny,chip_232_372_merged.tif,0.4,3,38380594,78,29.3511,31.0897,1.7386
tiny,chip_232_372_merged.tif,0.4,4,1705918724,78,28.1288,31.5963,3.4675
tiny,chip_232_372_merged.tif,0.6,0,536241167,117,29.3085,30.2603,0.9519
tiny,chip_232_372_merged.tif,0.6,1,155634536,117,28.3489,30.4928,2.1439
tiny,chip_232_372_merged.tif,0.6,2,1823172666,117,29.2033,31.0083,1.805
tiny,chip_232_372_merged.tif,0.6,3,1442566035,117,29.2846,30.3511,1.0665
tiny,chip_232_372_merged.tif,0.6,4,1061959404,117,29.3023,30.6392,1.3369
tiny,chip_232_372_merged.tif,0.8,0,53648971,156,27.93,29.7592,1.8292
tiny,chip_232_372_merged.tif,0.8,1,1820525988,156,28.6839,29.0593,0.3754
tiny,chip_232_372_merged.tif,0.8,2,1439919357,156,27.9806,29.2501,1.2695
tiny,chip_232_372_merged.tif,0.8,3,959973839,156,28.7737,29.3996,0.6259
tiny,chip_232_372_merged.tif,0.8,4,579367208,156,27.3915,29.592,2.2005
tiny,chip_232_596_merged.tif,0.2,0,531785629,39,30.2867,36.1215,5.8348
tiny,chip_232_596_merged.tif,0.2,1,51840111,39,33.3929,35.8317,2.4388
tiny,chip_232_596_merged.tif,0.2,2,1818717128,39,32.7615,34.9122,2.1507
tiny,chip_232_596_merged.tif,0.2,3,1338771610,39,35.0577,36.4399,1.3821
tiny,chip_232_596_merged.tif,0.2,4,958164979,39,34.0424,35.9394,1.897
tiny,chip_232_596_merged.tif,0.4,0,271831409,78,34.678,35.283,0.605
tiny,chip_232_596_merged.tif,0.4,1,2038708426,78,34.4276,36.246,1.8184
tiny,chip_232_596_merged.tif,0.4,2,1658101795,78,34.3618,35.2578,0.8959
tiny,chip_232_596_merged.tif,0.4,3,1178156277,78,33.491,36.0191,2.5281
tiny,chip_232_596_merged.tif,0.4,4,797549646,78,34.3619,35.6663,1.3043
tiny,chip_232_596_merged.tif,0.6,0,1676016850,117,33.68,35.1658,1.4858
tiny,chip_232_596_merged.tif,0.6,1,1295410219,117,33.6108,34.8067,1.1959
tiny,chip_232_596_merged.tif,0.6,2,914803588,117,31.1355,34.577,3.4416
tiny,chip_232_596_merged.tif,0.6,3,434858070,117,33.3463,34.8507,1.5044
tiny,chip_232_596_merged.tif,0.6,4,54251439,117,33.6642,35.4068,1.7426
tiny,chip_232_596_merged.tif,0.8,0,1292763541,156,32.7003,34.4924,1.7921
tiny,chip_232_596_merged.tif,0.8,1,812818023,156,32.1216,31.8418,-0.2798
tiny,chip_232_596_merged.tif,0.8,2,432211392,156,33.2237,33.2095,-0.0142
tiny,chip_232_596_merged.tif,0.8,3,2099749522,156,32.6811,34.1499,1.4688
tiny,chip_232_596_merged.tif,0.8,4,1719142891,156,33.2351,33.1445,-0.0906
tiny,chip_233_289_merged.tif,0.2,0,1668848168,39,28.2409,35.0443,6.8035
tiny,chip_233_289_merged.tif,0.2,1,1188902650,39,33.212,38.1797,4.9677
tiny,chip_233_289_merged.tif,0.2,2,808296019,39,32.3556,38.013,5.6574
tiny,chip_233_289_merged.tif,0.2,3,328350501,39,28.24,37.4051,9.1651
tiny,chip_233_289_merged.tif,0.2,4,2095227518,39,33.9797,37.9473,3.9676
tiny,chip_233_289_merged.tif,0.4,0,1408893948,78,29.1193,36.1564,7.0371
tiny,chip_233_289_merged.tif,0.4,1,1028287317,78,29.1188,35.701,6.5822
tiny,chip_233_289_merged.tif,0.4,2,548341799,78,29.0933,36.6704,7.5771
tiny,chip_233_289_merged.tif,0.4,3,167735168,78,32.7773,36.543,3.7657
tiny,chip_233_289_merged.tif,0.4,4,1934612185,78,30.7628,36.5848,5.822
tiny,chip_233_289_merged.tif,0.6,0,665595741,117,30.1686,34.0932,3.9246
tiny,chip_233_289_merged.tif,0.6,1,284989110,117,31.1244,35.2316,4.1072
tiny,chip_233_289_merged.tif,0.6,2,2051866127,117,31.1404,35.7361,4.5957
tiny,chip_233_289_merged.tif,0.6,3,1571920609,117,30.3358,34.9503,4.6145
tiny,chip_233_289_merged.tif,0.6,4,1191313978,117,29.6489,34.0372,4.3883
tiny,chip_233_289_merged.tif,0.8,0,282342432,156,29.7201,30.4162,0.6961
tiny,chip_233_289_merged.tif,0.8,1,1949880562,156,29.8635,33.2301,3.3666
tiny,chip_233_289_merged.tif,0.8,2,1569273931,156,29.7095,30.6999,0.9904
tiny,chip_233_289_merged.tif,0.8,3,1089328413,156,29.9467,32.4795,2.5327
tiny,chip_233_289_merged.tif,0.8,4,708721782,156,30.4719,32.699,2.2271
tiny,chip_233_331_merged.tif,0.2,0,200692051,39,36.5754,39.5937,3.0183
tiny,chip_233_331_merged.tif,0.2,1,1868230181,39,37.4073,38.8165,1.4092
tiny,chip_233_331_merged.tif,0.2,2,1487623550,39,36.4228,38.0882,1.6653
tiny,chip_233_331_merged.tif,0.2,3,1007678032,39,39.147,39.4254,0.2784
tiny,chip_233_331_merged.tif,0.2,4,627071401,39,36.9795,39.2022,2.2227
tiny,chip_233_331_merged.tif,0.4,0,2088221479,78,36.6555,38.6064,1.9509
tiny,chip_233_331_merged.tif,0.4,1,1707614848,78,36.2412,38.1631,1.9219
tiny,chip_233_331_merged.tif,0.4,2,1327008217,78,37.3178,38.7361,1.4183
tiny,chip_233_331_merged.tif,0.4,3,847062699,78,36.8766,38.5156,1.639
tiny,chip_233_331_merged.tif,0.4,4,466456068,78,37.0617,37.1374,0.0757
tiny,chip_233_331_merged.tif,0.6,0,1444262159,117,36.4928,38.7872,2.2944
tiny,chip_233_331_merged.tif,0.6,1,964316641,117,36.4921,38.2222,1.73
tiny,chip_233_331_merged.tif,0.6,2,583710010,117,36.5979,38.5215,1.9236
tiny,chip_233_331_merged.tif,0.6,3,103764492,117,37.4329,38.1882,0.7553
tiny,chip_233_331_merged.tif,0.6,4,1870641509,117,36.8212,38.1614,1.3402
tiny,chip_233_331_merged.tif,0.8,0,961669963,156,35.8563,37.4352,1.579
tiny,chip_233_331_merged.tif,0.8,1,481724445,156,37.0103,36.7203,-0.29
tiny,chip_233_331_merged.tif,0.8,2,101117814,156,35.6674,37.3555,1.688
tiny,chip_233_331_merged.tif,0.8,3,1768655944,156,35.879,37.0547,1.1757
tiny,chip_233_331_merged.tif,0.8,4,1388049313,156,35.8296,36.3007,0.4711
tiny,chip_233_332_merged.tif,0.2,0,927398136,39,33.198,37.9148,4.7168
tiny,chip_233_332_merged.tif,0.2,1,447452618,39,33.3122,38.3003,4.9881
tiny,chip_233_332_merged.tif,0.2,2,66845987,39,33.1976,38.4371,5.2395
tiny,chip_233_332_merged.tif,0.2,3,1734384117,39,32.9759,34.6412,1.6653
tiny,chip_233_332_merged.tif,0.2,4,1353777486,39,37.1937,34.1522,-3.0415
tiny,chip_233_332_merged.tif,0.4,0,2009606714,78,37.4964,37.4454,-0.051
tiny,chip_233_332_merged.tif,0.4,1,1629000083,78,37.6199,35.7324,-1.8875
tiny,chip_233_332_merged.tif,0.4,2,1149054565,78,37.5144,37.1542,-0.3602
tiny,chip_233_332_merged.tif,0.4,3,768447934,78,37.2544,38.2027,0.9482
tiny,chip_233_332_merged.tif,0.4,4,288502416,78,37.2544,38.1326,0.8781
tiny,chip_233_332_merged.tif,0.6,0,2071629357,117,37.2842,36.1542,-1.13
tiny,chip_233_332_merged.tif,0.6,1,1691022726,117,37.6443,36.292,-1.3523
tiny,chip_233_332_merged.tif,0.6,2,1211077208,117,35.6282,37.2601,1.6318
tiny,chip_233_332_merged.tif,0.6,3,830470577,117,35.335,36.1029,0.7679
tiny,chip_233_332_merged.tif,0.6,4,449863946,117,35.3311,38.0693,2.7383
tiny,chip_233_332_merged.tif,0.8,0,1688376048,156,36.9961,35.8419,-1.1542
tiny,chip_233_332_merged.tif,0.8,1,1208430530,156,36.9913,35.8802,-1.1111
tiny,chip_233_332_merged.tif,0.8,2,827823899,156,36.9824,36.3129,-0.6696
tiny,chip_233_332_merged.tif,0.8,3,347878381,156,36.9815,36.0352,-0.9463
tiny,chip_233_332_merged.tif,0.8,4,2114755398,156,35.9296,36.357,0.4274
tiny,chip_233_478_merged.tif,0.2,0,1407943629,39,32.3338,33.2929,0.9592
tiny,chip_233_478_merged.tif,0.2,1,1027336998,39,31.6827,32.7099,1.0272
tiny,chip_233_478_merged.tif,0.2,2,646730367,39,31.4979,33.5378,2.0399
tiny,chip_233_478_merged.tif,0.2,3,166784849,39,32.6158,33.9992,1.3834
tiny,chip_233_478_merged.tif,0.2,4,1933661866,39,31.4968,34.592,3.0952
tiny,chip_233_478_merged.tif,0.4,0,1247328296,78,30.6795,34.0589,3.3794
tiny,chip_233_478_merged.tif,0.4,1,866721665,78,31.2003,32.7849,1.5845
tiny,chip_233_478_merged.tif,0.4,2,386776147,78,31.0319,33.5255,2.4936
tiny,chip_233_478_merged.tif,0.4,3,6169516,78,31.6056,33.1373,1.5317
tiny,chip_233_478_merged.tif,0.4,4,1773046533,78,31.1774,34.0007,2.8233
tiny,chip_233_478_merged.tif,0.6,0,504030089,117,31.144,33.1722,2.0282
tiny,chip_233_478_merged.tif,0.6,1,123423458,117,31.1142,32.7751,1.6609
tiny,chip_233_478_merged.tif,0.6,2,1790961588,117,30.7954,32.8683,2.0729
tiny,chip_233_478_merged.tif,0.6,3,1410354957,117,30.443,32.0686,1.6256
tiny,chip_233_478_merged.tif,0.6,4,1029748326,117,31.1094,33.1506,2.0413
tiny,chip_233_478_merged.tif,0.8,0,21437893,156,31.0375,32.0155,0.978
tiny,chip_233_478_merged.tif,0.8,1,1788314910,156,30.4015,32.1733,1.7718
tiny,chip_233_478_merged.tif,0.8,2,1407708279,156,31.0421,32.0161,0.974
tiny,chip_233_478_merged.tif,0.8,3,927762761,156,30.3987,31.8444,1.4456
tiny,chip_233_478_merged.tif,0.8,4,547156130,156,29.7395,32.0877,2.3482
tiny,chip_234_295_merged.tif,0.2,0,140359798,39,33.262,36.4104,3.1485
tiny,chip_234_295_merged.tif,0.2,1,1807897928,39,33.0253,35.9774,2.9521
tiny,chip_234_295_merged.tif,0.2,2,1427291297,39,31.7376,36.6535,4.9159
tiny,chip_234_295_merged.tif,0.2,3,947345779,39,32.7524,35.084,2.3316
tiny,chip_234_295_merged.tif,0.2,4,566739148,39,32.2894,35.5037,3.2142
tiny,chip_234_295_merged.tif,0.4,0,1222568376,78,32.2094,35.7487,3.5394
tiny,chip_234_295_merged.tif,0.4,1,841961745,78,30.1631,34.2843,4.1212
tiny,chip_234_295_merged.tif,0.4,2,362016227,78,33.4713,35.2548,1.7835
tiny,chip_234_295_merged.tif,0.4,3,2128893244,78,30.1638,35.219,5.0552
tiny,chip_234_295_merged.tif,0.4,4,1648947726,78,31.0254,35.7184,4.693
tiny,chip_234_295_merged.tif,0.6,0,1284591019,117,30.2699,33.2612,2.9913
tiny,chip_234_295_merged.tif,0.6,1,903984388,117,30.2753,34.0976,3.8223
tiny,chip_234_295_merged.tif,0.6,2,523377757,117,31.2912,34.1839,2.8927
tiny,chip_234_295_merged.tif,0.6,3,43432239,117,31.053,34.9111,3.8581
tiny,chip_234_295_merged.tif,0.6,4,1810309256,117,30.87,34.3898,3.5198
tiny,chip_234_295_merged.tif,0.8,0,901337710,156,31.169,32.1015,0.9325
tiny,chip_234_295_merged.tif,0.8,1,421392192,156,30.2325,31.6876,1.4551
tiny,chip_234_295_merged.tif,0.8,2,40785561,156,30.2486,32.409,2.1604
tiny,chip_234_295_merged.tif,0.8,3,1708323691,156,31.0326,32.2179,1.1853
tiny,chip_234_295_merged.tif,0.8,4,1327717060,156,30.8634,32.5363,1.673
tiny,chip_234_371_merged.tif,0.2,0,1346681032,39,30.4156,31.7034,1.2878
tiny,chip_234_371_merged.tif,0.2,1,966074401,39,30.6057,32.5144,1.9088
tiny,chip_234_371_merged.tif,0.2,2,486128883,39,30.5878,32.1791,1.5913
tiny,chip_234_371_merged.tif,0.2,3,105522252,39,30.1497,32.7036,2.5539
tiny,chip_234_371_merged.tif,0.2,4,1773060382,39,30.1515,32.1245,1.973
tiny,chip_234_371_merged.tif,0.4,0,281405962,78,29.5394,31.961,2.4216
tiny,chip_234_371_merged.tif,0.4,1,2048282979,78,29.3861,31.8657,2.4796
tiny,chip_234_371_merged.tif,0.4,2,1667676348,78,29.2664,31.8027,2.5363
tiny,chip_234_371_merged.tif,0.4,3,1187730830,78,29.421,31.4055,1.9845
tiny,chip_234_371_merged.tif,0.4,4,807124199,78,30.1118,31.7519,1.64
tiny,chip_234_371_merged.tif,0.6,0,442767492,117,29.9547,31.0087,1.054
tiny,chip_234_371_merged.tif,0.6,1,2110305622,117,29.1794,31.1699,1.9905
tiny,chip_234_371_merged.tif,0.6,2,1729698991,117,29.5057,31.094,1.5882
tiny,chip_234_371_merged.tif,0.6,3,1349092360,117,29.7742,31.514,1.7398
tiny,chip_234_371_merged.tif,0.6,4,869146842,117,29.4585,31.1928,1.7343
tiny,chip_234_371_merged.tif,0.8,0,2107658944,156,29.3344,29.6352,0.3007
tiny,chip_234_371_merged.tif,0.8,1,1727052313,156,29.6479,30.6247,0.9768
tiny,chip_234_371_merged.tif,0.8,2,1247106795,156,29.5181,29.9288,0.4107
tiny,chip_234_371_merged.tif,0.8,3,866500164,156,29.6568,30.2072,0.5504
tiny,chip_234_371_merged.tif,0.8,4,386554646,156,29.3433,29.7256,0.3824
tiny,chip_234_444_merged.tif,0.2,0,1947428713,39,33.6553,35.4654,1.8102
tiny,chip_234_444_merged.tif,0.2,1,1566822082,39,33.2116,35.4267,2.2152
tiny,chip_234_444_merged.tif,0.2,2,1086876564,39,33.0163,35.5282,2.5119
tiny,chip_234_444_merged.tif,0.2,3,706269933,39,31.8951,34.2723,2.3772
tiny,chip_234_444_merged.tif,0.2,4,226324415,39,33.2667,35.4731,2.2064
tiny,chip_234_444_merged.tif,0.4,0,981492530,78,33.6518,35.3601,1.7083
tiny,chip_234_444_merged.tif,0.4,1,501547012,78,35.564,35.482,-0.082
tiny,chip_234_444_merged.tif,0.4,2,120940381,78,36.5003,34.8272,-1.6731
tiny,chip_234_444_merged.tif,0.4,3,1788478511,78,34.0977,34.5713,0.4736
tiny,chip_234_444_merged.tif,0.4,4,1407871880,78,33.6526,34.7922,1.1396
tiny,chip_234_444_merged.tif,0.6,0,1043515173,117,34.2872,33.6376,-0.6496
tiny,chip_234_444_merged.tif,0.6,1,563569655,117,34.3877,34.7933,0.4056
tiny,chip_234_444_merged.tif,0.6,2,182963024,117,34.1373,34.291,0.1537
tiny,chip_234_444_merged.tif,0.6,3,1949840041,117,34.3873,34.1932,-0.1941
tiny,chip_234_444_merged.tif,0.6,4,1469894523,117,34.2294,34.4245,0.1951
tiny,chip_234_444_merged.tif,0.8,0,560922977,156,31.866,34.1904,2.3244
tiny,chip_234_444_merged.tif,0.8,1,180316346,156,33.767,33.5984,-0.1686
tiny,chip_234_444_merged.tif,0.8,2,1847854476,156,34.0955,33.8743,-0.2212
tiny,chip_234_444_merged.tif,0.8,3,1467247845,156,34.0928,33.5574,-0.5354
tiny,chip_234_444_merged.tif,0.8,4,987302327,156,32.6936,32.8702,0.1766
tiny,chip_234_445_merged.tif,0.2,0,1877270161,39,33.6555,33.8137,0.1583
tiny,chip_234_445_merged.tif,0.2,1,1397324643,39,31.6512,33.9295,2.2783
tiny,chip_234_445_merged.tif,0.2,2,1016718012,39,32.162,34.1264,1.9643
tiny,chip_234_445_merged.tif,0.2,3,636111381,39,33.6563,33.7673,0.111
tiny,chip_234_445_merged.tif,0.2,4,156165863,39,31.651,34.2946,2.6436
tiny,chip_234_445_merged.tif,0.4,0,811995091,78,33.0508,33.7377,0.6869
tiny,chip_234_445_merged.tif,0.4,1,431388460,78,32.6155,34.1865,1.5711
tiny,chip_234_445_merged.tif,0.4,2,50781829,78,31.8435,34.0718,2.2283
tiny,chip_234_445_merged.tif,0.4,3,1718319959,78,33.0512,33.2636,0.2124
tiny,chip_234_445_merged.tif,0.4,4,1337713328,78,31.942,33.2185,1.2765
tiny,chip_234_445_merged.tif,0.6,0,973356621,117,31.9348,33.1952,1.2604
tiny,chip_234_445_merged.tif,0.6,1,493411103,117,32.144,32.7381,0.5941
tiny,chip_234_445_merged.tif,0.6,2,112804472,117,31.5127,33.0004,1.4876
tiny,chip_234_445_merged.tif,0.6,3,1780342602,117,31.9465,33.0776,1.1311
tiny,chip_234_445_merged.tif,0.6,4,1399735971,117,31.9385,33.436,1.4975
tiny,chip_234_445_merged.tif,0.8,0,490764425,156,31.7382,31.8384,0.1002
tiny,chip_234_445_merged.tif,0.8,1,10818907,156,31.5378,32.5229,0.9851
tiny,chip_234_445_merged.tif,0.8,2,1777695924,156,31.5365,32.4611,0.9246
tiny,chip_234_445_merged.tif,0.8,3,1397089293,156,31.5482,32.773,1.2248
tiny,chip_234_445_merged.tif,0.8,4,917143775,156,32.0572,32.4089,0.3517
tiny,chip_234_591_merged.tif,0.2,0,1501366206,39,34.4086,34.2838,-0.1248
tiny,chip_234_591_merged.tif,0.2,1,1120759575,39,34.8923,34.3456,-0.5468
tiny,chip_234_591_merged.tif,0.2,2,640814057,39,33.5467,35.3872,1.8406
tiny,chip_234_591_merged.tif,0.2,3,260207426,39,32.0141,34.0913,2.0772
tiny,chip_234_591_merged.tif,0.2,4,1927745556,39,34.8591,34.5794,-0.2798
tiny,chip_234_591_merged.tif,0.4,0,1340750873,78,31.3225,33.6275,2.305
tiny,chip_234_591_merged.tif,0.4,1,860805355,78,32.4838,34.0889,1.6051
tiny,chip_234_591_merged.tif,0.4,2,480198724,78,32.6236,34.4498,1.8263
tiny,chip_234_591_merged.tif,0.4,3,99592093,78,33.5915,34.28,0.6884
tiny,chip_234_591_merged.tif,0.4,4,1767130223,78,32.4858,34.4871,2.0013
tiny,chip_234_591_merged.tif,0.6,0,597452666,117,31.8079,33.0692,1.2613
tiny,chip_234_591_merged.tif,0.6,1,117507148,117,31.7972,33.6401,1.843
tiny,chip_234_591_merged.tif,0.6,2,1884384165,117,32.8362,33.8199,0.9837
tiny,chip_234_591_merged.tif,0.6,3,1503777534,117,32.1764,33.6008,1.4243
tiny,chip_234_591_merged.tif,0.6,4,1023832016,117,32.4139,33.1153,0.7014
tiny,chip_234_591_merged.tif,0.8,0,114860470,156,31.6663,33.5052,1.8388
tiny,chip_234_591_merged.tif,0.8,1,1881737487,156,32.2191,33.1802,0.9611
tiny,chip_234_591_merged.tif,0.8,2,1401791969,156,31.8478,32.8329,0.9851
tiny,chip_234_591_merged.tif,0.8,3,1021185338,156,31.3621,32.966,1.6039
tiny,chip_234_591_merged.tif,0.8,4,541239820,156,31.8221,32.746,0.9239
tiny,chip_236_284_merged.tif,0.2,0,2049212572,39,33.818,36.9185,3.1006
tiny,chip_236_284_merged.tif,0.2,1,1668605941,39,34.3877,36.7009,2.3132
tiny,chip_236_284_merged.tif,0.2,2,1188660423,39,31.4925,35.0513,3.5589
tiny,chip_236_284_merged.tif,0.2,3,808053792,39,34.1186,36.4559,2.3373
tiny,chip_236_284_merged.tif,0.2,4,328108274,39,30.8187,33.789,2.9703
tiny,chip_236_284_merged.tif,0.4,0,1888597239,78,28.1618,34.8941,6.7323
tiny,chip_236_284_merged.tif,0.4,1,1408651721,78,30.6419,36.4185,5.7766
tiny,chip_236_284_merged.tif,0.4,2,1028045090,78,30.8542,32.6427,1.7885
tiny,chip_236_284_merged.tif,0.4,3,647438459,78,30.0584,33.7568,3.6984
tiny,chip_236_284_merged.tif,0.4,4,167492941,78,31.7892,33.8337,2.0445
tiny,chip_236_284_merged.tif,0.6,0,1145299032,117,31.7055,33.1357,1.4302
tiny,chip_236_284_merged.tif,0.6,1,665353514,117,30.7127,32.7453,2.0325
tiny,chip_236_284_merged.tif,0.6,2,284746883,117,30.4234,32.4737,2.0503
tiny,chip_236_284_merged.tif,0.6,3,2051623900,117,29.2094,33.5472,4.3378
tiny,chip_236_284_merged.tif,0.6,4,1571678382,117,30.7119,33.5009,2.789
tiny,chip_236_284_merged.tif,0.8,0,662706836,156,29.6931,31.4943,1.8012
tiny,chip_236_284_merged.tif,0.8,1,282100205,156,29.5216,31.3569,1.8353
tiny,chip_236_284_merged.tif,0.8,2,1949638335,156,28.9572,31.645,2.6878
tiny,chip_236_284_merged.tif,0.8,3,1569031704,156,29.6852,31.4767,1.7915
tiny,chip_236_284_merged.tif,0.8,4,1089086186,156,30.0976,32.2678,2.1702
tiny,chip_236_367_merged.tif,0.2,0,631480386,39,31.5949,32.9293,1.3344
tiny,chip_236_367_merged.tif,0.2,1,250873755,39,31.4324,32.362,0.9296
tiny,chip_236_367_merged.tif,0.2,2,1918411885,39,31.234,32.248,1.014
tiny,chip_236_367_merged.tif,0.2,3,1537805254,39,30.0265,32.5834,2.557
tiny,chip_236_367_merged.tif,0.2,4,1057859736,39,30.9734,33.0249,2.0515
tiny,chip_236_367_merged.tif,0.4,0,1813027851,78,30.0214,32.3029,2.2814
tiny,chip_236_367_merged.tif,0.4,1,1333082333,78,31.1356,32.0952,0.9596
tiny,chip_236_367_merged.tif,0.4,2,952475702,78,30.4277,32.3498,1.9221
tiny,chip_236_367_merged.tif,0.4,3,472530184,78,30.5455,32.458,1.9124
tiny,chip_236_367_merged.tif,0.4,4,91923553,78,30.3327,32.4804,2.1477
tiny,chip_236_367_merged.tif,0.6,0,1875050494,117,30.368,31.7113,1.3433
tiny,chip_236_367_merged.tif,0.6,1,1395104976,117,30.5868,31.4067,0.8199
tiny,chip_236_367_merged.tif,0.6,2,1014498345,117,29.6301,31.138,1.5078
tiny,chip_236_367_merged.tif,0.6,3,633891714,117,30.079,31.6198,1.5408
tiny,chip_236_367_merged.tif,0.6,4,153946196,117,30.1762,31.6002,1.424
tiny,chip_236_367_merged.tif,0.8,0,1392458298,156,29.6183,30.3996,0.7813
tiny,chip_236_367_merged.tif,0.8,1,1011851667,156,29.9574,30.6937,0.7363
tiny,chip_236_367_merged.tif,0.8,2,531906149,156,29.9013,30.739,0.8377
tiny,chip_236_367_merged.tif,0.8,3,151299518,156,29.9664,30.7509,0.7845
tiny,chip_236_367_merged.tif,0.8,4,1818837648,156,29.8784,30.4211,0.5427
tiny,chip_236_448_merged.tif,0.2,0,418740880,39,31.6254,35.0543,3.4289
tiny,chip_236_448_merged.tif,0.2,1,38134249,39,32.4561,34.6812,2.2251
tiny,chip_236_448_merged.tif,0.2,2,1705672379,39,30.7153,34.3376,3.6223
tiny,chip_236_448_merged.tif,0.2,3,1325065748,39,31.2553,34.1112,2.8559
tiny,chip_236_448_merged.tif,0.2,4,944459117,39,31.0008,34.6715,3.6707
tiny,chip_236_448_merged.tif,0.4,0,1600288345,78,32.0128,33.7017,1.6889
tiny,chip_236_448_merged.tif,0.4,1,1120342827,78,31.7652,33.1645,1.3993
tiny,chip_236_448_merged.tif,0.4,2,739736196,78,31.5811,33.7035,2.1224
tiny,chip_236_448_merged.tif,0.4,3,259790678,78,32.4215,33.5719,1.1505
tiny,chip_236_448_merged.tif,0.4,4,2026667695,78,33.044,33.8133,0.7693
tiny,chip_236_448_merged.tif,0.6,0,1662310988,117,32.0008,32.4765,0.4758
tiny,chip_236_448_merged.tif,0.6,1,1281704357,117,31.9633,33.1679,1.2046
tiny,chip_236_448_merged.tif,0.6,2,801758839,117,32.0331,33.426,1.3929
tiny,chip_236_448_merged.tif,0.6,3,421152208,117,31.8069,32.6313,0.8244
tiny,chip_236_448_merged.tif,0.6,4,2088690338,117,32.008,33.1612,1.1533
tiny,chip_236_448_merged.tif,0.8,0,1179718792,156,31.7854,32.3095,0.5241
tiny,chip_236_448_merged.tif,0.8,1,799112161,156,31.6986,32.1881,0.4895
tiny,chip_236_448_merged.tif,0.8,2,319166643,156,31.311,32.3264,1.0155
tiny,chip_236_448_merged.tif,0.8,3,2086043660,156,31.3718,32.3401,0.9683
tiny,chip_236_448_merged.tif,0.8,4,1705437029,156,31.0132,32.7066,1.6934
tiny,chip_236_450_merged.tif,0.2,0,340061342,39,32.6959,34.0634,1.3675
tiny,chip_236_450_merged.tif,0.2,1,2007599472,39,31.3062,34.5225,3.2163
tiny,chip_236_450_merged.tif,0.2,2,1626992841,39,32.6108,33.7206,1.1099
tiny,chip_236_450_merged.tif,0.2,3,1246386210,39,31.5416,34.0369,2.4953
tiny,chip_236_450_merged.tif,0.2,4,766440692,39,32.1271,34.1556,2.0285
tiny,chip_236_450_merged.tif,0.4,0,179446009,78,32.1448,33.8639,1.7191
tiny,chip_236_450_merged.tif,0.4,1,1846984139,78,30.6249,33.43,2.805
tiny,chip_236_450_merged.tif,0.4,2,1466377508,78,31.172,33.229,2.0571
tiny,chip_236_450_merged.tif,0.4,3,986431990,78,30.9141,33.4193,2.5052
tiny,chip_236_450_merged.tif,0.4,4,605825359,78,31.5749,32.0369,0.462
tiny,chip_236_450_merged.tif,0.6,0,1583631450,117,31.0734,33.5353,2.462
tiny,chip_236_450_merged.tif,0.6,1,1103685932,117,31.2332,32.2296,0.9964
tiny,chip_236_450_merged.tif,0.6,2,723079301,117,32.0667,32.4548,0.3881
tiny,chip_236_450_merged.tif,0.6,3,243133783,117,32.2561,33.364,1.1079
tiny,chip_236_450_merged.tif,0.6,4,2010010800,117,31.1775,32.4128,1.2353
tiny,chip_236_450_merged.tif,0.8,0,1101039254,156,31.3013,32.0392,0.7379
tiny,chip_236_450_merged.tif,0.8,1,621093736,156,32.0412,31.9811,-0.0602
tiny,chip_236_450_merged.tif,0.8,2,240487105,156,31.9288,31.7443,-0.1845
tiny,chip_236_450_merged.tif,0.8,3,2007364122,156,32.0287,32.1703,0.1416
tiny,chip_236_450_merged.tif,0.8,4,1527418604,156,31.3766,31.5893,0.2127
tiny,chip_236_595_merged.tif,0.2,0,591998134,39,34.5096,34.6494,0.1398
tiny,chip_236_595_merged.tif,0.2,1,112052616,39,29.768,35.4449,5.6769
tiny,chip_236_595_merged.tif,0.2,2,1878929633,39,33.8765,34.6648,0.7883
tiny,chip_236_595_merged.tif,0.2,3,1398984115,39,30.0567,35.8281,5.7714
tiny,chip_236_595_merged.tif,0.2,4,1018377484,39,32.5258,34.3757,1.8499
tiny,chip_236_595_merged.tif,0.4,0,332043914,78,32.7551,34.8947,2.1396
tiny,chip_236_595_merged.tif,0.4,1,2098920931,78,32.9685,33.2252,0.2568
tiny,chip_236_595_merged.tif,0.4,2,1718314300,78,32.9681,34.333,1.3649
tiny,chip_236_595_merged.tif,0.4,3,1238368782,78,32.8339,34.9653,2.1314
tiny,chip_236_595_merged.tif,0.4,4,857762151,78,30.9901,34.6973,3.7072
tiny,chip_236_595_merged.tif,0.6,0,1736229355,117,31.1895,33.9031,2.7136
tiny,chip_236_595_merged.tif,0.6,1,1355622724,117,31.5392,33.8024,2.2632
tiny,chip_236_595_merged.tif,0.6,2,975016093,117,30.7419,34.5116,3.7697
tiny,chip_236_595_merged.tif,0.6,3,495070575,117,31.5428,33.2316,1.6889
tiny,chip_236_595_merged.tif,0.6,4,114463944,117,31.5603,33.4905,1.9301
tiny,chip_236_595_merged.tif,0.8,0,1352976046,156,31.2015,32.8485,1.647
tiny,chip_236_595_merged.tif,0.8,1,873030528,156,31.244,32.0468,0.8028
tiny,chip_236_595_merged.tif,0.8,2,492423897,156,32.0231,32.5089,0.4858
tiny,chip_236_595_merged.tif,0.8,3,12478379,156,31.8565,32.8371,0.9806
tiny,chip_236_595_merged.tif,0.8,4,1779355396,156,31.9847,32.0939,0.1091
tiny,chip_236_600_merged.tif,0.2,0,1963146056,39,32.3454,34.8043,2.4589
tiny,chip_236_600_merged.tif,0.2,1,1483200538,39,33.9756,35.0596,1.084
tiny,chip_236_600_merged.tif,0.2,2,1102593907,39,34.7129,35.5527,0.8398
tiny,chip_236_600_merged.tif,0.2,3,721987276,39,32.5153,35.939,3.4238
tiny,chip_236_600_merged.tif,0.2,4,242041758,39,33.8782,34.7777,0.8995
tiny,chip_236_600_merged.tif,0.4,0,1802530723,78,33.0618,34.9342,1.8724
tiny,chip_236_600_merged.tif,0.4,1,1322585205,78,31.7127,34.8744,3.1617
tiny,chip_236_600_merged.tif,0.4,2,941978574,78,33.2574,35.4162,2.1588
tiny,chip_236_600_merged.tif,0.4,3,462033056,78,31.7122,34.8402,3.128
tiny,chip_236_600_merged.tif,0.4,4,81426425,78,34.2907,34.5425,0.2518
tiny,chip_236_600_merged.tif,0.6,0,1059232516,117,32.7676,34.6237,1.8561
tiny,chip_236_600_merged.tif,0.6,1,579286998,117,33.0043,33.5366,0.5323
tiny,chip_236_600_merged.tif,0.6,2,198680367,117,32.4681,33.6701,1.202
tiny,chip_236_600_merged.tif,0.6,3,1866218497,117,32.9953,34.2006,1.2052
tiny,chip_236_600_merged.tif,0.6,4,1485611866,117,32.5675,34.2004,1.6329
tiny,chip_236_600_merged.tif,0.8,0,576640320,156,32.8679,33.5796,0.7116
tiny,chip_236_600_merged.tif,0.8,1,96694802,156,32.3076,33.4465,1.1389
tiny,chip_236_600_merged.tif,0.8,2,1863571819,156,32.2972,33.2196,0.9225
tiny,chip_236_600_merged.tif,0.8,3,1482965188,156,32.3726,33.5002,1.1277
tiny,chip_236_600_merged.tif,0.8,4,1003019670,156,32.4891,32.5533,0.0642
tiny,chip_237_289_merged.tif,0.2,0,580135538,39,32.1839,38.4348,6.2509
tiny,chip_237_289_merged.tif,0.2,1,199528907,39,34.0523,38.1093,4.057
tiny,chip_237_289_merged.tif,0.2,2,1867067037,39,28.9696,37.5955,8.6259
tiny,chip_237_289_merged.tif,0.2,3,1486460406,39,33.0459,36.4215,3.3756
tiny,chip_237_289_merged.tif,0.2,4,1105853775,39,32.7635,36.0853,3.3218
tiny,chip_237_289_merged.tif,0.4,0,1761683003,78,31.2386,36.298,5.0594
tiny,chip_237_289_merged.tif,0.4,1,1281737485,78,32.1086,35.1389,3.0303
tiny,chip_237_289_merged.tif,0.4,2,901130854,78,31.2774,35.9898,4.7123
tiny,chip_237_289_merged.tif,0.4,3,520524223,78,31.2763,35.8749,4.5986
tiny,chip_237_289_merged.tif,0.4,4,40578705,78,31.2115,35.9167,4.7053
tiny,chip_237_289_merged.tif,0.6,0,1018384796,117,30.4777,34.2922,3.8145
tiny,chip_237_289_merged.tif,0.6,1,538439278,117,32.3723,35.6017,3.2294
tiny,chip_237_289_merged.tif,0.6,2,157832647,117,31.696,33.7175,2.0215
tiny,chip_237_289_merged.tif,0.6,3,1924709664,117,31.2472,35.4967,4.2496
tiny,chip_237_289_merged.tif,0.6,4,1444764146,117,32.1309,32.8134,0.6825
tiny,chip_237_289_merged.tif,0.8,0,535792600,156,31.3197,31.7971,0.4775
tiny,chip_237_289_merged.tif,0.8,1,155185969,156,31.5546,31.8606,0.306
tiny,chip_237_289_merged.tif,0.8,2,1822724099,156,31.8977,33.415,1.5173
tiny,chip_237_289_merged.tif,0.8,3,1442117468,156,31.8716,33.9775,2.1058
tiny,chip_237_289_merged.tif,0.8,4,962171950,156,31.6559,32.9139,1.2581
tiny,chip_237_335_merged.tif,0.2,0,1952907134,39,39.3069,38.1708,-1.1361
tiny,chip_237_335_merged.tif,0.2,1,1472961616,39,35.5187,37.9585,2.4398
tiny,chip_237_335_merged.tif,0.2,2,1092354985,39,38.8027,39.3445,0.5418
tiny,chip_237_335_merged.tif,0.2,3,711748354,39,38.802,39.2498,0.4478
tiny,chip_237_335_merged.tif,0.2,4,231802836,39,37.006,40.1733,3.1673
tiny,chip_237_335_merged.tif,0.4,0,1792291801,78,38.6681,37.719,-0.9491
tiny,chip_237_335_merged.tif,0.4,1,1312346283,78,37.2339,38.3105,1.0766
tiny,chip_237_335_merged.tif,0.4,2,931739652,78,38.2741,38.8069,0.5329
tiny,chip_237_335_merged.tif,0.4,3,451794134,78,36.6303,38.7003,2.07
tiny,chip_237_335_merged.tif,0.4,4,71187503,78,36.6304,38.4123,1.7818
tiny,chip_237_335_merged.tif,0.6,0,1048993594,117,35.9947,37.9176,1.9228
tiny,chip_237_335_merged.tif,0.6,1,569048076,117,36.3036,37.852,1.5484
tiny,chip_237_335_merged.tif,0.6,2,188441445,117,37.4635,38.2117,0.7481
tiny,chip_237_335_merged.tif,0.6,3,1855979575,117,36.4117,38.0645,1.6528
tiny,chip_237_335_merged.tif,0.6,4,1475372944,117,37.2166,38.8787,1.6621
tiny,chip_237_335_merged.tif,0.8,0,566401398,156,36.7962,36.775,-0.0212
tiny,chip_237_335_merged.tif,0.8,1,86455880,156,36.5801,37.4499,0.8698
tiny,chip_237_335_merged.tif,0.8,2,1853332897,156,36.2049,37.5333,1.3284
tiny,chip_237_335_merged.tif,0.8,3,1472726266,156,36.3157,36.95,0.6343
tiny,chip_237_335_merged.tif,0.8,4,992780748,156,36.787,37.3248,0.5378
tiny,chip_237_472_merged.tif,0.2,0,1749134831,39,33.6149,34.4916,0.8767
tiny,chip_237_472_merged.tif,0.2,1,1269189313,39,33.1323,34.8519,1.7196
tiny,chip_237_472_merged.tif,0.2,2,888582682,39,30.5872,35.0359,4.4487
tiny,chip_237_472_merged.tif,0.2,3,408637164,39,32.2601,34.3719,2.1118
tiny,chip_237_472_merged.tif,0.2,4,28030533,39,33.1319,34.901,1.7692
tiny,chip_237_472_merged.tif,0.4,0,1489180611,78,33.0627,31.7095,-1.3532
tiny,chip_237_472_merged.tif,0.4,1,1108573980,78,31.5174,33.8936,2.3761
tiny,chip_237_472_merged.tif,0.4,2,628628462,78,30.9067,33.8076,2.9009
tiny,chip_237_472_merged.tif,0.4,3,248021831,78,31.3438,32.804,1.4602
tiny,chip_237_472_merged.tif,0.4,4,2014898848,78,31.5168,33.7921,2.2753
tiny,chip_237_472_merged.tif,0.6,0,745882404,117,30.63,32.3067,1.6767
tiny,chip_237_472_merged.tif,0.6,1,365275773,117,31.1976,33.6792,2.4816
tiny,chip_237_472_merged.tif,0.6,2,2032813903,117,31.0448,33.5133,2.4685
tiny,chip_237_472_merged.tif,0.6,3,1652207272,117,31.2311,32.7418,1.5107
tiny,chip_237_472_merged.tif,0.6,4,1271600641,117,30.4965,33.5705,3.074
tiny,chip_237_472_merged.tif,0.8,0,362629095,156,30.8639,32.3976,1.5337
tiny,chip_237_472_merged.tif,0.8,1,2030167225,156,31.0335,31.3358,0.3023
tiny,chip_237_472_merged.tif,0.8,2,1649560594,156,31.1917,31.7454,0.5537
tiny,chip_237_472_merged.tif,0.8,3,1169615076,156,31.0425,32.1811,1.1386
tiny,chip_237_472_merged.tif,0.8,4,789008445,156,31.0384,32.7818,1.7434
tiny,chip_237_598_merged.tif,0.2,0,772570841,39,30.7891,34.6454,3.8563
tiny,chip_237_598_merged.tif,0.2,1,391964210,39,32.1678,34.4972,2.3294
tiny,chip_237_598_merged.tif,0.2,2,2059502340,39,33.7377,33.7986,0.0609
tiny,chip_237_598_merged.tif,0.2,3,1678895709,39,31.1822,34.7668,3.5846
tiny,chip_237_598_merged.tif,0.2,4,1198950191,39,30.8313,32.7868,1.9555
tiny,chip_237_598_merged.tif,0.4,0,611955508,78,32.4564,32.9072,0.4509
tiny,chip_237_598_merged.tif,0.4,1,132009990,78,30.6188,33.2833,2.6645
tiny,chip_237_598_merged.tif,0.4,2,1898887007,78,33.0301,33.7075,0.6774
tiny,chip_237_598_merged.tif,0.4,3,1518280376,78,33.2485,32.9118,-0.3368
tiny,chip_237_598_merged.tif,0.4,4,1038334858,78,32.5865,33.4134,0.8269
tiny,chip_237_598_merged.tif,0.6,0,2016140949,117,31.9656,32.8574,0.8918
tiny,chip_237_598_merged.tif,0.6,1,1536195431,117,32.5214,32.9803,0.4589
tiny,chip_237_598_merged.tif,0.6,2,1155588800,117,31.8221,33.06,1.2379
tiny,chip_237_598_merged.tif,0.6,3,774982169,117,31.7267,33.4845,1.7578
tiny,chip_237_598_merged.tif,0.6,4,295036651,117,32.4682,33.2627,0.7944
tiny,chip_237_598_merged.tif,0.8,0,1533548753,156,31.5587,32.1962,0.6375
tiny,chip_237_598_merged.tif,0.8,1,1152942122,156,31.5638,32.1353,0.5715
tiny,chip_237_598_merged.tif,0.8,2,672996604,156,31.2416,31.9541,0.7125
tiny,chip_237_598_merged.tif,0.8,3,292389973,156,31.3827,31.9708,0.5881
tiny,chip_237_598_merged.tif,0.8,4,1959928103,156,31.2825,31.7205,0.438
tiny,chip_238_458_merged.tif,0.2,0,1697066177,39,30.7583,32.5833,1.8251
tiny,chip_238_458_merged.tif,0.2,1,1217120659,39,29.7601,32.6276,2.8676
tiny,chip_238_458_merged.tif,0.2,2,836514028,39,31.6628,33.3583,1.6955
tiny,chip_238_458_merged.tif,0.2,3,356568510,39,31.1569,32.8117,1.6548
tiny,chip_238_458_merged.tif,0.2,4,2123445527,39,30.2799,33.1899,2.91
tiny,chip_238_458_merged.tif,0.4,0,1437111957,78,30.1944,32.906,2.7116
tiny,chip_238_458_merged.tif,0.4,1,1056505326,78,30.1923,31.2277,1.0354
tiny,chip_238_458_merged.tif,0.4,2,675898695,78,29.673,31.7271,2.054
tiny,chip_238_458_merged.tif,0.4,3,195953177,78,29.076,32.2565,3.1804
tiny,chip_238_458_merged.tif,0.4,4,1962830194,78,29.911,32.7172,2.8062
tiny,chip_238_458_merged.tif,0.6,0,693813750,117,29.6445,31.6739,2.0294
tiny,chip_238_458_merged.tif,0.6,1,313207119,117,29.5298,32.3039,2.7742
tiny,chip_238_458_merged.tif,0.6,2,2080084136,117,29.5586,31.4695,1.911
tiny,chip_238_458_merged.tif,0.6,3,1600138618,117,29.6147,31.1515,1.5368
tiny,chip_238_458_merged.tif,0.6,4,1219531987,117,28.9099,30.9933,2.0834
tiny,chip_238_458_merged.tif,0.8,0,310560441,156,28.3744,31.4896,3.1153
tiny,chip_238_458_merged.tif,0.8,1,1978098571,156,28.3572,31.4729,3.1157
tiny,chip_238_458_merged.tif,0.8,2,1597491940,156,29.1125,29.8319,0.7194
tiny,chip_238_458_merged.tif,0.8,3,1117546422,156,28.3643,30.4978,2.1334
tiny,chip_238_458_merged.tif,0.8,4,736939791,156,28.7964,30.2229,1.4265
tiny,chip_239_277_merged.tif,0.2,0,1515405718,39,34.5434,36.2019,1.6585
tiny,chip_239_277_merged.tif,0.2,1,1035460200,39,27.0074,37.2764,10.2691
tiny,chip_239_277_merged.tif,0.2,2,654853569,39,36.1463,37.5406,1.3942
tiny,chip_239_277_merged.tif,0.2,3,174908051,39,35.2322,39.7535,4.5213
tiny,chip_239_277_merged.tif,0.2,4,1941785068,39,34.9852,37.8832,2.898
tiny,chip_239_277_merged.tif,0.4,0,450130648,78,32.3753,36.4982,4.1229
tiny,chip_239_277_merged.tif,0.4,1,69524017,78,33.4838,36.9314,3.4477
tiny,chip_239_277_merged.tif,0.4,2,1737062147,78,34.2336,36.4526,2.2191
tiny,chip_239_277_merged.tif,0.4,3,1356455516,78,31.8887,36.8971,5.0084
tiny,chip_239_277_merged.tif,0.4,4,876509998,78,32.686,38.2343,5.5483
tiny,chip_239_277_merged.tif,0.6,0,512153291,117,31.826,35.2861,3.4601
tiny,chip_239_277_merged.tif,0.6,1,131546660,117,33.1673,35.8496,2.6823
tiny,chip_239_277_merged.tif,0.6,2,1898423677,117,33.51,36.7273,3.2172
tiny,chip_239_277_merged.tif,0.6,3,1418478159,117,33.0796,36.541,3.4614
tiny,chip_239_277_merged.tif,0.6,4,1037871528,117,32.5426,35.1324,2.5899
tiny,chip_239_277_merged.tif,0.8,0,128899982,156,30.8925,34.3162,3.4237
tiny,chip_239_277_merged.tif,0.8,1,1796438112,156,32.4304,31.9172,-0.5132
tiny,chip_239_277_merged.tif,0.8,2,1415831481,156,32.4266,34.1675,1.7409
tiny,chip_239_277_merged.tif,0.8,3,935885963,156,30.9331,34.3003,3.3671
tiny,chip_239_277_merged.tif,0.8,4,555279332,156,30.9156,33.7093,2.7937
tiny,chip_239_281_merged.tif,0.2,0,1182386601,39,32.9089,36.4916,3.5827
tiny,chip_239_281_merged.tif,0.2,1,801779970,39,37.2079,38.4887,1.2808
tiny,chip_239_281_merged.tif,0.2,2,321834452,39,34.3677,35.8325,1.4648
tiny,chip_239_281_merged.tif,0.2,3,2088711469,39,33.2014,39.0666,5.8652
tiny,chip_239_281_merged.tif,0.2,4,1708104838,39,37.2751,38.3653,1.0902
tiny,chip_239_281_merged.tif,0.4,0,216450418,78,31.7717,36.4692,4.6975
tiny,chip_239_281_merged.tif,0.4,1,1883988548,78,34.4555,36.7917,2.3362
tiny,chip_239_281_merged.tif,0.4,2,1503381917,78,32.9882,37.5892,4.601
tiny,chip_239_281_merged.tif,0.4,3,1023436399,78,30.5084,35.5678,5.0594
tiny,chip_239_281_merged.tif,0.4,4,642829768,78,32.8821,37.1292,4.2471
tiny,chip_239_281_merged.tif,0.6,0,278473061,117,30.8406,35.4893,4.6487
tiny,chip_239_281_merged.tif,0.6,1,2045350078,117,32.0239,33.958,1.9341
tiny,chip_239_281_merged.tif,0.6,2,1565404560,117,33.4985,35.1041,1.6057
tiny,chip_239_281_merged.tif,0.6,3,1184797929,117,32.9863,36.1318,3.1455
tiny,chip_239_281_merged.tif,0.6,4,704852411,117,33.5137,36.135,2.6214
tiny,chip_239_281_merged.tif,0.8,0,1943364513,156,33.1189,34.2814,1.1625
tiny,chip_239_281_merged.tif,0.8,1,1562757882,156,32.0661,34.145,2.0788
tiny,chip_239_281_merged.tif,0.8,2,1082812364,156,30.3512,34.2324,3.8812
tiny,chip_239_281_merged.tif,0.8,3,702205733,156,32.05,32.5226,0.4726
tiny,chip_239_281_merged.tif,0.8,4,222260215,156,31.334,33.4983,2.1643
tiny,chip_239_283_merged.tif,0.2,0,458780436,39,30.4513,36.1805,5.7292
tiny,chip_239_283_merged.tif,0.2,1,78173805,39,32.7549,35.648,2.8931
tiny,chip_239_283_merged.tif,0.2,2,1745711935,39,31.4516,35.4246,3.973
tiny,chip_239_283_merged.tif,0.2,3,1365105304,39,33.4071,35.0718,1.6647
tiny,chip_239_283_merged.tif,0.2,4,885159786,39,32.6441,35.3184,2.6743
tiny,chip_239_283_merged.tif,0.4,0,298165103,78,31.725,35.2373,3.5123
tiny,chip_239_283_merged.tif,0.4,1,2065042120,78,31.9956,35.2787,3.283
tiny,chip_239_283_merged.tif,0.4,2,1585096602,78,29.5826,34.9345,5.352
tiny,chip_239_283_merged.tif,0.4,3,1204489971,78,31.7241,35.2373,3.5132
tiny,chip_239_283_merged.tif,0.4,4,724544453,78,29.58,34.6118,5.0318
tiny,chip_239_283_merged.tif,0.6,0,1702350544,117,30.2266,33.9493,3.7227
tiny,chip_239_283_merged.tif,0.6,1,1321743913,117,31.393,34.1073,2.7143
tiny,chip_239_283_merged.tif,0.6,2,841798395,117,29.4099,34.3619,4.952
tiny,chip_239_283_merged.tif,0.6,3,461191764,117,29.7191,34.1727,4.4536
tiny,chip_239_283_merged.tif,0.6,4,2128729894,117,31.3186,33.8866,2.568
tiny,chip_239_283_merged.tif,0.8,0,1219758348,156,30.1488,31.4832,1.3344
tiny,chip_239_283_merged.tif,0.8,1,839151717,156,29.811,32.1667,2.3557
tiny,chip_239_283_merged.tif,0.8,2,359206199,156,29.7806,32.476,2.6954
tiny,chip_239_283_merged.tif,0.8,3,2126083216,156,29.3724,31.6645,2.292
tiny,chip_239_283_merged.tif,0.8,4,1646137698,156,29.3693,31.5819,2.2126
tiny,chip_239_336_merged.tif,0.2,0,1706258226,39,38.9489,38.9487,-0.0001
tiny,chip_239_336_merged.tif,0.2,1,1226312708,39,36.7673,38.2533,1.4859
tiny,chip_239_336_merged.tif,0.2,2,845706077,39,37.0696,38.1796,1.11
tiny,chip_239_336_merged.tif,0.2,3,365760559,39,37.2115,38.9663,1.7548
tiny,chip_239_336_merged.tif,0.2,4,2132637576,39,37.2134,36.2332,-0.9802
tiny,chip_239_336_merged.tif,0.4,0,1446304006,78,37.5986,37.8928,0.2942
tiny,chip_239_336_merged.tif,0.4,1,1065697375,78,37.5989,37.3522,-0.2466
tiny,chip_239_336_merged.tif,0.4,2,685090744,78,36.8264,38.4545,1.6281
tiny,chip_239_336_merged.tif,0.4,3,205145226,78,37.9703,37.8604,-0.1099
tiny,chip_239_336_merged.tif,0.4,4,1972022243,78,38.4304,37.3525,-1.0779
tiny,chip_239_336_merged.tif,0.6,0,802344686,117,37.2548,37.5621,0.3074
tiny,chip_239_336_merged.tif,0.6,1,322399168,117,37.1989,37.4504,0.2515
tiny,chip_239_336_merged.tif,0.6,2,2089276185,117,37.6176,37.6992,0.0816
tiny,chip_239_336_merged.tif,0.6,3,1609330667,117,36.8649,37.1382,0.2733
tiny,chip_239_336_merged.tif,0.6,4,1228724036,117,37.2186,37.2374,0.0188
tiny,chip_239_336_merged.tif,0.8,0,319752490,156,37.0333,37.034,0.0008
tiny,chip_239_336_merged.tif,0.8,1,1987290620,156,36.849,37.2634,0.4144
tiny,chip_239_336_merged.tif,0.8,2,1606683989,156,37.0315,37.375,0.3436
tiny,chip_239_336_merged.tif,0.8,3,1126738471,156,36.8423,37.3061,0.4638
tiny,chip_239_336_merged.tif,0.8,4,746131840,156,36.9545,36.9105,-0.044
tiny,chip_240_276_merged.tif,0.2,0,913401520,39,34.7577,36.1448,1.3871
tiny,chip_240_276_merged.tif,0.2,1,532794889,39,31.3391,38.2372,6.8981
tiny,chip_240_276_merged.tif,0.2,2,52849371,39,35.9693,37.4678,1.4985
tiny,chip_240_276_merged.tif,0.2,3,1819726388,39,32.3913,37.7096,5.3182
tiny,chip_240_276_merged.tif,0.2,4,1339780870,39,35.3802,37.6219,2.2417
tiny,chip_240_276_merged.tif,0.4,0,752786187,78,32.4181,37.3275,4.9093
tiny,chip_240_276_merged.tif,0.4,1,272840669,78,33.0376,36.6373,3.5997
tiny,chip_240_276_merged.tif,0.4,2,2039717686,78,32.3423,36.1107,3.7684
tiny,chip_240_276_merged.tif,0.4,3,1659111055,78,32.4776,35.4309,2.9533
tiny,chip_240_276_merged.tif,0.4,4,1179165537,78,33.0063,36.6991,3.6928
tiny,chip_240_276_merged.tif,0.6,0,9487980,117,31.779,32.4941,0.7151
tiny,chip_240_276_merged.tif,0.6,1,1677026110,117,32.5586,36.0915,3.5328
tiny,chip_240_276_merged.tif,0.6,2,1296419479,117,32.1042,36.5717,4.4675
tiny,chip_240_276_merged.tif,0.6,3,915812848,117,31.9915,34.5934,2.6019
tiny,chip_240_276_merged.tif,0.6,4,435867330,117,32.223,34.87,2.647
tiny,chip_240_276_merged.tif,0.8,0,1674379432,156,31.6127,34.2471,2.6345
tiny,chip_240_276_merged.tif,0.8,1,1293772801,156,32.017,32.7027,0.6857
tiny,chip_240_276_merged.tif,0.8,2,813827283,156,31.6984,34.3513,2.6529
tiny,chip_240_276_merged.tif,0.8,3,433220652,156,32.4378,34.0765,1.6387
tiny,chip_240_276_merged.tif,0.8,4,2100758782,156,31.7257,33.7064,1.9807
tiny,chip_240_588_merged.tif,0.2,0,676960628,39,30.3159,32.8843,2.5684
tiny,chip_240_588_merged.tif,0.2,1,197015110,39,30.6818,33.4172,2.7354
tiny,chip_240_588_merged.tif,0.2,2,1963892127,39,30.646,33.0316,2.3857
tiny,chip_240_588_merged.tif,0.2,3,1483946609,39,30.9383,32.4834,1.5451
tiny,chip_240_588_merged.tif,0.2,4,1103339978,39,30.645,31.851,1.2059
tiny,chip_240_588_merged.tif,0.4,0,417006408,78,31.0097,32.8503,1.8406
tiny,chip_240_588_merged.tif,0.4,1,36399777,78,31.1705,32.578,1.4075
tiny,chip_240_588_merged.tif,0.4,2,1803276794,78,31.2453,32.9125,1.6672
tiny,chip_240_588_merged.tif,0.4,3,1323331276,78,31.0034,32.4414,1.4379
tiny,chip_240_588_merged.tif,0.4,4,942724645,78,31.2433,31.8332,0.5899
tiny,chip_240_588_merged.tif,0.6,0,1821191849,117,31.1828,31.9283,0.7455
tiny,chip_240_588_merged.tif,0.6,1,1440585218,117,30.4501,32.2077,1.7577
tiny,chip_240_588_merged.tif,0.6,2,1059978587,117,30.8834,32.0839,1.2005
tiny,chip_240_588_merged.tif,0.6,3,580033069,117,31.0152,32.4431,1.4279
tiny,chip_240_588_merged.tif,0.6,4,199426438,117,31.0379,32.2191,1.1812
tiny,chip_240_588_merged.tif,0.8,0,1437938540,156,30.708,30.927,0.219
tiny,chip_240_588_merged.tif,0.8,1,957993022,156,30.4795,31.3678,0.8883
tiny,chip_240_588_merged.tif,0.8,2,577386391,156,30.4825,31.772,1.2894
tiny,chip_240_588_merged.tif,0.8,3,97440873,156,30.4025,31.0823,0.6798
tiny,chip_240_588_merged.tif,0.8,4,1864317890,156,30.7222,31.2473,0.5251
tiny,chip_241_475_merged.tif,0.2,0,1294655915,39,32.324,33.4507,1.1267
tiny,chip_241_475_merged.tif,0.2,1,814710397,39,30.739,33.6062,2.8672
tiny,chip_241_475_merged.tif,0.2,2,434103766,39,32.3232,33.0719,0.7487
tiny,chip_241_475_merged.tif,0.2,3,53497135,39,30.9544,33.4487,2.4943
tiny,chip_241_475_merged.tif,0.2,4,1721035265,39,32.3238,32.8605,0.5367
tiny,chip_241_475_merged.tif,0.4,0,1134040582,78,30.9738,32.7231,1.7494
tiny,chip_241_475_merged.tif,0.4,1,654095064,78,31.581,32.8681,1.287
tiny,chip_241_475_merged.tif,0.4,2,273488433,78,31.8137,32.9834,1.1697
tiny,chip_241_475_merged.tif,0.4,3,1941026563,78,30.5752,33.0645,2.4893
tiny,chip_241_475_merged.tif,0.4,4,1560419932,78,30.5741,32.9821,2.408
tiny,chip_241_475_merged.tif,0.6,0,390742375,117,31.1113,32.4956,1.3843
tiny,chip_241_475_merged.tif,0.6,1,2058280505,117,31.417,32.0291,0.6121
tiny,chip_241_475_merged.tif,0.6,2,1677673874,117,31.4251,32.1369,0.7118
tiny,chip_241_475_merged.tif,0.6,3,1197728356,117,31.2625,32.4112,1.1487
tiny,chip_241_475_merged.tif,0.6,4,817121725,117,31.2624,32.158,0.8956
tiny,chip_241_475_merged.tif,0.8,0,2055633827,156,31.18,31.298,0.1181
tiny,chip_241_475_merged.tif,0.8,1,1575688309,156,30.3328,31.0212,0.6884
tiny,chip_241_475_merged.tif,0.8,2,1195081678,156,30.2578,31.5926,1.3349
tiny,chip_241_475_merged.tif,0.8,3,814475047,156,31.3409,31.4482,0.1073
tiny,chip_241_475_merged.tif,0.8,4,334529529,156,30.1139,31.5646,1.4507
tiny,chip_242_336_merged.tif,0.2,0,47179690,39,32.0034,36.1542,4.1509
tiny,chip_242_336_merged.tif,0.2,1,1714717820,39,32.71,35.818,3.1079
tiny,chip_242_336_merged.tif,0.2,2,1334111189,39,32.818,36.3596,3.5416
tiny,chip_242_336_merged.tif,0.2,3,854165671,39,33.3637,35.1703,1.8066
tiny,chip_242_336_merged.tif,0.2,4,473559040,39,29.7883,36.0245,6.2361
tiny,chip_242_336_merged.tif,0.4,0,1129388268,78,31.174,35.1014,3.9274
tiny,chip_242_336_merged.tif,0.4,1,748781637,78,31.9607,34.9669,3.0062
tiny,chip_242_336_merged.tif,0.4,2,268836119,78,31.2131,35.0757,3.8627
tiny,chip_242_336_merged.tif,0.4,3,2035713136,78,29.9278,34.9527,5.0249
tiny,chip_242_336_merged.tif,0.4,4,1555767618,78,30.0806,34.6697,4.5891
tiny,chip_242_336_merged.tif,0.6,0,1191410911,117,30.4012,34.1599,3.7587
tiny,chip_242_336_merged.tif,0.6,1,810804280,117,29.7676,33.8694,4.1019
tiny,chip_242_336_merged.tif,0.6,2,430197649,117,30.6785,34.4315,3.753
tiny,chip_242_336_merged.tif,0.6,3,2097735779,117,31.2081,34.0937,2.8856
tiny,chip_242_336_merged.tif,0.6,4,1717129148,117,29.9294,33.6064,3.677
tiny,chip_242_336_merged.tif,0.8,0,808157602,156,29.9101,32.425,2.5149
tiny,chip_242_336_merged.tif,0.8,1,328212084,156,29.8478,31.7678,1.92
tiny,chip_242_336_merged.tif,0.8,2,2095089101,156,29.8593,31.7288,1.8695
tiny,chip_242_336_merged.tif,0.8,3,1615143583,156,29.8345,32.6547,2.8202
tiny,chip_242_336_merged.tif,0.8,4,1234536952,156,30.5545,32.6995,2.145
tiny,chip_243_452_merged.tif,0.2,0,1095261144,39,29.4342,32.1692,2.735
tiny,chip_243_452_merged.tif,0.2,1,615315626,39,29.87,32.1814,2.3114
tiny,chip_243_452_merged.tif,0.2,2,234708995,39,29.5296,30.5807,1.0511
tiny,chip_243_452_merged.tif,0.2,3,1902247125,39,30.8791,31.3483,0.4693
tiny,chip_243_452_merged.tif,0.2,4,1521640494,39,30.4456,31.0146,0.5691
tiny,chip_243_452_merged.tif,0.4,0,29986074,78,28.7912,30.9529,2.1616
tiny,chip_243_452_merged.tif,0.4,1,1796863091,78,29.8365,31.151,1.3145
tiny,chip_243_452_merged.tif,0.4,2,1316917573,78,28.6606,31.077,2.4164
tiny,chip_243_452_merged.tif,0.4,3,936310942,78,29.184,31.2092,2.0252
tiny,chip_243_452_merged.tif,0.4,4,456365424,78,28.7914,31.7902,2.9988
tiny,chip_243_452_merged.tif,0.6,0,92008717,117,28.2902,30.3207,2.0304
tiny,chip_243_452_merged.tif,0.6,1,1858885734,117,29.0061,30.7827,1.7766
tiny,chip_243_452_merged.tif,0.6,2,1478279103,117,28.6103,30.5551,1.9447
tiny,chip_243_452_merged.tif,0.6,3,998333585,117,28.3672,29.8908,1.5236
tiny,chip_243_452_merged.tif,0.6,4,617726954,117,28.9903,30.713,1.7227
tiny,chip_243_452_merged.tif,0.8,0,1856239056,156,28.9548,29.9751,1.0204
tiny,chip_243_452_merged.tif,0.8,1,1376293538,156,28.8561,29.8245,0.9684
tiny,chip_243_452_merged.tif,0.8,2,995686907,156,28.9545,29.224,0.2696
tiny,chip_243_452_merged.tif,0.8,3,515741389,156,27.9717,29.9235,1.9518
tiny,chip_243_452_merged.tif,0.8,4,135134758,156,27.6916,30.1691,2.4775
tiny,chip_243_589_merged.tif,0.2,0,1989286054,39,31.2451,32.8428,1.5978
tiny,chip_243_589_merged.tif,0.2,1,1608679423,39,31.7071,33.3068,1.5997
tiny,chip_243_589_merged.tif,0.2,2,1128733905,39,31.1397,32.5531,1.4134
tiny,chip_243_589_merged.tif,0.2,3,748127274,39,30.6132,33.9907,3.3775
tiny,chip_243_589_merged.tif,0.2,4,268181756,39,31.318,33.5502,2.2322
tiny,chip_243_589_merged.tif,0.4,0,1828670721,78,30.9451,32.9262,1.9811
tiny,chip_243_589_merged.tif,0.4,1,1348725203,78,30.1153,32.4691,2.3538
tiny,chip_243_589_merged.tif,0.4,2,968118572,78,30.1627,32.8823,2.7195
tiny,chip_243_589_merged.tif,0.4,3,488173054,78,30.9756,32.5021,1.5265
tiny,chip_243_589_merged.tif,0.4,4,107566423,78,31.1743,31.9656,0.7913
tiny,chip_243_589_merged.tif,0.6,0,1085372514,117,30.0305,32.0769,2.0463
tiny,chip_243_589_merged.tif,0.6,1,605426996,117,30.1479,32.0003,1.8524
tiny,chip_243_589_merged.tif,0.6,2,224820365,117,30.9077,32.4781,1.5704
tiny,chip_243_589_merged.tif,0.6,3,1991697382,117,30.016,32.0083,1.9923
tiny,chip_243_589_merged.tif,0.6,4,1511751864,117,30.8983,31.7942,0.8959
tiny,chip_243_589_merged.tif,0.8,0,602780318,156,30.4468,31.2129,0.7661
tiny,chip_243_589_merged.tif,0.8,1,222173687,156,29.9424,30.8574,0.915
tiny,chip_243_589_merged.tif,0.8,2,1889711817,156,29.744,31.4723,1.7283
tiny,chip_243_589_merged.tif,0.8,3,1509105186,156,29.9076,31.3937,1.4861
tiny,chip_243_589_merged.tif,0.8,4,1029159668,156,29.8036,31.2683,1.4647
tiny,chip_244_335_merged.tif,0.2,0,826318062,39,31.9573,35.6138,3.6566
tiny,chip_244_335_merged.tif,0.2,1,346372544,39,32.1618,34.5955,2.4337
tiny,chip_244_335_merged.tif,0.2,2,2113249561,39,32.887,35.8685,2.9815
tiny,chip_244_335_merged.tif,0.2,3,1633304043,39,32.8839,35.2131,2.3292
tiny,chip_244_335_merged.tif,0.2,4,1252697412,39,32.8421,34.1005,1.2584
tiny,chip_244_335_merged.tif,0.4,0,566363842,78,32.1754,34.9765,2.8011
tiny,chip_244_335_merged.tif,0.4,1,185757211,78,31.4677,35.2055,3.7378
tiny,chip_244_335_merged.tif,0.4,2,1952634228,78,32.3084,34.6059,2.2975
tiny,chip_244_335_merged.tif,0.4,3,1472688710,78,31.8312,34.4978,2.6666
tiny,chip_244_335_merged.tif,0.4,4,1092082079,78,31.8315,35.0116,3.18
tiny,chip_244_335_merged.tif,0.6,0,2069888170,117,31.342,34.1786,2.8366
tiny,chip_244_335_merged.tif,0.6,1,1589942652,117,31.4135,33.505,2.0915
tiny,chip_244_335_merged.tif,0.6,2,1209336021,117,31.3202,34.3521,3.0319
tiny,chip_244_335_merged.tif,0.6,3,729390503,117,30.9982,33.8858,2.8876
tiny,chip_244_335_merged.tif,0.6,4,348783872,117,31.4627,33.8322,2.3695
tiny,chip_244_335_merged.tif,0.8,0,1587295974,156,31.2359,32.7222,1.4863
tiny,chip_244_335_merged.tif,0.8,1,1107350456,156,31.0418,32.9756,1.9338
tiny,chip_244_335_merged.tif,0.8,2,726743825,156,30.9948,31.7231,0.7283
tiny,chip_244_335_merged.tif,0.8,3,246798307,156,30.8523,33.2507,2.3984
tiny,chip_244_335_merged.tif,0.8,4,2013675324,156,31.0899,32.4551,1.3652
tiny,chip_244_446_merged.tif,0.2,0,1903644040,39,30.2746,32.1983,1.9238
tiny,chip_244_446_merged.tif,0.2,1,1423698522,39,30.7258,31.9085,1.1827
tiny,chip_244_446_merged.tif,0.2,2,1043091891,39,30.5836,31.894,1.3104
tiny,chip_244_446_merged.tif,0.2,3,662485260,39,29.9064,31.953,2.0466
tiny,chip_244_446_merged.tif,0.2,4,182539742,39,30.9464,32.114,1.1676
tiny,chip_244_446_merged.tif,0.4,0,838368970,78,29.9677,31.7039,1.7362
tiny,chip_244_446_merged.tif,0.4,1,457762339,78,29.9229,31.474,1.5511
tiny,chip_244_446_merged.tif,0.4,2,2125300469,78,29.8939,31.4858,1.5919
tiny,chip_244_446_merged.tif,0.4,3,1744693838,78,28.4806,32.1756,3.6949
tiny,chip_244_446_merged.tif,0.4,4,1364087207,78,29.7151,31.443,1.7279
tiny,chip_244_446_merged.tif,0.6,0,999730500,117,29.5637,31.26,1.6963
tiny,chip_244_446_merged.tif,0.6,1,519784982,117,29.7758,31.004,1.2283
tiny,chip_244_446_merged.tif,0.6,2,139178351,117,29.6003,31.4631,1.8628
tiny,chip_244_446_merged.tif,0.6,3,1806716481,117,29.741,31.2221,1.481
tiny,chip_244_446_merged.tif,0.6,4,1426109850,117,29.6272,30.779,1.1519
tiny,chip_244_446_merged.tif,0.8,0,517138304,156,29.6248,30.5095,0.8847
tiny,chip_244_446_merged.tif,0.8,1,37192786,156,29.6205,30.6682,1.0477
tiny,chip_244_446_merged.tif,0.8,2,1804069803,156,28.5803,30.761,2.1807
tiny,chip_244_446_merged.tif,0.8,3,1423463172,156,28.602,30.3525,1.7505
tiny,chip_244_446_merged.tif,0.8,4,943517654,156,28.7481,30.2765,1.5284
tiny,chip_244_594_merged.tif,0.2,0,851840217,39,31.557,33.7833,2.2263
tiny,chip_244_594_merged.tif,0.2,1,471233586,39,32.2153,34.5917,2.3764
tiny,chip_244_594_merged.tif,0.2,2,2138771716,39,32.1964,33.3571,1.1607
tiny,chip_244_594_merged.tif,0.2,3,1758165085,39,31.4818,33.6077,2.1259
tiny,chip_244_594_merged.tif,0.2,4,1278219567,39,32.1003,33.301,1.2007
tiny,chip_244_594_merged.tif,0.4,0,1934048795,78,31.8315,33.049,1.2175
tiny,chip_244_594_merged.tif,0.4,1,1553442164,78,31.9376,33.1583,1.2207
tiny,chip_244_594_merged.tif,0.4,2,1172835533,78,31.4252,33.0824,1.6572
tiny,chip_244_594_merged.tif,0.4,3,692890015,78,31.258,32.7956,1.5376
tiny,chip_244_594_merged.tif,0.4,4,312283384,78,31.676,33.268,1.592
tiny,chip_244_594_merged.tif,0.6,0,2095410325,117,31.3358,32.5138,1.178
tiny,chip_244_594_merged.tif,0.6,1,1615464807,117,31.3377,32.5671,1.2294
tiny,chip_244_594_merged.tif,0.6,2,1234858176,117,31.4432,32.2202,0.777
tiny,chip_244_594_merged.tif,0.6,3,854251545,117,31.7822,32.5463,0.7641
tiny,chip_244_594_merged.tif,0.6,4,374306027,117,31.5435,32.7467,1.2031
tiny,chip_244_594_merged.tif,0.8,0,1612818129,156,31.1946,32.0799,0.8853
tiny,chip_244_594_merged.tif,0.8,1,1232211498,156,31.2126,32.0507,0.8381
tiny,chip_244_594_merged.tif,0.8,2,752265980,156,31.4077,32.3875,0.9798
tiny,chip_244_594_merged.tif,0.8,3,371659349,156,31.3531,31.9497,0.5965
tiny,chip_244_594_merged.tif,0.8,4,2039197479,156,31.2039,31.6219,0.418
tiny,chip_245_593_merged.tif,0.2,0,933292202,39,30.65,31.7932,1.1432
tiny,chip_245_593_merged.tif,0.2,1,552685571,39,27.7946,31.9082,4.1137
tiny,chip_245_593_merged.tif,0.2,2,72740053,39,29.8484,31.4782,1.6298
tiny,chip_245_593_merged.tif,0.2,3,1839617070,39,29.2771,32.149,2.8718
tiny,chip_245_593_merged.tif,0.2,4,1359671552,39,30.1829,32.5204,2.3375
tiny,chip_245_593_merged.tif,0.4,0,772676869,78,29.8953,32.2894,2.3941
tiny,chip_245_593_merged.tif,0.4,1,292731351,78,30.4656,32.6385,2.1729
tiny,chip_245_593_merged.tif,0.4,2,2059608368,78,29.8564,32.2734,2.4169
tiny,chip_245_593_merged.tif,0.4,3,1579662850,78,29.5509,32.0655,2.5145
tiny,chip_245_593_merged.tif,0.4,4,1199056219,78,29.8558,31.6474,1.7916
tiny,chip_245_593_merged.tif,0.6,0,29378662,117,28.7355,31.0851,2.3496
tiny,chip_245_593_merged.tif,0.6,1,1696916792,117,28.7306,30.9197,2.1891
tiny,chip_245_593_merged.tif,0.6,2,1316310161,117,28.9262,31.7789,2.8527
tiny,chip_245_593_merged.tif,0.6,3,935703530,117,28.4956,31.2402,2.7447
tiny,chip_245_593_merged.tif,0.6,4,455758012,117,29.432,31.5736,2.1416
tiny,chip_245_593_merged.tif,0.8,0,1694270114,156,28.8496,30.3378,1.4882
tiny,chip_245_593_merged.tif,0.8,1,1313663483,156,29.0482,30.4608,1.4125
tiny,chip_245_593_merged.tif,0.8,2,833717965,156,29.3504,30.7357,1.3854
tiny,chip_245_593_merged.tif,0.8,3,453111334,156,29.3943,30.1199,0.7256
tiny,chip_245_593_merged.tif,0.8,4,2120649464,156,29.1106,30.5115,1.401
tiny,chip_246_444_merged.tif,0.2,0,1277929945,39,29.2452,32.1094,2.8643
tiny,chip_246_444_merged.tif,0.2,1,897323314,39,29.2448,31.8577,2.6129
tiny,chip_246_444_merged.tif,0.2,2,516716683,39,29.1593,31.8408,2.6816
tiny,chip_246_444_merged.tif,0.2,3,36771165,39,29.505,32.4848,2.9798
tiny,chip_246_444_merged.tif,0.2,4,1803648182,39,28.8669,31.5911,2.7242
tiny,chip_246_444_merged.tif,0.4,0,311993762,78,30.3215,31.4068,1.0853
tiny,chip_246_444_merged.tif,0.4,1,1979531892,78,29.2483,31.5647,2.3164
tiny,chip_246_444_merged.tif,0.4,2,1598925261,78,29.2265,31.2023,1.9758
tiny,chip_246_444_merged.tif,0.4,3,1218318630,78,28.2063,31.3619,3.1556
tiny,chip_246_444_merged.tif,0.4,4,738373112,78,29.3812,31.2346,1.8533
tiny,chip_246_444_merged.tif,0.6,0,374016405,117,29.4865,30.9411,1.4546
tiny,chip_246_444_merged.tif,0.6,1,2140893422,117,29.4895,30.3482,0.8588
tiny,chip_246_444_merged.tif,0.6,2,1660947904,117,28.4643,30.8257,2.3614
tiny,chip_246_444_merged.tif,0.6,3,1280341273,117,29.1367,31.2104,2.0736
tiny,chip_246_444_merged.tif,0.6,4,800395755,117,28.8387,31.1945,2.3557
tiny,chip_246_444_merged.tif,0.8,0,2038907857,156,29.1814,29.9138,0.7324
tiny,chip_246_444_merged.tif,0.8,1,1658301226,156,29.0047,29.8442,0.8395
tiny,chip_246_444_merged.tif,0.8,2,1277694595,156,29.1832,30.3906,1.2073
tiny,chip_246_444_merged.tif,0.8,3,797749077,156,29.0865,30.121,1.0345
tiny,chip_246_444_merged.tif,0.8,4,417142446,156,27.9182,30.0287,2.1105
tiny,chip_246_583_merged.tif,0.2,0,168078600,39,33.1251,33.1575,0.0324
tiny,chip_246_583_merged.tif,0.2,1,1835616730,39,32.9422,33.7265,0.7844
tiny,chip_246_583_merged.tif,0.2,2,1455010099,39,33.1238,34.0255,0.9017
tiny,chip_246_583_merged.tif,0.2,3,975064581,39,31.3446,33.2286,1.884
tiny,chip_246_583_merged.tif,0.2,4,594457950,39,33.623,33.2971,-0.3259
tiny,chip_246_583_merged.tif,0.4,0,2055608028,78,32.7988,33.1662,0.3674
tiny,chip_246_583_merged.tif,0.4,1,1675001397,78,32.8047,33.6179,0.8132
tiny,chip_246_583_merged.tif,0.4,2,1294394766,78,32.7153,33.2498,0.5345
tiny,chip_246_583_merged.tif,0.4,3,814449248,78,32.7746,33.6582,0.8836
tiny,chip_246_583_merged.tif,0.4,4,433842617,78,32.9524,33.5906,0.6382
tiny,chip_246_583_merged.tif,0.6,0,1312309821,117,32.1306,33.1014,0.9708
tiny,chip_246_583_merged.tif,0.6,1,931703190,117,32.1396,33.0573,0.9177
tiny,chip_246_583_merged.tif,0.6,2,551096559,117,32.1233,32.8526,0.7292
tiny,chip_246_583_merged.tif,0.6,3,71151041,117,32.1329,32.687,0.554
tiny,chip_246_583_merged.tif,0.6,4,1838028058,117,32.1314,33.3582,1.2268
tiny,chip_246_583_merged.tif,0.8,0,929056512,156,32.6229,32.9797,0.3568
tiny,chip_246_583_merged.tif,0.8,1,449110994,156,32.6251,32.6468,0.0217
tiny,chip_246_583_merged.tif,0.8,2,68504363,156,32.2304,32.5128,0.2824
tiny,chip_246_583_merged.tif,0.8,3,1736042493,156,32.1418,32.6791,0.5374
tiny,chip_246_583_merged.tif,0.8,4,1355435862,156,32.6249,32.7726,0.1477
tiny,chip_246_592_merged.tif,0.2,0,327049328,39,32.7739,33.4051,0.6312
tiny,chip_246_592_merged.tif,0.2,1,2093926345,39,31.7212,33.2126,1.4914
tiny,chip_246_592_merged.tif,0.2,2,1713319714,39,31.06,34.7949,3.7349
tiny,chip_246_592_merged.tif,0.2,3,1233374196,39,32.7722,34.67,1.8978
tiny,chip_246_592_merged.tif,0.2,4,852767565,39,33.2707,34.7591,1.4884
tiny,chip_246_592_merged.tif,0.4,0,1508596793,78,32.6922,33.0517,0.3595
tiny,chip_246_592_merged.tif,0.4,1,1127990162,78,31.7604,32.9461,1.1857
tiny,chip_246_592_merged.tif,0.4,2,648044644,78,31.7597,34.2637,2.504
tiny,chip_246_592_merged.tif,0.4,3,267438013,78,31.5783,34.2155,2.6372
tiny,chip_246_592_merged.tif,0.4,4,1934976143,78,32.4975,32.8924,0.3949
tiny,chip_246_592_merged.tif,0.6,0,1570619436,117,31.0109,32.7136,1.7027
tiny,chip_246_592_merged.tif,0.6,1,1190012805,117,31.6033,33.3201,1.7168
tiny,chip_246_592_merged.tif,0.6,2,710067287,117,32.0373,33.6647,1.6275
tiny,chip_246_592_merged.tif,0.6,3,329460656,117,32.1709,32.385,0.2141
tiny,chip_246_592_merged.tif,0.6,4,2096337673,117,30.9298,32.0032,1.0734
tiny,chip_246_592_merged.tif,0.8,0,1088027240,156,31.682,32.3003,0.6183
tiny,chip_246_592_merged.tif,0.8,1,707420609,156,32.0918,32.4261,0.3344
tiny,chip_246_592_merged.tif,0.8,2,326813978,156,31.6664,31.6294,-0.037
tiny,chip_246_592_merged.tif,0.8,3,1994352108,156,30.6693,31.817,1.1477
tiny,chip_246_592_merged.tif,0.8,4,1613745477,156,31.6938,31.5118,-0.182
tiny,chip_248_445_merged.tif,0.2,0,1962386624,39,30.8129,31.6795,0.8666
tiny,chip_248_445_merged.tif,0.2,1,1581779993,39,30.582,31.2877,0.7057
tiny,chip_248_445_merged.tif,0.2,2,1101834475,39,30.2582,31.8563,1.5981
tiny,chip_248_445_merged.tif,0.2,3,721227844,39,30.0387,32.179,2.1402
tiny,chip_248_445_merged.tif,0.2,4,340621213,39,29.6549,32.3388,2.6839
tiny,chip_248_445_merged.tif,0.4,0,1801771291,78,30.4056,31.7121,1.3065
tiny,chip_248_445_merged.tif,0.4,1,1421164660,78,29.4192,31.176,1.7568
tiny,chip_248_445_merged.tif,0.4,2,941219142,78,29.4187,31.3322,1.9135
tiny,chip_248_445_merged.tif,0.4,3,560612511,78,30.5529,31.7578,1.205
tiny,chip_248_445_merged.tif,0.4,4,80666993,78,30.0453,30.5932,0.5479
tiny,chip_248_445_merged.tif,0.6,0,1058473084,117,30.1963,30.9819,0.7856
tiny,chip_248_445_merged.tif,0.6,1,677866453,117,29.8363,31.4577,1.6214
tiny,chip_248_445_merged.tif,0.6,2,197920935,117,29.8992,30.6547,0.7556
tiny,chip_248_445_merged.tif,0.6,3,1964797952,117,30.2329,30.974,0.7411
tiny,chip_248_445_merged.tif,0.6,4,1484852434,117,29.9658,31.3874,1.4217
tiny,chip_248_445_merged.tif,0.8,0,575880888,156,30.002,30.8272,0.8253
tiny,chip_248_445_merged.tif,0.8,1,195274257,156,29.9857,30.3023,0.3167
tiny,chip_248_445_merged.tif,0.8,2,1862812387,156,29.084,30.8262,1.7421
tiny,chip_248_445_merged.tif,0.8,3,1482205756,156,30.0964,30.4568,0.3605
tiny,chip_248_445_merged.tif,0.8,4,1101599125,156,29.0049,30.5862,1.5813
tiny,chip_248_585_merged.tif,0.2,0,532126311,39,29.9671,32.4729,2.5058
tiny,chip_248_585_merged.tif,0.2,1,52180793,39,30.8988,33.0157,2.1169
tiny,chip_248_585_merged.tif,0.2,2,1819057810,39,30.0414,33.3154,3.274
tiny,chip_248_585_merged.tif,0.2,3,1339112292,39,29.9697,32.3667,2.397
tiny,chip_248_585_merged.tif,0.2,4,958505661,39,30.2185,33.4475,3.229
tiny,chip_248_585_merged.tif,0.4,0,272172091,78,29.9861,32.5818,2.5957
tiny,chip_248_585_merged.tif,0.4,1,2039049108,78,29.7286,31.6291,1.9005
tiny,chip_248_585_merged.tif,0.4,2,1559103590,78,29.5442,31.8373,2.2931
tiny,chip_248_585_merged.tif,0.4,3,1178496959,78,29.998,31.304,1.306
tiny,chip_248_585_merged.tif,0.4,4,797890328,78,30.5188,31.6096,1.0908
tiny,chip_248_585_merged.tif,0.6,0,1676357532,117,29.6813,30.953,1.2717
tiny,chip_248_585_merged.tif,0.6,1,1295750901,117,30.0228,30.3866,0.3638
tiny,chip_248_585_merged.tif,0.6,2,915144270,117,28.9653,29.8133,0.848
tiny,chip_248_585_merged.tif,0.6,3,435198752,117,30.4488,31.7886,1.3398
tiny,chip_248_585_merged.tif,0.6,4,54592121,117,28.9612,30.8201,1.8589
tiny,chip_248_585_merged.tif,0.8,0,1293104223,156,29.7636,30.3189,0.5554
tiny,chip_248_585_merged.tif,0.8,1,813158705,156,29.9972,30.5123,0.5152
tiny,chip_248_585_merged.tif,0.8,2,432552074,156,28.981,30.3678,1.3868
tiny,chip_248_585_merged.tif,0.8,3,2100090204,156,29.4774,30.2769,0.7995
tiny,chip_248_585_merged.tif,0.8,4,1719483573,156,29.7764,30.1351,0.3588
tiny,chip_248_589_merged.tif,0.2,0,2123160680,39,30.4744,31.9691,1.4947
tiny,chip_248_589_merged.tif,0.2,1,1643215162,39,30.0193,31.9645,1.9453
tiny,chip_248_589_merged.tif,0.2,2,1262608531,39,29.361,32.4648,3.1038
tiny,chip_248_589_merged.tif,0.2,3,882001900,39,31.2384,32.5701,1.3317
tiny,chip_248_589_merged.tif,0.2,4,402056382,39,29.8177,31.9235,2.1058
tiny,chip_248_589_merged.tif,0.4,0,1962545347,78,30.0448,31.9489,1.9041
tiny,chip_248_589_merged.tif,0.4,1,1482599829,78,29.2125,31.2345,2.022
tiny,chip_248_589_merged.tif,0.4,2,1101993198,78,27.9792,31.5764,3.5972
tiny,chip_248_589_merged.tif,0.4,3,622047680,78,27.9795,31.192,3.2124
tiny,chip_248_589_merged.tif,0.4,4,241441049,78,29.9334,31.8933,1.9598
tiny,chip_248_589_merged.tif,0.6,0,1219247140,117,28.9326,30.9276,1.995
tiny,chip_248_589_merged.tif,0.6,1,739301622,117,28.8786,30.6551,1.7765
tiny,chip_248_589_merged.tif,0.6,2,358694991,117,28.2225,30.9504,2.728
tiny,chip_248_589_merged.tif,0.6,3,2026233121,117,28.4164,31.002,2.5856
tiny,chip_248_589_merged.tif,0.6,4,1645626490,117,28.0098,30.7866,2.7768
tiny,chip_248_589_merged.tif,0.8,0,736654944,156,28.1379,29.6371,1.4992
tiny,chip_248_589_merged.tif,0.8,1,256709426,156,29.0306,29.5968,0.5661
tiny,chip_248_589_merged.tif,0.8,2,2023586443,156,28.8003,29.8871,1.0869
tiny,chip_248_589_merged.tif,0.8,3,1642979812,156,29.0151,29.7088,0.6937
tiny,chip_248_589_merged.tif,0.8,4,1163034294,156,28.7526,29.7322,0.9796
tiny,chip_249_270_merged.tif,0.2,0,1330608632,39,33.5661,35.776,2.2099
tiny,chip_249_270_merged.tif,0.2,1,850663114,39,28.7483,35.0472,6.2989
tiny,chip_249_270_merged.tif,0.2,2,470056483,39,29.8102,35.6358,5.8256
tiny,chip_249_270_merged.tif,0.2,3,89449852,39,29.5008,37.1484,7.6476
tiny,chip_249_270_merged.tif,0.2,4,1756987982,39,32.7654,36.479,3.7136
tiny,chip_249_270_merged.tif,0.4,0,1169993299,78,30.4172,35.783,5.3658
tiny,chip_249_270_merged.tif,0.4,1,690047781,78,29.5845,33.9203,4.3358
tiny,chip_249_270_merged.tif,0.4,2,309441150,78,30.2248,34.1047,3.8799
tiny,chip_249_270_merged.tif,0.4,3,1976979280,78,30.2227,34.9449,4.7222
tiny,chip_249_270_merged.tif,0.4,4,1596372649,78,29.5826,34.9211,5.3385
tiny,chip_249_270_merged.tif,0.6,0,426695092,117,28.175,32.3557,4.1807
tiny,chip_249_270_merged.tif,0.6,1,2094233222,117,28.7001,32.0155,3.3154
tiny,chip_249_270_merged.tif,0.6,2,1713626591,117,29.9464,32.1937,2.2473
tiny,chip_249_270_merged.tif,0.6,3,1233681073,117,30.6003,32.2124,1.6121
tiny,chip_249_270_merged.tif,0.6,4,853074442,117,29.6605,34.3733,4.7128
tiny,chip_249_270_merged.tif,0.8,0,2091586544,156,28.8856,30.9401,2.0546
tiny,chip_249_270_merged.tif,0.8,1,1611641026,156,29.7113,29.907,0.1958
tiny,chip_249_270_merged.tif,0.8,2,1231034395,156,29.5581,32.4591,2.9011
tiny,chip_249_270_merged.tif,0.8,3,850427764,156,28.859,30.8719,2.0128
tiny,chip_249_270_merged.tif,0.8,4,370482246,156,29.8166,31.805,1.9884
tiny,chip_250_270_merged.tif,0.2,0,16372307,39,29.1905,36.4525,7.2619
tiny,chip_250_270_merged.tif,0.2,1,1783249324,39,33.7789,35.2774,1.4985
tiny,chip_250_270_merged.tif,0.2,2,1303303806,39,34.9883,38.2654,3.2771
tiny,chip_250_270_merged.tif,0.2,3,922697175,39,35.2719,35.7279,0.456
tiny,chip_250_270_merged.tif,0.2,4,442751657,39,36.0349,37.3675,1.3326
tiny,chip_250_270_merged.tif,0.4,0,1098580885,78,31.7844,34.6595,2.8751
tiny,chip_250_270_merged.tif,0.4,1,717974254,78,29.3231,35.896,6.5729
tiny,chip_250_270_merged.tif,0.4,2,337367623,78,32.802,35.9384,3.1364
tiny,chip_250_270_merged.tif,0.4,3,2004905753,78,32.5461,36.1258,3.5798
tiny,chip_250_270_merged.tif,0.4,4,1624299122,78,29.3222,36.003,6.6809
tiny,chip_250_270_merged.tif,0.6,0,1259942415,117,30.4006,35.3496,4.9491
tiny,chip_250_270_merged.tif,0.6,1,779996897,117,32.2744,34.1851,1.9107
tiny,chip_250_270_merged.tif,0.6,2,399390266,117,30.62,35.0924,4.4724
tiny,chip_250_270_merged.tif,0.6,3,18783635,117,31.9308,33.4212,1.4904
tiny,chip_250_270_merged.tif,0.6,4,1686321765,117,29.3363,35.7814,6.4451
tiny,chip_250_270_merged.tif,0.8,0,777350219,156,29.8756,32.6454,2.7698
tiny,chip_250_270_merged.tif,0.8,1,396743588,156,30.6165,34.3641,3.7475
tiny,chip_250_270_merged.tif,0.8,2,2064281718,156,28.9818,32.2636,3.2818
tiny,chip_250_270_merged.tif,0.8,3,1683675087,156,30.2651,32.393,2.128
tiny,chip_250_270_merged.tif,0.8,4,1203729569,156,28.9021,33.4307,4.5287
tiny,chip_250_446_merged.tif,0.2,0,327987266,39,29.7568,33.6754,3.9186
tiny,chip_250_446_merged.tif,0.2,1,1995525396,39,30.1499,33.6197,3.4698
tiny,chip_250_446_merged.tif,0.2,2,1614918765,39,31.3323,33.661,2.3286
tiny,chip_250_446_merged.tif,0.2,3,1234312134,39,31.1648,33.8762,2.7114
tiny,chip_250_446_merged.tif,0.2,4,754366616,39,32.8446,33.1036,0.259
tiny,chip_250_446_merged.tif,0.4,0,1410195844,78,29.9853,32.9775,2.9922
tiny,chip_250_446_merged.tif,0.4,1,1029589213,78,31.2108,33.3797,2.1689
tiny,chip_250_446_merged.tif,0.4,2,549643695,78,29.7931,33.1334,3.3403
tiny,chip_250_446_merged.tif,0.4,3,169037064,78,31.1402,32.5461,1.4059
tiny,chip_250_446_merged.tif,0.4,4,1935914081,78,29.2721,32.7424,3.4703
tiny,chip_250_446_merged.tif,0.6,0,1519836500,117,29.6363,32.1201,2.4838
tiny,chip_250_446_merged.tif,0.6,1,1139229869,117,30.1526,31.0359,0.8833
tiny,chip_250_446_merged.tif,0.6,2,659284351,117,29.5741,32.0118,2.4377
tiny,chip_250_446_merged.tif,0.6,3,278677720,117,29.3206,32.1125,2.7919
tiny,chip_250_446_merged.tif,0.6,4,1946215850,117,29.4055,32.1106,2.7051
tiny,chip_250_446_merged.tif,0.8,0,283644328,156,29.5096,31.2129,1.7033
tiny,chip_250_446_merged.tif,0.8,1,1951182458,156,29.4406,30.7796,1.339
tiny,chip_250_446_merged.tif,0.8,2,1570575827,156,29.3948,31.3115,1.9167
tiny,chip_250_446_merged.tif,0.8,3,1090630309,156,29.7722,31.2958,1.5236
tiny,chip_250_446_merged.tif,0.8,4,710023678,156,29.7464,31.5641,1.8177
tiny,chip_250_585_merged.tif,0.2,0,1239375123,39,33.697,36.2742,2.5772
tiny,chip_250_585_merged.tif,0.2,1,759429605,39,32.8202,36.6176,3.7974
tiny,chip_250_585_merged.tif,0.2,2,378822974,39,33.9965,36.465,2.4684
tiny,chip_250_585_merged.tif,0.2,3,2046361104,39,32.7217,35.9402,3.2186
tiny,chip_250_585_merged.tif,0.2,4,1665754473,39,34.3646,35.4679,1.1033
tiny,chip_250_585_merged.tif,0.4,0,174100053,78,34.3376,34.4743,0.1366
tiny,chip_250_585_merged.tif,0.4,1,1940977070,78,33.7183,34.978,1.2596
tiny,chip_250_585_merged.tif,0.4,2,1461031552,78,32.7217,34.885,2.1632
tiny,chip_250_585_merged.tif,0.4,3,1080424921,78,34.291,35.2564,0.9654
tiny,chip_250_585_merged.tif,0.4,4,600479403,78,34.6392,35.4618,0.8226
tiny,chip_250_585_merged.tif,0.6,0,236122696,117,33.1201,34.6758,1.5557
tiny,chip_250_585_merged.tif,0.6,1,2002999713,117,33.4959,34.1151,0.6192
tiny,chip_250_585_merged.tif,0.6,2,1622393082,117,33.343,34.653,1.31
tiny,chip_250_585_merged.tif,0.6,3,1142447564,117,33.1101,34.1595,1.0494
tiny,chip_250_585_merged.tif,0.6,4,761840933,117,33.9464,35.1163,1.1698
tiny,chip_250_585_merged.tif,0.8,0,2000353035,156,33.2832,34.2359,0.9527
tiny,chip_250_585_merged.tif,0.8,1,1520407517,156,33.3739,34.4613,1.0874
tiny,chip_250_585_merged.tif,0.8,2,1139800886,156,33.4904,33.6794,0.189
tiny,chip_250_585_merged.tif,0.8,3,659855368,156,33.2964,34.0505,0.7542
tiny,chip_250_585_merged.tif,0.8,4,279248737,156,33.3702,33.9621,0.5919
tiny,chip_250_589_merged.tif,0.2,0,1111102801,39,35.0733,36.6302,1.5569
tiny,chip_250_589_merged.tif,0.2,1,730496170,39,33.2951,37.2212,3.9261
tiny,chip_250_589_merged.tif,0.2,2,250550652,39,34.322,37.0651,2.7431
tiny,chip_250_589_merged.tif,0.2,3,2017427669,39,36.3964,36.8842,0.4878
tiny,chip_250_589_merged.tif,0.2,4,1537482151,39,35.8346,36.9743,1.1397
tiny,chip_250_589_merged.tif,0.4,0,145166618,78,33.3148,36.9854,3.6706
tiny,chip_250_589_merged.tif,0.4,1,1812704748,78,34.6383,36.1828,1.5445
tiny,chip_250_589_merged.tif,0.4,2,1432098117,78,34.162,36.8815,2.7195
tiny,chip_250_589_merged.tif,0.4,3,952152599,78,34.0605,36.1749,2.1145
tiny,chip_250_589_merged.tif,0.4,4,571545968,78,34.2362,36.3972,2.161
tiny,chip_250_589_merged.tif,0.6,0,1549352059,117,33.2468,35.7038,2.457
tiny,chip_250_589_merged.tif,0.6,1,1069406541,117,33.2525,35.673,2.4204
tiny,chip_250_589_merged.tif,0.6,2,688799910,117,33.372,35.1583,1.7863
tiny,chip_250_589_merged.tif,0.6,3,208854392,117,33.2476,35.4267,2.1791
tiny,chip_250_589_merged.tif,0.6,4,1975731409,117,34.0315,35.5521,1.5206
tiny,chip_250_589_merged.tif,0.8,0,1066759863,156,33.5361,35.2445,1.7084
tiny,chip_250_589_merged.tif,0.8,1,586814345,156,33.2614,34.8227,1.5613
tiny,chip_250_589_merged.tif,0.8,2,206207714,156,33.3672,35.0638,1.6966
tiny,chip_250_589_merged.tif,0.8,3,1873745844,156,33.4195,34.9153,1.4959
tiny,chip_250_589_merged.tif,0.8,4,1493139213,156,34.0543,35.201,1.1467
tiny,chip_251_259_merged.tif,0.2,0,244317671,39,39.0322,39.8198,0.7876
tiny,chip_251_259_merged.tif,0.2,1,2011194688,39,35.3686,37.6553,2.2867
tiny,chip_251_259_merged.tif,0.2,2,1531249170,39,35.06,38.853,3.793
tiny,chip_251_259_merged.tif,0.2,3,1150642539,39,33.4812,38.3038,4.8226
tiny,chip_251_259_merged.tif,0.2,4,770035908,39,36.998,36.8941,-0.1039
tiny,chip_251_259_merged.tif,0.4,0,83702338,78,33.1107,37.8714,4.7607
tiny,chip_251_259_merged.tif,0.4,1,1850579355,78,32.1664,36.9023,4.736
tiny,chip_251_259_merged.tif,0.4,2,1370633837,78,31.9502,38.0251,6.0749
tiny,chip_251_259_merged.tif,0.4,3,990027206,78,32.7579,37.9863,5.2284
tiny,chip_251_259_merged.tif,0.4,4,510081688,78,31.7311,37.652,5.9209
tiny,chip_251_259_merged.tif,0.6,0,1487887779,117,31.4428,36.6069,5.1641
tiny,chip_251_259_merged.tif,0.6,1,1107281148,117,30.9083,37.1819,6.2736
tiny,chip_251_259_merged.tif,0.6,2,627335630,117,31.6113,36.9385,5.3272
tiny,chip_251_259_merged.tif,0.6,3,246728999,117,32.488,38.2087,5.7207
tiny,chip_251_259_merged.tif,0.6,4,1914267129,117,31.6873,36.3511,4.6638
tiny,chip_251_259_merged.tif,0.8,0,1005295583,156,32.1354,34.9722,2.8368
tiny,chip_251_259_merged.tif,0.8,1,624688952,156,32.6582,33.4964,0.8382
tiny,chip_251_259_merged.tif,0.8,2,144743434,156,31.9586,36.1823,4.2237
tiny,chip_251_259_merged.tif,0.8,3,1911620451,156,32.1184,35.567,3.4486
tiny,chip_251_259_merged.tif,0.8,4,1531013820,156,31.8093,34.4993,2.69
tiny,chip_251_418_merged.tif,0.2,0,1581714710,39,33.6558,35.9793,2.3235
tiny,chip_251_418_merged.tif,0.2,1,1201108079,39,33.5811,37.7088,4.1277
tiny,chip_251_418_merged.tif,0.2,2,820501448,39,33.0008,37.1746,4.1738
tiny,chip_251_418_merged.tif,0.2,3,340555930,39,36.3082,37.2454,0.9372
tiny,chip_251_418_merged.tif,0.2,4,2107432947,39,36.3084,36.7274,0.419
tiny,chip_251_418_merged.tif,0.4,0,1421099377,78,33.9709,36.5292,2.5584
tiny,chip_251_418_merged.tif,0.4,1,1040492746,78,36.3128,36.9766,0.6638
tiny,chip_251_418_merged.tif,0.4,2,560547228,78,34.5882,36.4954,1.9072
tiny,chip_251_418_merged.tif,0.4,3,179940597,78,33.6443,35.931,2.2867
tiny,chip_251_418_merged.tif,0.4,4,1847478727,78,35.7185,35.9419,0.2235
tiny,chip_251_418_merged.tif,0.6,0,677801170,117,33.8066,35.9086,2.102
tiny,chip_251_418_merged.tif,0.6,1,297194539,117,34.0471,34.8294,0.7823
tiny,chip_251_418_merged.tif,0.6,2,1964732669,117,34.2423,35.3781,1.1358
tiny,chip_251_418_merged.tif,0.6,3,1584126038,117,33.0041,35.4482,2.4441
tiny,chip_251_418_merged.tif,0.6,4,1104180520,117,33.8628,35.078,1.2152
tiny,chip_251_418_merged.tif,0.8,0,195208974,156,34.148,34.2764,0.1285
tiny,chip_251_418_merged.tif,0.8,1,1962085991,156,33.5667,33.1763,-0.3904
tiny,chip_251_418_merged.tif,0.8,2,1581479360,156,33.1583,35.4957,2.3374
tiny,chip_251_418_merged.tif,0.8,3,1101533842,156,32.818,34.422,1.604
tiny,chip_251_418_merged.tif,0.8,4,720927211,156,34.2083,34.3217,0.1135
tiny,chip_252_264_merged.tif,0.2,0,653833952,39,31.6774,37.7265,6.0491
tiny,chip_252_264_merged.tif,0.2,1,273227321,39,29.4764,36.0492,6.5728
tiny,chip_252_264_merged.tif,0.2,2,1940765451,39,31.571,34.7083,3.1373
tiny,chip_252_264_merged.tif,0.2,3,1560158820,39,32.129,35.9278,3.7988
tiny,chip_252_264_merged.tif,0.2,4,1179552189,39,28.3039,35.3356,7.0317
tiny,chip_252_264_merged.tif,0.4,0,1835381417,78,29.3186,35.4471,6.1284
tiny,chip_252_264_merged.tif,0.4,1,1355435899,78,29.8212,33.0132,3.192
tiny,chip_252_264_merged.tif,0.4,2,974829268,78,29.0745,32.9132,3.8387
tiny,chip_252_264_merged.tif,0.4,3,494883750,78,29.8459,34.3851,4.5392
tiny,chip_252_264_merged.tif,0.4,4,114277119,78,29.3496,34.0632,4.7136
tiny,chip_252_264_merged.tif,0.6,0,1897404060,117,28.5897,33.4514,4.8617
tiny,chip_252_264_merged.tif,0.6,1,1516797429,117,28.8193,33.1933,4.3739
tiny,chip_252_264_merged.tif,0.6,2,1036851911,117,28.8393,29.7668,0.9275
tiny,chip_252_264_merged.tif,0.6,3,656245280,117,29.1961,33.7152,4.5191
tiny,chip_252_264_merged.tif,0.6,4,176299762,117,28.0675,30.6624,2.595
tiny,chip_252_264_merged.tif,0.8,0,1414811864,156,28.9309,30.6724,1.7415
tiny,chip_252_264_merged.tif,0.8,1,1034205233,156,27.2265,29.8921,2.6656
tiny,chip_252_264_merged.tif,0.8,2,554259715,156,28.6497,32.5078,3.858
tiny,chip_252_264_merged.tif,0.8,3,173653084,156,28.6578,31.1767,2.5189
tiny,chip_252_264_merged.tif,0.8,4,1940530101,156,28.9296,30.2363,1.3067
tiny,chip_252_279_merged.tif,0.2,0,1677051324,39,28.2403,39.9753,11.735
tiny,chip_252_279_merged.tif,0.2,1,1296444693,39,41.1956,39.9343,-1.2613
tiny,chip_252_279_merged.tif,0.2,2,816499175,39,40.6046,37.8456,-2.7589
tiny,chip_252_279_merged.tif,0.2,3,435892544,39,35.0113,39.4139,4.4026
tiny,chip_252_279_merged.tif,0.2,4,2103430674,39,40.4799,38.3634,-2.1165
tiny,chip_252_279_merged.tif,0.4,0,1516435991,78,28.3463,39.308,10.9616
tiny,chip_252_279_merged.tif,0.4,1,1036490473,78,29.5582,38.8273,9.2691
tiny,chip_252_279_merged.tif,0.4,2,655883842,78,29.5612,36.5172,6.956
tiny,chip_252_279_merged.tif,0.4,3,275277211,78,31.5539,37.1398,5.5859
tiny,chip_252_279_merged.tif,0.4,4,1942815341,78,31.7817,39.4359,7.6541
tiny,chip_252_279_merged.tif,0.6,0,773137784,117,31.6113,36.1651,4.5538
tiny,chip_252_279_merged.tif,0.6,1,293192266,117,28.8187,36.0514,7.2327
tiny,chip_252_279_merged.tif,0.6,2,2060069283,117,28.8087,37.1052,8.2964
tiny,chip_252_279_merged.tif,0.6,3,1679462652,117,33.8914,36.2056,2.3142
tiny,chip_252_279_merged.tif,0.6,4,1199517134,117,28.8537,37.7661,8.9124
tiny,chip_252_279_merged.tif,0.8,0,290545588,156,32.8771,35.5473,2.6702
tiny,chip_252_279_merged.tif,0.8,1,2057422605,156,32.417,34.1277,1.7107
tiny,chip_252_279_merged.tif,0.8,2,1577477087,156,29.422,31.9033,2.4813
tiny,chip_252_279_merged.tif,0.8,3,1196870456,156,32.9057,33.6103,0.7047
tiny,chip_252_279_merged.tif,0.8,4,716924938,156,31.3345,34.2234,2.8889
tiny,chip_252_446_merged.tif,0.2,0,2055331367,39,29.1741,32.7226,3.5485
tiny,chip_252_446_merged.tif,0.2,1,1575385849,39,32.4022,32.9222,0.52
tiny,chip_252_446_merged.tif,0.2,2,1194779218,39,32.7188,33.0442,0.3254
tiny,chip_252_446_merged.tif,0.2,3,814172587,39,30.2064,33.0608,2.8544
tiny,chip_252_446_merged.tif,0.2,4,334227069,39,32.7208,31.9043,-0.8165
tiny,chip_252_446_merged.tif,0.4,0,1894716034,78,30.6853,32.8525,2.1672
tiny,chip_252_446_merged.tif,0.4,1,1414770516,78,29.8953,32.0707,2.1753
tiny,chip_252_446_merged.tif,0.4,2,1034163885,78,30.7355,32.7945,2.0589
tiny,chip_252_446_merged.tif,0.4,3,554218367,78,30.5824,32.0477,1.4653
tiny,chip_252_446_merged.tif,0.4,4,173611736,78,29.8966,32.2836,2.387
tiny,chip_252_446_merged.tif,0.6,0,1151417827,117,31.2595,31.5943,0.3348
tiny,chip_252_446_merged.tif,0.6,1,671472309,117,30.7917,32.2313,1.4396
tiny,chip_252_446_merged.tif,0.6,2,290865678,117,30.7761,31.6395,0.8635
tiny,chip_252_446_merged.tif,0.6,3,1958403808,117,30.1455,31.9278,1.7823
tiny,chip_252_446_merged.tif,0.6,4,1577797177,117,30.0887,32.1532,2.0644
tiny,chip_252_446_merged.tif,0.8,0,668825631,156,30.2391,31.2226,0.9834
tiny,chip_252_446_merged.tif,0.8,1,188880113,156,30.4471,30.7792,0.3321
tiny,chip_252_446_merged.tif,0.8,2,1955757130,156,30.8802,30.7945,-0.0857
tiny,chip_252_446_merged.tif,0.8,3,1575150499,156,30.7236,31.3832,0.6597
tiny,chip_252_446_merged.tif,0.8,4,1095204981,156,31.0218,30.7966,-0.2253
tiny,chip_253_260_merged.tif,0.2,0,557167222,39,36.0492,38.8261,2.7769
tiny,chip_253_260_merged.tif,0.2,1,176560591,39,36.0499,39.9012,3.8512
tiny,chip_253_260_merged.tif,0.2,2,1844098721,39,34.8427,36.3609,1.5182
tiny,chip_253_260_merged.tif,0.2,3,1463492090,39,39.7102,38.5735,-1.1367
tiny,chip_253_260_merged.tif,0.2,4,983546572,39,36.4785,39.0007,2.5221
tiny,chip_253_260_merged.tif,0.4,0,396551889,78,35.1167,37.8427,2.7261
tiny,chip_253_260_merged.tif,0.4,1,2064090019,78,35.9591,37.6667,1.7076
tiny,chip_253_260_merged.tif,0.4,2,1683483388,78,34.6457,36.8817,2.2359
tiny,chip_253_260_merged.tif,0.4,3,1302876757,78,33.4877,37.6395,4.1518
tiny,chip_253_260_merged.tif,0.4,4,822931239,78,35.1181,37.7385,2.6204
tiny,chip_253_260_merged.tif,0.6,0,1800737330,117,36.194,36.5951,0.4011
tiny,chip_253_260_merged.tif,0.6,1,1420130699,117,34.7344,37.6967,2.9623
tiny,chip_253_260_merged.tif,0.6,2,940185181,117,35.1924,36.7325,1.5401
tiny,chip_253_260_merged.tif,0.6,3,559578550,117,35.5539,37.6327,2.0788
tiny,chip_253_260_merged.tif,0.6,4,79633032,117,34.7253,36.9638,2.2385
tiny,chip_253_260_merged.tif,0.8,0,1318145134,156,34.6385,36.0994,1.461
tiny,chip_253_260_merged.tif,0.8,1,937538503,156,34.5015,35.6116,1.1101
tiny,chip_253_260_merged.tif,0.8,2,457592985,156,34.2731,35.4502,1.1771
tiny,chip_253_260_merged.tif,0.8,3,76986354,156,34.6083,35.8582,1.2499
tiny,chip_253_260_merged.tif,0.8,4,1744524484,156,34.6186,35.2132,0.5946
tiny,chip_253_263_merged.tif,0.2,0,1577818724,39,26.2807,35.4908,9.2102
tiny,chip_253_263_merged.tif,0.2,1,1197212093,39,30.6157,33.4578,2.8421
tiny,chip_253_263_merged.tif,0.2,2,717266575,39,30.6195,34.7085,4.0889
tiny,chip_253_263_merged.tif,0.2,3,336659944,39,30.2082,35.3696,5.1613
tiny,chip_253_263_merged.tif,0.2,4,2103536961,39,25.4649,33.1368,7.6719
tiny,chip_253_263_merged.tif,0.4,0,1417203391,78,28.7193,33.5811,4.8617
tiny,chip_253_263_merged.tif,0.4,1,1036596760,78,28.2245,33.7114,5.4869
tiny,chip_253_263_merged.tif,0.4,2,556651242,78,26.8844,34.359,7.4746
tiny,chip_253_263_merged.tif,0.4,3,176044611,78,25.9042,28.5704,2.6662
tiny,chip_253_263_merged.tif,0.4,4,1843582741,78,25.9027,34.6019,8.6992
tiny,chip_253_263_merged.tif,0.6,0,673905184,117,26.527,30.2202,3.6932
tiny,chip_253_263_merged.tif,0.6,1,293298553,117,26.4274,32.9512,6.5239
tiny,chip_253_263_merged.tif,0.6,2,1960836683,117,25.4773,32.9515,7.4743
tiny,chip_253_263_merged.tif,0.6,3,1580230052,117,26.9879,33.5026,6.5147
tiny,chip_253_263_merged.tif,0.6,4,1100284534,117,26.6918,32.6075,5.9157
tiny,chip_253_263_merged.tif,0.8,0,191312988,156,26.4569,29.7652,3.3083
tiny,chip_253_263_merged.tif,0.8,1,1958190005,156,26.6183,27.5719,0.9537
tiny,chip_253_263_merged.tif,0.8,2,1478244487,156,26.2395,28.1975,1.958
tiny,chip_253_263_merged.tif,0.8,3,1097637856,156,26.4377,28.2137,1.776
tiny,chip_253_263_merged.tif,0.8,4,717031225,156,26.4006,30.6236,4.223
tiny,chip_253_587_merged.tif,0.2,0,2089675991,39,34.5916,34.2447,-0.3469
tiny,chip_253_587_merged.tif,0.2,1,1709069360,39,33.7229,33.751,0.0281
tiny,chip_253_587_merged.tif,0.2,2,1229123842,39,32.9488,33.3351,0.3863
tiny,chip_253_587_merged.tif,0.2,3,848517211,39,32.8273,33.5169,0.6896
tiny,chip_253_587_merged.tif,0.2,4,368571693,39,32.8274,35.5736,2.7462
tiny,chip_253_587_merged.tif,0.4,0,1929060658,78,32.549,34.2227,1.6737
tiny,chip_253_587_merged.tif,0.4,1,1449115140,78,32.6035,33.6893,1.0858
tiny,chip_253_587_merged.tif,0.4,2,1068508509,78,32.2267,34.1577,1.9309
tiny,chip_253_587_merged.tif,0.4,3,687901878,78,32.5483,33.8106,1.2623
tiny,chip_253_587_merged.tif,0.4,4,207956360,78,32.2941,34.2164,1.9223
tiny,chip_253_587_merged.tif,0.6,0,1185762451,117,32.8339,33.4247,0.5909
tiny,chip_253_587_merged.tif,0.6,1,705816933,117,32.5437,33.4162,0.8725
tiny,chip_253_587_merged.tif,0.6,2,325210302,117,32.9843,33.0781,0.0938
tiny,chip_253_587_merged.tif,0.6,3,2092087319,117,32.7184,33.747,1.0287
tiny,chip_253_587_merged.tif,0.6,4,1612141801,117,32.7082,34.317,1.6088
tiny,chip_253_587_merged.tif,0.8,0,703170255,156,32.1393,32.827,0.6877
tiny,chip_253_587_merged.tif,0.8,1,322563624,156,31.6916,33.326,1.6345
tiny,chip_253_587_merged.tif,0.8,2,1990101754,156,32.0837,33.3263,1.2426
tiny,chip_253_587_merged.tif,0.8,3,1609495123,156,32.1889,32.9443,0.7554
tiny,chip_253_587_merged.tif,0.8,4,1129549605,156,31.6759,33.0323,1.3564
tiny,chip_253_595_merged.tif,0.2,0,516537933,39,32.2519,33.5527,1.3008
tiny,chip_253_595_merged.tif,0.2,1,135931302,39,32.9492,34.3034,1.3541
tiny,chip_253_595_merged.tif,0.2,2,1803469432,39,32.9162,34.4867,1.5705
tiny,chip_253_595_merged.tif,0.2,3,1422862801,39,32.7675,34.9734,2.2059
tiny,chip_253_595_merged.tif,0.2,4,942917283,39,32.5946,34.5274,1.9328
tiny,chip_253_595_merged.tif,0.4,0,355922600,78,32.066,33.7462,1.6802
tiny,chip_253_595_merged.tif,0.4,1,2023460730,78,33.3922,34.422,1.0299
tiny,chip_253_595_merged.tif,0.4,2,1642854099,78,32.186,34.4827,2.2967
tiny,chip_253_595_merged.tif,0.4,3,1262247468,78,31.4992,33.8963,2.3971
tiny,chip_253_595_merged.tif,0.4,4,782301950,78,32.3936,34.0714,1.6778
tiny,chip_253_595_merged.tif,0.6,0,1760108041,117,32.9548,33.9272,0.9724
tiny,chip_253_595_merged.tif,0.6,1,1280162523,117,32.7275,34.1388,1.4114
tiny,chip_253_595_merged.tif,0.6,2,899555892,117,32.8198,33.5189,0.6991
tiny,chip_253_595_merged.tif,0.6,3,518949261,117,32.9201,33.5527,0.6326
tiny,chip_253_595_merged.tif,0.6,4,39003743,117,32.8679,33.8008,0.9329
tiny,chip_253_595_merged.tif,0.8,0,1277515845,156,32.3106,33.1226,0.812
tiny,chip_253_595_merged.tif,0.8,1,896909214,156,32.5003,32.9017,0.4013
tiny,chip_253_595_merged.tif,0.8,2,416963696,156,32.3244,32.8877,0.5633
tiny,chip_253_595_merged.tif,0.8,3,36357065,156,32.8014,32.5504,-0.251
tiny,chip_253_595_merged.tif,0.8,4,1703895195,156,32.1838,32.9835,0.7997
tiny,chip_254_443_merged.tif,0.2,0,1400514216,39,28.6037,31.62,3.0163
tiny,chip_254_443_merged.tif,0.2,1,920568698,39,30.1517,31.7164,1.5647
tiny,chip_254_443_merged.tif,0.2,2,539962067,39,28.1896,31.8184,3.6287
tiny,chip_254_443_merged.tif,0.2,3,159355436,39,29.5583,32.3085,2.7502
tiny,chip_254_443_merged.tif,0.2,4,1826893566,39,29.3469,31.7982,2.4513
tiny,chip_254_443_merged.tif,0.4,0,1239898883,78,28.5858,31.7008,3.1149
tiny,chip_254_443_merged.tif,0.4,1,759953365,78,29.5462,30.8877,1.3415
tiny,chip_254_443_merged.tif,0.4,2,379346734,78,28.0361,30.9103,2.8742
tiny,chip_254_443_merged.tif,0.4,3,2046884864,78,29.915,31.0362,1.1212
tiny,chip_254_443_merged.tif,0.4,4,1666278233,78,29.5531,31.4709,1.9178
tiny,chip_254_443_merged.tif,0.6,0,496600676,117,28.1407,30.3237,2.183
tiny,chip_254_443_merged.tif,0.6,1,16655158,117,27.9238,30.2237,2.2999
tiny,chip_254_443_merged.tif,0.6,2,1783532175,117,27.9012,30.1274,2.2263
tiny,chip_254_443_merged.tif,0.6,3,1303586657,117,28.1274,30.5988,2.4714
tiny,chip_254_443_merged.tif,0.6,4,922980026,117,28.6364,30.3353,1.6989
tiny,chip_254_443_merged.tif,0.8,0,14008480,156,27.5766,29.7881,2.2115
tiny,chip_254_443_merged.tif,0.8,1,1681546610,156,27.6906,29.6272,1.9366
tiny,chip_254_443_merged.tif,0.8,2,1300939979,156,27.5582,29.3982,1.84
tiny,chip_254_443_merged.tif,0.8,3,920333348,156,27.6795,29.0386,1.3591
tiny,chip_254_443_merged.tif,0.8,4,440387830,156,27.5389,29.4517,1.9129
tiny,chip_257_265_merged.tif,0.2,0,677449054,39,30.9312,36.4498,5.5186
tiny,chip_257_265_merged.tif,0.2,1,296842423,39,34.0945,36.3436,2.2491
tiny,chip_257_265_merged.tif,0.2,2,2063719440,39,32.614,36.1203,3.5064
tiny,chip_257_265_merged.tif,0.2,3,1583773922,39,31.2516,35.5259,4.2743
tiny,chip_257_265_merged.tif,0.2,4,1203167291,39,32.6116,36.3862,3.7746
tiny,chip_257_265_merged.tif,0.4,0,1858996519,78,30.5412,35.0678,4.5266
tiny,chip_257_265_merged.tif,0.4,1,1478389888,78,29.4455,35.018,5.5724
tiny,chip_257_265_merged.tif,0.4,2,998444370,78,29.8258,35.7925,5.9668
tiny,chip_257_265_merged.tif,0.4,3,617837739,78,29.6088,35.3758,5.767
tiny,chip_257_265_merged.tif,0.4,4,137892221,78,29.8754,35.0899,5.2145
tiny,chip_257_265_merged.tif,0.6,0,1921019162,117,29.6984,33.8453,4.1469
tiny,chip_257_265_merged.tif,0.6,1,1540412531,117,29.7351,32.6064,2.8713
tiny,chip_257_265_merged.tif,0.6,2,1060467013,117,29.2515,34.7959,5.5444
tiny,chip_257_265_merged.tif,0.6,3,679860382,117,29.7515,35.2112,5.4597
tiny,chip_257_265_merged.tif,0.6,4,299253751,117,29.6217,32.7785,3.1568
tiny,chip_257_265_merged.tif,0.8,0,1438426966,156,28.6681,30.4967,1.8286
tiny,chip_257_265_merged.tif,0.8,1,1057820335,156,27.4681,32.8585,5.3904
tiny,chip_257_265_merged.tif,0.8,2,677213704,156,28.9132,31.5652,2.652
tiny,chip_257_265_merged.tif,0.8,3,197268186,156,28.615,31.7152,3.1003
tiny,chip_257_265_merged.tif,0.8,4,1964145203,156,28.9525,30.8393,1.8868
tiny,chip_257_268_merged.tif,0.2,0,1920547871,39,32.1511,36.4263,4.2752
tiny,chip_257_268_merged.tif,0.2,1,1440602353,39,31.192,36.548,5.356
tiny,chip_257_268_merged.tif,0.2,2,1059995722,39,34.1054,37.0372,2.9318
tiny,chip_257_268_merged.tif,0.2,3,580050204,39,32.4002,37.4902,5.09
tiny,chip_257_268_merged.tif,0.2,4,199443573,39,32.4005,35.4182,3.0176
tiny,chip_257_268_merged.tif,0.4,0,1660593651,78,30.9791,34.7825,3.8034
tiny,chip_257_268_merged.tif,0.4,1,1279987020,78,29.0857,34.3931,5.3074
tiny,chip_257_268_merged.tif,0.4,2,899380389,78,30.9794,34.7688,3.7894
tiny,chip_257_268_merged.tif,0.4,3,419434871,78,29.9174,35.4597,5.5423
tiny,chip_257_268_merged.tif,0.4,4,38828240,78,30.7473,35.5411,4.7938
tiny,chip_257_268_merged.tif,0.6,0,917295444,117,29.0068,32.6127,3.6059
tiny,chip_257_268_merged.tif,0.6,1,536688813,117,28.8309,33.1883,4.3574
tiny,chip_257_268_merged.tif,0.6,2,156082182,117,29.2486,34.9743,5.7257
tiny,chip_257_268_merged.tif,0.6,3,1823620312,117,29.0133,33.3699,4.3566
tiny,chip_257_268_merged.tif,0.6,4,1443013681,117,29.6885,33.2222,3.5337
tiny,chip_257_268_merged.tif,0.8,0,534042135,156,29.4635,32.0174,2.554
tiny,chip_257_268_merged.tif,0.8,1,54096617,156,29.3206,31.0643,1.7436
tiny,chip_257_268_merged.tif,0.8,2,1820973634,156,29.6478,30.8042,1.1564
tiny,chip_257_268_merged.tif,0.8,3,1341028116,156,29.2624,32.3218,3.0594
tiny,chip_257_268_merged.tif,0.8,4,960421485,156,29.3151,32.0703,2.7552
tiny,chip_257_445_merged.tif,0.2,0,1478018622,39,30.4985,30.2535,-0.245
tiny,chip_257_445_merged.tif,0.2,1,1097411991,39,32.4418,31.6362,-0.8056
tiny,chip_257_445_merged.tif,0.2,2,716805360,39,30.0126,30.1913,0.1786
tiny,chip_257_445_merged.tif,0.2,3,236859842,39,31.2378,31.542,0.3042
tiny,chip_257_445_merged.tif,0.2,4,2003736859,39,30.8492,32.401,1.5518
tiny,chip_257_445_merged.tif,0.4,0,1317403289,78,30.3936,31.7564,1.3627
tiny,chip_257_445_merged.tif,0.4,1,936796658,78,28.816,31.7048,2.8887
tiny,chip_257_445_merged.tif,0.4,2,456851140,78,29.4263,32.0409,2.6146
tiny,chip_257_445_merged.tif,0.4,3,76244509,78,29.9244,31.7666,1.8422
tiny,chip_257_445_merged.tif,0.4,4,1743782639,78,29.537,31.8144,2.2774
tiny,chip_257_445_merged.tif,0.6,0,574105082,117,29.3902,30.814,1.4237
tiny,chip_257_445_merged.tif,0.6,1,193498451,117,29.4131,31.3576,1.9445
tiny,chip_257_445_merged.tif,0.6,2,1861036581,117,28.8136,30.9637,2.1501
tiny,chip_257_445_merged.tif,0.6,3,1480429950,117,29.3658,30.6551,1.2892
tiny,chip_257_445_merged.tif,0.6,4,1000484432,117,29.074,31.0601,1.9861
tiny,chip_257_445_merged.tif,0.8,0,91512886,156,29.4121,30.1041,0.692
tiny,chip_257_445_merged.tif,0.8,1,1858389903,156,28.2786,29.7152,1.4366
tiny,chip_257_445_merged.tif,0.8,2,1477783272,156,28.2819,29.1688,0.8869
tiny,chip_257_445_merged.tif,0.8,3,997837754,156,29.4127,29.3337,-0.079
tiny,chip_257_445_merged.tif,0.8,4,617231123,156,28.9672,29.6138,0.6466
tiny,chip_257_483_merged.tif,0.2,0,1556940981,39,30.7538,34.054,3.3003
tiny,chip_257_483_merged.tif,0.2,1,1176334350,39,31.6431,33.6837,2.0407
tiny,chip_257_483_merged.tif,0.2,2,795727719,39,31.4568,34.3112,2.8544
tiny,chip_257_483_merged.tif,0.2,3,315782201,39,31.8228,34.5635,2.7407
tiny,chip_257_483_merged.tif,0.2,4,2082659218,39,30.6201,34.4934,3.8734
tiny,chip_257_483_merged.tif,0.4,0,1396325648,78,32.1055,32.0123,-0.0932
tiny,chip_257_483_merged.tif,0.4,1,1015719017,78,31.7048,32.9692,1.2644
tiny,chip_257_483_merged.tif,0.4,2,535773499,78,31.8626,33.5463,1.6837
tiny,chip_257_483_merged.tif,0.4,3,155166868,78,31.3055,33.1204,1.8149
tiny,chip_257_483_merged.tif,0.4,4,1822704998,78,32.3652,33.4773,1.1121
tiny,chip_257_483_merged.tif,0.6,0,653027441,117,31.3167,31.9693,0.6526
tiny,chip_257_483_merged.tif,0.6,1,272420810,117,31.2586,32.5696,1.311
tiny,chip_257_483_merged.tif,0.6,2,1939958940,117,31.3621,32.4886,1.1265
tiny,chip_257_483_merged.tif,0.6,3,1559352309,117,31.2471,32.03,0.7829
tiny,chip_257_483_merged.tif,0.6,4,1079406791,117,31.6129,32.5947,0.9818
tiny,chip_257_483_merged.tif,0.8,0,170435245,156,30.7045,31.8376,1.133
tiny,chip_257_483_merged.tif,0.8,1,1937312262,156,28.8676,31.6513,2.7837
tiny,chip_257_483_merged.tif,0.8,2,1556705631,156,30.6986,32.0743,1.3757
tiny,chip_257_483_merged.tif,0.8,3,1076760113,156,30.8842,31.3225,0.4383
tiny,chip_257_483_merged.tif,0.8,4,696153482,156,30.4532,32.5778,2.1245
tiny,chip_260_484_merged.tif,0.2,0,586587959,39,22.3769,29.9589,7.5819
tiny,chip_260_484_merged.tif,0.2,1,205981328,39,26.5765,29.9157,3.3392
tiny,chip_260_484_merged.tif,0.2,2,1873519458,39,27.1755,29.3395,2.1639
tiny,chip_260_484_merged.tif,0.2,3,1492912827,39,28.8639,28.3129,-0.551
tiny,chip_260_484_merged.tif,0.2,4,1012967309,39,25.4307,29.3923,3.9616
tiny,chip_260_484_merged.tif,0.4,0,425972626,78,23.7305,28.5831,4.8526
tiny,chip_260_484_merged.tif,0.4,1,2093510756,78,24.5943,28.5554,3.9611
tiny,chip_260_484_merged.tif,0.4,2,1712904125,78,23.5761,29.2153,5.6393
tiny,chip_260_484_merged.tif,0.4,3,1332297494,78,23.6651,28.7688,5.1037
tiny,chip_260_484_merged.tif,0.4,4,852351976,78,23.6651,29.4707,5.8056
tiny,chip_260_484_merged.tif,0.6,0,535613282,117,24.4788,27.3893,2.9105
tiny,chip_260_484_merged.tif,0.6,1,55667764,117,24.288,27.6001,3.3121
tiny,chip_260_484_merged.tif,0.6,2,1822544781,117,24.2064,27.5279,3.3216
tiny,chip_260_484_merged.tif,0.6,3,1342599263,117,24.7308,27.9521,3.2214
tiny,chip_260_484_merged.tif,0.6,4,961992632,117,24.1509,27.1592,3.0082
tiny,chip_260_484_merged.tif,0.8,0,1347565871,156,24.2991,26.1256,1.8265
tiny,chip_260_484_merged.tif,0.8,1,966959240,156,24.3,25.9029,1.6029
tiny,chip_260_484_merged.tif,0.8,2,487013722,156,24.4703,26.3783,1.9079
tiny,chip_260_484_merged.tif,0.8,3,106407091,156,24.5179,26.4654,1.9475
tiny,chip_260_484_merged.tif,0.8,4,1773945221,156,24.6485,26.2479,1.5994
tiny,chip_264_434_merged.tif,0.2,0,844786567,39,31.8031,33.365,1.5619
tiny,chip_264_434_merged.tif,0.2,1,464179936,39,32.3435,32.9967,0.6532
tiny,chip_264_434_merged.tif,0.2,2,2131718066,39,31.8075,33.596,1.7885
tiny,chip_264_434_merged.tif,0.2,3,1751111435,39,31.1201,33.6151,2.495
tiny,chip_264_434_merged.tif,0.2,4,1370504804,39,32.6821,33.2399,0.5578
tiny,chip_264_434_merged.tif,0.4,0,684171234,78,31.0891,33.3517,2.2626
tiny,chip_264_434_merged.tif,0.4,1,303564603,78,30.7638,33.2005,2.4367
tiny,chip_264_434_merged.tif,0.4,2,1971102733,78,30.6315,32.2449,1.6134
tiny,chip_264_434_merged.tif,0.4,3,1590496102,78,31.902,33.29,1.388
tiny,chip_264_434_merged.tif,0.4,4,1110550584,78,31.7283,33.5731,1.8448
tiny,chip_264_434_merged.tif,0.6,0,2088356675,117,30.5567,32.2578,1.7011
tiny,chip_264_434_merged.tif,0.6,1,1707750044,117,30.4417,32.2415,1.7999
tiny,chip_264_434_merged.tif,0.6,2,1227804526,117,30.5346,32.7472,2.2126
tiny,chip_264_434_merged.tif,0.6,3,847197895,117,30.2668,32.7889,2.5221
tiny,chip_264_434_merged.tif,0.6,4,367252377,117,30.9346,32.4422,1.5075
tiny,chip_264_434_merged.tif,0.8,0,1605764479,156,30.3781,31.6363,1.2582
tiny,chip_264_434_merged.tif,0.8,1,1225157848,156,29.9043,31.4562,1.5519
tiny,chip_264_434_merged.tif,0.8,2,745212330,156,30.9008,31.8387,0.938
tiny,chip_264_434_merged.tif,0.8,3,364605699,156,29.8622,31.6378,1.7756
tiny,chip_264_434_merged.tif,0.8,4,2131482716,156,30.3427,31.9534,1.6107
tiny,chip_264_583_merged.tif,0.2,0,1138246244,39,34.7215,37.8078,3.0863
tiny,chip_264_583_merged.tif,0.2,1,757639613,39,38.0287,37.6287,-0.4
tiny,chip_264_583_merged.tif,0.2,2,277694095,39,38.8471,38.5941,-0.253
tiny,chip_264_583_merged.tif,0.2,3,2044571112,39,34.7328,37.903,3.1702
tiny,chip_264_583_merged.tif,0.2,4,1663964481,39,38.0421,37.4471,-0.595
tiny,chip_264_583_merged.tif,0.4,0,172310061,78,35.2071,38.0632,2.8561
tiny,chip_264_583_merged.tif,0.4,1,1839848191,78,35.2042,38.3954,3.1911
tiny,chip_264_583_merged.tif,0.4,2,1459241560,78,37.1862,38.2294,1.0432
tiny,chip_264_583_merged.tif,0.4,3,1078634929,78,37.064,37.9294,0.8654
tiny,chip_264_583_merged.tif,0.4,4,598689411,78,37.0639,38.088,1.0241
tiny,chip_264_583_merged.tif,0.6,0,234332704,117,37.5282,36.6004,-0.9277
tiny,chip_264_583_merged.tif,0.6,1,2001209721,117,35.712,36.2224,0.5105
tiny,chip_264_583_merged.tif,0.6,2,1521264203,117,36.2577,37.7908,1.5331
tiny,chip_264_583_merged.tif,0.6,3,1140657572,117,36.0423,37.5291,1.4868
tiny,chip_264_583_merged.tif,0.6,4,660712054,117,36.3142,37.7465,1.4323
tiny,chip_264_583_merged.tif,0.8,0,1899224156,156,36.5811,36.8781,0.297
tiny,chip_264_583_merged.tif,0.8,1,1518617525,156,36.1715,36.8879,0.7165
tiny,chip_264_583_merged.tif,0.8,2,1038672007,156,36.2744,36.4729,0.1985
tiny,chip_264_583_merged.tif,0.8,3,658065376,156,36.1555,37.5109,1.3554
tiny,chip_264_583_merged.tif,0.8,4,277458745,156,36.2278,37.6045,1.3767
tiny,chip_266_434_merged.tif,0.2,0,1416640122,39,31.7868,33.3612,1.5744
tiny,chip_266_434_merged.tif,0.2,1,1036033491,39,31.8144,33.408,1.5937
tiny,chip_266_434_merged.tif,0.2,2,556087973,39,32.0399,33.5639,1.524
tiny,chip_266_434_merged.tif,0.2,3,175481342,39,31.2043,33.2281,2.0238
tiny,chip_266_434_merged.tif,0.2,4,1942358359,39,31.1535,33.2395,2.086
tiny,chip_266_434_merged.tif,0.4,0,1256024789,78,32.3008,33.7039,1.403
tiny,chip_266_434_merged.tif,0.4,1,875418158,78,31.4286,32.7395,1.3109
tiny,chip_266_434_merged.tif,0.4,2,395472640,78,31.7609,33.271,1.5101
tiny,chip_266_434_merged.tif,0.4,3,14866009,78,31.2146,33.2628,2.0482
tiny,chip_266_434_merged.tif,0.4,4,1682404139,78,30.8612,33.0081,2.147
tiny,chip_266_434_merged.tif,0.6,0,512726582,117,31.5512,32.8687,1.3175
tiny,chip_266_434_merged.tif,0.6,1,132119951,117,31.2077,32.2522,1.0445
tiny,chip_266_434_merged.tif,0.6,2,1799658081,117,31.4362,32.5517,1.1154
tiny,chip_266_434_merged.tif,0.6,3,1419051450,117,31.4266,33.4307,2.0041
tiny,chip_266_434_merged.tif,0.6,4,939105932,117,30.8885,32.9349,2.0464
tiny,chip_266_434_merged.tif,0.8,0,30134386,156,31.6406,31.6643,0.0237
tiny,chip_266_434_merged.tif,0.8,1,1797011403,156,31.0221,31.8001,0.778
tiny,chip_266_434_merged.tif,0.8,2,1317065885,156,31.9578,32.3074,0.3496
tiny,chip_266_434_merged.tif,0.8,3,936459254,156,31.0172,32.2151,1.1979
tiny,chip_266_434_merged.tif,0.8,4,555852623,156,31.4181,32.4191,1.001
tiny,chip_267_453_merged.tif,0.2,0,2103202180,39,35.8205,36.6187,0.7982
tiny,chip_267_453_merged.tif,0.2,1,1722595549,39,27.409,35.52,8.1109
tiny,chip_267_453_merged.tif,0.2,2,1242650031,39,35.4459,30.6662,-4.7798
tiny,chip_267_453_merged.tif,0.2,3,862043400,39,34.558,33.822,-0.736
tiny,chip_267_453_merged.tif,0.2,4,382097882,39,35.5742,34.3446,-1.2296
tiny,chip_267_453_merged.tif,0.4,0,1942586847,78,34.1337,34.8481,0.7145
tiny,chip_267_453_merged.tif,0.4,1,1462641329,78,34.8288,34.826,-0.0028
tiny,chip_267_453_merged.tif,0.4,2,1082034698,78,33.2497,34.236,0.9863
tiny,chip_267_453_merged.tif,0.4,3,701428067,78,34.1318,31.9499,-2.1819
tiny,chip_267_453_merged.tif,0.4,4,221482549,78,34.6361,31.721,-2.9151
tiny,chip_267_453_merged.tif,0.6,0,1199288640,117,33.6365,32.7965,-0.84
tiny,chip_267_453_merged.tif,0.6,1,719343122,117,33.638,32.0728,-1.5652
tiny,chip_267_453_merged.tif,0.6,2,338736491,117,30.1921,34.3477,4.1556
tiny,chip_267_453_merged.tif,0.6,3,2105613508,117,33.5726,33.9864,0.4138
tiny,chip_267_453_merged.tif,0.6,4,1625667990,117,30.1938,33.904,3.7103
tiny,chip_267_453_merged.tif,0.8,0,716696444,156,31.7139,32.1106,0.3967
tiny,chip_267_453_merged.tif,0.8,1,336089813,156,29.4706,32.909,3.4383
tiny,chip_267_453_merged.tif,0.8,2,2003627943,156,31.8842,32.9353,1.0511
tiny,chip_267_453_merged.tif,0.8,3,1623021312,156,31.8951,32.3278,0.4327
tiny,chip_267_453_merged.tif,0.8,4,1143075794,156,29.4654,33.33,3.8647
tiny,chip_267_566_merged.tif,0.2,0,2108328400,39,32.9297,36.2374,3.3077
tiny,chip_267_566_merged.tif,0.2,1,1628382882,39,34.1714,35.5339,1.3624
tiny,chip_267_566_merged.tif,0.2,2,1247776251,39,33.7548,34.2856,0.5308
tiny,chip_267_566_merged.tif,0.2,3,767830733,39,33.6049,35.6158,2.0108
tiny,chip_267_566_merged.tif,0.2,4,387224102,39,33.6811,35.0738,1.3928
tiny,chip_267_566_merged.tif,0.4,0,1848374180,78,31.6602,34.5657,2.9055
tiny,chip_267_566_merged.tif,0.4,1,1467767549,78,33.2392,34.855,1.6158
tiny,chip_267_566_merged.tif,0.4,2,987822031,78,33.1404,34.8854,1.745
tiny,chip_267_566_merged.tif,0.4,3,607215400,78,33.1415,34.5605,1.419
tiny,chip_267_566_merged.tif,0.4,4,226608769,78,31.6625,34.9196,3.2571
tiny,chip_267_566_merged.tif,0.6,0,1958014836,117,32.6232,33.9458,1.3225
tiny,chip_267_566_merged.tif,0.6,1,1577408205,117,32.581,34.2435,1.6625
tiny,chip_267_566_merged.tif,0.6,2,1097462687,117,31.9305,33.7239,1.7934
tiny,chip_267_566_merged.tif,0.6,3,716856056,117,31.7952,34.2295,2.4342
tiny,chip_267_566_merged.tif,0.6,4,236910538,117,32.6317,33.6454,1.0137
tiny,chip_267_566_merged.tif,0.8,0,721822664,156,32.014,32.8413,0.8273
tiny,chip_267_566_merged.tif,0.8,1,241877146,156,31.7233,33.8493,2.126
tiny,chip_267_566_merged.tif,0.8,2,2008754163,156,32.036,33.5261,1.4901
tiny,chip_267_566_merged.tif,0.8,3,1528808645,156,32.0038,33.1258,1.122
tiny,chip_267_566_merged.tif,0.8,4,1148202014,156,31.2877,33.3293,2.0416
tiny,chip_268_269_merged.tif,0.2,0,598756868,39,33.7743,36.7171,2.9428
tiny,chip_268_269_merged.tif,0.2,1,118811350,39,36.0199,37.1669,1.1469
tiny,chip_268_269_merged.tif,0.2,2,1885688367,39,36.0217,37.9244,1.9027
tiny,chip_268_269_merged.tif,0.2,3,1405742849,39,35.0666,37.004,1.9374
tiny,chip_268_269_merged.tif,0.2,4,1025136218,39,33.9068,36.6739,2.7671
tiny,chip_268_269_merged.tif,0.4,0,338802648,78,35.0485,36.8256,1.7772
tiny,chip_268_269_merged.tif,0.4,1,2105679665,78,37.5068,36.8292,-0.6776
tiny,chip_268_269_merged.tif,0.4,2,1625734147,78,32.8582,37.165,4.3068
tiny,chip_268_269_merged.tif,0.4,3,1245127516,78,31.9613,36.0978,4.1364
tiny,chip_268_269_merged.tif,0.4,4,864520885,78,32.8591,36.05,3.1909
tiny,chip_268_269_merged.tif,0.6,0,1742988089,117,29.3988,35.4829,6.0841
tiny,chip_268_269_merged.tif,0.6,1,1362381458,117,29.1072,35.6327,6.5255
tiny,chip_268_269_merged.tif,0.6,2,981774827,117,29.7951,35.9189,6.1238
tiny,chip_268_269_merged.tif,0.6,3,501829309,117,34.7774,36.345,1.5677
tiny,chip_268_269_merged.tif,0.6,4,121222678,117,29.1114,36.0541,6.9426
tiny,chip_268_269_merged.tif,0.8,0,1359734780,156,33.0379,35.0353,1.9975
tiny,chip_268_269_merged.tif,0.8,1,879789262,156,33.1389,35.4175,2.2786
tiny,chip_268_269_merged.tif,0.8,2,499182631,156,29.954,35.7389,5.7849
tiny,chip_268_269_merged.tif,0.8,3,19237113,156,30.6045,35.9838,5.3792
tiny,chip_268_269_merged.tif,0.8,4,1786114130,156,29.5423,35.3011,5.7588
tiny,chip_268_410_merged.tif,0.2,0,688895108,39,29.1453,34.3949,5.2496
tiny,chip_268_410_merged.tif,0.2,1,208949590,39,28.2509,31.3308,3.08
tiny,chip_268_410_merged.tif,0.2,2,1975826607,39,30.2241,33.2029,2.9789
tiny,chip_268_410_merged.tif,0.2,3,1595219976,39,29.5455,32.0861,2.5406
tiny,chip_268_410_merged.tif,0.2,4,1115274458,39,29.6057,33.3368,3.7311
tiny,chip_268_410_merged.tif,0.4,0,528279775,78,29.3533,30.7771,1.4238
tiny,chip_268_410_merged.tif,0.4,1,48334257,78,27.4066,33.0109,5.6043
tiny,chip_268_410_merged.tif,0.4,2,1815211274,78,28.0492,33.2841,5.235
tiny,chip_268_410_merged.tif,0.4,3,1335265756,78,29.9092,31.6634,1.7542
tiny,chip_268_410_merged.tif,0.4,4,954659125,78,27.407,32.8814,5.4744
tiny,chip_268_410_merged.tif,0.6,0,1932465216,117,28.0697,30.9119,2.8422
tiny,chip_268_410_merged.tif,0.6,1,1452519698,117,27.1169,31.5182,4.4013
tiny,chip_268_410_merged.tif,0.6,2,1071913067,117,28.6151,32.0075,3.3925
tiny,chip_268_410_merged.tif,0.6,3,591967549,117,26.7006,30.3809,3.6803
tiny,chip_268_410_merged.tif,0.6,4,211360918,117,28.0857,30.9526,2.8669
tiny,chip_268_410_merged.tif,0.8,0,1449873020,156,27.2199,29.2407,2.0208
tiny,chip_268_410_merged.tif,0.8,1,969927502,156,26.3427,29.5796,3.2369
tiny,chip_268_410_merged.tif,0.8,2,589320871,156,26.9614,29.0243,2.0629
tiny,chip_268_410_merged.tif,0.8,3,208714240,156,26.9715,29.262,2.2905
tiny,chip_268_410_merged.tif,0.8,4,1876252370,156,27.3519,31.0287,3.6768
tiny,chip_269_420_merged.tif,0.2,0,1872999325,39,27.0988,32.6773,5.5785
tiny,chip_269_420_merged.tif,0.2,1,1393053807,39,29.5988,33.1523,3.5534
tiny,chip_269_420_merged.tif,0.2,2,1012447176,39,30.1501,32.3694,2.2194
tiny,chip_269_420_merged.tif,0.2,3,532501658,39,31.7504,32.7291,0.9787
tiny,chip_269_420_merged.tif,0.2,4,151895027,39,29.1282,32.8658,3.7376
tiny,chip_269_420_merged.tif,0.4,0,1613045105,78,27.8095,32.2283,4.4189
tiny,chip_269_420_merged.tif,0.4,1,1232438474,78,29.7538,31.9611,2.2073
tiny,chip_269_420_merged.tif,0.4,2,752492956,78,25.4112,32.701,7.2898
tiny,chip_269_420_merged.tif,0.4,3,371886325,78,28.1413,32.2029,4.0616
tiny,chip_269_420_merged.tif,0.4,4,2138763342,78,28.9703,31.7541,2.7838
tiny,chip_269_420_merged.tif,0.6,0,869746898,117,28.0245,30.9282,2.9037
tiny,chip_269_420_merged.tif,0.6,1,489140267,117,25.9383,31.7864,5.8481
tiny,chip_269_420_merged.tif,0.6,2,9194749,117,28.6822,31.7395,3.0573
tiny,chip_269_420_merged.tif,0.6,3,1776071766,117,28.5056,31.1429,2.6372
tiny,chip_269_420_merged.tif,0.6,4,1395465135,117,26.0388,31.0119,4.9731
tiny,chip_269_420_merged.tif,0.8,0,486493589,156,25.4064,30.5206,5.1142
tiny,chip_269_420_merged.tif,0.8,1,6548071,156,25.3807,29.2915,3.9107
tiny,chip_269_420_merged.tif,0.8,2,1773425088,156,25.4185,29.8095,4.391
tiny,chip_269_420_merged.tif,0.8,3,1293479570,156,25.4068,30.7873,5.3805
tiny,chip_269_420_merged.tif,0.8,4,912872939,156,28.2838,31.0513,2.7675
tiny,chip_270_408_merged.tif,0.2,0,1435834066,39,28.1344,31.3181,3.1836
tiny,chip_270_408_merged.tif,0.2,1,1055227435,39,30.5417,31.8744,1.3327
tiny,chip_270_408_merged.tif,0.2,2,674620804,39,27.8609,31.1854,3.3246
tiny,chip_270_408_merged.tif,0.2,3,194675286,39,28.2952,32.4348,4.1397
tiny,chip_270_408_merged.tif,0.2,4,1961552303,39,27.479,32.2581,4.7791
tiny,chip_270_408_merged.tif,0.4,0,1275218733,78,27.4225,29.9811,2.5586
tiny,chip_270_408_merged.tif,0.4,1,894612102,78,28.142,31.5113,3.3693
tiny,chip_270_408_merged.tif,0.4,2,414666584,78,27.1258,30.4797,3.3539
tiny,chip_270_408_merged.tif,0.4,3,34059953,78,27.7153,31.0951,3.3798
tiny,chip_270_408_merged.tif,0.4,4,1800936970,78,27.7403,31.4705,3.7302
tiny,chip_270_408_merged.tif,0.6,0,531920526,117,27.0945,29.5961,2.5015
tiny,chip_270_408_merged.tif,0.6,1,151313895,117,27.1413,29.6627,2.5214
tiny,chip_270_408_merged.tif,0.6,2,1818852025,117,26.2041,29.352,3.1479
tiny,chip_270_408_merged.tif,0.6,3,1438245394,117,27.1604,30.1989,3.0385
tiny,chip_270_408_merged.tif,0.6,4,1057638763,117,26.2326,29.4062,3.1737
tiny,chip_270_408_merged.tif,0.8,0,49328330,156,26.4308,28.6361,2.2053
tiny,chip_270_408_merged.tif,0.8,1,1816205347,156,26.4434,28.7982,2.3549
tiny,chip_270_408_merged.tif,0.8,2,1435598716,156,27.3189,27.9281,0.6092
tiny,chip_270_408_merged.tif,0.8,3,955653198,156,27.6482,28.7862,1.138
tiny,chip_270_408_merged.tif,0.8,4,575046567,156,27.581,28.9869,1.4059
tiny,chip_270_475_merged.tif,0.2,0,466546906,39,33.9491,36.1086,2.1595
tiny,chip_270_475_merged.tif,0.2,1,85940275,39,33.9479,35.4122,1.4643
tiny,chip_270_475_merged.tif,0.2,2,1753478405,39,34.2194,35.3482,1.1288
tiny,chip_270_475_merged.tif,0.2,3,1372871774,39,30.3135,34.7886,4.4751
tiny,chip_270_475_merged.tif,0.2,4,892926256,39,32.9117,35.2628,2.3511
tiny,chip_270_475_merged.tif,0.4,0,305931573,78,32.1344,35.1466,3.0122
tiny,chip_270_475_merged.tif,0.4,1,1973469703,78,31.3367,35.103,3.7664
tiny,chip_270_475_merged.tif,0.4,2,1592863072,78,32.7922,35.3741,2.5819
tiny,chip_270_475_merged.tif,0.4,3,1212256441,78,34.1285,35.0377,0.9092
tiny,chip_270_475_merged.tif,0.4,4,732310923,78,31.4339,35.8026,4.3688
tiny,chip_270_475_merged.tif,0.6,0,1710117014,117,33.4322,35.0687,1.6365
tiny,chip_270_475_merged.tif,0.6,1,1230171496,117,31.9353,34.6262,2.6909
tiny,chip_270_475_merged.tif,0.6,2,849564865,117,33.1955,34.6469,1.4514
tiny,chip_270_475_merged.tif,0.6,3,468958234,117,33.2497,33.1645,-0.0852
tiny,chip_270_475_merged.tif,0.6,4,2136496364,117,31.9643,34.6119,2.6476
tiny,chip_270_475_merged.tif,0.8,0,1227524818,156,32.0044,33.4883,1.4839
tiny,chip_270_475_merged.tif,0.8,1,846918187,156,32.0085,33.9394,1.9309
tiny,chip_270_475_merged.tif,0.8,2,366972669,156,31.9725,33.8318,1.8592
tiny,chip_270_475_merged.tif,0.8,3,2133849686,156,32.004,33.3744,1.3703
tiny,chip_270_475_merged.tif,0.8,4,1653904168,156,32.1484,33.8379,1.6894
tiny,chip_270_477_merged.tif,0.2,0,179806242,39,33.5049,34.3483,0.8434
tiny,chip_270_477_merged.tif,0.2,1,1946683259,39,33.8997,34.5345,0.6348
tiny,chip_270_477_merged.tif,0.2,2,1466737741,39,32.19,34.4361,2.2461
tiny,chip_270_477_merged.tif,0.2,3,1086131110,39,33.5911,34.1,0.5088
tiny,chip_270_477_merged.tif,0.2,4,606185592,39,32.3747,34.5166,2.142
tiny,chip_270_477_merged.tif,0.4,0,19190909,78,31.42,34.6863,3.2663
tiny,chip_270_477_merged.tif,0.4,1,1686729039,78,32.929,33.8313,0.9023
tiny,chip_270_477_merged.tif,0.4,2,1306122408,78,30.9523,34.4128,3.4605
tiny,chip_270_477_merged.tif,0.4,3,925515777,78,30.9513,34.3897,3.4384
tiny,chip_270_477_merged.tif,0.4,4,445570259,78,31.1192,33.6317,2.5125
tiny,chip_270_477_merged.tif,0.6,0,1423376350,117,30.4908,33.5638,3.0731
tiny,chip_270_477_merged.tif,0.6,1,943430832,117,31.3543,33.4294,2.0751
tiny,chip_270_477_merged.tif,0.6,2,562824201,117,30.7547,33.8623,3.1075
tiny,chip_270_477_merged.tif,0.6,3,182217570,117,30.2957,33.7472,3.4515
tiny,chip_270_477_merged.tif,0.6,4,1849755700,117,31.4079,33.3636,1.9558
tiny,chip_270_477_merged.tif,0.8,0,940784154,156,30.4167,32.6714,2.2547
tiny,chip_270_477_merged.tif,0.8,1,560177523,156,30.2857,32.7748,2.4892
tiny,chip_270_477_merged.tif,0.8,2,80232005,156,30.7238,32.6773,1.9536
tiny,chip_270_477_merged.tif,0.8,3,1847109022,156,30.7906,33.0125,2.2219
tiny,chip_270_477_merged.tif,0.8,4,1367163504,156,30.7235,32.5795,1.856
tiny,chip_271_267_merged.tif,0.2,0,2118159079,39,34.5532,38.569,4.0158
tiny,chip_271_267_merged.tif,0.2,1,1638213561,39,34.3137,38.6687,4.355
tiny,chip_271_267_merged.tif,0.2,2,1257606930,39,35.0589,37.2808,2.222
tiny,chip_271_267_merged.tif,0.2,3,877000299,39,31.1427,37.2693,6.1266
tiny,chip_271_267_merged.tif,0.2,4,397054781,39,36.9842,38.7461,1.7619
tiny,chip_271_267_merged.tif,0.4,0,1052884009,78,32.3119,39.1195,6.8076
tiny,chip_271_267_merged.tif,0.4,1,672277378,78,34.6955,38.5928,3.8972
tiny,chip_271_267_merged.tif,0.4,2,192331860,78,32.3117,36.821,4.5093
tiny,chip_271_267_merged.tif,0.4,3,1959208877,78,32.3444,37.7838,5.4394
tiny,chip_271_267_merged.tif,0.4,4,1578602246,78,34.3951,37.3667,2.9716
tiny,chip_271_267_merged.tif,0.6,0,1214245539,117,33.3272,36.2395,2.9122
tiny,chip_271_267_merged.tif,0.6,1,734300021,117,34.2564,37.2779,3.0215
tiny,chip_271_267_merged.tif,0.6,2,353693390,117,33.7295,36.9681,3.2386
tiny,chip_271_267_merged.tif,0.6,3,2021231520,117,32.614,35.6796,3.0656
tiny,chip_271_267_merged.tif,0.6,4,1640624889,117,33.77,36.6501,2.8801
tiny,chip_271_267_merged.tif,0.8,0,2073816141,156,33.429,35.1252,1.6962
tiny,chip_271_267_merged.tif,0.8,1,1593870623,156,33.4298,34.6426,1.2128
tiny,chip_271_267_merged.tif,0.8,2,1213263992,156,32.6592,34.0741,1.4148
tiny,chip_271_267_merged.tif,0.8,3,733318474,156,32.6652,35.6935,3.0283
tiny,chip_271_267_merged.tif,0.8,4,352711843,156,33.3543,35.2865,1.9322
tiny,chip_272_450_merged.tif,0.2,0,1652599865,39,32.3166,33.3507,1.0342
tiny,chip_272_450_merged.tif,0.2,1,1271993234,39,31.3796,34.5091,3.1295
tiny,chip_272_450_merged.tif,0.2,2,792047716,39,31.8175,33.1427,1.3251
tiny,chip_272_450_merged.tif,0.2,3,411441085,39,31.4494,34.067,2.6176
tiny,chip_272_450_merged.tif,0.2,4,2078979215,39,32.8304,35.5442,2.7138
tiny,chip_272_450_merged.tif,0.4,0,587324795,78,31.027,33.4874,2.4604
tiny,chip_272_450_merged.tif,0.4,1,206718164,78,30.1974,33.586,3.3885
tiny,chip_272_450_merged.tif,0.4,2,1973595181,78,32.0801,33.9895,1.9094
tiny,chip_272_450_merged.tif,0.4,3,1493649663,78,31.6031,33.9906,2.3875
tiny,chip_272_450_merged.tif,0.4,4,1113043032,78,30.5161,34.0224,3.5063
tiny,chip_272_450_merged.tif,0.6,0,748686325,117,31.5249,32.5225,0.9976
tiny,chip_272_450_merged.tif,0.6,1,268740807,117,31.2556,32.5901,1.3345
tiny,chip_272_450_merged.tif,0.6,2,2035617824,117,31.0783,33.1109,2.0326
tiny,chip_272_450_merged.tif,0.6,3,1555672306,117,29.7746,33.184,3.4094
tiny,chip_272_450_merged.tif,0.6,4,1175065675,117,28.6579,33.1664,4.5085
tiny,chip_272_450_merged.tif,0.8,0,266094129,156,29.1636,32.2146,3.051
tiny,chip_272_450_merged.tif,0.8,1,2032971146,156,29.1261,32.4785,3.3524
tiny,chip_272_450_merged.tif,0.8,2,1553025628,156,29.8952,32.2139,2.3187
tiny,chip_272_450_merged.tif,0.8,3,1172418997,156,29.1939,31.9905,2.7966
tiny,chip_272_450_merged.tif,0.8,4,692473479,156,28.3716,32.4753,4.1038
tiny,chip_273_474_merged.tif,0.2,0,1954516050,39,35.5731,35.0661,-0.507
tiny,chip_273_474_merged.tif,0.2,1,1474570532,39,32.6336,35.4223,2.7887
tiny,chip_273_474_merged.tif,0.2,2,1093963901,39,31.5232,34.6886,3.1654
tiny,chip_273_474_merged.tif,0.2,3,614018383,39,31.3498,34.8416,3.4919
tiny,chip_273_474_merged.tif,0.2,4,233411752,39,31.5238,35.1292,3.6055
tiny,chip_273_474_merged.tif,0.4,0,889240980,78,34.8377,34.2707,-0.5669
tiny,chip_273_474_merged.tif,0.4,1,508634349,78,33.7178,34.1834,0.4656
tiny,chip_273_474_merged.tif,0.4,2,28688831,78,32.8992,34.2773,1.3781
tiny,chip_273_474_merged.tif,0.4,3,1795565848,78,31.3326,33.7947,2.4621
tiny,chip_273_474_merged.tif,0.4,4,1315620330,78,33.6893,34.184,0.4947
tiny,chip_273_474_merged.tif,0.6,0,951263623,117,32.3673,34.4403,2.073
tiny,chip_273_474_merged.tif,0.6,1,570656992,117,32.4225,34.5018,2.0793
tiny,chip_273_474_merged.tif,0.6,2,190050361,117,33.1223,34.3824,1.2602
tiny,chip_273_474_merged.tif,0.6,3,1857588491,117,32.6501,33.8323,1.1822
tiny,chip_273_474_merged.tif,0.6,4,1476981860,117,32.2487,34.6687,2.42
tiny,chip_273_474_merged.tif,0.8,0,1862555099,156,31.8111,33.4549,1.6437
tiny,chip_273_474_merged.tif,0.8,1,1382609581,156,31.3909,33.6503,2.2595
tiny,chip_273_474_merged.tif,0.8,2,1002002950,156,32.3442,33.8734,1.5292
tiny,chip_273_474_merged.tif,0.8,3,621396319,156,31.7956,32.0789,0.2832
tiny,chip_273_474_merged.tif,0.8,4,141450801,156,31.4065,32.133,0.7265
tiny,chip_274_465_merged.tif,0.2,0,1329920923,39,32.5905,34.6854,2.0948
tiny,chip_274_465_merged.tif,0.2,1,949314292,39,30.3301,33.5112,3.1812
tiny,chip_274_465_merged.tif,0.2,2,469368774,39,33.2817,33.595,0.3133
tiny,chip_274_465_merged.tif,0.2,3,88762143,39,32.3187,32.4425,0.1238
tiny,chip_274_465_merged.tif,0.2,4,1756300273,39,29.9017,33.3004,3.3986
tiny,chip_274_465_merged.tif,0.4,0,1169305590,78,32.6914,32.7689,0.0775
tiny,chip_274_465_merged.tif,0.4,1,689360072,78,29.652,32.5714,2.9194
tiny,chip_274_465_merged.tif,0.4,2,308753441,78,29.6511,32.5655,2.9144
tiny,chip_274_465_merged.tif,0.4,3,2075630458,78,31.4446,32.519,1.0744
tiny,chip_274_465_merged.tif,0.4,4,1595684940,78,31.534,31.9763,0.4423
tiny,chip_274_465_merged.tif,0.6,0,426007383,117,30.7213,32.6139,1.8927
tiny,chip_274_465_merged.tif,0.6,1,2093545513,117,30.9974,32.2783,1.2808
tiny,chip_274_465_merged.tif,0.6,2,1712938882,117,31.2127,32.2182,1.0055
tiny,chip_274_465_merged.tif,0.6,3,1332332251,117,29.827,32.1509,2.3238
tiny,chip_274_465_merged.tif,0.6,4,852386733,117,31.981,31.598,-0.3829
tiny,chip_274_465_merged.tif,0.8,0,2090898835,156,30.1907,31.1585,0.9678
tiny,chip_274_465_merged.tif,0.8,1,1710292204,156,31.1169,31.8769,0.7601
tiny,chip_274_465_merged.tif,0.8,2,1230346686,156,30.2133,31.7402,1.5269
tiny,chip_274_465_merged.tif,0.8,3,849740055,156,30.2119,31.183,0.9711
tiny,chip_274_465_merged.tif,0.8,4,369794537,156,30.1999,31.8057,1.6058
tiny,chip_275_405_merged.tif,0.2,0,1444788037,39,28.5326,33.0862,4.5536
tiny,chip_275_405_merged.tif,0.2,1,1064181406,39,28.1344,32.3431,4.2087
tiny,chip_275_405_merged.tif,0.2,2,683574775,39,35.1649,33.0198,-2.1451
tiny,chip_275_405_merged.tif,0.2,3,203629257,39,35.3021,33.2209,-2.0812
tiny,chip_275_405_merged.tif,0.2,4,1970506274,39,27.7926,32.0092,4.2166
tiny,chip_275_405_merged.tif,0.4,0,478851854,78,27.5023,33.3655,5.8632
tiny,chip_275_405_merged.tif,0.4,1,2146389984,78,30.1141,31.5423,1.4282
tiny,chip_275_405_merged.tif,0.4,2,1765783353,78,29.5028,32.4546,2.9518
tiny,chip_275_405_merged.tif,0.4,3,1385176722,78,27.1693,31.8706,4.7013
tiny,chip_275_405_merged.tif,0.4,4,905231204,78,28.2081,32.2022,3.9941
tiny,chip_275_405_merged.tif,0.6,0,540874497,117,28.8216,31.6425,2.8209
tiny,chip_275_405_merged.tif,0.6,1,160267866,117,28.249,31.2966,3.0476
tiny,chip_275_405_merged.tif,0.6,2,1827805996,117,30.6015,32.0938,1.4923
tiny,chip_275_405_merged.tif,0.6,3,1447199365,117,27.4954,32.0885,4.5931
tiny,chip_275_405_merged.tif,0.6,4,967253847,117,28.7443,32.1448,3.4004
tiny,chip_275_405_merged.tif,0.8,0,58282301,156,29.3872,30.9495,1.5623
tiny,chip_275_405_merged.tif,0.8,1,1825159318,156,29.5149,30.1191,0.6042
tiny,chip_275_405_merged.tif,0.8,2,1444552687,156,29.4331,30.2078,0.7747
tiny,chip_275_405_merged.tif,0.8,3,964607169,156,29.4693,30.5634,1.0941
tiny,chip_275_405_merged.tif,0.8,4,584000538,156,29.4912,30.2898,0.7985
tiny,chip_276_083_merged.tif,0.2,0,1938932662,39,31.2331,35.1565,3.9234
tiny,chip_276_083_merged.tif,0.2,1,1558326031,39,32.6343,34.9515,2.3172
tiny,chip_276_083_merged.tif,0.2,2,1177719400,39,32.0625,35.9455,3.883
tiny,chip_276_083_merged.tif,0.2,3,697773882,39,32.155,36.5194,4.3644
tiny,chip_276_083_merged.tif,0.2,4,317167251,39,30.0101,35.3462,5.3361
tiny,chip_276_083_merged.tif,0.4,0,972996479,78,27.8565,35.4915,7.635
tiny,chip_276_083_merged.tif,0.4,1,592389848,78,27.6163,34.6347,7.0184
tiny,chip_276_083_merged.tif,0.4,2,112444330,78,28.8937,35.6032,6.7095
tiny,chip_276_083_merged.tif,0.4,3,1879321347,78,30.6295,35.6032,4.9736
tiny,chip_276_083_merged.tif,0.4,4,1399375829,78,31.4778,34.786,3.3082
tiny,chip_276_083_merged.tif,0.6,0,1035019122,117,29.7104,34.1571,4.4467
tiny,chip_276_083_merged.tif,0.6,1,654412491,117,30.0188,33.9442,3.9254
tiny,chip_276_083_merged.tif,0.6,2,174466973,117,29.7094,33.2642,3.5549
tiny,chip_276_083_merged.tif,0.6,3,1941343990,117,28.6266,34.0396,5.4129
tiny,chip_276_083_merged.tif,0.6,4,1560737359,117,28.6815,33.1179,4.4365
tiny,chip_276_083_merged.tif,0.8,0,552426926,156,28.0112,30.3612,2.35
tiny,chip_276_083_merged.tif,0.8,1,171820295,156,28.9951,30.3279,1.3328
tiny,chip_276_083_merged.tif,0.8,2,1938697312,156,28.0366,31.6187,3.5822
tiny,chip_276_083_merged.tif,0.8,3,1458751794,156,29.0567,31.364,2.3073
tiny,chip_276_083_merged.tif,0.8,4,1078145163,156,29.1184,31.9378,2.8194
tiny,chip_279_265_merged.tif,0.2,0,10683344,39,31.3128,34.4458,3.1329
tiny,chip_279_265_merged.tif,0.2,1,1777560361,39,31.3991,36.5016,5.1025
tiny,chip_279_265_merged.tif,0.2,2,1297614843,39,35.1404,36.389,1.2485
tiny,chip_279_265_merged.tif,0.2,3,917008212,39,35.1426,35.2697,0.1271
tiny,chip_279_265_merged.tif,0.2,4,437062694,39,34.4489,35.0476,0.5986
tiny,chip_279_265_merged.tif,0.4,0,1997551659,78,31.5462,35.7921,4.2459
tiny,chip_279_265_merged.tif,0.4,1,1616945028,78,28.9909,34.6093,5.6184
tiny,chip_279_265_merged.tif,0.4,2,1136999510,78,29.6462,34.7581,5.1119
tiny,chip_279_265_merged.tif,0.4,3,756392879,78,31.1568,34.9243,3.7675
tiny,chip_279_265_merged.tif,0.4,4,276447361,78,31.1561,34.5529,3.3968
tiny,chip_279_265_merged.tif,0.6,0,1254253452,117,29.7431,33.6045,3.8613
tiny,chip_279_265_merged.tif,0.6,1,873646821,117,29.661,32.5815,2.9205
tiny,chip_279_265_merged.tif,0.6,2,393701303,117,28.6693,34.0583,5.3889
tiny,chip_279_265_merged.tif,0.6,3,13094672,117,28.4026,33.7172,5.3146
tiny,chip_279_265_merged.tif,0.6,4,1680632802,117,28.6472,33.6268,4.9796
tiny,chip_279_265_merged.tif,0.8,0,771661256,156,29.2133,32.4658,3.2525
tiny,chip_279_265_merged.tif,0.8,1,391054625,156,29.8329,30.296,0.4632
tiny,chip_279_265_merged.tif,0.8,2,2058592755,156,29.8444,32.3266,2.4822
tiny,chip_279_265_merged.tif,0.8,3,1677986124,156,28.5575,31.4059,2.8484
tiny,chip_279_265_merged.tif,0.8,4,1198040606,156,28.512,32.4648,3.9528
tiny,chip_280_308_merged.tif,0.2,0,49147124,39,32.9391,34.6606,1.7215
tiny,chip_280_308_merged.tif,0.2,1,1716685254,39,34.5492,35.4919,0.9427
tiny,chip_280_308_merged.tif,0.2,2,1336078623,39,34.5268,34.0577,-0.4691
tiny,chip_280_308_merged.tif,0.2,3,856133105,39,33.6045,36.6261,3.0216
tiny,chip_280_308_merged.tif,0.2,4,475526474,39,32.8518,36.3504,3.4987
tiny,chip_280_308_merged.tif,0.4,0,1936676552,78,29.463,35.6938,6.2308
tiny,chip_280_308_merged.tif,0.4,1,1556069921,78,29.5492,35.0235,5.4743
tiny,chip_280_308_merged.tif,0.4,2,1076124403,78,32.2405,34.8558,2.6153
tiny,chip_280_308_merged.tif,0.4,3,695517772,78,31.9327,34.906,2.9733
tiny,chip_280_308_merged.tif,0.4,4,314911141,78,32.7256,35.3402,2.6146
tiny,chip_280_308_merged.tif,0.6,0,1193378345,117,32.3458,33.7837,1.4379
tiny,chip_280_308_merged.tif,0.6,1,812771714,117,31.8708,34.8955,3.0247
tiny,chip_280_308_merged.tif,0.6,2,332826196,117,30.413,33.8749,3.4619
tiny,chip_280_308_merged.tif,0.6,3,2099703213,117,29.8091,33.9913,4.1822
tiny,chip_280_308_merged.tif,0.6,4,1719096582,117,31.5103,34.1068,2.5965
tiny,chip_280_308_merged.tif,0.8,0,810125036,156,29.8,32.9275,3.1275
tiny,chip_280_308_merged.tif,0.8,1,330179518,156,30.8861,33.7608,2.8748
tiny,chip_280_308_merged.tif,0.8,2,2097056535,156,29.7852,33.3047,3.5196
tiny,chip_280_308_merged.tif,0.8,3,1617111017,156,30.7285,32.5299,1.8014
tiny,chip_280_308_merged.tif,0.8,4,1236504386,156,31.5144,33.8036,2.2892
tiny,chip_280_560_merged.tif,0.2,0,1476563736,39,33.6736,34.1237,0.45
tiny,chip_280_560_merged.tif,0.2,1,996618218,39,31.46,33.3396,1.8796
tiny,chip_280_560_merged.tif,0.2,2,616011587,39,31.7528,32.839,1.0862
tiny,chip_280_560_merged.tif,0.2,3,235404956,39,33.635,34.4221,0.7871
tiny,chip_280_560_merged.tif,0.2,4,1902943086,39,34.6115,34.4017,-0.2098
tiny,chip_280_560_merged.tif,0.4,0,411288666,78,32.1949,33.078,0.8831
tiny,chip_280_560_merged.tif,0.4,1,30682035,78,32.4646,33.7571,1.2925
tiny,chip_280_560_merged.tif,0.4,2,1797559052,78,32.1947,33.3254,1.1308
tiny,chip_280_560_merged.tif,0.4,3,1317613534,78,32.1945,33.0343,0.8398
tiny,chip_280_560_merged.tif,0.4,4,937006903,78,31.0073,32.449,1.4417
tiny,chip_280_560_merged.tif,0.6,0,572650196,117,29.427,32.504,3.077
tiny,chip_280_560_merged.tif,0.6,1,92704678,117,29.4584,33.0261,3.5676
tiny,chip_280_560_merged.tif,0.6,2,1859581695,117,29.4333,32.7654,3.3322
tiny,chip_280_560_merged.tif,0.6,3,1379636177,117,32.1999,32.4122,0.2123
tiny,chip_280_560_merged.tif,0.6,4,999029546,117,32.2988,32.6325,0.3336
tiny,chip_280_560_merged.tif,0.8,0,90058000,156,29.9773,32.0415,2.0642
tiny,chip_280_560_merged.tif,0.8,1,1757596130,156,30.7443,32.1725,1.4282
tiny,chip_280_560_merged.tif,0.8,2,1376989499,156,29.9904,32.1418,2.1514
tiny,chip_280_560_merged.tif,0.8,3,996382868,156,30.2746,31.3248,1.0502
tiny,chip_280_560_merged.tif,0.8,4,516437350,156,31.5039,32.1273,0.6234
tiny,chip_281_270_merged.tif,0.2,0,842447571,39,30.8402,36.9216,6.0814
tiny,chip_281_270_merged.tif,0.2,1,461840940,39,30.7581,37.0409,6.2828
tiny,chip_281_270_merged.tif,0.2,2,2129379070,39,26.7957,36.8243,10.0287
tiny,chip_281_270_merged.tif,0.2,3,1748772439,39,33.7784,37.3316,3.5532
tiny,chip_281_270_merged.tif,0.2,4,1268826921,39,32.3867,37.6232,5.2365
tiny,chip_281_270_merged.tif,0.4,0,681832238,78,32.5706,37.292,4.7214
tiny,chip_281_270_merged.tif,0.4,1,301225607,78,31.3008,36.8341,5.5333
tiny,chip_281_270_merged.tif,0.4,2,1968763737,78,32.7308,36.8664,4.1356
tiny,chip_281_270_merged.tif,0.4,3,1588157106,78,28.5052,35.3938,6.8886
tiny,chip_281_270_merged.tif,0.4,4,1108211588,78,31.3003,36.4558,5.1555
tiny,chip_281_270_merged.tif,0.6,0,2086017679,117,30.6332,35.1709,4.5377
tiny,chip_281_270_merged.tif,0.6,1,1705411048,117,32.1379,34.707,2.569
tiny,chip_281_270_merged.tif,0.6,2,1225465530,117,28.8434,34.7928,5.9494
tiny,chip_281_270_merged.tif,0.6,3,844858899,117,30.6163,34.8252,4.2089
tiny,chip_281_270_merged.tif,0.6,4,364913381,117,32.1489,35.0654,2.9165
tiny,chip_281_270_merged.tif,0.8,0,1603425483,156,28.8542,30.7006,1.8464
tiny,chip_281_270_merged.tif,0.8,1,1222818852,156,28.9681,34.0654,5.0974
tiny,chip_281_270_merged.tif,0.8,2,742873334,156,28.8169,33.2396,4.4227
tiny,chip_281_270_merged.tif,0.8,3,362266703,156,29.4834,32.604,3.1206
tiny,chip_281_270_merged.tif,0.8,4,2029804833,156,28.6663,32.8207,4.1543
tiny,chip_281_402_merged.tif,0.2,0,490370631,39,34.4952,34.7924,0.2972
tiny,chip_281_402_merged.tif,0.2,1,109764000,39,33.4638,35.4091,1.9453
tiny,chip_281_402_merged.tif,0.2,2,1876641017,39,34.1171,34.9743,0.8572
tiny,chip_281_402_merged.tif,0.2,3,1396695499,39,34.1186,35.8488,1.7301
tiny,chip_281_402_merged.tif,0.2,4,1016088868,39,33.4451,36.0048,2.5597
tiny,chip_281_402_merged.tif,0.4,0,1671918096,78,31.1339,34.9086,3.7748
tiny,chip_281_402_merged.tif,0.4,1,1191972578,78,31.0882,35.701,4.6128
tiny,chip_281_402_merged.tif,0.4,2,811365947,78,33.8667,34.3641,0.4974
tiny,chip_281_402_merged.tif,0.4,3,430759316,78,32.298,34.9542,2.6561
tiny,chip_281_402_merged.tif,0.4,4,2098297446,78,31.1105,35.1443,4.0338
tiny,chip_281_402_merged.tif,0.6,0,1733940739,117,32.2824,34.5124,2.2301
tiny,chip_281_402_merged.tif,0.6,1,1353334108,117,30.0404,33.795,3.7545
tiny,chip_281_402_merged.tif,0.6,2,873388590,117,32.2311,34.867,2.636
tiny,chip_281_402_merged.tif,0.6,3,492781959,117,32.3846,34.1871,1.8026
tiny,chip_281_402_merged.tif,0.6,4,12836441,117,32.2744,34.4564,2.182
tiny,chip_281_402_merged.tif,0.8,0,1251348543,156,30.5096,33.525,3.0155
tiny,chip_281_402_merged.tif,0.8,1,870741912,156,32.4581,33.8173,1.3592
tiny,chip_281_402_merged.tif,0.8,2,490135281,156,30.543,33.5392,2.9961
tiny,chip_281_402_merged.tif,0.8,3,10189763,156,32.5709,33.673,1.1021
tiny,chip_281_402_merged.tif,0.8,4,1777066780,156,30.7859,33.7026,2.9167
tiny,chip_282_263_merged.tif,0.2,0,588497433,39,30.9015,35.8419,4.9404
tiny,chip_282_263_merged.tif,0.2,1,108551915,39,30.8994,33.8616,2.9622
tiny,chip_282_263_merged.tif,0.2,2,1875428932,39,29.5095,36.8671,7.3576
tiny,chip_282_263_merged.tif,0.2,3,1494822301,39,31.0651,36.5207,5.4556
tiny,chip_282_263_merged.tif,0.2,4,1014876783,39,34.2901,36.8176,2.5275
tiny,chip_282_263_merged.tif,0.4,0,1670706011,78,32.1487,34.5936,2.4449
tiny,chip_282_263_merged.tif,0.4,1,1290099380,78,31.9586,32.5313,0.5728
tiny,chip_282_263_merged.tif,0.4,2,909492749,78,30.799,34.6528,3.8538
tiny,chip_282_263_merged.tif,0.4,3,429547231,78,28.1474,34.608,6.4606
tiny,chip_282_263_merged.tif,0.4,4,48940600,78,32.1484,33.2973,1.1489
tiny,chip_282_263_merged.tif,0.6,0,1832067541,117,28.5372,33.6466,5.1094
tiny,chip_282_263_merged.tif,0.6,1,1352122023,117,28.5153,31.8106,3.2953
tiny,chip_282_263_merged.tif,0.6,2,971515392,117,29.0734,33.439,4.3657
tiny,chip_282_263_merged.tif,0.6,3,491569874,117,28.534,32.9981,4.4641
tiny,chip_282_263_merged.tif,0.6,4,110963243,117,28.4868,33.5169,5.0301
tiny,chip_282_263_merged.tif,0.8,0,1349475345,156,28.8095,31.608,2.7985
tiny,chip_282_263_merged.tif,0.8,1,869529827,156,28.6955,31.3735,2.678
tiny,chip_282_263_merged.tif,0.8,2,488923196,156,28.8389,31.3417,2.5028
tiny,chip_282_263_merged.tif,0.8,3,108316565,156,28.7702,30.6567,1.8866
tiny,chip_282_263_merged.tif,0.8,4,1775854695,156,28.681,31.7823,3.1012
tiny,chip_282_562_merged.tif,0.2,0,177572130,39,29.3763,31.3714,1.9951
tiny,chip_282_562_merged.tif,0.2,1,1845110260,39,35.1481,29.3396,-5.8085
tiny,chip_282_562_merged.tif,0.2,2,1464503629,39,25.7104,33.4453,7.7349
tiny,chip_282_562_merged.tif,0.2,3,984558111,39,25.7103,30.1243,4.414
tiny,chip_282_562_merged.tif,0.2,4,603951480,39,22.3281,29.7984,7.4703
tiny,chip_282_562_merged.tif,0.4,0,1259780708,78,21.767,29.7992,8.0323
tiny,chip_282_562_merged.tif,0.4,1,879174077,78,28.3071,30.6455,2.3384
tiny,chip_282_562_merged.tif,0.4,2,399228559,78,24.2283,30.1453,5.917
tiny,chip_282_562_merged.tif,0.4,3,18621928,78,22.467,29.5181,7.0511
tiny,chip_282_562_merged.tif,0.4,4,1686160058,78,33.6577,28.6226,-5.0351
tiny,chip_282_562_merged.tif,0.6,0,516482501,117,22.8364,26.294,3.4576
tiny,chip_282_562_merged.tif,0.6,1,135875870,117,23.0403,28.4107,5.3704
tiny,chip_282_562_merged.tif,0.6,2,1803414000,117,28.1389,28.9873,0.8484
tiny,chip_282_562_merged.tif,0.6,3,1422807369,117,29.7789,28.0095,-1.7694
tiny,chip_282_562_merged.tif,0.6,4,942861851,117,28.1271,26.4882,-1.6389
tiny,chip_282_562_merged.tif,0.8,0,33890305,156,24.1438,27.3894,3.2456
tiny,chip_282_562_merged.tif,0.8,1,1800767322,156,24.2191,27.0006,2.7815
tiny,chip_282_562_merged.tif,0.8,2,1320821804,156,24.2099,28.1382,3.9282
tiny,chip_282_562_merged.tif,0.8,3,940215173,156,23.989,27.3467,3.3577
tiny,chip_282_562_merged.tif,0.8,4,559608542,156,23.9937,28.5419,4.5482
tiny,chip_283_431_merged.tif,0.2,0,1060754399,39,34.7941,37.4051,2.611
tiny,chip_283_431_merged.tif,0.2,1,680147768,39,36.3408,37.9613,1.6205
tiny,chip_283_431_merged.tif,0.2,2,200202250,39,35.2271,37.2249,1.9978
tiny,chip_283_431_merged.tif,0.2,3,1967079267,39,36.1157,37.229,1.1133
tiny,chip_283_431_merged.tif,0.2,4,1487133749,39,35.1216,37.2854,2.1639
tiny,chip_283_431_merged.tif,0.4,0,94818216,78,34.1428,36.7932,2.6504
tiny,chip_283_431_merged.tif,0.4,1,1762356346,78,34.3263,36.3315,2.0053
tiny,chip_283_431_merged.tif,0.4,2,1381749715,78,34.713,37.3233,2.6103
tiny,chip_283_431_merged.tif,0.4,3,901804197,78,34.2522,36.7691,2.5169
tiny,chip_283_431_merged.tif,0.4,4,521197566,78,34.0983,37.4513,3.353
tiny,chip_283_431_merged.tif,0.6,0,156840859,117,33.832,35.7001,1.8681
tiny,chip_283_431_merged.tif,0.6,1,1824378989,117,33.9732,36.2314,2.2582
tiny,chip_283_431_merged.tif,0.6,2,1443772358,117,34.7195,36.068,1.3485
tiny,chip_283_431_merged.tif,0.6,3,1063165727,117,32.2667,35.8806,3.6139
tiny,chip_283_431_merged.tif,0.6,4,583220209,117,33.0293,35.5943,2.5651
tiny,chip_283_431_merged.tif,0.8,0,1821732311,156,31.5452,34.5637,3.0186
tiny,chip_283_431_merged.tif,0.8,1,1441125680,156,30.9078,35.2062,4.2984
tiny,chip_283_431_merged.tif,0.8,2,961180162,156,31.5361,34.8796,3.3435
tiny,chip_283_431_merged.tif,0.8,3,580573531,156,30.9497,36.2302,5.2805
tiny,chip_283_431_merged.tif,0.8,4,100628013,156,31.5274,34.4436,2.9163
tiny,chip_284_263_merged.tif,0.2,0,647960970,39,35.6593,35.7448,0.0855
tiny,chip_284_263_merged.tif,0.2,1,267354339,39,33.0843,35.2229,2.1385
tiny,chip_284_263_merged.tif,0.2,2,2034231356,39,30.5716,35.2231,4.6515
tiny,chip_284_263_merged.tif,0.2,3,1554285838,39,36.7683,36.4037,-0.3646
tiny,chip_284_263_merged.tif,0.2,4,1173679207,39,35.658,36.8988,1.2408
tiny,chip_284_263_merged.tif,0.4,0,487345637,78,30.0478,35.7379,5.69
tiny,chip_284_263_merged.tif,0.4,1,106739006,78,30.4177,36.373,5.9553
tiny,chip_284_263_merged.tif,0.4,2,1774277136,78,30.4842,35.7649,5.2807
tiny,chip_284_263_merged.tif,0.4,3,1393670505,78,32.2979,35.2414,2.9435
tiny,chip_284_263_merged.tif,0.4,4,1013063874,78,32.9473,35.897,2.9496
tiny,chip_284_263_merged.tif,0.6,0,1891531078,117,32.6557,34.7883,2.1326
tiny,chip_284_263_merged.tif,0.6,1,1510924447,117,31.0259,34.1763,3.1504
tiny,chip_284_263_merged.tif,0.6,2,1030978929,117,30.5794,34.3667,3.7873
tiny,chip_284_263_merged.tif,0.6,3,650372298,117,32.0129,34.1145,2.1016
tiny,chip_284_263_merged.tif,0.6,4,269765667,117,31.0717,34.4118,3.3401
tiny,chip_284_263_merged.tif,0.8,0,1408938882,156,32.2643,32.1685,-0.0958
tiny,chip_284_263_merged.tif,0.8,1,1028332251,156,31.4243,33.7021,2.2778
tiny,chip_284_263_merged.tif,0.8,2,647725620,156,31.3694,32.051,0.6816
tiny,chip_284_263_merged.tif,0.8,3,167780102,156,30.59,33.7184,3.1283
tiny,chip_284_263_merged.tif,0.8,4,1934657119,156,31.0694,32.2775,1.2081
tiny,chip_285_307_merged.tif,0.2,0,1037860721,39,29.6124,33.925,4.3127
tiny,chip_285_307_merged.tif,0.2,1,657254090,39,31.4797,35.3236,3.8439
tiny,chip_285_307_merged.tif,0.2,2,177308572,39,31.0301,35.3063,4.2762
tiny,chip_285_307_merged.tif,0.2,3,1944185589,39,31.243,35.3644,4.1213
tiny,chip_285_307_merged.tif,0.2,4,1464240071,39,30.6063,33.5084,2.9022
tiny,chip_285_307_merged.tif,0.4,0,877245388,78,30.6404,34.7808,4.1404
tiny,chip_285_307_merged.tif,0.4,1,397299870,78,28.8388,34.5707,5.7319
tiny,chip_285_307_merged.tif,0.4,2,16693239,78,28.7619,33.7388,4.9769
tiny,chip_285_307_merged.tif,0.4,3,1684231369,78,31.4056,35.2214,3.8158
tiny,chip_285_307_merged.tif,0.4,4,1303624738,78,31.1776,34.403,3.2255
tiny,chip_285_307_merged.tif,0.6,0,133947181,117,30.2392,33.5479,3.3086
tiny,chip_285_307_merged.tif,0.6,1,1801485311,117,30.1884,31.9417,1.7532
tiny,chip_285_307_merged.tif,0.6,2,1420878680,117,28.9979,33.0287,4.0308
tiny,chip_285_307_merged.tif,0.6,3,940933162,117,28.9963,32.3555,3.3591
tiny,chip_285_307_merged.tif,0.6,4,560326531,117,29.717,33.1663,3.4493
tiny,chip_285_307_merged.tif,0.8,0,1798838633,156,28.5754,30.6091,2.0338
tiny,chip_285_307_merged.tif,0.8,1,1418232002,156,28.6253,30.7888,2.1635
tiny,chip_285_307_merged.tif,0.8,2,938286484,156,28.5221,30.6955,2.1734
tiny,chip_285_307_merged.tif,0.8,3,557679853,156,29.1502,31.752,2.6018
tiny,chip_285_307_merged.tif,0.8,4,77734335,156,28.7611,31.0609,2.2998
tiny,chip_291_134_merged.tif,0.2,0,1377300785,39,37.7734,34.1773,-3.5961
tiny,chip_291_134_merged.tif,0.2,1,897355267,39,33.3172,37.357,4.0398
tiny,chip_291_134_merged.tif,0.2,2,516748636,39,41.7161,37.1054,-4.6107
tiny,chip_291_134_merged.tif,0.2,3,36803118,39,33.8659,34.961,1.0951
tiny,chip_291_134_merged.tif,0.2,4,1803680135,39,30.7318,37.206,6.4742
tiny,chip_291_134_merged.tif,0.4,0,1117346565,78,32.1463,34.0882,1.9419
tiny,chip_291_134_merged.tif,0.4,1,736739934,78,32.0708,34.7045,2.6337
tiny,chip_291_134_merged.tif,0.4,2,356133303,78,32.9796,33.9774,0.9978
tiny,chip_291_134_merged.tif,0.4,3,2023671433,78,36.4243,34.5688,-1.8556
tiny,chip_291_134_merged.tif,0.4,4,1643064802,78,32.0692,37.0417,4.9724
tiny,chip_291_134_merged.tif,0.6,0,473387245,117,31.6974,34.7739,3.0765
tiny,chip_291_134_merged.tif,0.6,1,2140925375,117,31.7654,34.1811,2.4157
tiny,chip_291_134_merged.tif,0.6,2,1760318744,117,31.678,35.2089,3.531
tiny,chip_291_134_merged.tif,0.6,3,1280373226,117,33.6569,33.8788,0.2219
tiny,chip_291_134_merged.tif,0.6,4,899766595,117,31.6816,34.8483,3.1667
tiny,chip_291_134_merged.tif,0.8,0,2138278697,156,32.7848,32.9577,0.1729
tiny,chip_291_134_merged.tif,0.8,1,1658333179,156,32.176,33.0016,0.8256
tiny,chip_291_134_merged.tif,0.8,2,1277726548,156,33.594,32.7097,-0.8843
tiny,chip_291_134_merged.tif,0.8,3,797781030,156,31.6899,33.5085,1.8186
tiny,chip_291_134_merged.tif,0.8,4,417174399,156,31.6416,33.8607,2.2191
tiny,chip_292_552_merged.tif,0.2,0,1752239236,39,31.1082,34.6743,3.5661
tiny,chip_292_552_merged.tif,0.2,1,1371632605,39,34.956,33.6258,-1.3302
tiny,chip_292_552_merged.tif,0.2,2,991025974,39,31.1075,35.2195,4.112
tiny,chip_292_552_merged.tif,0.2,3,511080456,39,30.1198,34.8292,4.7095
tiny,chip_292_552_merged.tif,0.2,4,130473825,39,35.0875,34.8443,-0.2432
tiny,chip_292_552_merged.tif,0.4,0,1591623903,78,32.0075,33.1598,1.1523
tiny,chip_292_552_merged.tif,0.4,1,1211017272,78,29.8172,33.8707,4.0535
tiny,chip_292_552_merged.tif,0.4,2,731071754,78,29.2932,34.0481,4.7549
tiny,chip_292_552_merged.tif,0.4,3,350465123,78,31.6421,33.9727,2.3306
tiny,chip_292_552_merged.tif,0.4,4,2018003253,78,31.6393,32.9327,1.2934
tiny,chip_292_552_merged.tif,0.6,0,848325696,117,28.8426,32.578,3.7353
tiny,chip_292_552_merged.tif,0.6,1,467719065,117,28.4963,32.1155,3.6192
tiny,chip_292_552_merged.tif,0.6,2,2135257195,117,29.962,32.9023,2.9403
tiny,chip_292_552_merged.tif,0.6,3,1754650564,117,29.231,32.5313,3.3003
tiny,chip_292_552_merged.tif,0.6,4,1274705046,117,29.2612,32.7604,3.4992
tiny,chip_292_552_merged.tif,0.8,0,365733500,156,29.9998,30.056,0.0563
tiny,chip_292_552_merged.tif,0.8,1,2132610517,156,27.5579,31.3334,3.7755
tiny,chip_292_552_merged.tif,0.8,2,1652664999,156,29.1982,31.547,2.3489
tiny,chip_292_552_merged.tif,0.8,3,1272058368,156,30.0318,31.6708,1.6391
tiny,chip_292_552_merged.tif,0.8,4,891451737,156,27.5632,30.7674,3.2042
tiny,chip_296_540_merged.tif,0.2,0,1533352423,39,31.9605,32.6886,0.7281
tiny,chip_296_540_merged.tif,0.2,1,1053406905,39,29.1876,33.5284,4.3409
tiny,chip_296_540_merged.tif,0.2,2,672800274,39,32.426,33.8984,1.4724
tiny,chip_296_540_merged.tif,0.2,3,192854756,39,26.057,32.7956,6.7386
tiny,chip_296_540_merged.tif,0.2,4,1959731773,39,29.9932,32.6967,2.7036
tiny,chip_296_540_merged.tif,0.4,0,1273398203,78,31.0011,32.8885,1.8873
tiny,chip_296_540_merged.tif,0.4,1,892791572,78,31.7991,32.9347,1.1356
tiny,chip_296_540_merged.tif,0.4,2,412846054,78,31.8177,33.4369,1.6192
tiny,chip_296_540_merged.tif,0.4,3,32239423,78,31.8104,32.2498,0.4393
tiny,chip_296_540_merged.tif,0.4,4,1799116440,78,28.5295,31.9627,3.4332
tiny,chip_296_540_merged.tif,0.6,0,530099996,117,30.3787,32.6565,2.2778
tiny,chip_296_540_merged.tif,0.6,1,149493365,117,30.5976,31.8229,1.2252
tiny,chip_296_540_merged.tif,0.6,2,1916370382,117,31.0079,31.9326,0.9246
tiny,chip_296_540_merged.tif,0.6,3,1436424864,117,30.8341,31.2468,0.4127
tiny,chip_296_540_merged.tif,0.6,4,1055818233,117,30.3942,31.926,1.5318
tiny,chip_296_540_merged.tif,0.8,0,146846687,156,27.5772,30.2613,2.6841
tiny,chip_296_540_merged.tif,0.8,1,1814384817,156,29.3731,30.8683,1.4952
tiny,chip_296_540_merged.tif,0.8,2,1433778186,156,29.8514,30.6534,0.8019
tiny,chip_296_540_merged.tif,0.8,3,953832668,156,29.833,30.4054,0.5723
tiny,chip_296_540_merged.tif,0.8,4,573226037,156,29.713,30.3176,0.6046
tiny,chip_298_351_merged.tif,0.2,0,563361503,39,37.4987,35.8888,-1.61
tiny,chip_298_351_merged.tif,0.2,1,83415985,39,34.6615,36.6635,2.002
tiny,chip_298_351_merged.tif,0.2,2,1850293002,39,34.8736,36.1329,1.2594
tiny,chip_298_351_merged.tif,0.2,3,1469686371,39,35.7168,36.486,0.7692
tiny,chip_298_351_merged.tif,0.2,4,989740853,39,37.1882,36.7025,-0.4857
tiny,chip_298_351_merged.tif,0.4,0,402746170,78,34.507,35.6892,1.1822
tiny,chip_298_351_merged.tif,0.4,1,2070284300,78,35.2869,35.7423,0.4554
tiny,chip_298_351_merged.tif,0.4,2,1689677669,78,35.2871,36.0511,0.764
tiny,chip_298_351_merged.tif,0.4,3,1209732151,78,35.8157,36.0207,0.205
tiny,chip_298_351_merged.tif,0.4,4,829125520,78,34.5074,36.0231,1.5157
tiny,chip_298_351_merged.tif,0.6,0,1806931611,117,34.0471,35.6006,1.5535
tiny,chip_298_351_merged.tif,0.6,1,1326986093,117,34.5458,35.7354,1.1896
tiny,chip_298_351_merged.tif,0.6,2,946379462,117,34.718,36.1784,1.4604
tiny,chip_298_351_merged.tif,0.6,3,466433944,117,34.7273,35.6152,0.8879
tiny,chip_298_351_merged.tif,0.6,4,85827313,117,33.9727,35.4652,1.4925
tiny,chip_298_351_merged.tif,0.8,0,1324339415,156,34.2052,35.257,1.0518
tiny,chip_298_351_merged.tif,0.8,1,844393897,156,34.2078,35.1999,0.9921
tiny,chip_298_351_merged.tif,0.8,2,463787266,156,33.4131,35.2647,1.8516
tiny,chip_298_351_merged.tif,0.8,3,83180635,156,34.2052,35.2001,0.9948
tiny,chip_298_351_merged.tif,0.8,4,1750718765,156,34.3767,35.13,0.7532
tiny,chip_299_453_merged.tif,0.2,0,702470676,39,36.3651,37.5109,1.1457
tiny,chip_299_453_merged.tif,0.2,1,321864045,39,34.8996,37.3806,2.481
tiny,chip_299_453_merged.tif,0.2,2,2088741062,39,34.8999,35.7407,0.8408
tiny,chip_299_453_merged.tif,0.2,3,1608795544,39,27.2897,35.6721,8.3824
tiny,chip_299_453_merged.tif,0.2,4,1228188913,39,33.5086,35.8827,2.3741
tiny,chip_299_453_merged.tif,0.4,0,1884018141,78,35.5849,36.4212,0.8363
tiny,chip_299_453_merged.tif,0.4,1,1503411510,78,28.8815,31.8794,2.998
tiny,chip_299_453_merged.tif,0.4,2,1023465992,78,35.5852,35.6763,0.0911
tiny,chip_299_453_merged.tif,0.4,3,642859361,78,30.9173,36.1902,5.2729
tiny,chip_299_453_merged.tif,0.4,4,162913843,78,30.6506,36.7173,6.0667
tiny,chip_299_453_merged.tif,0.6,0,1946040784,117,28.2167,33.9043,5.6877
tiny,chip_299_453_merged.tif,0.6,1,1565434153,117,32.0153,34.3103,2.295
tiny,chip_299_453_merged.tif,0.6,2,1085488635,117,27.7853,33.4252,5.6399
tiny,chip_299_453_merged.tif,0.6,3,704882004,117,33.3233,34.2049,0.8816
tiny,chip_299_453_merged.tif,0.6,4,324275373,117,28.2375,34.1272,5.8897
tiny,chip_299_453_merged.tif,0.8,0,1463448588,156,31.2094,32.8019,1.5925
tiny,chip_299_453_merged.tif,0.8,1,1082841957,156,31.4282,31.5318,0.1037
tiny,chip_299_453_merged.tif,0.8,2,702235326,156,31.27,31.7435,0.4734
tiny,chip_299_453_merged.tif,0.8,3,222289808,156,29.125,32.3596,3.2347
tiny,chip_299_453_merged.tif,0.8,4,1989166825,156,29.0855,32.1095,3.0239
tiny,chip_302_301_merged.tif,0.2,0,796180473,39,33.3112,36.3035,2.9924
tiny,chip_302_301_merged.tif,0.2,1,415573842,39,34.9001,35.689,0.7888
tiny,chip_302_301_merged.tif,0.2,2,34967211,39,33.3992,36.7994,3.4001
tiny,chip_302_301_merged.tif,0.2,3,1702505341,39,34.8458,35.8118,0.966
tiny,chip_302_301_merged.tif,0.2,4,1321898710,39,33.691,36.3686,2.6777
tiny,chip_302_301_merged.tif,0.4,0,1977727938,78,31.8957,36.7143,4.8185
tiny,chip_302_301_merged.tif,0.4,1,1497782420,78,31.5042,36.3185,4.8143
tiny,chip_302_301_merged.tif,0.4,2,1117175789,78,32.8123,34.983,2.1707
tiny,chip_302_301_merged.tif,0.4,3,736569158,78,32.2622,34.9691,2.7069
tiny,chip_302_301_merged.tif,0.4,4,256623640,78,32.6888,36.4395,3.7507
tiny,chip_302_301_merged.tif,0.6,0,2039750581,117,31.6287,35.4477,3.8191
tiny,chip_302_301_merged.tif,0.6,1,1659143950,117,31.7813,34.3609,2.5796
tiny,chip_302_301_merged.tif,0.6,2,1179198432,117,32.2168,34.9256,2.7088
tiny,chip_302_301_merged.tif,0.6,3,798591801,117,30.9662,34.2685,3.3023
tiny,chip_302_301_merged.tif,0.6,4,417985170,117,31.626,34.8612,3.2351
tiny,chip_302_301_merged.tif,0.8,0,1557158385,156,31.9849,32.543,0.5581
tiny,chip_302_301_merged.tif,0.8,1,1176551754,156,30.7068,33.7902,3.0833
tiny,chip_302_301_merged.tif,0.8,2,795945123,156,30.6929,32.9043,2.2115
tiny,chip_302_301_merged.tif,0.8,3,315999605,156,31.8101,33.0047,1.1946
tiny,chip_302_301_merged.tif,0.8,4,2082876622,156,31.8556,34.1323,2.2767
tiny,chip_308_293_merged.tif,0.2,0,15365350,39,33.3211,35.3832,2.0621
tiny,chip_308_293_merged.tif,0.2,1,1682903480,39,32.9037,35.9993,3.0956
tiny,chip_308_293_merged.tif,0.2,2,1302296849,39,32.7932,35.6456,2.8524
tiny,chip_308_293_merged.tif,0.2,3,822351331,39,32.7935,35.8171,3.0236
tiny,chip_308_293_merged.tif,0.2,4,441744700,39,34.8126,36.2339,1.4213
tiny,chip_308_293_merged.tif,0.4,0,1902894778,78,33.1736,35.5548,2.3812
tiny,chip_308_293_merged.tif,0.4,1,1522288147,78,32.9199,35.0242,2.1043
tiny,chip_308_293_merged.tif,0.4,2,1141681516,78,32.2144,35.3574,3.1431
tiny,chip_308_293_merged.tif,0.4,3,661735998,78,32.2142,35.4159,3.2017
tiny,chip_308_293_merged.tif,0.4,4,281129367,78,33.5414,34.9748,1.4334
tiny,chip_308_293_merged.tif,0.6,0,1159596571,117,31.7968,34.7686,2.9718
tiny,chip_308_293_merged.tif,0.6,1,778989940,117,32.6012,34.6123,2.011
tiny,chip_308_293_merged.tif,0.6,2,398383309,117,31.9316,35.1914,3.2597
tiny,chip_308_293_merged.tif,0.6,3,2065921439,117,32.2427,33.7189,1.4762
tiny,chip_308_293_merged.tif,0.6,4,1685314808,117,32.312,34.6234,2.3113
tiny,chip_308_293_merged.tif,0.8,0,776343262,156,31.9827,33.9527,1.97
tiny,chip_308_293_merged.tif,0.8,1,296397744,156,32.4592,33.5999,1.1408
tiny,chip_308_293_merged.tif,0.8,2,2063274761,156,31.0825,33.2972,2.2147
tiny,chip_308_293_merged.tif,0.8,3,1583329243,156,31.9574,33.1742,1.2169
tiny,chip_308_293_merged.tif,0.8,4,1202722612,156,31.9652,33.1375,1.1723
tiny,chip_308_517_merged.tif,0.2,0,934563515,39,30.8837,34.355,3.4712
tiny,chip_308_517_merged.tif,0.2,1,553956884,39,32.3081,34.7981,2.49
tiny,chip_308_517_merged.tif,0.2,2,173350253,39,30.1697,35.1953,5.0256
tiny,chip_308_517_merged.tif,0.2,3,1840888383,39,31.8306,34.0224,2.1918
tiny,chip_308_517_merged.tif,0.2,4,1460281752,39,29.5595,33.8719,4.3124
tiny,chip_308_517_merged.tif,0.4,0,2116110980,78,30.7642,33.2172,2.453
tiny,chip_308_517_merged.tif,0.4,1,1735504349,78,29.8973,33.5915,3.6942
tiny,chip_308_517_merged.tif,0.4,2,1255558831,78,29.8927,31.9424,2.0497
tiny,chip_308_517_merged.tif,0.4,3,874952200,78,30.4524,33.4802,3.0278
tiny,chip_308_517_merged.tif,0.4,4,395006682,78,31.1533,32.537,1.3837
tiny,chip_308_517_merged.tif,0.6,0,30649975,117,28.849,32.6765,3.8275
tiny,chip_308_517_merged.tif,0.6,1,1797526992,117,30.238,33.0003,2.7623
tiny,chip_308_517_merged.tif,0.6,2,1317581474,117,27.6954,32.8135,5.1181
tiny,chip_308_517_merged.tif,0.6,3,936974843,117,29.3832,32.993,3.6099
tiny,chip_308_517_merged.tif,0.6,4,556368212,117,28.9987,32.1877,3.189
tiny,chip_308_517_merged.tif,0.8,0,1695541427,156,29.4524,30.3867,0.9343
tiny,chip_308_517_merged.tif,0.8,1,1314934796,156,28.1493,32.6364,4.4871
tiny,chip_308_517_merged.tif,0.8,2,934328165,156,29.2418,30.7223,1.4806
tiny,chip_308_517_merged.tif,0.8,3,454382647,156,29.1812,30.4795,1.2984
tiny,chip_308_517_merged.tif,0.8,4,73776016,156,29.2086,29.5706,0.362
tiny,chip_310_469_merged.tif,0.2,0,1633100513,39,35.1745,36.0806,0.9061
tiny,chip_310_469_merged.tif,0.2,1,1252493882,39,34.1068,36.8302,2.7234
tiny,chip_310_469_merged.tif,0.2,2,772548364,39,34.111,36.621,2.51
tiny,chip_310_469_merged.tif,0.2,3,391941733,39,33.2003,36.9657,3.7654
tiny,chip_310_469_merged.tif,0.2,4,11335102,39,34.0247,35.6304,1.6058
tiny,chip_310_469_merged.tif,0.4,0,667164330,78,32.3994,36.0092,3.6098
tiny,chip_310_469_merged.tif,0.4,1,187218812,78,32.1253,35.6846,3.5592
tiny,chip_310_469_merged.tif,0.4,2,1954095829,78,33.2502,35.4654,2.2152
tiny,chip_310_469_merged.tif,0.4,3,1474150311,78,33.0065,36.4202,3.4137
tiny,chip_310_469_merged.tif,0.4,4,1093543680,78,32.7018,35.9098,3.208
tiny,chip_310_469_merged.tif,0.6,0,729186973,117,31.2449,35.2229,3.978
tiny,chip_310_469_merged.tif,0.6,1,348580342,117,32.515,35.0294,2.5144
tiny,chip_310_469_merged.tif,0.6,2,2016118472,117,32.637,35.1569,2.5199
tiny,chip_310_469_merged.tif,0.6,3,1635511841,117,31.22,35.2382,4.0181
tiny,chip_310_469_merged.tif,0.6,4,1155566323,117,32.5554,35.0081,2.4527
tiny,chip_310_469_merged.tif,0.8,0,246594777,156,32.0046,34.8639,2.8593
tiny,chip_310_469_merged.tif,0.8,1,2013471794,156,32.9736,34.0833,1.1097
tiny,chip_310_469_merged.tif,0.8,2,1533526276,156,30.4005,34.583,4.1825
tiny,chip_310_469_merged.tif,0.8,3,1152919645,156,33.0376,34.5001,1.4624
tiny,chip_310_469_merged.tif,0.8,4,772313014,156,32.836,34.2367,1.4007
tiny,chip_311_380_merged.tif,0.2,0,2141507666,39,31.913,33.7302,1.8172
tiny,chip_311_380_merged.tif,0.2,1,1760901035,39,32.6813,34.4034,1.7221
tiny,chip_311_380_merged.tif,0.2,2,1380294404,39,34.0127,34.265,0.2522
tiny,chip_311_380_merged.tif,0.2,3,900348886,39,31.9172,34.1313,2.2141
tiny,chip_311_380_merged.tif,0.2,4,519742255,39,31.9758,34.1648,2.189
tiny,chip_311_380_merged.tif,0.4,0,1175571483,78,29.3478,33.7353,4.3875
tiny,chip_311_380_merged.tif,0.4,1,794964852,78,27.5618,32.4909,4.9291
tiny,chip_311_380_merged.tif,0.4,2,315019334,78,31.8782,33.2738,1.3956
tiny,chip_311_380_merged.tif,0.4,3,2081896351,78,31.2772,33.7658,2.4886
tiny,chip_311_380_merged.tif,0.4,4,1601950833,78,31.8792,33.5903,1.7111
tiny,chip_311_380_merged.tif,0.6,0,1237594126,117,28.5352,32.2663,3.7311
tiny,chip_311_380_merged.tif,0.6,1,856987495,117,30.2155,32.695,2.4795
tiny,chip_311_380_merged.tif,0.6,2,377041977,117,27.6177,32.0711,4.4534
tiny,chip_311_380_merged.tif,0.6,3,2143918994,117,29.7792,31.8094,2.0302
tiny,chip_311_380_merged.tif,0.6,4,1763312363,117,30.1673,32.1221,1.9548
tiny,chip_311_380_merged.tif,0.8,0,755001930,156,25.2747,28.2861,3.0114
tiny,chip_311_380_merged.tif,0.8,1,374395299,156,27.4578,31.0504,3.5926
tiny,chip_311_380_merged.tif,0.8,2,2141272316,156,29.6533,30.1619,0.5086
tiny,chip_311_380_merged.tif,0.8,3,1661326798,156,25.2873,31.1739,5.8866
tiny,chip_311_380_merged.tif,0.8,4,1280720167,156,25.3365,31.0231,5.6866
tiny,chip_311_469_merged.tif,0.2,0,2014310451,39,39.4052,39.5059,0.1007
tiny,chip_311_469_merged.tif,0.2,1,1534364933,39,38.6612,40.1465,1.4854
tiny,chip_311_469_merged.tif,0.2,2,1153758302,39,34.4661,40.1845,5.7184
tiny,chip_311_469_merged.tif,0.2,3,673812784,39,34.5415,40.4018,5.8603
tiny,chip_311_469_merged.tif,0.2,4,293206153,39,39.0886,40.1714,1.0828
tiny,chip_311_469_merged.tif,0.4,0,1754356231,78,36.006,39.875,3.869
tiny,chip_311_469_merged.tif,0.4,1,1373749600,78,33.2865,39.8675,6.581
tiny,chip_311_469_merged.tif,0.4,2,993142969,78,35.3846,38.8024,3.4178
tiny,chip_311_469_merged.tif,0.4,3,513197451,78,38.2405,39.3604,1.1199
tiny,chip_311_469_merged.tif,0.4,4,132590820,78,36.7443,39.3712,2.6269
tiny,chip_311_469_merged.tif,0.6,0,1110396911,117,34.4798,39.4658,4.986
tiny,chip_311_469_merged.tif,0.6,1,630451393,117,36.8063,39.1942,2.3878
tiny,chip_311_469_merged.tif,0.6,2,249844762,117,36.0386,39.4863,3.4476
tiny,chip_311_469_merged.tif,0.6,3,1917382892,117,35.0015,37.3934,2.392
tiny,chip_311_469_merged.tif,0.6,4,1536776261,117,36.1403,38.9193,2.779
tiny,chip_311_469_merged.tif,0.8,0,627804715,156,35.1326,38.0005,2.8679
tiny,chip_311_469_merged.tif,0.8,1,147859197,156,34.9707,36.4894,1.5187
tiny,chip_311_469_merged.tif,0.8,2,1914736214,156,35.7611,38.2776,2.5165
tiny,chip_311_469_merged.tif,0.8,3,1434790696,156,35.0874,36.8362,1.7489
tiny,chip_311_469_merged.tif,0.8,4,1054184065,156,34.953,37.1516,2.1986
tiny,chip_312_433_merged.tif,0.2,0,1019984418,39,33.6412,31.4699,-2.1713
tiny,chip_312_433_merged.tif,0.2,1,639377787,39,32.0255,33.8861,1.8606
tiny,chip_312_433_merged.tif,0.2,2,159432269,39,31.7242,34.2013,2.4771
tiny,chip_312_433_merged.tif,0.2,3,1926309286,39,29.5406,32.8209,3.2803
tiny,chip_312_433_merged.tif,0.2,4,1545702655,39,32.126,34.4946,2.3685
tiny,chip_312_433_merged.tif,0.4,0,859369085,78,32.4737,33.5298,1.0561
tiny,chip_312_433_merged.tif,0.4,1,478762454,78,30.058,33.082,3.024
tiny,chip_312_433_merged.tif,0.4,2,2146300584,78,30.0569,32.0462,1.9893
tiny,chip_312_433_merged.tif,0.4,3,1765693953,78,29.7559,34.0043,4.2484
tiny,chip_312_433_merged.tif,0.4,4,1285748435,78,32.4733,31.8917,-0.5817
tiny,chip_312_433_merged.tif,0.6,0,116070878,117,30.4185,32.8254,2.4069
tiny,chip_312_433_merged.tif,0.6,1,1882947895,117,31.8395,32.2904,0.4509
tiny,chip_312_433_merged.tif,0.6,2,1403002377,117,31.8551,32.0691,0.214
tiny,chip_312_433_merged.tif,0.6,3,1022395746,117,30.4102,32.6244,2.2142
tiny,chip_312_433_merged.tif,0.6,4,542450228,117,30.0961,32.2609,2.1648
tiny,chip_312_433_merged.tif,0.8,0,1780962330,156,28.8964,30.9073,2.0109
tiny,chip_312_433_merged.tif,0.8,1,1400355699,156,29.9572,30.8634,0.9062
tiny,chip_312_433_merged.tif,0.8,2,920410181,156,29.3025,30.4032,1.1006
tiny,chip_312_433_merged.tif,0.8,3,539803550,156,28.8846,31.9696,3.085
tiny,chip_312_433_merged.tif,0.8,4,159196919,156,28.9052,32.2854,3.3803
tiny,chip_313_236_merged.tif,0.2,0,647463835,39,32.1718,33.3048,1.133
tiny,chip_313_236_merged.tif,0.2,1,266857204,39,30.2759,33.5968,3.3209
tiny,chip_313_236_merged.tif,0.2,2,1934395334,39,31.3151,33.7479,2.4327
tiny,chip_313_236_merged.tif,0.2,3,1553788703,39,31.768,32.3872,0.6192
tiny,chip_313_236_merged.tif,0.2,4,1173182072,39,31.7798,32.7093,0.9296
tiny,chip_313_236_merged.tif,0.4,0,1829011300,78,30.8942,32.9672,2.073
tiny,chip_313_236_merged.tif,0.4,1,1349065782,78,30.3949,32.7265,2.3316
tiny,chip_313_236_merged.tif,0.4,2,968459151,78,31.1217,33.2088,2.0871
tiny,chip_313_236_merged.tif,0.4,3,587852520,78,30.5166,32.7516,2.235
tiny,chip_313_236_merged.tif,0.4,4,107907002,78,31.664,32.3281,0.6641
tiny,chip_313_236_merged.tif,0.6,0,1891033943,117,30.3038,32.6977,2.3939
tiny,chip_313_236_merged.tif,0.6,1,1510427312,117,30.0625,31.5111,1.4485
tiny,chip_313_236_merged.tif,0.6,2,1030481794,117,30.9754,32.1586,1.1833
tiny,chip_313_236_merged.tif,0.6,3,649875163,117,30.184,32.0679,1.8839
tiny,chip_313_236_merged.tif,0.6,4,169929645,117,30.0374,32.28,2.2426
tiny,chip_313_236_merged.tif,0.8,0,1408441747,156,31.164,31.2772,0.1133
tiny,chip_313_236_merged.tif,0.8,1,1027835116,156,31.1722,31.0494,-0.1229
tiny,chip_313_236_merged.tif,0.8,2,547889598,156,30.6351,31.4905,0.8554
tiny,chip_313_236_merged.tif,0.8,3,167282967,156,29.8076,31.2369,1.4293
tiny,chip_313_236_merged.tif,0.8,4,1934159984,156,30.3963,31.1758,0.7795
tiny,chip_314_342_merged.tif,0.2,0,1839884154,39,34.1347,36.059,1.9244
tiny,chip_314_342_merged.tif,0.2,1,1459277523,39,36.0084,36.4254,0.417
tiny,chip_314_342_merged.tif,0.2,2,979332005,39,34.4455,36.4095,1.9641
tiny,chip_314_342_merged.tif,0.2,3,598725374,39,34.4459,36.2728,1.8269
tiny,chip_314_342_merged.tif,0.2,4,218118743,39,34.4189,35.6573,1.2384
tiny,chip_314_342_merged.tif,0.4,0,873947971,78,33.7969,35.591,1.7941
tiny,chip_314_342_merged.tif,0.4,1,394002453,78,33.3219,36.018,2.6961
tiny,chip_314_342_merged.tif,0.4,2,13395822,78,34.8104,35.1629,0.3526
tiny,chip_314_342_merged.tif,0.4,3,1680933952,78,34.704,35.7256,1.0216
tiny,chip_314_342_merged.tif,0.4,4,1300327321,78,30.6243,36.0049,5.3807
tiny,chip_314_342_merged.tif,0.6,0,935970614,117,33.3578,35.5455,2.1877
tiny,chip_314_342_merged.tif,0.6,1,555363983,117,31.1168,35.3695,4.2527
tiny,chip_314_342_merged.tif,0.6,2,75418465,117,31.3146,35.0205,3.7058
tiny,chip_314_342_merged.tif,0.6,3,1842295482,117,30.8559,35.3594,4.5035
tiny,chip_314_342_merged.tif,0.6,4,1362349964,117,30.8596,35.2201,4.3605
tiny,chip_314_342_merged.tif,0.8,0,453378418,156,30.3197,31.3436,1.0239
tiny,chip_314_342_merged.tif,0.8,1,72771787,156,31.8072,34.2469,2.4397
tiny,chip_314_342_merged.tif,0.8,2,1740309917,156,31.45,34.4265,2.9765
tiny,chip_314_342_merged.tif,0.8,3,1359703286,156,28.0947,34.7528,6.6581
tiny,chip_314_342_merged.tif,0.8,4,979096655,156,28.1906,34.5443,6.3537
tiny,chip_314_519_merged.tif,0.2,0,1692415364,39,35.8716,33.1479,-2.7237
tiny,chip_314_519_merged.tif,0.2,1,1311808733,39,37.4415,34.5973,-2.8443
tiny,chip_314_519_merged.tif,0.2,2,831863215,39,37.3797,35.4998,-1.8799
tiny,chip_314_519_merged.tif,0.2,3,451256584,39,31.328,33.7427,2.4148
tiny,chip_314_519_merged.tif,0.2,4,70649953,39,37.9608,36.4814,-1.4794
tiny,chip_314_519_merged.tif,0.4,0,1531800031,78,36.5934,36.8133,0.2199
tiny,chip_314_519_merged.tif,0.4,1,1151193400,78,37.6882,32.71,-4.9782
tiny,chip_314_519_merged.tif,0.4,2,671247882,78,38.2583,35.9001,-2.3582
tiny,chip_314_519_merged.tif,0.4,3,290641251,78,33.6761,35.6096,1.9335
tiny,chip_314_519_merged.tif,0.4,4,1958179381,78,38.2579,35.0057,-3.2521
tiny,chip_314_519_merged.tif,0.6,0,788501824,117,32.5381,34.739,2.2009
tiny,chip_314_519_merged.tif,0.6,1,407895193,117,36.7656,34.6288,-2.1368
tiny,chip_314_519_merged.tif,0.6,2,2075433323,117,34.4252,35.4914,1.0662
tiny,chip_314_519_merged.tif,0.6,3,1694826692,117,35.1516,35.3352,0.1836
tiny,chip_314_519_merged.tif,0.6,4,1214881174,117,34.4657,34.2304,-0.2353
tiny,chip_314_519_merged.tif,0.8,0,305909628,156,34.723,34.7556,0.0326
tiny,chip_314_519_merged.tif,0.8,1,2072786645,156,32.9102,34.4577,1.5475
tiny,chip_314_519_merged.tif,0.8,2,1592841127,156,33.2286,33.3314,0.1028
tiny,chip_314_519_merged.tif,0.8,3,1212234496,156,32.8921,34.1891,1.2971
tiny,chip_314_519_merged.tif,0.8,4,831627865,156,33.221,34.5363,1.3153
tiny,chip_315_516_merged.tif,0.2,0,1980256531,39,34.8424,35.3861,0.5436
tiny,chip_315_516_merged.tif,0.2,1,1500311013,39,33.7224,36.1805,2.4581
tiny,chip_315_516_merged.tif,0.2,2,1119704382,39,33.6327,35.0757,1.443
tiny,chip_315_516_merged.tif,0.2,3,639758864,39,35.0864,35.5777,0.4914
tiny,chip_315_516_merged.tif,0.2,4,259152233,39,33.634,36.5412,2.9071
tiny,chip_315_516_merged.tif,0.4,0,1720302311,78,34.2906,35.6848,1.3942
tiny,chip_315_516_merged.tif,0.4,1,1339695680,78,33.2196,36.0535,2.8339
tiny,chip_315_516_merged.tif,0.4,2,959089049,78,33.0522,35.0577,2.0054
tiny,chip_315_516_merged.tif,0.4,3,479143531,78,32.605,35.826,3.2209
tiny,chip_315_516_merged.tif,0.4,4,98536900,78,33.0495,34.6326,1.5831
tiny,chip_315_516_merged.tif,0.6,0,1829942967,117,31.0112,34.0706,3.0594
tiny,chip_315_516_merged.tif,0.6,1,1449336336,117,31.0416,34.2449,3.2033
tiny,chip_315_516_merged.tif,0.6,2,969390818,117,33.3542,34.8912,1.537
tiny,chip_315_516_merged.tif,0.6,3,588784187,117,33.43,34.4282,0.9982
tiny,chip_315_516_merged.tif,0.6,4,208177556,117,32.987,34.8765,1.8896
tiny,chip_315_516_merged.tif,0.8,0,593750795,156,31.5277,33.4383,1.9106
tiny,chip_315_516_merged.tif,0.8,1,113805277,156,32.6201,32.9808,0.3607
tiny,chip_315_516_merged.tif,0.8,2,1880682294,156,31.1756,34.3417,3.1661
tiny,chip_315_516_merged.tif,0.8,3,1400736776,156,32.5312,33.2797,0.7485
tiny,chip_315_516_merged.tif,0.8,4,1020130145,156,32.2609,32.5123,0.2514
tiny,chip_316_543_merged.tif,0.2,0,632016424,39,33.1613,33.6324,0.4711
tiny,chip_316_543_merged.tif,0.2,1,251409793,39,31.2657,33.5228,2.2571
tiny,chip_316_543_merged.tif,0.2,2,1918947923,39,33.7906,33.993,0.2024
tiny,chip_316_543_merged.tif,0.2,3,1538341292,39,32.9265,34.9503,2.0238
tiny,chip_316_543_merged.tif,0.2,4,1157734661,39,32.8363,34.8087,1.9724
tiny,chip_316_543_merged.tif,0.4,0,471401091,78,31.9721,33.9756,2.0036
tiny,chip_316_543_merged.tif,0.4,1,90794460,78,31.7612,32.8695,1.1084
tiny,chip_316_543_merged.tif,0.4,2,1758332590,78,31.7607,33.302,1.5413
tiny,chip_316_543_merged.tif,0.4,3,1377725959,78,31.2138,33.4792,2.2654
tiny,chip_316_543_merged.tif,0.4,4,897780441,78,31.6748,34.0249,2.3501
tiny,chip_316_543_merged.tif,0.6,0,1875586532,117,31.9562,33.4329,1.4767
tiny,chip_316_543_merged.tif,0.6,1,1494979901,117,31.8782,33.5372,1.659
tiny,chip_316_543_merged.tif,0.6,2,1015034383,117,31.8382,33.4675,1.6294
tiny,chip_316_543_merged.tif,0.6,3,634427752,117,31.9405,33.3737,1.4332
tiny,chip_316_543_merged.tif,0.6,4,154482234,117,32.0213,33.4069,1.3856
tiny,chip_316_543_merged.tif,0.8,0,1392994336,156,31.2106,32.0401,0.8295
tiny,chip_316_543_merged.tif,0.8,1,1012387705,156,31.4544,32.6039,1.1496
tiny,chip_316_543_merged.tif,0.8,2,532442187,156,31.4558,32.8295,1.3737
tiny,chip_316_543_merged.tif,0.8,3,151835556,156,31.4702,32.7186,1.2484
tiny,chip_316_543_merged.tif,0.8,4,1918712573,156,31.1901,31.9466,0.7565
tiny,chip_317_528_merged.tif,0.2,0,932207727,39,30.7706,34.194,3.4234
tiny,chip_317_528_merged.tif,0.2,1,452262209,39,30.776,34.9341,4.158
tiny,chip_317_528_merged.tif,0.2,2,71655578,39,31.9598,34.6184,2.6586
tiny,chip_317_528_merged.tif,0.2,3,1739193708,39,32.1272,35.3988,3.2717
tiny,chip_317_528_merged.tif,0.2,4,1358587077,39,33.4815,35.5954,2.1139
tiny,chip_317_528_merged.tif,0.4,0,672253507,78,31.6475,33.7557,2.1082
tiny,chip_317_528_merged.tif,0.4,1,291646876,78,31.5071,34.1741,2.6669
tiny,chip_317_528_merged.tif,0.4,2,2058523893,78,31.6636,33.3643,1.7007
tiny,chip_317_528_merged.tif,0.4,3,1578578375,78,33.1893,33.6299,0.4406
tiny,chip_317_528_merged.tif,0.4,4,1197971744,78,30.6246,33.6022,2.9776
tiny,chip_317_528_merged.tif,0.6,0,2076438948,117,31.3425,33.3692,2.0267
tiny,chip_317_528_merged.tif,0.6,1,1695832317,117,31.4254,33.4517,2.0264
tiny,chip_317_528_merged.tif,0.6,2,1315225686,117,31.3484,33.574,2.2256
tiny,chip_317_528_merged.tif,0.6,3,835280168,117,31.1729,33.1599,1.987
tiny,chip_317_528_merged.tif,0.6,4,454673537,117,32.1341,33.401,1.2669
tiny,chip_317_528_merged.tif,0.8,0,1693185639,156,30.9179,31.8314,0.9136
tiny,chip_317_528_merged.tif,0.8,1,1213240121,156,30.8152,32.7097,1.8945
tiny,chip_317_528_merged.tif,0.8,2,832633490,156,31.3532,32.8817,1.5285
tiny,chip_317_528_merged.tif,0.8,3,352687972,156,31.3575,32.6686,1.3111
tiny,chip_317_528_merged.tif,0.8,4,2119564989,156,30.9725,32.8305,1.858
tiny,chip_317_529_merged.tif,0.2,0,135927247,39,33.2788,33.9944,0.7157
tiny,chip_317_529_merged.tif,0.2,1,1902804264,39,33.2958,34.1408,0.8451
tiny,chip_317_529_merged.tif,0.2,2,1422858746,39,33.2954,34.1153,0.8199
tiny,chip_317_529_merged.tif,0.2,3,1042252115,39,33.2946,32.7574,-0.5372
tiny,chip_317_529_merged.tif,0.2,4,562306597,39,32.0984,32.9978,0.8994
tiny,chip_317_529_merged.tif,0.4,0,1218135825,78,31.0521,33.2608,2.2087
tiny,chip_317_529_merged.tif,0.4,1,837529194,78,31.4664,33.552,2.0856
tiny,chip_317_529_merged.tif,0.4,2,456922563,78,31.9329,33.1245,1.1916
tiny,chip_317_529_merged.tif,0.4,3,2124460693,78,32.5151,33.1732,0.658
tiny,chip_317_529_merged.tif,0.4,4,1743854062,78,31.1347,32.6214,1.4867
tiny,chip_317_529_merged.tif,0.6,0,1379497355,117,31.7118,33.2254,1.5135
tiny,chip_317_529_merged.tif,0.6,1,899551837,117,31.3832,33.3359,1.9528
tiny,chip_317_529_merged.tif,0.6,2,518945206,117,31.3874,33.0816,1.6942
tiny,chip_317_529_merged.tif,0.6,3,138338575,117,31.5411,33.0888,1.5477
tiny,chip_317_529_merged.tif,0.6,4,1805876705,117,31.2662,33.3336,2.0673
tiny,chip_317_529_merged.tif,0.8,0,896905159,156,31.2942,31.8738,0.5796
tiny,chip_317_529_merged.tif,0.8,1,516298528,156,31.466,32.6237,1.1578
tiny,chip_317_529_merged.tif,0.8,2,36353010,156,31.7654,32.7558,0.9904
tiny,chip_317_529_merged.tif,0.8,3,1803230027,156,31.4745,31.7488,0.2743
tiny,chip_317_529_merged.tif,0.8,4,1323284509,156,31.651,31.4573,-0.1937
tiny,chip_317_545_merged.tif,0.2,0,750118637,39,30.2068,33.1496,2.9428
tiny,chip_317_545_merged.tif,0.2,1,369512006,39,31.2233,35.0604,3.8371
tiny,chip_317_545_merged.tif,0.2,2,2136389023,39,33.1563,35.3483,2.192
tiny,chip_317_545_merged.tif,0.2,3,1656443505,39,28.7459,34.7589,6.0129
tiny,chip_317_545_merged.tif,0.2,4,1275836874,39,34.4354,34.3052,-0.1302
tiny,chip_317_545_merged.tif,0.4,0,1931666102,78,30.4637,33.5221,3.0584
tiny,chip_317_545_merged.tif,0.4,1,1451720584,78,31.5996,33.3193,1.7197
tiny,chip_317_545_merged.tif,0.4,2,1071113953,78,30.6262,33.752,3.1258
tiny,chip_317_545_merged.tif,0.4,3,690507322,78,30.6545,33.959,3.3045
tiny,chip_317_545_merged.tif,0.4,4,210561804,78,31.6009,34.1379,2.537
tiny,chip_317_545_merged.tif,0.6,0,1993688745,117,29.2865,33.1715,3.8851
tiny,chip_317_545_merged.tif,0.6,1,1613082114,117,29.5132,33.0068,3.4936
tiny,chip_317_545_merged.tif,0.6,2,1133136596,117,30.1147,32.2564,2.1417
tiny,chip_317_545_merged.tif,0.6,3,752529965,117,29.5877,32.6248,3.037
tiny,chip_317_545_merged.tif,0.6,4,272584447,117,30.7237,33.1905,2.4668
tiny,chip_317_545_merged.tif,0.8,0,1511096549,156,29.8035,31.6186,1.8151
tiny,chip_317_545_merged.tif,0.8,1,1130489918,156,29.8036,31.2918,1.4881
tiny,chip_317_545_merged.tif,0.8,2,650544400,156,28.8669,31.2127,2.3458
tiny,chip_317_545_merged.tif,0.8,3,269937769,156,29.5534,31.517,1.9636
tiny,chip_317_545_merged.tif,0.8,4,2036814786,156,29.1767,31.1176,1.9409
tiny,chip_318_344_merged.tif,0.2,0,1022596928,39,35.7573,38.9323,3.1749
tiny,chip_318_344_merged.tif,0.2,1,542651410,39,38.6629,39.104,0.4412
tiny,chip_318_344_merged.tif,0.2,2,162044779,39,37.3312,40.1597,2.8285
tiny,chip_318_344_merged.tif,0.2,3,1829582909,39,39.0714,38.9204,-0.151
tiny,chip_318_344_merged.tif,0.2,4,1448976278,39,39.3676,39.8122,0.4446
tiny,chip_318_344_merged.tif,0.4,0,762642708,78,38.6878,39.6305,0.9427
tiny,chip_318_344_merged.tif,0.4,1,382036077,78,36.8319,39.5278,2.6958
tiny,chip_318_344_merged.tif,0.4,2,1429446,78,38.3827,39.0297,0.647
tiny,chip_318_344_merged.tif,0.4,3,1668967576,78,37.7272,38.8958,1.1685
tiny,chip_318_344_merged.tif,0.4,4,1288360945,78,38.6873,39.596,0.9088
tiny,chip_318_344_merged.tif,0.6,0,19344501,117,36.5433,39.1472,2.6039
tiny,chip_318_344_merged.tif,0.6,1,1786221518,117,37.8614,38.2148,0.3533
tiny,chip_318_344_merged.tif,0.6,2,1405614887,117,37.1494,38.234,1.0846
tiny,chip_318_344_merged.tif,0.6,3,925669369,117,36.9445,38.7627,1.8182
tiny,chip_318_344_merged.tif,0.6,4,545062738,117,37.5827,38.8496,1.267
tiny,chip_318_344_merged.tif,0.8,0,1783574840,156,36.9465,38.3191,1.3726
tiny,chip_318_344_merged.tif,0.8,1,1303629322,156,36.3859,38.8159,2.43
tiny,chip_318_344_merged.tif,0.8,2,923022691,156,36.7956,37.3274,0.5318
tiny,chip_318_344_merged.tif,0.8,3,443077173,156,36.7084,38.1914,1.483
tiny,chip_318_344_merged.tif,0.8,4,62470542,156,36.7895,38.5342,1.7447
tiny,chip_318_539_merged.tif,0.2,0,678475660,39,32.3329,35.7949,3.462
tiny,chip_318_539_merged.tif,0.2,1,297869029,39,34.5142,32.8104,-1.7037
tiny,chip_318_539_merged.tif,0.2,2,1965407159,39,34.694,36.6791,1.9851
tiny,chip_318_539_merged.tif,0.2,3,1584800528,39,34.369,35.3848,1.0157
tiny,chip_318_539_merged.tif,0.2,4,1104855010,39,32.5702,35.5372,2.967
tiny,chip_318_539_merged.tif,0.4,0,517860327,78,31.9092,35.5441,3.6349
tiny,chip_318_539_merged.tif,0.4,1,37914809,78,31.9088,34.8615,2.9527
tiny,chip_318_539_merged.tif,0.4,2,1804791826,78,33.0762,35.785,2.7088
tiny,chip_318_539_merged.tif,0.4,3,1324846308,78,33.0765,35.7738,2.6973
tiny,chip_318_539_merged.tif,0.4,4,944239677,78,32.6565,35.2223,2.5658
tiny,chip_318_539_merged.tif,0.6,0,1922045768,117,31.6507,34.8458,3.1951
tiny,chip_318_539_merged.tif,0.6,1,1442100250,117,32.4522,33.6216,1.1694
tiny,chip_318_539_merged.tif,0.6,2,1061493619,117,31.8768,34.3098,2.433
tiny,chip_318_539_merged.tif,0.6,3,680886988,117,32.1964,34.1269,1.9305
tiny,chip_318_539_merged.tif,0.6,4,200941470,117,31.8444,34.2455,2.4011
tiny,chip_318_539_merged.tif,0.8,0,1439453572,156,32.5616,33.4474,0.8858
tiny,chip_318_539_merged.tif,0.8,1,1058846941,156,32.082,33.7184,1.6365
tiny,chip_318_539_merged.tif,0.8,2,578901423,156,32.047,33.545,1.4981
tiny,chip_318_539_merged.tif,0.8,3,198294792,156,32.3237,33.1631,0.8394
tiny,chip_318_539_merged.tif,0.8,4,1865832922,156,31.8137,33.5974,1.7837
tiny,chip_319_529_merged.tif,0.2,0,1470946260,39,33.4786,34.0251,0.5466
tiny,chip_319_529_merged.tif,0.2,1,1090339629,39,32.0403,33.9929,1.9525
tiny,chip_319_529_merged.tif,0.2,2,610394111,39,33.1146,33.2592,0.1446
tiny,chip_319_529_merged.tif,0.2,3,229787480,39,31.6868,34.3763,2.6896
tiny,chip_319_529_merged.tif,0.2,4,1897325610,39,33.1145,34.6563,1.5419
tiny,chip_319_529_merged.tif,0.4,0,1310330927,78,31.8046,33.0231,1.2185
tiny,chip_319_529_merged.tif,0.4,1,830385409,78,32.9716,33.1068,0.1353
tiny,chip_319_529_merged.tif,0.4,2,449778778,78,31.803,34.1182,2.3152
tiny,chip_319_529_merged.tif,0.4,3,2117316908,78,31.1161,33.3818,2.2657
tiny,chip_319_529_merged.tif,0.4,4,1736710277,78,31.8027,33.0171,1.2143
tiny,chip_319_529_merged.tif,0.6,0,567032720,117,31.1631,32.7053,1.5423
tiny,chip_319_529_merged.tif,0.6,1,87087202,117,31.4879,32.8656,1.3777
tiny,chip_319_529_merged.tif,0.6,2,1853964219,117,30.5078,32.9015,2.3936
tiny,chip_319_529_merged.tif,0.6,3,1374018701,117,31.2547,32.7763,1.5216
tiny,chip_319_529_merged.tif,0.6,4,993412070,117,31.5633,32.9703,1.407
tiny,chip_319_529_merged.tif,0.8,0,84440524,156,31.4144,31.3127,-0.1017
tiny,chip_319_529_merged.tif,0.8,1,1851317541,156,31.4378,32.0261,0.5884
tiny,chip_319_529_merged.tif,0.8,2,1371372023,156,31.4184,32.8333,1.415
tiny,chip_319_529_merged.tif,0.8,3,990765392,156,31.4077,31.95,0.5423
tiny,chip_319_529_merged.tif,0.8,4,510819874,156,31.2978,31.7733,0.4755
tiny,chip_320_544_merged.tif,0.2,0,39603398,39,28.6014,37.7927,9.1914
tiny,chip_320_544_merged.tif,0.2,1,1707141528,39,32.6999,35.5053,2.8054
tiny,chip_320_544_merged.tif,0.2,2,1326534897,39,31.0671,34.5187,3.4516
tiny,chip_320_544_merged.tif,0.2,3,846589379,39,30.7053,35.7526,5.0473
tiny,chip_320_544_merged.tif,0.2,4,465982748,39,32.4542,36.0317,3.5775
tiny,chip_320_544_merged.tif,0.4,0,1927132826,78,32.1542,35.2224,3.0683
tiny,chip_320_544_merged.tif,0.4,1,1546526195,78,31.7107,35.6144,3.9037
tiny,chip_320_544_merged.tif,0.4,2,1165919564,78,31.726,36.0012,4.2752
tiny,chip_320_544_merged.tif,0.4,3,685974046,78,30.1753,36.3572,6.182
tiny,chip_320_544_merged.tif,0.4,4,305367415,78,31.7127,35.7509,4.0382
tiny,chip_320_544_merged.tif,0.6,0,1183834619,117,32.5042,32.7837,0.2794
tiny,chip_320_544_merged.tif,0.6,1,803227988,117,31.897,33.3217,1.4247
tiny,chip_320_544_merged.tif,0.6,2,422621357,117,31.9144,33.9688,2.0544
tiny,chip_320_544_merged.tif,0.6,3,2090159487,117,33.1376,34.0223,0.8847
tiny,chip_320_544_merged.tif,0.6,4,1709552856,117,32.0894,34.5483,2.4589
tiny,chip_320_544_merged.tif,0.8,0,800581310,156,30.174,32.8417,2.6676
tiny,chip_320_544_merged.tif,0.8,1,320635792,156,33.3352,31.9891,-1.3461
tiny,chip_320_544_merged.tif,0.8,2,2087512809,156,30.1931,33.3288,3.1356
tiny,chip_320_544_merged.tif,0.8,3,1607567291,156,31.8746,31.8807,0.0061
tiny,chip_320_544_merged.tif,0.8,4,1226960660,156,32.2002,33.7147,1.5144
tiny,chip_321_314_merged.tif,0.2,0,271200818,39,34.5141,37.4956,2.9814
tiny,chip_321_314_merged.tif,0.2,1,2038077835,39,35.1627,37.0884,1.9256
tiny,chip_321_314_merged.tif,0.2,2,1657471204,39,34.1828,36.1703,1.9875
tiny,chip_321_314_merged.tif,0.2,3,1177525686,39,34.6639,36.8586,2.1947
tiny,chip_321_314_merged.tif,0.2,4,796919055,39,33.3909,37.8488,4.4579
tiny,chip_321_314_merged.tif,0.4,0,110585485,78,33.7365,37.0469,3.3105
tiny,chip_321_314_merged.tif,0.4,1,1877462502,78,34.9918,35.9435,0.9517
tiny,chip_321_314_merged.tif,0.4,2,1397516984,78,34.0997,36.6958,2.5961
tiny,chip_321_314_merged.tif,0.4,3,1016910353,78,34.1732,36.4112,2.238
tiny,chip_321_314_merged.tif,0.4,4,536964835,78,33.7365,36.185,2.4485
tiny,chip_321_314_merged.tif,0.6,0,1514770926,117,34.4249,36.137,1.7121
tiny,chip_321_314_merged.tif,0.6,1,1134164295,117,33.9751,35.4229,1.4478
tiny,chip_321_314_merged.tif,0.6,2,654218777,117,34.4396,35.8452,1.4056
tiny,chip_321_314_merged.tif,0.6,3,273612146,117,34.2828,35.8132,1.5304
tiny,chip_321_314_merged.tif,0.6,4,2040489163,117,33.9961,35.5082,1.5122
tiny,chip_321_314_merged.tif,0.8,0,1032178730,156,34.3146,34.8564,0.5418
tiny,chip_321_314_merged.tif,0.8,1,651572099,156,33.8373,35.2391,1.4017
tiny,chip_321_314_merged.tif,0.8,2,270965468,156,34.4306,34.7006,0.27
tiny,chip_321_314_merged.tif,0.8,3,1938503598,156,33.9399,34.772,0.8321
tiny,chip_321_314_merged.tif,0.8,4,1557896967,156,33.8368,35.318,1.4812
tiny,chip_322_417_merged.tif,0.2,0,179000502,39,28.7835,32.3882,3.6047
tiny,chip_322_417_merged.tif,0.2,1,1846538632,39,31.5542,31.9998,0.4456
tiny,chip_322_417_merged.tif,0.2,2,1465932001,39,32.9464,32.8809,-0.0655
tiny,chip_322_417_merged.tif,0.2,3,1085325370,39,33.5959,32.8396,-0.7563
tiny,chip_322_417_merged.tif,0.2,4,605379852,39,27.0326,32.9015,5.8689
tiny,chip_322_417_merged.tif,0.4,0,18385169,78,24.7735,32.9941,8.2206
tiny,chip_322_417_merged.tif,0.4,1,1685923299,78,28.9371,32.0283,3.0912
tiny,chip_322_417_merged.tif,0.4,2,1305316668,78,30.0675,32.154,2.0865
tiny,chip_322_417_merged.tif,0.4,3,825371150,78,29.3794,32.7148,3.3354
tiny,chip_322_417_merged.tif,0.4,4,444764519,78,24.5549,32.9276,8.3726
tiny,chip_322_417_merged.tif,0.6,0,1422570610,117,23.6301,32.1931,8.563
tiny,chip_322_417_merged.tif,0.6,1,942625092,117,28.7041,31.1587,2.4546
tiny,chip_322_417_merged.tif,0.6,2,562018461,117,29.2091,31.5017,2.2927
tiny,chip_322_417_merged.tif,0.6,3,82072943,117,26.5945,32.2532,5.6587
tiny,chip_322_417_merged.tif,0.6,4,1848949960,117,23.6467,31.3822,7.7355
tiny,chip_322_417_merged.tif,0.8,0,939978414,156,25.9692,30.8731,4.9039
tiny,chip_322_417_merged.tif,0.8,1,460032896,156,25.9308,29.8863,3.9555
tiny,chip_322_417_merged.tif,0.8,2,79426265,156,27.8779,30.4109,2.533
tiny,chip_322_417_merged.tif,0.8,3,1846303282,156,26.0458,29.6592,3.6134
tiny,chip_322_417_merged.tif,0.8,4,1366357764,156,24.8807,30.1797,5.2989
tiny,chip_322_533_merged.tif,0.2,0,840517384,39,28.7878,32.3138,3.526
tiny,chip_322_533_merged.tif,0.2,1,459910753,39,28.6217,33.3465,4.7248
tiny,chip_322_533_merged.tif,0.2,2,2127448883,39,28.7894,32.7581,3.9687
tiny,chip_322_533_merged.tif,0.2,3,1746842252,39,28.8075,32.5349,3.7274
tiny,chip_322_533_merged.tif,0.2,4,1266896734,39,30.0844,33.0962,3.0119
tiny,chip_322_533_merged.tif,0.4,0,679902051,78,28.8051,32.6105,3.8053
tiny,chip_322_533_merged.tif,0.4,1,199956533,78,29.158,29.4824,0.3244
tiny,chip_322_533_merged.tif,0.4,2,1966833550,78,28.5542,32.7201,4.1659
tiny,chip_322_533_merged.tif,0.4,3,1586226919,78,29.8034,32.1611,2.3576
tiny,chip_322_533_merged.tif,0.4,4,1106281401,78,28.8991,32.2378,3.3387
tiny,chip_322_533_merged.tif,0.6,0,2084087492,117,28.7417,30.2585,1.5168
tiny,chip_322_533_merged.tif,0.6,1,1604141974,117,28.7542,30.9795,2.2253
tiny,chip_322_533_merged.tif,0.6,2,1223535343,117,29.1169,31.0286,1.9117
tiny,chip_322_533_merged.tif,0.6,3,842928712,117,29.316,31.3098,1.9939
tiny,chip_322_533_merged.tif,0.6,4,362983194,117,28.7388,30.655,1.9162
tiny,chip_322_533_merged.tif,0.8,0,1601495296,156,28.5654,30.1286,1.5632
tiny,chip_322_533_merged.tif,0.8,1,1220888665,156,28.8372,30.3923,1.5552
tiny,chip_322_533_merged.tif,0.8,2,740943147,156,28.6809,30.3626,1.6817
tiny,chip_322_533_merged.tif,0.8,3,360336516,156,28.5444,30.1483,1.6039
tiny,chip_322_533_merged.tif,0.8,4,2027874646,156,29.1057,30.4648,1.3591
tiny,chip_322_543_merged.tif,0.2,0,735787014,39,33.6406,33.6794,0.0388
tiny,chip_322_543_merged.tif,0.2,1,255841496,39,33.8386,36.0212,2.1826
tiny,chip_322_543_merged.tif,0.2,2,2022718513,39,34.4232,35.9935,1.5702
tiny,chip_322_543_merged.tif,0.2,3,1642111882,39,34.6802,35.4161,0.7359
tiny,chip_322_543_merged.tif,0.2,4,1162166364,39,31.7158,34.6609,2.9452
tiny,chip_322_543_merged.tif,0.4,0,1817995592,78,31.4804,32.3299,0.8495
tiny,chip_322_543_merged.tif,0.4,1,1437388961,78,31.3302,34.5497,3.2195
tiny,chip_322_543_merged.tif,0.4,2,1056782330,78,32.6725,34.2266,1.5541
tiny,chip_322_543_merged.tif,0.4,3,576836812,78,33.0821,32.3765,-0.7056
tiny,chip_322_543_merged.tif,0.4,4,196230181,78,32.6741,33.8588,1.1847
tiny,chip_322_543_merged.tif,0.6,0,585473450,117,32.7868,33.0985,0.3118
tiny,chip_322_543_merged.tif,0.6,1,204866819,117,31.8716,34.3668,2.4952
tiny,chip_322_543_merged.tif,0.6,2,1971743836,117,32.9699,32.8412,-0.1287
tiny,chip_322_543_merged.tif,0.6,3,1491798318,117,31.887,33.5636,1.6766
tiny,chip_322_543_merged.tif,0.6,4,1111191687,117,31.9848,34.409,2.4243
tiny,chip_322_543_merged.tif,0.8,0,1496764926,156,30.8682,32.8583,1.9901
tiny,chip_322_543_merged.tif,0.8,1,1016819408,156,31.2436,31.8298,0.5862
tiny,chip_322_543_merged.tif,0.8,2,636212777,156,31.9734,32.7011,0.7278
tiny,chip_322_543_merged.tif,0.8,3,255606146,156,30.8611,32.881,2.0199
tiny,chip_322_543_merged.tif,0.8,4,1923144276,156,32.0237,32.1373,0.1136
tiny,chip_324_316_merged.tif,0.2,0,1701498502,39,34.4136,36.3941,1.9806
tiny,chip_324_316_merged.tif,0.2,1,1320891871,39,36.1132,35.7053,-0.4079
tiny,chip_324_316_merged.tif,0.2,2,840946353,39,35.3325,35.7989,0.4663
tiny,chip_324_316_merged.tif,0.2,3,460339722,39,36.1459,36.8746,0.7287
tiny,chip_324_316_merged.tif,0.2,4,2127877852,39,35.5162,36.8033,1.2871
tiny,chip_324_316_merged.tif,0.4,0,1540883169,78,35.0251,35.8097,0.7846
tiny,chip_324_316_merged.tif,0.4,1,1060937651,78,31.592,36.1903,4.5983
tiny,chip_324_316_merged.tif,0.4,2,680331020,78,34.4339,35.9432,1.5093
tiny,chip_324_316_merged.tif,0.4,3,299724389,78,34.6928,36.0482,1.3554
tiny,chip_324_316_merged.tif,0.4,4,1967262519,78,30.8207,35.4527,4.632
tiny,chip_324_316_merged.tif,0.6,0,797584962,117,33.6572,34.6624,1.0053
tiny,chip_324_316_merged.tif,0.6,1,416978331,117,34.1541,35.158,1.0039
tiny,chip_324_316_merged.tif,0.6,2,2084516461,117,33.648,35.8819,2.2339
tiny,chip_324_316_merged.tif,0.6,3,1703909830,117,34.2689,34.0717,-0.1972
tiny,chip_324_316_merged.tif,0.6,4,1223964312,117,34.0327,34.9011,0.8685
tiny,chip_324_316_merged.tif,0.8,0,314992766,156,33.6449,33.9618,0.3169
tiny,chip_324_316_merged.tif,0.8,1,2081869783,156,33.5088,34.0983,0.5895
tiny,chip_324_316_merged.tif,0.8,2,1601924265,156,32.448,33.3923,0.9443
tiny,chip_324_316_merged.tif,0.8,3,1221317634,156,32.4494,34.4062,1.9568
tiny,chip_324_316_merged.tif,0.8,4,741372116,156,32.4545,34.602,2.1475
tiny,chip_325_314_merged.tif,0.2,0,1696848857,39,34.3601,36.3008,1.9406
tiny,chip_325_314_merged.tif,0.2,1,1316242226,39,34.0214,36.2347,2.2133
tiny,chip_325_314_merged.tif,0.2,2,836296708,39,33.7204,35.3619,1.6415
tiny,chip_325_314_merged.tif,0.2,3,455690077,39,34.0229,36.0541,2.0312
tiny,chip_325_314_merged.tif,0.2,4,2123228207,39,33.9258,35.9437,2.0179
tiny,chip_325_314_merged.tif,0.4,0,1536233524,78,34.2587,35.6965,1.4379
tiny,chip_325_314_merged.tif,0.4,1,1056288006,78,33.9874,36.0485,2.0612
tiny,chip_325_314_merged.tif,0.4,2,675681375,78,34.1292,35.963,1.8339
tiny,chip_325_314_merged.tif,0.4,3,195735857,78,32.6036,35.8699,3.2663
tiny,chip_325_314_merged.tif,0.4,4,1962612874,78,33.3609,35.187,1.8261
tiny,chip_325_314_merged.tif,0.6,0,792935317,117,33.8146,35.0822,1.2676
tiny,chip_325_314_merged.tif,0.6,1,312989799,117,34.2014,35.2108,1.0094
tiny,chip_325_314_merged.tif,0.6,2,2079866816,117,32.4793,35.5854,3.1061
tiny,chip_325_314_merged.tif,0.6,3,1699260185,117,32.8782,35.1533,2.2751
tiny,chip_325_314_merged.tif,0.6,4,1219314667,117,34.0883,35.1859,1.0977
tiny,chip_325_314_merged.tif,0.8,0,310343121,156,33.5134,34.0995,0.5861
tiny,chip_325_314_merged.tif,0.8,1,2077220138,156,33.9049,34.5023,0.5974
tiny,chip_325_314_merged.tif,0.8,2,1597274620,156,33.4467,34.5282,1.0815
tiny,chip_325_314_merged.tif,0.8,3,1216667989,156,32.5148,34.6098,2.0949
tiny,chip_325_314_merged.tif,0.8,4,736722471,156,33.6568,34.3425,0.6857
tiny,chip_325_316_merged.tif,0.2,0,1971274514,39,31.3788,36.8832,5.5045
tiny,chip_325_316_merged.tif,0.2,1,1491328996,39,32.2705,35.8614,3.5909
tiny,chip_325_316_merged.tif,0.2,2,1110722365,39,34.9413,36.3793,1.438
tiny,chip_325_316_merged.tif,0.2,3,730115734,39,34.853,36.3126,1.4597
tiny,chip_325_316_merged.tif,0.2,4,250170216,39,34.8551,36.9445,2.0894
tiny,chip_325_316_merged.tif,0.4,0,1810659181,78,34.1767,36.1066,1.9299
tiny,chip_325_316_merged.tif,0.4,1,1330713663,78,32.2781,35.7135,3.4354
tiny,chip_325_316_merged.tif,0.4,2,950107032,78,34.1765,35.7506,1.5741
tiny,chip_325_316_merged.tif,0.4,3,470161514,78,34.2794,35.6945,1.4151
tiny,chip_325_316_merged.tif,0.4,4,89554883,78,31.9795,36.2006,4.2211
tiny,chip_325_316_merged.tif,0.6,0,1067360974,117,33.2156,35.3717,2.1561
tiny,chip_325_316_merged.tif,0.6,1,587415456,117,33.6759,34.7628,1.087
tiny,chip_325_316_merged.tif,0.6,2,206808825,117,33.0395,34.8261,1.7866
tiny,chip_325_316_merged.tif,0.6,3,1874346955,117,33.0337,35.338,2.3043
tiny,chip_325_316_merged.tif,0.6,4,1493740324,117,32.819,35.1288,2.3098
tiny,chip_325_316_merged.tif,0.8,0,584768778,156,32.3527,34.1852,1.8325
tiny,chip_325_316_merged.tif,0.8,1,104823260,156,32.3655,34.0849,1.7194
tiny,chip_325_316_merged.tif,0.8,2,1871700277,156,32.6861,34.3249,1.6388
tiny,chip_325_316_merged.tif,0.8,3,1491093646,156,32.9969,33.8293,0.8324
tiny,chip_325_316_merged.tif,0.8,4,1011148128,156,31.9943,33.9561,1.9617
tiny,chip_326_499_merged.tif,0.2,0,1383504248,39,36.9886,37.9652,0.9766
tiny,chip_326_499_merged.tif,0.2,1,1002897617,39,34.2052,37.4512,3.246
tiny,chip_326_499_merged.tif,0.2,2,522952099,39,36.9887,37.0482,0.0595
tiny,chip_326_499_merged.tif,0.2,3,142345468,39,36.1635,36.732,0.5685
tiny,chip_326_499_merged.tif,0.2,4,1809883598,39,36.1622,37.275,1.1128
tiny,chip_326_499_merged.tif,0.4,0,318229178,78,34.6315,37.1828,2.5513
tiny,chip_326_499_merged.tif,0.4,1,2085106195,78,35.17,37.4194,2.2494
tiny,chip_326_499_merged.tif,0.4,2,1704499564,78,35.172,36.7717,1.5997
tiny,chip_326_499_merged.tif,0.4,3,1224554046,78,34.5554,37.0911,2.5357
tiny,chip_326_499_merged.tif,0.4,4,843947415,78,34.917,37.8904,2.9734
tiny,chip_326_499_merged.tif,0.6,0,479590708,117,34.5101,36.6964,2.1864
tiny,chip_326_499_merged.tif,0.6,1,2147128838,117,33.2449,35.935,2.6901
tiny,chip_326_499_merged.tif,0.6,2,1766522207,117,34.1621,36.8777,2.7156
tiny,chip_326_499_merged.tif,0.6,3,1286576689,117,33.259,37.4867,4.2277
tiny,chip_326_499_merged.tif,0.6,4,905970058,117,34.5255,37.5636,3.0381
tiny,chip_326_499_merged.tif,0.8,0,2144482160,156,33.4589,35.9084,2.4495
tiny,chip_326_499_merged.tif,0.8,1,1664536642,156,34.4803,36.1963,1.716
tiny,chip_326_499_merged.tif,0.8,2,1283930011,156,34.4682,35.5805,1.1124
tiny,chip_326_499_merged.tif,0.8,3,903323380,156,34.0869,34.8104,0.7234
tiny,chip_326_499_merged.tif,0.8,4,423377862,156,34.1407,35.8921,1.7514
tiny,chip_327_511_merged.tif,0.2,0,549612555,39,32.7939,35.4447,2.6508
tiny,chip_327_511_merged.tif,0.2,1,69667037,39,32.6686,34.1925,1.5239
tiny,chip_327_511_merged.tif,0.2,2,1836544054,39,31.7663,34.6501,2.8839
tiny,chip_327_511_merged.tif,0.2,3,1356598536,39,34.1316,34.3481,0.2165
tiny,chip_327_511_merged.tif,0.2,4,975991905,39,31.7666,34.2404,2.4738
tiny,chip_327_511_merged.tif,0.4,0,1631821133,78,31.9473,33.399,1.4517
tiny,chip_327_511_merged.tif,0.4,1,1251214502,78,32.476,34.369,1.893
tiny,chip_327_511_merged.tif,0.4,2,771268984,78,32.05,34.4568,2.4068
tiny,chip_327_511_merged.tif,0.4,3,390662353,78,32.1831,33.8238,1.6408
tiny,chip_327_511_merged.tif,0.4,4,2058200483,78,32.0172,32.7816,0.7644
tiny,chip_327_511_merged.tif,0.6,0,1693843776,117,29.1032,33.0491,3.9459
tiny,chip_327_511_merged.tif,0.6,1,1313237145,117,30.7135,32.7843,2.0708
tiny,chip_327_511_merged.tif,0.6,2,932630514,117,30.8692,32.8297,1.9605
tiny,chip_327_511_merged.tif,0.6,3,452684996,117,32.1432,33.0077,0.8644
tiny,chip_327_511_merged.tif,0.6,4,72078365,117,31.4764,32.7409,1.2645
tiny,chip_327_511_merged.tif,0.8,0,1310590467,156,28.6641,32.021,3.3568
tiny,chip_327_511_merged.tif,0.8,1,830644949,156,31.7661,31.82,0.0539
tiny,chip_327_511_merged.tif,0.8,2,450038318,156,31.0249,31.8296,0.8047
tiny,chip_327_511_merged.tif,0.8,3,2117576448,156,30.8177,32.0065,1.1888
tiny,chip_327_511_merged.tif,0.8,4,1736969817,156,31.772,32.2117,0.4396
tiny,chip_327_516_merged.tif,0.2,0,116646332,39,33.4573,35.1772,1.7199
tiny,chip_327_516_merged.tif,0.2,1,1784184462,39,31.8774,34.2118,2.3345
tiny,chip_327_516_merged.tif,0.2,2,1403577831,39,32.9609,35.3221,2.3612
tiny,chip_327_516_merged.tif,0.2,3,1022971200,39,34.3162,35.4354,1.1191
tiny,chip_327_516_merged.tif,0.2,4,543025682,39,33.1612,35.4826,2.3214
tiny,chip_327_516_merged.tif,0.4,0,2103514647,78,31.9371,35.2735,3.3363
tiny,chip_327_516_merged.tif,0.4,1,1623569129,78,31.9749,34.249,2.2742
tiny,chip_327_516_merged.tif,0.4,2,1242962498,78,29.3081,33.9976,4.6895
tiny,chip_327_516_merged.tif,0.4,3,763016980,78,32.5035,35.1478,2.6443
tiny,chip_327_516_merged.tif,0.4,4,382410349,78,30.5527,35.1391,4.5864
tiny,chip_327_516_merged.tif,0.6,0,1360216440,117,32.479,33.5609,1.0819
tiny,chip_327_516_merged.tif,0.6,1,880270922,117,30.2292,34.4993,4.2701
tiny,chip_327_516_merged.tif,0.6,2,499664291,117,30.6697,34.0862,3.4165
tiny,chip_327_516_merged.tif,0.6,3,19718773,117,30.7192,33.3517,2.6324
tiny,chip_327_516_merged.tif,0.6,4,1786595790,117,30.6813,34.5814,3.9001
tiny,chip_327_516_merged.tif,0.8,0,877624244,156,31.5612,32.7891,1.2279
tiny,chip_327_516_merged.tif,0.8,1,397678726,156,31.5809,32.2107,0.6298
tiny,chip_327_516_merged.tif,0.8,2,17072095,156,30.1487,32.3418,2.1932
tiny,chip_327_516_merged.tif,0.8,3,1783949112,156,30.7163,32.2004,1.4841
tiny,chip_327_516_merged.tif,0.8,4,1304003594,156,31.5788,32.9595,1.3807
tiny,chip_329_493_merged.tif,0.2,0,1900139972,39,35.4448,36.1688,0.724
tiny,chip_329_493_merged.tif,0.2,1,1519533341,39,35.647,34.5687,-1.0782
tiny,chip_329_493_merged.tif,0.2,2,1138926710,39,33.8338,36.534,2.7002
tiny,chip_329_493_merged.tif,0.2,3,658981192,39,33.8972,36.2095,2.3123
tiny,chip_329_493_merged.tif,0.2,4,278374561,39,34.8126,37.1937,2.3811
tiny,chip_329_493_merged.tif,0.4,0,934203789,78,34.1942,35.9959,1.8018
tiny,chip_329_493_merged.tif,0.4,1,454258271,78,34.5654,36.2307,1.6653
tiny,chip_329_493_merged.tif,0.4,2,73651640,78,34.2507,36.35,2.0994
tiny,chip_329_493_merged.tif,0.4,3,1840528657,78,34.6219,35.4383,0.8165
tiny,chip_329_493_merged.tif,0.4,4,1360583139,78,34.195,36.2032,2.0081
tiny,chip_329_493_merged.tif,0.6,0,996226432,117,34.2621,36.4746,2.2125
tiny,chip_329_493_merged.tif,0.6,1,615619801,117,34.4415,34.7233,0.2818
tiny,chip_329_493_merged.tif,0.6,2,135674283,117,34.2834,34.7336,0.4502
tiny,chip_329_493_merged.tif,0.6,3,1902551300,117,34.2882,35.1333,0.8452
tiny,chip_329_493_merged.tif,0.6,4,1422605782,117,34.3125,35.2688,0.9563
tiny,chip_329_493_merged.tif,0.8,0,513634236,156,33.6262,35.3177,1.6915
tiny,chip_329_493_merged.tif,0.8,1,133027605,156,33.776,33.7198,-0.0562
tiny,chip_329_493_merged.tif,0.8,2,1800565735,156,34.0406,34.6778,0.6372
tiny,chip_329_493_merged.tif,0.8,3,1419959104,156,34.1551,35.5398,1.3847
tiny,chip_329_493_merged.tif,0.8,4,1039352473,156,34.287,34.2201,-0.0668
tiny,chip_329_512_merged.tif,0.2,0,229478008,39,29.6192,34.5973,4.9781
tiny,chip_329_512_merged.tif,0.2,1,1897016138,39,31.6814,34.0422,2.3609
tiny,chip_329_512_merged.tif,0.2,2,1516409507,39,32.5249,34.7177,2.1928
tiny,chip_329_512_merged.tif,0.2,3,1135802876,39,32.2691,35.2813,3.0122
tiny,chip_329_512_merged.tif,0.2,4,655857358,39,31.2483,35.1041,3.8558
tiny,chip_329_512_merged.tif,0.4,0,68862675,78,30.6596,33.5724,2.9128
tiny,chip_329_512_merged.tif,0.4,1,1736400805,78,30.4991,33.8658,3.3667
tiny,chip_329_512_merged.tif,0.4,2,1355794174,78,30.976,33.3618,2.3859
tiny,chip_329_512_merged.tif,0.4,3,875848656,78,30.9776,34.4174,3.4398
tiny,chip_329_512_merged.tif,0.4,4,495242025,78,29.0134,33.5023,4.4889
tiny,chip_329_512_merged.tif,0.6,0,1473048116,117,30.4524,34.1477,3.6953
tiny,chip_329_512_merged.tif,0.6,1,993102598,117,30.684,33.4575,2.7735
tiny,chip_329_512_merged.tif,0.6,2,612495967,117,30.2954,33.8766,3.5812
tiny,chip_329_512_merged.tif,0.6,3,132550449,117,29.2476,32.5337,3.2861
tiny,chip_329_512_merged.tif,0.6,4,1899427466,117,30.3201,33.7821,3.4621
tiny,chip_329_512_merged.tif,0.8,0,990455920,156,30.4074,32.6624,2.255
tiny,chip_329_512_merged.tif,0.8,1,510510402,156,29.9798,32.5662,2.5864
tiny,chip_329_512_merged.tif,0.8,2,129903771,156,30.531,32.5363,2.0053
tiny,chip_329_512_merged.tif,0.8,3,1896780788,156,29.8127,32.3823,2.5696
tiny,chip_329_512_merged.tif,0.8,4,1416835270,156,30.4348,31.6502,1.2154
tiny,chip_330_499_merged.tif,0.2,0,1715311891,39,35.7186,36.9906,1.2721
tiny,chip_330_499_merged.tif,0.2,1,1334705260,39,34.6028,36.1382,1.5355
tiny,chip_330_499_merged.tif,0.2,2,854759742,39,33.6863,36.3441,2.6578
tiny,chip_330_499_merged.tif,0.2,3,474153111,39,35.2382,36.3597,1.1215
tiny,chip_330_499_merged.tif,0.2,4,93546480,39,34.3949,36.9214,2.5265
tiny,chip_330_499_merged.tif,0.4,0,749375708,78,35.1164,36.1863,1.0699
tiny,chip_330_499_merged.tif,0.4,1,269430190,78,35.1159,35.8429,0.727
tiny,chip_330_499_merged.tif,0.4,2,2036307207,78,34.9534,36.8848,1.9313
tiny,chip_330_499_merged.tif,0.4,3,1655700576,78,33.9037,35.4602,1.5564
tiny,chip_330_499_merged.tif,0.4,4,1175755058,78,35.0074,35.1974,0.19
tiny,chip_330_499_merged.tif,0.6,0,811398351,117,35.0296,35.4068,0.3772
tiny,chip_330_499_merged.tif,0.6,1,430791720,117,34.8176,35.159,0.3415
tiny,chip_330_499_merged.tif,0.6,2,2098329850,117,34.1863,35.5915,1.4052
tiny,chip_330_499_merged.tif,0.6,3,1717723219,117,34.599,35.4181,0.8191
tiny,chip_330_499_merged.tif,0.6,4,1237777701,117,34.2017,35.5765,1.3749
tiny,chip_330_499_merged.tif,0.8,0,1722689827,156,33.6119,34.7836,1.1717
tiny,chip_330_499_merged.tif,0.8,1,1242744309,156,34.9249,35.1961,0.2712
tiny,chip_330_499_merged.tif,0.8,2,862137678,156,34.0569,34.6952,0.6383
tiny,chip_330_499_merged.tif,0.8,3,382192160,156,34.3641,35.1718,0.8076
tiny,chip_330_499_merged.tif,0.8,4,1585529,156,33.6465,33.9134,0.267
tiny,chip_331_495_merged.tif,0.2,0,1819702096,39,33.5489,37.702,4.1532
tiny,chip_331_495_merged.tif,0.2,1,1439095465,39,34.5604,37.562,3.0016
tiny,chip_331_495_merged.tif,0.2,2,1058488834,39,35.4744,37.4707,1.9963
tiny,chip_331_495_merged.tif,0.2,3,578543316,39,34.6231,37.7238,3.1007
tiny,chip_331_495_merged.tif,0.2,4,197936685,39,34.5612,37.214,2.6529
tiny,chip_331_495_merged.tif,0.4,0,853765913,78,34.7455,37.4252,2.6796
tiny,chip_331_495_merged.tif,0.4,1,373820395,78,33.5739,36.2086,2.6347
tiny,chip_331_495_merged.tif,0.4,2,2140697412,78,34.3364,36.2455,1.909
tiny,chip_331_495_merged.tif,0.4,3,1760090781,78,34.6404,36.8911,2.2507
tiny,chip_331_495_merged.tif,0.4,4,1280145263,78,34.7451,36.7874,2.0423
tiny,chip_331_495_merged.tif,0.6,0,915788556,117,33.501,36.171,2.6699
tiny,chip_331_495_merged.tif,0.6,1,535181925,117,33.2997,35.4543,2.1545
tiny,chip_331_495_merged.tif,0.6,2,55236407,117,33.3023,35.7877,2.4854
tiny,chip_331_495_merged.tif,0.6,3,1822113424,117,33.5095,36.3714,2.8619
tiny,chip_331_495_merged.tif,0.6,4,1342167906,117,33.5036,35.7689,2.2653
tiny,chip_331_495_merged.tif,0.8,0,433196360,156,33.4632,34.7604,1.2973
tiny,chip_331_495_merged.tif,0.8,1,52589729,156,33.3278,34.1845,0.8567
tiny,chip_331_495_merged.tif,0.8,2,1720127859,156,33.8395,35.0663,1.2267
tiny,chip_331_495_merged.tif,0.8,3,1339521228,156,33.2244,34.8781,1.6537
tiny,chip_331_495_merged.tif,0.8,4,958914597,156,33.4644,34.3247,0.8603
tiny,chip_332_499_merged.tif,0.2,0,1313649359,39,35.149,35.7085,0.5595
tiny,chip_332_499_merged.tif,0.2,1,833703841,39,32.2344,35.4332,3.1988
tiny,chip_332_499_merged.tif,0.2,2,453097210,39,34.7059,36.0871,1.3813
tiny,chip_332_499_merged.tif,0.2,3,2120635340,39,35.2047,35.3078,0.103
tiny,chip_332_499_merged.tif,0.2,4,1740028709,39,32.133,35.5815,3.4485
tiny,chip_332_499_merged.tif,0.4,0,1053695139,78,34.5648,34.8355,0.2708
tiny,chip_332_499_merged.tif,0.4,1,673088508,78,34.3657,35.6673,1.3016
tiny,chip_332_499_merged.tif,0.4,2,292481877,78,31.7587,35.1936,3.4349
tiny,chip_332_499_merged.tif,0.4,3,1960020007,78,33.1325,35.1051,1.9727
tiny,chip_332_499_merged.tif,0.4,4,1579413376,78,34.3267,33.6248,-0.7018
tiny,chip_332_499_merged.tif,0.6,0,409735819,117,33.4008,34.8109,1.41
tiny,chip_332_499_merged.tif,0.6,1,2077273949,117,33.2543,34.6812,1.427
tiny,chip_332_499_merged.tif,0.6,2,1696667318,117,31.4216,33.791,2.3694
tiny,chip_332_499_merged.tif,0.6,3,1216721800,117,33.1341,33.9719,0.8378
tiny,chip_332_499_merged.tif,0.6,4,836115169,117,33.5088,34.63,1.1212
tiny,chip_332_499_merged.tif,0.8,0,2074627271,156,31.8894,33.6963,1.8069
tiny,chip_332_499_merged.tif,0.8,1,1594681753,156,32.6887,34.6633,1.9746
tiny,chip_332_499_merged.tif,0.8,2,1214075122,156,32.0842,33.6957,1.6115
tiny,chip_332_499_merged.tif,0.8,3,734129604,156,32.7702,33.4628,0.6926
tiny,chip_332_499_merged.tif,0.8,4,353522973,156,32.7679,34.5376,1.7697
tiny,chip_333_509_merged.tif,0.2,0,1938949949,39,32.188,33.5274,1.3395
tiny,chip_333_509_merged.tif,0.2,1,1558343318,39,32.0588,35.2872,3.2283
tiny,chip_333_509_merged.tif,0.2,2,1177736687,39,31.4769,32.7728,1.2959
tiny,chip_333_509_merged.tif,0.2,3,697791169,39,32.0291,34.1322,2.103
tiny,chip_333_509_merged.tif,0.2,4,317184538,39,30.341,33.4709,3.1299
tiny,chip_333_509_merged.tif,0.4,0,973013766,78,30.2132,33.1471,2.9339
tiny,chip_333_509_merged.tif,0.4,1,592407135,78,28.3532,33.3256,4.9725
tiny,chip_333_509_merged.tif,0.4,2,112461617,78,28.8969,33.7435,4.8466
tiny,chip_333_509_merged.tif,0.4,3,1879338634,78,30.185,33.5765,3.3915
tiny,chip_333_509_merged.tif,0.4,4,1399393116,78,28.8901,33.4809,4.5908
tiny,chip_333_509_merged.tif,0.6,0,1082654422,117,28.3898,32.7274,4.3377
tiny,chip_333_509_merged.tif,0.6,1,602708904,117,29.5553,32.563,3.0077
tiny,chip_333_509_merged.tif,0.6,2,222102273,117,28.613,32.6434,4.0303
tiny,chip_333_509_merged.tif,0.6,3,1988979290,117,28.989,32.7931,3.8041
tiny,chip_333_509_merged.tif,0.6,4,1509033772,117,28.9862,32.7684,3.7822
tiny,chip_333_509_merged.tif,0.8,0,1894607011,156,28.959,31.5573,2.5983
tiny,chip_333_509_merged.tif,0.8,1,1514000380,156,28.2301,30.8934,2.6633
tiny,chip_333_509_merged.tif,0.8,2,1034054862,156,28.7588,31.0029,2.2441
tiny,chip_333_509_merged.tif,0.8,3,653448231,156,27.5575,29.7703,2.2128
tiny,chip_333_509_merged.tif,0.8,4,272841600,156,29.2637,31.7882,2.5245
tiny,chip_333_515_merged.tif,0.2,0,646854201,39,33.7492,35.1453,1.3961
tiny,chip_333_515_merged.tif,0.2,1,266247570,39,32.9263,35.9233,2.997
tiny,chip_333_515_merged.tif,0.2,2,2033124587,39,33.8824,35.9714,2.089
tiny,chip_333_515_merged.tif,0.2,3,1553179069,39,34.8984,35.4465,0.5481
tiny,chip_333_515_merged.tif,0.2,4,1172572438,39,33.4247,35.637,2.2123
tiny,chip_333_515_merged.tif,0.4,0,486238868,78,33.4923,35.4623,1.97
tiny,chip_333_515_merged.tif,0.4,1,105632237,78,33.439,35.238,1.799
tiny,chip_333_515_merged.tif,0.4,2,1773170367,78,32.9115,35.7752,2.8637
tiny,chip_333_515_merged.tif,0.4,3,1392563736,78,33.4381,35.6591,2.221
tiny,chip_333_515_merged.tif,0.4,4,912618218,78,33.4914,35.883,2.3916
tiny,chip_333_515_merged.tif,0.6,0,1890424309,117,33.169,34.776,1.607
tiny,chip_333_515_merged.tif,0.6,1,1509817678,117,33.0857,34.242,1.1563
tiny,chip_333_515_merged.tif,0.6,2,1029872160,117,33.0359,34.3847,1.3488
tiny,chip_333_515_merged.tif,0.6,3,649265529,117,33.19,35.0886,1.8986
tiny,chip_333_515_merged.tif,0.6,4,169320011,117,32.9493,34.7009,1.7516
tiny,chip_333_515_merged.tif,0.8,0,1407832113,156,32.7795,33.7347,0.9553
tiny,chip_333_515_merged.tif,0.8,1,1027225482,156,32.9921,34.254,1.2619
tiny,chip_333_515_merged.tif,0.8,2,646618851,156,32.9514,33.7193,0.7678
tiny,chip_333_515_merged.tif,0.8,3,166673333,156,32.7432,34.1409,1.3977
tiny,chip_333_515_merged.tif,0.8,4,1933550350,156,33.0009,33.6165,0.6155
tiny,chip_341_499_merged.tif,0.2,0,1876873557,39,39.9994,40.8714,0.8719
tiny,chip_341_499_merged.tif,0.2,1,1396928039,39,39.8419,40.6516,0.8097
tiny,chip_341_499_merged.tif,0.2,2,1016321408,39,36.3155,40.8481,4.5326
tiny,chip_341_499_merged.tif,0.2,3,536375890,39,37.0782,40.8228,3.7446
tiny,chip_341_499_merged.tif,0.2,4,155769259,39,40.2977,40.3653,0.0677
tiny,chip_341_499_merged.tif,0.4,0,1716258224,78,36.3167,40.1263,3.8096
tiny,chip_341_499_merged.tif,0.4,1,1236312706,78,39.678,39.6293,-0.0486
tiny,chip_341_499_merged.tif,0.4,2,855706075,78,38.1234,40.2931,2.1697
tiny,chip_341_499_merged.tif,0.4,3,375760557,78,37.9177,39.5132,1.5954
tiny,chip_341_499_merged.tif,0.4,4,2142637574,78,39.4358,40.3616,0.9258
tiny,chip_341_499_merged.tif,0.6,0,972960017,117,37.134,39.076,1.942
tiny,chip_341_499_merged.tif,0.6,1,493014499,117,37.0308,40.4572,3.4265
tiny,chip_341_499_merged.tif,0.6,2,112407868,117,36.9463,40.1784,3.2321
tiny,chip_341_499_merged.tif,0.6,3,1779945998,117,37.1559,39.0783,1.9223
tiny,chip_341_499_merged.tif,0.6,4,1399339367,117,38.9006,40.3939,1.4934
tiny,chip_341_499_merged.tif,0.8,0,490367821,156,37.9933,39.3382,1.3448
tiny,chip_341_499_merged.tif,0.8,1,10422303,156,38.193,39.6156,1.4226
tiny,chip_341_499_merged.tif,0.8,2,1777299320,156,37.6177,39.318,1.7002
tiny,chip_341_499_merged.tif,0.8,3,1297353802,156,37.3749,39.3437,1.9688
tiny,chip_341_499_merged.tif,0.8,4,916747171,156,38.1579,39.4736,1.3157
tiny,chip_341_534_merged.tif,0.2,0,23190976,39,30.7101,34.3374,3.6273
tiny,chip_341_534_merged.tif,0.2,1,1690729106,39,32.5113,34.1954,1.6841
tiny,chip_341_534_merged.tif,0.2,2,1310122475,39,32.3367,37.1327,4.796
tiny,chip_341_534_merged.tif,0.2,3,830176957,39,30.3893,36.2906,5.9013
tiny,chip_341_534_merged.tif,0.2,4,449570326,39,32.5155,35.9995,3.484
tiny,chip_341_534_merged.tif,0.4,0,1105399554,78,32.559,33.883,1.324
tiny,chip_341_534_merged.tif,0.4,1,724792923,78,32.6179,32.6186,0.0006
tiny,chip_341_534_merged.tif,0.4,2,244847405,78,30.7559,33.4747,2.7188
tiny,chip_341_534_merged.tif,0.4,3,2011724422,78,32.8741,34.0499,1.1758
tiny,chip_341_534_merged.tif,0.4,4,1631117791,78,32.8768,34.6012,1.7244
tiny,chip_341_534_merged.tif,0.6,0,1266761084,117,31.9703,33.4053,1.4351
tiny,chip_341_534_merged.tif,0.6,1,786815566,117,31.9483,32.4893,0.541
tiny,chip_341_534_merged.tif,0.6,2,406208935,117,30.9944,34.1253,3.1308
tiny,chip_341_534_merged.tif,0.6,3,2073747065,117,30.2367,33.1601,2.9233
tiny,chip_341_534_merged.tif,0.6,4,1693140434,117,31.0373,32.711,1.6737
tiny,chip_341_534_merged.tif,0.8,0,784168888,156,30.5756,32.1147,1.5391
tiny,chip_341_534_merged.tif,0.8,1,304223370,156,30.9125,32.1986,1.2861
tiny,chip_341_534_merged.tif,0.8,2,2071100387,156,30.9123,33.4413,2.529
tiny,chip_341_534_merged.tif,0.8,3,1591154869,156,30.9357,32.5771,1.6414
tiny,chip_341_534_merged.tif,0.8,4,1210548238,156,30.1193,31.6053,1.486
tiny,chip_351_393_merged.tif,0.2,0,1399459667,39,32.7009,36.0638,3.363
tiny,chip_351_393_merged.tif,0.2,1,919514149,39,32.2107,37.3233,5.1126
tiny,chip_351_393_merged.tif,0.2,2,538907518,39,32.1947,35.4571,3.2624
tiny,chip_351_393_merged.tif,0.2,3,158300887,39,31.8208,35.5522,3.7313
tiny,chip_351_393_merged.tif,0.2,4,1825839017,39,32.4426,33.8071,1.3645
tiny,chip_351_393_merged.tif,0.4,0,1238844334,78,32.2223,34.3785,2.1562
tiny,chip_351_393_merged.tif,0.4,1,758898816,78,31.9874,35.8412,3.8538
tiny,chip_351_393_merged.tif,0.4,2,378292185,78,30.9911,35.476,4.4848
tiny,chip_351_393_merged.tif,0.4,3,2045830315,78,33.0113,35.3162,2.3049
tiny,chip_351_393_merged.tif,0.4,4,1665223684,78,32.2442,35.0075,2.7633
tiny,chip_351_393_merged.tif,0.6,0,495546127,117,32.2453,34.7419,2.4966
tiny,chip_351_393_merged.tif,0.6,1,15600609,117,30.819,32.3374,1.5184
tiny,chip_351_393_merged.tif,0.6,2,1782477626,117,32.3443,34.1441,1.7998
tiny,chip_351_393_merged.tif,0.6,3,1302532108,117,32.0816,31.9976,-0.084
tiny,chip_351_393_merged.tif,0.6,4,921925477,117,32.3916,33.0624,0.6708
tiny,chip_351_393_merged.tif,0.8,0,12953931,156,30.4325,31.8415,1.409
tiny,chip_351_393_merged.tif,0.8,1,1680492061,156,31.1482,32.6056,1.4574
tiny,chip_351_393_merged.tif,0.8,2,1299885430,156,31.854,32.8982,1.0442
tiny,chip_351_393_merged.tif,0.8,3,919278799,156,29.8103,33.3989,3.5886
tiny,chip_351_393_merged.tif,0.8,4,439333281,156,29.8009,31.1225,1.3216
tiny,chip_351_539_merged.tif,0.2,0,2053707570,39,35.0942,36.846,1.7518
tiny,chip_351_539_merged.tif,0.2,1,1673100939,39,35.1456,37.8241,2.6785
tiny,chip_351_539_merged.tif,0.2,2,1193155421,39,34.689,38.0503,3.3613
tiny,chip_351_539_merged.tif,0.2,3,812548790,39,34.7036,37.7539,3.0502
tiny,chip_351_539_merged.tif,0.2,4,431942159,39,35.8424,37.9771,2.1348
tiny,chip_351_539_merged.tif,0.4,0,1087771387,78,35.1604,37.0207,1.8603
tiny,chip_351_539_merged.tif,0.4,1,607825869,78,34.4079,36.4056,1.9977
tiny,chip_351_539_merged.tif,0.4,2,227219238,78,34.3242,36.804,2.4798
tiny,chip_351_539_merged.tif,0.4,3,1994096255,78,34.5333,36.9128,2.3795
tiny,chip_351_539_merged.tif,0.4,4,1514150737,78,34.6023,37.6415,3.0392
tiny,chip_351_539_merged.tif,0.6,0,1149794030,117,34.2708,36.5999,2.329
tiny,chip_351_539_merged.tif,0.6,1,769187399,117,34.8201,36.6577,1.8376
tiny,chip_351_539_merged.tif,0.6,2,289241881,117,32.2765,36.8363,4.5599
tiny,chip_351_539_merged.tif,0.6,3,2056118898,117,29.4791,37.1835,7.7044
tiny,chip_351_539_merged.tif,0.6,4,1576173380,117,34.3134,36.9861,2.6727
tiny,chip_351_539_merged.tif,0.8,0,667201834,156,33.3789,35.9028,2.5239
tiny,chip_351_539_merged.tif,0.8,1,286595203,156,29.7909,35.5541,5.7632
tiny,chip_351_539_merged.tif,0.8,2,1954133333,156,33.4165,35.4941,2.0776
tiny,chip_351_539_merged.tif,0.8,3,1573526702,156,34.5133,35.9214,1.4081
tiny,chip_351_539_merged.tif,0.8,4,1192920071,156,34.5101,35.0922,0.5821
tiny,chip_354_327_merged.tif,0.2,0,2038869170,39,34.0285,36.5451,2.5167
tiny,chip_354_327_merged.tif,0.2,1,1658262539,39,34.0633,37.0305,2.9671
tiny,chip_354_327_merged.tif,0.2,2,1178317021,39,33.2271,36.0362,2.8092
tiny,chip_354_327_merged.tif,0.2,3,797710390,39,32.4928,36.252,3.7593
tiny,chip_354_327_merged.tif,0.2,4,317764872,39,33.9641,35.5441,1.58
tiny,chip_354_327_merged.tif,0.4,0,1878253837,78,34.3504,35.8953,1.5449
tiny,chip_354_327_merged.tif,0.4,1,1398308319,78,33.2719,36.0891,2.8173
tiny,chip_354_327_merged.tif,0.4,2,1017701688,78,33.317,36.0958,2.7789
tiny,chip_354_327_merged.tif,0.4,3,637095057,78,33.3204,35.7842,2.4638
tiny,chip_354_327_merged.tif,0.4,4,157149539,78,33.3155,36.0543,2.7388
tiny,chip_354_327_merged.tif,0.6,0,1134955630,117,33.2509,35.1797,1.9289
tiny,chip_354_327_merged.tif,0.6,1,655010112,117,33.7818,35.6148,1.833
tiny,chip_354_327_merged.tif,0.6,2,274403481,117,32.4793,35.2797,2.8003
tiny,chip_354_327_merged.tif,0.6,3,2041280498,117,32.4618,35.1523,2.6905
tiny,chip_354_327_merged.tif,0.6,4,1561334980,117,33.2512,35.4457,2.1945
tiny,chip_354_327_merged.tif,0.8,0,652363434,156,33.4641,34.6947,1.2305
tiny,chip_354_327_merged.tif,0.8,1,271756803,156,33.1473,34.1079,0.9606
tiny,chip_354_327_merged.tif,0.8,2,1939294933,156,32.884,34.0196,1.1356
tiny,chip_354_327_merged.tif,0.8,3,1558688302,156,33.1537,33.7057,0.552
tiny,chip_354_327_merged.tif,0.8,4,1078742784,156,32.8963,34.8565,1.9602
tiny,chip_357_370_merged.tif,0.2,0,60003936,39,32.4385,36.2911,3.8526
tiny,chip_357_370_merged.tif,0.2,1,1826880953,39,32.2539,36.0391,3.7852
tiny,chip_357_370_merged.tif,0.2,2,1346935435,39,35.0134,35.9646,0.9513
tiny,chip_357_370_merged.tif,0.2,3,966328804,39,32.4358,35.9875,3.5517
tiny,chip_357_370_merged.tif,0.2,4,585722173,39,32.3259,35.6646,3.3387
tiny,chip_357_370_merged.tif,0.4,0,2046872251,78,33.1323,35.6499,2.5176
tiny,chip_357_370_merged.tif,0.4,1,1666265620,78,31.0066,35.3785,4.372
tiny,chip_357_370_merged.tif,0.4,2,1186320102,78,31.0052,35.4809,4.4757
tiny,chip_357_370_merged.tif,0.4,3,805713471,78,31.6527,36.1973,4.5446
tiny,chip_357_370_merged.tif,0.4,4,325767953,78,33.1916,34.9615,1.7699
tiny,chip_357_370_merged.tif,0.6,0,9029259,117,32.2898,34.8802,2.5904
tiny,chip_357_370_merged.tif,0.6,1,1676567389,117,32.3076,34.7843,2.4767
tiny,chip_357_370_merged.tif,0.6,2,1295960758,117,32.0585,34.502,2.4436
tiny,chip_357_370_merged.tif,0.6,3,915354127,117,32.5882,35.8631,3.275
tiny,chip_357_370_merged.tif,0.6,4,435408609,117,32.037,35.0827,3.0457
tiny,chip_357_370_merged.tif,0.8,0,820981848,156,31.6259,33.8609,2.235
tiny,chip_357_370_merged.tif,0.8,1,440375217,156,30.5757,32.9368,2.3611
tiny,chip_357_370_merged.tif,0.8,2,2107913347,156,30.5914,33.6615,3.0701
tiny,chip_357_370_merged.tif,0.8,3,1727306716,156,30.8644,33.6041,2.7397
tiny,chip_357_370_merged.tif,0.8,4,1346700085,156,30.6576,33.5832,2.9256
tiny,chip_363_321_merged.tif,0.2,0,1710251430,39,37.1671,36.9234,-0.2437
tiny,chip_363_321_merged.tif,0.2,1,1329644799,39,35.4136,37.227,1.8134
tiny,chip_363_321_merged.tif,0.2,2,849699281,39,34.7669,37.3357,2.5688
tiny,chip_363_321_merged.tif,0.2,3,469092650,39,35.4136,36.4328,1.0192
tiny,chip_363_321_merged.tif,0.2,4,2136630780,39,36.6407,36.777,0.1363
tiny,chip_363_321_merged.tif,0.4,0,644976360,78,36.0359,36.9382,0.9022
tiny,chip_363_321_merged.tif,0.4,1,264369729,78,36.3009,36.6264,0.3255
tiny,chip_363_321_merged.tif,0.4,2,2031246746,78,36.0393,37.0956,1.0562
tiny,chip_363_321_merged.tif,0.4,3,1551301228,78,36.0356,36.3499,0.3143
tiny,chip_363_321_merged.tif,0.4,4,1170694597,78,36.3325,37.131,0.7985
tiny,chip_363_321_merged.tif,0.6,0,806337890,117,35.2449,36.6205,1.3756
tiny,chip_363_321_merged.tif,0.6,1,326392372,117,35.6108,36.2293,0.6185
tiny,chip_363_321_merged.tif,0.6,2,2093269389,117,35.3682,36.4692,1.101
tiny,chip_363_321_merged.tif,0.6,3,1712662758,117,34.5207,36.6988,2.1781
tiny,chip_363_321_merged.tif,0.6,4,1232717240,117,36.1441,36.5994,0.4553
tiny,chip_363_321_merged.tif,0.8,0,323745694,156,35.1547,36.1818,1.0271
tiny,chip_363_321_merged.tif,0.8,1,2090622711,156,35.1213,36.0632,0.9419
tiny,chip_363_321_merged.tif,0.8,2,1610677193,156,34.8085,36.1054,1.2969
tiny,chip_363_321_merged.tif,0.8,3,1230070562,156,35.1986,35.8254,0.6268
tiny,chip_363_321_merged.tif,0.8,4,750125044,156,34.1853,35.8681,1.6828
tiny,chip_365_309_merged.tif,0.2,0,666759313,39,35.3454,39.3978,4.0524
tiny,chip_365_309_merged.tif,0.2,1,186813795,39,34.9798,38.5496,3.5698
tiny,chip_365_309_merged.tif,0.2,2,1953690812,39,35.2357,36.8778,1.6421
tiny,chip_365_309_merged.tif,0.2,3,1473745294,39,35.4385,38.8087,3.3702
tiny,chip_365_309_merged.tif,0.2,4,1093138663,39,37.116,37.197,0.0809
tiny,chip_365_309_merged.tif,0.4,0,406805093,78,34.9735,37.9495,2.976
tiny,chip_365_309_merged.tif,0.4,1,26198462,78,34.8127,36.1473,1.3346
tiny,chip_365_309_merged.tif,0.4,2,1693736592,78,34.8131,36.9303,2.1171
tiny,chip_365_309_merged.tif,0.4,3,1313129961,78,35.6659,38.1478,2.4819
tiny,chip_365_309_merged.tif,0.4,4,932523330,78,36.4765,38.2884,1.8119
tiny,chip_365_309_merged.tif,0.6,0,1810990534,117,34.4356,36.0348,1.5992
tiny,chip_365_309_merged.tif,0.6,1,1430383903,117,36.3299,37.6508,1.3208
tiny,chip_365_309_merged.tif,0.6,2,1049777272,117,33.5044,37.1316,3.6272
tiny,chip_365_309_merged.tif,0.6,3,569831754,117,34.4989,36.6975,2.1986
tiny,chip_365_309_merged.tif,0.6,4,189225123,117,36.3388,36.2711,-0.0677
tiny,chip_365_309_merged.tif,0.8,0,574798362,156,34.757,37.4953,2.7383
tiny,chip_365_309_merged.tif,0.8,1,94852844,156,34.0971,37.0448,2.9476
tiny,chip_365_309_merged.tif,0.8,2,1861729861,156,34.3492,37.1155,2.7664
tiny,chip_365_309_merged.tif,0.8,3,1481123230,156,34.3939,35.5354,1.1415
tiny,chip_365_309_merged.tif,0.8,4,1001177712,156,34.7428,36.3161,1.5733
tiny,chip_366_348_merged.tif,0.2,0,2108565301,39,36.481,39.6328,3.1517
tiny,chip_366_348_merged.tif,0.2,1,1727958670,39,38.1399,39.8768,1.7369
tiny,chip_366_348_merged.tif,0.2,2,1248013152,39,38.6868,39.694,1.0073
tiny,chip_366_348_merged.tif,0.2,3,867406521,39,35.7115,39.8971,4.1857
tiny,chip_366_348_merged.tif,0.2,4,387461003,39,36.834,39.7123,2.8783
tiny,chip_366_348_merged.tif,0.4,0,1043290231,78,37.8996,39.4877,1.5881
tiny,chip_366_348_merged.tif,0.4,1,662683600,78,36.9196,38.5278,1.6082
tiny,chip_366_348_merged.tif,0.4,2,282076969,78,35.8442,39.8912,4.0469
tiny,chip_366_348_merged.tif,0.4,3,1949615099,78,36.5059,38.4555,1.9495
tiny,chip_366_348_merged.tif,0.4,4,1569008468,78,34.7972,39.48,4.6828
tiny,chip_366_348_merged.tif,0.6,0,1204651761,117,34.4202,37.9621,3.5419
tiny,chip_366_348_merged.tif,0.6,1,724706243,117,34.2372,37.7609,3.5237
tiny,chip_366_348_merged.tif,0.6,2,344099612,117,36.4788,36.7784,0.2995
tiny,chip_366_348_merged.tif,0.6,3,2110976629,117,33.9256,38.139,4.2135
tiny,chip_366_348_merged.tif,0.6,4,1631031111,117,36.0772,36.8763,0.7991
tiny,chip_366_348_merged.tif,0.8,0,722059565,156,36.5631,35.6214,-0.9417
tiny,chip_366_348_merged.tif,0.8,1,341452934,156,34.4627,37.3907,2.928
tiny,chip_366_348_merged.tif,0.8,2,2008991064,156,34.1865,36.9995,2.8129
tiny,chip_366_348_merged.tif,0.8,3,1628384433,156,36.4029,36.5673,0.1645
tiny,chip_366_348_merged.tif,0.8,4,1148438915,156,33.9254,36.6462,2.7208
tiny,chip_366_355_merged.tif,0.2,0,819026546,39,39.2022,39.3679,0.1657
tiny,chip_366_355_merged.tif,0.2,1,339081028,39,35.7277,40.9933,5.2656
tiny,chip_366_355_merged.tif,0.2,2,2105958045,39,43.0842,42.4686,-0.6157
tiny,chip_366_355_merged.tif,0.2,3,1725351414,39,43.0788,39.7319,-3.3469
tiny,chip_366_355_merged.tif,0.2,4,1245405896,39,35.7276,41.4188,5.6912
tiny,chip_366_355_merged.tif,0.4,0,658411213,78,40.7547,39.4083,-1.3465
tiny,chip_366_355_merged.tif,0.4,1,178465695,78,34.3201,40.7957,6.4756
tiny,chip_366_355_merged.tif,0.4,2,1945342712,78,34.7932,39.1193,4.3261
tiny,chip_366_355_merged.tif,0.4,3,1465397194,78,35.544,38.4395,2.8956
tiny,chip_366_355_merged.tif,0.4,4,1084790563,78,39.3125,38.8667,-0.4458
tiny,chip_366_355_merged.tif,0.6,0,2062596654,117,39.3925,39.155,-0.2375
tiny,chip_366_355_merged.tif,0.6,1,1582651136,117,36.5701,38.8612,2.291
tiny,chip_366_355_merged.tif,0.6,2,1202044505,117,35.2677,39.7957,4.528
tiny,chip_366_355_merged.tif,0.6,3,722098987,117,38.5011,39.4883,0.9872
tiny,chip_366_355_merged.tif,0.6,4,341492356,117,39.4015,39.6565,0.255
tiny,chip_366_355_merged.tif,0.8,0,1580004458,156,37.1259,38.495,1.3691
tiny,chip_366_355_merged.tif,0.8,1,1100058940,156,37.1317,38.5148,1.3831
tiny,chip_366_355_merged.tif,0.8,2,719452309,156,35.5216,38.5058,2.9842
tiny,chip_366_355_merged.tif,0.8,3,338845678,156,37.1393,38.5299,1.3906
tiny,chip_366_355_merged.tif,0.8,4,2006383808,156,36.5386,38.2823,1.7438
tiny,chip_370_342_merged.tif,0.2,0,331419987,39,36.9387,40.4381,3.4994
tiny,chip_370_342_merged.tif,0.2,1,1998958117,39,37.9321,39.7297,1.7976
tiny,chip_370_342_merged.tif,0.2,2,1618351486,39,33.4125,40.2549,6.8424
tiny,chip_370_342_merged.tif,0.2,3,1138405968,39,37.9332,39.9638,2.0306
tiny,chip_370_342_merged.tif,0.2,4,757799337,39,33.2879,39.8727,6.5848
tiny,chip_370_342_merged.tif,0.4,0,71465767,78,34.8283,38.9726,4.1443
tiny,chip_370_342_merged.tif,0.4,1,1838342784,78,37.1437,39.9115,2.7678
tiny,chip_370_342_merged.tif,0.4,2,1358397266,78,34.9814,38.5065,3.5251
tiny,chip_370_342_merged.tif,0.4,3,977790635,78,37.9749,38.6839,0.7089
tiny,chip_370_342_merged.tif,0.4,4,597184004,78,37.9734,38.0084,0.035
tiny,chip_370_342_merged.tif,0.6,0,1475651208,117,35.367,37.8836,2.5166
tiny,chip_370_342_merged.tif,0.6,1,1095044577,117,37.0021,38.8459,1.8438
tiny,chip_370_342_merged.tif,0.6,2,615099059,117,35.6228,37.7116,2.0888
tiny,chip_370_342_merged.tif,0.6,3,234492428,117,37.3653,38.9283,1.5631
tiny,chip_370_342_merged.tif,0.6,4,2001369445,117,35.3696,38.72,3.3504
tiny,chip_370_342_merged.tif,0.8,0,1092397899,156,35.8359,37.6534,1.8175
tiny,chip_370_342_merged.tif,0.8,1,612452381,156,34.6832,37.364,2.6808
tiny,chip_370_342_merged.tif,0.8,2,231845750,156,35.8284,36.3544,0.526
tiny,chip_370_342_merged.tif,0.8,3,1899383880,156,35.6562,37.468,1.8119
tiny,chip_370_342_merged.tif,0.8,4,1518777249,156,34.7245,34.7313,0.0067
tiny,chip_370_343_merged.tif,0.2,0,15342480,39,34.4495,33.2983,-1.1512
tiny,chip_370_343_merged.tif,0.2,1,1682880610,39,31.3958,35.808,4.4122
tiny,chip_370_343_merged.tif,0.2,2,1302273979,39,32.2062,35.5126,3.3063
tiny,chip_370_343_merged.tif,0.2,3,921667348,39,32.1826,36.8844,4.7018
tiny,chip_370_343_merged.tif,0.2,4,441721830,39,33.9275,37.9036,3.9761
tiny,chip_370_343_merged.tif,0.4,0,2002210795,78,31.9556,36.1486,4.193
tiny,chip_370_343_merged.tif,0.4,1,1522265277,78,31.9552,37.1368,5.1816
tiny,chip_370_343_merged.tif,0.4,2,1141658646,78,34.7985,36.2349,1.4365
tiny,chip_370_343_merged.tif,0.4,3,661713128,78,35.7805,34.5635,-1.217
tiny,chip_370_343_merged.tif,0.4,4,281106497,78,34.7999,34.3484,-0.4515
tiny,chip_370_343_merged.tif,0.6,0,1258912588,117,32.2407,35.6321,3.3915
tiny,chip_370_343_merged.tif,0.6,1,778967070,117,34.6177,34.6791,0.0614
tiny,chip_370_343_merged.tif,0.6,2,398360439,117,32.8458,35.7317,2.8859
tiny,chip_370_343_merged.tif,0.6,3,2065898569,117,32.3368,34.9316,2.5948
tiny,chip_370_343_merged.tif,0.6,4,1685291938,117,32.4349,33.4223,0.9874
tiny,chip_370_343_merged.tif,0.8,0,776320392,156,32.9093,32.8305,-0.0788
tiny,chip_370_343_merged.tif,0.8,1,296374874,156,31.7777,33.7425,1.9648
tiny,chip_370_343_merged.tif,0.8,2,2063251891,156,32.9034,33.9357,1.0323
tiny,chip_370_343_merged.tif,0.8,3,1682645260,156,31.4044,33.9032,2.4988
tiny,chip_370_343_merged.tif,0.8,4,1202699742,156,32.7268,33.1036,0.3768
tiny,chip_370_348_merged.tif,0.2,0,1510048572,39,40.4543,42.3381,1.8838
tiny,chip_370_348_merged.tif,0.2,1,1030103054,39,35.7182,42.046,6.3278
tiny,chip_370_348_merged.tif,0.2,2,649496423,39,40.332,40.7565,0.4245
tiny,chip_370_348_merged.tif,0.2,3,169550905,39,36.9173,42.0732,5.1559
tiny,chip_370_348_merged.tif,0.2,4,1936427922,39,40.4542,41.7913,1.3371
tiny,chip_370_348_merged.tif,0.4,0,1250094352,78,39.7254,40.957,1.2317
tiny,chip_370_348_merged.tif,0.4,1,869487721,78,38.6362,40.9566,2.3204
tiny,chip_370_348_merged.tif,0.4,2,389542203,78,38.944,40.4122,1.4682
tiny,chip_370_348_merged.tif,0.4,3,8935572,78,35.2034,41.2627,6.0593
tiny,chip_370_348_merged.tif,0.4,4,1775812589,78,36.5377,41.8481,5.3104
tiny,chip_370_348_merged.tif,0.6,0,506796145,117,37.6766,40.0505,2.3739
tiny,chip_370_348_merged.tif,0.6,1,126189514,117,37.6919,40.7901,3.0982
tiny,chip_370_348_merged.tif,0.6,2,1793727644,117,38.5338,39.2892,0.7553
tiny,chip_370_348_merged.tif,0.6,3,1413121013,117,36.9909,39.5713,2.5804
tiny,chip_370_348_merged.tif,0.6,4,1032514382,117,38.8257,38.352,-0.4737
tiny,chip_370_348_merged.tif,0.8,0,24203949,156,37.078,37.8456,0.7676
tiny,chip_370_348_merged.tif,0.8,1,1791080966,156,36.5658,38.173,1.6072
tiny,chip_370_348_merged.tif,0.8,2,1410474335,156,36.3838,38.3732,1.9894
tiny,chip_370_348_merged.tif,0.8,3,930528817,156,36.1927,37.623,1.4303
tiny,chip_370_348_merged.tif,0.8,4,549922186,156,36.9424,38.5955,1.6531
tiny,chip_373_294_merged.tif,0.2,0,709742904,39,35.1019,38.1507,3.0487
tiny,chip_373_294_merged.tif,0.2,1,329136273,39,35.9024,38.3592,2.4568
tiny,chip_373_294_merged.tif,0.2,2,2096013290,39,33.9772,37.303,3.3258
tiny,chip_373_294_merged.tif,0.2,3,1616067772,39,34.7078,38.3321,3.6243
tiny,chip_373_294_merged.tif,0.2,4,1235461141,39,35.9074,35.3171,-0.5903
tiny,chip_373_294_merged.tif,0.4,0,1891290369,78,34.1682,38.2849,4.1167
tiny,chip_373_294_merged.tif,0.4,1,1411344851,78,34.8323,36.295,1.4627
tiny,chip_373_294_merged.tif,0.4,2,1030738220,78,34.9942,37.3402,2.346
tiny,chip_373_294_merged.tif,0.4,3,650131589,78,34.9922,36.733,1.7408
tiny,chip_373_294_merged.tif,0.4,4,170186071,78,34.9934,38.4666,3.4732
tiny,chip_373_294_merged.tif,0.6,0,1953313012,117,33.796,36.0242,2.2282
tiny,chip_373_294_merged.tif,0.6,1,1572706381,117,34.2878,35.9185,1.6307
tiny,chip_373_294_merged.tif,0.6,2,1092760863,117,34.3048,36.6607,2.3559
tiny,chip_373_294_merged.tif,0.6,3,712154232,117,34.8489,35.9048,1.0559
tiny,chip_373_294_merged.tif,0.6,4,232208714,117,33.7402,39.4587,5.7186
tiny,chip_373_294_merged.tif,0.8,0,1470720816,156,34.3488,35.2303,0.8815
tiny,chip_373_294_merged.tif,0.8,1,1090114185,156,33.3024,36.9545,3.6521
tiny,chip_373_294_merged.tif,0.8,2,709507554,156,34.331,34.7293,0.3983
tiny,chip_373_294_merged.tif,0.8,3,229562036,156,34.247,36.7107,2.4637
tiny,chip_373_294_merged.tif,0.8,4,1996439053,156,34.3665,35.5004,1.1339
tiny,chip_377_349_merged.tif,0.2,0,1319849621,39,34.4264,36.2583,1.8319
tiny,chip_377_349_merged.tif,0.2,1,939242990,39,34.374,38.3987,4.0247
tiny,chip_377_349_merged.tif,0.2,2,459297472,39,34.4943,36.2527,1.7584
tiny,chip_377_349_merged.tif,0.2,3,78690841,39,39.7782,33.0578,-6.7204
tiny,chip_377_349_merged.tif,0.2,4,1746228971,39,34.1841,36.9792,2.7951
tiny,chip_377_349_merged.tif,0.4,0,353913438,78,30.597,37.6979,7.101
tiny,chip_377_349_merged.tif,0.4,1,2021451568,78,35.0542,37.9138,2.8596
tiny,chip_377_349_merged.tif,0.4,2,1640844937,78,34.2892,37.6628,3.3737
tiny,chip_377_349_merged.tif,0.4,3,1160899419,78,35.0547,37.7623,2.7076
tiny,chip_377_349_merged.tif,0.4,4,780292788,78,35.0505,37.2165,2.166
tiny,chip_377_349_merged.tif,0.6,0,415936081,117,33.4681,34.4201,0.952
tiny,chip_377_349_merged.tif,0.6,1,2083474211,117,33.1228,36.5406,3.4178
tiny,chip_377_349_merged.tif,0.6,2,1702867580,117,35.2333,36.8309,1.5976
tiny,chip_377_349_merged.tif,0.6,3,1322260949,117,34.1671,33.6403,-0.5269
tiny,chip_377_349_merged.tif,0.6,4,842315431,117,30.8356,34.0072,3.1717
tiny,chip_377_349_merged.tif,0.8,0,2080827533,156,32.8897,35.2976,2.408
tiny,chip_377_349_merged.tif,0.8,1,1700220902,156,32.9045,34.6542,1.7497
tiny,chip_377_349_merged.tif,0.8,2,1220275384,156,32.8995,34.0178,1.1183
tiny,chip_377_349_merged.tif,0.8,3,839668753,156,33.1373,33.3637,0.2265
tiny,chip_377_349_merged.tif,0.8,4,359723235,156,32.8867,35.2976,2.4109
tiny,chip_379_328_merged.tif,0.2,0,174160109,39,33.2953,36.9207,3.6254
tiny,chip_379_328_merged.tif,0.2,1,1941037126,39,32.6421,37.3262,4.6841
tiny,chip_379_328_merged.tif,0.2,2,1560430495,39,34.8568,35.7349,0.8781
tiny,chip_379_328_merged.tif,0.2,3,1080484977,39,33.5113,36.6995,3.1883
tiny,chip_379_328_merged.tif,0.2,4,699878346,39,33.258,36.4519,3.194
tiny,chip_379_328_merged.tif,0.4,0,1355707574,78,32.3107,35.4512,3.1405
tiny,chip_379_328_merged.tif,0.4,1,875762056,78,31.3959,36.1611,4.7653
tiny,chip_379_328_merged.tif,0.4,2,495155425,78,33.2957,36.3031,3.0075
tiny,chip_379_328_merged.tif,0.4,3,114548794,78,32.1083,36.1851,4.0768
tiny,chip_379_328_merged.tif,0.4,4,1782086924,78,32.1074,37.2293,5.1219
tiny,chip_379_328_merged.tif,0.6,0,1417730217,117,33.3778,35.639,2.2612
tiny,chip_379_328_merged.tif,0.6,1,1037123586,117,31.4237,35.317,3.8932
tiny,chip_379_328_merged.tif,0.6,2,557178068,117,31.7188,35.372,3.6531
tiny,chip_379_328_merged.tif,0.6,3,176571437,117,31.5962,35.3269,3.7307
tiny,chip_379_328_merged.tif,0.6,4,1943448454,117,31.6738,35.2867,3.6129
tiny,chip_379_328_merged.tif,0.8,0,935138021,156,31.8515,33.478,1.6265
tiny,chip_379_328_merged.tif,0.8,1,554531390,156,31.6672,33.8837,2.2165
tiny,chip_379_328_merged.tif,0.8,2,173924759,156,31.7148,34.0675,2.3526
tiny,chip_379_328_merged.tif,0.8,3,1841462889,156,31.8283,33.3482,1.5199
tiny,chip_379_328_merged.tif,0.8,4,1460856258,156,32.0745,34.2484,2.1738
tiny,chip_396_322_merged.tif,0.2,0,1675059455,39,38.8512,37.1734,-1.6778
tiny,chip_396_322_merged.tif,0.2,1,1294452824,39,34.3793,37.0108,2.6316
tiny,chip_396_322_merged.tif,0.2,2,814507306,39,33.7509,36.986,3.2351
tiny,chip_396_322_merged.tif,0.2,3,433900675,39,35.441,36.0943,0.6533
tiny,chip_396_322_merged.tif,0.2,4,2101438805,39,36.362,38.1232,1.7612
tiny,chip_396_322_merged.tif,0.4,0,1514444122,78,35.073,36.7826,1.7096
tiny,chip_396_322_merged.tif,0.4,1,1034498604,78,35.7804,37.3816,1.6012
tiny,chip_396_322_merged.tif,0.4,2,653891973,78,34.3175,36.7804,2.4628
tiny,chip_396_322_merged.tif,0.4,3,173946455,78,34.233,37.5847,3.3517
tiny,chip_396_322_merged.tif,0.4,4,1940823472,78,36.6863,38.4293,1.743
tiny,chip_396_322_merged.tif,0.6,0,771145915,117,32.9455,37.0786,4.1332
tiny,chip_396_322_merged.tif,0.6,1,291200397,117,34.5358,36.9852,2.4493
tiny,chip_396_322_merged.tif,0.6,2,2058077414,117,32.662,36.2127,3.5507
tiny,chip_396_322_merged.tif,0.6,3,1677470783,117,32.6862,35.9909,3.3047
tiny,chip_396_322_merged.tif,0.6,4,1197525265,117,32.9388,36.0019,3.0631
tiny,chip_396_322_merged.tif,0.8,0,288553719,156,33.697,35.4495,1.7525
tiny,chip_396_322_merged.tif,0.8,1,2055430736,156,33.5858,35.2675,1.6817
tiny,chip_396_322_merged.tif,0.8,2,1575485218,156,32.8544,35.3526,2.4982
tiny,chip_396_322_merged.tif,0.8,3,1194878587,156,33.6793,35.5108,1.8315
tiny,chip_396_322_merged.tif,0.8,4,714933069,156,33.8039,36.2034,2.3995
tiny,chip_419_323_merged.tif,0.2,0,1212582422,39,31.34,32.7351,1.3951
tiny,chip_419_323_merged.tif,0.2,1,831975791,39,31.9335,32.6495,0.716
tiny,chip_419_323_merged.tif,0.2,2,352030273,39,29.3192,32.1712,2.852
tiny,chip_419_323_merged.tif,0.2,3,2118907290,39,31.5296,32.97,1.4404
tiny,chip_419_323_merged.tif,0.2,4,1638961772,39,31.7164,31.7295,0.0131
tiny,chip_419_323_merged.tif,0.4,0,147307352,78,30.1075,32.4419,2.3344
tiny,chip_419_323_merged.tif,0.4,1,1914184369,78,29.7922,32.2361,2.4438
tiny,chip_419_323_merged.tif,0.4,2,1533577738,78,29.7419,32.1634,2.4215
tiny,chip_419_323_merged.tif,0.4,3,1053632220,78,29.0709,32.2572,3.1863
tiny,chip_419_323_merged.tif,0.4,4,673025589,78,30.4471,32.3595,1.9124
tiny,chip_419_323_merged.tif,0.6,0,308668882,117,29.6835,31.2067,1.5232
tiny,chip_419_323_merged.tif,0.6,1,1976207012,117,30.1954,30.9004,0.705
tiny,chip_419_323_merged.tif,0.6,2,1595600381,117,29.9331,31.6251,1.692
tiny,chip_419_323_merged.tif,0.6,3,1214993750,117,29.9179,31.6373,1.7194
tiny,chip_419_323_merged.tif,0.6,4,735048232,117,29.1086,31.7875,2.6789
tiny,chip_419_323_merged.tif,0.8,0,1973560334,156,29.9734,30.4336,0.4602
tiny,chip_419_323_merged.tif,0.8,1,1592953703,156,28.8769,30.4022,1.5254
tiny,chip_419_323_merged.tif,0.8,2,1113008185,156,29.4772,30.8775,1.4003
tiny,chip_419_323_merged.tif,0.8,3,732401554,156,28.895,30.7021,1.807
tiny,chip_419_323_merged.tif,0.8,4,252456036,156,28.9112,30.384,1.4728
tiny,chip_421_329_merged.tif,0.2,0,2041831978,39,35.0902,39.5438,4.4536
tiny,chip_421_329_merged.tif,0.2,1,1661225347,39,39.4448,37.5838,-1.8611
tiny,chip_421_329_merged.tif,0.2,2,1181279829,39,35.9564,38.589,2.6326
tiny,chip_421_329_merged.tif,0.2,3,800673198,39,35.0898,37.8295,2.7397
tiny,chip_421_329_merged.tif,0.2,4,320727680,39,33.3709,39.114,5.7431
tiny,chip_421_329_merged.tif,0.4,0,1075895795,78,34.2019,39.2838,5.0819
tiny,chip_421_329_merged.tif,0.4,1,595950277,78,29.9274,39.0707,9.1433
tiny,chip_421_329_merged.tif,0.4,2,215343646,78,40.0556,38.7064,-1.3492
tiny,chip_421_329_merged.tif,0.4,3,1882881776,78,28.095,39.1998,11.1047
tiny,chip_421_329_merged.tif,0.4,4,1502275145,78,27.6167,39.223,11.6063
tiny,chip_421_329_merged.tif,0.6,0,1137918438,117,29.6513,38.9144,9.2631
tiny,chip_421_329_merged.tif,0.6,1,757311807,117,29.699,37.5616,7.8626
tiny,chip_421_329_merged.tif,0.6,2,277366289,117,29.4854,39.2489,9.7635
tiny,chip_421_329_merged.tif,0.6,3,2044243306,117,29.3266,36.9321,7.6055
tiny,chip_421_329_merged.tif,0.6,4,1564297788,117,29.3329,38.0576,8.7246
tiny,chip_421_329_merged.tif,0.8,0,655326242,156,30.5422,31.6711,1.1288
tiny,chip_421_329_merged.tif,0.8,1,274719611,156,30.5392,33.7124,3.1733
tiny,chip_421_329_merged.tif,0.8,2,1942257741,156,30.5367,36.5121,5.9753
tiny,chip_421_329_merged.tif,0.8,3,1561651110,156,30.5154,36.3046,5.7892
tiny,chip_421_329_merged.tif,0.8,4,1081705592,156,30.5523,35.2294,4.6771
