{
  "backbone": "100M",
  "mask_ratio": 0.7,
  "mae": 0.017598,
  "psnr": 29.0435,
  "ssim": 0.83549,
  "masked_mae": 0.018135,
  "masked_psnr": 28.913,
  "masked_ssim": 0.847829
}