{
  "backbone": "100M",
  "mask_ratio": 0.2,
  "mae": 0.004324,
  "psnr": 35.8809,
  "ssim": 0.954529,
  "masked_mae": 0.009035,
  "masked_psnr": 32.6804,
  "masked_ssim": 0.924787
}