{
  "backbone": "100M",
  "mask_ratio": 0.4,
  "mae": 0.009152,
  "psnr": 32.1392,
  "ssim": 0.907889,
  "masked_mae": 0.011754,
  "masked_psnr": 31.0522,
  "masked_ssim": 0.903538
}