{
  "backbone": "100M",
  "mask_ratio": 0.5,
  "mae": 0.011822,
  "psnr": 30.8469,
  "ssim": 0.88478,
  "masked_mae": 0.01344,
  "masked_psnr": 30.2898,
  "masked_ssim": 0.888491
}