{
  "backbone": "300M",
  "mask_ratio": 0.3,
  "mae": 0.006639,
  "psnr": 33.6517,
  "ssim": 0.931723,
  "masked_mae": 0.010118,
  "masked_psnr": 31.8216,
  "masked_ssim": 0.921587
}