{
  "backbone": "100M",
  "mask_ratio": 0.3,
  "mae": 0.006174,
  "psnr": 34.1509,
  "ssim": 0.936814,
  "masked_mae": 0.009409,
  "masked_psnr": 32.3207,
  "masked_ssim": 0.922691
}