{
  "backbone": "tiny",
  "mask_ratio": 0.2,
  "mae": 0.004763,
  "psnr": 35.0065,
  "ssim": 0.947962,
  "masked_mae": 0.009953,
  "masked_psnr": 31.806,
  "masked_ssim": 0.915651
}