{
  "backbone": "tiny",
  "mask_ratio": 0.5,
  "mae": 0.012589,
  "psnr": 30.1923,
  "ssim": 0.874247,
  "masked_mae": 0.014312,
  "masked_psnr": 29.6351,
  "masked_ssim": 0.880937
}