{
  "backbone": "100M",
  "mask_ratio": 0.6,
  "mae": 0.014966,
  "psnr": 29.7176,
  "ssim": 0.85806,
  "masked_mae": 0.016047,
  "masked_psnr": 29.4148,
  "masked_ssim": 0.866856
}