backbone,chip,mask_ratio,trial,trial_seed,summer_masked,block_psnr,random_psnr,delta_rand_minus_block
tiny,chip_010_063_merged.tif,0.2,0,537862152,39,30.0841,34.8961,4.812
tiny,chip_010_063_merged.tif,0.2,1,157255521,39,37.4668,35.8162,-1.6506
tiny,chip_010_063_merged.tif,0.2,2,1824793651,39,32.9047,34.779,1.8742
tiny,chip_010_063_merged.tif,0.2,3,1444187020,39,37.4664,34.044,-3.4224
tiny,chip_010_063_merged.tif,0.2,4,964241502,39,29.9806,36.5746,6.594
tiny,chip_010_063_merged.tif,0.4,0,377246819,78,34.3628,35.5318,1.169
tiny,chip_010_063_merged.tif,0.4,1,2044784949,78,30.8379,35.0782,4.2403
tiny,chip_010_063_merged.tif,0.4,2,1664178318,78,31.7174,34.5287,2.8113
tiny,chip_010_063_merged.tif,0.4,3,1283571687,78,35.8015,35.3479,-0.4536
tiny,chip_010_063_merged.tif,0.4,4,803626169,78,31.2369,35.2464,4.0096
tiny,chip_010_063_merged.tif,0.6,0,1781432260,117,31.6267,34.4124,2.7857
tiny,chip_010_063_merged.tif,0.6,1,1301486742,117,31.5257,35.5805,4.0548
tiny,chip_010_063_merged.tif,0.6,2,920880111,117,31.397,33.7572,2.3601
tiny,chip_010_063_merged.tif,0.6,3,540273480,117,31.7544,35.1064,3.352
tiny,chip_010_063_merged.tif,0.6,4,60327962,117,32.0237,34.9722,2.9484
tiny,chip_010_063_merged.tif,0.8,0,1298840064,156,32.2775,34.6657,2.3882
tiny,chip_010_063_merged.tif,0.8,1,918233433,156,32.1949,34.4102,2.2153
tiny,chip_010_063_merged.tif,0.8,2,438287915,156,32.2113,33.8943,1.683
tiny,chip_010_063_merged.tif,0.8,3,57681284,156,32.0138,34.3089,2.2952
tiny,chip_010_063_merged.tif,0.8,4,1725219414,156,32.2198,34.372,2.1522
tiny,chip_030_076_merged.tif,0.2,0,188996778,39,38.3316,38.0666,-0.2651
tiny,chip_030_076_merged.tif,0.2,1,1856534908,39,38.4709,37.6586,-0.8123
tiny,chip_030_076_merged.tif,0.2,2,1475928277,39,36.9053,38.3574,1.4521
tiny,chip_030_076_merged.tif,0.2,3,995982759,39,36.8692,37.6623,0.7932
tiny,chip_030_076_merged.tif,0.2,4,615376128,39,36.8686,37.8001,0.9315
tiny,chip_030_076_merged.tif,0.4,0,1271205356,78,38.1608,37.6697,-0.4911
tiny,chip_030_076_merged.tif,0.4,1,890598725,78,38.161,37.8126,-0.3483
tiny,chip_030_076_merged.tif,0.4,2,410653207,78,38.1028,38.3549,0.2521
tiny,chip_030_076_merged.tif,0.4,3,30046576,78,36.7855,38.159,1.3736
tiny,chip_030_076_merged.tif,0.4,4,1697584706,78,37.421,37.7142,0.2932
tiny,chip_030_076_merged.tif,0.6,0,1333227999,117,37.0892,38.0198,0.9306
tiny,chip_030_076_merged.tif,0.6,1,952621368,117,37.3948,37.6842,0.2894
tiny,chip_030_076_merged.tif,0.6,2,572014737,117,36.8905,37.6811,0.7906
tiny,chip_030_076_merged.tif,0.6,3,92069219,117,36.7971,37.8438,1.0467
tiny,chip_030_076_merged.tif,0.6,4,1858946236,117,37.4023,38.0116,0.6093
tiny,chip_030_076_merged.tif,0.8,0,949974690,156,37.3987,37.1606,-0.2381
tiny,chip_030_076_merged.tif,0.8,1,470029172,156,37.2814,37.288,0.0066
tiny,chip_030_076_merged.tif,0.8,2,89422541,156,36.761,37.4762,0.7152
tiny,chip_030_076_merged.tif,0.8,3,1756960671,156,36.7656,37.3881,0.6225
tiny,chip_030_076_merged.tif,0.8,4,1376354040,156,37.2678,37.5411,0.2733
tiny,chip_032_111_merged.tif,0.2,0,607217224,39,33.6133,36.401,2.7877
tiny,chip_032_111_merged.tif,0.2,1,226610593,39,32.8304,36.2201,3.3896
tiny,chip_032_111_merged.tif,0.2,2,1894148723,39,30.5463,36.7782,6.2319
tiny,chip_032_111_merged.tif,0.2,3,1513542092,39,36.9708,35.8486,-1.1222
tiny,chip_032_111_merged.tif,0.2,4,1033596574,39,36.9715,34.9407,-2.0308
tiny,chip_032_111_merged.tif,0.4,0,446601891,78,32.8346,35.2428,2.4082
tiny,chip_032_111_merged.tif,0.4,1,2114140021,78,34.8965,36.5641,1.6676
tiny,chip_032_111_merged.tif,0.4,2,1733533390,78,34.3864,35.4039,1.0175
tiny,chip_032_111_merged.tif,0.4,3,1352926759,78,34.8953,35.2205,0.3252
tiny,chip_032_111_merged.tif,0.4,4,872981241,78,34.8958,35.6444,0.7486
tiny,chip_032_111_merged.tif,0.6,0,1850787332,117,32.7687,34.6923,1.9236
tiny,chip_032_111_merged.tif,0.6,1,1370841814,117,32.901,32.5602,-0.3407
tiny,chip_032_111_merged.tif,0.6,2,990235183,117,35.3566,35.4451,0.0884
tiny,chip_032_111_merged.tif,0.6,3,609628552,117,32.4062,35.4264,3.0203
tiny,chip_032_111_merged.tif,0.6,4,129683034,117,32.7816,35.0161,2.2346
tiny,chip_032_111_merged.tif,0.8,0,1368195136,156,32.5963,32.5457,-0.0507
tiny,chip_032_111_merged.tif,0.8,1,987588505,156,34.3102,34.0608,-0.2494
tiny,chip_032_111_merged.tif,0.8,2,507642987,156,34.3102,34.4823,0.1721
tiny,chip_032_111_merged.tif,0.8,3,127036356,156,32.7052,34.4059,1.7007
tiny,chip_032_111_merged.tif,0.8,4,1794574486,156,34.2617,32.9,-1.3616
tiny,chip_032_183_merged.tif,0.2,0,108174139,39,40.8376,44.6432,3.8057
tiny,chip_032_183_merged.tif,0.2,1,1875051156,39,44.1728,44.0352,-0.1376
tiny,chip_032_183_merged.tif,0.2,2,1494444525,39,45.1145,43.7867,-1.3277
tiny,chip_032_183_merged.tif,0.2,3,1014499007,39,44.4346,42.8991,-1.5354
tiny,chip_032_183_merged.tif,0.2,4,633892376,39,41.8929,43.9208,2.0278
tiny,chip_032_183_merged.tif,0.4,0,2095042454,78,44.2049,43.6769,-0.528
tiny,chip_032_183_merged.tif,0.4,1,1714435823,78,45.1676,44.3922,-0.7754
tiny,chip_032_183_merged.tif,0.4,2,1234490305,78,44.7274,44.2465,-0.4808
tiny,chip_032_183_merged.tif,0.4,3,853883674,78,44.7276,44.0061,-0.7215
tiny,chip_032_183_merged.tif,0.4,4,373938156,78,43.6582,44.0862,0.428
tiny,chip_032_183_merged.tif,0.6,0,1351744247,117,42.2565,43.9308,1.6743
tiny,chip_032_183_merged.tif,0.6,1,971137616,117,43.7543,44.0388,0.2845
tiny,chip_032_183_merged.tif,0.6,2,491192098,117,43.7809,44.3216,0.5407
tiny,chip_032_183_merged.tif,0.6,3,110585467,117,44.4187,44.0889,-0.3298
tiny,chip_032_183_merged.tif,0.6,4,1877462484,117,44.8479,43.9537,-0.8942
tiny,chip_032_183_merged.tif,0.8,0,869152051,156,42.8813,43.8665,0.9852
tiny,chip_032_183_merged.tif,0.8,1,488545420,156,43.7459,43.6406,-0.1054
tiny,chip_032_183_merged.tif,0.8,2,107938789,156,43.9476,43.795,-0.1526
tiny,chip_032_183_merged.tif,0.8,3,1775476919,156,43.9376,44.0348,0.0972
tiny,chip_032_183_merged.tif,0.8,4,1394870288,156,41.7329,43.6018,1.8689
tiny,chip_036_147_merged.tif,0.2,0,1151733073,39,35.8198,36.9297,1.1099
tiny,chip_036_147_merged.tif,0.2,1,671787555,39,36.8787,38.0993,1.2206
tiny,chip_036_147_merged.tif,0.2,2,291180924,39,34.5558,37.3113,2.7555
tiny,chip_036_147_merged.tif,0.2,3,2058057941,39,37.1684,37.6658,0.4974
tiny,chip_036_147_merged.tif,0.2,4,1578112423,39,35.0536,38.1815,3.1278
tiny,chip_036_147_merged.tif,0.4,0,991117740,78,36.3462,37.8397,1.4935
tiny,chip_036_147_merged.tif,0.4,1,511172222,78,36.0387,37.152,1.1133
tiny,chip_036_147_merged.tif,0.4,2,130565591,78,36.0604,37.0316,0.9712
tiny,chip_036_147_merged.tif,0.4,3,1798103721,78,32.1703,37.3975,5.2272
tiny,chip_036_147_merged.tif,0.4,4,1417497090,78,37.1112,36.0773,-1.0339
tiny,chip_036_147_merged.tif,0.6,0,1001419509,117,35.6606,36.8897,1.2292
tiny,chip_036_147_merged.tif,0.6,1,620812878,117,36.1038,36.9797,0.8759
tiny,chip_036_147_merged.tif,0.6,2,240206247,117,35.9819,37.277,1.2951
tiny,chip_036_147_merged.tif,0.6,3,1907744377,117,36.2886,37.6083,1.3197
tiny,chip_036_147_merged.tif,0.6,4,1527137746,117,36.364,35.5097,-0.8543
tiny,chip_036_147_merged.tif,0.8,0,1912710985,156,35.5471,36.0599,0.5128
tiny,chip_036_147_merged.tif,0.8,1,1432765467,156,35.9725,34.6701,-1.3024
tiny,chip_036_147_merged.tif,0.8,2,1052158836,156,33.6267,37.2103,3.5836
tiny,chip_036_147_merged.tif,0.8,3,671552205,156,36.0083,35.958,-0.0504
tiny,chip_036_147_merged.tif,0.8,4,191606687,156,36.012,35.3572,-0.6548
tiny,chip_037_102_merged.tif,0.2,0,398483738,39,36.3109,38.2401,1.9292
tiny,chip_037_102_merged.tif,0.2,1,17877107,39,31.7334,38.765,7.0316
tiny,chip_037_102_merged.tif,0.2,2,1685415237,39,38.9572,38.8458,-0.1114
tiny,chip_037_102_merged.tif,0.2,3,1304808606,39,36.3109,38.3608,2.0499
tiny,chip_037_102_merged.tif,0.2,4,824863088,39,34.6506,39.2354,4.5848
tiny,chip_037_102_merged.tif,0.4,0,237868405,78,32.0028,36.0456,4.0428
tiny,chip_037_102_merged.tif,0.4,1,1905406535,78,31.1803,37.9382,6.7579
tiny,chip_037_102_merged.tif,0.4,2,1524799904,78,31.759,36.304,4.545
tiny,chip_037_102_merged.tif,0.4,3,1044854386,78,33.1245,38.4966,5.3721
tiny,chip_037_102_merged.tif,0.4,4,664247755,78,30.9989,38.2386,7.2398
tiny,chip_037_102_merged.tif,0.6,0,1642053846,117,31.4163,37.7725,6.3562
tiny,chip_037_102_merged.tif,0.6,1,1162108328,117,32.5315,34.4804,1.9489
tiny,chip_037_102_merged.tif,0.6,2,781501697,117,33.0835,36.863,3.7795
tiny,chip_037_102_merged.tif,0.6,3,301556179,117,33.3231,36.9302,3.6071
tiny,chip_037_102_merged.tif,0.6,4,2068433196,117,32.9705,38.2152,5.2447
tiny,chip_037_102_merged.tif,0.8,0,1159461650,156,32.5126,35.4424,2.9298
tiny,chip_037_102_merged.tif,0.8,1,778855019,156,32.2763,36.9353,4.659
tiny,chip_037_102_merged.tif,0.8,2,298909501,156,32.0302,36.7157,4.6855
tiny,chip_037_102_merged.tif,0.8,3,2065786518,156,32.5138,37.2832,4.7694
tiny,chip_037_102_merged.tif,0.8,4,1585841000,156,32.0368,33.982,1.9452
tiny,chip_038_107_merged.tif,0.2,0,1677005883,39,36.4065,36.991,0.5844
tiny,chip_038_107_merged.tif,0.2,1,1296399252,39,35.479,36.7068,1.2278
tiny,chip_038_107_merged.tif,0.2,2,816453734,39,35.4786,37.7931,2.3146
tiny,chip_038_107_merged.tif,0.2,3,435847103,39,36.3721,36.3271,-0.045
tiny,chip_038_107_merged.tif,0.2,4,55240472,39,30.487,36.5783,6.0913
tiny,chip_038_107_merged.tif,0.4,0,711069700,78,31.8404,37.2232,5.3829
tiny,chip_038_107_merged.tif,0.4,1,231124182,78,34.8994,36.3261,1.4267
tiny,chip_038_107_merged.tif,0.4,2,1998001199,78,31.8365,36.9217,5.0852
tiny,chip_038_107_merged.tif,0.4,3,1617394568,78,32.7842,36.6969,3.9127
tiny,chip_038_107_merged.tif,0.4,4,1137449050,78,31.7863,36.9026,5.1162
tiny,chip_038_107_merged.tif,0.6,0,2115255141,117,33.1029,35.4347,2.3317
tiny,chip_038_107_merged.tif,0.6,1,1635309623,117,34.6268,35.2603,0.6335
tiny,chip_038_107_merged.tif,0.6,2,1254702992,117,33.0031,36.605,3.6019
tiny,chip_038_107_merged.tif,0.6,3,874096361,117,33.7161,36.4519,2.7358
tiny,chip_038_107_merged.tif,0.6,4,394150843,117,34.6717,36.4311,1.7594
tiny,chip_038_107_merged.tif,0.8,0,1632662945,156,34.3664,35.9004,1.534
tiny,chip_038_107_merged.tif,0.8,1,1252056314,156,33.1095,34.7512,1.6417
tiny,chip_038_107_merged.tif,0.8,2,772110796,156,32.4856,34.8073,2.3218
tiny,chip_038_107_merged.tif,0.8,3,391504165,156,33.3477,34.8827,1.5351
tiny,chip_038_107_merged.tif,0.8,4,2059042295,156,32.4919,35.0748,2.5829
tiny,chip_039_108_merged.tif,0.2,0,37686692,39,32.7074,36.3003,3.5929
tiny,chip_039_108_merged.tif,0.2,1,1804563709,39,32.7087,36.5677,3.859
tiny,chip_039_108_merged.tif,0.2,2,1324618191,39,34.8691,36.519,1.6499
tiny,chip_039_108_merged.tif,0.2,3,944011560,39,32.1913,36.4926,4.3013
tiny,chip_039_108_merged.tif,0.2,4,464066042,39,34.3718,37.2583,2.8865
tiny,chip_039_108_merged.tif,0.4,0,2024555007,78,27.7971,36.7045,8.9074
tiny,chip_039_108_merged.tif,0.4,1,1544609489,78,27.7975,35.7339,7.9364
tiny,chip_039_108_merged.tif,0.4,2,1164002858,78,31.137,35.6608,4.5237
tiny,chip_039_108_merged.tif,0.4,3,783396227,78,27.7965,37.0122,9.2157
tiny,chip_039_108_merged.tif,0.4,4,303450709,78,31.1369,36.0434,4.9065
tiny,chip_039_108_merged.tif,0.6,0,1281256800,117,29.133,34.5334,5.4004
tiny,chip_039_108_merged.tif,0.6,1,900650169,117,29.0432,35.3845,6.3413
tiny,chip_039_108_merged.tif,0.6,2,420704651,117,28.1825,35.5147,7.3322
tiny,chip_039_108_merged.tif,0.6,3,40098020,117,28.1824,35.9203,7.7379
tiny,chip_039_108_merged.tif,0.6,4,1707636150,117,28.4852,34.7431,6.2579
tiny,chip_039_108_merged.tif,0.8,0,798664604,156,29.73,33.7915,4.0614
tiny,chip_039_108_merged.tif,0.8,1,418057973,156,29.7346,31.0229,1.2883
tiny,chip_039_108_merged.tif,0.8,2,2085596103,156,29.6298,34.9021,5.2723
tiny,chip_039_108_merged.tif,0.8,3,1704989472,156,29.5982,33.0567,3.4585
tiny,chip_039_108_merged.tif,0.8,4,1225043954,156,29.7223,33.6689,3.9467
tiny,chip_039_111_merged.tif,0.2,0,1727264021,39,31.2492,37.2449,5.9957
tiny,chip_039_111_merged.tif,0.2,1,1346657390,39,36.1716,36.9895,0.8179
tiny,chip_039_111_merged.tif,0.2,2,866711872,39,35.5687,37.3788,1.8101
tiny,chip_039_111_merged.tif,0.2,3,486105241,39,35.042,36.8782,1.8361
tiny,chip_039_111_merged.tif,0.2,4,105498610,39,35.5675,36.6447,1.0772
tiny,chip_039_111_merged.tif,0.4,0,1566648688,78,35.7459,36.9892,1.2432
tiny,chip_039_111_merged.tif,0.4,1,1186042057,78,33.3252,37.164,3.8387
tiny,chip_039_111_merged.tif,0.4,2,706096539,78,35.877,36.4771,0.6001
tiny,chip_039_111_merged.tif,0.4,3,325489908,78,35.8769,37.4063,1.5294
tiny,chip_039_111_merged.tif,0.4,4,1993028038,78,33.521,36.7638,3.2429
tiny,chip_039_111_merged.tif,0.6,0,823350481,117,34.2798,36.4892,2.2094
tiny,chip_039_111_merged.tif,0.6,1,442743850,117,34.246,36.9862,2.7402
tiny,chip_039_111_merged.tif,0.6,2,2110281980,117,34.6222,35.6941,1.0719
tiny,chip_039_111_merged.tif,0.6,3,1729675349,117,34.6571,37.1096,2.4525
tiny,chip_039_111_merged.tif,0.6,4,1249729831,117,34.4083,36.9598,2.5514
tiny,chip_039_111_merged.tif,0.8,0,340758285,156,35.0697,35.5063,0.4366
tiny,chip_039_111_merged.tif,0.8,1,2107635302,156,34.3269,34.482,0.1551
tiny,chip_039_111_merged.tif,0.8,2,1627689784,156,34.5518,35.3154,0.7636
tiny,chip_039_111_merged.tif,0.8,3,1247083153,156,35.1081,36.05,0.9419
tiny,chip_039_111_merged.tif,0.8,4,767137635,156,34.9547,35.9757,1.021
tiny,chip_042_092_merged.tif,0.2,0,406649076,39,29.8723,36.4005,6.5282
tiny,chip_042_092_merged.tif,0.2,1,2074187206,39,35.7825,35.1749,-0.6075
tiny,chip_042_092_merged.tif,0.2,2,1693580575,39,35.5307,36.1464,0.6157
tiny,chip_042_092_merged.tif,0.2,3,1312973944,39,29.5619,35.8455,6.2835
tiny,chip_042_092_merged.tif,0.2,4,833028426,39,25.9496,34.7073,8.7578
tiny,chip_042_092_merged.tif,0.4,0,1488857654,78,30.3874,36.408,6.0206
tiny,chip_042_092_merged.tif,0.4,1,1108251023,78,30.3914,33.7878,3.3964
tiny,chip_042_092_merged.tif,0.4,2,727644392,78,30.386,33.9585,3.5725
tiny,chip_042_092_merged.tif,0.4,3,247698874,78,30.3864,35.5104,5.1239
tiny,chip_042_092_merged.tif,0.4,4,2014575891,78,26.3781,36.155,9.7768
tiny,chip_042_092_merged.tif,0.6,0,1650219184,117,29.9387,35.5435,5.6047
tiny,chip_042_092_merged.tif,0.6,1,1170273666,117,29.0473,35.6255,6.5782
tiny,chip_042_092_merged.tif,0.6,2,789667035,117,29.0177,34.5677,5.55
tiny,chip_042_092_merged.tif,0.6,3,309721517,117,28.9822,33.1203,4.138
tiny,chip_042_092_merged.tif,0.6,4,2076598534,117,28.2896,31.53,3.2404
tiny,chip_042_092_merged.tif,0.8,0,1167626988,156,27.3706,32.8123,5.4417
tiny,chip_042_092_merged.tif,0.8,1,687681470,156,26.5712,31.5239,4.9528
tiny,chip_042_092_merged.tif,0.8,2,307074839,156,27.3131,31.6298,4.3167
tiny,chip_042_092_merged.tif,0.8,3,2073951856,156,28.5349,29.5941,1.0592
tiny,chip_042_092_merged.tif,0.8,4,1594006338,156,28.2071,31.9352,3.7281
tiny,chip_047_106_merged.tif,0.2,0,1540040360,39,34.5312,37.2224,2.6912
tiny,chip_047_106_merged.tif,0.2,1,1060094842,39,35.7942,37.4424,1.6483
tiny,chip_047_106_merged.tif,0.2,2,679488211,39,34.3205,36.7621,2.4416
tiny,chip_047_106_merged.tif,0.2,3,199542693,39,35.5856,37.4556,1.8699
tiny,chip_047_106_merged.tif,0.2,4,1966419710,39,34.5301,36.9237,2.3936
tiny,chip_047_106_merged.tif,0.4,0,1280086140,78,33.3548,36.4085,3.0537
tiny,chip_047_106_merged.tif,0.4,1,899479509,78,32.9605,36.6158,3.6553
tiny,chip_047_106_merged.tif,0.4,2,419533991,78,33.4785,36.3491,2.8706
tiny,chip_047_106_merged.tif,0.4,3,38927360,78,32.6097,36.1589,3.5492
tiny,chip_047_106_merged.tif,0.4,4,1805804377,78,33.3526,35.7148,2.3622
tiny,chip_047_106_merged.tif,0.6,0,536787933,117,32.7354,35.8243,3.0889
tiny,chip_047_106_merged.tif,0.6,1,156181302,117,32.866,36.0643,3.1984
tiny,chip_047_106_merged.tif,0.6,2,1923058319,117,32.3264,35.1103,2.7839
tiny,chip_047_106_merged.tif,0.6,3,1443112801,117,32.3976,37.0711,4.6734
tiny,chip_047_106_merged.tif,0.6,4,1062506170,117,32.7825,35.7257,2.9432
tiny,chip_047_106_merged.tif,0.8,0,153534624,156,32.4786,35.3983,2.9197
tiny,chip_047_106_merged.tif,0.8,1,1821072754,156,32.5163,34.4698,1.9536
tiny,chip_047_106_merged.tif,0.8,2,1440466123,156,31.3872,34.1548,2.7676
tiny,chip_047_106_merged.tif,0.8,3,960520605,156,32.2983,35.0612,2.7629
tiny,chip_047_106_merged.tif,0.8,4,579913974,156,32.5033,33.9826,1.4793
tiny,chip_051_235_merged.tif,0.2,0,1828844630,39,31.723,36.0206,4.2976
tiny,chip_051_235_merged.tif,0.2,1,1448237999,39,32.1022,36.9156,4.8134
tiny,chip_051_235_merged.tif,0.2,2,968292481,39,31.7918,34.6835,2.8917
tiny,chip_051_235_merged.tif,0.2,3,587685850,39,33.1057,37.502,4.3963
tiny,chip_051_235_merged.tif,0.2,4,107740332,39,30.7643,36.4658,5.7016
tiny,chip_051_235_merged.tif,0.4,0,763569560,78,30.7172,36.3575,5.6404
tiny,chip_051_235_merged.tif,0.4,1,382962929,78,35.2564,36.253,0.9967
tiny,chip_051_235_merged.tif,0.4,2,2356298,78,31.4693,35.2226,3.7533
tiny,chip_051_235_merged.tif,0.4,3,1669894428,78,31.4729,36.7707,5.2979
tiny,chip_051_235_merged.tif,0.4,4,1289287797,78,31.3746,35.5742,4.1996
tiny,chip_051_235_merged.tif,0.6,0,924931090,117,30.4826,33.7677,3.2851
tiny,chip_051_235_merged.tif,0.6,1,444985572,117,30.4978,35.1648,4.6671
tiny,chip_051_235_merged.tif,0.6,2,64378941,117,32.34,35.2376,2.8976
tiny,chip_051_235_merged.tif,0.6,3,1831255958,117,29.9789,35.0704,5.0915
tiny,chip_051_235_merged.tif,0.6,4,1351310440,117,30.9252,34.5706,3.6454
tiny,chip_051_235_merged.tif,0.8,0,442338894,156,29.019,32.8212,3.8022
tiny,chip_051_235_merged.tif,0.8,1,61732263,156,30.779,33.5961,2.8171
tiny,chip_051_235_merged.tif,0.8,2,1729270393,156,30.7101,32.2504,1.5403
tiny,chip_051_235_merged.tif,0.8,3,1348663762,156,31.7781,33.5298,1.7517
tiny,chip_051_235_merged.tif,0.8,4,868718244,156,29.0631,31.7462,2.683
tiny,chip_053_176_merged.tif,0.2,0,1908118620,39,40.4982,40.6333,0.1351
tiny,chip_053_176_merged.tif,0.2,1,1428173102,39,40.2396,39.0699,-1.1696
tiny,chip_053_176_merged.tif,0.2,2,1047566471,39,39.7762,40.047,0.2707
tiny,chip_053_176_merged.tif,0.2,3,567620953,39,41.5436,40.9909,-0.5527
tiny,chip_053_176_merged.tif,0.2,4,187014322,39,39.2378,39.4556,0.2179
tiny,chip_053_176_merged.tif,0.4,0,1648164400,78,39.6928,40.1892,0.4964
tiny,chip_053_176_merged.tif,0.4,1,1267557769,78,40.0293,39.5858,-0.4435
tiny,chip_053_176_merged.tif,0.4,2,886951138,78,40.0277,39.2203,-0.8074
tiny,chip_053_176_merged.tif,0.4,3,407005620,78,39.2773,34.5834,-4.6939
tiny,chip_053_176_merged.tif,0.4,4,26398989,78,40.0112,40.9207,0.9095
tiny,chip_053_176_merged.tif,0.6,0,904866193,117,37.4595,38.3183,0.8588
tiny,chip_053_176_merged.tif,0.6,1,524259562,117,39.4333,39.4762,0.0428
tiny,chip_053_176_merged.tif,0.6,2,143652931,117,38.5059,38.7135,0.2077
tiny,chip_053_176_merged.tif,0.6,3,1811191061,117,37.1096,38.9003,1.7907
tiny,chip_053_176_merged.tif,0.6,4,1430584430,117,39.2502,38.913,-0.3372
tiny,chip_053_176_merged.tif,0.8,0,521612884,156,34.8858,36.4967,1.6109
tiny,chip_053_176_merged.tif,0.8,1,41667366,156,34.8701,38.1173,3.2473
tiny,chip_053_176_merged.tif,0.8,2,1808544383,156,34.8503,38.4612,3.6109
tiny,chip_053_176_merged.tif,0.8,3,1328598865,156,34.8342,37.1134,2.2792
tiny,chip_053_176_merged.tif,0.8,4,947992234,156,34.8791,38.5555,3.6764
tiny,chip_054_264_merged.tif,0.2,0,547178488,39,35.1791,35.7737,0.5946
tiny,chip_054_264_merged.tif,0.2,1,67232970,39,34.2836,35.4928,1.2092
tiny,chip_054_264_merged.tif,0.2,2,1834109987,39,33.5321,36.6638,3.1316
tiny,chip_054_264_merged.tif,0.2,3,1354164469,39,36.5214,36.2033,-0.3181
tiny,chip_054_264_merged.tif,0.2,4,973557838,39,33.5342,36.4396,2.9054
tiny,chip_054_264_merged.tif,0.4,0,287224268,78,36.1903,36.1128,-0.0776
tiny,chip_054_264_merged.tif,0.4,1,2054101285,78,35.7463,36.219,0.4727
tiny,chip_054_264_merged.tif,0.4,2,1673494654,78,35.2977,36.2523,0.9545
tiny,chip_054_264_merged.tif,0.4,3,1193549136,78,35.746,35.6545,-0.0914
tiny,chip_054_264_merged.tif,0.4,4,812942505,78,35.4965,36.3611,0.8647
tiny,chip_054_264_merged.tif,0.6,0,1691409709,117,31.8806,35.2697,3.3892
tiny,chip_054_264_merged.tif,0.6,1,1310803078,117,34.8391,35.4951,0.656
tiny,chip_054_264_merged.tif,0.6,2,930196447,117,34.4442,35.2474,0.8032
tiny,chip_054_264_merged.tif,0.6,3,450250929,117,34.6939,35.8012,1.1073
tiny,chip_054_264_merged.tif,0.6,4,69644298,117,34.4088,34.716,0.3071
tiny,chip_054_264_merged.tif,0.8,0,1308156400,156,34.0471,34.9756,0.9285
tiny,chip_054_264_merged.tif,0.8,1,828210882,156,33.8833,35.0124,1.1291
tiny,chip_054_264_merged.tif,0.8,2,447604251,156,32.7891,35.1301,2.341
tiny,chip_054_264_merged.tif,0.8,3,2115142381,156,33.8757,34.6055,0.7299
tiny,chip_054_264_merged.tif,0.8,4,1734535750,156,33.8791,33.8862,0.0071
tiny,chip_055_200_merged.tif,0.2,0,2141417232,39,37.4475,40.3726,2.925
tiny,chip_055_200_merged.tif,0.2,1,1661471714,39,39.7517,39.8577,0.1061
tiny,chip_055_200_merged.tif,0.2,2,1280865083,39,39.0768,39.1424,0.0655
tiny,chip_055_200_merged.tif,0.2,3,800919565,39,40.1997,39.827,-0.3727
tiny,chip_055_200_merged.tif,0.2,4,420312934,39,40.1995,40.6651,0.4656
tiny,chip_055_200_merged.tif,0.4,0,1076142162,78,37.3039,39.6532,2.3493
tiny,chip_055_200_merged.tif,0.4,1,695535531,78,38.6011,39.054,0.453
tiny,chip_055_200_merged.tif,0.4,2,215590013,78,38.6776,38.7673,0.0897
tiny,chip_055_200_merged.tif,0.4,3,1982467030,78,39.1618,39.3563,0.1945
tiny,chip_055_200_merged.tif,0.4,4,1502521512,78,39.332,39.6488,0.3168
tiny,chip_055_200_merged.tif,0.6,0,1138164805,117,37.8391,38.7468,0.9077
tiny,chip_055_200_merged.tif,0.6,1,757558174,117,37.413,39.3375,1.9244
tiny,chip_055_200_merged.tif,0.6,2,277612656,117,37.7644,38.5469,0.7826
tiny,chip_055_200_merged.tif,0.6,3,2044489673,117,36.6517,39.2952,2.6435
tiny,chip_055_200_merged.tif,0.6,4,1663883042,117,37.8207,38.9772,1.1566
tiny,chip_055_200_merged.tif,0.8,0,754911496,156,37.0122,38.5467,1.5345
tiny,chip_055_200_merged.tif,0.8,1,274965978,156,37.229,38.9271,1.6981
tiny,chip_055_200_merged.tif,0.8,2,2041842995,156,36.4644,38.0393,1.5749
tiny,chip_055_200_merged.tif,0.8,3,1561897477,156,37.573,37.7437,0.1707
tiny,chip_055_200_merged.tif,0.8,4,1181290846,156,37.279,37.9103,0.6314
tiny,chip_055_202_merged.tif,0.2,0,505808435,39,37.7259,39.5457,1.8198
tiny,chip_055_202_merged.tif,0.2,1,25862917,39,38.2534,39.8757,1.6223
tiny,chip_055_202_merged.tif,0.2,2,1792739934,39,39.3341,39.2334,-0.1006
tiny,chip_055_202_merged.tif,0.2,3,1412133303,39,39.3348,39.6833,0.3485
tiny,chip_055_202_merged.tif,0.2,4,932187785,39,38.5313,40.0227,1.4914
tiny,chip_055_202_merged.tif,0.4,0,345193102,78,37.8828,38.754,0.8712
tiny,chip_055_202_merged.tif,0.4,1,2012731232,78,37.8619,38.5715,0.7096
tiny,chip_055_202_merged.tif,0.4,2,1632124601,78,38.3487,39.0238,0.6751
tiny,chip_055_202_merged.tif,0.4,3,1152179083,78,37.8816,39.2411,1.3595
tiny,chip_055_202_merged.tif,0.4,4,771572452,78,37.6431,38.8212,1.1781
tiny,chip_055_202_merged.tif,0.6,0,1749378543,117,36.9781,39.3209,2.3428
tiny,chip_055_202_merged.tif,0.6,1,1269433025,117,35.1773,38.8777,3.7005
tiny,chip_055_202_merged.tif,0.6,2,888826394,117,38.3951,39.2882,0.893
tiny,chip_055_202_merged.tif,0.6,3,408880876,117,37.0735,39.6359,2.5624
tiny,chip_055_202_merged.tif,0.6,4,28274245,117,36.1767,38.9483,2.7716
tiny,chip_055_202_merged.tif,0.8,0,1266786347,156,36.8885,38.2808,1.3923
tiny,chip_055_202_merged.tif,0.8,1,786840829,156,36.7776,38.5038,1.7262
tiny,chip_055_202_merged.tif,0.8,2,406234198,156,36.8846,38.015,1.1304
tiny,chip_055_202_merged.tif,0.8,3,25627567,156,36.8424,38.5352,1.6928
tiny,chip_055_202_merged.tif,0.8,4,1693165697,156,36.6985,38.1523,1.4537
tiny,chip_057_118_merged.tif,0.2,0,1253468612,39,34.6824,35.6968,1.0143
tiny,chip_057_118_merged.tif,0.2,1,773523094,39,34.1577,36.3191,2.1614
tiny,chip_057_118_merged.tif,0.2,2,392916463,39,33.5542,34.9574,1.4032
tiny,chip_057_118_merged.tif,0.2,3,12309832,39,34.7254,36.2847,1.5593
tiny,chip_057_118_merged.tif,0.2,4,1679847962,39,34.7253,36.7374,2.0121
tiny,chip_057_118_merged.tif,0.4,0,1092853279,78,33.6885,35.8039,2.1154
tiny,chip_057_118_merged.tif,0.4,1,612907761,78,34.0435,35.9957,1.9522
tiny,chip_057_118_merged.tif,0.4,2,232301130,78,31.7512,35.6536,3.9024
tiny,chip_057_118_merged.tif,0.4,3,1899839260,78,33.6897,35.7177,2.028
tiny,chip_057_118_merged.tif,0.4,4,1519232629,78,32.1278,36.8329,4.7051
tiny,chip_057_118_merged.tif,0.6,0,349555072,117,31.8385,34.5413,2.7028
tiny,chip_057_118_merged.tif,0.6,1,2017093202,117,33.1864,35.0891,1.9026
tiny,chip_057_118_merged.tif,0.6,2,1636486571,117,32.4657,35.4897,3.024
tiny,chip_057_118_merged.tif,0.6,3,1156541053,117,31.8878,34.621,2.7331
tiny,chip_057_118_merged.tif,0.6,4,775934422,117,32.4271,35.2061,2.779
tiny,chip_057_118_merged.tif,0.8,0,2014446524,156,31.0358,34.2072,3.1714
tiny,chip_057_118_merged.tif,0.8,1,1534501006,156,31.3045,34.1373,2.8328
tiny,chip_057_118_merged.tif,0.8,2,1153894375,156,32.1432,33.0106,0.8674
tiny,chip_057_118_merged.tif,0.8,3,773287744,156,31.3989,34.0363,2.6374
tiny,chip_057_118_merged.tif,0.8,4,293342226,156,32.1427,33.7887,1.646
tiny,chip_058_191_merged.tif,0.2,0,1951246814,39,38.1738,40.2011,2.0273
tiny,chip_058_191_merged.tif,0.2,1,1570640183,39,37.4396,40.4406,3.001
tiny,chip_058_191_merged.tif,0.2,2,1090694665,39,37.7065,40.3269,2.6204
tiny,chip_058_191_merged.tif,0.2,3,710088034,39,38.2494,40.7157,2.4663
tiny,chip_058_191_merged.tif,0.2,4,329481403,39,39.367,41.0447,1.6777
tiny,chip_058_191_merged.tif,0.4,0,1790631481,78,36.1734,39.955,3.7816
tiny,chip_058_191_merged.tif,0.4,1,1410024850,78,36.6564,40.8941,4.2377
tiny,chip_058_191_merged.tif,0.4,2,930079332,78,36.7742,39.9159,3.1417
tiny,chip_058_191_merged.tif,0.4,3,549472701,78,35.7992,40.4063,4.6071
tiny,chip_058_191_merged.tif,0.4,4,69527183,78,36.1741,40.0142,3.8402
tiny,chip_058_191_merged.tif,0.6,0,1047333274,117,35.4957,39.08,3.5843
tiny,chip_058_191_merged.tif,0.6,1,666726643,117,35.6137,38.4875,2.8738
tiny,chip_058_191_merged.tif,0.6,2,186781125,117,35.6265,39.8096,4.1831
tiny,chip_058_191_merged.tif,0.6,3,1953658142,117,34.9031,39.2892,4.3861
tiny,chip_058_191_merged.tif,0.6,4,1473712624,117,34.9307,38.5994,3.6687
tiny,chip_058_191_merged.tif,0.8,0,564741078,156,35.9016,36.9011,0.9995
tiny,chip_058_191_merged.tif,0.8,1,184134447,156,35.8646,38.19,2.3254
tiny,chip_058_191_merged.tif,0.8,2,1851672577,156,35.8044,36.3447,0.5403
tiny,chip_058_191_merged.tif,0.8,3,1471065946,156,33.482,37.8205,4.3385
tiny,chip_058_191_merged.tif,0.8,4,1090459315,156,35.7314,36.7975,1.0661
tiny,chip_059_190_merged.tif,0.2,0,1308400236,39,39.9562,41.0209,1.0647
tiny,chip_059_190_merged.tif,0.2,1,927793605,39,38.9567,42.087,3.1303
tiny,chip_059_190_merged.tif,0.2,2,447848087,39,40.2995,42.1052,1.8057
tiny,chip_059_190_merged.tif,0.2,3,67241456,39,40.9474,41.9397,0.9923
tiny,chip_059_190_merged.tif,0.2,4,1834118473,39,37.7661,41.4951,3.729
tiny,chip_059_190_merged.tif,0.4,0,342464053,78,37.3018,41.4639,4.1621
tiny,chip_059_190_merged.tif,0.4,1,2010002183,78,34.7754,41.7647,6.9893
tiny,chip_059_190_merged.tif,0.4,2,1629395552,78,41.1562,41.4985,0.3423
tiny,chip_059_190_merged.tif,0.4,3,1149450034,78,37.7847,41.0346,3.25
tiny,chip_059_190_merged.tif,0.4,4,768843403,78,41.1547,41.3918,0.2371
tiny,chip_059_190_merged.tif,0.6,0,404486696,117,35.5362,39.9087,4.3725
tiny,chip_059_190_merged.tif,0.6,1,23880065,117,40.0516,40.8314,0.7798
tiny,chip_059_190_merged.tif,0.6,2,1691418195,117,37.8235,40.8239,3.0004
tiny,chip_059_190_merged.tif,0.6,3,1310811564,117,39.2704,41.2298,1.9595
tiny,chip_059_190_merged.tif,0.6,4,830866046,117,38.6136,40.4818,1.8682
tiny,chip_059_190_merged.tif,0.8,0,2069378148,156,35.0685,38.4263,3.3578
tiny,chip_059_190_merged.tif,0.8,1,1688771517,156,34.9681,40.4228,5.4548
tiny,chip_059_190_merged.tif,0.8,2,1208825999,156,35.2429,39.1596,3.9167
tiny,chip_059_190_merged.tif,0.8,3,828219368,156,37.9897,40.3345,2.3449
tiny,chip_059_190_merged.tif,0.8,4,447612737,156,35.905,39.5614,3.6563
tiny,chip_060_083_merged.tif,0.2,0,1486563561,39,32.797,34.5854,1.7884
tiny,chip_060_083_merged.tif,0.2,1,1105956930,39,31.8119,34.873,3.0611
tiny,chip_060_083_merged.tif,0.2,2,626011412,39,31.7255,35.8824,4.1569
tiny,chip_060_083_merged.tif,0.2,3,245404781,39,31.7238,35.9403,4.2165
tiny,chip_060_083_merged.tif,0.2,4,1912942911,39,34.1804,34.4478,0.2674
tiny,chip_060_083_merged.tif,0.4,0,520627378,78,32.3133,34.6905,2.3772
tiny,chip_060_083_merged.tif,0.4,1,40681860,78,32.2286,34.9131,2.6845
tiny,chip_060_083_merged.tif,0.4,2,1807558877,78,31.6138,35.0267,3.4128
tiny,chip_060_083_merged.tif,0.4,3,1327613359,78,28.4746,35.3454,6.8708
tiny,chip_060_083_merged.tif,0.4,4,947006728,78,29.2698,35.3388,6.069
tiny,chip_060_083_merged.tif,0.6,0,582650021,117,28.7455,34.9965,6.251
tiny,chip_060_083_merged.tif,0.6,1,102704503,117,28.709,33.6033,4.8943
tiny,chip_060_083_merged.tif,0.6,2,1869581520,117,30.8886,34.2533,3.3648
tiny,chip_060_083_merged.tif,0.6,3,1488974889,117,30.87,33.6813,2.8112
tiny,chip_060_083_merged.tif,0.6,4,1009029371,117,27.99,34.0333,6.0433
tiny,chip_060_083_merged.tif,0.8,0,100057825,156,26.8185,31.6118,4.7933
tiny,chip_060_083_merged.tif,0.8,1,1866934842,156,27.1455,32.3012,5.1557
tiny,chip_060_083_merged.tif,0.8,2,1386989324,156,29.3223,33.2475,3.9252
tiny,chip_060_083_merged.tif,0.8,3,1006382693,156,29.3386,31.9431,2.6045
tiny,chip_060_083_merged.tif,0.8,4,526437175,156,28.2235,31.1639,2.9404
tiny,chip_060_117_merged.tif,0.2,0,360470457,39,32.1328,38.0376,5.9048
tiny,chip_060_117_merged.tif,0.2,1,2028008587,39,40.0687,37.9344,-2.1343
tiny,chip_060_117_merged.tif,0.2,2,1647401956,39,40.0446,37.7329,-2.3118
tiny,chip_060_117_merged.tif,0.2,3,1167456438,39,32.2324,37.7228,5.4904
tiny,chip_060_117_merged.tif,0.2,4,786849807,39,33.5333,37.8492,4.3159
tiny,chip_060_117_merged.tif,0.4,0,100516237,78,37.7321,37.6547,-0.0774
tiny,chip_060_117_merged.tif,0.4,1,1867393254,78,32.2644,37.311,5.0466
tiny,chip_060_117_merged.tif,0.4,2,1387447736,78,37.602,37.6714,0.0694
tiny,chip_060_117_merged.tif,0.4,3,1006841105,78,37.6002,37.8392,0.239
tiny,chip_060_117_merged.tif,0.4,4,626234474,78,37.6937,36.1014,-1.5922
tiny,chip_060_117_merged.tif,0.6,0,1504701678,117,33.0768,36.7914,3.7146
tiny,chip_060_117_merged.tif,0.6,1,1124095047,117,32.454,35.8465,3.3925
tiny,chip_060_117_merged.tif,0.6,2,644149529,117,34.3267,35.8621,1.5354
tiny,chip_060_117_merged.tif,0.6,3,263542898,117,32.4001,35.6272,3.2272
tiny,chip_060_117_merged.tif,0.6,4,2030419915,117,32.4753,36.5621,4.0868
tiny,chip_060_117_merged.tif,0.8,0,1121448369,156,32.7927,35.17,2.3773
tiny,chip_060_117_merged.tif,0.8,1,641502851,156,32.4114,35.1034,2.692
tiny,chip_060_117_merged.tif,0.8,2,260896220,156,33.1237,35.5361,2.4125
tiny,chip_060_117_merged.tif,0.8,3,1928434350,156,32.5035,35.0772,2.5736
tiny,chip_060_117_merged.tif,0.8,4,1547827719,156,32.7423,36.025,3.2827
tiny,chip_060_118_merged.tif,0.2,0,265138011,39,37.474,38.1553,0.6813
tiny,chip_060_118_merged.tif,0.2,1,2032015028,39,36.7369,38.8103,2.0735
tiny,chip_060_118_merged.tif,0.2,2,1552069510,39,36.6941,37.8789,1.1848
tiny,chip_060_118_merged.tif,0.2,3,1171462879,39,39.6829,37.8576,-1.8253
tiny,chip_060_118_merged.tif,0.2,4,790856248,39,38.8134,37.9856,-0.8278
tiny,chip_060_118_merged.tif,0.4,0,1446685476,78,37.4348,38.0376,0.6029
tiny,chip_060_118_merged.tif,0.4,1,966739958,78,35.9136,38.7282,2.8146
tiny,chip_060_118_merged.tif,0.4,2,586133327,78,35.5541,38.4981,2.944
tiny,chip_060_118_merged.tif,0.4,3,106187809,78,37.4345,38.3054,0.8709
tiny,chip_060_118_merged.tif,0.4,4,1873064826,78,37.9556,38.1504,0.1948
tiny,chip_060_118_merged.tif,0.6,0,1508708119,117,35.211,38.2793,3.0683
tiny,chip_060_118_merged.tif,0.6,1,1128101488,117,34.609,37.9409,3.3318
tiny,chip_060_118_merged.tif,0.6,2,648155970,117,37.547,38.0652,0.5182
tiny,chip_060_118_merged.tif,0.6,3,267549339,117,35.4495,37.7547,2.3052
tiny,chip_060_118_merged.tif,0.6,4,1935087469,117,37.5926,37.7639,0.1713
tiny,chip_060_118_merged.tif,0.8,0,173177060,156,35.6112,35.1044,-0.5068
tiny,chip_060_118_merged.tif,0.8,1,1940054077,156,34.8544,36.7452,1.8908
tiny,chip_060_118_merged.tif,0.8,2,1559447446,156,34.8922,37.1638,2.2716
tiny,chip_060_118_merged.tif,0.8,3,1079501928,156,33.8132,35.9021,2.0889
tiny,chip_060_118_merged.tif,0.8,4,698895297,156,34.8029,35.65,0.8471
tiny,chip_063_116_merged.tif,0.2,0,1571533205,39,32.9244,35.6426,2.7182
tiny,chip_063_116_merged.tif,0.2,1,1190926574,39,33.2142,36.1233,2.9091
tiny,chip_063_116_merged.tif,0.2,2,710981056,39,32.9253,35.4797,2.5544
tiny,chip_063_116_merged.tif,0.2,3,330374425,39,32.8661,36.2695,3.4034
tiny,chip_063_116_merged.tif,0.2,4,1997912555,39,32.8676,35.554,2.6864
tiny,chip_063_116_merged.tif,0.4,0,1410917872,78,32.4872,35.2178,2.7306
tiny,chip_063_116_merged.tif,0.4,1,1030311241,78,32.5362,35.1656,2.6294
tiny,chip_063_116_merged.tif,0.4,2,550365723,78,33.2529,35.3295,2.0766
tiny,chip_063_116_merged.tif,0.4,3,169759092,78,32.3689,34.8909,2.522
tiny,chip_063_116_merged.tif,0.4,4,1837297222,78,30.4126,35.2518,4.8392
tiny,chip_063_116_merged.tif,0.6,0,667619665,117,32.6464,34.8134,2.167
tiny,chip_063_116_merged.tif,0.6,1,287013034,117,31.3409,34.9015,3.5606
tiny,chip_063_116_merged.tif,0.6,2,1954551164,117,32.0424,34.8145,2.7721
tiny,chip_063_116_merged.tif,0.6,3,1573944533,117,31.3381,34.1927,2.8546
tiny,chip_063_116_merged.tif,0.6,4,1093999015,117,32.3583,34.2997,1.9414
tiny,chip_063_116_merged.tif,0.8,0,1479572254,156,31.1896,33.557,2.3674
tiny,chip_063_116_merged.tif,0.8,1,1098965623,156,32.4267,33.7393,1.3126
tiny,chip_063_116_merged.tif,0.8,2,718358992,156,30.3917,33.9444,3.5527
tiny,chip_063_116_merged.tif,0.8,3,238413474,156,30.4511,33.6868,3.2356
tiny,chip_063_116_merged.tif,0.8,4,2005290491,156,31.2934,33.1486,1.8552
tiny,chip_064_067_merged.tif,0.2,0,51975544,39,34.3285,40.2705,5.942
tiny,chip_064_067_merged.tif,0.2,1,1719513674,39,38.0521,36.64,-1.4121
tiny,chip_064_067_merged.tif,0.2,2,1338907043,39,34.9416,36.5717,1.63
tiny,chip_064_067_merged.tif,0.2,3,858961525,39,43.5183,35.8458,-7.6725
tiny,chip_064_067_merged.tif,0.2,4,478354894,39,38.0529,37.7263,-0.3266
tiny,chip_064_067_merged.tif,0.4,0,1134184122,78,33.1675,37.0694,3.9019
tiny,chip_064_067_merged.tif,0.4,1,753577491,78,36.4859,38.2139,1.728
tiny,chip_064_067_merged.tif,0.4,2,273631973,78,41.1802,37.178,-4.0021
tiny,chip_064_067_merged.tif,0.4,3,2040508990,78,39.6791,35.3702,-4.3089
tiny,chip_064_067_merged.tif,0.4,4,1560563472,78,34.7801,36.5144,1.7343
tiny,chip_064_067_merged.tif,0.6,0,1196206765,117,36.5107,35.1114,-1.3992
tiny,chip_064_067_merged.tif,0.6,1,815600134,117,33.8851,36.268,2.3829
tiny,chip_064_067_merged.tif,0.6,2,434993503,117,32.8274,33.896,1.0686
tiny,chip_064_067_merged.tif,0.6,3,2102531633,117,32.8606,36.8762,4.0156
tiny,chip_064_067_merged.tif,0.6,4,1721925002,117,33.9024,36.5352,2.6328
tiny,chip_064_067_merged.tif,0.8,0,812953456,156,33.2319,36.5791,3.3472
tiny,chip_064_067_merged.tif,0.8,1,333007938,156,35.2244,34.8485,-0.3759
tiny,chip_064_067_merged.tif,0.8,2,2099884955,156,23.9266,35.486,11.5594
tiny,chip_064_067_merged.tif,0.8,3,1619939437,156,23.904,33.0418,9.1379
tiny,chip_064_067_merged.tif,0.8,4,1239332806,156,23.9044,34.9406,11.0361
tiny,chip_064_120_merged.tif,0.2,0,2022888425,39,34.0412,37.0336,2.9924
tiny,chip_064_120_merged.tif,0.2,1,1642281794,39,34.4214,35.8537,1.4323
tiny,chip_064_120_merged.tif,0.2,2,1162336276,39,36.4877,36.7277,0.24
tiny,chip_064_120_merged.tif,0.2,3,781729645,39,35.4019,35.9568,0.5549
tiny,chip_064_120_merged.tif,0.2,4,401123014,39,35.8519,36.8369,0.985
tiny,chip_064_120_merged.tif,0.4,0,1862273092,78,32.7912,35.8902,3.099
tiny,chip_064_120_merged.tif,0.4,1,1481666461,78,33.4052,36.0689,2.6636
tiny,chip_064_120_merged.tif,0.4,2,1001720943,78,33.8122,36.2366,2.4245
tiny,chip_064_120_merged.tif,0.4,3,621114312,78,33.5074,36.2217,2.7143
tiny,chip_064_120_merged.tif,0.4,4,141168794,78,34.0902,35.8516,1.7613
tiny,chip_064_120_merged.tif,0.6,0,1118974885,117,33.7816,35.7065,1.9248
tiny,chip_064_120_merged.tif,0.6,1,738368254,117,33.0738,34.7702,1.6964
tiny,chip_064_120_merged.tif,0.6,2,258422736,117,33.3501,34.5703,1.2202
tiny,chip_064_120_merged.tif,0.6,3,2025299753,117,33.2146,35.9528,2.7383
tiny,chip_064_120_merged.tif,0.6,4,1545354235,117,33.2493,35.3524,2.103
tiny,chip_064_120_merged.tif,0.8,0,636382689,156,32.5493,34.4932,1.9439
tiny,chip_064_120_merged.tif,0.8,1,255776058,156,31.6641,33.7476,2.0835
tiny,chip_064_120_merged.tif,0.8,2,1923314188,156,31.8089,34.5021,2.6932
tiny,chip_064_120_merged.tif,0.8,3,1542707557,156,31.6065,34.0394,2.4329
tiny,chip_064_120_merged.tif,0.8,4,1162100926,156,31.6712,34.7659,3.0948
tiny,chip_064_352_merged.tif,0.2,0,510494472,39,30.2388,31.165,0.9261
tiny,chip_064_352_merged.tif,0.2,1,129887841,39,30.9749,30.9353,-0.0396
tiny,chip_064_352_merged.tif,0.2,2,1896764858,39,29.3986,31.8559,2.4572
tiny,chip_064_352_merged.tif,0.2,3,1416819340,39,27.4593,31.0823,3.623
tiny,chip_064_352_merged.tif,0.2,4,1036212709,39,30.5462,31.2474,0.7012
tiny,chip_064_352_merged.tif,0.4,0,349879139,78,28.8643,30.3588,1.4945
tiny,chip_064_352_merged.tif,0.4,1,2116756156,78,27.5283,31.1859,3.6576
tiny,chip_064_352_merged.tif,0.4,2,1636810638,78,30.019,31.3658,1.3468
tiny,chip_064_352_merged.tif,0.4,3,1256204007,78,27.5339,30.6512,3.1173
tiny,chip_064_352_merged.tif,0.4,4,776258489,78,29.1597,31.1279,1.9682
tiny,chip_064_352_merged.tif,0.6,0,1754064580,117,28.1819,30.1315,1.9496
tiny,chip_064_352_merged.tif,0.6,1,1373457949,117,28.1666,29.9664,1.7999
tiny,chip_064_352_merged.tif,0.6,2,893512431,117,28.8887,30.2706,1.382
tiny,chip_064_352_merged.tif,0.6,3,512905800,117,28.6482,30.5067,1.8586
tiny,chip_064_352_merged.tif,0.6,4,32960282,117,28.1574,30.459,2.3016
tiny,chip_064_352_merged.tif,0.8,0,1271472384,156,27.7792,29.2029,1.4236
tiny,chip_064_352_merged.tif,0.8,1,890865753,156,28.2397,29.0327,0.793
tiny,chip_064_352_merged.tif,0.8,2,410920235,156,28.1372,29.3072,1.17
tiny,chip_064_352_merged.tif,0.8,3,30313604,156,28.5316,28.9165,0.3849
tiny,chip_064_352_merged.tif,0.8,4,1797190621,156,28.4178,29.1347,0.7169
tiny,chip_064_354_merged.tif,0.2,0,1032881289,39,28.2459,31.2493,3.0034
tiny,chip_064_354_merged.tif,0.2,1,552935771,39,28.8074,31.0378,2.2303
tiny,chip_064_354_merged.tif,0.2,2,172329140,39,28.8964,31.1943,2.2979
tiny,chip_064_354_merged.tif,0.2,3,1939206157,39,31.1753,31.176,0.0007
tiny,chip_064_354_merged.tif,0.2,4,1459260639,39,28.8058,32.0868,3.281
tiny,chip_064_354_merged.tif,0.4,0,872265956,78,28.6991,31.2859,2.5868
tiny,chip_064_354_merged.tif,0.4,1,392320438,78,28.5955,30.8193,2.2239
tiny,chip_064_354_merged.tif,0.4,2,11713807,78,28.886,30.7934,1.9074
tiny,chip_064_354_merged.tif,0.4,3,1679251937,78,28.7762,30.7868,2.0106
tiny,chip_064_354_merged.tif,0.4,4,1298645306,78,28.2075,31.3661,3.1586
tiny,chip_064_354_merged.tif,0.6,0,128967749,117,28.1643,30.6529,2.4886
tiny,chip_064_354_merged.tif,0.6,1,1796505879,117,27.9259,30.2874,2.3615
tiny,chip_064_354_merged.tif,0.6,2,1415899248,117,28.4214,29.9829,1.5615
tiny,chip_064_354_merged.tif,0.6,3,935953730,117,28.5341,30.4768,1.9427
tiny,chip_064_354_merged.tif,0.6,4,555347099,117,28.1697,30.5829,2.4132
tiny,chip_064_354_merged.tif,0.8,0,1793859201,156,28.6759,29.6525,0.9766
tiny,chip_064_354_merged.tif,0.8,1,1313913683,156,28.6517,29.8827,1.231
tiny,chip_064_354_merged.tif,0.8,2,933307052,156,28.5159,29.9042,1.3883
tiny,chip_064_354_merged.tif,0.8,3,552700421,156,28.036,29.6265,1.5905
tiny,chip_064_354_merged.tif,0.8,4,72754903,156,27.9234,29.6166,1.6932
tiny,chip_065_348_merged.tif,0.2,0,2048289900,39,29.8035,30.6827,0.8791
tiny,chip_065_348_merged.tif,0.2,1,1667683269,39,28.6816,30.4829,1.8013
tiny,chip_065_348_merged.tif,0.2,2,1187737751,39,29.812,31.0407,1.2288
tiny,chip_065_348_merged.tif,0.2,3,807131120,39,28.7067,30.7038,1.997
tiny,chip_065_348_merged.tif,0.2,4,327185602,39,28.7062,29.763,1.0568
tiny,chip_065_348_merged.tif,0.4,0,983014830,78,28.2394,30.1416,1.9022
tiny,chip_065_348_merged.tif,0.4,1,602408199,78,28.7009,30.7813,2.0804
tiny,chip_065_348_merged.tif,0.4,2,221801568,78,28.8173,30.5512,1.7339
tiny,chip_065_348_merged.tif,0.4,3,1889339698,78,28.9535,30.6872,1.7338
tiny,chip_065_348_merged.tif,0.4,4,1508733067,78,28.8405,30.0157,1.1752
tiny,chip_065_348_merged.tif,0.6,0,1144376360,117,28.139,29.8271,1.6881
tiny,chip_065_348_merged.tif,0.6,1,664430842,117,28.6525,29.7793,1.1268
tiny,chip_065_348_merged.tif,0.6,2,283824211,117,28.6148,29.9911,1.3764
tiny,chip_065_348_merged.tif,0.6,3,1951362341,117,28.6226,29.7762,1.1536
tiny,chip_065_348_merged.tif,0.6,4,1570755710,117,28.602,29.866,1.264
tiny,chip_065_348_merged.tif,0.8,0,661784164,156,28.5679,29.2202,0.6523
tiny,chip_065_348_merged.tif,0.8,1,281177533,156,27.9307,29.0994,1.1687
tiny,chip_065_348_merged.tif,0.8,2,1948715663,156,27.8824,29.1456,1.2632
tiny,chip_065_348_merged.tif,0.8,3,1568109032,156,27.8776,29.0701,1.1924
tiny,chip_065_348_merged.tif,0.8,4,1088163514,156,27.7811,29.5805,1.7994
tiny,chip_066_347_merged.tif,0.2,0,921765128,39,30.3102,33.2533,2.9431
tiny,chip_066_347_merged.tif,0.2,1,541158497,39,32.3375,33.4841,1.1466
tiny,chip_066_347_merged.tif,0.2,2,61212979,39,29.3687,32.7039,3.3352
tiny,chip_066_347_merged.tif,0.2,3,1828089996,39,29.8552,32.5769,2.7216
tiny,chip_066_347_merged.tif,0.2,4,1348144478,39,29.3677,34.0273,4.6596
tiny,chip_066_347_merged.tif,0.4,0,2103312593,78,30.4754,32.415,1.9397
tiny,chip_066_347_merged.tif,0.4,1,1623367075,78,29.2766,31.9205,2.6438
tiny,chip_066_347_merged.tif,0.4,2,1242760444,78,28.611,32.62,4.009
tiny,chip_066_347_merged.tif,0.4,3,762814926,78,29.1661,31.8312,2.6651
tiny,chip_066_347_merged.tif,0.4,4,382208295,78,29.1656,32.8013,3.6357
tiny,chip_066_347_merged.tif,0.6,0,17851588,117,28.6985,31.5868,2.8883
tiny,chip_066_347_merged.tif,0.6,1,1784728605,117,28.6942,31.7168,3.0225
tiny,chip_066_347_merged.tif,0.6,2,1304783087,117,29.6226,31.3488,1.7261
tiny,chip_066_347_merged.tif,0.6,3,924176456,117,29.6394,31.4488,1.8094
tiny,chip_066_347_merged.tif,0.6,4,444230938,117,29.5942,31.6785,2.0843
tiny,chip_066_347_merged.tif,0.8,0,1682743040,156,28.5388,31.0172,2.4785
tiny,chip_066_347_merged.tif,0.8,1,1302136409,156,28.539,30.3207,1.7817
tiny,chip_066_347_merged.tif,0.8,2,822190891,156,29.4145,31.1737,1.7592
tiny,chip_066_347_merged.tif,0.8,3,441584260,156,28.5456,29.4722,0.9266
tiny,chip_066_347_merged.tif,0.8,4,2109122390,156,28.5736,30.3521,1.7784
tiny,chip_067_282_merged.tif,0.2,0,1352211268,39,32.4096,35.1186,2.7089
tiny,chip_067_282_merged.tif,0.2,1,971604637,39,31.3958,34.105,2.7091
tiny,chip_067_282_merged.tif,0.2,2,491659119,39,31.1711,35.6382,4.4671
tiny,chip_067_282_merged.tif,0.2,3,111052488,39,32.1229,36.0295,3.9066
tiny,chip_067_282_merged.tif,0.2,4,1778590618,39,32.1208,34.1602,2.0395
tiny,chip_067_282_merged.tif,0.4,0,386275085,78,31.8035,33.7247,1.9212
tiny,chip_067_282_merged.tif,0.4,1,2053813215,78,29.9762,33.8675,3.8914
tiny,chip_067_282_merged.tif,0.4,2,1673206584,78,31.6407,34.4329,2.7922
tiny,chip_067_282_merged.tif,0.4,3,1193261066,78,31.6393,33.8757,2.2363
tiny,chip_067_282_merged.tif,0.4,4,812654435,78,31.8021,33.8145,2.0124
tiny,chip_067_282_merged.tif,0.6,0,448297728,117,31.1781,33.6388,2.4607
tiny,chip_067_282_merged.tif,0.6,1,67691097,117,31.4453,32.9614,1.5161
tiny,chip_067_282_merged.tif,0.6,2,1735229227,117,29.6012,33.4201,3.8189
tiny,chip_067_282_merged.tif,0.6,3,1354622596,117,31.2931,33.5014,2.2083
tiny,chip_067_282_merged.tif,0.6,4,874677078,117,31.2996,33.9239,2.6244
tiny,chip_067_282_merged.tif,0.8,0,2113189180,156,30.1128,32.4762,2.3634
tiny,chip_067_282_merged.tif,0.8,1,1732582549,156,30.126,31.8247,1.6987
tiny,chip_067_282_merged.tif,0.8,2,1252637031,156,29.8055,32.133,2.3275
tiny,chip_067_282_merged.tif,0.8,3,872030400,156,30.0872,32.9811,2.8938
tiny,chip_067_282_merged.tif,0.8,4,392084882,156,30.1318,32.6434,2.5116
tiny,chip_069_353_merged.tif,0.2,0,1246218810,39,31.6107,32.7476,1.1369
tiny,chip_069_353_merged.tif,0.2,1,766273292,39,31.2772,32.2231,0.9459
tiny,chip_069_353_merged.tif,0.2,2,385666661,39,31.1195,32.6057,1.4862
tiny,chip_069_353_merged.tif,0.2,3,2053204791,39,30.5372,32.2006,1.6634
tiny,chip_069_353_merged.tif,0.2,4,1672598160,39,31.6955,32.6705,0.9749
tiny,chip_069_353_merged.tif,0.4,0,180943740,78,31.4868,32.4863,0.9996
tiny,chip_069_353_merged.tif,0.4,1,1947820757,78,30.709,32.1863,1.4773
tiny,chip_069_353_merged.tif,0.4,2,1467875239,78,30.6855,31.9379,1.2525
tiny,chip_069_353_merged.tif,0.4,3,1087268608,78,30.6837,32.594,1.9102
tiny,chip_069_353_merged.tif,0.4,4,607323090,78,30.8124,32.5697,1.7573
tiny,chip_069_353_merged.tif,0.6,0,242966383,117,29.1017,32.0987,2.9969
tiny,chip_069_353_merged.tif,0.6,1,2009843400,117,29.9641,31.8325,1.8684
tiny,chip_069_353_merged.tif,0.6,2,1529897882,117,30.0338,32.2146,2.1807
tiny,chip_069_353_merged.tif,0.6,3,1149291251,117,30.5118,31.6623,1.1505
tiny,chip_069_353_merged.tif,0.6,4,768684620,117,30.5453,31.2968,0.7515
tiny,chip_069_353_merged.tif,0.8,0,1907857835,156,30.2717,31.3478,1.0761
tiny,chip_069_353_merged.tif,0.8,1,1527251204,156,29.3592,30.97,1.6108
tiny,chip_069_353_merged.tif,0.8,2,1146644573,156,30.0126,31.1696,1.157
tiny,chip_069_353_merged.tif,0.8,3,666699055,156,29.3005,30.8764,1.5759
tiny,chip_069_353_merged.tif,0.8,4,286092424,156,29.3425,31.3231,1.9805
tiny,chip_071_257_merged.tif,0.2,0,1453809207,39,36.0193,37.2487,1.2294
tiny,chip_071_257_merged.tif,0.2,1,973863689,39,34.6159,36.9405,2.3245
tiny,chip_071_257_merged.tif,0.2,2,593257058,39,36.689,36.8785,0.1895
tiny,chip_071_257_merged.tif,0.2,3,113311540,39,34.7812,37.258,2.4768
tiny,chip_071_257_merged.tif,0.2,4,1880188557,39,34.5177,37.1576,2.64
tiny,chip_071_257_merged.tif,0.4,0,440255011,78,34.719,36.6328,1.9138
tiny,chip_071_257_merged.tif,0.4,1,2107793141,78,32.3607,37.1713,4.8106
tiny,chip_071_257_merged.tif,0.4,2,1727186510,78,31.7124,36.688,4.9756
tiny,chip_071_257_merged.tif,0.4,3,1247240992,78,35.3855,36.7204,1.3349
tiny,chip_071_257_merged.tif,0.4,4,866634361,78,31.7023,36.696,4.9937
tiny,chip_071_257_merged.tif,0.6,0,450556780,117,32.4379,36.9057,4.4677
tiny,chip_071_257_merged.tif,0.6,1,69950149,117,34.1249,36.6732,2.5482
tiny,chip_071_257_merged.tif,0.6,2,1836827166,117,34.1426,36.7536,2.611
tiny,chip_071_257_merged.tif,0.6,3,1356881648,117,33.9225,36.3674,2.445
tiny,chip_071_257_merged.tif,0.6,4,976275017,117,34.7422,36.3655,1.6233
tiny,chip_071_257_merged.tif,0.8,0,1361848256,156,33.2896,35.5103,2.2207
tiny,chip_071_257_merged.tif,0.8,1,881902738,156,32.8349,35.3783,2.5433
tiny,chip_071_257_merged.tif,0.8,2,501296107,156,32.7932,35.305,2.5117
tiny,chip_071_257_merged.tif,0.8,3,120689476,156,33.273,35.2786,2.0055
tiny,chip_071_257_merged.tif,0.8,4,1788227606,156,32.8316,34.3468,1.5151
tiny,chip_074_351_merged.tif,0.2,0,1596099811,39,30.904,32.6446,1.7406
tiny,chip_074_351_merged.tif,0.2,1,1116154293,39,30.8608,32.429,1.5682
tiny,chip_074_351_merged.tif,0.2,2,735547662,39,30.9509,31.5247,0.5738
tiny,chip_074_351_merged.tif,0.2,3,255602144,39,30.735,31.4514,0.7164
tiny,chip_074_351_merged.tif,0.2,4,2022479161,39,30.7561,31.4797,0.7236
tiny,chip_074_351_merged.tif,0.4,0,530824741,78,30.6129,30.9641,0.3513
tiny,chip_074_351_merged.tif,0.4,1,150218110,78,30.0336,31.7631,1.7295
tiny,chip_074_351_merged.tif,0.4,2,1817756240,78,31.2164,31.3682,0.1519
tiny,chip_074_351_merged.tif,0.4,3,1437149609,78,30.565,31.491,0.926
tiny,chip_074_351_merged.tif,0.4,4,957204091,78,30.799,31.6118,0.8128
tiny,chip_074_351_merged.tif,0.6,0,592847384,117,29.8047,31.2257,1.421
tiny,chip_074_351_merged.tif,0.6,1,212240753,117,30.0557,31.6831,1.6273
tiny,chip_074_351_merged.tif,0.6,2,1879778883,117,30.4313,31.6069,1.1757
tiny,chip_074_351_merged.tif,0.6,3,1499172252,117,30.6603,31.1034,0.443
tiny,chip_074_351_merged.tif,0.6,4,1118565621,117,30.2462,31.2945,1.0483
tiny,chip_074_351_merged.tif,0.8,0,209594075,156,29.857,30.8079,0.951
tiny,chip_074_351_merged.tif,0.8,1,1877132205,156,30.2128,30.9335,0.7208
tiny,chip_074_351_merged.tif,0.8,2,1496525574,156,29.9224,30.4262,0.5038
tiny,chip_074_351_merged.tif,0.8,3,1016580056,156,29.8615,30.7591,0.8976
tiny,chip_074_351_merged.tif,0.8,4,635973425,156,29.8552,30.5233,0.6681
tiny,chip_075_347_merged.tif,0.2,0,1648969535,39,28.9541,31.9079,2.9539
tiny,chip_075_347_merged.tif,0.2,1,1169024017,39,28.8838,31.414,2.5302
tiny,chip_075_347_merged.tif,0.2,2,788417386,39,28.8833,31.0593,2.176
tiny,chip_075_347_merged.tif,0.2,3,407810755,39,29.9347,30.8986,0.964
tiny,chip_075_347_merged.tif,0.2,4,2075348885,39,29.7067,30.951,1.2443
tiny,chip_075_347_merged.tif,0.4,0,1488354202,78,29.52,30.71,1.1901
tiny,chip_075_347_merged.tif,0.4,1,1008408684,78,29.5882,31.1348,1.5465
tiny,chip_075_347_merged.tif,0.4,2,627802053,78,29.0324,31.1824,2.15
tiny,chip_075_347_merged.tif,0.4,3,147856535,78,28.8385,31.6218,2.7833
tiny,chip_075_347_merged.tif,0.4,4,1914733552,78,28.8379,31.1241,2.2861
tiny,chip_075_347_merged.tif,0.6,0,745055995,117,29.0857,30.8342,1.7485
tiny,chip_075_347_merged.tif,0.6,1,265110477,117,29.0141,30.2271,1.213
tiny,chip_075_347_merged.tif,0.6,2,2031987494,117,29.0594,30.7699,1.7105
tiny,chip_075_347_merged.tif,0.6,3,1552041976,117,28.9799,30.7502,1.7703
tiny,chip_075_347_merged.tif,0.6,4,1171435345,117,29.1916,30.4506,1.2589
tiny,chip_075_347_merged.tif,0.8,0,262463799,156,28.8142,30.03,1.2158
tiny,chip_075_347_merged.tif,0.8,1,1930001929,156,29.2975,30.0065,0.709
tiny,chip_075_347_merged.tif,0.8,2,1549395298,156,28.8208,30.2808,1.4599
tiny,chip_075_347_merged.tif,0.8,3,1168788667,156,28.8275,30.0709,1.2434
tiny,chip_075_347_merged.tif,0.8,4,688843149,156,29.1329,30.2492,1.1162
tiny,chip_075_350_merged.tif,0.2,0,2063880302,39,30.0651,32.8017,2.7366
tiny,chip_075_350_merged.tif,0.2,1,1683273671,39,29.4604,33.554,4.0936
tiny,chip_075_350_merged.tif,0.2,2,1203328153,39,31.011,33.825,2.8139
tiny,chip_075_350_merged.tif,0.2,3,822721522,39,29.2261,32.3962,3.1701
tiny,chip_075_350_merged.tif,0.2,4,342776004,39,31.357,33.5476,2.1907
tiny,chip_075_350_merged.tif,0.4,0,998605232,78,32.6017,33.6875,1.0858
tiny,chip_075_350_merged.tif,0.4,1,617998601,78,29.641,33.0766,3.4356
tiny,chip_075_350_merged.tif,0.4,2,237391970,78,32.3418,32.9635,0.6217
tiny,chip_075_350_merged.tif,0.4,3,1904930100,78,32.6366,32.9233,0.2867
tiny,chip_075_350_merged.tif,0.4,4,1524323469,78,32.2616,33.4256,1.164
tiny,chip_075_350_merged.tif,0.6,0,1159966762,117,29.9275,32.1667,2.2393
tiny,chip_075_350_merged.tif,0.6,1,680021244,117,29.8655,32.6406,2.7751
tiny,chip_075_350_merged.tif,0.6,2,299414613,117,30.8199,32.8789,2.059
tiny,chip_075_350_merged.tif,0.6,3,1966952743,117,31.1015,32.5979,1.4964
tiny,chip_075_350_merged.tif,0.6,4,1586346112,117,29.9062,32.3493,2.4431
tiny,chip_075_350_merged.tif,0.8,0,677374566,156,29.5699,31.5085,1.9387
tiny,chip_075_350_merged.tif,0.8,1,296767935,156,30.3735,32.0476,1.6741
tiny,chip_075_350_merged.tif,0.8,2,1964306065,156,29.543,31.236,1.6929
tiny,chip_075_350_merged.tif,0.8,3,1583699434,156,30.5434,31.357,0.8136
tiny,chip_075_350_merged.tif,0.8,4,1103753916,156,29.5877,30.5269,0.9393
tiny,chip_079_220_merged.tif,0.2,0,1748988584,39,34.7798,35.6911,0.9113
tiny,chip_079_220_merged.tif,0.2,1,1368381953,39,31.0385,35.7053,4.6668
tiny,chip_079_220_merged.tif,0.2,2,888436435,39,30.2628,36.8739,6.6111
tiny,chip_079_220_merged.tif,0.2,3,507829804,39,31.5692,36.3472,4.7779
tiny,chip_079_220_merged.tif,0.2,4,27884286,39,34.6062,33.165,-1.4412
tiny,chip_079_220_merged.tif,0.4,0,783052401,78,29.6053,35.6536,6.0484
tiny,chip_079_220_merged.tif,0.4,1,303106883,78,29.7701,34.3743,4.6042
tiny,chip_079_220_merged.tif,0.4,2,2069983900,78,29.2177,34.8791,5.6614
tiny,chip_079_220_merged.tif,0.4,3,1590038382,78,28.3723,34.9312,6.5588
tiny,chip_079_220_merged.tif,0.4,4,1209431751,78,30.1446,34.655,4.5105
tiny,chip_079_220_merged.tif,0.6,0,845075044,117,31.8825,33.6796,1.7972
tiny,chip_079_220_merged.tif,0.6,1,365129526,117,28.8514,33.6035,4.7521
tiny,chip_079_220_merged.tif,0.6,2,2132006543,117,29.3234,34.7279,5.4045
tiny,chip_079_220_merged.tif,0.6,3,1751399912,117,28.8253,32.8165,3.9912
tiny,chip_079_220_merged.tif,0.6,4,1271454394,117,28.2739,32.7989,4.525
tiny,chip_079_220_merged.tif,0.8,0,362482848,156,28.6612,33.9961,5.3349
tiny,chip_079_220_merged.tif,0.8,1,2129359865,156,29.5491,32.0098,2.4607
tiny,chip_079_220_merged.tif,0.8,2,1649414347,156,28.9104,31.9011,2.9907
tiny,chip_079_220_merged.tif,0.8,3,1268807716,156,29.5506,31.1978,1.6471
tiny,chip_079_220_merged.tif,0.8,4,788862198,156,29.8309,32.5562,2.7253
tiny,chip_080_231_merged.tif,0.2,0,1058062056,39,29.6957,36.5266,6.8309
tiny,chip_080_231_merged.tif,0.2,1,578116538,39,29.8706,35.3778,5.5072
tiny,chip_080_231_merged.tif,0.2,2,197509907,39,30.446,35.751,5.305
tiny,chip_080_231_merged.tif,0.2,3,1865048037,39,29.6971,36.4421,6.745
tiny,chip_080_231_merged.tif,0.2,4,1484441406,39,29.8186,37.5425,7.7239
tiny,chip_080_231_merged.tif,0.4,0,798107836,78,33.3016,36.0708,2.7692
tiny,chip_080_231_merged.tif,0.4,1,417501205,78,34.859,36.228,1.369
tiny,chip_080_231_merged.tif,0.4,2,36894574,78,33.3016,35.0643,1.7627
tiny,chip_080_231_merged.tif,0.4,3,1704432704,78,34.8599,36.292,1.4322
tiny,chip_080_231_merged.tif,0.4,4,1323826073,78,30.7622,36.7293,5.967
tiny,chip_080_231_merged.tif,0.6,0,54809629,117,32.9147,34.883,1.9682
tiny,chip_080_231_merged.tif,0.6,1,1821686646,117,32.0756,33.9586,1.883
tiny,chip_080_231_merged.tif,0.6,2,1441080015,117,33.1261,34.2066,1.0805
tiny,chip_080_231_merged.tif,0.6,3,961134497,117,32.1534,33.0554,0.902
tiny,chip_080_231_merged.tif,0.6,4,580527866,117,31.9178,33.3997,1.4818
tiny,chip_080_231_merged.tif,0.8,0,1819039968,156,31.5962,32.0151,0.419
tiny,chip_080_231_merged.tif,0.8,1,1339094450,156,31.9158,31.7945,-0.1213
tiny,chip_080_231_merged.tif,0.8,2,958487819,156,31.2761,32.0876,0.8115
tiny,chip_080_231_merged.tif,0.8,3,478542301,156,31.8734,32.1292,0.2558
tiny,chip_080_231_merged.tif,0.8,4,97935670,156,31.618,32.1991,0.5811
tiny,chip_081_176_merged.tif,0.2,0,1435410236,39,33.6939,37.5242,3.8303
tiny,chip_081_176_merged.tif,0.2,1,1054803605,39,31.8196,37.5275,5.7078
tiny,chip_081_176_merged.tif,0.2,2,674196974,39,30.1409,37.3457,7.2048
tiny,chip_081_176_merged.tif,0.2,3,194251456,39,31.8487,37.8361,5.9874
tiny,chip_081_176_merged.tif,0.2,4,1961128473,39,31.8482,36.6514,4.8032
tiny,chip_081_176_merged.tif,0.4,0,1274794903,78,33.4941,36.1301,2.636
tiny,chip_081_176_merged.tif,0.4,1,894188272,78,31.8467,36.6717,4.825
tiny,chip_081_176_merged.tif,0.4,2,414242754,78,31.2777,37.1836,5.9059
tiny,chip_081_176_merged.tif,0.4,3,33636123,78,35.3141,35.8209,0.5067
tiny,chip_081_176_merged.tif,0.4,4,1800513140,78,31.7547,36.97,5.2153
tiny,chip_081_176_merged.tif,0.6,0,531496696,117,32.5508,34.6659,2.115
tiny,chip_081_176_merged.tif,0.6,1,150890065,117,32.6118,34.2383,1.6265
tiny,chip_081_176_merged.tif,0.6,2,1818428195,117,32.1596,35.5993,3.4397
tiny,chip_081_176_merged.tif,0.6,3,1437821564,117,32.4899,35.2283,2.7384
tiny,chip_081_176_merged.tif,0.6,4,1057214933,117,30.6999,35.0166,4.3167
tiny,chip_081_176_merged.tif,0.8,0,1442788172,156,30.9722,31.5751,0.6029
tiny,chip_081_176_merged.tif,0.8,1,962842654,156,32.1438,34.4888,2.3451
tiny,chip_081_176_merged.tif,0.8,2,582236023,156,31.8886,33.2501,1.3614
tiny,chip_081_176_merged.tif,0.8,3,102290505,156,31.6058,34.9027,3.2969
tiny,chip_081_176_merged.tif,0.8,4,1869167522,156,31.7531,34.208,2.455
tiny,chip_081_345_merged.tif,0.2,0,1631929642,39,31.3444,32.6073,1.2628
tiny,chip_081_345_merged.tif,0.2,1,1251323011,39,32.3855,35.6207,3.2351
tiny,chip_081_345_merged.tif,0.2,2,870716380,39,30.9822,35.0231,4.0409
tiny,chip_081_345_merged.tif,0.2,3,390770862,39,32.2744,35.1955,2.9211
tiny,chip_081_345_merged.tif,0.2,4,10164231,39,34.8341,34.7457,-0.0884
tiny,chip_081_345_merged.tif,0.4,0,1471314309,78,33.9514,32.1978,-1.7536
tiny,chip_081_345_merged.tif,0.4,1,1090707678,78,33.1258,34.5647,1.4389
tiny,chip_081_345_merged.tif,0.4,2,610762160,78,30.2832,34.5944,4.3112
tiny,chip_081_345_merged.tif,0.4,3,230155529,78,28.8333,34.2062,5.3729
tiny,chip_081_345_merged.tif,0.4,4,1997032546,78,30.3703,34.18,3.8097
tiny,chip_081_345_merged.tif,0.6,0,728016102,117,30.976,32.8167,1.8407
tiny,chip_081_345_merged.tif,0.6,1,347409471,117,32.4772,33.9747,1.4976
tiny,chip_081_345_merged.tif,0.6,2,2014947601,117,28.614,33.0486,4.4347
tiny,chip_081_345_merged.tif,0.6,3,1634340970,117,32.4197,33.2061,0.7864
tiny,chip_081_345_merged.tif,0.6,4,1253734339,117,32.467,34.1244,1.6574
tiny,chip_081_345_merged.tif,0.8,0,245423906,156,28.1819,32.2105,4.0286
tiny,chip_081_345_merged.tif,0.8,1,2012300923,156,30.4355,32.595,2.1595
tiny,chip_081_345_merged.tif,0.8,2,1631694292,156,28.3466,32.1237,3.7771
tiny,chip_081_345_merged.tif,0.8,3,1151748774,156,28.6223,32.9956,4.3733
tiny,chip_081_345_merged.tif,0.8,4,771142143,156,30.453,32.3913,1.9383
tiny,chip_082_339_merged.tif,0.2,0,887965197,39,32.7842,35.5849,2.8007
tiny,chip_082_339_merged.tif,0.2,1,507358566,39,34.0394,36.6334,2.594
tiny,chip_082_339_merged.tif,0.2,2,27413048,39,36.5359,36.1961,-0.3398
tiny,chip_082_339_merged.tif,0.2,3,1794290065,39,32.9334,35.5889,2.6555
tiny,chip_082_339_merged.tif,0.2,4,1314344547,39,36.2171,35.5875,-0.6296
tiny,chip_082_339_merged.tif,0.4,0,727349864,78,34.6176,35.8533,1.2356
tiny,chip_082_339_merged.tif,0.4,1,346743233,78,34.6491,36.6334,1.9843
tiny,chip_082_339_merged.tif,0.4,2,2014281363,78,33.2473,36.1081,2.8608
tiny,chip_082_339_merged.tif,0.4,3,1633674732,78,33.2466,35.9797,2.7331
tiny,chip_082_339_merged.tif,0.4,4,1153729214,78,33.2466,35.3741,2.1276
tiny,chip_082_339_merged.tif,0.6,0,2131535305,117,33.4107,35.3701,1.9594
tiny,chip_082_339_merged.tif,0.6,1,1750928674,117,33.8828,34.598,0.7152
tiny,chip_082_339_merged.tif,0.6,2,1270983156,117,33.8512,35.6139,1.7627
tiny,chip_082_339_merged.tif,0.6,3,890376525,117,34.5061,35.1105,0.6045
tiny,chip_082_339_merged.tif,0.6,4,410431007,117,34.2486,35.0532,0.8046
tiny,chip_082_339_merged.tif,0.8,0,1648943109,156,33.7007,34.9066,1.2059
tiny,chip_082_339_merged.tif,0.8,1,1268336478,156,34.1908,34.9692,0.7784
tiny,chip_082_339_merged.tif,0.8,2,788390960,156,33.9905,35.301,1.3105
tiny,chip_082_339_merged.tif,0.8,3,407784329,156,33.7353,34.6386,0.9033
tiny,chip_082_339_merged.tif,0.8,4,2075322459,156,34.1893,34.5772,0.3879
tiny,chip_083_175_merged.tif,0.2,0,1766276935,39,27.885,33.7582,5.8732
tiny,chip_083_175_merged.tif,0.2,1,1385670304,39,30.6659,34.8733,4.2074
tiny,chip_083_175_merged.tif,0.2,2,905724786,39,34.1595,33.8221,-0.3374
tiny,chip_083_175_merged.tif,0.2,3,525118155,39,31.0516,35.342,4.2904
tiny,chip_083_175_merged.tif,0.2,4,45172637,39,32.7376,34.1019,1.3643
tiny,chip_083_175_merged.tif,0.4,0,1605661602,78,29.8851,35.1372,5.2521
tiny,chip_083_175_merged.tif,0.4,1,1125716084,78,29.5535,34.3256,4.7721
tiny,chip_083_175_merged.tif,0.4,2,745109453,78,30.0331,34.5785,4.5454
tiny,chip_083_175_merged.tif,0.4,3,265163935,78,32.1334,34.0819,1.9485
tiny,chip_083_175_merged.tif,0.4,4,2032040952,78,30.7944,34.4642,3.6698
tiny,chip_083_175_merged.tif,0.6,0,862363395,117,29.8044,32.9367,3.1324
tiny,chip_083_175_merged.tif,0.6,1,382417877,117,29.9424,34.6321,4.6897
tiny,chip_083_175_merged.tif,0.6,2,1811246,117,30.1961,34.2006,4.0044
tiny,chip_083_175_merged.tif,0.6,3,1669349376,117,29.8828,34.1083,4.2255
tiny,chip_083_175_merged.tif,0.6,4,1288742745,117,30.1634,33.2682,3.1048
tiny,chip_083_175_merged.tif,0.8,0,379771199,156,29.9944,31.1964,1.202
tiny,chip_083_175_merged.tif,0.8,1,2146648216,156,30.2775,33.4108,3.1333
tiny,chip_083_175_merged.tif,0.8,2,1666702698,156,30.0714,32.4021,2.3307
tiny,chip_083_175_merged.tif,0.8,3,1286096067,156,30.0538,32.3885,2.3347
tiny,chip_083_175_merged.tif,0.8,4,806150549,156,30.0704,32.2081,2.1377
tiny,chip_083_208_merged.tif,0.2,0,1389552100,39,28.765,32.5022,3.7373
tiny,chip_083_208_merged.tif,0.2,1,909606582,39,28.9991,33.3268,4.3276
tiny,chip_083_208_merged.tif,0.2,2,528999951,39,31.8579,33.6092,1.7514
tiny,chip_083_208_merged.tif,0.2,3,148393320,39,29.0391,34.0729,5.0338
tiny,chip_083_208_merged.tif,0.2,4,1815931450,39,30.4904,31.8455,1.3551
tiny,chip_083_208_merged.tif,0.4,0,324277030,78,30.2643,29.1902,-1.0741
tiny,chip_083_208_merged.tif,0.4,1,2091154047,78,29.6315,33.1803,3.5487
tiny,chip_083_208_merged.tif,0.4,2,1710547416,78,30.0011,32.0753,2.0742
tiny,chip_083_208_merged.tif,0.4,3,1230601898,78,29.4177,32.446,3.0283
tiny,chip_083_208_merged.tif,0.4,4,849995267,78,30.2556,32.7263,2.4708
tiny,chip_083_208_merged.tif,0.6,0,485638560,117,29.0908,30.8113,1.7205
tiny,chip_083_208_merged.tif,0.6,1,5693042,117,28.5077,29.0698,0.5621
tiny,chip_083_208_merged.tif,0.6,2,1772570059,117,28.954,31.6984,2.7444
tiny,chip_083_208_merged.tif,0.6,3,1292624541,117,28.5287,29.1673,0.6386
tiny,chip_083_208_merged.tif,0.6,4,912017910,117,29.0562,31.5378,2.4817
tiny,chip_083_208_merged.tif,0.8,0,3046364,156,29.2886,29.4429,0.1543
tiny,chip_083_208_merged.tif,0.8,1,1670584494,156,29.015,30.5988,1.5838
tiny,chip_083_208_merged.tif,0.8,2,1289977863,156,28.656,31.0989,2.4429
tiny,chip_083_208_merged.tif,0.8,3,909371232,156,28.6614,29.1534,0.4919
tiny,chip_083_208_merged.tif,0.8,4,429425714,156,27.4465,29.0794,1.6329
tiny,chip_084_207_merged.tif,0.2,0,1787638785,39,32.3466,34.5978,2.2512
tiny,chip_084_207_merged.tif,0.2,1,1407032154,39,35.0931,35.2714,0.1783
tiny,chip_084_207_merged.tif,0.2,2,927086636,39,33.2445,35.2267,1.9821
tiny,chip_084_207_merged.tif,0.2,3,546480005,39,34.3977,34.6972,0.2995
tiny,chip_084_207_merged.tif,0.2,4,165873374,39,32.6716,36.9152,4.2436
tiny,chip_084_207_merged.tif,0.4,0,1627023452,78,32.4827,34.9306,2.4479
tiny,chip_084_207_merged.tif,0.4,1,1246416821,78,32.5325,34.8926,2.3601
tiny,chip_084_207_merged.tif,0.4,2,766471303,78,32.5504,34.4797,1.9293
tiny,chip_084_207_merged.tif,0.4,3,385864672,78,32.2709,35.4975,3.2266
tiny,chip_084_207_merged.tif,0.4,4,2053402802,78,33.389,35.278,1.8891
tiny,chip_084_207_merged.tif,0.6,0,883725245,117,32.9733,34.4932,1.5199
tiny,chip_084_207_merged.tif,0.6,1,503118614,117,31.9489,35.4291,3.4803
tiny,chip_084_207_merged.tif,0.6,2,23173096,117,32.8327,34.3393,1.5066
tiny,chip_084_207_merged.tif,0.6,3,1790050113,117,32.4731,35.1486,2.6755
tiny,chip_084_207_merged.tif,0.6,4,1310104595,117,31.8948,34.1297,2.2349
tiny,chip_084_207_merged.tif,0.8,0,1695677834,156,32.8097,33.7833,0.9736
tiny,chip_084_207_merged.tif,0.8,1,1315071203,156,32.1597,33.9053,1.7456
tiny,chip_084_207_merged.tif,0.8,2,934464572,156,32.8945,33.3698,0.4754
tiny,chip_084_207_merged.tif,0.8,3,454519054,156,32.1516,33.6675,1.516
tiny,chip_084_207_merged.tif,0.8,4,73912423,156,32.2743,34.1146,1.8403
tiny,chip_085_592_merged.tif,0.2,0,994006899,39,32.2149,33.36,1.1451
tiny,chip_085_592_merged.tif,0.2,1,613400268,39,33.9989,35.4007,1.4019
tiny,chip_085_592_merged.tif,0.2,2,232793637,39,33.645,35.0747,1.4297
tiny,chip_085_592_merged.tif,0.2,3,1900331767,39,34.0162,34.2278,0.2116
tiny,chip_085_592_merged.tif,0.2,4,1519725136,39,34.0015,34.1741,0.1726
tiny,chip_085_592_merged.tif,0.4,0,833391566,78,30.2983,33.4693,3.171
tiny,chip_085_592_merged.tif,0.4,1,452784935,78,29.4697,34.1201,4.6504
tiny,chip_085_592_merged.tif,0.4,2,2120323065,78,31.297,34.4234,3.1264
tiny,chip_085_592_merged.tif,0.4,3,1739716434,78,31.3052,33.3126,2.0073
tiny,chip_085_592_merged.tif,0.4,4,1359109803,78,32.2366,34.0394,1.8028
tiny,chip_085_592_merged.tif,0.6,0,90093359,117,30.8225,33.0288,2.2063
tiny,chip_085_592_merged.tif,0.6,1,1856970376,117,29.9853,32.8092,2.8239
tiny,chip_085_592_merged.tif,0.6,2,1377024858,117,30.2115,33.3055,3.094
tiny,chip_085_592_merged.tif,0.6,3,996418227,117,30.8388,32.5379,1.699
tiny,chip_085_592_merged.tif,0.6,4,615811596,117,30.0936,32.0665,1.9729
tiny,chip_085_592_merged.tif,0.8,0,1754984811,156,30.63,32.2517,1.6217
tiny,chip_085_592_merged.tif,0.8,1,1374378180,156,30.7024,31.2452,0.5428
tiny,chip_085_592_merged.tif,0.8,2,993771549,156,30.0226,32.2489,2.2264
tiny,chip_085_592_merged.tif,0.8,3,513826031,156,29.7914,30.9769,1.1855
tiny,chip_085_592_merged.tif,0.8,4,133219400,156,30.638,30.5586,-0.0793
tiny,chip_086_203_merged.tif,0.2,0,992270040,39,34.6624,35.9792,1.3168
tiny,chip_086_203_merged.tif,0.2,1,611663409,39,36.2099,35.7885,-0.4214
tiny,chip_086_203_merged.tif,0.2,2,131717891,39,35.7885,35.1103,-0.6783
tiny,chip_086_203_merged.tif,0.2,3,1898594908,39,32.7971,35.2379,2.4408
tiny,chip_086_203_merged.tif,0.2,4,1418649390,39,34.8552,36.0297,1.1745
tiny,chip_086_203_merged.tif,0.4,0,831654707,78,33.5596,34.1875,0.6279
tiny,chip_086_203_merged.tif,0.4,1,351709189,78,33.5615,35.4829,1.9214
tiny,chip_086_203_merged.tif,0.4,2,2118586206,78,33.4047,35.2257,1.821
tiny,chip_086_203_merged.tif,0.4,3,1737979575,78,32.3782,35.2411,2.8629
tiny,chip_086_203_merged.tif,0.4,4,1258034057,78,32.9705,34.6165,1.646
tiny,chip_086_203_merged.tif,0.6,0,88356500,117,32.8665,35.5218,2.6552
tiny,chip_086_203_merged.tif,0.6,1,1755894630,117,32.6706,35.5159,2.8453
tiny,chip_086_203_merged.tif,0.6,2,1375287999,117,32.8872,34.2482,1.3609
tiny,chip_086_203_merged.tif,0.6,3,994681368,117,32.6728,35.4045,2.7316
tiny,chip_086_203_merged.tif,0.6,4,514735850,117,32.6713,34.9783,2.3071
tiny,chip_086_203_merged.tif,0.8,0,1753247952,156,31.9633,33.6682,1.7049
tiny,chip_086_203_merged.tif,0.8,1,1372641321,156,32.6663,34.7349,2.0685
tiny,chip_086_203_merged.tif,0.8,2,892695803,156,32.7429,33.7665,1.0236
tiny,chip_086_203_merged.tif,0.8,3,512089172,156,32.0941,34.2019,2.1078
tiny,chip_086_203_merged.tif,0.8,4,32143654,156,31.9847,34.6274,2.6427
tiny,chip_087_268_merged.tif,0.2,0,1399887007,39,34.8424,40.4029,5.5605
tiny,chip_087_268_merged.tif,0.2,1,1019280376,39,42.3475,41.9095,-0.4379
tiny,chip_087_268_merged.tif,0.2,2,539334858,39,40.6451,41.2598,0.6147
tiny,chip_087_268_merged.tif,0.2,3,158728227,39,38.8286,40.0818,1.2531
tiny,chip_087_268_merged.tif,0.2,4,1826266357,39,40.1324,40.1228,-0.0096
tiny,chip_087_268_merged.tif,0.4,0,1239271674,78,37.3155,40.8587,3.5432
tiny,chip_087_268_merged.tif,0.4,1,759326156,78,41.6639,41.0025,-0.6614
tiny,chip_087_268_merged.tif,0.4,2,378719525,78,39.1956,40.7393,1.5436
tiny,chip_087_268_merged.tif,0.4,3,2145596542,78,41.7112,40.8835,-0.8277
tiny,chip_087_268_merged.tif,0.4,4,1665651024,78,37.0083,41.2537,4.2455
tiny,chip_087_268_merged.tif,0.6,0,495973467,117,35.7821,41.0901,5.308
tiny,chip_087_268_merged.tif,0.6,1,115366836,117,39.9215,40.838,0.9165
tiny,chip_087_268_merged.tif,0.6,2,1782904966,117,41.0963,41.0293,-0.067
tiny,chip_087_268_merged.tif,0.6,3,1402298335,117,40.9371,40.5586,-0.3785
tiny,chip_087_268_merged.tif,0.6,4,922352817,117,41.0987,41.2669,0.1682
tiny,chip_087_268_merged.tif,0.8,0,13381271,156,36.5761,40.1664,3.5903
tiny,chip_087_268_merged.tif,0.8,1,1780258288,156,36.556,39.5524,2.9964
tiny,chip_087_268_merged.tif,0.8,2,1300312770,156,36.1915,39.6007,3.4092
tiny,chip_087_268_merged.tif,0.8,3,919706139,156,39.0071,39.3409,0.3338
tiny,chip_087_268_merged.tif,0.8,4,439760621,156,39.3178,39.7139,0.396
tiny,chip_087_335_merged.tif,0.2,0,2043054443,39,30.4381,33.5188,3.0807
tiny,chip_087_335_merged.tif,0.2,1,1662447812,39,32.2054,36.015,3.8095
tiny,chip_087_335_merged.tif,0.2,2,1182502294,39,31.6596,33.3613,1.7017
tiny,chip_087_335_merged.tif,0.2,3,801895663,39,29.3769,35.0353,5.6584
tiny,chip_087_335_merged.tif,0.2,4,321950145,39,32.1116,34.7534,2.6417
tiny,chip_087_335_merged.tif,0.4,0,1882439110,78,30.4415,34.1141,3.6726
tiny,chip_087_335_merged.tif,0.4,1,1402493592,78,30.2509,33.3556,3.1047
tiny,chip_087_335_merged.tif,0.4,2,1021886961,78,29.8992,33.5644,3.6651
tiny,chip_087_335_merged.tif,0.4,3,641280330,78,30.8909,34.0313,3.1404
tiny,chip_087_335_merged.tif,0.4,4,161334812,78,30.4246,34.1812,3.7566
tiny,chip_087_335_merged.tif,0.6,0,1139140903,117,29.7942,32.9843,3.1902
tiny,chip_087_335_merged.tif,0.6,1,659195385,117,29.7985,33.6428,3.8443
tiny,chip_087_335_merged.tif,0.6,2,278588754,117,30.3533,33.1955,2.8422
tiny,chip_087_335_merged.tif,0.6,3,2045465771,117,29.7987,33.3225,3.5238
tiny,chip_087_335_merged.tif,0.6,4,1565520253,117,29.4923,34.022,4.5298
tiny,chip_087_335_merged.tif,0.8,0,656548707,156,30.201,31.1667,0.9657
tiny,chip_087_335_merged.tif,0.8,1,275942076,156,30.5261,31.1462,0.6201
tiny,chip_087_335_merged.tif,0.8,2,1943480206,156,30.159,32.9948,2.8358
tiny,chip_087_335_merged.tif,0.8,3,1562873575,156,29.5704,31.4438,1.8733
tiny,chip_087_335_merged.tif,0.8,4,1082928057,156,30.546,31.7662,1.2202
tiny,chip_089_360_merged.tif,0.2,0,744802061,39,29.8753,32.0422,2.1669
tiny,chip_089_360_merged.tif,0.2,1,364195430,39,28.4252,32.1819,3.7567
tiny,chip_089_360_merged.tif,0.2,2,2131072447,39,30.212,30.6459,0.4339
tiny,chip_089_360_merged.tif,0.2,3,1651126929,39,29.7943,31.7523,1.958
tiny,chip_089_360_merged.tif,0.2,4,1270520298,39,29.5131,31.4045,1.8914
tiny,chip_089_360_merged.tif,0.4,0,584186728,78,28.9088,31.0059,2.0971
tiny,chip_089_360_merged.tif,0.4,1,203580097,78,29.1254,31.2187,2.0933
tiny,chip_089_360_merged.tif,0.4,2,1871118227,78,28.9758,30.3573,1.3815
tiny,chip_089_360_merged.tif,0.4,3,1490511596,78,29.2119,30.0644,0.8525
tiny,chip_089_360_merged.tif,0.4,4,1109904965,78,29.777,30.5664,0.7895
tiny,chip_089_360_merged.tif,0.6,0,1988372169,117,28.935,30.8734,1.9385
tiny,chip_089_360_merged.tif,0.6,1,1607765538,117,28.92,30.5701,1.6501
tiny,chip_089_360_merged.tif,0.6,2,1127820020,117,28.9314,30.5186,1.5872
tiny,chip_089_360_merged.tif,0.6,3,747213389,117,28.7169,30.6615,1.9446
tiny,chip_089_360_merged.tif,0.6,4,366606758,117,28.9308,30.3308,1.4
tiny,chip_089_360_merged.tif,0.8,0,1505779973,156,29.0626,29.4346,0.372
tiny,chip_089_360_merged.tif,0.8,1,1125173342,156,28.7856,29.796,1.0104
tiny,chip_089_360_merged.tif,0.8,2,744566711,156,28.8039,29.3939,0.59
tiny,chip_089_360_merged.tif,0.8,3,264621193,156,28.4638,29.7725,1.3087
tiny,chip_089_360_merged.tif,0.8,4,2031498210,156,29.1411,29.8027,0.6616
tiny,chip_091_253_merged.tif,0.2,0,458087106,39,39.1934,39.3686,0.1752
tiny,chip_091_253_merged.tif,0.2,1,77480475,39,39.1868,37.7599,-1.4269
tiny,chip_091_253_merged.tif,0.2,2,1745018605,39,39.0371,39.1861,0.149
tiny,chip_091_253_merged.tif,0.2,3,1364411974,39,38.1626,39.5577,1.3951
tiny,chip_091_253_merged.tif,0.2,4,884466456,39,37.1026,38.8649,1.7623
tiny,chip_091_253_merged.tif,0.4,0,297471773,78,36.5427,39.1071,2.5644
tiny,chip_091_253_merged.tif,0.4,1,1965009903,78,38.4329,38.2431,-0.1898
tiny,chip_091_253_merged.tif,0.4,2,1584403272,78,37.3911,39.6297,2.2386
tiny,chip_091_253_merged.tif,0.4,3,1203796641,78,36.0294,39.5007,3.4713
tiny,chip_091_253_merged.tif,0.4,4,723851123,78,32.9934,39.0919,6.0985
tiny,chip_091_253_merged.tif,0.6,0,1701657214,117,33.4996,36.429,2.9294
tiny,chip_091_253_merged.tif,0.6,1,1221711696,117,33.5477,38.2514,4.7037
tiny,chip_091_253_merged.tif,0.6,2,841105065,117,35.9785,38.496,2.5175
tiny,chip_091_253_merged.tif,0.6,3,460498434,117,36.2929,38.5986,2.3057
tiny,chip_091_253_merged.tif,0.6,4,2128036564,117,36.4479,38.205,1.7571
tiny,chip_091_253_merged.tif,0.8,0,1219065018,156,35.9268,37.2584,1.3315
tiny,chip_091_253_merged.tif,0.8,1,838458387,156,33.3881,34.9772,1.5891
tiny,chip_091_253_merged.tif,0.8,2,358512869,156,35.9493,35.9672,0.0179
tiny,chip_091_253_merged.tif,0.8,3,2125389886,156,33.8216,37.5354,3.7137
tiny,chip_091_253_merged.tif,0.8,4,1645444368,156,35.9141,35.998,0.0839
tiny,chip_091_324_merged.tif,0.2,0,507647190,39,32.0812,33.1582,1.077
tiny,chip_091_324_merged.tif,0.2,1,127040559,39,32.0812,33.6213,1.5401
tiny,chip_091_324_merged.tif,0.2,2,1794578689,39,31.5055,33.4546,1.9491
tiny,chip_091_324_merged.tif,0.2,3,1413972058,39,32.3318,33.2401,0.9083
tiny,chip_091_324_merged.tif,0.2,4,934026540,39,32.7099,33.4016,0.6917
tiny,chip_091_324_merged.tif,0.4,0,347031857,78,31.9735,32.989,1.0155
tiny,chip_091_324_merged.tif,0.4,1,2014569987,78,32.0701,33.0012,0.9311
tiny,chip_091_324_merged.tif,0.4,2,1633963356,78,31.7173,32.5609,0.8436
tiny,chip_091_324_merged.tif,0.4,3,1253356725,78,32.0536,33.2292,1.1756
tiny,chip_091_324_merged.tif,0.4,4,773411207,78,32.1651,32.9519,0.7868
tiny,chip_091_324_merged.tif,0.6,0,1751217298,117,31.7958,32.7785,0.9827
tiny,chip_091_324_merged.tif,0.6,1,1271271780,117,32.0366,32.8958,0.8592
tiny,chip_091_324_merged.tif,0.6,2,890665149,117,32.0362,32.7485,0.7124
tiny,chip_091_324_merged.tif,0.6,3,510058518,117,32.1501,32.2854,0.1353
tiny,chip_091_324_merged.tif,0.6,4,30113000,117,31.9818,32.5373,0.5555
tiny,chip_091_324_merged.tif,0.8,0,1268625102,156,31.986,32.1579,0.1719
tiny,chip_091_324_merged.tif,0.8,1,888018471,156,31.7794,32.3163,0.5369
tiny,chip_091_324_merged.tif,0.8,2,408072953,156,31.9744,32.3542,0.3798
tiny,chip_091_324_merged.tif,0.8,3,27466322,156,31.4149,32.1026,0.6877
tiny,chip_091_324_merged.tif,0.8,4,1695004452,156,31.984,32.19,0.206
tiny,chip_091_336_merged.tif,0.2,0,1799737784,39,35.4255,36.7189,1.2934
tiny,chip_091_336_merged.tif,0.2,1,1419131153,39,35.4253,36.9483,1.523
tiny,chip_091_336_merged.tif,0.2,2,1038524522,39,34.6914,37.195,2.5036
tiny,chip_091_336_merged.tif,0.2,3,558579004,39,35.1176,37.1071,1.9895
tiny,chip_091_336_merged.tif,0.2,4,177972373,39,34.8193,37.0107,2.1914
tiny,chip_091_336_merged.tif,0.4,0,1639122451,78,36.0233,36.7219,0.6986
tiny,chip_091_336_merged.tif,0.4,1,1258515820,78,35.0155,35.7203,0.7048
tiny,chip_091_336_merged.tif,0.4,2,778570302,78,35.4039,37.4025,1.9986
tiny,chip_091_336_merged.tif,0.4,3,397963671,78,36.0214,36.9391,0.9177
tiny,chip_091_336_merged.tif,0.4,4,2065501801,78,34.0668,36.1978,2.131
tiny,chip_091_336_merged.tif,0.6,0,895824244,117,35.2554,36.5773,1.3219
tiny,chip_091_336_merged.tif,0.6,1,515217613,117,35.3799,36.1389,0.759
tiny,chip_091_336_merged.tif,0.6,2,35272095,117,35.3666,36.7369,1.3702
tiny,chip_091_336_merged.tif,0.6,3,1802149112,117,35.252,35.9976,0.7456
tiny,chip_091_336_merged.tif,0.6,4,1421542481,117,34.2961,36.3164,2.0203
tiny,chip_091_336_merged.tif,0.8,0,413232048,156,32.6681,33.182,0.5139
tiny,chip_091_336_merged.tif,0.8,1,32625417,156,34.1716,32.4044,-1.7672
tiny,chip_091_336_merged.tif,0.8,2,1799502434,156,33.8629,35.0316,1.1687
tiny,chip_091_336_merged.tif,0.8,3,1319556916,156,33.9015,32.8306,-1.0709
tiny,chip_091_336_merged.tif,0.8,4,938950285,156,32.6594,32.8973,0.2379
tiny,chip_092_214_merged.tif,0.2,0,1508607661,39,31.8757,36.2468,4.3711
tiny,chip_092_214_merged.tif,0.2,1,1028662143,39,31.7993,35.2577,3.4583
tiny,chip_092_214_merged.tif,0.2,2,648055512,39,29.9899,35.8511,5.8613
tiny,chip_092_214_merged.tif,0.2,3,168109994,39,29.7945,35.1473,5.3528
tiny,chip_092_214_merged.tif,0.2,4,1934987011,39,32.013,35.6988,3.6858
tiny,chip_092_214_merged.tif,0.4,0,1248653441,78,29.2679,35.0024,5.7345
tiny,chip_092_214_merged.tif,0.4,1,868046810,78,31.0639,35.3614,4.2975
tiny,chip_092_214_merged.tif,0.4,2,487440179,78,31.3889,34.9348,3.5459
tiny,chip_092_214_merged.tif,0.4,3,7494661,78,28.0119,33.8481,5.8362
tiny,chip_092_214_merged.tif,0.4,4,1774371678,78,30.5857,34.8498,4.2641
tiny,chip_092_214_merged.tif,0.6,0,505355234,117,30.016,33.5941,3.5781
tiny,chip_092_214_merged.tif,0.6,1,124748603,117,30.0688,33.499,3.4302
tiny,chip_092_214_merged.tif,0.6,2,1891625620,117,30.3518,33.6564,3.3046
tiny,chip_092_214_merged.tif,0.6,3,1411680102,117,30.0165,32.7945,2.7779
tiny,chip_092_214_merged.tif,0.6,4,1031073471,117,30.3439,32.2146,1.8708
tiny,chip_092_214_merged.tif,0.8,0,122101925,156,29.5972,30.7489,1.1517
tiny,chip_092_214_merged.tif,0.8,1,1789640055,156,29.6255,31.3136,1.6882
tiny,chip_092_214_merged.tif,0.8,2,1409033424,156,30.2373,31.0674,0.8301
tiny,chip_092_214_merged.tif,0.8,3,929087906,156,29.6026,32.6591,3.0565
tiny,chip_092_214_merged.tif,0.8,4,548481275,156,30.7288,32.7569,2.028
tiny,chip_092_320_merged.tif,0.2,0,1633000527,39,32.6684,34.166,1.4976
tiny,chip_092_320_merged.tif,0.2,1,1252393896,39,34.608,34.586,-0.022
tiny,chip_092_320_merged.tif,0.2,2,871787265,39,33.4863,34.6658,1.1795
tiny,chip_092_320_merged.tif,0.2,3,391841747,39,30.9256,34.0344,3.1089
tiny,chip_092_320_merged.tif,0.2,4,11235116,39,34.6075,34.2714,-0.3362
tiny,chip_092_320_merged.tif,0.4,0,667064344,78,33.6275,34.3572,0.7296
tiny,chip_092_320_merged.tif,0.4,1,187118826,78,33.6151,33.8367,0.2217
tiny,chip_092_320_merged.tif,0.4,2,1953995843,78,33.1965,34.0656,0.869
tiny,chip_092_320_merged.tif,0.4,3,1573389212,78,33.3548,34.2075,0.8527
tiny,chip_092_320_merged.tif,0.4,4,1093443694,78,32.3236,33.5935,1.2699
tiny,chip_092_320_merged.tif,0.6,0,729086987,117,33.0702,33.9331,0.8629
tiny,chip_092_320_merged.tif,0.6,1,348480356,117,33.6961,33.3551,-0.341
tiny,chip_092_320_merged.tif,0.6,2,2016018486,117,31.4926,33.8443,2.3517
tiny,chip_092_320_merged.tif,0.6,3,1635411855,117,32.4673,33.7332,1.2659
tiny,chip_092_320_merged.tif,0.6,4,1155466337,117,32.5038,33.4447,0.9409
tiny,chip_092_320_merged.tif,0.8,0,246494791,156,33.0952,32.9028,-0.1924
tiny,chip_092_320_merged.tif,0.8,1,2013371808,156,32.2317,32.91,0.6783
tiny,chip_092_320_merged.tif,0.8,2,1632765177,156,32.5797,32.7575,0.1778
tiny,chip_092_320_merged.tif,0.8,3,1152819659,156,32.2211,32.6987,0.4776
tiny,chip_092_320_merged.tif,0.8,4,772213028,156,32.9048,33.3839,0.479
tiny,chip_092_322_merged.tif,0.2,0,1462314549,39,33.8667,33.4134,-0.4534
tiny,chip_092_322_merged.tif,0.2,1,1081707918,39,30.4659,33.4873,3.0214
tiny,chip_092_322_merged.tif,0.2,2,601762400,39,33.0816,34.0035,0.9218
tiny,chip_092_322_merged.tif,0.2,3,221155769,39,32.3382,33.775,1.4368
tiny,chip_092_322_merged.tif,0.2,4,1888693899,39,32.3373,33.7117,1.3744
tiny,chip_092_322_merged.tif,0.4,0,496378366,78,32.0662,33.7179,1.6516
tiny,chip_092_322_merged.tif,0.4,1,16432848,78,32.747,33.9151,1.1681
tiny,chip_092_322_merged.tif,0.4,2,1783309865,78,32.2292,33.2102,0.981
tiny,chip_092_322_merged.tif,0.4,3,1303364347,78,31.888,33.6948,1.8068
tiny,chip_092_322_merged.tif,0.4,4,922757716,78,32.2396,33.6834,1.4438
tiny,chip_092_322_merged.tif,0.6,0,558401009,117,31.9069,32.7509,0.8439
tiny,chip_092_322_merged.tif,0.6,1,78455491,117,32.1399,33.1392,0.9993
tiny,chip_092_322_merged.tif,0.6,2,1845332508,117,31.998,33.1859,1.188
tiny,chip_092_322_merged.tif,0.6,3,1464725877,117,31.8315,33.4315,1.6
tiny,chip_092_322_merged.tif,0.6,4,984780359,117,32.0752,32.6871,0.6118
tiny,chip_092_322_merged.tif,0.8,0,75808813,156,31.6474,32.5411,0.8938
tiny,chip_092_322_merged.tif,0.8,1,1842685830,156,31.9654,32.8817,0.9163
tiny,chip_092_322_merged.tif,0.8,2,1362740312,156,31.8792,31.9916,0.1124
tiny,chip_092_322_merged.tif,0.8,3,982133681,156,31.966,32.5742,0.6082
tiny,chip_092_322_merged.tif,0.8,4,502188163,156,31.9576,32.7046,0.747
tiny,chip_093_213_merged.tif,0.2,0,1818281797,39,32.0355,35.3763,3.3408
tiny,chip_093_213_merged.tif,0.2,1,1338336279,39,33.1831,35.3504,2.1672
tiny,chip_093_213_merged.tif,0.2,2,957729648,39,30.6577,36.0846,5.4269
tiny,chip_093_213_merged.tif,0.2,3,577123017,39,32.825,34.2825,1.4575
tiny,chip_093_213_merged.tif,0.2,4,97177499,39,30.6596,36.0977,5.4381
tiny,chip_093_213_merged.tif,0.4,0,1657666464,78,32.5057,35.1198,2.6141
tiny,chip_093_213_merged.tif,0.4,1,1177720946,78,30.7825,36.207,5.4245
tiny,chip_093_213_merged.tif,0.4,2,797114315,78,32.5067,34.9619,2.4552
tiny,chip_093_213_merged.tif,0.4,3,317168797,78,32.6976,34.505,1.8075
tiny,chip_093_213_merged.tif,0.4,4,2084045814,78,32.6495,34.6515,2.0019
tiny,chip_093_213_merged.tif,0.6,0,914368257,117,32.5843,35.1187,2.5344
tiny,chip_093_213_merged.tif,0.6,1,434422739,117,32.0704,34.6254,2.555
tiny,chip_093_213_merged.tif,0.6,2,53816108,117,32.2319,33.7141,1.4821
tiny,chip_093_213_merged.tif,0.6,3,1721354238,117,29.0964,34.463,5.3666
tiny,chip_093_213_merged.tif,0.6,4,1340747607,117,31.968,34.7669,2.7989
tiny,chip_093_213_merged.tif,0.8,0,431776061,156,30.3067,33.9106,3.6039
tiny,chip_093_213_merged.tif,0.8,1,2099314191,156,30.3541,32.6854,2.3313
tiny,chip_093_213_merged.tif,0.8,2,1718707560,156,31.7716,32.8296,1.058
tiny,chip_093_213_merged.tif,0.8,3,1338100929,156,31.7669,33.4278,1.6608
tiny,chip_093_213_merged.tif,0.8,4,858155411,156,31.2302,32.875,1.6448
tiny,chip_093_331_merged.tif,0.2,0,969221122,39,31.9487,34.8159,2.8672
tiny,chip_093_331_merged.tif,0.2,1,489275604,39,32.7117,34.492,1.7803
tiny,chip_093_331_merged.tif,0.2,2,108668973,39,33.6927,34.0699,0.3771
tiny,chip_093_331_merged.tif,0.2,3,1776207103,39,33.1659,35.8932,2.7273
tiny,chip_093_331_merged.tif,0.2,4,1395600472,39,34.2288,34.5719,0.3431
tiny,chip_093_331_merged.tif,0.4,0,2051429700,78,30.9392,34.0265,3.0873
tiny,chip_093_331_merged.tif,0.4,1,1670823069,78,33.0283,34.1658,1.1374
tiny,chip_093_331_merged.tif,0.4,2,1190877551,78,32.1097,34.5246,2.4148
tiny,chip_093_331_merged.tif,0.4,3,810270920,78,32.6302,33.6112,0.981
tiny,chip_093_331_merged.tif,0.4,4,330325402,78,32.765,34.1328,1.3679
tiny,chip_093_331_merged.tif,0.6,0,2113452343,117,31.6007,33.8071,2.2064
tiny,chip_093_331_merged.tif,0.6,1,1732845712,117,31.4982,33.7985,2.3003
tiny,chip_093_331_merged.tif,0.6,2,1352239081,117,31.0722,34.0307,2.9586
tiny,chip_093_331_merged.tif,0.6,3,872293563,117,30.8834,34.5256,3.6422
tiny,chip_093_331_merged.tif,0.6,4,491686932,117,31.3671,34.1702,2.8031
tiny,chip_093_331_merged.tif,0.8,0,1730199034,156,31.657,32.9278,1.2708
tiny,chip_093_331_merged.tif,0.8,1,1250253516,156,31.215,33.1268,1.9118
tiny,chip_093_331_merged.tif,0.8,2,869646885,156,31.1476,32.7163,1.5687
tiny,chip_093_331_merged.tif,0.8,3,389701367,156,31.1559,33.169,2.0131
tiny,chip_093_331_merged.tif,0.8,4,9094736,156,31.1949,32.3801,1.1853
tiny,chip_093_355_merged.tif,0.2,0,1931291640,39,35.7629,35.7313,-0.0317
tiny,chip_093_355_merged.tif,0.2,1,1550685009,39,35.8476,36.4,0.5524
tiny,chip_093_355_merged.tif,0.2,2,1170078378,39,36.6824,35.3128,-1.3696
tiny,chip_093_355_merged.tif,0.2,3,690132860,39,34.8205,35.5549,0.7344
tiny,chip_093_355_merged.tif,0.2,4,309526229,39,34.603,35.3885,0.7855
tiny,chip_093_355_merged.tif,0.4,0,1770676307,78,36.3223,36.0861,-0.2362
tiny,chip_093_355_merged.tif,0.4,1,1390069676,78,35.0421,35.9913,0.9492
tiny,chip_093_355_merged.tif,0.4,2,910124158,78,35.2308,36.4034,1.1726
tiny,chip_093_355_merged.tif,0.4,3,529517527,78,36.3235,35.7893,-0.5342
tiny,chip_093_355_merged.tif,0.4,4,148910896,78,35.0222,35.6235,0.6013
tiny,chip_093_355_merged.tif,0.6,0,1027378100,117,34.9832,35.6031,0.6199
tiny,chip_093_355_merged.tif,0.6,1,646771469,117,35.5487,35.2943,-0.2544
tiny,chip_093_355_merged.tif,0.6,2,166825951,117,35.5568,35.995,0.4382
tiny,chip_093_355_merged.tif,0.6,3,1933702968,117,35.4223,35.7506,0.3283
tiny,chip_093_355_merged.tif,0.6,4,1553096337,117,35.0707,35.6414,0.5707
tiny,chip_093_355_merged.tif,0.8,0,544785904,156,34.2461,35.6992,1.4531
tiny,chip_093_355_merged.tif,0.8,1,164179273,156,35.0633,35.1298,0.0665
tiny,chip_093_355_merged.tif,0.8,2,1931056290,156,35.3794,35.2599,-0.1195
tiny,chip_093_355_merged.tif,0.8,3,1451110772,156,34.2025,35.7507,1.5482
tiny,chip_093_355_merged.tif,0.8,4,1070504141,156,35.3934,35.7678,0.3744
tiny,chip_094_329_merged.tif,0.2,0,608191789,39,32.513,33.8371,1.3241
tiny,chip_094_329_merged.tif,0.2,1,128246271,39,32.8499,33.5967,0.7467
tiny,chip_094_329_merged.tif,0.2,2,1895123288,39,31.5156,33.3894,1.8738
tiny,chip_094_329_merged.tif,0.2,3,1514516657,39,29.9767,33.8728,3.8961
tiny,chip_094_329_merged.tif,0.2,4,1034571139,39,32.851,33.2448,0.3938
tiny,chip_094_329_merged.tif,0.4,0,1690400367,78,30.2594,33.6082,3.3488
tiny,chip_094_329_merged.tif,0.4,1,1309793736,78,29.7085,33.406,3.6975
tiny,chip_094_329_merged.tif,0.4,2,829848218,78,31.0177,33.2159,2.1982
tiny,chip_094_329_merged.tif,0.4,3,449241587,78,30.8335,33.278,2.4445
tiny,chip_094_329_merged.tif,0.4,4,68634956,78,30.4088,32.7493,2.3404
tiny,chip_094_329_merged.tif,0.6,0,1851761897,117,29.7325,32.6443,2.9118
tiny,chip_094_329_merged.tif,0.6,1,1371816379,117,30.5592,32.5832,2.0241
tiny,chip_094_329_merged.tif,0.6,2,991209748,117,29.7448,32.6672,2.9224
tiny,chip_094_329_merged.tif,0.6,3,511264230,117,29.4822,32.3664,2.8842
tiny,chip_094_329_merged.tif,0.6,4,130657599,117,30.1595,32.0581,1.8986
tiny,chip_094_329_merged.tif,0.8,0,1369169701,156,29.3625,32.1782,2.8156
tiny,chip_094_329_merged.tif,0.8,1,889224183,156,29.5037,31.6693,2.1656
tiny,chip_094_329_merged.tif,0.8,2,508617552,156,29.8752,31.6563,1.781
tiny,chip_094_329_merged.tif,0.8,3,128010921,156,29.9931,32.0462,2.0531
tiny,chip_094_329_merged.tif,0.8,4,1795549051,156,30.0006,31.258,1.2573
tiny,chip_095_323_merged.tif,0.2,0,1521709851,39,32.9513,33.9678,1.0165
tiny,chip_095_323_merged.tif,0.2,1,1141103220,39,34.521,34.4432,-0.0778
tiny,chip_095_323_merged.tif,0.2,2,661157702,39,32.8959,34.9162,2.0204
tiny,chip_095_323_merged.tif,0.2,3,280551071,39,32.9418,34.2662,1.3243
tiny,chip_095_323_merged.tif,0.2,4,1948089201,39,31.4001,34.3212,2.9212
tiny,chip_095_323_merged.tif,0.4,0,1361094518,78,33.5066,33.4398,-0.0668
tiny,chip_095_323_merged.tif,0.4,1,881149000,78,32.9885,33.7338,0.7453
tiny,chip_095_323_merged.tif,0.4,2,500542369,78,33.5062,33.7796,0.2734
tiny,chip_095_323_merged.tif,0.4,3,20596851,78,31.9515,34.4258,2.4743
tiny,chip_095_323_merged.tif,0.4,4,1787473868,78,33.5058,33.6831,0.1773
tiny,chip_095_323_merged.tif,0.6,0,617796311,117,32.8364,33.7736,0.9371
tiny,chip_095_323_merged.tif,0.6,1,137850793,117,33.1125,33.426,0.3135
tiny,chip_095_323_merged.tif,0.6,2,1904727810,117,32.3552,33.5987,1.2435
tiny,chip_095_323_merged.tif,0.6,3,1424782292,117,33.0535,33.7596,0.7062
tiny,chip_095_323_merged.tif,0.6,4,1044175661,117,33.1517,33.1513,-0.0003
tiny,chip_095_323_merged.tif,0.8,0,135204115,156,31.6431,33.2618,1.6187
tiny,chip_095_323_merged.tif,0.8,1,1902081132,156,32.6128,32.8416,0.2288
tiny,chip_095_323_merged.tif,0.8,2,1422135614,156,32.5871,33.1249,0.5377
tiny,chip_095_323_merged.tif,0.8,3,1041528983,156,32.64,33.0211,0.3811
tiny,chip_095_323_merged.tif,0.8,4,561583465,156,32.6323,32.9711,0.3388
tiny,chip_097_316_merged.tif,0.2,0,1848503277,39,32.6123,35.4878,2.8755
tiny,chip_097_316_merged.tif,0.2,1,1467896646,39,34.1386,35.0074,0.8688
tiny,chip_097_316_merged.tif,0.2,2,987951128,39,34.7968,35.5467,0.7499
tiny,chip_097_316_merged.tif,0.2,3,607344497,39,33.138,35.7869,2.6489
tiny,chip_097_316_merged.tif,0.2,4,127398979,39,31.8215,35.6311,3.8097
tiny,chip_097_316_merged.tif,0.4,0,783228207,78,32.0255,34.7594,2.734
tiny,chip_097_316_merged.tif,0.4,1,402621576,78,31.3992,35.3551,3.9559
tiny,chip_097_316_merged.tif,0.4,2,22014945,78,34.0211,35.2728,1.2517
tiny,chip_097_316_merged.tif,0.4,3,1689553075,78,33.2519,35.7977,2.5458
tiny,chip_097_316_merged.tif,0.4,4,1308946444,78,32.8766,35.4252,2.5486
tiny,chip_097_316_merged.tif,0.6,0,944589737,117,32.1214,34.9987,2.8773
tiny,chip_097_316_merged.tif,0.6,1,464644219,117,32.4604,35.3512,2.8908
tiny,chip_097_316_merged.tif,0.6,2,84037588,117,31.4599,34.5179,3.058
tiny,chip_097_316_merged.tif,0.6,3,1751575718,117,31.5387,34.6947,3.156
tiny,chip_097_316_merged.tif,0.6,4,1370969087,117,31.4849,34.7501,3.2652
tiny,chip_097_316_merged.tif,0.8,0,461997541,156,31.2914,33.4662,2.1748
tiny,chip_097_316_merged.tif,0.8,1,81390910,156,30.9056,33.3618,2.4562
tiny,chip_097_316_merged.tif,0.8,2,1748929040,156,31.1234,33.7361,2.6127
tiny,chip_097_316_merged.tif,0.8,3,1368322409,156,31.8893,32.9785,1.0893
tiny,chip_097_316_merged.tif,0.8,4,888376891,156,30.8543,32.7001,1.8457
tiny,chip_097_328_merged.tif,0.2,0,926190713,39,30.5547,34.3315,3.7767
tiny,chip_097_328_merged.tif,0.2,1,446245195,39,32.3025,33.2019,0.8994
tiny,chip_097_328_merged.tif,0.2,2,65638564,39,32.3249,34.1969,1.872
tiny,chip_097_328_merged.tif,0.2,3,1832515581,39,32.1612,34.023,1.8618
tiny,chip_097_328_merged.tif,0.2,4,1352570063,39,32.8489,33.9132,1.0644
tiny,chip_097_328_merged.tif,0.4,0,765575380,78,31.0368,33.6426,2.6058
tiny,chip_097_328_merged.tif,0.4,1,285629862,78,31.0736,33.3812,2.3076
tiny,chip_097_328_merged.tif,0.4,2,2052506879,78,31.1758,32.6646,1.4888
tiny,chip_097_328_merged.tif,0.4,3,1572561361,78,30.3669,33.23,2.8632
tiny,chip_097_328_merged.tif,0.4,4,1191954730,78,30.1319,33.8762,3.7442
tiny,chip_097_328_merged.tif,0.6,0,22277173,117,28.8664,32.1764,3.31
tiny,chip_097_328_merged.tif,0.6,1,1689815303,117,31.2153,32.3834,1.1681
tiny,chip_097_328_merged.tif,0.6,2,1309208672,117,31.7437,31.9727,0.2289
tiny,chip_097_328_merged.tif,0.6,3,829263154,117,29.6913,32.2839,2.5926
tiny,chip_097_328_merged.tif,0.6,4,448656523,117,30.1596,31.7534,1.5938
tiny,chip_097_328_merged.tif,0.8,0,1687168625,156,30.0586,31.9349,1.8763
tiny,chip_097_328_merged.tif,0.8,1,1207223107,156,30.5244,31.3171,0.7927
tiny,chip_097_328_merged.tif,0.8,2,826616476,156,30.6884,31.3884,0.7
tiny,chip_097_328_merged.tif,0.8,3,446009845,156,30.5288,31.8269,1.2981
tiny,chip_097_328_merged.tif,0.8,4,2113547975,156,28.9601,30.8824,1.9223
tiny,chip_097_356_merged.tif,0.2,0,2056404630,39,35.8324,34.9921,-0.8404
tiny,chip_097_356_merged.tif,0.2,1,1675797999,39,35.0399,36.836,1.7961
tiny,chip_097_356_merged.tif,0.2,2,1195852481,39,36.7152,35.7009,-1.0142
tiny,chip_097_356_merged.tif,0.2,3,815245850,39,34.862,36.4148,1.5528
tiny,chip_097_356_merged.tif,0.2,4,335300332,39,35.8338,35.8151,-0.0187
tiny,chip_097_356_merged.tif,0.4,0,1895789297,78,31.7895,36.0825,4.293
tiny,chip_097_356_merged.tif,0.4,1,1415843779,78,32.6468,36.2772,3.6304
tiny,chip_097_356_merged.tif,0.4,2,1035237148,78,32.4197,36.2571,3.8374
tiny,chip_097_356_merged.tif,0.4,3,654630517,78,35.7424,36.7213,0.9789
tiny,chip_097_356_merged.tif,0.4,4,174684999,78,36.1049,36.3569,0.252
tiny,chip_097_356_merged.tif,0.6,0,1152491090,117,35.358,36.0741,0.7162
tiny,chip_097_356_merged.tif,0.6,1,672545572,117,34.0488,36.3171,2.2683
tiny,chip_097_356_merged.tif,0.6,2,291938941,117,35.0231,35.1956,0.1725
tiny,chip_097_356_merged.tif,0.6,3,2058815958,117,33.6039,35.6871,2.0832
tiny,chip_097_356_merged.tif,0.6,4,1578870440,117,33.2358,35.9809,2.7451
tiny,chip_097_356_merged.tif,0.8,0,669898894,156,33.9122,35.5198,1.6076
tiny,chip_097_356_merged.tif,0.8,1,289292263,156,34.5303,35.3785,0.8482
tiny,chip_097_356_merged.tif,0.8,2,1956830393,156,34.5148,35.3388,0.824
tiny,chip_097_356_merged.tif,0.8,3,1576223762,156,33.6413,35.2488,1.6075
tiny,chip_097_356_merged.tif,0.8,4,1096278244,156,33.6625,35.2732,1.6108
tiny,chip_099_310_merged.tif,0.2,0,1435595364,39,32.6084,34.2157,1.6073
tiny,chip_099_310_merged.tif,0.2,1,955649846,39,32.8168,34.8983,2.0814
tiny,chip_099_310_merged.tif,0.2,2,575043215,39,32.1032,33.988,1.8848
tiny,chip_099_310_merged.tif,0.2,3,194436584,39,31.0415,33.6097,2.5682
tiny,chip_099_310_merged.tif,0.2,4,1861974714,39,33.1883,34.2838,1.0956
tiny,chip_099_310_merged.tif,0.4,0,1274980031,78,31.6008,34.248,2.6472
tiny,chip_099_310_merged.tif,0.4,1,795034513,78,31.9753,33.1456,1.1703
tiny,chip_099_310_merged.tif,0.4,2,414427882,78,30.7682,32.9421,2.174
tiny,chip_099_310_merged.tif,0.4,3,2081966012,78,31.5562,33.5336,1.9774
tiny,chip_099_310_merged.tif,0.4,4,1701359381,78,32.2161,33.3945,1.1784
tiny,chip_099_310_merged.tif,0.6,0,531681824,117,31.3055,32.6649,1.3594
tiny,chip_099_310_merged.tif,0.6,1,51736306,117,29.6178,33.0447,3.427
tiny,chip_099_310_merged.tif,0.6,2,1818613323,117,29.8472,33.0138,3.1667
tiny,chip_099_310_merged.tif,0.6,3,1338667805,117,32.0305,32.8599,0.8294
tiny,chip_099_310_merged.tif,0.6,4,958061174,117,32.1391,33.2537,1.1146
tiny,chip_099_310_merged.tif,0.8,0,49089628,156,31.855,32.668,0.8131
tiny,chip_099_310_merged.tif,0.8,1,1716627758,156,31.8129,32.5889,0.776
tiny,chip_099_310_merged.tif,0.8,2,1336021127,156,32.0063,32.5831,0.5768
tiny,chip_099_310_merged.tif,0.8,3,955414496,156,31.2798,31.8745,0.5947
tiny,chip_099_310_merged.tif,0.8,4,475468978,156,31.1627,32.0918,0.9291
tiny,chip_100_341_merged.tif,0.2,0,184546958,39,33.8923,36.1089,2.2166
tiny,chip_100_341_merged.tif,0.2,1,1852085088,39,32.7416,34.6231,1.8815
tiny,chip_100_341_merged.tif,0.2,2,1471478457,39,33.8949,35.9554,2.0605
tiny,chip_100_341_merged.tif,0.2,3,991532939,39,33.5623,34.8567,1.2944
tiny,chip_100_341_merged.tif,0.2,4,610926308,39,34.0948,35.2765,1.1817
tiny,chip_100_341_merged.tif,0.4,0,1266755536,78,33.7351,34.8094,1.0743
tiny,chip_100_341_merged.tif,0.4,1,886148905,78,31.9464,35.707,3.7606
tiny,chip_100_341_merged.tif,0.4,2,406203387,78,33.0365,34.6995,1.663
tiny,chip_100_341_merged.tif,0.4,3,25596756,78,33.0392,34.2906,1.2514
tiny,chip_100_341_merged.tif,0.4,4,1693134886,78,32.258,35.0571,2.799
tiny,chip_100_341_merged.tif,0.6,0,1328778179,117,32.4159,34.1382,1.7223
tiny,chip_100_341_merged.tif,0.6,1,948171548,117,32.4223,34.2131,1.7908
tiny,chip_100_341_merged.tif,0.6,2,567564917,117,32.9843,35.0939,2.1095
tiny,chip_100_341_merged.tif,0.6,3,87619399,117,32.6852,34.4372,1.7519
tiny,chip_100_341_merged.tif,0.6,4,1854496416,117,32.3692,34.2641,1.8949
tiny,chip_100_341_merged.tif,0.8,0,945524870,156,32.8248,33.5357,0.7109
tiny,chip_100_341_merged.tif,0.8,1,465579352,156,32.3405,33.7055,1.365
tiny,chip_100_341_merged.tif,0.8,2,84972721,156,32.2764,33.0926,0.8161
tiny,chip_100_341_merged.tif,0.8,3,1752510851,156,31.7135,33.4641,1.7506
tiny,chip_100_341_merged.tif,0.8,4,1371904220,156,32.1696,33.8705,1.7009
tiny,chip_101_342_merged.tif,0.2,0,1062855777,39,32.3475,35.8455,3.4979
tiny,chip_101_342_merged.tif,0.2,1,582910259,39,36.4979,36.1011,-0.3969
tiny,chip_101_342_merged.tif,0.2,2,202303628,39,35.3748,35.8442,0.4694
tiny,chip_101_342_merged.tif,0.2,3,1869841758,39,35.3818,33.8669,-1.5149
tiny,chip_101_342_merged.tif,0.2,4,1489235127,39,35.6711,35.0885,-0.5826
tiny,chip_101_342_merged.tif,0.4,0,802901557,78,34.9823,36.0776,1.0953
tiny,chip_101_342_merged.tif,0.4,1,422294926,78,30.5029,34.5246,4.0217
tiny,chip_101_342_merged.tif,0.4,2,2089833056,78,30.124,35.2021,5.0781
tiny,chip_101_342_merged.tif,0.4,3,1709226425,78,35.1012,35.4237,0.3224
tiny,chip_101_342_merged.tif,0.4,4,1328619794,78,35.3781,34.5463,-0.8318
tiny,chip_101_342_merged.tif,0.6,0,59603350,117,29.7133,34.4112,4.6979
tiny,chip_101_342_merged.tif,0.6,1,1826480367,117,34.3384,33.424,-0.9144
tiny,chip_101_342_merged.tif,0.6,2,1445873736,117,31.0338,32.6787,1.645
tiny,chip_101_342_merged.tif,0.6,3,965928218,117,29.629,34.962,5.333
tiny,chip_101_342_merged.tif,0.6,4,585321587,117,31.0023,33.0508,2.0485
tiny,chip_101_342_merged.tif,0.8,0,1823833689,156,30.7018,33.1206,2.4188
tiny,chip_101_342_merged.tif,0.8,1,1343888171,156,31.4947,33.7565,2.2617
tiny,chip_101_342_merged.tif,0.8,2,963281540,156,32.4941,34.5303,2.0361
tiny,chip_101_342_merged.tif,0.8,3,483336022,156,31.7197,34.4501,2.7304
tiny,chip_101_342_merged.tif,0.8,4,102729391,156,31.6847,33.5724,1.8877
tiny,chip_103_320_merged.tif,0.2,0,1056330099,39,32.4717,33.8714,1.3996
tiny,chip_103_320_merged.tif,0.2,1,576384581,39,32.3311,34.001,1.67
tiny,chip_103_320_merged.tif,0.2,2,195777950,39,29.3068,34.1714,4.8646
tiny,chip_103_320_merged.tif,0.2,3,1962654967,39,29.764,34.6601,4.8962
tiny,chip_103_320_merged.tif,0.2,4,1482709449,39,29.3228,34.3757,5.0528
tiny,chip_103_320_merged.tif,0.4,0,2138538677,78,31.3923,34.0757,2.6834
tiny,chip_103_320_merged.tif,0.4,1,1757932046,78,31.8749,33.4976,1.6227
tiny,chip_103_320_merged.tif,0.4,2,1277986528,78,31.8654,32.8507,0.9853
tiny,chip_103_320_merged.tif,0.4,3,897379897,78,31.4803,33.7694,2.2892
tiny,chip_103_320_merged.tif,0.4,4,516773266,78,29.4509,33.7084,4.2575
tiny,chip_103_320_merged.tif,0.6,0,152416559,117,30.7138,33.7931,3.0793
tiny,chip_103_320_merged.tif,0.6,1,1819954689,117,29.8131,33.3226,3.5096
tiny,chip_103_320_merged.tif,0.6,2,1439348058,117,31.3927,32.5079,1.1152
tiny,chip_103_320_merged.tif,0.6,3,959402540,117,30.9491,33.0945,2.1454
tiny,chip_103_320_merged.tif,0.6,4,578795909,117,30.7024,33.0323,2.3299
tiny,chip_103_320_merged.tif,0.8,0,1817308011,156,30.5024,32.2336,1.7312
tiny,chip_103_320_merged.tif,0.8,1,1337362493,156,31.0734,32.0876,1.0142
tiny,chip_103_320_merged.tif,0.8,2,956755862,156,30.5142,31.7075,1.1933
tiny,chip_103_320_merged.tif,0.8,3,576149231,156,29.8043,31.7342,1.9299
tiny,chip_103_320_merged.tif,0.8,4,96203713,156,29.5781,32.324,2.7459
tiny,chip_104_333_merged.tif,0.2,0,134230332,39,33.7874,35.7403,1.9529
tiny,chip_104_333_merged.tif,0.2,1,1901107349,39,31.5834,34.8154,3.232
tiny,chip_104_333_merged.tif,0.2,2,1421161831,39,35.3018,35.4933,0.1914
tiny,chip_104_333_merged.tif,0.2,3,1040555200,39,35.3404,34.8963,-0.4441
tiny,chip_104_333_merged.tif,0.2,4,560609682,39,34.4799,35.4901,1.0102
tiny,chip_104_333_merged.tif,0.4,0,2121098647,78,34.4389,34.7794,0.3405
tiny,chip_104_333_merged.tif,0.4,1,1641153129,78,34.7675,35.0132,0.2457
tiny,chip_104_333_merged.tif,0.4,2,1260546498,78,31.6552,35.5806,3.9254
tiny,chip_104_333_merged.tif,0.4,3,879939867,78,32.3987,34.7276,2.329
tiny,chip_104_333_merged.tif,0.4,4,399994349,78,33.6252,35.4259,1.8007
tiny,chip_104_333_merged.tif,0.6,0,1377800440,117,33.5102,34.9031,1.3929
tiny,chip_104_333_merged.tif,0.6,1,897854922,117,34.0806,34.8307,0.75
tiny,chip_104_333_merged.tif,0.6,2,517248291,117,32.6793,34.1089,1.4296
tiny,chip_104_333_merged.tif,0.6,3,136641660,117,32.7424,34.832,2.0896
tiny,chip_104_333_merged.tif,0.6,4,1804179790,117,34.0706,32.9573,-1.1133
tiny,chip_104_333_merged.tif,0.8,0,895208244,156,32.3813,34.1194,1.7381
tiny,chip_104_333_merged.tif,0.8,1,514601613,156,32.4021,33.2496,0.8475
tiny,chip_104_333_merged.tif,0.8,2,34656095,156,32.7892,33.173,0.3839
tiny,chip_104_333_merged.tif,0.8,3,1801533112,156,33.0252,32.9832,-0.042
tiny,chip_104_333_merged.tif,0.8,4,1321587594,156,33.0366,33.7033,0.6668
tiny,chip_104_334_merged.tif,0.2,0,1482476820,39,34.6279,36.2147,1.5868
tiny,chip_104_334_merged.tif,0.2,1,1002531302,39,37.5225,34.6709,-2.8516
tiny,chip_104_334_merged.tif,0.2,2,621924671,39,35.5483,36.0012,0.4529
tiny,chip_104_334_merged.tif,0.2,3,141979153,39,33.0413,37.2437,4.2023
tiny,chip_104_334_merged.tif,0.2,4,1908856170,39,31.4917,35.56,4.0682
tiny,chip_104_334_merged.tif,0.4,0,417201750,78,35.7047,35.432,-0.2727
tiny,chip_104_334_merged.tif,0.4,1,36595119,78,31.0019,35.1239,4.122
tiny,chip_104_334_merged.tif,0.4,2,1704133249,78,34.9822,34.8467,-0.1355
tiny,chip_104_334_merged.tif,0.4,3,1323526618,78,35.9437,34.6661,-1.2776
tiny,chip_104_334_merged.tif,0.4,4,843581100,78,30.8746,35.9756,5.101
tiny,chip_104_334_merged.tif,0.6,0,1821387191,117,31.8326,35.4994,3.6668
tiny,chip_104_334_merged.tif,0.6,1,1440780560,117,33.3115,35.4434,2.1319
tiny,chip_104_334_merged.tif,0.6,2,960835042,117,31.878,35.2816,3.4035
tiny,chip_104_334_merged.tif,0.6,3,580228411,117,34.5034,34.828,0.3247
tiny,chip_104_334_merged.tif,0.6,4,100282893,117,34.6257,35.4801,0.8544
tiny,chip_104_334_merged.tif,0.8,0,1338794995,156,33.4985,34.6477,1.1492
tiny,chip_104_334_merged.tif,0.8,1,958188364,156,32.5334,34.919,2.3856
tiny,chip_104_334_merged.tif,0.8,2,478242846,156,32.5349,34.0038,1.469
tiny,chip_104_334_merged.tif,0.8,3,97636215,156,32.0308,34.6429,2.6121
tiny,chip_104_334_merged.tif,0.8,4,1864513232,156,32.4976,33.9766,1.479
tiny,chip_105_103_merged.tif,0.2,0,518355122,39,31.5122,33.2314,1.7192
tiny,chip_105_103_merged.tif,0.2,1,137748491,39,26.689,33.015,6.326
tiny,chip_105_103_merged.tif,0.2,2,1805286621,39,31.1508,31.9127,0.7618
tiny,chip_105_103_merged.tif,0.2,3,1424679990,39,28.5152,32.7379,4.2227
tiny,chip_105_103_merged.tif,0.2,4,944734472,39,29.6649,31.457,1.792
tiny,chip_105_103_merged.tif,0.4,0,357739789,78,27.82,31.6768,3.8568
tiny,chip_105_103_merged.tif,0.4,1,2025277919,78,28.9678,31.1414,2.1736
tiny,chip_105_103_merged.tif,0.4,2,1644671288,78,27.9951,31.1653,3.1701
tiny,chip_105_103_merged.tif,0.4,3,1164725770,78,27.8735,32.2426,4.3691
tiny,chip_105_103_merged.tif,0.4,4,784119139,78,26.8165,31.4732,4.6568
tiny,chip_105_103_merged.tif,0.6,0,1761925230,117,27.9256,29.5175,1.5919
tiny,chip_105_103_merged.tif,0.6,1,1281979712,117,28.0,30.7087,2.7087
tiny,chip_105_103_merged.tif,0.6,2,901373081,117,27.598,30.4268,2.8288
tiny,chip_105_103_merged.tif,0.6,3,421427563,117,27.6682,30.0384,2.3702
tiny,chip_105_103_merged.tif,0.6,4,40820932,117,28.7526,31.1386,2.386
tiny,chip_105_103_merged.tif,0.8,0,1279333034,156,27.7318,28.7742,1.0424
tiny,chip_105_103_merged.tif,0.8,1,898726403,156,26.8926,29.0528,2.1601
tiny,chip_105_103_merged.tif,0.8,2,418780885,156,26.46,29.5464,3.0864
tiny,chip_105_103_merged.tif,0.8,3,38174254,156,27.3759,28.9247,1.5488
tiny,chip_105_103_merged.tif,0.8,4,1705712384,156,27.3752,29.756,2.3809
tiny,chip_105_104_merged.tif,0.2,0,2117286706,39,31.6613,33.3536,1.6924
tiny,chip_105_104_merged.tif,0.2,1,1736680075,39,30.2657,35.2293,4.9636
tiny,chip_105_104_merged.tif,0.2,2,1256734557,39,33.2493,32.4207,-0.8286
tiny,chip_105_104_merged.tif,0.2,3,876127926,39,29.2603,32.1364,2.876
tiny,chip_105_104_merged.tif,0.2,4,396182408,39,26.2732,34.091,7.8178
tiny,chip_105_104_merged.tif,0.4,0,1151350523,78,29.4915,32.9764,3.4849
tiny,chip_105_104_merged.tif,0.4,1,671405005,78,29.2588,32.5051,3.2463
tiny,chip_105_104_merged.tif,0.4,2,290798374,78,29.491,31.8363,2.3453
tiny,chip_105_104_merged.tif,0.4,3,1958336504,78,32.1928,32.694,0.5012
tiny,chip_105_104_merged.tif,0.4,4,1577729873,78,31.7474,32.7788,1.0313
tiny,chip_105_104_merged.tif,0.6,0,1213373166,117,28.8534,31.061,2.2075
tiny,chip_105_104_merged.tif,0.6,1,733427648,117,29.569,31.9056,2.3366
tiny,chip_105_104_merged.tif,0.6,2,352821017,117,29.4614,31.1224,1.6611
tiny,chip_105_104_merged.tif,0.6,3,2119698034,117,28.0697,31.8345,3.7648
tiny,chip_105_104_merged.tif,0.6,4,1639752516,117,28.5082,31.5035,2.9953
tiny,chip_105_104_merged.tif,0.8,0,730780970,156,27.221,29.9346,2.7136
tiny,chip_105_104_merged.tif,0.8,1,350174339,156,27.3718,28.5395,1.1678
tiny,chip_105_104_merged.tif,0.8,2,2017712469,156,26.6522,30.1456,3.4934
tiny,chip_105_104_merged.tif,0.8,3,1637105838,156,27.6768,29.8412,2.1643
tiny,chip_105_104_merged.tif,0.8,4,1157160320,156,27.1805,29.6854,2.5049
tiny,chip_105_319_merged.tif,0.2,0,111610263,39,33.1763,33.8258,0.6495
tiny,chip_105_319_merged.tif,0.2,1,1878487280,39,33.8433,32.713,-1.1303
tiny,chip_105_319_merged.tif,0.2,2,1398541762,39,33.8431,33.7477,-0.0954
tiny,chip_105_319_merged.tif,0.2,3,1017935131,39,31.7141,35.242,3.528
tiny,chip_105_319_merged.tif,0.2,4,537989613,39,35.2063,34.5153,-0.6909
tiny,chip_105_319_merged.tif,0.4,0,1293157728,78,31.8133,34.5142,2.7009
tiny,chip_105_319_merged.tif,0.4,1,813212210,78,30.2465,34.292,4.0455
tiny,chip_105_319_merged.tif,0.4,2,432605579,78,32.8102,34.4021,1.5919
tiny,chip_105_319_merged.tif,0.4,3,2100143709,78,30.2474,30.9627,0.7154
tiny,chip_105_319_merged.tif,0.4,4,1719537078,78,30.5969,33.8462,3.2493
tiny,chip_105_319_merged.tif,0.6,0,1355180371,117,29.6672,33.1976,3.5304
tiny,chip_105_319_merged.tif,0.6,1,875234853,117,32.0077,33.23,1.2223
tiny,chip_105_319_merged.tif,0.6,2,494628222,117,32.9775,33.9458,0.9682
tiny,chip_105_319_merged.tif,0.6,3,114021591,117,31.7782,32.6771,0.8989
tiny,chip_105_319_merged.tif,0.6,4,1781559721,117,32.9783,33.6451,0.6668
tiny,chip_105_319_merged.tif,0.8,0,872588175,156,30.0635,32.041,1.9775
tiny,chip_105_319_merged.tif,0.8,1,491981544,156,31.4864,33.3404,1.854
tiny,chip_105_319_merged.tif,0.8,2,12036026,156,30.892,32.5288,1.6368
tiny,chip_105_319_merged.tif,0.8,3,1778913043,156,30.8569,32.3011,1.4442
tiny,chip_105_319_merged.tif,0.8,4,1298967525,156,30.9042,33.1291,2.2249
tiny,chip_105_427_merged.tif,0.2,0,42846344,39,31.0465,32.2553,1.2088
tiny,chip_105_427_merged.tif,0.2,1,1809723361,39,29.5257,32.0518,2.5262
tiny,chip_105_427_merged.tif,0.2,2,1329777843,39,30.6458,30.5771,-0.0688
tiny,chip_105_427_merged.tif,0.2,3,949171212,39,29.2986,32.194,2.8954
tiny,chip_105_427_merged.tif,0.2,4,469225694,39,28.6755,32.093,3.4175
tiny,chip_105_427_merged.tif,0.4,0,2029714659,78,29.6567,31.8624,2.2057
tiny,chip_105_427_merged.tif,0.4,1,1549769141,78,29.8811,30.8559,0.9748
tiny,chip_105_427_merged.tif,0.4,2,1169162510,78,29.6057,31.9117,2.306
tiny,chip_105_427_merged.tif,0.4,3,788555879,78,29.7748,31.7543,1.9795
tiny,chip_105_427_merged.tif,0.4,4,308610361,78,29.8797,31.8823,2.0026
tiny,chip_105_427_merged.tif,0.6,0,1286416452,117,29.5265,30.7832,1.2567
tiny,chip_105_427_merged.tif,0.6,1,806470934,117,29.238,31.0753,1.8373
tiny,chip_105_427_merged.tif,0.6,2,425864303,117,28.948,31.0199,2.0719
tiny,chip_105_427_merged.tif,0.6,3,45257672,117,29.2357,30.9782,1.7425
tiny,chip_105_427_merged.tif,0.6,4,1712795802,117,29.6335,31.2214,1.5879
tiny,chip_105_427_merged.tif,0.8,0,803824256,156,29.0525,30.51,1.4575
tiny,chip_105_427_merged.tif,0.8,1,423217625,156,29.4238,30.3466,0.9228
tiny,chip_105_427_merged.tif,0.8,2,2090755755,156,29.4023,30.0022,0.5998
tiny,chip_105_427_merged.tif,0.8,3,1710149124,156,29.0421,30.5329,1.4908
tiny,chip_105_427_merged.tif,0.8,4,1230203606,156,29.1459,30.6156,1.4697
tiny,chip_105_452_merged.tif,0.2,0,2019908721,39,36.3076,37.1787,0.8711
tiny,chip_105_452_merged.tif,0.2,1,1539963203,39,36.3489,35.6039,-0.745
tiny,chip_105_452_merged.tif,0.2,2,1159356572,39,36.3366,37.1096,0.773
tiny,chip_105_452_merged.tif,0.2,3,679411054,39,36.309,33.052,-3.2571
tiny,chip_105_452_merged.tif,0.2,4,298804423,39,26.9423,32.5463,5.6041
tiny,chip_105_452_merged.tif,0.4,0,1759954501,78,30.1388,32.0955,1.9568
tiny,chip_105_452_merged.tif,0.4,1,1379347870,78,34.7537,34.2527,-0.5011
tiny,chip_105_452_merged.tif,0.4,2,899402352,78,28.6156,34.1892,5.5736
tiny,chip_105_452_merged.tif,0.4,3,518795721,78,34.6954,34.3473,-0.348
tiny,chip_105_452_merged.tif,0.4,4,138189090,78,34.6962,35.6061,0.9099
tiny,chip_105_452_merged.tif,0.6,0,1016656294,117,34.143,33.724,-0.419
tiny,chip_105_452_merged.tif,0.6,1,636049663,117,28.2565,28.7951,0.5386
tiny,chip_105_452_merged.tif,0.6,2,156104145,117,34.1515,30.1858,-3.9658
tiny,chip_105_452_merged.tif,0.6,3,1922981162,117,34.5159,31.2132,-3.3027
tiny,chip_105_452_merged.tif,0.6,4,1542374531,117,29.1832,31.1214,1.9382
tiny,chip_105_452_merged.tif,0.8,0,534064098,156,29.0487,29.638,0.5893
tiny,chip_105_452_merged.tif,0.8,1,153457467,156,34.0119,30.1159,-3.896
tiny,chip_105_452_merged.tif,0.8,2,1920334484,156,33.6923,30.1217,-3.5706
tiny,chip_105_452_merged.tif,0.8,3,1440388966,156,33.6923,31.2878,-2.4044
tiny,chip_105_452_merged.tif,0.8,4,1059782335,156,29.9227,28.1402,-1.7825
tiny,chip_106_107_merged.tif,0.2,0,1226625948,39,29.6236,31.5561,1.9325
tiny,chip_106_107_merged.tif,0.2,1,746680430,39,31.5116,31.6078,0.0962
tiny,chip_106_107_merged.tif,0.2,2,366073799,39,29.2241,31.5061,2.2819
tiny,chip_106_107_merged.tif,0.2,3,2132950816,39,29.4629,32.5086,3.0457
tiny,chip_106_107_merged.tif,0.2,4,1653005298,39,30.3465,31.2055,0.859
tiny,chip_106_107_merged.tif,0.4,0,1066010615,78,30.528,31.1544,0.6265
tiny,chip_106_107_merged.tif,0.4,1,586065097,78,30.5279,31.564,1.0361
tiny,chip_106_107_merged.tif,0.4,2,205458466,78,29.9254,30.919,0.9936
tiny,chip_106_107_merged.tif,0.4,3,1872996596,78,30.4617,31.382,0.9203
tiny,chip_106_107_merged.tif,0.4,4,1492389965,78,29.7722,31.1752,1.403
tiny,chip_106_107_merged.tif,0.6,0,322712408,117,30.0164,30.6302,0.6139
tiny,chip_106_107_merged.tif,0.6,1,1990250538,117,29.9043,30.4115,0.5072
tiny,chip_106_107_merged.tif,0.6,2,1609643907,117,29.3377,30.8769,1.5392
tiny,chip_106_107_merged.tif,0.6,3,1129698389,117,29.3351,30.6938,1.3587
tiny,chip_106_107_merged.tif,0.6,4,749091758,117,29.9324,30.7246,0.7922
tiny,chip_106_107_merged.tif,0.8,0,1987603860,156,29.8177,30.0337,0.216
tiny,chip_106_107_merged.tif,0.8,1,1507658342,156,29.5331,29.7463,0.2132
tiny,chip_106_107_merged.tif,0.8,2,1127051711,156,29.2095,29.8324,0.623
tiny,chip_106_107_merged.tif,0.8,3,746445080,156,29.5967,29.947,0.3503
tiny,chip_106_107_merged.tif,0.8,4,266499562,156,29.6066,30.0632,0.4567
tiny,chip_106_288_merged.tif,0.2,0,986993277,39,35.2683,36.0167,0.7484
tiny,chip_106_288_merged.tif,0.2,1,606386646,39,33.132,35.2433,2.1114
tiny,chip_106_288_merged.tif,0.2,2,225780015,39,33.1322,36.0359,2.9037
tiny,chip_106_288_merged.tif,0.2,3,1893318145,39,30.9985,35.5087,4.5102
tiny,chip_106_288_merged.tif,0.2,4,1512711514,39,32.5628,34.6703,2.1074
tiny,chip_106_288_merged.tif,0.4,0,826377944,78,31.2879,35.1353,3.8474
tiny,chip_106_288_merged.tif,0.4,1,445771313,78,31.0355,35.1617,4.1262
tiny,chip_106_288_merged.tif,0.4,2,2113309443,78,31.0369,35.3599,4.323
tiny,chip_106_288_merged.tif,0.4,3,1732702812,78,31.4626,34.9662,3.5036
tiny,chip_106_288_merged.tif,0.4,4,1352096181,78,30.2352,35.0734,4.8382
tiny,chip_106_288_merged.tif,0.6,0,83079737,117,29.6921,34.2195,4.5274
tiny,chip_106_288_merged.tif,0.6,1,1849956754,117,31.758,34.3714,2.6135
tiny,chip_106_288_merged.tif,0.6,2,1370011236,117,31.3974,33.5708,2.1734
tiny,chip_106_288_merged.tif,0.6,3,989404605,117,31.6555,33.8851,2.2296
tiny,chip_106_288_merged.tif,0.6,4,608797974,117,31.6413,34.2522,2.6109
tiny,chip_106_288_merged.tif,0.8,0,1747971189,156,30.9454,32.6941,1.7488
tiny,chip_106_288_merged.tif,0.8,1,1367364558,156,30.5496,32.9079,2.3583
tiny,chip_106_288_merged.tif,0.8,2,986757927,156,29.6625,32.5217,2.8593
tiny,chip_106_288_merged.tif,0.8,3,506812409,156,30.1244,32.905,2.7806
tiny,chip_106_288_merged.tif,0.8,4,126205778,156,29.044,33.0676,4.0236
tiny,chip_106_409_merged.tif,0.2,0,1052989072,39,33.5486,35.8079,2.2593
tiny,chip_106_409_merged.tif,0.2,1,573043554,39,33.6436,37.2298,3.5863
tiny,chip_106_409_merged.tif,0.2,2,192436923,39,34.7847,36.9887,2.2041
tiny,chip_106_409_merged.tif,0.2,3,1959313940,39,33.104,38.2268,5.1228
tiny,chip_106_409_merged.tif,0.2,4,1479368422,39,35.2209,36.4079,1.187
tiny,chip_106_409_merged.tif,0.4,0,892373739,78,34.8225,36.451,1.6285
tiny,chip_106_409_merged.tif,0.4,1,412428221,78,34.8139,35.3555,0.5416
tiny,chip_106_409_merged.tif,0.4,2,31821590,78,33.9127,36.5659,2.6531
tiny,chip_106_409_merged.tif,0.4,3,1699359720,78,34.8078,36.4972,1.6893
tiny,chip_106_409_merged.tif,0.4,4,1318753089,78,34.2691,36.8916,2.6225
tiny,chip_106_409_merged.tif,0.6,0,149075532,117,34.7063,35.0689,0.3626
tiny,chip_106_409_merged.tif,0.6,1,1816613662,117,33.7621,35.2757,1.5136
tiny,chip_106_409_merged.tif,0.6,2,1436007031,117,35.0523,35.2157,0.1633
tiny,chip_106_409_merged.tif,0.6,3,956061513,117,34.5961,35.182,0.5859
tiny,chip_106_409_merged.tif,0.6,4,575454882,117,33.7604,36.124,2.3635
tiny,chip_106_409_merged.tif,0.8,0,1813966984,156,34.3187,35.0359,0.7171
tiny,chip_106_409_merged.tif,0.8,1,1334021466,156,33.8445,35.5597,1.7153
tiny,chip_106_409_merged.tif,0.8,2,953414835,156,34.2899,35.8376,1.5477
tiny,chip_106_409_merged.tif,0.8,3,572808204,156,34.5628,34.9312,0.3684
tiny,chip_106_409_merged.tif,0.8,4,92862686,156,34.2861,35.224,0.938
tiny,chip_106_413_merged.tif,0.2,0,1452720749,39,35.8547,36.6328,0.7782
tiny,chip_106_413_merged.tif,0.2,1,972775231,39,34.6751,36.7335,2.0584
tiny,chip_106_413_merged.tif,0.2,2,592168600,39,35.4223,38.3092,2.8869
tiny,chip_106_413_merged.tif,0.2,3,112223082,39,35.4218,36.1583,0.7364
tiny,chip_106_413_merged.tif,0.2,4,1879100099,39,35.2781,37.1754,1.8972
tiny,chip_106_413_merged.tif,0.4,0,387445679,78,34.7341,35.4885,0.7543
tiny,chip_106_413_merged.tif,0.4,1,6839048,78,34.8312,36.3574,1.5262
tiny,chip_106_413_merged.tif,0.4,2,1674377178,78,34.6292,35.8533,1.2241
tiny,chip_106_413_merged.tif,0.4,3,1293770547,78,35.1494,35.9634,0.814
tiny,chip_106_413_merged.tif,0.4,4,913163916,78,34.7657,35.5315,0.7658
tiny,chip_106_413_merged.tif,0.6,0,548807209,117,34.1454,35.7037,1.5583
tiny,chip_106_413_merged.tif,0.6,1,68861691,117,34.7939,35.9839,1.19
tiny,chip_106_413_merged.tif,0.6,2,1835738708,117,34.1662,34.9605,0.7943
tiny,chip_106_413_merged.tif,0.6,3,1355793190,117,34.1215,35.5925,1.4711
tiny,chip_106_413_merged.tif,0.6,4,975186559,117,34.1301,35.2171,1.0871
tiny,chip_106_413_merged.tif,0.8,0,66215013,156,34.0529,35.5944,1.5415
tiny,chip_106_413_merged.tif,0.8,1,1733753143,156,33.7807,34.8896,1.1089
tiny,chip_106_413_merged.tif,0.8,2,1353146512,156,33.8402,35.1013,1.2611
tiny,chip_106_413_merged.tif,0.8,3,873200994,156,33.9702,34.5144,0.5442
tiny,chip_106_413_merged.tif,0.8,4,492594363,156,33.8422,34.3649,0.5227
tiny,chip_107_105_merged.tif,0.2,0,783705892,39,29.4322,31.854,2.4218
tiny,chip_107_105_merged.tif,0.2,1,403099261,39,29.7146,31.0552,1.3406
tiny,chip_107_105_merged.tif,0.2,2,22492630,39,29.9334,32.6162,2.6828
tiny,chip_107_105_merged.tif,0.2,3,1690030760,39,29.859,31.7301,1.8711
tiny,chip_107_105_merged.tif,0.2,4,1309424129,39,29.2621,31.4893,2.2272
tiny,chip_107_105_merged.tif,0.4,0,1965253357,78,26.9867,30.7431,3.7564
tiny,chip_107_105_merged.tif,0.4,1,1485307839,78,28.5337,30.6341,2.1005
tiny,chip_107_105_merged.tif,0.4,2,1104701208,78,29.121,31.1979,2.0769
tiny,chip_107_105_merged.tif,0.4,3,724094577,78,29.1145,31.2951,2.1806
tiny,chip_107_105_merged.tif,0.4,4,244149059,78,28.4434,31.2503,2.8069
tiny,chip_107_105_merged.tif,0.6,0,2027276000,117,26.4403,30.6391,4.1988
tiny,chip_107_105_merged.tif,0.6,1,1646669369,117,28.2153,29.8015,1.5862
tiny,chip_107_105_merged.tif,0.6,2,1166723851,117,27.2465,30.0206,2.7741
tiny,chip_107_105_merged.tif,0.6,3,786117220,117,28.4347,30.3176,1.8829
tiny,chip_107_105_merged.tif,0.6,4,306171702,117,28.1428,29.8601,1.7173
tiny,chip_107_105_merged.tif,0.8,0,1544683804,156,27.3011,29.0625,1.7614
tiny,chip_107_105_merged.tif,0.8,1,1164077173,156,27.0237,28.3886,1.3649
tiny,chip_107_105_merged.tif,0.8,2,783470542,156,26.42,29.316,2.896
tiny,chip_107_105_merged.tif,0.8,3,303525024,156,27.1515,29.0809,1.9294
tiny,chip_107_105_merged.tif,0.8,4,2070402041,156,26.4124,28.0839,1.6715
tiny,chip_107_106_merged.tif,0.2,0,1830049686,39,29.8853,32.0875,2.2022
tiny,chip_107_106_merged.tif,0.2,1,1350104168,39,29.8625,32.2802,2.4177
tiny,chip_107_106_merged.tif,0.2,2,969497537,39,29.1857,32.4693,3.2836
tiny,chip_107_106_merged.tif,0.2,3,489552019,39,29.5255,32.2251,2.6996
tiny,chip_107_106_merged.tif,0.2,4,108945388,39,29.9742,31.8342,1.8601
tiny,chip_107_106_merged.tif,0.4,0,1570095466,78,28.3551,31.7182,3.3631
tiny,chip_107_106_merged.tif,0.4,1,1189488835,78,27.6321,31.4418,3.8096
tiny,chip_107_106_merged.tif,0.4,2,709543317,78,30.1401,31.9651,1.8249
tiny,chip_107_106_merged.tif,0.4,3,328936686,78,29.7264,31.6305,1.9041
tiny,chip_107_106_merged.tif,0.4,4,2095813703,78,28.263,32.0011,3.7381
tiny,chip_107_106_merged.tif,0.6,0,826797259,117,27.9094,30.6126,2.7032
tiny,chip_107_106_merged.tif,0.6,1,446190628,117,28.9142,30.8607,1.9465
tiny,chip_107_106_merged.tif,0.6,2,65583997,117,27.6532,30.7816,3.1284
tiny,chip_107_106_merged.tif,0.6,3,1733122127,117,29.1203,30.3058,1.1855
tiny,chip_107_106_merged.tif,0.6,4,1352515496,117,27.8608,30.6927,2.8318
tiny,chip_107_106_merged.tif,0.8,0,443543950,156,27.4765,29.2291,1.7526
tiny,chip_107_106_merged.tif,0.8,1,2111082080,156,27.8156,29.4926,1.677
tiny,chip_107_106_merged.tif,0.8,2,1730475449,156,28.0874,29.905,1.8176
tiny,chip_107_106_merged.tif,0.8,3,1250529931,156,28.4189,29.5755,1.1566
tiny,chip_107_106_merged.tif,0.8,4,869923300,156,27.7986,29.3612,1.5626
tiny,chip_107_334_merged.tif,0.2,0,548579067,39,34.2549,35.6811,1.4263
tiny,chip_107_334_merged.tif,0.2,1,68633549,39,34.2293,36.4051,2.1758
tiny,chip_107_334_merged.tif,0.2,2,1835510566,39,33.4688,36.0023,2.5335
tiny,chip_107_334_merged.tif,0.2,3,1355565048,39,34.5041,35.5307,1.0266
tiny,chip_107_334_merged.tif,0.2,4,974958417,39,32.9078,35.9972,3.0894
tiny,chip_107_334_merged.tif,0.4,0,387963734,78,34.1382,36.2109,2.0728
tiny,chip_107_334_merged.tif,0.4,1,2055501864,78,33.2965,35.6174,2.3209
tiny,chip_107_334_merged.tif,0.4,2,1674895233,78,34.1385,36.2718,2.1333
tiny,chip_107_334_merged.tif,0.4,3,1194949715,78,34.8867,35.3919,0.5052
tiny,chip_107_334_merged.tif,0.4,4,814343084,78,33.4245,36.0788,2.6543
tiny,chip_107_334_merged.tif,0.6,0,1792149175,117,33.1712,35.3448,2.1736
tiny,chip_107_334_merged.tif,0.6,1,1312203657,117,33.4153,35.1525,1.7372
tiny,chip_107_334_merged.tif,0.6,2,931597026,117,32.7948,35.2066,2.4117
tiny,chip_107_334_merged.tif,0.6,3,451651508,117,33.4081,35.1565,1.7483
tiny,chip_107_334_merged.tif,0.6,4,71044877,117,33.6885,35.1378,1.4493
tiny,chip_107_334_merged.tif,0.8,0,1309556979,156,33.5581,34.7374,1.1793
tiny,chip_107_334_merged.tif,0.8,1,829611461,156,33.6931,35.0301,1.3369
tiny,chip_107_334_merged.tif,0.8,2,449004830,156,33.6013,33.8147,0.2134
tiny,chip_107_334_merged.tif,0.8,3,2116542960,156,33.5537,34.8993,1.3456
tiny,chip_107_334_merged.tif,0.8,4,1735936329,156,32.6099,34.6945,2.0846
tiny,chip_107_410_merged.tif,0.2,0,2044486051,39,33.807,36.1574,2.3504
tiny,chip_107_410_merged.tif,0.2,1,1663879420,39,34.0091,37.1594,3.1503
tiny,chip_107_410_merged.tif,0.2,2,1183933902,39,34.458,35.5159,1.0579
tiny,chip_107_410_merged.tif,0.2,3,803327271,39,33.4142,35.6351,2.2209
tiny,chip_107_410_merged.tif,0.2,4,323381753,39,33.4158,33.9512,0.5353
tiny,chip_107_410_merged.tif,0.4,0,1883870718,78,33.5251,34.7084,1.1832
tiny,chip_107_410_merged.tif,0.4,1,1403925200,78,33.7188,35.3544,1.6355
tiny,chip_107_410_merged.tif,0.4,2,1023318569,78,33.6886,34.9987,1.3101
tiny,chip_107_410_merged.tif,0.4,3,642711938,78,33.3939,36.1177,2.7237
tiny,chip_107_410_merged.tif,0.4,4,162766420,78,32.7518,34.7647,2.0129
tiny,chip_107_410_merged.tif,0.6,0,1140572511,117,33.2401,34.1887,0.9486
tiny,chip_107_410_merged.tif,0.6,1,759965880,117,33.235,34.1756,0.9406
tiny,chip_107_410_merged.tif,0.6,2,280020362,117,33.1816,34.9928,1.8112
tiny,chip_107_410_merged.tif,0.6,3,2046897379,117,33.4097,34.1922,0.7825
tiny,chip_107_410_merged.tif,0.6,4,1566951861,117,33.2345,34.4216,1.187
tiny,chip_107_410_merged.tif,0.8,0,657980315,156,33.0423,33.9871,0.9449
tiny,chip_107_410_merged.tif,0.8,1,277373684,156,32.6275,33.9134,1.2859
tiny,chip_107_410_merged.tif,0.8,2,1944911814,156,32.6021,34.186,1.5839
tiny,chip_107_410_merged.tif,0.8,3,1564305183,156,32.6299,34.3792,1.7493
tiny,chip_107_410_merged.tif,0.8,4,1084359665,156,33.6258,34.0511,0.4253
tiny,chip_108_401_merged.tif,0.2,0,611350717,39,37.2662,36.7934,-0.4728
tiny,chip_108_401_merged.tif,0.2,1,131405199,39,35.6265,36.2169,0.5905
tiny,chip_108_401_merged.tif,0.2,2,1898282216,39,36.9776,36.7884,-0.1892
tiny,chip_108_401_merged.tif,0.2,3,1418336698,39,35.5084,36.8705,1.3621
tiny,chip_108_401_merged.tif,0.2,4,1037730067,39,36.9782,37.1254,0.1472
tiny,chip_108_401_merged.tif,0.4,0,1693559295,78,35.9037,37.106,1.2023
tiny,chip_108_401_merged.tif,0.4,1,1312952664,78,36.5728,36.7451,0.1723
tiny,chip_108_401_merged.tif,0.4,2,833007146,78,36.2976,37.1028,0.8051
tiny,chip_108_401_merged.tif,0.4,3,452400515,78,36.2811,37.2462,0.9651
tiny,chip_108_401_merged.tif,0.4,4,71793884,78,36.6922,36.7851,0.0929
tiny,chip_108_401_merged.tif,0.6,0,1854920825,117,35.0252,37.3858,2.3606
tiny,chip_108_401_merged.tif,0.6,1,1374975307,117,36.3877,37.4125,1.0247
tiny,chip_108_401_merged.tif,0.6,2,994368676,117,36.5046,36.7489,0.2443
tiny,chip_108_401_merged.tif,0.6,3,514423158,117,36.3904,36.7019,0.3115
tiny,chip_108_401_merged.tif,0.6,4,133816527,117,36.6752,37.2182,0.5429
tiny,chip_108_401_merged.tif,0.8,0,1372328629,156,36.1297,36.2946,0.1648
tiny,chip_108_401_merged.tif,0.8,1,892383111,156,35.8444,36.3603,0.5159
tiny,chip_108_401_merged.tif,0.8,2,511776480,156,35.6792,36.5754,0.8962
tiny,chip_108_401_merged.tif,0.8,3,31830962,156,34.8544,36.5282,1.6738
tiny,chip_108_401_merged.tif,0.8,4,1798707979,156,35.8911,35.7462,-0.1449
tiny,chip_108_405_merged.tif,0.2,0,403163844,39,38.4987,38.364,-0.1347
tiny,chip_108_405_merged.tif,0.2,1,2070701974,39,38.44,38.79,0.35
tiny,chip_108_405_merged.tif,0.2,2,1690095343,39,38.3794,38.1532,-0.2263
tiny,chip_108_405_merged.tif,0.2,3,1309488712,39,38.3795,37.97,-0.4095
tiny,chip_108_405_merged.tif,0.2,4,829543194,39,38.4348,38.4001,-0.0347
tiny,chip_108_405_merged.tif,0.4,0,242548511,78,39.234,38.3271,-0.9069
tiny,chip_108_405_merged.tif,0.4,1,1910086641,78,38.8999,38.7294,-0.1705
tiny,chip_108_405_merged.tif,0.4,2,1529480010,78,39.489,38.8796,-0.6094
tiny,chip_108_405_merged.tif,0.4,3,1049534492,78,38.7023,38.9598,0.2575
tiny,chip_108_405_merged.tif,0.4,4,668927861,78,38.9747,38.5266,-0.4481
tiny,chip_108_405_merged.tif,0.6,0,1646733952,117,38.6309,38.6305,-0.0004
tiny,chip_108_405_merged.tif,0.6,1,1166788434,117,38.6068,38.9786,0.3718
tiny,chip_108_405_merged.tif,0.6,2,786181803,117,38.5719,39.1849,0.613
tiny,chip_108_405_merged.tif,0.6,3,306236285,117,38.563,38.8006,0.2376
tiny,chip_108_405_merged.tif,0.6,4,2073113302,117,38.8014,39.0935,0.292
tiny,chip_108_405_merged.tif,0.8,0,1164141756,156,38.3527,38.4972,0.1445
tiny,chip_108_405_merged.tif,0.8,1,684196238,156,38.6082,37.8944,-0.7138
tiny,chip_108_405_merged.tif,0.8,2,303589607,156,38.538,38.2774,-0.2606
tiny,chip_108_405_merged.tif,0.8,3,2070466624,156,38.6169,38.1198,-0.4971
tiny,chip_108_405_merged.tif,0.8,4,1590521106,156,38.5391,38.3568,-0.1823
tiny,chip_108_438_merged.tif,0.2,0,1039879958,39,29.81,33.5409,3.7309
tiny,chip_108_438_merged.tif,0.2,1,659273327,39,30.5832,32.7682,2.185
tiny,chip_108_438_merged.tif,0.2,2,179327809,39,29.4786,33.0318,3.5532
tiny,chip_108_438_merged.tif,0.2,3,1946204826,39,27.7316,32.2309,4.4993
tiny,chip_108_438_merged.tif,0.2,4,1466259308,39,33.9463,33.1735,-0.7728
tiny,chip_108_438_merged.tif,0.4,0,73943775,78,32.6975,33.1573,0.4597
tiny,chip_108_438_merged.tif,0.4,1,1741481905,78,29.5339,32.6593,3.1254
tiny,chip_108_438_merged.tif,0.4,2,1360875274,78,29.6459,32.3899,2.744
tiny,chip_108_438_merged.tif,0.4,3,880929756,78,32.345,32.7161,0.3711
tiny,chip_108_438_merged.tif,0.4,4,500323125,78,30.2945,33.0864,2.7919
tiny,chip_108_438_merged.tif,0.6,0,1478129216,117,30.4332,30.01,-0.4232
tiny,chip_108_438_merged.tif,0.6,1,998183698,117,30.1737,30.8063,0.6326
tiny,chip_108_438_merged.tif,0.6,2,617577067,117,29.7816,32.3306,2.549
tiny,chip_108_438_merged.tif,0.6,3,137631549,117,29.1019,32.1522,3.0503
tiny,chip_108_438_merged.tif,0.6,4,1904508566,117,29.4497,32.0718,2.622
tiny,chip_108_438_merged.tif,0.8,0,995537020,156,30.2879,30.9769,0.689
tiny,chip_108_438_merged.tif,0.8,1,515591502,156,29.037,30.798,1.761
tiny,chip_108_438_merged.tif,0.8,2,134984871,156,29.0489,29.7623,0.7134
tiny,chip_108_438_merged.tif,0.8,3,1901861888,156,30.2413,30.9068,0.6655
tiny,chip_108_438_merged.tif,0.8,4,1421916370,156,30.24,31.0985,0.8586
tiny,chip_109_334_merged.tif,0.2,0,1572946079,39,34.3218,36.5037,2.1819
tiny,chip_109_334_merged.tif,0.2,1,1093000561,39,34.7889,35.9732,1.1843
tiny,chip_109_334_merged.tif,0.2,2,712393930,39,34.8311,35.7697,0.9386
tiny,chip_109_334_merged.tif,0.2,3,232448412,39,34.3199,36.9704,2.6505
tiny,chip_109_334_merged.tif,0.2,4,1999325429,39,34.4594,35.5371,1.0778
tiny,chip_109_334_merged.tif,0.4,0,1312991859,78,35.0495,35.372,0.3224
tiny,chip_109_334_merged.tif,0.4,1,932385228,78,34.6966,36.2546,1.558
tiny,chip_109_334_merged.tif,0.4,2,452439710,78,35.1524,35.3245,0.1721
tiny,chip_109_334_merged.tif,0.4,3,71833079,78,34.6735,35.183,0.5095
tiny,chip_109_334_merged.tif,0.4,4,1838710096,78,34.0599,36.2384,2.1785
tiny,chip_109_334_merged.tif,0.6,0,569693652,117,34.4717,35.771,1.2993
tiny,chip_109_334_merged.tif,0.6,1,189087021,117,34.5224,35.2095,0.687
tiny,chip_109_334_merged.tif,0.6,2,1856625151,117,34.8265,35.3761,0.5497
tiny,chip_109_334_merged.tif,0.6,3,1476018520,117,34.4618,35.4382,0.9764
tiny,chip_109_334_merged.tif,0.6,4,1095411889,117,34.8139,35.9608,1.1468
tiny,chip_109_334_merged.tif,0.8,0,1480985128,156,34.4154,34.9004,0.485
tiny,chip_109_334_merged.tif,0.8,1,1001039610,156,34.1484,35.1966,1.0482
tiny,chip_109_334_merged.tif,0.8,2,620432979,156,33.6755,35.1244,1.4488
tiny,chip_109_334_merged.tif,0.8,3,140487461,156,34.424,34.8925,0.4686
tiny,chip_109_334_merged.tif,0.8,4,1907364478,156,34.2514,34.9259,0.6745
tiny,chip_109_416_merged.tif,0.2,0,1878727033,39,31.6112,34.2142,2.603
tiny,chip_109_416_merged.tif,0.2,1,1398781515,39,29.6664,32.6707,3.0042
tiny,chip_109_416_merged.tif,0.2,2,1018174884,39,30.2681,32.9806,2.7124
tiny,chip_109_416_merged.tif,0.2,3,538229366,39,31.3545,32.7956,1.4411
tiny,chip_109_416_merged.tif,0.2,4,157622735,39,29.6675,32.9361,3.2686
tiny,chip_109_416_merged.tif,0.4,0,1618772813,78,30.0876,32.3677,2.2801
tiny,chip_109_416_merged.tif,0.4,1,1238166182,78,31.3539,32.4424,1.0885
tiny,chip_109_416_merged.tif,0.4,2,857559551,78,29.9176,32.0641,2.1465
tiny,chip_109_416_merged.tif,0.4,3,377614033,78,31.2046,31.718,0.5134
tiny,chip_109_416_merged.tif,0.4,4,2144491050,78,30.3185,31.7388,1.4202
tiny,chip_109_416_merged.tif,0.6,0,974813493,117,30.5445,31.4744,0.9299
tiny,chip_109_416_merged.tif,0.6,1,494867975,117,30.4181,31.5394,1.1213
tiny,chip_109_416_merged.tif,0.6,2,114261344,117,30.4697,31.694,1.2244
tiny,chip_109_416_merged.tif,0.6,3,1781799474,117,30.0485,31.5117,1.4632
tiny,chip_109_416_merged.tif,0.6,4,1401192843,117,30.5191,32.2365,1.7174
tiny,chip_109_416_merged.tif,0.8,0,492221297,156,29.8387,31.4228,1.5841
tiny,chip_109_416_merged.tif,0.8,1,12275779,156,30.2498,31.2716,1.0218
tiny,chip_109_416_merged.tif,0.8,2,1779152796,156,30.2118,30.9943,0.7824
tiny,chip_109_416_merged.tif,0.8,3,1299207278,156,30.2274,31.2297,1.0023
tiny,chip_109_416_merged.tif,0.8,4,918600647,156,30.2149,30.9831,0.7682
tiny,chip_109_424_merged.tif,0.2,0,1110710699,39,31.7936,34.8498,3.0561
tiny,chip_109_424_merged.tif,0.2,1,630765181,39,34.0848,34.4584,0.3736
tiny,chip_109_424_merged.tif,0.2,2,250158550,39,34.1318,34.3934,0.2616
tiny,chip_109_424_merged.tif,0.2,3,1917696680,39,34.088,34.8345,0.7466
tiny,chip_109_424_merged.tif,0.2,4,1537090049,39,32.3763,34.9512,2.5749
tiny,chip_109_424_merged.tif,0.4,0,850756479,78,32.002,35.0617,3.0596
tiny,chip_109_424_merged.tif,0.4,1,470149848,78,32.4957,33.5234,1.0277
tiny,chip_109_424_merged.tif,0.4,2,2137687978,78,32.5352,33.5467,1.0115
tiny,chip_109_424_merged.tif,0.4,3,1757081347,78,31.7821,34.9207,3.1386
tiny,chip_109_424_merged.tif,0.4,4,1376474716,78,31.9354,35.1648,3.2294
tiny,chip_109_424_merged.tif,0.6,0,960397135,117,32.7956,34.2095,1.4139
tiny,chip_109_424_merged.tif,0.6,1,579790504,117,30.9637,34.2934,3.3297
tiny,chip_109_424_merged.tif,0.6,2,99844986,117,31.3594,33.6227,2.2633
tiny,chip_109_424_merged.tif,0.6,3,1866722003,117,30.9863,32.2129,1.2266
tiny,chip_109_424_merged.tif,0.6,4,1386776485,117,31.3946,33.6843,2.2898
tiny,chip_109_424_merged.tif,0.8,0,1772349724,156,31.6286,32.8784,1.2497
tiny,chip_109_424_merged.tif,0.8,1,1391743093,156,31.2756,32.5314,1.2557
tiny,chip_109_424_merged.tif,0.8,2,1011136462,156,31.6334,32.9001,1.2667
tiny,chip_109_424_merged.tif,0.8,3,531190944,156,31.3908,33.0556,1.6649
tiny,chip_109_424_merged.tif,0.8,4,150584313,156,31.6061,33.4084,1.8023
tiny,chip_110_340_merged.tif,0.2,0,308912138,39,33.9355,35.3274,1.392
tiny,chip_110_340_merged.tif,0.2,1,1976450268,39,32.5023,34.9658,2.4635
tiny,chip_110_340_merged.tif,0.2,2,1595843637,39,34.7606,35.627,0.8664
tiny,chip_110_340_merged.tif,0.2,3,1215237006,39,33.9344,35.6486,1.7142
tiny,chip_110_340_merged.tif,0.2,4,735291488,39,31.2865,35.2783,3.9918
tiny,chip_110_340_merged.tif,0.4,0,148296805,78,33.1473,34.6125,1.4652
tiny,chip_110_340_merged.tif,0.4,1,1815834935,78,32.3148,34.7712,2.4564
tiny,chip_110_340_merged.tif,0.4,2,1435228304,78,33.041,34.8809,1.8399
tiny,chip_110_340_merged.tif,0.4,3,955282786,78,32.3137,34.9199,2.6062
tiny,chip_110_340_merged.tif,0.4,4,574676155,78,31.2648,34.5675,3.3028
tiny,chip_110_340_merged.tif,0.6,0,1552482246,117,32.6894,33.472,0.7826
tiny,chip_110_340_merged.tif,0.6,1,1072536728,117,32.1242,34.7181,2.5939
tiny,chip_110_340_merged.tif,0.6,2,691930097,117,31.7423,34.3138,2.5714
tiny,chip_110_340_merged.tif,0.6,3,211984579,117,31.9393,34.576,2.6366
tiny,chip_110_340_merged.tif,0.6,4,1978861596,117,32.4824,34.0024,1.52
tiny,chip_110_340_merged.tif,0.8,0,1069890050,156,32.3271,32.9962,0.6691
tiny,chip_110_340_merged.tif,0.8,1,589944532,156,31.9626,33.71,1.7474
tiny,chip_110_340_merged.tif,0.8,2,209337901,156,31.9882,32.8455,0.8574
tiny,chip_110_340_merged.tif,0.8,3,1976214918,156,32.1804,33.2329,1.0525
tiny,chip_110_340_merged.tif,0.8,4,1496269400,156,30.5048,32.7556,2.2508
tiny,chip_110_429_merged.tif,0.2,0,361157122,39,33.3531,33.8567,0.5035
tiny,chip_110_429_merged.tif,0.2,1,2128034139,39,32.4315,33.8827,1.4512
tiny,chip_110_429_merged.tif,0.2,2,1648088621,39,31.2841,34.7927,3.5085
tiny,chip_110_429_merged.tif,0.2,3,1267481990,39,33.8951,33.7991,-0.096
tiny,chip_110_429_merged.tif,0.2,4,787536472,39,33.5059,34.1038,0.5979
tiny,chip_110_429_merged.tif,0.4,0,200541789,78,32.5155,33.6109,1.0954
tiny,chip_110_429_merged.tif,0.4,1,1868079919,78,30.273,34.2255,3.9525
tiny,chip_110_429_merged.tif,0.4,2,1487473288,78,32.5123,33.6202,1.1079
tiny,chip_110_429_merged.tif,0.4,3,1106866657,78,28.6398,33.5045,4.8647
tiny,chip_110_429_merged.tif,0.4,4,626921139,78,32.2677,33.3642,1.0965
tiny,chip_110_429_merged.tif,0.6,0,1604727230,117,32.3006,31.3833,-0.9173
tiny,chip_110_429_merged.tif,0.6,1,1124781712,117,31.3525,32.9829,1.6304
tiny,chip_110_429_merged.tif,0.6,2,744175081,117,31.3707,32.9858,1.6151
tiny,chip_110_429_merged.tif,0.6,3,363568450,117,29.4591,32.3279,2.8688
tiny,chip_110_429_merged.tif,0.6,4,2031106580,117,31.9862,33.619,1.6328
tiny,chip_110_429_merged.tif,0.8,0,1122135034,156,30.2923,31.7202,1.4279
tiny,chip_110_429_merged.tif,0.8,1,741528403,156,30.6748,31.9033,1.2285
tiny,chip_110_429_merged.tif,0.8,2,261582885,156,30.5767,31.7014,1.1247
tiny,chip_110_429_merged.tif,0.8,3,2028459902,156,30.2858,31.8316,1.5458
tiny,chip_110_429_merged.tif,0.8,4,1548514384,156,30.5513,31.6697,1.1184
tiny,chip_111_421_merged.tif,0.2,0,1192647572,39,29.9036,31.4179,1.5143
tiny,chip_111_421_merged.tif,0.2,1,712702054,39,30.8715,31.7945,0.923
tiny,chip_111_421_merged.tif,0.2,2,332095423,39,28.8408,31.55,2.7091
tiny,chip_111_421_merged.tif,0.2,3,2098972440,39,29.4239,31.8277,2.4038
tiny,chip_111_421_merged.tif,0.2,4,1619026922,39,28.9476,31.8061,2.8585
tiny,chip_111_421_merged.tif,0.4,0,1032032239,78,28.4376,30.8722,2.4346
tiny,chip_111_421_merged.tif,0.4,1,552086721,78,29.0339,30.3408,1.3068
tiny,chip_111_421_merged.tif,0.4,2,171480090,78,28.8123,30.5263,1.7139
tiny,chip_111_421_merged.tif,0.4,3,1839018220,78,28.9491,30.896,1.9469
tiny,chip_111_421_merged.tif,0.4,4,1458411589,78,28.6659,31.5432,2.8773
tiny,chip_111_421_merged.tif,0.6,0,288734032,117,28.2681,29.6941,1.426
tiny,chip_111_421_merged.tif,0.6,1,1956272162,117,29.0275,30.266,1.2386
tiny,chip_111_421_merged.tif,0.6,2,1575665531,117,28.2922,30.3373,2.0451
tiny,chip_111_421_merged.tif,0.6,3,1095720013,117,29.0085,30.5158,1.5073
tiny,chip_111_421_merged.tif,0.6,4,715113382,117,29.4195,30.133,0.7135
tiny,chip_111_421_merged.tif,0.8,0,1953625484,156,28.7775,29.3548,0.5773
tiny,chip_111_421_merged.tif,0.8,1,1473679966,156,28.939,29.8197,0.8808
tiny,chip_111_421_merged.tif,0.8,2,1093073335,156,28.9449,29.5977,0.6528
tiny,chip_111_421_merged.tif,0.8,3,712466704,156,28.7644,29.6106,0.8463
tiny,chip_111_421_merged.tif,0.8,4,232521186,156,29.1648,29.8499,0.6851
tiny,chip_111_595_merged.tif,0.2,0,122334966,39,36.0551,36.5615,0.5064
tiny,chip_111_595_merged.tif,0.2,1,1789873096,39,34.4904,36.3224,1.832
tiny,chip_111_595_merged.tif,0.2,2,1409266465,39,36.0555,35.1941,-0.8614
tiny,chip_111_595_merged.tif,0.2,3,1028659834,39,37.167,34.6452,-2.5218
tiny,chip_111_595_merged.tif,0.2,4,548714316,39,36.056,35.9326,-0.1235
tiny,chip_111_595_merged.tif,0.4,0,2109203281,78,33.5132,35.4335,1.9203
tiny,chip_111_595_merged.tif,0.4,1,1629257763,78,35.817,35.4454,-0.3716
tiny,chip_111_595_merged.tif,0.4,2,1248651132,78,35.8167,34.7194,-1.0973
tiny,chip_111_595_merged.tif,0.4,3,768705614,78,34.012,35.6092,1.5972
tiny,chip_111_595_merged.tif,0.4,4,388098983,78,36.158,35.8164,-0.3416
tiny,chip_111_595_merged.tif,0.6,0,1365905074,117,33.8991,35.3022,1.403
tiny,chip_111_595_merged.tif,0.6,1,885959556,117,34.9606,35.1892,0.2287
tiny,chip_111_595_merged.tif,0.6,2,505352925,117,33.7777,35.4359,1.6582
tiny,chip_111_595_merged.tif,0.6,3,25407407,117,34.791,35.4629,0.6719
tiny,chip_111_595_merged.tif,0.6,4,1792284424,117,34.7479,35.4407,0.6929
tiny,chip_111_595_merged.tif,0.8,0,883312878,156,33.8589,34.7432,0.8842
tiny,chip_111_595_merged.tif,0.8,1,403367360,156,34.3764,35.0814,0.7049
tiny,chip_111_595_merged.tif,0.8,2,22760729,156,34.5413,34.7365,0.1952
tiny,chip_111_595_merged.tif,0.8,3,1789637746,156,34.5483,34.8057,0.2574
tiny,chip_111_595_merged.tif,0.8,4,1309692228,156,33.8413,34.0635,0.2223
tiny,chip_113_329_merged.tif,0.2,0,435829956,39,31.9969,33.5421,1.5453
tiny,chip_113_329_merged.tif,0.2,1,2103368086,39,30.8875,34.427,3.5395
tiny,chip_113_329_merged.tif,0.2,2,1722761455,39,30.8892,32.0905,1.2013
tiny,chip_113_329_merged.tif,0.2,3,1242815937,39,31.395,34.1737,2.7788
tiny,chip_113_329_merged.tif,0.2,4,862209306,39,30.7988,34.7171,3.9183
tiny,chip_113_329_merged.tif,0.4,0,175875736,78,32.0998,33.0825,0.9828
tiny,chip_113_329_merged.tif,0.4,1,1942752753,78,30.9597,33.696,2.7364
tiny,chip_113_329_merged.tif,0.4,2,1462807235,78,31.1356,33.5056,2.37
tiny,chip_113_329_merged.tif,0.4,3,1082200604,78,31.6666,34.2535,2.5869
tiny,chip_113_329_merged.tif,0.4,4,701593973,78,30.572,33.5511,2.9791
tiny,chip_113_329_merged.tif,0.6,0,1580061177,117,30.7699,32.8779,2.108
tiny,chip_113_329_merged.tif,0.6,1,1199454546,117,30.9106,32.7044,1.7938
tiny,chip_113_329_merged.tif,0.6,2,818847915,117,30.4189,33.3325,2.9136
tiny,chip_113_329_merged.tif,0.6,3,338902397,117,30.4102,32.8081,2.3979
tiny,chip_113_329_merged.tif,0.6,4,2105779414,117,30.8925,33.0205,2.1279
tiny,chip_113_329_merged.tif,0.8,0,1196807868,156,31.12,31.5234,0.4034
tiny,chip_113_329_merged.tif,0.8,1,716862350,156,31.2858,31.8876,0.6018
tiny,chip_113_329_merged.tif,0.8,2,336255719,156,31.2897,31.9264,0.6367
tiny,chip_113_329_merged.tif,0.8,3,2003793849,156,30.2752,31.5816,1.3064
tiny,chip_113_329_merged.tif,0.8,4,1623187218,156,31.1772,31.7952,0.618
tiny,chip_113_420_merged.tif,0.2,0,1383777679,39,29.5618,32.3608,2.799
tiny,chip_113_420_merged.tif,0.2,1,903832161,39,30.1105,31.7233,1.6127
tiny,chip_113_420_merged.tif,0.2,2,523225530,39,32.5628,31.5698,-0.993
tiny,chip_113_420_merged.tif,0.2,3,142618899,39,31.3095,32.9856,1.6761
tiny,chip_113_420_merged.tif,0.2,4,1810157029,39,30.1107,32.0965,1.9858
tiny,chip_113_420_merged.tif,0.4,0,318502609,78,30.203,32.1729,1.9699
tiny,chip_113_420_merged.tif,0.4,1,2085379626,78,30.7293,31.1514,0.4222
tiny,chip_113_420_merged.tif,0.4,2,1605434108,78,31.418,32.0255,0.6075
tiny,chip_113_420_merged.tif,0.4,3,1224827477,78,31.5065,32.1908,0.6843
tiny,chip_113_420_merged.tif,0.4,4,844220846,78,30.7293,31.1808,0.4515
tiny,chip_113_420_merged.tif,0.6,0,479864139,117,30.57,31.1146,0.5446
tiny,chip_113_420_merged.tif,0.6,1,2147402269,117,29.8995,31.2712,1.3717
tiny,chip_113_420_merged.tif,0.6,2,1766795638,117,30.6273,32.3132,1.6859
tiny,chip_113_420_merged.tif,0.6,3,1286850120,117,30.3504,31.8527,1.5023
tiny,chip_113_420_merged.tif,0.6,4,906243489,117,30.6255,31.8267,1.2012
tiny,chip_113_420_merged.tif,0.8,0,2144755591,156,30.3994,30.8833,0.4839
tiny,chip_113_420_merged.tif,0.8,1,1664810073,156,30.2242,30.4345,0.2103
tiny,chip_113_420_merged.tif,0.8,2,1284203442,156,30.4121,30.5397,0.1276
tiny,chip_113_420_merged.tif,0.8,3,903596811,156,30.4088,31.0198,0.611
tiny,chip_113_420_merged.tif,0.8,4,423651293,156,30.3979,30.5978,0.1998
tiny,chip_114_441_merged.tif,0.2,0,465810032,39,31.9077,33.5845,1.6768
tiny,chip_114_441_merged.tif,0.2,1,85203401,39,28.9201,33.1029,4.1828
tiny,chip_114_441_merged.tif,0.2,2,1752741531,39,29.8095,34.1383,4.3287
tiny,chip_114_441_merged.tif,0.2,3,1372134900,39,30.0929,33.809,3.7162
tiny,chip_114_441_merged.tif,0.2,4,991528269,39,31.787,32.6971,0.9101
tiny,chip_114_441_merged.tif,0.4,0,305194699,78,28.8872,33.1517,4.2645
tiny,chip_114_441_merged.tif,0.4,1,2072071716,78,30.5471,32.6638,2.1167
tiny,chip_114_441_merged.tif,0.4,2,1592126198,78,28.5343,33.4588,4.9245
tiny,chip_114_441_merged.tif,0.4,3,1211519567,78,30.4,32.4931,2.0931
tiny,chip_114_441_merged.tif,0.4,4,731574049,78,31.1402,32.9563,1.8161
tiny,chip_114_441_merged.tif,0.6,0,1709380140,117,29.7756,31.7458,1.9702
tiny,chip_114_441_merged.tif,0.6,1,1328773509,117,29.4984,32.0879,2.5895
tiny,chip_114_441_merged.tif,0.6,2,848827991,117,29.9779,32.1825,2.2046
tiny,chip_114_441_merged.tif,0.6,3,468221360,117,29.205,32.0142,2.8093
tiny,chip_114_441_merged.tif,0.6,4,2135759490,117,29.9597,32.0173,2.0576
tiny,chip_114_441_merged.tif,0.8,0,1226787944,156,29.655,30.7054,1.0504
tiny,chip_114_441_merged.tif,0.8,1,846181313,156,29.4719,29.6644,0.1925
tiny,chip_114_441_merged.tif,0.8,2,366235795,156,29.3418,31.0293,1.6875
tiny,chip_114_441_merged.tif,0.8,3,2133112812,156,29.3075,30.5379,1.2305
tiny,chip_114_441_merged.tif,0.8,4,1752506181,156,29.2633,30.7456,1.4823
tiny,chip_114_505_merged.tif,0.2,0,1845852260,39,32.0805,34.4124,2.3319
tiny,chip_114_505_merged.tif,0.2,1,1365906742,39,32.7248,34.4991,1.7743
tiny,chip_114_505_merged.tif,0.2,2,985300111,39,30.0051,33.634,3.6289
tiny,chip_114_505_merged.tif,0.2,3,505354593,39,31.1426,34.2258,3.0832
tiny,chip_114_505_merged.tif,0.2,4,124747962,39,31.6259,34.1593,2.5335
tiny,chip_114_505_merged.tif,0.4,0,1685236927,78,31.6811,33.8547,2.1736
tiny,chip_114_505_merged.tif,0.4,1,1205291409,78,31.0931,33.4604,2.3674
tiny,chip_114_505_merged.tif,0.4,2,824684778,78,31.0164,33.4502,2.4339
tiny,chip_114_505_merged.tif,0.4,3,344739260,78,31.0941,33.0471,1.953
tiny,chip_114_505_merged.tif,0.4,4,2111616277,78,31.7121,33.1364,1.4243
tiny,chip_114_505_merged.tif,0.6,0,941938720,117,31.0604,32.4964,1.436
tiny,chip_114_505_merged.tif,0.6,1,461993202,117,31.0267,32.6617,1.6351
tiny,chip_114_505_merged.tif,0.6,2,81386571,117,31.055,32.8671,1.8121
tiny,chip_114_505_merged.tif,0.6,3,1748924701,117,31.0512,32.9519,1.9007
tiny,chip_114_505_merged.tif,0.6,4,1368318070,117,31.1272,33.0597,1.9325
tiny,chip_114_505_merged.tif,0.8,0,459346524,156,30.6193,32.0289,1.4097
tiny,chip_114_505_merged.tif,0.8,1,2126884654,156,30.8357,31.3545,0.5188
tiny,chip_114_505_merged.tif,0.8,2,1746278023,156,30.6396,31.6634,1.0238
tiny,chip_114_505_merged.tif,0.8,3,1266332505,156,30.6397,31.9267,1.287
tiny,chip_114_505_merged.tif,0.8,4,885725874,156,30.7068,31.6473,0.9406
tiny,chip_115_438_merged.tif,0.2,0,2103651529,39,30.4465,32.4518,2.0053
tiny,chip_115_438_merged.tif,0.2,1,1623706011,39,30.9719,32.8696,1.8977
tiny,chip_115_438_merged.tif,0.2,2,1243099380,39,31.2749,33.0151,1.7402
tiny,chip_115_438_merged.tif,0.2,3,862492749,39,30.8483,32.9192,2.0709
tiny,chip_115_438_merged.tif,0.2,4,382547231,39,31.2751,33.3684,2.0933
tiny,chip_115_438_merged.tif,0.4,0,1943036196,78,29.9339,32.7769,2.8429
tiny,chip_115_438_merged.tif,0.4,1,1463090678,78,29.9618,32.2101,2.2482
tiny,chip_115_438_merged.tif,0.4,2,1082484047,78,30.2796,31.6408,1.3612
tiny,chip_115_438_merged.tif,0.4,3,602538529,78,29.933,32.4619,2.529
tiny,chip_115_438_merged.tif,0.4,4,221931898,78,29.6422,32.2423,2.6001
tiny,chip_115_438_merged.tif,0.6,0,1199737989,117,29.9857,31.2001,1.2145
tiny,chip_115_438_merged.tif,0.6,1,719792471,117,29.9891,31.0485,1.0594
tiny,chip_115_438_merged.tif,0.6,2,339185840,117,28.937,31.0422,2.1052
tiny,chip_115_438_merged.tif,0.6,3,2006723970,117,30.0199,31.656,1.6361
tiny,chip_115_438_merged.tif,0.6,4,1626117339,117,28.9744,31.0159,2.0415
tiny,chip_115_438_merged.tif,0.8,0,717145793,156,30.1288,30.6436,0.5148
tiny,chip_115_438_merged.tif,0.8,1,237200275,156,29.7066,30.3993,0.6926
tiny,chip_115_438_merged.tif,0.8,2,2004077292,156,30.1344,30.716,0.5816
tiny,chip_115_438_merged.tif,0.8,3,1623470661,156,30.0945,30.727,0.6325
tiny,chip_115_438_merged.tif,0.8,4,1143525143,156,29.6622,30.1291,0.4669
tiny,chip_115_478_merged.tif,0.2,0,2034642634,39,33.3988,34.7777,1.3789
tiny,chip_115_478_merged.tif,0.2,1,1654036003,39,32.917,34.4702,1.5532
tiny,chip_115_478_merged.tif,0.2,2,1174090485,39,33.1776,35.7865,2.6089
tiny,chip_115_478_merged.tif,0.2,3,793483854,39,32.7753,35.4776,2.7024
tiny,chip_115_478_merged.tif,0.2,4,412877223,39,33.3232,35.0542,1.731
tiny,chip_115_478_merged.tif,0.4,0,1874027301,78,31.6975,34.2961,2.5987
tiny,chip_115_478_merged.tif,0.4,1,1493420670,78,32.2662,34.3878,2.1216
tiny,chip_115_478_merged.tif,0.4,2,1013475152,78,32.265,34.9244,2.6594
tiny,chip_115_478_merged.tif,0.4,3,632868521,78,32.5353,34.8618,2.3265
tiny,chip_115_478_merged.tif,0.4,4,152923003,78,31.979,34.0506,2.0717
tiny,chip_115_478_merged.tif,0.6,0,1130729094,117,31.7737,33.2818,1.5082
tiny,chip_115_478_merged.tif,0.6,1,750122463,117,31.8479,33.9725,2.1246
tiny,chip_115_478_merged.tif,0.6,2,270176945,117,32.2333,34.1612,1.9279
tiny,chip_115_478_merged.tif,0.6,3,2037053962,117,31.7647,34.03,2.2654
tiny,chip_115_478_merged.tif,0.6,4,1557108444,117,31.8339,33.9688,2.1349
tiny,chip_115_478_merged.tif,0.8,0,648136898,156,29.7509,33.1749,3.424
tiny,chip_115_478_merged.tif,0.8,1,267530267,156,29.7587,32.7465,2.9878
tiny,chip_115_478_merged.tif,0.8,2,1935068397,156,32.0141,32.5756,0.5615
tiny,chip_115_478_merged.tif,0.8,3,1554461766,156,31.7362,32.8337,1.0975
tiny,chip_115_478_merged.tif,0.8,4,1173855135,156,31.1866,33.348,2.1615
tiny,chip_116_208_merged.tif,0.2,0,1024114462,39,32.1566,33.9213,1.7647
tiny,chip_116_208_merged.tif,0.2,1,643507831,39,31.6273,32.3293,0.702
tiny,chip_116_208_merged.tif,0.2,2,163562313,39,33.353,32.8515,-0.5015
tiny,chip_116_208_merged.tif,0.2,3,1930439330,39,30.5857,34.0808,3.495
tiny,chip_116_208_merged.tif,0.2,4,1549832699,39,30.5856,33.1835,2.5979
tiny,chip_116_208_merged.tif,0.4,0,863499129,78,30.5253,32.8834,2.3581
tiny,chip_116_208_merged.tif,0.4,1,482892498,78,29.2227,31.7619,2.5392
tiny,chip_116_208_merged.tif,0.4,2,2946980,78,29.5349,32.424,2.8891
tiny,chip_116_208_merged.tif,0.4,3,1769823997,78,29.0968,33.2004,4.1037
tiny,chip_116_208_merged.tif,0.4,4,1289878479,78,29.9479,32.4914,2.5435
tiny,chip_116_208_merged.tif,0.6,0,120200922,117,29.6498,32.113,2.4632
tiny,chip_116_208_merged.tif,0.6,1,1887077939,117,29.8379,31.6897,1.8518
tiny,chip_116_208_merged.tif,0.6,2,1407132421,117,29.1821,31.3647,2.1826
tiny,chip_116_208_merged.tif,0.6,3,1026525790,117,29.9126,31.5757,1.6631
tiny,chip_116_208_merged.tif,0.6,4,546580272,117,29.2714,32.1133,2.8419
tiny,chip_116_208_merged.tif,0.8,0,1785092374,156,29.2051,31.1298,1.9247
tiny,chip_116_208_merged.tif,0.8,1,1404485743,156,29.2042,30.6876,1.4834
tiny,chip_116_208_merged.tif,0.8,2,924540225,156,29.7495,31.0915,1.342
tiny,chip_116_208_merged.tif,0.8,3,543933594,156,28.6421,29.9368,1.2947
tiny,chip_116_208_merged.tif,0.8,4,163326963,156,29.7973,29.2554,-0.5419
tiny,chip_116_346_merged.tif,0.2,0,659635090,39,35.6767,36.0845,0.4078
tiny,chip_116_346_merged.tif,0.2,1,279028459,39,36.3779,36.499,0.1211
tiny,chip_116_346_merged.tif,0.2,2,2045905476,39,33.9801,35.891,1.9109
tiny,chip_116_346_merged.tif,0.2,3,1565959958,39,32.4496,36.228,3.7784
tiny,chip_116_346_merged.tif,0.2,4,1185353327,39,34.9537,35.5004,0.5467
tiny,chip_116_346_merged.tif,0.4,0,1841182555,78,33.4145,35.7924,2.3779
tiny,chip_116_346_merged.tif,0.4,1,1361237037,78,32.52,35.5987,3.0787
tiny,chip_116_346_merged.tif,0.4,2,980630406,78,35.1824,35.7801,0.5978
tiny,chip_116_346_merged.tif,0.4,3,600023775,78,35.7444,35.7769,0.0325
tiny,chip_116_346_merged.tif,0.4,4,120078257,78,33.0272,35.7505,2.7233
tiny,chip_116_346_merged.tif,0.6,0,1903205198,117,34.3133,35.3387,1.0253
tiny,chip_116_346_merged.tif,0.6,1,1522598567,117,34.5918,35.6974,1.1056
tiny,chip_116_346_merged.tif,0.6,2,1042653049,117,34.3486,35.0114,0.6628
tiny,chip_116_346_merged.tif,0.6,3,662046418,117,34.5578,34.8232,0.2654
tiny,chip_116_346_merged.tif,0.6,4,182100900,117,34.5714,35.0655,0.4941
tiny,chip_116_346_merged.tif,0.8,0,1420613002,156,33.9949,33.9862,-0.0088
tiny,chip_116_346_merged.tif,0.8,1,1040006371,156,34.0838,34.4249,0.3411
tiny,chip_116_346_merged.tif,0.8,2,659399740,156,34.1671,34.4892,0.3221
tiny,chip_116_346_merged.tif,0.8,3,179454222,156,34.2175,34.405,0.1875
tiny,chip_116_346_merged.tif,0.8,4,1946331239,156,33.9667,34.6898,0.7231
tiny,chip_116_447_merged.tif,0.2,0,1584613223,39,34.7739,37.8945,3.1206
tiny,chip_116_447_merged.tif,0.2,1,1104667705,39,37.4424,37.4931,0.0507
tiny,chip_116_447_merged.tif,0.2,2,724061074,39,37.46,37.8005,0.3406
tiny,chip_116_447_merged.tif,0.2,3,343454443,39,37.1,37.3857,0.2857
tiny,chip_116_447_merged.tif,0.2,4,2010992573,39,37.5099,38.0023,0.4924
tiny,chip_116_447_merged.tif,0.4,0,519338153,78,36.7833,37.9869,1.2036
tiny,chip_116_447_merged.tif,0.4,1,138731522,78,37.0808,36.4945,-0.5863
tiny,chip_116_447_merged.tif,0.4,2,1905608539,78,35.8374,38.0984,2.261
tiny,chip_116_447_merged.tif,0.4,3,1425663021,78,35.6512,38.3871,2.7359
tiny,chip_116_447_merged.tif,0.4,4,1045056390,78,36.7706,37.9352,1.1647
tiny,chip_116_447_merged.tif,0.6,0,680699683,117,35.7686,37.7563,1.9878
tiny,chip_116_447_merged.tif,0.6,1,200754165,117,35.9415,37.496,1.5545
tiny,chip_116_447_merged.tif,0.6,2,1967631182,117,36.4589,37.4838,1.0249
tiny,chip_116_447_merged.tif,0.6,3,1487685664,117,37.0748,37.994,0.9193
tiny,chip_116_447_merged.tif,0.6,4,1107079033,117,36.4702,37.5307,1.0605
tiny,chip_116_447_merged.tif,0.8,0,198107487,156,35.7828,36.6193,0.8365
tiny,chip_116_447_merged.tif,0.8,1,1865645617,156,35.7384,37.1257,1.3873
tiny,chip_116_447_merged.tif,0.8,2,1485038986,156,36.4269,36.765,0.3381
tiny,chip_116_447_merged.tif,0.8,3,1104432355,156,35.9429,37.3456,1.4027
tiny,chip_116_447_merged.tif,0.8,4,624486837,156,35.2924,36.2798,0.9874
tiny,chip_116_448_merged.tif,0.2,0,1460936003,39,35.665,35.9821,0.3171
tiny,chip_116_448_merged.tif,0.2,1,1080329372,39,36.2542,36.4355,0.1813
tiny,chip_116_448_merged.tif,0.2,2,600383854,39,35.9051,37.8258,1.9208
tiny,chip_116_448_merged.tif,0.2,3,219777223,39,35.8228,37.8596,2.0368
tiny,chip_116_448_merged.tif,0.2,4,1986654240,39,35.6743,37.801,2.1266
tiny,chip_116_448_merged.tif,0.4,0,1300320670,78,35.5961,37.1511,1.555
tiny,chip_116_448_merged.tif,0.4,1,919714039,78,35.191,36.334,1.1429
tiny,chip_116_448_merged.tif,0.4,2,439768521,78,36.1268,36.9984,0.8715
tiny,chip_116_448_merged.tif,0.4,3,59161890,78,36.6312,37.1692,0.538
tiny,chip_116_448_merged.tif,0.4,4,1726700020,78,35.1755,37.0407,1.8653
tiny,chip_116_448_merged.tif,0.6,0,557022463,117,36.3869,36.5604,0.1735
tiny,chip_116_448_merged.tif,0.6,1,176415832,117,36.2552,36.2801,0.0249
tiny,chip_116_448_merged.tif,0.6,2,1843953962,117,34.8793,36.884,2.0047
tiny,chip_116_448_merged.tif,0.6,3,1463347331,117,36.2694,36.304,0.0346
tiny,chip_116_448_merged.tif,0.6,4,983401813,117,34.8694,35.461,0.5916
tiny,chip_116_448_merged.tif,0.8,0,74430267,156,35.7034,36.6447,0.9414
tiny,chip_116_448_merged.tif,0.8,1,1841307284,156,35.7052,36.5059,0.8007
tiny,chip_116_448_merged.tif,0.8,2,1361361766,156,35.0963,35.6981,0.6018
tiny,chip_116_448_merged.tif,0.8,3,980755135,156,35.9653,35.5879,-0.3774
tiny,chip_116_448_merged.tif,0.8,4,600148504,156,34.8894,35.9807,1.0913
tiny,chip_117_438_merged.tif,0.2,0,1587294993,39,31.657,33.2407,1.5837
tiny,chip_117_438_merged.tif,0.2,1,1107349475,39,32.4566,33.1802,0.7236
tiny,chip_117_438_merged.tif,0.2,2,726742844,39,30.5363,33.6951,3.1588
tiny,chip_117_438_merged.tif,0.2,3,246797326,39,31.3637,32.6047,1.241
tiny,chip_117_438_merged.tif,0.2,4,2013674343,39,30.0008,32.7728,2.772
tiny,chip_117_438_merged.tif,0.4,0,1327340773,78,31.6611,33.1631,1.502
tiny,chip_117_438_merged.tif,0.4,1,946734142,78,30.3429,33.8209,3.4781
tiny,chip_117_438_merged.tif,0.4,2,566127511,78,31.4367,33.4373,2.0006
tiny,chip_117_438_merged.tif,0.4,3,86181993,78,31.5616,32.4671,0.9055
tiny,chip_117_438_merged.tif,0.4,4,1853059010,78,30.7698,33.3135,2.5437
tiny,chip_117_438_merged.tif,0.6,0,584042566,117,30.1846,32.6814,2.4968
tiny,chip_117_438_merged.tif,0.6,1,203435935,117,30.6639,32.0811,1.4173
tiny,chip_117_438_merged.tif,0.6,2,1970312952,117,30.4547,32.0092,1.5545
tiny,chip_117_438_merged.tif,0.6,3,1490367434,117,31.2289,32.355,1.1261
tiny,chip_117_438_merged.tif,0.6,4,1109760803,117,31.2594,31.7147,0.4554
tiny,chip_117_438_merged.tif,0.8,0,200789257,156,29.6635,30.5384,0.8749
tiny,chip_117_438_merged.tif,0.8,1,1868327387,156,29.673,31.4865,1.8135
tiny,chip_117_438_merged.tif,0.8,2,1487720756,156,30.0459,31.4142,1.3683
tiny,chip_117_438_merged.tif,0.8,3,1007775238,156,30.636,31.6296,0.9936
tiny,chip_117_438_merged.tif,0.8,4,627168607,156,29.6651,31.4114,1.7463
tiny,chip_118_448_merged.tif,0.2,0,2008067573,39,35.7074,35.5829,-0.1245
tiny,chip_118_448_merged.tif,0.2,1,1627460942,39,35.5837,36.9403,1.3566
tiny,chip_118_448_merged.tif,0.2,2,1147515424,39,37.5955,36.4975,-1.098
tiny,chip_118_448_merged.tif,0.2,3,766908793,39,37.1201,36.7373,-0.3828
tiny,chip_118_448_merged.tif,0.2,4,386302162,39,34.7469,37.1108,2.3639
tiny,chip_118_448_merged.tif,0.4,0,1847452240,78,35.9481,36.3604,0.4123
tiny,chip_118_448_merged.tif,0.4,1,1466845609,78,35.7072,36.5074,0.8002
tiny,chip_118_448_merged.tif,0.4,2,986900091,78,35.9328,35.8044,-0.1285
tiny,chip_118_448_merged.tif,0.4,3,606293460,78,36.5971,36.6163,0.0193
tiny,chip_118_448_merged.tif,0.4,4,126347942,78,34.7826,37.3765,2.5939
tiny,chip_118_448_merged.tif,0.6,0,1104154033,117,36.1839,36.6234,0.4396
tiny,chip_118_448_merged.tif,0.6,1,723547402,117,36.3551,36.167,-0.1881
tiny,chip_118_448_merged.tif,0.6,2,243601884,117,35.7175,36.6591,0.9416
tiny,chip_118_448_merged.tif,0.6,3,2010478901,117,35.5944,36.0446,0.4502
tiny,chip_118_448_merged.tif,0.6,4,1530533383,117,36.1769,36.6677,0.4907
tiny,chip_118_448_merged.tif,0.8,0,621561837,156,35.1039,35.5603,0.4564
tiny,chip_118_448_merged.tif,0.8,1,240955206,156,35.336,36.1583,0.8223
tiny,chip_118_448_merged.tif,0.8,2,1908493336,156,34.7563,35.4566,0.7003
tiny,chip_118_448_merged.tif,0.8,3,1527886705,156,35.0794,35.0399,-0.0395
tiny,chip_118_448_merged.tif,0.8,4,1147280074,156,34.7357,35.2191,0.4834
tiny,chip_119_126_merged.tif,0.2,0,1045083369,39,36.8271,36.7542,-0.0729
tiny,chip_119_126_merged.tif,0.2,1,565137851,39,36.8281,36.5359,-0.2923
tiny,chip_119_126_merged.tif,0.2,2,184531220,39,33.056,37.9913,4.9353
tiny,chip_119_126_merged.tif,0.2,3,1951408237,39,33.3338,36.9346,3.6008
tiny,chip_119_126_merged.tif,0.2,4,1471462719,39,35.4254,37.5962,2.1709
tiny,chip_119_126_merged.tif,0.4,0,884468036,78,34.2107,35.496,1.2853
tiny,chip_119_126_merged.tif,0.4,1,404522518,78,31.2921,35.8128,4.5207
tiny,chip_119_126_merged.tif,0.4,2,23915887,78,34.5122,35.8044,1.2922
tiny,chip_119_126_merged.tif,0.4,3,1691454017,78,32.6566,36.3156,3.659
tiny,chip_119_126_merged.tif,0.4,4,1310847386,78,33.9949,35.9503,1.9554
tiny,chip_119_126_merged.tif,0.6,0,141169829,117,34.0446,35.2284,1.1838
tiny,chip_119_126_merged.tif,0.6,1,1808707959,117,32.824,35.1506,2.3266
tiny,chip_119_126_merged.tif,0.6,2,1428101328,117,34.0707,35.5129,1.4422
tiny,chip_119_126_merged.tif,0.6,3,948155810,117,34.0936,35.4386,1.345
tiny,chip_119_126_merged.tif,0.6,4,567549179,117,34.3372,35.8358,1.4986
tiny,chip_119_126_merged.tif,0.8,0,1806061281,156,33.3325,34.588,1.2555
tiny,chip_119_126_merged.tif,0.8,1,1326115763,156,33.7648,34.3733,0.6085
tiny,chip_119_126_merged.tif,0.8,2,945509132,156,33.3427,33.6757,0.333
tiny,chip_119_126_merged.tif,0.8,3,564902501,156,31.5484,34.713,3.1646
tiny,chip_119_126_merged.tif,0.8,4,84956983,156,31.5621,34.1716,2.6095
tiny,chip_119_323_merged.tif,0.2,0,316076292,39,31.4217,31.2464,-0.1753
tiny,chip_119_323_merged.tif,0.2,1,2082953309,39,31.1092,32.4994,1.3901
tiny,chip_119_323_merged.tif,0.2,2,1702346678,39,31.0709,31.3568,0.2859
tiny,chip_119_323_merged.tif,0.2,3,1222401160,39,30.5188,31.7279,1.2091
tiny,chip_119_323_merged.tif,0.2,4,841794529,39,30.5304,32.499,1.9686
tiny,chip_119_323_merged.tif,0.4,0,155460959,78,30.2142,31.5917,1.3775
tiny,chip_119_323_merged.tif,0.4,1,1922337976,78,30.7661,32.633,1.8669
tiny,chip_119_323_merged.tif,0.4,2,1442392458,78,29.9333,31.946,2.0127
tiny,chip_119_323_merged.tif,0.4,3,1061785827,78,30.7154,31.7577,1.0423
tiny,chip_119_323_merged.tif,0.4,4,681179196,78,29.3083,31.401,2.0927
tiny,chip_119_323_merged.tif,0.6,0,1559646400,117,30.0543,30.7791,0.7247
tiny,chip_119_323_merged.tif,0.6,1,1179039769,117,30.7083,30.605,-0.1034
tiny,chip_119_323_merged.tif,0.6,2,699094251,117,30.0423,31.161,1.1187
tiny,chip_119_323_merged.tif,0.6,3,318487620,117,30.594,30.738,0.144
tiny,chip_119_323_merged.tif,0.6,4,2085364637,117,29.319,30.6544,1.3354
tiny,chip_119_323_merged.tif,0.8,0,1077054204,156,30.0614,30.7291,0.6677
tiny,chip_119_323_merged.tif,0.8,1,696447573,156,30.1918,30.7061,0.5143
tiny,chip_119_323_merged.tif,0.8,2,315840942,156,30.4232,30.3966,-0.0266
tiny,chip_119_323_merged.tif,0.8,3,1983379072,156,30.2026,30.4828,0.2802
tiny,chip_119_323_merged.tif,0.8,4,1602772441,156,30.1748,30.5761,0.4013
tiny,chip_119_505_merged.tif,0.2,0,1332484276,39,31.316,34.5875,3.2714
tiny,chip_119_505_merged.tif,0.2,1,951877645,39,31.3156,34.4964,3.1808
tiny,chip_119_505_merged.tif,0.2,2,571271014,39,33.4308,32.8751,-0.5557
tiny,chip_119_505_merged.tif,0.2,3,91325496,39,32.1948,34.1403,1.9455
tiny,chip_119_505_merged.tif,0.2,4,1858202513,39,32.7795,33.4615,0.682
tiny,chip_119_505_merged.tif,0.4,0,366548093,78,31.1477,33.8786,2.7309
tiny,chip_119_505_merged.tif,0.4,1,2133425110,78,30.1876,33.5328,3.3452
tiny,chip_119_505_merged.tif,0.4,2,1653479592,78,31.1688,32.2385,1.0697
tiny,chip_119_505_merged.tif,0.4,3,1272872961,78,30.6733,32.8983,2.225
tiny,chip_119_505_merged.tif,0.4,4,792927443,78,31.0217,33.2118,2.1901
tiny,chip_119_505_merged.tif,0.6,0,428570736,117,30.7539,33.1423,2.3883
tiny,chip_119_505_merged.tif,0.6,1,47964105,117,30.2638,32.6465,2.3827
tiny,chip_119_505_merged.tif,0.6,2,1715502235,117,30.276,32.6119,2.336
tiny,chip_119_505_merged.tif,0.6,3,1334895604,117,30.2528,32.4761,2.2232
tiny,chip_119_505_merged.tif,0.6,4,954288973,117,30.2568,32.8702,2.6134
tiny,chip_119_505_merged.tif,0.8,0,2093462188,156,30.712,32.2328,1.5208
tiny,chip_119_505_merged.tif,0.8,1,1712855557,156,30.4629,31.0684,0.6055
tiny,chip_119_505_merged.tif,0.8,2,1332248926,156,30.4566,31.5943,1.1377
tiny,chip_119_505_merged.tif,0.8,3,852303408,156,29.348,31.8069,2.4589
tiny,chip_119_505_merged.tif,0.8,4,471696777,156,30.3953,32.1533,1.7579
tiny,chip_120_559_merged.tif,0.2,0,1647144822,39,38.3951,39.1424,0.7473
tiny,chip_120_559_merged.tif,0.2,1,1167199304,39,38.7819,38.7479,-0.034
tiny,chip_120_559_merged.tif,0.2,2,786592673,39,38.1516,38.8162,0.6646
tiny,chip_120_559_merged.tif,0.2,3,306647155,39,37.7088,39.48,1.7712
tiny,chip_120_559_merged.tif,0.2,4,2073524172,39,38.8667,38.3665,-0.5002
tiny,chip_120_559_merged.tif,0.4,0,1387190602,78,38.5833,39.0529,0.4696
tiny,chip_120_559_merged.tif,0.4,1,1006583971,78,37.6841,39.4186,1.7345
tiny,chip_120_559_merged.tif,0.4,2,625977340,78,37.4863,38.065,0.5787
tiny,chip_120_559_merged.tif,0.4,3,146031822,78,37.9576,38.2224,0.2649
tiny,chip_120_559_merged.tif,0.4,4,1912908839,78,37.5232,38.6853,1.1621
tiny,chip_120_559_merged.tif,0.6,0,643892395,117,37.445,38.3707,0.9257
tiny,chip_120_559_merged.tif,0.6,1,263285764,117,37.801,38.5676,0.7666
tiny,chip_120_559_merged.tif,0.6,2,2030162781,117,37.6516,38.7789,1.1273
tiny,chip_120_559_merged.tif,0.6,3,1550217263,117,37.6189,38.6297,1.0108
tiny,chip_120_559_merged.tif,0.6,4,1169610632,117,37.6433,37.9687,0.3254
tiny,chip_120_559_merged.tif,0.8,0,260639086,156,37.4808,38.0281,0.5473
tiny,chip_120_559_merged.tif,0.8,1,1928177216,156,37.0241,37.5847,0.5606
tiny,chip_120_559_merged.tif,0.8,2,1547570585,156,36.973,37.4559,0.4829
tiny,chip_120_559_merged.tif,0.8,3,1067625067,156,36.9702,37.089,0.1189
tiny,chip_120_559_merged.tif,0.8,4,687018436,156,37.5374,37.6086,0.0711
tiny,chip_121_466_merged.tif,0.2,0,448634045,39,32.8966,33.948,1.0514
tiny,chip_121_466_merged.tif,0.2,1,2116172175,39,32.0014,33.4137,1.4123
tiny,chip_121_466_merged.tif,0.2,2,1735565544,39,32.8979,33.4966,0.5987
tiny,chip_121_466_merged.tif,0.2,3,1354958913,39,30.6606,33.7913,3.1307
tiny,chip_121_466_merged.tif,0.2,4,875013395,39,33.0767,33.0807,0.004
tiny,chip_121_466_merged.tif,0.4,0,1530842623,78,31.2013,32.7449,1.5436
tiny,chip_121_466_merged.tif,0.4,1,1150235992,78,31.2431,33.9548,2.7117
tiny,chip_121_466_merged.tif,0.4,2,769629361,78,31.4728,32.9711,1.4982
tiny,chip_121_466_merged.tif,0.4,3,289683843,78,31.9079,33.0558,1.1479
tiny,chip_121_466_merged.tif,0.4,4,2056560860,78,31.4819,33.1365,1.6546
tiny,chip_121_466_merged.tif,0.6,0,1692204153,117,31.6138,32.356,0.7422
tiny,chip_121_466_merged.tif,0.6,1,1212258635,117,31.5614,32.7638,1.2024
tiny,chip_121_466_merged.tif,0.6,2,831652004,117,31.6011,32.5429,0.9418
tiny,chip_121_466_merged.tif,0.6,3,351706486,117,31.1734,32.4671,1.2937
tiny,chip_121_466_merged.tif,0.6,4,2118583503,117,31.1108,32.54,1.4292
tiny,chip_121_466_merged.tif,0.8,0,1209611957,156,31.4981,31.7904,0.2923
tiny,chip_121_466_merged.tif,0.8,1,729666439,156,31.495,31.8259,0.3309
tiny,chip_121_466_merged.tif,0.8,2,349059808,156,31.3672,32.068,0.7009
tiny,chip_121_466_merged.tif,0.8,3,2115936825,156,31.1107,32.2417,1.131
tiny,chip_121_466_merged.tif,0.8,4,1635991307,156,31.1164,32.3539,1.2375
tiny,chip_122_507_merged.tif,0.2,0,1414638939,39,29.8193,31.9406,2.1213
tiny,chip_122_507_merged.tif,0.2,1,934693421,39,30.746,32.5035,1.7574
tiny,chip_122_507_merged.tif,0.2,2,554086790,39,29.01,32.4478,3.4378
tiny,chip_122_507_merged.tif,0.2,3,74141272,39,29.2169,32.6311,3.4142
tiny,chip_122_507_merged.tif,0.2,4,1841018289,39,30.0703,33.1489,3.0786
tiny,chip_122_507_merged.tif,0.4,0,349363869,78,29.4652,32.0613,2.596
tiny,chip_122_507_merged.tif,0.4,1,2116240886,78,29.8029,32.7733,2.9704
tiny,chip_122_507_merged.tif,0.4,2,1636295368,78,30.3869,32.294,1.9071
tiny,chip_122_507_merged.tif,0.4,3,1255688737,78,30.4865,32.1825,1.696
tiny,chip_122_507_merged.tif,0.4,4,875082106,78,29.2116,31.696,2.4845
tiny,chip_122_507_merged.tif,0.6,0,510725399,117,28.8139,31.6506,2.8367
tiny,chip_122_507_merged.tif,0.6,1,30779881,117,29.242,30.7981,1.5561
tiny,chip_122_507_merged.tif,0.6,2,1797656898,117,28.7393,31.5296,2.7903
tiny,chip_122_507_merged.tif,0.6,3,1317711380,117,28.9959,31.0905,2.0946
tiny,chip_122_507_merged.tif,0.6,4,937104749,117,29.0419,31.755,2.713
tiny,chip_122_507_merged.tif,0.8,0,28133203,156,29.4324,30.4146,0.9822
tiny,chip_122_507_merged.tif,0.8,1,1695671333,156,29.0184,29.9363,0.9179
tiny,chip_122_507_merged.tif,0.8,2,1315064702,156,29.2871,30.7235,1.4365
tiny,chip_122_507_merged.tif,0.8,3,835119184,156,29.4739,30.06,0.5861
tiny,chip_122_507_merged.tif,0.8,4,454512553,156,29.2741,30.2364,0.9622
tiny,chip_123_393_merged.tif,0.2,0,537000070,39,33.5014,35.1669,1.6655
tiny,chip_123_393_merged.tif,0.2,1,57054552,39,33.5277,35.606,2.0783
tiny,chip_123_393_merged.tif,0.2,2,1823931569,39,33.3632,35.0315,1.6683
tiny,chip_123_393_merged.tif,0.2,3,1343986051,39,33.9428,34.818,0.8752
tiny,chip_123_393_merged.tif,0.2,4,963379420,39,34.0522,34.8786,0.8264
tiny,chip_123_393_merged.tif,0.4,0,1619208648,78,33.5004,34.827,1.3266
tiny,chip_123_393_merged.tif,0.4,1,1238602017,78,34.7169,34.2994,-0.4175
tiny,chip_123_393_merged.tif,0.4,2,758656499,78,34.7164,35.1108,0.3944
tiny,chip_123_393_merged.tif,0.4,3,378049868,78,32.8531,34.2194,1.3663
tiny,chip_123_393_merged.tif,0.4,4,2045587998,78,33.1987,35.2958,2.0971
tiny,chip_123_393_merged.tif,0.6,0,875910441,117,34.216,34.3988,0.1828
tiny,chip_123_393_merged.tif,0.6,1,495303810,117,33.096,34.716,1.62
tiny,chip_123_393_merged.tif,0.6,2,15358292,117,33.0764,34.9623,1.8859
tiny,chip_123_393_merged.tif,0.6,3,1782235309,117,33.0367,34.799,1.7623
tiny,chip_123_393_merged.tif,0.6,4,1302289791,117,33.0773,35.0788,2.0015
tiny,chip_123_393_merged.tif,0.8,0,393318245,156,33.5723,33.9877,0.4154
tiny,chip_123_393_merged.tif,0.8,1,12711614,156,32.6552,34.2004,1.5452
tiny,chip_123_393_merged.tif,0.8,2,1680249744,156,33.8799,34.2928,0.4129
tiny,chip_123_393_merged.tif,0.8,3,1299643113,156,33.1514,34.386,1.2347
tiny,chip_123_393_merged.tif,0.8,4,919036482,156,32.6481,33.7424,1.0944
tiny,chip_123_434_merged.tif,0.2,0,1158469743,39,37.7739,37.8072,0.0332
tiny,chip_123_434_merged.tif,0.2,1,777863112,39,37.7724,38.9456,1.1732
tiny,chip_123_434_merged.tif,0.2,2,397256481,39,34.9884,38.563,3.5747
tiny,chip_123_434_merged.tif,0.2,3,2064794611,39,35.7379,36.9643,1.2263
tiny,chip_123_434_merged.tif,0.2,4,1684187980,39,35.7256,37.4594,1.7338
tiny,chip_123_434_merged.tif,0.4,0,997854410,78,31.9069,37.5979,5.691
tiny,chip_123_434_merged.tif,0.4,1,617247779,78,33.656,37.6155,3.9595
tiny,chip_123_434_merged.tif,0.4,2,137302261,78,35.0609,37.0081,1.9473
tiny,chip_123_434_merged.tif,0.4,3,1904179278,78,31.6071,37.5849,5.9778
tiny,chip_123_434_merged.tif,0.4,4,1424233760,78,31.991,36.0385,4.0475
tiny,chip_123_434_merged.tif,0.6,0,254556203,117,35.2532,37.2562,2.0029
tiny,chip_123_434_merged.tif,0.6,1,2021433220,117,33.2876,36.3748,3.0872
tiny,chip_123_434_merged.tif,0.6,2,1541487702,117,35.6193,36.0843,0.4649
tiny,chip_123_434_merged.tif,0.6,3,1160881071,117,32.6419,35.8113,3.1694
tiny,chip_123_434_merged.tif,0.6,4,680935553,117,32.907,38.0326,5.1256
tiny,chip_123_434_merged.tif,0.8,0,1919447655,156,33.4607,33.6398,0.1791
tiny,chip_123_434_merged.tif,0.8,1,1538841024,156,33.641,36.3599,2.7189
tiny,chip_123_434_merged.tif,0.8,2,1158234393,156,33.9783,36.885,2.9067
tiny,chip_123_434_merged.tif,0.8,3,678288875,156,33.6444,34.1767,0.5323
tiny,chip_123_434_merged.tif,0.8,4,297682244,156,33.9288,34.8006,0.8717
tiny,chip_123_448_merged.tif,0.2,0,194197700,39,36.4909,37.1634,0.6726
tiny,chip_123_448_merged.tif,0.2,1,1961074717,39,37.3328,36.6885,-0.6444
tiny,chip_123_448_merged.tif,0.2,2,1580468086,39,36.8036,36.7463,-0.0573
tiny,chip_123_448_merged.tif,0.2,3,1100522568,39,36.5926,36.4194,-0.1732
tiny,chip_123_448_merged.tif,0.2,4,719915937,39,36.0699,36.4811,0.4112
tiny,chip_123_448_merged.tif,0.4,0,33582367,78,36.1005,36.761,0.6605
tiny,chip_123_448_merged.tif,0.4,1,1800459384,78,36.2385,36.6024,0.3639
tiny,chip_123_448_merged.tif,0.4,2,1320513866,78,36.127,36.8444,0.7175
tiny,chip_123_448_merged.tif,0.4,3,939907235,78,36.8055,36.9946,0.1892
tiny,chip_123_448_merged.tif,0.4,4,559300604,78,36.4741,35.8792,-0.5949
tiny,chip_123_448_merged.tif,0.6,0,1437767808,117,36.32,36.7346,0.4146
tiny,chip_123_448_merged.tif,0.6,1,1057161177,117,36.7122,36.596,-0.1163
tiny,chip_123_448_merged.tif,0.6,2,577215659,117,36.337,36.9044,0.5674
tiny,chip_123_448_merged.tif,0.6,3,196609028,117,35.8953,36.5183,0.623
tiny,chip_123_448_merged.tif,0.6,4,1963486045,117,36.7118,36.5342,-0.1776
tiny,chip_123_448_merged.tif,0.8,0,955175612,156,35.87,36.5549,0.6849
tiny,chip_123_448_merged.tif,0.8,1,574568981,156,36.1339,36.1207,-0.0132
tiny,chip_123_448_merged.tif,0.8,2,193962350,156,35.843,35.951,0.108
tiny,chip_123_448_merged.tif,0.8,3,1861500480,156,35.367,36.428,1.061
tiny,chip_123_448_merged.tif,0.8,4,1480893849,156,35.3596,36.0548,0.6951
tiny,chip_123_507_merged.tif,0.2,0,2022809603,39,30.3197,32.7262,2.4065
tiny,chip_123_507_merged.tif,0.2,1,1642202972,39,29.0693,30.7248,1.6555
tiny,chip_123_507_merged.tif,0.2,2,1162257454,39,30.7049,32.7378,2.0328
tiny,chip_123_507_merged.tif,0.2,3,781650823,39,30.1927,32.311,2.1183
tiny,chip_123_507_merged.tif,0.2,4,301705305,39,31.2809,32.6103,1.3294
tiny,chip_123_507_merged.tif,0.4,0,1056873420,78,29.8494,32.0042,2.1548
tiny,chip_123_507_merged.tif,0.4,1,576927902,78,29.6274,31.6356,2.0081
tiny,chip_123_507_merged.tif,0.4,2,196321271,78,29.6557,30.9108,1.2551
tiny,chip_123_507_merged.tif,0.4,3,1863859401,78,29.78,31.7937,2.0138
tiny,chip_123_507_merged.tif,0.4,4,1483252770,78,30.1352,31.9076,1.7724
tiny,chip_123_507_merged.tif,0.6,0,1118896063,117,28.911,30.4436,1.5327
tiny,chip_123_507_merged.tif,0.6,1,738289432,117,29.5124,30.7221,1.2097
tiny,chip_123_507_merged.tif,0.6,2,258343914,117,28.8526,31.1714,2.3188
tiny,chip_123_507_merged.tif,0.6,3,2025220931,117,29.0983,30.6643,1.5661
tiny,chip_123_507_merged.tif,0.6,4,1545275413,117,29.0562,30.2716,1.2155
tiny,chip_123_507_merged.tif,0.8,0,636303867,156,29.0929,30.148,1.0551
tiny,chip_123_507_merged.tif,0.8,1,255697236,156,29.1006,29.4478,0.3471
tiny,chip_123_507_merged.tif,0.8,2,1923235366,156,28.3924,30.1932,1.8007
tiny,chip_123_507_merged.tif,0.8,3,1542628735,156,29.3524,30.031,0.6786
tiny,chip_123_507_merged.tif,0.8,4,1062683217,156,28.3932,29.2609,0.8677
tiny,chip_123_560_merged.tif,0.2,0,835749987,39,37.8832,39.6051,1.7219
tiny,chip_123_560_merged.tif,0.2,1,455143356,39,37.8847,39.3444,1.4597
tiny,chip_123_560_merged.tif,0.2,2,2122681486,39,38.6891,40.0297,1.3405
tiny,chip_123_560_merged.tif,0.2,3,1742074855,39,38.6375,38.5438,-0.0937
tiny,chip_123_560_merged.tif,0.2,4,1262129337,39,39.006,39.8492,0.8432
tiny,chip_123_560_merged.tif,0.4,0,675134654,78,39.0224,39.9158,0.8934
tiny,chip_123_560_merged.tif,0.4,1,195189136,78,40.1401,39.3267,-0.8134
tiny,chip_123_560_merged.tif,0.4,2,1962066153,78,38.445,40.2655,1.8205
tiny,chip_123_560_merged.tif,0.4,3,1482120635,78,39.2681,39.6471,0.3791
tiny,chip_123_560_merged.tif,0.4,4,1101514004,78,39.7133,39.7092,-0.0041
tiny,chip_123_560_merged.tif,0.6,0,2079320095,117,39.1567,39.3464,0.1897
tiny,chip_123_560_merged.tif,0.6,1,1599374577,117,38.8404,38.8999,0.0595
tiny,chip_123_560_merged.tif,0.6,2,1218767946,117,38.5548,38.9085,0.3537
tiny,chip_123_560_merged.tif,0.6,3,738822428,117,38.5688,39.163,0.5942
tiny,chip_123_560_merged.tif,0.6,4,358215797,117,38.6111,39.4111,0.8
tiny,chip_123_560_merged.tif,0.8,0,1596727899,156,38.927,38.9397,0.0127
tiny,chip_123_560_merged.tif,0.8,1,1216121268,156,39.1074,39.1243,0.0169
tiny,chip_123_560_merged.tif,0.8,2,736175750,156,38.9124,38.7524,-0.16
tiny,chip_123_560_merged.tif,0.8,3,355569119,156,38.8717,39.2547,0.3831
tiny,chip_123_560_merged.tif,0.8,4,2023107249,156,38.9284,38.781,-0.1474
tiny,chip_124_123_merged.tif,0.2,0,114624796,39,33.7015,36.5174,2.8159
tiny,chip_124_123_merged.tif,0.2,1,1881501813,39,30.5664,36.0436,5.4772
tiny,chip_124_123_merged.tif,0.2,2,1401556295,39,31.7186,35.9286,4.2099
tiny,chip_124_123_merged.tif,0.2,3,1020949664,39,33.7042,35.7998,2.0956
tiny,chip_124_123_merged.tif,0.2,4,640343033,39,30.5642,36.3055,5.7413
tiny,chip_124_123_merged.tif,0.4,0,2101493111,78,32.4169,34.8641,2.4472
tiny,chip_124_123_merged.tif,0.4,1,1720886480,78,33.0636,34.8758,1.8122
tiny,chip_124_123_merged.tif,0.4,2,1240940962,78,32.4289,35.2169,2.788
tiny,chip_124_123_merged.tif,0.4,3,860334331,78,33.7396,36.1411,2.4015
tiny,chip_124_123_merged.tif,0.4,4,380388813,78,32.4337,35.6244,3.1907
tiny,chip_124_123_merged.tif,0.6,0,1358194904,117,30.2763,35.0936,4.8173
tiny,chip_124_123_merged.tif,0.6,1,977588273,117,30.12,35.2417,5.1217
tiny,chip_124_123_merged.tif,0.6,2,497642755,117,30.1276,34.9627,4.8351
tiny,chip_124_123_merged.tif,0.6,3,117036124,117,32.4204,35.7762,3.3558
tiny,chip_124_123_merged.tif,0.6,4,1784574254,117,31.7407,36.1172,4.3766
tiny,chip_124_123_merged.tif,0.8,0,875602708,156,30.5538,33.9322,3.3784
tiny,chip_124_123_merged.tif,0.8,1,494996077,156,29.7194,31.3208,1.6014
tiny,chip_124_123_merged.tif,0.8,2,15050559,156,30.3949,30.6187,0.2238
tiny,chip_124_123_merged.tif,0.8,3,1781927576,156,30.4177,33.4707,3.053
tiny,chip_124_123_merged.tif,0.8,4,1401320945,156,31.4613,33.1479,1.6866
tiny,chip_124_433_merged.tif,0.2,0,1483230851,39,39.0586,38.5532,-0.5053
tiny,chip_124_433_merged.tif,0.2,1,1102624220,39,39.0773,37.9637,-1.1136
tiny,chip_124_433_merged.tif,0.2,2,622678702,39,37.3413,37.987,0.6457
tiny,chip_124_433_merged.tif,0.2,3,242072071,39,37.0645,37.8757,0.8113
tiny,chip_124_433_merged.tif,0.2,4,1909610201,39,36.5213,38.4274,1.9061
tiny,chip_124_433_merged.tif,0.4,0,517294668,78,37.6115,37.6991,0.0876
tiny,chip_124_433_merged.tif,0.4,1,37349150,78,37.2768,38.5252,1.2485
tiny,chip_124_433_merged.tif,0.4,2,1804226167,78,36.923,38.5479,1.6249
tiny,chip_124_433_merged.tif,0.4,3,1324280649,78,37.1259,38.0521,0.9262
tiny,chip_124_433_merged.tif,0.4,4,943674018,78,36.751,38.311,1.56
tiny,chip_124_433_merged.tif,0.6,0,579317311,117,37.2419,37.8275,0.5856
tiny,chip_124_433_merged.tif,0.6,1,99371793,117,36.7257,37.6467,0.9211
tiny,chip_124_433_merged.tif,0.6,2,1866248810,117,36.4322,38.3998,1.9676
tiny,chip_124_433_merged.tif,0.6,3,1485642179,117,36.938,37.7991,0.8611
tiny,chip_124_433_merged.tif,0.6,4,1005696661,117,36.7398,37.8589,1.1191
tiny,chip_124_433_merged.tif,0.8,0,96725115,156,37.0827,37.6218,0.5391
tiny,chip_124_433_merged.tif,0.8,1,1863602132,156,36.4726,37.5427,1.0701
tiny,chip_124_433_merged.tif,0.8,2,1383656614,156,36.6587,37.6581,0.9994
tiny,chip_124_433_merged.tif,0.8,3,1003049983,156,36.6494,37.674,1.0246
tiny,chip_124_433_merged.tif,0.8,4,523104465,156,37.0861,37.4727,0.3866
tiny,chip_124_441_merged.tif,0.2,0,461439683,39,36.3032,36.9085,0.6053
tiny,chip_124_441_merged.tif,0.2,1,80833052,39,37.0466,37.134,0.0874
tiny,chip_124_441_merged.tif,0.2,2,1847710069,39,36.4992,37.0939,0.5946
tiny,chip_124_441_merged.tif,0.2,3,1367764551,39,37.5063,37.039,-0.4673
tiny,chip_124_441_merged.tif,0.2,4,987157920,39,36.0288,37.2259,1.1971
tiny,chip_124_441_merged.tif,0.4,0,1642987148,78,36.4065,37.0841,0.6776
tiny,chip_124_441_merged.tif,0.4,1,1262380517,78,36.2294,36.9115,0.6821
tiny,chip_124_441_merged.tif,0.4,2,782434999,78,35.8306,36.8822,1.0516
tiny,chip_124_441_merged.tif,0.4,3,401828368,78,36.1329,37.5564,1.4235
tiny,chip_124_441_merged.tif,0.4,4,2069366498,78,36.8343,36.8985,0.0643
tiny,chip_124_441_merged.tif,0.6,0,1705009791,117,36.4639,37.1086,0.6447
tiny,chip_124_441_merged.tif,0.6,1,1324403160,117,36.3075,36.8983,0.5909
tiny,chip_124_441_merged.tif,0.6,2,844457642,117,35.7855,36.9381,1.1527
tiny,chip_124_441_merged.tif,0.6,3,463851011,117,36.1335,36.4087,0.2751
tiny,chip_124_441_merged.tif,0.6,4,83244380,117,36.5408,37.1345,0.5937
tiny,chip_124_441_merged.tif,0.8,0,1222417595,156,35.9248,36.5999,0.6751
tiny,chip_124_441_merged.tif,0.8,1,841810964,156,35.9056,36.7171,0.8114
tiny,chip_124_441_merged.tif,0.8,2,461204333,156,35.8245,36.6662,0.8417
tiny,chip_124_441_merged.tif,0.8,3,2128742463,156,35.9274,36.8791,0.9518
tiny,chip_124_441_merged.tif,0.8,4,1748135832,156,35.8154,36.6976,0.8821
tiny,chip_124_479_merged.tif,0.2,0,1506430446,39,33.2413,34.1664,0.9251
tiny,chip_124_479_merged.tif,0.2,1,1125823815,39,31.6614,34.1267,2.4653
tiny,chip_124_479_merged.tif,0.2,2,745217184,39,31.995,33.0849,1.0898
tiny,chip_124_479_merged.tif,0.2,3,265271666,39,32.0754,33.9042,1.8287
tiny,chip_124_479_merged.tif,0.2,4,2032148683,39,32.4316,34.8277,2.3961
tiny,chip_124_479_merged.tif,0.4,0,1345815113,78,31.4324,33.2005,1.7681
tiny,chip_124_479_merged.tif,0.4,1,965208482,78,32.0257,33.1296,1.1039
tiny,chip_124_479_merged.tif,0.4,2,485262964,78,31.5619,33.3788,1.8169
tiny,chip_124_479_merged.tif,0.4,3,104656333,78,32.176,34.3972,2.2212
tiny,chip_124_479_merged.tif,0.4,4,1772194463,78,31.4605,32.7238,1.2633
tiny,chip_124_479_merged.tif,0.6,0,602516906,117,31.0497,33.8641,2.8144
tiny,chip_124_479_merged.tif,0.6,1,221910275,117,31.5236,32.7334,1.2098
tiny,chip_124_479_merged.tif,0.6,2,1889448405,117,31.509,33.0755,1.5664
tiny,chip_124_479_merged.tif,0.6,3,1508841774,117,31.8171,33.2508,1.4337
tiny,chip_124_479_merged.tif,0.6,4,1128235143,117,31.5116,33.0611,1.5494
tiny,chip_124_479_merged.tif,0.8,0,119924710,156,30.2473,32.3951,2.1478
tiny,chip_124_479_merged.tif,0.8,1,1886801727,156,31.0491,32.5926,1.5434
tiny,chip_124_479_merged.tif,0.8,2,1506195096,156,31.0396,32.5934,1.5538
tiny,chip_124_479_merged.tif,0.8,3,1026249578,156,30.2912,32.2959,2.0047
tiny,chip_124_479_merged.tif,0.8,4,645642947,156,30.5984,32.6357,2.0373
tiny,chip_125_124_merged.tif,0.2,0,1620452063,39,31.7929,34.9825,3.1896
tiny,chip_125_124_merged.tif,0.2,1,1239845432,39,32.5704,34.5798,2.0094
tiny,chip_125_124_merged.tif,0.2,2,859238801,39,32.9699,35.2194,2.2495
tiny,chip_125_124_merged.tif,0.2,3,379293283,39,32.8942,34.1731,1.2788
tiny,chip_125_124_merged.tif,0.2,4,2146170300,39,30.637,34.9104,4.2733
tiny,chip_125_124_merged.tif,0.4,0,1459836730,78,32.6655,35.0367,2.3712
tiny,chip_125_124_merged.tif,0.4,1,1079230099,78,33.1813,34.5744,1.3931
tiny,chip_125_124_merged.tif,0.4,2,599284581,78,32.4417,35.1609,2.7192
tiny,chip_125_124_merged.tif,0.4,3,218677950,78,33.023,34.3027,1.2797
tiny,chip_125_124_merged.tif,0.4,4,1985554967,78,33.0495,33.8827,0.8333
tiny,chip_125_124_merged.tif,0.6,0,716538523,117,32.2623,34.3243,2.062
tiny,chip_125_124_merged.tif,0.6,1,335931892,117,32.1273,33.6717,1.5444
tiny,chip_125_124_merged.tif,0.6,2,2003470022,117,31.9533,34.3961,2.4428
tiny,chip_125_124_merged.tif,0.6,3,1622863391,117,32.0477,34.0562,2.0085
tiny,chip_125_124_merged.tif,0.6,4,1242256760,117,32.2833,33.7661,1.4828
tiny,chip_125_124_merged.tif,0.8,0,233946327,156,33.086,33.0098,-0.0763
tiny,chip_125_124_merged.tif,0.8,1,2000823344,156,32.8459,32.1309,-0.715
tiny,chip_125_124_merged.tif,0.8,2,1620216713,156,33.0935,32.5977,-0.4958
tiny,chip_125_124_merged.tif,0.8,3,1140271195,156,32.9174,32.3611,-0.5563
tiny,chip_125_124_merged.tif,0.8,4,759664564,156,31.8325,32.8628,1.0303
tiny,chip_125_433_merged.tif,0.2,0,983798491,39,37.4697,39.2939,1.8242
tiny,chip_125_433_merged.tif,0.2,1,603191860,39,37.4731,39.3315,1.8584
tiny,chip_125_433_merged.tif,0.2,2,123246342,39,38.0254,38.3319,0.3065
tiny,chip_125_433_merged.tif,0.2,3,1890123359,39,38.0249,38.8201,0.7952
tiny,chip_125_433_merged.tif,0.2,4,1410177841,39,38.9961,38.2335,-0.7626
tiny,chip_125_433_merged.tif,0.4,0,823183158,78,37.9325,38.4214,0.4889
tiny,chip_125_433_merged.tif,0.4,1,343237640,78,37.9319,39.2047,1.2728
tiny,chip_125_433_merged.tif,0.4,2,2110114657,78,37.4852,38.8369,1.3518
tiny,chip_125_433_merged.tif,0.4,3,1729508026,78,38.6149,38.7247,0.1098
tiny,chip_125_433_merged.tif,0.4,4,1249562508,78,37.4447,39.3963,1.9516
tiny,chip_125_433_merged.tif,0.6,0,79884951,117,37.7867,38.3301,0.5433
tiny,chip_125_433_merged.tif,0.6,1,1747423081,117,37.4861,38.6212,1.1351
tiny,chip_125_433_merged.tif,0.6,2,1366816450,117,37.5069,38.8998,1.393
tiny,chip_125_433_merged.tif,0.6,3,986209819,117,37.362,38.4919,1.1299
tiny,chip_125_433_merged.tif,0.6,4,506264301,117,37.6649,38.5811,0.9162
tiny,chip_125_433_merged.tif,0.8,0,1744776403,156,37.5806,37.4902,-0.0905
tiny,chip_125_433_merged.tif,0.8,1,1364169772,156,37.5128,37.9864,0.4736
tiny,chip_125_433_merged.tif,0.8,2,884224254,156,37.9185,37.9032,-0.0154
tiny,chip_125_433_merged.tif,0.8,3,503617623,156,36.9349,37.9586,1.0237
tiny,chip_125_433_merged.tif,0.8,4,23672105,156,37.3278,38.0859,0.7581
tiny,chip_125_436_merged.tif,0.2,0,1408341486,39,36.9228,37.7223,0.7996
tiny,chip_125_436_merged.tif,0.2,1,928395968,39,37.1296,37.2202,0.0907
tiny,chip_125_436_merged.tif,0.2,2,547789337,39,34.1726,37.0813,2.9087
tiny,chip_125_436_merged.tif,0.2,3,167182706,39,36.4782,36.9794,0.5012
tiny,chip_125_436_merged.tif,0.2,4,1834720836,39,34.1774,36.9818,2.8044
tiny,chip_125_436_merged.tif,0.4,0,1247726153,78,36.902,37.7931,0.8911
tiny,chip_125_436_merged.tif,0.4,1,767780635,78,34.3267,37.095,2.7683
tiny,chip_125_436_merged.tif,0.4,2,387174004,78,35.9999,36.9829,0.9829
tiny,chip_125_436_merged.tif,0.4,3,2054712134,78,34.67,36.8618,2.1918
tiny,chip_125_436_merged.tif,0.4,4,1674105503,78,33.8728,37.2692,3.3964
tiny,chip_125_436_merged.tif,0.6,0,504427946,117,35.1054,36.2005,1.0951
tiny,chip_125_436_merged.tif,0.6,1,24482428,117,34.1523,36.8762,2.7239
tiny,chip_125_436_merged.tif,0.6,2,1791359445,117,34.9825,36.7534,1.7709
tiny,chip_125_436_merged.tif,0.6,3,1311413927,117,35.0374,35.6922,0.6547
tiny,chip_125_436_merged.tif,0.6,4,930807296,117,35.146,36.6259,1.4799
tiny,chip_125_436_merged.tif,0.8,0,21835750,156,35.3407,35.8609,0.5201
tiny,chip_125_436_merged.tif,0.8,1,1689373880,156,35.3868,36.2584,0.8715
tiny,chip_125_436_merged.tif,0.8,2,1308767249,156,34.5221,35.7196,1.1975
tiny,chip_125_436_merged.tif,0.8,3,928160618,156,35.3961,36.1477,0.7515
tiny,chip_125_436_merged.tif,0.8,4,448215100,156,35.4685,35.3308,-0.1376
tiny,chip_125_445_merged.tif,0.2,0,264850270,39,34.7771,37.3843,2.6072
tiny,chip_125_445_merged.tif,0.2,1,1932388400,39,34.7776,38.2391,3.4615
tiny,chip_125_445_merged.tif,0.2,2,1551781769,39,38.8769,38.06,-0.8169
tiny,chip_125_445_merged.tif,0.2,3,1071836251,39,38.0585,37.8229,-0.2357
tiny,chip_125_445_merged.tif,0.2,4,691229620,39,36.4383,36.8874,0.4491
tiny,chip_125_445_merged.tif,0.4,0,4896050,78,35.7211,37.622,1.901
tiny,chip_125_445_merged.tif,0.4,1,1771773067,78,35.948,38.0945,2.1465
tiny,chip_125_445_merged.tif,0.4,2,1391166436,78,39.0153,37.6946,-1.3207
tiny,chip_125_445_merged.tif,0.4,3,911220918,78,37.8213,37.3579,-0.4634
tiny,chip_125_445_merged.tif,0.4,4,530614287,78,38.1996,37.4678,-0.7317
tiny,chip_125_445_merged.tif,0.6,0,1409081491,117,37.1832,36.5055,-0.6777
tiny,chip_125_445_merged.tif,0.6,1,1028474860,117,37.1772,38.2313,1.0541
tiny,chip_125_445_merged.tif,0.6,2,647868229,117,37.1507,37.042,-0.1087
tiny,chip_125_445_merged.tif,0.6,3,167922711,117,36.5267,36.5662,0.0396
tiny,chip_125_445_merged.tif,0.6,4,1934799728,117,36.529,37.6961,1.1671
tiny,chip_125_445_merged.tif,0.8,0,1025828182,156,36.8427,36.5359,-0.3068
tiny,chip_125_445_merged.tif,0.8,1,545882664,156,37.1936,36.3495,-0.8441
tiny,chip_125_445_merged.tif,0.8,2,165276033,156,35.9767,35.7681,-0.2086
tiny,chip_125_445_merged.tif,0.8,3,1832814163,156,36.8433,36.71,-0.1333
tiny,chip_125_445_merged.tif,0.8,4,1452207532,156,36.8189,35.6778,-1.1411
tiny,chip_125_503_merged.tif,0.2,0,408642547,39,33.797,33.1926,-0.6044
tiny,chip_125_503_merged.tif,0.2,1,28035916,39,33.798,32.3272,-1.4708
tiny,chip_125_503_merged.tif,0.2,2,1695574046,39,30.792,32.5366,1.7446
tiny,chip_125_503_merged.tif,0.2,3,1314967415,39,33.7978,33.0705,-0.7273
tiny,chip_125_503_merged.tif,0.2,4,835021897,39,32.7753,33.9723,1.1969
tiny,chip_125_503_merged.tif,0.4,0,248027214,78,30.4379,32.9044,2.4665
tiny,chip_125_503_merged.tif,0.4,1,1915565344,78,28.8626,31.7176,2.855
tiny,chip_125_503_merged.tif,0.4,2,1534958713,78,28.8532,31.9835,3.1303
tiny,chip_125_503_merged.tif,0.4,3,1055013195,78,28.6232,32.4096,3.7864
tiny,chip_125_503_merged.tif,0.4,4,674406564,78,31.0845,31.8454,0.7609
tiny,chip_125_503_merged.tif,0.6,0,1652212655,117,29.1301,31.7439,2.6138
tiny,chip_125_503_merged.tif,0.6,1,1172267137,117,30.1337,31.5624,1.4287
tiny,chip_125_503_merged.tif,0.6,2,791660506,117,28.8449,31.9122,3.0673
tiny,chip_125_503_merged.tif,0.6,3,311714988,117,28.76,31.7513,2.9913
tiny,chip_125_503_merged.tif,0.6,4,2078592005,117,29.1566,31.9265,2.7699
tiny,chip_125_503_merged.tif,0.8,0,1169620459,156,28.9815,30.2175,1.236
tiny,chip_125_503_merged.tif,0.8,1,789013828,156,29.1733,30.1934,1.0201
tiny,chip_125_503_merged.tif,0.8,2,309068310,156,29.4097,30.9353,1.5256
tiny,chip_125_503_merged.tif,0.8,3,2075945327,156,29.4083,31.1513,1.7429
tiny,chip_125_503_merged.tif,0.8,4,1595999809,156,29.1913,30.8432,1.6518
tiny,chip_126_124_merged.tif,0.2,0,962959877,39,29.4985,33.3819,3.8834
tiny,chip_126_124_merged.tif,0.2,1,483014359,39,30.8491,35.2867,4.4376
tiny,chip_126_124_merged.tif,0.2,2,102407728,39,30.9785,33.6848,2.7063
tiny,chip_126_124_merged.tif,0.2,3,1869284745,39,31.6864,34.4798,2.7934
tiny,chip_126_124_merged.tif,0.2,4,1389339227,39,31.0504,34.0714,3.021
tiny,chip_126_124_merged.tif,0.4,0,2045168455,78,31.0505,33.1382,2.0877
tiny,chip_126_124_merged.tif,0.4,1,1664561824,78,29.6376,32.9498,3.3122
tiny,chip_126_124_merged.tif,0.4,2,1184616306,78,31.7531,32.312,0.5589
tiny,chip_126_124_merged.tif,0.4,3,804009675,78,30.7009,33.0186,2.3177
tiny,chip_126_124_merged.tif,0.4,4,423403044,78,30.7002,33.3788,2.6785
tiny,chip_126_124_merged.tif,0.6,0,59046337,117,30.6633,32.3886,1.7253
tiny,chip_126_124_merged.tif,0.6,1,1726584467,117,30.616,32.2505,1.6345
tiny,chip_126_124_merged.tif,0.6,2,1345977836,117,29.6043,32.1863,2.582
tiny,chip_126_124_merged.tif,0.6,3,866032318,117,29.7238,32.6185,2.8946
tiny,chip_126_124_merged.tif,0.6,4,485425687,117,30.1335,32.3891,2.2557
tiny,chip_126_124_merged.tif,0.8,0,1723937789,156,30.0371,31.4745,1.4374
tiny,chip_126_124_merged.tif,0.8,1,1243992271,156,29.7175,31.184,1.4665
tiny,chip_126_124_merged.tif,0.8,2,863385640,156,30.1831,31.6164,1.4333
tiny,chip_126_124_merged.tif,0.8,3,482779009,156,30.1677,31.5009,1.3332
tiny,chip_126_124_merged.tif,0.8,4,2833491,156,30.0047,31.4735,1.4688
tiny,chip_126_357_merged.tif,0.2,0,746454967,39,30.8798,34.5554,3.6757
tiny,chip_126_357_merged.tif,0.2,1,365848336,39,30.7951,35.0651,4.2701
tiny,chip_126_357_merged.tif,0.2,2,2132725353,39,33.9404,34.891,0.9506
tiny,chip_126_357_merged.tif,0.2,3,1652779835,39,33.3141,34.7994,1.4853
tiny,chip_126_357_merged.tif,0.2,4,1272173204,39,32.4958,34.8743,2.3785
tiny,chip_126_357_merged.tif,0.4,0,585839634,78,33.0567,34.1677,1.1109
tiny,chip_126_357_merged.tif,0.4,1,205233003,78,31.8059,34.507,2.7011
tiny,chip_126_357_merged.tif,0.4,2,1872771133,78,33.1751,34.7185,1.5434
tiny,chip_126_357_merged.tif,0.4,3,1492164502,78,31.8085,33.6125,1.804
tiny,chip_126_357_merged.tif,0.4,4,1111557871,78,33.1742,33.8521,0.6779
tiny,chip_126_357_merged.tif,0.6,0,1990025075,117,32.7204,34.3818,1.6613
tiny,chip_126_357_merged.tif,0.6,1,1609418444,117,32.8132,33.871,1.0579
tiny,chip_126_357_merged.tif,0.6,2,1129472926,117,32.9562,33.8039,0.8478
tiny,chip_126_357_merged.tif,0.6,3,748866295,117,31.1528,34.1423,2.9895
tiny,chip_126_357_merged.tif,0.6,4,368259664,117,32.2461,33.5609,1.3148
tiny,chip_126_357_merged.tif,0.8,0,1507432879,156,32.0485,33.2,1.1515
tiny,chip_126_357_merged.tif,0.8,1,1126826248,156,32.0579,33.2006,1.1427
tiny,chip_126_357_merged.tif,0.8,2,746219617,156,31.7525,33.2145,1.462
tiny,chip_126_357_merged.tif,0.8,3,266274099,156,31.5897,33.415,1.8253
tiny,chip_126_357_merged.tif,0.8,4,2033151116,156,31.1572,33.6218,2.4646
tiny,chip_127_445_merged.tif,0.2,0,1875076242,39,36.466,35.643,-0.823
tiny,chip_127_445_merged.tif,0.2,1,1395130724,39,37.7876,36.7865,-1.0011
tiny,chip_127_445_merged.tif,0.2,2,1014524093,39,36.9878,37.3885,0.4008
tiny,chip_127_445_merged.tif,0.2,3,534578575,39,35.0571,35.8371,0.78
tiny,chip_127_445_merged.tif,0.2,4,153971944,39,36.763,37.14,0.3769
tiny,chip_127_445_merged.tif,0.4,0,1615122022,78,36.091,36.4782,0.3872
tiny,chip_127_445_merged.tif,0.4,1,1234515391,78,36.0169,36.0323,0.0154
tiny,chip_127_445_merged.tif,0.4,2,754569873,78,35.8924,35.7091,-0.1832
tiny,chip_127_445_merged.tif,0.4,3,373963242,78,35.7157,36.6253,0.9096
tiny,chip_127_445_merged.tif,0.4,4,2140840259,78,36.8682,37.1849,0.3167
tiny,chip_127_445_merged.tif,0.6,0,871823815,117,34.5823,37.0903,2.508
tiny,chip_127_445_merged.tif,0.6,1,491217184,117,36.1394,36.1593,0.0199
tiny,chip_127_445_merged.tif,0.6,2,11271666,117,35.8996,35.9894,0.0898
tiny,chip_127_445_merged.tif,0.6,3,1778148683,117,36.1418,36.283,0.1412
tiny,chip_127_445_merged.tif,0.6,4,1397542052,117,34.1583,36.0798,1.9215
tiny,chip_127_445_merged.tif,0.8,0,389231619,156,34.6274,35.493,0.8656
tiny,chip_127_445_merged.tif,0.8,1,8624988,156,35.7608,35.5244,-0.2364
tiny,chip_127_445_merged.tif,0.8,2,1775502005,156,36.1613,35.6293,-0.5319
tiny,chip_127_445_merged.tif,0.8,3,1295556487,156,34.5007,36.1414,1.6406
tiny,chip_127_445_merged.tif,0.8,4,914949856,156,34.3692,35.3557,0.9865
tiny,chip_128_478_merged.tif,0.2,0,970478679,39,33.023,33.9425,0.9195
tiny,chip_128_478_merged.tif,0.2,1,490533161,39,32.4849,34.2054,1.7205
tiny,chip_128_478_merged.tif,0.2,2,109926530,39,32.9591,33.7341,0.775
tiny,chip_128_478_merged.tif,0.2,3,1777464660,39,32.9594,34.1589,1.1995
tiny,chip_128_478_merged.tif,0.2,4,1396858029,39,32.1075,34.4422,2.3348
tiny,chip_128_478_merged.tif,0.4,0,710524459,78,29.9786,33.3837,3.4051
tiny,chip_128_478_merged.tif,0.4,1,329917828,78,29.9106,32.5197,2.6091
tiny,chip_128_478_merged.tif,0.4,2,2096794845,78,29.9096,33.6776,3.768
tiny,chip_128_478_merged.tif,0.4,3,1616849327,78,30.3457,32.8416,2.4959
tiny,chip_128_478_merged.tif,0.4,4,1236242696,78,31.4914,32.9706,1.4792
tiny,chip_128_478_merged.tif,0.6,0,2114709900,117,29.5243,32.8754,3.3511
tiny,chip_128_478_merged.tif,0.6,1,1734103269,117,29.4823,32.8689,3.3867
tiny,chip_128_478_merged.tif,0.6,2,1353496638,117,30.3168,32.7974,2.4806
tiny,chip_128_478_merged.tif,0.6,3,873551120,117,30.2236,32.1127,1.8892
tiny,chip_128_478_merged.tif,0.6,4,492944489,117,30.3989,32.4001,2.0011
tiny,chip_128_478_merged.tif,0.8,0,1731456591,156,29.6788,31.3661,1.6873
tiny,chip_128_478_merged.tif,0.8,1,1251511073,156,29.8786,31.5811,1.7024
tiny,chip_128_478_merged.tif,0.8,2,870904442,156,29.4912,31.0233,1.532
tiny,chip_128_478_merged.tif,0.8,3,390958924,156,29.8777,32.2413,2.3636
tiny,chip_128_478_merged.tif,0.8,4,10352293,156,29.6871,31.6371,1.95
tiny,chip_128_506_merged.tif,0.2,0,104471478,39,27.2026,32.455,5.2524
tiny,chip_128_506_merged.tif,0.2,1,1871348495,39,28.9738,30.8989,1.9251
tiny,chip_128_506_merged.tif,0.2,2,1391402977,39,30.3817,31.2209,0.8391
tiny,chip_128_506_merged.tif,0.2,3,1010796346,39,29.8831,31.5621,1.679
tiny,chip_128_506_merged.tif,0.2,4,630189715,39,29.9255,31.4268,1.5013
tiny,chip_128_506_merged.tif,0.4,0,1286018943,78,28.6312,31.3137,2.6825
tiny,chip_128_506_merged.tif,0.4,1,806073425,78,29.8167,30.99,1.1733
tiny,chip_128_506_merged.tif,0.4,2,425466794,78,30.0807,31.1358,1.0552
tiny,chip_128_506_merged.tif,0.4,3,44860163,78,30.0327,31.3868,1.3541
tiny,chip_128_506_merged.tif,0.4,4,1712398293,78,29.7691,31.1679,1.3988
tiny,chip_128_506_merged.tif,0.6,0,1348041586,117,29.493,30.4973,1.0043
tiny,chip_128_506_merged.tif,0.6,1,967434955,117,29.4899,30.1913,0.7015
tiny,chip_128_506_merged.tif,0.6,2,487489437,117,29.3501,30.2477,0.8976
tiny,chip_128_506_merged.tif,0.6,3,106882806,117,29.3932,30.6404,1.2471
tiny,chip_128_506_merged.tif,0.6,4,1774420936,117,29.6305,30.0541,0.4236
tiny,chip_128_506_merged.tif,0.8,0,865449390,156,28.381,29.4553,1.0744
tiny,chip_128_506_merged.tif,0.8,1,484842759,156,28.8422,29.7927,0.9506
tiny,chip_128_506_merged.tif,0.8,2,4897241,156,28.3571,29.1699,0.8128
tiny,chip_128_506_merged.tif,0.8,3,1771774258,156,28.3863,29.5898,1.2035
tiny,chip_128_506_merged.tif,0.8,4,1391167627,156,28.4634,29.6099,1.1465
tiny,chip_129_311_merged.tif,0.2,0,1095021417,39,35.9109,36.5025,0.5916
tiny,chip_129_311_merged.tif,0.2,1,615075899,39,35.1631,36.4444,1.2813
tiny,chip_129_311_merged.tif,0.2,2,234469268,39,37.9393,38.3102,0.3709
tiny,chip_129_311_merged.tif,0.2,3,2001346285,39,35.8799,37.0246,1.1448
tiny,chip_129_311_merged.tif,0.2,4,1521400767,39,37.6456,37.9897,0.3441
tiny,chip_129_311_merged.tif,0.4,0,934406084,78,35.0627,35.9603,0.8976
tiny,chip_129_311_merged.tif,0.4,1,454460566,78,34.1994,36.1519,1.9525
tiny,chip_129_311_merged.tif,0.4,2,73853935,78,34.1947,36.542,2.3473
tiny,chip_129_311_merged.tif,0.4,3,1741392065,78,36.1533,36.5433,0.39
tiny,chip_129_311_merged.tif,0.4,4,1360785434,78,35.8312,35.6043,-0.2269
tiny,chip_129_311_merged.tif,0.6,0,191107877,117,35.4021,35.1438,-0.2583
tiny,chip_129_311_merged.tif,0.6,1,1858646007,117,35.3037,36.2962,0.9925
tiny,chip_129_311_merged.tif,0.6,2,1478039376,117,35.9878,36.2473,0.2595
tiny,chip_129_311_merged.tif,0.6,3,998093858,117,35.3983,36.1571,0.7588
tiny,chip_129_311_merged.tif,0.6,4,617487227,117,35.306,35.8142,0.5082
tiny,chip_129_311_merged.tif,0.8,0,1855999329,156,34.6404,35.6466,1.0062
tiny,chip_129_311_merged.tif,0.8,1,1376053811,156,35.0955,35.8311,0.7356
tiny,chip_129_311_merged.tif,0.8,2,995447180,156,35.1168,34.8418,-0.275
tiny,chip_129_311_merged.tif,0.8,3,614840549,156,34.65,35.3628,0.7128
tiny,chip_129_311_merged.tif,0.8,4,134895031,156,34.7444,35.8158,1.0714
tiny,chip_130_159_merged.tif,0.2,0,1755825386,39,31.9989,37.7201,5.7212
tiny,chip_130_159_merged.tif,0.2,1,1375218755,39,36.029,38.7925,2.7635
tiny,chip_130_159_merged.tif,0.2,2,994612124,39,32.0857,37.5242,5.4386
tiny,chip_130_159_merged.tif,0.2,3,514666606,39,30.2818,36.9452,6.6634
tiny,chip_130_159_merged.tif,0.2,4,134059975,39,31.0378,37.7093,6.6715
tiny,chip_130_159_merged.tif,0.4,0,789889203,78,32.3364,36.9622,4.6258
tiny,chip_130_159_merged.tif,0.4,1,309943685,78,31.8866,37.1894,5.3028
tiny,chip_130_159_merged.tif,0.4,2,2076820702,78,32.7864,36.9668,4.1804
tiny,chip_130_159_merged.tif,0.4,3,1696214071,78,32.5425,36.8696,4.3271
tiny,chip_130_159_merged.tif,0.4,4,1216268553,78,32.5428,36.0301,3.4873
tiny,chip_130_159_merged.tif,0.6,0,851911846,117,30.7325,34.652,3.9194
tiny,chip_130_159_merged.tif,0.6,1,471305215,117,32.8952,32.9601,0.065
tiny,chip_130_159_merged.tif,0.6,2,2138843345,117,31.4271,34.303,2.8759
tiny,chip_130_159_merged.tif,0.6,3,1758236714,117,32.4499,35.9059,3.456
tiny,chip_130_159_merged.tif,0.6,4,1377630083,117,32.9043,36.2451,3.3408
tiny,chip_130_159_merged.tif,0.8,0,1711482448,156,30.5938,33.2231,2.6293
tiny,chip_130_159_merged.tif,0.8,1,1330875817,156,32.1601,32.4065,0.2463
tiny,chip_130_159_merged.tif,0.8,2,850930299,156,31.4405,32.2528,0.8122
tiny,chip_130_159_merged.tif,0.8,3,470323668,156,30.3456,33.568,3.2225
tiny,chip_130_159_merged.tif,0.8,4,2137861798,156,29.3581,32.7964,3.4383
tiny,chip_130_445_merged.tif,0.2,0,30728833,39,37.2778,37.995,0.7172
tiny,chip_130_445_merged.tif,0.2,1,1797605850,39,35.2863,36.0413,0.755
tiny,chip_130_445_merged.tif,0.2,2,1416999219,39,36.867,36.5469,-0.3201
tiny,chip_130_445_merged.tif,0.2,3,937053701,39,36.3806,37.7568,1.3762
tiny,chip_130_445_merged.tif,0.2,4,556447070,39,36.392,38.4225,2.0305
tiny,chip_130_445_merged.tif,0.4,0,1212276298,78,33.2578,37.4025,4.1447
tiny,chip_130_445_merged.tif,0.4,1,831669667,78,33.3991,37.5609,4.1618
tiny,chip_130_445_merged.tif,0.4,2,351724149,78,36.9939,35.9803,-1.0136
tiny,chip_130_445_merged.tif,0.4,3,2118601166,78,36.9919,37.6354,0.6436
tiny,chip_130_445_merged.tif,0.4,4,1638655648,78,37.542,37.2936,-0.2484
tiny,chip_130_445_merged.tif,0.6,0,1274298941,117,35.0502,36.7108,1.6606
tiny,chip_130_445_merged.tif,0.6,1,893692310,117,37.0589,36.913,-0.1459
tiny,chip_130_445_merged.tif,0.6,2,413746792,117,34.8526,37.0282,2.1756
tiny,chip_130_445_merged.tif,0.6,3,33140161,117,36.8884,36.748,-0.1404
tiny,chip_130_445_merged.tif,0.6,4,1800017178,117,37.0336,37.2009,0.1673
tiny,chip_130_445_merged.tif,0.8,0,791706745,156,34.9932,35.1994,0.2062
tiny,chip_130_445_merged.tif,0.8,1,411100114,156,34.992,36.5902,1.5982
tiny,chip_130_445_merged.tif,0.8,2,30493483,156,34.3802,34.6101,0.23
tiny,chip_130_445_merged.tif,0.8,3,1698031613,156,34.3907,36.9746,2.5839
tiny,chip_130_445_merged.tif,0.8,4,1317424982,156,34.3929,34.9703,0.5774
tiny,chip_131_404_merged.tif,0.2,0,420535536,39,34.7982,35.7744,0.9762
tiny,chip_131_404_merged.tif,0.2,1,39928905,39,35.2576,35.6882,0.4305
tiny,chip_131_404_merged.tif,0.2,2,1707467035,39,35.8502,36.0606,0.2104
tiny,chip_131_404_merged.tif,0.2,3,1326860404,39,33.5866,35.9873,2.4007
tiny,chip_131_404_merged.tif,0.2,4,846914886,39,35.1159,36.2845,1.1686
tiny,chip_131_404_merged.tif,0.4,0,259920203,78,34.0946,36.2082,2.1136
tiny,chip_131_404_merged.tif,0.4,1,1927458333,78,34.2498,36.0456,1.7958
tiny,chip_131_404_merged.tif,0.4,2,1546851702,78,34.1048,35.6915,1.5867
tiny,chip_131_404_merged.tif,0.4,3,1166245071,78,33.7932,35.6642,1.8711
tiny,chip_131_404_merged.tif,0.4,4,686299553,78,34.2513,35.2772,1.0259
tiny,chip_131_404_merged.tif,0.6,0,1664105644,117,33.7576,35.0069,1.2494
tiny,chip_131_404_merged.tif,0.6,1,1283499013,117,33.7164,34.9965,1.2801
tiny,chip_131_404_merged.tif,0.6,2,803553495,117,33.5502,35.5146,1.9644
tiny,chip_131_404_merged.tif,0.6,3,422946864,117,34.0025,35.7027,1.7002
tiny,chip_131_404_merged.tif,0.6,4,2090484994,117,33.727,35.3101,1.5831
tiny,chip_131_404_merged.tif,0.8,0,1181513448,156,33.3554,34.8961,1.5407
tiny,chip_131_404_merged.tif,0.8,1,800906817,156,33.3663,34.0684,0.702
tiny,chip_131_404_merged.tif,0.8,2,320961299,156,33.5749,34.9995,1.4246
tiny,chip_131_404_merged.tif,0.8,3,2087838316,156,33.543,34.8009,1.2579
tiny,chip_131_404_merged.tif,0.8,4,1607892798,156,33.6335,34.541,0.9075
tiny,chip_131_429_merged.tif,0.2,0,127487818,39,31.96,35.515,3.5549
tiny,chip_131_429_merged.tif,0.2,1,1894364835,39,33.193,34.0765,0.8835
tiny,chip_131_429_merged.tif,0.2,2,1414419317,39,32.7444,34.7774,2.0329
tiny,chip_131_429_merged.tif,0.2,3,1033812686,39,32.344,34.3244,1.9804
tiny,chip_131_429_merged.tif,0.2,4,553867168,39,33.0025,35.4178,2.4153
tiny,chip_131_429_merged.tif,0.4,0,2114356133,78,32.5994,34.3836,1.7842
tiny,chip_131_429_merged.tif,0.4,1,1634410615,78,32.6198,33.9589,1.3391
tiny,chip_131_429_merged.tif,0.4,2,1253803984,78,32.4353,34.3107,1.8754
tiny,chip_131_429_merged.tif,0.4,3,773858466,78,32.7941,34.2162,1.4221
tiny,chip_131_429_merged.tif,0.4,4,393251835,78,32.5087,33.8499,1.3411
tiny,chip_131_429_merged.tif,0.6,0,1371057926,117,32.5616,33.565,1.0034
tiny,chip_131_429_merged.tif,0.6,1,891112408,117,31.3281,33.9276,2.5995
tiny,chip_131_429_merged.tif,0.6,2,510505777,117,32.3857,33.4974,1.1117
tiny,chip_131_429_merged.tif,0.6,3,30560259,117,32.342,33.4797,1.1377
tiny,chip_131_429_merged.tif,0.6,4,1797437276,117,30.9421,33.909,2.9669
tiny,chip_131_429_merged.tif,0.8,0,888465730,156,32.0828,32.5381,0.4552
tiny,chip_131_429_merged.tif,0.8,1,507859099,156,30.6791,32.5688,1.8898
tiny,chip_131_429_merged.tif,0.8,2,27913581,156,31.0446,32.896,1.8514
tiny,chip_131_429_merged.tif,0.8,3,1794790598,156,32.0926,32.4318,0.3392
tiny,chip_131_429_merged.tif,0.8,4,1314845080,156,30.9571,33.6865,2.7294
tiny,chip_131_445_merged.tif,0.2,0,1132267437,39,37.037,37.0251,-0.012
tiny,chip_131_445_merged.tif,0.2,1,751660806,39,37.4934,38.1163,0.6229
tiny,chip_131_445_merged.tif,0.2,2,271715288,39,37.2315,38.2185,0.987
tiny,chip_131_445_merged.tif,0.2,3,2038592305,39,36.3375,36.8297,0.4922
tiny,chip_131_445_merged.tif,0.2,4,1657985674,39,37.8367,37.5321,-0.3046
tiny,chip_131_445_merged.tif,0.4,0,971652104,78,35.8385,36.9419,1.1034
tiny,chip_131_445_merged.tif,0.4,1,591045473,78,35.8389,37.1055,1.2666
tiny,chip_131_445_merged.tif,0.4,2,111099955,78,35.0127,36.9575,1.9448
tiny,chip_131_445_merged.tif,0.4,3,1877976972,78,35.6806,37.3038,1.6232
tiny,chip_131_445_merged.tif,0.4,4,1398031454,78,35.3174,37.2765,1.9591
tiny,chip_131_445_merged.tif,0.6,0,228353897,117,35.8666,37.1253,1.2587
tiny,chip_131_445_merged.tif,0.6,1,1995230914,117,35.4734,37.3604,1.887
tiny,chip_131_445_merged.tif,0.6,2,1515285396,117,35.8689,37.0543,1.1854
tiny,chip_131_445_merged.tif,0.6,3,1134678765,117,36.0086,37.0995,1.0909
tiny,chip_131_445_merged.tif,0.6,4,654733247,117,35.9072,37.1563,1.2491
tiny,chip_131_445_merged.tif,0.8,0,1893245349,156,35.87,36.2022,0.3323
tiny,chip_131_445_merged.tif,0.8,1,1512638718,156,36.1371,37.0232,0.8862
tiny,chip_131_445_merged.tif,0.8,2,1032693200,156,35.8806,36.5878,0.7072
tiny,chip_131_445_merged.tif,0.8,3,652086569,156,35.8854,36.3344,0.4491
tiny,chip_131_445_merged.tif,0.8,4,271479938,156,35.8924,37.0804,1.188
tiny,chip_131_472_merged.tif,0.2,0,1310697051,39,30.5556,33.3635,2.8078
tiny,chip_131_472_merged.tif,0.2,1,830751533,39,31.8564,32.4534,0.597
tiny,chip_131_472_merged.tif,0.2,2,450144902,39,29.9851,32.2988,2.3137
tiny,chip_131_472_merged.tif,0.2,3,2117683032,39,31.856,30.7349,-1.121
tiny,chip_131_472_merged.tif,0.2,4,1737076401,39,28.2428,32.1365,3.8938
tiny,chip_131_472_merged.tif,0.4,0,245421981,78,31.4044,32.4585,1.0541
tiny,chip_131_472_merged.tif,0.4,1,2012298998,78,31.5869,32.0287,0.4418
tiny,chip_131_472_merged.tif,0.4,2,1532353480,78,30.5225,31.7318,1.2093
tiny,chip_131_472_merged.tif,0.4,3,1151746849,78,30.3622,32.6648,2.3026
tiny,chip_131_472_merged.tif,0.4,4,671801331,78,31.3399,32.9858,1.6459
tiny,chip_131_472_merged.tif,0.6,0,307444624,117,30.848,31.6403,0.7923
tiny,chip_131_472_merged.tif,0.6,1,2074321641,117,29.0592,31.942,2.8828
tiny,chip_131_472_merged.tif,0.6,2,1693715010,117,30.5976,31.7118,1.1142
tiny,chip_131_472_merged.tif,0.6,3,1213769492,117,30.1081,31.5482,1.44
tiny,chip_131_472_merged.tif,0.6,4,833162861,117,29.2365,30.529,1.2926
tiny,chip_131_472_merged.tif,0.8,0,2071674963,156,30.0709,30.2574,0.1865
tiny,chip_131_472_merged.tif,0.8,1,1591729445,156,28.9191,30.0664,1.1473
tiny,chip_131_472_merged.tif,0.8,2,1211122814,156,29.8905,30.2013,0.3108
tiny,chip_131_472_merged.tif,0.8,3,731177296,156,29.0999,30.512,1.412
tiny,chip_131_472_merged.tif,0.8,4,350570665,156,29.1004,30.6445,1.5441
tiny,chip_131_477_merged.tif,0.2,0,449936479,39,36.0468,37.8941,1.8473
tiny,chip_131_477_merged.tif,0.2,1,69329848,39,37.1828,37.3137,0.1309
tiny,chip_131_477_merged.tif,0.2,2,1736867978,39,36.1942,37.8901,1.6959
tiny,chip_131_477_merged.tif,0.2,3,1356261347,39,37.9743,37.4752,-0.4991
tiny,chip_131_477_merged.tif,0.2,4,876315829,39,36.7617,38.0172,1.2555
tiny,chip_131_477_merged.tif,0.4,0,289321146,78,35.5182,37.7298,2.2116
tiny,chip_131_477_merged.tif,0.4,1,1956859276,78,36.1578,37.9913,1.8336
tiny,chip_131_477_merged.tif,0.4,2,1576252645,78,36.1567,37.5394,1.3827
tiny,chip_131_477_merged.tif,0.4,3,1096307127,78,35.9593,36.8767,0.9174
tiny,chip_131_477_merged.tif,0.4,4,715700496,78,36.5376,37.3002,0.7626
tiny,chip_131_477_merged.tif,0.6,0,1693506587,117,35.5707,36.3497,0.779
tiny,chip_131_477_merged.tif,0.6,1,1213561069,117,35.9332,37.2077,1.2745
tiny,chip_131_477_merged.tif,0.6,2,832954438,117,35.5559,37.1895,1.6336
tiny,chip_131_477_merged.tif,0.6,3,353008920,117,35.9339,37.447,1.513
tiny,chip_131_477_merged.tif,0.6,4,2119885937,117,35.7196,37.2961,1.5765
tiny,chip_131_477_merged.tif,0.8,0,1210914391,156,35.5339,35.5786,0.0448
tiny,chip_131_477_merged.tif,0.8,1,830307760,156,35.0293,36.1357,1.1064
tiny,chip_131_477_merged.tif,0.8,2,350362242,156,35.5274,36.4332,0.9058
tiny,chip_131_477_merged.tif,0.8,3,2117239259,156,35.8068,35.9113,0.1045
tiny,chip_131_477_merged.tif,0.8,4,1637293741,156,35.593,35.6523,0.0593
tiny,chip_133_303_merged.tif,0.2,0,949478074,39,37.5529,38.3352,0.7824
tiny,chip_133_303_merged.tif,0.2,1,568871443,39,35.4597,37.5374,2.0777
tiny,chip_133_303_merged.tif,0.2,2,188264812,39,31.8399,36.6663,4.8264
tiny,chip_133_303_merged.tif,0.2,3,1855802942,39,31.218,36.6574,5.4393
tiny,chip_133_303_merged.tif,0.2,4,1475196311,39,36.4561,38.1655,1.7094
tiny,chip_133_303_merged.tif,0.4,0,788862741,78,35.9917,37.6652,1.6735
tiny,chip_133_303_merged.tif,0.4,1,408256110,78,35.8463,38.3614,2.5151
tiny,chip_133_303_merged.tif,0.4,2,2075794240,78,36.2236,36.4693,0.2457
tiny,chip_133_303_merged.tif,0.4,3,1695187609,78,36.0681,37.9278,1.8597
tiny,chip_133_303_merged.tif,0.4,4,1314580978,78,35.7721,37.9017,2.1296
tiny,chip_133_303_merged.tif,0.6,0,45564534,117,35.1519,34.9256,-0.2263
tiny,chip_133_303_merged.tif,0.6,1,1812441551,117,33.815,35.7324,1.9174
tiny,chip_133_303_merged.tif,0.6,2,1332496033,117,33.2563,35.9818,2.7255
tiny,chip_133_303_merged.tif,0.6,3,951889402,117,35.1541,35.6115,0.4574
tiny,chip_133_303_merged.tif,0.6,4,571282771,117,35.0307,36.4578,1.4271
tiny,chip_133_303_merged.tif,0.8,0,1710455986,156,33.3529,34.5251,1.1722
tiny,chip_133_303_merged.tif,0.8,1,1329849355,156,33.3338,35.9076,2.5738
tiny,chip_133_303_merged.tif,0.8,2,949242724,156,33.4133,34.8361,1.4228
tiny,chip_133_303_merged.tif,0.8,3,469297206,156,32.8886,35.018,2.1294
tiny,chip_133_303_merged.tif,0.8,4,88690575,156,33.183,35.1896,2.0066
tiny,chip_133_340_merged.tif,0.2,0,204319425,39,34.2439,33.2546,-0.9893
tiny,chip_133_340_merged.tif,0.2,1,1871857555,39,31.7415,34.3122,2.5708
tiny,chip_133_340_merged.tif,0.2,2,1491250924,39,28.3071,34.5403,6.2332
tiny,chip_133_340_merged.tif,0.2,3,1011305406,39,33.7789,34.5128,0.7339
tiny,chip_133_340_merged.tif,0.2,4,630698775,39,33.939,33.5552,-0.3839
tiny,chip_133_340_merged.tif,0.4,0,2091848853,78,33.6869,33.3589,-0.328
tiny,chip_133_340_merged.tif,0.4,1,1711242222,78,33.4006,34.2073,0.8066
tiny,chip_133_340_merged.tif,0.4,2,1231296704,78,33.6874,33.0027,-0.6847
tiny,chip_133_340_merged.tif,0.4,3,850690073,78,31.4228,32.5583,1.1355
tiny,chip_133_340_merged.tif,0.4,4,470083442,78,29.2637,34.415,5.1513
tiny,chip_133_340_merged.tif,0.6,0,1348550646,117,32.8378,33.0283,0.1905
tiny,chip_133_340_merged.tif,0.6,1,967944015,117,32.7527,32.8287,0.076
tiny,chip_133_340_merged.tif,0.6,2,487998497,117,32.0978,32.7516,0.6537
tiny,chip_133_340_merged.tif,0.6,3,107391866,117,32.8209,33.3663,0.5454
tiny,chip_133_340_merged.tif,0.6,4,1874268883,117,32.8223,33.212,0.3897
tiny,chip_133_340_merged.tif,0.8,0,865958450,156,32.1949,30.9114,-1.2835
tiny,chip_133_340_merged.tif,0.8,1,485351819,156,32.1412,31.2917,-0.8495
tiny,chip_133_340_merged.tif,0.8,2,104745188,156,32.1349,31.3692,-0.7657
tiny,chip_133_340_merged.tif,0.8,3,1772283318,156,31.8437,31.4004,-0.4433
tiny,chip_133_340_merged.tif,0.8,4,1391676687,156,32.1904,32.2052,0.0148
tiny,chip_133_473_merged.tif,0.2,0,95355899,39,30.1565,31.7319,1.5755
tiny,chip_133_473_merged.tif,0.2,1,1762894029,39,30.4041,32.2678,1.8637
tiny,chip_133_473_merged.tif,0.2,2,1382287398,39,30.1571,32.0697,1.9126
tiny,chip_133_473_merged.tif,0.2,3,902341880,39,28.3822,32.5224,4.1402
tiny,chip_133_473_merged.tif,0.2,4,521735249,39,28.116,32.1891,4.0731
tiny,chip_133_473_merged.tif,0.4,0,1982885327,78,29.8233,31.3689,1.5456
tiny,chip_133_473_merged.tif,0.4,1,1602278696,78,30.3863,31.0069,0.6206
tiny,chip_133_473_merged.tif,0.4,2,1221672065,78,29.8238,31.286,1.4621
tiny,chip_133_473_merged.tif,0.4,3,741726547,78,30.1235,31.3415,1.2179
tiny,chip_133_473_merged.tif,0.4,4,361119916,78,30.1755,31.5921,1.4166
tiny,chip_133_473_merged.tif,0.6,0,1338926007,117,29.7558,31.0254,1.2696
tiny,chip_133_473_merged.tif,0.6,1,858980489,117,29.3489,31.1047,1.7558
tiny,chip_133_473_merged.tif,0.6,2,478373858,117,29.0797,30.6693,1.5895
tiny,chip_133_473_merged.tif,0.6,3,2145911988,117,29.0796,30.4716,1.392
tiny,chip_133_473_merged.tif,0.6,4,1765305357,117,29.8641,30.8063,0.9422
tiny,chip_133_473_merged.tif,0.8,0,856333811,156,29.3232,30.3088,0.9857
tiny,chip_133_473_merged.tif,0.8,1,376388293,156,29.4513,30.2034,0.7522
tiny,chip_133_473_merged.tif,0.8,2,2143265310,156,28.7954,30.0931,1.2977
tiny,chip_133_473_merged.tif,0.8,3,1663319792,156,29.453,29.8066,0.3535
tiny,chip_133_473_merged.tif,0.8,4,1282713161,156,28.8302,30.1585,1.3282
tiny,chip_134_316_merged.tif,0.2,0,1243721099,39,34.8313,36.6972,1.866
tiny,chip_134_316_merged.tif,0.2,1,763775581,39,34.789,36.5276,1.7386
tiny,chip_134_316_merged.tif,0.2,2,383168950,39,34.8339,37.1297,2.2958
tiny,chip_134_316_merged.tif,0.2,3,2050707080,39,31.8703,36.0877,4.2174
tiny,chip_134_316_merged.tif,0.2,4,1670100449,39,34.5098,36.547,2.0372
tiny,chip_134_316_merged.tif,0.4,0,983766879,78,33.5746,36.2756,2.7011
tiny,chip_134_316_merged.tif,0.4,1,603160248,78,34.5175,37.1548,2.6373
tiny,chip_134_316_merged.tif,0.4,2,222553617,78,34.6468,35.4225,0.7756
tiny,chip_134_316_merged.tif,0.4,3,1890091747,78,31.7922,36.1466,4.3544
tiny,chip_134_316_merged.tif,0.4,4,1509485116,78,34.6476,36.0065,1.359
tiny,chip_134_316_merged.tif,0.6,0,240468672,117,32.5994,35.6828,3.0834
tiny,chip_134_316_merged.tif,0.6,1,2007345689,117,31.9576,35.9274,3.9698
tiny,chip_134_316_merged.tif,0.6,2,1626739058,117,31.9486,35.7594,3.8107
tiny,chip_134_316_merged.tif,0.6,3,1146793540,117,31.6869,36.1248,4.4379
tiny,chip_134_316_merged.tif,0.6,4,766186909,117,31.4509,35.4417,3.9908
tiny,chip_134_316_merged.tif,0.8,0,2004699011,156,32.1843,32.1027,-0.0816
tiny,chip_134_316_merged.tif,0.8,1,1524753493,156,32.1804,33.5297,1.3492
tiny,chip_134_316_merged.tif,0.8,2,1144146862,156,31.1945,34.4716,3.277
tiny,chip_134_316_merged.tif,0.8,3,664201344,156,30.592,33.5316,2.9396
tiny,chip_134_316_merged.tif,0.8,4,283594713,156,32.1876,34.8053,2.6177
tiny,chip_134_364_merged.tif,0.2,0,836899249,39,30.6003,33.5105,2.9102
tiny,chip_134_364_merged.tif,0.2,1,456292618,39,31.8089,32.4069,0.5979
tiny,chip_134_364_merged.tif,0.2,2,2123830748,39,31.8363,32.0457,0.2093
tiny,chip_134_364_merged.tif,0.2,3,1743224117,39,29.0564,33.3329,4.2765
tiny,chip_134_364_merged.tif,0.2,4,1263278599,39,31.8083,33.9002,2.0919
tiny,chip_134_364_merged.tif,0.4,0,2018446714,78,32.7413,32.6651,-0.0762
tiny,chip_134_364_merged.tif,0.4,1,1538501196,78,31.554,32.1571,0.6031
tiny,chip_134_364_merged.tif,0.4,2,1157894565,78,30.0694,32.1026,2.0332
tiny,chip_134_364_merged.tif,0.4,3,677949047,78,31.5542,33.0,1.4459
tiny,chip_134_364_merged.tif,0.4,4,297342416,78,30.745,32.4267,1.6818
tiny,chip_134_364_merged.tif,0.6,0,2080469357,117,30.8064,31.4421,0.6357
tiny,chip_134_364_merged.tif,0.6,1,1600523839,117,30.2142,32.2931,2.0789
tiny,chip_134_364_merged.tif,0.6,2,1219917208,117,30.8054,32.6822,1.8768
tiny,chip_134_364_merged.tif,0.6,3,839310577,117,29.7187,32.0762,2.3574
tiny,chip_134_364_merged.tif,0.6,4,359365059,117,29.7209,31.8951,2.1742
tiny,chip_134_364_merged.tif,0.8,0,1597877161,156,29.402,31.3064,1.9044
tiny,chip_134_364_merged.tif,0.8,1,1217270530,156,30.2574,31.1529,0.8956
tiny,chip_134_364_merged.tif,0.8,2,737325012,156,30.4705,30.9987,0.5282
tiny,chip_134_364_merged.tif,0.8,3,356718381,156,29.4158,31.5334,2.1176
tiny,chip_134_364_merged.tif,0.8,4,2024256511,156,30.6968,31.6114,0.9146
tiny,chip_135_434_merged.tif,0.2,0,202564254,39,31.1538,33.0474,1.8936
tiny,chip_135_434_merged.tif,0.2,1,1870102384,39,32.0962,32.866,0.7698
tiny,chip_135_434_merged.tif,0.2,2,1489495753,39,31.3994,32.7826,1.3832
tiny,chip_135_434_merged.tif,0.2,3,1009550235,39,31.1197,33.0625,1.9427
tiny,chip_135_434_merged.tif,0.2,4,628943604,39,31.5967,33.541,1.9443
tiny,chip_135_434_merged.tif,0.4,0,2090093682,78,30.5091,32.294,1.7849
tiny,chip_135_434_merged.tif,0.4,1,1709487051,78,30.3416,31.9943,1.6526
tiny,chip_135_434_merged.tif,0.4,2,1229541533,78,30.5795,32.2123,1.6328
tiny,chip_135_434_merged.tif,0.4,3,848934902,78,30.3365,31.9808,1.6443
tiny,chip_135_434_merged.tif,0.4,4,468328271,78,30.4767,31.7403,1.2636
tiny,chip_135_434_merged.tif,0.6,0,1346795475,117,30.3208,31.9066,1.5858
tiny,chip_135_434_merged.tif,0.6,1,966188844,117,29.2808,31.839,2.5582
tiny,chip_135_434_merged.tif,0.6,2,486243326,117,29.5686,31.7588,2.1902
tiny,chip_135_434_merged.tif,0.6,3,105636695,117,29.4587,32.3458,2.887
tiny,chip_135_434_merged.tif,0.6,4,1872513712,117,29.5384,31.5851,2.0467
tiny,chip_135_434_merged.tif,0.8,0,963542166,156,29.6485,30.946,1.2975
tiny,chip_135_434_merged.tif,0.8,1,483596648,156,29.59,30.8271,1.237
tiny,chip_135_434_merged.tif,0.8,2,102990017,156,29.6339,30.6912,1.0573
tiny,chip_135_434_merged.tif,0.8,3,1770528147,156,29.5866,30.9058,1.3192
tiny,chip_135_434_merged.tif,0.8,4,1389921516,156,30.0093,31.0081,0.9988
tiny,chip_135_472_merged.tif,0.2,0,1142753541,39,33.2808,32.6076,-0.6732
tiny,chip_135_472_merged.tif,0.2,1,662808023,39,30.9084,32.7559,1.8475
tiny,chip_135_472_merged.tif,0.2,2,282201392,39,31.6994,33.0295,1.3301
tiny,chip_135_472_merged.tif,0.2,3,2049078409,39,32.0424,33.8956,1.8532
tiny,chip_135_472_merged.tif,0.2,4,1569132891,39,32.9956,33.1808,0.1853
tiny,chip_135_472_merged.tif,0.4,0,982138208,78,30.7257,32.8799,2.1541
tiny,chip_135_472_merged.tif,0.4,1,502192690,78,31.5176,32.7389,1.2213
tiny,chip_135_472_merged.tif,0.4,2,121586059,78,31.8805,33.2406,1.3602
tiny,chip_135_472_merged.tif,0.4,3,1789124189,78,33.143,32.868,-0.2749
tiny,chip_135_472_merged.tif,0.4,4,1408517558,78,30.856,33.2419,2.3858
tiny,chip_135_472_merged.tif,0.6,0,238840001,117,31.9462,32.6161,0.6699
tiny,chip_135_472_merged.tif,0.6,1,1906378131,117,32.2732,32.2848,0.0116
tiny,chip_135_472_merged.tif,0.6,2,1525771500,117,31.0292,32.6122,1.5831
tiny,chip_135_472_merged.tif,0.6,3,1045825982,117,31.7031,32.6467,0.9436
tiny,chip_135_472_merged.tif,0.6,4,665219351,117,32.1353,32.6475,0.5121
tiny,chip_135_472_merged.tif,0.8,0,1903731453,156,31.5597,32.1758,0.6162
tiny,chip_135_472_merged.tif,0.8,1,1423785935,156,31.881,32.1942,0.3132
tiny,chip_135_472_merged.tif,0.8,2,1043179304,156,31.0344,32.2283,1.1938
tiny,chip_135_472_merged.tif,0.8,3,662572673,156,31.0254,31.9735,0.9481
tiny,chip_135_472_merged.tif,0.8,4,182627155,156,31.6991,32.2183,0.5192
tiny,chip_135_494_merged.tif,0.2,0,269950071,39,33.9849,36.2921,2.3073
tiny,chip_135_494_merged.tif,0.2,1,2036827088,39,35.6282,35.5262,-0.102
tiny,chip_135_494_merged.tif,0.2,2,1556881570,39,34.0155,35.6475,1.632
tiny,chip_135_494_merged.tif,0.2,3,1176274939,39,33.4279,35.3441,1.9162
tiny,chip_135_494_merged.tif,0.2,4,795668308,39,34.5093,34.5019,-0.0074
tiny,chip_135_494_merged.tif,0.4,0,109334738,78,34.3362,35.089,0.7528
tiny,chip_135_494_merged.tif,0.4,1,1876211755,78,33.5017,35.1241,1.6224
tiny,chip_135_494_merged.tif,0.4,2,1396266237,78,34.1062,35.0404,0.9341
tiny,chip_135_494_merged.tif,0.4,3,1015659606,78,33.501,34.661,1.16
tiny,chip_135_494_merged.tif,0.4,4,535714088,78,33.3909,35.8608,2.4699
tiny,chip_135_494_merged.tif,0.6,0,1513520179,117,34.0103,35.5342,1.5239
tiny,chip_135_494_merged.tif,0.6,1,1132913548,117,34.0805,35.0447,0.9642
tiny,chip_135_494_merged.tif,0.6,2,652968030,117,33.5191,34.0123,0.4931
tiny,chip_135_494_merged.tif,0.6,3,272361399,117,34.0251,34.8236,0.7984
tiny,chip_135_494_merged.tif,0.6,4,1939899529,117,33.4963,34.8948,1.3985
tiny,chip_135_494_merged.tif,0.8,0,1030927983,156,33.6507,34.2785,0.6278
tiny,chip_135_494_merged.tif,0.8,1,650321352,156,33.4379,34.5602,1.1223
tiny,chip_135_494_merged.tif,0.8,2,170375834,156,33.3554,34.6028,1.2474
tiny,chip_135_494_merged.tif,0.8,3,1937252851,156,33.709,34.3369,0.6279
tiny,chip_135_494_merged.tif,0.8,4,1556646220,156,33.7131,34.265,0.5519
tiny,chip_136_276_merged.tif,0.2,0,2030097690,39,31.2426,34.4963,3.2537
tiny,chip_136_276_merged.tif,0.2,1,1649491059,39,29.2025,36.5008,7.2982
tiny,chip_136_276_merged.tif,0.2,2,1169545541,39,34.1044,35.4259,1.3216
tiny,chip_136_276_merged.tif,0.2,3,788938910,39,29.1093,35.0268,5.9175
tiny,chip_136_276_merged.tif,0.2,4,308993392,39,35.1187,34.8838,-0.2349
tiny,chip_136_276_merged.tif,0.4,0,1869482357,78,30.0308,33.8422,3.8113
tiny,chip_136_276_merged.tif,0.4,1,1389536839,78,30.1209,33.8476,3.7267
tiny,chip_136_276_merged.tif,0.4,2,1008930208,78,31.0183,34.4764,3.4581
tiny,chip_136_276_merged.tif,0.4,3,528984690,78,30.0362,33.9986,3.9623
tiny,chip_136_276_merged.tif,0.4,4,148378059,78,30.5153,35.1579,4.6426
tiny,chip_136_276_merged.tif,0.6,0,1126184150,117,30.6626,33.2148,2.5523
tiny,chip_136_276_merged.tif,0.6,1,646238632,117,30.5842,33.022,2.4378
tiny,chip_136_276_merged.tif,0.6,2,265632001,117,30.2543,33.5658,3.3115
tiny,chip_136_276_merged.tif,0.6,3,1933170131,117,31.0707,33.8347,2.7639
tiny,chip_136_276_merged.tif,0.6,4,1552563500,117,29.7605,33.4153,3.6548
tiny,chip_136_276_merged.tif,0.8,0,643591954,156,30.2765,32.4065,2.13
tiny,chip_136_276_merged.tif,0.8,1,262985323,156,29.2408,31.3727,2.1319
tiny,chip_136_276_merged.tif,0.8,2,1930523453,156,30.2861,31.8693,1.5831
tiny,chip_136_276_merged.tif,0.8,3,1549916822,156,30.6716,31.7124,1.0408
tiny,chip_136_276_merged.tif,0.8,4,1069971304,156,28.3521,32.1208,3.7687
tiny,chip_136_435_merged.tif,0.2,0,812189494,39,32.577,32.0441,-0.533
tiny,chip_136_435_merged.tif,0.2,1,431582863,39,31.9995,31.9755,-0.024
tiny,chip_136_435_merged.tif,0.2,2,2099120993,39,30.1937,32.1782,1.9845
tiny,chip_136_435_merged.tif,0.2,3,1718514362,39,30.2403,32.7876,2.5473
tiny,chip_136_435_merged.tif,0.2,4,1337907731,39,31.3287,32.3622,1.0334
tiny,chip_136_435_merged.tif,0.4,0,651574161,78,30.6103,32.2266,1.6163
tiny,chip_136_435_merged.tif,0.4,1,270967530,78,29.7288,32.1814,2.4526
tiny,chip_136_435_merged.tif,0.4,2,1938505660,78,30.8321,31.9165,1.0844
tiny,chip_136_435_merged.tif,0.4,3,1557899029,78,31.9863,32.0813,0.0951
tiny,chip_136_435_merged.tif,0.4,4,1077953511,78,30.1085,32.176,2.0675
tiny,chip_136_435_merged.tif,0.6,0,2055759602,117,30.5115,32.2782,1.7666
tiny,chip_136_435_merged.tif,0.6,1,1675152971,117,30.02,32.0527,2.0327
tiny,chip_136_435_merged.tif,0.6,2,1195207453,117,29.9342,31.9104,1.9761
tiny,chip_136_435_merged.tif,0.6,3,814600822,117,30.0692,31.6356,1.5664
tiny,chip_136_435_merged.tif,0.6,4,334655304,117,30.1462,31.7859,1.6397
tiny,chip_136_435_merged.tif,0.8,0,1573167406,156,30.4223,30.9793,0.5569
tiny,chip_136_435_merged.tif,0.8,1,1192560775,156,30.1224,31.0818,0.9594
tiny,chip_136_435_merged.tif,0.8,2,712615257,156,29.4492,31.2054,1.7562
tiny,chip_136_435_merged.tif,0.8,3,332008626,156,30.4025,30.9734,0.5709
tiny,chip_136_435_merged.tif,0.8,4,2098885643,156,30.7121,31.0931,0.381
tiny,chip_136_471_merged.tif,0.2,0,1188884189,39,30.7577,32.3317,1.574
tiny,chip_136_471_merged.tif,0.2,1,808277558,39,30.3661,32.664,2.2979
tiny,chip_136_471_merged.tif,0.2,2,328332040,39,30.3227,32.508,2.1853
tiny,chip_136_471_merged.tif,0.2,3,2095209057,39,30.3663,31.9601,1.5937
tiny,chip_136_471_merged.tif,0.2,4,1615263539,39,31.5579,32.1884,0.6304
tiny,chip_136_471_merged.tif,0.4,0,1028268856,78,30.0422,31.8777,1.8355
tiny,chip_136_471_merged.tif,0.4,1,548323338,78,30.861,31.9293,1.0683
tiny,chip_136_471_merged.tif,0.4,2,167716707,78,30.7058,31.6453,0.9395
tiny,chip_136_471_merged.tif,0.4,3,1934593724,78,30.64,31.475,0.835
tiny,chip_136_471_merged.tif,0.4,4,1454648206,78,30.7058,32.3276,1.6218
tiny,chip_136_471_merged.tif,0.6,0,284970649,117,29.8211,31.0908,1.2697
tiny,chip_136_471_merged.tif,0.6,1,1952508779,117,30.0602,31.1892,1.129
tiny,chip_136_471_merged.tif,0.6,2,1571902148,117,30.5847,31.7546,1.1699
tiny,chip_136_471_merged.tif,0.6,3,1191295517,117,30.0026,31.5558,1.5531
tiny,chip_136_471_merged.tif,0.6,4,711349999,117,29.7119,31.5172,1.8053
tiny,chip_136_471_merged.tif,0.8,0,1949862101,156,29.6791,31.0352,1.3561
tiny,chip_136_471_merged.tif,0.8,1,1569255470,156,30.4853,31.1182,0.6329
tiny,chip_136_471_merged.tif,0.8,2,1089309952,156,30.4344,30.8821,0.4477
tiny,chip_136_471_merged.tif,0.8,3,708703321,156,30.4883,30.3866,-0.1017
tiny,chip_136_471_merged.tif,0.8,4,228757803,156,29.9763,31.0694,1.0931
tiny,chip_136_485_merged.tif,0.2,0,1750202833,39,35.9618,36.0982,0.1364
tiny,chip_136_485_merged.tif,0.2,1,1369596202,39,36.2165,36.5356,0.3191
tiny,chip_136_485_merged.tif,0.2,2,988989571,39,35.6536,36.9273,1.2738
tiny,chip_136_485_merged.tif,0.2,3,509044053,39,35.9625,36.6352,0.6728
tiny,chip_136_485_merged.tif,0.2,4,128437422,39,36.8675,37.4702,0.6027
tiny,chip_136_485_merged.tif,0.4,0,1589587500,78,35.8732,37.1563,1.2831
tiny,chip_136_485_merged.tif,0.4,1,1208980869,78,36.6191,36.2144,-0.4048
tiny,chip_136_485_merged.tif,0.4,2,729035351,78,34.7576,36.5076,1.7499
tiny,chip_136_485_merged.tif,0.4,3,348428720,78,35.442,36.6322,1.1903
tiny,chip_136_485_merged.tif,0.4,4,2015966850,78,36.0761,36.7955,0.7194
tiny,chip_136_485_merged.tif,0.6,0,846289293,117,35.834,36.5214,0.6874
tiny,chip_136_485_merged.tif,0.6,1,465682662,117,36.1255,36.0566,-0.0689
tiny,chip_136_485_merged.tif,0.6,2,2133220792,117,35.8633,36.2426,0.3794
tiny,chip_136_485_merged.tif,0.6,3,1752614161,117,35.4967,35.6069,0.1102
tiny,chip_136_485_merged.tif,0.6,4,1272668643,117,36.0472,35.0627,-0.9845
tiny,chip_136_485_merged.tif,0.8,0,363697097,156,35.6783,35.9687,0.2904
tiny,chip_136_485_merged.tif,0.8,1,2130574114,156,34.9649,35.7418,0.7769
tiny,chip_136_485_merged.tif,0.8,2,1749967483,156,35.6898,35.8889,0.1991
tiny,chip_136_485_merged.tif,0.8,3,1270021965,156,36.0687,36.0241,-0.0446
tiny,chip_136_485_merged.tif,0.8,4,889415334,156,35.6897,35.9699,0.2802
tiny,chip_136_495_merged.tif,0.2,0,1899349115,39,36.2481,37.2854,1.0373
tiny,chip_136_495_merged.tif,0.2,1,1419403597,39,36.6205,37.2646,0.6441
tiny,chip_136_495_merged.tif,0.2,2,1038796966,39,36.2487,37.3615,1.1127
tiny,chip_136_495_merged.tif,0.2,3,558851448,39,35.9579,36.2177,0.2598
tiny,chip_136_495_merged.tif,0.2,4,178244817,39,34.1273,37.5367,3.4094
tiny,chip_136_495_merged.tif,0.4,0,834074045,78,35.6426,37.1335,1.4909
tiny,chip_136_495_merged.tif,0.4,1,453467414,78,35.1615,37.3107,2.1491
tiny,chip_136_495_merged.tif,0.4,2,2121005544,78,35.186,36.9714,1.7854
tiny,chip_136_495_merged.tif,0.4,3,1740398913,78,35.1863,37.2495,2.0632
tiny,chip_136_495_merged.tif,0.4,4,1260453395,78,36.4703,35.7112,-0.759
tiny,chip_136_495_merged.tif,0.6,0,896096688,117,35.2472,35.9272,0.6801
tiny,chip_136_495_merged.tif,0.6,1,515490057,117,35.3723,36.2409,0.8686
tiny,chip_136_495_merged.tif,0.6,2,134883426,117,35.4649,36.0751,0.6102
tiny,chip_136_495_merged.tif,0.6,3,1802421556,117,35.4646,35.7703,0.3057
tiny,chip_136_495_merged.tif,0.6,4,1421814925,117,35.506,35.8937,0.3877
tiny,chip_136_495_merged.tif,0.8,0,512843379,156,35.4407,35.9153,0.4746
tiny,chip_136_495_merged.tif,0.8,1,32897861,156,35.632,36.1035,0.4715
tiny,chip_136_495_merged.tif,0.8,2,1799774878,156,35.4311,35.607,0.1758
tiny,chip_136_495_merged.tif,0.8,3,1319829360,156,35.4702,36.1006,0.6304
tiny,chip_136_495_merged.tif,0.8,4,939222729,156,35.4552,35.8157,0.3605
tiny,chip_137_275_merged.tif,0.2,0,980362535,39,32.7548,35.9674,3.2126
tiny,chip_137_275_merged.tif,0.2,1,500417017,39,35.2818,34.45,-0.8318
tiny,chip_137_275_merged.tif,0.2,2,119810386,39,35.2176,37.0068,1.7891
tiny,chip_137_275_merged.tif,0.2,3,1886687403,39,34.4854,36.0778,1.5924
tiny,chip_137_275_merged.tif,0.2,4,1406741885,39,34.3487,36.0735,1.7248
tiny,chip_137_275_merged.tif,0.4,0,2062571113,78,32.2031,37.5821,5.379
tiny,chip_137_275_merged.tif,0.4,1,1681964482,78,33.059,36.3275,3.2685
tiny,chip_137_275_merged.tif,0.4,2,1301357851,78,31.7146,37.2936,5.5789
tiny,chip_137_275_merged.tif,0.4,3,821412333,78,33.1258,36.3683,3.2425
tiny,chip_137_275_merged.tif,0.4,4,440805702,78,31.1768,36.7542,5.5774
tiny,chip_137_275_merged.tif,0.6,0,76448995,117,32.7645,34.973,2.2085
tiny,chip_137_275_merged.tif,0.6,1,1743987125,117,32.0936,34.6327,2.5391
tiny,chip_137_275_merged.tif,0.6,2,1363380494,117,31.3428,35.9533,4.6105
tiny,chip_137_275_merged.tif,0.6,3,883434976,117,32.0774,35.0241,2.9468
tiny,chip_137_275_merged.tif,0.6,4,502828345,117,32.3473,35.0337,2.6863
tiny,chip_137_275_merged.tif,0.8,0,1741340447,156,31.7531,34.0834,2.3304
tiny,chip_137_275_merged.tif,0.8,1,1261394929,156,32.1652,34.6076,2.4424
tiny,chip_137_275_merged.tif,0.8,2,880788298,156,30.4947,33.1931,2.6984
tiny,chip_137_275_merged.tif,0.8,3,500181667,156,30.48,34.1692,3.6892
tiny,chip_137_275_merged.tif,0.8,4,20236149,156,31.6534,33.6665,2.0131
tiny,chip_137_437_merged.tif,0.2,0,1191982272,39,31.2189,32.6881,1.4693
tiny,chip_137_437_merged.tif,0.2,1,712036754,39,31.6806,32.7863,1.1057
tiny,chip_137_437_merged.tif,0.2,2,331430123,39,32.1749,33.1505,0.9756
tiny,chip_137_437_merged.tif,0.2,3,1998968253,39,31.8647,32.6197,0.755
tiny,chip_137_437_merged.tif,0.2,4,1618361622,39,31.2722,32.6167,1.3445
tiny,chip_137_437_merged.tif,0.4,0,126707202,78,30.6752,32.7021,2.0269
tiny,chip_137_437_merged.tif,0.4,1,1893584219,78,31.0285,31.9421,0.9136
tiny,chip_137_437_merged.tif,0.4,2,1413638701,78,31.3896,31.9424,0.5529
tiny,chip_137_437_merged.tif,0.4,3,1033032070,78,29.9627,32.424,2.4612
tiny,chip_137_437_merged.tif,0.4,4,553086552,78,31.6017,32.3321,0.7304
tiny,chip_137_437_merged.tif,0.6,0,1530892643,117,29.8767,31.4479,1.5712
tiny,chip_137_437_merged.tif,0.6,1,1150286012,117,30.3426,31.6467,1.3041
tiny,chip_137_437_merged.tif,0.6,2,670340494,117,31.3565,31.5933,0.2368
tiny,chip_137_437_merged.tif,0.6,3,289733863,117,30.3745,32.0823,1.7079
tiny,chip_137_437_merged.tif,0.6,4,1957271993,117,30.8977,31.7,0.8023
tiny,chip_137_437_merged.tif,0.8,0,1048300447,156,31.3431,31.1409,-0.2022
tiny,chip_137_437_merged.tif,0.8,1,667693816,156,30.5718,31.0001,0.4284
tiny,chip_137_437_merged.tif,0.8,2,187748298,156,30.8058,30.7865,-0.0193
tiny,chip_137_437_merged.tif,0.8,3,1954625315,156,30.2935,30.7373,0.4437
tiny,chip_137_437_merged.tif,0.8,4,1574018684,156,30.8244,31.4682,0.6438
tiny,chip_138_426_merged.tif,0.2,0,1940761142,39,32.9544,34.3345,1.3802
tiny,chip_138_426_merged.tif,0.2,1,1560154511,39,33.1673,33.8874,0.7201
tiny,chip_138_426_merged.tif,0.2,2,1179547880,39,32.7828,33.9886,1.2058
tiny,chip_138_426_merged.tif,0.2,3,699602362,39,33.1018,34.471,1.3692
tiny,chip_138_426_merged.tif,0.2,4,318995731,39,33.1113,33.962,0.8507
tiny,chip_138_426_merged.tif,0.4,0,1780145809,78,32.9186,33.2926,0.374
tiny,chip_138_426_merged.tif,0.4,1,1399539178,78,33.1092,33.8513,0.7421
tiny,chip_138_426_merged.tif,0.4,2,919593660,78,31.8071,33.4675,1.6604
tiny,chip_138_426_merged.tif,0.4,3,538987029,78,32.4403,33.9287,1.4884
tiny,chip_138_426_merged.tif,0.4,4,158380398,78,31.7293,34.1853,2.456
tiny,chip_138_426_merged.tif,0.6,0,1036847602,117,31.9094,33.6165,1.7071
tiny,chip_138_426_merged.tif,0.6,1,656240971,117,32.1475,33.2871,1.1395
tiny,chip_138_426_merged.tif,0.6,2,176295453,117,31.9917,33.091,1.0993
tiny,chip_138_426_merged.tif,0.6,3,1943172470,117,31.8984,33.0953,1.1969
tiny,chip_138_426_merged.tif,0.6,4,1562565839,117,32.0808,33.5358,1.4549
tiny,chip_138_426_merged.tif,0.8,0,554255406,156,31.8797,32.556,0.6763
tiny,chip_138_426_merged.tif,0.8,1,173648775,156,31.8529,32.721,0.8681
tiny,chip_138_426_merged.tif,0.8,2,1940525792,156,31.8216,32.6909,0.8692
tiny,chip_138_426_merged.tif,0.8,3,1460580274,156,31.829,32.4547,0.6256
tiny,chip_138_426_merged.tif,0.8,4,1079973643,156,31.8957,32.7832,0.8875
tiny,chip_138_474_merged.tif,0.2,0,914739998,39,29.3776,31.3246,1.9469
tiny,chip_138_474_merged.tif,0.2,1,434794480,39,28.5827,31.236,2.6533
tiny,chip_138_474_merged.tif,0.2,2,54187849,39,29.3789,30.0933,0.7144
tiny,chip_138_474_merged.tif,0.2,3,1821064866,39,28.4861,31.8884,3.4023
tiny,chip_138_474_merged.tif,0.2,4,1341119348,39,29.5268,31.3732,1.8464
tiny,chip_138_474_merged.tif,0.4,0,754124665,78,28.6266,30.1489,1.5223
tiny,chip_138_474_merged.tif,0.4,1,274179147,78,27.389,30.719,3.3301
tiny,chip_138_474_merged.tif,0.4,2,2041056164,78,27.7448,30.2246,2.4798
tiny,chip_138_474_merged.tif,0.4,3,1561110646,78,29.3977,30.9146,1.5168
tiny,chip_138_474_merged.tif,0.4,4,1180504015,78,28.2015,30.4063,2.2048
tiny,chip_138_474_merged.tif,0.6,0,10826458,117,28.1806,29.9299,1.7494
tiny,chip_138_474_merged.tif,0.6,1,1678364588,117,28.2093,29.3462,1.1369
tiny,chip_138_474_merged.tif,0.6,2,1297757957,117,27.6369,29.6863,2.0494
tiny,chip_138_474_merged.tif,0.6,3,817812439,117,28.4273,30.0655,1.6382
tiny,chip_138_474_merged.tif,0.6,4,437205808,117,28.0244,29.6367,1.6123
tiny,chip_138_474_merged.tif,0.8,0,1675717910,156,28.111,29.3779,1.2669
tiny,chip_138_474_merged.tif,0.8,1,1195772392,156,28.0645,29.3167,1.2522
tiny,chip_138_474_merged.tif,0.8,2,815165761,156,28.1044,29.0049,0.9005
tiny,chip_138_474_merged.tif,0.8,3,434559130,156,28.1147,29.1818,1.0671
tiny,chip_138_474_merged.tif,0.8,4,2102097260,156,27.7721,29.0825,1.3104
tiny,chip_138_494_merged.tif,0.2,0,36559005,39,34.718,35.306,0.588
tiny,chip_138_494_merged.tif,0.2,1,1704097135,39,34.3703,35.8179,1.4476
tiny,chip_138_494_merged.tif,0.2,2,1323490504,39,33.3414,36.1323,2.7909
tiny,chip_138_494_merged.tif,0.2,3,843544986,39,33.7736,35.6792,1.9056
tiny,chip_138_494_merged.tif,0.2,4,462938355,39,34.0386,36.0731,2.0345
tiny,chip_138_494_merged.tif,0.4,0,1924088433,78,33.4997,34.5384,1.0387
tiny,chip_138_494_merged.tif,0.4,1,1543481802,78,33.4998,34.9754,1.4757
tiny,chip_138_494_merged.tif,0.4,2,1162875171,78,33.866,35.448,1.582
tiny,chip_138_494_merged.tif,0.4,3,682929653,78,33.0033,35.3068,2.3035
tiny,chip_138_494_merged.tif,0.4,4,302323022,78,32.9282,35.3593,2.4311
tiny,chip_138_494_merged.tif,0.6,0,1180790226,117,32.8584,34.9645,2.1061
tiny,chip_138_494_merged.tif,0.6,1,800183595,117,33.8308,35.2085,1.3777
tiny,chip_138_494_merged.tif,0.6,2,419576964,117,33.2031,34.9524,1.7492
tiny,chip_138_494_merged.tif,0.6,3,2087115094,117,32.9145,35.1107,2.1962
tiny,chip_138_494_merged.tif,0.6,4,1706508463,117,33.4057,34.3175,0.9118
tiny,chip_138_494_merged.tif,0.8,0,797536917,156,32.6125,32.5051,-0.1075
tiny,chip_138_494_merged.tif,0.8,1,317591399,156,31.1191,33.72,2.6009
tiny,chip_138_494_merged.tif,0.8,2,2084468416,156,32.9603,33.582,0.6217
tiny,chip_138_494_merged.tif,0.8,3,1604522898,156,31.7251,34.0067,2.2816
tiny,chip_138_494_merged.tif,0.8,4,1223916267,156,32.8172,34.1432,1.3261
tiny,chip_138_495_merged.tif,0.2,0,181774893,39,34.1674,36.1617,1.9943
tiny,chip_138_495_merged.tif,0.2,1,1948651910,39,35.9443,35.5553,-0.389
tiny,chip_138_495_merged.tif,0.2,2,1468706392,39,34.1683,35.6734,1.5051
tiny,chip_138_495_merged.tif,0.2,3,1088099761,39,35.9348,36.252,0.3173
tiny,chip_138_495_merged.tif,0.2,4,608154243,39,36.3228,37.0534,0.7306
tiny,chip_138_495_merged.tif,0.4,0,21159560,78,35.3464,35.516,0.1696
tiny,chip_138_495_merged.tif,0.4,1,1688697690,78,35.646,36.168,0.5219
tiny,chip_138_495_merged.tif,0.4,2,1308091059,78,35.4455,36.2295,0.784
tiny,chip_138_495_merged.tif,0.4,3,927484428,78,35.8775,36.3297,0.4522
tiny,chip_138_495_merged.tif,0.4,4,447538910,78,35.4546,36.0917,0.6371
tiny,chip_138_495_merged.tif,0.6,0,1425345001,117,35.047,35.755,0.708
tiny,chip_138_495_merged.tif,0.6,1,945399483,117,35.4765,35.8655,0.389
tiny,chip_138_495_merged.tif,0.6,2,564792852,117,35.4226,35.8326,0.4099
tiny,chip_138_495_merged.tif,0.6,3,184186221,117,35.4146,35.4179,0.0033
tiny,chip_138_495_merged.tif,0.6,4,1851724351,117,34.7517,35.9477,1.196
tiny,chip_138_495_merged.tif,0.8,0,942752805,156,35.4219,35.2848,-0.1371
tiny,chip_138_495_merged.tif,0.8,1,562146174,156,35.3841,35.4926,0.1085
tiny,chip_138_495_merged.tif,0.8,2,82200656,156,34.9013,35.3156,0.4143
tiny,chip_138_495_merged.tif,0.8,3,1849077673,156,35.4373,35.5738,0.1365
tiny,chip_138_495_merged.tif,0.8,4,1369132155,156,35.2191,35.4248,0.2057
tiny,chip_139_390_merged.tif,0.2,0,107645767,39,33.4688,37.3757,3.9069
tiny,chip_139_390_merged.tif,0.2,1,1775183897,39,35.2942,36.382,1.0878
tiny,chip_139_390_merged.tif,0.2,2,1394577266,39,34.977,35.7436,0.7667
tiny,chip_139_390_merged.tif,0.2,3,1013970635,39,35.8025,34.2481,-1.5544
tiny,chip_139_390_merged.tif,0.2,4,534025117,39,37.4472,36.2733,-1.1739
tiny,chip_139_390_merged.tif,0.4,0,2094514082,78,36.4861,35.2186,-1.2675
tiny,chip_139_390_merged.tif,0.4,1,1614568564,78,35.1934,34.8922,-0.3012
tiny,chip_139_390_merged.tif,0.4,2,1233961933,78,34.7139,37.3355,2.6216
tiny,chip_139_390_merged.tif,0.4,3,754016415,78,34.7129,35.2423,0.5294
tiny,chip_139_390_merged.tif,0.4,4,373409784,78,35.5801,35.3207,-0.2594
tiny,chip_139_390_merged.tif,0.6,0,1351215875,117,34.9018,35.4877,0.5859
tiny,chip_139_390_merged.tif,0.6,1,871270357,117,34.9049,36.4824,1.5774
tiny,chip_139_390_merged.tif,0.6,2,490663726,117,35.9866,35.3104,-0.6762
tiny,chip_139_390_merged.tif,0.6,3,10718208,117,35.0179,35.7182,0.7003
tiny,chip_139_390_merged.tif,0.6,4,1777595225,117,35.0238,36.282,1.2581
tiny,chip_139_390_merged.tif,0.8,0,868623679,156,34.5564,35.6594,1.103
tiny,chip_139_390_merged.tif,0.8,1,388678161,156,34.9532,35.4052,0.452
tiny,chip_139_390_merged.tif,0.8,2,8071530,156,34.5693,35.4756,0.9063
tiny,chip_139_390_merged.tif,0.8,3,1774948547,156,34.5742,35.3481,0.7739
tiny,chip_139_390_merged.tif,0.8,4,1295003029,156,34.9588,35.3899,0.4311
tiny,chip_139_473_merged.tif,0.2,0,1717611271,39,28.7497,32.3492,3.5994
tiny,chip_139_473_merged.tif,0.2,1,1237665753,39,31.0148,33.5014,2.4867
tiny,chip_139_473_merged.tif,0.2,2,857059122,39,30.5686,33.9742,3.4056
tiny,chip_139_473_merged.tif,0.2,3,377113604,39,31.7143,34.2472,2.5329
tiny,chip_139_473_merged.tif,0.2,4,2143990621,39,30.3373,33.8335,3.4962
tiny,chip_139_473_merged.tif,0.4,0,1457657051,78,30.7431,32.6267,1.8836
tiny,chip_139_473_merged.tif,0.4,1,1077050420,78,31.2625,32.3209,1.0584
tiny,chip_139_473_merged.tif,0.4,2,696443789,78,30.071,32.7415,2.6705
tiny,chip_139_473_merged.tif,0.4,3,216498271,78,30.6063,32.0975,1.4912
tiny,chip_139_473_merged.tif,0.4,4,1983375288,78,30.071,32.6234,2.5525
tiny,chip_139_473_merged.tif,0.6,0,714358844,117,30.1877,30.958,0.7704
tiny,chip_139_473_merged.tif,0.6,1,333752213,117,30.6783,31.1139,0.4357
tiny,chip_139_473_merged.tif,0.6,2,2100629230,117,30.3195,32.1312,1.8117
tiny,chip_139_473_merged.tif,0.6,3,1620683712,117,30.9223,31.9552,1.0329
tiny,chip_139_473_merged.tif,0.6,4,1240077081,117,30.3097,32.0822,1.7725
tiny,chip_139_473_merged.tif,0.8,0,331105535,156,28.5079,30.1443,1.6364
tiny,chip_139_473_merged.tif,0.8,1,1998643665,156,28.5189,30.8271,2.3082
tiny,chip_139_473_merged.tif,0.8,2,1618037034,156,30.09,30.5809,0.4909
tiny,chip_139_473_merged.tif,0.8,3,1138091516,156,29.7837,30.1088,0.3252
tiny,chip_139_473_merged.tif,0.8,4,757484885,156,30.048,31.2619,1.2139
tiny,chip_139_488_merged.tif,0.2,0,1399570629,39,36.7156,36.1872,-0.5283
tiny,chip_139_488_merged.tif,0.2,1,1018963998,39,35.8036,35.9809,0.1773
tiny,chip_139_488_merged.tif,0.2,2,638357367,39,37.0476,36.7841,-0.2635
tiny,chip_139_488_merged.tif,0.2,3,158411849,39,36.7159,36.1315,-0.5843
tiny,chip_139_488_merged.tif,0.2,4,1925288866,39,36.7744,35.2536,-1.5208
tiny,chip_139_488_merged.tif,0.4,0,1238955296,78,37.0509,36.2434,-0.8074
tiny,chip_139_488_merged.tif,0.4,1,858348665,78,36.3417,36.3987,0.0569
tiny,chip_139_488_merged.tif,0.4,2,378403147,78,37.1518,36.2142,-0.9376
tiny,chip_139_488_merged.tif,0.4,3,2145280164,78,36.3253,36.3527,0.0273
tiny,chip_139_488_merged.tif,0.4,4,1665334646,78,36.8492,35.7387,-1.1105
tiny,chip_139_488_merged.tif,0.6,0,495657089,117,36.5371,36.144,-0.3932
tiny,chip_139_488_merged.tif,0.6,1,115050458,117,36.242,35.9069,-0.3351
tiny,chip_139_488_merged.tif,0.6,2,1782588588,117,35.3578,36.4339,1.0761
tiny,chip_139_488_merged.tif,0.6,3,1401981957,117,35.327,35.8829,0.5558
tiny,chip_139_488_merged.tif,0.6,4,922036439,117,36.4926,36.7163,0.2237
tiny,chip_139_488_merged.tif,0.8,0,13064893,156,35.5823,35.8898,0.3076
tiny,chip_139_488_merged.tif,0.8,1,1779941910,156,36.3718,36.1305,-0.2413
tiny,chip_139_488_merged.tif,0.8,2,1399335279,156,36.3526,36.2462,-0.1064
tiny,chip_139_488_merged.tif,0.8,3,919389761,156,36.1676,35.709,-0.4586
tiny,chip_139_488_merged.tif,0.8,4,538783130,156,35.4647,35.4963,0.0316
tiny,chip_139_491_merged.tif,0.2,0,630064370,39,35.6489,36.9879,1.339
tiny,chip_139_491_merged.tif,0.2,1,150118852,39,36.4974,36.4927,-0.0047
tiny,chip_139_491_merged.tif,0.2,2,1916995869,39,35.9813,36.75,0.7687
tiny,chip_139_491_merged.tif,0.2,3,1536389238,39,36.5665,36.9618,0.3953
tiny,chip_139_491_merged.tif,0.2,4,1056443720,39,36.7334,37.1083,0.3749
tiny,chip_139_491_merged.tif,0.4,0,1712272948,78,35.4483,36.506,1.0578
tiny,chip_139_491_merged.tif,0.4,1,1331666317,78,35.6768,36.5053,0.8284
tiny,chip_139_491_merged.tif,0.4,2,951059686,78,35.0016,36.7033,1.7016
tiny,chip_139_491_merged.tif,0.4,3,471114168,78,35.6915,36.598,0.9065
tiny,chip_139_491_merged.tif,0.4,4,90507537,78,35.5978,35.8754,0.2776
tiny,chip_139_491_merged.tif,0.6,0,1873634478,117,35.0117,36.4392,1.4275
tiny,chip_139_491_merged.tif,0.6,1,1393688960,117,35.1999,36.3414,1.1415
tiny,chip_139_491_merged.tif,0.6,2,1013082329,117,35.3296,36.3866,1.057
tiny,chip_139_491_merged.tif,0.6,3,533136811,117,34.2273,36.4471,2.2198
tiny,chip_139_491_merged.tif,0.6,4,152530180,117,34.0438,35.9118,1.868
tiny,chip_139_491_merged.tif,0.8,0,1391042282,156,35.2395,35.254,0.0146
tiny,chip_139_491_merged.tif,0.8,1,911096764,156,33.9398,35.1221,1.1823
tiny,chip_139_491_merged.tif,0.8,2,530490133,156,33.8362,35.7428,1.9066
tiny,chip_139_491_merged.tif,0.8,3,149883502,156,33.8835,35.1626,1.2791
tiny,chip_139_491_merged.tif,0.8,4,1817421632,156,35.2386,35.475,0.2365
tiny,chip_140_470_merged.tif,0.2,0,196159430,39,31.5222,33.4474,1.9252
tiny,chip_140_470_merged.tif,0.2,1,1963036447,39,30.6666,32.4842,1.8176
tiny,chip_140_470_merged.tif,0.2,2,1483090929,39,30.1814,33.5015,3.3201
tiny,chip_140_470_merged.tif,0.2,3,1102484298,39,31.5152,33.1089,1.5937
tiny,chip_140_470_merged.tif,0.2,4,622538780,39,30.7784,33.0432,2.2648
tiny,chip_140_470_merged.tif,0.4,0,35544097,78,30.9288,32.0844,1.1556
tiny,chip_140_470_merged.tif,0.4,1,1703082227,78,30.0864,32.4553,2.3689
tiny,chip_140_470_merged.tif,0.4,2,1322475596,78,30.7203,32.553,1.8328
tiny,chip_140_470_merged.tif,0.4,3,941868965,78,31.6182,32.9433,1.3252
tiny,chip_140_470_merged.tif,0.4,4,461923447,78,30.6551,32.1501,1.495
tiny,chip_140_470_merged.tif,0.6,0,1439729538,117,30.7552,32.5758,1.8206
tiny,chip_140_470_merged.tif,0.6,1,1059122907,117,31.2637,31.9777,0.7139
tiny,chip_140_470_merged.tif,0.6,2,579177389,117,30.5936,32.3369,1.7433
tiny,chip_140_470_merged.tif,0.6,3,198570758,117,30.5873,31.3173,0.7299
tiny,chip_140_470_merged.tif,0.6,4,1866108888,117,30.613,31.6571,1.0441
tiny,chip_140_470_merged.tif,0.8,0,957137342,156,30.4014,31.0767,0.6753
tiny,chip_140_470_merged.tif,0.8,1,576530711,156,30.036,30.9529,0.9169
tiny,chip_140_470_merged.tif,0.8,2,96585193,156,30.0072,30.8309,0.8237
tiny,chip_140_470_merged.tif,0.8,3,1863462210,156,30.3905,30.9945,0.604
tiny,chip_140_470_merged.tif,0.8,4,1383516692,156,30.732,31.3883,0.6563
tiny,chip_141_475_merged.tif,0.2,0,1621939538,39,37.5254,36.7038,-0.8216
tiny,chip_141_475_merged.tif,0.2,1,1141994020,39,36.0622,37.2303,1.1681
tiny,chip_141_475_merged.tif,0.2,2,761387389,39,35.9351,35.1986,-0.7365
tiny,chip_141_475_merged.tif,0.2,3,380780758,39,36.0012,36.3477,0.3465
tiny,chip_141_475_merged.tif,0.2,4,2048318888,39,34.8878,36.1415,1.2537
tiny,chip_141_475_merged.tif,0.4,0,1461324205,78,36.4306,36.6225,0.1919
tiny,chip_141_475_merged.tif,0.4,1,981378687,78,35.2405,36.6171,1.3765
tiny,chip_141_475_merged.tif,0.4,2,600772056,78,36.0484,36.2623,0.2139
tiny,chip_141_475_merged.tif,0.4,3,120826538,78,35.5984,36.1711,0.5727
tiny,chip_141_475_merged.tif,0.4,4,1887703555,78,37.2769,36.6052,-0.6716
tiny,chip_141_475_merged.tif,0.6,0,718025998,117,36.1352,36.754,0.6188
tiny,chip_141_475_merged.tif,0.6,1,238080480,117,35.3998,36.1714,0.7716
tiny,chip_141_475_merged.tif,0.6,2,2004957497,117,35.7279,36.3881,0.6602
tiny,chip_141_475_merged.tif,0.6,3,1525011979,117,35.3964,36.1589,0.7625
tiny,chip_141_475_merged.tif,0.6,4,1144405348,117,35.1133,36.5964,1.4831
tiny,chip_141_475_merged.tif,0.8,0,235433802,156,35.6797,36.1301,0.4504
tiny,chip_141_475_merged.tif,0.8,1,1902971932,156,36.1233,36.3193,0.1959
tiny,chip_141_475_merged.tif,0.8,2,1522365301,156,35.7035,36.2331,0.5295
tiny,chip_141_475_merged.tif,0.8,3,1141758670,156,35.3533,36.0025,0.6492
tiny,chip_141_475_merged.tif,0.8,4,661813152,156,35.3832,36.0778,0.6946
tiny,chip_141_484_merged.tif,0.2,0,404000576,39,36.5453,37.5826,1.0373
tiny,chip_141_484_merged.tif,0.2,1,2071538706,39,34.6446,35.9823,1.3377
tiny,chip_141_484_merged.tif,0.2,2,1690932075,39,35.128,37.1488,2.0208
tiny,chip_141_484_merged.tif,0.2,3,1210986557,39,35.9784,37.2563,1.2779
tiny,chip_141_484_merged.tif,0.2,4,830379926,39,37.4896,37.387,-0.1027
tiny,chip_141_484_merged.tif,0.4,0,144046356,78,36.6825,36.8536,0.1711
tiny,chip_141_484_merged.tif,0.4,1,1910923373,78,34.9457,36.9225,1.9768
tiny,chip_141_484_merged.tif,0.4,2,1530316742,78,34.9456,37.2628,2.3171
tiny,chip_141_484_merged.tif,0.4,3,1050371224,78,36.2457,37.2778,1.0321
tiny,chip_141_484_merged.tif,0.4,4,669764593,78,35.9629,36.9016,0.9387
tiny,chip_141_484_merged.tif,0.6,0,1647570684,117,35.8905,36.7153,0.8248
tiny,chip_141_484_merged.tif,0.6,1,1167625166,117,36.3491,36.9005,0.5515
tiny,chip_141_484_merged.tif,0.6,2,787018535,117,35.8594,36.6819,0.8225
tiny,chip_141_484_merged.tif,0.6,3,307073017,117,36.0647,36.8612,0.7965
tiny,chip_141_484_merged.tif,0.6,4,2073950034,117,34.7658,37.0725,2.3068
tiny,chip_141_484_merged.tif,0.8,0,1164978488,156,35.4003,36.1476,0.7473
tiny,chip_141_484_merged.tif,0.8,1,685032970,156,35.4206,36.2716,0.851
tiny,chip_141_484_merged.tif,0.8,2,304426339,156,34.0941,36.2722,2.1782
tiny,chip_141_484_merged.tif,0.8,3,1971964469,156,32.6164,36.1628,3.5464
tiny,chip_141_484_merged.tif,0.8,4,1591357838,156,32.6154,36.5103,3.8949
tiny,chip_141_491_merged.tif,0.2,0,1241841618,39,34.2408,35.4853,1.2445
tiny,chip_141_491_merged.tif,0.2,1,861234987,39,35.2382,36.7156,1.4774
tiny,chip_141_491_merged.tif,0.2,2,381289469,39,35.2996,35.1282,-0.1715
tiny,chip_141_491_merged.tif,0.2,3,682838,39,33.5821,36.4004,2.8183
tiny,chip_141_491_merged.tif,0.2,4,1767559855,39,34.3306,36.8338,2.5032
tiny,chip_141_491_merged.tif,0.4,0,1081226285,78,34.0499,35.8765,1.8266
tiny,chip_141_491_merged.tif,0.4,1,700619654,78,34.8158,35.8452,1.0294
tiny,chip_141_491_merged.tif,0.4,2,220674136,78,34.3075,36.3405,2.033
tiny,chip_141_491_merged.tif,0.4,3,1987551153,78,34.6619,35.1828,0.5209
tiny,chip_141_491_merged.tif,0.4,4,1507605635,78,34.2297,36.2055,1.9759
tiny,chip_141_491_merged.tif,0.6,0,337928078,117,34.5308,35.571,1.0402
tiny,chip_141_491_merged.tif,0.6,1,2104805095,117,34.1829,35.533,1.35
tiny,chip_141_491_merged.tif,0.6,2,1624859577,117,34.3488,35.9701,1.6213
tiny,chip_141_491_merged.tif,0.6,3,1244252946,117,34.481,35.1565,0.6755
tiny,chip_141_491_merged.tif,0.6,4,764307428,117,34.1828,35.3134,1.1306
tiny,chip_141_491_merged.tif,0.8,0,2002819530,156,34.1917,35.2808,1.0891
tiny,chip_141_491_merged.tif,0.8,1,1622212899,156,34.0874,35.1883,1.1009
tiny,chip_141_491_merged.tif,0.8,2,1142267381,156,34.1919,35.1398,0.9479
tiny,chip_141_491_merged.tif,0.8,3,761660750,156,34.1657,35.3612,1.1955
tiny,chip_141_491_merged.tif,0.8,4,381054119,156,34.1717,34.7034,0.5317
tiny,chip_141_493_merged.tif,0.2,0,1597398037,39,36.29,35.9607,-0.3293
tiny,chip_141_493_merged.tif,0.2,1,1216791406,39,34.6842,36.6126,1.9284
tiny,chip_141_493_merged.tif,0.2,2,736845888,39,34.6296,36.1546,1.525
tiny,chip_141_493_merged.tif,0.2,3,356239257,39,35.2749,35.4368,0.1618
tiny,chip_141_493_merged.tif,0.2,4,2023777387,39,35.1735,35.9841,0.8106
tiny,chip_141_493_merged.tif,0.4,0,1436782704,78,35.0357,36.1991,1.1634
tiny,chip_141_493_merged.tif,0.4,1,1056176073,78,35.8679,36.052,0.184
tiny,chip_141_493_merged.tif,0.4,2,576230555,78,34.631,36.4577,1.8267
tiny,chip_141_493_merged.tif,0.4,3,195623924,78,35.0352,35.8608,0.8257
tiny,chip_141_493_merged.tif,0.4,4,1863162054,78,36.3804,35.9776,-0.4028
tiny,chip_141_493_merged.tif,0.6,0,693484497,117,35.0045,35.9364,0.9319
tiny,chip_141_493_merged.tif,0.6,1,312877866,117,35.7658,35.8617,0.0959
tiny,chip_141_493_merged.tif,0.6,2,1980415996,117,34.8523,35.7603,0.908
tiny,chip_141_493_merged.tif,0.6,3,1599809365,117,35.3183,35.9001,0.5817
tiny,chip_141_493_merged.tif,0.6,4,1119863847,117,35.7374,35.9204,0.183
tiny,chip_141_493_merged.tif,0.8,0,210892301,156,34.7449,35.6709,0.9261
tiny,chip_141_493_merged.tif,0.8,1,1977769318,156,35.3355,35.6023,0.2667
tiny,chip_141_493_merged.tif,0.8,2,1497823800,156,35.1472,35.3687,0.2215
tiny,chip_141_493_merged.tif,0.8,3,1117217169,156,35.3344,35.8166,0.4822
tiny,chip_141_493_merged.tif,0.8,4,637271651,156,35.0504,35.665,0.6145
tiny,chip_142_427_merged.tif,0.2,0,269653944,39,30.9238,32.5896,1.6658
tiny,chip_142_427_merged.tif,0.2,1,1937192074,39,29.2451,32.7792,3.5341
tiny,chip_142_427_merged.tif,0.2,2,1556585443,39,31.1087,33.2014,2.0927
tiny,chip_142_427_merged.tif,0.2,3,1076639925,39,30.8239,32.3558,1.5319
tiny,chip_142_427_merged.tif,0.2,4,696033294,39,30.9251,32.6195,1.6944
tiny,chip_142_427_merged.tif,0.4,0,9699724,78,31.5306,31.1399,-0.3906
tiny,chip_142_427_merged.tif,0.4,1,1776576741,78,31.459,32.5193,1.0604
tiny,chip_142_427_merged.tif,0.4,2,1296631223,78,31.5298,32.5542,1.0245
tiny,chip_142_427_merged.tif,0.4,3,916024592,78,28.2401,32.5455,4.3054
tiny,chip_142_427_merged.tif,0.4,4,535417961,78,30.779,31.9525,1.1735
tiny,chip_142_427_merged.tif,0.6,0,1413885165,117,29.1532,31.4715,2.3183
tiny,chip_142_427_merged.tif,0.6,1,1033278534,117,29.3914,31.6566,2.2652
tiny,chip_142_427_merged.tif,0.6,2,652671903,117,30.8561,31.355,0.4989
tiny,chip_142_427_merged.tif,0.6,3,172726385,117,28.143,31.8403,3.6973
tiny,chip_142_427_merged.tif,0.6,4,1939603402,117,30.8725,31.7327,0.8601
tiny,chip_142_427_merged.tif,0.8,0,1030631856,156,30.0408,30.2572,0.2165
tiny,chip_142_427_merged.tif,0.8,1,550686338,156,29.3766,30.2335,0.857
tiny,chip_142_427_merged.tif,0.8,2,170079707,156,30.0349,30.5342,0.4993
tiny,chip_142_427_merged.tif,0.8,3,1837617837,156,30.0367,30.1111,0.0744
tiny,chip_142_427_merged.tif,0.8,4,1457011206,156,28.987,31.2125,2.2255
tiny,chip_142_497_merged.tif,0.2,0,829630356,39,34.5435,34.9938,0.4503
tiny,chip_142_497_merged.tif,0.2,1,449023725,39,34.543,34.8792,0.3363
tiny,chip_142_497_merged.tif,0.2,2,68417094,39,34.2284,35.5586,1.3302
tiny,chip_142_497_merged.tif,0.2,3,1735955224,39,35.8495,34.0052,-1.8443
tiny,chip_142_497_merged.tif,0.2,4,1355348593,39,37.2603,37.3606,0.1003
tiny,chip_142_497_merged.tif,0.4,0,669015023,78,34.0502,36.8262,2.776
tiny,chip_142_497_merged.tif,0.4,1,288408392,78,37.2758,35.4362,-1.8395
tiny,chip_142_497_merged.tif,0.4,2,1955946522,78,36.0702,36.0004,-0.0698
tiny,chip_142_497_merged.tif,0.4,3,1575339891,78,35.2952,35.3409,0.0456
tiny,chip_142_497_merged.tif,0.4,4,1194733260,78,35.1651,36.8506,1.6855
tiny,chip_142_497_merged.tif,0.6,0,2073200464,117,34.0974,35.5288,1.4314
tiny,chip_142_497_merged.tif,0.6,1,1692593833,117,33.5334,35.2837,1.7503
tiny,chip_142_497_merged.tif,0.6,2,1212648315,117,33.8341,35.8471,2.013
tiny,chip_142_497_merged.tif,0.6,3,832041684,117,34.0152,35.4437,1.4285
tiny,chip_142_497_merged.tif,0.6,4,451435053,117,34.0957,34.8696,0.7739
tiny,chip_142_497_merged.tif,0.8,0,1590608268,156,34.3099,35.5643,1.2544
tiny,chip_142_497_merged.tif,0.8,1,1210001637,156,34.7696,36.0172,1.2476
tiny,chip_142_497_merged.tif,0.8,2,829395006,156,34.4038,34.577,0.1732
tiny,chip_142_497_merged.tif,0.8,3,349449488,156,34.4426,34.7433,0.3007
tiny,chip_142_497_merged.tif,0.8,4,2116326505,156,34.7744,35.3249,0.5505
tiny,chip_142_498_merged.tif,0.2,0,1929623412,39,32.7095,34.2534,1.5439
tiny,chip_142_498_merged.tif,0.2,1,1449677894,39,32.6686,33.6003,0.9316
tiny,chip_142_498_merged.tif,0.2,2,1069071263,39,30.8146,33.0326,2.218
tiny,chip_142_498_merged.tif,0.2,3,589125745,39,33.2995,33.0842,-0.2153
tiny,chip_142_498_merged.tif,0.2,4,208519114,39,32.7074,33.5353,0.8279
tiny,chip_142_498_merged.tif,0.4,0,1669669192,78,30.3236,32.3039,1.9803
tiny,chip_142_498_merged.tif,0.4,1,1289062561,78,30.3247,32.8277,2.5029
tiny,chip_142_498_merged.tif,0.4,2,809117043,78,31.6671,32.7444,1.0773
tiny,chip_142_498_merged.tif,0.4,3,428510412,78,31.0425,32.8398,1.7973
tiny,chip_142_498_merged.tif,0.4,4,47903781,78,31.158,32.5074,1.3494
tiny,chip_142_498_merged.tif,0.6,0,1779309848,117,30.364,32.7461,2.3821
tiny,chip_142_498_merged.tif,0.6,1,1398703217,117,30.5789,32.1205,1.5416
tiny,chip_142_498_merged.tif,0.6,2,918757699,117,30.4473,32.692,2.2447
tiny,chip_142_498_merged.tif,0.6,3,538151068,117,30.5598,32.6626,2.1029
tiny,chip_142_498_merged.tif,0.6,4,58205550,117,30.5916,32.5564,1.9648
tiny,chip_142_498_merged.tif,0.8,0,543117676,156,30.569,31.2654,0.6963
tiny,chip_142_498_merged.tif,0.8,1,63172158,156,30.8016,31.7602,0.9586
tiny,chip_142_498_merged.tif,0.8,2,1830049175,156,30.7088,32.043,1.3342
tiny,chip_142_498_merged.tif,0.8,3,1350103657,156,30.7994,31.6306,0.8312
tiny,chip_142_498_merged.tif,0.8,4,969497026,156,30.6677,31.9444,1.2767
tiny,chip_143_489_merged.tif,0.2,0,683610899,39,32.9094,34.4158,1.5064
tiny,chip_143_489_merged.tif,0.2,1,203665381,39,33.8316,35.1883,1.3567
tiny,chip_143_489_merged.tif,0.2,2,1970542398,39,34.837,34.8189,-0.0181
tiny,chip_143_489_merged.tif,0.2,3,1490596880,39,32.9937,35.3496,2.3558
tiny,chip_143_489_merged.tif,0.2,4,1109990249,39,32.334,34.8484,2.5144
tiny,chip_143_489_merged.tif,0.4,0,423656679,78,33.0563,34.8123,1.756
tiny,chip_143_489_merged.tif,0.4,1,43050048,78,32.7772,34.1623,1.3851
tiny,chip_143_489_merged.tif,0.4,2,1710588178,78,33.0266,34.4737,1.4471
tiny,chip_143_489_merged.tif,0.4,3,1329981547,78,33.3242,34.59,1.2658
tiny,chip_143_489_merged.tif,0.4,4,949374916,78,33.3955,33.9067,0.5112
tiny,chip_143_489_merged.tif,0.6,0,1827842120,117,32.845,33.9617,1.1166
tiny,chip_143_489_merged.tif,0.6,1,1447235489,117,33.0622,33.4793,0.4172
tiny,chip_143_489_merged.tif,0.6,2,1066628858,117,32.969,33.6333,0.6643
tiny,chip_143_489_merged.tif,0.6,3,586683340,117,32.9977,34.2276,1.23
tiny,chip_143_489_merged.tif,0.6,4,206076709,117,32.8863,33.2354,0.3491
tiny,chip_143_489_merged.tif,0.8,0,1444588811,156,32.8093,33.8119,1.0026
tiny,chip_143_489_merged.tif,0.8,1,964643293,156,32.8249,33.3127,0.4878
tiny,chip_143_489_merged.tif,0.8,2,584036662,156,32.8114,33.317,0.5056
tiny,chip_143_489_merged.tif,0.8,3,104091144,156,32.2098,33.2727,1.0629
tiny,chip_143_489_merged.tif,0.8,4,1870968161,156,32.8109,33.2017,0.3908
tiny,chip_144_472_merged.tif,0.2,0,904808594,39,30.7584,33.565,2.8066
tiny,chip_144_472_merged.tif,0.2,1,424863076,39,30.9266,33.2671,2.3405
tiny,chip_144_472_merged.tif,0.2,2,44256445,39,30.76,32.688,1.928
tiny,chip_144_472_merged.tif,0.2,3,1711794575,39,28.7331,33.6007,4.8676
tiny,chip_144_472_merged.tif,0.2,4,1331187944,39,31.5319,32.8733,1.3414
tiny,chip_144_472_merged.tif,0.4,0,1987017172,78,30.1937,32.3783,2.1846
tiny,chip_144_472_merged.tif,0.4,1,1606410541,78,30.6791,33.4489,2.7698
tiny,chip_144_472_merged.tif,0.4,2,1126465023,78,29.7589,32.9462,3.1873
tiny,chip_144_472_merged.tif,0.4,3,745858392,78,29.9452,32.9685,3.0233
tiny,chip_144_472_merged.tif,0.4,4,265912874,78,30.0475,32.5764,2.5289
tiny,chip_144_472_merged.tif,0.6,0,2049039815,117,30.3457,31.7849,1.4391
tiny,chip_144_472_merged.tif,0.6,1,1668433184,117,29.805,31.6335,1.8285
tiny,chip_144_472_merged.tif,0.6,2,1287826553,117,29.2886,32.2097,2.9211
tiny,chip_144_472_merged.tif,0.6,3,807881035,117,30.576,31.6669,1.0909
tiny,chip_144_472_merged.tif,0.6,4,427274404,117,29.601,31.6195,2.0185
tiny,chip_144_472_merged.tif,0.8,0,1665786506,156,29.33,31.1593,1.8292
tiny,chip_144_472_merged.tif,0.8,1,1185840988,156,29.3409,31.7158,2.3749
tiny,chip_144_472_merged.tif,0.8,2,805234357,156,29.3378,31.2358,1.898
tiny,chip_144_472_merged.tif,0.8,3,325288839,156,30.0254,31.5399,1.5145
tiny,chip_144_472_merged.tif,0.8,4,2092165856,156,30.041,31.4041,1.3631
tiny,chip_144_474_merged.tif,0.2,0,1344936016,39,33.1787,34.3345,1.1558
tiny,chip_144_474_merged.tif,0.2,1,864990498,39,32.3731,32.8936,0.5206
tiny,chip_144_474_merged.tif,0.2,2,484383867,39,32.5491,33.0473,0.4982
tiny,chip_144_474_merged.tif,0.2,3,4438349,39,31.6239,34.5884,2.9645
tiny,chip_144_474_merged.tif,0.2,4,1771315366,39,32.239,33.9946,1.7556
tiny,chip_144_474_merged.tif,0.4,0,279660946,78,32.3823,33.091,0.7087
tiny,chip_144_474_merged.tif,0.4,1,2046537963,78,32.112,33.4356,1.3236
tiny,chip_144_474_merged.tif,0.4,2,1566592445,78,30.9021,33.2157,2.3136
tiny,chip_144_474_merged.tif,0.4,3,1185985814,78,30.9003,33.8273,2.927
tiny,chip_144_474_merged.tif,0.4,4,706040296,78,32.6512,33.7551,1.104
tiny,chip_144_474_merged.tif,0.6,0,1683846387,117,31.6666,32.5272,0.8606
tiny,chip_144_474_merged.tif,0.6,1,1303239756,117,31.6894,33.0998,1.4104
tiny,chip_144_474_merged.tif,0.6,2,823294238,117,31.5808,32.5218,0.941
tiny,chip_144_474_merged.tif,0.6,3,442687607,117,31.3213,32.4504,1.129
tiny,chip_144_474_merged.tif,0.6,4,2110225737,117,31.8259,33.1939,1.368
tiny,chip_144_474_merged.tif,0.8,0,1201254191,156,31.3926,32.3134,0.9208
tiny,chip_144_474_merged.tif,0.8,1,820647560,156,31.8874,32.2086,0.3211
tiny,chip_144_474_merged.tif,0.8,2,340702042,156,31.4057,31.7265,0.3208
tiny,chip_144_474_merged.tif,0.8,3,2107579059,156,31.3007,31.8507,0.5499
tiny,chip_144_474_merged.tif,0.8,4,1726972428,156,31.2174,32.5655,1.3481
tiny,chip_144_496_merged.tif,0.2,0,986454440,39,31.2443,32.2099,0.9656
tiny,chip_144_496_merged.tif,0.2,1,605847809,39,30.7394,32.0322,1.2928
tiny,chip_144_496_merged.tif,0.2,2,125902291,39,30.6463,31.611,0.9647
tiny,chip_144_496_merged.tif,0.2,3,1892779308,39,30.9433,32.1343,1.191
tiny,chip_144_496_merged.tif,0.2,4,1412833790,39,30.5009,32.3778,1.8769
tiny,chip_144_496_merged.tif,0.4,0,20518257,78,30.819,32.404,1.5851
tiny,chip_144_496_merged.tif,0.4,1,1688056387,78,31.0035,31.7682,0.7647
tiny,chip_144_496_merged.tif,0.4,2,1307449756,78,30.5817,32.0909,1.5092
tiny,chip_144_496_merged.tif,0.4,3,827504238,78,30.1914,31.5664,1.3751
tiny,chip_144_496_merged.tif,0.4,4,446897607,78,30.6552,31.735,1.0798
tiny,chip_144_496_merged.tif,0.6,0,82540900,117,30.3152,31.2648,0.9496
tiny,chip_144_496_merged.tif,0.6,1,1849417917,117,30.2973,31.5047,1.2074
tiny,chip_144_496_merged.tif,0.6,2,1369472399,117,30.3103,31.209,0.8987
tiny,chip_144_496_merged.tif,0.6,3,988865768,117,30.2542,31.2282,0.9739
tiny,chip_144_496_merged.tif,0.6,4,508920250,117,30.5359,31.0606,0.5246
tiny,chip_144_496_merged.tif,0.8,0,1747432352,156,30.1794,30.4026,0.2232
tiny,chip_144_496_merged.tif,0.8,1,1366825721,156,30.2604,30.8659,0.6056
tiny,chip_144_496_merged.tif,0.8,2,886880203,156,30.162,30.8753,0.7133
tiny,chip_144_496_merged.tif,0.8,3,506273572,156,30.1098,30.8149,0.7051
tiny,chip_144_496_merged.tif,0.8,4,26328054,156,30.3501,30.8624,0.5123
tiny,chip_145_156_merged.tif,0.2,0,2066495807,39,29.0772,33.103,4.0258
tiny,chip_145_156_merged.tif,0.2,1,1586550289,39,32.7601,31.4228,-1.3374
tiny,chip_145_156_merged.tif,0.2,2,1205943658,39,31.0344,34.6682,3.6338
tiny,chip_145_156_merged.tif,0.2,3,725998140,39,32.8611,33.4678,0.6067
tiny,chip_145_156_merged.tif,0.2,4,345391509,39,31.9929,32.7895,0.7966
tiny,chip_145_156_merged.tif,0.4,0,1905880474,78,29.3593,32.5919,3.2326
tiny,chip_145_156_merged.tif,0.4,1,1425934956,78,28.5327,31.9067,3.374
tiny,chip_145_156_merged.tif,0.4,2,1045328325,78,28.3962,32.3455,3.9493
tiny,chip_145_156_merged.tif,0.4,3,565382807,78,31.4272,33.2095,1.7823
tiny,chip_145_156_merged.tif,0.4,4,184776176,78,32.6323,32.2428,-0.3895
tiny,chip_145_156_merged.tif,0.6,0,1162582267,117,28.0619,32.3592,4.2973
tiny,chip_145_156_merged.tif,0.6,1,682636749,117,28.0532,31.5954,3.5422
tiny,chip_145_156_merged.tif,0.6,2,302030118,117,28.781,32.8078,4.0268
tiny,chip_145_156_merged.tif,0.6,3,1969568248,117,28.7975,32.4884,3.691
tiny,chip_145_156_merged.tif,0.6,4,1588961617,117,28.7849,32.3996,3.6147
tiny,chip_145_156_merged.tif,0.8,0,679990071,156,29.877,30.1954,0.3184
tiny,chip_145_156_merged.tif,0.8,1,200044553,156,29.3521,30.273,0.9209
tiny,chip_145_156_merged.tif,0.8,2,1966921570,156,29.2651,30.6123,1.3472
tiny,chip_145_156_merged.tif,0.8,3,1486976052,156,28.7733,30.3818,1.6085
tiny,chip_145_156_merged.tif,0.8,4,1106369421,156,29.9667,30.761,0.7943
tiny,chip_145_372_merged.tif,0.2,0,1724341470,39,36.6454,36.54,-0.1055
tiny,chip_145_372_merged.tif,0.2,1,1343734839,39,35.3006,36.9291,1.6285
tiny,chip_145_372_merged.tif,0.2,2,963128208,39,34.8996,35.7619,0.8623
tiny,chip_145_372_merged.tif,0.2,3,483182690,39,36.1223,36.5609,0.4387
tiny,chip_145_372_merged.tif,0.2,4,102576059,39,35.3113,35.747,0.4357
tiny,chip_145_372_merged.tif,0.4,0,1563726137,78,35.0924,35.5479,0.4555
tiny,chip_145_372_merged.tif,0.4,1,1183119506,78,34.12,35.7084,1.5885
tiny,chip_145_372_merged.tif,0.4,2,703173988,78,34.5498,36.0472,1.4974
tiny,chip_145_372_merged.tif,0.4,3,322567357,78,33.9533,35.6063,1.653
tiny,chip_145_372_merged.tif,0.4,4,2089444374,78,34.168,36.2495,2.0816
tiny,chip_145_372_merged.tif,0.6,0,820427930,117,34.5106,35.303,0.7924
tiny,chip_145_372_merged.tif,0.6,1,439821299,117,34.5054,35.7021,1.1967
tiny,chip_145_372_merged.tif,0.6,2,2107359429,117,34.3526,35.639,1.2864
tiny,chip_145_372_merged.tif,0.6,3,1726752798,117,34.3499,35.683,1.3331
tiny,chip_145_372_merged.tif,0.6,4,1346146167,117,34.1701,35.6242,1.4541
tiny,chip_145_372_merged.tif,0.8,0,337835734,156,34.1231,34.6011,0.478
tiny,chip_145_372_merged.tif,0.8,1,2104712751,156,34.6054,35.0594,0.454
tiny,chip_145_372_merged.tif,0.8,2,1724106120,156,34.5845,35.1254,0.5409
tiny,chip_145_372_merged.tif,0.8,3,1244160602,156,34.1298,34.7322,0.6023
tiny,chip_145_372_merged.tif,0.8,4,863553971,156,34.0956,34.9593,0.8637
tiny,chip_145_469_merged.tif,0.2,0,437024186,39,36.4646,35.2428,-1.2217
tiny,chip_145_469_merged.tif,0.2,1,56417555,39,34.3589,34.9822,0.6233
tiny,chip_145_469_merged.tif,0.2,2,1723955685,39,33.4379,35.5477,2.1099
tiny,chip_145_469_merged.tif,0.2,3,1343349054,39,33.9206,34.9757,1.0551
tiny,chip_145_469_merged.tif,0.2,4,863403536,39,34.6636,35.1452,0.4817
tiny,chip_145_469_merged.tif,0.4,0,276408853,78,34.353,35.074,0.721
tiny,chip_145_469_merged.tif,0.4,1,1943946983,78,34.1171,35.569,1.452
tiny,chip_145_469_merged.tif,0.4,2,1563340352,78,34.9896,35.3454,0.3558
tiny,chip_145_469_merged.tif,0.4,3,1182733721,78,34.4361,35.113,0.6769
tiny,chip_145_469_merged.tif,0.4,4,702788203,78,34.5607,34.4795,-0.0812
tiny,chip_145_469_merged.tif,0.6,0,1680594294,117,33.5432,34.6023,1.059
tiny,chip_145_469_merged.tif,0.6,1,1299987663,117,34.6584,34.9265,0.2681
tiny,chip_145_469_merged.tif,0.6,2,820042145,117,34.2056,35.3541,1.1486
tiny,chip_145_469_merged.tif,0.6,3,439435514,117,34.8333,35.2796,0.4463
tiny,chip_145_469_merged.tif,0.6,4,2106973644,117,34.6736,34.9921,0.3185
tiny,chip_145_469_merged.tif,0.8,0,1198002098,156,34.6224,34.752,0.1296
tiny,chip_145_469_merged.tif,0.8,1,817395467,156,34.627,34.5002,-0.1267
tiny,chip_145_469_merged.tif,0.8,2,337449949,156,33.5604,34.3127,0.7523
tiny,chip_145_469_merged.tif,0.8,3,2104326966,156,33.5797,34.2826,0.7029
tiny,chip_145_469_merged.tif,0.8,4,1624381448,156,33.6342,34.3641,0.7299
tiny,chip_146_340_merged.tif,0.2,0,1531531807,39,35.1082,35.8866,0.7783
tiny,chip_146_340_merged.tif,0.2,1,1150925176,39,34.4333,36.1473,1.714
tiny,chip_146_340_merged.tif,0.2,2,670979658,39,33.8009,37.3107,3.5098
tiny,chip_146_340_merged.tif,0.2,3,290373027,39,35.0752,36.9205,1.8453
tiny,chip_146_340_merged.tif,0.2,4,2057250044,39,34.6832,35.6257,0.9426
tiny,chip_146_340_merged.tif,0.4,0,1370916474,78,32.8711,35.4069,2.5358
tiny,chip_146_340_merged.tif,0.4,1,990309843,78,33.5884,35.5535,1.9651
tiny,chip_146_340_merged.tif,0.4,2,510364325,78,32.9488,35.2649,2.3161
tiny,chip_146_340_merged.tif,0.4,3,129757694,78,32.8712,35.7357,2.8645
tiny,chip_146_340_merged.tif,0.4,4,1797295824,78,32.9029,36.4213,3.5183
tiny,chip_146_340_merged.tif,0.6,0,627618267,117,31.7066,33.9956,2.289
tiny,chip_146_340_merged.tif,0.6,1,247011636,117,31.5923,34.6586,3.0663
tiny,chip_146_340_merged.tif,0.6,2,1914549766,117,32.1536,35.3841,3.2305
tiny,chip_146_340_merged.tif,0.6,3,1533943135,117,31.797,35.3722,3.5752
tiny,chip_146_340_merged.tif,0.6,4,1053997617,117,32.8661,35.7117,2.8456
tiny,chip_146_340_merged.tif,0.8,0,145026071,156,31.8779,34.3078,2.4299
tiny,chip_146_340_merged.tif,0.8,1,1911903088,156,31.8937,33.5453,1.6516
tiny,chip_146_340_merged.tif,0.8,2,1431957570,156,31.6856,33.2074,1.5218
tiny,chip_146_340_merged.tif,0.8,3,1051350939,156,31.8793,32.8282,0.9489
tiny,chip_146_340_merged.tif,0.8,4,670744308,156,32.3606,32.8729,0.5122
tiny,chip_146_489_merged.tif,0.2,0,199762974,39,32.1735,33.4932,1.3197
tiny,chip_146_489_merged.tif,0.2,1,1867301104,39,32.0949,33.466,1.3711
tiny,chip_146_489_merged.tif,0.2,2,1486694473,39,31.7825,33.1061,1.3236
tiny,chip_146_489_merged.tif,0.2,3,1106087842,39,31.0186,32.8535,1.8348
tiny,chip_146_489_merged.tif,0.2,4,626142324,39,31.7606,34.2319,2.4713
tiny,chip_146_489_merged.tif,0.4,0,39147641,78,31.2665,33.2621,1.9956
tiny,chip_146_489_merged.tif,0.4,1,1706685771,78,31.2887,32.2739,0.9852
tiny,chip_146_489_merged.tif,0.4,2,1326079140,78,31.1126,33.4322,2.3196
tiny,chip_146_489_merged.tif,0.4,3,846133622,78,31.717,33.448,1.731
tiny,chip_146_489_merged.tif,0.4,4,465526991,78,30.974,32.8856,1.9116
tiny,chip_146_489_merged.tif,0.6,0,1443333082,117,31.4618,32.4358,0.974
tiny,chip_146_489_merged.tif,0.6,1,963387564,117,30.9664,32.7364,1.77
tiny,chip_146_489_merged.tif,0.6,2,582780933,117,31.4343,32.5687,1.1344
tiny,chip_146_489_merged.tif,0.6,3,102835415,117,30.6511,32.764,2.1129
tiny,chip_146_489_merged.tif,0.6,4,1869712432,117,31.1222,32.5061,1.3838
tiny,chip_146_489_merged.tif,0.8,0,960740886,156,30.9741,32.0425,1.0684
tiny,chip_146_489_merged.tif,0.8,1,480795368,156,31.017,31.1881,0.1711
tiny,chip_146_489_merged.tif,0.8,2,100188737,156,30.9752,31.8184,0.8431
tiny,chip_146_489_merged.tif,0.8,3,1767726867,156,31.0167,31.8124,0.7957
tiny,chip_146_489_merged.tif,0.8,4,1387120236,156,30.99,31.4328,0.4428
tiny,chip_146_494_merged.tif,0.2,0,947572085,39,31.1588,33.6517,2.4929
tiny,chip_146_494_merged.tif,0.2,1,566965454,39,30.5116,34.1163,3.6047
tiny,chip_146_494_merged.tif,0.2,2,87019936,39,32.4407,34.2106,1.7699
tiny,chip_146_494_merged.tif,0.2,3,1853896953,39,32.391,34.616,2.225
tiny,chip_146_494_merged.tif,0.2,4,1373951435,39,31.7632,33.8024,2.0392
tiny,chip_146_494_merged.tif,0.4,0,786956752,78,31.3997,33.8038,2.4041
tiny,chip_146_494_merged.tif,0.4,1,307011234,78,32.3772,33.8835,1.5063
tiny,chip_146_494_merged.tif,0.4,2,2073888251,78,31.4932,32.905,1.4118
tiny,chip_146_494_merged.tif,0.4,3,1593942733,78,30.6978,34.0089,3.311
tiny,chip_146_494_merged.tif,0.4,4,1213336102,78,30.6445,34.3352,3.6907
tiny,chip_146_494_merged.tif,0.6,0,43658545,117,31.3263,32.3821,1.0557
tiny,chip_146_494_merged.tif,0.6,1,1711196675,117,31.3292,32.4831,1.1539
tiny,chip_146_494_merged.tif,0.6,2,1330590044,117,31.8728,32.1442,0.2714
tiny,chip_146_494_merged.tif,0.6,3,850644526,117,31.3386,32.811,1.4725
tiny,chip_146_494_merged.tif,0.6,4,470037895,117,31.8687,32.1824,0.3138
tiny,chip_146_494_merged.tif,0.8,0,1708549997,156,31.0934,32.1462,1.0528
tiny,chip_146_494_merged.tif,0.8,1,1327943366,156,31.2532,32.6072,1.354
tiny,chip_146_494_merged.tif,0.8,2,847997848,156,31.5665,32.6159,1.0494
tiny,chip_146_494_merged.tif,0.8,3,467391217,156,31.5479,32.6351,1.0872
tiny,chip_146_494_merged.tif,0.8,4,2134929347,156,31.5655,31.9312,0.3657
tiny,chip_146_495_merged.tif,0.2,0,1700097207,39,31.8254,33.8502,2.0248
tiny,chip_146_495_merged.tif,0.2,1,1319490576,39,32.2238,33.8469,1.6231
tiny,chip_146_495_merged.tif,0.2,2,938883945,39,32.2231,33.6032,1.3801
tiny,chip_146_495_merged.tif,0.2,3,458938427,39,31.824,33.5726,1.7486
tiny,chip_146_495_merged.tif,0.2,4,78331796,39,32.5487,34.7173,2.1687
tiny,chip_146_495_merged.tif,0.4,0,734161024,78,31.589,33.2773,1.6883
tiny,chip_146_495_merged.tif,0.4,1,254215506,78,31.1378,32.8325,1.6947
tiny,chip_146_495_merged.tif,0.4,2,2021092523,78,31.4519,33.4248,1.9729
tiny,chip_146_495_merged.tif,0.4,3,1640485892,78,32.3797,33.5271,1.1474
tiny,chip_146_495_merged.tif,0.4,4,1160540374,78,31.3497,33.0669,1.7172
tiny,chip_146_495_merged.tif,0.6,0,796183667,117,31.2435,32.461,1.2176
tiny,chip_146_495_merged.tif,0.6,1,415577036,117,31.1905,33.2296,2.0391
tiny,chip_146_495_merged.tif,0.6,2,2083115166,117,30.7286,32.425,1.6963
tiny,chip_146_495_merged.tif,0.6,3,1702508535,117,31.518,32.9697,1.4517
tiny,chip_146_495_merged.tif,0.6,4,1222563017,117,31.6647,32.8225,1.1579
tiny,chip_146_495_merged.tif,0.8,0,313591471,156,30.8967,31.8431,0.9463
tiny,chip_146_495_merged.tif,0.8,1,2080468488,156,31.0432,31.9897,0.9464
tiny,chip_146_495_merged.tif,0.8,2,1600522970,156,30.7495,31.5554,0.8059
tiny,chip_146_495_merged.tif,0.8,3,1219916339,156,30.8855,32.155,1.2695
tiny,chip_146_495_merged.tif,0.8,4,839309708,156,30.7699,31.4513,0.6814
tiny,chip_147_393_merged.tif,0.2,0,1762810977,39,37.4189,37.8177,0.3988
tiny,chip_147_393_merged.tif,0.2,1,1382204346,39,37.4166,37.922,0.5055
tiny,chip_147_393_merged.tif,0.2,2,902258828,39,35.6215,37.9727,2.3513
tiny,chip_147_393_merged.tif,0.2,3,521652197,39,37.8529,37.6785,-0.1744
tiny,chip_147_393_merged.tif,0.2,4,141045566,39,36.1043,37.432,1.3277
tiny,chip_147_393_merged.tif,0.4,0,1602195644,78,35.5096,37.4999,1.9903
tiny,chip_147_393_merged.tif,0.4,1,1221589013,78,35.9159,37.2235,1.3076
tiny,chip_147_393_merged.tif,0.4,2,741643495,78,36.5528,36.8945,0.3416
tiny,chip_147_393_merged.tif,0.4,3,361036864,78,35.9785,37.085,1.1064
tiny,chip_147_393_merged.tif,0.4,4,2028574994,78,35.4658,37.7505,2.2846
tiny,chip_147_393_merged.tif,0.6,0,858897437,117,35.8338,37.0066,1.1728
tiny,chip_147_393_merged.tif,0.6,1,478290806,117,35.1271,36.4175,1.2904
tiny,chip_147_393_merged.tif,0.6,2,2145828936,117,35.6624,36.9904,1.328
tiny,chip_147_393_merged.tif,0.6,3,1765222305,117,35.8647,36.9138,1.0491
tiny,chip_147_393_merged.tif,0.6,4,1285276787,117,35.7635,36.6027,0.8392
tiny,chip_147_393_merged.tif,0.8,0,376305241,156,35.7661,36.0464,0.2802
tiny,chip_147_393_merged.tif,0.8,1,2143182258,156,34.9132,36.1585,1.2454
tiny,chip_147_393_merged.tif,0.8,2,1663236740,156,35.3685,36.1835,0.815
tiny,chip_147_393_merged.tif,0.8,3,1282630109,156,35.7986,36.5833,0.7847
tiny,chip_147_393_merged.tif,0.8,4,902023478,156,35.4708,36.0863,0.6155
tiny,chip_147_440_merged.tif,0.2,0,910863131,39,31.0581,33.1561,2.098
tiny,chip_147_440_merged.tif,0.2,1,530256500,39,32.6543,34.395,1.7406
tiny,chip_147_440_merged.tif,0.2,2,50310982,39,31.5697,34.5958,3.026
tiny,chip_147_440_merged.tif,0.2,3,1817187999,39,32.1501,33.9641,1.8139
tiny,chip_147_440_merged.tif,0.2,4,1337242481,39,31.5788,32.7549,1.1761
tiny,chip_147_440_merged.tif,0.4,0,750247798,78,31.9265,32.9198,0.9933
tiny,chip_147_440_merged.tif,0.4,1,270302280,78,31.9276,32.6312,0.7036
tiny,chip_147_440_merged.tif,0.4,2,2037179297,78,32.0981,33.404,1.306
tiny,chip_147_440_merged.tif,0.4,3,1557233779,78,32.365,33.4631,1.0981
tiny,chip_147_440_merged.tif,0.4,4,1176627148,78,32.3976,33.0237,0.6261
tiny,chip_147_440_merged.tif,0.6,0,6949591,117,31.5373,32.1301,0.5928
tiny,chip_147_440_merged.tif,0.6,1,1674487721,117,32.0771,32.8078,0.7307
tiny,chip_147_440_merged.tif,0.6,2,1293881090,117,31.1975,32.52,1.3226
tiny,chip_147_440_merged.tif,0.6,3,813935572,117,32.0773,32.8607,0.7834
tiny,chip_147_440_merged.tif,0.6,4,433328941,117,32.0195,32.5449,0.5254
tiny,chip_147_440_merged.tif,0.8,0,1671841043,156,32.1147,32.3385,0.2238
tiny,chip_147_440_merged.tif,0.8,1,1291234412,156,32.1002,31.9794,-0.1207
tiny,chip_147_440_merged.tif,0.8,2,811288894,156,31.598,32.2162,0.6183
tiny,chip_147_440_merged.tif,0.8,3,430682263,156,32.0999,32.0891,-0.0108
tiny,chip_147_440_merged.tif,0.8,4,2098220393,156,32.0769,32.2646,0.1877
tiny,chip_147_479_merged.tif,0.2,0,299748279,39,31.8277,34.1227,2.295
tiny,chip_147_479_merged.tif,0.2,1,1967286409,39,33.2393,33.7696,0.5303
tiny,chip_147_479_merged.tif,0.2,2,1586679778,39,31.8019,34.4849,2.683
tiny,chip_147_479_merged.tif,0.2,3,1106734260,39,30.9298,34.0669,3.1371
tiny,chip_147_479_merged.tif,0.2,4,726127629,39,29.4796,34.2245,4.7449
tiny,chip_147_479_merged.tif,0.4,0,39794059,78,30.1426,33.1232,2.9806
tiny,chip_147_479_merged.tif,0.4,1,1806671076,78,30.3052,33.4369,3.1316
tiny,chip_147_479_merged.tif,0.4,2,1326725558,78,31.3596,32.3754,1.0158
tiny,chip_147_479_merged.tif,0.4,3,946118927,78,30.7679,33.4474,2.6795
tiny,chip_147_479_merged.tif,0.4,4,565512296,78,31.3139,33.782,2.4681
tiny,chip_147_479_merged.tif,0.6,0,1443979500,117,30.6935,31.5508,0.8573
tiny,chip_147_479_merged.tif,0.6,1,1063372869,117,30.8178,31.9402,1.1223
tiny,chip_147_479_merged.tif,0.6,2,583427351,117,30.3743,32.047,1.6727
tiny,chip_147_479_merged.tif,0.6,3,202820720,117,30.6376,31.6308,0.9932
tiny,chip_147_479_merged.tif,0.6,4,1969697737,117,30.0111,33.1389,3.1279
tiny,chip_147_479_merged.tif,0.8,0,1060726191,156,29.8475,32.191,2.3435
tiny,chip_147_479_merged.tif,0.8,1,580780673,156,29.9398,31.3624,1.4226
tiny,chip_147_479_merged.tif,0.8,2,200174042,156,30.2059,32.1366,1.9307
tiny,chip_147_479_merged.tif,0.8,3,1867712172,156,30.4355,31.4855,1.05
tiny,chip_147_479_merged.tif,0.8,4,1487105541,156,30.225,31.0614,0.8364
tiny,chip_147_486_merged.tif,0.2,0,1766238322,39,30.8542,34.1258,3.2716
tiny,chip_147_486_merged.tif,0.2,1,1385631691,39,32.3494,34.1003,1.7509
tiny,chip_147_486_merged.tif,0.2,2,1005025060,39,32.3481,34.0758,1.7277
tiny,chip_147_486_merged.tif,0.2,3,525079542,39,32.0816,34.5383,2.4567
tiny,chip_147_486_merged.tif,0.2,4,144472911,39,33.3513,34.2303,0.879
tiny,chip_147_486_merged.tif,0.4,0,1605622989,78,31.0964,33.3823,2.2859
tiny,chip_147_486_merged.tif,0.4,1,1225016358,78,31.9764,33.7383,1.762
tiny,chip_147_486_merged.tif,0.4,2,745070840,78,32.2161,33.5832,1.3672
tiny,chip_147_486_merged.tif,0.4,3,364464209,78,30.9043,33.2433,2.339
tiny,chip_147_486_merged.tif,0.4,4,2032002339,78,31.6844,32.804,1.1196
tiny,chip_147_486_merged.tif,0.6,0,862324782,117,30.6785,33.5196,2.8411
tiny,chip_147_486_merged.tif,0.6,1,481718151,117,31.4787,32.0839,0.6052
tiny,chip_147_486_merged.tif,0.6,2,1772633,117,30.4994,33.1751,2.6756
tiny,chip_147_486_merged.tif,0.6,3,1768649650,117,30.5286,32.3817,1.8531
tiny,chip_147_486_merged.tif,0.6,4,1388043019,117,30.7114,32.5857,1.8743
tiny,chip_147_486_merged.tif,0.8,0,379732586,156,30.8999,32.2329,1.333
tiny,chip_147_486_merged.tif,0.8,1,2146609603,156,31.1807,32.2275,1.0467
tiny,chip_147_486_merged.tif,0.8,2,1766002972,156,30.2554,32.1669,1.9116
tiny,chip_147_486_merged.tif,0.8,3,1286057454,156,30.8329,31.9275,1.0946
tiny,chip_147_486_merged.tif,0.8,4,905450823,156,30.8243,31.9986,1.1743
tiny,chip_147_489_merged.tif,0.2,0,1774346984,39,33.1915,34.0633,0.8719
tiny,chip_147_489_merged.tif,0.2,1,1393740353,39,31.4598,33.3894,1.9296
tiny,chip_147_489_merged.tif,0.2,2,913794835,39,32.6282,33.6556,1.0274
tiny,chip_147_489_merged.tif,0.2,3,533188204,39,31.9114,33.9719,2.0605
tiny,chip_147_489_merged.tif,0.2,4,53242686,39,31.4811,33.631,2.1499
tiny,chip_147_489_merged.tif,0.4,0,1613731651,78,31.1044,32.4512,1.3469
tiny,chip_147_489_merged.tif,0.4,1,1133786133,78,32.4212,32.5568,0.1356
tiny,chip_147_489_merged.tif,0.4,2,753179502,78,30.8249,32.982,2.1571
tiny,chip_147_489_merged.tif,0.4,3,372572871,78,32.0464,33.1148,1.0684
tiny,chip_147_489_merged.tif,0.4,4,2040111001,78,31.5952,33.3232,1.7281
tiny,chip_147_489_merged.tif,0.6,0,870433444,117,31.2485,32.8944,1.6459
tiny,chip_147_489_merged.tif,0.6,1,390487926,117,31.0817,32.5023,1.4206
tiny,chip_147_489_merged.tif,0.6,2,9881295,117,31.4542,32.64,1.1858
tiny,chip_147_489_merged.tif,0.6,3,1776758312,117,31.4897,32.3074,0.8177
tiny,chip_147_489_merged.tif,0.6,4,1296812794,117,31.2336,32.9488,1.7152
tiny,chip_147_489_merged.tif,0.8,0,387841248,156,30.937,31.5918,0.6548
tiny,chip_147_489_merged.tif,0.8,1,7234617,156,31.0662,31.8027,0.7365
tiny,chip_147_489_merged.tif,0.8,2,1674772747,156,30.8991,31.4835,0.5845
tiny,chip_147_489_merged.tif,0.8,3,1294166116,156,31.0988,31.7829,0.6841
tiny,chip_147_489_merged.tif,0.8,4,814220598,156,31.3126,31.9811,0.6685
tiny,chip_148_413_merged.tif,0.2,0,993369569,39,33.6556,34.6698,1.0142
tiny,chip_148_413_merged.tif,0.2,1,612762938,39,33.6762,34.7061,1.03
tiny,chip_148_413_merged.tif,0.2,2,132817420,39,34.341,35.5597,1.2187
tiny,chip_148_413_merged.tif,0.2,3,1899694437,39,30.5385,35.0918,4.5533
tiny,chip_148_413_merged.tif,0.2,4,1419748919,39,34.3423,35.2706,0.9283
tiny,chip_148_413_merged.tif,0.4,0,832754236,78,33.4294,34.2674,0.838
tiny,chip_148_413_merged.tif,0.4,1,352808718,78,33.524,33.8322,0.3082
tiny,chip_148_413_merged.tif,0.4,2,2119685735,78,31.7227,34.3749,2.6522
tiny,chip_148_413_merged.tif,0.4,3,1639740217,78,33.7004,33.9433,0.2429
tiny,chip_148_413_merged.tif,0.4,4,1259133586,78,33.5059,34.5207,1.0148
tiny,chip_148_413_merged.tif,0.6,0,89456029,117,33.3317,34.3372,1.0055
tiny,chip_148_413_merged.tif,0.6,1,1756994159,117,33.7217,34.1114,0.3898
tiny,chip_148_413_merged.tif,0.6,2,1376387528,117,31.8055,34.4594,2.6539
tiny,chip_148_413_merged.tif,0.6,3,896442010,117,32.1465,33.7623,1.6158
tiny,chip_148_413_merged.tif,0.6,4,515835379,117,32.1686,34.0151,1.8466
tiny,chip_148_413_merged.tif,0.8,0,1754347481,156,33.2384,33.6733,0.4349
tiny,chip_148_413_merged.tif,0.8,1,1274401963,156,32.0266,33.5633,1.5367
tiny,chip_148_413_merged.tif,0.8,2,893795332,156,33.447,33.4764,0.0294
tiny,chip_148_413_merged.tif,0.8,3,513188701,156,33.4354,33.514,0.0786
tiny,chip_148_413_merged.tif,0.8,4,33243183,156,32.0951,33.919,1.8239
tiny,chip_148_469_merged.tif,0.2,0,868421145,39,37.3341,35.1924,-2.1417
tiny,chip_148_469_merged.tif,0.2,1,487814514,39,36.4024,34.8255,-1.5769
tiny,chip_148_469_merged.tif,0.2,2,107207883,39,34.6755,36.7947,2.1192
tiny,chip_148_469_merged.tif,0.2,3,1774746013,39,35.3154,34.3906,-0.9248
tiny,chip_148_469_merged.tif,0.2,4,1394139382,39,35.2644,35.757,0.4926
tiny,chip_148_469_merged.tif,0.4,0,707805812,78,35.3357,35.09,-0.2457
tiny,chip_148_469_merged.tif,0.4,1,327199181,78,35.6239,34.4642,-1.1597
tiny,chip_148_469_merged.tif,0.4,2,1994737311,78,35.3274,35.3234,-0.004
tiny,chip_148_469_merged.tif,0.4,3,1614130680,78,36.1946,35.0136,-1.181
tiny,chip_148_469_merged.tif,0.4,4,1134185162,78,33.7319,35.3187,1.5867
tiny,chip_148_469_merged.tif,0.6,0,2111991253,117,35.291,34.4417,-0.8493
tiny,chip_148_469_merged.tif,0.6,1,1731384622,117,35.02,34.715,-0.305
tiny,chip_148_469_merged.tif,0.6,2,1251439104,117,34.9516,34.7882,-0.1634
tiny,chip_148_469_merged.tif,0.6,3,870832473,117,34.8893,35.5419,0.6526
tiny,chip_148_469_merged.tif,0.6,4,490225842,117,35.2897,35.2987,0.009
tiny,chip_148_469_merged.tif,0.8,0,1629399057,156,33.9558,34.7719,0.8162
tiny,chip_148_469_merged.tif,0.8,1,1248792426,156,34.5985,34.6498,0.0514
tiny,chip_148_469_merged.tif,0.8,2,868185795,156,33.9537,34.3021,0.3483
tiny,chip_148_469_merged.tif,0.8,3,388240277,156,34.584,35.1676,0.5836
tiny,chip_148_469_merged.tif,0.8,4,7633646,156,34.5833,34.2561,-0.3272
tiny,chip_148_478_merged.tif,0.2,0,1947341345,39,32.7751,33.8582,1.0831
tiny,chip_148_478_merged.tif,0.2,1,1566734714,39,32.6656,34.3431,1.6775
tiny,chip_148_478_merged.tif,0.2,2,1086789196,39,33.2493,35.0258,1.7765
tiny,chip_148_478_merged.tif,0.2,3,706182565,39,32.6661,34.8006,2.1345
tiny,chip_148_478_merged.tif,0.2,4,325575934,39,33.4464,34.4951,1.0487
tiny,chip_148_478_merged.tif,0.4,0,1786726012,78,33.4526,33.614,0.1614
tiny,chip_148_478_merged.tif,0.4,1,1406119381,78,31.9788,33.5878,1.609
tiny,chip_148_478_merged.tif,0.4,2,926173863,78,32.9051,33.9514,1.0463
tiny,chip_148_478_merged.tif,0.4,3,545567232,78,32.715,33.3457,0.6307
tiny,chip_148_478_merged.tif,0.4,4,65621714,78,32.9058,33.8527,0.947
tiny,chip_148_478_merged.tif,0.6,0,1043427805,117,32.3522,33.9396,1.5873
tiny,chip_148_478_merged.tif,0.6,1,662821174,117,32.7988,34.1273,1.3285
tiny,chip_148_478_merged.tif,0.6,2,182875656,117,32.3551,34.1412,1.7862
tiny,chip_148_478_merged.tif,0.6,3,1949752673,117,32.6459,33.4627,0.8168
tiny,chip_148_478_merged.tif,0.6,4,1469807155,117,32.53,33.4411,0.9111
tiny,chip_148_478_merged.tif,0.8,0,560835609,156,32.8764,32.7998,-0.0766
tiny,chip_148_478_merged.tif,0.8,1,180228978,156,32.4898,33.3137,0.8238
tiny,chip_148_478_merged.tif,0.8,2,1847767108,156,32.8776,32.9551,0.0775
tiny,chip_148_478_merged.tif,0.8,3,1467160477,156,32.4675,32.7658,0.2983
tiny,chip_148_478_merged.tif,0.8,4,1086553846,156,32.4621,33.1642,0.7021
tiny,chip_148_483_merged.tif,0.2,0,1380883847,39,31.9927,31.8669,-0.1258
tiny,chip_148_483_merged.tif,0.2,1,1000277216,39,30.0002,32.9406,2.9404
tiny,chip_148_483_merged.tif,0.2,2,520331698,39,30.114,32.6903,2.5763
tiny,chip_148_483_merged.tif,0.2,3,139725067,39,30.7893,31.9155,1.1262
tiny,chip_148_483_merged.tif,0.2,4,1906602084,39,30.1127,32.0258,1.913
tiny,chip_148_483_merged.tif,0.4,0,1220268514,78,30.2217,32.4252,2.2036
tiny,chip_148_483_merged.tif,0.4,1,839661883,78,31.2631,31.4695,0.2064
tiny,chip_148_483_merged.tif,0.4,2,359716365,78,30.2191,31.6126,1.3935
tiny,chip_148_483_merged.tif,0.4,3,2126593382,78,30.6282,31.5809,0.9526
tiny,chip_148_483_merged.tif,0.4,4,1646647864,78,30.2201,32.5224,2.3023
tiny,chip_148_483_merged.tif,0.6,0,476970307,117,31.0604,31.9725,0.9121
tiny,chip_148_483_merged.tif,0.6,1,96363676,117,30.4411,31.3545,0.9134
tiny,chip_148_483_merged.tif,0.6,2,1763901806,117,30.7995,31.7397,0.9402
tiny,chip_148_483_merged.tif,0.6,3,1383295175,117,30.6093,31.435,0.8257
tiny,chip_148_483_merged.tif,0.6,4,903349657,117,31.0184,31.181,0.1625
tiny,chip_148_483_merged.tif,0.8,0,2141861759,156,30.526,30.7369,0.2109
tiny,chip_148_483_merged.tif,0.8,1,1761255128,156,30.7156,30.5307,-0.1848
tiny,chip_148_483_merged.tif,0.8,2,1281309610,156,30.7031,31.2136,0.5105
tiny,chip_148_483_merged.tif,0.8,3,900702979,156,30.2262,30.942,0.7158
tiny,chip_148_483_merged.tif,0.8,4,520096348,156,30.8161,31.0197,0.2035
tiny,chip_151_240_merged.tif,0.2,0,151054094,39,31.8369,34.2854,2.4485
tiny,chip_151_240_merged.tif,0.2,1,1818592224,39,31.4531,34.0594,2.6063
tiny,chip_151_240_merged.tif,0.2,2,1437985593,39,28.5649,34.7793,6.2144
tiny,chip_151_240_merged.tif,0.2,3,958040075,39,30.3667,34.7812,4.4145
tiny,chip_151_240_merged.tif,0.2,4,577433444,39,31.8394,34.7134,2.8739
tiny,chip_151_240_merged.tif,0.4,0,2038583522,78,29.5252,33.7799,4.2547
tiny,chip_151_240_merged.tif,0.4,1,1657976891,78,29.5696,33.8511,4.2815
tiny,chip_151_240_merged.tif,0.4,2,1277370260,78,30.7783,33.1337,2.3555
tiny,chip_151_240_merged.tif,0.4,3,797424742,78,30.7932,34.3502,3.557
tiny,chip_151_240_merged.tif,0.4,4,416818111,78,30.8463,33.7686,2.9223
tiny,chip_151_240_merged.tif,0.6,0,1295285315,117,29.4315,32.3446,2.913
tiny,chip_151_240_merged.tif,0.6,1,914678684,117,30.6434,33.2501,2.6067
tiny,chip_151_240_merged.tif,0.6,2,534072053,117,30.0658,32.8698,2.804
tiny,chip_151_240_merged.tif,0.6,3,54126535,117,29.0408,33.0276,3.9868
tiny,chip_151_240_merged.tif,0.6,4,1821003552,117,30.6657,32.6114,1.9456
tiny,chip_151_240_merged.tif,0.8,0,912032006,156,28.2174,31.4864,3.269
tiny,chip_151_240_merged.tif,0.8,1,432086488,156,28.1429,30.6787,2.5357
tiny,chip_151_240_merged.tif,0.8,2,51479857,156,28.5688,31.9539,3.3851
tiny,chip_151_240_merged.tif,0.8,3,1719017987,156,28.8464,31.612,2.7655
tiny,chip_151_240_merged.tif,0.8,4,1338411356,156,28.2217,30.356,2.1343
tiny,chip_151_248_merged.tif,0.2,0,1582774311,39,33.7743,34.6004,0.8262
tiny,chip_151_248_merged.tif,0.2,1,1202167680,39,28.2863,34.1387,5.8524
tiny,chip_151_248_merged.tif,0.2,2,722222162,39,33.9203,31.8002,-2.1201
tiny,chip_151_248_merged.tif,0.2,3,341615531,39,28.8317,34.6873,5.8556
tiny,chip_151_248_merged.tif,0.2,4,2009153661,39,27.7764,33.1716,5.3952
tiny,chip_151_248_merged.tif,0.4,0,1422158978,78,29.6257,33.5209,3.8952
tiny,chip_151_248_merged.tif,0.4,1,942213460,78,31.1415,33.1408,1.9994
tiny,chip_151_248_merged.tif,0.4,2,561606829,78,29.7424,31.9219,2.1794
tiny,chip_151_248_merged.tif,0.4,3,181000198,78,28.9856,32.3104,3.3249
tiny,chip_151_248_merged.tif,0.4,4,1848538328,78,28.481,33.1774,4.6964
tiny,chip_151_248_merged.tif,0.6,0,678860771,117,30.369,30.7866,0.4176
tiny,chip_151_248_merged.tif,0.6,1,298254140,117,30.1069,31.9764,1.8695
tiny,chip_151_248_merged.tif,0.6,2,1965792270,117,29.6704,32.703,3.0326
tiny,chip_151_248_merged.tif,0.6,3,1585185639,117,29.7288,31.1485,1.4196
tiny,chip_151_248_merged.tif,0.6,4,1105240121,117,30.3265,31.9461,1.6196
tiny,chip_151_248_merged.tif,0.8,0,196268575,156,29.7899,29.5717,-0.2182
tiny,chip_151_248_merged.tif,0.8,1,1963145592,156,28.7307,30.3323,1.6016
tiny,chip_151_248_merged.tif,0.8,2,1483200074,156,29.2764,30.6718,1.3954
tiny,chip_151_248_merged.tif,0.8,3,1102593443,156,29.3212,30.3991,1.0778
tiny,chip_151_248_merged.tif,0.8,4,622647925,156,29.7969,30.1929,0.3959
tiny,chip_151_418_merged.tif,0.2,0,939885381,39,32.7886,35.5139,2.7253
tiny,chip_151_418_merged.tif,0.2,1,559278750,39,33.2345,34.5595,1.325
tiny,chip_151_418_merged.tif,0.2,2,79333232,39,34.2379,35.7052,1.4674
tiny,chip_151_418_merged.tif,0.2,3,1846210249,39,33.4609,34.6579,1.197
tiny,chip_151_418_merged.tif,0.2,4,1366264731,39,33.92,34.9441,1.024
tiny,chip_151_418_merged.tif,0.4,0,779270048,78,33.3539,34.9196,1.5657
tiny,chip_151_418_merged.tif,0.4,1,299324530,78,32.4198,34.9117,2.4919
tiny,chip_151_418_merged.tif,0.4,2,2066201547,78,32.7309,34.362,1.6311
tiny,chip_151_418_merged.tif,0.4,3,1685594916,78,33.0567,34.3264,1.2697
tiny,chip_151_418_merged.tif,0.4,4,1205649398,78,32.9198,34.5177,1.5979
tiny,chip_151_418_merged.tif,0.6,0,35971841,117,32.6053,33.9452,1.3399
tiny,chip_151_418_merged.tif,0.6,1,1703509971,117,32.8091,33.9547,1.1456
tiny,chip_151_418_merged.tif,0.6,2,1322903340,117,30.7201,33.8177,3.0975
tiny,chip_151_418_merged.tif,0.6,3,942296709,117,32.7855,34.3403,1.5548
tiny,chip_151_418_merged.tif,0.6,4,462351191,117,32.7861,34.0883,1.3022
tiny,chip_151_418_merged.tif,0.8,0,1700863293,156,31.6619,33.5746,1.9127
tiny,chip_151_418_merged.tif,0.8,1,1320256662,156,31.6716,33.1296,1.458
tiny,chip_151_418_merged.tif,0.8,2,840311144,156,31.6648,33.7145,2.0497
tiny,chip_151_418_merged.tif,0.8,3,459704513,156,31.5806,33.5518,1.9712
tiny,chip_151_418_merged.tif,0.8,4,2127242643,156,32.9566,33.7006,0.7441
tiny,chip_151_484_merged.tif,0.2,0,68412432,39,31.1923,31.9017,0.7093
tiny,chip_151_484_merged.tif,0.2,1,1835289449,39,30.5783,31.8972,1.3189
tiny,chip_151_484_merged.tif,0.2,2,1355343931,39,31.4309,33.0293,1.5984
tiny,chip_151_484_merged.tif,0.2,3,974737300,39,30.9363,32.1921,1.2558
tiny,chip_151_484_merged.tif,0.2,4,494791782,39,27.9693,32.0626,4.0932
tiny,chip_151_484_merged.tif,0.4,0,2055280747,78,29.3217,32.1377,2.816
tiny,chip_151_484_merged.tif,0.4,1,1575335229,78,27.4044,31.8587,4.4543
tiny,chip_151_484_merged.tif,0.4,2,1194728598,78,27.0494,31.8106,4.7612
tiny,chip_151_484_merged.tif,0.4,3,714783080,78,27.0252,30.0071,2.9819
tiny,chip_151_484_merged.tif,0.4,4,334176449,78,29.8901,31.6551,1.765
tiny,chip_151_484_merged.tif,0.6,0,1311982540,117,27.323,29.5999,2.2768
tiny,chip_151_484_merged.tif,0.6,1,832037022,117,25.6658,31.0401,5.3743
tiny,chip_151_484_merged.tif,0.6,2,451430391,117,27.0202,27.9735,0.9533
tiny,chip_151_484_merged.tif,0.6,3,2118968521,117,27.6459,31.2435,3.5976
tiny,chip_151_484_merged.tif,0.6,4,1738361890,117,26.6876,31.477,4.7894
tiny,chip_151_484_merged.tif,0.8,0,829390344,156,26.5276,30.0618,3.5341
tiny,chip_151_484_merged.tif,0.8,1,448783713,156,26.411,27.637,1.226
tiny,chip_151_484_merged.tif,0.8,2,2116321843,156,26.0921,28.3599,2.2679
tiny,chip_151_484_merged.tif,0.8,3,1735715212,156,26.0882,30.67,4.5817
tiny,chip_151_484_merged.tif,0.8,4,1255769694,156,26.0902,28.4515,2.3613
tiny,chip_151_489_merged.tif,0.2,0,2111170159,39,32.3297,33.7593,1.4296
tiny,chip_151_489_merged.tif,0.2,1,1631224641,39,32.7413,34.2358,1.4946
tiny,chip_151_489_merged.tif,0.2,2,1250618010,39,33.2107,34.1567,0.946
tiny,chip_151_489_merged.tif,0.2,3,870011379,39,34.3861,34.1647,-0.2213
tiny,chip_151_489_merged.tif,0.2,4,390065861,39,33.3496,34.0278,0.6781
tiny,chip_151_489_merged.tif,0.4,0,1950554826,78,33.5395,34.0515,0.512
tiny,chip_151_489_merged.tif,0.4,1,1470609308,78,33.5397,33.8899,0.3502
tiny,chip_151_489_merged.tif,0.4,2,1090002677,78,32.9886,34.3123,1.3237
tiny,chip_151_489_merged.tif,0.4,3,610057159,78,33.2147,33.6138,0.3991
tiny,chip_151_489_merged.tif,0.4,4,229450528,78,31.4689,33.7669,2.298
tiny,chip_151_489_merged.tif,0.6,0,1207256619,117,32.94,33.1483,0.2083
tiny,chip_151_489_merged.tif,0.6,1,727311101,117,32.5526,33.4139,0.8612
tiny,chip_151_489_merged.tif,0.6,2,346704470,117,33.0773,33.386,0.3087
tiny,chip_151_489_merged.tif,0.6,3,2014242600,117,32.8159,33.5132,0.6973
tiny,chip_151_489_merged.tif,0.6,4,1633635969,117,32.4817,33.7058,1.2241
tiny,chip_151_489_merged.tif,0.8,0,724664423,156,32.5374,32.8726,0.3352
tiny,chip_151_489_merged.tif,0.8,1,244718905,156,32.5299,33.2772,0.7472
tiny,chip_151_489_merged.tif,0.8,2,2011595922,156,32.2322,32.6444,0.4122
tiny,chip_151_489_merged.tif,0.8,3,1630989291,156,32.5118,32.7346,0.2228
tiny,chip_151_489_merged.tif,0.8,4,1151043773,156,32.4976,33.0828,0.5851
tiny,chip_151_501_merged.tif,0.2,0,1295229284,39,32.0836,32.6059,0.5224
tiny,chip_151_501_merged.tif,0.2,1,815283766,39,32.0794,32.0391,-0.0403
tiny,chip_151_501_merged.tif,0.2,2,434677135,39,31.6354,32.6877,1.0523
tiny,chip_151_501_merged.tif,0.2,3,54070504,39,31.6098,32.4827,0.8729
tiny,chip_151_501_merged.tif,0.2,4,1721608634,39,31.1268,32.6513,1.5245
tiny,chip_151_501_merged.tif,0.4,0,1134613951,78,30.8325,32.0972,1.2647
tiny,chip_151_501_merged.tif,0.4,1,654668433,78,30.2885,32.5284,2.2398
tiny,chip_151_501_merged.tif,0.4,2,274061802,78,30.2603,32.3101,2.0498
tiny,chip_151_501_merged.tif,0.4,3,1941599932,78,30.8315,31.4251,0.5936
tiny,chip_151_501_merged.tif,0.4,4,1560993301,78,31.0174,32.2392,1.2218
tiny,chip_151_501_merged.tif,0.6,0,391315744,117,30.3234,31.9738,1.6504
tiny,chip_151_501_merged.tif,0.6,1,2058853874,117,30.1987,32.0684,1.8698
tiny,chip_151_501_merged.tif,0.6,2,1678247243,117,30.9294,32.0394,1.1099
tiny,chip_151_501_merged.tif,0.6,3,1198301725,117,31.3797,31.466,0.0863
tiny,chip_151_501_merged.tif,0.6,4,817695094,117,30.7274,31.8384,1.111
tiny,chip_151_501_merged.tif,0.8,0,2056207196,156,31.098,31.5542,0.4563
tiny,chip_151_501_merged.tif,0.8,1,1576261678,156,30.1969,31.1533,0.9564
tiny,chip_151_501_merged.tif,0.8,2,1195655047,156,30.191,31.0854,0.8945
tiny,chip_151_501_merged.tif,0.8,3,815048416,156,30.5036,30.9829,0.4793
tiny,chip_151_501_merged.tif,0.8,4,335102898,156,30.1933,30.8885,0.6952
tiny,chip_151_592_merged.tif,0.2,0,1612425901,39,33.3146,34.5517,1.237
tiny,chip_151_592_merged.tif,0.2,1,1132480383,39,32.5647,34.0864,1.5217
tiny,chip_151_592_merged.tif,0.2,2,751873752,39,33.2296,35.0108,1.7811
tiny,chip_151_592_merged.tif,0.2,3,271928234,39,32.5937,34.0673,1.4736
tiny,chip_151_592_merged.tif,0.2,4,2038805251,39,32.1438,34.4938,2.35
tiny,chip_151_592_merged.tif,0.4,0,1352471681,78,32.6963,33.9996,1.3034
tiny,chip_151_592_merged.tif,0.4,1,971865050,78,32.6543,34.2205,1.5663
tiny,chip_151_592_merged.tif,0.4,2,591258419,78,32.6967,34.2587,1.562
tiny,chip_151_592_merged.tif,0.4,3,111312901,78,32.6971,34.4992,1.8021
tiny,chip_151_592_merged.tif,0.4,4,1878189918,78,32.6684,34.3656,1.6972
tiny,chip_151_592_merged.tif,0.6,0,609173474,117,32.4167,33.8159,1.3991
tiny,chip_151_592_merged.tif,0.6,1,228566843,117,32.5987,33.9565,1.3578
tiny,chip_151_592_merged.tif,0.6,2,1995443860,117,31.6661,33.6351,1.969
tiny,chip_151_592_merged.tif,0.6,3,1515498342,117,32.609,33.521,0.912
tiny,chip_151_592_merged.tif,0.6,4,1134891711,117,32.4174,33.9875,1.5701
tiny,chip_151_592_merged.tif,0.8,0,1520464950,156,32.3909,33.1847,0.7938
tiny,chip_151_592_merged.tif,0.8,1,1040519432,156,32.3459,32.9487,0.6028
tiny,chip_151_592_merged.tif,0.8,2,659912801,156,32.3466,32.7302,0.3837
tiny,chip_151_592_merged.tif,0.8,3,279306170,156,32.3371,32.8802,0.5431
tiny,chip_151_592_merged.tif,0.8,4,1946844300,156,32.3461,32.8023,0.4563
tiny,chip_151_604_merged.tif,0.2,0,1526948105,39,33.4561,34.4972,1.0411
tiny,chip_151_604_merged.tif,0.2,1,1146341474,39,32.9429,34.2404,1.2975
tiny,chip_151_604_merged.tif,0.2,2,666395956,39,33.6116,34.5553,0.9436
tiny,chip_151_604_merged.tif,0.2,3,285789325,39,32.5499,34.7176,2.1677
tiny,chip_151_604_merged.tif,0.2,4,2052666342,39,33.0331,35.0616,2.0285
tiny,chip_151_604_merged.tif,0.4,0,1366332772,78,32.773,33.9413,1.1683
tiny,chip_151_604_merged.tif,0.4,1,985726141,78,33.2087,33.9896,0.7809
tiny,chip_151_604_merged.tif,0.4,2,505780623,78,33.2093,33.8397,0.6304
tiny,chip_151_604_merged.tif,0.4,3,125173992,78,32.7999,34.1721,1.3722
tiny,chip_151_604_merged.tif,0.4,4,1792712122,78,32.8309,34.0894,1.2585
tiny,chip_151_604_merged.tif,0.6,0,623034565,117,31.9262,33.7607,1.8345
tiny,chip_151_604_merged.tif,0.6,1,242427934,117,32.7862,33.8191,1.0329
tiny,chip_151_604_merged.tif,0.6,2,1909966064,117,31.4723,33.5632,2.091
tiny,chip_151_604_merged.tif,0.6,3,1529359433,117,31.5008,33.7898,2.2889
tiny,chip_151_604_merged.tif,0.6,4,1049413915,117,31.6851,33.6677,1.9827
tiny,chip_151_604_merged.tif,0.8,0,140442369,156,32.8888,32.9136,0.0248
tiny,chip_151_604_merged.tif,0.8,1,1907319386,156,32.7785,33.1383,0.3598
tiny,chip_151_604_merged.tif,0.8,2,1427373868,156,32.4172,33.0553,0.6381
tiny,chip_151_604_merged.tif,0.8,3,1046767237,156,32.4082,32.883,0.4748
tiny,chip_151_604_merged.tif,0.8,4,666160606,156,32.0383,33.0903,1.052
tiny,chip_152_240_merged.tif,0.2,0,1690725444,39,29.4975,34.6959,5.1985
tiny,chip_152_240_merged.tif,0.2,1,1310118813,39,31.1335,34.8853,3.7517
tiny,chip_152_240_merged.tif,0.2,2,830173295,39,27.7266,35.034,7.3074
tiny,chip_152_240_merged.tif,0.2,3,449566664,39,28.9663,33.7764,4.8101
tiny,chip_152_240_merged.tif,0.2,4,68960033,39,28.8931,34.7818,5.8887
tiny,chip_152_240_merged.tif,0.4,0,724789261,78,29.1957,33.2511,4.0554
tiny,chip_152_240_merged.tif,0.4,1,244843743,78,28.4698,31.4725,3.0026
tiny,chip_152_240_merged.tif,0.4,2,2011720760,78,29.519,32.5193,3.0003
tiny,chip_152_240_merged.tif,0.4,3,1631114129,78,29.0534,33.7043,4.6509
tiny,chip_152_240_merged.tif,0.4,4,1151168611,78,28.5572,32.3042,3.747
tiny,chip_152_240_merged.tif,0.6,0,786811904,117,28.3929,32.1209,3.728
tiny,chip_152_240_merged.tif,0.6,1,406205273,117,28.3824,33.1795,4.7971
tiny,chip_152_240_merged.tif,0.6,2,2073743403,117,27.9724,32.3883,4.4159
tiny,chip_152_240_merged.tif,0.6,3,1693136772,117,28.1069,32.4647,4.3579
tiny,chip_152_240_merged.tif,0.6,4,1213191254,117,28.1581,32.5239,4.3658
tiny,chip_152_240_merged.tif,0.8,0,304219708,156,27.4025,28.6167,1.2142
tiny,chip_152_240_merged.tif,0.8,1,2071096725,156,27.4754,30.6999,3.2245
tiny,chip_152_240_merged.tif,0.8,2,1591151207,156,27.4849,29.7962,2.3113
tiny,chip_152_240_merged.tif,0.8,3,1210544576,156,27.4609,29.109,1.6481
tiny,chip_152_240_merged.tif,0.8,4,829937945,156,27.5454,30.7278,3.1823
tiny,chip_152_404_merged.tif,0.2,0,1778922098,39,32.0361,33.4211,1.385
tiny,chip_152_404_merged.tif,0.2,1,1398315467,39,30.7022,33.3409,2.6387
tiny,chip_152_404_merged.tif,0.2,2,918369949,39,32.1438,34.7205,2.5767
tiny,chip_152_404_merged.tif,0.2,3,537763318,39,31.8497,33.9399,2.0902
tiny,chip_152_404_merged.tif,0.2,4,57817800,39,31.7276,33.1315,1.404
tiny,chip_152_404_merged.tif,0.4,0,812985915,78,31.75,33.1536,1.4036
tiny,chip_152_404_merged.tif,0.4,1,333040397,78,31.4943,33.0506,1.5563
tiny,chip_152_404_merged.tif,0.4,2,2099917414,78,31.4919,34.1383,2.6464
tiny,chip_152_404_merged.tif,0.4,3,1619971896,78,31.2234,32.8288,1.6053
tiny,chip_152_404_merged.tif,0.4,4,1239365265,78,30.4875,32.983,2.4955
tiny,chip_152_404_merged.tif,0.6,0,875008558,117,30.4661,32.3071,1.8411
tiny,chip_152_404_merged.tif,0.6,1,395063040,117,30.382,33.15,2.768
tiny,chip_152_404_merged.tif,0.6,2,14456409,117,30.4512,32.9952,2.544
tiny,chip_152_404_merged.tif,0.6,3,1781333426,117,30.6704,32.2651,1.5946
tiny,chip_152_404_merged.tif,0.6,4,1301387908,117,30.3946,32.2938,1.8992
tiny,chip_152_404_merged.tif,0.8,0,392416362,156,30.3264,31.9023,1.5759
tiny,chip_152_404_merged.tif,0.8,1,11809731,156,30.7459,31.8828,1.1369
tiny,chip_152_404_merged.tif,0.8,2,1679347861,156,30.7011,31.6925,0.9914
tiny,chip_152_404_merged.tif,0.8,3,1298741230,156,30.2775,31.6618,1.3843
tiny,chip_152_404_merged.tif,0.8,4,818795712,156,30.8527,31.9035,1.0508
tiny,chip_152_433_merged.tif,0.2,0,1271069872,39,36.6742,38.0518,1.3775
tiny,chip_152_433_merged.tif,0.2,1,791124354,39,36.9659,38.5945,1.6287
tiny,chip_152_433_merged.tif,0.2,2,410517723,39,38.642,38.1896,-0.4524
tiny,chip_152_433_merged.tif,0.2,3,2078055853,39,36.559,38.4182,1.8592
tiny,chip_152_433_merged.tif,0.2,4,1697449222,39,38.7894,38.3637,-0.4257
tiny,chip_152_433_merged.tif,0.4,0,1011115652,78,37.4195,38.4602,1.0407
tiny,chip_152_433_merged.tif,0.4,1,630509021,78,37.1106,37.6237,0.5131
tiny,chip_152_433_merged.tif,0.4,2,249902390,78,37.025,38.3676,1.3426
tiny,chip_152_433_merged.tif,0.4,3,1917440520,78,35.317,38.2322,2.9151
tiny,chip_152_433_merged.tif,0.4,4,1536833889,78,35.4808,36.9012,1.4204
tiny,chip_152_433_merged.tif,0.6,0,367156332,117,36.7409,37.7844,1.0435
tiny,chip_152_433_merged.tif,0.6,1,2034694462,117,35.4478,37.6687,2.2209
tiny,chip_152_433_merged.tif,0.6,2,1654087831,117,35.525,36.3594,0.8343
tiny,chip_152_433_merged.tif,0.6,3,1174142313,117,36.9994,37.7915,0.7921
tiny,chip_152_433_merged.tif,0.6,4,793535682,117,35.6575,38.3171,2.6596
tiny,chip_152_433_merged.tif,0.8,0,2032047784,156,35.6652,36.2897,0.6246
tiny,chip_152_433_merged.tif,0.8,1,1552102266,156,35.638,37.8366,2.1986
tiny,chip_152_433_merged.tif,0.8,2,1171495635,156,36.086,37.7245,1.6385
tiny,chip_152_433_merged.tif,0.8,3,691550117,156,35.8239,38.1513,2.3274
tiny,chip_152_433_merged.tif,0.8,4,310943486,156,35.6574,37.2768,1.6194
tiny,chip_152_478_merged.tif,0.2,0,1008458928,39,29.3608,31.7686,2.4078
tiny,chip_152_478_merged.tif,0.2,1,528513410,39,30.2344,33.0513,2.8169
tiny,chip_152_478_merged.tif,0.2,2,147906779,39,30.6989,32.4003,1.7014
tiny,chip_152_478_merged.tif,0.2,3,1815444909,39,29.149,32.6424,3.4935
tiny,chip_152_478_merged.tif,0.2,4,1434838278,39,25.5445,33.8532,8.3086
tiny,chip_152_478_merged.tif,0.4,0,748504708,78,30.485,31.9802,1.4952
tiny,chip_152_478_merged.tif,0.4,1,367898077,78,26.7069,32.1653,5.4584
tiny,chip_152_478_merged.tif,0.4,2,2035436207,78,28.1289,32.3674,4.2385
tiny,chip_152_478_merged.tif,0.4,3,1654829576,78,30.2169,32.0092,1.7923
tiny,chip_152_478_merged.tif,0.4,4,1274222945,78,26.686,32.9769,6.2909
tiny,chip_152_478_merged.tif,0.6,0,5206501,117,27.1882,31.257,4.0688
tiny,chip_152_478_merged.tif,0.6,1,1772083518,117,27.6851,28.5501,0.865
tiny,chip_152_478_merged.tif,0.6,2,1391476887,117,26.9972,30.814,3.8168
tiny,chip_152_478_merged.tif,0.6,3,911531369,117,27.5098,31.6834,4.1736
tiny,chip_152_478_merged.tif,0.6,4,530924738,117,27.1871,31.3206,4.1335
tiny,chip_152_478_merged.tif,0.8,0,1769436840,156,27.87,29.1946,1.3245
tiny,chip_152_478_merged.tif,0.8,1,1289491322,156,26.5261,29.662,3.1359
tiny,chip_152_478_merged.tif,0.8,2,908884691,156,27.8311,29.0155,1.1844
tiny,chip_152_478_merged.tif,0.8,3,428939173,156,26.7723,28.2865,1.5142
tiny,chip_152_478_merged.tif,0.8,4,48332542,156,27.9293,28.1574,0.2281
tiny,chip_152_479_merged.tif,0.2,0,1855430791,39,32.822,33.226,0.404
tiny,chip_152_479_merged.tif,0.2,1,1375485273,39,32.123,31.7946,-0.3283
tiny,chip_152_479_merged.tif,0.2,2,994878642,39,30.7173,33.1458,2.4285
tiny,chip_152_479_merged.tif,0.2,3,514933124,39,31.368,31.9501,0.5822
tiny,chip_152_479_merged.tif,0.2,4,134326493,39,29.2345,31.9547,2.7202
tiny,chip_152_479_merged.tif,0.4,0,1595476571,78,30.5699,30.6001,0.0303
tiny,chip_152_479_merged.tif,0.4,1,1214869940,78,28.9522,32.7966,3.8445
tiny,chip_152_479_merged.tif,0.4,2,734924422,78,31.0804,32.604,1.5236
tiny,chip_152_479_merged.tif,0.4,3,354317791,78,30.2897,32.908,2.6184
tiny,chip_152_479_merged.tif,0.4,4,2121194808,78,30.2574,32.15,1.8926
tiny,chip_152_479_merged.tif,0.6,0,852178364,117,30.4525,32.4543,2.0018
tiny,chip_152_479_merged.tif,0.6,1,471571733,117,30.4277,32.298,1.8703
tiny,chip_152_479_merged.tif,0.6,2,90965102,117,30.4671,32.0856,1.6185
tiny,chip_152_479_merged.tif,0.6,3,1758503232,117,30.6888,31.3802,0.6914
tiny,chip_152_479_merged.tif,0.6,4,1377896601,117,29.9632,31.6994,1.7362
tiny,chip_152_479_merged.tif,0.8,0,468925055,156,29.9452,30.417,0.4718
tiny,chip_152_479_merged.tif,0.8,1,2136463185,156,29.4477,29.7175,0.2698
tiny,chip_152_479_merged.tif,0.8,2,1755856554,156,28.7394,29.5012,0.7618
tiny,chip_152_479_merged.tif,0.8,3,1275911036,156,29.4099,30.8455,1.4356
tiny,chip_152_479_merged.tif,0.8,4,895304405,156,29.4365,30.2346,0.7981
tiny,chip_152_490_merged.tif,0.2,0,405909994,39,31.7219,32.6726,0.9507
tiny,chip_152_490_merged.tif,0.2,1,2073448124,39,32.2679,32.7687,0.5008
tiny,chip_152_490_merged.tif,0.2,2,1692841493,39,31.5477,33.1595,1.6118
tiny,chip_152_490_merged.tif,0.2,3,1212895975,39,31.9706,32.675,0.7045
tiny,chip_152_490_merged.tif,0.2,4,832289344,39,32.2261,33.3245,1.0984
tiny,chip_152_490_merged.tif,0.4,0,145955774,78,31.9908,31.8522,-0.1386
tiny,chip_152_490_merged.tif,0.4,1,1912832791,78,30.6981,32.4209,1.7227
tiny,chip_152_490_merged.tif,0.4,2,1432887273,78,31.7688,31.7428,-0.026
tiny,chip_152_490_merged.tif,0.4,3,1052280642,78,32.0726,32.9759,0.9033
tiny,chip_152_490_merged.tif,0.4,4,671674011,78,32.1323,31.3153,-0.817
tiny,chip_152_490_merged.tif,0.6,0,1550141215,117,31.8847,31.5528,-0.3319
tiny,chip_152_490_merged.tif,0.6,1,1169534584,117,31.5681,31.6321,0.064
tiny,chip_152_490_merged.tif,0.6,2,689589066,117,31.5853,31.4261,-0.1592
tiny,chip_152_490_merged.tif,0.6,3,308982435,117,30.9883,31.4588,0.4705
tiny,chip_152_490_merged.tif,0.6,4,2075859452,117,31.7834,31.3315,-0.4519
tiny,chip_152_490_merged.tif,0.8,0,1166887906,156,30.8177,31.2334,0.4157
tiny,chip_152_490_merged.tif,0.8,1,686942388,156,30.807,31.2462,0.4392
tiny,chip_152_490_merged.tif,0.8,2,306335757,156,30.8297,31.3802,0.5505
tiny,chip_152_490_merged.tif,0.8,3,1973873887,156,31.5206,31.7957,0.275
tiny,chip_152_490_merged.tif,0.8,4,1593267256,156,30.405,31.844,1.439
tiny,chip_153_469_merged.tif,0.2,0,1060989706,39,33.6097,33.9861,0.3764
tiny,chip_153_469_merged.tif,0.2,1,680383075,39,33.6102,34.3609,0.7507
tiny,chip_153_469_merged.tif,0.2,2,299776444,39,33.6126,34.1823,0.5697
tiny,chip_153_469_merged.tif,0.2,3,1967314574,39,33.4502,34.8619,1.4116
tiny,chip_153_469_merged.tif,0.2,4,1586707943,39,32.9654,35.1474,2.1819
tiny,chip_153_469_merged.tif,0.4,0,900374373,78,33.1949,33.9641,0.7692
tiny,chip_153_469_merged.tif,0.4,1,519767742,78,32.4515,34.1924,1.7409
tiny,chip_153_469_merged.tif,0.4,2,39822224,78,32.9453,33.7195,0.7741
tiny,chip_153_469_merged.tif,0.4,3,1806699241,78,33.353,34.2688,0.9158
tiny,chip_153_469_merged.tif,0.4,4,1426092610,78,33.456,34.7531,1.2971
tiny,chip_153_469_merged.tif,0.6,0,157076166,117,32.8339,33.791,0.9571
tiny,chip_153_469_merged.tif,0.6,1,1923953183,117,33.2292,33.9563,0.727
tiny,chip_153_469_merged.tif,0.6,2,1444007665,117,33.224,33.6968,0.4728
tiny,chip_153_469_merged.tif,0.6,3,1063401034,117,33.4171,33.7763,0.3592
tiny,chip_153_469_merged.tif,0.6,4,682794403,117,33.2377,33.9461,0.7084
tiny,chip_153_469_merged.tif,0.8,0,1821967618,156,33.0116,33.2945,0.2829
tiny,chip_153_469_merged.tif,0.8,1,1441360987,156,33.1743,33.286,0.1117
tiny,chip_153_469_merged.tif,0.8,2,1060754356,156,33.2259,33.206,-0.02
tiny,chip_153_469_merged.tif,0.8,3,580808838,156,32.6257,33.2004,0.5746
tiny,chip_153_469_merged.tif,0.8,4,200202207,156,33.2167,32.9995,-0.2173
tiny,chip_154_346_merged.tif,0.2,0,2064601388,39,36.0038,39.6601,3.6563
tiny,chip_154_346_merged.tif,0.2,1,1584655870,39,38.6628,37.742,-0.9208
tiny,chip_154_346_merged.tif,0.2,2,1204049239,39,36.1761,37.4746,1.2985
tiny,chip_154_346_merged.tif,0.2,3,724103721,39,37.6426,39.5076,1.8651
tiny,chip_154_346_merged.tif,0.2,4,343497090,39,38.9595,38.3553,-0.6042
tiny,chip_154_346_merged.tif,0.4,0,1804647168,78,37.9532,38.698,0.7448
tiny,chip_154_346_merged.tif,0.4,1,1424040537,78,37.6211,38.1434,0.5223
tiny,chip_154_346_merged.tif,0.4,2,944095019,78,36.8674,37.8848,1.0173
tiny,chip_154_346_merged.tif,0.4,3,563488388,78,37.9143,38.9914,1.0771
tiny,chip_154_346_merged.tif,0.4,4,182881757,78,37.4939,38.1061,0.6122
tiny,chip_154_346_merged.tif,0.6,0,1061348961,117,36.8888,38.2228,1.334
tiny,chip_154_346_merged.tif,0.6,1,680742330,117,36.7864,39.0759,2.2895
tiny,chip_154_346_merged.tif,0.6,2,300135699,117,37.4693,37.8924,0.4231
tiny,chip_154_346_merged.tif,0.6,3,1967673829,117,37.2678,38.2831,1.0153
tiny,chip_154_346_merged.tif,0.6,4,1587067198,117,36.9891,37.9407,0.9515
tiny,chip_154_346_merged.tif,0.8,0,678095652,156,36.5077,37.6041,1.0964
tiny,chip_154_346_merged.tif,0.8,1,198150134,156,36.5143,37.4263,0.9121
tiny,chip_154_346_merged.tif,0.8,2,1965027151,156,36.9227,37.8973,0.9746
tiny,chip_154_346_merged.tif,0.8,3,1485081633,156,36.9779,37.2247,0.2468
tiny,chip_154_346_merged.tif,0.8,4,1104475002,156,36.5418,36.8695,0.3277
tiny,chip_154_484_merged.tif,0.2,0,1416908103,39,29.5571,34.2505,4.6934
tiny,chip_154_484_merged.tif,0.2,1,1036301472,39,33.6848,33.9133,0.2285
tiny,chip_154_484_merged.tif,0.2,2,655694841,39,32.0562,34.2953,2.2391
tiny,chip_154_484_merged.tif,0.2,3,175749323,39,33.976,34.9655,0.9894
tiny,chip_154_484_merged.tif,0.2,4,1942626340,39,33.1309,33.3416,0.2107
tiny,chip_154_484_merged.tif,0.4,0,1256292770,78,30.8883,34.1444,3.256
tiny,chip_154_484_merged.tif,0.4,1,875686139,78,32.8268,33.8907,1.0639
tiny,chip_154_484_merged.tif,0.4,2,395740621,78,33.5237,33.5205,-0.0032
tiny,chip_154_484_merged.tif,0.4,3,15133990,78,30.8866,34.1563,3.2697
tiny,chip_154_484_merged.tif,0.4,4,1682672120,78,32.6436,34.2744,1.6308
tiny,chip_154_484_merged.tif,0.6,0,512994563,117,31.7253,33.3513,1.6261
tiny,chip_154_484_merged.tif,0.6,1,132387932,117,31.2035,33.1793,1.9758
tiny,chip_154_484_merged.tif,0.6,2,1799926062,117,32.645,33.2684,0.6233
tiny,chip_154_484_merged.tif,0.6,3,1419319431,117,31.7234,33.6886,1.9652
tiny,chip_154_484_merged.tif,0.6,4,939373913,117,32.2358,33.766,1.5302
tiny,chip_154_484_merged.tif,0.8,0,30402367,156,31.4163,32.4054,0.9891
tiny,chip_154_484_merged.tif,0.8,1,1797279384,156,31.1908,32.7496,1.5589
tiny,chip_154_484_merged.tif,0.8,2,1416672753,156,30.9732,32.6333,1.6602
tiny,chip_154_484_merged.tif,0.8,3,936727235,156,31.1993,33.0731,1.8738
tiny,chip_154_484_merged.tif,0.8,4,556120604,156,31.2785,32.595,1.3165
tiny,chip_155_408_merged.tif,0.2,0,1659224381,39,33.8183,35.0323,1.214
tiny,chip_155_408_merged.tif,0.2,1,1179278863,39,33.3556,33.6506,0.295
tiny,chip_155_408_merged.tif,0.2,2,798672232,39,32.8289,34.7517,1.9228
tiny,chip_155_408_merged.tif,0.2,3,318726714,39,33.4054,34.0889,0.6835
tiny,chip_155_408_merged.tif,0.2,4,2085603731,39,32.2669,34.4434,2.1765
tiny,chip_155_408_merged.tif,0.4,0,1399270161,78,32.1095,33.943,1.8335
tiny,chip_155_408_merged.tif,0.4,1,1018663530,78,31.6915,33.7189,2.0274
tiny,chip_155_408_merged.tif,0.4,2,638056899,78,31.9783,34.1795,2.2012
tiny,chip_155_408_merged.tif,0.4,3,158111381,78,31.6005,34.2547,2.6542
tiny,chip_155_408_merged.tif,0.4,4,1924988398,78,32.5722,33.7784,1.2062
tiny,chip_155_408_merged.tif,0.6,0,655971954,117,31.8192,33.637,1.8178
tiny,chip_155_408_merged.tif,0.6,1,275365323,117,31.6326,33.1343,1.5017
tiny,chip_155_408_merged.tif,0.6,2,2042242340,117,31.6832,33.0007,1.3175
tiny,chip_155_408_merged.tif,0.6,3,1562296822,117,31.7947,33.0851,1.2904
tiny,chip_155_408_merged.tif,0.6,4,1181690191,117,31.6017,32.6131,1.0114
tiny,chip_155_408_merged.tif,0.8,0,272718645,156,31.4105,32.5267,1.1162
tiny,chip_155_408_merged.tif,0.8,1,1940256775,156,31.4309,32.417,0.9861
tiny,chip_155_408_merged.tif,0.8,2,1559650144,156,31.4303,33.2082,1.7779
tiny,chip_155_408_merged.tif,0.8,3,1079704626,156,31.8772,32.717,0.8398
tiny,chip_155_408_merged.tif,0.8,4,699097995,156,31.8166,32.5975,0.7809
tiny,chip_155_474_merged.tif,0.2,0,235081835,39,29.5186,33.0166,3.498
tiny,chip_155_474_merged.tif,0.2,1,1902619965,39,29.9765,32.8727,2.8962
tiny,chip_155_474_merged.tif,0.2,2,1522013334,39,31.9551,31.8129,-0.1422
tiny,chip_155_474_merged.tif,0.2,3,1141406703,39,31.767,32.335,0.568
tiny,chip_155_474_merged.tif,0.2,4,661461185,39,33.481,32.8029,-0.6781
tiny,chip_155_474_merged.tif,0.4,0,1317290413,78,31.0211,32.3241,1.303
tiny,chip_155_474_merged.tif,0.4,1,936683782,78,31.018,32.6345,1.6165
tiny,chip_155_474_merged.tif,0.4,2,556077151,78,31.659,32.6844,1.0254
tiny,chip_155_474_merged.tif,0.4,3,76131633,78,30.4661,32.0291,1.563
tiny,chip_155_474_merged.tif,0.4,4,1843008650,78,31.6603,31.5695,-0.0908
tiny,chip_155_474_merged.tif,0.6,0,1478651943,117,30.4871,31.7598,1.2727
tiny,chip_155_474_merged.tif,0.6,1,998706425,117,30.7823,31.8108,1.0285
tiny,chip_155_474_merged.tif,0.6,2,618099794,117,30.1357,31.9704,1.8346
tiny,chip_155_474_merged.tif,0.6,3,138154276,117,30.3849,31.8872,1.5023
tiny,chip_155_474_merged.tif,0.6,4,1905031293,117,30.3819,31.8495,1.4677
tiny,chip_155_474_merged.tif,0.8,0,996059747,156,30.1265,30.5653,0.4388
tiny,chip_155_474_merged.tif,0.8,1,516114229,156,29.935,31.264,1.3291
tiny,chip_155_474_merged.tif,0.8,2,135507598,156,29.9493,30.9074,0.9582
tiny,chip_155_474_merged.tif,0.8,3,1902384615,156,30.0457,30.7767,0.7311
tiny,chip_155_474_merged.tif,0.8,4,1422439097,156,30.0806,31.0295,0.9489
tiny,chip_155_475_merged.tif,0.2,0,2003638417,39,32.8278,35.6368,2.809
tiny,chip_155_475_merged.tif,0.2,1,1523692899,39,32.8275,34.9158,2.0883
tiny,chip_155_475_merged.tif,0.2,2,1143086268,39,34.1052,35.641,1.5358
tiny,chip_155_475_merged.tif,0.2,3,663140750,39,32.2768,34.8224,2.5456
tiny,chip_155_475_merged.tif,0.2,4,282534119,39,32.6884,33.8394,1.1511
tiny,chip_155_475_merged.tif,0.4,0,1743684197,78,33.3502,34.1766,0.8264
tiny,chip_155_475_merged.tif,0.4,1,1363077566,78,32.7958,34.3685,1.5727
tiny,chip_155_475_merged.tif,0.4,2,883132048,78,31.9804,34.4305,2.4501
tiny,chip_155_475_merged.tif,0.4,3,502525417,78,32.8365,34.2726,1.4361
tiny,chip_155_475_merged.tif,0.4,4,121918786,78,31.9786,34.7905,2.8119
tiny,chip_155_475_merged.tif,0.6,0,1000385990,117,32.3779,33.8173,1.4394
tiny,chip_155_475_merged.tif,0.6,1,619779359,117,32.3599,33.8853,1.5255
tiny,chip_155_475_merged.tif,0.6,2,239172728,117,31.9416,33.8383,1.8967
tiny,chip_155_475_merged.tif,0.6,3,1906710858,117,32.5701,33.0064,0.4363
tiny,chip_155_475_merged.tif,0.6,4,1526104227,117,31.9539,33.3744,1.4206
tiny,chip_155_475_merged.tif,0.8,0,617132681,156,31.0943,33.4296,2.3353
tiny,chip_155_475_merged.tif,0.8,1,137187163,156,32.6462,33.6957,1.0496
tiny,chip_155_475_merged.tif,0.8,2,1904064180,156,31.7006,33.2018,1.5013
tiny,chip_155_475_merged.tif,0.8,3,1424118662,156,32.652,32.954,0.302
tiny,chip_155_475_merged.tif,0.8,4,1043512031,156,32.9562,32.9876,0.0315
tiny,chip_155_479_merged.tif,0.2,0,999691115,39,30.7136,33.2893,2.5757
tiny,chip_155_479_merged.tif,0.2,1,519745597,39,30.7143,32.5179,1.8036
tiny,chip_155_479_merged.tif,0.2,2,139138966,39,29.2553,31.2557,2.0005
tiny,chip_155_479_merged.tif,0.2,3,1806677096,39,28.144,32.5392,4.3952
tiny,chip_155_479_merged.tif,0.2,4,1426070465,39,30.5041,32.5889,2.0849
tiny,chip_155_479_merged.tif,0.4,0,739736895,78,28.0578,31.8413,3.7835
tiny,chip_155_479_merged.tif,0.4,1,359130264,78,28.2092,31.9928,3.7836
tiny,chip_155_479_merged.tif,0.4,2,2126007281,78,29.1155,31.5088,2.3932
tiny,chip_155_479_merged.tif,0.4,3,1646061763,78,28.3952,31.2813,2.8861
tiny,chip_155_479_merged.tif,0.4,4,1265455132,78,29.0125,32.6458,3.6333
tiny,chip_155_479_merged.tif,0.6,0,95777575,117,29.4394,29.9606,0.5211
tiny,chip_155_479_merged.tif,0.6,1,1763315705,117,28.794,30.6507,1.8567
tiny,chip_155_479_merged.tif,0.6,2,1382709074,117,29.4741,31.7823,2.3082
tiny,chip_155_479_merged.tif,0.6,3,902763556,117,28.4672,31.0907,2.6235
tiny,chip_155_479_merged.tif,0.6,4,522156925,117,28.6681,31.1175,2.4494
tiny,chip_155_479_merged.tif,0.8,0,1760669027,156,28.4083,30.0922,1.6839
tiny,chip_155_479_merged.tif,0.8,1,1280723509,156,28.3724,29.4722,1.0998
tiny,chip_155_479_merged.tif,0.8,2,900116878,156,28.2488,29.6447,1.3959
tiny,chip_155_479_merged.tif,0.8,3,420171360,156,28.3947,29.8263,1.4315
tiny,chip_155_479_merged.tif,0.8,4,39564729,156,27.1823,30.1086,2.9264
tiny,chip_155_483_merged.tif,0.2,0,1821752021,39,32.5171,33.4589,0.9418
tiny,chip_155_483_merged.tif,0.2,1,1441145390,39,31.7106,34.1749,2.4643
tiny,chip_155_483_merged.tif,0.2,2,1060538759,39,33.1155,35.1124,1.9969
tiny,chip_155_483_merged.tif,0.2,3,580593241,39,29.8432,35.6747,5.8315
tiny,chip_155_483_merged.tif,0.2,4,199986610,39,33.6139,34.9738,1.3599
tiny,chip_155_483_merged.tif,0.4,0,1661136688,78,30.5342,34.363,3.8288
tiny,chip_155_483_merged.tif,0.4,1,1280530057,78,30.4119,33.9697,3.5578
tiny,chip_155_483_merged.tif,0.4,2,800584539,78,32.6289,34.3718,1.7429
tiny,chip_155_483_merged.tif,0.4,3,419977908,78,31.6438,34.1385,2.4947
tiny,chip_155_483_merged.tif,0.4,4,39371277,78,32.0838,33.5821,1.4983
tiny,chip_155_483_merged.tif,0.6,0,917838481,117,31.1518,33.0284,1.8765
tiny,chip_155_483_merged.tif,0.6,1,537231850,117,31.6779,32.3367,0.6588
tiny,chip_155_483_merged.tif,0.6,2,57286332,117,30.9088,33.1656,2.2568
tiny,chip_155_483_merged.tif,0.6,3,1824163349,117,31.3936,33.1372,1.7436
tiny,chip_155_483_merged.tif,0.6,4,1443556718,117,31.1867,33.391,2.2043
tiny,chip_155_483_merged.tif,0.8,0,435246285,156,31.1691,31.6331,0.464
tiny,chip_155_483_merged.tif,0.8,1,54639654,156,31.255,31.4139,0.1589
tiny,chip_155_483_merged.tif,0.8,2,1821516671,156,30.9506,32.5023,1.5517
tiny,chip_155_483_merged.tif,0.8,3,1341571153,156,31.1015,32.134,1.0325
tiny,chip_155_483_merged.tif,0.8,4,960964522,156,30.866,31.6034,0.7374
tiny,chip_156_008_merged.tif,0.2,0,718482013,39,34.3041,36.4567,2.1526
tiny,chip_156_008_merged.tif,0.2,1,337875382,39,35.7061,35.7391,0.033
tiny,chip_156_008_merged.tif,0.2,2,2005413512,39,32.6311,35.048,2.417
tiny,chip_156_008_merged.tif,0.2,3,1624806881,39,34.3036,37.3805,3.077
tiny,chip_156_008_merged.tif,0.2,4,1144861363,39,32.9506,34.5806,1.6299
tiny,chip_156_008_merged.tif,0.4,0,557866680,78,34.2488,35.8345,1.5857
tiny,chip_156_008_merged.tif,0.4,1,77921162,78,34.3044,35.9085,1.6041
tiny,chip_156_008_merged.tif,0.4,2,1844798179,78,34.3044,34.5256,0.2212
tiny,chip_156_008_merged.tif,0.4,3,1464191548,78,33.8007,35.6547,1.8541
tiny,chip_156_008_merged.tif,0.4,4,984246030,78,35.7962,36.9058,1.1095
tiny,chip_156_008_merged.tif,0.6,0,1962052121,117,33.9867,34.542,0.5554
tiny,chip_156_008_merged.tif,0.6,1,1482106603,117,34.3342,35.4037,1.0695
tiny,chip_156_008_merged.tif,0.6,2,1101499972,117,34.0195,35.5505,1.531
tiny,chip_156_008_merged.tif,0.6,3,720893341,117,35.258,35.7383,0.4803
tiny,chip_156_008_merged.tif,0.6,4,240947823,117,33.9989,35.3472,1.3484
tiny,chip_156_008_merged.tif,0.8,0,1479459925,156,33.9654,34.4891,0.5237
tiny,chip_156_008_merged.tif,0.8,1,1098853294,156,34.5174,34.5633,0.0459
tiny,chip_156_008_merged.tif,0.8,2,618907776,156,34.282,35.1728,0.8908
tiny,chip_156_008_merged.tif,0.8,3,238301145,156,34.3299,34.4878,0.1579
tiny,chip_156_008_merged.tif,0.8,4,1905839275,156,33.9568,34.7672,0.8104
tiny,chip_157_480_merged.tif,0.2,0,942826531,39,30.4529,31.1124,0.6596
tiny,chip_157_480_merged.tif,0.2,1,462881013,39,30.0583,31.5868,1.5285
tiny,chip_157_480_merged.tif,0.2,2,82274382,39,29.0216,30.8682,1.8466
tiny,chip_157_480_merged.tif,0.2,3,1849151399,39,31.4392,30.7821,-0.6572
tiny,chip_157_480_merged.tif,0.2,4,1369205881,39,30.5266,30.7794,0.2528
tiny,chip_157_480_merged.tif,0.4,0,2025035109,78,29.8783,30.8863,1.008
tiny,chip_157_480_merged.tif,0.4,1,1644428478,78,30.1101,31.3014,1.1913
tiny,chip_157_480_merged.tif,0.4,2,1263821847,78,29.7503,30.9424,1.1922
tiny,chip_157_480_merged.tif,0.4,3,783876329,78,30.1095,31.5894,1.4799
tiny,chip_157_480_merged.tif,0.4,4,403269698,78,30.1393,31.3016,1.1623
tiny,chip_157_480_merged.tif,0.6,0,38912991,117,29.743,30.8209,1.0779
tiny,chip_157_480_merged.tif,0.6,1,1706451121,117,30.3096,30.7919,0.4823
tiny,chip_157_480_merged.tif,0.6,2,1325844490,117,30.3627,30.6191,0.2565
tiny,chip_157_480_merged.tif,0.6,3,845898972,117,29.7818,30.6132,0.8314
tiny,chip_157_480_merged.tif,0.6,4,465292341,117,29.5895,30.7179,1.1284
tiny,chip_157_480_merged.tif,0.8,0,1703804443,156,29.6784,30.3074,0.629
tiny,chip_157_480_merged.tif,0.8,1,1223858925,156,29.7675,30.1207,0.3532
tiny,chip_157_480_merged.tif,0.8,2,843252294,156,29.6782,30.2898,0.6116
tiny,chip_157_480_merged.tif,0.8,3,462645663,156,30.2766,30.2646,-0.012
tiny,chip_157_480_merged.tif,0.8,4,2130183793,156,29.7679,30.5017,0.7338
tiny,chip_159_403_merged.tif,0.2,0,2082446068,39,32.9218,34.4911,1.5693
tiny,chip_159_403_merged.tif,0.2,1,1602500550,39,34.4976,35.2697,0.7721
tiny,chip_159_403_merged.tif,0.2,2,1221893919,39,32.9311,35.3326,2.4015
tiny,chip_159_403_merged.tif,0.2,3,841287288,39,32.6544,35.2192,2.5648
tiny,chip_159_403_merged.tif,0.2,4,361341770,39,32.9211,34.817,1.8959
tiny,chip_159_403_merged.tif,0.4,0,1921830735,78,34.2674,34.4913,0.2239
tiny,chip_159_403_merged.tif,0.4,1,1441885217,78,34.6213,34.9377,0.3164
tiny,chip_159_403_merged.tif,0.4,2,1061278586,78,32.7678,34.8287,2.0609
tiny,chip_159_403_merged.tif,0.4,3,581333068,78,32.6423,34.3956,1.7533
tiny,chip_159_403_merged.tif,0.4,4,200726437,78,34.2638,34.3409,0.077
tiny,chip_159_403_merged.tif,0.6,0,1178532528,117,33.283,34.1087,0.8257
tiny,chip_159_403_merged.tif,0.6,1,698587010,117,33.3401,33.9954,0.6553
tiny,chip_159_403_merged.tif,0.6,2,317980379,117,33.1826,34.3837,1.2011
tiny,chip_159_403_merged.tif,0.6,3,1985518509,117,33.4026,34.3037,0.9011
tiny,chip_159_403_merged.tif,0.6,4,1604911878,117,32.2179,33.9917,1.7738
tiny,chip_159_403_merged.tif,0.8,0,695940332,156,32.5039,33.6532,1.1493
tiny,chip_159_403_merged.tif,0.8,1,215994814,156,33.2219,33.4392,0.2173
tiny,chip_159_403_merged.tif,0.8,2,1982871831,156,32.7388,33.0052,0.2664
tiny,chip_159_403_merged.tif,0.8,3,1602265200,156,32.5656,33.3516,0.7859
tiny,chip_159_403_merged.tif,0.8,4,1122319682,156,33.2602,33.0281,-0.2321
tiny,chip_159_406_merged.tif,0.2,0,1520780108,39,32.3858,34.2345,1.8487
tiny,chip_159_406_merged.tif,0.2,1,1140173477,39,32.6316,34.0529,1.4213
tiny,chip_159_406_merged.tif,0.2,2,759566846,39,32.3858,35.0298,2.644
tiny,chip_159_406_merged.tif,0.2,3,279621328,39,32.2851,33.9949,1.7099
tiny,chip_159_406_merged.tif,0.2,4,2046498345,39,32.6277,34.2102,1.5824
tiny,chip_159_406_merged.tif,0.4,0,1360164775,78,31.0833,34.0489,2.9655
tiny,chip_159_406_merged.tif,0.4,1,979558144,78,32.3491,33.9958,1.6467
tiny,chip_159_406_merged.tif,0.4,2,499612626,78,32.3493,33.963,1.6138
tiny,chip_159_406_merged.tif,0.4,3,119005995,78,31.6499,33.7944,2.1445
tiny,chip_159_406_merged.tif,0.4,4,1786544125,78,31.2103,34.3833,3.173
tiny,chip_159_406_merged.tif,0.6,0,616866568,117,30.9043,32.5902,1.6859
tiny,chip_159_406_merged.tif,0.6,1,236259937,117,31.2565,33.5731,2.3166
tiny,chip_159_406_merged.tif,0.6,2,1903798067,117,31.0066,33.3386,2.332
tiny,chip_159_406_merged.tif,0.6,3,1523191436,117,31.0299,32.7592,1.7292
tiny,chip_159_406_merged.tif,0.6,4,1142584805,117,31.3464,32.5528,1.2065
tiny,chip_159_406_merged.tif,0.8,0,134274372,156,31.3712,32.348,0.9768
tiny,chip_159_406_merged.tif,0.8,1,1901151389,156,31.4259,32.6086,1.1827
tiny,chip_159_406_merged.tif,0.8,2,1520544758,156,31.7076,32.4041,0.6965
tiny,chip_159_406_merged.tif,0.8,3,1040599240,156,30.9196,32.2533,1.3337
tiny,chip_159_406_merged.tif,0.8,4,659992609,156,31.1457,32.4815,1.3358
tiny,chip_160_591_merged.tif,0.2,0,388859531,39,29.7872,31.2193,1.4321
tiny,chip_160_591_merged.tif,0.2,1,8252900,39,29.351,31.9698,2.6188
tiny,chip_160_591_merged.tif,0.2,2,1675791030,39,30.8025,31.5922,0.7898
tiny,chip_160_591_merged.tif,0.2,3,1295184399,39,29.1728,32.5473,3.3745
tiny,chip_160_591_merged.tif,0.2,4,815238881,39,31.1016,31.3018,0.2002
tiny,chip_160_591_merged.tif,0.4,0,228244198,78,29.8188,31.7333,1.9145
tiny,chip_160_591_merged.tif,0.4,1,1895782328,78,28.8869,31.443,2.5561
tiny,chip_160_591_merged.tif,0.4,2,1515175697,78,29.2265,31.4821,2.2555
tiny,chip_160_591_merged.tif,0.4,3,1134569066,78,29.8189,31.7574,1.9385
tiny,chip_160_591_merged.tif,0.4,4,654623548,78,29.085,31.2197,2.1347
tiny,chip_160_591_merged.tif,0.6,0,1632429639,117,29.7121,30.8681,1.156
tiny,chip_160_591_merged.tif,0.6,1,1152484121,117,29.4079,30.9264,1.5185
tiny,chip_160_591_merged.tif,0.6,2,771877490,117,29.2704,30.899,1.6286
tiny,chip_160_591_merged.tif,0.6,3,391270859,117,29.4038,30.7715,1.3678
tiny,chip_160_591_merged.tif,0.6,4,2058808989,117,29.6918,30.8277,1.1359
tiny,chip_160_591_merged.tif,0.8,0,1149837443,156,29.6148,30.6761,1.0612
tiny,chip_160_591_merged.tif,0.8,1,769230812,156,29.6048,30.2699,0.6652
tiny,chip_160_591_merged.tif,0.8,2,289285294,156,29.4176,30.1589,0.7413
tiny,chip_160_591_merged.tif,0.8,3,2056162311,156,29.6881,30.6969,1.0088
tiny,chip_160_591_merged.tif,0.8,4,1576216793,156,29.4947,30.2389,0.7442
tiny,chip_162_370_merged.tif,0.2,0,1690092610,39,33.5406,35.0912,1.5506
tiny,chip_162_370_merged.tif,0.2,1,1309485979,39,34.1235,34.9816,0.8581
tiny,chip_162_370_merged.tif,0.2,2,829540461,39,33.7417,35.514,1.7722
tiny,chip_162_370_merged.tif,0.2,3,448933830,39,34.0724,34.0439,-0.0285
tiny,chip_162_370_merged.tif,0.2,4,2116471960,39,32.6226,34.6345,2.0119
tiny,chip_162_370_merged.tif,0.4,0,1529477277,78,33.7274,34.5315,0.8041
tiny,chip_162_370_merged.tif,0.4,1,1049531759,78,33.7249,34.2015,0.4766
tiny,chip_162_370_merged.tif,0.4,2,668925128,78,33.7554,34.6953,0.9399
tiny,chip_162_370_merged.tif,0.4,3,288318497,78,33.0283,34.4537,1.4254
tiny,chip_162_370_merged.tif,0.4,4,1955856627,78,33.0676,35.2058,2.1382
tiny,chip_162_370_merged.tif,0.6,0,786179070,117,33.9166,34.1815,0.2648
tiny,chip_162_370_merged.tif,0.6,1,306233552,117,33.9757,34.8201,0.8444
tiny,chip_162_370_merged.tif,0.6,2,2073110569,117,33.4225,34.0175,0.595
tiny,chip_162_370_merged.tif,0.6,3,1692503938,117,33.9718,33.9851,0.0133
tiny,chip_162_370_merged.tif,0.6,4,1212558420,117,33.3716,34.4634,1.0918
tiny,chip_162_370_merged.tif,0.8,0,303586874,156,33.202,33.8414,0.6394
tiny,chip_162_370_merged.tif,0.8,1,2070463891,156,33.1946,33.8974,0.7028
tiny,chip_162_370_merged.tif,0.8,2,1590518373,156,33.1844,34.0361,0.8517
tiny,chip_162_370_merged.tif,0.8,3,1209911742,156,33.5647,33.8699,0.3052
tiny,chip_162_370_merged.tif,0.8,4,729966224,156,33.2674,34.0039,0.7365
tiny,chip_162_406_merged.tif,0.2,0,134540589,39,31.821,35.1858,3.3648
tiny,chip_162_406_merged.tif,0.2,1,1802078719,39,32.1689,34.3787,2.2098
tiny,chip_162_406_merged.tif,0.2,2,1421472088,39,31.8485,34.9699,3.1214
tiny,chip_162_406_merged.tif,0.2,3,1040865457,39,34.2378,35.3987,1.1609
tiny,chip_162_406_merged.tif,0.2,4,560919939,39,33.4073,35.2123,1.805
tiny,chip_162_406_merged.tif,0.4,0,2121408904,78,32.7073,34.4605,1.7532
tiny,chip_162_406_merged.tif,0.4,1,1641463386,78,32.2564,35.0734,2.817
tiny,chip_162_406_merged.tif,0.4,2,1260856755,78,31.4029,33.8828,2.4799
tiny,chip_162_406_merged.tif,0.4,3,780911237,78,32.5506,34.4111,1.8605
tiny,chip_162_406_merged.tif,0.4,4,400304606,78,34.0289,34.638,0.609
tiny,chip_162_406_merged.tif,0.6,0,1378110697,117,32.0636,34.0765,2.0129
tiny,chip_162_406_merged.tif,0.6,1,898165179,117,32.41,34.1536,1.7436
tiny,chip_162_406_merged.tif,0.6,2,517558548,117,32.074,33.6757,1.6017
tiny,chip_162_406_merged.tif,0.6,3,37613030,117,31.3823,33.7412,2.3589
tiny,chip_162_406_merged.tif,0.6,4,1804490047,117,32.068,34.5871,2.5192
tiny,chip_162_406_merged.tif,0.8,0,895518501,156,31.8947,32.5204,0.6257
tiny,chip_162_406_merged.tif,0.8,1,415572983,156,31.4494,33.6341,2.1847
tiny,chip_162_406_merged.tif,0.8,2,34966352,156,31.8844,33.6561,1.7716
tiny,chip_162_406_merged.tif,0.8,3,1702504482,156,31.8473,33.496,1.6488
tiny,chip_162_406_merged.tif,0.8,4,1321897851,156,31.466,33.5044,2.0384
tiny,chip_163_371_merged.tif,0.2,0,1600348871,39,33.7091,35.0475,1.3384
tiny,chip_163_371_merged.tif,0.2,1,1120403353,39,34.1138,34.8532,0.7394
tiny,chip_163_371_merged.tif,0.2,2,739796722,39,33.9698,34.3121,0.3423
tiny,chip_163_371_merged.tif,0.2,3,359190091,39,34.0711,34.8644,0.7933
tiny,chip_163_371_merged.tif,0.2,4,2026728221,39,33.4073,34.7282,1.321
tiny,chip_163_371_merged.tif,0.4,0,535073801,78,32.6653,34.2914,1.6261
tiny,chip_163_371_merged.tif,0.4,1,154467170,78,32.6677,34.3314,1.6637
tiny,chip_163_371_merged.tif,0.4,2,1921344187,78,33.3191,34.7522,1.433
tiny,chip_163_371_merged.tif,0.4,3,1441398669,78,33.5956,34.2996,0.704
tiny,chip_163_371_merged.tif,0.4,4,1060792038,78,33.0782,34.3552,1.277
tiny,chip_163_371_merged.tif,0.6,0,696435331,117,32.8931,33.6871,0.794
tiny,chip_163_371_merged.tif,0.6,1,216489813,117,32.486,34.6791,2.1931
tiny,chip_163_371_merged.tif,0.6,2,1983366830,117,32.4401,34.5204,2.0803
tiny,chip_163_371_merged.tif,0.6,3,1503421312,117,32.3474,34.7528,2.4054
tiny,chip_163_371_merged.tif,0.6,4,1122814681,117,32.4937,34.2069,1.7133
tiny,chip_163_371_merged.tif,0.8,0,213843135,156,32.0259,33.4638,1.4379
tiny,chip_163_371_merged.tif,0.8,1,1881381265,156,32.4375,33.2848,0.8473
tiny,chip_163_371_merged.tif,0.8,2,1500774634,156,32.5355,34.0841,1.5486
tiny,chip_163_371_merged.tif,0.8,3,1120168003,156,32.449,33.9213,1.4722
tiny,chip_163_371_merged.tif,0.8,4,640222485,156,32.0358,32.6677,0.6319
tiny,chip_163_519_merged.tif,0.2,0,1802614048,39,31.0484,32.6306,1.5822
tiny,chip_163_519_merged.tif,0.2,1,1422007417,39,31.0139,33.1191,2.1052
tiny,chip_163_519_merged.tif,0.2,2,1041400786,39,30.6596,33.0949,2.4352
tiny,chip_163_519_merged.tif,0.2,3,561455268,39,31.0079,33.5069,2.499
tiny,chip_163_519_merged.tif,0.2,4,180848637,39,31.2016,32.7611,1.5595
tiny,chip_163_519_merged.tif,0.4,0,1641998715,78,30.841,32.7958,1.9548
tiny,chip_163_519_merged.tif,0.4,1,1261392084,78,29.9756,31.9121,1.9365
tiny,chip_163_519_merged.tif,0.4,2,781446566,78,29.9762,33.1003,3.124
tiny,chip_163_519_merged.tif,0.4,3,400839935,78,31.1916,32.4032,1.2116
tiny,chip_163_519_merged.tif,0.4,4,2068378065,78,30.2085,32.3941,2.1856
tiny,chip_163_519_merged.tif,0.6,0,898700508,117,30.883,31.7355,0.8525
tiny,chip_163_519_merged.tif,0.6,1,518093877,117,31.0007,32.1475,1.1468
tiny,chip_163_519_merged.tif,0.6,2,38148359,117,31.3137,32.0532,0.7395
tiny,chip_163_519_merged.tif,0.6,3,1805025376,117,30.8688,32.3245,1.4557
tiny,chip_163_519_merged.tif,0.6,4,1325079858,117,30.7951,32.0748,1.2797
tiny,chip_163_519_merged.tif,0.8,0,416108312,156,30.9508,31.8335,0.8827
tiny,chip_163_519_merged.tif,0.8,1,35501681,156,30.6594,30.8411,0.1817
tiny,chip_163_519_merged.tif,0.8,2,1703039811,156,31.0337,31.7221,0.6884
tiny,chip_163_519_merged.tif,0.8,3,1322433180,156,30.9633,31.1001,0.1368
tiny,chip_163_519_merged.tif,0.8,4,941826549,156,31.0677,31.6184,0.5507
tiny,chip_163_537_merged.tif,0.2,0,1693821090,39,33.4738,35.8623,2.3885
tiny,chip_163_537_merged.tif,0.2,1,1213875572,39,35.2908,36.6947,1.4039
tiny,chip_163_537_merged.tif,0.2,2,833268941,39,33.2886,35.052,1.7634
tiny,chip_163_537_merged.tif,0.2,3,452662310,39,34.4213,35.7068,1.2855
tiny,chip_163_537_merged.tif,0.2,4,2120200440,39,34.4847,36.4047,1.92
tiny,chip_163_537_merged.tif,0.4,0,1533205757,78,33.5612,35.2525,1.6913
tiny,chip_163_537_merged.tif,0.4,1,1053260239,78,34.0371,35.257,1.2199
tiny,chip_163_537_merged.tif,0.4,2,672653608,78,34.1991,34.8205,0.6213
tiny,chip_163_537_merged.tif,0.4,3,192708090,78,32.9676,35.6436,2.676
tiny,chip_163_537_merged.tif,0.4,4,1959585107,78,34.1645,35.2131,1.0486
tiny,chip_163_537_merged.tif,0.6,0,789907550,117,33.571,34.4227,0.8517
tiny,chip_163_537_merged.tif,0.6,1,309962032,117,33.6486,35.4387,1.7901
tiny,chip_163_537_merged.tif,0.6,2,2076839049,117,33.5558,34.0046,0.4489
tiny,chip_163_537_merged.tif,0.6,3,1596893531,117,33.3603,34.5529,1.1926
tiny,chip_163_537_merged.tif,0.6,4,1216286900,117,32.9576,33.8341,0.8765
tiny,chip_163_537_merged.tif,0.8,0,307315354,156,33.1073,33.9947,0.8875
tiny,chip_163_537_merged.tif,0.8,1,1974853484,156,33.1236,34.3085,1.185
tiny,chip_163_537_merged.tif,0.8,2,1594246853,156,33.3627,33.9751,0.6123
tiny,chip_163_537_merged.tif,0.8,3,1213640222,156,33.1225,34.0426,0.9201
tiny,chip_163_537_merged.tif,0.8,4,733694704,156,33.3279,33.8457,0.5178
tiny,chip_163_593_merged.tif,0.2,0,297217528,39,30.282,31.8796,1.5976
tiny,chip_163_593_merged.tif,0.2,1,2064094545,39,29.8231,30.297,0.474
tiny,chip_163_593_merged.tif,0.2,2,1584149027,39,30.4601,31.3808,0.9208
tiny,chip_163_593_merged.tif,0.2,3,1203542396,39,29.4231,31.7003,2.2772
tiny,chip_163_593_merged.tif,0.2,4,723596878,39,29.8229,31.9404,2.1175
tiny,chip_163_593_merged.tif,0.4,0,1478764993,78,29.5727,30.5502,0.9774
tiny,chip_163_593_merged.tif,0.4,1,998819475,78,29.6939,31.6495,1.9556
tiny,chip_163_593_merged.tif,0.4,2,618212844,78,29.9926,31.5466,1.554
tiny,chip_163_593_merged.tif,0.4,3,138267326,78,29.9309,30.6867,0.7557
tiny,chip_163_593_merged.tif,0.4,4,1905144343,78,29.9312,30.8467,0.9156
tiny,chip_163_593_merged.tif,0.6,0,1540787636,117,29.5478,30.0822,0.5344
tiny,chip_163_593_merged.tif,0.6,1,1160181005,117,29.756,30.9909,1.2349
tiny,chip_163_593_merged.tif,0.6,2,680235487,117,29.4793,30.1292,0.6499
tiny,chip_163_593_merged.tif,0.6,3,299628856,117,29.472,30.8094,1.3375
tiny,chip_163_593_merged.tif,0.6,4,1967166986,117,29.5045,30.7097,1.2052
tiny,chip_163_593_merged.tif,0.8,0,1058195440,156,29.4518,30.107,0.6552
tiny,chip_163_593_merged.tif,0.8,1,677588809,156,29.5112,29.8668,0.3556
tiny,chip_163_593_merged.tif,0.8,2,197643291,156,29.5741,30.3918,0.8177
tiny,chip_163_593_merged.tif,0.8,3,1964520308,156,29.5508,30.299,0.7482
tiny,chip_163_593_merged.tif,0.8,4,1484574790,156,29.5751,30.1306,0.5556
tiny,chip_164_475_merged.tif,0.2,0,1428146796,39,31.3004,33.6907,2.3902
tiny,chip_164_475_merged.tif,0.2,1,1047540165,39,32.8541,33.1754,0.3214
tiny,chip_164_475_merged.tif,0.2,2,567594647,39,32.908,33.1644,0.2564
tiny,chip_164_475_merged.tif,0.2,3,186988016,39,31.5733,33.7349,2.1617
tiny,chip_164_475_merged.tif,0.2,4,1854526146,39,32.4051,32.7128,0.3077
tiny,chip_164_475_merged.tif,0.4,0,1267531463,78,32.8648,33.4482,0.5834
tiny,chip_164_475_merged.tif,0.4,1,787585945,78,31.6743,33.0395,1.3652
tiny,chip_164_475_merged.tif,0.4,2,406979314,78,32.6587,33.8456,1.1869
tiny,chip_164_475_merged.tif,0.4,3,26372683,78,31.8173,33.1267,1.3094
tiny,chip_164_475_merged.tif,0.4,4,1693910813,78,31.5056,33.3934,1.8879
tiny,chip_164_475_merged.tif,0.6,0,524233256,117,31.6802,32.7222,1.042
tiny,chip_164_475_merged.tif,0.6,1,44287738,117,31.6862,32.6696,0.9834
tiny,chip_164_475_merged.tif,0.6,2,1811164755,117,31.7698,32.1958,0.426
tiny,chip_164_475_merged.tif,0.6,3,1430558124,117,32.3196,31.7797,-0.5399
tiny,chip_164_475_merged.tif,0.6,4,950612606,117,32.2333,32.8433,0.61
tiny,chip_164_475_merged.tif,0.8,0,41641060,156,31.1688,32.4867,1.3179
tiny,chip_164_475_merged.tif,0.8,1,1808518077,156,31.7217,32.2091,0.4874
tiny,chip_164_475_merged.tif,0.8,2,1328572559,156,31.6739,32.0057,0.3318
tiny,chip_164_475_merged.tif,0.8,3,947965928,156,31.1618,32.0283,0.8664
tiny,chip_164_475_merged.tif,0.8,4,468020410,156,31.879,32.2083,0.3293
tiny,chip_165_403_merged.tif,0.2,0,911251472,39,31.1147,33.5098,2.3951
tiny,chip_165_403_merged.tif,0.2,1,530644841,39,31.0121,33.6329,2.6208
tiny,chip_165_403_merged.tif,0.2,2,50699323,39,31.4303,33.8996,2.4693
tiny,chip_165_403_merged.tif,0.2,3,1817576340,39,31.4561,33.3991,1.943
tiny,chip_165_403_merged.tif,0.2,4,1337630822,39,33.0089,34.6504,1.6415
tiny,chip_165_403_merged.tif,0.4,0,2092798937,78,31.8345,32.8977,1.0632
tiny,chip_165_403_merged.tif,0.4,1,1612853419,78,31.1651,33.1335,1.9684
tiny,chip_165_403_merged.tif,0.4,2,1232246788,78,31.5611,33.305,1.7439
tiny,chip_165_403_merged.tif,0.4,3,752301270,78,31.6677,33.1011,1.4334
tiny,chip_165_403_merged.tif,0.4,4,371694639,78,32.0366,32.5548,0.5182
tiny,chip_165_403_merged.tif,0.6,0,7337932,117,31.7258,32.5744,0.8487
tiny,chip_165_403_merged.tif,0.6,1,1674876062,117,31.4895,33.02,1.5304
tiny,chip_165_403_merged.tif,0.6,2,1294269431,117,31.1827,32.7522,1.5695
tiny,chip_165_403_merged.tif,0.6,3,913662800,117,31.7225,32.5035,0.781
tiny,chip_165_403_merged.tif,0.6,4,433717282,117,31.5126,32.5769,1.0643
tiny,chip_165_403_merged.tif,0.8,0,1672229384,156,31.5856,31.9512,0.3656
tiny,chip_165_403_merged.tif,0.8,1,1291622753,156,31.2151,31.8041,0.589
tiny,chip_165_403_merged.tif,0.8,2,811677235,156,31.2119,32.0165,0.8046
tiny,chip_165_403_merged.tif,0.8,3,431070604,156,31.4541,31.7571,0.3031
tiny,chip_165_403_merged.tif,0.8,4,2098608734,156,31.2299,32.2376,1.0077
tiny,chip_165_520_merged.tif,0.2,0,1237850805,39,33.0129,33.7143,0.7014
tiny,chip_165_520_merged.tif,0.2,1,757905287,39,31.8824,34.018,2.1356
tiny,chip_165_520_merged.tif,0.2,2,377298656,39,31.6189,33.3927,1.7738
tiny,chip_165_520_merged.tif,0.2,3,2044836786,39,31.2612,33.8197,2.5585
tiny,chip_165_520_merged.tif,0.2,4,1664230155,39,32.8923,33.8894,0.9971
tiny,chip_165_520_merged.tif,0.4,0,977896585,78,31.4492,33.0007,1.5516
tiny,chip_165_520_merged.tif,0.4,1,597289954,78,32.2761,33.259,0.9829
tiny,chip_165_520_merged.tif,0.4,2,216683323,78,31.3593,32.8988,1.5396
tiny,chip_165_520_merged.tif,0.4,3,1884221453,78,31.0348,32.8081,1.7733
tiny,chip_165_520_merged.tif,0.4,4,1503614822,78,31.9501,33.3528,1.4027
tiny,chip_165_520_merged.tif,0.6,0,333937265,117,31.161,32.3065,1.1455
tiny,chip_165_520_merged.tif,0.6,1,2001475395,117,30.9434,32.7859,1.8425
tiny,chip_165_520_merged.tif,0.6,2,1620868764,117,30.7001,33.1943,2.4943
tiny,chip_165_520_merged.tif,0.6,3,1140923246,117,31.1897,33.0916,1.9019
tiny,chip_165_520_merged.tif,0.6,4,760316615,117,31.1832,32.7164,1.5332
tiny,chip_165_520_merged.tif,0.8,0,1998828717,156,31.249,32.1937,0.9448
tiny,chip_165_520_merged.tif,0.8,1,1518883199,156,30.6396,32.1565,1.5169
tiny,chip_165_520_merged.tif,0.8,2,1138276568,156,31.2195,31.9183,0.6987
tiny,chip_165_520_merged.tif,0.8,3,658331050,156,30.6664,32.2768,1.6104
tiny,chip_165_520_merged.tif,0.8,4,277724419,156,31.4624,32.5924,1.1299
tiny,chip_165_524_merged.tif,0.2,0,13784087,39,34.1356,35.1867,1.0511
tiny,chip_165_524_merged.tif,0.2,1,1780661104,39,33.4712,33.7119,0.2407
tiny,chip_165_524_merged.tif,0.2,2,1300715586,39,33.4579,34.4962,1.0384
tiny,chip_165_524_merged.tif,0.2,3,920108955,39,32.3077,34.8353,2.5275
tiny,chip_165_524_merged.tif,0.2,4,539502324,39,33.934,34.6139,0.6798
tiny,chip_165_524_merged.tif,0.4,0,1195331552,78,32.9431,34.5115,1.5683
tiny,chip_165_524_merged.tif,0.4,1,715386034,78,33.61,34.6474,1.0374
tiny,chip_165_524_merged.tif,0.4,2,334779403,78,34.2019,34.1712,-0.0307
tiny,chip_165_524_merged.tif,0.4,3,2101656420,78,33.1136,34.8646,1.751
tiny,chip_165_524_merged.tif,0.4,4,1621710902,78,33.5858,33.366,-0.2198
tiny,chip_165_524_merged.tif,0.6,0,1257354195,117,33.4082,34.2085,0.8003
tiny,chip_165_524_merged.tif,0.6,1,876747564,117,33.3252,33.2366,-0.0886
tiny,chip_165_524_merged.tif,0.6,2,396802046,117,33.2697,34.1515,0.8817
tiny,chip_165_524_merged.tif,0.6,3,16195415,117,33.5859,33.3718,-0.214
tiny,chip_165_524_merged.tif,0.6,4,1683733545,117,33.4612,33.4007,-0.0605
tiny,chip_165_524_merged.tif,0.8,0,774761999,156,32.6636,32.8696,0.206
tiny,chip_165_524_merged.tif,0.8,1,394155368,156,33.0668,33.1501,0.0833
tiny,chip_165_524_merged.tif,0.8,2,2061693498,156,32.9815,34.0673,1.0858
tiny,chip_165_524_merged.tif,0.8,3,1681086867,156,33.4492,33.9169,0.4677
tiny,chip_165_524_merged.tif,0.8,4,1300480236,156,32.9742,33.615,0.6408
tiny,chip_166_411_merged.tif,0.2,0,1843920951,39,32.7794,32.8971,0.1177
tiny,chip_166_411_merged.tif,0.2,1,1463314320,39,32.5952,33.0939,0.4987
tiny,chip_166_411_merged.tif,0.2,2,983368802,39,33.7675,32.7639,-1.0036
tiny,chip_166_411_merged.tif,0.2,3,602762171,39,31.2076,34.3013,3.0937
tiny,chip_166_411_merged.tif,0.2,4,222155540,39,32.0171,33.3186,1.3015
tiny,chip_166_411_merged.tif,0.4,0,1683305618,78,31.8699,33.5741,1.7042
tiny,chip_166_411_merged.tif,0.4,1,1302698987,78,32.6131,33.0203,0.4072
tiny,chip_166_411_merged.tif,0.4,2,822753469,78,31.9064,33.572,1.6656
tiny,chip_166_411_merged.tif,0.4,3,442146838,78,33.052,33.5462,0.4942
tiny,chip_166_411_merged.tif,0.4,4,2109684968,78,31.7667,33.8934,2.1267
tiny,chip_166_411_merged.tif,0.6,0,940007411,117,30.3174,32.8084,2.491
tiny,chip_166_411_merged.tif,0.6,1,559400780,117,32.0321,33.3927,1.3606
tiny,chip_166_411_merged.tif,0.6,2,79455262,117,31.9829,32.6997,0.7168
tiny,chip_166_411_merged.tif,0.6,3,1846332279,117,32.3468,32.9185,0.5717
tiny,chip_166_411_merged.tif,0.6,4,1366386761,117,31.8963,33.2006,1.3043
tiny,chip_166_411_merged.tif,0.8,0,457415215,156,30.5172,33.2249,2.7077
tiny,chip_166_411_merged.tif,0.8,1,76808584,156,30.5,32.4702,1.9703
tiny,chip_166_411_merged.tif,0.8,2,1744346714,156,31.9397,32.9105,0.9708
tiny,chip_166_411_merged.tif,0.8,3,1363740083,156,32.039,31.3983,-0.6407
tiny,chip_166_411_merged.tif,0.8,4,983133452,156,32.0766,32.2217,0.1451
tiny,chip_166_524_merged.tif,0.2,0,808461738,39,35.284,35.4471,0.1632
tiny,chip_166_524_merged.tif,0.2,1,328516220,39,34.5507,35.812,1.2613
tiny,chip_166_524_merged.tif,0.2,2,2095393237,39,34.5782,35.6839,1.1057
tiny,chip_166_524_merged.tif,0.2,3,1615447719,39,33.3947,35.7887,2.394
tiny,chip_166_524_merged.tif,0.2,4,1234841088,39,34.9372,35.9671,1.0299
tiny,chip_166_524_merged.tif,0.4,0,1890670316,78,34.3291,35.3686,1.0395
tiny,chip_166_524_merged.tif,0.4,1,1510063685,78,34.3297,35.7562,1.4265
tiny,chip_166_524_merged.tif,0.4,2,1030118167,78,34.272,34.75,0.478
tiny,chip_166_524_merged.tif,0.4,3,649511536,78,34.6043,35.2989,0.6946
tiny,chip_166_524_merged.tif,0.4,4,169566018,78,33.6125,34.9817,1.3691
tiny,chip_166_524_merged.tif,0.6,0,1952692959,117,33.798,35.0007,1.2027
tiny,chip_166_524_merged.tif,0.6,1,1572086328,117,33.7545,34.3757,0.6212
tiny,chip_166_524_merged.tif,0.6,2,1092140810,117,34.1688,35.3003,1.1315
tiny,chip_166_524_merged.tif,0.6,3,711534179,117,34.0026,34.8696,0.867
tiny,chip_166_524_merged.tif,0.6,4,330927548,117,34.2328,34.8858,0.653
tiny,chip_166_524_merged.tif,0.8,0,1569439650,156,33.7529,34.1895,0.4365
tiny,chip_166_524_merged.tif,0.8,1,1089494132,156,33.8733,34.1476,0.2743
tiny,chip_166_524_merged.tif,0.8,2,708887501,156,33.7733,34.1677,0.3944
tiny,chip_166_524_merged.tif,0.8,3,228941983,156,33.4908,34.1417,0.6509
tiny,chip_166_524_merged.tif,0.8,4,1995819000,156,33.833,34.1609,0.3279
tiny,chip_166_587_merged.tif,0.2,0,823685303,39,31.3813,33.8781,2.4968
tiny,chip_166_587_merged.tif,0.2,1,343739785,39,32.7623,34.547,1.7847
tiny,chip_166_587_merged.tif,0.2,2,2110616802,39,32.2843,34.2673,1.983
tiny,chip_166_587_merged.tif,0.2,3,1730010171,39,31.7507,33.2741,1.5233
tiny,chip_166_587_merged.tif,0.2,4,1250064653,39,32.6668,32.7983,0.1315
tiny,chip_166_587_merged.tif,0.4,0,1905893881,78,31.7567,32.8261,1.0694
tiny,chip_166_587_merged.tif,0.4,1,1525287250,78,31.3632,32.7254,1.3622
tiny,chip_166_587_merged.tif,0.4,2,1144680619,78,31.8212,32.6946,0.8734
tiny,chip_166_587_merged.tif,0.4,3,664735101,78,31.0592,33.3942,2.335
tiny,chip_166_587_merged.tif,0.4,4,284128470,78,31.1128,32.2509,1.1381
tiny,chip_166_587_merged.tif,0.6,0,2067255411,117,30.9097,31.8719,0.9622
tiny,chip_166_587_merged.tif,0.6,1,1587309893,117,30.5279,32.342,1.8142
tiny,chip_166_587_merged.tif,0.6,2,1206703262,117,30.9215,32.4379,1.5164
tiny,chip_166_587_merged.tif,0.6,3,726757744,117,31.0638,32.7858,1.722
tiny,chip_166_587_merged.tif,0.6,4,346151113,117,31.1535,32.6897,1.5362
tiny,chip_166_587_merged.tif,0.8,0,779342365,156,31.5443,31.3521,-0.1922
tiny,chip_166_587_merged.tif,0.8,1,299396847,156,31.5272,31.6411,0.1139
tiny,chip_166_587_merged.tif,0.8,2,2066273864,156,30.7469,31.9116,1.1647
tiny,chip_166_587_merged.tif,0.8,3,1586328346,156,31.0423,32.0497,1.0075
tiny,chip_166_587_merged.tif,0.8,4,1205721715,156,30.7316,32.1445,1.4129
tiny,chip_167_340_merged.tif,0.2,0,1313979371,39,32.2095,35.3473,3.1378
tiny,chip_167_340_merged.tif,0.2,1,933372740,39,33.5512,34.5365,0.9853
tiny,chip_167_340_merged.tif,0.2,2,453427222,39,34.2554,34.9609,0.7055
tiny,chip_167_340_merged.tif,0.2,3,72820591,39,33.3727,34.6527,1.28
tiny,chip_167_340_merged.tif,0.2,4,1740358721,39,32.2104,34.6441,2.4337
tiny,chip_167_340_merged.tif,0.4,0,1153364038,78,32.8623,33.4856,0.6233
tiny,chip_167_340_merged.tif,0.4,1,772757407,78,32.7551,33.6226,0.8674
tiny,chip_167_340_merged.tif,0.4,2,292811889,78,32.6575,33.536,0.8785
tiny,chip_167_340_merged.tif,0.4,3,2059688906,78,32.8628,33.6992,0.8364
tiny,chip_167_340_merged.tif,0.4,4,1579743388,78,32.6938,34.3981,1.7042
tiny,chip_167_340_merged.tif,0.6,0,410065831,117,32.3672,33.5692,1.2019
tiny,chip_167_340_merged.tif,0.6,1,29459200,117,32.622,33.3071,0.6851
tiny,chip_167_340_merged.tif,0.6,2,1696997330,117,32.3581,33.6263,1.2682
tiny,chip_167_340_merged.tif,0.6,3,1316390699,117,32.5468,33.6558,1.1091
tiny,chip_167_340_merged.tif,0.6,4,836445181,117,32.3032,33.8333,1.5301
tiny,chip_167_340_merged.tif,0.8,0,2074957283,156,32.485,32.8356,0.3506
tiny,chip_167_340_merged.tif,0.8,1,1694350652,156,32.4761,33.1355,0.6594
tiny,chip_167_340_merged.tif,0.8,2,1214405134,156,32.1321,33.1218,0.9897
tiny,chip_167_340_merged.tif,0.8,3,833798503,156,31.8007,33.2348,1.4342
tiny,chip_167_340_merged.tif,0.8,4,353852985,156,32.4801,33.0973,0.6171
tiny,chip_167_411_merged.tif,0.2,0,628262671,39,33.8825,33.8894,0.0069
tiny,chip_167_411_merged.tif,0.2,1,148317153,39,34.2559,34.6497,0.3938
tiny,chip_167_411_merged.tif,0.2,2,1915194170,39,31.616,33.8461,2.2301
tiny,chip_167_411_merged.tif,0.2,3,1435248652,39,31.6169,35.3564,3.7395
tiny,chip_167_411_merged.tif,0.2,4,1054642021,39,31.6182,34.8139,3.1956
tiny,chip_167_411_merged.tif,0.4,0,1710471249,78,31.5706,34.2737,2.7031
tiny,chip_167_411_merged.tif,0.4,1,1329864618,78,32.0435,33.8938,1.8503
tiny,chip_167_411_merged.tif,0.4,2,849919100,78,31.5715,34.5696,2.998
tiny,chip_167_411_merged.tif,0.4,3,469312469,78,31.6699,34.2941,2.6242
tiny,chip_167_411_merged.tif,0.4,4,88705838,78,32.1914,34.3566,2.1651
tiny,chip_167_411_merged.tif,0.6,0,1871832779,117,32.4641,34.2771,1.813
tiny,chip_167_411_merged.tif,0.6,1,1391887261,117,33.1003,33.602,0.5017
tiny,chip_167_411_merged.tif,0.6,2,1011280630,117,32.3336,33.5706,1.237
tiny,chip_167_411_merged.tif,0.6,3,531335112,117,32.1092,33.3045,1.1953
tiny,chip_167_411_merged.tif,0.6,4,150728481,117,32.4637,33.5175,1.0538
tiny,chip_167_411_merged.tif,0.8,0,1389240583,156,32.4627,33.0375,0.5748
tiny,chip_167_411_merged.tif,0.8,1,909295065,156,32.4712,32.4505,-0.0207
tiny,chip_167_411_merged.tif,0.8,2,528688434,156,31.5138,32.6317,1.1179
tiny,chip_167_411_merged.tif,0.8,3,48742916,156,32.1721,32.8589,0.6868
tiny,chip_167_411_merged.tif,0.8,4,1815619933,156,32.1738,32.3097,0.1359
tiny,chip_167_437_merged.tif,0.2,0,576277046,39,34.6921,35.5499,0.8578
tiny,chip_167_437_merged.tif,0.2,1,195670415,39,34.688,35.5921,0.9041
tiny,chip_167_437_merged.tif,0.2,2,1962547432,39,34.3584,36.2493,1.8909
tiny,chip_167_437_merged.tif,0.2,3,1482601914,39,34.8553,35.698,0.8426
tiny,chip_167_437_merged.tif,0.2,4,1101995283,39,34.2957,34.6403,0.3446
tiny,chip_167_437_merged.tif,0.4,0,415661713,78,33.8544,35.5474,1.6929
tiny,chip_167_437_merged.tif,0.4,1,35055082,78,33.1071,36.2477,3.1406
tiny,chip_167_437_merged.tif,0.4,2,1702593212,78,34.0715,36.194,2.1225
tiny,chip_167_437_merged.tif,0.4,3,1321986581,78,33.6537,35.5476,1.8939
tiny,chip_167_437_merged.tif,0.4,4,842041063,78,33.8396,35.3571,1.5175
tiny,chip_167_437_merged.tif,0.6,0,1819847154,117,33.2253,35.0848,1.8595
tiny,chip_167_437_merged.tif,0.6,1,1439240523,117,33.5955,35.035,1.4396
tiny,chip_167_437_merged.tif,0.6,2,959295005,117,33.869,35.1899,1.3209
tiny,chip_167_437_merged.tif,0.6,3,578688374,117,33.8874,35.13,1.2426
tiny,chip_167_437_merged.tif,0.6,4,98742856,117,33.8389,34.7817,0.9428
tiny,chip_167_437_merged.tif,0.8,0,1337254958,156,33.1049,34.4149,1.31
tiny,chip_167_437_merged.tif,0.8,1,956648327,156,33.4585,34.0599,0.6014
tiny,chip_167_437_merged.tif,0.8,2,576041696,156,33.0855,34.2693,1.1839
tiny,chip_167_437_merged.tif,0.8,3,96096178,156,33.1093,33.9872,0.8779
tiny,chip_167_437_merged.tif,0.8,4,1862973195,156,33.8725,34.5004,0.6279
tiny,chip_169_398_merged.tif,0.2,0,142526672,39,36.8977,37.2086,0.3109
tiny,chip_169_398_merged.tif,0.2,1,1810064802,39,36.568,37.1774,0.6094
tiny,chip_169_398_merged.tif,0.2,2,1429458171,39,36.6911,37.3749,0.6837
tiny,chip_169_398_merged.tif,0.2,3,949512653,39,36.3602,37.8601,1.4999
tiny,chip_169_398_merged.tif,0.2,4,568906022,39,37.6239,37.4982,-0.1257
tiny,chip_169_398_merged.tif,0.4,0,2030056100,78,34.504,37.2377,2.7337
tiny,chip_169_398_merged.tif,0.4,1,1649449469,78,37.02,37.2939,0.2739
tiny,chip_169_398_merged.tif,0.4,2,1268842838,78,36.8345,37.6514,0.8169
tiny,chip_169_398_merged.tif,0.4,3,788897320,78,36.7104,36.1072,-0.6031
tiny,chip_169_398_merged.tif,0.4,4,408290689,78,37.0205,37.1444,0.124
tiny,chip_169_398_merged.tif,0.6,0,1286757893,117,35.1383,37.0145,1.8762
tiny,chip_169_398_merged.tif,0.6,1,906151262,117,36.6676,36.2497,-0.4179
tiny,chip_169_398_merged.tif,0.6,2,525544631,117,35.2597,36.5916,1.332
tiny,chip_169_398_merged.tif,0.6,3,45599113,117,34.9939,37.0053,2.0114
tiny,chip_169_398_merged.tif,0.6,4,1812476130,117,36.6767,36.7486,0.072
tiny,chip_169_398_merged.tif,0.8,0,903504584,156,35.3097,36.1658,0.8561
tiny,chip_169_398_merged.tif,0.8,1,423559066,156,35.4352,35.9889,0.5537
tiny,chip_169_398_merged.tif,0.8,2,42952435,156,34.7022,36.1894,1.4872
tiny,chip_169_398_merged.tif,0.8,3,1710490565,156,35.3892,35.6899,0.3007
tiny,chip_169_398_merged.tif,0.8,4,1329883934,156,35.247,36.0669,0.8199
tiny,chip_169_407_merged.tif,0.2,0,285519607,39,34.5453,36.2261,1.6808
tiny,chip_169_407_merged.tif,0.2,1,1953057737,39,31.2818,36.0462,4.7643
tiny,chip_169_407_merged.tif,0.2,2,1572451106,39,33.5466,35.7386,2.192
tiny,chip_169_407_merged.tif,0.2,3,1092505588,39,34.6527,35.7249,1.0722
tiny,chip_169_407_merged.tif,0.2,4,711898957,39,33.9352,35.1285,1.1933
tiny,chip_169_407_merged.tif,0.4,0,1367728185,78,33.6714,35.1163,1.4449
tiny,chip_169_407_merged.tif,0.4,1,987121554,78,33.9461,35.2704,1.3244
tiny,chip_169_407_merged.tif,0.4,2,507176036,78,33.8725,35.4845,1.6119
tiny,chip_169_407_merged.tif,0.4,3,126569405,78,33.9464,35.3853,1.439
tiny,chip_169_407_merged.tif,0.4,4,1794107535,78,33.6185,36.0964,2.4778
tiny,chip_169_407_merged.tif,0.6,0,1429750828,117,33.8714,34.7045,0.8331
tiny,chip_169_407_merged.tif,0.6,1,1049144197,117,33.8979,34.671,0.7731
tiny,chip_169_407_merged.tif,0.6,2,668537566,117,33.2168,34.2262,1.0094
tiny,chip_169_407_merged.tif,0.6,3,188592048,117,32.8084,34.4967,1.6882
tiny,chip_169_407_merged.tif,0.6,4,1955469065,117,33.6536,35.0394,1.3858
tiny,chip_169_407_merged.tif,0.8,0,1046497519,156,33.1697,33.9833,0.8136
tiny,chip_169_407_merged.tif,0.8,1,566552001,156,33.3815,33.8315,0.45
tiny,chip_169_407_merged.tif,0.8,2,185945370,156,33.7533,34.1089,0.3556
tiny,chip_169_407_merged.tif,0.8,3,1853483500,156,33.7413,33.7857,0.0443
tiny,chip_169_407_merged.tif,0.8,4,1472876869,156,33.1719,33.9264,0.7544
tiny,chip_170_579_merged.tif,0.2,0,179740516,39,36.5097,37.403,0.8932
tiny,chip_170_579_merged.tif,0.2,1,1847278646,39,37.2402,36.47,-0.7703
tiny,chip_170_579_merged.tif,0.2,2,1466672015,39,37.0345,37.1431,0.1086
tiny,chip_170_579_merged.tif,0.2,3,986726497,39,36.872,36.3972,-0.4748
tiny,chip_170_579_merged.tif,0.2,4,606119866,39,37.0347,37.498,0.4633
tiny,chip_170_579_merged.tif,0.4,0,2067269944,78,36.7566,37.1104,0.3537
tiny,chip_170_579_merged.tif,0.4,1,1686663313,78,36.7572,37.4853,0.7281
tiny,chip_170_579_merged.tif,0.4,2,1306056682,78,36.5694,37.4159,0.8464
tiny,chip_170_579_merged.tif,0.4,3,826111164,78,37.0702,37.2563,0.1861
tiny,chip_170_579_merged.tif,0.4,4,445504533,78,37.162,37.0859,-0.0761
tiny,chip_170_579_merged.tif,0.6,0,1323971737,117,36.7773,37.1777,0.4004
tiny,chip_170_579_merged.tif,0.6,1,943365106,117,37.0263,37.1958,0.1695
tiny,chip_170_579_merged.tif,0.6,2,562758475,117,36.7888,36.7847,-0.0041
tiny,chip_170_579_merged.tif,0.6,3,82812957,117,36.7708,36.9704,0.1996
tiny,chip_170_579_merged.tif,0.6,4,1849689974,117,37.0827,36.8007,-0.2821
tiny,chip_170_579_merged.tif,0.8,0,940718428,156,37.1417,37.0247,-0.1171
tiny,chip_170_579_merged.tif,0.8,1,460772910,156,36.5518,36.8143,0.2625
tiny,chip_170_579_merged.tif,0.8,2,80166279,156,36.8439,36.8699,0.0261
tiny,chip_170_579_merged.tif,0.8,3,1747704409,156,36.7649,36.8101,0.0452
tiny,chip_170_579_merged.tif,0.8,4,1367097778,156,36.6441,36.7538,0.1097
tiny,chip_171_346_merged.tif,0.2,0,868219744,39,32.1824,34.3074,2.125
tiny,chip_171_346_merged.tif,0.2,1,388274226,39,32.1831,34.9636,2.7804
tiny,chip_171_346_merged.tif,0.2,2,7667595,39,32.9484,34.18,1.2317
tiny,chip_171_346_merged.tif,0.2,3,1774544612,39,32.5782,32.9917,0.4135
tiny,chip_171_346_merged.tif,0.2,4,1294599094,39,32.6932,35.1005,2.4073
tiny,chip_171_346_merged.tif,0.4,0,1950428322,78,31.2347,33.0439,1.8092
tiny,chip_171_346_merged.tif,0.4,1,1569821691,78,32.3824,33.675,1.2925
tiny,chip_171_346_merged.tif,0.4,2,1189215060,78,32.7564,33.4916,0.7352
tiny,chip_171_346_merged.tif,0.4,3,709269542,78,31.9585,33.8152,1.8567
tiny,chip_171_346_merged.tif,0.4,4,328662911,78,32.5157,33.9102,1.3946
tiny,chip_171_346_merged.tif,0.6,0,1207130115,117,32.1963,32.7878,0.5916
tiny,chip_171_346_merged.tif,0.6,1,826523484,117,31.8062,33.5476,1.7414
tiny,chip_171_346_merged.tif,0.6,2,445916853,117,32.032,33.4761,1.4441
tiny,chip_171_346_merged.tif,0.6,3,2113454983,117,31.93,33.4289,1.4989
tiny,chip_171_346_merged.tif,0.6,4,1732848352,117,31.6519,33.2158,1.5639
tiny,chip_171_346_merged.tif,0.8,0,823876806,156,31.7416,32.2762,0.5345
tiny,chip_171_346_merged.tif,0.8,1,343931288,156,32.2731,32.4382,0.165
tiny,chip_171_346_merged.tif,0.8,2,2110808305,156,31.7418,32.7934,1.0515
tiny,chip_171_346_merged.tif,0.8,3,1630862787,156,31.6113,32.6724,1.0611
tiny,chip_171_346_merged.tif,0.8,4,1250256156,156,31.0388,32.4443,1.4056
tiny,chip_171_431_merged.tif,0.2,0,69281089,39,35.4046,35.5548,0.1501
tiny,chip_171_431_merged.tif,0.2,1,1736819219,39,32.14,36.5109,4.3709
tiny,chip_171_431_merged.tif,0.2,2,1356212588,39,33.365,36.7829,3.4179
tiny,chip_171_431_merged.tif,0.2,3,876267070,39,33.9413,35.9744,2.0331
tiny,chip_171_431_merged.tif,0.2,4,495660439,39,33.658,36.1669,2.5089
tiny,chip_171_431_merged.tif,0.4,0,1151489667,78,34.3864,35.5453,1.1588
tiny,chip_171_431_merged.tif,0.4,1,770883036,78,34.0805,35.6579,1.5774
tiny,chip_171_431_merged.tif,0.4,2,290937518,78,33.0855,36.174,3.0885
tiny,chip_171_431_merged.tif,0.4,3,2057814535,78,34.1754,35.4704,1.295
tiny,chip_171_431_merged.tif,0.4,4,1577869017,78,33.4654,35.9454,2.48
tiny,chip_171_431_merged.tif,0.6,0,1213512310,117,34.0716,35.5093,1.4377
tiny,chip_171_431_merged.tif,0.6,1,832905679,117,33.775,34.9904,1.2154
tiny,chip_171_431_merged.tif,0.6,2,452299048,117,34.3179,35.3526,1.0347
tiny,chip_171_431_merged.tif,0.6,3,2119837178,117,33.8853,35.6874,1.8021
tiny,chip_171_431_merged.tif,0.6,4,1739230547,117,33.179,35.0874,1.9085
tiny,chip_171_431_merged.tif,0.8,0,830259001,156,33.3475,33.987,0.6394
tiny,chip_171_431_merged.tif,0.8,1,350313483,156,33.2653,34.2973,1.032
tiny,chip_171_431_merged.tif,0.8,2,2117190500,156,32.982,34.6621,1.68
tiny,chip_171_431_merged.tif,0.8,3,1637244982,156,32.755,34.5322,1.7772
tiny,chip_171_431_merged.tif,0.8,4,1256638351,156,33.3524,33.9292,0.5767
tiny,chip_171_586_merged.tif,0.2,0,899019476,39,33.459,35.0823,1.6233
tiny,chip_171_586_merged.tif,0.2,1,518412845,39,32.5983,33.5753,0.977
tiny,chip_171_586_merged.tif,0.2,2,38467327,39,34.1813,33.9399,-0.2414
tiny,chip_171_586_merged.tif,0.2,3,1805344344,39,33.4795,34.1303,0.6508
tiny,chip_171_586_merged.tif,0.2,4,1424737713,39,34.1812,34.0198,-0.1614
tiny,chip_171_586_merged.tif,0.4,0,738404143,78,32.7824,33.7461,0.9637
tiny,chip_171_586_merged.tif,0.4,1,357797512,78,32.7833,33.8352,1.0519
tiny,chip_171_586_merged.tif,0.4,2,2025335642,78,33.2642,33.5368,0.2726
tiny,chip_171_586_merged.tif,0.4,3,1644729011,78,33.6769,33.6644,-0.0125
tiny,chip_171_586_merged.tif,0.4,4,1164783493,78,32.7826,33.4929,0.7103
tiny,chip_171_586_merged.tif,0.6,0,2142589584,117,33.2857,32.5327,-0.753
tiny,chip_171_586_merged.tif,0.6,1,1761982953,117,31.9305,33.2169,1.2864
tiny,chip_171_586_merged.tif,0.6,2,1282037435,117,32.5648,33.3763,0.8115
tiny,chip_171_586_merged.tif,0.6,3,901430804,117,32.2671,32.9229,0.6558
tiny,chip_171_586_merged.tif,0.6,4,421485286,117,31.2106,32.5559,1.3452
tiny,chip_171_586_merged.tif,0.8,0,1659997388,156,31.6614,32.1652,0.5038
tiny,chip_171_586_merged.tif,0.8,1,1279390757,156,31.4994,32.1463,0.647
tiny,chip_171_586_merged.tif,0.8,2,799445239,156,31.6125,32.7492,1.1367
tiny,chip_171_586_merged.tif,0.8,3,418838608,156,31.1121,31.9041,0.792
tiny,chip_171_586_merged.tif,0.8,4,38231977,156,32.2445,32.2586,0.014
tiny,chip_172_154_merged.tif,0.2,0,1862437771,39,26.8626,30.7084,3.8458
tiny,chip_172_154_merged.tif,0.2,1,1382492253,39,28.3514,30.7858,2.4343
tiny,chip_172_154_merged.tif,0.2,2,1001885622,39,27.8884,30.5743,2.6859
tiny,chip_172_154_merged.tif,0.2,3,521940104,39,27.9996,30.8505,2.8509
tiny,chip_172_154_merged.tif,0.2,4,141333473,39,28.174,30.2103,2.0363
tiny,chip_172_154_merged.tif,0.4,0,1602483551,78,28.2467,29.5433,1.2966
tiny,chip_172_154_merged.tif,0.4,1,1221876920,78,26.5912,30.4968,3.9056
tiny,chip_172_154_merged.tif,0.4,2,841270289,78,27.7179,29.8893,2.1714
tiny,chip_172_154_merged.tif,0.4,3,361324771,78,27.7166,29.0917,1.3751
tiny,chip_172_154_merged.tif,0.4,4,2128201788,78,27.6474,29.5177,1.8704
tiny,chip_172_154_merged.tif,0.6,0,859185344,117,27.283,28.8587,1.5757
tiny,chip_172_154_merged.tif,0.6,1,478578713,117,27.9731,28.8497,0.8766
tiny,chip_172_154_merged.tif,0.6,2,97972082,117,27.4712,29.4582,1.9871
tiny,chip_172_154_merged.tif,0.6,3,1765510212,117,28.2288,29.5792,1.3504
tiny,chip_172_154_merged.tif,0.6,4,1384903581,117,26.7498,28.8287,2.0789
tiny,chip_172_154_merged.tif,0.8,0,475932035,156,27.6346,28.2178,0.5832
tiny,chip_172_154_merged.tif,0.8,1,2143470165,156,27.6271,28.3019,0.6749
tiny,chip_172_154_merged.tif,0.8,2,1762863534,156,27.7981,28.7807,0.9826
tiny,chip_172_154_merged.tif,0.8,3,1282918016,156,26.8214,28.5196,1.6982
tiny,chip_172_154_merged.tif,0.8,4,902311385,156,27.892,28.5743,0.6824
tiny,chip_173_503_merged.tif,0.2,0,1629640165,39,33.402,35.6948,2.2928
tiny,chip_173_503_merged.tif,0.2,1,1249033534,39,33.2826,34.4842,1.2016
tiny,chip_173_503_merged.tif,0.2,2,769088016,39,32.9954,34.4603,1.4649
tiny,chip_173_503_merged.tif,0.2,3,388481385,39,33.4895,34.5182,1.0286
tiny,chip_173_503_merged.tif,0.2,4,2056019515,39,33.7074,34.4046,0.6972
tiny,chip_173_503_merged.tif,0.4,0,1469024832,78,33.4394,34.5319,1.0926
tiny,chip_173_503_merged.tif,0.4,1,1088418201,78,33.1955,34.6626,1.4671
tiny,chip_173_503_merged.tif,0.4,2,608472683,78,32.8692,34.8036,1.9344
tiny,chip_173_503_merged.tif,0.4,3,227866052,78,33.1177,34.7395,1.6218
tiny,chip_173_503_merged.tif,0.4,4,1895404182,78,32.922,34.2728,1.3508
tiny,chip_173_503_merged.tif,0.6,0,725726625,117,32.9351,33.8135,0.8784
tiny,chip_173_503_merged.tif,0.6,1,345119994,117,32.8673,33.9082,1.0409
tiny,chip_173_503_merged.tif,0.6,2,2012658124,117,32.847,33.899,1.052
tiny,chip_173_503_merged.tif,0.6,3,1632051493,117,32.8701,34.278,1.4079
tiny,chip_173_503_merged.tif,0.6,4,1152105975,117,32.8613,34.1994,1.3381
tiny,chip_173_503_merged.tif,0.8,0,243134429,156,32.8415,33.4608,0.6194
tiny,chip_173_503_merged.tif,0.8,1,2010011446,156,32.8968,33.5069,0.6101
tiny,chip_173_503_merged.tif,0.8,2,1530065928,156,32.4069,33.5228,1.1159
tiny,chip_173_503_merged.tif,0.8,3,1149459297,156,32.8249,33.4092,0.5843
tiny,chip_173_503_merged.tif,0.8,4,669513779,156,32.3912,32.9878,0.5966
tiny,chip_173_586_merged.tif,0.2,0,1829654527,39,30.6337,33.3875,2.7538
tiny,chip_173_586_merged.tif,0.2,1,1349709009,39,32.3001,33.2922,0.992
tiny,chip_173_586_merged.tif,0.2,2,969102378,39,30.9832,33.3279,2.3447
tiny,chip_173_586_merged.tif,0.2,3,489156860,39,32.7542,33.9404,1.1862
tiny,chip_173_586_merged.tif,0.2,4,108550229,39,30.845,32.6435,1.7985
tiny,chip_173_586_merged.tif,0.4,0,764379457,78,30.554,32.6432,2.0892
tiny,chip_173_586_merged.tif,0.4,1,383772826,78,30.3795,33.0706,2.691
tiny,chip_173_586_merged.tif,0.4,2,2051310956,78,30.6607,32.297,1.6363
tiny,chip_173_586_merged.tif,0.4,3,1670704325,78,30.3463,32.9826,2.6363
tiny,chip_173_586_merged.tif,0.4,4,1190758807,78,30.3461,33.3214,2.9753
tiny,chip_173_586_merged.tif,0.6,0,826402100,117,30.2644,32.3329,2.0685
tiny,chip_173_586_merged.tif,0.6,1,445795469,117,30.6871,32.1956,1.5085
tiny,chip_173_586_merged.tif,0.6,2,65188838,117,30.7094,32.4285,1.7191
tiny,chip_173_586_merged.tif,0.6,3,1732726968,117,30.6029,32.3392,1.7363
tiny,chip_173_586_merged.tif,0.6,4,1352120337,117,30.203,32.0108,1.8078
tiny,chip_173_586_merged.tif,0.8,0,443148791,156,30.1957,31.561,1.3653
tiny,chip_173_586_merged.tif,0.8,1,2110686921,156,30.1871,31.2301,1.043
tiny,chip_173_586_merged.tif,0.8,2,1730080290,156,30.3966,31.6779,1.2812
tiny,chip_173_586_merged.tif,0.8,3,1250134772,156,30.5593,31.2647,0.7054
tiny,chip_173_586_merged.tif,0.8,4,869528141,156,30.0443,31.5125,1.4682
tiny,chip_174_360_merged.tif,0.2,0,1754392894,39,33.7732,34.2062,0.433
tiny,chip_174_360_merged.tif,0.2,1,1274447376,39,32.9666,33.4977,0.531
tiny,chip_174_360_merged.tif,0.2,2,893840745,39,31.6357,34.8353,3.1996
tiny,chip_174_360_merged.tif,0.2,3,413895227,39,32.9739,33.5577,0.5837
tiny,chip_174_360_merged.tif,0.2,4,33288596,39,32.3117,34.0594,1.7477
tiny,chip_174_360_merged.tif,0.4,0,689117824,78,33.241,33.3502,0.1092
tiny,chip_174_360_merged.tif,0.4,1,308511193,78,31.8189,33.8838,2.0649
tiny,chip_174_360_merged.tif,0.4,2,1976049323,78,31.811,33.9129,2.1019
tiny,chip_174_360_merged.tif,0.4,3,1595442692,78,32.4419,33.8224,1.3805
tiny,chip_174_360_merged.tif,0.4,4,1115497174,78,32.9224,33.944,1.0216
tiny,chip_174_360_merged.tif,0.6,0,2093303265,117,32.4959,32.9658,0.4699
tiny,chip_174_360_merged.tif,0.6,1,1712696634,117,32.0119,33.5697,1.5578
tiny,chip_174_360_merged.tif,0.6,2,1232751116,117,32.3455,33.0607,0.7152
tiny,chip_174_360_merged.tif,0.6,3,852144485,117,32.3655,33.581,1.2155
tiny,chip_174_360_merged.tif,0.6,4,372198967,117,32.617,33.4967,0.8796
tiny,chip_174_360_merged.tif,0.8,0,1610711069,156,32.3191,32.8481,0.529
tiny,chip_174_360_merged.tif,0.8,1,1230104438,156,32.2577,32.2593,0.0016
tiny,chip_174_360_merged.tif,0.8,2,750158920,156,32.2535,32.7142,0.4607
tiny,chip_174_360_merged.tif,0.8,3,369552289,156,32.2644,32.8768,0.6124
tiny,chip_174_360_merged.tif,0.8,4,2136429306,156,32.2,32.6822,0.4823
tiny,chip_174_408_merged.tif,0.2,0,1390000475,39,34.7625,34.7488,-0.0137
tiny,chip_174_408_merged.tif,0.2,1,910054957,39,32.2288,35.0024,2.7735
tiny,chip_174_408_merged.tif,0.2,2,529448326,39,32.3375,35.5035,3.166
tiny,chip_174_408_merged.tif,0.2,3,148841695,39,32.2197,35.2837,3.064
tiny,chip_174_408_merged.tif,0.2,4,1816379825,39,32.126,35.3309,3.2048
tiny,chip_174_408_merged.tif,0.4,0,1229385142,78,32.9547,34.7443,1.7897
tiny,chip_174_408_merged.tif,0.4,1,749439624,78,33.2312,34.7573,1.5261
tiny,chip_174_408_merged.tif,0.4,2,368832993,78,32.0926,34.593,2.5004
tiny,chip_174_408_merged.tif,0.4,3,2036371123,78,29.9744,34.6688,4.6944
tiny,chip_174_408_merged.tif,0.4,4,1655764492,78,33.5637,35.0107,1.4471
tiny,chip_174_408_merged.tif,0.6,0,486086935,117,32.9948,34.6032,1.6084
tiny,chip_174_408_merged.tif,0.6,1,6141417,117,33.0061,33.9187,0.9127
tiny,chip_174_408_merged.tif,0.6,2,1773018434,117,33.0582,34.2344,1.1762
tiny,chip_174_408_merged.tif,0.6,3,1293072916,117,32.9829,34.3917,1.4088
tiny,chip_174_408_merged.tif,0.6,4,912466285,117,32.8666,34.4089,1.5423
tiny,chip_174_408_merged.tif,0.8,0,3494739,156,32.52,32.6864,0.1664
tiny,chip_174_408_merged.tif,0.8,1,1671032869,156,31.0356,33.371,2.3354
tiny,chip_174_408_merged.tif,0.8,2,1290426238,156,31.0241,32.9767,1.9527
tiny,chip_174_408_merged.tif,0.8,3,909819607,156,32.5025,33.1414,0.6389
tiny,chip_174_408_merged.tif,0.8,4,429874089,156,31.5513,33.4086,1.8573
tiny,chip_175_400_merged.tif,0.2,0,1029010092,39,37.3195,39.0817,1.7622
tiny,chip_175_400_merged.tif,0.2,1,549064574,39,37.228,38.5909,1.3629
tiny,chip_175_400_merged.tif,0.2,2,168457943,39,36.6287,38.9185,2.2898
tiny,chip_175_400_merged.tif,0.2,3,1935334960,39,37.8628,38.3998,0.537
tiny,chip_175_400_merged.tif,0.2,4,1455389442,39,36.6292,38.2065,1.5772
tiny,chip_175_400_merged.tif,0.4,0,868394759,78,37.9216,38.336,0.4144
tiny,chip_175_400_merged.tif,0.4,1,388449241,78,37.4464,38.0624,0.616
tiny,chip_175_400_merged.tif,0.4,2,7842610,78,36.7806,37.7848,1.0042
tiny,chip_175_400_merged.tif,0.4,3,1675380740,78,37.8382,38.202,0.3638
tiny,chip_175_400_merged.tif,0.4,4,1294774109,78,37.8387,38.3155,0.4769
tiny,chip_175_400_merged.tif,0.6,0,125096552,117,36.877,37.8181,0.9411
tiny,chip_175_400_merged.tif,0.6,1,1792634682,117,37.3072,37.8392,0.532
tiny,chip_175_400_merged.tif,0.6,2,1412028051,117,37.13,37.7224,0.5924
tiny,chip_175_400_merged.tif,0.6,3,932082533,117,37.0054,37.8768,0.8715
tiny,chip_175_400_merged.tif,0.6,4,551475902,117,36.9678,37.9556,0.9878
tiny,chip_175_400_merged.tif,0.8,0,1789988004,156,37.0266,37.2626,0.236
tiny,chip_175_400_merged.tif,0.8,1,1310042486,156,36.9459,37.3202,0.3743
tiny,chip_175_400_merged.tif,0.8,2,929435855,156,36.8358,37.1858,0.35
tiny,chip_175_400_merged.tif,0.8,3,548829224,156,36.5847,37.7252,1.1405
tiny,chip_175_400_merged.tif,0.8,4,68883706,156,36.5961,37.1162,0.5202
tiny,chip_175_432_merged.tif,0.2,0,328225662,39,35.446,35.4938,0.0478
tiny,chip_175_432_merged.tif,0.2,1,2095102679,39,33.9423,35.642,1.6997
tiny,chip_175_432_merged.tif,0.2,2,1615157161,39,35.4469,35.2842,-0.1628
tiny,chip_175_432_merged.tif,0.2,3,1234550530,39,35.4456,34.6699,-0.7757
tiny,chip_175_432_merged.tif,0.2,4,754605012,39,36.3342,35.0946,-1.2396
tiny,chip_175_432_merged.tif,0.4,0,167610329,78,30.1156,34.8111,4.6954
tiny,chip_175_432_merged.tif,0.4,1,1835148459,78,31.8145,34.5986,2.7841
tiny,chip_175_432_merged.tif,0.4,2,1454541828,78,32.1935,34.6875,2.4941
tiny,chip_175_432_merged.tif,0.4,3,974596310,78,30.8696,34.5769,3.7074
tiny,chip_175_432_merged.tif,0.4,4,593989679,78,30.7538,35.0199,4.2661
tiny,chip_175_432_merged.tif,0.6,0,1571795770,117,30.3288,33.0326,2.7037
tiny,chip_175_432_merged.tif,0.6,1,1091850252,117,31.9629,33.5741,1.6113
tiny,chip_175_432_merged.tif,0.6,2,711243621,117,30.8607,34.3065,3.4458
tiny,chip_175_432_merged.tif,0.6,3,231298103,117,32.9348,32.4048,-0.53
tiny,chip_175_432_merged.tif,0.6,4,1998175120,117,30.3277,33.5817,3.2541
tiny,chip_175_432_merged.tif,0.8,0,1089203574,156,30.2187,32.4342,2.2155
tiny,chip_175_432_merged.tif,0.8,1,708596943,156,31.0449,32.8139,1.769
tiny,chip_175_432_merged.tif,0.8,2,228651425,156,30.8132,32.8881,2.0749
tiny,chip_175_432_merged.tif,0.8,3,1995528442,156,31.6826,32.5546,0.872
tiny,chip_175_432_merged.tif,0.8,4,1515582924,156,30.2264,32.5484,2.322
tiny,chip_176_027_merged.tif,0.2,0,471839994,39,32.1552,34.7815,2.6263
tiny,chip_176_027_merged.tif,0.2,1,91233363,39,30.2516,33.9442,3.6926
tiny,chip_176_027_merged.tif,0.2,2,1758771493,39,31.9384,33.3235,1.3851
tiny,chip_176_027_merged.tif,0.2,3,1378164862,39,31.31,32.8255,1.5155
tiny,chip_176_027_merged.tif,0.2,4,997558231,39,32.5639,34.1717,1.6078
tiny,chip_176_027_merged.tif,0.4,0,1653387459,78,28.8013,33.8682,5.067
tiny,chip_176_027_merged.tif,0.4,1,1173441941,78,29.4328,33.9073,4.4745
tiny,chip_176_027_merged.tif,0.4,2,792835310,78,28.8231,34.6654,5.8423
tiny,chip_176_027_merged.tif,0.4,3,412228679,78,30.0939,31.8046,1.7108
tiny,chip_176_027_merged.tif,0.4,4,2079766809,78,30.0922,33.2527,3.1605
tiny,chip_176_027_merged.tif,0.6,0,1715410102,117,30.0679,31.1209,1.053
tiny,chip_176_027_merged.tif,0.6,1,1334803471,117,30.0714,33.0089,2.9375
tiny,chip_176_027_merged.tif,0.6,2,854857953,117,29.4404,30.9105,1.47
tiny,chip_176_027_merged.tif,0.6,3,474251322,117,29.4732,33.382,3.9088
tiny,chip_176_027_merged.tif,0.6,4,2141789452,117,29.118,32.8785,3.7605
tiny,chip_176_027_merged.tif,0.8,0,1232817906,156,29.9024,31.3537,1.4514
tiny,chip_176_027_merged.tif,0.8,1,852211275,156,29.8966,31.6672,1.7705
tiny,chip_176_027_merged.tif,0.8,2,372265757,156,29.5007,31.5654,2.0647
tiny,chip_176_027_merged.tif,0.8,3,2139142774,156,29.8961,32.1564,2.2603
tiny,chip_176_027_merged.tif,0.8,4,1758536143,156,29.9137,31.8114,1.8976
tiny,chip_177_265_merged.tif,0.2,0,1268440634,39,37.597,39.8652,2.2683
tiny,chip_177_265_merged.tif,0.2,1,788495116,39,38.4529,40.5769,2.124
tiny,chip_177_265_merged.tif,0.2,2,407888485,39,38.8716,39.6326,0.761
tiny,chip_177_265_merged.tif,0.2,3,2075426615,39,38.8611,41.0796,2.2185
tiny,chip_177_265_merged.tif,0.2,4,1694819984,39,36.9128,40.6376,3.7248
tiny,chip_177_265_merged.tif,0.4,0,1008486414,78,34.5174,39.8652,5.3478
tiny,chip_177_265_merged.tif,0.4,1,627879783,78,34.5178,39.9415,5.4237
tiny,chip_177_265_merged.tif,0.4,2,247273152,78,37.3298,40.0314,2.7016
tiny,chip_177_265_merged.tif,0.4,3,1914811282,78,37.277,39.5776,2.3006
tiny,chip_177_265_merged.tif,0.4,4,1534204651,78,36.721,39.9992,3.2782
tiny,chip_177_265_merged.tif,0.6,0,265188207,117,36.5199,39.0091,2.4892
tiny,chip_177_265_merged.tif,0.6,1,2032065224,117,36.1949,39.2576,3.0627
tiny,chip_177_265_merged.tif,0.6,2,1651458593,117,36.5272,38.672,2.1448
tiny,chip_177_265_merged.tif,0.6,3,1171513075,117,35.7942,38.7616,2.9674
tiny,chip_177_265_merged.tif,0.6,4,790906444,117,36.7168,39.0457,2.3288
tiny,chip_177_265_merged.tif,0.8,0,2029418546,156,35.3042,37.1819,1.8776
tiny,chip_177_265_merged.tif,0.8,1,1549473028,156,35.683,37.6792,1.9963
tiny,chip_177_265_merged.tif,0.8,2,1168866397,156,36.1578,37.3132,1.1554
tiny,chip_177_265_merged.tif,0.8,3,688920879,156,36.5348,37.184,0.6492
tiny,chip_177_265_merged.tif,0.8,4,308314248,156,35.672,37.8438,2.1718
tiny,chip_177_428_merged.tif,0.2,0,667531975,39,33.8421,35.3211,1.479
tiny,chip_177_428_merged.tif,0.2,1,187586457,39,34.2113,34.9967,0.7855
tiny,chip_177_428_merged.tif,0.2,2,1954463474,39,31.9998,33.6355,1.6358
tiny,chip_177_428_merged.tif,0.2,3,1474517956,39,33.8407,33.8529,0.0122
tiny,chip_177_428_merged.tif,0.2,4,1093911325,39,32.9193,35.2784,2.3591
tiny,chip_177_428_merged.tif,0.4,0,1749740553,78,32.021,34.2712,2.2502
tiny,chip_177_428_merged.tif,0.4,1,1369133922,78,32.0222,33.5813,1.5591
tiny,chip_177_428_merged.tif,0.4,2,889188404,78,32.0295,34.1684,2.1389
tiny,chip_177_428_merged.tif,0.4,3,508581773,78,32.4986,33.5054,1.0068
tiny,chip_177_428_merged.tif,0.4,4,28636255,78,32.6249,33.9567,1.3319
tiny,chip_177_428_merged.tif,0.6,0,1811763196,117,31.8971,32.7577,0.8606
tiny,chip_177_428_merged.tif,0.6,1,1431156565,117,31.4767,32.8655,1.3887
tiny,chip_177_428_merged.tif,0.6,2,951211047,117,31.7689,33.7636,1.9948
tiny,chip_177_428_merged.tif,0.6,3,570604416,117,32.0047,33.2838,1.2791
tiny,chip_177_428_merged.tif,0.6,4,189997785,117,31.8669,33.5354,1.6685
tiny,chip_177_428_merged.tif,0.8,0,1428509887,156,31.629,32.7499,1.1208
tiny,chip_177_428_merged.tif,0.8,1,948564369,156,31.6301,32.6041,0.974
tiny,chip_177_428_merged.tif,0.8,2,567957738,156,32.0156,32.705,0.6894
tiny,chip_177_428_merged.tif,0.8,3,88012220,156,32.2419,32.4168,0.1749
tiny,chip_177_428_merged.tif,0.8,4,1854889237,156,31.7889,32.4812,0.6923
tiny,chip_178_497_merged.tif,0.2,0,202804086,39,34.1721,33.9183,-0.2539
tiny,chip_178_497_merged.tif,0.2,1,1870342216,39,31.4437,33.6067,2.1629
tiny,chip_178_497_merged.tif,0.2,2,1489735585,39,32.3443,34.1818,1.8375
tiny,chip_178_497_merged.tif,0.2,3,1109128954,39,33.8655,33.9023,0.0368
tiny,chip_178_497_merged.tif,0.2,4,629183436,39,32.2978,33.9513,1.6534
tiny,chip_178_497_merged.tif,0.4,0,42188753,78,33.8433,34.0606,0.2173
tiny,chip_178_497_merged.tif,0.4,1,1709726883,78,32.1012,33.5226,1.4214
tiny,chip_178_497_merged.tif,0.4,2,1329120252,78,32.4654,33.429,0.9636
tiny,chip_178_497_merged.tif,0.4,3,849174734,78,32.1048,34.1252,2.0203
tiny,chip_178_497_merged.tif,0.4,4,468568103,78,33.3664,34.1532,0.7868
tiny,chip_178_497_merged.tif,0.6,0,1446374194,117,32.9513,33.3761,0.4248
tiny,chip_178_497_merged.tif,0.6,1,966428676,117,32.4228,33.2017,0.7789
tiny,chip_178_497_merged.tif,0.6,2,585822045,117,32.7672,33.3998,0.6326
tiny,chip_178_497_merged.tif,0.6,3,105876527,117,32.5499,33.5286,0.9787
tiny,chip_178_497_merged.tif,0.6,4,1872753544,117,32.3017,33.4733,1.1716
tiny,chip_178_497_merged.tif,0.8,0,963781998,156,32.5603,33.3178,0.7575
tiny,chip_178_497_merged.tif,0.8,1,483836480,156,32.4567,32.8005,0.3438
tiny,chip_178_497_merged.tif,0.8,2,103229849,156,32.2765,32.7834,0.5069
tiny,chip_178_497_merged.tif,0.8,3,1870106866,156,32.2696,32.5883,0.3188
tiny,chip_178_497_merged.tif,0.8,4,1390161348,156,31.8873,32.7752,0.8879
tiny,chip_179_506_merged.tif,0.2,0,901203369,39,33.89,36.274,2.3839
tiny,chip_179_506_merged.tif,0.2,1,520596738,39,34.9952,35.4232,0.428
tiny,chip_179_506_merged.tif,0.2,2,139990107,39,33.6747,36.0179,2.3432
tiny,chip_179_506_merged.tif,0.2,3,1807528237,39,35.5989,35.5467,-0.0522
tiny,chip_179_506_merged.tif,0.2,4,1426921606,39,34.6555,34.663,0.0075
tiny,chip_179_506_merged.tif,0.4,0,740588036,78,35.1305,35.2211,0.0907
tiny,chip_179_506_merged.tif,0.4,1,359981405,78,35.0583,35.0631,0.0047
tiny,chip_179_506_merged.tif,0.4,2,2027519535,78,34.0659,35.2187,1.1528
tiny,chip_179_506_merged.tif,0.4,3,1646912904,78,35.0569,35.0915,0.0347
tiny,chip_179_506_merged.tif,0.4,4,1166967386,78,34.9638,35.0987,0.1349
tiny,chip_179_506_merged.tif,0.6,0,2144773477,117,34.1472,34.796,0.6488
tiny,chip_179_506_merged.tif,0.6,1,1764166846,117,34.1173,35.2473,1.13
tiny,chip_179_506_merged.tif,0.6,2,1284221328,117,33.8922,34.9265,1.0343
tiny,chip_179_506_merged.tif,0.6,3,903614697,117,34.1609,34.7792,0.6183
tiny,chip_179_506_merged.tif,0.6,4,423669179,117,34.3615,34.4795,0.118
tiny,chip_179_506_merged.tif,0.8,0,1662181281,156,33.8144,34.701,0.8867
tiny,chip_179_506_merged.tif,0.8,1,1281574650,156,33.9082,34.3938,0.4856
tiny,chip_179_506_merged.tif,0.8,2,900968019,156,33.9834,34.6749,0.6915
tiny,chip_179_506_merged.tif,0.8,3,421022501,156,34.1247,34.2741,0.1494
tiny,chip_179_506_merged.tif,0.8,4,40415870,156,34.0878,34.7247,0.6369
tiny,chip_179_579_merged.tif,0.2,0,2043830146,39,37.9819,39.0366,1.0547
tiny,chip_179_579_merged.tif,0.2,1,1563884628,39,38.7295,39.2226,0.4931
tiny,chip_179_579_merged.tif,0.2,2,1183277997,39,39.0949,38.6086,-0.4863
tiny,chip_179_579_merged.tif,0.2,3,703332479,39,39.0955,38.8319,-0.2635
tiny,chip_179_579_merged.tif,0.2,4,322725848,39,37.7792,39.9217,2.1425
tiny,chip_179_579_merged.tif,0.4,0,978555076,78,38.4392,39.142,0.7028
tiny,chip_179_579_merged.tif,0.4,1,597948445,78,38.4382,38.9144,0.4761
tiny,chip_179_579_merged.tif,0.4,2,118002927,78,38.9426,39.2256,0.283
tiny,chip_179_579_merged.tif,0.4,3,1884879944,78,38.5935,38.6376,0.0441
tiny,chip_179_579_merged.tif,0.4,4,1404934426,78,38.5938,39.2975,0.7037
tiny,chip_179_579_merged.tif,0.6,0,1040577719,117,38.4057,38.5336,0.1279
tiny,chip_179_579_merged.tif,0.6,1,659971088,117,38.5945,38.7058,0.1114
tiny,chip_179_579_merged.tif,0.6,2,279364457,117,38.717,38.8952,0.1783
tiny,chip_179_579_merged.tif,0.6,3,1946902587,117,38.6988,38.7272,0.0284
tiny,chip_179_579_merged.tif,0.6,4,1566295956,117,38.6107,39.4228,0.8121
tiny,chip_179_579_merged.tif,0.8,0,657324410,156,38.4796,38.4832,0.0036
tiny,chip_179_579_merged.tif,0.8,1,177378892,156,38.5484,38.6115,0.0631
tiny,chip_179_579_merged.tif,0.8,2,1944255909,156,38.61,38.8674,0.2574
tiny,chip_179_579_merged.tif,0.8,3,1464310391,156,38.5636,38.6127,0.0491
tiny,chip_179_579_merged.tif,0.8,4,1083703760,156,38.486,38.6187,0.1326
tiny,chip_179_603_merged.tif,0.2,0,867274096,39,30.6259,33.029,2.4031
tiny,chip_179_603_merged.tif,0.2,1,486667465,39,31.2684,32.6041,1.3357
tiny,chip_179_603_merged.tif,0.2,2,6721947,39,31.7384,33.1262,1.3878
tiny,chip_179_603_merged.tif,0.2,3,1773598964,39,31.5406,32.414,0.8734
tiny,chip_179_603_merged.tif,0.2,4,1293653446,39,31.2705,31.9914,0.7209
tiny,chip_179_603_merged.tif,0.4,0,706658763,78,30.3963,32.4522,2.0559
tiny,chip_179_603_merged.tif,0.4,1,226713245,78,31.0143,32.4401,1.4258
tiny,chip_179_603_merged.tif,0.4,2,1993590262,78,30.0552,32.3447,2.2895
tiny,chip_179_603_merged.tif,0.4,3,1612983631,78,31.2454,32.4284,1.183
tiny,chip_179_603_merged.tif,0.4,4,1133038113,78,31.4646,32.4,0.9354
tiny,chip_179_603_merged.tif,0.6,0,2110844204,117,31.0276,32.2143,1.1867
tiny,chip_179_603_merged.tif,0.6,1,1630898686,117,30.6434,31.8893,1.2459
tiny,chip_179_603_merged.tif,0.6,2,1250292055,117,30.5591,31.7847,1.2256
tiny,chip_179_603_merged.tif,0.6,3,869685424,117,30.6779,32.062,1.3842
tiny,chip_179_603_merged.tif,0.6,4,389739906,117,30.3908,31.3178,0.927
tiny,chip_179_603_merged.tif,0.8,0,1628252008,156,30.3737,30.7068,0.3331
tiny,chip_179_603_merged.tif,0.8,1,1247645377,156,30.4343,31.1549,0.7206
tiny,chip_179_603_merged.tif,0.8,2,767699859,156,30.8141,30.8296,0.0155
tiny,chip_179_603_merged.tif,0.8,3,387093228,156,30.3629,31.0486,0.6857
tiny,chip_179_603_merged.tif,0.8,4,2054631358,156,30.1074,30.8919,0.7845
tiny,chip_180_284_merged.tif,0.2,0,1610082073,39,33.8884,37.564,3.6755
tiny,chip_180_284_merged.tif,0.2,1,1130136555,39,34.3969,37.5942,3.1973
tiny,chip_180_284_merged.tif,0.2,2,749529924,39,34.7526,37.2755,2.5229
tiny,chip_180_284_merged.tif,0.2,3,269584406,39,34.6037,36.6437,2.04
tiny,chip_180_284_merged.tif,0.2,4,2036461423,39,30.4958,36.6589,6.1631
tiny,chip_180_284_merged.tif,0.4,0,544807003,78,31.1006,35.5605,4.4599
tiny,chip_180_284_merged.tif,0.4,1,164200372,78,29.5862,32.6892,3.1031
tiny,chip_180_284_merged.tif,0.4,2,1831738502,78,32.312,36.9141,4.6021
tiny,chip_180_284_merged.tif,0.4,3,1451131871,78,29.5842,37.396,7.8118
tiny,chip_180_284_merged.tif,0.4,4,1070525240,78,32.312,35.534,3.222
tiny,chip_180_284_merged.tif,0.6,0,706168533,117,32.1783,34.2001,2.0218
tiny,chip_180_284_merged.tif,0.6,1,226223015,117,32.6979,33.7036,1.0057
tiny,chip_180_284_merged.tif,0.6,2,1993100032,117,26.308,35.9245,9.6165
tiny,chip_180_284_merged.tif,0.6,3,1513154514,117,31.0312,35.7631,4.7319
tiny,chip_180_284_merged.tif,0.6,4,1132547883,117,28.9592,34.7393,5.78
tiny,chip_180_284_merged.tif,0.8,0,223576337,156,27.5802,33.6684,6.0882
tiny,chip_180_284_merged.tif,0.8,1,1891114467,156,28.8888,33.5789,4.6901
tiny,chip_180_284_merged.tif,0.8,2,1510507836,156,29.8183,31.7481,1.9298
tiny,chip_180_284_merged.tif,0.8,3,1030562318,156,28.2313,30.7234,2.4921
tiny,chip_180_284_merged.tif,0.8,4,649955687,156,29.7983,31.7674,1.9691
tiny,chip_180_460_merged.tif,0.2,0,1736567337,39,33.339,35.8717,2.5327
tiny,chip_180_460_merged.tif,0.2,1,1355960706,39,32.4766,34.4237,1.9471
tiny,chip_180_460_merged.tif,0.2,2,876015188,39,33.9009,35.458,1.5571
tiny,chip_180_460_merged.tif,0.2,3,495408557,39,33.7608,34.9827,1.2219
tiny,chip_180_460_merged.tif,0.2,4,114801926,39,33.3399,35.1136,1.7736
tiny,chip_180_460_merged.tif,0.4,0,1575952004,78,32.1892,34.99,2.8008
tiny,chip_180_460_merged.tif,0.4,1,1195345373,78,33.0185,35.0657,2.0472
tiny,chip_180_460_merged.tif,0.4,2,715399855,78,32.9837,35.5684,2.5848
tiny,chip_180_460_merged.tif,0.4,3,334793224,78,32.7845,35.1693,2.3848
tiny,chip_180_460_merged.tif,0.4,4,2002331354,78,31.171,34.8424,3.6714
tiny,chip_180_460_merged.tif,0.6,0,832653797,117,33.0851,34.1559,1.0707
tiny,chip_180_460_merged.tif,0.6,1,452047166,117,33.1166,34.7133,1.5967
tiny,chip_180_460_merged.tif,0.6,2,2119585296,117,32.3761,33.9108,1.5347
tiny,chip_180_460_merged.tif,0.6,3,1738978665,117,32.5404,34.2076,1.6672
tiny,chip_180_460_merged.tif,0.6,4,1259033147,117,32.5734,33.9901,1.4167
tiny,chip_180_460_merged.tif,0.8,0,350061601,156,32.6474,33.3804,0.733
tiny,chip_180_460_merged.tif,0.8,1,2116938618,156,32.7013,33.444,0.7427
tiny,chip_180_460_merged.tif,0.8,2,1636993100,156,32.1162,33.8641,1.7479
tiny,chip_180_460_merged.tif,0.8,3,1256386469,156,32.7044,33.0408,0.3365
tiny,chip_180_460_merged.tif,0.8,4,875779838,156,31.7113,32.9922,1.2809
tiny,chip_181_264_merged.tif,0.2,0,1594587508,39,33.5646,38.0051,4.4405
tiny,chip_181_264_merged.tif,0.2,1,1114641990,39,30.9177,38.1329,7.2151
tiny,chip_181_264_merged.tif,0.2,2,734035359,39,30.9213,38.0072,7.086
tiny,chip_181_264_merged.tif,0.2,3,353428728,39,31.0515,38.9988,7.9473
tiny,chip_181_264_merged.tif,0.2,4,2020966858,39,31.564,37.2234,5.6593
tiny,chip_181_264_merged.tif,0.4,0,1433972175,78,31.6534,37.2454,5.592
tiny,chip_181_264_merged.tif,0.4,1,954026657,78,30.1983,37.4126,7.2143
tiny,chip_181_264_merged.tif,0.4,2,573420026,78,31.0269,37.1379,6.111
tiny,chip_181_264_merged.tif,0.4,3,93474508,78,30.3404,37.7899,7.4495
tiny,chip_181_264_merged.tif,0.4,4,1860351525,78,31.8832,37.9661,6.0829
tiny,chip_181_264_merged.tif,0.6,0,690673968,117,29.3841,36.0493,6.6652
tiny,chip_181_264_merged.tif,0.6,1,210728450,117,29.3986,36.2698,6.8713
tiny,chip_181_264_merged.tif,0.6,2,1977605467,117,30.5648,36.048,5.4832
tiny,chip_181_264_merged.tif,0.6,3,1497659949,117,30.6438,36.1152,5.4714
tiny,chip_181_264_merged.tif,0.6,4,1117053318,117,30.041,34.2747,4.2338
tiny,chip_181_264_merged.tif,0.8,0,208081772,156,28.3413,33.4958,5.1544
tiny,chip_181_264_merged.tif,0.8,1,1875619902,156,29.4307,33.6664,4.2357
tiny,chip_181_264_merged.tif,0.8,2,1495013271,156,28.3728,33.7374,5.3646
tiny,chip_181_264_merged.tif,0.8,3,1114406640,156,29.6214,33.916,4.2946
tiny,chip_181_264_merged.tif,0.8,4,634461122,156,29.8347,32.602,2.7673
tiny,chip_181_353_merged.tif,0.2,0,1697036057,39,32.9058,35.6691,2.7632
tiny,chip_181_353_merged.tif,0.2,1,1316429426,39,32.0193,35.4727,3.4534
tiny,chip_181_353_merged.tif,0.2,2,836483908,39,33.7763,34.8065,1.0302
tiny,chip_181_353_merged.tif,0.2,3,455877277,39,33.5525,35.7693,2.2169
tiny,chip_181_353_merged.tif,0.2,4,75270646,39,33.4028,35.8845,2.4817
tiny,chip_181_353_merged.tif,0.4,0,1536420724,78,33.6381,34.6358,0.9978
tiny,chip_181_353_merged.tif,0.4,1,1155814093,78,32.8085,35.042,2.2334
tiny,chip_181_353_merged.tif,0.4,2,675868575,78,31.9588,34.9832,3.0244
tiny,chip_181_353_merged.tif,0.4,3,295261944,78,32.714,35.3403,2.6263
tiny,chip_181_353_merged.tif,0.4,4,1962800074,78,33.353,34.8809,1.5279
tiny,chip_181_353_merged.tif,0.6,0,793122517,117,32.8224,33.1106,0.2882
tiny,chip_181_353_merged.tif,0.6,1,412515886,117,32.7587,34.1389,1.3803
tiny,chip_181_353_merged.tif,0.6,2,2080054016,117,31.6705,34.1689,2.4983
tiny,chip_181_353_merged.tif,0.6,3,1699447385,117,32.7231,33.9171,1.194
tiny,chip_181_353_merged.tif,0.6,4,1219501867,117,32.253,34.9653,2.7123
tiny,chip_181_353_merged.tif,0.8,0,310530321,156,32.3842,33.5269,1.1426
tiny,chip_181_353_merged.tif,0.8,1,2077407338,156,32.3772,32.9097,0.5325
tiny,chip_181_353_merged.tif,0.8,2,1597461820,156,32.3039,33.4185,1.1146
tiny,chip_181_353_merged.tif,0.8,3,1216855189,156,32.304,33.5281,1.2241
tiny,chip_181_353_merged.tif,0.8,4,836248558,156,31.7453,33.6522,1.907
tiny,chip_181_413_merged.tif,0.2,0,2037697616,39,37.6638,37.931,0.2672
tiny,chip_181_413_merged.tif,0.2,1,1657090985,39,37.4877,38.5192,1.0314
tiny,chip_181_413_merged.tif,0.2,2,1276484354,39,37.7782,37.3834,-0.3948
tiny,chip_181_413_merged.tif,0.2,3,796538836,39,36.3143,37.5939,1.2796
tiny,chip_181_413_merged.tif,0.2,4,415932205,39,37.2377,38.0183,0.7806
tiny,chip_181_413_merged.tif,0.4,0,1877082283,78,36.898,37.4581,0.5601
tiny,chip_181_413_merged.tif,0.4,1,1496475652,78,36.8596,37.6408,0.7812
tiny,chip_181_413_merged.tif,0.4,2,1016530134,78,36.6536,37.1866,0.533
tiny,chip_181_413_merged.tif,0.4,3,635923503,78,36.8982,37.5055,0.6073
tiny,chip_181_413_merged.tif,0.4,4,155977985,78,36.1431,37.485,1.3419
tiny,chip_181_413_merged.tif,0.6,0,1133784076,117,36.4124,37.2361,0.8236
tiny,chip_181_413_merged.tif,0.6,1,753177445,117,36.7926,37.2192,0.4265
tiny,chip_181_413_merged.tif,0.6,2,273231927,117,37.1034,37.1833,0.0799
tiny,chip_181_413_merged.tif,0.6,3,2040108944,117,35.9688,37.3449,1.376
tiny,chip_181_413_merged.tif,0.6,4,1659502313,117,36.813,37.691,0.878
tiny,chip_181_413_merged.tif,0.8,0,651191880,156,36.563,36.7985,0.2355
tiny,chip_181_413_merged.tif,0.8,1,270585249,156,36.3254,36.0687,-0.2567
tiny,chip_181_413_merged.tif,0.8,2,2037462266,156,36.3219,36.7871,0.4652
tiny,chip_181_413_merged.tif,0.8,3,1557516748,156,36.8534,37.0309,0.1775
tiny,chip_181_413_merged.tif,0.8,4,1176910117,156,36.8658,36.6924,-0.1733
tiny,chip_181_605_merged.tif,0.2,0,139285765,39,30.4648,32.1597,1.6948
tiny,chip_181_605_merged.tif,0.2,1,1906162782,39,32.2274,33.4935,1.2661
tiny,chip_181_605_merged.tif,0.2,2,1426217264,39,26.0625,33.7647,7.7022
tiny,chip_181_605_merged.tif,0.2,3,1045610633,39,27.2202,33.7083,6.488
tiny,chip_181_605_merged.tif,0.2,4,565665115,39,27.2207,32.8355,5.6148
tiny,chip_181_605_merged.tif,0.4,0,1221494343,78,30.8536,32.8455,1.9919
tiny,chip_181_605_merged.tif,0.4,1,840887712,78,27.5659,32.7281,5.1622
tiny,chip_181_605_merged.tif,0.4,2,460281081,78,27.8993,33.71,5.8107
tiny,chip_181_605_merged.tif,0.4,3,2127819211,78,30.854,32.9505,2.0965
tiny,chip_181_605_merged.tif,0.4,4,1747212580,78,28.2416,32.7343,4.4927
tiny,chip_181_605_merged.tif,0.6,0,577535023,117,26.3121,31.985,5.6729
tiny,chip_181_605_merged.tif,0.6,1,97589505,117,28.4814,31.2048,2.7234
tiny,chip_181_605_merged.tif,0.6,2,1864466522,117,27.8234,31.8623,4.0389
tiny,chip_181_605_merged.tif,0.6,3,1384521004,117,28.5949,31.8744,3.2795
tiny,chip_181_605_merged.tif,0.6,4,1003914373,117,28.6205,31.2241,2.6036
tiny,chip_181_605_merged.tif,0.8,0,94942827,156,28.9578,29.7531,0.7953
tiny,chip_181_605_merged.tif,0.8,1,1762480957,156,28.2297,30.4882,2.2585
tiny,chip_181_605_merged.tif,0.8,2,1381874326,156,28.9791,31.4306,2.4515
tiny,chip_181_605_merged.tif,0.8,3,901928808,156,28.2715,30.8835,2.612
tiny,chip_181_605_merged.tif,0.8,4,521322177,156,28.2382,31.3324,3.0942
tiny,chip_181_606_merged.tif,0.2,0,257932665,39,32.9514,32.8041,-0.1473
tiny,chip_181_606_merged.tif,0.2,1,2024809682,39,30.3679,33.8684,3.5005
tiny,chip_181_606_merged.tif,0.2,2,1544864164,39,31.0453,31.8542,0.8089
tiny,chip_181_606_merged.tif,0.2,3,1164257533,39,31.735,33.5451,1.8101
tiny,chip_181_606_merged.tif,0.2,4,684312015,39,32.8734,32.8913,0.0179
tiny,chip_181_606_merged.tif,0.4,0,1340141243,78,30.9794,32.86,1.8806
tiny,chip_181_606_merged.tif,0.4,1,959534612,78,31.2169,32.542,1.3252
tiny,chip_181_606_merged.tif,0.4,2,578927981,78,30.8313,32.9541,2.1228
tiny,chip_181_606_merged.tif,0.4,3,98982463,78,30.2157,32.6495,2.4338
tiny,chip_181_606_merged.tif,0.4,4,1865859480,78,29.9557,33.557,3.6013
tiny,chip_181_606_merged.tif,0.6,0,1501502773,117,30.3565,32.5643,2.2078
tiny,chip_181_606_merged.tif,0.6,1,1021557255,117,29.5904,32.6323,3.0418
tiny,chip_181_606_merged.tif,0.6,2,640950624,117,30.3206,32.0964,1.7758
tiny,chip_181_606_merged.tif,0.6,3,161005106,117,29.6146,32.6467,3.0321
tiny,chip_181_606_merged.tif,0.6,4,1927882123,117,30.934,32.906,1.972
tiny,chip_181_606_merged.tif,0.8,0,1018910577,156,29.2473,30.7468,1.4995
tiny,chip_181_606_merged.tif,0.8,1,638303946,156,30.0534,32.1875,2.1342
tiny,chip_181_606_merged.tif,0.8,2,158358428,156,29.2733,31.4765,2.2032
tiny,chip_181_606_merged.tif,0.8,3,1925235445,156,29.9001,30.6598,0.7597
tiny,chip_181_606_merged.tif,0.8,4,1445289927,156,30.2689,31.7071,1.4383
tiny,chip_182_579_merged.tif,0.2,0,1871583934,39,37.8679,39.3194,1.4514
tiny,chip_182_579_merged.tif,0.2,1,1391638416,39,36.8754,39.1439,2.2685
tiny,chip_182_579_merged.tif,0.2,2,1011031785,39,37.0061,38.9948,1.9887
tiny,chip_182_579_merged.tif,0.2,3,531086267,39,37.8688,39.0803,1.2116
tiny,chip_182_579_merged.tif,0.2,4,150479636,39,36.9419,38.6918,1.7498
tiny,chip_182_579_merged.tif,0.4,0,1611629714,78,36.7859,38.4448,1.6589
tiny,chip_182_579_merged.tif,0.4,1,1231023083,78,36.2754,39.0726,2.7972
tiny,chip_182_579_merged.tif,0.4,2,751077565,78,36.6448,39.0685,2.4237
tiny,chip_182_579_merged.tif,0.4,3,370470934,78,37.4079,38.8166,1.4087
tiny,chip_182_579_merged.tif,0.4,4,2137347951,78,37.1848,38.5746,1.3899
tiny,chip_182_579_merged.tif,0.6,0,868331507,117,35.9822,38.076,2.0938
tiny,chip_182_579_merged.tif,0.6,1,487724876,117,36.0192,38.5512,2.532
tiny,chip_182_579_merged.tif,0.6,2,7779358,117,36.3971,37.5259,1.1288
tiny,chip_182_579_merged.tif,0.6,3,1774656375,117,36.7089,38.5009,1.7921
tiny,chip_182_579_merged.tif,0.6,4,1394049744,117,36.7816,38.0441,1.2625
tiny,chip_182_579_merged.tif,0.8,0,385739311,156,36.4541,37.7075,1.2534
tiny,chip_182_579_merged.tif,0.8,1,5132680,156,35.7505,37.7008,1.9504
tiny,chip_182_579_merged.tif,0.8,2,1772009697,156,35.7879,37.5576,1.7697
tiny,chip_182_579_merged.tif,0.8,3,1292064179,156,36.9307,37.7973,0.8666
tiny,chip_182_579_merged.tif,0.8,4,911457548,156,36.4702,38.0129,1.5427
tiny,chip_182_606_merged.tif,0.2,0,1969783317,39,30.994,33.0859,2.0919
tiny,chip_182_606_merged.tif,0.2,1,1489837799,39,31.0726,31.6508,0.5782
tiny,chip_182_606_merged.tif,0.2,2,1109231168,39,33.486,33.3218,-0.1642
tiny,chip_182_606_merged.tif,0.2,3,629285650,39,31.0964,33.6988,2.6025
tiny,chip_182_606_merged.tif,0.2,4,248679019,39,30.872,33.0085,2.1365
tiny,chip_182_606_merged.tif,0.4,0,904508247,78,30.5947,31.9615,1.3668
tiny,chip_182_606_merged.tif,0.4,1,523901616,78,31.4129,32.7696,1.3568
tiny,chip_182_606_merged.tif,0.4,2,43956098,78,30.9079,32.947,2.0391
tiny,chip_182_606_merged.tif,0.4,3,1810833115,78,30.4992,32.9459,2.4467
tiny,chip_182_606_merged.tif,0.4,4,1330887597,78,29.9323,32.8386,2.9064
tiny,chip_182_606_merged.tif,0.6,0,966530890,117,30.1307,32.3588,2.2281
tiny,chip_182_606_merged.tif,0.6,1,585924259,117,30.9577,32.085,1.1273
tiny,chip_182_606_merged.tif,0.6,2,105978741,117,30.1412,32.3049,2.1637
tiny,chip_182_606_merged.tif,0.6,3,1872855758,117,31.3044,32.0281,0.7237
tiny,chip_182_606_merged.tif,0.6,4,1492249127,117,30.1502,32.138,1.9878
tiny,chip_182_606_merged.tif,0.8,0,583277581,156,31.0503,31.8688,0.8185
tiny,chip_182_606_merged.tif,0.8,1,103332063,156,30.8865,30.9005,0.014
tiny,chip_182_606_merged.tif,0.8,2,1870209080,156,30.4548,31.4858,1.031
tiny,chip_182_606_merged.tif,0.8,3,1390263562,156,30.973,31.1081,0.1351
tiny,chip_182_606_merged.tif,0.8,4,1009656931,156,30.4749,31.0005,0.5256
tiny,chip_183_237_merged.tif,0.2,0,1337241483,39,30.3332,32.7607,2.4275
tiny,chip_183_237_merged.tif,0.2,1,857295965,39,30.5245,32.5345,2.0099
tiny,chip_183_237_merged.tif,0.2,2,476689334,39,31.2255,32.5702,1.3448
tiny,chip_183_237_merged.tif,0.2,3,96082703,39,31.9665,33.2555,1.289
tiny,chip_183_237_merged.tif,0.2,4,1763620833,39,31.0593,32.4381,1.3788
tiny,chip_183_237_merged.tif,0.4,0,271966413,78,30.4058,32.6454,2.2396
tiny,chip_183_237_merged.tif,0.4,1,2038843430,78,30.705,32.0196,1.3146
tiny,chip_183_237_merged.tif,0.4,2,1558897912,78,29.8857,32.6645,2.7789
tiny,chip_183_237_merged.tif,0.4,3,1178291281,78,30.0131,32.4579,2.4448
tiny,chip_183_237_merged.tif,0.4,4,797684650,78,29.8855,32.3676,2.4821
tiny,chip_183_237_merged.tif,0.6,0,433327943,117,30.9,31.3336,0.4336
tiny,chip_183_237_merged.tif,0.6,1,2100866073,117,29.8818,31.6696,1.7878
tiny,chip_183_237_merged.tif,0.6,2,1720259442,117,30.8947,31.9733,1.0785
tiny,chip_183_237_merged.tif,0.6,3,1240313924,117,30.4198,31.5744,1.1547
tiny,chip_183_237_merged.tif,0.6,4,859707293,117,30.5301,31.8213,1.2911
tiny,chip_183_237_merged.tif,0.8,0,2098219395,156,30.2859,30.1724,-0.1136
tiny,chip_183_237_merged.tif,0.8,1,1618273877,156,30.3349,30.6952,0.3603
tiny,chip_183_237_merged.tif,0.8,2,1237667246,156,29.9392,30.5743,0.6351
tiny,chip_183_237_merged.tif,0.8,3,857060615,156,29.6385,30.9859,1.3474
tiny,chip_183_237_merged.tif,0.8,4,377115097,156,29.9372,31.3225,1.3852
tiny,chip_183_520_merged.tif,0.2,0,2130881803,39,35.1428,35.765,0.6222
tiny,chip_183_520_merged.tif,0.2,1,1650936285,39,35.1175,35.281,0.1635
tiny,chip_183_520_merged.tif,0.2,2,1270329654,39,34.8648,35.4078,0.5431
tiny,chip_183_520_merged.tif,0.2,3,790384136,39,33.849,35.7977,1.9487
tiny,chip_183_520_merged.tif,0.2,4,409777505,39,35.2075,35.2115,0.004
tiny,chip_183_520_merged.tif,0.4,0,1065606733,78,35.2524,35.03,-0.2224
tiny,chip_183_520_merged.tif,0.4,1,685000102,78,35.1334,35.5564,0.423
tiny,chip_183_520_merged.tif,0.4,2,205054584,78,34.2017,35.7412,1.5396
tiny,chip_183_520_merged.tif,0.4,3,1971931601,78,34.8947,35.5103,0.6156
tiny,chip_183_520_merged.tif,0.4,4,1591324970,78,33.7016,35.593,1.8913
tiny,chip_183_520_merged.tif,0.6,0,1127629376,117,34.2812,35.0067,0.7256
tiny,chip_183_520_merged.tif,0.6,1,747022745,117,34.6451,35.2533,0.6082
tiny,chip_183_520_merged.tif,0.6,2,366416114,117,34.0043,35.5472,1.5429
tiny,chip_183_520_merged.tif,0.6,3,2033954244,117,34.7135,35.1411,0.4276
tiny,chip_183_520_merged.tif,0.6,4,1653347613,117,33.996,34.6012,0.6052
tiny,chip_183_520_merged.tif,0.8,0,744376067,156,32.9722,34.6922,1.72
tiny,chip_183_520_merged.tif,0.8,1,264430549,156,32.6721,34.289,1.6169
tiny,chip_183_520_merged.tif,0.8,2,2031307566,156,33.3041,34.5717,1.2675
tiny,chip_183_520_merged.tif,0.8,3,1551362048,156,32.6328,34.6915,2.0587
tiny,chip_183_520_merged.tif,0.8,4,1170755417,156,33.4301,34.6299,1.1999
tiny,chip_183_606_merged.tif,0.2,0,1434585928,39,32.3736,34.2604,1.8868
tiny,chip_183_606_merged.tif,0.2,1,1053979297,39,31.8774,34.3284,2.4511
tiny,chip_183_606_merged.tif,0.2,2,574033779,39,32.6919,33.8449,1.153
tiny,chip_183_606_merged.tif,0.2,3,193427148,39,32.0768,33.71,1.6332
tiny,chip_183_606_merged.tif,0.2,4,1960304165,39,32.0871,33.565,1.4779
tiny,chip_183_606_merged.tif,0.4,0,1273970595,78,32.1693,33.4808,1.3115
tiny,chip_183_606_merged.tif,0.4,1,893363964,78,30.4779,33.6929,3.215
tiny,chip_183_606_merged.tif,0.4,2,413418446,78,31.7993,34.2156,2.4163
tiny,chip_183_606_merged.tif,0.4,3,32811815,78,32.5461,33.7534,1.2073
tiny,chip_183_606_merged.tif,0.4,4,1700349945,78,31.332,33.9867,2.6546
tiny,chip_183_606_merged.tif,0.6,0,1383611251,117,30.4949,33.4047,2.9098
tiny,chip_183_606_merged.tif,0.6,1,903665733,117,30.5226,32.7763,2.2537
tiny,chip_183_606_merged.tif,0.6,2,523059102,117,30.4292,32.7319,2.3027
tiny,chip_183_606_merged.tif,0.6,3,142452471,117,31.8986,33.1043,1.2057
tiny,chip_183_606_merged.tif,0.6,4,1809990601,117,30.504,33.1399,2.6358
tiny,chip_183_606_merged.tif,0.8,0,48080192,156,31.54,32.0578,0.5178
tiny,chip_183_606_merged.tif,0.8,1,1814957209,156,31.4554,32.1448,0.6894
tiny,chip_183_606_merged.tif,0.8,2,1335011691,156,30.6487,32.5679,1.9192
tiny,chip_183_606_merged.tif,0.8,3,954405060,156,30.6482,32.2243,1.5761
tiny,chip_183_606_merged.tif,0.8,4,573798429,156,31.278,32.2175,0.9395
tiny,chip_185_305_merged.tif,0.2,0,1514485442,39,33.7498,36.6072,2.8575
tiny,chip_185_305_merged.tif,0.2,1,1034539924,39,35.5349,35.8549,0.3201
tiny,chip_185_305_merged.tif,0.2,2,653933293,39,36.0287,36.6888,0.6601
tiny,chip_185_305_merged.tif,0.2,3,173987775,39,35.2795,36.9475,1.668
tiny,chip_185_305_merged.tif,0.2,4,1940864792,39,30.1259,36.7363,6.6104
tiny,chip_185_305_merged.tif,0.4,0,1254531222,78,34.6168,35.3918,0.7751
tiny,chip_185_305_merged.tif,0.4,1,873924591,78,31.4339,36.5337,5.0998
tiny,chip_185_305_merged.tif,0.4,2,393979073,78,34.6163,36.3448,1.7284
tiny,chip_185_305_merged.tif,0.4,3,13372442,78,34.9767,36.309,1.3322
tiny,chip_185_305_merged.tif,0.4,4,1780249459,78,31.4309,36.0725,4.6415
tiny,chip_185_305_merged.tif,0.6,0,511233015,117,32.9401,34.8728,1.9328
tiny,chip_185_305_merged.tif,0.6,1,130626384,117,32.0879,35.5642,3.4763
tiny,chip_185_305_merged.tif,0.6,2,1897503401,117,31.4771,35.6259,4.1487
tiny,chip_185_305_merged.tif,0.6,3,1417557883,117,31.5193,35.2864,3.7671
tiny,chip_185_305_merged.tif,0.6,4,1036951252,117,33.2094,35.7056,2.4961
tiny,chip_185_305_merged.tif,0.8,0,127979706,156,31.4652,32.5796,1.1145
tiny,chip_185_305_merged.tif,0.8,1,1795517836,156,31.8168,33.8274,2.0106
tiny,chip_185_305_merged.tif,0.8,2,1414911205,156,32.4656,34.5368,2.0712
tiny,chip_185_305_merged.tif,0.8,3,934965687,156,31.257,34.2293,2.9723
tiny,chip_185_305_merged.tif,0.8,4,554359056,156,33.0115,33.1062,0.0948
tiny,chip_185_368_merged.tif,0.2,0,1177020618,39,31.2162,32.6013,1.3851
tiny,chip_185_368_merged.tif,0.2,1,796413987,39,30.2633,32.1991,1.9358
tiny,chip_185_368_merged.tif,0.2,2,316468469,39,30.4169,32.302,1.8851
tiny,chip_185_368_merged.tif,0.2,3,2083345486,39,29.5456,32.452,2.9064
tiny,chip_185_368_merged.tif,0.2,4,1603399968,39,32.5327,33.175,0.6423
tiny,chip_185_368_merged.tif,0.4,0,1016405285,78,29.9935,31.7752,1.7817
tiny,chip_185_368_merged.tif,0.4,1,536459767,78,30.2186,32.2017,1.9831
tiny,chip_185_368_merged.tif,0.4,2,155853136,78,29.993,32.9713,2.9783
tiny,chip_185_368_merged.tif,0.4,3,1922730153,78,30.3372,32.4666,2.1294
tiny,chip_185_368_merged.tif,0.4,4,1442784635,78,30.2174,32.0918,1.8745
tiny,chip_185_368_merged.tif,0.6,0,273107078,117,30.2979,32.003,1.7051
tiny,chip_185_368_merged.tif,0.6,1,2039984095,117,30.0821,32.1743,2.0922
tiny,chip_185_368_merged.tif,0.6,2,1560038577,117,30.5325,31.556,1.0235
tiny,chip_185_368_merged.tif,0.6,3,1179431946,117,30.3065,31.8945,1.588
tiny,chip_185_368_merged.tif,0.6,4,699486428,117,30.7832,32.0115,1.2283
tiny,chip_185_368_merged.tif,0.8,0,1937998530,156,29.8917,31.0687,1.177
tiny,chip_185_368_merged.tif,0.8,1,1557391899,156,30.2717,30.9556,0.6839
tiny,chip_185_368_merged.tif,0.8,2,1077446381,156,30.2598,31.191,0.9313
tiny,chip_185_368_merged.tif,0.8,3,696839750,156,29.8815,30.8541,0.9726
tiny,chip_185_368_merged.tif,0.8,4,216894232,156,30.418,31.358,0.94
tiny,chip_185_399_merged.tif,0.2,0,1437527277,39,31.7931,32.4893,0.6962
tiny,chip_185_399_merged.tif,0.2,1,957581759,39,32.1024,33.5996,1.4972
tiny,chip_185_399_merged.tif,0.2,2,576975128,39,31.9444,32.4133,0.4689
tiny,chip_185_399_merged.tif,0.2,3,196368497,39,32.0005,33.2475,1.247
tiny,chip_185_399_merged.tif,0.2,4,1863906627,39,32.5034,33.317,0.8136
tiny,chip_185_399_merged.tif,0.4,0,1276911944,78,31.6783,32.9123,1.234
tiny,chip_185_399_merged.tif,0.4,1,796966426,78,31.6772,33.1506,1.4734
tiny,chip_185_399_merged.tif,0.4,2,416359795,78,31.1469,33.221,2.0741
tiny,chip_185_399_merged.tif,0.4,3,2083897925,78,31.4271,33.8535,2.4264
tiny,chip_185_399_merged.tif,0.4,4,1703291294,78,31.5748,32.8628,1.2881
tiny,chip_185_399_merged.tif,0.6,0,533613737,117,31.1646,32.3611,1.1965
tiny,chip_185_399_merged.tif,0.6,1,53668219,117,31.2908,32.6245,1.3337
tiny,chip_185_399_merged.tif,0.6,2,1820545236,117,31.5418,32.4031,0.8612
tiny,chip_185_399_merged.tif,0.6,3,1340599718,117,31.1655,32.4391,1.2736
tiny,chip_185_399_merged.tif,0.6,4,959993087,117,31.1593,32.2617,1.1024
tiny,chip_185_399_merged.tif,0.8,0,51021541,156,30.6285,31.8455,1.2171
tiny,chip_185_399_merged.tif,0.8,1,1718559671,156,31.3668,31.5169,0.1501
tiny,chip_185_399_merged.tif,0.8,2,1337953040,156,30.2836,31.5109,1.2273
tiny,chip_185_399_merged.tif,0.8,3,957346409,156,31.1684,31.5544,0.3861
tiny,chip_185_399_merged.tif,0.8,4,477400891,156,30.2586,31.8964,1.6378
tiny,chip_185_408_merged.tif,0.2,0,1888260160,39,37.4672,35.6521,-1.8151
tiny,chip_185_408_merged.tif,0.2,1,1507653529,39,37.6782,36.1184,-1.5599
tiny,chip_185_408_merged.tif,0.2,2,1127046898,39,35.9437,36.0755,0.1318
tiny,chip_185_408_merged.tif,0.2,3,647101380,39,35.5944,36.8668,1.2724
tiny,chip_185_408_merged.tif,0.2,4,266494749,39,35.0364,33.8662,-1.1702
tiny,chip_185_408_merged.tif,0.4,0,1727644827,78,36.1465,36.2404,0.0939
tiny,chip_185_408_merged.tif,0.4,1,1347038196,78,35.1266,35.7558,0.6292
tiny,chip_185_408_merged.tif,0.4,2,867092678,78,35.5548,36.9142,1.3594
tiny,chip_185_408_merged.tif,0.4,3,486486047,78,36.1517,36.4715,0.3198
tiny,chip_185_408_merged.tif,0.4,4,6540529,78,36.8056,35.9878,-0.8178
tiny,chip_185_408_merged.tif,0.6,0,984346620,117,35.4085,35.8878,0.4793
tiny,chip_185_408_merged.tif,0.6,1,603739989,117,35.1241,36.0599,0.9357
tiny,chip_185_408_merged.tif,0.6,2,123794471,117,35.356,36.2775,0.9215
tiny,chip_185_408_merged.tif,0.6,3,1890671488,117,35.1446,36.2738,1.1292
tiny,chip_185_408_merged.tif,0.6,4,1510064857,117,35.362,36.4311,1.0691
tiny,chip_185_408_merged.tif,0.8,0,501754424,156,35.4378,35.6391,0.2014
tiny,chip_185_408_merged.tif,0.8,1,121147793,156,35.6618,36.0471,0.3853
tiny,chip_185_408_merged.tif,0.8,2,1888024810,156,35.3314,35.4836,0.1522
tiny,chip_185_408_merged.tif,0.8,3,1408079292,156,35.3196,35.8063,0.4866
tiny,chip_185_408_merged.tif,0.8,4,1027472661,156,34.9769,35.7203,0.7434
tiny,chip_186_265_merged.tif,0.2,0,1550334370,39,33.5768,36.5259,2.949
tiny,chip_186_265_merged.tif,0.2,1,1169727739,39,34.4098,36.5815,2.1717
tiny,chip_186_265_merged.tif,0.2,2,689782221,39,33.9656,34.6863,0.7206
tiny,chip_186_265_merged.tif,0.2,3,309175590,39,33.509,36.3962,2.8872
tiny,chip_186_265_merged.tif,0.2,4,1976713720,39,34.4278,36.5094,2.0816
tiny,chip_186_265_merged.tif,0.4,0,584398187,78,29.9371,36.2913,6.3542
tiny,chip_186_265_merged.tif,0.4,1,104452669,78,32.3143,36.0326,3.7182
tiny,chip_186_265_merged.tif,0.4,2,1871329686,78,34.0259,36.1265,2.1005
tiny,chip_186_265_merged.tif,0.4,3,1391384168,78,32.589,35.9132,3.3241
tiny,chip_186_265_merged.tif,0.4,4,1010777537,78,32.2779,35.371,3.0931
tiny,chip_186_265_merged.tif,0.6,0,646420830,117,32.8741,34.5062,1.632
tiny,chip_186_265_merged.tif,0.6,1,166475312,117,31.5876,34.8565,3.2689
tiny,chip_186_265_merged.tif,0.6,2,1933352329,117,31.9811,34.316,2.3349
tiny,chip_186_265_merged.tif,0.6,3,1552745698,117,31.9406,35.0846,3.144
tiny,chip_186_265_merged.tif,0.6,4,1072800180,117,30.6827,34.5464,3.8637
tiny,chip_186_265_merged.tif,0.8,0,163828634,156,31.3718,33.8763,2.5045
tiny,chip_186_265_merged.tif,0.8,1,1930705651,156,32.14,33.2992,1.1592
tiny,chip_186_265_merged.tif,0.8,2,1450760133,156,31.1682,33.3058,2.1376
tiny,chip_186_265_merged.tif,0.8,3,1070153502,156,31.1465,32.6094,1.4628
tiny,chip_186_265_merged.tif,0.8,4,590207984,156,31.6526,33.7221,2.0695
tiny,chip_186_488_merged.tif,0.2,0,1931733731,39,32.844,34.2564,1.4124
tiny,chip_186_488_merged.tif,0.2,1,1551127100,39,30.9759,34.3659,3.39
tiny,chip_186_488_merged.tif,0.2,2,1071181582,39,32.4666,33.9173,1.4507
tiny,chip_186_488_merged.tif,0.2,3,690574951,39,32.7115,34.1457,1.4342
tiny,chip_186_488_merged.tif,0.2,4,210629433,39,31.6457,34.0482,2.4024
tiny,chip_186_488_merged.tif,0.4,0,866458661,78,32.1813,33.8079,1.6267
tiny,chip_186_488_merged.tif,0.4,1,485852030,78,30.2963,33.8029,3.5066
tiny,chip_186_488_merged.tif,0.4,2,105245399,78,31.7337,33.5892,1.8555
tiny,chip_186_488_merged.tif,0.4,3,1772783529,78,31.1201,33.3142,2.1941
tiny,chip_186_488_merged.tif,0.4,4,1392176898,78,32.2337,33.9112,1.6775
tiny,chip_186_488_merged.tif,0.6,0,1027820191,117,31.662,33.096,1.434
tiny,chip_186_488_merged.tif,0.6,1,547874673,117,31.562,33.0757,1.5138
tiny,chip_186_488_merged.tif,0.6,2,167268042,117,30.9294,31.7965,0.8671
tiny,chip_186_488_merged.tif,0.6,3,1934145059,117,30.6265,32.601,1.9745
tiny,chip_186_488_merged.tif,0.6,4,1454199541,117,30.6438,33.1295,2.4857
tiny,chip_186_488_merged.tif,0.8,0,545227995,156,31.1655,31.9302,0.7647
tiny,chip_186_488_merged.tif,0.8,1,164621364,156,31.2515,31.9926,0.741
tiny,chip_186_488_merged.tif,0.8,2,1832159494,156,30.7951,31.7378,0.9427
tiny,chip_186_488_merged.tif,0.8,3,1451552863,156,30.6306,31.8338,1.2032
tiny,chip_186_488_merged.tif,0.8,4,971607345,156,30.6664,31.8079,1.1415
tiny,chip_188_404_merged.tif,0.2,0,2079205349,39,36.919,38.6824,1.7635
tiny,chip_188_404_merged.tif,0.2,1,1599259831,39,36.4868,38.1858,1.699
tiny,chip_188_404_merged.tif,0.2,2,1218653200,39,36.9837,38.2579,1.2742
tiny,chip_188_404_merged.tif,0.2,3,838046569,39,36.9463,37.2428,0.2965
tiny,chip_188_404_merged.tif,0.2,4,358101051,39,36.4083,38.5846,2.1763
tiny,chip_188_404_merged.tif,0.4,0,1013930279,78,36.4698,37.8007,1.3308
tiny,chip_188_404_merged.tif,0.4,1,633323648,78,37.1709,37.2504,0.0795
tiny,chip_188_404_merged.tif,0.4,2,252717017,78,36.4707,38.059,1.5883
tiny,chip_188_404_merged.tif,0.4,3,1920255147,78,37.5443,38.1268,0.5826
tiny,chip_188_404_merged.tif,0.4,4,1539648516,78,37.7781,38.1681,0.39
tiny,chip_188_404_merged.tif,0.6,0,1928891785,117,37.2898,37.9042,0.6144
tiny,chip_188_404_merged.tif,0.6,1,1548285154,117,37.3293,37.5538,0.2245
tiny,chip_188_404_merged.tif,0.6,2,1167678523,117,37.0654,37.9609,0.8955
tiny,chip_188_404_merged.tif,0.6,3,687733005,117,36.9291,37.8225,0.8934
tiny,chip_188_404_merged.tif,0.6,4,307126374,117,37.1468,37.7058,0.559
tiny,chip_188_404_merged.tif,0.8,0,692699613,156,36.8867,37.2441,0.3574
tiny,chip_188_404_merged.tif,0.8,1,212754095,156,36.799,36.7818,-0.0172
tiny,chip_188_404_merged.tif,0.8,2,1979631112,156,36.7356,36.9891,0.2534
tiny,chip_188_404_merged.tif,0.8,3,1599024481,156,36.775,37.2696,0.4946
tiny,chip_188_404_merged.tif,0.8,4,1119078963,156,36.4861,37.1433,0.6571
tiny,chip_191_403_merged.tif,0.2,0,1262211466,39,32.016,34.1453,2.1293
tiny,chip_191_403_merged.tif,0.2,1,881604835,39,32.5754,34.6373,2.0619
tiny,chip_191_403_merged.tif,0.2,2,401659317,39,31.8154,33.2538,1.4385
tiny,chip_191_403_merged.tif,0.2,3,21052686,39,32.3015,34.0262,1.7247
tiny,chip_191_403_merged.tif,0.2,4,1688590816,39,33.484,33.8225,0.3386
tiny,chip_191_403_merged.tif,0.4,0,1101596133,78,31.6144,33.3248,1.7104
tiny,chip_191_403_merged.tif,0.4,1,621650615,78,32.0328,33.7505,1.7176
tiny,chip_191_403_merged.tif,0.4,2,241043984,78,31.614,33.0169,1.4029
tiny,chip_191_403_merged.tif,0.4,3,2007921001,78,32.0327,33.3615,1.3287
tiny,chip_191_403_merged.tif,0.4,4,1527975483,78,31.9452,32.7564,0.8112
tiny,chip_191_403_merged.tif,0.6,0,358297926,117,31.3082,33.3573,2.0491
tiny,chip_191_403_merged.tif,0.6,1,2025836056,117,31.8356,33.8711,2.0354
tiny,chip_191_403_merged.tif,0.6,2,1645229425,117,31.7125,33.1698,1.4573
tiny,chip_191_403_merged.tif,0.6,3,1264622794,117,31.8248,33.1541,1.3293
tiny,chip_191_403_merged.tif,0.6,4,784677276,117,31.8546,33.2493,1.3948
tiny,chip_191_403_merged.tif,0.8,0,2023189378,156,31.8426,32.2875,0.445
tiny,chip_191_403_merged.tif,0.8,1,1642582747,156,31.501,32.4738,0.9728
tiny,chip_191_403_merged.tif,0.8,2,1162637229,156,31.5204,32.1599,0.6395
tiny,chip_191_403_merged.tif,0.8,3,782030598,156,31.7055,32.3263,0.6208
tiny,chip_191_403_merged.tif,0.8,4,302085080,156,31.8442,31.7372,-0.1069
tiny,chip_193_311_merged.tif,0.2,0,143266649,39,33.1117,35.911,2.7993
tiny,chip_193_311_merged.tif,0.2,1,1910143666,39,33.0459,34.7676,1.7217
tiny,chip_193_311_merged.tif,0.2,2,1430198148,39,31.6975,35.2435,3.546
tiny,chip_193_311_merged.tif,0.2,3,1049591517,39,32.9302,34.5695,1.6393
tiny,chip_193_311_merged.tif,0.2,4,569645999,39,33.5674,34.9699,1.4026
tiny,chip_193_311_merged.tif,0.4,0,2130134964,78,29.6617,34.3769,4.7152
tiny,chip_193_311_merged.tif,0.4,1,1650189446,78,32.836,34.9469,2.111
tiny,chip_193_311_merged.tif,0.4,2,1269582815,78,32.0385,34.44,2.4014
tiny,chip_193_311_merged.tif,0.4,3,789637297,78,32.725,34.8956,2.1706
tiny,chip_193_311_merged.tif,0.4,4,409030666,78,32.1347,34.0947,1.96
tiny,chip_193_311_merged.tif,0.6,0,1386836757,117,32.0865,33.6687,1.5822
tiny,chip_193_311_merged.tif,0.6,1,906891239,117,30.3316,34.0941,3.7625
tiny,chip_193_311_merged.tif,0.6,2,526284608,117,30.4424,34.2935,3.851
tiny,chip_193_311_merged.tif,0.6,3,46339090,117,32.0998,33.5929,1.493
tiny,chip_193_311_merged.tif,0.6,4,1813216107,117,32.5488,33.5322,0.9834
tiny,chip_193_311_merged.tif,0.8,0,904244561,156,30.7957,32.5578,1.762
tiny,chip_193_311_merged.tif,0.8,1,424299043,156,30.9595,32.1819,1.2224
tiny,chip_193_311_merged.tif,0.8,2,43692412,156,30.8476,32.5399,1.6923
tiny,chip_193_311_merged.tif,0.8,3,1810569429,156,30.7918,32.7471,1.9553
tiny,chip_193_311_merged.tif,0.8,4,1330623911,156,30.9437,32.8245,1.8808
tiny,chip_193_314_merged.tif,0.2,0,1712694949,39,29.9808,32.7173,2.7365
tiny,chip_193_314_merged.tif,0.2,1,1332088318,39,33.4764,35.3159,1.8395
tiny,chip_193_314_merged.tif,0.2,2,951481687,39,29.9788,33.9974,4.0186
tiny,chip_193_314_merged.tif,0.2,3,471536169,39,33.6855,34.9701,1.2846
tiny,chip_193_314_merged.tif,0.2,4,90929538,39,32.1298,33.4821,1.3523
tiny,chip_193_314_merged.tif,0.4,0,1552079616,78,30.8074,33.9954,3.188
tiny,chip_193_314_merged.tif,0.4,1,1171472985,78,24.2866,33.1308,8.8442
tiny,chip_193_314_merged.tif,0.4,2,691527467,78,30.6047,34.0197,3.415
tiny,chip_193_314_merged.tif,0.4,3,310920836,78,30.5517,33.752,3.2003
tiny,chip_193_314_merged.tif,0.4,4,2077797853,78,32.185,33.8734,1.6884
tiny,chip_193_314_merged.tif,0.6,0,808781409,117,30.7561,32.7505,1.9944
tiny,chip_193_314_merged.tif,0.6,1,428174778,117,31.1085,31.1985,0.09
tiny,chip_193_314_merged.tif,0.6,2,2095712908,117,29.4355,31.1841,1.7487
tiny,chip_193_314_merged.tif,0.6,3,1715106277,117,29.9196,32.2722,2.3526
tiny,chip_193_314_merged.tif,0.6,4,1334499646,117,29.7225,31.3979,1.6755
tiny,chip_193_314_merged.tif,0.8,0,326189213,156,29.9951,30.9742,0.9791
tiny,chip_193_314_merged.tif,0.8,1,2093066230,156,26.3471,30.0367,3.6896
tiny,chip_193_314_merged.tif,0.8,2,1712459599,156,30.0843,30.1692,0.0849
tiny,chip_193_314_merged.tif,0.8,3,1232514081,156,29.0761,29.4418,0.3657
tiny,chip_193_314_merged.tif,0.8,4,851907450,156,29.0728,31.4492,2.3764
tiny,chip_193_583_merged.tif,0.2,0,819328238,39,37.4476,37.1631,-0.2845
tiny,chip_193_583_merged.tif,0.2,1,438721607,39,37.7624,37.0994,-0.6631
tiny,chip_193_583_merged.tif,0.2,2,2106259737,39,35.8412,37.3479,1.5066
tiny,chip_193_583_merged.tif,0.2,3,1725653106,39,38.0003,38.0082,0.0079
tiny,chip_193_583_merged.tif,0.2,4,1245707588,39,35.886,37.4598,1.5737
tiny,chip_193_583_merged.tif,0.4,0,658712905,78,35.7287,36.7965,1.0678
tiny,chip_193_583_merged.tif,0.4,1,178767387,78,35.4393,36.8583,1.419
tiny,chip_193_583_merged.tif,0.4,2,1945644404,78,37.1233,37.5193,0.396
tiny,chip_193_583_merged.tif,0.4,3,1565037773,78,35.4394,36.9115,1.4721
tiny,chip_193_583_merged.tif,0.4,4,1085092255,78,37.078,37.501,0.423
tiny,chip_193_583_merged.tif,0.6,0,2062898346,117,36.2975,36.4419,0.1444
tiny,chip_193_583_merged.tif,0.6,1,1582952828,117,36.2344,36.6381,0.4038
tiny,chip_193_583_merged.tif,0.6,2,1202346197,117,35.8346,36.9909,1.1563
tiny,chip_193_583_merged.tif,0.6,3,821739566,117,36.2818,36.6003,0.3185
tiny,chip_193_583_merged.tif,0.6,4,341794048,117,35.3351,36.0738,0.7387
tiny,chip_193_583_merged.tif,0.8,0,1580306150,156,35.6295,35.8559,0.2264
tiny,chip_193_583_merged.tif,0.8,1,1199699519,156,35.4906,36.3963,0.9057
tiny,chip_193_583_merged.tif,0.8,2,719754001,156,35.5647,35.7739,0.2093
tiny,chip_193_583_merged.tif,0.8,3,339147370,156,35.6377,36.2405,0.6028
tiny,chip_193_583_merged.tif,0.8,4,2006685500,156,35.6507,36.1101,0.4593
tiny,chip_194_257_merged.tif,0.2,0,127615100,39,38.0356,40.3125,2.2769
tiny,chip_194_257_merged.tif,0.2,1,1894492117,39,36.3378,39.6319,3.2942
tiny,chip_194_257_merged.tif,0.2,2,1414546599,39,37.595,40.3593,2.7643
tiny,chip_194_257_merged.tif,0.2,3,1033939968,39,35.8698,38.3815,2.5117
tiny,chip_194_257_merged.tif,0.2,4,553994450,39,35.7892,37.1998,1.4106
tiny,chip_194_257_merged.tif,0.4,0,2114483415,78,33.4562,37.8719,4.4157
tiny,chip_194_257_merged.tif,0.4,1,1634537897,78,32.707,37.6595,4.9524
tiny,chip_194_257_merged.tif,0.4,2,1253931266,78,32.4116,39.3319,6.9203
tiny,chip_194_257_merged.tif,0.4,3,773985748,78,36.3421,37.971,1.6289
tiny,chip_194_257_merged.tif,0.4,4,393379117,78,34.568,38.3956,3.8275
tiny,chip_194_257_merged.tif,0.6,0,1371185208,117,33.8953,37.4835,3.5882
tiny,chip_194_257_merged.tif,0.6,1,891239690,117,33.9847,37.6454,3.6607
tiny,chip_194_257_merged.tif,0.6,2,510633059,117,33.9614,37.9909,4.0296
tiny,chip_194_257_merged.tif,0.6,3,30687541,117,33.0096,37.3632,4.3537
tiny,chip_194_257_merged.tif,0.6,4,1797564558,117,31.6441,37.5901,5.9459
tiny,chip_194_257_merged.tif,0.8,0,888593012,156,33.3408,35.5619,2.2211
tiny,chip_194_257_merged.tif,0.8,1,507986381,156,31.4492,35.6614,4.2122
tiny,chip_194_257_merged.tif,0.8,2,28040863,156,33.5353,36.756,3.2207
tiny,chip_194_257_merged.tif,0.8,3,1794917880,156,33.4226,35.8706,2.4481
tiny,chip_194_257_merged.tif,0.8,4,1314972362,156,31.9971,35.7212,3.7241
tiny,chip_194_261_merged.tif,0.2,0,207996629,39,37.165,37.865,0.7
tiny,chip_194_261_merged.tif,0.2,1,1974873646,39,32.6789,38.9527,6.2738
tiny,chip_194_261_merged.tif,0.2,2,1494928128,39,34.645,39.2496,4.6046
tiny,chip_194_261_merged.tif,0.2,3,1114321497,39,37.1655,39.1204,1.9549
tiny,chip_194_261_merged.tif,0.2,4,634375979,39,38.2314,39.106,0.8746
tiny,chip_194_261_merged.tif,0.4,0,1389544094,78,33.8757,37.937,4.0613
tiny,chip_194_261_merged.tif,0.4,1,909598576,78,34.2626,38.1829,3.9204
tiny,chip_194_261_merged.tif,0.4,2,528991945,78,34.484,38.7933,4.3093
tiny,chip_194_261_merged.tif,0.4,3,49046427,78,34.4372,38.7133,4.2761
tiny,chip_194_261_merged.tif,0.4,4,1815923444,78,34.5089,38.6341,4.1251
tiny,chip_194_261_merged.tif,0.6,0,646245887,117,34.02,36.9734,2.9534
tiny,chip_194_261_merged.tif,0.6,1,166300369,117,34.0241,36.375,2.3509
tiny,chip_194_261_merged.tif,0.6,2,1933177386,117,33.3107,37.2182,3.9074
tiny,chip_194_261_merged.tif,0.6,3,1453231868,117,34.5244,37.2497,2.7253
tiny,chip_194_261_merged.tif,0.6,4,1072625237,117,33.4339,37.3017,3.8677
tiny,chip_194_261_merged.tif,0.8,0,163653691,156,33.8776,35.4482,1.5706
tiny,chip_194_261_merged.tif,0.8,1,1831191821,156,33.5141,35.9156,2.4015
tiny,chip_194_261_merged.tif,0.8,2,1450585190,156,34.1485,35.8024,1.6539
tiny,chip_194_261_merged.tif,0.8,3,1069978559,156,33.6044,34.9413,1.3369
tiny,chip_194_261_merged.tif,0.8,4,590033041,156,33.8968,36.0478,2.1509
tiny,chip_194_296_merged.tif,0.2,0,504038548,39,36.543,37.6637,1.1207
tiny,chip_194_296_merged.tif,0.2,1,123431917,39,37.7802,38.7003,0.9201
tiny,chip_194_296_merged.tif,0.2,2,1890308934,39,36.5448,39.2711,2.7263
tiny,chip_194_296_merged.tif,0.2,3,1410363416,39,36.4582,39.1361,2.6778
tiny,chip_194_296_merged.tif,0.2,4,1029756785,39,34.0048,39.156,5.1512
tiny,chip_194_296_merged.tif,0.4,0,1685586013,78,34.158,38.0031,3.8452
tiny,chip_194_296_merged.tif,0.4,1,1205640495,78,35.1904,38.096,2.9057
tiny,chip_194_296_merged.tif,0.4,2,825033864,78,35.6798,39.1766,3.4968
tiny,chip_194_296_merged.tif,0.4,3,444427233,78,36.5123,38.6107,2.0984
tiny,chip_194_296_merged.tif,0.4,4,2111965363,78,34.2733,37.9412,3.6679
tiny,chip_194_296_merged.tif,0.6,0,942287806,117,33.7847,36.3155,2.5308
tiny,chip_194_296_merged.tif,0.6,1,561681175,117,33.8397,37.8651,4.0253
tiny,chip_194_296_merged.tif,0.6,2,81735657,117,33.8003,37.5772,3.7769
tiny,chip_194_296_merged.tif,0.6,3,1848612674,117,35.0491,37.7186,2.6694
tiny,chip_194_296_merged.tif,0.6,4,1368667156,117,35.0379,36.3072,1.2692
tiny,chip_194_296_merged.tif,0.8,0,459695610,156,33.7588,35.5458,1.787
tiny,chip_194_296_merged.tif,0.8,1,79088979,156,34.0324,35.6943,1.6619
tiny,chip_194_296_merged.tif,0.8,2,1746627109,156,32.6975,35.1692,2.4718
tiny,chip_194_296_merged.tif,0.8,3,1366020478,156,34.0174,35.2857,1.2683
tiny,chip_194_296_merged.tif,0.8,4,886074960,156,34.0248,35.4471,1.4223
tiny,chip_194_315_merged.tif,0.2,0,1648185567,39,32.1249,33.4679,1.3431
tiny,chip_194_315_merged.tif,0.2,1,1267578936,39,29.3141,34.1871,4.873
tiny,chip_194_315_merged.tif,0.2,2,787633418,39,32.6735,32.5862,-0.0872
tiny,chip_194_315_merged.tif,0.2,3,407026787,39,33.122,33.948,0.826
tiny,chip_194_315_merged.tif,0.2,4,26420156,39,33.0648,34.7466,1.6818
tiny,chip_194_315_merged.tif,0.4,0,634631371,78,31.8048,32.9425,1.1377
tiny,chip_194_315_merged.tif,0.4,1,254024740,78,28.7117,33.1048,4.3931
tiny,chip_194_315_merged.tif,0.4,2,1921562870,78,27.3087,33.622,6.3133
tiny,chip_194_315_merged.tif,0.4,3,1540956239,78,31.8046,33.2788,1.4742
tiny,chip_194_315_merged.tif,0.4,4,1061010721,78,30.1666,33.4679,3.3013
tiny,chip_194_315_merged.tif,0.6,0,744272027,117,30.1023,31.0557,0.9534
tiny,chip_194_315_merged.tif,0.6,1,363665396,117,29.1299,32.9838,3.8539
tiny,chip_194_315_merged.tif,0.6,2,2031203526,117,29.137,31.363,2.226
tiny,chip_194_315_merged.tif,0.6,3,1650596895,117,29.5987,33.2958,3.6972
tiny,chip_194_315_merged.tif,0.6,4,1170651377,117,30.7913,31.1177,0.3264
tiny,chip_194_315_merged.tif,0.8,0,1556224616,156,28.773,31.9359,3.1629
tiny,chip_194_315_merged.tif,0.8,1,1175617985,156,28.7659,31.8505,3.0845
tiny,chip_194_315_merged.tif,0.8,2,795011354,156,29.2336,30.549,1.3153
tiny,chip_194_315_merged.tif,0.8,3,315065836,156,29.6954,30.7184,1.023
tiny,chip_194_315_merged.tif,0.8,4,2081942853,156,29.7937,31.1651,1.3714
tiny,chip_194_329_merged.tif,0.2,0,708754875,39,30.3077,34.362,4.0543
tiny,chip_194_329_merged.tif,0.2,1,328148244,39,30.2533,35.6215,5.3682
tiny,chip_194_329_merged.tif,0.2,2,1995686374,39,31.1877,34.4543,3.2667
tiny,chip_194_329_merged.tif,0.2,3,1615079743,39,31.3093,35.4237,4.1144
tiny,chip_194_329_merged.tif,0.2,4,1234473112,39,31.6748,34.1905,2.5157
tiny,chip_194_329_merged.tif,0.4,0,548139542,78,30.5799,34.0193,3.4394
tiny,chip_194_329_merged.tif,0.4,1,167532911,78,30.0528,34.0694,4.0165
tiny,chip_194_329_merged.tif,0.4,2,1835071041,78,29.9863,33.2975,3.3112
tiny,chip_194_329_merged.tif,0.4,3,1454464410,78,29.1856,34.2709,5.0853
tiny,chip_194_329_merged.tif,0.4,4,974518892,78,29.8063,32.5556,2.7493
tiny,chip_194_329_merged.tif,0.6,0,1952324983,117,29.7073,31.5568,1.8494
tiny,chip_194_329_merged.tif,0.6,1,1571718352,117,29.475,32.6151,3.14
tiny,chip_194_329_merged.tif,0.6,2,1091772834,117,29.2301,32.5707,3.3407
tiny,chip_194_329_merged.tif,0.6,3,711166203,117,29.102,32.5417,3.4396
tiny,chip_194_329_merged.tif,0.6,4,231220685,117,29.643,33.1621,3.519
tiny,chip_194_329_merged.tif,0.8,0,1469732787,156,29.4631,31.352,1.8889
tiny,chip_194_329_merged.tif,0.8,1,1089126156,156,28.767,31.8337,3.0667
tiny,chip_194_329_merged.tif,0.8,2,609180638,156,29.9055,32.0648,2.1593
tiny,chip_194_329_merged.tif,0.8,3,228574007,156,28.7564,31.8921,3.1357
tiny,chip_194_329_merged.tif,0.8,4,1995451024,156,28.719,31.1732,2.4543
tiny,chip_194_385_merged.tif,0.2,0,312323576,39,29.9064,35.1783,5.2719
tiny,chip_194_385_merged.tif,0.2,1,1979861706,39,30.533,34.9508,4.4178
tiny,chip_194_385_merged.tif,0.2,2,1599255075,39,33.1449,35.6412,2.4963
tiny,chip_194_385_merged.tif,0.2,3,1119309557,39,33.8869,35.4925,1.6056
tiny,chip_194_385_merged.tif,0.2,4,738702926,39,29.907,34.1598,4.2528
tiny,chip_194_385_merged.tif,0.4,0,52369356,78,34.6763,33.7214,-0.955
tiny,chip_194_385_merged.tif,0.4,1,1819246373,78,31.4241,34.5789,3.1548
tiny,chip_194_385_merged.tif,0.4,2,1438639742,78,31.4559,34.9188,3.463
tiny,chip_194_385_merged.tif,0.4,3,958694224,78,33.8947,33.6285,-0.2661
tiny,chip_194_385_merged.tif,0.4,4,578087593,78,34.0896,34.8359,0.7463
tiny,chip_194_385_merged.tif,0.6,0,1456554797,117,31.9262,33.8169,1.8907
tiny,chip_194_385_merged.tif,0.6,1,1075948166,117,31.9455,34.3553,2.4098
tiny,chip_194_385_merged.tif,0.6,2,695341535,117,33.0889,33.564,0.4751
tiny,chip_194_385_merged.tif,0.6,3,215396017,117,31.5805,33.6951,2.1146
tiny,chip_194_385_merged.tif,0.6,4,1982273034,117,32.4625,34.8133,2.3508
tiny,chip_194_385_merged.tif,0.8,0,1073301488,156,32.3408,33.4674,1.1266
tiny,chip_194_385_merged.tif,0.8,1,593355970,156,31.65,32.9349,1.285
tiny,chip_194_385_merged.tif,0.8,2,212749339,156,32.0303,32.7853,0.755
tiny,chip_194_385_merged.tif,0.8,3,1880287469,156,31.7418,33.3968,1.6549
tiny,chip_194_385_merged.tif,0.8,4,1499680838,156,32.3761,32.6427,0.2666
tiny,chip_194_433_merged.tif,0.2,0,771893030,39,33.2314,33.7493,0.5179
tiny,chip_194_433_merged.tif,0.2,1,391286399,39,33.4435,33.5028,0.0593
tiny,chip_194_433_merged.tif,0.2,2,2058824529,39,31.8625,34.0573,2.1948
tiny,chip_194_433_merged.tif,0.2,3,1678217898,39,32.2334,32.8344,0.601
tiny,chip_194_433_merged.tif,0.2,4,1297611267,39,33.7052,33.8805,0.1753
tiny,chip_194_433_merged.tif,0.4,0,611277697,78,31.6689,33.2663,1.5974
tiny,chip_194_433_merged.tif,0.4,1,230671066,78,32.3909,32.6764,0.2855
tiny,chip_194_433_merged.tif,0.4,2,1898209196,78,31.8852,32.3491,0.4639
tiny,chip_194_433_merged.tif,0.4,3,1517602565,78,32.1875,32.9992,0.8117
tiny,chip_194_433_merged.tif,0.4,4,1037657047,78,30.446,31.7755,1.3295
tiny,chip_194_433_merged.tif,0.6,0,2015463138,117,31.8586,31.7688,-0.0898
tiny,chip_194_433_merged.tif,0.6,1,1634856507,117,31.7299,32.8311,1.1012
tiny,chip_194_433_merged.tif,0.6,2,1154910989,117,31.7673,32.7648,0.9975
tiny,chip_194_433_merged.tif,0.6,3,774304358,117,31.2553,32.512,1.2566
tiny,chip_194_433_merged.tif,0.6,4,294358840,117,31.3341,32.8204,1.4863
tiny,chip_194_433_merged.tif,0.8,0,1532870942,156,31.6714,31.9111,0.2397
tiny,chip_194_433_merged.tif,0.8,1,1152264311,156,31.3287,31.1698,-0.1589
tiny,chip_194_433_merged.tif,0.8,2,672318793,156,31.6839,32.4499,0.766
tiny,chip_194_433_merged.tif,0.8,3,291712162,156,31.3202,32.2657,0.9455
tiny,chip_194_433_merged.tif,0.8,4,2058589179,156,31.3101,31.8703,0.5602
tiny,chip_196_274_merged.tif,0.2,0,1593759876,39,33.9183,36.0439,2.1255
tiny,chip_196_274_merged.tif,0.2,1,1113814358,39,33.6759,35.2317,1.5558
tiny,chip_196_274_merged.tif,0.2,2,733207727,39,34.2626,35.9761,1.7135
tiny,chip_196_274_merged.tif,0.2,3,352601096,39,31.2921,37.9655,6.6734
tiny,chip_196_274_merged.tif,0.2,4,2020139226,39,34.5921,37.4941,2.9021
tiny,chip_196_274_merged.tif,0.4,0,528484806,78,28.2521,35.0652,6.8131
tiny,chip_196_274_merged.tif,0.4,1,147878175,78,32.1262,34.9087,2.7825
tiny,chip_196_274_merged.tif,0.4,2,1815416305,78,30.7604,34.1134,3.353
tiny,chip_196_274_merged.tif,0.4,3,1434809674,78,32.4625,34.705,2.2425
tiny,chip_196_274_merged.tif,0.4,4,1054203043,78,30.0996,36.2697,6.1702
tiny,chip_196_274_merged.tif,0.6,0,689846336,117,30.0995,34.536,4.4365
tiny,chip_196_274_merged.tif,0.6,1,209900818,117,29.1701,35.4895,6.3193
tiny,chip_196_274_merged.tif,0.6,2,1976777835,117,29.1882,33.2153,4.0271
tiny,chip_196_274_merged.tif,0.6,3,1496832317,117,29.0523,32.9,3.8477
tiny,chip_196_274_merged.tif,0.6,4,1116225686,117,28.5084,33.9651,5.4567
tiny,chip_196_274_merged.tif,0.8,0,207254140,156,28.9914,31.9859,2.9945
tiny,chip_196_274_merged.tif,0.8,1,1874792270,156,29.0009,31.8764,2.8755
tiny,chip_196_274_merged.tif,0.8,2,1494185639,156,29.1689,32.5424,3.3735
tiny,chip_196_274_merged.tif,0.8,3,1014240121,156,29.4122,31.8666,2.4544
tiny,chip_196_274_merged.tif,0.8,4,633633490,156,29.4116,32.9016,3.4899
tiny,chip_196_291_merged.tif,0.2,0,1604224534,39,32.3113,37.7788,5.4675
tiny,chip_196_291_merged.tif,0.2,1,1223617903,39,38.8035,39.4114,0.608
tiny,chip_196_291_merged.tif,0.2,2,743672385,39,37.8065,38.8742,1.0677
tiny,chip_196_291_merged.tif,0.2,3,363065754,39,38.6209,39.4243,0.8033
tiny,chip_196_291_merged.tif,0.2,4,2129942771,39,38.5322,39.4581,0.9259
tiny,chip_196_291_merged.tif,0.4,0,638288351,78,36.1582,37.3664,1.2082
tiny,chip_196_291_merged.tif,0.4,1,158342833,78,32.9773,38.8545,5.8772
tiny,chip_196_291_merged.tif,0.4,2,1925219850,78,31.7657,39.1577,7.392
tiny,chip_196_291_merged.tif,0.4,3,1445274332,78,29.4534,39.2923,9.8388
tiny,chip_196_291_merged.tif,0.4,4,1064667701,78,34.5231,38.2614,3.7383
tiny,chip_196_291_merged.tif,0.6,0,700310994,117,32.9098,36.9727,4.0628
tiny,chip_196_291_merged.tif,0.6,1,319704363,117,33.3982,37.7945,4.3963
tiny,chip_196_291_merged.tif,0.6,2,1987242493,117,32.8616,36.9453,4.0836
tiny,chip_196_291_merged.tif,0.6,3,1606635862,117,31.9204,37.4237,5.5033
tiny,chip_196_291_merged.tif,0.6,4,1126690344,117,33.8752,37.2365,3.3613
tiny,chip_196_291_merged.tif,0.8,0,217718798,156,32.0753,34.5456,2.4703
tiny,chip_196_291_merged.tif,0.8,1,1984595815,156,31.0192,35.9663,4.9471
tiny,chip_196_291_merged.tif,0.8,2,1504650297,156,31.9278,35.8864,3.9586
tiny,chip_196_291_merged.tif,0.8,3,1124043666,156,32.0729,35.6542,3.5813
tiny,chip_196_291_merged.tif,0.8,4,743437035,156,31.9471,35.2867,3.3396
tiny,chip_197_366_merged.tif,0.2,0,1141242575,39,32.5375,34.6219,2.0844
tiny,chip_197_366_merged.tif,0.2,1,661297057,39,32.9822,34.7321,1.7499
tiny,chip_197_366_merged.tif,0.2,2,280690426,39,33.4164,34.2188,0.8024
tiny,chip_197_366_merged.tif,0.2,3,2047567443,39,32.5999,34.6003,2.0003
tiny,chip_197_366_merged.tif,0.2,4,1567621925,39,32.5139,34.0561,1.5422
tiny,chip_197_366_merged.tif,0.4,0,75967505,78,31.5183,33.4911,1.9728
tiny,chip_197_366_merged.tif,0.4,1,1842844522,78,32.0069,33.9923,1.9855
tiny,chip_197_366_merged.tif,0.4,2,1462237891,78,32.0054,33.9898,1.9844
tiny,chip_197_366_merged.tif,0.4,3,982292373,78,31.9341,33.5203,1.5862
tiny,chip_197_366_merged.tif,0.4,4,601685742,78,31.6385,33.7776,2.1391
tiny,chip_197_366_merged.tif,0.6,0,237329035,117,31.5945,33.1872,1.5927
tiny,chip_197_366_merged.tif,0.6,1,1904867165,117,32.577,33.4043,0.8273
tiny,chip_197_366_merged.tif,0.6,2,1524260534,117,32.3404,33.0834,0.7431
tiny,chip_197_366_merged.tif,0.6,3,1044315016,117,31.3673,33.5628,2.1955
tiny,chip_197_366_merged.tif,0.6,4,663708385,117,31.911,33.5895,1.6785
tiny,chip_197_366_merged.tif,0.8,0,1902220487,156,31.4864,32.7602,1.2738
tiny,chip_197_366_merged.tif,0.8,1,1422274969,156,31.8671,32.7558,0.8887
tiny,chip_197_366_merged.tif,0.8,2,1041668338,156,31.4744,32.9712,1.4969
tiny,chip_197_366_merged.tif,0.8,3,661061707,156,31.5289,32.0414,0.5125
tiny,chip_197_366_merged.tif,0.8,4,181116189,156,31.6639,32.8741,1.2102
tiny,chip_197_591_merged.tif,0.2,0,437738989,39,32.1137,34.8189,2.7051
tiny,chip_197_591_merged.tif,0.2,1,2105277119,39,34.9215,34.8054,-0.116
tiny,chip_197_591_merged.tif,0.2,2,1724670488,39,32.3568,33.9207,1.564
tiny,chip_197_591_merged.tif,0.2,3,1244724970,39,33.6925,34.5104,0.8179
tiny,chip_197_591_merged.tif,0.2,4,864118339,39,32.0526,34.4826,2.43
tiny,chip_197_591_merged.tif,0.4,0,177784769,78,32.8295,34.9656,2.1361
tiny,chip_197_591_merged.tif,0.4,1,1944661786,78,32.127,34.9543,2.8273
tiny,chip_197_591_merged.tif,0.4,2,1564055155,78,33.0399,35.216,2.1761
tiny,chip_197_591_merged.tif,0.4,3,1084109637,78,31.8793,34.1809,2.3016
tiny,chip_197_591_merged.tif,0.4,4,703503006,78,31.8791,34.4584,2.5793
tiny,chip_197_591_merged.tif,0.6,0,1581970210,117,33.0188,34.1838,1.165
tiny,chip_197_591_merged.tif,0.6,1,1201363579,117,32.2111,33.7627,1.5516
tiny,chip_197_591_merged.tif,0.6,2,820756948,117,33.012,33.3996,0.3876
tiny,chip_197_591_merged.tif,0.6,3,340811430,117,32.3422,33.9119,1.5697
tiny,chip_197_591_merged.tif,0.6,4,2107688447,117,32.3477,33.4824,1.1347
tiny,chip_197_591_merged.tif,0.8,0,1198716901,156,32.1119,33.0402,0.9284
tiny,chip_197_591_merged.tif,0.8,1,718771383,156,31.6634,33.296,1.6326
tiny,chip_197_591_merged.tif,0.8,2,338164752,156,31.4994,32.9432,1.4438
tiny,chip_197_591_merged.tif,0.8,3,2005702882,156,31.6751,33.7412,2.0661
tiny,chip_197_591_merged.tif,0.8,4,1625096251,156,32.1535,33.2573,1.1038
tiny,chip_198_027_merged.tif,0.2,0,1367724144,39,31.9565,37.0811,5.1245
tiny,chip_198_027_merged.tif,0.2,1,887778626,39,33.365,37.066,3.701
tiny,chip_198_027_merged.tif,0.2,2,507171995,39,36.9103,36.8857,-0.0246
tiny,chip_198_027_merged.tif,0.2,3,27226477,39,34.1316,38.4653,4.3336
tiny,chip_198_027_merged.tif,0.2,4,1794103494,39,35.0585,38.7859,3.7273
tiny,chip_198_027_merged.tif,0.4,0,302449074,78,34.1156,36.4391,2.3235
tiny,chip_198_027_merged.tif,0.4,1,2069326091,78,35.4725,36.4261,0.9535
tiny,chip_198_027_merged.tif,0.4,2,1589380573,78,32.3543,38.4247,6.0704
tiny,chip_198_027_merged.tif,0.4,3,1208773942,78,35.0621,35.2577,0.1956
tiny,chip_198_027_merged.tif,0.4,4,828167311,78,36.0378,34.9019,-1.1359
tiny,chip_198_027_merged.tif,0.6,0,1706634515,117,34.5359,36.2535,1.7176
tiny,chip_198_027_merged.tif,0.6,1,1326027884,117,33.6159,36.0597,2.4438
tiny,chip_198_027_merged.tif,0.6,2,846082366,117,34.7252,36.883,2.1578
tiny,chip_198_027_merged.tif,0.6,3,465475735,117,34.4673,37.2154,2.7481
tiny,chip_198_027_merged.tif,0.6,4,84869104,117,34.704,36.3605,1.6565
tiny,chip_198_027_merged.tif,0.8,0,1323381206,156,34.8202,35.8243,1.0041
tiny,chip_198_027_merged.tif,0.8,1,843435688,156,35.6422,35.1483,-0.4939
tiny,chip_198_027_merged.tif,0.8,2,462829057,156,35.6489,35.1852,-0.4636
tiny,chip_198_027_merged.tif,0.8,3,2130367187,156,34.8139,35.1072,0.2933
tiny,chip_198_027_merged.tif,0.8,4,1749760556,156,34.2913,34.9135,0.6222
tiny,chip_200_415_merged.tif,0.2,0,2144051854,39,33.7649,35.4701,1.7053
tiny,chip_200_415_merged.tif,0.2,1,1763445223,39,35.1073,35.1278,0.0205
tiny,chip_200_415_merged.tif,0.2,2,1382838592,39,35.5108,36.7952,1.2843
tiny,chip_200_415_merged.tif,0.2,3,902893074,39,35.5676,35.9642,0.3967
tiny,chip_200_415_merged.tif,0.2,4,522286443,39,35.1925,36.8014,1.6089
tiny,chip_200_415_merged.tif,0.4,0,1983436521,78,33.7551,35.9996,2.2444
tiny,chip_200_415_merged.tif,0.4,1,1602829890,78,34.984,36.3411,1.3572
tiny,chip_200_415_merged.tif,0.4,2,1122884372,78,34.2955,36.3086,2.0131
tiny,chip_200_415_merged.tif,0.4,3,742277741,78,34.481,35.9377,1.4567
tiny,chip_200_415_merged.tif,0.4,4,262332223,78,34.6753,35.9489,1.2736
tiny,chip_200_415_merged.tif,0.6,0,1240138314,117,34.0062,35.7651,1.759
tiny,chip_200_415_merged.tif,0.6,1,859531683,117,34.1211,35.2367,1.1157
tiny,chip_200_415_merged.tif,0.6,2,379586165,117,34.0047,35.6216,1.6169
tiny,chip_200_415_merged.tif,0.6,3,2146463182,117,34.1486,35.2958,1.1473
tiny,chip_200_415_merged.tif,0.6,4,1666517664,117,34.1253,35.6563,1.531
tiny,chip_200_415_merged.tif,0.8,0,757546118,156,34.2673,34.8151,0.5478
tiny,chip_200_415_merged.tif,0.8,1,376939487,156,33.7429,35.257,1.514
tiny,chip_200_415_merged.tif,0.8,2,2143816504,156,33.768,34.7534,0.9854
tiny,chip_200_415_merged.tif,0.8,3,1663870986,156,33.9202,35.1314,1.2112
tiny,chip_200_415_merged.tif,0.8,4,1283264355,156,33.9265,35.184,1.2575
tiny,chip_200_441_merged.tif,0.2,0,1489239893,39,32.8384,33.9124,1.074
tiny,chip_200_441_merged.tif,0.2,1,1009294375,39,33.8456,35.532,1.6864
tiny,chip_200_441_merged.tif,0.2,2,628687744,39,32.5309,34.5174,1.9865
tiny,chip_200_441_merged.tif,0.2,3,248081113,39,33.8476,34.723,0.8753
tiny,chip_200_441_merged.tif,0.2,4,1915619243,39,33.4914,34.7838,1.2924
tiny,chip_200_441_merged.tif,0.4,0,1328624560,78,33.892,34.704,0.8121
tiny,chip_200_441_merged.tif,0.4,1,848679042,78,33.9445,34.4894,0.5449
tiny,chip_200_441_merged.tif,0.4,2,468072411,78,32.4401,34.1612,1.7212
tiny,chip_200_441_merged.tif,0.4,3,2135610541,78,33.8345,34.212,0.3775
tiny,chip_200_441_merged.tif,0.4,4,1755003910,78,33.9799,34.2069,0.227
tiny,chip_200_441_merged.tif,0.6,0,585326353,117,32.6904,34.0989,1.4085
tiny,chip_200_441_merged.tif,0.6,1,105380835,117,33.3407,33.4797,0.1391
tiny,chip_200_441_merged.tif,0.6,2,1872257852,117,32.6753,33.4472,0.7719
tiny,chip_200_441_merged.tif,0.6,3,1392312334,117,33.3099,33.0861,-0.2238
tiny,chip_200_441_merged.tif,0.6,4,1011705703,117,33.6224,33.8233,0.2009
tiny,chip_200_441_merged.tif,0.8,0,102734157,156,32.4965,33.3808,0.8843
tiny,chip_200_441_merged.tif,0.8,1,1770272287,156,32.4144,33.319,0.9045
tiny,chip_200_441_merged.tif,0.8,2,1389665656,156,32.6799,33.2826,0.6027
tiny,chip_200_441_merged.tif,0.8,3,1009059025,156,32.5584,33.084,0.5256
tiny,chip_200_441_merged.tif,0.8,4,529113507,156,32.5,33.1622,0.6622
tiny,chip_201_457_merged.tif,0.2,0,1732691628,39,33.1925,33.8896,0.6971
tiny,chip_201_457_merged.tif,0.2,1,1352084997,39,31.5923,34.2573,2.665
tiny,chip_201_457_merged.tif,0.2,2,971478366,39,31.1545,33.6065,2.4521
tiny,chip_201_457_merged.tif,0.2,3,491532848,39,32.6061,33.963,1.3569
tiny,chip_201_457_merged.tif,0.2,4,110926217,39,32.3568,33.6221,1.2653
tiny,chip_201_457_merged.tif,0.4,0,1572076295,78,30.2255,32.949,2.7234
tiny,chip_201_457_merged.tif,0.4,1,1191469664,78,31.6419,33.2438,1.6018
tiny,chip_201_457_merged.tif,0.4,2,711524146,78,30.1623,33.4267,3.2644
tiny,chip_201_457_merged.tif,0.4,3,330917515,78,30.0733,33.0999,3.0266
tiny,chip_201_457_merged.tif,0.4,4,2097794532,78,30.3508,32.3219,1.9711
tiny,chip_201_457_merged.tif,0.6,0,828778088,117,30.4937,32.4348,1.9411
tiny,chip_201_457_merged.tif,0.6,1,448171457,117,30.797,32.1942,1.3972
tiny,chip_201_457_merged.tif,0.6,2,2115709587,117,30.7529,33.238,2.4851
tiny,chip_201_457_merged.tif,0.6,3,1735102956,117,30.4064,32.1044,1.6981
tiny,chip_201_457_merged.tif,0.6,4,1354496325,117,30.803,33.3609,2.5579
tiny,chip_201_457_merged.tif,0.8,0,346185892,156,30.8391,31.8696,1.0306
tiny,chip_201_457_merged.tif,0.8,1,2113062909,156,30.8162,32.151,1.3348
tiny,chip_201_457_merged.tif,0.8,2,1732456278,156,30.5138,31.6357,1.1219
tiny,chip_201_457_merged.tif,0.8,3,1252510760,156,30.8184,31.784,0.9655
tiny,chip_201_457_merged.tif,0.8,4,871904129,156,30.8527,31.5782,0.7255
tiny,chip_202_016_merged.tif,0.2,0,1843302089,39,28.2113,30.5973,2.386
tiny,chip_202_016_merged.tif,0.2,1,1462695458,39,23.9451,29.5163,5.5713
tiny,chip_202_016_merged.tif,0.2,2,982749940,39,26.8173,29.9294,3.1121
tiny,chip_202_016_merged.tif,0.2,3,602143309,39,27.142,28.2378,1.0958
tiny,chip_202_016_merged.tif,0.2,4,122197791,39,28.0927,28.3704,0.2776
tiny,chip_202_016_merged.tif,0.4,0,877365906,78,28.4702,28.7126,0.2424
tiny,chip_202_016_merged.tif,0.4,1,397420388,78,29.2502,29.1085,-0.1417
tiny,chip_202_016_merged.tif,0.4,2,16813757,78,29.0082,29.616,0.6078
tiny,chip_202_016_merged.tif,0.4,3,1684351887,78,27.338,28.5092,1.1712
tiny,chip_202_016_merged.tif,0.4,4,1303745256,78,29.2491,30.0738,0.8247
tiny,chip_202_016_merged.tif,0.6,0,939388549,117,28.1914,28.3914,0.2
tiny,chip_202_016_merged.tif,0.6,1,459443031,117,26.2678,28.9268,2.659
tiny,chip_202_016_merged.tif,0.6,2,78836400,117,28.5612,26.948,-1.6132
tiny,chip_202_016_merged.tif,0.6,3,1845713417,117,27.0063,28.2919,1.2856
tiny,chip_202_016_merged.tif,0.6,4,1365767899,117,25.4756,28.6363,3.1607
tiny,chip_202_016_merged.tif,0.8,0,456796353,156,25.7921,27.4959,1.7038
tiny,chip_202_016_merged.tif,0.8,1,76189722,156,26.4742,26.3455,-0.1287
tiny,chip_202_016_merged.tif,0.8,2,1743727852,156,25.5963,26.3501,0.7538
tiny,chip_202_016_merged.tif,0.8,3,1363121221,156,24.9102,26.5837,1.6735
tiny,chip_202_016_merged.tif,0.8,4,883175703,156,25.792,27.5989,1.8069
tiny,chip_202_324_merged.tif,0.2,0,550273207,39,34.7326,37.838,3.1054
tiny,chip_202_324_merged.tif,0.2,1,169666576,39,32.8709,37.6603,4.7893
tiny,chip_202_324_merged.tif,0.2,2,1837204706,39,36.2163,37.5535,1.3372
tiny,chip_202_324_merged.tif,0.2,3,1456598075,39,35.3441,37.2042,1.8601
tiny,chip_202_324_merged.tif,0.2,4,976652557,39,33.3719,37.2622,3.8903
tiny,chip_202_324_merged.tif,0.4,0,1731820672,78,31.5868,35.831,4.2442
tiny,chip_202_324_merged.tif,0.4,1,1251875154,78,32.7181,36.39,3.6719
tiny,chip_202_324_merged.tif,0.4,2,871268523,78,33.0399,36.1498,3.1099
tiny,chip_202_324_merged.tif,0.4,3,391323005,78,33.6585,37.0972,3.4386
tiny,chip_202_324_merged.tif,0.4,4,10716374,78,34.3063,36.3779,2.0716
tiny,chip_202_324_merged.tif,0.6,0,1793843315,117,32.8578,35.3,2.4422
tiny,chip_202_324_merged.tif,0.6,1,1313897797,117,32.2873,34.5551,2.2678
tiny,chip_202_324_merged.tif,0.6,2,933291166,117,32.1947,35.3208,3.1261
tiny,chip_202_324_merged.tif,0.6,3,552684535,117,32.3501,36.038,3.6879
tiny,chip_202_324_merged.tif,0.6,4,72739017,117,32.7125,35.3014,2.5889
tiny,chip_202_324_merged.tif,0.8,0,1311251119,156,31.3695,33.7296,2.3601
tiny,chip_202_324_merged.tif,0.8,1,930644488,156,31.8835,33.2292,1.3456
tiny,chip_202_324_merged.tif,0.8,2,450698970,156,32.6281,34.094,1.466
tiny,chip_202_324_merged.tif,0.8,3,70092339,156,32.5496,34.3951,1.8455
tiny,chip_202_324_merged.tif,0.8,4,1737630469,156,32.0227,33.7492,1.7265
tiny,chip_202_367_merged.tif,0.2,0,887671921,39,31.9388,32.9613,1.0224
tiny,chip_202_367_merged.tif,0.2,1,507065290,39,31.0212,33.0698,2.0486
tiny,chip_202_367_merged.tif,0.2,2,126458659,39,31.443,32.9635,1.5205
tiny,chip_202_367_merged.tif,0.2,3,1793996789,39,31.8536,33.2523,1.3988
tiny,chip_202_367_merged.tif,0.2,4,1413390158,39,31.3318,33.3303,1.9985
tiny,chip_202_367_merged.tif,0.4,0,727056588,78,30.6936,33.0344,2.3408
tiny,chip_202_367_merged.tif,0.4,1,346449957,78,30.7783,32.5415,1.7631
tiny,chip_202_367_merged.tif,0.4,2,2013988087,78,31.3725,32.5145,1.1421
tiny,chip_202_367_merged.tif,0.4,3,1633381456,78,30.9531,32.6836,1.7305
tiny,chip_202_367_merged.tif,0.4,4,1252774825,78,31.4647,32.6352,1.1705
tiny,chip_202_367_merged.tif,0.6,0,2131242029,117,31.0973,31.7296,0.6322
tiny,chip_202_367_merged.tif,0.6,1,1750635398,117,31.0897,32.2456,1.1559
tiny,chip_202_367_merged.tif,0.6,2,1270689880,117,31.1035,31.6857,0.5822
tiny,chip_202_367_merged.tif,0.6,3,890083249,117,31.1594,32.2434,1.084
tiny,chip_202_367_merged.tif,0.6,4,509476618,117,31.1087,32.0461,0.9374
tiny,chip_202_367_merged.tif,0.8,0,1648649833,156,30.4247,31.31,0.8853
tiny,chip_202_367_merged.tif,0.8,1,1268043202,156,30.652,31.8496,1.1976
tiny,chip_202_367_merged.tif,0.8,2,887436571,156,30.7177,31.8881,1.1704
tiny,chip_202_367_merged.tif,0.8,3,407491053,156,30.6072,31.839,1.2318
tiny,chip_202_367_merged.tif,0.8,4,26884422,156,30.6499,31.8744,1.2245
tiny,chip_202_388_merged.tif,0.2,0,264461982,39,34.3271,34.2196,-0.1075
tiny,chip_202_388_merged.tif,0.2,1,2031338999,39,33.3975,34.4168,1.0194
tiny,chip_202_388_merged.tif,0.2,2,1551393481,39,33.3983,33.9975,0.5992
tiny,chip_202_388_merged.tif,0.2,3,1170786850,39,32.2397,33.9071,1.6674
tiny,chip_202_388_merged.tif,0.2,4,790180219,39,31.0996,33.9467,2.8471
tiny,chip_202_388_merged.tif,0.4,0,103846649,78,31.917,33.8751,1.9581
tiny,chip_202_388_merged.tif,0.4,1,1870723666,78,31.6689,33.4186,1.7497
tiny,chip_202_388_merged.tif,0.4,2,1390778148,78,31.6711,33.8489,2.1778
tiny,chip_202_388_merged.tif,0.4,3,1010171517,78,31.6711,34.1063,2.4352
tiny,chip_202_388_merged.tif,0.4,4,530225999,78,32.8989,33.3463,0.4474
tiny,chip_202_388_merged.tif,0.6,0,1508032090,117,31.1336,32.9819,1.8483
tiny,chip_202_388_merged.tif,0.6,1,1127425459,117,31.7937,32.9272,1.1335
tiny,chip_202_388_merged.tif,0.6,2,647479941,117,31.5243,33.6606,2.1363
tiny,chip_202_388_merged.tif,0.6,3,266873310,117,31.1762,32.8919,1.7157
tiny,chip_202_388_merged.tif,0.6,4,1934411440,117,31.8796,33.1567,1.2771
tiny,chip_202_388_merged.tif,0.8,0,1025439894,156,31.4386,32.5086,1.07
tiny,chip_202_388_merged.tif,0.8,1,644833263,156,31.4276,32.8409,1.4133
tiny,chip_202_388_merged.tif,0.8,2,164887745,156,31.2695,31.9604,0.6909
tiny,chip_202_388_merged.tif,0.8,3,1931764762,156,31.4317,32.7284,1.2967
tiny,chip_202_388_merged.tif,0.8,4,1551158131,156,31.4349,32.5448,1.11
tiny,chip_202_439_merged.tif,0.2,0,952523889,39,35.7954,36.309,0.5136
tiny,chip_202_439_merged.tif,0.2,1,472578371,39,34.7853,36.635,1.8497
tiny,chip_202_439_merged.tif,0.2,2,91971740,39,33.0223,36.203,3.1806
tiny,chip_202_439_merged.tif,0.2,3,1858848757,39,35.9282,37.0654,1.1372
tiny,chip_202_439_merged.tif,0.2,4,1378903239,39,34.7846,37.0791,2.2945
tiny,chip_202_439_merged.tif,0.4,0,791908556,78,33.7004,36.4501,2.7497
tiny,chip_202_439_merged.tif,0.4,1,311963038,78,35.0899,35.9879,0.898
tiny,chip_202_439_merged.tif,0.4,2,2078840055,78,35.1791,36.1594,0.9804
tiny,chip_202_439_merged.tif,0.4,3,1598894537,78,34.7289,36.4269,1.698
tiny,chip_202_439_merged.tif,0.4,4,1218287906,78,34.6854,35.979,1.2936
tiny,chip_202_439_merged.tif,0.6,0,48610349,117,33.7171,35.5591,1.842
tiny,chip_202_439_merged.tif,0.6,1,1716148479,117,34.1847,35.6811,1.4964
tiny,chip_202_439_merged.tif,0.6,2,1335541848,117,34.0891,35.8791,1.7899
tiny,chip_202_439_merged.tif,0.6,3,855596330,117,34.5361,35.5246,0.9886
tiny,chip_202_439_merged.tif,0.6,4,474989699,117,33.912,35.5725,1.6605
tiny,chip_202_439_merged.tif,0.8,0,1713501801,156,32.8597,34.6693,1.8096
tiny,chip_202_439_merged.tif,0.8,1,1233556283,156,32.4108,34.6327,2.222
tiny,chip_202_439_merged.tif,0.8,2,852949652,156,33.3759,34.3732,0.9974
tiny,chip_202_439_merged.tif,0.8,3,472343021,156,33.3692,35.1273,1.7581
tiny,chip_202_439_merged.tif,0.8,4,2139881151,156,33.3998,35.1723,1.7725
tiny,chip_204_329_merged.tif,0.2,0,879899866,39,32.6605,35.0091,2.3485
tiny,chip_204_329_merged.tif,0.2,1,399954348,39,30.5769,34.7263,4.1494
tiny,chip_204_329_merged.tif,0.2,2,19347717,39,31.0821,33.1671,2.0849
tiny,chip_204_329_merged.tif,0.2,3,1686885847,39,32.6612,34.6449,1.9837
tiny,chip_204_329_merged.tif,0.2,4,1306279216,39,32.214,34.5441,2.33
tiny,chip_204_329_merged.tif,0.4,0,1962108444,78,31.1046,34.0309,2.9263
tiny,chip_204_329_merged.tif,0.4,1,1581501813,78,31.1061,33.6802,2.574
tiny,chip_204_329_merged.tif,0.4,2,1101556295,78,30.8684,33.9304,3.062
tiny,chip_204_329_merged.tif,0.4,3,720949664,78,30.2173,34.6057,4.3884
tiny,chip_204_329_merged.tif,0.4,4,241004146,78,30.8682,34.1426,3.2744
tiny,chip_204_329_merged.tif,0.6,0,2024131087,117,30.2363,32.1845,1.9482
tiny,chip_204_329_merged.tif,0.6,1,1643524456,117,29.6433,32.7285,3.0852
tiny,chip_204_329_merged.tif,0.6,2,1163578938,117,30.4961,32.8596,2.3635
tiny,chip_204_329_merged.tif,0.6,3,782972307,117,30.222,33.1062,2.8842
tiny,chip_204_329_merged.tif,0.6,4,402365676,117,30.803,33.7567,2.9537
tiny,chip_204_329_merged.tif,0.8,0,1640877778,156,29.1245,31.3529,2.2284
tiny,chip_204_329_merged.tif,0.8,1,1160932260,156,29.1061,31.824,2.7179
tiny,chip_204_329_merged.tif,0.8,2,780325629,156,29.1847,31.5445,2.3598
tiny,chip_204_329_merged.tif,0.8,3,300380111,156,29.0992,30.891,1.7918
tiny,chip_204_329_merged.tif,0.8,4,2067257128,156,29.0885,31.7566,2.6681
tiny,chip_204_390_merged.tif,0.2,0,1036864789,39,34.5063,36.9601,2.4538
tiny,chip_204_390_merged.tif,0.2,1,656258158,39,36.5084,36.6062,0.0978
tiny,chip_204_390_merged.tif,0.2,2,275651527,39,36.7425,36.9779,0.2354
tiny,chip_204_390_merged.tif,0.2,3,1943189657,39,36.4227,36.891,0.4682
tiny,chip_204_390_merged.tif,0.2,4,1562583026,39,37.2098,37.6078,0.398
tiny,chip_204_390_merged.tif,0.4,0,876249456,78,36.1052,36.1427,0.0376
tiny,chip_204_390_merged.tif,0.4,1,495642825,78,35.9628,36.6931,0.7302
tiny,chip_204_390_merged.tif,0.4,2,15697307,78,36.1103,37.125,1.0146
tiny,chip_204_390_merged.tif,0.4,3,1782574324,78,35.962,36.6709,0.7088
tiny,chip_204_390_merged.tif,0.4,4,1302628806,78,35.8879,36.8378,0.9499
tiny,chip_204_390_merged.tif,0.6,0,132951249,117,35.8428,36.0638,0.221
tiny,chip_204_390_merged.tif,0.6,1,1899828266,117,35.3571,36.4907,1.1336
tiny,chip_204_390_merged.tif,0.6,2,1419882748,117,35.6733,36.2182,0.5448
tiny,chip_204_390_merged.tif,0.6,3,1039276117,117,36.1373,36.0509,-0.0864
tiny,chip_204_390_merged.tif,0.6,4,559330599,117,36.1567,36.788,0.6313
tiny,chip_204_390_merged.tif,0.8,0,1797842701,156,35.2995,35.8467,0.5472
tiny,chip_204_390_merged.tif,0.8,1,1417236070,156,35.6992,36.1262,0.427
tiny,chip_204_390_merged.tif,0.8,2,1036629439,156,35.6891,35.8733,0.1842
tiny,chip_204_390_merged.tif,0.8,3,556683921,156,35.9241,35.6532,-0.2709
tiny,chip_204_390_merged.tif,0.8,4,176077290,156,35.9675,35.9933,0.0258
tiny,chip_204_506_merged.tif,0.2,0,1495530895,39,29.0969,34.0053,4.9084
tiny,chip_204_506_merged.tif,0.2,1,1015585377,39,33.4087,32.273,-1.1357
tiny,chip_204_506_merged.tif,0.2,2,634978746,39,32.3246,32.3507,0.0261
tiny,chip_204_506_merged.tif,0.2,3,155033228,39,32.3222,34.2806,1.9584
tiny,chip_204_506_merged.tif,0.2,4,1921910245,39,32.4846,32.022,-0.4626
tiny,chip_204_506_merged.tif,0.4,0,1235576675,78,29.9164,32.6468,2.7304
tiny,chip_204_506_merged.tif,0.4,1,854970044,78,29.6866,32.1203,2.4337
tiny,chip_204_506_merged.tif,0.4,2,474363413,78,30.4738,32.5881,2.1142
tiny,chip_204_506_merged.tif,0.4,3,2141901543,78,31.1714,31.4753,0.3039
tiny,chip_204_506_merged.tif,0.4,4,1761294912,78,30.6927,31.325,0.6323
tiny,chip_204_506_merged.tif,0.6,0,591617355,117,29.6276,31.4063,1.7787
tiny,chip_204_506_merged.tif,0.6,1,111671837,117,29.8622,31.2942,1.432
tiny,chip_204_506_merged.tif,0.6,2,1878548854,117,30.5109,31.6696,1.1586
tiny,chip_204_506_merged.tif,0.6,3,1398603336,117,30.1283,31.6278,1.4995
tiny,chip_204_506_merged.tif,0.6,4,1017996705,117,31.0169,32.309,1.2921
tiny,chip_204_506_merged.tif,0.8,0,109025159,156,29.1749,31.0882,1.9133
tiny,chip_204_506_merged.tif,0.8,1,1776563289,156,29.1566,30.6779,1.5212
tiny,chip_204_506_merged.tif,0.8,2,1395956658,156,29.4456,31.4282,1.9826
tiny,chip_204_506_merged.tif,0.8,3,916011140,156,29.5264,31.1378,1.6114
tiny,chip_204_506_merged.tif,0.8,4,535404509,156,29.1677,30.9365,1.7688
tiny,chip_205_329_merged.tif,0.2,0,366143157,39,31.8537,33.326,1.4723
tiny,chip_205_329_merged.tif,0.2,1,2133020174,39,31.159,34.0028,2.8437
tiny,chip_205_329_merged.tif,0.2,2,1653074656,39,30.9964,34.0922,3.0958
tiny,chip_205_329_merged.tif,0.2,3,1272468025,39,32.7754,33.5109,0.7355
tiny,chip_205_329_merged.tif,0.2,4,891861394,39,30.9958,33.8266,2.8308
tiny,chip_205_329_merged.tif,0.4,0,1547690622,78,29.5191,33.777,4.2579
tiny,chip_205_329_merged.tif,0.4,1,1067745104,78,29.93,33.5645,3.6345
tiny,chip_205_329_merged.tif,0.4,2,687138473,78,31.3497,32.6822,1.3325
tiny,chip_205_329_merged.tif,0.4,3,306531842,78,29.8217,33.1117,3.29
tiny,chip_205_329_merged.tif,0.4,4,1974069972,78,30.8197,33.6728,2.853
tiny,chip_205_329_merged.tif,0.6,0,1609713265,117,29.2324,32.4276,3.1952
tiny,chip_205_329_merged.tif,0.6,1,1229106634,117,29.6142,32.9557,3.3414
tiny,chip_205_329_merged.tif,0.6,2,749161116,117,30.3719,32.8416,2.4697
tiny,chip_205_329_merged.tif,0.6,3,368554485,117,29.5492,32.7333,3.1841
tiny,chip_205_329_merged.tif,0.6,4,2036092615,117,29.3328,33.0093,3.6765
tiny,chip_205_329_merged.tif,0.8,0,1127121069,156,29.2459,30.9692,1.7234
tiny,chip_205_329_merged.tif,0.8,1,746514438,156,29.9585,31.6136,1.6551
tiny,chip_205_329_merged.tif,0.8,2,266568920,156,29.3131,31.2504,1.9374
tiny,chip_205_329_merged.tif,0.8,3,2033445937,156,29.9517,31.4988,1.5471
tiny,chip_205_329_merged.tif,0.8,4,1652839306,156,29.6693,31.1518,1.4825
tiny,chip_206_391_merged.tif,0.2,0,778707919,39,35.1545,36.4926,1.3381
tiny,chip_206_391_merged.tif,0.2,1,398101288,39,36.0084,37.0855,1.0771
tiny,chip_206_391_merged.tif,0.2,2,17494657,39,35.1307,35.91,0.7793
tiny,chip_206_391_merged.tif,0.2,3,1685032787,39,36.0713,37.017,0.9456
tiny,chip_206_391_merged.tif,0.2,4,1304426156,39,35.9513,36.0633,0.112
tiny,chip_206_391_merged.tif,0.4,0,618092586,78,34.8326,36.5198,1.6872
tiny,chip_206_391_merged.tif,0.4,1,237485955,78,35.6733,36.7548,1.0815
tiny,chip_206_391_merged.tif,0.4,2,1905024085,78,35.3368,36.2703,0.9335
tiny,chip_206_391_merged.tif,0.4,3,1524417454,78,35.3367,36.2582,0.9214
tiny,chip_206_391_merged.tif,0.4,4,1044471936,78,35.8173,36.398,0.5807
tiny,chip_206_391_merged.tif,0.6,0,2022278027,117,35.1756,36.0718,0.8963
tiny,chip_206_391_merged.tif,0.6,1,1641671396,117,35.0692,36.0969,1.0277
tiny,chip_206_391_merged.tif,0.6,2,1161725878,117,34.8526,35.4137,0.561
tiny,chip_206_391_merged.tif,0.6,3,781119247,117,35.1497,35.4271,0.2774
tiny,chip_206_391_merged.tif,0.6,4,400512616,117,35.2269,35.8528,0.6259
tiny,chip_206_391_merged.tif,0.8,0,1539685831,156,34.9394,35.5555,0.6161
tiny,chip_206_391_merged.tif,0.8,1,1159079200,156,34.9341,35.3824,0.4483
tiny,chip_206_391_merged.tif,0.8,2,778472569,156,35.291,35.6834,0.3924
tiny,chip_206_391_merged.tif,0.8,3,298527051,156,34.6914,35.4747,0.7833
tiny,chip_206_391_merged.tif,0.8,4,2065404068,156,35.2882,35.349,0.0608
tiny,chip_206_401_merged.tif,0.2,0,1823302848,39,35.2638,36.5742,1.3105
tiny,chip_206_401_merged.tif,0.2,1,1442696217,39,35.5983,36.7462,1.1478
tiny,chip_206_401_merged.tif,0.2,2,962750699,39,32.6904,36.6172,3.9268
tiny,chip_206_401_merged.tif,0.2,3,582144068,39,36.05,36.9513,0.9013
tiny,chip_206_401_merged.tif,0.2,4,102198550,39,35.7163,36.011,0.2947
tiny,chip_206_401_merged.tif,0.4,0,1662687515,78,35.622,36.37,0.748
tiny,chip_206_401_merged.tif,0.4,1,1182741997,78,34.6181,35.7372,1.1191
tiny,chip_206_401_merged.tif,0.4,2,802135366,78,34.6197,35.8138,1.1941
tiny,chip_206_401_merged.tif,0.4,3,322189848,78,35.6819,34.6163,-1.0656
tiny,chip_206_401_merged.tif,0.4,4,2089066865,78,31.2013,34.8862,3.6848
tiny,chip_206_401_merged.tif,0.6,0,919389308,117,34.4641,34.865,0.4009
tiny,chip_206_401_merged.tif,0.6,1,439443790,117,32.5731,34.9063,2.3332
tiny,chip_206_401_merged.tif,0.6,2,58837159,117,34.2188,35.1793,0.9605
tiny,chip_206_401_merged.tif,0.6,3,1726375289,117,31.463,32.7853,1.3223
tiny,chip_206_401_merged.tif,0.6,4,1345768658,117,35.009,35.3578,0.3488
tiny,chip_206_401_merged.tif,0.8,0,436797112,156,32.8928,33.0387,0.146
tiny,chip_206_401_merged.tif,0.8,1,56190481,156,32.1701,35.1367,2.9665
tiny,chip_206_401_merged.tif,0.8,2,1723728611,156,32.1723,32.7164,0.544
tiny,chip_206_401_merged.tif,0.8,3,1343121980,156,32.2213,34.099,1.8777
tiny,chip_206_401_merged.tif,0.8,4,863176462,156,32.2329,33.3875,1.1546
tiny,chip_207_334_merged.tif,0.2,0,946565876,39,29.3141,32.7537,3.4396
tiny,chip_207_334_merged.tif,0.2,1,466620358,39,29.3126,33.0856,3.773
tiny,chip_207_334_merged.tif,0.2,2,86013727,39,29.004,33.2314,4.2273
tiny,chip_207_334_merged.tif,0.2,3,1753551857,39,29.5889,33.32,3.7312
tiny,chip_207_334_merged.tif,0.2,4,1372945226,39,30.4129,32.8723,2.4594
tiny,chip_207_334_merged.tif,0.4,0,2028774454,78,29.5255,32.1511,2.6255
tiny,chip_207_334_merged.tif,0.4,1,1648167823,78,29.7794,31.8634,2.084
tiny,chip_207_334_merged.tif,0.4,2,1168222305,78,28.1501,32.3752,4.2251
tiny,chip_207_334_merged.tif,0.4,3,787615674,78,28.15,31.5706,3.4206
tiny,chip_207_334_merged.tif,0.4,4,307670156,78,29.7783,32.1637,2.3854
tiny,chip_207_334_merged.tif,0.6,0,2090797097,117,28.7576,32.1526,3.395
tiny,chip_207_334_merged.tif,0.6,1,1710190466,117,28.766,31.2031,2.4371
tiny,chip_207_334_merged.tif,0.6,2,1329583835,117,28.9493,31.3262,2.3768
tiny,chip_207_334_merged.tif,0.6,3,849638317,117,28.6646,31.0827,2.4181
tiny,chip_207_334_merged.tif,0.6,4,469031686,117,28.2075,31.2288,3.0213
tiny,chip_207_334_merged.tif,0.8,0,1707543788,156,28.5291,30.0032,1.4741
tiny,chip_207_334_merged.tif,0.8,1,1227598270,156,28.3183,29.991,1.6727
tiny,chip_207_334_merged.tif,0.8,2,846991639,156,28.3695,30.0722,1.7027
tiny,chip_207_334_merged.tif,0.8,3,367046121,156,28.3962,30.0096,1.6133
tiny,chip_207_334_merged.tif,0.8,4,2133923138,156,28.5328,30.8241,2.2913
tiny,chip_207_424_merged.tif,0.2,0,1865981474,39,35.0804,34.9199,-0.1606
tiny,chip_207_424_merged.tif,0.2,1,1485374843,39,37.8784,33.8241,-4.0543
tiny,chip_207_424_merged.tif,0.2,2,1005429325,39,32.4549,34.8527,2.3977
tiny,chip_207_424_merged.tif,0.2,3,624822694,39,32.5638,33.0605,0.4968
tiny,chip_207_424_merged.tif,0.2,4,244216063,39,32.4539,33.2802,0.8263
tiny,chip_207_424_merged.tif,0.4,0,1705366141,78,31.1505,34.2395,3.089
tiny,chip_207_424_merged.tif,0.4,1,1324759510,78,33.921,34.1962,0.2752
tiny,chip_207_424_merged.tif,0.4,2,844813992,78,33.4795,34.3196,0.8401
tiny,chip_207_424_merged.tif,0.4,3,464207361,78,32.8369,34.1719,1.335
tiny,chip_207_424_merged.tif,0.4,4,2131745491,78,31.5996,33.8788,2.2792
tiny,chip_207_424_merged.tif,0.6,0,962067934,117,31.3229,33.9246,2.6017
tiny,chip_207_424_merged.tif,0.6,1,581461303,117,30.7989,33.9991,3.2002
tiny,chip_207_424_merged.tif,0.6,2,101515785,117,31.9346,33.6897,1.7551
tiny,chip_207_424_merged.tif,0.6,3,1868392802,117,32.6752,34.011,1.3358
tiny,chip_207_424_merged.tif,0.6,4,1388447284,117,32.1691,33.6418,1.4727
tiny,chip_207_424_merged.tif,0.8,0,479475738,156,31.697,32.7011,1.0042
tiny,chip_207_424_merged.tif,0.8,1,98869107,156,28.5447,32.3308,3.7861
tiny,chip_207_424_merged.tif,0.8,2,1766407237,156,28.5011,32.4648,3.9637
tiny,chip_207_424_merged.tif,0.8,3,1385800606,156,31.1655,32.9514,1.7859
tiny,chip_207_424_merged.tif,0.8,4,905855088,156,31.1563,33.377,2.2207
tiny,chip_208_417_merged.tif,0.2,0,2115812590,39,35.5372,35.322,-0.2152
tiny,chip_208_417_merged.tif,0.2,1,1735205959,39,34.513,35.7624,1.2493
tiny,chip_208_417_merged.tif,0.2,2,1354599328,39,35.5998,35.9467,0.3469
tiny,chip_208_417_merged.tif,0.2,3,874653810,39,36.1085,36.4158,0.3074
tiny,chip_208_417_merged.tif,0.2,4,494047179,39,34.5029,35.9587,1.4557
tiny,chip_208_417_merged.tif,0.4,0,1955197257,78,32.3789,35.0494,2.6705
tiny,chip_208_417_merged.tif,0.4,1,1574590626,78,34.4653,35.694,1.2286
tiny,chip_208_417_merged.tif,0.4,2,1094645108,78,34.6268,35.1076,0.4808
tiny,chip_208_417_merged.tif,0.4,3,714038477,78,33.0412,35.6202,2.579
tiny,chip_208_417_merged.tif,0.4,4,234092959,78,34.7179,35.7321,1.0142
tiny,chip_208_417_merged.tif,0.6,0,1211899050,117,34.8665,35.8921,1.0256
tiny,chip_208_417_merged.tif,0.6,1,831292419,117,34.5533,35.1562,0.6029
tiny,chip_208_417_merged.tif,0.6,2,351346901,117,33.2985,35.681,2.3825
tiny,chip_208_417_merged.tif,0.6,3,2118223918,117,32.6941,34.821,2.1269
tiny,chip_208_417_merged.tif,0.6,4,1638278400,117,34.5542,35.0704,0.5162
tiny,chip_208_417_merged.tif,0.8,0,729306854,156,33.8943,34.3622,0.468
tiny,chip_208_417_merged.tif,0.8,1,348700223,156,31.3152,35.2415,3.9262
tiny,chip_208_417_merged.tif,0.8,2,2016238353,156,32.3397,34.5113,2.1716
tiny,chip_208_417_merged.tif,0.8,3,1635631722,156,33.8988,34.9526,1.0538
tiny,chip_208_417_merged.tif,0.8,4,1255025091,156,31.2629,34.504,3.2411
tiny,chip_209_312_merged.tif,0.2,0,1153588232,39,30.3583,34.7086,4.3503
tiny,chip_209_312_merged.tif,0.2,1,673642714,39,33.8822,34.7553,0.8731
tiny,chip_209_312_merged.tif,0.2,2,293036083,39,29.996,35.2782,5.2822
tiny,chip_209_312_merged.tif,0.2,3,1960574213,39,30.3588,34.8726,4.5138
tiny,chip_209_312_merged.tif,0.2,4,1579967582,39,31.051,35.7958,4.7448
tiny,chip_209_312_merged.tif,0.4,0,88313162,78,31.0389,32.9149,1.876
tiny,chip_209_312_merged.tif,0.4,1,1855190179,78,30.6864,33.7551,3.0688
tiny,chip_209_312_merged.tif,0.4,2,1375244661,78,31.2113,35.0832,3.8718
tiny,chip_209_312_merged.tif,0.4,3,994638030,78,30.6864,33.6856,2.9992
tiny,chip_209_312_merged.tif,0.4,4,514692512,78,31.6644,35.0972,3.4328
tiny,chip_209_312_merged.tif,0.6,0,150335805,117,30.7966,33.6886,2.892
tiny,chip_209_312_merged.tif,0.6,1,1917212822,117,30.8092,33.2102,2.4011
tiny,chip_209_312_merged.tif,0.6,2,1536606191,117,30.3633,34.0139,3.6506
tiny,chip_209_312_merged.tif,0.6,3,1056660673,117,31.344,33.0575,1.7136
tiny,chip_209_312_merged.tif,0.6,4,676054042,117,31.2553,33.2075,1.9523
tiny,chip_209_312_merged.tif,0.8,0,1914566144,156,30.5847,31.7604,1.1757
tiny,chip_209_312_merged.tif,0.8,1,1434620626,156,30.9195,31.3533,0.4338
tiny,chip_209_312_merged.tif,0.8,2,1054013995,156,30.4804,32.2215,1.7411
tiny,chip_209_312_merged.tif,0.8,3,574068477,156,30.6031,31.959,1.3559
tiny,chip_209_312_merged.tif,0.8,4,193461846,156,30.9672,31.5832,0.616
tiny,chip_210_444_merged.tif,0.2,0,1810566890,39,31.0501,32.1891,1.139
tiny,chip_210_444_merged.tif,0.2,1,1330621372,39,29.7752,32.4878,2.7127
tiny,chip_210_444_merged.tif,0.2,2,950014741,39,31.2479,32.7916,1.5437
tiny,chip_210_444_merged.tif,0.2,3,569408110,39,29.7755,32.3463,2.5708
tiny,chip_210_444_merged.tif,0.2,4,89462592,39,31.6934,32.7908,1.0974
tiny,chip_210_444_merged.tif,0.4,0,745291820,78,29.8623,32.5203,2.658
tiny,chip_210_444_merged.tif,0.4,1,364685189,78,29.9177,32.4479,2.5302
tiny,chip_210_444_merged.tif,0.4,2,2131562206,78,29.3621,31.7949,2.4327
tiny,chip_210_444_merged.tif,0.4,3,1651616688,78,29.5688,31.9684,2.3996
tiny,chip_210_444_merged.tif,0.4,4,1271010057,78,29.5021,31.6532,2.1511
tiny,chip_210_444_merged.tif,0.6,0,1993613,117,29.6091,30.77,1.1609
tiny,chip_210_444_merged.tif,0.6,1,1768870630,117,29.5872,30.2925,0.7053
tiny,chip_210_444_merged.tif,0.6,2,1388263999,117,29.5642,30.8692,1.3051
tiny,chip_210_444_merged.tif,0.6,3,908318481,117,28.6352,30.7733,2.1381
tiny,chip_210_444_merged.tif,0.6,4,527711850,117,29.5839,31.0692,1.4852
tiny,chip_210_444_merged.tif,0.8,0,1766223952,156,27.8107,29.7069,1.8962
tiny,chip_210_444_merged.tif,0.8,1,1286278434,156,29.078,29.85,0.772
tiny,chip_210_444_merged.tif,0.8,2,905671803,156,29.0815,29.698,0.6165
tiny,chip_210_444_merged.tif,0.8,3,425726285,156,29.1834,30.2349,1.0515
tiny,chip_210_444_merged.tif,0.8,4,45119654,156,27.8185,30.1811,2.3626
tiny,chip_210_466_merged.tif,0.2,0,1846965993,39,32.3828,34.4332,2.0504
tiny,chip_210_466_merged.tif,0.2,1,1367020475,39,34.2498,34.893,0.6432
tiny,chip_210_466_merged.tif,0.2,2,986413844,39,34.2513,35.2391,0.9878
tiny,chip_210_466_merged.tif,0.2,3,605807213,39,34.086,34.7656,0.6796
tiny,chip_210_466_merged.tif,0.2,4,125861695,39,32.5735,35.2104,2.637
tiny,chip_210_466_merged.tif,0.4,0,781690923,78,32.9454,34.5052,1.5598
tiny,chip_210_466_merged.tif,0.4,1,401084292,78,32.9457,34.4352,1.4894
tiny,chip_210_466_merged.tif,0.4,2,2068622422,78,33.569,34.5669,0.9979
tiny,chip_210_466_merged.tif,0.4,3,1688015791,78,34.4886,34.8301,0.3415
tiny,chip_210_466_merged.tif,0.4,4,1307409160,78,33.2803,34.4374,1.1571
tiny,chip_210_466_merged.tif,0.6,0,943052453,117,33.5504,34.3964,0.846
tiny,chip_210_466_merged.tif,0.6,1,463106935,117,33.1795,34.4001,1.2207
tiny,chip_210_466_merged.tif,0.6,2,82500304,117,33.702,33.7104,0.0084
tiny,chip_210_466_merged.tif,0.6,3,1750038434,117,33.4586,33.5798,0.1212
tiny,chip_210_466_merged.tif,0.6,4,1369431803,117,33.3591,33.4649,0.1058
tiny,chip_210_466_merged.tif,0.8,0,460460257,156,32.9901,33.522,0.5319
tiny,chip_210_466_merged.tif,0.8,1,2127998387,156,32.5694,33.3984,0.8289
tiny,chip_210_466_merged.tif,0.8,2,1747391756,156,32.9416,33.5972,0.6556
tiny,chip_210_466_merged.tif,0.8,3,1366785125,156,32.5817,33.5747,0.993
tiny,chip_210_466_merged.tif,0.8,4,886839607,156,32.7977,33.775,0.9773
tiny,chip_211_435_merged.tif,0.2,0,345841537,39,37.825,38.5355,0.7104
tiny,chip_211_435_merged.tif,0.2,1,2112718554,39,37.1751,37.3431,0.168
tiny,chip_211_435_merged.tif,0.2,2,1732111923,39,36.9446,38.0515,1.1069
tiny,chip_211_435_merged.tif,0.2,3,1252166405,39,37.1937,38.7699,1.5762
tiny,chip_211_435_merged.tif,0.2,4,871559774,39,37.2738,37.2501,-0.0236
tiny,chip_211_435_merged.tif,0.4,0,185226204,78,35.2522,37.3064,2.0542
tiny,chip_211_435_merged.tif,0.4,1,1952103221,78,36.647,37.5502,0.9032
tiny,chip_211_435_merged.tif,0.4,2,1472157703,78,36.7568,37.458,0.7012
tiny,chip_211_435_merged.tif,0.4,3,1091551072,78,36.1697,37.465,1.2953
tiny,chip_211_435_merged.tif,0.4,4,611605554,78,35.1916,37.8505,2.6589
tiny,chip_211_435_merged.tif,0.6,0,1589411645,117,35.2728,37.2352,1.9625
tiny,chip_211_435_merged.tif,0.6,1,1208805014,117,36.6103,37.3214,0.7111
tiny,chip_211_435_merged.tif,0.6,2,728859496,117,36.9299,37.0223,0.0924
tiny,chip_211_435_merged.tif,0.6,3,348252865,117,35.2772,36.856,1.5788
tiny,chip_211_435_merged.tif,0.6,4,2015790995,117,35.2803,36.9316,1.6513
tiny,chip_211_435_merged.tif,0.8,0,1106819449,156,36.3113,36.556,0.2447
tiny,chip_211_435_merged.tif,0.8,1,726212818,156,35.531,36.1383,0.6073
tiny,chip_211_435_merged.tif,0.8,2,345606187,156,35.2898,36.4035,1.1137
tiny,chip_211_435_merged.tif,0.8,3,2013144317,156,36.3131,36.6323,0.3192
tiny,chip_211_435_merged.tif,0.8,4,1632537686,156,35.9481,36.6807,0.7326
tiny,chip_213_282_merged.tif,0.2,0,1034863744,39,33.812,39.3036,5.4916
tiny,chip_213_282_merged.tif,0.2,1,654257113,39,29.1258,38.6389,9.513
tiny,chip_213_282_merged.tif,0.2,2,174311595,39,37.8824,38.5508,0.6684
tiny,chip_213_282_merged.tif,0.2,3,1941188612,39,37.8821,38.7101,0.8279
tiny,chip_213_282_merged.tif,0.2,4,1560581981,39,37.8135,37.0147,-0.7988
tiny,chip_213_282_merged.tif,0.4,0,874248411,78,30.2538,38.0599,7.8061
tiny,chip_213_282_merged.tif,0.4,1,493641780,78,35.4037,38.4864,3.0827
tiny,chip_213_282_merged.tif,0.4,2,13696262,78,30.1549,37.3733,7.2185
tiny,chip_213_282_merged.tif,0.4,3,1780573279,78,34.5542,38.12,3.5658
tiny,chip_213_282_merged.tif,0.4,4,1300627761,78,34.5464,37.69,3.1436
tiny,chip_213_282_merged.tif,0.6,0,130950204,117,33.5734,36.3512,2.7779
tiny,chip_213_282_merged.tif,0.6,1,1897827221,117,34.2464,37.5921,3.3457
tiny,chip_213_282_merged.tif,0.6,2,1417881703,117,33.0364,37.3145,4.2781
tiny,chip_213_282_merged.tif,0.6,3,1037275072,117,34.6698,37.5645,2.8947
tiny,chip_213_282_merged.tif,0.6,4,557329554,117,33.5509,37.6119,4.061
tiny,chip_213_282_merged.tif,0.8,0,1795841656,156,31.17,35.3622,4.1922
tiny,chip_213_282_merged.tif,0.8,1,1415235025,156,31.5875,32.8612,1.2737
tiny,chip_213_282_merged.tif,0.8,2,935289507,156,33.1731,33.1549,-0.0182
tiny,chip_213_282_merged.tif,0.8,3,554682876,156,31.8714,36.2593,4.3879
tiny,chip_213_282_merged.tif,0.8,4,174076245,156,31.148,36.3071,5.1591
tiny,chip_213_290_merged.tif,0.2,0,13690942,39,36.1104,37.8934,1.7831
tiny,chip_213_290_merged.tif,0.2,1,1681229072,39,31.0613,38.1421,7.0809
tiny,chip_213_290_merged.tif,0.2,2,1300622441,39,35.4855,38.4835,2.998
tiny,chip_213_290_merged.tif,0.2,3,920015810,39,35.8751,38.1313,2.2562
tiny,chip_213_290_merged.tif,0.2,4,440070292,39,31.0409,37.4379,6.397
tiny,chip_213_290_merged.tif,0.4,0,2000559257,78,32.9461,37.1353,4.1891
tiny,chip_213_290_merged.tif,0.4,1,1520613739,78,30.9533,37.0923,6.139
tiny,chip_213_290_merged.tif,0.4,2,1140007108,78,32.9474,35.8834,2.936
tiny,chip_213_290_merged.tif,0.4,3,660061590,78,31.3918,37.153,5.7612
tiny,chip_213_290_merged.tif,0.4,4,279454959,78,34.5455,36.4453,1.8998
tiny,chip_213_290_merged.tif,0.6,0,1257261050,117,33.5608,35.9437,2.3828
tiny,chip_213_290_merged.tif,0.6,1,777315532,117,32.3837,35.5027,3.119
tiny,chip_213_290_merged.tif,0.6,2,396708901,117,33.3959,36.505,3.1091
tiny,chip_213_290_merged.tif,0.6,3,2064247031,117,33.6685,35.7664,2.0978
tiny,chip_213_290_merged.tif,0.6,4,1683640400,117,32.3829,36.6898,4.3068
tiny,chip_213_290_merged.tif,0.8,0,774668854,156,29.7632,33.8183,4.0551
tiny,chip_213_290_merged.tif,0.8,1,294723336,156,32.6305,33.3423,0.7118
tiny,chip_213_290_merged.tif,0.8,2,2061600353,156,30.5852,34.043,3.4578
tiny,chip_213_290_merged.tif,0.8,3,1581654835,156,32.6276,33.5365,0.9088
tiny,chip_213_290_merged.tif,0.8,4,1201048204,156,31.0886,32.6986,1.6099
tiny,chip_213_391_merged.tif,0.2,0,2091704167,39,36.0033,34.7891,-1.2141
tiny,chip_213_391_merged.tif,0.2,1,1611758649,39,32.1146,35.9497,3.8351
tiny,chip_213_391_merged.tif,0.2,2,1231152018,39,35.4365,36.6928,1.2563
tiny,chip_213_391_merged.tif,0.2,3,751206500,39,34.5701,34.3259,-0.2442
tiny,chip_213_391_merged.tif,0.2,4,370599869,39,35.6195,34.9561,-0.6633
tiny,chip_213_391_merged.tif,0.4,0,1831749947,78,33.7025,35.0501,1.3477
tiny,chip_213_391_merged.tif,0.4,1,1451143316,78,33.7612,35.2918,1.5306
tiny,chip_213_391_merged.tif,0.4,2,1070536685,78,33.1571,36.0115,2.8543
tiny,chip_213_391_merged.tif,0.4,3,590591167,78,33.3014,34.033,0.7316
tiny,chip_213_391_merged.tif,0.4,4,209984536,78,32.8395,35.7441,2.9045
tiny,chip_213_391_merged.tif,0.6,0,1088451740,117,33.2104,33.1395,-0.0709
tiny,chip_213_391_merged.tif,0.6,1,707845109,117,31.935,34.3766,2.4416
tiny,chip_213_391_merged.tif,0.6,2,327238478,117,32.3569,34.8035,2.4466
tiny,chip_213_391_merged.tif,0.6,3,1994776608,117,32.9345,35.1792,2.2448
tiny,chip_213_391_merged.tif,0.6,4,1614169977,117,33.6627,34.3883,0.7255
tiny,chip_213_391_merged.tif,0.8,0,705198431,156,32.0214,33.2557,1.2343
tiny,chip_213_391_merged.tif,0.8,1,225252913,156,31.6501,33.7107,2.0606
tiny,chip_213_391_merged.tif,0.8,2,1992129930,156,31.7407,34.7212,2.9805
tiny,chip_213_391_merged.tif,0.8,3,1512184412,156,31.6223,33.9597,2.3374
tiny,chip_213_391_merged.tif,0.8,4,1131577781,156,31.9478,33.553,1.6053
tiny,chip_213_456_merged.tif,0.2,0,1687446733,39,33.6736,35.2217,1.5481
tiny,chip_213_456_merged.tif,0.2,1,1207501215,39,35.626,35.6551,0.0291
tiny,chip_213_456_merged.tif,0.2,2,826894584,39,33.6748,33.6801,0.0053
tiny,chip_213_456_merged.tif,0.2,3,346949066,39,33.5453,36.1783,2.633
tiny,chip_213_456_merged.tif,0.2,4,2113826083,39,32.6544,35.8305,3.1762
tiny,chip_213_456_merged.tif,0.4,0,1427492513,78,33.5858,35.4586,1.8728
tiny,chip_213_456_merged.tif,0.4,1,1046885882,78,32.1899,35.243,3.0531
tiny,chip_213_456_merged.tif,0.4,2,566940364,78,32.9835,35.7834,2.7999
tiny,chip_213_456_merged.tif,0.4,3,186333733,78,33.4507,35.3718,1.9211
tiny,chip_213_456_merged.tif,0.4,4,1953210750,78,33.1277,35.7125,2.5848
tiny,chip_213_456_merged.tif,0.6,0,684194306,117,33.2781,34.7209,1.4429
tiny,chip_213_456_merged.tif,0.6,1,303587675,117,33.5547,34.098,0.5433
tiny,chip_213_456_merged.tif,0.6,2,2070464692,117,33.191,34.4401,1.2491
tiny,chip_213_456_merged.tif,0.6,3,1590519174,117,33.0039,34.9881,1.9842
tiny,chip_213_456_merged.tif,0.6,4,1209912543,117,33.5484,34.8404,1.292
tiny,chip_213_456_merged.tif,0.8,0,300940997,156,32.7117,33.912,1.2003
tiny,chip_213_456_merged.tif,0.8,1,1968479127,156,32.3979,33.5978,1.1999
tiny,chip_213_456_merged.tif,0.8,2,1587872496,156,32.3867,33.7682,1.3815
tiny,chip_213_456_merged.tif,0.8,3,1107926978,156,32.4367,33.3876,0.9509
tiny,chip_213_456_merged.tif,0.8,4,727320347,156,32.3828,34.0479,1.6651
tiny,chip_214_307_merged.tif,0.2,0,1944702363,39,31.078,33.6576,2.5796
tiny,chip_214_307_merged.tif,0.2,1,1564095732,39,32.1176,35.7692,3.6516
tiny,chip_214_307_merged.tif,0.2,2,1084150214,39,32.0978,35.946,3.8482
tiny,chip_214_307_merged.tif,0.2,3,703543583,39,27.7426,35.2891,7.5465
tiny,chip_214_307_merged.tif,0.2,4,322936952,39,31.0797,35.4631,4.3834
tiny,chip_214_307_merged.tif,0.4,0,1784087030,78,30.6655,33.9879,3.3224
tiny,chip_214_307_merged.tif,0.4,1,1403480399,78,28.9288,35.7255,6.7967
tiny,chip_214_307_merged.tif,0.4,2,923534881,78,32.0721,34.6528,2.5807
tiny,chip_214_307_merged.tif,0.4,3,542928250,78,32.073,34.6831,2.61
tiny,chip_214_307_merged.tif,0.4,4,62982732,78,28.8236,34.2758,5.4522
tiny,chip_214_307_merged.tif,0.6,0,1040788823,117,31.1813,34.3746,3.1933
tiny,chip_214_307_merged.tif,0.6,1,660182192,117,31.2453,34.093,2.8476
tiny,chip_214_307_merged.tif,0.6,2,180236674,117,28.8401,34.8364,5.9963
tiny,chip_214_307_merged.tif,0.6,3,1947113691,117,29.6742,33.1167,3.4424
tiny,chip_214_307_merged.tif,0.6,4,1467168173,117,30.6127,34.2397,3.627
tiny,chip_214_307_merged.tif,0.8,0,558196627,156,29.7369,31.9571,2.2202
tiny,chip_214_307_merged.tif,0.8,1,177589996,156,30.1555,32.5886,2.4331
tiny,chip_214_307_merged.tif,0.8,2,1845128126,156,30.0925,32.4953,2.4029
tiny,chip_214_307_merged.tif,0.8,3,1464521495,156,30.0535,33.1054,3.0519
tiny,chip_214_307_merged.tif,0.8,4,1083914864,156,30.0017,32.5874,2.5857
tiny,chip_214_311_merged.tif,0.2,0,35185037,39,32.1394,35.3227,3.1833
tiny,chip_214_311_merged.tif,0.2,1,1802062054,39,32.0295,35.231,3.2015
tiny,chip_214_311_merged.tif,0.2,2,1421455423,39,33.1395,33.9423,0.8028
tiny,chip_214_311_merged.tif,0.2,3,941509905,39,32.2674,34.7614,2.494
tiny,chip_214_311_merged.tif,0.2,4,560903274,39,27.1601,34.9635,7.8034
tiny,chip_214_311_merged.tif,0.4,0,1216732502,78,32.2802,34.4612,2.1811
tiny,chip_214_311_merged.tif,0.4,1,736786984,78,30.5119,34.244,3.732
tiny,chip_214_311_merged.tif,0.4,2,356180353,78,30.511,34.5709,4.06
tiny,chip_214_311_merged.tif,0.4,3,2123057370,78,31.2825,34.6046,3.3221
tiny,chip_214_311_merged.tif,0.4,4,1643111852,78,31.4461,33.8711,2.425
tiny,chip_214_311_merged.tif,0.6,0,1278755145,117,31.2426,33.931,2.6885
tiny,chip_214_311_merged.tif,0.6,1,898148514,117,31.6382,31.4364,-0.2018
tiny,chip_214_311_merged.tif,0.6,2,418202996,117,32.0639,31.5347,-0.5292
tiny,chip_214_311_merged.tif,0.6,3,37596365,117,31.9323,31.3768,-0.5555
tiny,chip_214_311_merged.tif,0.6,4,1705134495,117,29.7795,33.1801,3.4005
tiny,chip_214_311_merged.tif,0.8,0,796162949,156,29.8947,30.9576,1.0629
tiny,chip_214_311_merged.tif,0.8,1,415556318,156,30.2262,32.8842,2.658
tiny,chip_214_311_merged.tif,0.8,2,34949687,156,30.2205,30.9853,0.7648
tiny,chip_214_311_merged.tif,0.8,3,1702487817,156,30.6482,31.9526,1.3044
tiny,chip_214_311_merged.tif,0.8,4,1321881186,156,30.6655,32.0796,1.4141
tiny,chip_214_329_merged.tif,0.2,0,810533986,39,30.5398,32.418,1.8782
tiny,chip_214_329_merged.tif,0.2,1,330588468,39,29.7836,32.7976,3.014
tiny,chip_214_329_merged.tif,0.2,2,2097465485,39,29.3644,33.122,3.7576
tiny,chip_214_329_merged.tif,0.2,3,1617519967,39,29.6982,32.4723,2.7741
tiny,chip_214_329_merged.tif,0.2,4,1236913336,39,30.7542,31.4076,0.6534
tiny,chip_214_329_merged.tif,0.4,0,1892742564,78,29.7994,31.6399,1.8405
tiny,chip_214_329_merged.tif,0.4,1,1512135933,78,29.0358,31.6555,2.6196
tiny,chip_214_329_merged.tif,0.4,2,1032190415,78,28.99,31.5746,2.5847
tiny,chip_214_329_merged.tif,0.4,3,651583784,78,29.4648,32.7763,3.3115
tiny,chip_214_329_merged.tif,0.4,4,171638266,78,29.9456,32.6701,2.7245
tiny,chip_214_329_merged.tif,0.6,0,1954765207,117,28.585,31.4489,2.8638
tiny,chip_214_329_merged.tif,0.6,1,1574158576,117,29.6268,30.9589,1.3321
tiny,chip_214_329_merged.tif,0.6,2,1193551945,117,28.5931,30.0055,1.4123
tiny,chip_214_329_merged.tif,0.6,3,713606427,117,29.8093,31.4368,1.6275
tiny,chip_214_329_merged.tif,0.6,4,332999796,117,28.5897,31.2957,2.706
tiny,chip_214_329_merged.tif,0.8,0,1571511898,156,28.7419,30.3881,1.6463
tiny,chip_214_329_merged.tif,0.8,1,1091566380,156,28.7098,30.1494,1.4396
tiny,chip_214_329_merged.tif,0.8,2,710959749,156,28.2361,30.4549,2.2188
tiny,chip_214_329_merged.tif,0.8,3,231014231,156,28.7387,30.2945,1.5558
tiny,chip_214_329_merged.tif,0.8,4,1997891248,156,28.7334,30.6042,1.8708
tiny,chip_214_429_merged.tif,0.2,0,403555867,39,38.3195,39.3524,1.0328
tiny,chip_214_429_merged.tif,0.2,1,22949236,39,38.692,38.3352,-0.3568
tiny,chip_214_429_merged.tif,0.2,2,1690487366,39,38.45,38.2596,-0.1904
tiny,chip_214_429_merged.tif,0.2,3,1309880735,39,38.3396,38.1315,-0.2081
tiny,chip_214_429_merged.tif,0.2,4,829935217,39,38.2916,38.9758,0.6843
tiny,chip_214_429_merged.tif,0.4,0,242940534,78,37.714,38.9987,1.2848
tiny,chip_214_429_merged.tif,0.4,1,1910478664,78,37.1818,38.6832,1.5015
tiny,chip_214_429_merged.tif,0.4,2,1529872033,78,38.0099,38.6279,0.618
tiny,chip_214_429_merged.tif,0.4,3,1149265402,78,38.0867,38.6323,0.5456
tiny,chip_214_429_merged.tif,0.4,4,669319884,78,38.1025,38.3285,0.226
tiny,chip_214_429_merged.tif,0.6,0,1647125975,117,37.9291,38.1115,0.1824
tiny,chip_214_429_merged.tif,0.6,1,1167180457,117,38.2261,38.5423,0.3162
tiny,chip_214_429_merged.tif,0.6,2,786573826,117,38.0773,38.6375,0.5602
tiny,chip_214_429_merged.tif,0.6,3,405967195,117,38.0936,38.7181,0.6245
tiny,chip_214_429_merged.tif,0.6,4,2073505325,117,37.9869,38.2871,0.3002
tiny,chip_214_429_merged.tif,0.8,0,1164533779,156,37.9746,38.2564,0.2818
tiny,chip_214_429_merged.tif,0.8,1,783927148,156,37.7218,37.9512,0.2294
tiny,chip_214_429_merged.tif,0.8,2,303981630,156,37.4954,38.2444,0.749
tiny,chip_214_429_merged.tif,0.8,3,2070858647,156,37.4814,38.4318,0.9505
tiny,chip_214_429_merged.tif,0.8,4,1590913129,156,37.5336,37.7972,0.2635
tiny,chip_215_309_merged.tif,0.2,0,1129533677,39,32.8622,32.9525,0.0903
tiny,chip_215_309_merged.tif,0.2,1,649588159,39,32.9332,34.767,1.8339
tiny,chip_215_309_merged.tif,0.2,2,268981528,39,33.4047,33.9374,0.5328
tiny,chip_215_309_merged.tif,0.2,3,1936519658,39,27.6623,33.2689,5.6066
tiny,chip_215_309_merged.tif,0.2,4,1555913027,39,32.4362,33.1513,0.7151
tiny,chip_215_309_merged.tif,0.4,0,64258607,78,32.4104,33.9002,1.4898
tiny,chip_215_309_merged.tif,0.4,1,1831135624,78,28.4607,33.2369,4.7763
tiny,chip_215_309_merged.tif,0.4,2,1351190106,78,28.1351,32.8392,4.7041
tiny,chip_215_309_merged.tif,0.4,3,970583475,78,31.61,33.7782,2.1682
tiny,chip_215_309_merged.tif,0.4,4,589976844,78,30.3351,32.2133,1.8782
tiny,chip_215_309_merged.tif,0.6,0,126281250,117,31.3077,32.6396,1.3319
tiny,chip_215_309_merged.tif,0.6,1,1893158267,117,28.2042,33.1619,4.9576
tiny,chip_215_309_merged.tif,0.6,2,1512551636,117,29.0765,32.8012,3.7247
tiny,chip_215_309_merged.tif,0.6,3,1032606118,117,31.961,32.4947,0.5337
tiny,chip_215_309_merged.tif,0.6,4,651999487,117,31.3112,32.9679,1.6567
tiny,chip_215_309_merged.tif,0.8,0,1890511589,156,29.1453,30.6986,1.5532
tiny,chip_215_309_merged.tif,0.8,1,1410566071,156,29.3485,31.3329,1.9843
tiny,chip_215_309_merged.tif,0.8,2,1029959440,156,29.0982,31.7333,2.6351
tiny,chip_215_309_merged.tif,0.8,3,550013922,156,29.5982,30.0401,0.4419
tiny,chip_215_309_merged.tif,0.8,4,169407291,156,29.079,30.6089,1.5299
tiny,chip_215_310_merged.tif,0.2,0,666833321,39,30.3292,33.6774,3.3482
tiny,chip_215_310_merged.tif,0.2,1,286226690,39,32.8325,33.5811,0.7486
tiny,chip_215_310_merged.tif,0.2,2,2053103707,39,29.4281,35.4284,6.0003
tiny,chip_215_310_merged.tif,0.2,3,1573158189,39,31.2281,34.6231,3.395
tiny,chip_215_310_merged.tif,0.2,4,1192551558,39,30.5414,33.985,3.4436
tiny,chip_215_310_merged.tif,0.4,0,1848380786,78,30.307,33.7679,3.4609
tiny,chip_215_310_merged.tif,0.4,1,1368435268,78,30.3371,33.097,2.7599
tiny,chip_215_310_merged.tif,0.4,2,987828637,78,30.3069,32.9693,2.6624
tiny,chip_215_310_merged.tif,0.4,3,607222006,78,30.2967,33.4832,3.1865
tiny,chip_215_310_merged.tif,0.4,4,127276488,78,31.9752,33.2046,1.2294
tiny,chip_215_310_merged.tif,0.6,0,1910403429,117,30.135,32.3063,2.1713
tiny,chip_215_310_merged.tif,0.6,1,1529796798,117,29.5956,32.3569,2.7613
tiny,chip_215_310_merged.tif,0.6,2,1049851280,117,29.9645,32.224,2.2594
tiny,chip_215_310_merged.tif,0.6,3,669244649,117,29.5923,32.0461,2.4537
tiny,chip_215_310_merged.tif,0.6,4,189299131,117,30.8771,31.6022,0.7252
tiny,chip_215_310_merged.tif,0.8,0,1427811233,156,29.9282,31.3154,1.3872
tiny,chip_215_310_merged.tif,0.8,1,1047204602,156,30.4822,30.8249,0.3428
tiny,chip_215_310_merged.tif,0.8,2,666597971,156,30.4939,31.0811,0.5872
tiny,chip_215_310_merged.tif,0.8,3,186652453,156,30.008,31.1442,1.1362
tiny,chip_215_310_merged.tif,0.8,4,1953529470,156,30.4532,31.4881,1.0349
tiny,chip_216_454_merged.tif,0.2,0,440083730,39,32.5352,34.4661,1.9309
tiny,chip_216_454_merged.tif,0.2,1,2107621860,39,33.245,34.8777,1.6326
tiny,chip_216_454_merged.tif,0.2,2,1727015229,39,33.2437,35.6138,2.3701
tiny,chip_216_454_merged.tif,0.2,3,1346408598,39,33.3387,34.2061,0.8674
tiny,chip_216_454_merged.tif,0.2,4,866463080,39,31.7186,34.4976,2.779
tiny,chip_216_454_merged.tif,0.4,0,279468397,78,31.4804,33.9617,2.4813
tiny,chip_216_454_merged.tif,0.4,1,1947006527,78,32.3284,33.9911,1.6627
tiny,chip_216_454_merged.tif,0.4,2,1566399896,78,31.6601,33.4482,1.7881
tiny,chip_216_454_merged.tif,0.4,3,1086454378,78,31.4817,34.1896,2.7079
tiny,chip_216_454_merged.tif,0.4,4,705847747,78,32.9847,34.306,1.3213
tiny,chip_216_454_merged.tif,0.6,0,1683653838,117,31.9993,33.8666,1.8673
tiny,chip_216_454_merged.tif,0.6,1,1203708320,117,31.7682,33.1491,1.3809
tiny,chip_216_454_merged.tif,0.6,2,823101689,117,31.1572,33.3031,2.1459
tiny,chip_216_454_merged.tif,0.6,3,343156171,117,31.1586,32.8938,1.7351
tiny,chip_216_454_merged.tif,0.6,4,2110033188,117,31.6431,33.148,1.5049
tiny,chip_216_454_merged.tif,0.8,0,1201061642,156,31.6801,31.662,-0.0182
tiny,chip_216_454_merged.tif,0.8,1,721116124,156,30.5775,32.3266,1.7491
tiny,chip_216_454_merged.tif,0.8,2,340509493,156,31.1739,32.5861,1.4122
tiny,chip_216_454_merged.tif,0.8,3,2107386510,156,30.5246,32.2711,1.7465
tiny,chip_216_454_merged.tif,0.8,4,1627440992,156,30.5321,32.1613,1.6292
tiny,chip_217_287_merged.tif,0.2,0,232801549,39,32.468,37.2985,4.8305
tiny,chip_217_287_merged.tif,0.2,1,1900339679,39,31.5162,36.9493,5.4331
tiny,chip_217_287_merged.tif,0.2,2,1519733048,39,32.4622,37.8072,5.345
tiny,chip_217_287_merged.tif,0.2,3,1139126417,39,33.0852,37.5944,4.5092
tiny,chip_217_287_merged.tif,0.2,4,659180899,39,36.2494,35.8279,-0.4215
tiny,chip_217_287_merged.tif,0.4,0,1315010127,78,34.1933,37.3263,3.1329
tiny,chip_217_287_merged.tif,0.4,1,934403496,78,32.6411,35.3597,2.7186
tiny,chip_217_287_merged.tif,0.4,2,553796865,78,34.1966,37.5389,3.3422
tiny,chip_217_287_merged.tif,0.4,3,73851347,78,34.8577,36.9076,2.0499
tiny,chip_217_287_merged.tif,0.4,4,1840728364,78,33.3137,36.3568,3.0431
tiny,chip_217_287_merged.tif,0.6,0,571711920,117,32.3236,36.147,3.8233
tiny,chip_217_287_merged.tif,0.6,1,191105289,117,32.0737,36.4803,4.4065
tiny,chip_217_287_merged.tif,0.6,2,1957982306,117,32.305,35.8212,3.5162
tiny,chip_217_287_merged.tif,0.6,3,1478036788,117,31.7309,36.1874,4.4565
tiny,chip_217_287_merged.tif,0.6,4,1097430157,117,32.7171,36.7312,4.0141
tiny,chip_217_287_merged.tif,0.8,0,188458611,156,32.0844,33.8422,1.7578
tiny,chip_217_287_merged.tif,0.8,1,1855996741,156,32.4228,34.6119,2.1891
tiny,chip_217_287_merged.tif,0.8,2,1475390110,156,32.1448,34.1175,1.9727
tiny,chip_217_287_merged.tif,0.8,3,995444592,156,32.191,34.7737,2.5828
tiny,chip_217_287_merged.tif,0.8,4,614837961,156,32.4433,33.3161,0.8728
tiny,chip_217_425_merged.tif,0.2,0,477109852,39,28.882,30.4815,1.5995
tiny,chip_217_425_merged.tif,0.2,1,2144647982,39,29.6994,31.2101,1.5107
tiny,chip_217_425_merged.tif,0.2,2,1764041351,39,27.7261,30.0359,2.3098
tiny,chip_217_425_merged.tif,0.2,3,1284095833,39,27.2106,30.5668,3.3562
tiny,chip_217_425_merged.tif,0.2,4,903489202,39,28.8814,31.1395,2.2581
tiny,chip_217_425_merged.tif,0.4,0,217155632,78,29.814,30.7278,0.9138
tiny,chip_217_425_merged.tif,0.4,1,1984032649,78,28.2903,29.7476,1.4573
tiny,chip_217_425_merged.tif,0.4,2,1603426018,78,28.6825,30.8934,2.2109
tiny,chip_217_425_merged.tif,0.4,3,1123480500,78,29.1608,30.3508,1.19
tiny,chip_217_425_merged.tif,0.4,4,742873869,78,29.2147,29.3989,0.1842
tiny,chip_217_425_merged.tif,0.6,0,1720679960,117,28.2536,29.982,1.7284
tiny,chip_217_425_merged.tif,0.6,1,1240734442,117,28.8163,29.5693,0.753
tiny,chip_217_425_merged.tif,0.6,2,860127811,117,29.7654,29.4049,-0.3605
tiny,chip_217_425_merged.tif,0.6,3,380182293,117,28.4911,29.6202,1.1291
tiny,chip_217_425_merged.tif,0.6,4,2147059310,117,28.1516,29.2805,1.1289
tiny,chip_217_425_merged.tif,0.8,0,1238087764,156,28.5429,29.1015,0.5586
tiny,chip_217_425_merged.tif,0.8,1,758142246,156,27.5496,28.9358,1.3862
tiny,chip_217_425_merged.tif,0.8,2,377535615,156,28.9654,29.4009,0.4355
tiny,chip_217_425_merged.tif,0.8,3,2045073745,156,28.5453,28.855,0.3097
tiny,chip_217_425_merged.tif,0.8,4,1664467114,156,28.5419,29.3007,0.7589
tiny,chip_218_293_merged.tif,0.2,0,21838838,39,34.9455,39.2307,4.2852
tiny,chip_218_293_merged.tif,0.2,1,1788715855,39,36.3617,40.3787,4.0171
tiny,chip_218_293_merged.tif,0.2,2,1308770337,39,39.2758,40.6661,1.3903
tiny,chip_218_293_merged.tif,0.2,3,928163706,39,35.016,41.2235,6.2074
tiny,chip_218_293_merged.tif,0.2,4,547557075,39,36.1951,41.2336,5.0385
tiny,chip_218_293_merged.tif,0.4,0,1155768290,78,36.5471,40.7187,4.1716
tiny,chip_218_293_merged.tif,0.4,1,775161659,78,36.5488,38.7112,2.1624
tiny,chip_218_293_merged.tif,0.4,2,295216141,78,37.4971,39.1753,1.6783
tiny,chip_218_293_merged.tif,0.4,3,2062093158,78,36.939,37.7402,0.8012
tiny,chip_218_293_merged.tif,0.4,4,1681486527,78,36.9405,40.4534,3.5129
tiny,chip_218_293_merged.tif,0.6,0,1265408946,117,35.1245,38.5237,3.3993
tiny,chip_218_293_merged.tif,0.6,1,884802315,117,34.0539,39.251,5.197
tiny,chip_218_293_merged.tif,0.6,2,404856797,117,33.8359,38.5782,4.7422
tiny,chip_218_293_merged.tif,0.6,3,24250166,117,35.0189,37.9795,2.9606
tiny,chip_218_293_merged.tif,0.6,4,1691788296,117,33.8728,38.8866,5.0138
tiny,chip_218_293_merged.tif,0.8,0,2077361535,156,33.8,36.7452,2.9452
tiny,chip_218_293_merged.tif,0.8,1,1696754904,156,33.7872,37.0796,3.2924
tiny,chip_218_293_merged.tif,0.8,2,1316148273,156,34.0932,38.4453,4.352
tiny,chip_218_293_merged.tif,0.8,3,836202755,156,35.2836,36.6453,1.3617
tiny,chip_218_293_merged.tif,0.8,4,455596124,156,33.8142,38.0176,4.2035
tiny,chip_218_306_merged.tif,0.2,0,112697141,39,33.4042,35.5934,2.1892
tiny,chip_218_306_merged.tif,0.2,1,1879574158,39,34.2862,35.3789,1.0927
tiny,chip_218_306_merged.tif,0.2,2,1399628640,39,32.4554,34.9116,2.4563
tiny,chip_218_306_merged.tif,0.2,3,1019022009,39,33.4031,35.1805,1.7774
tiny,chip_218_306_merged.tif,0.2,4,638415378,39,31.5004,35.0558,3.5553
tiny,chip_218_306_merged.tif,0.4,0,2099565456,78,31.9703,34.7568,2.7865
tiny,chip_218_306_merged.tif,0.4,1,1718958825,78,30.259,34.6062,4.3472
tiny,chip_218_306_merged.tif,0.4,2,1239013307,78,31.1728,35.2647,4.0919
tiny,chip_218_306_merged.tif,0.4,3,858406676,78,31.7448,34.4899,2.7451
tiny,chip_218_306_merged.tif,0.4,4,378461158,78,30.2612,34.9678,4.7067
tiny,chip_218_306_merged.tif,0.6,0,1356267249,117,31.5237,34.9332,3.4095
tiny,chip_218_306_merged.tif,0.6,1,975660618,117,32.4946,33.7301,1.2355
tiny,chip_218_306_merged.tif,0.6,2,495715100,117,32.0462,34.4419,2.3957
tiny,chip_218_306_merged.tif,0.6,3,115108469,117,32.0681,34.4531,2.385
tiny,chip_218_306_merged.tif,0.6,4,1782646599,117,31.3464,34.0778,2.7314
tiny,chip_218_306_merged.tif,0.8,0,873675053,156,30.9778,31.9354,0.9576
tiny,chip_218_306_merged.tif,0.8,1,493068422,156,31.5629,32.3939,0.8309
tiny,chip_218_306_merged.tif,0.8,2,13122904,156,31.5503,32.2674,0.7171
tiny,chip_218_306_merged.tif,0.8,3,1779999921,156,30.8277,33.0033,2.1755
tiny,chip_218_306_merged.tif,0.8,4,1399393290,156,31.0436,33.6916,2.6479
tiny,chip_218_423_merged.tif,0.2,0,1926787953,39,27.6504,32.0374,4.387
tiny,chip_218_423_merged.tif,0.2,1,1446842435,39,28.1852,33.4579,5.2727
tiny,chip_218_423_merged.tif,0.2,2,1066235804,39,30.858,32.7522,1.8942
tiny,chip_218_423_merged.tif,0.2,3,586290286,39,29.1154,33.0061,3.8906
tiny,chip_218_423_merged.tif,0.2,4,205683655,39,30.3036,32.7799,2.4763
tiny,chip_218_423_merged.tif,0.4,0,861512883,78,29.7586,32.5041,2.7455
tiny,chip_218_423_merged.tif,0.4,1,480906252,78,30.6076,32.1331,1.5255
tiny,chip_218_423_merged.tif,0.4,2,960734,78,29.7245,32.2761,2.5516
tiny,chip_218_423_merged.tif,0.4,3,1767837751,78,30.8064,32.2778,1.4714
tiny,chip_218_423_merged.tif,0.4,4,1287892233,78,30.4092,32.4825,2.0732
tiny,chip_218_423_merged.tif,0.6,0,923535526,117,29.9691,30.2373,0.2682
tiny,chip_218_423_merged.tif,0.6,1,542928895,117,29.4961,31.0683,1.5722
tiny,chip_218_423_merged.tif,0.6,2,162322264,117,28.7775,30.629,1.8515
tiny,chip_218_423_merged.tif,0.6,3,1829860394,117,29.5169,30.0509,0.5341
tiny,chip_218_423_merged.tif,0.6,4,1449253763,117,29.5033,30.2764,0.7731
tiny,chip_218_423_merged.tif,0.8,0,540282217,156,28.4658,30.4467,1.9809
tiny,chip_218_423_merged.tif,0.8,1,60336699,156,27.8437,30.1029,2.2592
tiny,chip_218_423_merged.tif,0.8,2,1827213716,156,29.496,30.444,0.948
tiny,chip_218_423_merged.tif,0.8,3,1347268198,156,28.4768,29.4611,0.9843
tiny,chip_218_423_merged.tif,0.8,4,966661567,156,29.4833,29.9158,0.4324
tiny,chip_218_437_merged.tif,0.2,0,652607579,39,36.9049,38.651,1.7461
tiny,chip_218_437_merged.tif,0.2,1,272000948,39,36.5444,38.2046,1.6602
tiny,chip_218_437_merged.tif,0.2,2,2038877965,39,37.1755,38.4061,1.2306
tiny,chip_218_437_merged.tif,0.2,3,1558932447,39,37.8866,38.2512,0.3646
tiny,chip_218_437_merged.tif,0.2,4,1178325816,39,37.8191,37.9581,0.139
tiny,chip_218_437_merged.tif,0.4,0,1834155044,78,37.7636,37.5487,-0.2149
tiny,chip_218_437_merged.tif,0.4,1,1453548413,78,36.8816,37.6039,0.7223
tiny,chip_218_437_merged.tif,0.4,2,973602895,78,37.2076,38.5288,1.3212
tiny,chip_218_437_merged.tif,0.4,3,592996264,78,36.9295,37.6597,0.7302
tiny,chip_218_437_merged.tif,0.4,4,113050746,78,37.2574,37.8045,0.5471
tiny,chip_218_437_merged.tif,0.6,0,1896177687,117,37.2835,37.8095,0.526
tiny,chip_218_437_merged.tif,0.6,1,1515571056,117,36.7991,37.1112,0.3121
tiny,chip_218_437_merged.tif,0.6,2,1035625538,117,37.181,37.2709,0.09
tiny,chip_218_437_merged.tif,0.6,3,655018907,117,36.763,37.5296,0.7666
tiny,chip_218_437_merged.tif,0.6,4,274412276,117,37.2943,37.4422,0.1479
tiny,chip_218_437_merged.tif,0.8,0,1413585491,156,36.8428,36.7673,-0.0755
tiny,chip_218_437_merged.tif,0.8,1,1032978860,156,36.8012,36.8559,0.0547
tiny,chip_218_437_merged.tif,0.8,2,652372229,156,37.011,37.1049,0.0939
tiny,chip_218_437_merged.tif,0.8,3,172426711,156,36.3227,36.7279,0.4052
tiny,chip_218_437_merged.tif,0.8,4,1939303728,156,37.0074,37.2643,0.2569
tiny,chip_219_333_merged.tif,0.2,0,1766220027,39,31.1187,34.0517,2.933
tiny,chip_219_333_merged.tif,0.2,1,1286274509,39,31.0958,33.5521,2.4563
tiny,chip_219_333_merged.tif,0.2,2,905667878,39,32.5289,33.2868,0.7579
tiny,chip_219_333_merged.tif,0.2,3,525061247,39,29.8357,33.1661,3.3304
tiny,chip_219_333_merged.tif,0.2,4,45115729,39,29.6745,34.198,4.5235
tiny,chip_219_333_merged.tif,0.4,0,700944957,78,29.8162,33.2909,3.4748
tiny,chip_219_333_merged.tif,0.4,1,320338326,78,30.5823,32.8974,2.3151
tiny,chip_219_333_merged.tif,0.4,2,2087215343,78,29.9674,32.2497,2.2824
tiny,chip_219_333_merged.tif,0.4,3,1607269825,78,31.5101,32.7623,1.2522
tiny,chip_219_333_merged.tif,0.4,4,1226663194,78,29.9523,32.3494,2.397
tiny,chip_219_333_merged.tif,0.6,0,2105130398,117,30.7296,32.1573,1.4277
tiny,chip_219_333_merged.tif,0.6,1,1724523767,117,30.641,31.5563,0.9154
tiny,chip_219_333_merged.tif,0.6,2,1343917136,117,30.1425,31.6985,1.556
tiny,chip_219_333_merged.tif,0.6,3,863971618,117,30.5636,31.8014,1.2378
tiny,chip_219_333_merged.tif,0.6,4,483364987,117,30.3197,31.7457,1.426
tiny,chip_219_333_merged.tif,0.8,0,1721877089,156,29.817,31.199,1.382
tiny,chip_219_333_merged.tif,0.8,1,1241931571,156,29.6367,31.0246,1.3879
tiny,chip_219_333_merged.tif,0.8,2,861324940,156,29.9504,30.5574,0.607
tiny,chip_219_333_merged.tif,0.8,3,381379422,156,29.9229,31.0346,1.1117
tiny,chip_219_333_merged.tif,0.8,4,772791,156,30.5377,29.9354,-0.6023
tiny,chip_219_603_merged.tif,0.2,0,1916114929,39,32.1015,32.5939,0.4925
tiny,chip_219_603_merged.tif,0.2,1,1436169411,39,32.9276,33.0646,0.137
tiny,chip_219_603_merged.tif,0.2,2,1055562780,39,32.6036,32.9442,0.3406
tiny,chip_219_603_merged.tif,0.2,3,575617262,39,30.3869,32.5978,2.2108
tiny,chip_219_603_merged.tif,0.2,4,195010631,39,32.4655,33.0505,0.5851
tiny,chip_219_603_merged.tif,0.4,0,850839859,78,30.662,32.6246,1.9626
tiny,chip_219_603_merged.tif,0.4,1,470233228,78,32.7711,32.7586,-0.0125
tiny,chip_219_603_merged.tif,0.4,2,2137771358,78,30.0734,32.7399,2.6665
tiny,chip_219_603_merged.tif,0.4,3,1757164727,78,31.8868,31.7721,-0.1146
tiny,chip_219_603_merged.tif,0.4,4,1277219209,78,30.6598,32.2993,1.6396
tiny,chip_219_603_merged.tif,0.6,0,912862502,117,30.4652,32.417,1.9518
tiny,chip_219_603_merged.tif,0.6,1,532255871,117,31.6838,31.9019,0.2182
tiny,chip_219_603_merged.tif,0.6,2,151649240,117,30.9686,32.0056,1.037
tiny,chip_219_603_merged.tif,0.6,3,1819187370,117,30.6145,32.0439,1.4294
tiny,chip_219_603_merged.tif,0.6,4,1438580739,117,30.1793,32.334,2.1547
tiny,chip_219_603_merged.tif,0.8,0,529609193,156,30.8116,31.4651,0.6535
tiny,chip_219_603_merged.tif,0.8,1,49663675,156,31.26,31.5146,0.2547
tiny,chip_219_603_merged.tif,0.8,2,1816540692,156,30.3714,31.6461,1.2747
tiny,chip_219_603_merged.tif,0.8,3,1336595174,156,30.6757,31.79,1.1142
tiny,chip_219_603_merged.tif,0.8,4,955988543,156,31.2604,31.473,0.2126
tiny,chip_220_184_merged.tif,0.2,0,713419856,39,33.8305,38.2735,4.443
tiny,chip_220_184_merged.tif,0.2,1,332813225,39,33.8599,36.8739,3.014
tiny,chip_220_184_merged.tif,0.2,2,2000351355,39,33.7186,36.9282,3.2096
tiny,chip_220_184_merged.tif,0.2,3,1619744724,39,32.5068,35.3153,2.8084
tiny,chip_220_184_merged.tif,0.2,4,1139799206,39,33.6294,37.3098,3.6804
tiny,chip_220_184_merged.tif,0.4,0,552804523,78,30.8951,33.2321,2.337
tiny,chip_220_184_merged.tif,0.4,1,72859005,78,30.8942,37.0132,6.119
tiny,chip_220_184_merged.tif,0.4,2,1839736022,78,32.1052,35.7303,3.6252
tiny,chip_220_184_merged.tif,0.4,3,1459129391,78,30.8959,36.442,5.5461
tiny,chip_220_184_merged.tif,0.4,4,979183873,78,33.9941,36.9117,2.9177
tiny,chip_220_184_merged.tif,0.6,0,1956989964,117,31.503,35.9773,4.4743
tiny,chip_220_184_merged.tif,0.6,1,1477044446,117,31.4314,35.6129,4.1815
tiny,chip_220_184_merged.tif,0.6,2,1096437815,117,31.245,35.9539,4.7089
tiny,chip_220_184_merged.tif,0.6,3,715831184,117,31.4319,35.7796,4.3477
tiny,chip_220_184_merged.tif,0.6,4,235885666,117,32.1043,35.1254,3.0212
tiny,chip_220_184_merged.tif,0.8,0,1474397768,156,30.9454,33.2298,2.2844
tiny,chip_220_184_merged.tif,0.8,1,1093791137,156,32.3928,32.9039,0.5111
tiny,chip_220_184_merged.tif,0.8,2,613845619,156,32.2003,33.6297,1.4294
tiny,chip_220_184_merged.tif,0.8,3,233238988,156,31.6723,33.5633,1.891
tiny,chip_220_184_merged.tif,0.8,4,1900777118,156,32.4979,32.5481,0.0502
tiny,chip_220_257_merged.tif,0.2,0,1968218447,39,28.2085,34.985,6.7765
tiny,chip_220_257_merged.tif,0.2,1,1587611816,39,28.2124,35.0041,6.7917
tiny,chip_220_257_merged.tif,0.2,2,1107666298,39,36.2123,35.6997,-0.5127
tiny,chip_220_257_merged.tif,0.2,3,727059667,39,28.2091,34.6479,6.4388
tiny,chip_220_257_merged.tif,0.2,4,247114149,39,30.43,32.9825,2.5526
tiny,chip_220_257_merged.tif,0.4,0,902943377,78,28.3708,33.3209,4.9501
tiny,chip_220_257_merged.tif,0.4,1,522336746,78,29.8342,32.3465,2.5122
tiny,chip_220_257_merged.tif,0.4,2,141730115,78,29.7606,32.7929,3.0323
tiny,chip_220_257_merged.tif,0.4,3,1809268245,78,28.6288,33.3554,4.7266
tiny,chip_220_257_merged.tif,0.4,4,1428661614,78,28.63,34.0389,5.4089
tiny,chip_220_257_merged.tif,0.6,0,1064304907,117,30.313,32.0334,1.7203
tiny,chip_220_257_merged.tif,0.6,1,584359389,117,30.2906,33.1853,2.8947
tiny,chip_220_257_merged.tif,0.6,2,203752758,117,29.0818,31.8512,2.7694
tiny,chip_220_257_merged.tif,0.6,3,1871290888,117,29.0725,31.9678,2.8953
tiny,chip_220_257_merged.tif,0.6,4,1490684257,117,29.052,31.3186,2.2667
tiny,chip_220_257_merged.tif,0.8,0,581712711,156,29.886,30.8866,1.0006
tiny,chip_220_257_merged.tif,0.8,1,201106080,156,29.9378,31.7839,1.8461
tiny,chip_220_257_merged.tif,0.8,2,1868644210,156,29.8763,31.5621,1.6859
tiny,chip_220_257_merged.tif,0.8,3,1488037579,156,29.4631,31.1032,1.6401
tiny,chip_220_257_merged.tif,0.8,4,1008092061,156,29.8813,32.0306,2.1493
tiny,chip_220_306_merged.tif,0.2,0,619737285,39,30.8816,34.7626,3.881
tiny,chip_220_306_merged.tif,0.2,1,239130654,39,31.5949,33.7016,2.1067
tiny,chip_220_306_merged.tif,0.2,2,1906668784,39,27.5733,33.9013,6.3281
tiny,chip_220_306_merged.tif,0.2,3,1526062153,39,29.4225,33.9368,4.5143
tiny,chip_220_306_merged.tif,0.2,4,1046116635,39,31.8232,33.2994,1.4762
tiny,chip_220_306_merged.tif,0.4,0,1701945863,78,29.0863,32.5131,3.4268
tiny,chip_220_306_merged.tif,0.4,1,1321339232,78,28.495,33.0943,4.5992
tiny,chip_220_306_merged.tif,0.4,2,940732601,78,29.0171,32.5675,3.5505
tiny,chip_220_306_merged.tif,0.4,3,460787083,78,28.9297,32.3817,3.452
tiny,chip_220_306_merged.tif,0.4,4,80180452,78,27.3473,33.4262,6.0789
tiny,chip_220_306_merged.tif,0.6,0,1057986543,117,29.2059,31.2927,2.0868
tiny,chip_220_306_merged.tif,0.6,1,578041025,117,29.2912,31.3268,2.0356
tiny,chip_220_306_merged.tif,0.6,2,197434394,117,28.9536,30.337,1.3834
tiny,chip_220_306_merged.tif,0.6,3,1864972524,117,28.6657,31.5228,2.8571
tiny,chip_220_306_merged.tif,0.6,4,1484365893,117,28.0338,30.8996,2.8658
tiny,chip_220_306_merged.tif,0.8,0,575394347,156,27.0235,29.5148,2.4913
tiny,chip_220_306_merged.tif,0.8,1,95448829,156,27.564,30.2237,2.6597
tiny,chip_220_306_merged.tif,0.8,2,1862325846,156,29.0758,28.7897,-0.2861
tiny,chip_220_306_merged.tif,0.8,3,1382380328,156,29.083,30.5656,1.4826
tiny,chip_220_306_merged.tif,0.8,4,1001773697,156,27.0401,29.8035,2.7634
tiny,chip_220_333_merged.tif,0.2,0,1897973062,39,30.8033,33.6578,2.8546
tiny,chip_220_333_merged.tif,0.2,1,1517366431,39,32.8464,33.409,0.5626
tiny,chip_220_333_merged.tif,0.2,2,1037420913,39,31.2418,34.4149,3.1731
tiny,chip_220_333_merged.tif,0.2,3,656814282,39,31.2433,34.3829,3.1396
tiny,chip_220_333_merged.tif,0.2,4,276207651,39,31.5476,35.0816,3.534
tiny,chip_220_333_merged.tif,0.4,0,1737357729,78,29.9034,33.3027,3.3993
tiny,chip_220_333_merged.tif,0.4,1,1356751098,78,31.2184,33.3709,2.1525
tiny,chip_220_333_merged.tif,0.4,2,876805580,78,31.2182,33.3733,2.1551
tiny,chip_220_333_merged.tif,0.4,3,496198949,78,31.1142,33.2089,2.0947
tiny,chip_220_333_merged.tif,0.4,4,16253431,78,31.5575,33.9191,2.3617
tiny,chip_220_333_merged.tif,0.6,0,994059522,117,31.1783,32.5896,1.4114
tiny,chip_220_333_merged.tif,0.6,1,613452891,117,31.1192,33.0399,1.9208
tiny,chip_220_333_merged.tif,0.6,2,133507373,117,31.2857,32.2903,1.0046
tiny,chip_220_333_merged.tif,0.6,3,1900384390,117,31.2194,32.8873,1.6678
tiny,chip_220_333_merged.tif,0.6,4,1420438872,117,30.0449,33.0771,3.0322
tiny,chip_220_333_merged.tif,0.8,0,511467326,156,31.0844,31.3303,0.2459
tiny,chip_220_333_merged.tif,0.8,1,130860695,156,30.246,31.3881,1.1422
tiny,chip_220_333_merged.tif,0.8,2,1798398825,156,30.2821,30.6376,0.3555
tiny,chip_220_333_merged.tif,0.8,3,1417792194,156,30.2985,31.773,1.4745
tiny,chip_220_333_merged.tif,0.8,4,1037185563,156,31.094,31.8132,0.7192
tiny,chip_221_316_merged.tif,0.2,0,639671884,39,37.9158,38.2442,0.3284
tiny,chip_221_316_merged.tif,0.2,1,159726366,39,36.6211,38.711,2.0899
tiny,chip_221_316_merged.tif,0.2,2,1926603383,39,35.7155,38.0994,2.3839
tiny,chip_221_316_merged.tif,0.2,3,1446657865,39,36.5684,38.9559,2.3875
tiny,chip_221_316_merged.tif,0.2,4,1066051234,39,37.3732,37.7578,0.3845
tiny,chip_221_316_merged.tif,0.4,0,379717664,78,36.5297,38.1821,1.6524
tiny,chip_221_316_merged.tif,0.4,1,2146594681,78,36.4833,38.3474,1.8641
tiny,chip_221_316_merged.tif,0.4,2,1666649163,78,36.3418,37.724,1.3822
tiny,chip_221_316_merged.tif,0.4,3,1286042532,78,36.3463,36.5369,0.1906
tiny,chip_221_316_merged.tif,0.4,4,905435901,78,36.6227,38.22,1.5973
tiny,chip_221_316_merged.tif,0.6,0,1783903105,117,36.3162,36.3892,0.073
tiny,chip_221_316_merged.tif,0.6,1,1403296474,117,35.6623,37.7163,2.054
tiny,chip_221_316_merged.tif,0.6,2,923350956,117,36.1617,37.709,1.5473
tiny,chip_221_316_merged.tif,0.6,3,542744325,117,35.9212,37.2965,1.3754
tiny,chip_221_316_merged.tif,0.6,4,162137694,117,36.2106,37.4284,1.2178
tiny,chip_221_316_merged.tif,0.8,0,1400649796,156,35.7891,36.8268,1.0377
tiny,chip_221_316_merged.tif,0.8,1,920704278,156,35.8838,36.0441,0.1603
tiny,chip_221_316_merged.tif,0.8,2,540097647,156,36.0255,36.3713,0.3458
tiny,chip_221_316_merged.tif,0.8,3,60152129,156,36.144,36.7606,0.6166
tiny,chip_221_316_merged.tif,0.8,4,1827029146,156,35.8769,36.4724,0.5955
tiny,chip_222_314_merged.tif,0.2,0,1268246452,39,36.201,39.0661,2.8651
tiny,chip_222_314_merged.tif,0.2,1,887639821,39,33.5041,38.3167,4.8126
tiny,chip_222_314_merged.tif,0.2,2,407694303,39,33.853,38.729,4.876
tiny,chip_222_314_merged.tif,0.2,3,27087672,39,37.2377,38.6472,1.4095
tiny,chip_222_314_merged.tif,0.2,4,1793964689,39,35.1312,38.3625,3.2313
tiny,chip_222_314_merged.tif,0.4,0,302310269,78,36.8028,37.8805,1.0776
tiny,chip_222_314_merged.tif,0.4,1,1969848399,78,36.7291,37.9567,1.2276
tiny,chip_222_314_merged.tif,0.4,2,1589241768,78,35.6964,37.7466,2.0502
tiny,chip_222_314_merged.tif,0.4,3,1208635137,78,36.7294,37.3694,0.64
tiny,chip_222_314_merged.tif,0.4,4,728689619,78,36.2831,38.2502,1.967
tiny,chip_222_314_merged.tif,0.6,0,364332912,117,35.8885,37.5245,1.636
tiny,chip_222_314_merged.tif,0.6,1,2131209929,117,34.7953,37.0099,2.2147
tiny,chip_222_314_merged.tif,0.6,2,1651264411,117,35.8706,37.685,1.8144
tiny,chip_222_314_merged.tif,0.6,3,1270657780,117,36.4027,37.6299,1.2272
tiny,chip_222_314_merged.tif,0.6,4,790712262,117,35.8795,36.9322,1.0527
tiny,chip_222_314_merged.tif,0.8,0,2029224364,156,34.8848,36.4891,1.6042
tiny,chip_222_314_merged.tif,0.8,1,1648617733,156,34.8738,35.7223,0.8485
tiny,chip_222_314_merged.tif,0.8,2,1168672215,156,35.1322,36.5774,1.4451
tiny,chip_222_314_merged.tif,0.8,3,788065584,156,35.2843,36.2993,1.015
tiny,chip_222_314_merged.tif,0.8,4,407458953,156,35.2989,35.4534,0.1546
tiny,chip_222_369_merged.tif,0.2,0,804100505,39,32.1667,34.7879,2.6212
tiny,chip_222_369_merged.tif,0.2,1,324154987,39,32.5836,34.532,1.9484
tiny,chip_222_369_merged.tif,0.2,2,2091032004,39,31.9445,33.6937,1.7491
tiny,chip_222_369_merged.tif,0.2,3,1611086486,39,32.2987,34.5803,2.2816
tiny,chip_222_369_merged.tif,0.2,4,1230479855,39,32.5659,35.0603,2.4945
tiny,chip_222_369_merged.tif,0.4,0,544146285,78,33.0216,34.1721,1.1506
tiny,chip_222_369_merged.tif,0.4,1,163539654,78,32.4015,34.3283,1.9269
tiny,chip_222_369_merged.tif,0.4,2,1831077784,78,32.2774,32.9222,0.6448
tiny,chip_222_369_merged.tif,0.4,3,1450471153,78,31.8403,34.0788,2.2385
tiny,chip_222_369_merged.tif,0.4,4,1069864522,78,32.6173,33.7468,1.1296
tiny,chip_222_369_merged.tif,0.6,0,1948331726,117,32.6686,33.5726,0.904
tiny,chip_222_369_merged.tif,0.6,1,1567725095,117,32.6731,33.2475,0.5744
tiny,chip_222_369_merged.tif,0.6,2,1087779577,117,32.8415,33.2899,0.4484
tiny,chip_222_369_merged.tif,0.6,3,707172946,117,31.6543,33.5593,1.905
tiny,chip_222_369_merged.tif,0.6,4,326566315,117,31.4924,33.9409,2.4485
tiny,chip_222_369_merged.tif,0.8,0,1565078417,156,31.8156,32.1901,0.3745
tiny,chip_222_369_merged.tif,0.8,1,1085132899,156,31.7886,32.6486,0.8601
tiny,chip_222_369_merged.tif,0.8,2,704526268,156,31.8646,31.9844,0.1199
tiny,chip_222_369_merged.tif,0.8,3,224580750,156,31.3465,32.8252,1.4787
tiny,chip_222_369_merged.tif,0.8,4,1991457767,156,31.6605,32.5428,0.8823
tiny,chip_223_311_merged.tif,0.2,0,866470165,39,29.6587,34.5124,4.8537
tiny,chip_223_311_merged.tif,0.2,1,386524647,39,27.6316,33.5802,5.9486
tiny,chip_223_311_merged.tif,0.2,2,5918016,39,33.3533,33.676,0.3227
tiny,chip_223_311_merged.tif,0.2,3,1772795033,39,30.4019,33.097,2.6951
tiny,chip_223_311_merged.tif,0.2,4,1292849515,39,27.5719,34.1698,6.5979
tiny,chip_223_311_merged.tif,0.4,0,705854832,78,28.5955,34.2257,5.6303
tiny,chip_223_311_merged.tif,0.4,1,225909314,78,29.3744,33.4618,4.0874
tiny,chip_223_311_merged.tif,0.4,2,1992786331,78,29.3763,33.2748,3.8985
tiny,chip_223_311_merged.tif,0.4,3,1512840813,78,27.662,33.6975,6.0354
tiny,chip_223_311_merged.tif,0.4,4,1132234182,78,27.8867,33.74,5.8533
tiny,chip_223_311_merged.tif,0.6,0,2110040273,117,28.2948,33.5801,5.2853
tiny,chip_223_311_merged.tif,0.6,1,1630094755,117,27.5281,32.9636,5.4355
tiny,chip_223_311_merged.tif,0.6,2,1249488124,117,28.4816,32.7373,4.2558
tiny,chip_223_311_merged.tif,0.6,3,769542606,117,28.4584,32.8294,4.371
tiny,chip_223_311_merged.tif,0.6,4,388935975,117,27.7519,32.7464,4.9944
tiny,chip_223_311_merged.tif,0.8,0,1627448077,156,28.3033,31.2642,2.9609
tiny,chip_223_311_merged.tif,0.8,1,1147502559,156,28.272,30.7044,2.4324
tiny,chip_223_311_merged.tif,0.8,2,766895928,156,27.4007,31.3765,3.9759
tiny,chip_223_311_merged.tif,0.8,3,386289297,156,28.9815,29.8068,0.8253
tiny,chip_223_311_merged.tif,0.8,4,2053827427,156,28.2738,29.7205,1.4467
tiny,chip_223_483_merged.tif,0.2,0,859421429,39,32.7967,35.1043,2.3077
tiny,chip_223_483_merged.tif,0.2,1,478814798,39,33.2199,35.0111,1.7912
tiny,chip_223_483_merged.tif,0.2,2,98208167,39,33.1658,35.6642,2.4985
tiny,chip_223_483_merged.tif,0.2,3,1765746297,39,32.9643,35.4569,2.4925
tiny,chip_223_483_merged.tif,0.2,4,1385139666,39,33.0621,34.9096,1.8475
tiny,chip_223_483_merged.tif,0.4,0,698806096,78,33.7513,34.6805,0.9291
tiny,chip_223_483_merged.tif,0.4,1,318199465,78,32.4457,34.6828,2.2371
tiny,chip_223_483_merged.tif,0.4,2,1985737595,78,32.2642,34.7905,2.5263
tiny,chip_223_483_merged.tif,0.4,3,1605130964,78,34.1019,34.468,0.3661
tiny,chip_223_483_merged.tif,0.4,4,1125185446,78,32.4463,35.1781,2.7319
tiny,chip_223_483_merged.tif,0.6,0,2102991537,117,32.9718,34.2151,1.2433
tiny,chip_223_483_merged.tif,0.6,1,1722384906,117,32.9507,33.6892,0.7386
tiny,chip_223_483_merged.tif,0.6,2,1242439388,117,32.6609,34.0597,1.3987
tiny,chip_223_483_merged.tif,0.6,3,861832757,117,32.9583,34.1224,1.1641
tiny,chip_223_483_merged.tif,0.6,4,481226126,117,32.7082,34.2626,1.5543
tiny,chip_223_483_merged.tif,0.8,0,1620399341,156,32.5416,32.8555,0.3139
tiny,chip_223_483_merged.tif,0.8,1,1239792710,156,32.6403,33.6326,0.9923
tiny,chip_223_483_merged.tif,0.8,2,859186079,156,32.7572,33.5872,0.83
tiny,chip_223_483_merged.tif,0.8,3,379240561,156,32.7803,33.4141,0.6338
tiny,chip_223_483_merged.tif,0.8,4,2146117578,156,32.6491,33.1047,0.4556
tiny,chip_223_491_merged.tif,0.2,0,58374606,39,34.2287,35.2005,0.9718
tiny,chip_223_491_merged.tif,0.2,1,1725912736,39,30.6714,35.2744,4.603
tiny,chip_223_491_merged.tif,0.2,2,1345306105,39,34.3547,34.8682,0.5135
tiny,chip_223_491_merged.tif,0.2,3,865360587,39,34.46,35.5203,1.0603
tiny,chip_223_491_merged.tif,0.2,4,484753956,39,33.99,36.343,2.3531
tiny,chip_223_491_merged.tif,0.4,0,1945904034,78,30.6026,35.5035,4.9009
tiny,chip_223_491_merged.tif,0.4,1,1565297403,78,34.4034,35.8201,1.4167
tiny,chip_223_491_merged.tif,0.4,2,1085351885,78,33.7474,34.4473,0.6999
tiny,chip_223_491_merged.tif,0.4,3,704745254,78,33.8812,35.4204,1.5392
tiny,chip_223_491_merged.tif,0.4,4,324138623,78,33.0269,34.8896,1.8627
tiny,chip_223_491_merged.tif,0.6,0,1202605827,117,32.6132,34.5431,1.9299
tiny,chip_223_491_merged.tif,0.6,1,821999196,117,31.4935,35.2311,3.7376
tiny,chip_223_491_merged.tif,0.6,2,441392565,117,33.2955,34.6749,1.3794
tiny,chip_223_491_merged.tif,0.6,3,2108930695,117,32.6297,34.7915,2.1618
tiny,chip_223_491_merged.tif,0.6,4,1728324064,117,33.8099,34.6613,0.8514
tiny,chip_223_491_merged.tif,0.8,0,819352518,156,32.6148,33.3482,0.7334
tiny,chip_223_491_merged.tif,0.8,1,339407000,156,31.2065,33.8818,2.6752
tiny,chip_223_491_merged.tif,0.8,2,2106284017,156,31.9939,33.2884,1.2945
tiny,chip_223_491_merged.tif,0.8,3,1626338499,156,32.6255,33.5166,0.8911
tiny,chip_223_491_merged.tif,0.8,4,1245731868,156,32.7283,33.0232,0.2949
tiny,chip_224_326_merged.tif,0.2,0,963264328,39,34.9723,36.8351,1.8628
tiny,chip_224_326_merged.tif,0.2,1,582657697,39,35.596,36.2348,0.6388
tiny,chip_224_326_merged.tif,0.2,2,102712179,39,33.7795,37.0864,3.3069
tiny,chip_224_326_merged.tif,0.2,3,1869589196,39,34.7928,37.5402,2.7474
tiny,chip_224_326_merged.tif,0.2,4,1389643678,39,35.4465,36.7366,1.2901
tiny,chip_224_326_merged.tif,0.4,0,2045472906,78,34.2188,36.8694,2.6506
tiny,chip_224_326_merged.tif,0.4,1,1664866275,78,33.0766,37.0033,3.9267
tiny,chip_224_326_merged.tif,0.4,2,1284259644,78,33.2579,36.1957,2.9378
tiny,chip_224_326_merged.tif,0.4,3,804314126,78,34.5493,37.0259,2.4766
tiny,chip_224_326_merged.tif,0.4,4,423707495,78,35.0537,36.5192,1.4655
tiny,chip_224_326_merged.tif,0.6,0,59350788,117,34.3269,35.5437,1.2169
tiny,chip_224_326_merged.tif,0.6,1,1726888918,117,34.4948,36.1692,1.6744
tiny,chip_224_326_merged.tif,0.6,2,1346282287,117,33.5988,35.8644,2.2656
tiny,chip_224_326_merged.tif,0.6,3,866336769,117,34.7666,36.1411,1.3745
tiny,chip_224_326_merged.tif,0.6,4,485730138,117,34.3586,35.5343,1.1757
tiny,chip_224_326_merged.tif,0.8,0,1724242240,156,33.9499,34.8367,0.8867
tiny,chip_224_326_merged.tif,0.8,1,1343635609,156,33.6602,35.1332,1.4731
tiny,chip_224_326_merged.tif,0.8,2,863690091,156,33.8936,34.4278,0.5342
tiny,chip_224_326_merged.tif,0.8,3,483083460,156,33.6138,34.7719,1.1581
tiny,chip_224_326_merged.tif,0.8,4,3137942,156,33.6657,34.4946,0.8289
tiny,chip_224_439_merged.tif,0.2,0,860351006,39,33.6919,34.0447,0.3528
tiny,chip_224_439_merged.tif,0.2,1,380405488,39,34.1153,35.0673,0.952
tiny,chip_224_439_merged.tif,0.2,2,2147282505,39,32.3683,34.4048,2.0364
tiny,chip_224_439_merged.tif,0.2,3,1667336987,39,33.1307,33.7232,0.5925
tiny,chip_224_439_merged.tif,0.2,4,1286730356,39,32.9086,34.811,1.9023
tiny,chip_224_439_merged.tif,0.4,0,1942559584,78,32.4829,34.4802,1.9973
tiny,chip_224_439_merged.tif,0.4,1,1561952953,78,32.9483,33.9994,1.0512
tiny,chip_224_439_merged.tif,0.4,2,1082007435,78,33.5181,34.3989,0.8809
tiny,chip_224_439_merged.tif,0.4,3,701400804,78,33.6939,34.0036,0.3097
tiny,chip_224_439_merged.tif,0.4,4,221455286,78,30.2371,33.9294,3.6923
tiny,chip_224_439_merged.tif,0.6,0,1199261377,117,32.872,32.7967,-0.0753
tiny,chip_224_439_merged.tif,0.6,1,818654746,117,31.7818,33.7288,1.9471
tiny,chip_224_439_merged.tif,0.6,2,338709228,117,32.3931,33.2957,0.9026
tiny,chip_224_439_merged.tif,0.6,3,2105586245,117,33.4579,32.7982,-0.6598
tiny,chip_224_439_merged.tif,0.6,4,1625640727,117,29.0677,33.5962,4.5285
tiny,chip_224_439_merged.tif,0.8,0,716669181,156,32.4879,32.7991,0.3112
tiny,chip_224_439_merged.tif,0.8,1,336062550,156,30.3039,33.1791,2.8752
tiny,chip_224_439_merged.tif,0.8,2,2003600680,156,31.766,33.0838,1.3178
tiny,chip_224_439_merged.tif,0.8,3,1622994049,156,32.5576,32.2372,-0.3204
tiny,chip_224_439_merged.tif,0.8,4,1242387418,156,31.7985,31.8962,0.0977
tiny,chip_224_440_merged.tif,0.2,0,711695816,39,31.7723,35.8033,4.031
tiny,chip_224_440_merged.tif,0.2,1,231750298,39,34.8777,35.454,0.5763
tiny,chip_224_440_merged.tif,0.2,2,1998627315,39,32.1244,35.757,3.6326
tiny,chip_224_440_merged.tif,0.2,3,1518681797,39,35.0657,35.2735,0.2078
tiny,chip_224_440_merged.tif,0.2,4,1138075166,39,32.4197,34.399,1.9793
tiny,chip_224_440_merged.tif,0.4,0,1793904394,78,33.7155,34.8106,1.0951
tiny,chip_224_440_merged.tif,0.4,1,1413297763,78,33.7166,34.5386,0.822
tiny,chip_224_440_merged.tif,0.4,2,933352245,78,34.8136,34.72,-0.0935
tiny,chip_224_440_merged.tif,0.4,3,552745614,78,31.9346,34.816,2.8814
tiny,chip_224_440_merged.tif,0.4,4,72800096,78,34.812,34.7568,-0.0551
tiny,chip_224_440_merged.tif,0.6,0,1855927037,117,31.1095,34.122,3.0125
tiny,chip_224_440_merged.tif,0.6,1,1475320406,117,33.0881,33.8364,0.7482
tiny,chip_224_440_merged.tif,0.6,2,1094713775,117,33.6788,33.402,-0.2768
tiny,chip_224_440_merged.tif,0.6,3,614768257,117,31.1325,34.352,3.2194
tiny,chip_224_440_merged.tif,0.6,4,234161626,117,31.1092,34.2893,3.1801
tiny,chip_224_440_merged.tif,0.8,0,1472673728,156,32.796,33.5607,0.7647
tiny,chip_224_440_merged.tif,0.8,1,992728210,156,32.8224,33.7621,0.9397
tiny,chip_224_440_merged.tif,0.8,2,612121579,156,32.7966,33.3601,0.5635
tiny,chip_224_440_merged.tif,0.8,3,132176061,156,31.9014,33.6348,1.7333
tiny,chip_224_440_merged.tif,0.8,4,1899053078,156,32.9055,33.7919,0.8864
tiny,chip_225_357_merged.tif,0.2,0,1459113379,39,31.7201,33.5952,1.8752
tiny,chip_225_357_merged.tif,0.2,1,979167861,39,32.3204,34.6361,2.3156
tiny,chip_225_357_merged.tif,0.2,2,598561230,39,32.1005,34.5736,2.4731
tiny,chip_225_357_merged.tif,0.2,3,217954599,39,32.1324,33.5154,1.383
tiny,chip_225_357_merged.tif,0.2,4,1885492729,39,32.1301,34.2653,2.1352
tiny,chip_225_357_merged.tif,0.4,0,1298498046,78,31.0327,32.9096,1.8769
tiny,chip_225_357_merged.tif,0.4,1,818552528,78,31.0318,33.1257,2.0938
tiny,chip_225_357_merged.tif,0.4,2,437945897,78,31.7134,32.9064,1.193
tiny,chip_225_357_merged.tif,0.4,3,2105484027,78,31.0328,33.0993,2.0666
tiny,chip_225_357_merged.tif,0.4,4,1724877396,78,31.0361,33.0821,2.0459
tiny,chip_225_357_merged.tif,0.6,0,555199839,117,31.8892,32.9791,1.0899
tiny,chip_225_357_merged.tif,0.6,1,75254321,117,31.0678,33.0506,1.9828
tiny,chip_225_357_merged.tif,0.6,2,1842131338,117,31.6152,32.6902,1.0749
tiny,chip_225_357_merged.tif,0.6,3,1362185820,117,31.0503,32.7987,1.7484
tiny,chip_225_357_merged.tif,0.6,4,981579189,117,31.9252,33.0859,1.1607
tiny,chip_225_357_merged.tif,0.8,0,72607643,156,31.867,32.1046,0.2376
tiny,chip_225_357_merged.tif,0.8,1,1740145773,156,31.2055,32.0107,0.8052
tiny,chip_225_357_merged.tif,0.8,2,1359539142,156,30.7869,32.165,1.3781
tiny,chip_225_357_merged.tif,0.8,3,978932511,156,31.8864,31.9498,0.0635
tiny,chip_225_357_merged.tif,0.8,4,498986993,156,31.2319,32.2311,0.9992
tiny,chip_225_371_merged.tif,0.2,0,145437395,39,33.1021,33.7422,0.64
tiny,chip_225_371_merged.tif,0.2,1,1912314412,39,32.5456,34.0883,1.5427
tiny,chip_225_371_merged.tif,0.2,2,1432368894,39,32.512,33.7331,1.2211
tiny,chip_225_371_merged.tif,0.2,3,1051762263,39,32.9377,33.6041,0.6664
tiny,chip_225_371_merged.tif,0.2,4,571816745,39,32.1443,34.5254,2.3811
tiny,chip_225_371_merged.tif,0.4,0,2132305710,78,31.7281,33.6389,1.9109
tiny,chip_225_371_merged.tif,0.4,1,1652360192,78,31.6263,32.7917,1.1653
tiny,chip_225_371_merged.tif,0.4,2,1271753561,78,31.4075,33.259,1.8515
tiny,chip_225_371_merged.tif,0.4,3,891146930,78,31.702,33.9687,2.2667
tiny,chip_225_371_merged.tif,0.4,4,411201412,78,31.2492,32.7799,1.5307
tiny,chip_225_371_merged.tif,0.6,0,1389007503,117,30.7091,32.9773,2.2682
tiny,chip_225_371_merged.tif,0.6,1,909061985,117,31.5829,32.8538,1.2709
tiny,chip_225_371_merged.tif,0.6,2,528455354,117,31.5769,33.0732,1.4963
tiny,chip_225_371_merged.tif,0.6,3,147848723,117,31.1225,32.9513,1.8288
tiny,chip_225_371_merged.tif,0.6,4,1815386853,117,29.7825,33.2817,3.4992
tiny,chip_225_371_merged.tif,0.8,0,906415307,156,31.6393,32.4678,0.8285
tiny,chip_225_371_merged.tif,0.8,1,525808676,156,30.7065,32.4614,1.755
tiny,chip_225_371_merged.tif,0.8,2,45863158,156,31.6618,31.8149,0.1531
tiny,chip_225_371_merged.tif,0.8,3,1812740175,156,30.0522,31.7948,1.7426
tiny,chip_225_371_merged.tif,0.8,4,1332794657,156,30.9364,32.3024,1.366
tiny,chip_226_328_merged.tif,0.2,0,1797658838,39,36.6091,38.3057,1.6966
tiny,chip_226_328_merged.tif,0.2,1,1417052207,39,37.3824,37.7638,0.3815
tiny,chip_226_328_merged.tif,0.2,2,937106689,39,36.9922,37.9936,1.0013
tiny,chip_226_328_merged.tif,0.2,3,556500058,39,36.9262,38.7825,1.8563
tiny,chip_226_328_merged.tif,0.2,4,175893427,39,35.6969,37.005,1.3082
tiny,chip_226_328_merged.tif,0.4,0,831722655,78,36.1494,37.7956,1.6462
tiny,chip_226_328_merged.tif,0.4,1,351777137,78,36.5355,37.9892,1.4537
tiny,chip_226_328_merged.tif,0.4,2,2118654154,78,36.2834,38.0824,1.799
tiny,chip_226_328_merged.tif,0.4,3,1738047523,78,36.7364,38.0624,1.326
tiny,chip_226_328_merged.tif,0.4,4,1258102005,78,36.1499,37.9313,1.7814
tiny,chip_226_328_merged.tif,0.6,0,893745298,117,35.8024,37.645,1.8425
tiny,chip_226_328_merged.tif,0.6,1,513138667,117,35.73,37.7719,2.0419
tiny,chip_226_328_merged.tif,0.6,2,33193149,117,35.9049,37.8245,1.9196
tiny,chip_226_328_merged.tif,0.6,3,1800070166,117,35.9376,37.1461,1.2085
tiny,chip_226_328_merged.tif,0.6,4,1320124648,117,35.779,37.2037,1.4247
tiny,chip_226_328_merged.tif,0.8,0,411153102,156,35.6087,35.9635,0.3548
tiny,chip_226_328_merged.tif,0.8,1,30546471,156,35.7931,36.3163,0.5232
tiny,chip_226_328_merged.tif,0.8,2,1698084601,156,35.8108,36.3052,0.4944
tiny,chip_226_328_merged.tif,0.8,3,1317477970,156,36.1162,37.197,1.0808
tiny,chip_226_328_merged.tif,0.8,4,936871339,156,36.1078,36.6925,0.5846
tiny,chip_227_293_merged.tif,0.2,0,1621270196,39,32.34,37.3461,5.0061
tiny,chip_227_293_merged.tif,0.2,1,1141324678,39,30.5707,36.7582,6.1875
tiny,chip_227_293_merged.tif,0.2,2,760718047,39,32.579,36.2359,3.6569
tiny,chip_227_293_merged.tif,0.2,3,380111416,39,29.4239,37.8133,8.3895
tiny,chip_227_293_merged.tif,0.2,4,2047649546,39,30.3664,37.2766,6.9101
tiny,chip_227_293_merged.tif,0.4,0,555995126,78,30.1135,36.2775,6.164
tiny,chip_227_293_merged.tif,0.4,1,175388495,78,31.6322,35.6617,4.0295
tiny,chip_227_293_merged.tif,0.4,2,1842926625,78,31.1658,36.5822,5.4164
tiny,chip_227_293_merged.tif,0.4,3,1462319994,78,30.077,36.6978,6.6208
tiny,chip_227_293_merged.tif,0.4,4,1081713363,78,30.1078,34.7144,4.6066
tiny,chip_227_293_merged.tif,0.6,0,1960180567,117,28.9534,35.571,6.6176
tiny,chip_227_293_merged.tif,0.6,1,1579573936,117,28.4918,34.9725,6.4807
tiny,chip_227_293_merged.tif,0.6,2,1099628418,117,28.9546,34.6823,5.7277
tiny,chip_227_293_merged.tif,0.6,3,719021787,117,28.3977,35.7087,7.3111
tiny,chip_227_293_merged.tif,0.6,4,338415156,117,29.9441,34.987,5.0429
tiny,chip_227_293_merged.tif,0.8,0,1576927258,156,29.1765,32.4083,3.2318
tiny,chip_227_293_merged.tif,0.8,1,1096981740,156,29.0662,31.953,2.8868
tiny,chip_227_293_merged.tif,0.8,2,716375109,156,28.9658,31.6352,2.6693
tiny,chip_227_293_merged.tif,0.8,3,236429591,156,29.2583,32.2304,2.9721
tiny,chip_227_293_merged.tif,0.8,4,2003306608,156,29.2677,32.7048,3.4371
tiny,chip_228_314_merged.tif,0.2,0,804452164,39,30.2855,35.5494,5.2639
tiny,chip_228_314_merged.tif,0.2,1,423845533,39,33.7317,36.2121,2.4803
tiny,chip_228_314_merged.tif,0.2,2,2091383663,39,31.0424,35.7245,4.6821
tiny,chip_228_314_merged.tif,0.2,3,1710777032,39,31.0501,36.5401,5.49
tiny,chip_228_314_merged.tif,0.2,4,1230831514,39,34.4197,34.2864,-0.1334
tiny,chip_228_314_merged.tif,0.4,0,1886660742,78,29.4458,34.7028,5.257
tiny,chip_228_314_merged.tif,0.4,1,1506054111,78,29.7017,35.5289,5.8271
tiny,chip_228_314_merged.tif,0.4,2,1125447480,78,26.5549,31.6406,5.0856
tiny,chip_228_314_merged.tif,0.4,3,645501962,78,30.0692,33.3757,3.3066
tiny,chip_228_314_merged.tif,0.4,4,264895331,78,30.0694,34.9562,4.8868
tiny,chip_228_314_merged.tif,0.6,0,2048022272,117,28.761,33.3353,4.5743
tiny,chip_228_314_merged.tif,0.6,1,1568076754,117,28.7492,31.6251,2.8759
tiny,chip_228_314_merged.tif,0.6,2,1187470123,117,29.1854,33.1435,3.9581
tiny,chip_228_314_merged.tif,0.6,3,707524605,117,29.0976,34.3287,5.2311
tiny,chip_228_314_merged.tif,0.6,4,326917974,117,29.8145,32.473,2.6585
tiny,chip_228_314_merged.tif,0.8,0,1565430076,156,27.8088,32.1624,4.3536
tiny,chip_228_314_merged.tif,0.8,1,1085484558,156,27.9986,32.2264,4.2278
tiny,chip_228_314_merged.tif,0.8,2,704877927,156,27.8256,30.2966,2.471
tiny,chip_228_314_merged.tif,0.8,3,324271296,156,28.3215,32.9411,4.6196
tiny,chip_228_314_merged.tif,0.8,4,1991809426,156,28.0061,31.2758,3.2697
tiny,chip_230_282_merged.tif,0.2,0,885804417,39,38.3925,40.753,2.3605
tiny,chip_230_282_merged.tif,0.2,1,405858899,39,39.3778,40.2644,0.8866
tiny,chip_230_282_merged.tif,0.2,2,25252268,39,37.4071,39.2531,1.846
tiny,chip_230_282_merged.tif,0.2,3,1792129285,39,37.2717,41.1174,3.8457
tiny,chip_230_282_merged.tif,0.2,4,1312183767,39,37.4093,40.6246,3.2154
tiny,chip_230_282_merged.tif,0.4,0,725189084,78,36.8705,40.4113,3.5408
tiny,chip_230_282_merged.tif,0.4,1,245243566,78,37.4947,37.5896,0.0949
tiny,chip_230_282_merged.tif,0.4,2,2012120583,78,35.4494,39.7199,4.2705
tiny,chip_230_282_merged.tif,0.4,3,1532175065,78,36.2025,38.6472,2.4447
tiny,chip_230_282_merged.tif,0.4,4,1151568434,78,37.7608,37.3265,-0.4343
tiny,chip_230_282_merged.tif,0.6,0,2129374525,117,35.2213,38.2598,3.0385
tiny,chip_230_282_merged.tif,0.6,1,1649429007,117,34.8667,37.1214,2.2548
tiny,chip_230_282_merged.tif,0.6,2,1268822376,117,34.8327,37.1679,2.3352
tiny,chip_230_282_merged.tif,0.6,3,788876858,117,34.5394,34.6889,0.1495
tiny,chip_230_282_merged.tif,0.6,4,408270227,117,34.8591,38.0255,3.1664
tiny,chip_230_282_merged.tif,0.8,0,1646782329,156,34.6209,36.3083,1.6874
tiny,chip_230_282_merged.tif,0.8,1,1166836811,156,34.3715,36.4775,2.1061
tiny,chip_230_282_merged.tif,0.8,2,786230180,156,34.3971,37.4788,3.0817
tiny,chip_230_282_merged.tif,0.8,3,405623549,156,35.525,35.846,0.321
tiny,chip_230_282_merged.tif,0.8,4,2073161679,156,34.6313,37.4888,2.8574
tiny,chip_230_302_merged.tif,0.2,0,770889425,39,30.2774,36.5288,6.2514
tiny,chip_230_302_merged.tif,0.2,1,290943907,39,33.2915,37.6004,4.3089
tiny,chip_230_302_merged.tif,0.2,2,2057820924,39,30.2749,36.6645,6.3896
tiny,chip_230_302_merged.tif,0.2,3,1577875406,39,34.6073,37.3238,2.7165
tiny,chip_230_302_merged.tif,0.2,4,1197268775,39,33.6871,33.2112,-0.4758
tiny,chip_230_302_merged.tif,0.4,0,510935205,78,32.8047,33.2676,0.4629
tiny,chip_230_302_merged.tif,0.4,1,130328574,78,32.3194,33.644,1.3247
tiny,chip_230_302_merged.tif,0.4,2,1897205591,78,32.9235,35.9623,3.0387
tiny,chip_230_302_merged.tif,0.4,3,1417260073,78,32.0375,34.2021,2.1646
tiny,chip_230_302_merged.tif,0.4,4,1036653442,78,32.7109,35.9673,3.2564
tiny,chip_230_302_merged.tif,0.6,0,2014459533,117,31.5812,34.8019,3.2207
tiny,chip_230_302_merged.tif,0.6,1,1534514015,117,31.6444,34.3835,2.7391
tiny,chip_230_302_merged.tif,0.6,2,1153907384,117,31.5827,34.1749,2.5922
tiny,chip_230_302_merged.tif,0.6,3,673961866,117,31.5857,35.0936,3.508
tiny,chip_230_302_merged.tif,0.6,4,293355235,117,30.9739,33.4592,2.4853
tiny,chip_230_302_merged.tif,0.8,0,1531867337,156,31.0505,32.8912,1.8407
tiny,chip_230_302_merged.tif,0.8,1,1051921819,156,31.4878,33.3332,1.8454
tiny,chip_230_302_merged.tif,0.8,2,671315188,156,30.546,33.5472,3.0012
tiny,chip_230_302_merged.tif,0.8,3,191369670,156,30.4197,32.3366,1.917
tiny,chip_230_302_merged.tif,0.8,4,1958246687,156,30.5348,33.7193,3.1845
tiny,chip_230_303_merged.tif,0.2,0,211445898,39,32.3808,35.2365,2.8557
tiny,chip_230_303_merged.tif,0.2,1,1978322915,39,30.0562,36.0871,6.0308
tiny,chip_230_303_merged.tif,0.2,2,1498377397,39,32.4289,35.8036,3.3748
tiny,chip_230_303_merged.tif,0.2,3,1117770766,39,31.2237,36.7884,5.5647
tiny,chip_230_303_merged.tif,0.2,4,737164135,39,30.0559,34.5496,4.4937
tiny,chip_230_303_merged.tif,0.4,0,50830565,78,30.2802,33.432,3.1517
tiny,chip_230_303_merged.tif,0.4,1,1817707582,78,30.281,30.9768,0.6958
tiny,chip_230_303_merged.tif,0.4,2,1337762064,78,28.2101,34.4373,6.2272
tiny,chip_230_303_merged.tif,0.4,3,957155433,78,29.812,35.0267,5.2147
tiny,chip_230_303_merged.tif,0.4,4,477209915,78,31.1289,34.5479,3.419
tiny,chip_230_303_merged.tif,0.6,0,1455016006,117,28.9997,34.5561,5.5564
tiny,chip_230_303_merged.tif,0.6,1,1074409375,117,31.52,33.1926,1.6726
tiny,chip_230_303_merged.tif,0.6,2,594463857,117,30.1629,33.4564,3.2935
tiny,chip_230_303_merged.tif,0.6,3,213857226,117,30.1951,33.9702,3.7751
tiny,chip_230_303_merged.tif,0.6,4,1881395356,117,28.6815,32.6884,4.0069
tiny,chip_230_303_merged.tif,0.8,0,972423810,156,29.7603,31.4129,1.6525
tiny,chip_230_303_merged.tif,0.8,1,591817179,156,28.5842,32.2048,3.6206
tiny,chip_230_303_merged.tif,0.8,2,111871661,156,29.7977,31.8661,2.0684
tiny,chip_230_303_merged.tif,0.8,3,1878748678,156,27.3047,31.6901,4.3854
tiny,chip_230_303_merged.tif,0.8,4,1498142047,156,28.4369,31.395,2.9581
tiny,chip_230_458_merged.tif,0.2,0,1323618427,39,33.2915,34.9274,1.6358
tiny,chip_230_458_merged.tif,0.2,1,943011796,39,33.5453,34.4706,0.9253
tiny,chip_230_458_merged.tif,0.2,2,463066278,39,32.3069,36.0483,3.7413
tiny,chip_230_458_merged.tif,0.2,3,82459647,39,32.6132,35.644,3.0308
tiny,chip_230_458_merged.tif,0.2,4,1749997777,39,33.4581,35.6973,2.2392
tiny,chip_230_458_merged.tif,0.4,0,1163003094,78,32.0668,35.5425,3.4757
tiny,chip_230_458_merged.tif,0.4,1,683057576,78,32.1016,35.0273,2.9257
tiny,chip_230_458_merged.tif,0.4,2,302450945,78,32.5115,34.2507,1.7392
tiny,chip_230_458_merged.tif,0.4,3,2069327962,78,32.1004,35.2026,3.1022
tiny,chip_230_458_merged.tif,0.4,4,1589382444,78,32.0301,35.2511,3.2211
tiny,chip_230_458_merged.tif,0.6,0,419704887,117,31.182,34.965,3.783
tiny,chip_230_458_merged.tif,0.6,1,2087243017,117,31.4928,34.7758,3.283
tiny,chip_230_458_merged.tif,0.6,2,1706636386,117,32.3979,34.4093,2.0114
tiny,chip_230_458_merged.tif,0.6,3,1326029755,117,32.7302,34.8758,2.1456
tiny,chip_230_458_merged.tif,0.6,4,846084237,117,31.5135,33.2329,1.7194
tiny,chip_230_458_merged.tif,0.8,0,2084596339,156,31.6477,33.661,2.0133
tiny,chip_230_458_merged.tif,0.8,1,1703989708,156,31.5191,34.1651,2.646
tiny,chip_230_458_merged.tif,0.8,2,1224044190,156,31.882,33.252,1.37
tiny,chip_230_458_merged.tif,0.8,3,843437559,156,31.6357,34.185,2.5493
tiny,chip_230_458_merged.tif,0.8,4,363492041,156,31.49,34.2985,2.8085
tiny,chip_230_490_merged.tif,0.2,0,1990388388,39,33.1463,34.5664,1.4201
tiny,chip_230_490_merged.tif,0.2,1,1510442870,39,33.1141,35.9095,2.7953
tiny,chip_230_490_merged.tif,0.2,2,1129836239,39,31.0806,35.6397,4.559
tiny,chip_230_490_merged.tif,0.2,3,749229608,39,33.1451,34.8257,1.6806
tiny,chip_230_490_merged.tif,0.2,4,269284090,39,34.1164,35.4131,1.2967
tiny,chip_230_490_merged.tif,0.4,0,1829773055,78,32.2598,35.7696,3.5098
tiny,chip_230_490_merged.tif,0.4,1,1349827537,78,32.205,35.6867,3.4818
tiny,chip_230_490_merged.tif,0.4,2,969220906,78,32.1012,35.3631,3.262
tiny,chip_230_490_merged.tif,0.4,3,489275388,78,32.2417,34.7015,2.4598
tiny,chip_230_490_merged.tif,0.4,4,108668757,78,30.9853,35.6315,4.6462
tiny,chip_230_490_merged.tif,0.6,0,1086474848,117,30.7551,33.7224,2.9673
tiny,chip_230_490_merged.tif,0.6,1,606529330,117,32.3156,34.0479,1.7323
tiny,chip_230_490_merged.tif,0.6,2,225922699,117,31.769,34.2442,2.4752
tiny,chip_230_490_merged.tif,0.6,3,1893460829,117,30.7535,34.3876,3.6342
tiny,chip_230_490_merged.tif,0.6,4,1512854198,117,32.421,35.0061,2.5851
tiny,chip_230_490_merged.tif,0.8,0,603882652,156,31.9475,32.9375,0.99
tiny,chip_230_490_merged.tif,0.8,1,123937134,156,31.9637,32.884,0.9203
tiny,chip_230_490_merged.tif,0.8,2,1890814151,156,31.2559,32.8947,1.6388
tiny,chip_230_490_merged.tif,0.8,3,1510207520,156,31.9584,32.8376,0.8792
tiny,chip_230_490_merged.tif,0.8,4,1030262002,156,31.6382,32.8053,1.1671
tiny,chip_231_287_merged.tif,0.2,0,835890513,39,32.0541,35.3636,3.3095
tiny,chip_231_287_merged.tif,0.2,1,355944995,39,31.0371,36.2066,5.1695
tiny,chip_231_287_merged.tif,0.2,2,2122822012,39,31.4079,35.5706,4.1627
tiny,chip_231_287_merged.tif,0.2,3,1642876494,39,31.5283,34.5522,3.0239
tiny,chip_231_287_merged.tif,0.2,4,1262269863,39,32.4679,35.1903,2.7224
tiny,chip_231_287_merged.tif,0.4,0,1918099091,78,28.2941,33.7175,5.4234
tiny,chip_231_287_merged.tif,0.4,1,1537492460,78,31.7712,33.712,1.9408
tiny,chip_231_287_merged.tif,0.4,2,1057546942,78,30.622,33.6299,3.0078
tiny,chip_231_287_merged.tif,0.4,3,676940311,78,28.6442,34.3409,5.6966
tiny,chip_231_287_merged.tif,0.4,4,196994793,78,30.016,34.7207,4.7046
tiny,chip_231_287_merged.tif,0.6,0,1980121734,117,30.1735,33.8771,3.7035
tiny,chip_231_287_merged.tif,0.6,1,1599515103,117,30.4895,33.0238,2.5344
tiny,chip_231_287_merged.tif,0.6,2,1119569585,117,29.9659,33.6547,3.6888
tiny,chip_231_287_merged.tif,0.6,3,738962954,117,30.5075,33.5348,3.0273
tiny,chip_231_287_merged.tif,0.6,4,358356323,117,30.271,32.8426,2.5716
tiny,chip_231_287_merged.tif,0.8,0,1596868425,156,29.7176,31.9788,2.2612
tiny,chip_231_287_merged.tif,0.8,1,1116922907,156,30.0546,30.5106,0.456
tiny,chip_231_287_merged.tif,0.8,2,736316276,156,30.0551,31.4611,1.406
tiny,chip_231_287_merged.tif,0.8,3,256370758,156,28.5217,32.1314,3.6097
tiny,chip_231_287_merged.tif,0.8,4,2023247775,156,28.7426,31.6212,2.8785
tiny,chip_231_331_merged.tif,0.2,0,1596610243,39,36.6883,38.5737,1.8854
tiny,chip_231_331_merged.tif,0.2,1,1116664725,39,37.6152,38.8137,1.1985
tiny,chip_231_331_merged.tif,0.2,2,736058094,39,37.6142,36.5567,-1.0574
tiny,chip_231_331_merged.tif,0.2,3,355451463,39,38.2429,38.4429,0.2
tiny,chip_231_331_merged.tif,0.2,4,2022989593,39,37.7937,38.4622,0.6685
tiny,chip_231_331_merged.tif,0.4,0,1435994910,78,37.2772,37.8076,0.5304
tiny,chip_231_331_merged.tif,0.4,1,956049392,78,34.4496,38.1979,3.7484
tiny,chip_231_331_merged.tif,0.4,2,575442761,78,36.0466,37.6469,1.6003
tiny,chip_231_331_merged.tif,0.4,3,95497243,78,35.8695,37.9428,2.0734
tiny,chip_231_331_merged.tif,0.4,4,1862374260,78,37.1522,37.0498,-0.1024
tiny,chip_231_331_merged.tif,0.6,0,692696703,117,34.4478,36.5093,2.0615
tiny,chip_231_331_merged.tif,0.6,1,212751185,117,34.4478,37.4624,3.0146
tiny,chip_231_331_merged.tif,0.6,2,1979628202,117,36.4162,37.0038,0.5875
tiny,chip_231_331_merged.tif,0.6,3,1499682684,117,34.6016,37.4468,2.8452
tiny,chip_231_331_merged.tif,0.6,4,1119076053,117,35.2517,36.2375,0.9858
tiny,chip_231_331_merged.tif,0.8,0,210104507,156,34.5373,35.9107,1.3734
tiny,chip_231_331_merged.tif,0.8,1,1877642637,156,35.0725,34.9797,-0.0928
tiny,chip_231_331_merged.tif,0.8,2,1497036006,156,34.5524,36.0738,1.5214
tiny,chip_231_331_merged.tif,0.8,3,1017090488,156,35.1862,36.8526,1.6664
tiny,chip_231_331_merged.tif,0.8,4,636483857,156,35.9165,36.3624,0.4459
tiny,chip_232_293_merged.tif,0.2,0,821612595,39,34.3503,36.1052,1.755
tiny,chip_232_293_merged.tif,0.2,1,341667077,39,35.551,37.2492,1.6981
tiny,chip_232_293_merged.tif,0.2,2,2108544094,39,33.3804,35.804,2.4235
tiny,chip_232_293_merged.tif,0.2,3,1628598576,39,35.7517,36.6029,0.8512
tiny,chip_232_293_merged.tif,0.2,4,1247991945,39,27.8965,36.1005,8.204
tiny,chip_232_293_merged.tif,0.4,0,1903821173,78,35.5248,36.2261,0.7013
tiny,chip_232_293_merged.tif,0.4,1,1523214542,78,33.4893,35.5409,2.0516
tiny,chip_232_293_merged.tif,0.4,2,1043269024,78,36.2252,35.4343,-0.7909
tiny,chip_232_293_merged.tif,0.4,3,662662393,78,28.3392,36.2391,7.8999
tiny,chip_232_293_merged.tif,0.4,4,182716875,78,31.7579,35.4087,3.6508
tiny,chip_232_293_merged.tif,0.6,0,1965843816,117,29.5123,35.0676,5.5553
tiny,chip_232_293_merged.tif,0.6,1,1585237185,117,32.5395,34.8868,2.3473
tiny,chip_232_293_merged.tif,0.6,2,1204630554,117,33.9837,33.8223,-0.1614
tiny,chip_232_293_merged.tif,0.6,3,724685036,117,33.0725,35.1756,2.1031
tiny,chip_232_293_merged.tif,0.6,4,344078405,117,33.2251,35.1402,1.9151
tiny,chip_232_293_merged.tif,0.8,0,1582590507,156,30.3728,33.0237,2.6509
tiny,chip_232_293_merged.tif,0.8,1,1102644989,156,31.3822,33.4824,2.1003
tiny,chip_232_293_merged.tif,0.8,2,722038358,156,30.3749,34.3486,3.9737
tiny,chip_232_293_merged.tif,0.8,3,242092840,156,30.6504,33.6712,3.0208
tiny,chip_232_293_merged.tif,0.8,4,2008969857,156,30.6361,32.8357,2.1997
tiny,chip_232_372_merged.tif,0.2,0,1440154707,39,29.2117,31.8656,2.6539
tiny,chip_232_372_merged.tif,0.2,1,1059548076,39,29.5364,31.8397,2.3033
tiny,chip_232_372_merged.tif,0.2,2,678941445,39,29.5179,32.4308,2.9129
tiny,chip_232_372_merged.tif,0.2,3,198995927,39,30.3624,32.5038,2.1414
tiny,chip_232_372_merged.tif,0.2,4,1965872944,39,31.054,32.57,1.516
tiny,chip_232_372_merged.tif,0.4,0,1279539374,78,28.5721,31.9157,3.3436
tiny,chip_232_372_merged.tif,0.4,1,898932743,78,28.9779,30.5178,1.5399
tiny,chip_232_372_merged.tif,0.4,2,418987225,78,29.2118,31.7324,2.5206
tiny,chip_232_372_merged.tif,0.4,3,38380594,78,29.5017,31.3092,1.8075
tiny,chip_232_372_merged.tif,0.4,4,1705918724,78,28.2425,31.8052,3.5627
tiny,chip_232_372_merged.tif,0.6,0,536241167,117,29.5779,30.2538,0.6759
tiny,chip_232_372_merged.tif,0.6,1,155634536,117,28.9073,30.5181,1.6108
tiny,chip_232_372_merged.tif,0.6,2,1823172666,117,29.4737,30.8781,1.4044
tiny,chip_232_372_merged.tif,0.6,3,1442566035,117,29.5595,30.6467,1.0871
tiny,chip_232_372_merged.tif,0.6,4,1061959404,117,29.5822,30.3476,0.7654
tiny,chip_232_372_merged.tif,0.8,0,53648971,156,28.0264,29.6634,1.637
tiny,chip_232_372_merged.tif,0.8,1,1820525988,156,29.2145,29.3123,0.0978
tiny,chip_232_372_merged.tif,0.8,2,1439919357,156,28.049,29.6687,1.6198
tiny,chip_232_372_merged.tif,0.8,3,959973839,156,29.0713,29.3164,0.2451
tiny,chip_232_372_merged.tif,0.8,4,579367208,156,28.0169,29.5098,1.4928
tiny,chip_232_596_merged.tif,0.2,0,531785629,39,30.6455,36.2093,5.5638
tiny,chip_232_596_merged.tif,0.2,1,51840111,39,33.1617,35.8576,2.6959
tiny,chip_232_596_merged.tif,0.2,2,1818717128,39,32.6954,34.7211,2.0257
tiny,chip_232_596_merged.tif,0.2,3,1338771610,39,35.0058,36.5997,1.5939
tiny,chip_232_596_merged.tif,0.2,4,958164979,39,34.2557,35.5447,1.2891
tiny,chip_232_596_merged.tif,0.4,0,271831409,78,34.7112,35.307,0.5957
tiny,chip_232_596_merged.tif,0.4,1,2038708426,78,34.5186,36.4144,1.8958
tiny,chip_232_596_merged.tif,0.4,2,1658101795,78,34.483,35.6361,1.1531
tiny,chip_232_596_merged.tif,0.4,3,1178156277,78,33.6234,36.0829,2.4595
tiny,chip_232_596_merged.tif,0.4,4,797549646,78,34.3727,35.8121,1.4394
tiny,chip_232_596_merged.tif,0.6,0,1676016850,117,33.7352,35.2444,1.5092
tiny,chip_232_596_merged.tif,0.6,1,1295410219,117,33.7619,35.1731,1.4113
tiny,chip_232_596_merged.tif,0.6,2,914803588,117,31.4565,34.6167,3.1602
tiny,chip_232_596_merged.tif,0.6,3,434858070,117,33.6402,35.1254,1.4853
tiny,chip_232_596_merged.tif,0.6,4,54251439,117,33.8796,35.2684,1.3887
tiny,chip_232_596_merged.tif,0.8,0,1292763541,156,33.0995,34.4915,1.392
tiny,chip_232_596_merged.tif,0.8,1,812818023,156,32.7722,32.3138,-0.4584
tiny,chip_232_596_merged.tif,0.8,2,432211392,156,33.6671,33.4023,-0.2648
tiny,chip_232_596_merged.tif,0.8,3,2099749522,156,33.0897,34.3154,1.2258
tiny,chip_232_596_merged.tif,0.8,4,1719142891,156,33.6931,33.5478,-0.1453
tiny,chip_233_289_merged.tif,0.2,0,1668848168,39,27.6884,35.742,8.0536
tiny,chip_233_289_merged.tif,0.2,1,1188902650,39,33.2367,38.7796,5.543
tiny,chip_233_289_merged.tif,0.2,2,808296019,39,33.3104,38.2255,4.9151
tiny,chip_233_289_merged.tif,0.2,3,328350501,39,27.6892,37.7831,10.094
tiny,chip_233_289_merged.tif,0.2,4,2095227518,39,33.9201,38.6723,4.7522
tiny,chip_233_289_merged.tif,0.4,0,1408893948,78,28.7556,36.4847,7.7291
tiny,chip_233_289_merged.tif,0.4,1,1028287317,78,28.7544,36.0408,7.2864
tiny,chip_233_289_merged.tif,0.4,2,548341799,78,28.8913,37.2136,8.3222
tiny,chip_233_289_merged.tif,0.4,3,167735168,78,33.2464,36.9343,3.6879
tiny,chip_233_289_merged.tif,0.4,4,1934612185,78,31.4504,36.8899,5.4395
tiny,chip_233_289_merged.tif,0.6,0,665595741,117,30.1148,34.8612,4.7463
tiny,chip_233_289_merged.tif,0.6,1,284989110,117,31.3593,35.7365,4.3772
tiny,chip_233_289_merged.tif,0.6,2,2051866127,117,31.3803,36.0558,4.6755
tiny,chip_233_289_merged.tif,0.6,3,1571920609,117,30.7212,35.5247,4.8035
tiny,chip_233_289_merged.tif,0.6,4,1191313978,117,29.8132,34.2353,4.4222
tiny,chip_233_289_merged.tif,0.8,0,282342432,156,29.3848,30.3951,1.0103
tiny,chip_233_289_merged.tif,0.8,1,1949880562,156,29.9771,33.4317,3.4546
tiny,chip_233_289_merged.tif,0.8,2,1569273931,156,29.3699,30.7917,1.4218
tiny,chip_233_289_merged.tif,0.8,3,1089328413,156,29.6524,33.0607,3.4083
tiny,chip_233_289_merged.tif,0.8,4,708721782,156,30.3002,32.9243,2.6241
tiny,chip_233_331_merged.tif,0.2,0,200692051,39,37.0842,39.7208,2.6366
tiny,chip_233_331_merged.tif,0.2,1,1868230181,39,37.3326,38.9751,1.6424
tiny,chip_233_331_merged.tif,0.2,2,1487623550,39,36.7249,38.132,1.4071
tiny,chip_233_331_merged.tif,0.2,3,1007678032,39,39.2184,39.5535,0.3351
tiny,chip_233_331_merged.tif,0.2,4,627071401,39,37.3903,39.2924,1.9021
tiny,chip_233_331_merged.tif,0.4,0,2088221479,78,36.7767,38.7334,1.9566
tiny,chip_233_331_merged.tif,0.4,1,1707614848,78,36.3557,38.3097,1.954
tiny,chip_233_331_merged.tif,0.4,2,1327008217,78,37.7525,38.9742,1.2217
tiny,chip_233_331_merged.tif,0.4,3,847062699,78,37.1249,38.5338,1.4089
tiny,chip_233_331_merged.tif,0.4,4,466456068,78,37.0986,37.2819,0.1832
tiny,chip_233_331_merged.tif,0.6,0,1444262159,117,36.7176,39.0444,2.3268
tiny,chip_233_331_merged.tif,0.6,1,964316641,117,36.7251,38.4701,1.745
tiny,chip_233_331_merged.tif,0.6,2,583710010,117,37.01,38.5075,1.4975
tiny,chip_233_331_merged.tif,0.6,3,103764492,117,37.6075,38.3778,0.7704
tiny,chip_233_331_merged.tif,0.6,4,1870641509,117,37.0989,38.3198,1.2209
tiny,chip_233_331_merged.tif,0.8,0,961669963,156,36.191,37.6637,1.4727
tiny,chip_233_331_merged.tif,0.8,1,481724445,156,37.2932,37.1139,-0.1793
tiny,chip_233_331_merged.tif,0.8,2,101117814,156,36.4008,37.7387,1.3379
tiny,chip_233_331_merged.tif,0.8,3,1768655944,156,36.5962,37.5302,0.934
tiny,chip_233_331_merged.tif,0.8,4,1388049313,156,36.1711,36.6348,0.4637
tiny,chip_233_332_merged.tif,0.2,0,927398136,39,33.2791,38.1723,4.8932
tiny,chip_233_332_merged.tif,0.2,1,447452618,39,33.2299,38.5062,5.2762
tiny,chip_233_332_merged.tif,0.2,2,66845987,39,33.2794,38.4129,5.1335
tiny,chip_233_332_merged.tif,0.2,3,1734384117,39,32.9768,34.6383,1.6615
tiny,chip_233_332_merged.tif,0.2,4,1353777486,39,36.8303,34.0562,-2.7741
tiny,chip_233_332_merged.tif,0.4,0,2009606714,78,37.4887,37.5388,0.0501
tiny,chip_233_332_merged.tif,0.4,1,1629000083,78,37.6625,35.7328,-1.9296
tiny,chip_233_332_merged.tif,0.4,2,1149054565,78,37.5031,37.1815,-0.3217
tiny,chip_233_332_merged.tif,0.4,3,768447934,78,37.547,38.1879,0.641
tiny,chip_233_332_merged.tif,0.4,4,288502416,78,37.546,38.2733,0.7273
tiny,chip_233_332_merged.tif,0.6,0,2071629357,117,37.287,36.1614,-1.1255
tiny,chip_233_332_merged.tif,0.6,1,1691022726,117,37.7294,36.3138,-1.4156
tiny,chip_233_332_merged.tif,0.6,2,1211077208,117,35.6544,37.301,1.6466
tiny,chip_233_332_merged.tif,0.6,3,830470577,117,35.3681,36.1518,0.7837
tiny,chip_233_332_merged.tif,0.6,4,449863946,117,35.366,38.1997,2.8336
tiny,chip_233_332_merged.tif,0.8,0,1688376048,156,37.0246,35.989,-1.0356
tiny,chip_233_332_merged.tif,0.8,1,1208430530,156,37.0212,35.9111,-1.1101
tiny,chip_233_332_merged.tif,0.8,2,827823899,156,37.1993,36.3723,-0.8269
tiny,chip_233_332_merged.tif,0.8,3,347878381,156,37.2096,36.0319,-1.1777
tiny,chip_233_332_merged.tif,0.8,4,2114755398,156,36.0132,36.3586,0.3454
tiny,chip_233_478_merged.tif,0.2,0,1407943629,39,32.8878,33.3715,0.4838
tiny,chip_233_478_merged.tif,0.2,1,1027336998,39,32.0217,33.4346,1.4129
tiny,chip_233_478_merged.tif,0.2,2,646730367,39,31.9042,33.7315,1.8273
tiny,chip_233_478_merged.tif,0.2,3,166784849,39,32.7172,34.0939,1.3767
tiny,chip_233_478_merged.tif,0.2,4,1933661866,39,31.9052,34.5651,2.6598
tiny,chip_233_478_merged.tif,0.4,0,1247328296,78,31.1214,34.117,2.9956
tiny,chip_233_478_merged.tif,0.4,1,866721665,78,31.315,33.2098,1.8947
tiny,chip_233_478_merged.tif,0.4,2,386776147,78,31.9303,33.6961,1.7658
tiny,chip_233_478_merged.tif,0.4,3,6169516,78,31.7011,33.5546,1.8535
tiny,chip_233_478_merged.tif,0.4,4,1773046533,78,31.0983,34.1627,3.0644
tiny,chip_233_478_merged.tif,0.6,0,504030089,117,31.4518,33.2374,1.7856
tiny,chip_233_478_merged.tif,0.6,1,123423458,117,31.4233,33.0143,1.5909
tiny,chip_233_478_merged.tif,0.6,2,1790961588,117,31.1458,33.2528,2.107
tiny,chip_233_478_merged.tif,0.6,3,1410354957,117,30.8942,32.6472,1.753
tiny,chip_233_478_merged.tif,0.6,4,1029748326,117,31.4354,33.1646,1.7292
tiny,chip_233_478_merged.tif,0.8,0,21437893,156,31.4043,32.4556,1.0513
tiny,chip_233_478_merged.tif,0.8,1,1788314910,156,30.7684,32.0564,1.2881
tiny,chip_233_478_merged.tif,0.8,2,1407708279,156,31.3843,32.4345,1.0502
tiny,chip_233_478_merged.tif,0.8,3,927762761,156,30.7963,32.3785,1.5822
tiny,chip_233_478_merged.tif,0.8,4,547156130,156,30.3929,32.4755,2.0826
tiny,chip_234_295_merged.tif,0.2,0,140359798,39,33.3409,36.3764,3.0355
tiny,chip_234_295_merged.tif,0.2,1,1807897928,39,33.7613,36.0056,2.2443
tiny,chip_234_295_merged.tif,0.2,2,1427291297,39,32.3259,36.7037,4.3778
tiny,chip_234_295_merged.tif,0.2,3,947345779,39,33.2847,35.1026,1.818
tiny,chip_234_295_merged.tif,0.2,4,566739148,39,32.0996,35.3399,3.2403
tiny,chip_234_295_merged.tif,0.4,0,1222568376,78,32.6605,35.8963,3.2358
tiny,chip_234_295_merged.tif,0.4,1,841961745,78,30.3389,34.2398,3.9009
tiny,chip_234_295_merged.tif,0.4,2,362016227,78,33.518,35.4514,1.9334
tiny,chip_234_295_merged.tif,0.4,3,2128893244,78,30.3379,35.1009,4.763
tiny,chip_234_295_merged.tif,0.4,4,1648947726,78,31.2049,35.8849,4.6799
tiny,chip_234_295_merged.tif,0.6,0,1284591019,117,30.6108,33.7039,3.0931
tiny,chip_234_295_merged.tif,0.6,1,903984388,117,30.7681,34.1491,3.381
tiny,chip_234_295_merged.tif,0.6,2,523377757,117,31.7034,34.0621,2.3587
tiny,chip_234_295_merged.tif,0.6,3,43432239,117,31.4633,34.7772,3.3139
tiny,chip_234_295_merged.tif,0.6,4,1810309256,117,31.429,34.7601,3.3311
tiny,chip_234_295_merged.tif,0.8,0,901337710,156,31.6776,32.3868,0.7092
tiny,chip_234_295_merged.tif,0.8,1,421392192,156,30.3224,30.9393,0.6169
tiny,chip_234_295_merged.tif,0.8,2,40785561,156,30.3251,32.5151,2.19
tiny,chip_234_295_merged.tif,0.8,3,1708323691,156,31.2807,32.6341,1.3534
tiny,chip_234_295_merged.tif,0.8,4,1327717060,156,31.4828,32.6471,1.1643
tiny,chip_234_371_merged.tif,0.2,0,1346681032,39,30.4594,31.7743,1.3149
tiny,chip_234_371_merged.tif,0.2,1,966074401,39,30.474,32.7844,2.3104
tiny,chip_234_371_merged.tif,0.2,2,486128883,39,30.4769,32.3518,1.8749
tiny,chip_234_371_merged.tif,0.2,3,105522252,39,29.8433,32.8418,2.9985
tiny,chip_234_371_merged.tif,0.2,4,1773060382,39,29.8347,32.0398,2.205
tiny,chip_234_371_merged.tif,0.4,0,281405962,78,29.4831,31.9342,2.4511
tiny,chip_234_371_merged.tif,0.4,1,2048282979,78,29.5063,31.8327,2.3263
tiny,chip_234_371_merged.tif,0.4,2,1667676348,78,29.5764,31.8658,2.2893
tiny,chip_234_371_merged.tif,0.4,3,1187730830,78,29.2814,31.3909,2.1095
tiny,chip_234_371_merged.tif,0.4,4,807124199,78,30.0142,31.7977,1.7835
tiny,chip_234_371_merged.tif,0.6,0,442767492,117,29.8541,31.0435,1.1894
tiny,chip_234_371_merged.tif,0.6,1,2110305622,117,29.0787,31.3516,2.2729
tiny,chip_234_371_merged.tif,0.6,2,1729698991,117,29.5001,31.0332,1.5331
tiny,chip_234_371_merged.tif,0.6,3,1349092360,117,29.6721,31.5939,1.9218
tiny,chip_234_371_merged.tif,0.6,4,869146842,117,29.4937,31.0717,1.5781
tiny,chip_234_371_merged.tif,0.8,0,2107658944,156,29.3535,29.3795,0.026
tiny,chip_234_371_merged.tif,0.8,1,1727052313,156,29.4426,30.5541,1.1114
tiny,chip_234_371_merged.tif,0.8,2,1247106795,156,29.3547,30.1725,0.8179
tiny,chip_234_371_merged.tif,0.8,3,866500164,156,29.4392,30.2457,0.8065
tiny,chip_234_371_merged.tif,0.8,4,386554646,156,29.2016,29.889,0.6874
tiny,chip_234_444_merged.tif,0.2,0,1947428713,39,33.8093,35.6676,1.8583
tiny,chip_234_444_merged.tif,0.2,1,1566822082,39,33.7778,35.7002,1.9224
tiny,chip_234_444_merged.tif,0.2,2,1086876564,39,33.6496,35.8139,2.1643
tiny,chip_234_444_merged.tif,0.2,3,706269933,39,31.8537,34.5394,2.6857
tiny,chip_234_444_merged.tif,0.2,4,226324415,39,33.2288,35.9386,2.7099
tiny,chip_234_444_merged.tif,0.4,0,981492530,78,33.9886,35.4494,1.4608
tiny,chip_234_444_merged.tif,0.4,1,501547012,78,35.4862,35.6969,0.2108
tiny,chip_234_444_merged.tif,0.4,2,120940381,78,36.4433,35.0913,-1.3519
tiny,chip_234_444_merged.tif,0.4,3,1788478511,78,34.6274,34.7536,0.1262
tiny,chip_234_444_merged.tif,0.4,4,1407871880,78,33.9888,34.9415,0.9526
tiny,chip_234_444_merged.tif,0.6,0,1043515173,117,34.1546,33.7196,-0.4349
tiny,chip_234_444_merged.tif,0.6,1,563569655,117,34.673,34.9327,0.2598
tiny,chip_234_444_merged.tif,0.6,2,182963024,117,34.3211,34.3381,0.017
tiny,chip_234_444_merged.tif,0.6,3,1949840041,117,34.6729,34.2452,-0.4277
tiny,chip_234_444_merged.tif,0.6,4,1469894523,117,34.4236,34.5128,0.0892
tiny,chip_234_444_merged.tif,0.8,0,560922977,156,32.1345,34.0666,1.932
tiny,chip_234_444_merged.tif,0.8,1,180316346,156,33.7431,33.7638,0.0206
tiny,chip_234_444_merged.tif,0.8,2,1847854476,156,34.2577,33.9622,-0.2955
tiny,chip_234_444_merged.tif,0.8,3,1467247845,156,34.2485,33.6643,-0.5841
tiny,chip_234_444_merged.tif,0.8,4,987302327,156,32.6604,33.0151,0.3547
tiny,chip_234_445_merged.tif,0.2,0,1877270161,39,33.6452,33.8449,0.1997
tiny,chip_234_445_merged.tif,0.2,1,1397324643,39,31.9605,34.1018,2.1413
tiny,chip_234_445_merged.tif,0.2,2,1016718012,39,32.4508,34.2802,1.8294
tiny,chip_234_445_merged.tif,0.2,3,636111381,39,33.6453,33.8573,0.212
tiny,chip_234_445_merged.tif,0.2,4,156165863,39,31.9608,34.4953,2.5345
tiny,chip_234_445_merged.tif,0.4,0,811995091,78,33.1569,33.934,0.777
tiny,chip_234_445_merged.tif,0.4,1,431388460,78,32.9404,34.2633,1.3229
tiny,chip_234_445_merged.tif,0.4,2,50781829,78,31.7499,34.1982,2.4482
tiny,chip_234_445_merged.tif,0.4,3,1718319959,78,33.1567,33.3628,0.2061
tiny,chip_234_445_merged.tif,0.4,4,1337713328,78,32.1388,33.0641,0.9252
tiny,chip_234_445_merged.tif,0.6,0,973356621,117,32.1596,33.1312,0.9716
tiny,chip_234_445_merged.tif,0.6,1,493411103,117,32.207,32.7132,0.5062
tiny,chip_234_445_merged.tif,0.6,2,112804472,117,31.7499,33.0939,1.344
tiny,chip_234_445_merged.tif,0.6,3,1780342602,117,32.0524,33.0321,0.9797
tiny,chip_234_445_merged.tif,0.6,4,1399735971,117,32.0566,33.7144,1.6578
tiny,chip_234_445_merged.tif,0.8,0,490764425,156,31.8408,31.8973,0.0564
tiny,chip_234_445_merged.tif,0.8,1,10818907,156,31.8467,32.6275,0.7808
tiny,chip_234_445_merged.tif,0.8,2,1777695924,156,31.8484,32.4707,0.6223
tiny,chip_234_445_merged.tif,0.8,3,1397089293,156,31.6355,32.7161,1.0806
tiny,chip_234_445_merged.tif,0.8,4,917143775,156,32.1098,32.2751,0.1653
tiny,chip_234_591_merged.tif,0.2,0,1501366206,39,34.6938,34.0437,-0.6502
tiny,chip_234_591_merged.tif,0.2,1,1120759575,39,35.0934,34.4372,-0.6562
tiny,chip_234_591_merged.tif,0.2,2,640814057,39,33.3834,35.2812,1.8978
tiny,chip_234_591_merged.tif,0.2,3,260207426,39,32.4828,34.1893,1.7065
tiny,chip_234_591_merged.tif,0.2,4,1927745556,39,35.1748,34.5617,-0.6131
tiny,chip_234_591_merged.tif,0.4,0,1340750873,78,31.4975,33.6095,2.112
tiny,chip_234_591_merged.tif,0.4,1,860805355,78,32.4332,34.0925,1.6592
tiny,chip_234_591_merged.tif,0.4,2,480198724,78,32.6542,34.5084,1.8542
tiny,chip_234_591_merged.tif,0.4,3,99592093,78,33.5735,34.471,0.8975
tiny,chip_234_591_merged.tif,0.4,4,1767130223,78,32.4323,34.5345,2.1021
tiny,chip_234_591_merged.tif,0.6,0,597452666,117,32.0399,33.1729,1.133
tiny,chip_234_591_merged.tif,0.6,1,117507148,117,32.0483,33.7641,1.7159
tiny,chip_234_591_merged.tif,0.6,2,1884384165,117,32.8766,33.8027,0.9261
tiny,chip_234_591_merged.tif,0.6,3,1503777534,117,32.2329,33.5493,1.3164
tiny,chip_234_591_merged.tif,0.6,4,1023832016,117,32.3827,33.1853,0.8027
tiny,chip_234_591_merged.tif,0.8,0,114860470,156,32.2127,33.5972,1.3846
tiny,chip_234_591_merged.tif,0.8,1,1881737487,156,32.9293,33.0708,0.1415
tiny,chip_234_591_merged.tif,0.8,2,1401791969,156,32.1406,32.9374,0.7968
tiny,chip_234_591_merged.tif,0.8,3,1021185338,156,31.4896,33.0755,1.5859
tiny,chip_234_591_merged.tif,0.8,4,541239820,156,32.1209,32.7017,0.5808
tiny,chip_236_284_merged.tif,0.2,0,2049212572,39,33.7374,36.6752,2.9378
tiny,chip_236_284_merged.tif,0.2,1,1668605941,39,34.6967,36.8554,2.1587
tiny,chip_236_284_merged.tif,0.2,2,1188660423,39,32.0864,35.0533,2.9669
tiny,chip_236_284_merged.tif,0.2,3,808053792,39,33.7747,36.3895,2.6147
tiny,chip_236_284_merged.tif,0.2,4,328108274,39,31.0038,34.1622,3.1584
tiny,chip_236_284_merged.tif,0.4,0,1888597239,78,28.192,34.9642,6.7722
tiny,chip_236_284_merged.tif,0.4,1,1408651721,78,31.1467,36.317,5.1703
tiny,chip_236_284_merged.tif,0.4,2,1028045090,78,30.8344,32.7591,1.9247
tiny,chip_236_284_merged.tif,0.4,3,647438459,78,30.2135,33.843,3.6295
tiny,chip_236_284_merged.tif,0.4,4,167492941,78,32.0036,34.2141,2.2105
tiny,chip_236_284_merged.tif,0.6,0,1145299032,117,31.5973,32.7641,1.1668
tiny,chip_236_284_merged.tif,0.6,1,665353514,117,30.9907,32.6172,1.6265
tiny,chip_236_284_merged.tif,0.6,2,284746883,117,30.6938,32.5924,1.8986
tiny,chip_236_284_merged.tif,0.6,3,2051623900,117,29.1153,33.8714,4.756
tiny,chip_236_284_merged.tif,0.6,4,1571678382,117,30.9682,33.2127,2.2445
tiny,chip_236_284_merged.tif,0.8,0,662706836,156,29.5538,31.7036,2.1498
tiny,chip_236_284_merged.tif,0.8,1,282100205,156,29.6641,31.4712,1.8071
tiny,chip_236_284_merged.tif,0.8,2,1949638335,156,29.1907,31.6088,2.4181
tiny,chip_236_284_merged.tif,0.8,3,1569031704,156,29.5483,31.7696,2.2213
tiny,chip_236_284_merged.tif,0.8,4,1089086186,156,30.148,32.266,2.118
tiny,chip_236_367_merged.tif,0.2,0,631480386,39,31.5424,33.3768,1.8344
tiny,chip_236_367_merged.tif,0.2,1,250873755,39,31.5293,32.7176,1.1883
tiny,chip_236_367_merged.tif,0.2,2,1918411885,39,31.1722,32.355,1.1828
tiny,chip_236_367_merged.tif,0.2,3,1537805254,39,30.4916,32.7084,2.2168
tiny,chip_236_367_merged.tif,0.2,4,1057859736,39,31.1227,33.2371,2.1144
tiny,chip_236_367_merged.tif,0.4,0,1813027851,78,30.0398,32.2649,2.2251
tiny,chip_236_367_merged.tif,0.4,1,1333082333,78,30.9919,32.3683,1.3764
tiny,chip_236_367_merged.tif,0.4,2,952475702,78,29.9727,32.2819,2.3091
tiny,chip_236_367_merged.tif,0.4,3,472530184,78,30.0553,32.5825,2.5272
tiny,chip_236_367_merged.tif,0.4,4,91923553,78,30.1638,32.6324,2.4686
tiny,chip_236_367_merged.tif,0.6,0,1875050494,117,30.5247,31.7587,1.234
tiny,chip_236_367_merged.tif,0.6,1,1395104976,117,30.1875,31.1769,0.9894
tiny,chip_236_367_merged.tif,0.6,2,1014498345,117,29.7799,31.2769,1.4971
tiny,chip_236_367_merged.tif,0.6,3,633891714,117,29.8623,31.6855,1.8232
tiny,chip_236_367_merged.tif,0.6,4,153946196,117,30.2653,31.4889,1.2236
tiny,chip_236_367_merged.tif,0.8,0,1392458298,156,29.2322,30.2095,0.9773
tiny,chip_236_367_merged.tif,0.8,1,1011851667,156,30.0657,30.7503,0.6846
tiny,chip_236_367_merged.tif,0.8,2,531906149,156,29.8662,30.8363,0.9701
tiny,chip_236_367_merged.tif,0.8,3,151299518,156,30.0517,30.4606,0.409
tiny,chip_236_367_merged.tif,0.8,4,1818837648,156,29.845,30.3327,0.4877
tiny,chip_236_448_merged.tif,0.2,0,418740880,39,31.6291,34.8942,3.2651
tiny,chip_236_448_merged.tif,0.2,1,38134249,39,32.4384,34.585,2.1466
tiny,chip_236_448_merged.tif,0.2,2,1705672379,39,30.6682,34.2313,3.5631
tiny,chip_236_448_merged.tif,0.2,3,1325065748,39,31.1896,34.0622,2.8726
tiny,chip_236_448_merged.tif,0.2,4,944459117,39,30.8572,34.8015,3.9443
tiny,chip_236_448_merged.tif,0.4,0,1600288345,78,32.0037,33.4358,1.4321
tiny,chip_236_448_merged.tif,0.4,1,1120342827,78,31.7249,33.1904,1.4655
tiny,chip_236_448_merged.tif,0.4,2,739736196,78,31.5901,33.731,2.1409
tiny,chip_236_448_merged.tif,0.4,3,259790678,78,32.2787,33.6244,1.3457
tiny,chip_236_448_merged.tif,0.4,4,2026667695,78,32.8999,33.9706,1.0708
tiny,chip_236_448_merged.tif,0.6,0,1662310988,117,31.9503,32.4373,0.487
tiny,chip_236_448_merged.tif,0.6,1,1281704357,117,31.2209,33.2172,1.9963
tiny,chip_236_448_merged.tif,0.6,2,801758839,117,31.9297,33.5763,1.6466
tiny,chip_236_448_merged.tif,0.6,3,421152208,117,31.7385,32.5647,0.8262
tiny,chip_236_448_merged.tif,0.6,4,2088690338,117,31.8979,33.157,1.2591
tiny,chip_236_448_merged.tif,0.8,0,1179718792,156,31.5486,32.4331,0.8845
tiny,chip_236_448_merged.tif,0.8,1,799112161,156,31.8773,32.4518,0.5745
tiny,chip_236_448_merged.tif,0.8,2,319166643,156,31.1847,32.2746,1.09
tiny,chip_236_448_merged.tif,0.8,3,2086043660,156,31.2213,32.2546,1.0333
tiny,chip_236_448_merged.tif,0.8,4,1705437029,156,30.8013,32.5177,1.7164
tiny,chip_236_450_merged.tif,0.2,0,340061342,39,32.6298,34.2247,1.5948
tiny,chip_236_450_merged.tif,0.2,1,2007599472,39,31.4029,34.6262,3.2234
tiny,chip_236_450_merged.tif,0.2,2,1626992841,39,32.7266,33.9722,1.2457
tiny,chip_236_450_merged.tif,0.2,3,1246386210,39,30.9584,33.714,2.7556
tiny,chip_236_450_merged.tif,0.2,4,766440692,39,32.1104,33.9897,1.8793
tiny,chip_236_450_merged.tif,0.4,0,179446009,78,32.1291,33.782,1.653
tiny,chip_236_450_merged.tif,0.4,1,1846984139,78,30.9641,33.5339,2.5698
tiny,chip_236_450_merged.tif,0.4,2,1466377508,78,30.8372,33.3604,2.5232
tiny,chip_236_450_merged.tif,0.4,3,986431990,78,30.6764,33.5749,2.8985
tiny,chip_236_450_merged.tif,0.4,4,605825359,78,31.5141,32.3765,0.8624
tiny,chip_236_450_merged.tif,0.6,0,1583631450,117,30.8456,33.5271,2.6814
tiny,chip_236_450_merged.tif,0.6,1,1103685932,117,31.3519,31.7115,0.3596
tiny,chip_236_450_merged.tif,0.6,2,723079301,117,32.0585,32.6072,0.5487
tiny,chip_236_450_merged.tif,0.6,3,243133783,117,32.2528,33.3068,1.054
tiny,chip_236_450_merged.tif,0.6,4,2010010800,117,31.0773,31.9901,0.9128
tiny,chip_236_450_merged.tif,0.8,0,1101039254,156,31.1825,32.0856,0.9031
tiny,chip_236_450_merged.tif,0.8,1,621093736,156,32.0377,31.5801,-0.4576
tiny,chip_236_450_merged.tif,0.8,2,240487105,156,31.7657,31.7073,-0.0584
tiny,chip_236_450_merged.tif,0.8,3,2007364122,156,32.0413,31.9731,-0.0682
tiny,chip_236_450_merged.tif,0.8,4,1527418604,156,31.4811,31.8241,0.3431
tiny,chip_236_595_merged.tif,0.2,0,591998134,39,34.0942,34.7952,0.701
tiny,chip_236_595_merged.tif,0.2,1,112052616,39,30.1455,35.6351,5.4896
tiny,chip_236_595_merged.tif,0.2,2,1878929633,39,33.78,34.8223,1.0423
tiny,chip_236_595_merged.tif,0.2,3,1398984115,39,30.0865,35.8884,5.8019
tiny,chip_236_595_merged.tif,0.2,4,1018377484,39,32.1519,34.5761,2.4243
tiny,chip_236_595_merged.tif,0.4,0,332043914,78,33.0359,35.1005,2.0646
tiny,chip_236_595_merged.tif,0.4,1,2098920931,78,32.848,33.3105,0.4625
tiny,chip_236_595_merged.tif,0.4,2,1718314300,78,32.8477,34.4335,1.5858
tiny,chip_236_595_merged.tif,0.4,3,1238368782,78,32.6769,34.9388,2.2618
tiny,chip_236_595_merged.tif,0.4,4,857762151,78,31.0874,34.7527,3.6653
tiny,chip_236_595_merged.tif,0.6,0,1736229355,117,31.3361,33.933,2.5968
tiny,chip_236_595_merged.tif,0.6,1,1355622724,117,31.5648,33.9412,2.3764
tiny,chip_236_595_merged.tif,0.6,2,975016093,117,30.9717,34.4921,3.5204
tiny,chip_236_595_merged.tif,0.6,3,495070575,117,31.5514,33.4661,1.9147
tiny,chip_236_595_merged.tif,0.6,4,114463944,117,31.5687,33.8368,2.2681
tiny,chip_236_595_merged.tif,0.8,0,1352976046,156,31.0428,33.0232,1.9804
tiny,chip_236_595_merged.tif,0.8,1,873030528,156,31.1122,32.0264,0.9142
tiny,chip_236_595_merged.tif,0.8,2,492423897,156,32.0785,32.485,0.4065
tiny,chip_236_595_merged.tif,0.8,3,12478379,156,31.9988,33.0058,1.007
tiny,chip_236_595_merged.tif,0.8,4,1779355396,156,32.0342,32.028,-0.0062
tiny,chip_236_600_merged.tif,0.2,0,1963146056,39,32.684,35.0117,2.3277
tiny,chip_236_600_merged.tif,0.2,1,1483200538,39,33.9806,35.1134,1.1329
tiny,chip_236_600_merged.tif,0.2,2,1102593907,39,34.7855,35.5444,0.7589
tiny,chip_236_600_merged.tif,0.2,3,721987276,39,32.0731,36.2396,4.1665
tiny,chip_236_600_merged.tif,0.2,4,242041758,39,33.8335,35.2036,1.3701
tiny,chip_236_600_merged.tif,0.4,0,1802530723,78,33.2121,34.9407,1.7286
tiny,chip_236_600_merged.tif,0.4,1,1322585205,78,32.2573,34.8857,2.6284
tiny,chip_236_600_merged.tif,0.4,2,941978574,78,33.0722,35.4619,2.3897
tiny,chip_236_600_merged.tif,0.4,3,462033056,78,32.2598,34.954,2.6942
tiny,chip_236_600_merged.tif,0.4,4,81426425,78,34.2505,34.4509,0.2004
tiny,chip_236_600_merged.tif,0.6,0,1059232516,117,32.8884,34.4811,1.5927
tiny,chip_236_600_merged.tif,0.6,1,579286998,117,32.9617,33.7938,0.8321
tiny,chip_236_600_merged.tif,0.6,2,198680367,117,32.5671,33.7339,1.1668
tiny,chip_236_600_merged.tif,0.6,3,1866218497,117,32.9521,34.1999,1.2479
tiny,chip_236_600_merged.tif,0.6,4,1485611866,117,32.5968,34.0871,1.4903
tiny,chip_236_600_merged.tif,0.8,0,576640320,156,32.9126,33.3876,0.475
tiny,chip_236_600_merged.tif,0.8,1,96694802,156,32.4764,33.325,0.8486
tiny,chip_236_600_merged.tif,0.8,2,1863571819,156,32.291,33.3624,1.0714
tiny,chip_236_600_merged.tif,0.8,3,1482965188,156,32.3232,33.4331,1.1099
tiny,chip_236_600_merged.tif,0.8,4,1003019670,156,32.6761,32.7718,0.0957
tiny,chip_237_289_merged.tif,0.2,0,580135538,39,32.3275,38.5837,6.2562
tiny,chip_237_289_merged.tif,0.2,1,199528907,39,33.5564,38.191,4.6346
tiny,chip_237_289_merged.tif,0.2,2,1867067037,39,30.3898,37.5235,7.1337
tiny,chip_237_289_merged.tif,0.2,3,1486460406,39,33.068,36.8036,3.7356
tiny,chip_237_289_merged.tif,0.2,4,1105853775,39,32.8969,36.0462,3.1493
tiny,chip_237_289_merged.tif,0.4,0,1761683003,78,30.7305,36.3389,5.6083
tiny,chip_237_289_merged.tif,0.4,1,1281737485,78,31.7125,35.558,3.8455
tiny,chip_237_289_merged.tif,0.4,2,901130854,78,31.1791,36.2193,5.0402
tiny,chip_237_289_merged.tif,0.4,3,520524223,78,31.1826,36.2005,5.0179
tiny,chip_237_289_merged.tif,0.4,4,40578705,78,31.4031,35.8954,4.4924
tiny,chip_237_289_merged.tif,0.6,0,1018384796,117,30.6122,34.6187,4.0064
tiny,chip_237_289_merged.tif,0.6,1,538439278,117,32.2245,35.9969,3.7724
tiny,chip_237_289_merged.tif,0.6,2,157832647,117,31.4428,34.1666,2.7239
tiny,chip_237_289_merged.tif,0.6,3,1924709664,117,31.018,35.4283,4.4103
tiny,chip_237_289_merged.tif,0.6,4,1444764146,117,32.0364,34.1101,2.0737
tiny,chip_237_289_merged.tif,0.8,0,535792600,156,30.4344,32.394,1.9596
tiny,chip_237_289_merged.tif,0.8,1,155185969,156,31.566,32.0838,0.5178
tiny,chip_237_289_merged.tif,0.8,2,1822724099,156,31.6918,33.0954,1.4036
tiny,chip_237_289_merged.tif,0.8,3,1442117468,156,31.7897,34.2552,2.4655
tiny,chip_237_289_merged.tif,0.8,4,962171950,156,31.956,33.2675,1.3115
tiny,chip_237_335_merged.tif,0.2,0,1952907134,39,39.2533,38.0715,-1.1819
tiny,chip_237_335_merged.tif,0.2,1,1472961616,39,35.4387,38.0295,2.5908
tiny,chip_237_335_merged.tif,0.2,2,1092354985,39,38.7899,39.3742,0.5842
tiny,chip_237_335_merged.tif,0.2,3,711748354,39,38.7899,39.593,0.8031
tiny,chip_237_335_merged.tif,0.2,4,231802836,39,37.0264,40.3666,3.3402
tiny,chip_237_335_merged.tif,0.4,0,1792291801,78,38.6462,37.8252,-0.821
tiny,chip_237_335_merged.tif,0.4,1,1312346283,78,37.1365,38.5235,1.387
tiny,chip_237_335_merged.tif,0.4,2,931739652,78,38.4026,38.9514,0.5488
tiny,chip_237_335_merged.tif,0.4,3,451794134,78,36.7307,38.7977,2.0671
tiny,chip_237_335_merged.tif,0.4,4,71187503,78,36.7305,38.4978,1.7673
tiny,chip_237_335_merged.tif,0.6,0,1048993594,117,36.3739,38.0463,1.6724
tiny,chip_237_335_merged.tif,0.6,1,569048076,117,36.3464,37.9512,1.6048
tiny,chip_237_335_merged.tif,0.6,2,188441445,117,37.2919,38.3741,1.0821
tiny,chip_237_335_merged.tif,0.6,3,1855979575,117,36.4314,38.1984,1.7669
tiny,chip_237_335_merged.tif,0.6,4,1475372944,117,37.1279,38.9936,1.8657
tiny,chip_237_335_merged.tif,0.8,0,566401398,156,36.7917,36.9511,0.1595
tiny,chip_237_335_merged.tif,0.8,1,86455880,156,36.5986,37.6062,1.0076
tiny,chip_237_335_merged.tif,0.8,2,1853332897,156,36.4685,37.7635,1.295
tiny,chip_237_335_merged.tif,0.8,3,1472726266,156,36.4936,37.1822,0.6885
tiny,chip_237_335_merged.tif,0.8,4,992780748,156,36.7866,37.4664,0.6798
tiny,chip_237_472_merged.tif,0.2,0,1749134831,39,33.5089,34.4244,0.9156
tiny,chip_237_472_merged.tif,0.2,1,1269189313,39,33.0415,34.9143,1.8728
tiny,chip_237_472_merged.tif,0.2,2,888582682,39,30.473,35.0303,4.5573
tiny,chip_237_472_merged.tif,0.2,3,408637164,39,32.2623,34.5672,2.305
tiny,chip_237_472_merged.tif,0.2,4,28030533,39,33.0394,34.8985,1.859
tiny,chip_237_472_merged.tif,0.4,0,1489180611,78,33.0688,31.8513,-1.2175
tiny,chip_237_472_merged.tif,0.4,1,1108573980,78,31.4738,33.9055,2.4318
tiny,chip_237_472_merged.tif,0.4,2,628628462,78,30.6542,33.4928,2.8386
tiny,chip_237_472_merged.tif,0.4,3,248021831,78,31.3278,32.8093,1.4814
tiny,chip_237_472_merged.tif,0.4,4,2014898848,78,31.4733,33.8158,2.3425
tiny,chip_237_472_merged.tif,0.6,0,745882404,117,30.6192,32.1422,1.5229
tiny,chip_237_472_merged.tif,0.6,1,365275773,117,31.1396,33.6978,2.5582
tiny,chip_237_472_merged.tif,0.6,2,2032813903,117,31.0167,33.2147,2.198
tiny,chip_237_472_merged.tif,0.6,3,1652207272,117,31.1674,32.4882,1.3208
tiny,chip_237_472_merged.tif,0.6,4,1271600641,117,30.6879,33.5878,2.8999
tiny,chip_237_472_merged.tif,0.8,0,362629095,156,30.9167,32.3584,1.4417
tiny,chip_237_472_merged.tif,0.8,1,2030167225,156,31.2937,31.4531,0.1594
tiny,chip_237_472_merged.tif,0.8,2,1649560594,156,31.3758,31.6535,0.2777
tiny,chip_237_472_merged.tif,0.8,3,1169615076,156,31.3041,31.9753,0.6712
tiny,chip_237_472_merged.tif,0.8,4,789008445,156,31.3012,32.4825,1.1813
tiny,chip_237_598_merged.tif,0.2,0,772570841,39,30.6938,34.884,4.1902
tiny,chip_237_598_merged.tif,0.2,1,391964210,39,32.3704,34.9706,2.6002
tiny,chip_237_598_merged.tif,0.2,2,2059502340,39,33.4834,33.6825,0.1991
tiny,chip_237_598_merged.tif,0.2,3,1678895709,39,31.1611,34.8631,3.7019
tiny,chip_237_598_merged.tif,0.2,4,1198950191,39,31.058,32.7775,1.7195
tiny,chip_237_598_merged.tif,0.4,0,611955508,78,32.3859,32.7475,0.3616
tiny,chip_237_598_merged.tif,0.4,1,132009990,78,30.8827,33.2167,2.3339
tiny,chip_237_598_merged.tif,0.4,2,1898887007,78,32.7964,33.5075,0.7111
tiny,chip_237_598_merged.tif,0.4,3,1518280376,78,33.1708,32.7959,-0.3749
tiny,chip_237_598_merged.tif,0.4,4,1038334858,78,32.6509,33.3534,0.7025
tiny,chip_237_598_merged.tif,0.6,0,2016140949,117,32.0347,32.8719,0.8372
tiny,chip_237_598_merged.tif,0.6,1,1536195431,117,32.5733,32.8212,0.2479
tiny,chip_237_598_merged.tif,0.6,2,1155588800,117,31.7746,33.1317,1.357
tiny,chip_237_598_merged.tif,0.6,3,774982169,117,31.8765,33.4154,1.5388
tiny,chip_237_598_merged.tif,0.6,4,295036651,117,32.5508,33.2913,0.7406
tiny,chip_237_598_merged.tif,0.8,0,1533548753,156,31.6134,32.0924,0.479
tiny,chip_237_598_merged.tif,0.8,1,1152942122,156,31.6154,31.96,0.3447
tiny,chip_237_598_merged.tif,0.8,2,672996604,156,31.1924,31.9237,0.7312
tiny,chip_237_598_merged.tif,0.8,3,292389973,156,31.4851,31.9436,0.4585
tiny,chip_237_598_merged.tif,0.8,4,1959928103,156,31.2356,31.7259,0.4902
tiny,chip_238_458_merged.tif,0.2,0,1697066177,39,31.5497,32.6104,1.0606
tiny,chip_238_458_merged.tif,0.2,1,1217120659,39,29.7586,32.6763,2.9177
tiny,chip_238_458_merged.tif,0.2,2,836514028,39,31.2642,33.4832,2.2191
tiny,chip_238_458_merged.tif,0.2,3,356568510,39,31.3423,32.7932,1.4509
tiny,chip_238_458_merged.tif,0.2,4,2123445527,39,30.8447,33.2601,2.4154
tiny,chip_238_458_merged.tif,0.4,0,1437111957,78,29.6168,32.8741,3.2572
tiny,chip_238_458_merged.tif,0.4,1,1056505326,78,29.616,31.3609,1.7449
tiny,chip_238_458_merged.tif,0.4,2,675898695,78,29.7173,31.5492,1.8318
tiny,chip_238_458_merged.tif,0.4,3,195953177,78,28.8907,32.4763,3.5855
tiny,chip_238_458_merged.tif,0.4,4,1962830194,78,29.9171,32.6452,2.7281
tiny,chip_238_458_merged.tif,0.6,0,693813750,117,29.5878,31.8523,2.2644
tiny,chip_238_458_merged.tif,0.6,1,313207119,117,29.6261,32.4361,2.81
tiny,chip_238_458_merged.tif,0.6,2,2080084136,117,29.7789,31.8767,2.0978
tiny,chip_238_458_merged.tif,0.6,3,1600138618,117,29.5578,31.6424,2.0846
tiny,chip_238_458_merged.tif,0.6,4,1219531987,117,28.5816,31.3128,2.7312
tiny,chip_238_458_merged.tif,0.8,0,310560441,156,28.5808,31.4181,2.8374
tiny,chip_238_458_merged.tif,0.8,1,1978098571,156,28.5641,31.5289,2.9648
tiny,chip_238_458_merged.tif,0.8,2,1597491940,156,29.2318,30.1402,0.9084
tiny,chip_238_458_merged.tif,0.8,3,1117546422,156,28.5769,30.7061,2.1292
tiny,chip_238_458_merged.tif,0.8,4,736939791,156,28.7218,30.5757,1.8539
tiny,chip_239_277_merged.tif,0.2,0,1515405718,39,34.3878,36.459,2.0712
tiny,chip_239_277_merged.tif,0.2,1,1035460200,39,27.5663,37.6338,10.0674
tiny,chip_239_277_merged.tif,0.2,2,654853569,39,36.2229,37.5914,1.3684
tiny,chip_239_277_merged.tif,0.2,3,174908051,39,35.7958,40.1816,4.3858
tiny,chip_239_277_merged.tif,0.2,4,1941785068,39,35.3095,37.8674,2.558
tiny,chip_239_277_merged.tif,0.4,0,450130648,78,32.2545,36.8178,4.5633
tiny,chip_239_277_merged.tif,0.4,1,69524017,78,34.0588,37.059,3.0002
tiny,chip_239_277_merged.tif,0.4,2,1737062147,78,34.7292,36.8976,2.1684
tiny,chip_239_277_merged.tif,0.4,3,1356455516,78,31.5368,37.0199,5.4831
tiny,chip_239_277_merged.tif,0.4,4,876509998,78,32.2529,38.2125,5.9595
tiny,chip_239_277_merged.tif,0.6,0,512153291,117,31.7661,35.6774,3.9113
tiny,chip_239_277_merged.tif,0.6,1,131546660,117,34.0159,36.185,2.1691
tiny,chip_239_277_merged.tif,0.6,2,1898423677,117,33.9312,37.0062,3.075
tiny,chip_239_277_merged.tif,0.6,3,1418478159,117,33.5093,36.5193,3.01
tiny,chip_239_277_merged.tif,0.6,4,1037871528,117,32.4789,34.8505,2.3716
tiny,chip_239_277_merged.tif,0.8,0,128899982,156,30.5747,34.6547,4.0799
tiny,chip_239_277_merged.tif,0.8,1,1796438112,156,32.5823,32.0269,-0.5553
tiny,chip_239_277_merged.tif,0.8,2,1415831481,156,32.5805,34.4687,1.8882
tiny,chip_239_277_merged.tif,0.8,3,935885963,156,30.6054,34.0288,3.4234
tiny,chip_239_277_merged.tif,0.8,4,555279332,156,30.5625,33.1573,2.5947
tiny,chip_239_281_merged.tif,0.2,0,1182386601,39,32.832,36.8802,4.0482
tiny,chip_239_281_merged.tif,0.2,1,801779970,39,37.0571,38.1706,1.1135
tiny,chip_239_281_merged.tif,0.2,2,321834452,39,33.8944,35.9862,2.0919
tiny,chip_239_281_merged.tif,0.2,3,2088711469,39,33.0629,39.3622,6.2993
tiny,chip_239_281_merged.tif,0.2,4,1708104838,39,37.2622,38.128,0.8658
tiny,chip_239_281_merged.tif,0.4,0,216450418,78,31.6953,36.2409,4.5456
tiny,chip_239_281_merged.tif,0.4,1,1883988548,78,33.7253,37.2082,3.4829
tiny,chip_239_281_merged.tif,0.4,2,1503381917,78,32.8976,37.0687,4.171
tiny,chip_239_281_merged.tif,0.4,3,1023436399,78,30.1978,36.1613,5.9636
tiny,chip_239_281_merged.tif,0.4,4,642829768,78,32.8771,37.1154,4.2383
tiny,chip_239_281_merged.tif,0.6,0,278473061,117,30.3945,35.6108,5.2163
tiny,chip_239_281_merged.tif,0.6,1,2045350078,117,31.1248,34.2585,3.1338
tiny,chip_239_281_merged.tif,0.6,2,1565404560,117,33.0526,35.0962,2.0436
tiny,chip_239_281_merged.tif,0.6,3,1184797929,117,32.6236,36.3323,3.7088
tiny,chip_239_281_merged.tif,0.6,4,704852411,117,33.2823,36.204,2.9217
tiny,chip_239_281_merged.tif,0.8,0,1943364513,156,32.9041,34.6414,1.7373
tiny,chip_239_281_merged.tif,0.8,1,1562757882,156,32.0567,33.6789,1.6223
tiny,chip_239_281_merged.tif,0.8,2,1082812364,156,30.8546,34.2174,3.3628
tiny,chip_239_281_merged.tif,0.8,3,702205733,156,32.0524,32.6727,0.6203
tiny,chip_239_281_merged.tif,0.8,4,222260215,156,30.7315,32.8367,2.1052
tiny,chip_239_283_merged.tif,0.2,0,458780436,39,30.6039,36.2595,5.6557
tiny,chip_239_283_merged.tif,0.2,1,78173805,39,31.9247,35.707,3.7823
tiny,chip_239_283_merged.tif,0.2,2,1745711935,39,30.9537,35.4841,4.5304
tiny,chip_239_283_merged.tif,0.2,3,1365105304,39,33.3649,35.0732,1.7084
tiny,chip_239_283_merged.tif,0.2,4,885159786,39,32.5008,35.4942,2.9934
tiny,chip_239_283_merged.tif,0.4,0,298165103,78,31.7379,35.2098,3.4718
tiny,chip_239_283_merged.tif,0.4,1,2065042120,78,31.8433,35.25,3.4066
tiny,chip_239_283_merged.tif,0.4,2,1585096602,78,30.3689,34.9982,4.6294
tiny,chip_239_283_merged.tif,0.4,3,1204489971,78,31.7364,35.2863,3.5498
tiny,chip_239_283_merged.tif,0.4,4,724544453,78,30.37,34.8658,4.4958
tiny,chip_239_283_merged.tif,0.6,0,1702350544,117,30.8685,33.7612,2.8927
tiny,chip_239_283_merged.tif,0.6,1,1321743913,117,31.6994,34.0192,2.3198
tiny,chip_239_283_merged.tif,0.6,2,841798395,117,29.5924,34.5662,4.9739
tiny,chip_239_283_merged.tif,0.6,3,461191764,117,29.3317,34.2468,4.9152
tiny,chip_239_283_merged.tif,0.6,4,2128729894,117,30.6983,34.0317,3.3334
tiny,chip_239_283_merged.tif,0.8,0,1219758348,156,29.6443,31.3888,1.7445
tiny,chip_239_283_merged.tif,0.8,1,839151717,156,29.9456,32.6592,2.7136
tiny,chip_239_283_merged.tif,0.8,2,359206199,156,29.9289,31.7285,1.7996
tiny,chip_239_283_merged.tif,0.8,3,2126083216,156,29.2299,31.8118,2.5819
tiny,chip_239_283_merged.tif,0.8,4,1646137698,156,29.2246,31.1885,1.9639
tiny,chip_239_336_merged.tif,0.2,0,1706258226,39,39.0092,39.2036,0.1944
tiny,chip_239_336_merged.tif,0.2,1,1226312708,39,36.8755,38.3701,1.4946
tiny,chip_239_336_merged.tif,0.2,2,845706077,39,37.2067,38.371,1.1643
tiny,chip_239_336_merged.tif,0.2,3,365760559,39,37.314,39.2569,1.9429
tiny,chip_239_336_merged.tif,0.2,4,2132637576,39,37.3139,36.4015,-0.9124
tiny,chip_239_336_merged.tif,0.4,0,1446304006,78,37.6689,38.1719,0.503
tiny,chip_239_336_merged.tif,0.4,1,1065697375,78,37.6688,37.5629,-0.1059
tiny,chip_239_336_merged.tif,0.4,2,685090744,78,36.7639,38.5691,1.8053
tiny,chip_239_336_merged.tif,0.4,3,205145226,78,37.9721,37.984,0.0119
tiny,chip_239_336_merged.tif,0.4,4,1972022243,78,38.5923,37.4604,-1.1319
tiny,chip_239_336_merged.tif,0.6,0,802344686,117,37.2525,37.7344,0.4819
tiny,chip_239_336_merged.tif,0.6,1,322399168,117,37.1813,37.5848,0.4035
tiny,chip_239_336_merged.tif,0.6,2,2089276185,117,37.5565,37.835,0.2785
tiny,chip_239_336_merged.tif,0.6,3,1609330667,117,36.8573,37.308,0.4507
tiny,chip_239_336_merged.tif,0.6,4,1228724036,117,37.1953,37.2942,0.0989
tiny,chip_239_336_merged.tif,0.8,0,319752490,156,36.9765,37.1766,0.2
tiny,chip_239_336_merged.tif,0.8,1,1987290620,156,36.8303,37.4206,0.5903
tiny,chip_239_336_merged.tif,0.8,2,1606683989,156,36.9847,37.3612,0.3766
tiny,chip_239_336_merged.tif,0.8,3,1126738471,156,36.8353,37.6083,0.773
tiny,chip_239_336_merged.tif,0.8,4,746131840,156,36.9499,37.1896,0.2397
tiny,chip_240_276_merged.tif,0.2,0,913401520,39,35.0135,36.4788,1.4652
tiny,chip_240_276_merged.tif,0.2,1,532794889,39,30.927,38.6393,7.7123
tiny,chip_240_276_merged.tif,0.2,2,52849371,39,36.5061,37.8229,1.3168
tiny,chip_240_276_merged.tif,0.2,3,1819726388,39,32.6456,37.9019,5.2563
tiny,chip_240_276_merged.tif,0.2,4,1339780870,39,35.5364,38.0568,2.5204
tiny,chip_240_276_merged.tif,0.4,0,752786187,78,32.3109,37.3841,5.0732
tiny,chip_240_276_merged.tif,0.4,1,272840669,78,33.2585,36.9077,3.6492
tiny,chip_240_276_merged.tif,0.4,2,2039717686,78,32.2228,36.1345,3.9117
tiny,chip_240_276_merged.tif,0.4,3,1659111055,78,32.4419,35.6082,3.1663
tiny,chip_240_276_merged.tif,0.4,4,1179165537,78,33.201,37.0368,3.8358
tiny,chip_240_276_merged.tif,0.6,0,9487980,117,31.9752,32.4673,0.4921
tiny,chip_240_276_merged.tif,0.6,1,1677026110,117,32.6839,36.4257,3.7418
tiny,chip_240_276_merged.tif,0.6,2,1296419479,117,32.0727,36.9732,4.9005
tiny,chip_240_276_merged.tif,0.6,3,915812848,117,31.9639,34.5009,2.5369
tiny,chip_240_276_merged.tif,0.6,4,435867330,117,32.6311,34.8403,2.2092
tiny,chip_240_276_merged.tif,0.8,0,1674379432,156,31.6614,34.3013,2.6399
tiny,chip_240_276_merged.tif,0.8,1,1293772801,156,32.5254,32.9119,0.3865
tiny,chip_240_276_merged.tif,0.8,2,813827283,156,31.7466,34.4203,2.6736
tiny,chip_240_276_merged.tif,0.8,3,433220652,156,32.7364,33.7307,0.9943
tiny,chip_240_276_merged.tif,0.8,4,2100758782,156,31.769,33.786,2.017
tiny,chip_240_588_merged.tif,0.2,0,676960628,39,29.6048,32.8815,3.2767
tiny,chip_240_588_merged.tif,0.2,1,197015110,39,31.2033,33.3479,2.1445
tiny,chip_240_588_merged.tif,0.2,2,1963892127,39,30.0581,32.962,2.9039
tiny,chip_240_588_merged.tif,0.2,3,1483946609,39,30.3682,32.56,2.1918
tiny,chip_240_588_merged.tif,0.2,4,1103339978,39,30.0577,32.1631,2.1054
tiny,chip_240_588_merged.tif,0.4,0,417006408,78,31.4426,33.0288,1.5862
tiny,chip_240_588_merged.tif,0.4,1,36399777,78,30.8241,32.9123,2.0881
tiny,chip_240_588_merged.tif,0.4,2,1803276794,78,31.4772,32.8327,1.3555
tiny,chip_240_588_merged.tif,0.4,3,1323331276,78,31.4951,32.6102,1.1151
tiny,chip_240_588_merged.tif,0.4,4,942724645,78,31.478,31.7553,0.2774
tiny,chip_240_588_merged.tif,0.6,0,1821191849,117,31.5198,31.9909,0.4711
tiny,chip_240_588_merged.tif,0.6,1,1440585218,117,30.4399,32.2904,1.8505
tiny,chip_240_588_merged.tif,0.6,2,1059978587,117,31.2242,31.975,0.7508
tiny,chip_240_588_merged.tif,0.6,3,580033069,117,31.3988,32.4543,1.0556
tiny,chip_240_588_merged.tif,0.6,4,199426438,117,31.4142,32.0878,0.6737
tiny,chip_240_588_merged.tif,0.8,0,1437938540,156,31.0373,31.2864,0.2491
tiny,chip_240_588_merged.tif,0.8,1,957993022,156,30.6411,31.2735,0.6323
tiny,chip_240_588_merged.tif,0.8,2,577386391,156,31.0671,31.8744,0.8073
tiny,chip_240_588_merged.tif,0.8,3,97440873,156,30.9452,31.03,0.0847
tiny,chip_240_588_merged.tif,0.8,4,1864317890,156,30.7926,31.3457,0.5531
tiny,chip_241_475_merged.tif,0.2,0,1294655915,39,32.2234,33.4328,1.2094
tiny,chip_241_475_merged.tif,0.2,1,814710397,39,30.517,33.7175,3.2004
tiny,chip_241_475_merged.tif,0.2,2,434103766,39,32.2255,33.2968,1.0714
tiny,chip_241_475_merged.tif,0.2,3,53497135,39,30.8516,33.3799,2.5283
tiny,chip_241_475_merged.tif,0.2,4,1721035265,39,32.3669,33.3142,0.9474
tiny,chip_241_475_merged.tif,0.4,0,1134040582,78,30.7039,32.586,1.882
tiny,chip_241_475_merged.tif,0.4,1,654095064,78,32.0488,33.0111,0.9622
tiny,chip_241_475_merged.tif,0.4,2,273488433,78,31.7511,32.9887,1.2376
tiny,chip_241_475_merged.tif,0.4,3,1941026563,78,30.6973,32.9666,2.2692
tiny,chip_241_475_merged.tif,0.4,4,1560419932,78,30.6998,33.0448,2.3449
tiny,chip_241_475_merged.tif,0.6,0,390742375,117,30.7058,32.3578,1.652
tiny,chip_241_475_merged.tif,0.6,1,2058280505,117,31.1147,32.0097,0.8951
tiny,chip_241_475_merged.tif,0.6,2,1677673874,117,31.1456,32.1737,1.0281
tiny,chip_241_475_merged.tif,0.6,3,1197728356,117,30.9937,32.4357,1.442
tiny,chip_241_475_merged.tif,0.6,4,817121725,117,31.0437,31.9945,0.9509
tiny,chip_241_475_merged.tif,0.8,0,2055633827,156,31.0396,31.1489,0.1092
tiny,chip_241_475_merged.tif,0.8,1,1575688309,156,30.1429,31.0474,0.9045
tiny,chip_241_475_merged.tif,0.8,2,1195081678,156,30.0571,31.4339,1.3768
tiny,chip_241_475_merged.tif,0.8,3,814475047,156,30.6952,31.4682,0.773
tiny,chip_241_475_merged.tif,0.8,4,334529529,156,29.9079,31.4699,1.562
tiny,chip_242_336_merged.tif,0.2,0,47179690,39,32.4307,36.1471,3.7164
tiny,chip_242_336_merged.tif,0.2,1,1714717820,39,32.7923,35.9938,3.2015
tiny,chip_242_336_merged.tif,0.2,2,1334111189,39,32.8404,36.4652,3.6249
tiny,chip_242_336_merged.tif,0.2,3,854165671,39,33.5696,35.2586,1.689
tiny,chip_242_336_merged.tif,0.2,4,473559040,39,30.4644,36.0131,5.5487
tiny,chip_242_336_merged.tif,0.4,0,1129388268,78,31.4361,35.1616,3.7255
tiny,chip_242_336_merged.tif,0.4,1,748781637,78,31.8869,34.9157,3.0288
tiny,chip_242_336_merged.tif,0.4,2,268836119,78,31.14,35.1636,4.0235
tiny,chip_242_336_merged.tif,0.4,3,2035713136,78,30.5434,34.9234,4.38
tiny,chip_242_336_merged.tif,0.4,4,1555767618,78,29.839,34.67,4.8311
tiny,chip_242_336_merged.tif,0.6,0,1191410911,117,30.9471,34.1944,3.2473
tiny,chip_242_336_merged.tif,0.6,1,810804280,117,30.3705,34.0938,3.7233
tiny,chip_242_336_merged.tif,0.6,2,430197649,117,30.7631,34.3155,3.5524
tiny,chip_242_336_merged.tif,0.6,3,2097735779,117,31.0259,34.0718,3.0459
tiny,chip_242_336_merged.tif,0.6,4,1717129148,117,30.1121,33.8301,3.718
tiny,chip_242_336_merged.tif,0.8,0,808157602,156,30.0127,32.3742,2.3615
tiny,chip_242_336_merged.tif,0.8,1,328212084,156,29.7713,31.9712,2.2
tiny,chip_242_336_merged.tif,0.8,2,2095089101,156,29.7565,31.9672,2.2108
tiny,chip_242_336_merged.tif,0.8,3,1615143583,156,29.7687,32.6117,2.843
tiny,chip_242_336_merged.tif,0.8,4,1234536952,156,30.5374,32.8443,2.3069
tiny,chip_243_452_merged.tif,0.2,0,1095261144,39,29.3932,32.2318,2.8387
tiny,chip_243_452_merged.tif,0.2,1,615315626,39,30.3905,32.3191,1.9286
tiny,chip_243_452_merged.tif,0.2,2,234708995,39,29.6328,30.7916,1.1588
tiny,chip_243_452_merged.tif,0.2,3,1902247125,39,30.9454,31.4928,0.5474
tiny,chip_243_452_merged.tif,0.2,4,1521640494,39,29.6718,31.1766,1.5049
tiny,chip_243_452_merged.tif,0.4,0,29986074,78,29.3989,31.1518,1.7529
tiny,chip_243_452_merged.tif,0.4,1,1796863091,78,29.9299,31.2656,1.3357
tiny,chip_243_452_merged.tif,0.4,2,1316917573,78,29.2303,31.2491,2.0189
tiny,chip_243_452_merged.tif,0.4,3,936310942,78,29.2053,31.3603,2.155
tiny,chip_243_452_merged.tif,0.4,4,456365424,78,29.4001,31.8416,2.4414
tiny,chip_243_452_merged.tif,0.6,0,92008717,117,28.4569,30.485,2.0281
tiny,chip_243_452_merged.tif,0.6,1,1858885734,117,29.222,30.9138,1.6918
tiny,chip_243_452_merged.tif,0.6,2,1478279103,117,28.7619,30.6257,1.8639
tiny,chip_243_452_merged.tif,0.6,3,998333585,117,28.5234,30.3609,1.8374
tiny,chip_243_452_merged.tif,0.6,4,617726954,117,29.1316,30.7039,1.5722
tiny,chip_243_452_merged.tif,0.8,0,1856239056,156,29.0651,30.1125,1.0474
tiny,chip_243_452_merged.tif,0.8,1,1376293538,156,28.7885,29.7254,0.9369
tiny,chip_243_452_merged.tif,0.8,2,995686907,156,29.056,29.4834,0.4274
tiny,chip_243_452_merged.tif,0.8,3,515741389,156,28.2579,30.0645,1.8066
tiny,chip_243_452_merged.tif,0.8,4,135134758,156,28.0928,30.241,2.1482
tiny,chip_243_589_merged.tif,0.2,0,1989286054,39,31.0461,32.8127,1.7666
tiny,chip_243_589_merged.tif,0.2,1,1608679423,39,31.5276,33.3112,1.7837
tiny,chip_243_589_merged.tif,0.2,2,1128733905,39,31.463,32.6089,1.1459
tiny,chip_243_589_merged.tif,0.2,3,748127274,39,30.6738,34.1587,3.4849
tiny,chip_243_589_merged.tif,0.2,4,268181756,39,31.4637,33.5562,2.0925
tiny,chip_243_589_merged.tif,0.4,0,1828670721,78,30.7443,33.0061,2.2618
tiny,chip_243_589_merged.tif,0.4,1,1348725203,78,30.2343,32.2531,2.0188
tiny,chip_243_589_merged.tif,0.4,2,968118572,78,30.2039,32.8906,2.6867
tiny,chip_243_589_merged.tif,0.4,3,488173054,78,31.0967,32.1876,1.0909
tiny,chip_243_589_merged.tif,0.4,4,107566423,78,31.1721,32.1448,0.9728
tiny,chip_243_589_merged.tif,0.6,0,1085372514,117,30.1326,32.1615,2.0289
tiny,chip_243_589_merged.tif,0.6,1,605426996,117,30.1418,32.2734,2.1317
tiny,chip_243_589_merged.tif,0.6,2,224820365,117,30.8752,32.6064,1.7312
tiny,chip_243_589_merged.tif,0.6,3,1991697382,117,30.1071,32.0141,1.907
tiny,chip_243_589_merged.tif,0.6,4,1511751864,117,30.8388,31.797,0.9582
tiny,chip_243_589_merged.tif,0.8,0,602780318,156,30.5444,31.2245,0.6801
tiny,chip_243_589_merged.tif,0.8,1,222173687,156,30.2561,30.868,0.6119
tiny,chip_243_589_merged.tif,0.8,2,1889711817,156,29.8077,31.6008,1.7931
tiny,chip_243_589_merged.tif,0.8,3,1509105186,156,29.5636,31.5552,1.9916
tiny,chip_243_589_merged.tif,0.8,4,1029159668,156,29.7793,31.2575,1.4781
tiny,chip_244_335_merged.tif,0.2,0,826318062,39,31.867,35.8996,4.0326
tiny,chip_244_335_merged.tif,0.2,1,346372544,39,32.3092,34.7505,2.4413
tiny,chip_244_335_merged.tif,0.2,2,2113249561,39,33.0756,36.0591,2.9836
tiny,chip_244_335_merged.tif,0.2,3,1633304043,39,33.0717,35.3158,2.2442
tiny,chip_244_335_merged.tif,0.2,4,1252697412,39,32.8061,34.0646,1.2584
tiny,chip_244_335_merged.tif,0.4,0,566363842,78,31.8998,35.0122,3.1124
tiny,chip_244_335_merged.tif,0.4,1,185757211,78,31.1818,34.8136,3.6318
tiny,chip_244_335_merged.tif,0.4,2,1952634228,78,32.08,34.6698,2.5898
tiny,chip_244_335_merged.tif,0.4,3,1472688710,78,31.276,34.6718,3.3958
tiny,chip_244_335_merged.tif,0.4,4,1092082079,78,31.2749,35.3763,4.1014
tiny,chip_244_335_merged.tif,0.6,0,2069888170,117,31.2598,34.1337,2.8739
tiny,chip_244_335_merged.tif,0.6,1,1589942652,117,31.2619,33.5926,2.3306
tiny,chip_244_335_merged.tif,0.6,2,1209336021,117,31.2221,34.4268,3.2046
tiny,chip_244_335_merged.tif,0.6,3,729390503,117,30.8784,33.8551,2.9766
tiny,chip_244_335_merged.tif,0.6,4,348783872,117,31.0984,33.7417,2.6434
tiny,chip_244_335_merged.tif,0.8,0,1587295974,156,31.0659,32.5181,1.4522
tiny,chip_244_335_merged.tif,0.8,1,1107350456,156,30.7981,32.8911,2.0929
tiny,chip_244_335_merged.tif,0.8,2,726743825,156,30.7406,31.905,1.1644
tiny,chip_244_335_merged.tif,0.8,3,246798307,156,30.6479,32.9381,2.2902
tiny,chip_244_335_merged.tif,0.8,4,2013675324,156,30.977,32.4807,1.5037
tiny,chip_244_446_merged.tif,0.2,0,1903644040,39,30.6407,32.5039,1.8632
tiny,chip_244_446_merged.tif,0.2,1,1423698522,39,30.6483,32.0713,1.423
tiny,chip_244_446_merged.tif,0.2,2,1043091891,39,30.6181,31.9404,1.3223
tiny,chip_244_446_merged.tif,0.2,3,662485260,39,29.8068,32.0561,2.2493
tiny,chip_244_446_merged.tif,0.2,4,182539742,39,30.7799,32.4759,1.696
tiny,chip_244_446_merged.tif,0.4,0,838368970,78,30.0338,32.0253,1.9915
tiny,chip_244_446_merged.tif,0.4,1,457762339,78,29.9988,31.5784,1.5796
tiny,chip_244_446_merged.tif,0.4,2,2125300469,78,30.1293,31.5509,1.4217
tiny,chip_244_446_merged.tif,0.4,3,1744693838,78,28.5227,32.2098,3.6871
tiny,chip_244_446_merged.tif,0.4,4,1364087207,78,30.061,31.5106,1.4496
tiny,chip_244_446_merged.tif,0.6,0,999730500,117,29.6475,31.2729,1.6254
tiny,chip_244_446_merged.tif,0.6,1,519784982,117,29.8712,31.067,1.1958
tiny,chip_244_446_merged.tif,0.6,2,139178351,117,29.6704,31.6186,1.9482
tiny,chip_244_446_merged.tif,0.6,3,1806716481,117,29.8639,31.347,1.4831
tiny,chip_244_446_merged.tif,0.6,4,1426109850,117,29.7487,30.6567,0.908
tiny,chip_244_446_merged.tif,0.8,0,517138304,156,29.8354,30.5752,0.7398
tiny,chip_244_446_merged.tif,0.8,1,37192786,156,29.8295,30.835,1.0054
tiny,chip_244_446_merged.tif,0.8,2,1804069803,156,28.7686,30.8307,2.0621
tiny,chip_244_446_merged.tif,0.8,3,1423463172,156,28.7827,30.5456,1.7629
tiny,chip_244_446_merged.tif,0.8,4,943517654,156,28.8693,30.4547,1.5854
tiny,chip_244_594_merged.tif,0.2,0,851840217,39,31.6038,33.9992,2.3954
tiny,chip_244_594_merged.tif,0.2,1,471233586,39,32.3119,34.6792,2.3673
tiny,chip_244_594_merged.tif,0.2,2,2138771716,39,31.9213,33.4892,1.5679
tiny,chip_244_594_merged.tif,0.2,3,1758165085,39,31.6668,33.7204,2.0537
tiny,chip_244_594_merged.tif,0.2,4,1278219567,39,32.2701,33.3902,1.12
tiny,chip_244_594_merged.tif,0.4,0,1934048795,78,31.9639,33.0956,1.1317
tiny,chip_244_594_merged.tif,0.4,1,1553442164,78,31.9845,33.2715,1.287
tiny,chip_244_594_merged.tif,0.4,2,1172835533,78,31.7315,33.0099,1.2784
tiny,chip_244_594_merged.tif,0.4,3,692890015,78,31.4532,32.8311,1.3779
tiny,chip_244_594_merged.tif,0.4,4,312283384,78,31.9758,33.3868,1.411
tiny,chip_244_594_merged.tif,0.6,0,2095410325,117,31.6026,32.5276,0.9249
tiny,chip_244_594_merged.tif,0.6,1,1615464807,117,31.6102,32.7376,1.1275
tiny,chip_244_594_merged.tif,0.6,2,1234858176,117,31.7589,32.2746,0.5157
tiny,chip_244_594_merged.tif,0.6,3,854251545,117,32.0115,32.5097,0.4982
tiny,chip_244_594_merged.tif,0.6,4,374306027,117,31.8162,32.797,0.9808
tiny,chip_244_594_merged.tif,0.8,0,1612818129,156,31.3841,32.0916,0.7075
tiny,chip_244_594_merged.tif,0.8,1,1232211498,156,31.3777,32.3465,0.9688
tiny,chip_244_594_merged.tif,0.8,2,752265980,156,31.6387,32.4039,0.7652
tiny,chip_244_594_merged.tif,0.8,3,371659349,156,31.6696,32.0865,0.4169
tiny,chip_244_594_merged.tif,0.8,4,2039197479,156,31.4097,31.6804,0.2707
tiny,chip_245_593_merged.tif,0.2,0,933292202,39,30.5531,31.9681,1.415
tiny,chip_245_593_merged.tif,0.2,1,552685571,39,27.8431,31.9683,4.1252
tiny,chip_245_593_merged.tif,0.2,2,72740053,39,30.2231,31.6718,1.4487
tiny,chip_245_593_merged.tif,0.2,3,1839617070,39,29.1565,32.3618,3.2053
tiny,chip_245_593_merged.tif,0.2,4,1359671552,39,30.1383,32.8965,2.7581
tiny,chip_245_593_merged.tif,0.4,0,772676869,78,29.9523,32.4294,2.4771
tiny,chip_245_593_merged.tif,0.4,1,292731351,78,30.4814,32.5824,2.101
tiny,chip_245_593_merged.tif,0.4,2,2059608368,78,29.8709,32.4327,2.5618
tiny,chip_245_593_merged.tif,0.4,3,1579662850,78,29.7671,32.2273,2.4603
tiny,chip_245_593_merged.tif,0.4,4,1199056219,78,29.8707,31.6037,1.7331
tiny,chip_245_593_merged.tif,0.6,0,29378662,117,28.7773,31.0853,2.3079
tiny,chip_245_593_merged.tif,0.6,1,1696916792,117,28.756,31.0919,2.3359
tiny,chip_245_593_merged.tif,0.6,2,1316310161,117,29.0964,31.6521,2.5557
tiny,chip_245_593_merged.tif,0.6,3,935703530,117,28.4525,31.2957,2.8432
tiny,chip_245_593_merged.tif,0.6,4,455758012,117,29.5557,31.5997,2.044
tiny,chip_245_593_merged.tif,0.8,0,1694270114,156,29.006,30.4221,1.4161
tiny,chip_245_593_merged.tif,0.8,1,1313663483,156,29.14,30.4017,1.2617
tiny,chip_245_593_merged.tif,0.8,2,833717965,156,29.5844,30.6928,1.1084
tiny,chip_245_593_merged.tif,0.8,3,453111334,156,29.5406,30.01,0.4694
tiny,chip_245_593_merged.tif,0.8,4,2120649464,156,29.213,30.5759,1.3629
tiny,chip_246_444_merged.tif,0.2,0,1277929945,39,28.8601,32.3394,3.4793
tiny,chip_246_444_merged.tif,0.2,1,897323314,39,28.8605,32.0196,3.1592
tiny,chip_246_444_merged.tif,0.2,2,516716683,39,29.3519,31.8816,2.5297
tiny,chip_246_444_merged.tif,0.2,3,36771165,39,29.9095,32.4024,2.4929
tiny,chip_246_444_merged.tif,0.2,4,1803648182,39,29.2536,31.8494,2.5957
tiny,chip_246_444_merged.tif,0.4,0,311993762,78,30.7361,31.5785,0.8425
tiny,chip_246_444_merged.tif,0.4,1,1979531892,78,29.3945,31.6122,2.2177
tiny,chip_246_444_merged.tif,0.4,2,1598925261,78,29.5312,31.3428,1.8116
tiny,chip_246_444_merged.tif,0.4,3,1218318630,78,28.7073,31.4567,2.7493
tiny,chip_246_444_merged.tif,0.4,4,738373112,78,29.7144,31.5367,1.8223
tiny,chip_246_444_merged.tif,0.6,0,374016405,117,29.3705,30.7941,1.4236
tiny,chip_246_444_merged.tif,0.6,1,2140893422,117,29.3597,30.6004,1.2407
tiny,chip_246_444_merged.tif,0.6,2,1660947904,117,28.6945,30.9232,2.2287
tiny,chip_246_444_merged.tif,0.6,3,1280341273,117,29.2005,31.2327,2.0322
tiny,chip_246_444_merged.tif,0.6,4,800395755,117,28.8488,31.2449,2.3961
tiny,chip_246_444_merged.tif,0.8,0,2038907857,156,29.2416,30.0872,0.8455
tiny,chip_246_444_merged.tif,0.8,1,1658301226,156,29.2933,29.8576,0.5643
tiny,chip_246_444_merged.tif,0.8,2,1277694595,156,29.2446,30.4777,1.2331
tiny,chip_246_444_merged.tif,0.8,3,797749077,156,29.0245,30.3127,1.2882
tiny,chip_246_444_merged.tif,0.8,4,417142446,156,28.068,30.0616,1.9936
tiny,chip_246_583_merged.tif,0.2,0,168078600,39,33.2426,33.4428,0.2003
tiny,chip_246_583_merged.tif,0.2,1,1835616730,39,33.3957,33.93,0.5343
tiny,chip_246_583_merged.tif,0.2,2,1455010099,39,33.2422,34.2188,0.9766
tiny,chip_246_583_merged.tif,0.2,3,975064581,39,31.756,33.2623,1.5063
tiny,chip_246_583_merged.tif,0.2,4,594457950,39,33.7588,33.5013,-0.2574
tiny,chip_246_583_merged.tif,0.4,0,2055608028,78,32.9708,33.1832,0.2124
tiny,chip_246_583_merged.tif,0.4,1,1675001397,78,32.9971,33.6551,0.658
tiny,chip_246_583_merged.tif,0.4,2,1294394766,78,32.8336,33.1992,0.3657
tiny,chip_246_583_merged.tif,0.4,3,814449248,78,32.8087,33.7522,0.9435
tiny,chip_246_583_merged.tif,0.4,4,433842617,78,33.1661,33.7424,0.5763
tiny,chip_246_583_merged.tif,0.6,0,1312309821,117,32.287,33.2078,0.9208
tiny,chip_246_583_merged.tif,0.6,1,931703190,117,32.2988,33.0543,0.7555
tiny,chip_246_583_merged.tif,0.6,2,551096559,117,32.2871,32.9461,0.659
tiny,chip_246_583_merged.tif,0.6,3,71151041,117,32.2909,32.8658,0.5749
tiny,chip_246_583_merged.tif,0.6,4,1838028058,117,32.2964,33.4961,1.1997
tiny,chip_246_583_merged.tif,0.8,0,929056512,156,32.7777,33.0289,0.2512
tiny,chip_246_583_merged.tif,0.8,1,449110994,156,32.7724,32.7155,-0.0569
tiny,chip_246_583_merged.tif,0.8,2,68504363,156,32.4029,32.5822,0.1794
tiny,chip_246_583_merged.tif,0.8,3,1736042493,156,32.336,32.747,0.411
tiny,chip_246_583_merged.tif,0.8,4,1355435862,156,32.7756,32.8318,0.0562
tiny,chip_246_592_merged.tif,0.2,0,327049328,39,32.7654,33.5633,0.7979
tiny,chip_246_592_merged.tif,0.2,1,2093926345,39,31.6017,33.244,1.6422
tiny,chip_246_592_merged.tif,0.2,2,1713319714,39,31.0248,34.9136,3.8889
tiny,chip_246_592_merged.tif,0.2,3,1233374196,39,32.7626,34.8565,2.0939
tiny,chip_246_592_merged.tif,0.2,4,852767565,39,32.6684,34.6776,2.0092
tiny,chip_246_592_merged.tif,0.4,0,1508596793,78,33.0907,33.1659,0.0752
tiny,chip_246_592_merged.tif,0.4,1,1127990162,78,31.6991,33.1809,1.4817
tiny,chip_246_592_merged.tif,0.4,2,648044644,78,31.6979,34.206,2.5081
tiny,chip_246_592_merged.tif,0.4,3,267438013,78,31.7964,34.3913,2.595
tiny,chip_246_592_merged.tif,0.4,4,1934976143,78,32.3694,33.0603,0.6909
tiny,chip_246_592_merged.tif,0.6,0,1570619436,117,31.2517,32.5117,1.26
tiny,chip_246_592_merged.tif,0.6,1,1190012805,117,31.6389,33.227,1.5881
tiny,chip_246_592_merged.tif,0.6,2,710067287,117,32.0873,33.6719,1.5846
tiny,chip_246_592_merged.tif,0.6,3,329460656,117,32.1233,32.572,0.4487
tiny,chip_246_592_merged.tif,0.6,4,2096337673,117,31.1721,31.9965,0.8244
tiny,chip_246_592_merged.tif,0.8,0,1088027240,156,31.586,32.2439,0.658
tiny,chip_246_592_merged.tif,0.8,1,707420609,156,31.7423,32.5076,0.7653
tiny,chip_246_592_merged.tif,0.8,2,326813978,156,31.5682,31.6548,0.0866
tiny,chip_246_592_merged.tif,0.8,3,1994352108,156,30.6732,31.9412,1.2681
tiny,chip_246_592_merged.tif,0.8,4,1613745477,156,31.6072,31.5292,-0.0781
tiny,chip_248_445_merged.tif,0.2,0,1962386624,39,30.7481,31.8722,1.1241
tiny,chip_248_445_merged.tif,0.2,1,1581779993,39,30.9815,31.3912,0.4097
tiny,chip_248_445_merged.tif,0.2,2,1101834475,39,30.2332,31.7595,1.5263
tiny,chip_248_445_merged.tif,0.2,3,721227844,39,29.5452,31.9749,2.4296
tiny,chip_248_445_merged.tif,0.2,4,340621213,39,29.8945,32.3136,2.4191
tiny,chip_248_445_merged.tif,0.4,0,1801771291,78,30.5627,31.6806,1.1179
tiny,chip_248_445_merged.tif,0.4,1,1421164660,78,29.4639,31.2176,1.7537
tiny,chip_248_445_merged.tif,0.4,2,941219142,78,29.462,31.3028,1.8409
tiny,chip_248_445_merged.tif,0.4,3,560612511,78,30.7234,31.8205,1.0971
tiny,chip_248_445_merged.tif,0.4,4,80666993,78,29.762,30.8229,1.0609
tiny,chip_248_445_merged.tif,0.6,0,1058473084,117,29.8358,31.0175,1.1817
tiny,chip_248_445_merged.tif,0.6,1,677866453,117,29.6021,31.3627,1.7606
tiny,chip_248_445_merged.tif,0.6,2,197920935,117,29.7529,30.6314,0.8786
tiny,chip_248_445_merged.tif,0.6,3,1964797952,117,29.8849,31.0407,1.1558
tiny,chip_248_445_merged.tif,0.6,4,1484852434,117,30.0693,31.3926,1.3233
tiny,chip_248_445_merged.tif,0.8,0,575880888,156,30.0389,30.6787,0.6397
tiny,chip_248_445_merged.tif,0.8,1,195274257,156,29.9728,30.4148,0.4421
tiny,chip_248_445_merged.tif,0.8,2,1862812387,156,29.249,30.8008,1.5518
tiny,chip_248_445_merged.tif,0.8,3,1482205756,156,29.7956,30.3902,0.5946
tiny,chip_248_445_merged.tif,0.8,4,1101599125,156,29.1367,30.5834,1.4467
tiny,chip_248_585_merged.tif,0.2,0,532126311,39,30.0005,32.4882,2.4876
tiny,chip_248_585_merged.tif,0.2,1,52180793,39,31.1523,32.9441,1.7918
tiny,chip_248_585_merged.tif,0.2,2,1819057810,39,30.1734,33.5169,3.3435
tiny,chip_248_585_merged.tif,0.2,3,1339112292,39,30.0004,32.6074,2.607
tiny,chip_248_585_merged.tif,0.2,4,958505661,39,30.1955,33.4532,3.2577
tiny,chip_248_585_merged.tif,0.4,0,272172091,78,30.199,32.5289,2.3299
tiny,chip_248_585_merged.tif,0.4,1,2039049108,78,29.7881,31.7415,1.9534
tiny,chip_248_585_merged.tif,0.4,2,1559103590,78,29.953,31.925,1.972
tiny,chip_248_585_merged.tif,0.4,3,1178496959,78,29.9835,31.3587,1.3751
tiny,chip_248_585_merged.tif,0.4,4,797890328,78,30.7286,31.6755,0.9469
tiny,chip_248_585_merged.tif,0.6,0,1676357532,117,29.8203,31.2736,1.4534
tiny,chip_248_585_merged.tif,0.6,1,1295750901,117,30.0101,30.4393,0.4293
tiny,chip_248_585_merged.tif,0.6,2,915144270,117,29.0458,30.1115,1.0658
tiny,chip_248_585_merged.tif,0.6,3,435198752,117,30.5519,31.798,1.2461
tiny,chip_248_585_merged.tif,0.6,4,54592121,117,29.0456,30.8326,1.787
tiny,chip_248_585_merged.tif,0.8,0,1293104223,156,29.8979,30.2886,0.3907
tiny,chip_248_585_merged.tif,0.8,1,813158705,156,30.1317,30.5943,0.4626
tiny,chip_248_585_merged.tif,0.8,2,432552074,156,29.1956,30.3477,1.152
tiny,chip_248_585_merged.tif,0.8,3,2100090204,156,29.6757,30.2044,0.5287
tiny,chip_248_585_merged.tif,0.8,4,1719483573,156,29.8917,30.2047,0.313
tiny,chip_248_589_merged.tif,0.2,0,2123160680,39,30.5089,31.6505,1.1416
tiny,chip_248_589_merged.tif,0.2,1,1643215162,39,30.1435,31.8381,1.6946
tiny,chip_248_589_merged.tif,0.2,2,1262608531,39,29.0575,32.5609,3.5034
tiny,chip_248_589_merged.tif,0.2,3,882001900,39,31.4263,32.5433,1.117
tiny,chip_248_589_merged.tif,0.2,4,402056382,39,29.4867,32.0313,2.5446
tiny,chip_248_589_merged.tif,0.4,0,1962545347,78,30.3018,31.6672,1.3654
tiny,chip_248_589_merged.tif,0.4,1,1482599829,78,29.3001,31.2257,1.9256
tiny,chip_248_589_merged.tif,0.4,2,1101993198,78,28.222,31.9529,3.7309
tiny,chip_248_589_merged.tif,0.4,3,622047680,78,28.2227,31.3688,3.1461
tiny,chip_248_589_merged.tif,0.4,4,241441049,78,29.8789,31.9682,2.0893
tiny,chip_248_589_merged.tif,0.6,0,1219247140,117,28.9425,30.8007,1.8581
tiny,chip_248_589_merged.tif,0.6,1,739301622,117,28.8049,30.7585,1.9536
tiny,chip_248_589_merged.tif,0.6,2,358694991,117,28.067,31.0457,2.9787
tiny,chip_248_589_merged.tif,0.6,3,2026233121,117,28.3514,31.0787,2.7273
tiny,chip_248_589_merged.tif,0.6,4,1645626490,117,27.8646,30.8366,2.972
tiny,chip_248_589_merged.tif,0.8,0,736654944,156,27.9082,29.7462,1.838
tiny,chip_248_589_merged.tif,0.8,1,256709426,156,29.1817,29.3364,0.1547
tiny,chip_248_589_merged.tif,0.8,2,2023586443,156,28.8222,29.9278,1.1056
tiny,chip_248_589_merged.tif,0.8,3,1642979812,156,29.1682,29.6365,0.4683
tiny,chip_248_589_merged.tif,0.8,4,1163034294,156,28.7484,29.7438,0.9955
tiny,chip_249_270_merged.tif,0.2,0,1330608632,39,33.7641,36.0568,2.2927
tiny,chip_249_270_merged.tif,0.2,1,850663114,39,28.6271,35.6532,7.0262
tiny,chip_249_270_merged.tif,0.2,2,470056483,39,29.0486,35.8129,6.7643
tiny,chip_249_270_merged.tif,0.2,3,89449852,39,29.855,37.5084,7.6535
tiny,chip_249_270_merged.tif,0.2,4,1756987982,39,32.5503,36.6816,4.1313
tiny,chip_249_270_merged.tif,0.4,0,1169993299,78,30.2483,35.6813,5.433
tiny,chip_249_270_merged.tif,0.4,1,690047781,78,29.1795,33.9387,4.7593
tiny,chip_249_270_merged.tif,0.4,2,309441150,78,30.2652,34.2638,3.9986
tiny,chip_249_270_merged.tif,0.4,3,1976979280,78,30.2645,34.861,4.5966
tiny,chip_249_270_merged.tif,0.4,4,1596372649,78,29.1818,35.3213,6.1395
tiny,chip_249_270_merged.tif,0.6,0,426695092,117,27.5714,31.9494,4.378
tiny,chip_249_270_merged.tif,0.6,1,2094233222,117,28.5934,31.7027,3.1093
tiny,chip_249_270_merged.tif,0.6,2,1713626591,117,29.9466,31.481,1.5344
tiny,chip_249_270_merged.tif,0.6,3,1233681073,117,30.5119,32.13,1.618
tiny,chip_249_270_merged.tif,0.6,4,853074442,117,29.1875,34.3676,5.1801
tiny,chip_249_270_merged.tif,0.8,0,2091586544,156,28.217,30.1791,1.9621
tiny,chip_249_270_merged.tif,0.8,1,1611641026,156,29.9578,29.5211,-0.4367
tiny,chip_249_270_merged.tif,0.8,2,1231034395,156,29.3146,31.6239,2.3093
tiny,chip_249_270_merged.tif,0.8,3,850427764,156,28.2229,31.3757,3.1528
tiny,chip_249_270_merged.tif,0.8,4,370482246,156,29.4767,31.4353,1.9586
tiny,chip_250_270_merged.tif,0.2,0,16372307,39,29.4766,36.1898,6.7131
tiny,chip_250_270_merged.tif,0.2,1,1783249324,39,33.7466,36.0946,2.348
tiny,chip_250_270_merged.tif,0.2,2,1303303806,39,34.2011,38.4838,4.2827
tiny,chip_250_270_merged.tif,0.2,3,922697175,39,35.6322,36.1939,0.5617
tiny,chip_250_270_merged.tif,0.2,4,442751657,39,36.14,37.5909,1.4509
tiny,chip_250_270_merged.tif,0.4,0,1098580885,78,31.785,34.542,2.757
tiny,chip_250_270_merged.tif,0.4,1,717974254,78,29.6522,36.1956,6.5434
tiny,chip_250_270_merged.tif,0.4,2,337367623,78,32.4302,36.1151,3.6849
tiny,chip_250_270_merged.tif,0.4,3,2004905753,78,31.9337,36.4328,4.4991
tiny,chip_250_270_merged.tif,0.4,4,1624299122,78,29.6516,36.1986,6.5471
tiny,chip_250_270_merged.tif,0.6,0,1259942415,117,30.9709,35.3826,4.4117
tiny,chip_250_270_merged.tif,0.6,1,779996897,117,32.1426,33.7728,1.6302
tiny,chip_250_270_merged.tif,0.6,2,399390266,117,30.8598,35.1716,4.3117
tiny,chip_250_270_merged.tif,0.6,3,18783635,117,31.1777,33.7125,2.5348
tiny,chip_250_270_merged.tif,0.6,4,1686321765,117,29.6216,36.1325,6.5109
tiny,chip_250_270_merged.tif,0.8,0,777350219,156,29.1119,32.8235,3.7117
tiny,chip_250_270_merged.tif,0.8,1,396743588,156,30.7879,34.4431,3.6552
tiny,chip_250_270_merged.tif,0.8,2,2064281718,156,28.3145,32.8943,4.5798
tiny,chip_250_270_merged.tif,0.8,3,1683675087,156,30.3512,33.2092,2.8581
tiny,chip_250_270_merged.tif,0.8,4,1203729569,156,28.1858,32.8379,4.6521
tiny,chip_250_446_merged.tif,0.2,0,327987266,39,29.891,33.7511,3.8601
tiny,chip_250_446_merged.tif,0.2,1,1995525396,39,29.8169,33.7227,3.9058
tiny,chip_250_446_merged.tif,0.2,2,1614918765,39,31.2256,33.3339,2.1083
tiny,chip_250_446_merged.tif,0.2,3,1234312134,39,31.0416,33.8972,2.8556
tiny,chip_250_446_merged.tif,0.2,4,754366616,39,33.3082,33.1075,-0.2007
tiny,chip_250_446_merged.tif,0.4,0,1410195844,78,30.1527,33.0095,2.8568
tiny,chip_250_446_merged.tif,0.4,1,1029589213,78,31.34,33.4016,2.0616
tiny,chip_250_446_merged.tif,0.4,2,549643695,78,29.7433,33.2922,3.549
tiny,chip_250_446_merged.tif,0.4,3,169037064,78,30.8718,32.6609,1.7891
tiny,chip_250_446_merged.tif,0.4,4,1935914081,78,29.4971,32.987,3.4899
tiny,chip_250_446_merged.tif,0.6,0,1519836500,117,29.7521,32.4014,2.6493
tiny,chip_250_446_merged.tif,0.6,1,1139229869,117,30.0344,31.3633,1.3289
tiny,chip_250_446_merged.tif,0.6,2,659284351,117,29.5687,32.1154,2.5468
tiny,chip_250_446_merged.tif,0.6,3,278677720,117,29.5524,32.221,2.6686
tiny,chip_250_446_merged.tif,0.6,4,1946215850,117,29.8219,32.4073,2.5854
tiny,chip_250_446_merged.tif,0.8,0,283644328,156,29.6743,31.3018,1.6275
tiny,chip_250_446_merged.tif,0.8,1,1951182458,156,29.868,30.8042,0.9363
tiny,chip_250_446_merged.tif,0.8,2,1570575827,156,29.8345,31.2275,1.393
tiny,chip_250_446_merged.tif,0.8,3,1090630309,156,29.8806,31.252,1.3714
tiny,chip_250_446_merged.tif,0.8,4,710023678,156,29.757,31.6278,1.8708
tiny,chip_250_585_merged.tif,0.2,0,1239375123,39,34.1049,36.1097,2.0048
tiny,chip_250_585_merged.tif,0.2,1,759429605,39,33.1131,36.5694,3.4563
tiny,chip_250_585_merged.tif,0.2,2,378822974,39,34.5,36.2489,1.7489
tiny,chip_250_585_merged.tif,0.2,3,2046361104,39,33.9193,35.9215,2.0022
tiny,chip_250_585_merged.tif,0.2,4,1665754473,39,34.5772,35.3715,0.7943
tiny,chip_250_585_merged.tif,0.4,0,174100053,78,34.1815,34.5865,0.405
tiny,chip_250_585_merged.tif,0.4,1,1940977070,78,33.8463,34.6897,0.8434
tiny,chip_250_585_merged.tif,0.4,2,1461031552,78,32.6691,35.0289,2.3598
tiny,chip_250_585_merged.tif,0.4,3,1080424921,78,34.3431,35.263,0.9199
tiny,chip_250_585_merged.tif,0.4,4,600479403,78,35.0379,35.5714,0.5335
tiny,chip_250_585_merged.tif,0.6,0,236122696,117,32.8848,34.8834,1.9986
tiny,chip_250_585_merged.tif,0.6,1,2002999713,117,33.7326,34.1039,0.3713
tiny,chip_250_585_merged.tif,0.6,2,1622393082,117,33.0868,34.6994,1.6126
tiny,chip_250_585_merged.tif,0.6,3,1142447564,117,32.872,34.1225,1.2505
tiny,chip_250_585_merged.tif,0.6,4,761840933,117,34.1392,35.0794,0.9402
tiny,chip_250_585_merged.tif,0.8,0,2000353035,156,33.2496,34.135,0.8854
tiny,chip_250_585_merged.tif,0.8,1,1520407517,156,33.1775,34.6081,1.4306
tiny,chip_250_585_merged.tif,0.8,2,1139800886,156,33.6383,33.9351,0.2968
tiny,chip_250_585_merged.tif,0.8,3,659855368,156,33.2753,33.7707,0.4954
tiny,chip_250_585_merged.tif,0.8,4,279248737,156,33.099,33.7048,0.6058
tiny,chip_250_589_merged.tif,0.2,0,1111102801,39,34.5165,36.5362,2.0197
tiny,chip_250_589_merged.tif,0.2,1,730496170,39,33.3082,37.4359,4.1277
tiny,chip_250_589_merged.tif,0.2,2,250550652,39,34.4922,37.1026,2.6105
tiny,chip_250_589_merged.tif,0.2,3,2017427669,39,36.3832,36.7853,0.4021
tiny,chip_250_589_merged.tif,0.2,4,1537482151,39,35.7481,37.027,1.2789
tiny,chip_250_589_merged.tif,0.4,0,145166618,78,33.3806,36.8971,3.5165
tiny,chip_250_589_merged.tif,0.4,1,1812704748,78,34.6589,36.0893,1.4304
tiny,chip_250_589_merged.tif,0.4,2,1432098117,78,34.0012,36.9619,2.9607
tiny,chip_250_589_merged.tif,0.4,3,952152599,78,34.0154,36.1358,2.1204
tiny,chip_250_589_merged.tif,0.4,4,571545968,78,34.2176,36.5975,2.3799
tiny,chip_250_589_merged.tif,0.6,0,1549352059,117,32.9189,35.6016,2.6828
tiny,chip_250_589_merged.tif,0.6,1,1069406541,117,32.9229,35.626,2.7031
tiny,chip_250_589_merged.tif,0.6,2,688799910,117,33.4736,35.1863,1.7127
tiny,chip_250_589_merged.tif,0.6,3,208854392,117,32.9131,35.5949,2.6818
tiny,chip_250_589_merged.tif,0.6,4,1975731409,117,33.8811,35.7254,1.8443
tiny,chip_250_589_merged.tif,0.8,0,1066759863,156,33.3898,34.9608,1.571
tiny,chip_250_589_merged.tif,0.8,1,586814345,156,32.7297,34.718,1.9883
tiny,chip_250_589_merged.tif,0.8,2,206207714,156,32.9867,34.9183,1.9316
tiny,chip_250_589_merged.tif,0.8,3,1873745844,156,32.9507,34.946,1.9953
tiny,chip_250_589_merged.tif,0.8,4,1493139213,156,34.0291,35.3086,1.2795
tiny,chip_251_259_merged.tif,0.2,0,244317671,39,39.7353,39.8012,0.066
tiny,chip_251_259_merged.tif,0.2,1,2011194688,39,34.8717,37.5424,2.6708
tiny,chip_251_259_merged.tif,0.2,2,1531249170,39,36.1239,39.1205,2.9966
tiny,chip_251_259_merged.tif,0.2,3,1150642539,39,34.0073,38.2639,4.2567
tiny,chip_251_259_merged.tif,0.2,4,770035908,39,36.7308,36.7592,0.0284
tiny,chip_251_259_merged.tif,0.4,0,83702338,78,34.0658,38.0128,3.947
tiny,chip_251_259_merged.tif,0.4,1,1850579355,78,35.0205,36.1481,1.1276
tiny,chip_251_259_merged.tif,0.4,2,1370633837,78,33.4818,37.9673,4.4854
tiny,chip_251_259_merged.tif,0.4,3,990027206,78,32.5811,37.9236,5.3425
tiny,chip_251_259_merged.tif,0.4,4,510081688,78,34.4097,37.6506,3.2409
tiny,chip_251_259_merged.tif,0.6,0,1487887779,117,33.6843,36.2087,2.5244
tiny,chip_251_259_merged.tif,0.6,1,1107281148,117,33.1518,37.3741,4.2224
tiny,chip_251_259_merged.tif,0.6,2,627335630,117,34.8735,36.4811,1.6076
tiny,chip_251_259_merged.tif,0.6,3,246728999,117,34.3649,38.388,4.0231
tiny,chip_251_259_merged.tif,0.6,4,1914267129,117,34.7315,35.6146,0.8831
tiny,chip_251_259_merged.tif,0.8,0,1005295583,156,33.4225,34.646,1.2235
tiny,chip_251_259_merged.tif,0.8,1,624688952,156,35.3566,34.3633,-0.9933
tiny,chip_251_259_merged.tif,0.8,2,144743434,156,33.5403,36.2787,2.7384
tiny,chip_251_259_merged.tif,0.8,3,1911620451,156,33.4388,35.4292,1.9903
tiny,chip_251_259_merged.tif,0.8,4,1531013820,156,34.1929,35.0251,0.8322
tiny,chip_251_418_merged.tif,0.2,0,1581714710,39,32.323,36.1317,3.8087
tiny,chip_251_418_merged.tif,0.2,1,1201108079,39,32.5758,37.595,5.0192
tiny,chip_251_418_merged.tif,0.2,2,820501448,39,32.4653,37.1522,4.687
tiny,chip_251_418_merged.tif,0.2,3,340555930,39,36.2854,37.5031,1.2177
tiny,chip_251_418_merged.tif,0.2,4,2107432947,39,36.2813,36.5104,0.2291
tiny,chip_251_418_merged.tif,0.4,0,1421099377,78,33.9916,36.618,2.6264
tiny,chip_251_418_merged.tif,0.4,1,1040492746,78,36.4663,36.8898,0.4235
tiny,chip_251_418_merged.tif,0.4,2,560547228,78,34.5618,36.5507,1.9888
tiny,chip_251_418_merged.tif,0.4,3,179940597,78,33.3361,36.0796,2.7435
tiny,chip_251_418_merged.tif,0.4,4,1847478727,78,36.2453,36.0291,-0.2162
tiny,chip_251_418_merged.tif,0.6,0,677801170,117,33.1216,36.0345,2.9128
tiny,chip_251_418_merged.tif,0.6,1,297194539,117,34.3612,34.579,0.2178
tiny,chip_251_418_merged.tif,0.6,2,1964732669,117,34.0369,35.5274,1.4905
tiny,chip_251_418_merged.tif,0.6,3,1584126038,117,31.9137,35.1322,3.2185
tiny,chip_251_418_merged.tif,0.6,4,1104180520,117,33.6207,34.8154,1.1946
tiny,chip_251_418_merged.tif,0.8,0,195208974,156,33.9404,33.9654,0.025
tiny,chip_251_418_merged.tif,0.8,1,1962085991,156,32.7609,32.3163,-0.4447
tiny,chip_251_418_merged.tif,0.8,2,1581479360,156,32.8879,34.8372,1.9493
tiny,chip_251_418_merged.tif,0.8,3,1101533842,156,32.9113,34.4296,1.5183
tiny,chip_251_418_merged.tif,0.8,4,720927211,156,33.9747,33.1567,-0.818
tiny,chip_252_264_merged.tif,0.2,0,653833952,39,31.4255,37.6044,6.1789
tiny,chip_252_264_merged.tif,0.2,1,273227321,39,29.7688,35.7312,5.9624
tiny,chip_252_264_merged.tif,0.2,2,1940765451,39,31.6514,34.2897,2.6383
tiny,chip_252_264_merged.tif,0.2,3,1560158820,39,31.3316,35.7718,4.4402
tiny,chip_252_264_merged.tif,0.2,4,1179552189,39,28.0053,35.1329,7.1276
tiny,chip_252_264_merged.tif,0.4,0,1835381417,78,29.0389,35.528,6.4891
tiny,chip_252_264_merged.tif,0.4,1,1355435899,78,29.3859,33.3742,3.9884
tiny,chip_252_264_merged.tif,0.4,2,974829268,78,28.6962,32.5086,3.8124
tiny,chip_252_264_merged.tif,0.4,3,494883750,78,30.3312,33.7734,3.4422
tiny,chip_252_264_merged.tif,0.4,4,114277119,78,28.7212,33.8349,5.1137
tiny,chip_252_264_merged.tif,0.6,0,1897404060,117,28.9979,33.4367,4.4388
tiny,chip_252_264_merged.tif,0.6,1,1516797429,117,28.4066,33.2097,4.803
tiny,chip_252_264_merged.tif,0.6,2,1036851911,117,28.4076,29.6647,1.2571
tiny,chip_252_264_merged.tif,0.6,3,656245280,117,28.9733,34.2284,5.2551
tiny,chip_252_264_merged.tif,0.6,4,176299762,117,28.1442,30.8198,2.6756
tiny,chip_252_264_merged.tif,0.8,0,1414811864,156,28.8675,30.5855,1.7179
tiny,chip_252_264_merged.tif,0.8,1,1034205233,156,26.9577,29.8637,2.906
tiny,chip_252_264_merged.tif,0.8,2,554259715,156,28.544,32.5556,4.0116
tiny,chip_252_264_merged.tif,0.8,3,173653084,156,28.5332,30.9943,2.4611
tiny,chip_252_264_merged.tif,0.8,4,1940530101,156,28.8509,30.1195,1.2686
tiny,chip_252_279_merged.tif,0.2,0,1677051324,39,28.3569,40.0358,11.6789
tiny,chip_252_279_merged.tif,0.2,1,1296444693,39,41.1042,40.2449,-0.8593
tiny,chip_252_279_merged.tif,0.2,2,816499175,39,40.6379,39.4089,-1.229
tiny,chip_252_279_merged.tif,0.2,3,435892544,39,35.4121,39.7106,4.2985
tiny,chip_252_279_merged.tif,0.2,4,2103430674,39,40.5153,38.569,-1.9463
tiny,chip_252_279_merged.tif,0.4,0,1516435991,78,27.676,39.5852,11.9092
tiny,chip_252_279_merged.tif,0.4,1,1036490473,78,29.9826,38.8743,8.8917
tiny,chip_252_279_merged.tif,0.4,2,655883842,78,29.9854,36.8278,6.8423
tiny,chip_252_279_merged.tif,0.4,3,275277211,78,31.7933,37.7228,5.9295
tiny,chip_252_279_merged.tif,0.4,4,1942815341,78,32.4281,39.8739,7.4458
tiny,chip_252_279_merged.tif,0.6,0,773137784,117,31.9408,36.8179,4.8771
tiny,chip_252_279_merged.tif,0.6,1,293192266,117,28.4718,35.2807,6.8089
tiny,chip_252_279_merged.tif,0.6,2,2060069283,117,28.4299,37.198,8.7681
tiny,chip_252_279_merged.tif,0.6,3,1679462652,117,33.8287,36.6198,2.7911
tiny,chip_252_279_merged.tif,0.6,4,1199517134,117,28.5054,38.1489,9.6435
tiny,chip_252_279_merged.tif,0.8,0,290545588,156,33.4632,35.8589,2.3957
tiny,chip_252_279_merged.tif,0.8,1,2057422605,156,32.947,34.4379,1.4909
tiny,chip_252_279_merged.tif,0.8,2,1577477087,156,29.4009,32.4578,3.057
tiny,chip_252_279_merged.tif,0.8,3,1196870456,156,33.4199,34.1653,0.7454
tiny,chip_252_279_merged.tif,0.8,4,716924938,156,32.4904,34.7452,2.2547
tiny,chip_252_446_merged.tif,0.2,0,2055331367,39,29.3544,32.9925,3.6382
tiny,chip_252_446_merged.tif,0.2,1,1575385849,39,32.6857,33.1447,0.459
tiny,chip_252_446_merged.tif,0.2,2,1194779218,39,33.0577,32.9695,-0.0882
tiny,chip_252_446_merged.tif,0.2,3,814172587,39,30.382,33.1043,2.7223
tiny,chip_252_446_merged.tif,0.2,4,334227069,39,33.0568,31.9598,-1.097
tiny,chip_252_446_merged.tif,0.4,0,1894716034,78,30.6477,32.8242,2.1765
tiny,chip_252_446_merged.tif,0.4,1,1414770516,78,29.7274,32.1611,2.4337
tiny,chip_252_446_merged.tif,0.4,2,1034163885,78,30.65,32.8469,2.1968
tiny,chip_252_446_merged.tif,0.4,3,554218367,78,30.5649,32.2557,1.6909
tiny,chip_252_446_merged.tif,0.4,4,173611736,78,29.7265,32.2165,2.4899
tiny,chip_252_446_merged.tif,0.6,0,1151417827,117,31.2058,31.4517,0.2459
tiny,chip_252_446_merged.tif,0.6,1,671472309,117,30.6499,32.4761,1.8262
tiny,chip_252_446_merged.tif,0.6,2,290865678,117,30.662,31.6679,1.0059
tiny,chip_252_446_merged.tif,0.6,3,1958403808,117,30.2362,31.8689,1.6326
tiny,chip_252_446_merged.tif,0.6,4,1577797177,117,30.1394,32.1089,1.9695
tiny,chip_252_446_merged.tif,0.8,0,668825631,156,30.4045,31.2978,0.8933
tiny,chip_252_446_merged.tif,0.8,1,188880113,156,30.3699,30.6887,0.3188
tiny,chip_252_446_merged.tif,0.8,2,1955757130,156,30.9629,30.8397,-0.1232
tiny,chip_252_446_merged.tif,0.8,3,1575150499,156,30.6175,31.4248,0.8073
tiny,chip_252_446_merged.tif,0.8,4,1095204981,156,30.922,30.7887,-0.1333
tiny,chip_253_260_merged.tif,0.2,0,557167222,39,36.0248,38.4771,2.4523
tiny,chip_253_260_merged.tif,0.2,1,176560591,39,36.0282,39.8125,3.7842
tiny,chip_253_260_merged.tif,0.2,2,1844098721,39,34.6861,36.0902,1.4041
tiny,chip_253_260_merged.tif,0.2,3,1463492090,39,40.4225,38.8017,-1.6208
tiny,chip_253_260_merged.tif,0.2,4,983546572,39,36.5551,38.7127,2.1575
tiny,chip_253_260_merged.tif,0.4,0,396551889,78,34.7617,38.0484,3.2868
tiny,chip_253_260_merged.tif,0.4,1,2064090019,78,35.3887,37.6839,2.2952
tiny,chip_253_260_merged.tif,0.4,2,1683483388,78,34.4892,37.2762,2.787
tiny,chip_253_260_merged.tif,0.4,3,1302876757,78,32.5029,37.4339,4.931
tiny,chip_253_260_merged.tif,0.4,4,822931239,78,34.7592,37.7698,3.0105
tiny,chip_253_260_merged.tif,0.6,0,1800737330,117,36.7911,37.0319,0.2409
tiny,chip_253_260_merged.tif,0.6,1,1420130699,117,34.2192,37.7868,3.5676
tiny,chip_253_260_merged.tif,0.6,2,940185181,117,34.7595,36.3583,1.5988
tiny,chip_253_260_merged.tif,0.6,3,559578550,117,36.824,37.3737,0.5497
tiny,chip_253_260_merged.tif,0.6,4,79633032,117,34.2054,36.7999,2.5945
tiny,chip_253_260_merged.tif,0.8,0,1318145134,156,34.0307,36.1518,2.1211
tiny,chip_253_260_merged.tif,0.8,1,937538503,156,33.4326,35.4615,2.0289
tiny,chip_253_260_merged.tif,0.8,2,457592985,156,33.2672,35.5349,2.2677
tiny,chip_253_260_merged.tif,0.8,3,76986354,156,34.0618,35.6041,1.5423
tiny,chip_253_260_merged.tif,0.8,4,1744524484,156,34.0303,35.1345,1.1042
tiny,chip_253_263_merged.tif,0.2,0,1577818724,39,26.9584,35.6247,8.6663
tiny,chip_253_263_merged.tif,0.2,1,1197212093,39,30.5506,33.4548,2.9042
tiny,chip_253_263_merged.tif,0.2,2,717266575,39,30.5493,34.6521,4.1029
tiny,chip_253_263_merged.tif,0.2,3,336659944,39,28.8882,36.0072,7.1191
tiny,chip_253_263_merged.tif,0.2,4,2103536961,39,25.5758,33.3175,7.7418
tiny,chip_253_263_merged.tif,0.4,0,1417203391,78,28.0951,33.7795,5.6845
tiny,chip_253_263_merged.tif,0.4,1,1036596760,78,27.5506,33.5065,5.956
tiny,chip_253_263_merged.tif,0.4,2,556651242,78,27.1068,34.9825,7.8757
tiny,chip_253_263_merged.tif,0.4,3,176044611,78,26.0653,28.7363,2.671
tiny,chip_253_263_merged.tif,0.4,4,1843582741,78,26.0665,35.0583,8.9918
tiny,chip_253_263_merged.tif,0.6,0,673905184,117,26.5303,30.5991,4.0688
tiny,chip_253_263_merged.tif,0.6,1,293298553,117,26.3715,32.9975,6.626
tiny,chip_253_263_merged.tif,0.6,2,1960836683,117,25.5775,32.704,7.1265
tiny,chip_253_263_merged.tif,0.6,3,1580230052,117,27.1009,33.6591,6.5582
tiny,chip_253_263_merged.tif,0.6,4,1100284534,117,26.6019,32.5326,5.9307
tiny,chip_253_263_merged.tif,0.8,0,191312988,156,26.2187,28.9216,2.7029
tiny,chip_253_263_merged.tif,0.8,1,1958190005,156,26.4269,27.0462,0.6193
tiny,chip_253_263_merged.tif,0.8,2,1478244487,156,26.544,28.8538,2.3098
tiny,chip_253_263_merged.tif,0.8,3,1097637856,156,26.1165,28.4508,2.3343
tiny,chip_253_263_merged.tif,0.8,4,717031225,156,26.0677,30.4696,4.4019
tiny,chip_253_587_merged.tif,0.2,0,2089675991,39,34.287,34.311,0.024
tiny,chip_253_587_merged.tif,0.2,1,1709069360,39,34.111,34.0504,-0.0606
tiny,chip_253_587_merged.tif,0.2,2,1229123842,39,32.5135,33.4645,0.951
tiny,chip_253_587_merged.tif,0.2,3,848517211,39,32.5592,33.8193,1.2601
tiny,chip_253_587_merged.tif,0.2,4,368571693,39,32.5589,35.5795,3.0205
tiny,chip_253_587_merged.tif,0.4,0,1929060658,78,32.3345,34.4549,2.1203
tiny,chip_253_587_merged.tif,0.4,1,1449115140,78,32.4403,33.8584,1.4181
tiny,chip_253_587_merged.tif,0.4,2,1068508509,78,32.0666,34.3051,2.2384
tiny,chip_253_587_merged.tif,0.4,3,687901878,78,32.3335,33.8946,1.5611
tiny,chip_253_587_merged.tif,0.4,4,207956360,78,32.1711,34.45,2.2789
tiny,chip_253_587_merged.tif,0.6,0,1185762451,117,32.6188,33.5139,0.8951
tiny,chip_253_587_merged.tif,0.6,1,705816933,117,32.3167,33.6275,1.3108
tiny,chip_253_587_merged.tif,0.6,2,325210302,117,32.6974,33.2357,0.5383
tiny,chip_253_587_merged.tif,0.6,3,2092087319,117,32.4821,33.8299,1.3478
tiny,chip_253_587_merged.tif,0.6,4,1612141801,117,32.508,34.5324,2.0245
tiny,chip_253_587_merged.tif,0.8,0,703170255,156,31.6214,32.7846,1.1632
tiny,chip_253_587_merged.tif,0.8,1,322563624,156,31.59,33.2286,1.6386
tiny,chip_253_587_merged.tif,0.8,2,1990101754,156,32.0563,33.2417,1.1854
tiny,chip_253_587_merged.tif,0.8,3,1609495123,156,31.9916,33.1421,1.1505
tiny,chip_253_587_merged.tif,0.8,4,1129549605,156,31.5824,33.0966,1.5142
tiny,chip_253_595_merged.tif,0.2,0,516537933,39,32.3487,33.9837,1.6349
tiny,chip_253_595_merged.tif,0.2,1,135931302,39,32.9917,34.4775,1.4859
tiny,chip_253_595_merged.tif,0.2,2,1803469432,39,32.7871,34.7628,1.9757
tiny,chip_253_595_merged.tif,0.2,3,1422862801,39,32.644,35.406,2.762
tiny,chip_253_595_merged.tif,0.2,4,942917283,39,32.2682,34.9935,2.7253
tiny,chip_253_595_merged.tif,0.4,0,355922600,78,32.1676,33.8592,1.6916
tiny,chip_253_595_merged.tif,0.4,1,2023460730,78,33.4573,34.5679,1.1105
tiny,chip_253_595_merged.tif,0.4,2,1642854099,78,32.4019,34.6307,2.2287
tiny,chip_253_595_merged.tif,0.4,3,1262247468,78,32.1397,33.9428,1.8032
tiny,chip_253_595_merged.tif,0.4,4,782301950,78,32.3562,34.2154,1.8592
tiny,chip_253_595_merged.tif,0.6,0,1760108041,117,33.0006,34.058,1.0574
tiny,chip_253_595_merged.tif,0.6,1,1280162523,117,32.7554,34.3772,1.6218
tiny,chip_253_595_merged.tif,0.6,2,899555892,117,32.7678,33.9043,1.1365
tiny,chip_253_595_merged.tif,0.6,3,518949261,117,32.8759,33.6759,0.8
tiny,chip_253_595_merged.tif,0.6,4,39003743,117,32.9141,33.9098,0.9957
tiny,chip_253_595_merged.tif,0.8,0,1277515845,156,32.3317,33.2765,0.9448
tiny,chip_253_595_merged.tif,0.8,1,896909214,156,32.5996,32.9324,0.3329
tiny,chip_253_595_merged.tif,0.8,2,416963696,156,32.3442,33.0856,0.7413
tiny,chip_253_595_merged.tif,0.8,3,36357065,156,32.8444,32.8512,0.0067
tiny,chip_253_595_merged.tif,0.8,4,1703895195,156,32.405,33.1883,0.7832
tiny,chip_254_443_merged.tif,0.2,0,1400514216,39,28.6642,31.5574,2.8932
tiny,chip_254_443_merged.tif,0.2,1,920568698,39,29.2958,31.742,2.4462
tiny,chip_254_443_merged.tif,0.2,2,539962067,39,28.2621,31.8471,3.585
tiny,chip_254_443_merged.tif,0.2,3,159355436,39,29.9256,32.0809,2.1553
tiny,chip_254_443_merged.tif,0.2,4,1826893566,39,29.5563,31.927,2.3707
tiny,chip_254_443_merged.tif,0.4,0,1239898883,78,28.7429,31.7863,3.0434
tiny,chip_254_443_merged.tif,0.4,1,759953365,78,29.5386,30.8763,1.3377
tiny,chip_254_443_merged.tif,0.4,2,379346734,78,27.7693,31.0523,3.283
tiny,chip_254_443_merged.tif,0.4,3,2046884864,78,29.8914,31.1349,1.2435
tiny,chip_254_443_merged.tif,0.4,4,1666278233,78,29.5595,31.4705,1.911
tiny,chip_254_443_merged.tif,0.6,0,496600676,117,28.0731,30.2351,2.162
tiny,chip_254_443_merged.tif,0.6,1,16655158,117,28.6047,30.181,1.5763
tiny,chip_254_443_merged.tif,0.6,2,1783532175,117,28.6013,29.9357,1.3345
tiny,chip_254_443_merged.tif,0.6,3,1303586657,117,28.0757,30.623,2.5473
tiny,chip_254_443_merged.tif,0.6,4,922980026,117,28.2551,30.2531,1.998
tiny,chip_254_443_merged.tif,0.8,0,14008480,156,27.8023,29.7588,1.9565
tiny,chip_254_443_merged.tif,0.8,1,1681546610,156,28.1043,29.5869,1.4826
tiny,chip_254_443_merged.tif,0.8,2,1300939979,156,27.8086,29.2259,1.4173
tiny,chip_254_443_merged.tif,0.8,3,920333348,156,28.1559,29.2952,1.1392
tiny,chip_254_443_merged.tif,0.8,4,440387830,156,27.5402,29.2085,1.6683
tiny,chip_257_265_merged.tif,0.2,0,677449054,39,31.1648,36.5008,5.336
tiny,chip_257_265_merged.tif,0.2,1,296842423,39,34.7237,36.858,2.1344
tiny,chip_257_265_merged.tif,0.2,2,2063719440,39,32.486,36.3975,3.9115
tiny,chip_257_265_merged.tif,0.2,3,1583773922,39,29.5441,35.7932,6.2491
tiny,chip_257_265_merged.tif,0.2,4,1203167291,39,32.4842,36.4101,3.9259
tiny,chip_257_265_merged.tif,0.4,0,1858996519,78,29.8538,35.2315,5.3777
tiny,chip_257_265_merged.tif,0.4,1,1478389888,78,28.3711,34.9909,6.6198
tiny,chip_257_265_merged.tif,0.4,2,998444370,78,29.1291,36.0138,6.8846
tiny,chip_257_265_merged.tif,0.4,3,617837739,78,28.8856,35.3209,6.4354
tiny,chip_257_265_merged.tif,0.4,4,137892221,78,29.3878,35.3879,6.0001
tiny,chip_257_265_merged.tif,0.6,0,1921019162,117,29.28,34.1794,4.8994
tiny,chip_257_265_merged.tif,0.6,1,1540412531,117,29.7549,32.2208,2.466
tiny,chip_257_265_merged.tif,0.6,2,1060467013,117,28.8156,35.0888,6.2732
tiny,chip_257_265_merged.tif,0.6,3,679860382,117,29.1327,34.8618,5.7291
tiny,chip_257_265_merged.tif,0.6,4,299253751,117,29.0427,33.013,3.9702
tiny,chip_257_265_merged.tif,0.8,0,1438426966,156,28.2057,30.2605,2.0547
tiny,chip_257_265_merged.tif,0.8,1,1057820335,156,28.3214,32.9156,4.5942
tiny,chip_257_265_merged.tif,0.8,2,677213704,156,29.0396,31.5183,2.4787
tiny,chip_257_265_merged.tif,0.8,3,197268186,156,28.1919,31.5261,3.3342
tiny,chip_257_265_merged.tif,0.8,4,1964145203,156,28.1117,31.1239,3.0123
tiny,chip_257_268_merged.tif,0.2,0,1920547871,39,31.8739,36.0247,4.1508
tiny,chip_257_268_merged.tif,0.2,1,1440602353,39,31.2634,36.7063,5.4429
tiny,chip_257_268_merged.tif,0.2,2,1059995722,39,33.523,36.8702,3.3472
tiny,chip_257_268_merged.tif,0.2,3,580050204,39,32.4512,37.1628,4.7116
tiny,chip_257_268_merged.tif,0.2,4,199443573,39,32.4505,35.6339,3.1833
tiny,chip_257_268_merged.tif,0.4,0,1660593651,78,31.1277,34.4553,3.3277
tiny,chip_257_268_merged.tif,0.4,1,1279987020,78,28.7543,34.148,5.3937
tiny,chip_257_268_merged.tif,0.4,2,899380389,78,31.1278,35.0807,3.9529
tiny,chip_257_268_merged.tif,0.4,3,419434871,78,29.3887,35.5894,6.2006
tiny,chip_257_268_merged.tif,0.4,4,38828240,78,31.6086,35.3062,3.6976
tiny,chip_257_268_merged.tif,0.6,0,917295444,117,28.4316,32.4554,4.0238
tiny,chip_257_268_merged.tif,0.6,1,536688813,117,29.2415,33.3848,4.1433
tiny,chip_257_268_merged.tif,0.6,2,156082182,117,29.1543,35.1381,5.9838
tiny,chip_257_268_merged.tif,0.6,3,1823620312,117,29.0881,33.3213,4.2332
tiny,chip_257_268_merged.tif,0.6,4,1443013681,117,29.458,33.0168,3.5588
tiny,chip_257_268_merged.tif,0.8,0,534042135,156,29.4213,32.4233,3.002
tiny,chip_257_268_merged.tif,0.8,1,54096617,156,29.4799,30.5374,1.0574
tiny,chip_257_268_merged.tif,0.8,2,1820973634,156,28.6599,30.4966,1.8367
tiny,chip_257_268_merged.tif,0.8,3,1341028116,156,29.5054,31.9518,2.4465
tiny,chip_257_268_merged.tif,0.8,4,960421485,156,29.4904,32.1879,2.6975
tiny,chip_257_445_merged.tif,0.2,0,1478018622,39,30.4487,30.8531,0.4044
tiny,chip_257_445_merged.tif,0.2,1,1097411991,39,32.516,31.8703,-0.6457
tiny,chip_257_445_merged.tif,0.2,2,716805360,39,30.394,30.4952,0.1012
tiny,chip_257_445_merged.tif,0.2,3,236859842,39,31.3175,31.6048,0.2874
tiny,chip_257_445_merged.tif,0.2,4,2003736859,39,31.1768,32.6443,1.4675
tiny,chip_257_445_merged.tif,0.4,0,1317403289,78,30.1948,31.7843,1.5895
tiny,chip_257_445_merged.tif,0.4,1,936796658,78,29.0528,31.886,2.8332
tiny,chip_257_445_merged.tif,0.4,2,456851140,78,29.6602,32.145,2.4848
tiny,chip_257_445_merged.tif,0.4,3,76244509,78,30.0403,31.5865,1.5462
tiny,chip_257_445_merged.tif,0.4,4,1743782639,78,29.7448,31.802,2.0573
tiny,chip_257_445_merged.tif,0.6,0,574105082,117,29.6679,30.9234,1.2555
tiny,chip_257_445_merged.tif,0.6,1,193498451,117,29.6988,31.5226,1.8238
tiny,chip_257_445_merged.tif,0.6,2,1861036581,117,28.6636,31.3165,2.6529
tiny,chip_257_445_merged.tif,0.6,3,1480429950,117,29.519,30.753,1.234
tiny,chip_257_445_merged.tif,0.6,4,1000484432,117,29.3405,30.9789,1.6384
tiny,chip_257_445_merged.tif,0.8,0,91512886,156,29.2787,30.342,1.0634
tiny,chip_257_445_merged.tif,0.8,1,1858389903,156,28.1767,29.8661,1.6893
tiny,chip_257_445_merged.tif,0.8,2,1477783272,156,28.177,29.435,1.258
tiny,chip_257_445_merged.tif,0.8,3,997837754,156,29.2509,29.5918,0.3409
tiny,chip_257_445_merged.tif,0.8,4,617231123,156,28.7496,29.7307,0.9811
tiny,chip_257_483_merged.tif,0.2,0,1556940981,39,31.0787,34.3011,3.2224
tiny,chip_257_483_merged.tif,0.2,1,1176334350,39,31.4345,34.4069,2.9724
tiny,chip_257_483_merged.tif,0.2,2,795727719,39,31.2601,34.4084,3.1483
tiny,chip_257_483_merged.tif,0.2,3,315782201,39,32.3555,34.5267,2.1713
tiny,chip_257_483_merged.tif,0.2,4,2082659218,39,30.9288,34.5049,3.5762
tiny,chip_257_483_merged.tif,0.4,0,1396325648,78,31.8799,31.552,-0.3279
tiny,chip_257_483_merged.tif,0.4,1,1015719017,78,31.8689,33.1809,1.312
tiny,chip_257_483_merged.tif,0.4,2,535773499,78,31.5663,33.7322,2.166
tiny,chip_257_483_merged.tif,0.4,3,155166868,78,31.1015,33.665,2.5634
tiny,chip_257_483_merged.tif,0.4,4,1822704998,78,32.5381,33.5554,1.0172
tiny,chip_257_483_merged.tif,0.6,0,653027441,117,31.0655,31.8082,0.7427
tiny,chip_257_483_merged.tif,0.6,1,272420810,117,31.2631,32.7264,1.4633
tiny,chip_257_483_merged.tif,0.6,2,1939958940,117,31.3353,32.5591,1.2238
tiny,chip_257_483_merged.tif,0.6,3,1559352309,117,31.2699,32.236,0.9662
tiny,chip_257_483_merged.tif,0.6,4,1079406791,117,31.1062,32.8617,1.7554
tiny,chip_257_483_merged.tif,0.8,0,170435245,156,30.8279,31.792,0.964
tiny,chip_257_483_merged.tif,0.8,1,1937312262,156,27.833,31.7849,3.9519
tiny,chip_257_483_merged.tif,0.8,2,1556705631,156,30.8191,31.854,1.0349
tiny,chip_257_483_merged.tif,0.8,3,1076760113,156,31.1189,31.3445,0.2256
tiny,chip_257_483_merged.tif,0.8,4,696153482,156,29.7726,32.3167,2.5441
tiny,chip_260_484_merged.tif,0.2,0,586587959,39,22.5819,30.2708,7.6889
tiny,chip_260_484_merged.tif,0.2,1,205981328,39,26.5454,29.8437,3.2983
tiny,chip_260_484_merged.tif,0.2,2,1873519458,39,27.0733,29.4642,2.3909
tiny,chip_260_484_merged.tif,0.2,3,1492912827,39,28.8804,28.1822,-0.6982
tiny,chip_260_484_merged.tif,0.2,4,1012967309,39,25.019,29.6329,4.6139
tiny,chip_260_484_merged.tif,0.4,0,425972626,78,23.9698,28.4438,4.474
tiny,chip_260_484_merged.tif,0.4,1,2093510756,78,24.2285,28.3284,4.0999
tiny,chip_260_484_merged.tif,0.4,2,1712904125,78,23.5307,29.2354,5.7047
tiny,chip_260_484_merged.tif,0.4,3,1332297494,78,23.7434,28.9192,5.1758
tiny,chip_260_484_merged.tif,0.4,4,852351976,78,23.7433,29.3283,5.5849
tiny,chip_260_484_merged.tif,0.6,0,535613282,117,24.3807,26.9215,2.5408
tiny,chip_260_484_merged.tif,0.6,1,55667764,117,24.1948,27.3692,3.1745
tiny,chip_260_484_merged.tif,0.6,2,1822544781,117,24.2144,27.1238,2.9094
tiny,chip_260_484_merged.tif,0.6,3,1342599263,117,24.5272,27.7382,3.211
tiny,chip_260_484_merged.tif,0.6,4,961992632,117,24.1103,27.1383,3.028
tiny,chip_260_484_merged.tif,0.8,0,1347565871,156,24.2782,26.1442,1.866
tiny,chip_260_484_merged.tif,0.8,1,966959240,156,24.2826,25.8051,1.5225
tiny,chip_260_484_merged.tif,0.8,2,487013722,156,24.403,26.1948,1.7918
tiny,chip_260_484_merged.tif,0.8,3,106407091,156,24.4955,26.3029,1.8074
tiny,chip_260_484_merged.tif,0.8,4,1773945221,156,24.5677,26.239,1.6713
tiny,chip_264_434_merged.tif,0.2,0,844786567,39,31.8581,33.468,1.6099
tiny,chip_264_434_merged.tif,0.2,1,464179936,39,32.1756,33.1032,0.9275
tiny,chip_264_434_merged.tif,0.2,2,2131718066,39,32.0561,33.5173,1.4611
tiny,chip_264_434_merged.tif,0.2,3,1751111435,39,31.1847,33.6309,2.4462
tiny,chip_264_434_merged.tif,0.2,4,1370504804,39,32.485,33.366,0.8809
tiny,chip_264_434_merged.tif,0.4,0,684171234,78,31.0662,33.4108,2.3446
tiny,chip_264_434_merged.tif,0.4,1,303564603,78,30.6878,33.1476,2.4597
tiny,chip_264_434_merged.tif,0.4,2,1971102733,78,30.5842,32.2218,1.6376
tiny,chip_264_434_merged.tif,0.4,3,1590496102,78,31.9333,33.389,1.4558
tiny,chip_264_434_merged.tif,0.4,4,1110550584,78,31.8215,33.534,1.7125
tiny,chip_264_434_merged.tif,0.6,0,2088356675,117,30.492,32.3643,1.8722
tiny,chip_264_434_merged.tif,0.6,1,1707750044,117,30.3433,32.3725,2.0293
tiny,chip_264_434_merged.tif,0.6,2,1227804526,117,30.4823,32.8252,2.343
tiny,chip_264_434_merged.tif,0.6,3,847197895,117,30.2762,32.671,2.3948
tiny,chip_264_434_merged.tif,0.6,4,367252377,117,31.0279,32.3924,1.3645
tiny,chip_264_434_merged.tif,0.8,0,1605764479,156,30.4286,31.8532,1.4246
tiny,chip_264_434_merged.tif,0.8,1,1225157848,156,30.0567,31.5074,1.4507
tiny,chip_264_434_merged.tif,0.8,2,745212330,156,30.7206,31.7787,1.0581
tiny,chip_264_434_merged.tif,0.8,3,364605699,156,30.0674,31.5855,1.5181
tiny,chip_264_434_merged.tif,0.8,4,2131482716,156,30.4592,31.9746,1.5154
tiny,chip_264_583_merged.tif,0.2,0,1138246244,39,36.3208,37.8256,1.5048
tiny,chip_264_583_merged.tif,0.2,1,757639613,39,38.0416,37.6998,-0.3418
tiny,chip_264_583_merged.tif,0.2,2,277694095,39,38.9577,38.632,-0.3257
tiny,chip_264_583_merged.tif,0.2,3,2044571112,39,36.3153,37.9482,1.6329
tiny,chip_264_583_merged.tif,0.2,4,1663964481,39,38.0415,37.708,-0.3336
tiny,chip_264_583_merged.tif,0.4,0,172310061,78,35.931,38.1573,2.2263
tiny,chip_264_583_merged.tif,0.4,1,1839848191,78,35.9255,38.4434,2.5179
tiny,chip_264_583_merged.tif,0.4,2,1459241560,78,37.3415,38.2635,0.9221
tiny,chip_264_583_merged.tif,0.4,3,1078634929,78,37.1761,38.0009,0.8248
tiny,chip_264_583_merged.tif,0.4,4,598689411,78,37.1761,38.2834,1.1072
tiny,chip_264_583_merged.tif,0.6,0,234332704,117,37.6871,37.6153,-0.0718
tiny,chip_264_583_merged.tif,0.6,1,2001209721,117,36.4525,36.9703,0.5178
tiny,chip_264_583_merged.tif,0.6,2,1521264203,117,36.9115,37.8539,0.9423
tiny,chip_264_583_merged.tif,0.6,3,1140657572,117,36.6387,37.6441,1.0054
tiny,chip_264_583_merged.tif,0.6,4,660712054,117,36.7798,37.9085,1.1287
tiny,chip_264_583_merged.tif,0.8,0,1899224156,156,36.895,37.5128,0.6179
tiny,chip_264_583_merged.tif,0.8,1,1518617525,156,36.9123,37.6999,0.7876
tiny,chip_264_583_merged.tif,0.8,2,1038672007,156,36.8287,37.2179,0.3892
tiny,chip_264_583_merged.tif,0.8,3,658065376,156,36.8876,37.649,0.7614
tiny,chip_264_583_merged.tif,0.8,4,277458745,156,36.848,37.6711,0.8232
tiny,chip_266_434_merged.tif,0.2,0,1416640122,39,31.686,33.2516,1.5655
tiny,chip_266_434_merged.tif,0.2,1,1036033491,39,32.1187,33.5721,1.4534
tiny,chip_266_434_merged.tif,0.2,2,556087973,39,32.6724,33.7659,1.0935
tiny,chip_266_434_merged.tif,0.2,3,175481342,39,31.1426,33.533,2.3904
tiny,chip_266_434_merged.tif,0.2,4,1942358359,39,31.0386,33.3345,2.2959
tiny,chip_266_434_merged.tif,0.4,0,1256024789,78,32.2837,33.7136,1.4299
tiny,chip_266_434_merged.tif,0.4,1,875418158,78,31.7533,32.768,1.0147
tiny,chip_266_434_merged.tif,0.4,2,395472640,78,31.8277,33.336,1.5083
tiny,chip_266_434_merged.tif,0.4,3,14866009,78,31.1594,33.3747,2.2153
tiny,chip_266_434_merged.tif,0.4,4,1682404139,78,31.081,33.1895,2.1084
tiny,chip_266_434_merged.tif,0.6,0,512726582,117,31.5454,32.941,1.3956
tiny,chip_266_434_merged.tif,0.6,1,132119951,117,31.4807,32.2835,0.8028
tiny,chip_266_434_merged.tif,0.6,2,1799658081,117,31.7405,32.5879,0.8475
tiny,chip_266_434_merged.tif,0.6,3,1419051450,117,31.494,33.387,1.893
tiny,chip_266_434_merged.tif,0.6,4,939105932,117,31.0094,32.8476,1.8383
tiny,chip_266_434_merged.tif,0.8,0,30134386,156,31.7158,31.7091,-0.0067
tiny,chip_266_434_merged.tif,0.8,1,1797011403,156,31.3324,32.0191,0.6867
tiny,chip_266_434_merged.tif,0.8,2,1317065885,156,31.8487,32.3635,0.5148
tiny,chip_266_434_merged.tif,0.8,3,936459254,156,31.3362,32.1759,0.8397
tiny,chip_266_434_merged.tif,0.8,4,555852623,156,31.5988,32.4017,0.8029
tiny,chip_267_453_merged.tif,0.2,0,2103202180,39,35.8219,36.4609,0.639
tiny,chip_267_453_merged.tif,0.2,1,1722595549,39,27.4284,35.4739,8.0455
tiny,chip_267_453_merged.tif,0.2,2,1242650031,39,35.413,30.6916,-4.7215
tiny,chip_267_453_merged.tif,0.2,3,862043400,39,35.0846,33.771,-1.3136
tiny,chip_267_453_merged.tif,0.2,4,382097882,39,35.0641,34.2126,-0.8515
tiny,chip_267_453_merged.tif,0.4,0,1942586847,78,34.3962,35.0801,0.6838
tiny,chip_267_453_merged.tif,0.4,1,1462641329,78,35.0418,35.0213,-0.0206
tiny,chip_267_453_merged.tif,0.4,2,1082034698,78,33.5739,34.3922,0.8183
tiny,chip_267_453_merged.tif,0.4,3,701428067,78,34.3977,31.9414,-2.4563
tiny,chip_267_453_merged.tif,0.4,4,221482549,78,34.5218,32.0602,-2.4616
tiny,chip_267_453_merged.tif,0.6,0,1199288640,117,33.8582,32.7898,-1.0684
tiny,chip_267_453_merged.tif,0.6,1,719343122,117,33.8628,32.3062,-1.5567
tiny,chip_267_453_merged.tif,0.6,2,338736491,117,30.3173,34.3756,4.0583
tiny,chip_267_453_merged.tif,0.6,3,2105613508,117,33.8438,33.9208,0.077
tiny,chip_267_453_merged.tif,0.6,4,1625667990,117,30.3238,34.1551,3.8313
tiny,chip_267_453_merged.tif,0.8,0,716696444,156,31.874,32.3824,0.5085
tiny,chip_267_453_merged.tif,0.8,1,336089813,156,29.9269,32.9013,2.9743
tiny,chip_267_453_merged.tif,0.8,2,2003627943,156,31.8504,32.9083,1.0579
tiny,chip_267_453_merged.tif,0.8,3,1623021312,156,31.8584,32.2178,0.3594
tiny,chip_267_453_merged.tif,0.8,4,1143075794,156,29.962,33.2391,3.2771
tiny,chip_267_566_merged.tif,0.2,0,2108328400,39,33.3885,36.4061,3.0176
tiny,chip_267_566_merged.tif,0.2,1,1628382882,39,34.2824,35.7636,1.4812
tiny,chip_267_566_merged.tif,0.2,2,1247776251,39,33.7396,34.3358,0.5963
tiny,chip_267_566_merged.tif,0.2,3,767830733,39,33.8299,35.7551,1.9251
tiny,chip_267_566_merged.tif,0.2,4,387224102,39,33.5098,35.4808,1.971
tiny,chip_267_566_merged.tif,0.4,0,1848374180,78,31.6608,34.5927,2.9319
tiny,chip_267_566_merged.tif,0.4,1,1467767549,78,33.221,35.035,1.8141
tiny,chip_267_566_merged.tif,0.4,2,987822031,78,32.9648,35.2095,2.2447
tiny,chip_267_566_merged.tif,0.4,3,607215400,78,32.9669,34.6436,1.6767
tiny,chip_267_566_merged.tif,0.4,4,226608769,78,31.66,35.0195,3.3595
tiny,chip_267_566_merged.tif,0.6,0,1958014836,117,32.3706,34.0571,1.6864
tiny,chip_267_566_merged.tif,0.6,1,1577408205,117,32.2966,34.4241,2.1275
tiny,chip_267_566_merged.tif,0.6,2,1097462687,117,32.1969,33.9024,1.7055
tiny,chip_267_566_merged.tif,0.6,3,716856056,117,31.7553,34.1471,2.3918
tiny,chip_267_566_merged.tif,0.6,4,236910538,117,32.3818,33.6594,1.2776
tiny,chip_267_566_merged.tif,0.8,0,721822664,156,32.2644,32.9013,0.6369
tiny,chip_267_566_merged.tif,0.8,1,241877146,156,31.3269,33.8768,2.5499
tiny,chip_267_566_merged.tif,0.8,2,2008754163,156,32.2731,33.5255,1.2523
tiny,chip_267_566_merged.tif,0.8,3,1528808645,156,32.2893,33.215,0.9257
tiny,chip_267_566_merged.tif,0.8,4,1148202014,156,31.1008,33.498,2.3972
tiny,chip_268_269_merged.tif,0.2,0,598756868,39,33.8647,36.9703,3.1055
tiny,chip_268_269_merged.tif,0.2,1,118811350,39,36.1862,37.4011,1.2149
tiny,chip_268_269_merged.tif,0.2,2,1885688367,39,36.1872,37.9934,1.8062
tiny,chip_268_269_merged.tif,0.2,3,1405742849,39,34.1634,37.1539,2.9905
tiny,chip_268_269_merged.tif,0.2,4,1025136218,39,33.7087,36.6858,2.977
tiny,chip_268_269_merged.tif,0.4,0,338802648,78,34.7329,36.9682,2.2353
tiny,chip_268_269_merged.tif,0.4,1,2105679665,78,37.48,36.3265,-1.1535
tiny,chip_268_269_merged.tif,0.4,2,1625734147,78,32.3341,37.3033,4.9692
tiny,chip_268_269_merged.tif,0.4,3,1245127516,78,31.9911,36.3474,4.3564
tiny,chip_268_269_merged.tif,0.4,4,864520885,78,32.3336,36.2412,3.9076
tiny,chip_268_269_merged.tif,0.6,0,1742988089,117,29.9028,35.6206,5.7178
tiny,chip_268_269_merged.tif,0.6,1,1362381458,117,29.1839,35.6554,6.4716
tiny,chip_268_269_merged.tif,0.6,2,981774827,117,30.0181,35.6444,5.6263
tiny,chip_268_269_merged.tif,0.6,3,501829309,117,34.6201,36.534,1.9139
tiny,chip_268_269_merged.tif,0.6,4,121222678,117,29.1709,35.8604,6.6895
tiny,chip_268_269_merged.tif,0.8,0,1359734780,156,32.7878,35.221,2.4332
tiny,chip_268_269_merged.tif,0.8,1,879789262,156,33.2153,35.3616,2.1463
tiny,chip_268_269_merged.tif,0.8,2,499182631,156,30.676,35.424,4.748
tiny,chip_268_269_merged.tif,0.8,3,19237113,156,31.148,35.5109,4.363
tiny,chip_268_269_merged.tif,0.8,4,1786114130,156,29.6874,35.5712,5.8838
tiny,chip_268_410_merged.tif,0.2,0,688895108,39,30.4874,34.4671,3.9797
tiny,chip_268_410_merged.tif,0.2,1,208949590,39,28.0437,31.4445,3.4008
tiny,chip_268_410_merged.tif,0.2,2,1975826607,39,30.1578,32.7107,2.5529
tiny,chip_268_410_merged.tif,0.2,3,1595219976,39,29.2788,32.3245,3.0457
tiny,chip_268_410_merged.tif,0.2,4,1115274458,39,29.4419,33.4918,4.0499
tiny,chip_268_410_merged.tif,0.4,0,528279775,78,29.7354,30.7755,1.0401
tiny,chip_268_410_merged.tif,0.4,1,48334257,78,28.2175,32.7071,4.4897
tiny,chip_268_410_merged.tif,0.4,2,1815211274,78,28.6644,33.2569,4.5924
tiny,chip_268_410_merged.tif,0.4,3,1335265756,78,30.1569,31.5926,1.4357
tiny,chip_268_410_merged.tif,0.4,4,954659125,78,28.2203,32.9773,4.757
tiny,chip_268_410_merged.tif,0.6,0,1932465216,117,28.409,31.1856,2.7766
tiny,chip_268_410_merged.tif,0.6,1,1452519698,117,27.9356,31.7811,3.8456
tiny,chip_268_410_merged.tif,0.6,2,1071913067,117,28.9253,31.8604,2.9351
tiny,chip_268_410_merged.tif,0.6,3,591967549,117,27.7974,30.5538,2.7564
tiny,chip_268_410_merged.tif,0.6,4,211360918,117,28.399,31.0429,2.644
tiny,chip_268_410_merged.tif,0.8,0,1449873020,156,28.7548,29.3741,0.6193
tiny,chip_268_410_merged.tif,0.8,1,969927502,156,27.2021,29.9587,2.7566
tiny,chip_268_410_merged.tif,0.8,2,589320871,156,28.3636,29.2066,0.843
tiny,chip_268_410_merged.tif,0.8,3,208714240,156,28.3621,29.1538,0.7917
tiny,chip_268_410_merged.tif,0.8,4,1876252370,156,28.7517,31.4077,2.6561
tiny,chip_269_420_merged.tif,0.2,0,1872999325,39,26.2563,32.6334,6.3771
tiny,chip_269_420_merged.tif,0.2,1,1393053807,39,29.9964,33.0545,3.0581
tiny,chip_269_420_merged.tif,0.2,2,1012447176,39,30.2462,32.4827,2.2365
tiny,chip_269_420_merged.tif,0.2,3,532501658,39,32.0252,32.8287,0.8035
tiny,chip_269_420_merged.tif,0.2,4,151895027,39,29.4775,32.9008,3.4233
tiny,chip_269_420_merged.tif,0.4,0,1613045105,78,27.4313,32.3229,4.8916
tiny,chip_269_420_merged.tif,0.4,1,1232438474,78,29.8284,32.1949,2.3665
tiny,chip_269_420_merged.tif,0.4,2,752492956,78,26.1348,32.9523,6.8175
tiny,chip_269_420_merged.tif,0.4,3,371886325,78,27.6673,32.1284,4.4612
tiny,chip_269_420_merged.tif,0.4,4,2138763342,78,29.4436,31.6965,2.2529
tiny,chip_269_420_merged.tif,0.6,0,869746898,117,27.7536,30.9484,3.1948
tiny,chip_269_420_merged.tif,0.6,1,489140267,117,26.4228,31.6532,5.2304
tiny,chip_269_420_merged.tif,0.6,2,9194749,117,28.3098,31.5898,3.28
tiny,chip_269_420_merged.tif,0.6,3,1776071766,117,28.2392,31.2136,2.9744
tiny,chip_269_420_merged.tif,0.6,4,1395465135,117,26.4765,31.2097,4.7332
tiny,chip_269_420_merged.tif,0.8,0,486493589,156,25.9389,30.4671,4.5282
tiny,chip_269_420_merged.tif,0.8,1,6548071,156,25.9249,29.2095,3.2846
tiny,chip_269_420_merged.tif,0.8,2,1773425088,156,25.9454,29.749,3.8036
tiny,chip_269_420_merged.tif,0.8,3,1293479570,156,25.9159,31.1141,5.1983
tiny,chip_269_420_merged.tif,0.8,4,912872939,156,27.7705,30.9973,3.2268
tiny,chip_270_408_merged.tif,0.2,0,1435834066,39,28.354,31.2372,2.8833
tiny,chip_270_408_merged.tif,0.2,1,1055227435,39,30.1412,31.9789,1.8376
tiny,chip_270_408_merged.tif,0.2,2,674620804,39,28.1864,31.4602,3.2738
tiny,chip_270_408_merged.tif,0.2,3,194675286,39,27.8719,32.257,4.3851
tiny,chip_270_408_merged.tif,0.2,4,1961552303,39,27.2204,32.321,5.1005
tiny,chip_270_408_merged.tif,0.4,0,1275218733,78,27.0065,30.1948,3.1883
tiny,chip_270_408_merged.tif,0.4,1,894612102,78,28.0629,31.4841,3.4213
tiny,chip_270_408_merged.tif,0.4,2,414666584,78,26.7399,30.6634,3.9235
tiny,chip_270_408_merged.tif,0.4,3,34059953,78,27.6103,31.4021,3.7918
tiny,chip_270_408_merged.tif,0.4,4,1800936970,78,27.8218,31.6307,3.8089
tiny,chip_270_408_merged.tif,0.6,0,531920526,117,26.6666,29.8572,3.1906
tiny,chip_270_408_merged.tif,0.6,1,151313895,117,26.8169,29.6742,2.8573
tiny,chip_270_408_merged.tif,0.6,2,1818852025,117,26.6607,29.2651,2.6044
tiny,chip_270_408_merged.tif,0.6,3,1438245394,117,26.8384,30.2594,3.421
tiny,chip_270_408_merged.tif,0.6,4,1057638763,117,26.6679,29.78,3.1121
tiny,chip_270_408_merged.tif,0.8,0,49328330,156,26.4345,28.5628,2.1283
tiny,chip_270_408_merged.tif,0.8,1,1816205347,156,26.4906,28.3929,1.9023
tiny,chip_270_408_merged.tif,0.8,2,1435598716,156,26.6448,27.5582,0.9133
tiny,chip_270_408_merged.tif,0.8,3,955653198,156,27.097,28.4473,1.3504
tiny,chip_270_408_merged.tif,0.8,4,575046567,156,27.0691,29.0186,1.9494
tiny,chip_270_475_merged.tif,0.2,0,466546906,39,33.638,36.1153,2.4772
tiny,chip_270_475_merged.tif,0.2,1,85940275,39,33.6342,35.4823,1.8481
tiny,chip_270_475_merged.tif,0.2,2,1753478405,39,34.3361,35.3866,1.0505
tiny,chip_270_475_merged.tif,0.2,3,1372871774,39,31.6069,34.9106,3.3037
tiny,chip_270_475_merged.tif,0.2,4,892926256,39,32.8149,35.2238,2.4089
tiny,chip_270_475_merged.tif,0.4,0,305931573,78,31.62,35.0454,3.4255
tiny,chip_270_475_merged.tif,0.4,1,1973469703,78,31.9673,35.101,3.1337
tiny,chip_270_475_merged.tif,0.4,2,1592863072,78,33.003,35.28,2.2769
tiny,chip_270_475_merged.tif,0.4,3,1212256441,78,33.8109,35.1147,1.3038
tiny,chip_270_475_merged.tif,0.4,4,732310923,78,30.9725,35.987,5.0145
tiny,chip_270_475_merged.tif,0.6,0,1710117014,117,33.2311,34.9903,1.7592
tiny,chip_270_475_merged.tif,0.6,1,1230171496,117,31.7192,34.7746,3.0554
tiny,chip_270_475_merged.tif,0.6,2,849564865,117,33.0668,34.602,1.5352
tiny,chip_270_475_merged.tif,0.6,3,468958234,117,33.1268,33.0726,-0.0543
tiny,chip_270_475_merged.tif,0.6,4,2136496364,117,32.5581,34.6728,2.1147
tiny,chip_270_475_merged.tif,0.8,0,1227524818,156,31.6559,33.7658,2.1099
tiny,chip_270_475_merged.tif,0.8,1,846918187,156,31.6455,33.8362,2.1907
tiny,chip_270_475_merged.tif,0.8,2,366972669,156,31.8331,33.8441,2.011
tiny,chip_270_475_merged.tif,0.8,3,2133849686,156,31.6336,33.3708,1.7373
tiny,chip_270_475_merged.tif,0.8,4,1653904168,156,32.1755,33.9385,1.763
tiny,chip_270_477_merged.tif,0.2,0,179806242,39,33.28,34.39,1.11
tiny,chip_270_477_merged.tif,0.2,1,1946683259,39,33.9274,34.3913,0.4639
tiny,chip_270_477_merged.tif,0.2,2,1466737741,39,31.8574,34.4716,2.6142
tiny,chip_270_477_merged.tif,0.2,3,1086131110,39,33.1982,34.1813,0.9831
tiny,chip_270_477_merged.tif,0.2,4,606185592,39,32.0922,34.6638,2.5716
tiny,chip_270_477_merged.tif,0.4,0,19190909,78,31.6043,34.6225,3.0182
tiny,chip_270_477_merged.tif,0.4,1,1686729039,78,32.7842,34.0147,1.2305
tiny,chip_270_477_merged.tif,0.4,2,1306122408,78,30.5362,34.4413,3.9051
tiny,chip_270_477_merged.tif,0.4,3,925515777,78,30.5375,34.4014,3.8639
tiny,chip_270_477_merged.tif,0.4,4,445570259,78,31.3449,33.7494,2.4045
tiny,chip_270_477_merged.tif,0.6,0,1423376350,117,30.6908,33.4561,2.7653
tiny,chip_270_477_merged.tif,0.6,1,943430832,117,31.4251,33.3806,1.9555
tiny,chip_270_477_merged.tif,0.6,2,562824201,117,30.8886,33.7298,2.8412
tiny,chip_270_477_merged.tif,0.6,3,182217570,117,30.8653,33.7333,2.868
tiny,chip_270_477_merged.tif,0.6,4,1849755700,117,31.219,33.3234,2.1043
tiny,chip_270_477_merged.tif,0.8,0,940784154,156,30.3141,32.6408,2.3267
tiny,chip_270_477_merged.tif,0.8,1,560177523,156,30.1958,32.908,2.7122
tiny,chip_270_477_merged.tif,0.8,2,80232005,156,30.3354,32.7715,2.4361
tiny,chip_270_477_merged.tif,0.8,3,1847109022,156,30.2938,32.8924,2.5986
tiny,chip_270_477_merged.tif,0.8,4,1367163504,156,30.2692,32.5425,2.2732
tiny,chip_271_267_merged.tif,0.2,0,2118159079,39,35.4729,38.7078,3.2349
tiny,chip_271_267_merged.tif,0.2,1,1638213561,39,33.711,39.0117,5.3007
tiny,chip_271_267_merged.tif,0.2,2,1257606930,39,35.7186,37.4278,1.7093
tiny,chip_271_267_merged.tif,0.2,3,877000299,39,31.8191,37.6428,5.8237
tiny,chip_271_267_merged.tif,0.2,4,397054781,39,37.3122,39.0639,1.7518
tiny,chip_271_267_merged.tif,0.4,0,1052884009,78,32.5326,39.1602,6.6276
tiny,chip_271_267_merged.tif,0.4,1,672277378,78,35.0124,38.4919,3.4795
tiny,chip_271_267_merged.tif,0.4,2,192331860,78,32.5349,37.4657,4.9308
tiny,chip_271_267_merged.tif,0.4,3,1959208877,78,32.6597,38.3501,5.6904
tiny,chip_271_267_merged.tif,0.4,4,1578602246,78,34.9255,37.6093,2.6838
tiny,chip_271_267_merged.tif,0.6,0,1214245539,117,33.2541,36.3493,3.0952
tiny,chip_271_267_merged.tif,0.6,1,734300021,117,34.1242,37.4314,3.3073
tiny,chip_271_267_merged.tif,0.6,2,353693390,117,34.22,37.2879,3.0679
tiny,chip_271_267_merged.tif,0.6,3,2021231520,117,32.6461,36.1513,3.5052
tiny,chip_271_267_merged.tif,0.6,4,1640624889,117,34.248,37.4359,3.1879
tiny,chip_271_267_merged.tif,0.8,0,2073816141,156,33.4512,35.4986,2.0474
tiny,chip_271_267_merged.tif,0.8,1,1593870623,156,33.4502,34.7123,1.2621
tiny,chip_271_267_merged.tif,0.8,2,1213263992,156,32.7309,33.7237,0.9929
tiny,chip_271_267_merged.tif,0.8,3,733318474,156,32.7774,36.2144,3.437
tiny,chip_271_267_merged.tif,0.8,4,352711843,156,33.3559,35.283,1.9271
tiny,chip_272_450_merged.tif,0.2,0,1652599865,39,32.7993,33.5867,0.7875
tiny,chip_272_450_merged.tif,0.2,1,1271993234,39,32.0577,34.5438,2.4861
tiny,chip_272_450_merged.tif,0.2,2,792047716,39,32.039,33.2246,1.1856
tiny,chip_272_450_merged.tif,0.2,3,411441085,39,32.122,33.8975,1.7755
tiny,chip_272_450_merged.tif,0.2,4,2078979215,39,32.9545,35.5587,2.6041
tiny,chip_272_450_merged.tif,0.4,0,587324795,78,31.8862,33.8418,1.9556
tiny,chip_272_450_merged.tif,0.4,1,206718164,78,30.834,33.5766,2.7426
tiny,chip_272_450_merged.tif,0.4,2,1973595181,78,32.5563,33.9576,1.4014
tiny,chip_272_450_merged.tif,0.4,3,1493649663,78,32.1163,34.1541,2.0378
tiny,chip_272_450_merged.tif,0.4,4,1113043032,78,30.7678,34.1426,3.3747
tiny,chip_272_450_merged.tif,0.6,0,748686325,117,31.7394,32.6727,0.9333
tiny,chip_272_450_merged.tif,0.6,1,268740807,117,31.4958,32.7968,1.301
tiny,chip_272_450_merged.tif,0.6,2,2035617824,117,31.1643,33.2536,2.0893
tiny,chip_272_450_merged.tif,0.6,3,1555672306,117,30.1949,33.2474,3.0524
tiny,chip_272_450_merged.tif,0.6,4,1175065675,117,29.0751,33.2257,4.1506
tiny,chip_272_450_merged.tif,0.8,0,266094129,156,29.7209,32.5486,2.8277
tiny,chip_272_450_merged.tif,0.8,1,2032971146,156,29.6768,32.9567,3.2799
tiny,chip_272_450_merged.tif,0.8,2,1553025628,156,30.1221,32.3616,2.2394
tiny,chip_272_450_merged.tif,0.8,3,1172418997,156,29.7674,31.9462,2.1788
tiny,chip_272_450_merged.tif,0.8,4,692473479,156,28.6021,32.4923,3.8902
tiny,chip_273_474_merged.tif,0.2,0,1954516050,39,35.7553,35.099,-0.6563
tiny,chip_273_474_merged.tif,0.2,1,1474570532,39,32.4332,35.4204,2.9872
tiny,chip_273_474_merged.tif,0.2,2,1093963901,39,32.1266,34.6133,2.4866
tiny,chip_273_474_merged.tif,0.2,3,614018383,39,31.5206,34.6805,3.16
tiny,chip_273_474_merged.tif,0.2,4,233411752,39,32.1243,35.1792,3.0549
tiny,chip_273_474_merged.tif,0.4,0,889240980,78,35.0077,34.1999,-0.8078
tiny,chip_273_474_merged.tif,0.4,1,508634349,78,34.2334,34.2464,0.0129
tiny,chip_273_474_merged.tif,0.4,2,28688831,78,32.7553,34.3319,1.5766
tiny,chip_273_474_merged.tif,0.4,3,1795565848,78,32.2129,34.0089,1.796
tiny,chip_273_474_merged.tif,0.4,4,1315620330,78,34.2318,34.1341,-0.0977
tiny,chip_273_474_merged.tif,0.6,0,951263623,117,33.5037,34.534,1.0303
tiny,chip_273_474_merged.tif,0.6,1,570656992,117,32.8492,34.509,1.6598
tiny,chip_273_474_merged.tif,0.6,2,190050361,117,33.4903,34.3157,0.8254
tiny,chip_273_474_merged.tif,0.6,3,1857588491,117,32.4569,33.8619,1.405
tiny,chip_273_474_merged.tif,0.6,4,1476981860,117,33.1909,34.5264,1.3356
tiny,chip_273_474_merged.tif,0.8,0,1862555099,156,32.6094,33.4405,0.8311
tiny,chip_273_474_merged.tif,0.8,1,1382609581,156,31.5983,33.4363,1.838
tiny,chip_273_474_merged.tif,0.8,2,1002002950,156,32.7227,33.7944,1.0717
tiny,chip_273_474_merged.tif,0.8,3,621396319,156,32.5782,31.678,-0.9001
tiny,chip_273_474_merged.tif,0.8,4,141450801,156,31.6113,32.2476,0.6364
tiny,chip_274_465_merged.tif,0.2,0,1329920923,39,32.59,34.8163,2.2263
tiny,chip_274_465_merged.tif,0.2,1,949314292,39,30.6152,33.3163,2.7011
tiny,chip_274_465_merged.tif,0.2,2,469368774,39,33.6195,33.7982,0.1786
tiny,chip_274_465_merged.tif,0.2,3,88762143,39,32.3953,31.7488,-0.6465
tiny,chip_274_465_merged.tif,0.2,4,1756300273,39,30.068,32.7413,2.6732
tiny,chip_274_465_merged.tif,0.4,0,1169305590,78,32.699,33.0008,0.3018
tiny,chip_274_465_merged.tif,0.4,1,689360072,78,29.6704,32.2767,2.6063
tiny,chip_274_465_merged.tif,0.4,2,308753441,78,29.6683,32.5859,2.9176
tiny,chip_274_465_merged.tif,0.4,3,2075630458,78,31.5684,32.1921,0.6237
tiny,chip_274_465_merged.tif,0.4,4,1595684940,78,31.6804,31.9994,0.319
tiny,chip_274_465_merged.tif,0.6,0,426007383,117,30.9514,32.6187,1.6673
tiny,chip_274_465_merged.tif,0.6,1,2093545513,117,31.1803,32.4632,1.2828
tiny,chip_274_465_merged.tif,0.6,2,1712938882,117,31.3326,32.1517,0.8191
tiny,chip_274_465_merged.tif,0.6,3,1332332251,117,30.093,32.279,2.186
tiny,chip_274_465_merged.tif,0.6,4,852386733,117,31.9788,31.7745,-0.2044
tiny,chip_274_465_merged.tif,0.8,0,2090898835,156,30.8732,31.3763,0.5032
tiny,chip_274_465_merged.tif,0.8,1,1710292204,156,30.8484,31.9421,1.0937
tiny,chip_274_465_merged.tif,0.8,2,1230346686,156,30.9067,31.8153,0.9086
tiny,chip_274_465_merged.tif,0.8,3,849740055,156,30.9117,31.2071,0.2954
tiny,chip_274_465_merged.tif,0.8,4,369794537,156,30.8863,32.0489,1.1626
tiny,chip_275_405_merged.tif,0.2,0,1444788037,39,28.4653,33.0973,4.632
tiny,chip_275_405_merged.tif,0.2,1,1064181406,39,27.6801,32.4512,4.7711
tiny,chip_275_405_merged.tif,0.2,2,683574775,39,34.922,33.0768,-1.8452
tiny,chip_275_405_merged.tif,0.2,3,203629257,39,34.9997,33.0743,-1.9254
tiny,chip_275_405_merged.tif,0.2,4,1970506274,39,27.7681,31.9306,4.1625
tiny,chip_275_405_merged.tif,0.4,0,478851854,78,27.5009,33.4102,5.9093
tiny,chip_275_405_merged.tif,0.4,1,2146389984,78,29.546,31.3974,1.8514
tiny,chip_275_405_merged.tif,0.4,2,1765783353,78,29.5891,32.0008,2.4117
tiny,chip_275_405_merged.tif,0.4,3,1385176722,78,27.0475,32.0496,5.0021
tiny,chip_275_405_merged.tif,0.4,4,905231204,78,27.7439,32.2343,4.4903
tiny,chip_275_405_merged.tif,0.6,0,540874497,117,28.1815,31.4922,3.3107
tiny,chip_275_405_merged.tif,0.6,1,160267866,117,28.4757,31.1461,2.6703
tiny,chip_275_405_merged.tif,0.6,2,1827805996,117,29.9067,32.0907,2.184
tiny,chip_275_405_merged.tif,0.6,3,1447199365,117,27.2598,32.1189,4.8591
tiny,chip_275_405_merged.tif,0.6,4,967253847,117,28.8378,32.1372,3.2994
tiny,chip_275_405_merged.tif,0.8,0,58282301,156,28.6628,30.736,2.0731
tiny,chip_275_405_merged.tif,0.8,1,1825159318,156,28.7505,29.7788,1.0282
tiny,chip_275_405_merged.tif,0.8,2,1444552687,156,28.6169,29.8137,1.1968
tiny,chip_275_405_merged.tif,0.8,3,964607169,156,28.7304,30.2523,1.5219
tiny,chip_275_405_merged.tif,0.8,4,584000538,156,29.0266,30.2023,1.1757
tiny,chip_276_083_merged.tif,0.2,0,1938932662,39,31.4411,35.222,3.7809
tiny,chip_276_083_merged.tif,0.2,1,1558326031,39,33.5674,35.0935,1.5261
tiny,chip_276_083_merged.tif,0.2,2,1177719400,39,32.3671,36.439,4.0719
tiny,chip_276_083_merged.tif,0.2,3,697773882,39,32.0482,36.9464,4.8982
tiny,chip_276_083_merged.tif,0.2,4,317167251,39,29.2802,35.2929,6.0127
tiny,chip_276_083_merged.tif,0.4,0,972996479,78,27.7261,35.5824,7.8562
tiny,chip_276_083_merged.tif,0.4,1,592389848,78,26.927,34.7816,7.8546
tiny,chip_276_083_merged.tif,0.4,2,112444330,78,30.1472,35.6339,5.4866
tiny,chip_276_083_merged.tif,0.4,3,1879321347,78,30.376,36.0226,5.6466
tiny,chip_276_083_merged.tif,0.4,4,1399375829,78,31.2396,35.1322,3.8925
tiny,chip_276_083_merged.tif,0.6,0,1035019122,117,29.116,34.5264,5.4104
tiny,chip_276_083_merged.tif,0.6,1,654412491,117,29.6872,33.5395,3.8523
tiny,chip_276_083_merged.tif,0.6,2,174466973,117,29.0444,33.2869,4.2426
tiny,chip_276_083_merged.tif,0.6,3,1941343990,117,28.2323,34.2245,5.9922
tiny,chip_276_083_merged.tif,0.6,4,1560737359,117,28.2794,32.7071,4.4277
tiny,chip_276_083_merged.tif,0.8,0,552426926,156,27.9789,30.3877,2.4088
tiny,chip_276_083_merged.tif,0.8,1,171820295,156,29.164,30.4363,1.2723
tiny,chip_276_083_merged.tif,0.8,2,1938697312,156,28.0954,32.1196,4.0243
tiny,chip_276_083_merged.tif,0.8,3,1458751794,156,29.036,31.2246,2.1887
tiny,chip_276_083_merged.tif,0.8,4,1078145163,156,29.0213,31.1114,2.09
tiny,chip_279_265_merged.tif,0.2,0,10683344,39,31.5583,35.0645,3.5062
tiny,chip_279_265_merged.tif,0.2,1,1777560361,39,30.8799,36.8379,5.958
tiny,chip_279_265_merged.tif,0.2,2,1297614843,39,35.0281,36.9846,1.9564
tiny,chip_279_265_merged.tif,0.2,3,917008212,39,35.0282,35.4117,0.3835
tiny,chip_279_265_merged.tif,0.2,4,437062694,39,35.4401,35.1789,-0.2613
tiny,chip_279_265_merged.tif,0.4,0,1997551659,78,31.7871,35.8916,4.1045
tiny,chip_279_265_merged.tif,0.4,1,1616945028,78,29.1465,34.6872,5.5407
tiny,chip_279_265_merged.tif,0.4,2,1136999510,78,29.9835,35.0739,5.0904
tiny,chip_279_265_merged.tif,0.4,3,756392879,78,31.2829,34.9127,3.6298
tiny,chip_279_265_merged.tif,0.4,4,276447361,78,31.283,34.2023,2.9193
tiny,chip_279_265_merged.tif,0.6,0,1254253452,117,29.9348,33.7272,3.7924
tiny,chip_279_265_merged.tif,0.6,1,873646821,117,29.808,33.1997,3.3918
tiny,chip_279_265_merged.tif,0.6,2,393701303,117,28.9917,34.1739,5.1822
tiny,chip_279_265_merged.tif,0.6,3,13094672,117,28.7266,33.8591,5.1324
tiny,chip_279_265_merged.tif,0.6,4,1680632802,117,28.9363,33.9157,4.9794
tiny,chip_279_265_merged.tif,0.8,0,771661256,156,29.4413,32.8928,3.4514
tiny,chip_279_265_merged.tif,0.8,1,391054625,156,30.0056,30.4881,0.4824
tiny,chip_279_265_merged.tif,0.8,2,2058592755,156,30.0165,32.5091,2.4926
tiny,chip_279_265_merged.tif,0.8,3,1677986124,156,29.0982,31.7213,2.6231
tiny,chip_279_265_merged.tif,0.8,4,1198040606,156,29.002,32.6776,3.6756
tiny,chip_280_308_merged.tif,0.2,0,49147124,39,32.6347,34.7255,2.0909
tiny,chip_280_308_merged.tif,0.2,1,1716685254,39,34.5258,35.7628,1.237
tiny,chip_280_308_merged.tif,0.2,2,1336078623,39,34.4876,33.8458,-0.6418
tiny,chip_280_308_merged.tif,0.2,3,856133105,39,33.0794,36.5918,3.5124
tiny,chip_280_308_merged.tif,0.2,4,475526474,39,32.7497,36.5437,3.794
tiny,chip_280_308_merged.tif,0.4,0,1936676552,78,31.2996,35.8004,4.5008
tiny,chip_280_308_merged.tif,0.4,1,1556069921,78,31.6433,35.1151,3.4718
tiny,chip_280_308_merged.tif,0.4,2,1076124403,78,31.9164,34.986,3.0696
tiny,chip_280_308_merged.tif,0.4,3,695517772,78,31.4928,34.7034,3.2105
tiny,chip_280_308_merged.tif,0.4,4,314911141,78,32.7654,35.3132,2.5479
tiny,chip_280_308_merged.tif,0.6,0,1193378345,117,32.113,34.0958,1.9828
tiny,chip_280_308_merged.tif,0.6,1,812771714,117,31.6918,34.9727,3.281
tiny,chip_280_308_merged.tif,0.6,2,332826196,117,31.1937,34.0942,2.9005
tiny,chip_280_308_merged.tif,0.6,3,2099703213,117,30.0265,33.858,3.8315
tiny,chip_280_308_merged.tif,0.6,4,1719096582,117,31.2539,34.0662,2.8123
tiny,chip_280_308_merged.tif,0.8,0,810125036,156,30.5798,32.7846,2.2049
tiny,chip_280_308_merged.tif,0.8,1,330179518,156,30.7554,33.9548,3.1994
tiny,chip_280_308_merged.tif,0.8,2,2097056535,156,30.6663,33.2246,2.5584
tiny,chip_280_308_merged.tif,0.8,3,1617111017,156,30.8922,32.4533,1.5611
tiny,chip_280_308_merged.tif,0.8,4,1236504386,156,31.3857,33.9304,2.5446
tiny,chip_280_560_merged.tif,0.2,0,1476563736,39,33.9233,34.2829,0.3597
tiny,chip_280_560_merged.tif,0.2,1,996618218,39,31.0493,33.3175,2.2682
tiny,chip_280_560_merged.tif,0.2,2,616011587,39,31.4489,33.0412,1.5922
tiny,chip_280_560_merged.tif,0.2,3,235404956,39,33.6873,34.3017,0.6144
tiny,chip_280_560_merged.tif,0.2,4,1902943086,39,34.7328,34.4615,-0.2713
tiny,chip_280_560_merged.tif,0.4,0,411288666,78,32.1904,33.2727,1.0824
tiny,chip_280_560_merged.tif,0.4,1,30682035,78,32.5793,33.9319,1.3525
tiny,chip_280_560_merged.tif,0.4,2,1797559052,78,32.1907,33.4688,1.2782
tiny,chip_280_560_merged.tif,0.4,3,1317613534,78,32.1908,33.0903,0.8995
tiny,chip_280_560_merged.tif,0.4,4,937006903,78,30.931,32.5871,1.6561
tiny,chip_280_560_merged.tif,0.6,0,572650196,117,29.0349,32.7285,3.6935
tiny,chip_280_560_merged.tif,0.6,1,92704678,117,28.7245,32.9089,4.1845
tiny,chip_280_560_merged.tif,0.6,2,1859581695,117,29.0519,32.6369,3.5851
tiny,chip_280_560_merged.tif,0.6,3,1379636177,117,32.3478,32.4407,0.0929
tiny,chip_280_560_merged.tif,0.6,4,999029546,117,32.3815,32.6566,0.2751
tiny,chip_280_560_merged.tif,0.8,0,90058000,156,29.6362,32.0935,2.4573
tiny,chip_280_560_merged.tif,0.8,1,1757596130,156,30.2253,32.1721,1.9468
tiny,chip_280_560_merged.tif,0.8,2,1376989499,156,29.6912,32.251,2.5599
tiny,chip_280_560_merged.tif,0.8,3,996382868,156,30.2373,31.4796,1.2423
tiny,chip_280_560_merged.tif,0.8,4,516437350,156,31.3612,32.2308,0.8696
tiny,chip_281_270_merged.tif,0.2,0,842447571,39,30.3331,36.7767,6.4435
tiny,chip_281_270_merged.tif,0.2,1,461840940,39,30.653,37.3256,6.6725
tiny,chip_281_270_merged.tif,0.2,2,2129379070,39,26.6739,36.6695,9.9956
tiny,chip_281_270_merged.tif,0.2,3,1748772439,39,34.0024,37.2768,3.2745
tiny,chip_281_270_merged.tif,0.2,4,1268826921,39,33.4933,37.9312,4.4379
tiny,chip_281_270_merged.tif,0.4,0,681832238,78,32.9363,37.1631,4.2269
tiny,chip_281_270_merged.tif,0.4,1,301225607,78,31.7294,36.875,5.1456
tiny,chip_281_270_merged.tif,0.4,2,1968763737,78,32.9481,36.4441,3.4959
tiny,chip_281_270_merged.tif,0.4,3,1588157106,78,28.1984,35.5734,7.375
tiny,chip_281_270_merged.tif,0.4,4,1108211588,78,31.731,36.1166,4.3856
tiny,chip_281_270_merged.tif,0.6,0,2086017679,117,30.3039,34.9708,4.6669
tiny,chip_281_270_merged.tif,0.6,1,1705411048,117,32.9214,34.6689,1.7475
tiny,chip_281_270_merged.tif,0.6,2,1225465530,117,28.6636,34.8241,6.1605
tiny,chip_281_270_merged.tif,0.6,3,844858899,117,30.2894,35.0765,4.7871
tiny,chip_281_270_merged.tif,0.6,4,364913381,117,32.9887,35.0502,2.0615
tiny,chip_281_270_merged.tif,0.8,0,1603425483,156,28.3748,30.7072,2.3324
tiny,chip_281_270_merged.tif,0.8,1,1222818852,156,29.0463,34.1913,5.1449
tiny,chip_281_270_merged.tif,0.8,2,742873334,156,28.696,33.209,4.513
tiny,chip_281_270_merged.tif,0.8,3,362266703,156,29.5669,32.6239,3.057
tiny,chip_281_270_merged.tif,0.8,4,2029804833,156,28.7483,32.4553,3.707
tiny,chip_281_402_merged.tif,0.2,0,490370631,39,34.7093,34.741,0.0318
tiny,chip_281_402_merged.tif,0.2,1,109764000,39,33.2333,35.3505,2.1172
tiny,chip_281_402_merged.tif,0.2,2,1876641017,39,33.8697,34.8798,1.0102
tiny,chip_281_402_merged.tif,0.2,3,1396695499,39,33.8699,35.774,1.9041
tiny,chip_281_402_merged.tif,0.2,4,1016088868,39,33.2828,35.6708,2.388
tiny,chip_281_402_merged.tif,0.4,0,1671918096,78,32.1312,35.0056,2.8743
tiny,chip_281_402_merged.tif,0.4,1,1191972578,78,31.991,35.6301,3.6391
tiny,chip_281_402_merged.tif,0.4,2,811365947,78,34.2885,34.432,0.1435
tiny,chip_281_402_merged.tif,0.4,3,430759316,78,32.1378,35.0154,2.8776
tiny,chip_281_402_merged.tif,0.4,4,2098297446,78,32.1173,35.0518,2.9345
tiny,chip_281_402_merged.tif,0.6,0,1733940739,117,32.9437,34.5173,1.5736
tiny,chip_281_402_merged.tif,0.6,1,1353334108,117,30.6358,33.7327,3.0969
tiny,chip_281_402_merged.tif,0.6,2,873388590,117,32.9012,34.8546,1.9534
tiny,chip_281_402_merged.tif,0.6,3,492781959,117,32.7922,34.2158,1.4235
tiny,chip_281_402_merged.tif,0.6,4,12836441,117,32.9375,34.6945,1.757
tiny,chip_281_402_merged.tif,0.8,0,1251348543,156,31.1399,33.6357,2.4958
tiny,chip_281_402_merged.tif,0.8,1,870741912,156,32.7637,33.8674,1.1037
tiny,chip_281_402_merged.tif,0.8,2,490135281,156,31.1233,33.5315,2.4082
tiny,chip_281_402_merged.tif,0.8,3,10189763,156,32.8991,33.5814,0.6823
tiny,chip_281_402_merged.tif,0.8,4,1777066780,156,31.4195,33.7002,2.2806
tiny,chip_282_263_merged.tif,0.2,0,588497433,39,31.1444,36.295,5.1506
tiny,chip_282_263_merged.tif,0.2,1,108551915,39,31.1478,33.9073,2.7595
tiny,chip_282_263_merged.tif,0.2,2,1875428932,39,29.2474,37.0295,7.7821
tiny,chip_282_263_merged.tif,0.2,3,1494822301,39,31.1475,36.8912,5.7437
tiny,chip_282_263_merged.tif,0.2,4,1014876783,39,34.0479,36.8519,2.8041
tiny,chip_282_263_merged.tif,0.4,0,1670706011,78,32.2665,34.4608,2.1943
tiny,chip_282_263_merged.tif,0.4,1,1290099380,78,31.7788,32.5481,0.7693
tiny,chip_282_263_merged.tif,0.4,2,909492749,78,31.1227,34.7473,3.6246
tiny,chip_282_263_merged.tif,0.4,3,429547231,78,28.3854,34.6359,6.2505
tiny,chip_282_263_merged.tif,0.4,4,48940600,78,32.263,33.3483,1.0853
tiny,chip_282_263_merged.tif,0.6,0,1832067541,117,28.8208,33.9942,5.1734
tiny,chip_282_263_merged.tif,0.6,1,1352122023,117,29.0461,32.0841,3.038
tiny,chip_282_263_merged.tif,0.6,2,971515392,117,29.7081,33.5334,3.8253
tiny,chip_282_263_merged.tif,0.6,3,491569874,117,29.0192,33.3438,4.3246
tiny,chip_282_263_merged.tif,0.6,4,110963243,117,29.0039,33.6247,4.6208
tiny,chip_282_263_merged.tif,0.8,0,1349475345,156,29.315,31.5101,2.1952
tiny,chip_282_263_merged.tif,0.8,1,869529827,156,29.1928,31.7324,2.5396
tiny,chip_282_263_merged.tif,0.8,2,488923196,156,29.1362,31.6188,2.4826
tiny,chip_282_263_merged.tif,0.8,3,108316565,156,29.3151,31.119,1.8039
tiny,chip_282_263_merged.tif,0.8,4,1775854695,156,28.9754,31.7431,2.7677
tiny,chip_282_562_merged.tif,0.2,0,177572130,39,29.647,31.2502,1.6032
tiny,chip_282_562_merged.tif,0.2,1,1845110260,39,35.2576,29.6657,-5.5919
tiny,chip_282_562_merged.tif,0.2,2,1464503629,39,26.3614,33.7695,7.408
tiny,chip_282_562_merged.tif,0.2,3,984558111,39,26.3606,30.3164,3.9558
tiny,chip_282_562_merged.tif,0.2,4,603951480,39,22.2695,30.0809,7.8114
tiny,chip_282_562_merged.tif,0.4,0,1259780708,78,21.6423,29.5668,7.9245
tiny,chip_282_562_merged.tif,0.4,1,879174077,78,28.4639,30.8793,2.4153
tiny,chip_282_562_merged.tif,0.4,2,399228559,78,24.2006,30.2513,6.0507
tiny,chip_282_562_merged.tif,0.4,3,18621928,78,22.4101,29.5652,7.1551
tiny,chip_282_562_merged.tif,0.4,4,1686160058,78,33.7657,28.1343,-5.6314
tiny,chip_282_562_merged.tif,0.6,0,516482501,117,22.75,26.3872,3.6372
tiny,chip_282_562_merged.tif,0.6,1,135875870,117,22.9775,28.516,5.5385
tiny,chip_282_562_merged.tif,0.6,2,1803414000,117,28.7643,28.998,0.2337
tiny,chip_282_562_merged.tif,0.6,3,1422807369,117,30.0043,28.1188,-1.8855
tiny,chip_282_562_merged.tif,0.6,4,942861851,117,28.7794,26.4957,-2.2837
tiny,chip_282_562_merged.tif,0.8,0,33890305,156,23.9444,27.4082,3.4638
tiny,chip_282_562_merged.tif,0.8,1,1800767322,156,24.0766,27.1162,3.0395
tiny,chip_282_562_merged.tif,0.8,2,1320821804,156,24.069,27.608,3.539
tiny,chip_282_562_merged.tif,0.8,3,940215173,156,23.8251,27.5165,3.6914
tiny,chip_282_562_merged.tif,0.8,4,559608542,156,23.8391,28.3661,4.5269
tiny,chip_283_431_merged.tif,0.2,0,1060754399,39,35.0135,37.4214,2.4079
tiny,chip_283_431_merged.tif,0.2,1,680147768,39,36.6873,37.8829,1.1956
tiny,chip_283_431_merged.tif,0.2,2,200202250,39,34.9009,37.1196,2.2187
tiny,chip_283_431_merged.tif,0.2,3,1967079267,39,36.1639,37.4021,1.2382
tiny,chip_283_431_merged.tif,0.2,4,1487133749,39,34.7721,37.3324,2.5603
tiny,chip_283_431_merged.tif,0.4,0,94818216,78,34.0122,37.1209,3.1087
tiny,chip_283_431_merged.tif,0.4,1,1762356346,78,34.3467,36.2648,1.9181
tiny,chip_283_431_merged.tif,0.4,2,1381749715,78,34.7712,37.1106,2.3394
tiny,chip_283_431_merged.tif,0.4,3,901804197,78,34.4999,36.5759,2.0759
tiny,chip_283_431_merged.tif,0.4,4,521197566,78,34.2284,37.4203,3.1919
tiny,chip_283_431_merged.tif,0.6,0,156840859,117,33.8633,35.6693,1.8059
tiny,chip_283_431_merged.tif,0.6,1,1824378989,117,34.1423,36.0687,1.9264
tiny,chip_283_431_merged.tif,0.6,2,1443772358,117,34.701,36.0952,1.3942
tiny,chip_283_431_merged.tif,0.6,3,1063165727,117,32.974,36.0329,3.0589
tiny,chip_283_431_merged.tif,0.6,4,583220209,117,33.497,35.622,2.125
tiny,chip_283_431_merged.tif,0.8,0,1821732311,156,32.2307,34.3166,2.0859
tiny,chip_283_431_merged.tif,0.8,1,1441125680,156,30.9293,35.1859,4.2566
tiny,chip_283_431_merged.tif,0.8,2,961180162,156,32.194,34.902,2.708
tiny,chip_283_431_merged.tif,0.8,3,580573531,156,30.996,36.1475,5.1515
tiny,chip_283_431_merged.tif,0.8,4,100628013,156,32.2053,34.2379,2.0326
tiny,chip_284_263_merged.tif,0.2,0,647960970,39,35.7023,35.6929,-0.0094
tiny,chip_284_263_merged.tif,0.2,1,267354339,39,33.3597,35.142,1.7824
tiny,chip_284_263_merged.tif,0.2,2,2034231356,39,30.8389,35.5043,4.6654
tiny,chip_284_263_merged.tif,0.2,3,1554285838,39,36.6572,36.6475,-0.0097
tiny,chip_284_263_merged.tif,0.2,4,1173679207,39,35.7028,37.0545,1.3517
tiny,chip_284_263_merged.tif,0.4,0,487345637,78,30.4833,35.96,5.4767
tiny,chip_284_263_merged.tif,0.4,1,106739006,78,30.5803,36.8289,6.2486
tiny,chip_284_263_merged.tif,0.4,2,1774277136,78,30.8611,35.7988,4.9377
tiny,chip_284_263_merged.tif,0.4,3,1393670505,78,32.8571,35.4458,2.5886
tiny,chip_284_263_merged.tif,0.4,4,1013063874,78,33.128,36.355,3.227
tiny,chip_284_263_merged.tif,0.6,0,1891531078,117,33.1125,34.6182,1.5057
tiny,chip_284_263_merged.tif,0.6,1,1510924447,117,31.3549,34.2759,2.921
tiny,chip_284_263_merged.tif,0.6,2,1030978929,117,30.9839,34.4446,3.4607
tiny,chip_284_263_merged.tif,0.6,3,650372298,117,32.3089,34.6719,2.3631
tiny,chip_284_263_merged.tif,0.6,4,269765667,117,31.384,34.2181,2.8341
tiny,chip_284_263_merged.tif,0.8,0,1408938882,156,32.4802,32.3691,-0.1111
tiny,chip_284_263_merged.tif,0.8,1,1028332251,156,31.5976,33.416,1.8184
tiny,chip_284_263_merged.tif,0.8,2,647725620,156,31.5822,32.2765,0.6944
tiny,chip_284_263_merged.tif,0.8,3,167780102,156,30.9056,34.0706,3.165
tiny,chip_284_263_merged.tif,0.8,4,1934657119,156,31.5025,32.4629,0.9604
tiny,chip_285_307_merged.tif,0.2,0,1037860721,39,29.9126,34.0151,4.1026
tiny,chip_285_307_merged.tif,0.2,1,657254090,39,31.6678,35.0707,3.4028
tiny,chip_285_307_merged.tif,0.2,2,177308572,39,30.1655,35.3595,5.194
tiny,chip_285_307_merged.tif,0.2,3,1944185589,39,31.6823,35.2418,3.5595
tiny,chip_285_307_merged.tif,0.2,4,1464240071,39,32.0386,33.6668,1.6282
tiny,chip_285_307_merged.tif,0.4,0,877245388,78,29.9988,34.6435,4.6447
tiny,chip_285_307_merged.tif,0.4,1,397299870,78,28.2193,34.637,6.4177
tiny,chip_285_307_merged.tif,0.4,2,16693239,78,27.8452,33.5381,5.6929
tiny,chip_285_307_merged.tif,0.4,3,1684231369,78,30.7717,35.178,4.4063
tiny,chip_285_307_merged.tif,0.4,4,1303624738,78,30.9625,34.3248,3.3623
tiny,chip_285_307_merged.tif,0.6,0,133947181,117,29.6616,33.5129,3.8513
tiny,chip_285_307_merged.tif,0.6,1,1801485311,117,29.888,32.0538,2.1658
tiny,chip_285_307_merged.tif,0.6,2,1420878680,117,28.2249,32.7348,4.5099
tiny,chip_285_307_merged.tif,0.6,3,940933162,117,28.3004,32.6819,4.3815
tiny,chip_285_307_merged.tif,0.6,4,560326531,117,29.2491,32.9572,3.7082
tiny,chip_285_307_merged.tif,0.8,0,1798838633,156,27.5947,30.2972,2.7025
tiny,chip_285_307_merged.tif,0.8,1,1418232002,156,27.6601,31.0844,3.4242
tiny,chip_285_307_merged.tif,0.8,2,938286484,156,27.5644,30.4214,2.857
tiny,chip_285_307_merged.tif,0.8,3,557679853,156,28.0545,31.6259,3.5714
tiny,chip_285_307_merged.tif,0.8,4,77734335,156,28.6912,30.4396,1.7484
tiny,chip_291_134_merged.tif,0.2,0,1377300785,39,38.2729,34.6025,-3.6705
tiny,chip_291_134_merged.tif,0.2,1,897355267,39,33.0298,37.334,4.3042
tiny,chip_291_134_merged.tif,0.2,2,516748636,39,42.0799,37.0138,-5.0661
tiny,chip_291_134_merged.tif,0.2,3,36803118,39,33.5755,35.3268,1.7512
tiny,chip_291_134_merged.tif,0.2,4,1803680135,39,30.4412,37.254,6.8128
tiny,chip_291_134_merged.tif,0.4,0,1117346565,78,31.5072,34.3285,2.8213
tiny,chip_291_134_merged.tif,0.4,1,736739934,78,31.4943,34.8847,3.3904
tiny,chip_291_134_merged.tif,0.4,2,356133303,78,32.7144,34.0503,1.3359
tiny,chip_291_134_merged.tif,0.4,3,2023671433,78,36.6271,34.3931,-2.2341
tiny,chip_291_134_merged.tif,0.4,4,1643064802,78,31.4958,37.2892,5.7934
tiny,chip_291_134_merged.tif,0.6,0,473387245,117,31.1019,34.6256,3.5236
tiny,chip_291_134_merged.tif,0.6,1,2140925375,117,31.2572,34.3903,3.1331
tiny,chip_291_134_merged.tif,0.6,2,1760318744,117,31.1898,35.3268,4.137
tiny,chip_291_134_merged.tif,0.6,3,1280373226,117,33.0333,34.0968,1.0635
tiny,chip_291_134_merged.tif,0.6,4,899766595,117,31.1833,34.7739,3.5906
tiny,chip_291_134_merged.tif,0.8,0,2138278697,156,32.2672,32.2201,-0.0472
tiny,chip_291_134_merged.tif,0.8,1,1658333179,156,31.9893,32.7292,0.7399
tiny,chip_291_134_merged.tif,0.8,2,1277726548,156,32.7165,32.3375,-0.3789
tiny,chip_291_134_merged.tif,0.8,3,797781030,156,31.1806,33.476,2.2954
tiny,chip_291_134_merged.tif,0.8,4,417174399,156,31.2143,33.334,2.1197
tiny,chip_292_552_merged.tif,0.2,0,1752239236,39,31.5002,34.7992,3.299
tiny,chip_292_552_merged.tif,0.2,1,1371632605,39,34.9318,33.8495,-1.0823
tiny,chip_292_552_merged.tif,0.2,2,991025974,39,31.5022,34.6686,3.1663
tiny,chip_292_552_merged.tif,0.2,3,511080456,39,30.3717,34.6498,4.2781
tiny,chip_292_552_merged.tif,0.2,4,130473825,39,35.0457,34.8262,-0.2195
tiny,chip_292_552_merged.tif,0.4,0,1591623903,78,31.9349,33.1073,1.1724
tiny,chip_292_552_merged.tif,0.4,1,1211017272,78,30.0788,34.3794,4.3006
tiny,chip_292_552_merged.tif,0.4,2,731071754,78,30.033,34.0966,4.0637
tiny,chip_292_552_merged.tif,0.4,3,350465123,78,32.2201,33.7941,1.574
tiny,chip_292_552_merged.tif,0.4,4,2018003253,78,32.2205,32.8144,0.5939
tiny,chip_292_552_merged.tif,0.6,0,848325696,117,29.9566,32.5038,2.5473
tiny,chip_292_552_merged.tif,0.6,1,467719065,117,28.8483,32.2404,3.3921
tiny,chip_292_552_merged.tif,0.6,2,2135257195,117,30.9486,33.0013,2.0527
tiny,chip_292_552_merged.tif,0.6,3,1754650564,117,29.6926,32.7863,3.0937
tiny,chip_292_552_merged.tif,0.6,4,1274705046,117,30.3773,32.7824,2.405
tiny,chip_292_552_merged.tif,0.8,0,365733500,156,30.4209,31.1751,0.7542
tiny,chip_292_552_merged.tif,0.8,1,2132610517,156,28.0366,31.6249,3.5883
tiny,chip_292_552_merged.tif,0.8,2,1652664999,156,29.3143,31.6743,2.36
tiny,chip_292_552_merged.tif,0.8,3,1272058368,156,30.3065,32.1218,1.8153
tiny,chip_292_552_merged.tif,0.8,4,891451737,156,28.0401,31.2136,3.1736
tiny,chip_296_540_merged.tif,0.2,0,1533352423,39,32.27,32.6138,0.3438
tiny,chip_296_540_merged.tif,0.2,1,1053406905,39,29.0527,33.5364,4.4837
tiny,chip_296_540_merged.tif,0.2,2,672800274,39,32.924,33.9759,1.0519
tiny,chip_296_540_merged.tif,0.2,3,192854756,39,26.5238,33.0234,6.4997
tiny,chip_296_540_merged.tif,0.2,4,1959731773,39,29.998,32.587,2.5889
tiny,chip_296_540_merged.tif,0.4,0,1273398203,78,30.6659,32.8853,2.2194
tiny,chip_296_540_merged.tif,0.4,1,892791572,78,31.2858,33.1385,1.8527
tiny,chip_296_540_merged.tif,0.4,2,412846054,78,31.5841,33.5455,1.9614
tiny,chip_296_540_merged.tif,0.4,3,32239423,78,31.7457,32.0674,0.3218
tiny,chip_296_540_merged.tif,0.4,4,1799116440,78,28.0947,32.1298,4.0352
tiny,chip_296_540_merged.tif,0.6,0,530099996,117,29.8344,32.5759,2.7415
tiny,chip_296_540_merged.tif,0.6,1,149493365,117,30.2026,31.7409,1.5384
tiny,chip_296_540_merged.tif,0.6,2,1916370382,117,30.9298,31.9348,1.005
tiny,chip_296_540_merged.tif,0.6,3,1436424864,117,30.6967,31.3531,0.6564
tiny,chip_296_540_merged.tif,0.6,4,1055818233,117,30.1358,31.6431,1.5072
tiny,chip_296_540_merged.tif,0.8,0,146846687,156,28.395,30.1483,1.7533
tiny,chip_296_540_merged.tif,0.8,1,1814384817,156,28.5555,31.1103,2.5548
tiny,chip_296_540_merged.tif,0.8,2,1433778186,156,29.3649,30.7478,1.3828
tiny,chip_296_540_merged.tif,0.8,3,953832668,156,29.242,30.4863,1.2443
tiny,chip_296_540_merged.tif,0.8,4,573226037,156,29.5678,30.5181,0.9503
tiny,chip_298_351_merged.tif,0.2,0,563361503,39,37.2043,36.0358,-1.1685
tiny,chip_298_351_merged.tif,0.2,1,83415985,39,34.6476,36.7259,2.0784
tiny,chip_298_351_merged.tif,0.2,2,1850293002,39,34.8651,36.1707,1.3057
tiny,chip_298_351_merged.tif,0.2,3,1469686371,39,35.7348,36.4911,0.7563
tiny,chip_298_351_merged.tif,0.2,4,989740853,39,37.08,36.7259,-0.3542
tiny,chip_298_351_merged.tif,0.4,0,402746170,78,34.5364,35.8751,1.3386
tiny,chip_298_351_merged.tif,0.4,1,2070284300,78,35.2524,35.8647,0.6123
tiny,chip_298_351_merged.tif,0.4,2,1689677669,78,35.2515,36.1047,0.8531
tiny,chip_298_351_merged.tif,0.4,3,1209732151,78,35.7521,36.0658,0.3137
tiny,chip_298_351_merged.tif,0.4,4,829125520,78,34.5372,36.0441,1.5069
tiny,chip_298_351_merged.tif,0.6,0,1806931611,117,34.388,35.5739,1.1859
tiny,chip_298_351_merged.tif,0.6,1,1326986093,117,34.6316,35.8256,1.194
tiny,chip_298_351_merged.tif,0.6,2,946379462,117,34.7991,36.1913,1.3923
tiny,chip_298_351_merged.tif,0.6,3,466433944,117,34.8068,35.7625,0.9558
tiny,chip_298_351_merged.tif,0.6,4,85827313,117,33.218,35.6223,2.4043
tiny,chip_298_351_merged.tif,0.8,0,1324339415,156,34.3669,35.2093,0.8424
tiny,chip_298_351_merged.tif,0.8,1,844393897,156,34.3596,35.2851,0.9255
tiny,chip_298_351_merged.tif,0.8,2,463787266,156,33.6413,35.2259,1.5846
tiny,chip_298_351_merged.tif,0.8,3,83180635,156,34.3671,35.0562,0.6891
tiny,chip_298_351_merged.tif,0.8,4,1750718765,156,34.2681,35.2066,0.9385
tiny,chip_299_453_merged.tif,0.2,0,702470676,39,36.4214,37.5113,1.0899
tiny,chip_299_453_merged.tif,0.2,1,321864045,39,35.8076,37.4515,1.6439
tiny,chip_299_453_merged.tif,0.2,2,2088741062,39,35.8074,35.6443,-0.1631
tiny,chip_299_453_merged.tif,0.2,3,1608795544,39,28.4551,35.646,7.1909
tiny,chip_299_453_merged.tif,0.2,4,1228188913,39,33.962,35.9373,1.9752
tiny,chip_299_453_merged.tif,0.4,0,1884018141,78,35.3635,36.1439,0.7804
tiny,chip_299_453_merged.tif,0.4,1,1503411510,78,28.2585,31.8469,3.5884
tiny,chip_299_453_merged.tif,0.4,2,1023465992,78,35.3652,35.695,0.3298
tiny,chip_299_453_merged.tif,0.4,3,642859361,78,31.1463,36.2641,5.1178
tiny,chip_299_453_merged.tif,0.4,4,162913843,78,30.9468,36.539,5.5921
tiny,chip_299_453_merged.tif,0.6,0,1946040784,117,28.121,34.0745,5.9535
tiny,chip_299_453_merged.tif,0.6,1,1565434153,117,32.4337,34.3152,1.8815
tiny,chip_299_453_merged.tif,0.6,2,1085488635,117,27.7392,33.6402,5.901
tiny,chip_299_453_merged.tif,0.6,3,704882004,117,33.9931,34.1564,0.1633
tiny,chip_299_453_merged.tif,0.6,4,324275373,117,28.1659,34.2168,6.0509
tiny,chip_299_453_merged.tif,0.8,0,1463448588,156,31.2472,32.5062,1.259
tiny,chip_299_453_merged.tif,0.8,1,1082841957,156,31.5625,31.4856,-0.0769
tiny,chip_299_453_merged.tif,0.8,2,702235326,156,31.284,32.2069,0.9229
tiny,chip_299_453_merged.tif,0.8,3,222289808,156,29.0876,32.591,3.5034
tiny,chip_299_453_merged.tif,0.8,4,1989166825,156,29.0853,32.1848,3.0995
tiny,chip_302_301_merged.tif,0.2,0,796180473,39,33.9112,36.4466,2.5354
tiny,chip_302_301_merged.tif,0.2,1,415573842,39,34.455,35.7322,1.2772
tiny,chip_302_301_merged.tif,0.2,2,34967211,39,33.2695,36.7812,3.5117
tiny,chip_302_301_merged.tif,0.2,3,1702505341,39,35.3572,36.2462,0.889
tiny,chip_302_301_merged.tif,0.2,4,1321898710,39,34.7555,36.5302,1.7747
tiny,chip_302_301_merged.tif,0.4,0,1977727938,78,32.0787,36.7012,4.6226
tiny,chip_302_301_merged.tif,0.4,1,1497782420,78,31.5308,36.5966,5.0658
tiny,chip_302_301_merged.tif,0.4,2,1117175789,78,32.8919,35.0206,2.1288
tiny,chip_302_301_merged.tif,0.4,3,736569158,78,32.3699,35.1188,2.7489
tiny,chip_302_301_merged.tif,0.4,4,256623640,78,32.5581,36.5924,4.0344
tiny,chip_302_301_merged.tif,0.6,0,2039750581,117,31.7407,35.6215,3.8808
tiny,chip_302_301_merged.tif,0.6,1,1659143950,117,31.4231,34.3749,2.9519
tiny,chip_302_301_merged.tif,0.6,2,1179198432,117,32.0258,34.9804,2.9546
tiny,chip_302_301_merged.tif,0.6,3,798591801,117,31.1014,34.4526,3.3513
tiny,chip_302_301_merged.tif,0.6,4,417985170,117,31.5843,34.9495,3.3652
tiny,chip_302_301_merged.tif,0.8,0,1557158385,156,32.1066,32.734,0.6274
tiny,chip_302_301_merged.tif,0.8,1,1176551754,156,31.3028,33.6452,2.3424
tiny,chip_302_301_merged.tif,0.8,2,795945123,156,31.2808,32.7615,1.4807
tiny,chip_302_301_merged.tif,0.8,3,315999605,156,32.0203,33.1973,1.177
tiny,chip_302_301_merged.tif,0.8,4,2082876622,156,31.5053,34.1513,2.646
tiny,chip_308_293_merged.tif,0.2,0,15365350,39,33.3504,35.3142,1.9638
tiny,chip_308_293_merged.tif,0.2,1,1682903480,39,32.9753,36.3756,3.4003
tiny,chip_308_293_merged.tif,0.2,2,1302296849,39,32.7782,35.6958,2.9175
tiny,chip_308_293_merged.tif,0.2,3,822351331,39,32.7781,35.8587,3.0806
tiny,chip_308_293_merged.tif,0.2,4,441744700,39,34.8206,36.2674,1.4468
tiny,chip_308_293_merged.tif,0.4,0,1902894778,78,33.2491,35.5949,2.3459
tiny,chip_308_293_merged.tif,0.4,1,1522288147,78,32.6965,35.1094,2.4129
tiny,chip_308_293_merged.tif,0.4,2,1141681516,78,31.9073,35.4863,3.5791
tiny,chip_308_293_merged.tif,0.4,3,661735998,78,31.9076,35.5324,3.6248
tiny,chip_308_293_merged.tif,0.4,4,281129367,78,33.7047,35.1174,1.4127
tiny,chip_308_293_merged.tif,0.6,0,1159596571,117,31.7236,34.9167,3.1931
tiny,chip_308_293_merged.tif,0.6,1,778989940,117,32.4017,34.5966,2.1949
tiny,chip_308_293_merged.tif,0.6,2,398383309,117,31.7911,35.1272,3.3361
tiny,chip_308_293_merged.tif,0.6,3,2065921439,117,32.2002,33.8319,1.6317
tiny,chip_308_293_merged.tif,0.6,4,1685314808,117,31.9799,34.5499,2.57
tiny,chip_308_293_merged.tif,0.8,0,776343262,156,31.639,33.7888,2.1498
tiny,chip_308_293_merged.tif,0.8,1,296397744,156,32.2253,33.3353,1.11
tiny,chip_308_293_merged.tif,0.8,2,2063274761,156,31.1187,33.3451,2.2264
tiny,chip_308_293_merged.tif,0.8,3,1583329243,156,31.627,33.214,1.587
tiny,chip_308_293_merged.tif,0.8,4,1202722612,156,31.6284,33.2788,1.6504
tiny,chip_308_517_merged.tif,0.2,0,934563515,39,30.7626,34.4843,3.7218
tiny,chip_308_517_merged.tif,0.2,1,553956884,39,32.5983,34.7158,2.1174
tiny,chip_308_517_merged.tif,0.2,2,173350253,39,30.5055,35.5088,5.0033
tiny,chip_308_517_merged.tif,0.2,3,1840888383,39,32.3877,34.1157,1.728
tiny,chip_308_517_merged.tif,0.2,4,1460281752,39,29.3942,34.1329,4.7386
tiny,chip_308_517_merged.tif,0.4,0,2116110980,78,30.654,32.9388,2.2847
tiny,chip_308_517_merged.tif,0.4,1,1735504349,78,29.1381,33.6902,4.5521
tiny,chip_308_517_merged.tif,0.4,2,1255558831,78,29.1409,31.7243,2.5834
tiny,chip_308_517_merged.tif,0.4,3,874952200,78,30.7159,33.7256,3.0097
tiny,chip_308_517_merged.tif,0.4,4,395006682,78,31.4967,32.449,0.9523
tiny,chip_308_517_merged.tif,0.6,0,30649975,117,28.5237,32.7078,4.184
tiny,chip_308_517_merged.tif,0.6,1,1797526992,117,30.3184,33.1471,2.8287
tiny,chip_308_517_merged.tif,0.6,2,1317581474,117,27.3202,33.2077,5.8875
tiny,chip_308_517_merged.tif,0.6,3,936974843,117,28.7805,32.859,4.0785
tiny,chip_308_517_merged.tif,0.6,4,556368212,117,28.7294,32.0693,3.3398
tiny,chip_308_517_merged.tif,0.8,0,1695541427,156,28.9397,30.1464,1.2067
tiny,chip_308_517_merged.tif,0.8,1,1314934796,156,28.0998,32.6925,4.5927
tiny,chip_308_517_merged.tif,0.8,2,934328165,156,28.776,30.7203,1.9444
tiny,chip_308_517_merged.tif,0.8,3,454382647,156,28.765,30.1048,1.3398
tiny,chip_308_517_merged.tif,0.8,4,73776016,156,28.7641,30.279,1.5149
tiny,chip_310_469_merged.tif,0.2,0,1633100513,39,35.1932,36.0321,0.839
tiny,chip_310_469_merged.tif,0.2,1,1252493882,39,34.1246,36.9793,2.8547
tiny,chip_310_469_merged.tif,0.2,2,772548364,39,34.9294,36.5161,1.5866
tiny,chip_310_469_merged.tif,0.2,3,391941733,39,33.3754,36.9333,3.5579
tiny,chip_310_469_merged.tif,0.2,4,11335102,39,34.876,35.7638,0.8877
tiny,chip_310_469_merged.tif,0.4,0,667164330,78,32.6929,36.0111,3.3182
tiny,chip_310_469_merged.tif,0.4,1,187218812,78,32.1844,35.641,3.4566
tiny,chip_310_469_merged.tif,0.4,2,1954095829,78,33.3551,35.5867,2.2316
tiny,chip_310_469_merged.tif,0.4,3,1474150311,78,33.775,36.2919,2.5169
tiny,chip_310_469_merged.tif,0.4,4,1093543680,78,33.4254,35.8925,2.4672
tiny,chip_310_469_merged.tif,0.6,0,729186973,117,31.5884,35.2402,3.6518
tiny,chip_310_469_merged.tif,0.6,1,348580342,117,32.6534,35.0781,2.4248
tiny,chip_310_469_merged.tif,0.6,2,2016118472,117,32.9005,35.2417,2.3413
tiny,chip_310_469_merged.tif,0.6,3,1635511841,117,31.5831,35.4928,3.9097
tiny,chip_310_469_merged.tif,0.6,4,1155566323,117,32.9527,35.0501,2.0974
tiny,chip_310_469_merged.tif,0.8,0,246594777,156,32.1211,34.7039,2.5829
tiny,chip_310_469_merged.tif,0.8,1,2013471794,156,33.2396,34.0807,0.8412
tiny,chip_310_469_merged.tif,0.8,2,1533526276,156,30.2974,34.827,4.5297
tiny,chip_310_469_merged.tif,0.8,3,1152919645,156,33.3041,34.7256,1.4215
tiny,chip_310_469_merged.tif,0.8,4,772313014,156,33.1058,34.5236,1.4178
tiny,chip_311_380_merged.tif,0.2,0,2141507666,39,31.7919,33.6047,1.8127
tiny,chip_311_380_merged.tif,0.2,1,1760901035,39,32.1368,34.4517,2.3149
tiny,chip_311_380_merged.tif,0.2,2,1380294404,39,33.7631,34.6245,0.8614
tiny,chip_311_380_merged.tif,0.2,3,900348886,39,31.792,33.9085,2.1165
tiny,chip_311_380_merged.tif,0.2,4,519742255,39,31.9561,34.4271,2.471
tiny,chip_311_380_merged.tif,0.4,0,1175571483,78,29.1679,33.6555,4.4876
tiny,chip_311_380_merged.tif,0.4,1,794964852,78,26.772,32.4835,5.7115
tiny,chip_311_380_merged.tif,0.4,2,315019334,78,31.439,33.2817,1.8427
tiny,chip_311_380_merged.tif,0.4,3,2081896351,78,31.319,33.8301,2.5111
tiny,chip_311_380_merged.tif,0.4,4,1601950833,78,31.4402,33.7832,2.343
tiny,chip_311_380_merged.tif,0.6,0,1237594126,117,28.0008,32.4536,4.4527
tiny,chip_311_380_merged.tif,0.6,1,856987495,117,30.3373,32.5772,2.2399
tiny,chip_311_380_merged.tif,0.6,2,377041977,117,27.9157,32.7654,4.8496
tiny,chip_311_380_merged.tif,0.6,3,2143918994,117,29.4439,32.1039,2.66
tiny,chip_311_380_merged.tif,0.6,4,1763312363,117,30.3345,32.84,2.5055
tiny,chip_311_380_merged.tif,0.8,0,755001930,156,25.439,27.4391,2.0001
tiny,chip_311_380_merged.tif,0.8,1,374395299,156,27.7184,30.8434,3.125
tiny,chip_311_380_merged.tif,0.8,2,2141272316,156,29.3848,30.8871,1.5023
tiny,chip_311_380_merged.tif,0.8,3,1661326798,156,25.472,30.9433,5.4713
tiny,chip_311_380_merged.tif,0.8,4,1280720167,156,25.4486,31.2478,5.7992
tiny,chip_311_469_merged.tif,0.2,0,2014310451,39,39.609,39.4461,-0.1629
tiny,chip_311_469_merged.tif,0.2,1,1534364933,39,38.2127,40.0387,1.826
tiny,chip_311_469_merged.tif,0.2,2,1153758302,39,34.9817,40.0619,5.0802
tiny,chip_311_469_merged.tif,0.2,3,673812784,39,36.9889,40.412,3.4232
tiny,chip_311_469_merged.tif,0.2,4,293206153,39,40.0561,39.9016,-0.1545
tiny,chip_311_469_merged.tif,0.4,0,1754356231,78,36.4158,39.6101,3.1943
tiny,chip_311_469_merged.tif,0.4,1,1373749600,78,34.2859,39.8363,5.5504
tiny,chip_311_469_merged.tif,0.4,2,993142969,78,36.1224,38.6894,2.567
tiny,chip_311_469_merged.tif,0.4,3,513197451,78,38.4261,39.4048,0.9788
tiny,chip_311_469_merged.tif,0.4,4,132590820,78,37.004,39.363,2.359
tiny,chip_311_469_merged.tif,0.6,0,1110396911,117,35.3065,39.3753,4.0688
tiny,chip_311_469_merged.tif,0.6,1,630451393,117,37.1185,39.2287,2.1102
tiny,chip_311_469_merged.tif,0.6,2,249844762,117,36.6772,39.5853,2.9081
tiny,chip_311_469_merged.tif,0.6,3,1917382892,117,35.6811,37.738,2.0569
tiny,chip_311_469_merged.tif,0.6,4,1536776261,117,37.0761,38.9154,1.8393
tiny,chip_311_469_merged.tif,0.8,0,627804715,156,36.0565,38.3305,2.274
tiny,chip_311_469_merged.tif,0.8,1,147859197,156,35.6729,37.4141,1.7412
tiny,chip_311_469_merged.tif,0.8,2,1914736214,156,36.89,38.6917,1.8017
tiny,chip_311_469_merged.tif,0.8,3,1434790696,156,36.0691,37.5607,1.4916
tiny,chip_311_469_merged.tif,0.8,4,1054184065,156,35.661,37.4853,1.8243
tiny,chip_312_433_merged.tif,0.2,0,1019984418,39,33.5183,31.3781,-2.1402
tiny,chip_312_433_merged.tif,0.2,1,639377787,39,31.9329,34.196,2.2631
tiny,chip_312_433_merged.tif,0.2,2,159432269,39,32.2615,34.2821,2.0206
tiny,chip_312_433_merged.tif,0.2,3,1926309286,39,31.0739,32.9645,1.8906
tiny,chip_312_433_merged.tif,0.2,4,1545702655,39,32.6868,34.5175,1.8307
tiny,chip_312_433_merged.tif,0.4,0,859369085,78,32.3334,33.4259,1.0925
tiny,chip_312_433_merged.tif,0.4,1,478762454,78,31.2198,33.0378,1.818
tiny,chip_312_433_merged.tif,0.4,2,2146300584,78,31.2218,31.871,0.6493
tiny,chip_312_433_merged.tif,0.4,3,1765693953,78,30.9216,33.9549,3.0333
tiny,chip_312_433_merged.tif,0.4,4,1285748435,78,32.3335,31.9,-0.4335
tiny,chip_312_433_merged.tif,0.6,0,116070878,117,31.4381,32.9765,1.5384
tiny,chip_312_433_merged.tif,0.6,1,1882947895,117,31.9709,32.1954,0.2244
tiny,chip_312_433_merged.tif,0.6,2,1403002377,117,32.0304,32.1184,0.0879
tiny,chip_312_433_merged.tif,0.6,3,1022395746,117,31.4376,32.5922,1.1545
tiny,chip_312_433_merged.tif,0.6,4,542450228,117,30.6859,32.1526,1.4667
tiny,chip_312_433_merged.tif,0.8,0,1780962330,156,30.1787,31.5681,1.3894
tiny,chip_312_433_merged.tif,0.8,1,1400355699,156,30.7453,31.56,0.8147
tiny,chip_312_433_merged.tif,0.8,2,920410181,156,30.1479,31.2781,1.1301
tiny,chip_312_433_merged.tif,0.8,3,539803550,156,30.174,32.4038,2.2298
tiny,chip_312_433_merged.tif,0.8,4,159196919,156,30.1779,32.2057,2.0279
tiny,chip_313_236_merged.tif,0.2,0,647463835,39,31.9172,33.4208,1.5036
tiny,chip_313_236_merged.tif,0.2,1,266857204,39,29.8672,33.6046,3.7374
tiny,chip_313_236_merged.tif,0.2,2,1934395334,39,31.1766,33.8813,2.7047
tiny,chip_313_236_merged.tif,0.2,3,1553788703,39,32.1056,32.422,0.3164
tiny,chip_313_236_merged.tif,0.2,4,1173182072,39,31.0974,32.8776,1.7802
tiny,chip_313_236_merged.tif,0.4,0,1829011300,78,30.6199,32.9556,2.3357
tiny,chip_313_236_merged.tif,0.4,1,1349065782,78,30.181,32.6907,2.5097
tiny,chip_313_236_merged.tif,0.4,2,968459151,78,31.0812,33.1586,2.0774
tiny,chip_313_236_merged.tif,0.4,3,587852520,78,30.3028,32.5698,2.2669
tiny,chip_313_236_merged.tif,0.4,4,107907002,78,31.4683,31.9967,0.5284
tiny,chip_313_236_merged.tif,0.6,0,1891033943,117,29.9939,32.5395,2.5456
tiny,chip_313_236_merged.tif,0.6,1,1510427312,117,29.858,31.4919,1.634
tiny,chip_313_236_merged.tif,0.6,2,1030481794,117,30.873,32.2793,1.4063
tiny,chip_313_236_merged.tif,0.6,3,649875163,117,30.1824,31.9197,1.7373
tiny,chip_313_236_merged.tif,0.6,4,169929645,117,29.8297,32.2443,2.4146
tiny,chip_313_236_merged.tif,0.8,0,1408441747,156,30.8454,31.2238,0.3784
tiny,chip_313_236_merged.tif,0.8,1,1027835116,156,30.8496,30.9725,0.123
tiny,chip_313_236_merged.tif,0.8,2,547889598,156,30.1648,31.4602,1.2954
tiny,chip_313_236_merged.tif,0.8,3,167282967,156,29.4029,31.1955,1.7927
tiny,chip_313_236_merged.tif,0.8,4,1934159984,156,30.1769,31.2709,1.094
tiny,chip_314_342_merged.tif,0.2,0,1839884154,39,34.4122,36.1498,1.7376
tiny,chip_314_342_merged.tif,0.2,1,1459277523,39,36.1526,36.519,0.3664
tiny,chip_314_342_merged.tif,0.2,2,979332005,39,34.5619,36.3558,1.7939
tiny,chip_314_342_merged.tif,0.2,3,598725374,39,34.562,36.2888,1.7268
tiny,chip_314_342_merged.tif,0.2,4,218118743,39,34.5033,35.671,1.1676
tiny,chip_314_342_merged.tif,0.4,0,873947971,78,34.0481,35.6385,1.5904
tiny,chip_314_342_merged.tif,0.4,1,394002453,78,33.2591,36.0688,2.8097
tiny,chip_314_342_merged.tif,0.4,2,13395822,78,34.7698,35.2006,0.4307
tiny,chip_314_342_merged.tif,0.4,3,1680933952,78,34.7424,35.8126,1.0702
tiny,chip_314_342_merged.tif,0.4,4,1300327321,78,31.7699,36.0522,4.2823
tiny,chip_314_342_merged.tif,0.6,0,935970614,117,33.3334,35.6165,2.2831
tiny,chip_314_342_merged.tif,0.6,1,555363983,117,32.0318,35.3385,3.3067
tiny,chip_314_342_merged.tif,0.6,2,75418465,117,32.3659,35.2081,2.8423
tiny,chip_314_342_merged.tif,0.6,3,1842295482,117,31.5923,35.4301,3.8378
tiny,chip_314_342_merged.tif,0.6,4,1362349964,117,31.5764,35.4606,3.8842
tiny,chip_314_342_merged.tif,0.8,0,453378418,156,30.8019,31.9784,1.1765
tiny,chip_314_342_merged.tif,0.8,1,72771787,156,32.5278,34.421,1.8932
tiny,chip_314_342_merged.tif,0.8,2,1740309917,156,32.3176,34.5433,2.2256
tiny,chip_314_342_merged.tif,0.8,3,1359703286,156,28.4551,34.7755,6.3204
tiny,chip_314_342_merged.tif,0.8,4,979096655,156,28.4007,34.4467,6.046
tiny,chip_314_519_merged.tif,0.2,0,1692415364,39,36.2613,32.9274,-3.3339
tiny,chip_314_519_merged.tif,0.2,1,1311808733,39,37.2862,34.6948,-2.5914
tiny,chip_314_519_merged.tif,0.2,2,831863215,39,37.7364,35.9124,-1.824
tiny,chip_314_519_merged.tif,0.2,3,451256584,39,31.5885,33.6604,2.0719
tiny,chip_314_519_merged.tif,0.2,4,70649953,39,38.1501,36.8945,-1.2555
tiny,chip_314_519_merged.tif,0.4,0,1531800031,78,36.703,37.1904,0.4874
tiny,chip_314_519_merged.tif,0.4,1,1151193400,78,37.3927,32.9222,-4.4704
tiny,chip_314_519_merged.tif,0.4,2,671247882,78,38.2555,36.3248,-1.9306
tiny,chip_314_519_merged.tif,0.4,3,290641251,78,33.9469,35.9251,1.9783
tiny,chip_314_519_merged.tif,0.4,4,1958179381,78,38.2561,35.3359,-2.9202
tiny,chip_314_519_merged.tif,0.6,0,788501824,117,32.9307,34.9477,2.0171
tiny,chip_314_519_merged.tif,0.6,1,407895193,117,36.9113,34.6902,-2.2211
tiny,chip_314_519_merged.tif,0.6,2,2075433323,117,34.6318,35.641,1.0091
tiny,chip_314_519_merged.tif,0.6,3,1694826692,117,35.104,35.6591,0.5551
tiny,chip_314_519_merged.tif,0.6,4,1214881174,117,34.6464,33.5354,-1.111
tiny,chip_314_519_merged.tif,0.8,0,305909628,156,34.7128,34.4858,-0.227
tiny,chip_314_519_merged.tif,0.8,1,2072786645,156,32.8293,34.2012,1.3719
tiny,chip_314_519_merged.tif,0.8,2,1592841127,156,33.5356,32.9556,-0.58
tiny,chip_314_519_merged.tif,0.8,3,1212234496,156,32.8032,33.8919,1.0887
tiny,chip_314_519_merged.tif,0.8,4,831627865,156,33.5195,34.7363,1.2168
tiny,chip_315_516_merged.tif,0.2,0,1980256531,39,34.9066,35.5384,0.6319
tiny,chip_315_516_merged.tif,0.2,1,1500311013,39,33.9099,36.2604,2.3505
tiny,chip_315_516_merged.tif,0.2,2,1119704382,39,33.8605,34.9646,1.1041
tiny,chip_315_516_merged.tif,0.2,3,639758864,39,35.2296,35.7174,0.4878
tiny,chip_315_516_merged.tif,0.2,4,259152233,39,33.8577,36.4531,2.5954
tiny,chip_315_516_merged.tif,0.4,0,1720302311,78,34.1012,35.6243,1.5232
tiny,chip_315_516_merged.tif,0.4,1,1339695680,78,33.4404,36.1319,2.6915
tiny,chip_315_516_merged.tif,0.4,2,959089049,78,32.4055,35.0413,2.6357
tiny,chip_315_516_merged.tif,0.4,3,479143531,78,32.3464,35.9562,3.6098
tiny,chip_315_516_merged.tif,0.4,4,98536900,78,32.4033,34.649,2.2457
tiny,chip_315_516_merged.tif,0.6,0,1829942967,117,31.0052,33.3969,2.3917
tiny,chip_315_516_merged.tif,0.6,1,1449336336,117,31.0278,33.5654,2.5377
tiny,chip_315_516_merged.tif,0.6,2,969390818,117,32.8631,34.9441,2.081
tiny,chip_315_516_merged.tif,0.6,3,588784187,117,33.3061,34.6044,1.2984
tiny,chip_315_516_merged.tif,0.6,4,208177556,117,32.6466,34.8794,2.2328
tiny,chip_315_516_merged.tif,0.8,0,593750795,156,31.4126,33.2164,1.8038
tiny,chip_315_516_merged.tif,0.8,1,113805277,156,32.7212,33.3522,0.631
tiny,chip_315_516_merged.tif,0.8,2,1880682294,156,30.3835,34.2078,3.8243
tiny,chip_315_516_merged.tif,0.8,3,1400736776,156,32.4678,33.7818,1.3141
tiny,chip_315_516_merged.tif,0.8,4,1020130145,156,31.8524,32.5822,0.7298
tiny,chip_316_543_merged.tif,0.2,0,632016424,39,32.8224,33.7517,0.9293
tiny,chip_316_543_merged.tif,0.2,1,251409793,39,31.6669,33.5309,1.864
tiny,chip_316_543_merged.tif,0.2,2,1918947923,39,33.6702,33.8599,0.1897
tiny,chip_316_543_merged.tif,0.2,3,1538341292,39,32.5453,34.8671,2.3219
tiny,chip_316_543_merged.tif,0.2,4,1157734661,39,32.4766,34.8722,2.3957
tiny,chip_316_543_merged.tif,0.4,0,471401091,78,31.7134,33.9717,2.2583
tiny,chip_316_543_merged.tif,0.4,1,90794460,78,31.4056,33.0171,1.6115
tiny,chip_316_543_merged.tif,0.4,2,1758332590,78,31.406,33.608,2.2021
tiny,chip_316_543_merged.tif,0.4,3,1377725959,78,31.5011,33.6536,2.1525
tiny,chip_316_543_merged.tif,0.4,4,897780441,78,31.4915,34.1202,2.6287
tiny,chip_316_543_merged.tif,0.6,0,1875586532,117,31.8005,33.3772,1.5767
tiny,chip_316_543_merged.tif,0.6,1,1494979901,117,32.0494,33.5961,1.5467
tiny,chip_316_543_merged.tif,0.6,2,1015034383,117,31.7831,33.6616,1.8784
tiny,chip_316_543_merged.tif,0.6,3,634427752,117,31.781,33.4394,1.6584
tiny,chip_316_543_merged.tif,0.6,4,154482234,117,31.7913,33.502,1.7107
tiny,chip_316_543_merged.tif,0.8,0,1392994336,156,31.0885,32.2097,1.1212
tiny,chip_316_543_merged.tif,0.8,1,1012387705,156,31.3861,32.5965,1.2104
tiny,chip_316_543_merged.tif,0.8,2,532442187,156,31.3808,32.6879,1.3071
tiny,chip_316_543_merged.tif,0.8,3,151835556,156,31.414,32.7886,1.3747
tiny,chip_316_543_merged.tif,0.8,4,1918712573,156,31.0838,31.8493,0.7654
tiny,chip_317_528_merged.tif,0.2,0,932207727,39,29.9079,34.1819,4.2739
tiny,chip_317_528_merged.tif,0.2,1,452262209,39,30.9238,35.2752,4.3513
tiny,chip_317_528_merged.tif,0.2,2,71655578,39,32.3649,34.7592,2.3943
tiny,chip_317_528_merged.tif,0.2,3,1739193708,39,31.743,35.487,3.744
tiny,chip_317_528_merged.tif,0.2,4,1358587077,39,33.2598,35.7769,2.5171
tiny,chip_317_528_merged.tif,0.4,0,672253507,78,31.236,33.8894,2.6534
tiny,chip_317_528_merged.tif,0.4,1,291646876,78,31.1884,34.1569,2.9685
tiny,chip_317_528_merged.tif,0.4,2,2058523893,78,31.6719,33.7972,2.1253
tiny,chip_317_528_merged.tif,0.4,3,1578578375,78,33.5079,33.7648,0.2569
tiny,chip_317_528_merged.tif,0.4,4,1197971744,78,30.4451,33.7091,3.264
tiny,chip_317_528_merged.tif,0.6,0,2076438948,117,31.2905,33.6738,2.3833
tiny,chip_317_528_merged.tif,0.6,1,1695832317,117,31.0845,33.8137,2.7293
tiny,chip_317_528_merged.tif,0.6,2,1315225686,117,31.1991,33.7702,2.5711
tiny,chip_317_528_merged.tif,0.6,3,835280168,117,31.1212,33.5706,2.4494
tiny,chip_317_528_merged.tif,0.6,4,454673537,117,32.1819,33.655,1.4732
tiny,chip_317_528_merged.tif,0.8,0,1693185639,156,30.8968,31.7854,0.8885
tiny,chip_317_528_merged.tif,0.8,1,1213240121,156,30.9346,32.7585,1.8239
tiny,chip_317_528_merged.tif,0.8,2,832633490,156,31.1641,33.0131,1.8491
tiny,chip_317_528_merged.tif,0.8,3,352687972,156,31.1647,32.8376,1.6729
tiny,chip_317_528_merged.tif,0.8,4,2119564989,156,31.0871,32.9917,1.9046
tiny,chip_317_529_merged.tif,0.2,0,135927247,39,33.3383,34.242,0.9038
tiny,chip_317_529_merged.tif,0.2,1,1902804264,39,33.103,34.0996,0.9966
tiny,chip_317_529_merged.tif,0.2,2,1422858746,39,33.1021,34.0749,0.9728
tiny,chip_317_529_merged.tif,0.2,3,1042252115,39,33.1017,32.6778,-0.4239
tiny,chip_317_529_merged.tif,0.2,4,562306597,39,32.3188,32.8653,0.5466
tiny,chip_317_529_merged.tif,0.4,0,1218135825,78,30.7551,33.0539,2.2989
tiny,chip_317_529_merged.tif,0.4,1,837529194,78,31.202,33.5036,2.3016
tiny,chip_317_529_merged.tif,0.4,2,456922563,78,31.8042,33.0975,1.2933
tiny,chip_317_529_merged.tif,0.4,3,2124460693,78,32.3864,33.1488,0.7624
tiny,chip_317_529_merged.tif,0.4,4,1743854062,78,30.8696,32.4898,1.6203
tiny,chip_317_529_merged.tif,0.6,0,1379497355,117,31.4313,33.2206,1.7893
tiny,chip_317_529_merged.tif,0.6,1,899551837,117,31.2471,33.2646,2.0175
tiny,chip_317_529_merged.tif,0.6,2,518945206,117,30.8789,32.8829,2.0039
tiny,chip_317_529_merged.tif,0.6,3,138338575,117,31.2197,33.1899,1.9702
tiny,chip_317_529_merged.tif,0.6,4,1805876705,117,30.9661,33.3143,2.3483
tiny,chip_317_529_merged.tif,0.8,0,896905159,156,31.1156,31.6169,0.5013
tiny,chip_317_529_merged.tif,0.8,1,516298528,156,31.313,32.6799,1.3668
tiny,chip_317_529_merged.tif,0.8,2,36353010,156,31.633,32.6306,0.9976
tiny,chip_317_529_merged.tif,0.8,3,1803230027,156,31.3176,31.7173,0.3997
tiny,chip_317_529_merged.tif,0.8,4,1323284509,156,31.4292,31.4263,-0.0029
tiny,chip_317_545_merged.tif,0.2,0,750118637,39,30.3374,33.1383,2.8009
tiny,chip_317_545_merged.tif,0.2,1,369512006,39,31.3928,35.2655,3.8726
tiny,chip_317_545_merged.tif,0.2,2,2136389023,39,33.6874,35.5706,1.8832
tiny,chip_317_545_merged.tif,0.2,3,1656443505,39,28.1518,34.872,6.7202
tiny,chip_317_545_merged.tif,0.2,4,1275836874,39,35.2311,34.3603,-0.8708
tiny,chip_317_545_merged.tif,0.4,0,1931666102,78,30.5241,33.5886,3.0645
tiny,chip_317_545_merged.tif,0.4,1,1451720584,78,32.2213,33.0422,0.8209
tiny,chip_317_545_merged.tif,0.4,2,1071113953,78,30.7258,33.9133,3.1875
tiny,chip_317_545_merged.tif,0.4,3,690507322,78,30.7196,33.957,3.2374
tiny,chip_317_545_merged.tif,0.4,4,210561804,78,32.2211,33.9794,1.7583
tiny,chip_317_545_merged.tif,0.6,0,1993688745,117,29.8635,33.0272,3.1637
tiny,chip_317_545_merged.tif,0.6,1,1613082114,117,30.1218,33.2257,3.1039
tiny,chip_317_545_merged.tif,0.6,2,1133136596,117,30.4517,32.2884,1.8367
tiny,chip_317_545_merged.tif,0.6,3,752529965,117,30.1831,32.8292,2.6461
tiny,chip_317_545_merged.tif,0.6,4,272584447,117,30.8665,33.5118,2.6453
tiny,chip_317_545_merged.tif,0.8,0,1511096549,156,29.8499,31.5132,1.6634
tiny,chip_317_545_merged.tif,0.8,1,1130489918,156,29.8705,31.245,1.3745
tiny,chip_317_545_merged.tif,0.8,2,650544400,156,29.0894,31.2973,2.2079
tiny,chip_317_545_merged.tif,0.8,3,269937769,156,29.31,31.3834,2.0733
tiny,chip_317_545_merged.tif,0.8,4,2036814786,156,29.2363,30.9982,1.7619
tiny,chip_318_344_merged.tif,0.2,0,1022596928,39,36.178,39.0565,2.8785
tiny,chip_318_344_merged.tif,0.2,1,542651410,39,38.6482,39.1202,0.4721
tiny,chip_318_344_merged.tif,0.2,2,162044779,39,37.6115,40.312,2.7006
tiny,chip_318_344_merged.tif,0.2,3,1829582909,39,39.1394,38.8524,-0.2869
tiny,chip_318_344_merged.tif,0.2,4,1448976278,39,39.4071,39.9503,0.5432
tiny,chip_318_344_merged.tif,0.4,0,762642708,78,38.5184,39.7078,1.1893
tiny,chip_318_344_merged.tif,0.4,1,382036077,78,37.3513,39.6037,2.2523
tiny,chip_318_344_merged.tif,0.4,2,1429446,78,38.1375,39.0828,0.9453
tiny,chip_318_344_merged.tif,0.4,3,1668967576,78,38.1069,39.1061,0.9992
tiny,chip_318_344_merged.tif,0.4,4,1288360945,78,38.5182,39.7263,1.2081
tiny,chip_318_344_merged.tif,0.6,0,19344501,117,36.94,39.2528,2.3128
tiny,chip_318_344_merged.tif,0.6,1,1786221518,117,37.7098,38.1499,0.4401
tiny,chip_318_344_merged.tif,0.6,2,1405614887,117,37.3072,38.6053,1.2981
tiny,chip_318_344_merged.tif,0.6,3,925669369,117,37.336,38.8648,1.5288
tiny,chip_318_344_merged.tif,0.6,4,545062738,117,37.6416,38.9021,1.2606
tiny,chip_318_344_merged.tif,0.8,0,1783574840,156,36.9106,38.4248,1.5142
tiny,chip_318_344_merged.tif,0.8,1,1303629322,156,36.4542,38.8472,2.393
tiny,chip_318_344_merged.tif,0.8,2,923022691,156,36.4183,37.8103,1.392
tiny,chip_318_344_merged.tif,0.8,3,443077173,156,36.8993,38.2336,1.3343
tiny,chip_318_344_merged.tif,0.8,4,62470542,156,36.4665,38.65,2.1835
tiny,chip_318_539_merged.tif,0.2,0,678475660,39,32.9663,35.8443,2.878
tiny,chip_318_539_merged.tif,0.2,1,297869029,39,34.7545,32.8441,-1.9105
tiny,chip_318_539_merged.tif,0.2,2,1965407159,39,34.9168,36.684,1.7672
tiny,chip_318_539_merged.tif,0.2,3,1584800528,39,34.889,35.3239,0.4349
tiny,chip_318_539_merged.tif,0.2,4,1104855010,39,33.1587,35.4958,2.3371
tiny,chip_318_539_merged.tif,0.4,0,517860327,78,31.7812,35.6583,3.877
tiny,chip_318_539_merged.tif,0.4,1,37914809,78,31.7797,34.919,3.1394
tiny,chip_318_539_merged.tif,0.4,2,1804791826,78,33.1726,35.7071,2.5346
tiny,chip_318_539_merged.tif,0.4,3,1324846308,78,33.1765,35.4353,2.2588
tiny,chip_318_539_merged.tif,0.4,4,944239677,78,32.6875,35.3476,2.6602
tiny,chip_318_539_merged.tif,0.6,0,1922045768,117,31.6189,34.9838,3.3649
tiny,chip_318_539_merged.tif,0.6,1,1442100250,117,32.4842,33.6253,1.1411
tiny,chip_318_539_merged.tif,0.6,2,1061493619,117,31.8723,34.4098,2.5375
tiny,chip_318_539_merged.tif,0.6,3,680886988,117,32.3159,34.2354,1.9195
tiny,chip_318_539_merged.tif,0.6,4,200941470,117,31.8429,34.3057,2.4628
tiny,chip_318_539_merged.tif,0.8,0,1439453572,156,32.5302,33.2859,0.7556
tiny,chip_318_539_merged.tif,0.8,1,1058846941,156,32.1555,33.6434,1.4878
tiny,chip_318_539_merged.tif,0.8,2,578901423,156,32.0795,33.4535,1.374
tiny,chip_318_539_merged.tif,0.8,3,198294792,156,32.3672,33.0226,0.6554
tiny,chip_318_539_merged.tif,0.8,4,1865832922,156,31.9153,33.6092,1.694
tiny,chip_319_529_merged.tif,0.2,0,1470946260,39,33.2473,34.0629,0.8156
tiny,chip_319_529_merged.tif,0.2,1,1090339629,39,31.9191,33.8327,1.9137
tiny,chip_319_529_merged.tif,0.2,2,610394111,39,33.2666,33.3126,0.046
tiny,chip_319_529_merged.tif,0.2,3,229787480,39,31.5345,34.4873,2.9528
tiny,chip_319_529_merged.tif,0.2,4,1897325610,39,33.2672,34.3179,1.0508
tiny,chip_319_529_merged.tif,0.4,0,1310330927,78,32.1761,33.0316,0.8555
tiny,chip_319_529_merged.tif,0.4,1,830385409,78,32.6812,32.9607,0.2795
tiny,chip_319_529_merged.tif,0.4,2,449778778,78,32.177,34.3079,2.1309
tiny,chip_319_529_merged.tif,0.4,3,2117316908,78,31.0804,33.5707,2.4903
tiny,chip_319_529_merged.tif,0.4,4,1736710277,78,32.1763,33.1367,0.9603
tiny,chip_319_529_merged.tif,0.6,0,567032720,117,31.3197,32.8695,1.5497
tiny,chip_319_529_merged.tif,0.6,1,87087202,117,31.6308,32.9898,1.359
tiny,chip_319_529_merged.tif,0.6,2,1853964219,117,30.7411,32.837,2.0958
tiny,chip_319_529_merged.tif,0.6,3,1374018701,117,31.3067,32.7148,1.4081
tiny,chip_319_529_merged.tif,0.6,4,993412070,117,31.6288,33.1025,1.4737
tiny,chip_319_529_merged.tif,0.8,0,84440524,156,31.7324,31.7496,0.0173
tiny,chip_319_529_merged.tif,0.8,1,1851317541,156,31.528,32.1241,0.5962
tiny,chip_319_529_merged.tif,0.8,2,1371372023,156,31.503,32.6088,1.1057
tiny,chip_319_529_merged.tif,0.8,3,990765392,156,31.7431,32.1866,0.4435
tiny,chip_319_529_merged.tif,0.8,4,510819874,156,31.4449,32.0243,0.5794
tiny,chip_320_544_merged.tif,0.2,0,39603398,39,28.3527,37.7503,9.3976
tiny,chip_320_544_merged.tif,0.2,1,1707141528,39,32.7084,35.6106,2.9021
tiny,chip_320_544_merged.tif,0.2,2,1326534897,39,31.0303,34.9253,3.8951
tiny,chip_320_544_merged.tif,0.2,3,846589379,39,30.7812,35.8707,5.0895
tiny,chip_320_544_merged.tif,0.2,4,465982748,39,32.461,36.5153,4.0543
tiny,chip_320_544_merged.tif,0.4,0,1927132826,78,32.3164,35.5658,3.2494
tiny,chip_320_544_merged.tif,0.4,1,1546526195,78,31.9852,35.4138,3.4286
tiny,chip_320_544_merged.tif,0.4,2,1165919564,78,31.8859,36.0264,4.1405
tiny,chip_320_544_merged.tif,0.4,3,685974046,78,29.5148,36.5119,6.9971
tiny,chip_320_544_merged.tif,0.4,4,305367415,78,31.9873,35.8311,3.8437
tiny,chip_320_544_merged.tif,0.6,0,1183834619,117,32.05,32.5055,0.4555
tiny,chip_320_544_merged.tif,0.6,1,803227988,117,31.6381,33.1761,1.538
tiny,chip_320_544_merged.tif,0.6,2,422621357,117,31.638,34.0065,2.3685
tiny,chip_320_544_merged.tif,0.6,3,2090159487,117,33.5168,34.0107,0.4939
tiny,chip_320_544_merged.tif,0.6,4,1709552856,117,32.2071,34.455,2.2479
tiny,chip_320_544_merged.tif,0.8,0,800581310,156,29.8839,32.5893,2.7054
tiny,chip_320_544_merged.tif,0.8,1,320635792,156,33.5374,31.9686,-1.5689
tiny,chip_320_544_merged.tif,0.8,2,2087512809,156,29.872,33.4727,3.6007
tiny,chip_320_544_merged.tif,0.8,3,1607567291,156,31.5137,31.7417,0.228
tiny,chip_320_544_merged.tif,0.8,4,1226960660,156,33.4865,33.5893,0.1029
tiny,chip_321_314_merged.tif,0.2,0,271200818,39,34.5913,37.324,2.7327
tiny,chip_321_314_merged.tif,0.2,1,2038077835,39,35.5769,37.0283,1.4515
tiny,chip_321_314_merged.tif,0.2,2,1657471204,39,33.8881,36.2321,2.344
tiny,chip_321_314_merged.tif,0.2,3,1177525686,39,34.6785,36.9961,2.3176
tiny,chip_321_314_merged.tif,0.2,4,796919055,39,33.6341,37.7004,4.0663
tiny,chip_321_314_merged.tif,0.4,0,110585485,78,33.9096,36.9987,3.0892
tiny,chip_321_314_merged.tif,0.4,1,1877462502,78,34.8894,35.9746,1.0853
tiny,chip_321_314_merged.tif,0.4,2,1397516984,78,34.2817,36.7373,2.4555
tiny,chip_321_314_merged.tif,0.4,3,1016910353,78,33.9216,36.5927,2.6712
tiny,chip_321_314_merged.tif,0.4,4,536964835,78,33.9108,36.2927,2.3819
tiny,chip_321_314_merged.tif,0.6,0,1514770926,117,34.2355,35.9297,1.6942
tiny,chip_321_314_merged.tif,0.6,1,1134164295,117,33.9133,35.3556,1.4423
tiny,chip_321_314_merged.tif,0.6,2,654218777,117,34.2415,35.7416,1.5001
tiny,chip_321_314_merged.tif,0.6,3,273612146,117,34.2508,35.7025,1.4516
tiny,chip_321_314_merged.tif,0.6,4,2040489163,117,33.9896,35.5209,1.5313
tiny,chip_321_314_merged.tif,0.8,0,1032178730,156,34.2822,34.9707,0.6885
tiny,chip_321_314_merged.tif,0.8,1,651572099,156,33.8283,35.1282,1.2999
tiny,chip_321_314_merged.tif,0.8,2,270965468,156,34.4307,34.5829,0.1522
tiny,chip_321_314_merged.tif,0.8,3,1938503598,156,34.0128,34.7915,0.7788
tiny,chip_321_314_merged.tif,0.8,4,1557896967,156,33.8219,35.4008,1.5788
tiny,chip_322_417_merged.tif,0.2,0,179000502,39,28.0308,32.696,4.6651
tiny,chip_322_417_merged.tif,0.2,1,1846538632,39,31.8461,31.9631,0.117
tiny,chip_322_417_merged.tif,0.2,2,1465932001,39,33.1258,33.0443,-0.0815
tiny,chip_322_417_merged.tif,0.2,3,1085325370,39,33.3827,33.0575,-0.3253
tiny,chip_322_417_merged.tif,0.2,4,605379852,39,26.429,33.0685,6.6395
tiny,chip_322_417_merged.tif,0.4,0,18385169,78,25.8019,33.2168,7.4149
tiny,chip_322_417_merged.tif,0.4,1,1685923299,78,28.5759,31.8773,3.3014
tiny,chip_322_417_merged.tif,0.4,2,1305316668,78,30.1823,32.3032,2.121
tiny,chip_322_417_merged.tif,0.4,3,825371150,78,29.0717,32.8823,3.8106
tiny,chip_322_417_merged.tif,0.4,4,444764519,78,25.1972,33.0483,7.851
tiny,chip_322_417_merged.tif,0.6,0,1422570610,117,24.6887,32.0947,7.406
tiny,chip_322_417_merged.tif,0.6,1,942625092,117,28.9218,30.9687,2.0469
tiny,chip_322_417_merged.tif,0.6,2,562018461,117,28.812,31.9011,3.0891
tiny,chip_322_417_merged.tif,0.6,3,82072943,117,26.7642,32.2927,5.5285
tiny,chip_322_417_merged.tif,0.6,4,1848949960,117,24.6451,31.674,7.0289
tiny,chip_322_417_merged.tif,0.8,0,939978414,156,25.7858,30.167,4.3812
tiny,chip_322_417_merged.tif,0.8,1,460032896,156,25.7404,29.4258,3.6854
tiny,chip_322_417_merged.tif,0.8,2,79426265,156,27.7507,30.1951,2.4444
tiny,chip_322_417_merged.tif,0.8,3,1846303282,156,25.8353,28.4546,2.6193
tiny,chip_322_417_merged.tif,0.8,4,1366357764,156,25.2367,30.1126,4.8759
tiny,chip_322_533_merged.tif,0.2,0,840517384,39,29.747,32.6927,2.9457
tiny,chip_322_533_merged.tif,0.2,1,459910753,39,28.4812,33.643,5.1618
tiny,chip_322_533_merged.tif,0.2,2,2127448883,39,29.7484,33.0136,3.2652
tiny,chip_322_533_merged.tif,0.2,3,1746842252,39,29.1816,33.01,3.8284
tiny,chip_322_533_merged.tif,0.2,4,1266896734,39,30.198,33.6039,3.4059
tiny,chip_322_533_merged.tif,0.4,0,679902051,78,29.1687,32.9131,3.7444
tiny,chip_322_533_merged.tif,0.4,1,199956533,78,29.5482,29.6724,0.1243
tiny,chip_322_533_merged.tif,0.4,2,1966833550,78,29.2026,32.9669,3.7643
tiny,chip_322_533_merged.tif,0.4,3,1586226919,78,30.1838,32.5375,2.3537
tiny,chip_322_533_merged.tif,0.4,4,1106281401,78,29.4661,32.6872,3.221
tiny,chip_322_533_merged.tif,0.6,0,2084087492,117,29.3129,30.6072,1.2943
tiny,chip_322_533_merged.tif,0.6,1,1604141974,117,29.319,31.5996,2.2807
tiny,chip_322_533_merged.tif,0.6,2,1223535343,117,29.4343,31.443,2.0087
tiny,chip_322_533_merged.tif,0.6,3,842928712,117,29.5678,30.9705,1.4026
tiny,chip_322_533_merged.tif,0.6,4,362983194,117,29.3155,31.181,1.8654
tiny,chip_322_533_merged.tif,0.8,0,1601495296,156,28.6885,30.7678,2.0793
tiny,chip_322_533_merged.tif,0.8,1,1220888665,156,28.8547,30.8789,2.0242
tiny,chip_322_533_merged.tif,0.8,2,740943147,156,28.4543,30.462,2.0076
tiny,chip_322_533_merged.tif,0.8,3,360336516,156,28.7182,30.4728,1.7546
tiny,chip_322_533_merged.tif,0.8,4,2027874646,156,29.4603,30.5147,1.0544
tiny,chip_322_543_merged.tif,0.2,0,735787014,39,33.8537,33.5096,-0.344
tiny,chip_322_543_merged.tif,0.2,1,255841496,39,33.8509,35.6881,1.8372
tiny,chip_322_543_merged.tif,0.2,2,2022718513,39,34.0828,36.0951,2.0123
tiny,chip_322_543_merged.tif,0.2,3,1642111882,39,34.6889,35.0045,0.3156
tiny,chip_322_543_merged.tif,0.2,4,1162166364,39,31.873,34.4914,2.6184
tiny,chip_322_543_merged.tif,0.4,0,1817995592,78,31.7088,32.6858,0.977
tiny,chip_322_543_merged.tif,0.4,1,1437388961,78,31.4773,34.2232,2.746
tiny,chip_322_543_merged.tif,0.4,2,1056782330,78,32.634,33.6515,1.0175
tiny,chip_322_543_merged.tif,0.4,3,576836812,78,33.3572,33.1033,-0.2539
tiny,chip_322_543_merged.tif,0.4,4,196230181,78,32.6346,33.3274,0.6927
tiny,chip_322_543_merged.tif,0.6,0,585473450,117,32.7345,33.2898,0.5553
tiny,chip_322_543_merged.tif,0.6,1,204866819,117,31.5366,34.1716,2.6349
tiny,chip_322_543_merged.tif,0.6,2,1971743836,117,32.8521,32.8553,0.0032
tiny,chip_322_543_merged.tif,0.6,3,1491798318,117,32.1864,33.3536,1.1672
tiny,chip_322_543_merged.tif,0.6,4,1111191687,117,32.1047,34.6759,2.5712
tiny,chip_322_543_merged.tif,0.8,0,1496764926,156,31.1179,33.0314,1.9135
tiny,chip_322_543_merged.tif,0.8,1,1016819408,156,31.47,32.0978,0.6278
tiny,chip_322_543_merged.tif,0.8,2,636212777,156,32.1996,32.808,0.6084
tiny,chip_322_543_merged.tif,0.8,3,255606146,156,31.1001,33.0813,1.9812
tiny,chip_322_543_merged.tif,0.8,4,1923144276,156,32.2433,32.44,0.1967
tiny,chip_324_316_merged.tif,0.2,0,1701498502,39,35.1194,36.5718,1.4524
tiny,chip_324_316_merged.tif,0.2,1,1320891871,39,36.3001,35.4096,-0.8905
tiny,chip_324_316_merged.tif,0.2,2,840946353,39,35.4801,35.6626,0.1824
tiny,chip_324_316_merged.tif,0.2,3,460339722,39,36.3683,37.0158,0.6475
tiny,chip_324_316_merged.tif,0.2,4,2127877852,39,35.6916,36.8503,1.1588
tiny,chip_324_316_merged.tif,0.4,0,1540883169,78,35.1007,35.6121,0.5114
tiny,chip_324_316_merged.tif,0.4,1,1060937651,78,31.6054,36.4338,4.8283
tiny,chip_324_316_merged.tif,0.4,2,680331020,78,34.7933,36.1114,1.318
tiny,chip_324_316_merged.tif,0.4,3,299724389,78,34.7015,36.3717,1.6701
tiny,chip_324_316_merged.tif,0.4,4,1967262519,78,30.8679,35.7132,4.8453
tiny,chip_324_316_merged.tif,0.6,0,797584962,117,34.1238,34.6522,0.5284
tiny,chip_324_316_merged.tif,0.6,1,416978331,117,34.5356,35.1561,0.6205
tiny,chip_324_316_merged.tif,0.6,2,2084516461,117,34.1118,35.9057,1.7939
tiny,chip_324_316_merged.tif,0.6,3,1703909830,117,34.5198,34.2935,-0.2263
tiny,chip_324_316_merged.tif,0.6,4,1223964312,117,34.3097,34.743,0.4334
tiny,chip_324_316_merged.tif,0.8,0,314992766,156,34.0822,34.1201,0.0379
tiny,chip_324_316_merged.tif,0.8,1,2081869783,156,33.748,34.0139,0.2659
tiny,chip_324_316_merged.tif,0.8,2,1601924265,156,32.4014,33.5532,1.1517
tiny,chip_324_316_merged.tif,0.8,3,1221317634,156,32.4148,34.5278,2.113
tiny,chip_324_316_merged.tif,0.8,4,741372116,156,32.4157,34.5916,2.1759
tiny,chip_325_314_merged.tif,0.2,0,1696848857,39,34.3916,36.4434,2.0518
tiny,chip_325_314_merged.tif,0.2,1,1316242226,39,34.3419,36.2885,1.9466
tiny,chip_325_314_merged.tif,0.2,2,836296708,39,33.8428,35.4619,1.6191
tiny,chip_325_314_merged.tif,0.2,3,455690077,39,34.3418,36.0091,1.6673
tiny,chip_325_314_merged.tif,0.2,4,2123228207,39,34.0308,36.026,1.9952
tiny,chip_325_314_merged.tif,0.4,0,1536233524,78,34.3046,35.7435,1.4389
tiny,chip_325_314_merged.tif,0.4,1,1056288006,78,34.1463,36.2079,2.0616
tiny,chip_325_314_merged.tif,0.4,2,675681375,78,34.2505,36.0922,1.8417
tiny,chip_325_314_merged.tif,0.4,3,195735857,78,33.1375,35.8549,2.7174
tiny,chip_325_314_merged.tif,0.4,4,1962612874,78,33.5961,35.3399,1.7438
tiny,chip_325_314_merged.tif,0.6,0,792935317,117,33.9699,35.1685,1.1987
tiny,chip_325_314_merged.tif,0.6,1,312989799,117,34.1399,35.3118,1.1718
tiny,chip_325_314_merged.tif,0.6,2,2079866816,117,32.8642,35.6255,2.7613
tiny,chip_325_314_merged.tif,0.6,3,1699260185,117,32.9235,35.2995,2.376
tiny,chip_325_314_merged.tif,0.6,4,1219314667,117,34.1057,35.3305,1.2248
tiny,chip_325_314_merged.tif,0.8,0,310343121,156,33.6468,34.4666,0.8198
tiny,chip_325_314_merged.tif,0.8,1,2077220138,156,34.0513,34.6395,0.5882
tiny,chip_325_314_merged.tif,0.8,2,1597274620,156,33.4968,34.6411,1.1443
tiny,chip_325_314_merged.tif,0.8,3,1216667989,156,32.8479,34.6834,1.8355
tiny,chip_325_314_merged.tif,0.8,4,736722471,156,33.9285,34.4,0.4715
tiny,chip_325_316_merged.tif,0.2,0,1971274514,39,30.9139,36.9729,6.0589
tiny,chip_325_316_merged.tif,0.2,1,1491328996,39,32.3971,35.8633,3.4661
tiny,chip_325_316_merged.tif,0.2,2,1110722365,39,34.5847,36.4983,1.9136
tiny,chip_325_316_merged.tif,0.2,3,730115734,39,34.8946,36.3229,1.4283
tiny,chip_325_316_merged.tif,0.2,4,250170216,39,34.8952,36.8512,1.956
tiny,chip_325_316_merged.tif,0.4,0,1810659181,78,33.7158,36.0293,2.3135
tiny,chip_325_316_merged.tif,0.4,1,1330713663,78,32.2054,35.5448,3.3394
tiny,chip_325_316_merged.tif,0.4,2,950107032,78,33.9259,36.0256,2.0997
tiny,chip_325_316_merged.tif,0.4,3,470161514,78,33.8419,35.7372,1.8953
tiny,chip_325_316_merged.tif,0.4,4,89554883,78,31.6271,36.2909,4.6638
tiny,chip_325_316_merged.tif,0.6,0,1067360974,117,33.0849,35.5889,2.504
tiny,chip_325_316_merged.tif,0.6,1,587415456,117,33.4818,34.7916,1.3098
tiny,chip_325_316_merged.tif,0.6,2,206808825,117,33.0042,34.8132,1.8091
tiny,chip_325_316_merged.tif,0.6,3,1874346955,117,32.9802,35.5311,2.5509
tiny,chip_325_316_merged.tif,0.6,4,1493740324,117,32.7754,35.1433,2.3679
tiny,chip_325_316_merged.tif,0.8,0,584768778,156,32.3568,34.3175,1.9607
tiny,chip_325_316_merged.tif,0.8,1,104823260,156,32.3472,34.2199,1.8727
tiny,chip_325_316_merged.tif,0.8,2,1871700277,156,32.6438,34.5007,1.8569
tiny,chip_325_316_merged.tif,0.8,3,1491093646,156,32.8085,34.1545,1.346
tiny,chip_325_316_merged.tif,0.8,4,1011148128,156,32.2841,34.1935,1.9094
tiny,chip_326_499_merged.tif,0.2,0,1383504248,39,36.5783,37.9569,1.3786
tiny,chip_326_499_merged.tif,0.2,1,1002897617,39,34.1657,37.9204,3.7547
tiny,chip_326_499_merged.tif,0.2,2,522952099,39,36.5798,36.9005,0.3207
tiny,chip_326_499_merged.tif,0.2,3,142345468,39,34.1238,36.7906,2.6668
tiny,chip_326_499_merged.tif,0.2,4,1809883598,39,34.1201,37.4881,3.3681
tiny,chip_326_499_merged.tif,0.4,0,318229178,78,33.8465,37.2369,3.3905
tiny,chip_326_499_merged.tif,0.4,1,2085106195,78,34.9744,37.2974,2.3231
tiny,chip_326_499_merged.tif,0.4,2,1704499564,78,34.9725,36.7536,1.7811
tiny,chip_326_499_merged.tif,0.4,3,1224554046,78,34.3577,37.087,2.7292
tiny,chip_326_499_merged.tif,0.4,4,843947415,78,34.6049,37.9793,3.3745
tiny,chip_326_499_merged.tif,0.6,0,479590708,117,33.59,36.1193,2.5293
tiny,chip_326_499_merged.tif,0.6,1,2147128838,117,33.2411,35.8963,2.6552
tiny,chip_326_499_merged.tif,0.6,2,1766522207,117,33.9141,37.0858,3.1717
tiny,chip_326_499_merged.tif,0.6,3,1286576689,117,33.3231,37.5381,4.215
tiny,chip_326_499_merged.tif,0.6,4,905970058,117,34.4176,37.64,3.2224
tiny,chip_326_499_merged.tif,0.8,0,2144482160,156,33.0685,35.8814,2.8129
tiny,chip_326_499_merged.tif,0.8,1,1664536642,156,33.679,36.1647,2.4857
tiny,chip_326_499_merged.tif,0.8,2,1283930011,156,34.2587,35.5128,1.2541
tiny,chip_326_499_merged.tif,0.8,3,903323380,156,33.6156,34.4902,0.8745
tiny,chip_326_499_merged.tif,0.8,4,423377862,156,33.907,35.7934,1.8864
tiny,chip_327_511_merged.tif,0.2,0,549612555,39,32.4615,35.6169,3.1554
tiny,chip_327_511_merged.tif,0.2,1,69667037,39,32.449,34.395,1.946
tiny,chip_327_511_merged.tif,0.2,2,1836544054,39,31.7411,34.6927,2.9516
tiny,chip_327_511_merged.tif,0.2,3,1356598536,39,34.2697,34.5456,0.2759
tiny,chip_327_511_merged.tif,0.2,4,975991905,39,31.7418,34.1886,2.4467
tiny,chip_327_511_merged.tif,0.4,0,1631821133,78,31.8729,33.7056,1.8328
tiny,chip_327_511_merged.tif,0.4,1,1251214502,78,32.2632,34.3748,2.1116
tiny,chip_327_511_merged.tif,0.4,2,771268984,78,32.0552,34.5655,2.5103
tiny,chip_327_511_merged.tif,0.4,3,390662353,78,31.5788,33.9389,2.3601
tiny,chip_327_511_merged.tif,0.4,4,2058200483,78,31.8213,32.8046,0.9833
tiny,chip_327_511_merged.tif,0.6,0,1693843776,117,29.8405,32.8977,3.0571
tiny,chip_327_511_merged.tif,0.6,1,1313237145,117,30.7487,33.0503,2.3016
tiny,chip_327_511_merged.tif,0.6,2,932630514,117,30.7303,33.0702,2.3398
tiny,chip_327_511_merged.tif,0.6,3,452684996,117,32.0942,32.8961,0.8019
tiny,chip_327_511_merged.tif,0.6,4,72078365,117,31.626,32.6973,1.0713
tiny,chip_327_511_merged.tif,0.8,0,1310590467,156,29.4642,32.1652,2.701
tiny,chip_327_511_merged.tif,0.8,1,830644949,156,31.664,31.9234,0.2595
tiny,chip_327_511_merged.tif,0.8,2,450038318,156,31.3588,31.9089,0.5501
tiny,chip_327_511_merged.tif,0.8,3,2117576448,156,30.8929,32.2313,1.3384
tiny,chip_327_511_merged.tif,0.8,4,1736969817,156,31.681,31.9632,0.2822
tiny,chip_327_516_merged.tif,0.2,0,116646332,39,33.484,35.2021,1.7181
tiny,chip_327_516_merged.tif,0.2,1,1784184462,39,31.9878,34.465,2.4773
tiny,chip_327_516_merged.tif,0.2,2,1403577831,39,32.7768,35.1904,2.4136
tiny,chip_327_516_merged.tif,0.2,3,1022971200,39,34.2817,35.7614,1.4797
tiny,chip_327_516_merged.tif,0.2,4,543025682,39,32.6458,35.5791,2.9333
tiny,chip_327_516_merged.tif,0.4,0,2103514647,78,31.7198,35.6053,3.8855
tiny,chip_327_516_merged.tif,0.4,1,1623569129,78,31.6505,34.4488,2.7983
tiny,chip_327_516_merged.tif,0.4,2,1242962498,78,29.7351,34.0278,4.2927
tiny,chip_327_516_merged.tif,0.4,3,763016980,78,32.2164,35.3817,3.1653
tiny,chip_327_516_merged.tif,0.4,4,382410349,78,31.0396,35.3075,4.268
tiny,chip_327_516_merged.tif,0.6,0,1360216440,117,32.2034,33.6886,1.4851
tiny,chip_327_516_merged.tif,0.6,1,880270922,117,30.5057,34.3397,3.834
tiny,chip_327_516_merged.tif,0.6,2,499664291,117,31.0486,34.302,3.2533
tiny,chip_327_516_merged.tif,0.6,3,19718773,117,31.0293,33.384,2.3548
tiny,chip_327_516_merged.tif,0.6,4,1786595790,117,31.0308,34.7362,3.7054
tiny,chip_327_516_merged.tif,0.8,0,877624244,156,31.5243,32.6411,1.1169
tiny,chip_327_516_merged.tif,0.8,1,397678726,156,31.5382,32.1657,0.6275
tiny,chip_327_516_merged.tif,0.8,2,17072095,156,30.4211,32.3613,1.9402
tiny,chip_327_516_merged.tif,0.8,3,1783949112,156,30.9315,32.3735,1.442
tiny,chip_327_516_merged.tif,0.8,4,1304003594,156,31.57,32.8565,1.2865
tiny,chip_329_493_merged.tif,0.2,0,1900139972,39,35.4005,36.1354,0.7349
tiny,chip_329_493_merged.tif,0.2,1,1519533341,39,35.5585,34.8208,-0.7377
tiny,chip_329_493_merged.tif,0.2,2,1138926710,39,34.2062,36.4077,2.2015
tiny,chip_329_493_merged.tif,0.2,3,658981192,39,34.0975,36.4757,2.3782
tiny,chip_329_493_merged.tif,0.2,4,278374561,39,34.6526,37.3475,2.6949
tiny,chip_329_493_merged.tif,0.4,0,934203789,78,34.1045,36.2672,2.1626
tiny,chip_329_493_merged.tif,0.4,1,454258271,78,34.0745,36.4746,2.4001
tiny,chip_329_493_merged.tif,0.4,2,73651640,78,33.9676,36.4143,2.4467
tiny,chip_329_493_merged.tif,0.4,3,1840528657,78,34.0105,35.4658,1.4553
tiny,chip_329_493_merged.tif,0.4,4,1360583139,78,34.1023,36.0659,1.9637
tiny,chip_329_493_merged.tif,0.6,0,996226432,117,33.9995,36.5771,2.5776
tiny,chip_329_493_merged.tif,0.6,1,615619801,117,34.1902,34.7288,0.5385
tiny,chip_329_493_merged.tif,0.6,2,135674283,117,33.9883,34.7938,0.8055
tiny,chip_329_493_merged.tif,0.6,3,1902551300,117,34.2206,35.1201,0.8994
tiny,chip_329_493_merged.tif,0.6,4,1422605782,117,34.2268,35.3385,1.1117
tiny,chip_329_493_merged.tif,0.8,0,513634236,156,33.7464,35.0675,1.3211
tiny,chip_329_493_merged.tif,0.8,1,133027605,156,33.6878,33.9336,0.2457
tiny,chip_329_493_merged.tif,0.8,2,1800565735,156,33.8304,34.5516,0.7213
tiny,chip_329_493_merged.tif,0.8,3,1419959104,156,34.1448,35.4153,1.2705
tiny,chip_329_493_merged.tif,0.8,4,1039352473,156,34.2007,34.1605,-0.0402
tiny,chip_329_512_merged.tif,0.2,0,229478008,39,29.765,34.6834,4.9185
tiny,chip_329_512_merged.tif,0.2,1,1897016138,39,31.5022,34.1842,2.6819
tiny,chip_329_512_merged.tif,0.2,2,1516409507,39,32.0229,34.648,2.6252
tiny,chip_329_512_merged.tif,0.2,3,1135802876,39,31.9846,35.1899,3.2052
tiny,chip_329_512_merged.tif,0.2,4,655857358,39,30.8207,35.031,4.2103
tiny,chip_329_512_merged.tif,0.4,0,68862675,78,30.4502,33.5876,3.1373
tiny,chip_329_512_merged.tif,0.4,1,1736400805,78,30.1562,33.7926,3.6364
tiny,chip_329_512_merged.tif,0.4,2,1355794174,78,31.0017,33.4393,2.4377
tiny,chip_329_512_merged.tif,0.4,3,875848656,78,31.0006,34.6172,3.6166
tiny,chip_329_512_merged.tif,0.4,4,495242025,78,29.4753,33.7453,4.27
tiny,chip_329_512_merged.tif,0.6,0,1473048116,117,30.8055,34.1264,3.3209
tiny,chip_329_512_merged.tif,0.6,1,993102598,117,30.7462,33.4617,2.7156
tiny,chip_329_512_merged.tif,0.6,2,612495967,117,30.451,33.8639,3.4129
tiny,chip_329_512_merged.tif,0.6,3,132550449,117,29.0642,32.7742,3.71
tiny,chip_329_512_merged.tif,0.6,4,1899427466,117,29.8749,33.7002,3.8252
tiny,chip_329_512_merged.tif,0.8,0,990455920,156,30.1181,32.6591,2.541
tiny,chip_329_512_merged.tif,0.8,1,510510402,156,30.3359,32.3632,2.0272
tiny,chip_329_512_merged.tif,0.8,2,129903771,156,30.1918,32.2246,2.0328
tiny,chip_329_512_merged.tif,0.8,3,1896780788,156,29.3059,32.3895,3.0837
tiny,chip_329_512_merged.tif,0.8,4,1416835270,156,30.102,31.4931,1.3911
tiny,chip_330_499_merged.tif,0.2,0,1715311891,39,36.1034,37.3587,1.2553
tiny,chip_330_499_merged.tif,0.2,1,1334705260,39,35.0687,36.7548,1.686
tiny,chip_330_499_merged.tif,0.2,2,854759742,39,33.9395,36.8564,2.9169
tiny,chip_330_499_merged.tif,0.2,3,474153111,39,34.9181,36.7667,1.8486
tiny,chip_330_499_merged.tif,0.2,4,93546480,39,34.4039,37.234,2.8301
tiny,chip_330_499_merged.tif,0.4,0,749375708,78,35.5598,36.5237,0.9639
tiny,chip_330_499_merged.tif,0.4,1,269430190,78,35.5595,36.169,0.6095
tiny,chip_330_499_merged.tif,0.4,2,2036307207,78,35.1388,37.0446,1.9059
tiny,chip_330_499_merged.tif,0.4,3,1655700576,78,34.1336,35.9431,1.8096
tiny,chip_330_499_merged.tif,0.4,4,1175755058,78,35.2512,35.5268,0.2756
tiny,chip_330_499_merged.tif,0.6,0,811398351,117,35.0192,35.5969,0.5777
tiny,chip_330_499_merged.tif,0.6,1,430791720,117,34.9785,35.4025,0.4239
tiny,chip_330_499_merged.tif,0.6,2,2098329850,117,34.1757,36.0206,1.8449
tiny,chip_330_499_merged.tif,0.6,3,1717723219,117,34.8646,35.6756,0.811
tiny,chip_330_499_merged.tif,0.6,4,1237777701,117,34.3435,36.1241,1.7805
tiny,chip_330_499_merged.tif,0.8,0,1722689827,156,33.943,34.8796,0.9366
tiny,chip_330_499_merged.tif,0.8,1,1242744309,156,35.1119,35.4018,0.2899
tiny,chip_330_499_merged.tif,0.8,2,862137678,156,34.1138,35.1524,1.0387
tiny,chip_330_499_merged.tif,0.8,3,382192160,156,34.8837,35.2848,0.4012
tiny,chip_330_499_merged.tif,0.8,4,1585529,156,33.9637,34.5349,0.5712
tiny,chip_331_495_merged.tif,0.2,0,1819702096,39,33.847,37.9697,4.1227
tiny,chip_331_495_merged.tif,0.2,1,1439095465,39,35.5895,37.4517,1.8622
tiny,chip_331_495_merged.tif,0.2,2,1058488834,39,35.751,37.5767,1.8258
tiny,chip_331_495_merged.tif,0.2,3,578543316,39,34.7598,37.8966,3.1367
tiny,chip_331_495_merged.tif,0.2,4,197936685,39,35.5882,37.5823,1.994
tiny,chip_331_495_merged.tif,0.4,0,853765913,78,35.2686,37.566,2.2974
tiny,chip_331_495_merged.tif,0.4,1,373820395,78,34.0976,36.2159,2.1183
tiny,chip_331_495_merged.tif,0.4,2,2140697412,78,35.2339,36.6882,1.4542
tiny,chip_331_495_merged.tif,0.4,3,1760090781,78,35.3903,37.3847,1.9944
tiny,chip_331_495_merged.tif,0.4,4,1280145263,78,35.2683,37.3097,2.0414
tiny,chip_331_495_merged.tif,0.6,0,915788556,117,33.8092,36.4922,2.683
tiny,chip_331_495_merged.tif,0.6,1,535181925,117,33.4519,35.7724,2.3205
tiny,chip_331_495_merged.tif,0.6,2,55236407,117,33.7681,36.0893,2.3212
tiny,chip_331_495_merged.tif,0.6,3,1822113424,117,33.7428,36.7005,2.9577
tiny,chip_331_495_merged.tif,0.6,4,1342167906,117,33.6161,35.9336,2.3175
tiny,chip_331_495_merged.tif,0.8,0,433196360,156,33.8425,35.4473,1.6048
tiny,chip_331_495_merged.tif,0.8,1,52589729,156,33.4539,34.6521,1.1982
tiny,chip_331_495_merged.tif,0.8,2,1720127859,156,34.2084,35.1804,0.972
tiny,chip_331_495_merged.tif,0.8,3,1339521228,156,33.5536,35.3629,1.8093
tiny,chip_331_495_merged.tif,0.8,4,958914597,156,33.8761,34.4486,0.5724
tiny,chip_332_499_merged.tif,0.2,0,1313649359,39,35.5841,35.8604,0.2763
tiny,chip_332_499_merged.tif,0.2,1,833703841,39,33.32,35.7041,2.384
tiny,chip_332_499_merged.tif,0.2,2,453097210,39,34.8469,36.4367,1.5899
tiny,chip_332_499_merged.tif,0.2,3,2120635340,39,35.1235,35.5055,0.382
tiny,chip_332_499_merged.tif,0.2,4,1740028709,39,33.1938,35.6045,2.4107
tiny,chip_332_499_merged.tif,0.4,0,1053695139,78,34.7942,34.9061,0.112
tiny,chip_332_499_merged.tif,0.4,1,673088508,78,34.0312,35.7977,1.7665
tiny,chip_332_499_merged.tif,0.4,2,292481877,78,32.517,35.4195,2.9025
tiny,chip_332_499_merged.tif,0.4,3,1960020007,78,33.3261,34.8585,1.5324
tiny,chip_332_499_merged.tif,0.4,4,1579413376,78,33.9359,33.9134,-0.0226
tiny,chip_332_499_merged.tif,0.6,0,409735819,117,33.2624,34.8865,1.6241
tiny,chip_332_499_merged.tif,0.6,1,2077273949,117,33.1346,34.9063,1.7716
tiny,chip_332_499_merged.tif,0.6,2,1696667318,117,32.7523,34.1633,1.411
tiny,chip_332_499_merged.tif,0.6,3,1216721800,117,33.43,34.0866,0.6566
tiny,chip_332_499_merged.tif,0.6,4,836115169,117,33.5827,34.8152,1.2325
tiny,chip_332_499_merged.tif,0.8,0,2074627271,156,32.6998,34.0215,1.3217
tiny,chip_332_499_merged.tif,0.8,1,1594681753,156,32.9575,34.733,1.7755
tiny,chip_332_499_merged.tif,0.8,2,1214075122,156,32.1221,33.5081,1.386
tiny,chip_332_499_merged.tif,0.8,3,734129604,156,32.7843,33.8255,1.0413
tiny,chip_332_499_merged.tif,0.8,4,353522973,156,32.7602,34.7447,1.9845
tiny,chip_333_509_merged.tif,0.2,0,1938949949,39,32.0753,33.2781,1.2028
tiny,chip_333_509_merged.tif,0.2,1,1558343318,39,31.4982,35.066,3.5679
tiny,chip_333_509_merged.tif,0.2,2,1177736687,39,31.7537,32.8392,1.0854
tiny,chip_333_509_merged.tif,0.2,3,697791169,39,32.3247,33.9519,1.6272
tiny,chip_333_509_merged.tif,0.2,4,317184538,39,30.3085,33.7127,3.4042
tiny,chip_333_509_merged.tif,0.4,0,973013766,78,30.024,33.0777,3.0537
tiny,chip_333_509_merged.tif,0.4,1,592407135,78,28.478,33.4686,4.9906
tiny,chip_333_509_merged.tif,0.4,2,112461617,78,28.7456,33.6988,4.9533
tiny,chip_333_509_merged.tif,0.4,3,1879338634,78,29.7168,33.4972,3.7804
tiny,chip_333_509_merged.tif,0.4,4,1399393116,78,28.623,33.4947,4.8717
tiny,chip_333_509_merged.tif,0.6,0,1082654422,117,28.3421,32.8954,4.5532
tiny,chip_333_509_merged.tif,0.6,1,602708904,117,29.1346,32.6556,3.5211
tiny,chip_333_509_merged.tif,0.6,2,222102273,117,28.443,32.596,4.153
tiny,chip_333_509_merged.tif,0.6,3,1988979290,117,29.0804,32.9792,3.8987
tiny,chip_333_509_merged.tif,0.6,4,1509033772,117,29.1164,32.7289,3.6124
tiny,chip_333_509_merged.tif,0.8,0,1894607011,156,28.4079,31.2515,2.8437
tiny,chip_333_509_merged.tif,0.8,1,1514000380,156,28.1011,30.6162,2.515
tiny,chip_333_509_merged.tif,0.8,2,1034054862,156,28.2789,31.0266,2.7477
tiny,chip_333_509_merged.tif,0.8,3,653448231,156,27.3569,29.9386,2.5816
tiny,chip_333_509_merged.tif,0.8,4,272841600,156,28.6409,31.6149,2.974
tiny,chip_333_515_merged.tif,0.2,0,646854201,39,33.4517,35.3641,1.9125
tiny,chip_333_515_merged.tif,0.2,1,266247570,39,33.3579,35.9952,2.6373
tiny,chip_333_515_merged.tif,0.2,2,2033124587,39,33.6997,36.1242,2.4245
tiny,chip_333_515_merged.tif,0.2,3,1553179069,39,35.1987,35.5802,0.3815
tiny,chip_333_515_merged.tif,0.2,4,1172572438,39,33.7307,35.7325,2.0018
tiny,chip_333_515_merged.tif,0.4,0,486238868,78,33.359,35.4801,2.1211
tiny,chip_333_515_merged.tif,0.4,1,105632237,78,33.4715,35.0706,1.5991
tiny,chip_333_515_merged.tif,0.4,2,1773170367,78,32.6469,35.8936,3.2467
tiny,chip_333_515_merged.tif,0.4,3,1392563736,78,33.471,35.6992,2.2283
tiny,chip_333_515_merged.tif,0.4,4,912618218,78,33.3603,35.964,2.6036
tiny,chip_333_515_merged.tif,0.6,0,1890424309,117,32.998,34.7938,1.7957
tiny,chip_333_515_merged.tif,0.6,1,1509817678,117,33.0624,34.0241,0.9616
tiny,chip_333_515_merged.tif,0.6,2,1029872160,117,32.9204,34.3533,1.433
tiny,chip_333_515_merged.tif,0.6,3,649265529,117,33.0199,34.9868,1.9668
tiny,chip_333_515_merged.tif,0.6,4,169320011,117,32.6989,34.5619,1.863
tiny,chip_333_515_merged.tif,0.8,0,1407832113,156,32.6895,33.8933,1.2038
tiny,chip_333_515_merged.tif,0.8,1,1027225482,156,32.5571,33.9807,1.4237
tiny,chip_333_515_merged.tif,0.8,2,646618851,156,32.7202,33.8426,1.1224
tiny,chip_333_515_merged.tif,0.8,3,166673333,156,32.6772,34.0081,1.3308
tiny,chip_333_515_merged.tif,0.8,4,1933550350,156,32.5135,33.6645,1.151
tiny,chip_341_499_merged.tif,0.2,0,1876873557,39,40.1923,41.0518,0.8595
tiny,chip_341_499_merged.tif,0.2,1,1396928039,39,40.0707,40.721,0.6503
tiny,chip_341_499_merged.tif,0.2,2,1016321408,39,36.4327,41.1246,4.6919
tiny,chip_341_499_merged.tif,0.2,3,536375890,39,37.1969,41.0943,3.8973
tiny,chip_341_499_merged.tif,0.2,4,155769259,39,40.4434,40.6073,0.1638
tiny,chip_341_499_merged.tif,0.4,0,1716258224,78,36.1863,40.3699,4.1836
tiny,chip_341_499_merged.tif,0.4,1,1236312706,78,39.7388,39.7877,0.0488
tiny,chip_341_499_merged.tif,0.4,2,855706075,78,38.2669,40.4438,2.1769
tiny,chip_341_499_merged.tif,0.4,3,375760557,78,37.8597,39.8641,2.0045
tiny,chip_341_499_merged.tif,0.4,4,2142637574,78,39.5022,40.4845,0.9822
tiny,chip_341_499_merged.tif,0.6,0,972960017,117,37.1551,39.1703,2.0152
tiny,chip_341_499_merged.tif,0.6,1,493014499,117,36.9678,40.7268,3.759
tiny,chip_341_499_merged.tif,0.6,2,112407868,117,36.9233,40.313,3.3898
tiny,chip_341_499_merged.tif,0.6,3,1779945998,117,37.174,39.1557,1.9816
tiny,chip_341_499_merged.tif,0.6,4,1399339367,117,39.0856,40.5568,1.4711
tiny,chip_341_499_merged.tif,0.8,0,490367821,156,38.2658,39.4343,1.1686
tiny,chip_341_499_merged.tif,0.8,1,10422303,156,38.2983,39.6727,1.3744
tiny,chip_341_499_merged.tif,0.8,2,1777299320,156,37.6295,39.3443,1.7148
tiny,chip_341_499_merged.tif,0.8,3,1297353802,156,37.3025,39.5476,2.2451
tiny,chip_341_499_merged.tif,0.8,4,916747171,156,38.3196,39.6918,1.3722
tiny,chip_341_534_merged.tif,0.2,0,23190976,39,30.781,34.2596,3.4786
tiny,chip_341_534_merged.tif,0.2,1,1690729106,39,33.3477,35.696,2.3483
tiny,chip_341_534_merged.tif,0.2,2,1310122475,39,31.9151,37.2638,5.3488
tiny,chip_341_534_merged.tif,0.2,3,830176957,39,30.9951,36.2202,5.225
tiny,chip_341_534_merged.tif,0.2,4,449570326,39,33.3455,36.1473,2.8018
tiny,chip_341_534_merged.tif,0.4,0,1105399554,78,32.3555,34.482,2.1266
tiny,chip_341_534_merged.tif,0.4,1,724792923,78,32.61,32.7281,0.1181
tiny,chip_341_534_merged.tif,0.4,2,244847405,78,30.6752,34.1782,3.503
tiny,chip_341_534_merged.tif,0.4,3,2011724422,78,32.9558,33.6755,0.7197
tiny,chip_341_534_merged.tif,0.4,4,1631117791,78,32.9584,34.4705,1.5121
tiny,chip_341_534_merged.tif,0.6,0,1266761084,117,32.0479,33.2964,1.2484
tiny,chip_341_534_merged.tif,0.6,1,786815566,117,32.0337,32.3583,0.3246
tiny,chip_341_534_merged.tif,0.6,2,406208935,117,30.8126,34.0856,3.273
tiny,chip_341_534_merged.tif,0.6,3,2073747065,117,30.4308,33.6686,3.2378
tiny,chip_341_534_merged.tif,0.6,4,1693140434,117,30.8406,32.6957,1.8551
tiny,chip_341_534_merged.tif,0.8,0,784168888,156,30.8302,32.3698,1.5396
tiny,chip_341_534_merged.tif,0.8,1,304223370,156,31.0223,32.787,1.7647
tiny,chip_341_534_merged.tif,0.8,2,2071100387,156,30.9912,33.537,2.5458
tiny,chip_341_534_merged.tif,0.8,3,1591154869,156,31.0925,32.4612,1.3687
tiny,chip_341_534_merged.tif,0.8,4,1210548238,156,30.4329,32.018,1.585
tiny,chip_351_393_merged.tif,0.2,0,1399459667,39,32.9403,36.427,3.4867
tiny,chip_351_393_merged.tif,0.2,1,919514149,39,32.8266,37.5363,4.7098
tiny,chip_351_393_merged.tif,0.2,2,538907518,39,33.8396,35.7417,1.902
tiny,chip_351_393_merged.tif,0.2,3,158300887,39,31.6538,35.8876,4.2338
tiny,chip_351_393_merged.tif,0.2,4,1825839017,39,34.0573,34.0652,0.0079
tiny,chip_351_393_merged.tif,0.4,0,1238844334,78,32.4039,34.7129,2.309
tiny,chip_351_393_merged.tif,0.4,1,758898816,78,32.5321,36.0482,3.5161
tiny,chip_351_393_merged.tif,0.4,2,378292185,78,30.5922,35.8243,5.2321
tiny,chip_351_393_merged.tif,0.4,3,2045830315,78,33.5582,35.5361,1.9779
tiny,chip_351_393_merged.tif,0.4,4,1665223684,78,31.9829,35.1916,3.2087
tiny,chip_351_393_merged.tif,0.6,0,495546127,117,32.0568,34.7302,2.6734
tiny,chip_351_393_merged.tif,0.6,1,15600609,117,30.5803,32.4951,1.9148
tiny,chip_351_393_merged.tif,0.6,2,1782477626,117,32.5349,34.2765,1.7415
tiny,chip_351_393_merged.tif,0.6,3,1302532108,117,32.3018,31.7986,-0.5032
tiny,chip_351_393_merged.tif,0.6,4,921925477,117,32.459,32.8569,0.3979
tiny,chip_351_393_merged.tif,0.8,0,12953931,156,30.4273,31.2846,0.8574
tiny,chip_351_393_merged.tif,0.8,1,1680492061,156,30.6424,32.7297,2.0873
tiny,chip_351_393_merged.tif,0.8,2,1299885430,156,32.0442,31.9628,-0.0814
tiny,chip_351_393_merged.tif,0.8,3,919278799,156,29.6698,33.486,3.8162
tiny,chip_351_393_merged.tif,0.8,4,439333281,156,29.663,30.875,1.212
tiny,chip_351_539_merged.tif,0.2,0,2053707570,39,34.6694,36.6967,2.0272
tiny,chip_351_539_merged.tif,0.2,1,1673100939,39,34.879,37.7421,2.8632
tiny,chip_351_539_merged.tif,0.2,2,1193155421,39,34.9732,37.9592,2.986
tiny,chip_351_539_merged.tif,0.2,3,812548790,39,34.7295,37.6794,2.9499
tiny,chip_351_539_merged.tif,0.2,4,431942159,39,36.128,37.9657,1.8377
tiny,chip_351_539_merged.tif,0.4,0,1087771387,78,34.9876,37.0255,2.0379
tiny,chip_351_539_merged.tif,0.4,1,607825869,78,34.0813,36.391,2.3097
tiny,chip_351_539_merged.tif,0.4,2,227219238,78,34.2253,36.7372,2.5119
tiny,chip_351_539_merged.tif,0.4,3,1994096255,78,34.0104,36.8709,2.8605
tiny,chip_351_539_merged.tif,0.4,4,1514150737,78,34.4508,37.5143,3.0635
tiny,chip_351_539_merged.tif,0.6,0,1149794030,117,34.2878,36.4975,2.2097
tiny,chip_351_539_merged.tif,0.6,1,769187399,117,34.7549,36.6607,1.9057
tiny,chip_351_539_merged.tif,0.6,2,289241881,117,32.8713,36.7605,3.8893
tiny,chip_351_539_merged.tif,0.6,3,2056118898,117,30.2914,37.0014,6.71
tiny,chip_351_539_merged.tif,0.6,4,1576173380,117,34.3146,36.9442,2.6296
tiny,chip_351_539_merged.tif,0.8,0,667201834,156,32.4213,35.6426,3.2213
tiny,chip_351_539_merged.tif,0.8,1,286595203,156,29.6275,35.3288,5.7013
tiny,chip_351_539_merged.tif,0.8,2,1954133333,156,32.4046,35.3997,2.9951
tiny,chip_351_539_merged.tif,0.8,3,1573526702,156,34.5278,35.863,1.3352
tiny,chip_351_539_merged.tif,0.8,4,1192920071,156,34.5567,35.0265,0.4698
tiny,chip_354_327_merged.tif,0.2,0,2038869170,39,33.7642,36.801,3.0368
tiny,chip_354_327_merged.tif,0.2,1,1658262539,39,34.415,37.111,2.696
tiny,chip_354_327_merged.tif,0.2,2,1178317021,39,33.8243,36.1914,2.3672
tiny,chip_354_327_merged.tif,0.2,3,797710390,39,32.6121,36.3798,3.7677
tiny,chip_354_327_merged.tif,0.2,4,317764872,39,34.1199,35.6883,1.5684
tiny,chip_354_327_merged.tif,0.4,0,1878253837,78,34.4816,36.0324,1.5509
tiny,chip_354_327_merged.tif,0.4,1,1398308319,78,33.3413,36.0583,2.717
tiny,chip_354_327_merged.tif,0.4,2,1017701688,78,33.4748,36.228,2.7533
tiny,chip_354_327_merged.tif,0.4,3,637095057,78,33.4236,35.9368,2.5132
tiny,chip_354_327_merged.tif,0.4,4,157149539,78,33.4755,35.9705,2.495
tiny,chip_354_327_merged.tif,0.6,0,1134955630,117,33.1838,35.3673,2.1835
tiny,chip_354_327_merged.tif,0.6,1,655010112,117,33.7034,35.797,2.0935
tiny,chip_354_327_merged.tif,0.6,2,274403481,117,32.512,35.3273,2.8153
tiny,chip_354_327_merged.tif,0.6,3,2041280498,117,32.4812,35.2638,2.7826
tiny,chip_354_327_merged.tif,0.6,4,1561334980,117,33.1768,35.6575,2.4807
tiny,chip_354_327_merged.tif,0.8,0,652363434,156,33.4404,34.7765,1.3361
tiny,chip_354_327_merged.tif,0.8,1,271756803,156,33.3961,34.0754,0.6793
tiny,chip_354_327_merged.tif,0.8,2,1939294933,156,32.747,34.036,1.2891
tiny,chip_354_327_merged.tif,0.8,3,1558688302,156,33.3945,33.9543,0.5598
tiny,chip_354_327_merged.tif,0.8,4,1078742784,156,32.8735,34.8914,2.0179
tiny,chip_357_370_merged.tif,0.2,0,60003936,39,32.5023,36.16,3.6576
tiny,chip_357_370_merged.tif,0.2,1,1826880953,39,31.7235,35.9791,4.2555
tiny,chip_357_370_merged.tif,0.2,2,1346935435,39,34.644,36.198,1.5541
tiny,chip_357_370_merged.tif,0.2,3,966328804,39,32.5015,35.9454,3.4439
tiny,chip_357_370_merged.tif,0.2,4,585722173,39,32.7178,35.9423,3.2246
tiny,chip_357_370_merged.tif,0.4,0,2046872251,78,33.4049,35.9045,2.4996
tiny,chip_357_370_merged.tif,0.4,1,1666265620,78,30.6473,35.5502,4.9029
tiny,chip_357_370_merged.tif,0.4,2,1186320102,78,30.6472,35.4675,4.8203
tiny,chip_357_370_merged.tif,0.4,3,805713471,78,31.9076,36.2866,4.3791
tiny,chip_357_370_merged.tif,0.4,4,325767953,78,33.1185,35.169,2.0505
tiny,chip_357_370_merged.tif,0.6,0,9029259,117,32.2866,34.1926,1.9059
tiny,chip_357_370_merged.tif,0.6,1,1676567389,117,32.3903,35.0111,2.6208
tiny,chip_357_370_merged.tif,0.6,2,1295960758,117,32.1901,34.73,2.5399
tiny,chip_357_370_merged.tif,0.6,3,915354127,117,32.442,35.9271,3.4851
tiny,chip_357_370_merged.tif,0.6,4,435408609,117,32.195,35.179,2.984
tiny,chip_357_370_merged.tif,0.8,0,820981848,156,31.776,33.8219,2.046
tiny,chip_357_370_merged.tif,0.8,1,440375217,156,30.2519,33.2363,2.9844
tiny,chip_357_370_merged.tif,0.8,2,2107913347,156,30.2627,33.8584,3.5957
tiny,chip_357_370_merged.tif,0.8,3,1727306716,156,30.205,33.4961,3.2911
tiny,chip_357_370_merged.tif,0.8,4,1346700085,156,30.2871,33.74,3.4529
tiny,chip_363_321_merged.tif,0.2,0,1710251430,39,37.1136,36.9092,-0.2044
tiny,chip_363_321_merged.tif,0.2,1,1329644799,39,35.1823,37.1045,1.9222
tiny,chip_363_321_merged.tif,0.2,2,849699281,39,35.378,37.4058,2.0278
tiny,chip_363_321_merged.tif,0.2,3,469092650,39,35.1806,36.4275,1.2469
tiny,chip_363_321_merged.tif,0.2,4,2136630780,39,36.72,36.4832,-0.2368
tiny,chip_363_321_merged.tif,0.4,0,644976360,78,36.0515,36.9711,0.9196
tiny,chip_363_321_merged.tif,0.4,1,264369729,78,36.3154,36.6791,0.3637
tiny,chip_363_321_merged.tif,0.4,2,2031246746,78,36.0303,37.0057,0.9754
tiny,chip_363_321_merged.tif,0.4,3,1551301228,78,36.0526,36.3028,0.2502
tiny,chip_363_321_merged.tif,0.4,4,1170694597,78,36.3957,37.2029,0.8072
tiny,chip_363_321_merged.tif,0.6,0,806337890,117,35.3326,36.645,1.3123
tiny,chip_363_321_merged.tif,0.6,1,326392372,117,35.675,36.2503,0.5754
tiny,chip_363_321_merged.tif,0.6,2,2093269389,117,35.4099,36.5623,1.1524
tiny,chip_363_321_merged.tif,0.6,3,1712662758,117,34.9946,36.7303,1.7358
tiny,chip_363_321_merged.tif,0.6,4,1232717240,117,36.1767,36.5661,0.3895
tiny,chip_363_321_merged.tif,0.8,0,323745694,156,35.2909,36.2046,0.9137
tiny,chip_363_321_merged.tif,0.8,1,2090622711,156,35.3048,36.1552,0.8504
tiny,chip_363_321_merged.tif,0.8,2,1610677193,156,34.8944,36.1271,1.2327
tiny,chip_363_321_merged.tif,0.8,3,1230070562,156,35.3082,35.9392,0.6311
tiny,chip_363_321_merged.tif,0.8,4,750125044,156,34.9043,35.9048,1.0005
tiny,chip_365_309_merged.tif,0.2,0,666759313,39,36.2365,39.4377,3.2011
tiny,chip_365_309_merged.tif,0.2,1,186813795,39,34.9545,38.6114,3.6569
tiny,chip_365_309_merged.tif,0.2,2,1953690812,39,34.2893,36.9613,2.672
tiny,chip_365_309_merged.tif,0.2,3,1473745294,39,34.4463,39.1602,4.7139
tiny,chip_365_309_merged.tif,0.2,4,1093138663,39,37.2747,37.1957,-0.079
tiny,chip_365_309_merged.tif,0.4,0,406805093,78,34.9422,37.8533,2.9111
tiny,chip_365_309_merged.tif,0.4,1,26198462,78,35.0371,36.3334,1.2963
tiny,chip_365_309_merged.tif,0.4,2,1693736592,78,35.0372,37.0274,1.9902
tiny,chip_365_309_merged.tif,0.4,3,1313129961,78,36.0099,38.304,2.2941
tiny,chip_365_309_merged.tif,0.4,4,932523330,78,36.4625,38.1656,1.7031
tiny,chip_365_309_merged.tif,0.6,0,1810990534,117,34.6267,36.1972,1.5705
tiny,chip_365_309_merged.tif,0.6,1,1430383903,117,36.706,37.5033,0.7973
tiny,chip_365_309_merged.tif,0.6,2,1049777272,117,33.3384,37.2371,3.8988
tiny,chip_365_309_merged.tif,0.6,3,569831754,117,34.5993,36.6645,2.0652
tiny,chip_365_309_merged.tif,0.6,4,189225123,117,36.6994,36.2529,-0.4465
tiny,chip_365_309_merged.tif,0.8,0,574798362,156,34.623,37.8018,3.1788
tiny,chip_365_309_merged.tif,0.8,1,94852844,156,34.1237,37.0753,2.9516
tiny,chip_365_309_merged.tif,0.8,2,1861729861,156,34.3082,37.0459,2.7377
tiny,chip_365_309_merged.tif,0.8,3,1481123230,156,34.2195,35.5653,1.3458
tiny,chip_365_309_merged.tif,0.8,4,1001177712,156,34.6042,36.3365,1.7323
tiny,chip_366_348_merged.tif,0.2,0,2108565301,39,36.3625,40.1942,3.8317
tiny,chip_366_348_merged.tif,0.2,1,1727958670,39,37.0818,40.2015,3.1197
tiny,chip_366_348_merged.tif,0.2,2,1248013152,39,39.3812,39.7717,0.3905
tiny,chip_366_348_merged.tif,0.2,3,867406521,39,35.8602,40.0975,4.2373
tiny,chip_366_348_merged.tif,0.2,4,387461003,39,38.1287,40.1432,2.0145
tiny,chip_366_348_merged.tif,0.4,0,1043290231,78,37.5982,39.8307,2.2326
tiny,chip_366_348_merged.tif,0.4,1,662683600,78,37.8034,38.6371,0.8337
tiny,chip_366_348_merged.tif,0.4,2,282076969,78,36.2196,40.3195,4.0999
tiny,chip_366_348_merged.tif,0.4,3,1949615099,78,36.2806,38.9616,2.681
tiny,chip_366_348_merged.tif,0.4,4,1569008468,78,34.8974,39.7231,4.8256
tiny,chip_366_348_merged.tif,0.6,0,1204651761,117,34.1034,38.1832,4.0797
tiny,chip_366_348_merged.tif,0.6,1,724706243,117,34.0578,37.9206,3.8628
tiny,chip_366_348_merged.tif,0.6,2,344099612,117,36.981,36.5385,-0.4426
tiny,chip_366_348_merged.tif,0.6,3,2110976629,117,33.6916,38.3586,4.667
tiny,chip_366_348_merged.tif,0.6,4,1631031111,117,36.3314,37.1733,0.8419
tiny,chip_366_348_merged.tif,0.8,0,722059565,156,36.904,35.3953,-1.5087
tiny,chip_366_348_merged.tif,0.8,1,341452934,156,34.3412,37.478,3.1368
tiny,chip_366_348_merged.tif,0.8,2,2008991064,156,33.8596,36.8695,3.0099
tiny,chip_366_348_merged.tif,0.8,3,1628384433,156,36.8451,36.6092,-0.2358
tiny,chip_366_348_merged.tif,0.8,4,1148438915,156,33.7047,37.3185,3.6138
tiny,chip_366_355_merged.tif,0.2,0,819026546,39,39.2619,39.3916,0.1297
tiny,chip_366_355_merged.tif,0.2,1,339081028,39,36.3025,41.5843,5.2817
tiny,chip_366_355_merged.tif,0.2,2,2105958045,39,43.3372,42.9264,-0.4108
tiny,chip_366_355_merged.tif,0.2,3,1725351414,39,43.3358,40.0067,-3.3291
tiny,chip_366_355_merged.tif,0.2,4,1245405896,39,36.3016,41.6184,5.3168
tiny,chip_366_355_merged.tif,0.4,0,658411213,78,41.334,39.5324,-1.8016
tiny,chip_366_355_merged.tif,0.4,1,178465695,78,36.1489,41.2257,5.0768
tiny,chip_366_355_merged.tif,0.4,2,1945342712,78,36.557,39.4168,2.8598
tiny,chip_366_355_merged.tif,0.4,3,1465397194,78,36.5557,38.8775,2.3219
tiny,chip_366_355_merged.tif,0.4,4,1084790563,78,39.8965,38.9399,-0.9566
tiny,chip_366_355_merged.tif,0.6,0,2062596654,117,39.7262,39.48,-0.2462
tiny,chip_366_355_merged.tif,0.6,1,1582651136,117,37.2986,39.0448,1.7462
tiny,chip_366_355_merged.tif,0.6,2,1202044505,117,36.7863,40.2817,3.4954
tiny,chip_366_355_merged.tif,0.6,3,722098987,117,39.0311,39.6419,0.6109
tiny,chip_366_355_merged.tif,0.6,4,341492356,117,39.7429,40.017,0.2741
tiny,chip_366_355_merged.tif,0.8,0,1580004458,156,37.8956,39.5573,1.6617
tiny,chip_366_355_merged.tif,0.8,1,1100058940,156,37.9147,39.0715,1.1568
tiny,chip_366_355_merged.tif,0.8,2,719452309,156,37.0472,38.8878,1.8405
tiny,chip_366_355_merged.tif,0.8,3,338845678,156,37.915,38.6849,0.7699
tiny,chip_366_355_merged.tif,0.8,4,2006383808,156,37.4227,38.5101,1.0873
tiny,chip_370_342_merged.tif,0.2,0,331419987,39,37.4199,40.5389,3.1191
tiny,chip_370_342_merged.tif,0.2,1,1998958117,39,38.114,39.8568,1.7428
tiny,chip_370_342_merged.tif,0.2,2,1618351486,39,33.7011,40.4389,6.7378
tiny,chip_370_342_merged.tif,0.2,3,1138405968,39,38.113,40.1487,2.0357
tiny,chip_370_342_merged.tif,0.2,4,757799337,39,33.5284,40.1818,6.6534
tiny,chip_370_342_merged.tif,0.4,0,71465767,78,35.9516,39.2711,3.3195
tiny,chip_370_342_merged.tif,0.4,1,1838342784,78,37.1255,40.1194,2.9939
tiny,chip_370_342_merged.tif,0.4,2,1358397266,78,35.3015,38.8516,3.5501
tiny,chip_370_342_merged.tif,0.4,3,977790635,78,37.7797,38.7137,0.934
tiny,chip_370_342_merged.tif,0.4,4,597184004,78,37.7793,38.2832,0.5039
tiny,chip_370_342_merged.tif,0.6,0,1475651208,117,35.746,38.3796,2.6336
tiny,chip_370_342_merged.tif,0.6,1,1095044577,117,37.2246,39.2406,2.016
tiny,chip_370_342_merged.tif,0.6,2,615099059,117,35.7412,38.0379,2.2967
tiny,chip_370_342_merged.tif,0.6,3,234492428,117,37.4534,39.3673,1.9139
tiny,chip_370_342_merged.tif,0.6,4,2001369445,117,35.7734,39.0017,3.2282
tiny,chip_370_342_merged.tif,0.8,0,1092397899,156,36.0259,38.0246,1.9988
tiny,chip_370_342_merged.tif,0.8,1,612452381,156,35.3029,37.8207,2.5178
tiny,chip_370_342_merged.tif,0.8,2,231845750,156,36.0222,36.773,0.7508
tiny,chip_370_342_merged.tif,0.8,3,1899383880,156,35.8793,37.8029,1.9236
tiny,chip_370_342_merged.tif,0.8,4,1518777249,156,35.3011,36.1696,0.8685
tiny,chip_370_343_merged.tif,0.2,0,15342480,39,34.7111,33.6278,-1.0832
tiny,chip_370_343_merged.tif,0.2,1,1682880610,39,31.5715,36.188,4.6165
tiny,chip_370_343_merged.tif,0.2,2,1302273979,39,34.3495,35.9564,1.6069
tiny,chip_370_343_merged.tif,0.2,3,921667348,39,32.069,36.8097,4.7407
tiny,chip_370_343_merged.tif,0.2,4,441721830,39,35.5574,37.7243,2.1669
tiny,chip_370_343_merged.tif,0.4,0,2002210795,78,32.2051,36.1209,3.9158
tiny,chip_370_343_merged.tif,0.4,1,1522265277,78,32.204,37.222,5.0179
tiny,chip_370_343_merged.tif,0.4,2,1141658646,78,34.9485,35.9589,1.0104
tiny,chip_370_343_merged.tif,0.4,3,661713128,78,35.8705,34.7025,-1.168
tiny,chip_370_343_merged.tif,0.4,4,281106497,78,34.9501,34.2141,-0.736
tiny,chip_370_343_merged.tif,0.6,0,1258912588,117,32.3318,35.649,3.3172
tiny,chip_370_343_merged.tif,0.6,1,778967070,117,35.0693,34.8957,-0.1737
tiny,chip_370_343_merged.tif,0.6,2,398360439,117,33.0436,35.3964,2.3528
tiny,chip_370_343_merged.tif,0.6,3,2065898569,117,32.3335,35.0653,2.7318
tiny,chip_370_343_merged.tif,0.6,4,1685291938,117,33.2219,33.3008,0.0789
tiny,chip_370_343_merged.tif,0.8,0,776320392,156,32.8461,32.684,-0.1621
tiny,chip_370_343_merged.tif,0.8,1,296374874,156,32.2405,33.1703,0.9298
tiny,chip_370_343_merged.tif,0.8,2,2063251891,156,32.841,33.624,0.783
tiny,chip_370_343_merged.tif,0.8,3,1682645260,156,31.2397,33.9099,2.6702
tiny,chip_370_343_merged.tif,0.8,4,1202699742,156,33.0566,33.2984,0.2418
tiny,chip_370_348_merged.tif,0.2,0,1510048572,39,40.6598,42.4927,1.833
tiny,chip_370_348_merged.tif,0.2,1,1030103054,39,35.5644,42.0485,6.4841
tiny,chip_370_348_merged.tif,0.2,2,649496423,39,40.2069,40.8721,0.6652
tiny,chip_370_348_merged.tif,0.2,3,169550905,39,36.2407,42.3788,6.1382
tiny,chip_370_348_merged.tif,0.2,4,1936427922,39,40.6601,42.0035,1.3434
tiny,chip_370_348_merged.tif,0.4,0,1250094352,78,39.6729,40.8067,1.1338
tiny,chip_370_348_merged.tif,0.4,1,869487721,78,39.1315,41.1167,1.9852
tiny,chip_370_348_merged.tif,0.4,2,389542203,78,39.0908,40.7946,1.7037
tiny,chip_370_348_merged.tif,0.4,3,8935572,78,34.9174,41.3029,6.3856
tiny,chip_370_348_merged.tif,0.4,4,1775812589,78,36.6665,42.1464,5.4799
tiny,chip_370_348_merged.tif,0.6,0,506796145,117,37.7765,40.1461,2.3695
tiny,chip_370_348_merged.tif,0.6,1,126189514,117,37.7934,40.6729,2.8795
tiny,chip_370_348_merged.tif,0.6,2,1793727644,117,38.6896,39.2485,0.5589
tiny,chip_370_348_merged.tif,0.6,3,1413121013,117,37.1675,39.7103,2.5428
tiny,chip_370_348_merged.tif,0.6,4,1032514382,117,39.0855,38.1537,-0.9318
tiny,chip_370_348_merged.tif,0.8,0,24203949,156,37.0634,38.1545,1.0911
tiny,chip_370_348_merged.tif,0.8,1,1791080966,156,36.5871,38.0238,1.4367
tiny,chip_370_348_merged.tif,0.8,2,1410474335,156,35.9782,38.7506,2.7724
tiny,chip_370_348_merged.tif,0.8,3,930528817,156,35.7381,37.4945,1.7564
tiny,chip_370_348_merged.tif,0.8,4,549922186,156,36.9394,38.6095,1.6701
tiny,chip_373_294_merged.tif,0.2,0,709742904,39,34.7222,37.9093,3.1871
tiny,chip_373_294_merged.tif,0.2,1,329136273,39,35.1159,38.1418,3.0259
tiny,chip_373_294_merged.tif,0.2,2,2096013290,39,33.7112,37.8933,4.1822
tiny,chip_373_294_merged.tif,0.2,3,1616067772,39,35.8009,38.4565,2.6556
tiny,chip_373_294_merged.tif,0.2,4,1235461141,39,35.1184,34.857,-0.2614
tiny,chip_373_294_merged.tif,0.4,0,1891290369,78,33.8083,38.0587,4.2505
tiny,chip_373_294_merged.tif,0.4,1,1411344851,78,34.841,37.4206,2.5796
tiny,chip_373_294_merged.tif,0.4,2,1030738220,78,34.9749,38.9329,3.958
tiny,chip_373_294_merged.tif,0.4,3,650131589,78,34.9749,37.3313,2.3565
tiny,chip_373_294_merged.tif,0.4,4,170186071,78,34.9754,38.7614,3.786
tiny,chip_373_294_merged.tif,0.6,0,1953313012,117,33.4515,36.1328,2.6813
tiny,chip_373_294_merged.tif,0.6,1,1572706381,117,34.7057,36.4726,1.7669
tiny,chip_373_294_merged.tif,0.6,2,1092760863,117,34.9481,37.8312,2.8831
tiny,chip_373_294_merged.tif,0.6,3,712154232,117,34.8639,36.8261,1.9622
tiny,chip_373_294_merged.tif,0.6,4,232208714,117,34.1726,39.448,5.2755
tiny,chip_373_294_merged.tif,0.8,0,1470720816,156,34.5122,35.066,0.5537
tiny,chip_373_294_merged.tif,0.8,1,1090114185,156,33.7978,36.2857,2.4879
tiny,chip_373_294_merged.tif,0.8,2,709507554,156,34.4889,35.511,1.0222
tiny,chip_373_294_merged.tif,0.8,3,229562036,156,34.5934,36.6933,2.1
tiny,chip_373_294_merged.tif,0.8,4,1996439053,156,33.8565,35.2184,1.3618
tiny,chip_377_349_merged.tif,0.2,0,1319849621,39,34.9979,36.206,1.2081
tiny,chip_377_349_merged.tif,0.2,1,939242990,39,34.6522,38.3589,3.7067
tiny,chip_377_349_merged.tif,0.2,2,459297472,39,34.5619,36.0704,1.5086
tiny,chip_377_349_merged.tif,0.2,3,78690841,39,40.1398,32.9481,-7.1918
tiny,chip_377_349_merged.tif,0.2,4,1746228971,39,34.2319,37.4455,3.2136
tiny,chip_377_349_merged.tif,0.4,0,353913438,78,31.1516,37.6878,6.5361
tiny,chip_377_349_merged.tif,0.4,1,2021451568,78,34.8627,38.3313,3.4685
tiny,chip_377_349_merged.tif,0.4,2,1640844937,78,34.4324,37.7577,3.3253
tiny,chip_377_349_merged.tif,0.4,3,1160899419,78,34.863,37.7969,2.9339
tiny,chip_377_349_merged.tif,0.4,4,780292788,78,35.4422,37.5271,2.0848
tiny,chip_377_349_merged.tif,0.6,0,415936081,117,33.5598,34.2544,0.6946
tiny,chip_377_349_merged.tif,0.6,1,2083474211,117,32.7499,36.1341,3.3842
tiny,chip_377_349_merged.tif,0.6,2,1702867580,117,35.8509,36.8011,0.9502
tiny,chip_377_349_merged.tif,0.6,3,1322260949,117,34.3462,33.7754,-0.5709
tiny,chip_377_349_merged.tif,0.6,4,842315431,117,31.3432,33.6991,2.3559
tiny,chip_377_349_merged.tif,0.8,0,2080827533,156,32.5285,35.2781,2.7496
tiny,chip_377_349_merged.tif,0.8,1,1700220902,156,32.5505,34.9338,2.3832
tiny,chip_377_349_merged.tif,0.8,2,1220275384,156,32.5531,33.9912,1.4382
tiny,chip_377_349_merged.tif,0.8,3,839668753,156,33.5375,33.4423,-0.0952
tiny,chip_377_349_merged.tif,0.8,4,359723235,156,33.1591,35.3142,2.1551
tiny,chip_379_328_merged.tif,0.2,0,174160109,39,32.5988,36.9588,4.36
tiny,chip_379_328_merged.tif,0.2,1,1941037126,39,32.2244,37.7191,5.4947
tiny,chip_379_328_merged.tif,0.2,2,1560430495,39,35.7581,35.524,-0.234
tiny,chip_379_328_merged.tif,0.2,3,1080484977,39,33.1414,36.5217,3.3803
tiny,chip_379_328_merged.tif,0.2,4,699878346,39,33.0083,36.208,3.1997
tiny,chip_379_328_merged.tif,0.4,0,1355707574,78,32.333,35.5822,3.2492
tiny,chip_379_328_merged.tif,0.4,1,875762056,78,31.4678,36.1398,4.672
tiny,chip_379_328_merged.tif,0.4,2,495155425,78,32.8539,36.4448,3.5909
tiny,chip_379_328_merged.tif,0.4,3,114548794,78,32.2506,36.2347,3.9841
tiny,chip_379_328_merged.tif,0.4,4,1782086924,78,32.2495,37.3366,5.0872
tiny,chip_379_328_merged.tif,0.6,0,1417730217,117,32.877,35.4798,2.6028
tiny,chip_379_328_merged.tif,0.6,1,1037123586,117,31.1737,35.2312,4.0575
tiny,chip_379_328_merged.tif,0.6,2,557178068,117,31.7531,35.3564,3.6033
tiny,chip_379_328_merged.tif,0.6,3,176571437,117,31.7466,35.404,3.6574
tiny,chip_379_328_merged.tif,0.6,4,1943448454,117,31.9846,35.3815,3.3969
tiny,chip_379_328_merged.tif,0.8,0,935138021,156,31.2597,33.794,2.5344
tiny,chip_379_328_merged.tif,0.8,1,554531390,156,31.7912,33.7092,1.918
tiny,chip_379_328_merged.tif,0.8,2,173924759,156,31.8278,34.0079,2.1801
tiny,chip_379_328_merged.tif,0.8,3,1841462889,156,31.2637,33.5717,2.308
tiny,chip_379_328_merged.tif,0.8,4,1460856258,156,31.9783,34.4844,2.5061
tiny,chip_396_322_merged.tif,0.2,0,1675059455,39,38.7431,37.2732,-1.4699
tiny,chip_396_322_merged.tif,0.2,1,1294452824,39,34.2275,37.1332,2.9057
tiny,chip_396_322_merged.tif,0.2,2,814507306,39,33.3608,37.2242,3.8634
tiny,chip_396_322_merged.tif,0.2,3,433900675,39,35.754,35.8467,0.0927
tiny,chip_396_322_merged.tif,0.2,4,2101438805,39,36.2156,38.0381,1.8225
tiny,chip_396_322_merged.tif,0.4,0,1514444122,78,35.2229,36.968,1.745
tiny,chip_396_322_merged.tif,0.4,1,1034498604,78,35.9744,37.3983,1.4239
tiny,chip_396_322_merged.tif,0.4,2,653891973,78,34.9324,36.5941,1.6617
tiny,chip_396_322_merged.tif,0.4,3,173946455,78,34.671,37.6264,2.9554
tiny,chip_396_322_merged.tif,0.4,4,1940823472,78,36.7755,38.3933,1.6178
tiny,chip_396_322_merged.tif,0.6,0,771145915,117,33.2945,37.0278,3.7333
tiny,chip_396_322_merged.tif,0.6,1,291200397,117,35.0362,36.9928,1.9566
tiny,chip_396_322_merged.tif,0.6,2,2058077414,117,33.3204,36.3471,3.0267
tiny,chip_396_322_merged.tif,0.6,3,1677470783,117,33.3256,36.1992,2.8736
tiny,chip_396_322_merged.tif,0.6,4,1197525265,117,33.285,35.8193,2.5343
tiny,chip_396_322_merged.tif,0.8,0,288553719,156,34.1969,35.5016,1.3047
tiny,chip_396_322_merged.tif,0.8,1,2055430736,156,34.0103,35.3526,1.3423
tiny,chip_396_322_merged.tif,0.8,2,1575485218,156,33.8467,35.6614,1.8147
tiny,chip_396_322_merged.tif,0.8,3,1194878587,156,34.8949,35.4351,0.5402
tiny,chip_396_322_merged.tif,0.8,4,714933069,156,34.1847,36.2218,2.0371
tiny,chip_419_323_merged.tif,0.2,0,1212582422,39,32.0017,32.879,0.8773
tiny,chip_419_323_merged.tif,0.2,1,831975791,39,31.7888,32.7687,0.98
tiny,chip_419_323_merged.tif,0.2,2,352030273,39,30.087,32.334,2.247
tiny,chip_419_323_merged.tif,0.2,3,2118907290,39,31.4695,33.063,1.5935
tiny,chip_419_323_merged.tif,0.2,4,1638961772,39,31.6102,31.9649,0.3547
tiny,chip_419_323_merged.tif,0.4,0,147307352,78,30.6338,32.694,2.0602
tiny,chip_419_323_merged.tif,0.4,1,1914184369,78,30.2836,32.5127,2.2291
tiny,chip_419_323_merged.tif,0.4,2,1533577738,78,30.6157,32.2986,1.6829
tiny,chip_419_323_merged.tif,0.4,3,1053632220,78,29.5289,32.4877,2.9589
tiny,chip_419_323_merged.tif,0.4,4,673025589,78,30.7656,32.3312,1.5656
tiny,chip_419_323_merged.tif,0.6,0,308668882,117,30.0202,31.5802,1.56
tiny,chip_419_323_merged.tif,0.6,1,1976207012,117,30.19,30.8912,0.7012
tiny,chip_419_323_merged.tif,0.6,2,1595600381,117,29.9424,31.9851,2.0427
tiny,chip_419_323_merged.tif,0.6,3,1214993750,117,29.9334,31.7548,1.8215
tiny,chip_419_323_merged.tif,0.6,4,735048232,117,29.6142,31.8438,2.2296
tiny,chip_419_323_merged.tif,0.8,0,1973560334,156,30.5176,30.8097,0.2921
tiny,chip_419_323_merged.tif,0.8,1,1592953703,156,29.9213,30.4845,0.5632
tiny,chip_419_323_merged.tif,0.8,2,1113008185,156,30.1414,31.1637,1.0223
tiny,chip_419_323_merged.tif,0.8,3,732401554,156,29.9223,30.611,0.6888
tiny,chip_419_323_merged.tif,0.8,4,252456036,156,29.91,30.9964,1.0864
tiny,chip_421_329_merged.tif,0.2,0,2041831978,39,34.2022,39.8144,5.6123
tiny,chip_421_329_merged.tif,0.2,1,1661225347,39,39.8695,37.6504,-2.2191
tiny,chip_421_329_merged.tif,0.2,2,1181279829,39,35.2582,38.7949,3.5367
tiny,chip_421_329_merged.tif,0.2,3,800673198,39,34.2027,37.8869,3.6842
tiny,chip_421_329_merged.tif,0.2,4,320727680,39,33.6871,39.3083,5.6211
tiny,chip_421_329_merged.tif,0.4,0,1075895795,78,34.1795,39.1674,4.9879
tiny,chip_421_329_merged.tif,0.4,1,595950277,78,30.5909,39.3207,8.7298
tiny,chip_421_329_merged.tif,0.4,2,215343646,78,40.409,38.9371,-1.4719
tiny,chip_421_329_merged.tif,0.4,3,1882881776,78,28.4786,39.3473,10.8687
tiny,chip_421_329_merged.tif,0.4,4,1502275145,78,27.9844,39.4481,11.4638
tiny,chip_421_329_merged.tif,0.6,0,1137918438,117,30.1597,39.0384,8.8787
tiny,chip_421_329_merged.tif,0.6,1,757311807,117,30.2145,37.5083,7.2938
tiny,chip_421_329_merged.tif,0.6,2,277366289,117,29.7356,39.2674,9.5318
tiny,chip_421_329_merged.tif,0.6,3,2044243306,117,29.6363,36.6257,6.9894
tiny,chip_421_329_merged.tif,0.6,4,1564297788,117,29.6268,38.1118,8.485
tiny,chip_421_329_merged.tif,0.8,0,655326242,156,30.5761,32.103,1.5269
tiny,chip_421_329_merged.tif,0.8,1,274719611,156,30.5742,33.697,3.1228
tiny,chip_421_329_merged.tif,0.8,2,1942257741,156,30.5773,36.4181,5.8408
tiny,chip_421_329_merged.tif,0.8,3,1561651110,156,30.897,36.1405,5.2434
tiny,chip_421_329_merged.tif,0.8,4,1081705592,156,30.5691,35.0694,4.5003
