backbone,chip,mask_ratio,trial,trial_seed,summer_masked,block_psnr,random_psnr,delta_rand_minus_block
100M,chip_010_063_merged.tif,0.2,0,537862152,39,30.1332,36.2888,6.1556
100M,chip_010_063_merged.tif,0.2,1,157255521,39,39.092,37.2508,-1.8412
100M,chip_010_063_merged.tif,0.2,2,1824793651,39,32.6643,36.0164,3.3521
100M,chip_010_063_merged.tif,0.2,3,1444187020,39,39.0923,35.5018,-3.5906
100M,chip_010_063_merged.tif,0.2,4,964241502,39,29.674,37.9982,8.3241
100M,chip_010_063_merged.tif,0.4,0,377246819,78,34.488,36.4688,1.9808
100M,chip_010_063_merged.tif,0.4,1,2044784949,78,30.8364,36.5649,5.7285
100M,chip_010_063_merged.tif,0.4,2,1664178318,78,32.3951,35.7684,3.3733
100M,chip_010_063_merged.tif,0.4,3,1283571687,78,36.6364,36.3791,-0.2573
100M,chip_010_063_merged.tif,0.4,4,803626169,78,31.1251,35.4642,4.3391
100M,chip_010_063_merged.tif,0.6,0,1781432260,117,31.6221,34.4427,2.8206
100M,chip_010_063_merged.tif,0.6,1,1301486742,117,31.571,36.4182,4.8472
100M,chip_010_063_merged.tif,0.6,2,920880111,117,31.4638,34.5965,3.1328
100M,chip_010_063_merged.tif,0.6,3,540273480,117,31.6519,35.696,4.0441
100M,chip_010_063_merged.tif,0.6,4,60327962,117,32.127,36.1956,4.0686
100M,chip_010_063_merged.tif,0.8,0,1298840064,156,32.4256,35.5026,3.077
100M,chip_010_063_merged.tif,0.8,1,918233433,156,32.4075,34.7815,2.374
100M,chip_010_063_merged.tif,0.8,2,438287915,156,32.4319,34.6172,2.1853
100M,chip_010_063_merged.tif,0.8,3,57681284,156,32.3721,35.2039,2.8318
100M,chip_010_063_merged.tif,0.8,4,1725219414,156,32.3684,34.9379,2.5695
100M,chip_030_076_merged.tif,0.2,0,188996778,39,39.8426,39.2535,-0.5891
100M,chip_030_076_merged.tif,0.2,1,1856534908,39,39.7675,39.2802,-0.4873
100M,chip_030_076_merged.tif,0.2,2,1475928277,39,38.1008,39.9573,1.8565
100M,chip_030_076_merged.tif,0.2,3,995982759,39,38.1384,39.1055,0.9671
100M,chip_030_076_merged.tif,0.2,4,615376128,39,38.1377,39.267,1.1293
100M,chip_030_076_merged.tif,0.4,0,1271205356,78,39.0702,39.1152,0.0449
100M,chip_030_076_merged.tif,0.4,1,890598725,78,39.0698,39.1914,0.1215
100M,chip_030_076_merged.tif,0.4,2,410653207,78,39.0956,39.6607,0.5651
100M,chip_030_076_merged.tif,0.4,3,30046576,78,37.8146,39.8397,2.0251
100M,chip_030_076_merged.tif,0.4,4,1697584706,78,38.5431,39.1667,0.6236
100M,chip_030_076_merged.tif,0.6,0,1333227999,117,38.1449,39.4243,1.2794
100M,chip_030_076_merged.tif,0.6,1,952621368,117,38.4261,38.948,0.5219
100M,chip_030_076_merged.tif,0.6,2,572014737,117,38.0903,38.9933,0.903
100M,chip_030_076_merged.tif,0.6,3,92069219,117,38.0182,39.2813,1.2631
100M,chip_030_076_merged.tif,0.6,4,1858946236,117,38.4388,39.3534,0.9146
100M,chip_030_076_merged.tif,0.8,0,949974690,156,38.0267,38.401,0.3743
100M,chip_030_076_merged.tif,0.8,1,470029172,156,38.2857,38.4513,0.1655
100M,chip_030_076_merged.tif,0.8,2,89422541,156,38.044,38.6492,0.6051
100M,chip_030_076_merged.tif,0.8,3,1756960671,156,38.0521,38.664,0.6118
100M,chip_030_076_merged.tif,0.8,4,1376354040,156,38.2788,38.8891,0.6103
100M,chip_032_111_merged.tif,0.2,0,607217224,39,34.5417,37.8605,3.3188
100M,chip_032_111_merged.tif,0.2,1,226610593,39,34.7241,37.4861,2.762
100M,chip_032_111_merged.tif,0.2,2,1894148723,39,32.4127,37.7565,5.3438
100M,chip_032_111_merged.tif,0.2,3,1513542092,39,37.5252,36.6599,-0.8652
100M,chip_032_111_merged.tif,0.2,4,1033596574,39,37.5248,35.9644,-1.5604
100M,chip_032_111_merged.tif,0.4,0,446601891,78,33.8981,36.0269,2.1288
100M,chip_032_111_merged.tif,0.4,1,2114140021,78,35.7842,37.6408,1.8567
100M,chip_032_111_merged.tif,0.4,2,1733533390,78,34.9469,36.4805,1.5336
100M,chip_032_111_merged.tif,0.4,3,1352926759,78,35.7835,35.877,0.0935
100M,chip_032_111_merged.tif,0.4,4,872981241,78,35.7843,36.392,0.6076
100M,chip_032_111_merged.tif,0.6,0,1850787332,117,32.5978,35.3353,2.7376
100M,chip_032_111_merged.tif,0.6,1,1370841814,117,33.9727,33.6829,-0.2898
100M,chip_032_111_merged.tif,0.6,2,990235183,117,36.1953,36.1205,-0.0748
100M,chip_032_111_merged.tif,0.6,3,609628552,117,31.9061,36.0984,4.1923
100M,chip_032_111_merged.tif,0.6,4,129683034,117,32.5924,35.7593,3.167
100M,chip_032_111_merged.tif,0.8,0,1368195136,156,33.7941,33.586,-0.2081
100M,chip_032_111_merged.tif,0.8,1,987588505,156,35.2998,34.737,-0.5629
100M,chip_032_111_merged.tif,0.8,2,507642987,156,35.3048,34.8087,-0.4961
100M,chip_032_111_merged.tif,0.8,3,127036356,156,33.9148,35.067,1.1522
100M,chip_032_111_merged.tif,0.8,4,1794574486,156,35.2133,34.1448,-1.0685
100M,chip_032_183_merged.tif,0.2,0,108174139,39,43.1049,46.7299,3.6251
100M,chip_032_183_merged.tif,0.2,1,1875051156,39,45.7042,45.953,0.2488
100M,chip_032_183_merged.tif,0.2,2,1494444525,39,47.0222,45.5774,-1.4448
100M,chip_032_183_merged.tif,0.2,3,1014499007,39,46.0697,44.7404,-1.3293
100M,chip_032_183_merged.tif,0.2,4,633892376,39,43.4169,45.9782,2.5613
100M,chip_032_183_merged.tif,0.4,0,2095042454,78,45.5757,45.4321,-0.1435
100M,chip_032_183_merged.tif,0.4,1,1714435823,78,46.9293,46.0006,-0.9287
100M,chip_032_183_merged.tif,0.4,2,1234490305,78,46.1949,45.9334,-0.2615
100M,chip_032_183_merged.tif,0.4,3,853883674,78,46.1942,45.7769,-0.4173
100M,chip_032_183_merged.tif,0.4,4,373938156,78,44.998,45.7553,0.7573
100M,chip_032_183_merged.tif,0.6,0,1351744247,117,44.2164,45.6239,1.4075
100M,chip_032_183_merged.tif,0.6,1,971137616,117,45.0161,45.6899,0.6738
100M,chip_032_183_merged.tif,0.6,2,491192098,117,45.0589,45.7191,0.6602
100M,chip_032_183_merged.tif,0.6,3,110585467,117,46.4907,45.4427,-1.048
100M,chip_032_183_merged.tif,0.6,4,1877462484,117,46.6539,45.4764,-1.1775
100M,chip_032_183_merged.tif,0.8,0,869152051,156,44.6624,45.3724,0.7101
100M,chip_032_183_merged.tif,0.8,1,488545420,156,45.6827,45.0543,-0.6284
100M,chip_032_183_merged.tif,0.8,2,107938789,156,45.3857,45.1944,-0.1913
100M,chip_032_183_merged.tif,0.8,3,1775476919,156,45.39,45.4989,0.1089
100M,chip_032_183_merged.tif,0.8,4,1394870288,156,42.9906,44.9675,1.9769
100M,chip_036_147_merged.tif,0.2,0,1151733073,39,37.4934,38.7246,1.2312
100M,chip_036_147_merged.tif,0.2,1,671787555,39,37.4328,39.967,2.5342
100M,chip_036_147_merged.tif,0.2,2,291180924,39,36.3452,39.2897,2.9444
100M,chip_036_147_merged.tif,0.2,3,2058057941,39,38.2742,39.046,0.7718
100M,chip_036_147_merged.tif,0.2,4,1578112423,39,35.4857,40.0441,4.5584
100M,chip_036_147_merged.tif,0.4,0,991117740,78,37.8784,39.663,1.7846
100M,chip_036_147_merged.tif,0.4,1,511172222,78,37.6146,38.8656,1.251
100M,chip_036_147_merged.tif,0.4,2,130565591,78,36.9037,38.9118,2.0081
100M,chip_036_147_merged.tif,0.4,3,1798103721,78,32.3348,39.2613,6.9266
100M,chip_036_147_merged.tif,0.4,4,1417497090,78,37.7639,37.1019,-0.662
100M,chip_036_147_merged.tif,0.6,0,1001419509,117,37.3558,38.3796,1.0238
100M,chip_036_147_merged.tif,0.6,1,620812878,117,37.0145,38.5584,1.5439
100M,chip_036_147_merged.tif,0.6,2,240206247,117,36.9514,38.8666,1.9152
100M,chip_036_147_merged.tif,0.6,3,1907744377,117,37.7428,39.4001,1.6573
100M,chip_036_147_merged.tif,0.6,4,1527137746,117,37.2597,37.2577,-0.002
100M,chip_036_147_merged.tif,0.8,0,1912710985,156,36.7549,37.4764,0.7215
100M,chip_036_147_merged.tif,0.8,1,1432765467,156,37.0619,35.8004,-1.2614
100M,chip_036_147_merged.tif,0.8,2,1052158836,156,34.6719,38.6689,3.997
100M,chip_036_147_merged.tif,0.8,3,671552205,156,37.1037,37.3577,0.254
100M,chip_036_147_merged.tif,0.8,4,191606687,156,37.1108,37.0558,-0.055
100M,chip_037_102_merged.tif,0.2,0,398483738,39,37.2566,39.3832,2.1266
100M,chip_037_102_merged.tif,0.2,1,17877107,39,31.9766,39.4014,7.4248
100M,chip_037_102_merged.tif,0.2,2,1685415237,39,39.1648,40.0818,0.917
100M,chip_037_102_merged.tif,0.2,3,1304808606,39,37.2574,39.3399,2.0825
100M,chip_037_102_merged.tif,0.2,4,824863088,39,37.3693,40.2713,2.902
100M,chip_037_102_merged.tif,0.4,0,237868405,78,31.8819,37.1456,5.2637
100M,chip_037_102_merged.tif,0.4,1,1905406535,78,36.2283,39.0702,2.842
100M,chip_037_102_merged.tif,0.4,2,1524799904,78,31.7658,37.3167,5.5509
100M,chip_037_102_merged.tif,0.4,3,1044854386,78,36.9644,39.7513,2.7868
100M,chip_037_102_merged.tif,0.4,4,664247755,78,31.101,38.9752,7.8743
100M,chip_037_102_merged.tif,0.6,0,1642053846,117,33.6271,38.5237,4.8966
100M,chip_037_102_merged.tif,0.6,1,1162108328,117,36.5512,35.2339,-1.3173
100M,chip_037_102_merged.tif,0.6,2,781501697,117,32.99,37.7441,4.7542
100M,chip_037_102_merged.tif,0.6,3,301556179,117,36.689,37.731,1.042
100M,chip_037_102_merged.tif,0.6,4,2068433196,117,36.3023,39.0919,2.7895
100M,chip_037_102_merged.tif,0.8,0,1159461650,156,32.718,35.6232,2.9052
100M,chip_037_102_merged.tif,0.8,1,778855019,156,33.6637,37.5353,3.8716
100M,chip_037_102_merged.tif,0.8,2,298909501,156,32.2142,37.4544,5.2403
100M,chip_037_102_merged.tif,0.8,3,2065786518,156,32.7195,37.5557,4.8362
100M,chip_037_102_merged.tif,0.8,4,1585841000,156,32.192,34.2925,2.1005
100M,chip_038_107_merged.tif,0.2,0,1677005883,39,37.6426,37.8173,0.1747
100M,chip_038_107_merged.tif,0.2,1,1296399252,39,35.9352,37.6504,1.7151
100M,chip_038_107_merged.tif,0.2,2,816453734,39,35.9356,38.827,2.8914
100M,chip_038_107_merged.tif,0.2,3,435847103,39,36.9708,37.4443,0.4735
100M,chip_038_107_merged.tif,0.2,4,55240472,39,32.9281,38.3682,5.44
100M,chip_038_107_merged.tif,0.4,0,711069700,78,31.7485,38.1632,6.4147
100M,chip_038_107_merged.tif,0.4,1,231124182,78,35.8554,37.3882,1.5328
100M,chip_038_107_merged.tif,0.4,2,1998001199,78,31.7479,37.9679,6.2199
100M,chip_038_107_merged.tif,0.4,3,1617394568,78,34.0147,37.9265,3.9119
100M,chip_038_107_merged.tif,0.4,4,1137449050,78,31.9275,38.2422,6.3147
100M,chip_038_107_merged.tif,0.6,0,2115255141,117,32.474,36.4427,3.9687
100M,chip_038_107_merged.tif,0.6,1,1635309623,117,34.7568,36.154,1.3972
100M,chip_038_107_merged.tif,0.6,2,1254702992,117,32.4627,37.4935,5.0308
100M,chip_038_107_merged.tif,0.6,3,874096361,117,34.3613,37.5722,3.2109
100M,chip_038_107_merged.tif,0.6,4,394150843,117,34.7249,37.6488,2.924
100M,chip_038_107_merged.tif,0.8,0,1632662945,156,34.4922,36.1321,1.6399
100M,chip_038_107_merged.tif,0.8,1,1252056314,156,33.9066,35.8089,1.9023
100M,chip_038_107_merged.tif,0.8,2,772110796,156,32.6413,35.3875,2.7462
100M,chip_038_107_merged.tif,0.8,3,391504165,156,33.9412,35.6136,1.6724
100M,chip_038_107_merged.tif,0.8,4,2059042295,156,32.6759,36.0929,3.417
100M,chip_039_108_merged.tif,0.2,0,37686692,39,32.7286,37.6126,4.884
100M,chip_039_108_merged.tif,0.2,1,1804563709,39,32.7293,37.7833,5.054
100M,chip_039_108_merged.tif,0.2,2,1324618191,39,35.6498,37.4599,1.8102
100M,chip_039_108_merged.tif,0.2,3,944011560,39,35.2911,37.3142,2.0231
100M,chip_039_108_merged.tif,0.2,4,464066042,39,35.358,38.7646,3.4066
100M,chip_039_108_merged.tif,0.4,0,2024555007,78,28.108,38.0836,9.9756
100M,chip_039_108_merged.tif,0.4,1,1544609489,78,28.107,36.9316,8.8247
100M,chip_039_108_merged.tif,0.4,2,1164002858,78,33.3576,36.563,3.2054
100M,chip_039_108_merged.tif,0.4,3,783396227,78,28.1074,37.803,9.6956
100M,chip_039_108_merged.tif,0.4,4,303450709,78,33.3573,36.7078,3.3505
100M,chip_039_108_merged.tif,0.6,0,1281256800,117,29.2185,35.6872,6.4687
100M,chip_039_108_merged.tif,0.6,1,900650169,117,29.3287,36.5156,7.187
100M,chip_039_108_merged.tif,0.6,2,420704651,117,28.8756,36.5056,7.63
100M,chip_039_108_merged.tif,0.6,3,40098020,117,28.8627,37.0775,8.2148
100M,chip_039_108_merged.tif,0.6,4,1707636150,117,29.1401,35.2355,6.0954
100M,chip_039_108_merged.tif,0.8,0,798664604,156,29.9225,34.3308,4.4083
100M,chip_039_108_merged.tif,0.8,1,418057973,156,29.9256,31.4331,1.5074
100M,chip_039_108_merged.tif,0.8,2,2085596103,156,29.7394,35.6934,5.9539
100M,chip_039_108_merged.tif,0.8,3,1704989472,156,29.7552,33.6326,3.8775
100M,chip_039_108_merged.tif,0.8,4,1225043954,156,29.9134,34.2525,4.3391
100M,chip_039_111_merged.tif,0.2,0,1727264021,39,31.5336,38.9294,7.3959
100M,chip_039_111_merged.tif,0.2,1,1346657390,39,37.7342,37.8714,0.1371
100M,chip_039_111_merged.tif,0.2,2,866711872,39,36.6115,38.3697,1.7582
100M,chip_039_111_merged.tif,0.2,3,486105241,39,35.9778,37.4851,1.5073
100M,chip_039_111_merged.tif,0.2,4,105498610,39,36.6082,38.0823,1.4741
100M,chip_039_111_merged.tif,0.4,0,1566648688,78,36.1057,38.0373,1.9316
100M,chip_039_111_merged.tif,0.4,1,1186042057,78,33.4204,37.9303,4.5099
100M,chip_039_111_merged.tif,0.4,2,706096539,78,36.9022,37.5955,0.6934
100M,chip_039_111_merged.tif,0.4,3,325489908,78,36.9013,38.4773,1.576
100M,chip_039_111_merged.tif,0.4,4,1993028038,78,33.8878,37.7868,3.899
100M,chip_039_111_merged.tif,0.6,0,823350481,117,35.0689,37.0017,1.9328
100M,chip_039_111_merged.tif,0.6,1,442743850,117,35.0209,38.0074,2.9865
100M,chip_039_111_merged.tif,0.6,2,2110281980,117,35.6027,36.3052,0.7026
100M,chip_039_111_merged.tif,0.6,3,1729675349,117,35.6176,37.4806,1.8631
100M,chip_039_111_merged.tif,0.6,4,1249729831,117,34.8105,37.9782,3.1677
100M,chip_039_111_merged.tif,0.8,0,340758285,156,35.8152,36.4741,0.6589
100M,chip_039_111_merged.tif,0.8,1,2107635302,156,35.185,35.6744,0.4894
100M,chip_039_111_merged.tif,0.8,2,1627689784,156,35.5066,36.0565,0.5499
100M,chip_039_111_merged.tif,0.8,3,1247083153,156,35.8571,36.592,0.7349
100M,chip_039_111_merged.tif,0.8,4,767137635,156,35.7414,35.6529,-0.0885
100M,chip_042_092_merged.tif,0.2,0,406649076,39,34.7587,37.7432,2.9845
100M,chip_042_092_merged.tif,0.2,1,2074187206,39,35.3738,37.374,2.0003
100M,chip_042_092_merged.tif,0.2,2,1693580575,39,36.2259,37.7826,1.5567
100M,chip_042_092_merged.tif,0.2,3,1312973944,39,32.2931,37.3113,5.0182
100M,chip_042_092_merged.tif,0.2,4,833028426,39,26.8936,35.9434,9.0498
100M,chip_042_092_merged.tif,0.4,0,1488857654,78,31.7827,37.6214,5.8387
100M,chip_042_092_merged.tif,0.4,1,1108251023,78,31.7826,34.3855,2.6029
100M,chip_042_092_merged.tif,0.4,2,727644392,78,31.784,34.4229,2.6389
100M,chip_042_092_merged.tif,0.4,3,247698874,78,31.7834,37.6922,5.9088
100M,chip_042_092_merged.tif,0.4,4,2014575891,78,28.7632,37.8227,9.0595
100M,chip_042_092_merged.tif,0.6,0,1650219184,117,31.0521,36.0596,5.0074
100M,chip_042_092_merged.tif,0.6,1,1170273666,117,29.7872,37.4348,7.6476
100M,chip_042_092_merged.tif,0.6,2,789667035,117,29.3306,36.0371,6.7065
100M,chip_042_092_merged.tif,0.6,3,309721517,117,29.7641,34.5247,4.7606
100M,chip_042_092_merged.tif,0.6,4,2076598534,117,28.7815,32.3221,3.5406
100M,chip_042_092_merged.tif,0.8,0,1167626988,156,28.3789,33.7991,5.4202
100M,chip_042_092_merged.tif,0.8,1,687681470,156,27.3837,33.6136,6.2298
100M,chip_042_092_merged.tif,0.8,2,307074839,156,28.3916,29.6431,1.2514
100M,chip_042_092_merged.tif,0.8,3,2073951856,156,28.4733,31.3544,2.8812
100M,chip_042_092_merged.tif,0.8,4,1594006338,156,28.8364,33.8547,5.0182
100M,chip_047_106_merged.tif,0.2,0,1540040360,39,35.1703,38.5741,3.4038
100M,chip_047_106_merged.tif,0.2,1,1060094842,39,37.3492,38.784,1.4347
100M,chip_047_106_merged.tif,0.2,2,679488211,39,35.0954,37.9999,2.9045
100M,chip_047_106_merged.tif,0.2,3,199542693,39,36.8125,38.7825,1.97
100M,chip_047_106_merged.tif,0.2,4,1966419710,39,35.1699,38.1912,3.0213
100M,chip_047_106_merged.tif,0.4,0,1280086140,78,33.6076,37.5295,3.9219
100M,chip_047_106_merged.tif,0.4,1,899479509,78,33.6585,37.2765,3.618
100M,chip_047_106_merged.tif,0.4,2,419533991,78,34.7809,37.4749,2.694
100M,chip_047_106_merged.tif,0.4,3,38927360,78,32.0083,37.7531,5.7448
100M,chip_047_106_merged.tif,0.4,4,1805804377,78,33.6102,36.8037,3.1935
100M,chip_047_106_merged.tif,0.6,0,536787933,117,32.6143,36.2437,3.6294
100M,chip_047_106_merged.tif,0.6,1,156181302,117,32.6235,37.2677,4.6442
100M,chip_047_106_merged.tif,0.6,2,1923058319,117,32.6113,35.5383,2.9269
100M,chip_047_106_merged.tif,0.6,3,1443112801,117,32.1038,38.0896,5.9858
100M,chip_047_106_merged.tif,0.6,4,1062506170,117,32.6202,37.0317,4.4115
100M,chip_047_106_merged.tif,0.8,0,153534624,156,32.7139,35.7848,3.0709
100M,chip_047_106_merged.tif,0.8,1,1821072754,156,32.6794,34.9057,2.2263
100M,chip_047_106_merged.tif,0.8,2,1440466123,156,32.4289,34.8895,2.4607
100M,chip_047_106_merged.tif,0.8,3,960520605,156,32.3665,35.7205,3.3541
100M,chip_047_106_merged.tif,0.8,4,579913974,156,32.6698,34.2044,1.5346
100M,chip_051_235_merged.tif,0.2,0,1828844630,39,33.2074,37.5692,4.3618
100M,chip_051_235_merged.tif,0.2,1,1448237999,39,33.1291,37.8063,4.6772
100M,chip_051_235_merged.tif,0.2,2,968292481,39,31.9068,35.989,4.0822
100M,chip_051_235_merged.tif,0.2,3,587685850,39,33.8817,38.6199,4.7381
100M,chip_051_235_merged.tif,0.2,4,107740332,39,31.3149,36.9744,5.6595
100M,chip_051_235_merged.tif,0.4,0,763569560,78,31.4109,36.2631,4.8522
100M,chip_051_235_merged.tif,0.4,1,382962929,78,36.9225,36.5754,-0.3471
100M,chip_051_235_merged.tif,0.4,2,2356298,78,32.3823,35.7094,3.3271
100M,chip_051_235_merged.tif,0.4,3,1669894428,78,32.3824,37.521,5.1386
100M,chip_051_235_merged.tif,0.4,4,1289287797,78,32.681,36.2026,3.5216
100M,chip_051_235_merged.tif,0.6,0,924931090,117,32.3736,34.3629,1.9892
100M,chip_051_235_merged.tif,0.6,1,444985572,117,32.4091,35.7941,3.385
100M,chip_051_235_merged.tif,0.6,2,64378941,117,32.947,35.2316,2.2846
100M,chip_051_235_merged.tif,0.6,3,1831255958,117,31.2946,35.4603,4.1657
100M,chip_051_235_merged.tif,0.6,4,1351310440,117,32.841,34.9466,2.1056
100M,chip_051_235_merged.tif,0.8,0,442338894,156,30.4505,32.9586,2.5081
100M,chip_051_235_merged.tif,0.8,1,61732263,156,32.9472,34.3021,1.3549
100M,chip_051_235_merged.tif,0.8,2,1729270393,156,32.1085,33.0822,0.9737
100M,chip_051_235_merged.tif,0.8,3,1348663762,156,33.102,33.9543,0.8523
100M,chip_051_235_merged.tif,0.8,4,868718244,156,30.4074,33.3554,2.9481
100M,chip_053_176_merged.tif,0.2,0,1908118620,39,42.0503,41.7178,-0.3324
100M,chip_053_176_merged.tif,0.2,1,1428173102,39,40.9838,40.6658,-0.318
100M,chip_053_176_merged.tif,0.2,2,1047566471,39,40.9478,40.6724,-0.2753
100M,chip_053_176_merged.tif,0.2,3,567620953,39,42.9154,42.2951,-0.6203
100M,chip_053_176_merged.tif,0.2,4,187014322,39,37.8651,40.8498,2.9847
100M,chip_053_176_merged.tif,0.4,0,1648164400,78,40.6917,41.4117,0.72
100M,chip_053_176_merged.tif,0.4,1,1267557769,78,41.2856,40.8232,-0.4624
100M,chip_053_176_merged.tif,0.4,2,886951138,78,41.2854,40.022,-1.2634
100M,chip_053_176_merged.tif,0.4,3,407005620,78,40.3377,37.2926,-3.0451
100M,chip_053_176_merged.tif,0.4,4,26398989,78,41.444,42.4242,0.9802
100M,chip_053_176_merged.tif,0.6,0,904866193,117,38.5151,39.1239,0.6088
100M,chip_053_176_merged.tif,0.6,1,524259562,117,40.7931,40.6459,-0.1471
100M,chip_053_176_merged.tif,0.6,2,143652931,117,37.6358,39.5603,1.9244
100M,chip_053_176_merged.tif,0.6,3,1811191061,117,37.5414,38.9514,1.41
100M,chip_053_176_merged.tif,0.6,4,1430584430,117,40.7527,39.5564,-1.1964
100M,chip_053_176_merged.tif,0.8,0,521612884,156,35.5827,38.2788,2.6962
100M,chip_053_176_merged.tif,0.8,1,41667366,156,36.1392,39.2224,3.0832
100M,chip_053_176_merged.tif,0.8,2,1808544383,156,36.1455,38.4265,2.281
100M,chip_053_176_merged.tif,0.8,3,1328598865,156,35.5779,37.8224,2.2444
100M,chip_053_176_merged.tif,0.8,4,947992234,156,36.1441,38.6644,2.5203
100M,chip_054_264_merged.tif,0.2,0,547178488,39,35.86,37.4219,1.5618
100M,chip_054_264_merged.tif,0.2,1,67232970,39,36.3187,36.9355,0.6168
100M,chip_054_264_merged.tif,0.2,2,1834109987,39,34.1418,38.153,4.0112
100M,chip_054_264_merged.tif,0.2,3,1354164469,39,38.4376,37.4015,-1.0361
100M,chip_054_264_merged.tif,0.2,4,973557838,39,34.143,37.9414,3.7983
100M,chip_054_264_merged.tif,0.4,0,287224268,78,37.7349,37.2726,-0.4623
100M,chip_054_264_merged.tif,0.4,1,2054101285,78,34.7067,37.7664,3.0597
100M,chip_054_264_merged.tif,0.4,2,1673494654,78,36.5247,37.2151,0.6904
100M,chip_054_264_merged.tif,0.4,3,1193549136,78,35.13,37.5506,2.4206
100M,chip_054_264_merged.tif,0.4,4,812942505,78,35.2274,37.5907,2.3633
100M,chip_054_264_merged.tif,0.6,0,1691409709,117,32.8403,36.677,3.8366
100M,chip_054_264_merged.tif,0.6,1,1310803078,117,35.1112,36.6777,1.5664
100M,chip_054_264_merged.tif,0.6,2,930196447,117,35.0499,36.69,1.6402
100M,chip_054_264_merged.tif,0.6,3,450250929,117,34.1075,37.3234,3.2159
100M,chip_054_264_merged.tif,0.6,4,69644298,117,35.0348,36.3195,1.2847
100M,chip_054_264_merged.tif,0.8,0,1308156400,156,33.8003,36.2885,2.4882
100M,chip_054_264_merged.tif,0.8,1,828210882,156,33.8115,36.2733,2.4618
100M,chip_054_264_merged.tif,0.8,2,447604251,156,33.8125,36.2762,2.4637
100M,chip_054_264_merged.tif,0.8,3,2115142381,156,33.796,35.6506,1.8546
100M,chip_054_264_merged.tif,0.8,4,1734535750,156,33.7809,35.4214,1.6405
100M,chip_055_200_merged.tif,0.2,0,2141417232,39,38.5387,41.5794,3.0407
100M,chip_055_200_merged.tif,0.2,1,1661471714,39,39.9762,40.7634,0.7872
100M,chip_055_200_merged.tif,0.2,2,1280865083,39,39.8457,40.6278,0.7821
100M,chip_055_200_merged.tif,0.2,3,800919565,39,41.015,41.4307,0.4157
100M,chip_055_200_merged.tif,0.2,4,420312934,39,41.0151,41.5345,0.5193
100M,chip_055_200_merged.tif,0.4,0,1076142162,78,38.7694,40.8785,2.1091
100M,chip_055_200_merged.tif,0.4,1,695535531,78,38.4699,40.6103,2.1404
100M,chip_055_200_merged.tif,0.4,2,215590013,78,38.1983,40.0247,1.8264
100M,chip_055_200_merged.tif,0.4,3,1982467030,78,38.9795,40.4913,1.5118
100M,chip_055_200_merged.tif,0.4,4,1502521512,78,39.4375,40.7794,1.3418
100M,chip_055_200_merged.tif,0.6,0,1138164805,117,38.3181,40.0242,1.7061
100M,chip_055_200_merged.tif,0.6,1,757558174,117,38.1604,40.2746,2.1142
100M,chip_055_200_merged.tif,0.6,2,277612656,117,38.7057,39.5938,0.8882
100M,chip_055_200_merged.tif,0.6,3,2044489673,117,37.5216,40.5547,3.0332
100M,chip_055_200_merged.tif,0.6,4,1663883042,117,38.2668,39.6165,1.3498
100M,chip_055_200_merged.tif,0.8,0,754911496,156,37.4555,39.1403,1.6848
100M,chip_055_200_merged.tif,0.8,1,274965978,156,37.6774,39.8704,2.193
100M,chip_055_200_merged.tif,0.8,2,2041842995,156,37.0618,38.8878,1.8259
100M,chip_055_200_merged.tif,0.8,3,1561897477,156,38.0579,38.2855,0.2276
100M,chip_055_200_merged.tif,0.8,4,1181290846,156,37.715,38.726,1.0109
100M,chip_055_202_merged.tif,0.2,0,505808435,39,39.6366,41.0592,1.4226
100M,chip_055_202_merged.tif,0.2,1,25862917,39,40.1189,41.1893,1.0703
100M,chip_055_202_merged.tif,0.2,2,1792739934,39,40.836,41.0879,0.2518
100M,chip_055_202_merged.tif,0.2,3,1412133303,39,40.8367,40.9209,0.0842
100M,chip_055_202_merged.tif,0.2,4,932187785,39,39.4309,41.4794,2.0484
100M,chip_055_202_merged.tif,0.4,0,345193102,78,39.0708,39.9224,0.8516
100M,chip_055_202_merged.tif,0.4,1,2012731232,78,39.2521,40.0149,0.7628
100M,chip_055_202_merged.tif,0.4,2,1632124601,78,39.4115,40.6386,1.2271
100M,chip_055_202_merged.tif,0.4,3,1152179083,78,39.0718,40.5424,1.4706
100M,chip_055_202_merged.tif,0.4,4,771572452,78,38.3493,40.3436,1.9943
100M,chip_055_202_merged.tif,0.6,0,1749378543,117,37.8524,40.7028,2.8505
100M,chip_055_202_merged.tif,0.6,1,1269433025,117,35.8931,40.3456,4.4525
100M,chip_055_202_merged.tif,0.6,2,888826394,117,39.2767,40.5384,1.2617
100M,chip_055_202_merged.tif,0.6,3,408880876,117,37.6257,40.9628,3.3371
100M,chip_055_202_merged.tif,0.6,4,28274245,117,36.5523,40.3565,3.8042
100M,chip_055_202_merged.tif,0.8,0,1266786347,156,37.7098,39.3778,1.668
100M,chip_055_202_merged.tif,0.8,1,786840829,156,37.8796,39.3273,1.4477
100M,chip_055_202_merged.tif,0.8,2,406234198,156,37.7211,39.5228,1.8016
100M,chip_055_202_merged.tif,0.8,3,25627567,156,37.7534,39.6612,1.9078
100M,chip_055_202_merged.tif,0.8,4,1693165697,156,37.9943,39.3351,1.3408
100M,chip_057_118_merged.tif,0.2,0,1253468612,39,36.4337,37.3888,0.955
100M,chip_057_118_merged.tif,0.2,1,773523094,39,34.9173,37.5682,2.6509
100M,chip_057_118_merged.tif,0.2,2,392916463,39,35.2961,35.6401,0.344
100M,chip_057_118_merged.tif,0.2,3,12309832,39,35.4886,37.279,1.7904
100M,chip_057_118_merged.tif,0.2,4,1679847962,39,35.4904,37.8303,2.3399
100M,chip_057_118_merged.tif,0.4,0,1092853279,78,34.8248,36.8341,2.0093
100M,chip_057_118_merged.tif,0.4,1,612907761,78,34.4749,37.0121,2.5372
100M,chip_057_118_merged.tif,0.4,2,232301130,78,32.2996,36.5604,4.2608
100M,chip_057_118_merged.tif,0.4,3,1899839260,78,34.8259,36.2989,1.473
100M,chip_057_118_merged.tif,0.4,4,1519232629,78,32.362,37.9347,5.5727
100M,chip_057_118_merged.tif,0.6,0,349555072,117,32.5286,35.5767,3.0481
100M,chip_057_118_merged.tif,0.6,1,2017093202,117,33.8826,35.8203,1.9377
100M,chip_057_118_merged.tif,0.6,2,1636486571,117,33.5069,36.3962,2.8893
100M,chip_057_118_merged.tif,0.6,3,1156541053,117,32.5298,35.2554,2.7256
100M,chip_057_118_merged.tif,0.6,4,775934422,117,33.462,36.0686,2.6066
100M,chip_057_118_merged.tif,0.8,0,2014446524,156,31.7994,34.3574,2.558
100M,chip_057_118_merged.tif,0.8,1,1534501006,156,32.4693,35.0314,2.5621
100M,chip_057_118_merged.tif,0.8,2,1153894375,156,32.9904,33.9226,0.9322
100M,chip_057_118_merged.tif,0.8,3,773287744,156,32.4698,34.2905,1.8206
100M,chip_057_118_merged.tif,0.8,4,293342226,156,32.9901,34.2692,1.2791
100M,chip_058_191_merged.tif,0.2,0,1951246814,39,35.9298,41.3404,5.4107
100M,chip_058_191_merged.tif,0.2,1,1570640183,39,38.8813,41.9492,3.0679
100M,chip_058_191_merged.tif,0.2,2,1090694665,39,37.5615,41.626,4.0645
100M,chip_058_191_merged.tif,0.2,3,710088034,39,35.2242,41.7454,6.5212
100M,chip_058_191_merged.tif,0.2,4,329481403,39,39.8916,42.312,2.4204
100M,chip_058_191_merged.tif,0.4,0,1790631481,78,34.3652,40.8277,6.4625
100M,chip_058_191_merged.tif,0.4,1,1410024850,78,37.3002,41.9941,4.6938
100M,chip_058_191_merged.tif,0.4,2,930079332,78,36.1651,40.9072,4.7421
100M,chip_058_191_merged.tif,0.4,3,549472701,78,35.8899,41.8061,5.9162
100M,chip_058_191_merged.tif,0.4,4,69527183,78,34.3639,41.3079,6.944
100M,chip_058_191_merged.tif,0.6,0,1047333274,117,34.5455,40.1058,5.5603
100M,chip_058_191_merged.tif,0.6,1,666726643,117,34.5222,37.955,3.4328
100M,chip_058_191_merged.tif,0.6,2,186781125,117,34.5889,40.8736,6.2847
100M,chip_058_191_merged.tif,0.6,3,1953658142,117,33.8477,40.1948,6.3471
100M,chip_058_191_merged.tif,0.6,4,1473712624,117,33.8112,38.0821,4.271
100M,chip_058_191_merged.tif,0.8,0,564741078,156,35.558,36.7585,1.2005
100M,chip_058_191_merged.tif,0.8,1,184134447,156,35.5787,37.6779,2.0992
100M,chip_058_191_merged.tif,0.8,2,1851672577,156,35.3313,35.8785,0.5472
100M,chip_058_191_merged.tif,0.8,3,1471065946,156,32.7209,37.5713,4.8504
100M,chip_058_191_merged.tif,0.8,4,1090459315,156,35.2265,37.0686,1.8421
100M,chip_059_190_merged.tif,0.2,0,1308400236,39,42.0246,41.1972,-0.8274
100M,chip_059_190_merged.tif,0.2,1,927793605,39,39.6401,42.4418,2.8017
100M,chip_059_190_merged.tif,0.2,2,447848087,39,41.4055,42.8376,1.432
100M,chip_059_190_merged.tif,0.2,3,67241456,39,41.8736,43.1576,1.284
100M,chip_059_190_merged.tif,0.2,4,1834118473,39,38.3658,43.1904,4.8246
100M,chip_059_190_merged.tif,0.4,0,342464053,78,38.2486,42.1323,3.8837
100M,chip_059_190_merged.tif,0.4,1,2010002183,78,34.5992,42.4804,7.8811
100M,chip_059_190_merged.tif,0.4,2,1629395552,78,41.5243,42.4491,0.9248
100M,chip_059_190_merged.tif,0.4,3,1149450034,78,37.2992,42.0642,4.7649
100M,chip_059_190_merged.tif,0.4,4,768843403,78,41.5229,42.2389,0.716
100M,chip_059_190_merged.tif,0.6,0,404486696,117,36.2642,41.346,5.0818
100M,chip_059_190_merged.tif,0.6,1,23880065,117,40.1561,42.375,2.2189
100M,chip_059_190_merged.tif,0.6,2,1691418195,117,37.8323,40.8811,3.0489
100M,chip_059_190_merged.tif,0.6,3,1310811564,117,38.9324,42.0027,3.0704
100M,chip_059_190_merged.tif,0.6,4,830866046,117,38.8312,41.6074,2.7762
100M,chip_059_190_merged.tif,0.8,0,2069378148,156,35.6515,38.4685,2.817
100M,chip_059_190_merged.tif,0.8,1,1688771517,156,35.66,41.115,5.455
100M,chip_059_190_merged.tif,0.8,2,1208825999,156,34.8817,39.8234,4.9416
100M,chip_059_190_merged.tif,0.8,3,828219368,156,38.1788,40.6144,2.4355
100M,chip_059_190_merged.tif,0.8,4,447612737,156,35.7003,41.1609,5.4605
100M,chip_060_083_merged.tif,0.2,0,1486563561,39,33.1279,35.7743,2.6465
100M,chip_060_083_merged.tif,0.2,1,1105956930,39,32.7226,36.8506,4.128
100M,chip_060_083_merged.tif,0.2,2,626011412,39,30.9581,36.7122,5.7541
100M,chip_060_083_merged.tif,0.2,3,245404781,39,30.9582,37.8169,6.8587
100M,chip_060_083_merged.tif,0.2,4,1912942911,39,34.3865,37.2722,2.8857
100M,chip_060_083_merged.tif,0.4,0,520627378,78,32.5151,35.329,2.8139
100M,chip_060_083_merged.tif,0.4,1,40681860,78,32.9405,36.5283,3.5879
100M,chip_060_083_merged.tif,0.4,2,1807558877,78,32.2774,35.756,3.4786
100M,chip_060_083_merged.tif,0.4,3,1327613359,78,30.4371,36.8901,6.453
100M,chip_060_083_merged.tif,0.4,4,947006728,78,31.625,36.4402,4.8152
100M,chip_060_083_merged.tif,0.6,0,582650021,117,31.2695,35.9144,4.6449
100M,chip_060_083_merged.tif,0.6,1,102704503,117,31.293,34.6586,3.3656
100M,chip_060_083_merged.tif,0.6,2,1869581520,117,31.7133,35.0711,3.3578
100M,chip_060_083_merged.tif,0.6,3,1488974889,117,32.2322,35.2851,3.0529
100M,chip_060_083_merged.tif,0.6,4,1009029371,117,30.2994,35.89,5.5907
100M,chip_060_083_merged.tif,0.8,0,100057825,156,29.1793,33.1208,3.9415
100M,chip_060_083_merged.tif,0.8,1,1866934842,156,29.158,33.0748,3.9168
100M,chip_060_083_merged.tif,0.8,2,1386989324,156,30.85,33.807,2.9571
100M,chip_060_083_merged.tif,0.8,3,1006382693,156,30.7724,34.2099,3.4375
100M,chip_060_083_merged.tif,0.8,4,526437175,156,29.6667,32.0346,2.3679
100M,chip_060_117_merged.tif,0.2,0,360470457,39,31.5867,39.3641,7.7773
100M,chip_060_117_merged.tif,0.2,1,2028008587,39,41.6177,39.6373,-1.9804
100M,chip_060_117_merged.tif,0.2,2,1647401956,39,41.6197,39.035,-2.5847
100M,chip_060_117_merged.tif,0.2,3,1167456438,39,30.5877,39.5374,8.9496
100M,chip_060_117_merged.tif,0.2,4,786849807,39,34.6425,38.7733,4.1308
100M,chip_060_117_merged.tif,0.4,0,100516237,78,39.2724,38.3608,-0.9117
100M,chip_060_117_merged.tif,0.4,1,1867393254,78,32.2638,38.4473,6.1835
100M,chip_060_117_merged.tif,0.4,2,1387447736,78,39.2317,39.1657,-0.066
100M,chip_060_117_merged.tif,0.4,3,1006841105,78,39.2319,38.6954,-0.5365
100M,chip_060_117_merged.tif,0.4,4,626234474,78,38.6012,39.0001,0.3989
100M,chip_060_117_merged.tif,0.6,0,1504701678,117,34.8503,38.4047,3.5544
100M,chip_060_117_merged.tif,0.6,1,1124095047,117,34.0167,37.8468,3.8301
100M,chip_060_117_merged.tif,0.6,2,644149529,117,35.0218,36.4619,1.4402
100M,chip_060_117_merged.tif,0.6,3,263542898,117,34.0326,37.9176,3.8849
100M,chip_060_117_merged.tif,0.6,4,2030419915,117,34.0004,37.6396,3.6391
100M,chip_060_117_merged.tif,0.8,0,1121448369,156,33.8502,36.2926,2.4423
100M,chip_060_117_merged.tif,0.8,1,641502851,156,33.705,35.9028,2.1978
100M,chip_060_117_merged.tif,0.8,2,260896220,156,34.1609,36.461,2.3001
100M,chip_060_117_merged.tif,0.8,3,1928434350,156,32.562,35.523,2.961
100M,chip_060_117_merged.tif,0.8,4,1547827719,156,33.8081,37.2509,3.4427
100M,chip_060_118_merged.tif,0.2,0,265138011,39,38.2352,39.86,1.6248
100M,chip_060_118_merged.tif,0.2,1,2032015028,39,36.8158,40.1716,3.3558
100M,chip_060_118_merged.tif,0.2,2,1552069510,39,36.5837,38.7498,2.1661
100M,chip_060_118_merged.tif,0.2,3,1171462879,39,41.1275,38.7273,-2.4002
100M,chip_060_118_merged.tif,0.2,4,790856248,39,39.9133,38.3591,-1.5542
100M,chip_060_118_merged.tif,0.4,0,1446685476,78,37.5848,38.8929,1.3081
100M,chip_060_118_merged.tif,0.4,1,966739958,78,37.1723,40.8166,3.6443
100M,chip_060_118_merged.tif,0.4,2,586133327,78,35.1877,39.6497,4.462
100M,chip_060_118_merged.tif,0.4,3,106187809,78,37.5852,39.8148,2.2296
100M,chip_060_118_merged.tif,0.4,4,1873064826,78,37.2934,39.8635,2.5701
100M,chip_060_118_merged.tif,0.6,0,1508708119,117,36.5212,39.1865,2.6652
100M,chip_060_118_merged.tif,0.6,1,1128101488,117,35.7644,38.9914,3.227
100M,chip_060_118_merged.tif,0.6,2,648155970,117,37.9821,39.0305,1.0484
100M,chip_060_118_merged.tif,0.6,3,267549339,117,35.843,38.5235,2.6805
100M,chip_060_118_merged.tif,0.6,4,1935087469,117,37.859,39.0345,1.1755
100M,chip_060_118_merged.tif,0.8,0,173177060,156,35.8121,37.0895,1.2774
100M,chip_060_118_merged.tif,0.8,1,1940054077,156,35.6082,37.8337,2.2254
100M,chip_060_118_merged.tif,0.8,2,1559447446,156,35.5974,37.7365,2.1391
100M,chip_060_118_merged.tif,0.8,3,1079501928,156,34.6005,37.7142,3.1137
100M,chip_060_118_merged.tif,0.8,4,698895297,156,35.8891,36.7509,0.8618
100M,chip_063_116_merged.tif,0.2,0,1571533205,39,35.1449,36.7773,1.6324
100M,chip_063_116_merged.tif,0.2,1,1190926574,39,34.1721,37.0576,2.8856
100M,chip_063_116_merged.tif,0.2,2,710981056,39,34.5592,36.6325,2.0733
100M,chip_063_116_merged.tif,0.2,3,330374425,39,34.2187,37.7089,3.4903
100M,chip_063_116_merged.tif,0.2,4,1997912555,39,34.2185,36.9438,2.7253
100M,chip_063_116_merged.tif,0.4,0,1410917872,78,34.0786,36.5639,2.4853
100M,chip_063_116_merged.tif,0.4,1,1030311241,78,33.2441,36.5419,3.2978
100M,chip_063_116_merged.tif,0.4,2,550365723,78,34.7346,36.6249,1.8903
100M,chip_063_116_merged.tif,0.4,3,169759092,78,34.1678,35.9143,1.7465
100M,chip_063_116_merged.tif,0.4,4,1837297222,78,33.4788,36.5336,3.0548
100M,chip_063_116_merged.tif,0.6,0,667619665,117,33.9977,35.9301,1.9324
100M,chip_063_116_merged.tif,0.6,1,287013034,117,33.1557,35.7579,2.6022
100M,chip_063_116_merged.tif,0.6,2,1954551164,117,32.9654,35.9058,2.9403
100M,chip_063_116_merged.tif,0.6,3,1573944533,117,33.1928,35.2175,2.0247
100M,chip_063_116_merged.tif,0.6,4,1093999015,117,33.1956,35.7706,2.575
100M,chip_063_116_merged.tif,0.8,0,1479572254,156,32.9044,34.3077,1.4034
100M,chip_063_116_merged.tif,0.8,1,1098965623,156,33.6502,34.5972,0.947
100M,chip_063_116_merged.tif,0.8,2,718358992,156,33.0306,34.7122,1.6816
100M,chip_063_116_merged.tif,0.8,3,238413474,156,33.0392,34.5734,1.5342
100M,chip_063_116_merged.tif,0.8,4,2005290491,156,32.8692,34.1561,1.2869
100M,chip_064_067_merged.tif,0.2,0,51975544,39,36.102,41.8598,5.7578
100M,chip_064_067_merged.tif,0.2,1,1719513674,39,39.0094,37.8119,-1.1975
100M,chip_064_067_merged.tif,0.2,2,1338907043,39,34.565,36.2441,1.679
100M,chip_064_067_merged.tif,0.2,3,858961525,39,44.8758,35.5188,-9.3569
100M,chip_064_067_merged.tif,0.2,4,478354894,39,39.0105,38.8888,-0.1217
100M,chip_064_067_merged.tif,0.4,0,1134184122,78,35.8879,37.3622,1.4744
100M,chip_064_067_merged.tif,0.4,1,753577491,78,37.1074,38.9197,1.8123
100M,chip_064_067_merged.tif,0.4,2,273631973,78,41.7904,38.1313,-3.6591
100M,chip_064_067_merged.tif,0.4,3,2040508990,78,40.4113,35.6273,-4.784
100M,chip_064_067_merged.tif,0.4,4,1560563472,78,33.808,36.1639,2.3559
100M,chip_064_067_merged.tif,0.6,0,1196206765,117,36.7948,35.2739,-1.5209
100M,chip_064_067_merged.tif,0.6,1,815600134,117,35.9947,36.5681,0.5734
100M,chip_064_067_merged.tif,0.6,2,434993503,117,34.1538,33.9159,-0.2379
100M,chip_064_067_merged.tif,0.6,3,2102531633,117,33.9829,37.5367,3.5537
100M,chip_064_067_merged.tif,0.6,4,1721925002,117,35.9563,36.9341,0.9778
100M,chip_064_067_merged.tif,0.8,0,812953456,156,34.2246,36.3024,2.0778
100M,chip_064_067_merged.tif,0.8,1,333007938,156,34.773,35.1746,0.4017
100M,chip_064_067_merged.tif,0.8,2,2099884955,156,23.7244,35.8523,12.128
100M,chip_064_067_merged.tif,0.8,3,1619939437,156,23.7295,34.4934,10.7639
100M,chip_064_067_merged.tif,0.8,4,1239332806,156,23.7386,35.1983,11.4596
100M,chip_064_120_merged.tif,0.2,0,2022888425,39,35.6384,37.9853,2.3469
100M,chip_064_120_merged.tif,0.2,1,1642281794,39,35.3761,36.7743,1.3981
100M,chip_064_120_merged.tif,0.2,2,1162336276,39,37.6816,37.9766,0.295
100M,chip_064_120_merged.tif,0.2,3,781729645,39,36.9626,36.9842,0.0216
100M,chip_064_120_merged.tif,0.2,4,401123014,39,36.7451,38.0766,1.3315
100M,chip_064_120_merged.tif,0.4,0,1862273092,78,32.7618,36.8854,4.1236
100M,chip_064_120_merged.tif,0.4,1,1481666461,78,34.036,37.2759,3.2399
100M,chip_064_120_merged.tif,0.4,2,1001720943,78,34.5859,37.3686,2.7828
100M,chip_064_120_merged.tif,0.4,3,621114312,78,34.0489,37.1497,3.1008
100M,chip_064_120_merged.tif,0.4,4,141168794,78,34.5227,36.944,2.4213
100M,chip_064_120_merged.tif,0.6,0,1118974885,117,33.7919,36.8944,3.1025
100M,chip_064_120_merged.tif,0.6,1,738368254,117,32.9262,35.778,2.8518
100M,chip_064_120_merged.tif,0.6,2,258422736,117,34.2741,35.0904,0.8164
100M,chip_064_120_merged.tif,0.6,3,2025299753,117,34.4265,36.3522,1.9257
100M,chip_064_120_merged.tif,0.6,4,1545354235,117,34.319,36.4306,2.1116
100M,chip_064_120_merged.tif,0.8,0,636382689,156,32.6943,35.5271,2.8327
100M,chip_064_120_merged.tif,0.8,1,255776058,156,32.7328,34.672,1.9392
100M,chip_064_120_merged.tif,0.8,2,1923314188,156,33.3307,34.8334,1.5027
100M,chip_064_120_merged.tif,0.8,3,1542707557,156,32.6965,35.1087,2.4122
100M,chip_064_120_merged.tif,0.8,4,1162100926,156,32.7415,35.6773,2.9357
100M,chip_064_352_merged.tif,0.2,0,510494472,39,31.7211,32.6122,0.8911
100M,chip_064_352_merged.tif,0.2,1,129887841,39,32.1766,31.7489,-0.4277
100M,chip_064_352_merged.tif,0.2,2,1896764858,39,30.3843,32.607,2.2228
100M,chip_064_352_merged.tif,0.2,3,1416819340,39,29.3591,32.5275,3.1684
100M,chip_064_352_merged.tif,0.2,4,1036212709,39,32.0658,32.5691,0.5033
100M,chip_064_352_merged.tif,0.4,0,349879139,78,29.7566,31.251,1.4945
100M,chip_064_352_merged.tif,0.4,1,2116756156,78,28.6973,32.0957,3.3984
100M,chip_064_352_merged.tif,0.4,2,1636810638,78,31.2554,32.3692,1.1139
100M,chip_064_352_merged.tif,0.4,3,1256204007,78,28.7644,31.9049,3.1405
100M,chip_064_352_merged.tif,0.4,4,776258489,78,30.6989,32.1147,1.4158
100M,chip_064_352_merged.tif,0.6,0,1754064580,117,29.2011,31.2682,2.0671
100M,chip_064_352_merged.tif,0.6,1,1373457949,117,29.2196,30.9138,1.6942
100M,chip_064_352_merged.tif,0.6,2,893512431,117,30.0677,31.3703,1.3026
100M,chip_064_352_merged.tif,0.6,3,512905800,117,30.2578,31.4392,1.1815
100M,chip_064_352_merged.tif,0.6,4,32960282,117,29.1938,31.4715,2.2776
100M,chip_064_352_merged.tif,0.8,0,1271472384,156,28.9725,30.5581,1.5856
100M,chip_064_352_merged.tif,0.8,1,890865753,156,29.3367,30.1712,0.8345
100M,chip_064_352_merged.tif,0.8,2,410920235,156,29.4101,30.5662,1.1561
100M,chip_064_352_merged.tif,0.8,3,30313604,156,29.46,30.1437,0.6837
100M,chip_064_352_merged.tif,0.8,4,1797190621,156,29.6663,30.4769,0.8107
100M,chip_064_354_merged.tif,0.2,0,1032881289,39,29.4322,33.5979,4.1657
100M,chip_064_354_merged.tif,0.2,1,552935771,39,29.8983,32.5105,2.6122
100M,chip_064_354_merged.tif,0.2,2,172329140,39,28.8659,32.5075,3.6416
100M,chip_064_354_merged.tif,0.2,3,1939206157,39,32.5271,32.9499,0.4228
100M,chip_064_354_merged.tif,0.2,4,1459260639,39,29.8995,33.3751,3.4756
100M,chip_064_354_merged.tif,0.4,0,872265956,78,29.4146,32.2661,2.8515
100M,chip_064_354_merged.tif,0.4,1,392320438,78,29.5899,32.1746,2.5847
100M,chip_064_354_merged.tif,0.4,2,11713807,78,29.2289,32.3686,3.1396
100M,chip_064_354_merged.tif,0.4,3,1679251937,78,29.67,32.2319,2.5619
100M,chip_064_354_merged.tif,0.4,4,1298645306,78,28.7458,32.7581,4.0123
100M,chip_064_354_merged.tif,0.6,0,128967749,117,28.7469,31.8159,3.069
100M,chip_064_354_merged.tif,0.6,1,1796505879,117,28.8797,31.65,2.7703
100M,chip_064_354_merged.tif,0.6,2,1415899248,117,29.163,30.6171,1.4541
100M,chip_064_354_merged.tif,0.6,3,935953730,117,29.301,31.2135,1.9124
100M,chip_064_354_merged.tif,0.6,4,555347099,117,28.7449,32.3339,3.589
100M,chip_064_354_merged.tif,0.8,0,1793859201,156,29.4732,30.6254,1.1522
100M,chip_064_354_merged.tif,0.8,1,1313913683,156,29.3602,30.6037,1.2434
100M,chip_064_354_merged.tif,0.8,2,933307052,156,29.1936,30.8894,1.6958
100M,chip_064_354_merged.tif,0.8,3,552700421,156,29.0782,30.3247,1.2465
100M,chip_064_354_merged.tif,0.8,4,72754903,156,28.5617,30.8605,2.2989
100M,chip_065_348_merged.tif,0.2,0,2048289900,39,30.8345,31.8284,0.9939
100M,chip_065_348_merged.tif,0.2,1,1667683269,39,30.3919,32.0821,1.6902
100M,chip_065_348_merged.tif,0.2,2,1187737751,39,30.3464,32.4695,2.123
100M,chip_065_348_merged.tif,0.2,3,807131120,39,29.8436,31.9285,2.0848
100M,chip_065_348_merged.tif,0.2,4,327185602,39,29.8426,31.3619,1.5193
100M,chip_065_348_merged.tif,0.4,0,983014830,78,29.1706,31.2921,2.1215
100M,chip_065_348_merged.tif,0.4,1,602408199,78,30.2238,32.0485,1.8247
100M,chip_065_348_merged.tif,0.4,2,221801568,78,30.032,31.8516,1.8196
100M,chip_065_348_merged.tif,0.4,3,1889339698,78,30.1073,31.8715,1.7642
100M,chip_065_348_merged.tif,0.4,4,1508733067,78,30.0321,31.6995,1.6674
100M,chip_065_348_merged.tif,0.6,0,1144376360,117,29.5026,31.064,1.5615
100M,chip_065_348_merged.tif,0.6,1,664430842,117,29.4839,30.9371,1.4531
100M,chip_065_348_merged.tif,0.6,2,283824211,117,29.8095,31.1404,1.3309
100M,chip_065_348_merged.tif,0.6,3,1951362341,117,29.5633,30.7608,1.1975
100M,chip_065_348_merged.tif,0.6,4,1570755710,117,29.5326,31.0195,1.4869
100M,chip_065_348_merged.tif,0.8,0,661784164,156,29.2062,30.1703,0.9641
100M,chip_065_348_merged.tif,0.8,1,281177533,156,28.3241,30.3065,1.9824
100M,chip_065_348_merged.tif,0.8,2,1948715663,156,28.2247,30.1555,1.9309
100M,chip_065_348_merged.tif,0.8,3,1568109032,156,28.1929,30.1624,1.9694
100M,chip_065_348_merged.tif,0.8,4,1088163514,156,28.7703,30.8776,2.1072
100M,chip_066_347_merged.tif,0.2,0,921765128,39,31.4018,34.4445,3.0427
100M,chip_066_347_merged.tif,0.2,1,541158497,39,33.4564,34.4641,1.0078
100M,chip_066_347_merged.tif,0.2,2,61212979,39,30.737,33.8302,3.0932
100M,chip_066_347_merged.tif,0.2,3,1828089996,39,30.8707,33.544,2.6733
100M,chip_066_347_merged.tif,0.2,4,1348144478,39,30.7369,34.9102,4.1733
100M,chip_066_347_merged.tif,0.4,0,2103312593,78,31.4225,33.7113,2.2889
100M,chip_066_347_merged.tif,0.4,1,1623367075,78,30.3458,32.5986,2.2528
100M,chip_066_347_merged.tif,0.4,2,1242760444,78,30.2027,33.6251,3.4223
100M,chip_066_347_merged.tif,0.4,3,762814926,78,30.0543,33.5334,3.4791
100M,chip_066_347_merged.tif,0.4,4,382208295,78,30.054,33.9296,3.8756
100M,chip_066_347_merged.tif,0.6,0,17851588,117,29.9482,32.8937,2.9455
100M,chip_066_347_merged.tif,0.6,1,1784728605,117,29.9351,32.9998,3.0647
100M,chip_066_347_merged.tif,0.6,2,1304783087,117,30.8347,32.6365,1.8017
100M,chip_066_347_merged.tif,0.6,3,924176456,117,30.9493,32.6266,1.6773
100M,chip_066_347_merged.tif,0.6,4,444230938,117,30.8418,32.8365,1.9947
100M,chip_066_347_merged.tif,0.8,0,1682743040,156,29.6073,32.3653,2.758
100M,chip_066_347_merged.tif,0.8,1,1302136409,156,29.9154,31.6163,1.7009
100M,chip_066_347_merged.tif,0.8,2,822190891,156,30.8226,32.128,1.3054
100M,chip_066_347_merged.tif,0.8,3,441584260,156,29.6006,30.5446,0.944
100M,chip_066_347_merged.tif,0.8,4,2109122390,156,29.7156,31.6695,1.9539
100M,chip_067_282_merged.tif,0.2,0,1352211268,39,32.3435,36.2044,3.8609
100M,chip_067_282_merged.tif,0.2,1,971604637,39,31.0883,35.2649,4.1766
100M,chip_067_282_merged.tif,0.2,2,491659119,39,31.1579,36.7723,5.6144
100M,chip_067_282_merged.tif,0.2,3,111052488,39,33.0831,37.4922,4.4091
100M,chip_067_282_merged.tif,0.2,4,1778590618,39,32.0537,34.8114,2.7577
100M,chip_067_282_merged.tif,0.4,0,386275085,78,32.3274,34.7129,2.3855
100M,chip_067_282_merged.tif,0.4,1,2053813215,78,30.3954,34.4138,4.0184
100M,chip_067_282_merged.tif,0.4,2,1673206584,78,32.2379,35.7232,3.4853
100M,chip_067_282_merged.tif,0.4,3,1193261066,78,32.238,34.7567,2.5186
100M,chip_067_282_merged.tif,0.4,4,812654435,78,32.3266,34.5397,2.2131
100M,chip_067_282_merged.tif,0.6,0,448297728,117,31.0129,34.5108,3.4979
100M,chip_067_282_merged.tif,0.6,1,67691097,117,31.1205,34.1635,3.0431
100M,chip_067_282_merged.tif,0.6,2,1735229227,117,30.2188,33.901,3.6821
100M,chip_067_282_merged.tif,0.6,3,1354622596,117,31.3623,34.2367,2.8744
100M,chip_067_282_merged.tif,0.6,4,874677078,117,31.3949,34.3407,2.9458
100M,chip_067_282_merged.tif,0.8,0,2113189180,156,30.4567,32.3698,1.9131
100M,chip_067_282_merged.tif,0.8,1,1732582549,156,30.4248,31.932,1.5073
100M,chip_067_282_merged.tif,0.8,2,1252637031,156,30.3012,32.2764,1.9751
100M,chip_067_282_merged.tif,0.8,3,872030400,156,30.4457,33.0795,2.6339
100M,chip_067_282_merged.tif,0.8,4,392084882,156,30.4558,32.9572,2.5014
100M,chip_069_353_merged.tif,0.2,0,1246218810,39,32.9128,33.7805,0.8677
100M,chip_069_353_merged.tif,0.2,1,766273292,39,32.8095,33.4333,0.6239
100M,chip_069_353_merged.tif,0.2,2,385666661,39,32.3559,33.8669,1.511
100M,chip_069_353_merged.tif,0.2,3,2053204791,39,31.8236,33.435,1.6114
100M,chip_069_353_merged.tif,0.2,4,1672598160,39,32.6869,34.234,1.5471
100M,chip_069_353_merged.tif,0.4,0,180943740,78,32.456,33.5883,1.1323
100M,chip_069_353_merged.tif,0.4,1,1947820757,78,31.9508,33.2812,1.3304
100M,chip_069_353_merged.tif,0.4,2,1467875239,78,31.6774,32.7744,1.097
100M,chip_069_353_merged.tif,0.4,3,1087268608,78,31.6777,33.9325,2.2548
100M,chip_069_353_merged.tif,0.4,4,607323090,78,31.7623,33.6176,1.8553
100M,chip_069_353_merged.tif,0.6,0,242966383,117,30.8212,33.1736,2.3523
100M,chip_069_353_merged.tif,0.6,1,2009843400,117,31.8008,33.1873,1.3865
100M,chip_069_353_merged.tif,0.6,2,1529897882,117,30.9649,33.1682,2.2033
100M,chip_069_353_merged.tif,0.6,3,1149291251,117,31.761,32.9181,1.1571
100M,chip_069_353_merged.tif,0.6,4,768684620,117,31.7588,32.5173,0.7586
100M,chip_069_353_merged.tif,0.8,0,1907857835,156,31.4563,32.476,1.0197
100M,chip_069_353_merged.tif,0.8,1,1527251204,156,31.1636,32.2258,1.0622
100M,chip_069_353_merged.tif,0.8,2,1146644573,156,31.6353,32.3904,0.7551
100M,chip_069_353_merged.tif,0.8,3,666699055,156,30.9139,32.3913,1.4774
100M,chip_069_353_merged.tif,0.8,4,286092424,156,30.917,32.239,1.322
100M,chip_071_257_merged.tif,0.2,0,1453809207,39,37.1961,38.464,1.2679
100M,chip_071_257_merged.tif,0.2,1,973863689,39,33.6457,38.4379,4.7922
100M,chip_071_257_merged.tif,0.2,2,593257058,39,37.6118,38.0487,0.4368
100M,chip_071_257_merged.tif,0.2,3,113311540,39,36.1324,38.2979,2.1655
100M,chip_071_257_merged.tif,0.2,4,1880188557,39,33.6551,38.3884,4.7333
100M,chip_071_257_merged.tif,0.4,0,440255011,78,35.7054,37.5001,1.7946
100M,chip_071_257_merged.tif,0.4,1,2107793141,78,33.3896,38.3397,4.9501
100M,chip_071_257_merged.tif,0.4,2,1727186510,78,33.4195,38.0591,4.6396
100M,chip_071_257_merged.tif,0.4,3,1247240992,78,36.4643,37.8223,1.3581
100M,chip_071_257_merged.tif,0.4,4,866634361,78,33.4192,37.7475,4.3283
100M,chip_071_257_merged.tif,0.6,0,450556780,117,34.3454,37.9387,3.5933
100M,chip_071_257_merged.tif,0.6,1,69950149,117,34.9465,37.4383,2.4918
100M,chip_071_257_merged.tif,0.6,2,1836827166,117,34.9202,37.4978,2.5777
100M,chip_071_257_merged.tif,0.6,3,1356881648,117,34.4268,37.2349,2.808
100M,chip_071_257_merged.tif,0.6,4,976275017,117,35.4007,36.9238,1.5231
100M,chip_071_257_merged.tif,0.8,0,1361848256,156,34.5779,36.5305,1.9527
100M,chip_071_257_merged.tif,0.8,1,881902738,156,33.757,36.0529,2.296
100M,chip_071_257_merged.tif,0.8,2,501296107,156,33.4524,36.4725,3.0201
100M,chip_071_257_merged.tif,0.8,3,120689476,156,34.6306,35.9869,1.3563
100M,chip_071_257_merged.tif,0.8,4,1788227606,156,33.461,35.9638,2.5027
100M,chip_074_351_merged.tif,0.2,0,1596099811,39,31.7662,33.6543,1.8881
100M,chip_074_351_merged.tif,0.2,1,1116154293,39,32.487,33.6877,1.2007
100M,chip_074_351_merged.tif,0.2,2,735547662,39,31.7007,33.0412,1.3405
100M,chip_074_351_merged.tif,0.2,3,255602144,39,31.7779,32.7408,0.9629
100M,chip_074_351_merged.tif,0.2,4,2022479161,39,32.1544,32.8307,0.6763
100M,chip_074_351_merged.tif,0.4,0,530824741,78,31.4314,32.4116,0.9803
100M,chip_074_351_merged.tif,0.4,1,150218110,78,30.685,33.1125,2.4274
100M,chip_074_351_merged.tif,0.4,2,1817756240,78,32.1115,32.6552,0.5437
100M,chip_074_351_merged.tif,0.4,3,1437149609,78,31.3863,32.6882,1.3019
100M,chip_074_351_merged.tif,0.4,4,957204091,78,31.6534,32.5894,0.936
100M,chip_074_351_merged.tif,0.6,0,592847384,117,30.5841,32.5821,1.9981
100M,chip_074_351_merged.tif,0.6,1,212240753,117,31.2578,32.5995,1.3418
100M,chip_074_351_merged.tif,0.6,2,1879778883,117,31.1511,32.6405,1.4894
100M,chip_074_351_merged.tif,0.6,3,1499172252,117,31.2842,32.4364,1.1522
100M,chip_074_351_merged.tif,0.6,4,1118565621,117,30.8582,32.5635,1.7052
100M,chip_074_351_merged.tif,0.8,0,209594075,156,30.7309,32.0235,1.2927
100M,chip_074_351_merged.tif,0.8,1,1877132205,156,30.851,32.1875,1.3365
100M,chip_074_351_merged.tif,0.8,2,1496525574,156,30.7459,31.8479,1.102
100M,chip_074_351_merged.tif,0.8,3,1016580056,156,30.8611,31.6629,0.8018
100M,chip_074_351_merged.tif,0.8,4,635973425,156,30.7218,31.2225,0.5007
100M,chip_075_347_merged.tif,0.2,0,1648969535,39,29.7128,33.1778,3.465
100M,chip_075_347_merged.tif,0.2,1,1169024017,39,30.4264,33.1081,2.6817
100M,chip_075_347_merged.tif,0.2,2,788417386,39,30.426,32.9036,2.4776
100M,chip_075_347_merged.tif,0.2,3,407810755,39,31.0084,32.7185,1.7101
100M,chip_075_347_merged.tif,0.2,4,2075348885,39,31.4868,32.8286,1.3418
100M,chip_075_347_merged.tif,0.4,0,1488354202,78,31.165,32.0343,0.8693
100M,chip_075_347_merged.tif,0.4,1,1008408684,78,31.1769,32.6936,1.5167
100M,chip_075_347_merged.tif,0.4,2,627802053,78,30.2349,32.7092,2.4743
100M,chip_075_347_merged.tif,0.4,3,147856535,78,30.2182,32.8646,2.6464
100M,chip_075_347_merged.tif,0.4,4,1914733552,78,30.2188,32.3022,2.0833
100M,chip_075_347_merged.tif,0.6,0,745055995,117,30.2037,32.2276,2.0239
100M,chip_075_347_merged.tif,0.6,1,265110477,117,29.8526,31.8652,2.0126
100M,chip_075_347_merged.tif,0.6,2,2031987494,117,30.1945,32.0843,1.8898
100M,chip_075_347_merged.tif,0.6,3,1552041976,117,30.3447,32.1706,1.8259
100M,chip_075_347_merged.tif,0.6,4,1171435345,117,30.0259,32.1106,2.0847
100M,chip_075_347_merged.tif,0.8,0,262463799,156,29.9292,31.3902,1.461
100M,chip_075_347_merged.tif,0.8,1,1930001929,156,30.5883,31.5136,0.9252
100M,chip_075_347_merged.tif,0.8,2,1549395298,156,30.0951,31.6252,1.53
100M,chip_075_347_merged.tif,0.8,3,1168788667,156,30.0923,31.3674,1.2751
100M,chip_075_347_merged.tif,0.8,4,688843149,156,30.1964,31.6878,1.4915
100M,chip_075_350_merged.tif,0.2,0,2063880302,39,32.1807,33.8358,1.6551
100M,chip_075_350_merged.tif,0.2,1,1683273671,39,31.4138,34.3123,2.8984
100M,chip_075_350_merged.tif,0.2,2,1203328153,39,32.59,34.8028,2.2129
100M,chip_075_350_merged.tif,0.2,3,822721522,39,31.0094,33.7339,2.7246
100M,chip_075_350_merged.tif,0.2,4,342776004,39,31.8327,34.8058,2.9731
100M,chip_075_350_merged.tif,0.4,0,998605232,78,30.9925,34.909,3.9165
100M,chip_075_350_merged.tif,0.4,1,617998601,78,30.8367,34.1882,3.3515
100M,chip_075_350_merged.tif,0.4,2,237391970,78,32.5735,34.1444,1.571
100M,chip_075_350_merged.tif,0.4,3,1904930100,78,33.2929,33.8618,0.5689
100M,chip_075_350_merged.tif,0.4,4,1524323469,78,32.535,34.1279,1.5929
100M,chip_075_350_merged.tif,0.6,0,1159966762,117,30.2304,33.6692,3.4388
100M,chip_075_350_merged.tif,0.6,1,680021244,117,31.0636,33.6689,2.6053
100M,chip_075_350_merged.tif,0.6,2,299414613,117,31.7915,33.7278,1.9363
100M,chip_075_350_merged.tif,0.6,3,1966952743,117,30.5968,33.7092,3.1124
100M,chip_075_350_merged.tif,0.6,4,1586346112,117,31.1034,33.4596,2.3562
100M,chip_075_350_merged.tif,0.8,0,677374566,156,29.5087,31.3115,1.8028
100M,chip_075_350_merged.tif,0.8,1,296767935,156,29.736,32.6157,2.8797
100M,chip_075_350_merged.tif,0.8,2,1964306065,156,29.6985,31.4257,1.7272
100M,chip_075_350_merged.tif,0.8,3,1583699434,156,29.9589,32.4043,2.4454
100M,chip_075_350_merged.tif,0.8,4,1103753916,156,29.5335,30.9686,1.4351
100M,chip_079_220_merged.tif,0.2,0,1748988584,39,33.6931,37.5904,3.8973
100M,chip_079_220_merged.tif,0.2,1,1368381953,39,30.5649,37.813,7.2481
100M,chip_079_220_merged.tif,0.2,2,888436435,39,31.2477,38.2797,7.032
100M,chip_079_220_merged.tif,0.2,3,507829804,39,30.7913,35.9809,5.1896
100M,chip_079_220_merged.tif,0.2,4,27884286,39,34.1496,33.5359,-0.6137
100M,chip_079_220_merged.tif,0.4,0,783052401,78,30.7796,36.1087,5.3291
100M,chip_079_220_merged.tif,0.4,1,303106883,78,30.442,36.0827,5.6407
100M,chip_079_220_merged.tif,0.4,2,2069983900,78,29.9741,35.827,5.853
100M,chip_079_220_merged.tif,0.4,3,1590038382,78,29.7622,34.6577,4.8955
100M,chip_079_220_merged.tif,0.4,4,1209431751,78,30.7265,34.5204,3.794
100M,chip_079_220_merged.tif,0.6,0,845075044,117,32.0102,34.9556,2.9454
100M,chip_079_220_merged.tif,0.6,1,365129526,117,29.6399,34.547,4.9071
100M,chip_079_220_merged.tif,0.6,2,2132006543,117,31.0038,35.5694,4.5656
100M,chip_079_220_merged.tif,0.6,3,1751399912,117,29.7913,33.7473,3.956
100M,chip_079_220_merged.tif,0.6,4,1271454394,117,29.9501,33.9232,3.9731
100M,chip_079_220_merged.tif,0.8,0,362482848,156,30.6409,34.6958,4.055
100M,chip_079_220_merged.tif,0.8,1,2129359865,156,30.7107,32.9267,2.216
100M,chip_079_220_merged.tif,0.8,2,1649414347,156,30.5952,32.9652,2.37
100M,chip_079_220_merged.tif,0.8,3,1268807716,156,30.732,32.7596,2.0276
100M,chip_079_220_merged.tif,0.8,4,788862198,156,30.9523,33.129,2.1767
100M,chip_080_231_merged.tif,0.2,0,1058062056,39,30.7208,38.0403,7.3194
100M,chip_080_231_merged.tif,0.2,1,578116538,39,30.9732,36.4608,5.4877
100M,chip_080_231_merged.tif,0.2,2,197509907,39,31.2696,36.5192,5.2496
100M,chip_080_231_merged.tif,0.2,3,1865048037,39,30.7207,37.708,6.9873
100M,chip_080_231_merged.tif,0.2,4,1484441406,39,31.0301,38.9026,7.8724
100M,chip_080_231_merged.tif,0.4,0,798107836,78,34.2361,37.0053,2.7692
100M,chip_080_231_merged.tif,0.4,1,417501205,78,35.7871,37.1327,1.3456
100M,chip_080_231_merged.tif,0.4,2,36894574,78,34.2359,36.6044,2.3685
100M,chip_080_231_merged.tif,0.4,3,1704432704,78,35.7876,35.8014,0.0139
100M,chip_080_231_merged.tif,0.4,4,1323826073,78,31.367,37.768,6.401
100M,chip_080_231_merged.tif,0.6,0,54809629,117,33.7997,35.2949,1.4952
100M,chip_080_231_merged.tif,0.6,1,1821686646,117,33.5318,34.575,1.0431
100M,chip_080_231_merged.tif,0.6,2,1441080015,117,34.3719,34.6693,0.2974
100M,chip_080_231_merged.tif,0.6,3,961134497,117,33.5877,33.7378,0.1501
100M,chip_080_231_merged.tif,0.6,4,580527866,117,33.5191,34.1036,0.5845
100M,chip_080_231_merged.tif,0.8,0,1819039968,156,32.5079,32.6235,0.1156
100M,chip_080_231_merged.tif,0.8,1,1339094450,156,32.5637,32.6168,0.053
100M,chip_080_231_merged.tif,0.8,2,958487819,156,31.9649,32.7956,0.8307
100M,chip_080_231_merged.tif,0.8,3,478542301,156,32.8981,32.6293,-0.2688
100M,chip_080_231_merged.tif,0.8,4,97935670,156,32.508,32.8122,0.3042
100M,chip_081_176_merged.tif,0.2,0,1435410236,39,32.0144,38.5524,6.538
100M,chip_081_176_merged.tif,0.2,1,1054803605,39,30.0158,38.5128,8.497
100M,chip_081_176_merged.tif,0.2,2,674196974,39,32.4831,38.8967,6.4135
100M,chip_081_176_merged.tif,0.2,3,194251456,39,32.6486,39.196,6.5473
100M,chip_081_176_merged.tif,0.2,4,1961128473,39,32.6494,37.8613,5.2119
100M,chip_081_176_merged.tif,0.4,0,1274794903,78,34.3068,36.921,2.6143
100M,chip_081_176_merged.tif,0.4,1,894188272,78,31.1482,37.1575,6.0093
100M,chip_081_176_merged.tif,0.4,2,414242754,78,32.23,38.8149,6.5849
100M,chip_081_176_merged.tif,0.4,3,33636123,78,34.4668,37.094,2.6272
100M,chip_081_176_merged.tif,0.4,4,1800513140,78,33.2807,38.0725,4.7917
100M,chip_081_176_merged.tif,0.6,0,531496696,117,34.3216,35.0854,0.7638
100M,chip_081_176_merged.tif,0.6,1,150890065,117,33.9387,34.6863,0.7476
100M,chip_081_176_merged.tif,0.6,2,1818428195,117,31.8878,36.2875,4.3997
100M,chip_081_176_merged.tif,0.6,3,1437821564,117,33.7542,35.6955,1.9413
100M,chip_081_176_merged.tif,0.6,4,1057214933,117,31.3118,35.8388,4.527
100M,chip_081_176_merged.tif,0.8,0,1442788172,156,31.261,31.7602,0.4992
100M,chip_081_176_merged.tif,0.8,1,962842654,156,32.909,35.4259,2.5169
100M,chip_081_176_merged.tif,0.8,2,582236023,156,32.9711,33.6661,0.695
100M,chip_081_176_merged.tif,0.8,3,102290505,156,31.4226,35.9121,4.4894
100M,chip_081_176_merged.tif,0.8,4,1869167522,156,32.8355,34.3617,1.5262
100M,chip_081_345_merged.tif,0.2,0,1631929642,39,30.7066,33.5937,2.8872
100M,chip_081_345_merged.tif,0.2,1,1251323011,39,33.6477,37.5201,3.8724
100M,chip_081_345_merged.tif,0.2,2,870716380,39,31.0205,36.189,5.1686
100M,chip_081_345_merged.tif,0.2,3,390770862,39,33.3225,36.8285,3.506
100M,chip_081_345_merged.tif,0.2,4,10164231,39,36.0752,36.7967,0.7215
100M,chip_081_345_merged.tif,0.4,0,1471314309,78,35.4227,33.4979,-1.9249
100M,chip_081_345_merged.tif,0.4,1,1090707678,78,34.363,35.9036,1.5406
100M,chip_081_345_merged.tif,0.4,2,610762160,78,31.611,35.2939,3.6829
100M,chip_081_345_merged.tif,0.4,3,230155529,78,30.3713,35.5725,5.2012
100M,chip_081_345_merged.tif,0.4,4,1997032546,78,32.5112,34.7135,2.2023
100M,chip_081_345_merged.tif,0.6,0,728016102,117,33.4281,33.1528,-0.2753
100M,chip_081_345_merged.tif,0.6,1,347409471,117,33.4333,34.7203,1.2871
100M,chip_081_345_merged.tif,0.6,2,2014947601,117,30.7026,33.1585,2.4559
100M,chip_081_345_merged.tif,0.6,3,1634340970,117,33.44,34.534,1.0939
100M,chip_081_345_merged.tif,0.6,4,1253734339,117,33.4333,35.4679,2.0346
100M,chip_081_345_merged.tif,0.8,0,245423906,156,30.2176,33.5292,3.3116
100M,chip_081_345_merged.tif,0.8,1,2012300923,156,30.7904,33.2278,2.4375
100M,chip_081_345_merged.tif,0.8,2,1631694292,156,30.9413,32.6682,1.7269
100M,chip_081_345_merged.tif,0.8,3,1151748774,156,30.7658,33.4951,2.7294
100M,chip_081_345_merged.tif,0.8,4,771142143,156,30.778,33.0887,2.3107
100M,chip_082_339_merged.tif,0.2,0,887965197,39,33.2603,36.9394,3.6791
100M,chip_082_339_merged.tif,0.2,1,507358566,39,34.6046,38.1097,3.5051
100M,chip_082_339_merged.tif,0.2,2,27413048,39,37.5625,37.4131,-0.1494
100M,chip_082_339_merged.tif,0.2,3,1794290065,39,34.2597,36.5734,2.3136
100M,chip_082_339_merged.tif,0.2,4,1314344547,39,37.2603,36.4362,-0.8241
100M,chip_082_339_merged.tif,0.4,0,727349864,78,35.3725,37.1804,1.8079
100M,chip_082_339_merged.tif,0.4,1,346743233,78,35.2728,37.8153,2.5425
100M,chip_082_339_merged.tif,0.4,2,2014281363,78,33.9335,37.3677,3.4341
100M,chip_082_339_merged.tif,0.4,3,1633674732,78,33.934,36.9259,2.9918
100M,chip_082_339_merged.tif,0.4,4,1153729214,78,33.9337,36.5464,2.6127
100M,chip_082_339_merged.tif,0.6,0,2131535305,117,34.24,36.5963,2.3562
100M,chip_082_339_merged.tif,0.6,1,1750928674,117,34.3924,35.9306,1.5382
100M,chip_082_339_merged.tif,0.6,2,1270983156,117,34.6453,36.5944,1.9491
100M,chip_082_339_merged.tif,0.6,3,890376525,117,35.0946,35.7061,0.6114
100M,chip_082_339_merged.tif,0.6,4,410431007,117,34.8105,35.7169,0.9064
100M,chip_082_339_merged.tif,0.8,0,1648943109,156,34.4113,35.5427,1.1313
100M,chip_082_339_merged.tif,0.8,1,1268336478,156,34.5761,35.7434,1.1673
100M,chip_082_339_merged.tif,0.8,2,788390960,156,34.3427,36.2791,1.9364
100M,chip_082_339_merged.tif,0.8,3,407784329,156,34.5241,35.3495,0.8255
100M,chip_082_339_merged.tif,0.8,4,2075322459,156,34.6222,35.2294,0.6072
100M,chip_083_175_merged.tif,0.2,0,1766276935,39,27.9245,34.1035,6.179
100M,chip_083_175_merged.tif,0.2,1,1385670304,39,32.4259,35.9976,3.5717
100M,chip_083_175_merged.tif,0.2,2,905724786,39,35.1371,35.0856,-0.0515
100M,chip_083_175_merged.tif,0.2,3,525118155,39,32.7768,36.9991,4.2223
100M,chip_083_175_merged.tif,0.2,4,45172637,39,32.2248,35.8769,3.6522
100M,chip_083_175_merged.tif,0.4,0,1605661602,78,29.9548,36.6455,6.6907
100M,chip_083_175_merged.tif,0.4,1,1125716084,78,29.7793,35.796,6.0167
100M,chip_083_175_merged.tif,0.4,2,745109453,78,30.0944,36.188,6.0937
100M,chip_083_175_merged.tif,0.4,3,265163935,78,32.8252,34.5602,1.735
100M,chip_083_175_merged.tif,0.4,4,2032040952,78,31.8618,34.8558,2.994
100M,chip_083_175_merged.tif,0.6,0,862363395,117,30.3113,33.9495,3.6382
100M,chip_083_175_merged.tif,0.6,1,382417877,117,30.0284,35.8004,5.7719
100M,chip_083_175_merged.tif,0.6,2,1811246,117,30.61,35.5542,4.9442
100M,chip_083_175_merged.tif,0.6,3,1669349376,117,30.2572,35.0417,4.7845
100M,chip_083_175_merged.tif,0.6,4,1288742745,117,30.5804,33.7716,3.1912
100M,chip_083_175_merged.tif,0.8,0,379771199,156,29.9955,31.4671,1.4716
100M,chip_083_175_merged.tif,0.8,1,2146648216,156,30.626,34.4201,3.7941
100M,chip_083_175_merged.tif,0.8,2,1666702698,156,30.5689,32.8406,2.2718
100M,chip_083_175_merged.tif,0.8,3,1286096067,156,30.5721,32.7728,2.2006
100M,chip_083_175_merged.tif,0.8,4,806150549,156,30.0883,33.5478,3.4595
100M,chip_083_208_merged.tif,0.2,0,1389552100,39,29.3721,33.9709,4.5988
100M,chip_083_208_merged.tif,0.2,1,909606582,39,29.6124,33.8306,4.2182
100M,chip_083_208_merged.tif,0.2,2,528999951,39,32.895,34.6718,1.7768
100M,chip_083_208_merged.tif,0.2,3,148393320,39,29.453,35.371,5.9179
100M,chip_083_208_merged.tif,0.2,4,1815931450,39,30.469,33.3063,2.8374
100M,chip_083_208_merged.tif,0.4,0,324277030,78,30.5684,33.6081,3.0397
100M,chip_083_208_merged.tif,0.4,1,2091154047,78,29.3697,33.202,3.8323
100M,chip_083_208_merged.tif,0.4,2,1710547416,78,30.0479,33.0151,2.9672
100M,chip_083_208_merged.tif,0.4,3,1230601898,78,29.0892,33.8027,4.7135
100M,chip_083_208_merged.tif,0.4,4,849995267,78,30.7838,33.7914,3.0077
100M,chip_083_208_merged.tif,0.6,0,485638560,117,29.0549,32.6214,3.5665
100M,chip_083_208_merged.tif,0.6,1,5693042,117,28.7306,30.6127,1.8821
100M,chip_083_208_merged.tif,0.6,2,1772570059,117,29.47,32.8122,3.3422
100M,chip_083_208_merged.tif,0.6,3,1292624541,117,28.6044,31.604,2.9996
100M,chip_083_208_merged.tif,0.6,4,912017910,117,29.1011,32.5846,3.4834
100M,chip_083_208_merged.tif,0.8,0,3046364,156,29.4727,31.039,1.5662
100M,chip_083_208_merged.tif,0.8,1,1670584494,156,29.5138,31.2427,1.7289
100M,chip_083_208_merged.tif,0.8,2,1289977863,156,29.3831,31.7681,2.3851
100M,chip_083_208_merged.tif,0.8,3,909371232,156,29.3852,30.6101,1.2249
100M,chip_083_208_merged.tif,0.8,4,429425714,156,28.4784,29.7327,1.2543
100M,chip_084_207_merged.tif,0.2,0,1787638785,39,33.0946,35.6142,2.5196
100M,chip_084_207_merged.tif,0.2,1,1407032154,39,36.3936,36.5963,0.2027
100M,chip_084_207_merged.tif,0.2,2,927086636,39,34.5969,36.2131,1.6162
100M,chip_084_207_merged.tif,0.2,3,546480005,39,34.9547,35.9366,0.9819
100M,chip_084_207_merged.tif,0.2,4,165873374,39,34.1692,38.0137,3.8445
100M,chip_084_207_merged.tif,0.4,0,1627023452,78,33.6325,36.1343,2.5018
100M,chip_084_207_merged.tif,0.4,1,1246416821,78,33.8792,35.9707,2.0915
100M,chip_084_207_merged.tif,0.4,2,766471303,78,33.7226,35.816,2.0935
100M,chip_084_207_merged.tif,0.4,3,385864672,78,33.2497,36.6085,3.3588
100M,chip_084_207_merged.tif,0.4,4,2053402802,78,34.4758,36.096,1.6201
100M,chip_084_207_merged.tif,0.6,0,883725245,117,34.0404,35.7167,1.6763
100M,chip_084_207_merged.tif,0.6,1,503118614,117,33.1278,36.362,3.2342
100M,chip_084_207_merged.tif,0.6,2,23173096,117,33.7813,35.3904,1.6092
100M,chip_084_207_merged.tif,0.6,3,1790050113,117,33.7673,36.1768,2.4095
100M,chip_084_207_merged.tif,0.6,4,1310104595,117,33.0829,35.1773,2.0944
100M,chip_084_207_merged.tif,0.8,0,1695677834,156,33.0084,34.361,1.3526
100M,chip_084_207_merged.tif,0.8,1,1315071203,156,33.3147,34.6742,1.3595
100M,chip_084_207_merged.tif,0.8,2,934464572,156,33.3162,33.9767,0.6605
100M,chip_084_207_merged.tif,0.8,3,454519054,156,33.3211,34.9074,1.5863
100M,chip_084_207_merged.tif,0.8,4,73912423,156,33.3642,34.7461,1.382
100M,chip_085_592_merged.tif,0.2,0,994006899,39,32.6861,34.8881,2.2021
100M,chip_085_592_merged.tif,0.2,1,613400268,39,34.0851,36.5197,2.4345
100M,chip_085_592_merged.tif,0.2,2,232793637,39,33.9619,36.4803,2.5184
100M,chip_085_592_merged.tif,0.2,3,1900331767,39,33.9156,35.6919,1.7763
100M,chip_085_592_merged.tif,0.2,4,1519725136,39,34.0854,35.111,1.0256
100M,chip_085_592_merged.tif,0.4,0,833391566,78,30.4181,35.3153,4.8972
100M,chip_085_592_merged.tif,0.4,1,452784935,78,29.4545,35.0528,5.5983
100M,chip_085_592_merged.tif,0.4,2,2120323065,78,30.5666,35.3205,4.7539
100M,chip_085_592_merged.tif,0.4,3,1739716434,78,32.699,34.6463,1.9473
100M,chip_085_592_merged.tif,0.4,4,1359109803,78,33.068,35.3631,2.2952
100M,chip_085_592_merged.tif,0.6,0,90093359,117,30.7564,34.1069,3.3505
100M,chip_085_592_merged.tif,0.6,1,1856970376,117,30.1106,33.7367,3.6261
100M,chip_085_592_merged.tif,0.6,2,1377024858,117,30.3586,34.0978,3.7393
100M,chip_085_592_merged.tif,0.6,3,996418227,117,30.7657,33.0825,2.3169
100M,chip_085_592_merged.tif,0.6,4,615811596,117,29.8284,32.8361,3.0077
100M,chip_085_592_merged.tif,0.8,0,1754984811,156,30.8219,32.6302,1.8084
100M,chip_085_592_merged.tif,0.8,1,1374378180,156,30.2822,31.6199,1.3377
100M,chip_085_592_merged.tif,0.8,2,993771549,156,30.3493,32.2546,1.9053
100M,chip_085_592_merged.tif,0.8,3,513826031,156,29.66,31.2828,1.6229
100M,chip_085_592_merged.tif,0.8,4,133219400,156,30.8137,31.4705,0.6568
100M,chip_086_203_merged.tif,0.2,0,992270040,39,35.6335,37.3818,1.7483
100M,chip_086_203_merged.tif,0.2,1,611663409,39,32.4147,36.7422,4.3275
100M,chip_086_203_merged.tif,0.2,2,131717891,39,32.0964,36.7666,4.6703
100M,chip_086_203_merged.tif,0.2,3,1898594908,39,32.7687,36.6144,3.8457
100M,chip_086_203_merged.tif,0.2,4,1418649390,39,35.076,36.5228,1.4468
100M,chip_086_203_merged.tif,0.4,0,831654707,78,34.345,35.4271,1.0821
100M,chip_086_203_merged.tif,0.4,1,351709189,78,34.3448,36.6801,2.3353
100M,chip_086_203_merged.tif,0.4,2,2118586206,78,32.6811,36.3686,3.6874
100M,chip_086_203_merged.tif,0.4,3,1737979575,78,32.636,36.8185,4.1826
100M,chip_086_203_merged.tif,0.4,4,1258034057,78,33.2445,35.9904,2.7459
100M,chip_086_203_merged.tif,0.6,0,88356500,117,33.3199,36.7858,3.4659
100M,chip_086_203_merged.tif,0.6,1,1755894630,117,33.398,36.7075,3.3095
100M,chip_086_203_merged.tif,0.6,2,1375287999,117,33.4006,34.9541,1.5535
100M,chip_086_203_merged.tif,0.6,3,994681368,117,33.4063,36.6591,3.2528
100M,chip_086_203_merged.tif,0.6,4,514735850,117,33.398,35.5812,2.1832
100M,chip_086_203_merged.tif,0.8,0,1753247952,156,33.0103,34.4533,1.4429
100M,chip_086_203_merged.tif,0.8,1,1372641321,156,33.0435,35.8427,2.7992
100M,chip_086_203_merged.tif,0.8,2,892695803,156,33.4786,34.4511,0.9725
100M,chip_086_203_merged.tif,0.8,3,512089172,156,33.1661,34.7452,1.579
100M,chip_086_203_merged.tif,0.8,4,32143654,156,33.6351,35.3917,1.7566
100M,chip_087_268_merged.tif,0.2,0,1399887007,39,38.9328,43.6249,4.6921
100M,chip_087_268_merged.tif,0.2,1,1019280376,39,43.9889,43.624,-0.3649
100M,chip_087_268_merged.tif,0.2,2,539334858,39,42.4267,43.2812,0.8544
100M,chip_087_268_merged.tif,0.2,3,158728227,39,40.451,42.958,2.5069
100M,chip_087_268_merged.tif,0.2,4,1826266357,39,42.0815,42.4751,0.3935
100M,chip_087_268_merged.tif,0.4,0,1239271674,78,36.9707,43.0682,6.0975
100M,chip_087_268_merged.tif,0.4,1,759326156,78,42.74,42.7809,0.0409
100M,chip_087_268_merged.tif,0.4,2,378719525,78,39.2042,43.0162,3.8121
100M,chip_087_268_merged.tif,0.4,3,2145596542,78,42.9759,43.145,0.1692
100M,chip_087_268_merged.tif,0.4,4,1665651024,78,36.7882,43.1495,6.3612
100M,chip_087_268_merged.tif,0.6,0,495973467,117,37.1201,42.8616,5.7415
100M,chip_087_268_merged.tif,0.6,1,115366836,117,39.5138,42.7835,3.2698
100M,chip_087_268_merged.tif,0.6,2,1782904966,117,42.5227,42.6109,0.0883
100M,chip_087_268_merged.tif,0.6,3,1402298335,117,42.2025,42.42,0.2175
100M,chip_087_268_merged.tif,0.6,4,922352817,117,42.5414,42.9384,0.397
100M,chip_087_268_merged.tif,0.8,0,13381271,156,38.3286,41.1499,2.8212
100M,chip_087_268_merged.tif,0.8,1,1780258288,156,38.3408,41.0339,2.6931
100M,chip_087_268_merged.tif,0.8,2,1300312770,156,38.274,41.8911,3.6172
100M,chip_087_268_merged.tif,0.8,3,919706139,156,38.5884,42.0946,3.5062
100M,chip_087_268_merged.tif,0.8,4,439760621,156,39.3375,40.6762,1.3387
100M,chip_087_335_merged.tif,0.2,0,2043054443,39,32.5805,35.4077,2.8273
100M,chip_087_335_merged.tif,0.2,1,1662447812,39,33.4416,37.1522,3.7106
100M,chip_087_335_merged.tif,0.2,2,1182502294,39,33.5495,34.8306,1.2811
100M,chip_087_335_merged.tif,0.2,3,801895663,39,31.3664,36.1435,4.7771
100M,chip_087_335_merged.tif,0.2,4,321950145,39,33.4788,35.7914,2.3126
100M,chip_087_335_merged.tif,0.4,0,1882439110,78,33.1259,35.3345,2.2085
100M,chip_087_335_merged.tif,0.4,1,1402493592,78,31.7625,34.9439,3.1814
100M,chip_087_335_merged.tif,0.4,2,1021886961,78,31.9831,35.0479,3.0647
100M,chip_087_335_merged.tif,0.4,3,641280330,78,32.7245,35.3258,2.6013
100M,chip_087_335_merged.tif,0.4,4,161334812,78,33.0674,35.7205,2.6531
100M,chip_087_335_merged.tif,0.6,0,1139140903,117,31.5238,35.1195,3.5957
100M,chip_087_335_merged.tif,0.6,1,659195385,117,31.5262,34.9611,3.4348
100M,chip_087_335_merged.tif,0.6,2,278588754,117,31.9841,34.668,2.6839
100M,chip_087_335_merged.tif,0.6,3,2045465771,117,31.5254,34.4116,2.8862
100M,chip_087_335_merged.tif,0.6,4,1565520253,117,31.0618,35.344,4.2822
100M,chip_087_335_merged.tif,0.8,0,656548707,156,31.9258,32.9724,1.0466
100M,chip_087_335_merged.tif,0.8,1,275942076,156,31.8564,33.1908,1.3345
100M,chip_087_335_merged.tif,0.8,2,1943480206,156,32.0892,34.0372,1.948
100M,chip_087_335_merged.tif,0.8,3,1562873575,156,31.0484,32.7425,1.694
100M,chip_087_335_merged.tif,0.8,4,1082928057,156,31.903,33.7122,1.8092
100M,chip_089_360_merged.tif,0.2,0,744802061,39,30.3828,33.2535,2.8707
100M,chip_089_360_merged.tif,0.2,1,364195430,39,30.1776,33.7219,3.5443
100M,chip_089_360_merged.tif,0.2,2,2131072447,39,30.544,32.3273,1.7833
100M,chip_089_360_merged.tif,0.2,3,1651126929,39,30.732,32.7287,1.9967
100M,chip_089_360_merged.tif,0.2,4,1270520298,39,29.8202,32.1665,2.3463
100M,chip_089_360_merged.tif,0.4,0,584186728,78,29.8549,32.1933,2.3384
100M,chip_089_360_merged.tif,0.4,1,203580097,78,29.8522,32.851,2.9988
100M,chip_089_360_merged.tif,0.4,2,1871118227,78,30.6416,31.5627,0.921
100M,chip_089_360_merged.tif,0.4,3,1490511596,78,30.1815,31.51,1.3285
100M,chip_089_360_merged.tif,0.4,4,1109904965,78,30.5902,31.8711,1.2809
100M,chip_089_360_merged.tif,0.6,0,1988372169,117,29.7372,31.9819,2.2446
100M,chip_089_360_merged.tif,0.6,1,1607765538,117,29.7121,31.9957,2.2835
100M,chip_089_360_merged.tif,0.6,2,1127820020,117,29.7072,31.3524,1.6452
100M,chip_089_360_merged.tif,0.6,3,747213389,117,29.5971,31.8051,2.208
100M,chip_089_360_merged.tif,0.6,4,366606758,117,29.7328,31.1585,1.4257
100M,chip_089_360_merged.tif,0.8,0,1505779973,156,29.7864,30.9218,1.1354
100M,chip_089_360_merged.tif,0.8,1,1125173342,156,29.6675,30.6222,0.9547
100M,chip_089_360_merged.tif,0.8,2,744566711,156,29.6975,30.3958,0.6983
100M,chip_089_360_merged.tif,0.8,3,264621193,156,29.2478,30.6863,1.4385
100M,chip_089_360_merged.tif,0.8,4,2031498210,156,29.8499,30.5649,0.7151
100M,chip_091_253_merged.tif,0.2,0,458087106,39,39.4421,40.7672,1.3251
100M,chip_091_253_merged.tif,0.2,1,77480475,39,39.4258,38.9272,-0.4986
100M,chip_091_253_merged.tif,0.2,2,1745018605,39,39.7979,40.1203,0.3224
100M,chip_091_253_merged.tif,0.2,3,1364411974,39,39.563,40.7102,1.1473
100M,chip_091_253_merged.tif,0.2,4,884466456,39,37.5071,40.7167,3.2096
100M,chip_091_253_merged.tif,0.4,0,297471773,78,37.5029,40.3952,2.8923
100M,chip_091_253_merged.tif,0.4,1,1965009903,78,38.9849,38.8696,-0.1153
100M,chip_091_253_merged.tif,0.4,2,1584403272,78,37.7454,40.8587,3.1133
100M,chip_091_253_merged.tif,0.4,3,1203796641,78,36.8474,40.3844,3.537
100M,chip_091_253_merged.tif,0.4,4,723851123,78,34.0011,40.0647,6.0637
100M,chip_091_253_merged.tif,0.6,0,1701657214,117,34.4921,36.7683,2.2763
100M,chip_091_253_merged.tif,0.6,1,1221711696,117,34.4584,39.2771,4.8187
100M,chip_091_253_merged.tif,0.6,2,841105065,117,36.8547,39.1798,2.325
100M,chip_091_253_merged.tif,0.6,3,460498434,117,36.9202,39.1555,2.2353
100M,chip_091_253_merged.tif,0.6,4,2128036564,117,37.1352,38.4706,1.3354
100M,chip_091_253_merged.tif,0.8,0,1219065018,156,36.6684,37.9498,1.2815
100M,chip_091_253_merged.tif,0.8,1,838458387,156,34.5046,35.4326,0.928
100M,chip_091_253_merged.tif,0.8,2,358512869,156,36.8032,36.5686,-0.2347
100M,chip_091_253_merged.tif,0.8,3,2125389886,156,34.4303,38.5417,4.1114
100M,chip_091_253_merged.tif,0.8,4,1645444368,156,36.8531,36.9236,0.0705
100M,chip_091_324_merged.tif,0.2,0,507647190,39,33.0072,34.3502,1.343
100M,chip_091_324_merged.tif,0.2,1,127040559,39,33.0072,34.2124,1.2052
100M,chip_091_324_merged.tif,0.2,2,1794578689,39,32.7521,34.3526,1.6005
100M,chip_091_324_merged.tif,0.2,3,1413972058,39,33.0282,34.2968,1.2686
100M,chip_091_324_merged.tif,0.2,4,934026540,39,33.2886,34.2985,1.0098
100M,chip_091_324_merged.tif,0.4,0,347031857,78,32.7427,33.9443,1.2016
100M,chip_091_324_merged.tif,0.4,1,2014569987,78,32.4517,34.0112,1.5596
100M,chip_091_324_merged.tif,0.4,2,1633963356,78,32.7449,33.6622,0.9173
100M,chip_091_324_merged.tif,0.4,3,1253356725,78,32.6571,34.2083,1.5512
100M,chip_091_324_merged.tif,0.4,4,773411207,78,32.5124,33.7114,1.199
100M,chip_091_324_merged.tif,0.6,0,1751217298,117,32.381,33.5743,1.1933
100M,chip_091_324_merged.tif,0.6,1,1271271780,117,32.1889,33.9203,1.7314
100M,chip_091_324_merged.tif,0.6,2,890665149,117,32.1967,33.5853,1.3886
100M,chip_091_324_merged.tif,0.6,3,510058518,117,32.3539,33.1162,0.7623
100M,chip_091_324_merged.tif,0.6,4,30113000,117,32.4894,33.5327,1.0433
100M,chip_091_324_merged.tif,0.8,0,1268625102,156,32.3559,32.7407,0.3848
100M,chip_091_324_merged.tif,0.8,1,888018471,156,32.0567,32.9974,0.9407
100M,chip_091_324_merged.tif,0.8,2,408072953,156,32.341,33.2298,0.8888
100M,chip_091_324_merged.tif,0.8,3,27466322,156,32.0632,32.9527,0.8895
100M,chip_091_324_merged.tif,0.8,4,1695004452,156,32.3461,32.7083,0.3621
100M,chip_091_336_merged.tif,0.2,0,1799737784,39,37.1107,38.6885,1.5778
100M,chip_091_336_merged.tif,0.2,1,1419131153,39,37.1111,39.2007,2.0896
100M,chip_091_336_merged.tif,0.2,2,1038524522,39,37.4144,39.4481,2.0337
100M,chip_091_336_merged.tif,0.2,3,558579004,39,36.8273,39.0764,2.2491
100M,chip_091_336_merged.tif,0.2,4,177972373,39,36.5785,38.5881,2.0096
100M,chip_091_336_merged.tif,0.4,0,1639122451,78,36.8629,38.2169,1.3541
100M,chip_091_336_merged.tif,0.4,1,1258515820,78,36.3209,37.3727,1.0518
100M,chip_091_336_merged.tif,0.4,2,778570302,78,36.8487,38.9835,2.1348
100M,chip_091_336_merged.tif,0.4,3,397963671,78,37.1285,38.7434,1.6149
100M,chip_091_336_merged.tif,0.4,4,2065501801,78,34.5878,37.8846,3.2969
100M,chip_091_336_merged.tif,0.6,0,895824244,117,36.6349,38.3049,1.67
100M,chip_091_336_merged.tif,0.6,1,515217613,117,36.6181,37.8862,1.2681
100M,chip_091_336_merged.tif,0.6,2,35272095,117,36.6144,38.1243,1.5099
100M,chip_091_336_merged.tif,0.6,3,1802149112,117,36.6159,37.8502,1.2343
100M,chip_091_336_merged.tif,0.6,4,1421542481,117,34.8508,37.593,2.7421
100M,chip_091_336_merged.tif,0.8,0,413232048,156,35.073,35.83,0.757
100M,chip_091_336_merged.tif,0.8,1,32625417,156,35.338,35.3581,0.0201
100M,chip_091_336_merged.tif,0.8,2,1799502434,156,34.4609,35.5949,1.134
100M,chip_091_336_merged.tif,0.8,3,1319556916,156,35.8738,35.2772,-0.5966
100M,chip_091_336_merged.tif,0.8,4,938950285,156,35.038,35.5444,0.5063
100M,chip_092_214_merged.tif,0.2,0,1508607661,39,31.6987,36.8103,5.1116
100M,chip_092_214_merged.tif,0.2,1,1028662143,39,32.8113,36.5372,3.7259
100M,chip_092_214_merged.tif,0.2,2,648055512,39,29.9168,37.0166,7.0997
100M,chip_092_214_merged.tif,0.2,3,168109994,39,29.8411,35.9289,6.0878
100M,chip_092_214_merged.tif,0.2,4,1934987011,39,33.4779,35.9126,2.4348
100M,chip_092_214_merged.tif,0.4,0,1248653441,78,28.7207,36.116,7.3953
100M,chip_092_214_merged.tif,0.4,1,868046810,78,31.0724,36.3419,5.2694
100M,chip_092_214_merged.tif,0.4,2,487440179,78,30.4124,36.0648,5.6525
100M,chip_092_214_merged.tif,0.4,3,7494661,78,29.6841,34.1695,4.4854
100M,chip_092_214_merged.tif,0.4,4,1774371678,78,29.5905,35.3751,5.7846
100M,chip_092_214_merged.tif,0.6,0,505355234,117,29.0547,34.4913,5.4365
100M,chip_092_214_merged.tif,0.6,1,124748603,117,30.2931,34.4784,4.1853
100M,chip_092_214_merged.tif,0.6,2,1891625620,117,29.2758,34.548,5.2722
100M,chip_092_214_merged.tif,0.6,3,1411680102,117,29.1248,33.046,3.9212
100M,chip_092_214_merged.tif,0.6,4,1031073471,117,29.2511,32.4543,3.2031
100M,chip_092_214_merged.tif,0.8,0,122101925,156,29.504,30.859,1.355
100M,chip_092_214_merged.tif,0.8,1,1789640055,156,29.4993,31.5231,2.0238
100M,chip_092_214_merged.tif,0.8,2,1409033424,156,29.6106,31.1258,1.5152
100M,chip_092_214_merged.tif,0.8,3,929087906,156,29.5082,32.5741,3.066
100M,chip_092_214_merged.tif,0.8,4,548481275,156,29.8611,32.6271,2.766
100M,chip_092_320_merged.tif,0.2,0,1633000527,39,34.4638,35.1307,0.6669
100M,chip_092_320_merged.tif,0.2,1,1252393896,39,35.3286,35.6131,0.2845
100M,chip_092_320_merged.tif,0.2,2,871787265,39,33.1335,35.759,2.6255
100M,chip_092_320_merged.tif,0.2,3,391841747,39,31.0629,35.3249,4.262
100M,chip_092_320_merged.tif,0.2,4,11235116,39,35.3273,35.2929,-0.0345
100M,chip_092_320_merged.tif,0.4,0,667064344,78,33.4244,35.3335,1.9091
100M,chip_092_320_merged.tif,0.4,1,187118826,78,34.4502,34.9392,0.489
100M,chip_092_320_merged.tif,0.4,2,1953995843,78,34.1128,35.083,0.9702
100M,chip_092_320_merged.tif,0.4,3,1573389212,78,34.1391,35.0549,0.9157
100M,chip_092_320_merged.tif,0.4,4,1093443694,78,33.5287,34.3815,0.8528
100M,chip_092_320_merged.tif,0.6,0,729086987,117,33.9124,34.7923,0.8799
100M,chip_092_320_merged.tif,0.6,1,348480356,117,34.4211,33.9869,-0.4342
100M,chip_092_320_merged.tif,0.6,2,2016018486,117,31.7624,34.6262,2.8638
100M,chip_092_320_merged.tif,0.6,3,1635411855,117,32.8802,34.3999,1.5197
100M,chip_092_320_merged.tif,0.6,4,1155466337,117,32.9124,34.2986,1.3863
100M,chip_092_320_merged.tif,0.8,0,246494791,156,33.208,33.7203,0.5123
100M,chip_092_320_merged.tif,0.8,1,2013371808,156,32.2198,33.4575,1.2377
100M,chip_092_320_merged.tif,0.8,2,1632765177,156,33.2191,33.3921,0.173
100M,chip_092_320_merged.tif,0.8,3,1152819659,156,32.1554,33.637,1.4815
100M,chip_092_320_merged.tif,0.8,4,772213028,156,33.1869,34.073,0.8861
100M,chip_092_322_merged.tif,0.2,0,1462314549,39,34.482,34.7769,0.2949
100M,chip_092_322_merged.tif,0.2,1,1081707918,39,31.5149,34.9186,3.4037
100M,chip_092_322_merged.tif,0.2,2,601762400,39,33.971,34.4713,0.5003
100M,chip_092_322_merged.tif,0.2,3,221155769,39,33.3193,34.8734,1.554
100M,chip_092_322_merged.tif,0.2,4,1888693899,39,33.3186,34.996,1.6773
100M,chip_092_322_merged.tif,0.4,0,496378366,78,32.9279,34.5788,1.6509
100M,chip_092_322_merged.tif,0.4,1,16432848,78,33.3961,34.9069,1.5108
100M,chip_092_322_merged.tif,0.4,2,1783309865,78,32.8147,34.1776,1.3629
100M,chip_092_322_merged.tif,0.4,3,1303364347,78,32.3893,34.6373,2.248
100M,chip_092_322_merged.tif,0.4,4,922757716,78,32.913,34.8899,1.9769
100M,chip_092_322_merged.tif,0.6,0,558401009,117,32.4283,33.2679,0.8396
100M,chip_092_322_merged.tif,0.6,1,78455491,117,32.7946,33.74,0.9454
100M,chip_092_322_merged.tif,0.6,2,1845332508,117,32.2102,33.9966,1.7864
100M,chip_092_322_merged.tif,0.6,3,1464725877,117,32.6478,34.2441,1.5963
100M,chip_092_322_merged.tif,0.6,4,984780359,117,32.5768,33.4548,0.878
100M,chip_092_322_merged.tif,0.8,0,75808813,156,32.2652,33.5034,1.2382
100M,chip_092_322_merged.tif,0.8,1,1842685830,156,32.441,33.7776,1.3366
100M,chip_092_322_merged.tif,0.8,2,1362740312,156,32.4159,32.5118,0.096
100M,chip_092_322_merged.tif,0.8,3,982133681,156,32.4273,33.4629,1.0356
100M,chip_092_322_merged.tif,0.8,4,502188163,156,32.4442,33.5587,1.1145
100M,chip_093_213_merged.tif,0.2,0,1818281797,39,31.5209,36.2008,4.6799
100M,chip_093_213_merged.tif,0.2,1,1338336279,39,33.5674,35.8486,2.2812
100M,chip_093_213_merged.tif,0.2,2,957729648,39,28.6374,37.2955,8.6581
100M,chip_093_213_merged.tif,0.2,3,577123017,39,33.5376,35.4229,1.8853
100M,chip_093_213_merged.tif,0.2,4,97177499,39,28.6366,37.2894,8.6529
100M,chip_093_213_merged.tif,0.4,0,1657666464,78,32.7078,35.5875,2.8797
100M,chip_093_213_merged.tif,0.4,1,1177720946,78,30.6349,35.8004,5.1655
100M,chip_093_213_merged.tif,0.4,2,797114315,78,32.7091,35.4383,2.7292
100M,chip_093_213_merged.tif,0.4,3,317168797,78,32.1451,35.354,3.2089
100M,chip_093_213_merged.tif,0.4,4,2084045814,78,32.362,35.2537,2.8917
100M,chip_093_213_merged.tif,0.6,0,914368257,117,32.0496,35.6646,3.615
100M,chip_093_213_merged.tif,0.6,1,434422739,117,30.9199,34.7716,3.8517
100M,chip_093_213_merged.tif,0.6,2,53816108,117,31.8159,33.0872,1.2712
100M,chip_093_213_merged.tif,0.6,3,1721354238,117,29.8427,34.1122,4.2695
100M,chip_093_213_merged.tif,0.6,4,1340747607,117,31.2219,35.1241,3.9022
100M,chip_093_213_merged.tif,0.8,0,431776061,156,29.2135,33.5315,4.318
100M,chip_093_213_merged.tif,0.8,1,2099314191,156,29.1925,33.0752,3.8827
100M,chip_093_213_merged.tif,0.8,2,1718707560,156,31.3338,32.5639,1.2301
100M,chip_093_213_merged.tif,0.8,3,1338100929,156,31.3424,33.5431,2.2007
100M,chip_093_213_merged.tif,0.8,4,858155411,156,30.5372,32.7227,2.1855
100M,chip_093_331_merged.tif,0.2,0,969221122,39,31.5335,36.4798,4.9463
100M,chip_093_331_merged.tif,0.2,1,489275604,39,33.8032,36.1508,2.3476
100M,chip_093_331_merged.tif,0.2,2,108668973,39,35.2692,35.4974,0.2282
100M,chip_093_331_merged.tif,0.2,3,1776207103,39,34.4159,36.8881,2.4722
100M,chip_093_331_merged.tif,0.2,4,1395600472,39,34.747,35.7631,1.016
100M,chip_093_331_merged.tif,0.4,0,2051429700,78,32.0627,35.3376,3.2749
100M,chip_093_331_merged.tif,0.4,1,1670823069,78,33.7524,35.462,1.7096
100M,chip_093_331_merged.tif,0.4,2,1190877551,78,32.0305,35.7012,3.6706
100M,chip_093_331_merged.tif,0.4,3,810270920,78,33.4004,34.6704,1.27
100M,chip_093_331_merged.tif,0.4,4,330325402,78,33.7682,35.4601,1.692
100M,chip_093_331_merged.tif,0.6,0,2113452343,117,32.7347,34.6714,1.9367
100M,chip_093_331_merged.tif,0.6,1,1732845712,117,32.3814,34.9107,2.5293
100M,chip_093_331_merged.tif,0.6,2,1352239081,117,32.0564,34.7365,2.6801
100M,chip_093_331_merged.tif,0.6,3,872293563,117,31.4351,35.4778,4.0427
100M,chip_093_331_merged.tif,0.6,4,491686932,117,32.6492,34.7923,2.143
100M,chip_093_331_merged.tif,0.8,0,1730199034,156,32.6501,33.3814,0.7313
100M,chip_093_331_merged.tif,0.8,1,1250253516,156,32.1358,33.4844,1.3486
100M,chip_093_331_merged.tif,0.8,2,869646885,156,32.071,33.1567,1.0856
100M,chip_093_331_merged.tif,0.8,3,389701367,156,32.0849,34.2298,2.1449
100M,chip_093_331_merged.tif,0.8,4,9094736,156,31.5965,33.7766,2.1801
100M,chip_093_355_merged.tif,0.2,0,1931291640,39,37.0327,36.8901,-0.1427
100M,chip_093_355_merged.tif,0.2,1,1550685009,39,37.0747,37.7827,0.7079
100M,chip_093_355_merged.tif,0.2,2,1170078378,39,37.7003,36.9465,-0.7537
100M,chip_093_355_merged.tif,0.2,3,690132860,39,36.0084,37.1509,1.1425
100M,chip_093_355_merged.tif,0.2,4,309526229,39,36.2262,37.172,0.9459
100M,chip_093_355_merged.tif,0.4,0,1770676307,78,37.3581,37.4585,0.1004
100M,chip_093_355_merged.tif,0.4,1,1390069676,78,36.5045,37.3033,0.7988
100M,chip_093_355_merged.tif,0.4,2,910124158,78,36.4341,37.615,1.1809
100M,chip_093_355_merged.tif,0.4,3,529517527,78,37.3578,37.4455,0.0877
100M,chip_093_355_merged.tif,0.4,4,148910896,78,36.3084,36.9948,0.6864
100M,chip_093_355_merged.tif,0.6,0,1027378100,117,36.0899,36.7614,0.6715
100M,chip_093_355_merged.tif,0.6,1,646771469,117,36.5574,36.7511,0.1937
100M,chip_093_355_merged.tif,0.6,2,166825951,117,36.5592,37.2717,0.7125
100M,chip_093_355_merged.tif,0.6,3,1933702968,117,36.325,36.9569,0.6319
100M,chip_093_355_merged.tif,0.6,4,1553096337,117,36.1028,36.8797,0.7769
100M,chip_093_355_merged.tif,0.8,0,544785904,156,35.6254,36.7374,1.112
100M,chip_093_355_merged.tif,0.8,1,164179273,156,36.1792,36.1736,-0.0055
100M,chip_093_355_merged.tif,0.8,2,1931056290,156,36.3456,36.5072,0.1616
100M,chip_093_355_merged.tif,0.8,3,1451110772,156,35.6027,37.0178,1.4152
100M,chip_093_355_merged.tif,0.8,4,1070504141,156,36.3483,36.7977,0.4493
100M,chip_094_329_merged.tif,0.2,0,608191789,39,33.908,34.763,0.8549
100M,chip_094_329_merged.tif,0.2,1,128246271,39,32.9532,34.6967,1.7434
100M,chip_094_329_merged.tif,0.2,2,1895123288,39,32.7828,34.7112,1.9284
100M,chip_094_329_merged.tif,0.2,3,1514516657,39,32.9827,34.7793,1.7966
100M,chip_094_329_merged.tif,0.2,4,1034571139,39,32.9519,34.2314,1.2794
100M,chip_094_329_merged.tif,0.4,0,1690400367,78,31.3727,34.395,3.0223
100M,chip_094_329_merged.tif,0.4,1,1309793736,78,31.1986,34.1134,2.9148
100M,chip_094_329_merged.tif,0.4,2,829848218,78,32.716,34.1378,1.4219
100M,chip_094_329_merged.tif,0.4,3,449241587,78,31.7714,34.1605,2.3891
100M,chip_094_329_merged.tif,0.4,4,68634956,78,31.913,33.8437,1.9306
100M,chip_094_329_merged.tif,0.6,0,1851761897,117,30.1685,33.6144,3.4459
100M,chip_094_329_merged.tif,0.6,1,1371816379,117,32.0662,33.8249,1.7586
100M,chip_094_329_merged.tif,0.6,2,991209748,117,30.1701,33.4071,3.237
100M,chip_094_329_merged.tif,0.6,3,511264230,117,30.446,33.2728,2.8268
100M,chip_094_329_merged.tif,0.6,4,130657599,117,31.1431,33.3467,2.2035
100M,chip_094_329_merged.tif,0.8,0,1369169701,156,30.7765,33.3376,2.5611
100M,chip_094_329_merged.tif,0.8,1,889224183,156,30.5156,32.9106,2.395
100M,chip_094_329_merged.tif,0.8,2,508617552,156,31.6713,32.5069,0.8357
100M,chip_094_329_merged.tif,0.8,3,128010921,156,31.3567,32.8012,1.4445
100M,chip_094_329_merged.tif,0.8,4,1795549051,156,31.3683,32.7784,1.4101
100M,chip_095_323_merged.tif,0.2,0,1521709851,39,33.5666,35.3179,1.7513
100M,chip_095_323_merged.tif,0.2,1,1141103220,39,35.6098,35.5909,-0.0189
100M,chip_095_323_merged.tif,0.2,2,661157702,39,34.0031,35.8143,1.8112
100M,chip_095_323_merged.tif,0.2,3,280551071,39,33.96,35.4537,1.4937
100M,chip_095_323_merged.tif,0.2,4,1948089201,39,32.0335,34.9479,2.9143
100M,chip_095_323_merged.tif,0.4,0,1361094518,78,34.2684,34.6245,0.3561
100M,chip_095_323_merged.tif,0.4,1,881149000,78,34.1105,35.0349,0.9245
100M,chip_095_323_merged.tif,0.4,2,500542369,78,34.269,34.854,0.5851
100M,chip_095_323_merged.tif,0.4,3,20596851,78,32.6993,35.2406,2.5413
100M,chip_095_323_merged.tif,0.4,4,1787473868,78,34.2688,34.801,0.5322
100M,chip_095_323_merged.tif,0.6,0,617796311,117,33.3592,34.5654,1.2062
100M,chip_095_323_merged.tif,0.6,1,137850793,117,33.7183,33.8818,0.1635
100M,chip_095_323_merged.tif,0.6,2,1904727810,117,33.0398,34.7485,1.7087
100M,chip_095_323_merged.tif,0.6,3,1424782292,117,33.2762,34.8545,1.5784
100M,chip_095_323_merged.tif,0.6,4,1044175661,117,33.9841,34.1229,0.1389
100M,chip_095_323_merged.tif,0.8,0,135204115,156,32.7859,34.1222,1.3362
100M,chip_095_323_merged.tif,0.8,1,1902081132,156,33.2274,33.358,0.1306
100M,chip_095_323_merged.tif,0.8,2,1422135614,156,33.0472,33.9403,0.8931
100M,chip_095_323_merged.tif,0.8,3,1041528983,156,33.4527,33.4985,0.0458
100M,chip_095_323_merged.tif,0.8,4,561583465,156,33.4539,33.9972,0.5433
100M,chip_097_316_merged.tif,0.2,0,1848503277,39,32.8171,36.7272,3.9101
100M,chip_097_316_merged.tif,0.2,1,1467896646,39,34.5758,36.063,1.4872
100M,chip_097_316_merged.tif,0.2,2,987951128,39,34.947,36.2867,1.3397
100M,chip_097_316_merged.tif,0.2,3,607344497,39,34.3383,36.7841,2.4458
100M,chip_097_316_merged.tif,0.2,4,127398979,39,29.3887,36.7273,7.3386
100M,chip_097_316_merged.tif,0.4,0,783228207,78,32.3573,35.6907,3.3334
100M,chip_097_316_merged.tif,0.4,1,402621576,78,30.7511,36.3079,5.5568
100M,chip_097_316_merged.tif,0.4,2,22014945,78,34.6841,36.1548,1.4707
100M,chip_097_316_merged.tif,0.4,3,1689553075,78,32.526,36.6268,4.1008
100M,chip_097_316_merged.tif,0.4,4,1308946444,78,33.2066,35.7678,2.5611
100M,chip_097_316_merged.tif,0.6,0,944589737,117,31.948,35.9554,4.0074
100M,chip_097_316_merged.tif,0.6,1,464644219,117,32.6167,36.1035,3.4868
100M,chip_097_316_merged.tif,0.6,2,84037588,117,32.0155,35.5929,3.5773
100M,chip_097_316_merged.tif,0.6,3,1751575718,117,32.5101,35.7066,3.1965
100M,chip_097_316_merged.tif,0.6,4,1370969087,117,31.9809,35.6099,3.629
100M,chip_097_316_merged.tif,0.8,0,461997541,156,31.9163,33.3728,1.4565
100M,chip_097_316_merged.tif,0.8,1,81390910,156,31.0448,33.8888,2.844
100M,chip_097_316_merged.tif,0.8,2,1748929040,156,31.7464,34.2475,2.5012
100M,chip_097_316_merged.tif,0.8,3,1368322409,156,31.9516,31.9855,0.0339
100M,chip_097_316_merged.tif,0.8,4,888376891,156,31.007,31.7896,0.7826
100M,chip_097_328_merged.tif,0.2,0,926190713,39,32.0135,34.9149,2.9015
100M,chip_097_328_merged.tif,0.2,1,446245195,39,32.8296,34.155,1.3253
100M,chip_097_328_merged.tif,0.2,2,65638564,39,32.9088,34.8692,1.9604
100M,chip_097_328_merged.tif,0.2,3,1832515581,39,32.8239,34.9052,2.0814
100M,chip_097_328_merged.tif,0.2,4,1352570063,39,33.5212,34.9806,1.4594
100M,chip_097_328_merged.tif,0.4,0,765575380,78,32.1559,34.5365,2.3806
100M,chip_097_328_merged.tif,0.4,1,285629862,78,31.9877,34.1785,2.1908
100M,chip_097_328_merged.tif,0.4,2,2052506879,78,32.2941,34.1424,1.8484
100M,chip_097_328_merged.tif,0.4,3,1572561361,78,31.6203,34.2792,2.6589
100M,chip_097_328_merged.tif,0.4,4,1191954730,78,31.6062,34.3697,2.7635
100M,chip_097_328_merged.tif,0.6,0,22277173,117,30.3599,33.2665,2.9066
100M,chip_097_328_merged.tif,0.6,1,1689815303,117,32.1316,33.1815,1.0499
100M,chip_097_328_merged.tif,0.6,2,1309208672,117,32.3931,32.8132,0.4201
100M,chip_097_328_merged.tif,0.6,3,829263154,117,30.9868,33.2278,2.241
100M,chip_097_328_merged.tif,0.6,4,448656523,117,31.5809,33.207,1.626
100M,chip_097_328_merged.tif,0.8,0,1687168625,156,31.2725,32.7563,1.4838
100M,chip_097_328_merged.tif,0.8,1,1207223107,156,31.389,32.4123,1.0233
100M,chip_097_328_merged.tif,0.8,2,826616476,156,31.6566,32.3777,0.721
100M,chip_097_328_merged.tif,0.8,3,446009845,156,31.3965,32.4998,1.1033
100M,chip_097_328_merged.tif,0.8,4,2113547975,156,30.5231,31.9369,1.4139
100M,chip_097_356_merged.tif,0.2,0,2056404630,39,36.1462,36.1913,0.0451
100M,chip_097_356_merged.tif,0.2,1,1675797999,39,36.0807,38.3596,2.2789
100M,chip_097_356_merged.tif,0.2,2,1195852481,39,37.5899,37.2414,-0.3485
100M,chip_097_356_merged.tif,0.2,3,815245850,39,36.3802,38.2182,1.838
100M,chip_097_356_merged.tif,0.2,4,335300332,39,36.1455,36.607,0.4616
100M,chip_097_356_merged.tif,0.4,0,1895789297,78,34.7134,37.84,3.1266
100M,chip_097_356_merged.tif,0.4,1,1415843779,78,35.3524,37.7955,2.4432
100M,chip_097_356_merged.tif,0.4,2,1035237148,78,35.12,37.6667,2.5467
100M,chip_097_356_merged.tif,0.4,3,654630517,78,36.9444,38.0543,1.1098
100M,chip_097_356_merged.tif,0.4,4,174684999,78,36.8708,37.2347,0.3638
100M,chip_097_356_merged.tif,0.6,0,1152491090,117,36.4281,37.4467,1.0186
100M,chip_097_356_merged.tif,0.6,1,672545572,117,35.9968,37.3745,1.3777
100M,chip_097_356_merged.tif,0.6,2,291938941,117,36.0191,36.2475,0.2285
100M,chip_097_356_merged.tif,0.6,3,2058815958,117,35.663,36.5236,0.8606
100M,chip_097_356_merged.tif,0.6,4,1578870440,117,35.4824,37.2528,1.7705
100M,chip_097_356_merged.tif,0.8,0,669898894,156,35.7201,36.5962,0.876
100M,chip_097_356_merged.tif,0.8,1,289292263,156,36.133,36.617,0.484
100M,chip_097_356_merged.tif,0.8,2,1956830393,156,36.1362,36.4218,0.2856
100M,chip_097_356_merged.tif,0.8,3,1576223762,156,34.9434,36.4805,1.5371
100M,chip_097_356_merged.tif,0.8,4,1096278244,156,34.9622,36.6282,1.666
100M,chip_099_310_merged.tif,0.2,0,1435595364,39,33.6553,35.1311,1.4758
100M,chip_099_310_merged.tif,0.2,1,955649846,39,34.1366,36.1126,1.976
100M,chip_099_310_merged.tif,0.2,2,575043215,39,32.7516,35.2757,2.5241
100M,chip_099_310_merged.tif,0.2,3,194436584,39,31.4053,34.9054,3.5001
100M,chip_099_310_merged.tif,0.2,4,1861974714,39,34.0521,35.1416,1.0895
100M,chip_099_310_merged.tif,0.4,0,1274980031,78,32.6886,35.3029,2.6143
100M,chip_099_310_merged.tif,0.4,1,795034513,78,32.5688,34.2249,1.656
100M,chip_099_310_merged.tif,0.4,2,414427882,78,30.4604,33.5621,3.1017
100M,chip_099_310_merged.tif,0.4,3,2081966012,78,33.8346,34.4405,0.6059
100M,chip_099_310_merged.tif,0.4,4,1701359381,78,33.3503,34.0402,0.6899
100M,chip_099_310_merged.tif,0.6,0,531681824,117,32.772,33.9647,1.1927
100M,chip_099_310_merged.tif,0.6,1,51736306,117,29.7275,33.6758,3.9483
100M,chip_099_310_merged.tif,0.6,2,1818613323,117,29.9058,33.7282,3.8224
100M,chip_099_310_merged.tif,0.6,3,1338667805,117,32.7495,33.9722,1.2226
100M,chip_099_310_merged.tif,0.6,4,958061174,117,32.8388,34.2846,1.4458
100M,chip_099_310_merged.tif,0.8,0,49089628,156,32.7059,33.3855,0.6796
100M,chip_099_310_merged.tif,0.8,1,1716627758,156,32.6626,33.2463,0.5837
100M,chip_099_310_merged.tif,0.8,2,1336021127,156,32.716,33.2379,0.5219
100M,chip_099_310_merged.tif,0.8,3,955414496,156,32.076,32.2087,0.1327
100M,chip_099_310_merged.tif,0.8,4,475468978,156,32.1244,32.7053,0.5809
100M,chip_100_341_merged.tif,0.2,0,184546958,39,35.6182,37.2147,1.5964
100M,chip_100_341_merged.tif,0.2,1,1852085088,39,33.3918,36.107,2.7152
100M,chip_100_341_merged.tif,0.2,2,1471478457,39,35.6179,37.399,1.7811
100M,chip_100_341_merged.tif,0.2,3,991532939,39,35.4149,35.5298,0.1149
100M,chip_100_341_merged.tif,0.2,4,610926308,39,35.3612,36.9166,1.5554
100M,chip_100_341_merged.tif,0.4,0,1266755536,78,35.5502,35.9955,0.4453
100M,chip_100_341_merged.tif,0.4,1,886148905,78,33.9289,36.6895,2.7606
100M,chip_100_341_merged.tif,0.4,2,406203387,78,35.0773,35.9138,0.8365
100M,chip_100_341_merged.tif,0.4,3,25596756,78,33.7232,35.029,1.3058
100M,chip_100_341_merged.tif,0.4,4,1693134886,78,33.7325,36.4965,2.764
100M,chip_100_341_merged.tif,0.6,0,1328778179,117,33.3254,35.2371,1.9117
100M,chip_100_341_merged.tif,0.6,1,948171548,117,33.688,35.6021,1.9141
100M,chip_100_341_merged.tif,0.6,2,567564917,117,34.392,36.1239,1.7319
100M,chip_100_341_merged.tif,0.6,3,87619399,117,34.3345,35.6275,1.293
100M,chip_100_341_merged.tif,0.6,4,1854496416,117,33.5052,35.8184,2.3132
100M,chip_100_341_merged.tif,0.8,0,945524870,156,33.957,35.0328,1.0758
100M,chip_100_341_merged.tif,0.8,1,465579352,156,33.4742,35.0093,1.5351
100M,chip_100_341_merged.tif,0.8,2,84972721,156,33.5206,33.6177,0.0971
100M,chip_100_341_merged.tif,0.8,3,1752510851,156,32.3647,34.3134,1.9487
100M,chip_100_341_merged.tif,0.8,4,1371904220,156,33.0806,34.8628,1.7822
100M,chip_101_342_merged.tif,0.2,0,1062855777,39,34.4681,37.7987,3.3305
100M,chip_101_342_merged.tif,0.2,1,582910259,39,37.5535,37.3929,-0.1606
100M,chip_101_342_merged.tif,0.2,2,202303628,39,36.3918,37.4841,1.0922
100M,chip_101_342_merged.tif,0.2,3,1869841758,39,36.7708,35.9816,-0.7892
100M,chip_101_342_merged.tif,0.2,4,1489235127,39,36.926,35.689,-1.237
100M,chip_101_342_merged.tif,0.4,0,802901557,78,35.9592,37.0864,1.1271
100M,chip_101_342_merged.tif,0.4,1,422294926,78,31.3631,35.7938,4.4307
100M,chip_101_342_merged.tif,0.4,2,2089833056,78,31.0696,36.5032,5.4335
100M,chip_101_342_merged.tif,0.4,3,1709226425,78,36.4733,36.8047,0.3314
100M,chip_101_342_merged.tif,0.4,4,1328619794,78,35.9443,35.8651,-0.0792
100M,chip_101_342_merged.tif,0.6,0,59603350,117,31.2196,34.2139,2.9943
100M,chip_101_342_merged.tif,0.6,1,1826480367,117,35.9861,35.3362,-0.6499
100M,chip_101_342_merged.tif,0.6,2,1445873736,117,32.8059,33.2568,0.4509
100M,chip_101_342_merged.tif,0.6,3,965928218,117,31.2933,36.2394,4.9461
100M,chip_101_342_merged.tif,0.6,4,585321587,117,32.7427,34.2027,1.46
100M,chip_101_342_merged.tif,0.8,0,1823833689,156,32.5706,33.8925,1.3218
100M,chip_101_342_merged.tif,0.8,1,1343888171,156,32.9417,34.6192,1.6775
100M,chip_101_342_merged.tif,0.8,2,963281540,156,33.6158,35.6815,2.0657
100M,chip_101_342_merged.tif,0.8,3,483336022,156,32.7562,35.7346,2.9784
100M,chip_101_342_merged.tif,0.8,4,102729391,156,32.7611,35.0036,2.2424
100M,chip_103_320_merged.tif,0.2,0,1056330099,39,33.602,34.87,1.268
100M,chip_103_320_merged.tif,0.2,1,576384581,39,33.4293,34.6238,1.1945
100M,chip_103_320_merged.tif,0.2,2,195777950,39,29.3774,35.1789,5.8015
100M,chip_103_320_merged.tif,0.2,3,1962654967,39,30.4354,35.3075,4.8721
100M,chip_103_320_merged.tif,0.2,4,1482709449,39,29.5318,34.8769,5.3451
100M,chip_103_320_merged.tif,0.4,0,2138538677,78,31.8774,34.7777,2.9003
100M,chip_103_320_merged.tif,0.4,1,1757932046,78,32.4894,33.9837,1.4944
100M,chip_103_320_merged.tif,0.4,2,1277986528,78,32.5261,33.8499,1.3239
100M,chip_103_320_merged.tif,0.4,3,897379897,78,31.979,34.8103,2.8313
100M,chip_103_320_merged.tif,0.4,4,516773266,78,28.955,34.4716,5.5167
100M,chip_103_320_merged.tif,0.6,0,152416559,117,31.1431,34.5964,3.4533
100M,chip_103_320_merged.tif,0.6,1,1819954689,117,29.3026,34.2847,4.9822
100M,chip_103_320_merged.tif,0.6,2,1439348058,117,31.6681,33.2744,1.6064
100M,chip_103_320_merged.tif,0.6,3,959402540,117,31.6145,34.344,2.7295
100M,chip_103_320_merged.tif,0.6,4,578795909,117,31.0954,33.6374,2.542
100M,chip_103_320_merged.tif,0.8,0,1817308011,156,31.2002,33.0709,1.8708
100M,chip_103_320_merged.tif,0.8,1,1337362493,156,31.5819,32.7793,1.1974
100M,chip_103_320_merged.tif,0.8,2,956755862,156,31.206,32.2375,1.0315
100M,chip_103_320_merged.tif,0.8,3,576149231,156,29.7784,32.4199,2.6414
100M,chip_103_320_merged.tif,0.8,4,96203713,156,29.819,33.4857,3.6668
100M,chip_104_333_merged.tif,0.2,0,134230332,39,34.517,37.0097,2.4928
100M,chip_104_333_merged.tif,0.2,1,1901107349,39,32.5129,36.4278,3.9149
100M,chip_104_333_merged.tif,0.2,2,1421161831,39,35.523,36.5443,1.0213
100M,chip_104_333_merged.tif,0.2,3,1040555200,39,35.7892,35.8821,0.0929
100M,chip_104_333_merged.tif,0.2,4,560609682,39,35.7121,36.5949,0.8828
100M,chip_104_333_merged.tif,0.4,0,2121098647,78,34.495,35.1107,0.6158
100M,chip_104_333_merged.tif,0.4,1,1641153129,78,35.0729,36.1737,1.1008
100M,chip_104_333_merged.tif,0.4,2,1260546498,78,32.994,36.9766,3.9826
100M,chip_104_333_merged.tif,0.4,3,879939867,78,32.641,36.1529,3.5119
100M,chip_104_333_merged.tif,0.4,4,399994349,78,33.5467,36.3035,2.7569
100M,chip_104_333_merged.tif,0.6,0,1377800440,117,33.9745,35.9214,1.9469
100M,chip_104_333_merged.tif,0.6,1,897854922,117,34.5525,35.8742,1.3217
100M,chip_104_333_merged.tif,0.6,2,517248291,117,33.377,35.5351,2.1581
100M,chip_104_333_merged.tif,0.6,3,136641660,117,33.1504,35.1169,1.9665
100M,chip_104_333_merged.tif,0.6,4,1804179790,117,34.5206,35.1503,0.6297
100M,chip_104_333_merged.tif,0.8,0,895208244,156,32.9024,34.6917,1.7893
100M,chip_104_333_merged.tif,0.8,1,514601613,156,32.8852,34.1381,1.2529
100M,chip_104_333_merged.tif,0.8,2,34656095,156,33.3799,34.1831,0.8032
100M,chip_104_333_merged.tif,0.8,3,1801533112,156,33.2618,33.8544,0.5926
100M,chip_104_333_merged.tif,0.8,4,1321587594,156,33.3002,34.9099,1.6097
100M,chip_104_334_merged.tif,0.2,0,1482476820,39,35.606,37.5906,1.9846
100M,chip_104_334_merged.tif,0.2,1,1002531302,39,38.862,35.9584,-2.9035
100M,chip_104_334_merged.tif,0.2,2,621924671,39,36.9068,37.4852,0.5784
100M,chip_104_334_merged.tif,0.2,3,141979153,39,33.9167,38.8655,4.9488
100M,chip_104_334_merged.tif,0.2,4,1908856170,39,32.698,36.9831,4.2852
100M,chip_104_334_merged.tif,0.4,0,417201750,78,36.488,37.1015,0.6135
100M,chip_104_334_merged.tif,0.4,1,36595119,78,32.6608,36.5638,3.903
100M,chip_104_334_merged.tif,0.4,2,1704133249,78,36.169,36.1554,-0.0137
100M,chip_104_334_merged.tif,0.4,3,1323526618,78,36.9867,36.1516,-0.8351
100M,chip_104_334_merged.tif,0.4,4,843581100,78,32.3408,37.4543,5.1134
100M,chip_104_334_merged.tif,0.6,0,1821387191,117,33.0728,36.6631,3.5904
100M,chip_104_334_merged.tif,0.6,1,1440780560,117,34.3039,36.8898,2.5859
100M,chip_104_334_merged.tif,0.6,2,960835042,117,33.0982,36.8352,3.737
100M,chip_104_334_merged.tif,0.6,3,580228411,117,35.3992,36.3199,0.9207
100M,chip_104_334_merged.tif,0.6,4,100282893,117,35.333,36.9858,1.6529
100M,chip_104_334_merged.tif,0.8,0,1338794995,156,34.4957,35.3868,0.8912
100M,chip_104_334_merged.tif,0.8,1,958188364,156,33.6273,36.1668,2.5395
100M,chip_104_334_merged.tif,0.8,2,478242846,156,33.6184,35.2501,1.6317
100M,chip_104_334_merged.tif,0.8,3,97636215,156,33.5583,36.0529,2.4945
100M,chip_104_334_merged.tif,0.8,4,1864513232,156,33.5821,35.2316,1.6495
100M,chip_105_103_merged.tif,0.2,0,518355122,39,32.5029,33.6381,1.1352
100M,chip_105_103_merged.tif,0.2,1,137748491,39,27.2451,33.73,6.485
100M,chip_105_103_merged.tif,0.2,2,1805286621,39,31.8105,33.136,1.3255
100M,chip_105_103_merged.tif,0.2,3,1424679990,39,28.2354,33.4934,5.258
100M,chip_105_103_merged.tif,0.2,4,944734472,39,30.5497,31.807,1.2574
100M,chip_105_103_merged.tif,0.4,0,357739789,78,29.1735,32.6798,3.5063
100M,chip_105_103_merged.tif,0.4,1,2025277919,78,30.4245,31.9282,1.5037
100M,chip_105_103_merged.tif,0.4,2,1644671288,78,29.4523,30.9668,1.5145
100M,chip_105_103_merged.tif,0.4,3,1164725770,78,29.5005,32.5779,3.0773
100M,chip_105_103_merged.tif,0.4,4,784119139,78,28.5949,32.2879,3.6929
100M,chip_105_103_merged.tif,0.6,0,1761925230,117,28.963,30.8499,1.8869
100M,chip_105_103_merged.tif,0.6,1,1281979712,117,29.4873,30.6927,1.2054
100M,chip_105_103_merged.tif,0.6,2,901373081,117,28.2769,31.2429,2.966
100M,chip_105_103_merged.tif,0.6,3,421427563,117,27.7965,30.3397,2.5432
100M,chip_105_103_merged.tif,0.6,4,40820932,117,30.2764,32.2316,1.9552
100M,chip_105_103_merged.tif,0.8,0,1279333034,156,28.5523,29.572,1.0197
100M,chip_105_103_merged.tif,0.8,1,898726403,156,27.9993,29.3374,1.3382
100M,chip_105_103_merged.tif,0.8,2,418780885,156,27.8204,30.5836,2.7632
100M,chip_105_103_merged.tif,0.8,3,38174254,156,28.5393,29.648,1.1088
100M,chip_105_103_merged.tif,0.8,4,1705712384,156,28.5742,30.2588,1.6846
100M,chip_105_104_merged.tif,0.2,0,2117286706,39,32.2911,34.6146,2.3236
100M,chip_105_104_merged.tif,0.2,1,1736680075,39,29.3575,35.9838,6.6263
100M,chip_105_104_merged.tif,0.2,2,1256734557,39,31.8411,33.7906,1.9495
100M,chip_105_104_merged.tif,0.2,3,876127926,39,29.5332,33.175,3.6418
100M,chip_105_104_merged.tif,0.2,4,396182408,39,27.9892,35.7412,7.752
100M,chip_105_104_merged.tif,0.4,0,1151350523,78,29.2732,32.9959,3.7227
100M,chip_105_104_merged.tif,0.4,1,671405005,78,29.4885,31.533,2.0445
100M,chip_105_104_merged.tif,0.4,2,290798374,78,29.2734,32.3542,3.0808
100M,chip_105_104_merged.tif,0.4,3,1958336504,78,32.1767,33.6516,1.4749
100M,chip_105_104_merged.tif,0.4,4,1577729873,78,31.9729,34.0827,2.1098
100M,chip_105_104_merged.tif,0.6,0,1213373166,117,28.6181,31.3676,2.7495
100M,chip_105_104_merged.tif,0.6,1,733427648,117,29.9154,32.9634,3.048
100M,chip_105_104_merged.tif,0.6,2,352821017,117,29.8347,31.8833,2.0486
100M,chip_105_104_merged.tif,0.6,3,2119698034,117,28.1704,32.8938,4.7235
100M,chip_105_104_merged.tif,0.6,4,1639752516,117,28.2677,32.4361,4.1683
100M,chip_105_104_merged.tif,0.8,0,730780970,156,27.5376,30.3019,2.7643
100M,chip_105_104_merged.tif,0.8,1,350174339,156,27.626,29.0577,1.4317
100M,chip_105_104_merged.tif,0.8,2,2017712469,156,27.1914,29.9506,2.7592
100M,chip_105_104_merged.tif,0.8,3,1637105838,156,29.1666,30.4242,1.2576
100M,chip_105_104_merged.tif,0.8,4,1157160320,156,27.4938,30.2834,2.7896
100M,chip_105_319_merged.tif,0.2,0,111610263,39,33.5652,35.2215,1.6564
100M,chip_105_319_merged.tif,0.2,1,1878487280,39,34.4389,34.0704,-0.3686
100M,chip_105_319_merged.tif,0.2,2,1398541762,39,34.4389,35.527,1.0881
100M,chip_105_319_merged.tif,0.2,3,1017935131,39,32.8578,36.3288,3.471
100M,chip_105_319_merged.tif,0.2,4,537989613,39,35.7311,35.6316,-0.0995
100M,chip_105_319_merged.tif,0.4,0,1293157728,78,33.5225,35.4424,1.92
100M,chip_105_319_merged.tif,0.4,1,813212210,78,31.618,34.9015,3.2835
100M,chip_105_319_merged.tif,0.4,2,432605579,78,33.1883,35.2316,2.0433
100M,chip_105_319_merged.tif,0.4,3,2100143709,78,31.6183,32.7352,1.117
100M,chip_105_319_merged.tif,0.4,4,1719537078,78,32.7421,34.7185,1.9764
100M,chip_105_319_merged.tif,0.6,0,1355180371,117,32.0968,33.9166,1.8199
100M,chip_105_319_merged.tif,0.6,1,875234853,117,33.0569,34.4988,1.4418
100M,chip_105_319_merged.tif,0.6,2,494628222,117,33.62,34.4219,0.8019
100M,chip_105_319_merged.tif,0.6,3,114021591,117,32.8912,33.6564,0.7652
100M,chip_105_319_merged.tif,0.6,4,1781559721,117,33.638,35.2869,1.6489
100M,chip_105_319_merged.tif,0.8,0,872588175,156,32.4245,33.4557,1.0313
100M,chip_105_319_merged.tif,0.8,1,491981544,156,32.6457,33.6436,0.9979
100M,chip_105_319_merged.tif,0.8,2,12036026,156,32.9905,33.6994,0.7089
100M,chip_105_319_merged.tif,0.8,3,1778913043,156,32.9567,33.656,0.6993
100M,chip_105_319_merged.tif,0.8,4,1298967525,156,33.01,33.8221,0.8121
100M,chip_105_427_merged.tif,0.2,0,42846344,39,31.658,33.7231,2.0652
100M,chip_105_427_merged.tif,0.2,1,1809723361,39,30.3897,33.6219,3.2322
100M,chip_105_427_merged.tif,0.2,2,1329777843,39,30.8496,32.0024,1.1529
100M,chip_105_427_merged.tif,0.2,3,949171212,39,30.4751,32.5522,2.0771
100M,chip_105_427_merged.tif,0.2,4,469225694,39,30.7854,33.192,2.4065
100M,chip_105_427_merged.tif,0.4,0,2029714659,78,30.5148,33.0803,2.5655
100M,chip_105_427_merged.tif,0.4,1,1549769141,78,30.7291,31.663,0.9339
100M,chip_105_427_merged.tif,0.4,2,1169162510,78,30.5114,32.7008,2.1895
100M,chip_105_427_merged.tif,0.4,3,788555879,78,30.7605,32.5923,1.8318
100M,chip_105_427_merged.tif,0.4,4,308610361,78,30.7293,32.9328,2.2036
100M,chip_105_427_merged.tif,0.6,0,1286416452,117,30.4847,31.8035,1.3189
100M,chip_105_427_merged.tif,0.6,1,806470934,117,30.3327,32.0381,1.7053
100M,chip_105_427_merged.tif,0.6,2,425864303,117,30.1463,31.5844,1.4381
100M,chip_105_427_merged.tif,0.6,3,45257672,117,30.361,31.9291,1.568
100M,chip_105_427_merged.tif,0.6,4,1712795802,117,30.6076,31.9862,1.3786
100M,chip_105_427_merged.tif,0.8,0,803824256,156,30.2564,31.3237,1.0673
100M,chip_105_427_merged.tif,0.8,1,423217625,156,30.0572,30.9767,0.9195
100M,chip_105_427_merged.tif,0.8,2,2090755755,156,30.0614,30.9178,0.8564
100M,chip_105_427_merged.tif,0.8,3,1710149124,156,30.2566,31.1222,0.8657
100M,chip_105_427_merged.tif,0.8,4,1230203606,156,30.3737,31.2382,0.8645
100M,chip_105_452_merged.tif,0.2,0,2019908721,39,35.9539,38.1022,2.1483
100M,chip_105_452_merged.tif,0.2,1,1539963203,39,36.0552,37.4667,1.4116
100M,chip_105_452_merged.tif,0.2,2,1159356572,39,37.0306,37.946,0.9154
100M,chip_105_452_merged.tif,0.2,3,679411054,39,35.9555,33.7419,-2.2136
100M,chip_105_452_merged.tif,0.2,4,298804423,39,27.7956,33.0175,5.2219
100M,chip_105_452_merged.tif,0.4,0,1759954501,78,30.782,34.7086,3.9266
100M,chip_105_452_merged.tif,0.4,1,1379347870,78,35.2533,34.6904,-0.5629
100M,chip_105_452_merged.tif,0.4,2,899402352,78,28.8403,34.3011,5.4608
100M,chip_105_452_merged.tif,0.4,3,518795721,78,34.4603,35.0817,0.6214
100M,chip_105_452_merged.tif,0.4,4,138189090,78,34.4593,36.4222,1.9629
100M,chip_105_452_merged.tif,0.6,0,1016656294,117,34.6071,34.5559,-0.0512
100M,chip_105_452_merged.tif,0.6,1,636049663,117,28.7054,30.1094,1.404
100M,chip_105_452_merged.tif,0.6,2,156104145,117,34.6411,30.6423,-3.9988
100M,chip_105_452_merged.tif,0.6,3,1922981162,117,34.7422,33.1594,-1.5828
100M,chip_105_452_merged.tif,0.6,4,1542374531,117,29.6198,32.432,2.8122
100M,chip_105_452_merged.tif,0.8,0,534064098,156,29.548,30.5593,1.0113
100M,chip_105_452_merged.tif,0.8,1,153457467,156,34.7126,30.4826,-4.23
100M,chip_105_452_merged.tif,0.8,2,1920334484,156,34.2943,30.8401,-3.4542
100M,chip_105_452_merged.tif,0.8,3,1440388966,156,34.2923,31.6669,-2.6253
100M,chip_105_452_merged.tif,0.8,4,1059782335,156,30.2479,28.7052,-1.5427
100M,chip_106_107_merged.tif,0.2,0,1226625948,39,29.6296,32.3294,2.6999
100M,chip_106_107_merged.tif,0.2,1,746680430,39,32.5072,32.1737,-0.3336
100M,chip_106_107_merged.tif,0.2,2,366073799,39,29.6763,32.1582,2.4819
100M,chip_106_107_merged.tif,0.2,3,2132950816,39,30.1395,33.2304,3.0909
100M,chip_106_107_merged.tif,0.2,4,1653005298,39,31.3982,32.1604,0.7622
100M,chip_106_107_merged.tif,0.4,0,1066010615,78,30.7207,32.5082,1.7875
100M,chip_106_107_merged.tif,0.4,1,586065097,78,30.7203,32.4485,1.7282
100M,chip_106_107_merged.tif,0.4,2,205458466,78,30.2118,31.4865,1.2747
100M,chip_106_107_merged.tif,0.4,3,1872996596,78,30.694,32.4159,1.7218
100M,chip_106_107_merged.tif,0.4,4,1492389965,78,29.978,32.4699,2.492
100M,chip_106_107_merged.tif,0.6,0,322712408,117,30.0532,31.135,1.0818
100M,chip_106_107_merged.tif,0.6,1,1990250538,117,30.0543,30.8127,0.7584
100M,chip_106_107_merged.tif,0.6,2,1609643907,117,29.5441,30.9792,1.4351
100M,chip_106_107_merged.tif,0.6,3,1129698389,117,29.5665,31.4357,1.8692
100M,chip_106_107_merged.tif,0.6,4,749091758,117,30.3285,31.4026,1.0741
100M,chip_106_107_merged.tif,0.8,0,1987603860,156,29.9623,30.514,0.5517
100M,chip_106_107_merged.tif,0.8,1,1507658342,156,29.8537,29.8379,-0.0159
100M,chip_106_107_merged.tif,0.8,2,1127051711,156,29.4385,30.1069,0.6684
100M,chip_106_107_merged.tif,0.8,3,746445080,156,29.9682,30.1046,0.1365
100M,chip_106_107_merged.tif,0.8,4,266499562,156,29.881,30.6087,0.7277
100M,chip_106_288_merged.tif,0.2,0,986993277,39,36.2446,36.552,0.3074
100M,chip_106_288_merged.tif,0.2,1,606386646,39,33.77,36.0252,2.2552
100M,chip_106_288_merged.tif,0.2,2,225780015,39,33.7695,36.5309,2.7614
100M,chip_106_288_merged.tif,0.2,3,1893318145,39,30.9615,36.4927,5.5312
100M,chip_106_288_merged.tif,0.2,4,1512711514,39,34.0643,36.1874,2.1231
100M,chip_106_288_merged.tif,0.4,0,826377944,78,32.5622,35.3389,2.7767
100M,chip_106_288_merged.tif,0.4,1,445771313,78,32.4634,35.8447,3.3813
100M,chip_106_288_merged.tif,0.4,2,2113309443,78,32.4655,36.0662,3.6007
100M,chip_106_288_merged.tif,0.4,3,1732702812,78,31.7983,35.3577,3.5594
100M,chip_106_288_merged.tif,0.4,4,1352096181,78,31.6309,36.0907,4.4598
100M,chip_106_288_merged.tif,0.6,0,83079737,117,31.8361,34.7343,2.8981
100M,chip_106_288_merged.tif,0.6,1,1849956754,117,32.1009,35.5385,3.4376
100M,chip_106_288_merged.tif,0.6,2,1370011236,117,31.7099,34.1303,2.4204
100M,chip_106_288_merged.tif,0.6,3,989404605,117,32.2647,34.8472,2.5825
100M,chip_106_288_merged.tif,0.6,4,608797974,117,32.2522,34.7573,2.5051
100M,chip_106_288_merged.tif,0.8,0,1747971189,156,32.0466,32.9036,0.857
100M,chip_106_288_merged.tif,0.8,1,1367364558,156,31.6316,32.9628,1.3312
100M,chip_106_288_merged.tif,0.8,2,986757927,156,31.5816,33.1082,1.5266
100M,chip_106_288_merged.tif,0.8,3,506812409,156,31.0571,33.3459,2.2888
100M,chip_106_288_merged.tif,0.8,4,126205778,156,30.9479,33.3887,2.4408
100M,chip_106_409_merged.tif,0.2,0,1052989072,39,35.8012,37.6152,1.814
100M,chip_106_409_merged.tif,0.2,1,573043554,39,36.7704,38.0457,1.2753
100M,chip_106_409_merged.tif,0.2,2,192436923,39,36.3491,38.9531,2.604
100M,chip_106_409_merged.tif,0.2,3,1959313940,39,34.3376,39.7852,5.4476
100M,chip_106_409_merged.tif,0.2,4,1479368422,39,36.7443,37.8192,1.0749
100M,chip_106_409_merged.tif,0.4,0,892373739,78,34.8535,38.1807,3.3272
100M,chip_106_409_merged.tif,0.4,1,412428221,78,36.3301,36.5436,0.2135
100M,chip_106_409_merged.tif,0.4,2,31821590,78,34.915,38.5362,3.6212
100M,chip_106_409_merged.tif,0.4,3,1699359720,78,34.6675,37.6272,2.9598
100M,chip_106_409_merged.tif,0.4,4,1318753089,78,36.4484,38.8457,2.3973
100M,chip_106_409_merged.tif,0.6,0,149075532,117,35.5359,36.1724,0.6365
100M,chip_106_409_merged.tif,0.6,1,1816613662,117,34.2658,36.0232,1.7574
100M,chip_106_409_merged.tif,0.6,2,1436007031,117,36.1192,37.0851,0.9658
100M,chip_106_409_merged.tif,0.6,3,956061513,117,35.3208,35.773,0.4522
100M,chip_106_409_merged.tif,0.6,4,575454882,117,34.2616,37.5175,3.2559
100M,chip_106_409_merged.tif,0.8,0,1813966984,156,35.2023,35.2603,0.0581
100M,chip_106_409_merged.tif,0.8,1,1334021466,156,34.6815,36.6815,2.0
100M,chip_106_409_merged.tif,0.8,2,953414835,156,35.1939,37.1045,1.9105
100M,chip_106_409_merged.tif,0.8,3,572808204,156,35.661,35.9766,0.3156
100M,chip_106_409_merged.tif,0.8,4,92862686,156,35.1707,35.7384,0.5677
100M,chip_106_413_merged.tif,0.2,0,1452720749,39,35.6,38.1798,2.5797
100M,chip_106_413_merged.tif,0.2,1,972775231,39,36.4792,36.8367,0.3575
100M,chip_106_413_merged.tif,0.2,2,592168600,39,35.7052,40.0398,4.3346
100M,chip_106_413_merged.tif,0.2,3,112223082,39,35.705,37.3406,1.6357
100M,chip_106_413_merged.tif,0.2,4,1879100099,39,35.8187,38.4662,2.6476
100M,chip_106_413_merged.tif,0.4,0,387445679,78,35.9779,36.1291,0.1512
100M,chip_106_413_merged.tif,0.4,1,6839048,78,35.0348,36.9282,1.8934
100M,chip_106_413_merged.tif,0.4,2,1674377178,78,34.7355,37.2587,2.5232
100M,chip_106_413_merged.tif,0.4,3,1293770547,78,35.8815,36.1037,0.2222
100M,chip_106_413_merged.tif,0.4,4,913163916,78,34.7915,36.7289,1.9374
100M,chip_106_413_merged.tif,0.6,0,548807209,117,34.1753,36.5215,2.3462
100M,chip_106_413_merged.tif,0.6,1,68861691,117,34.8041,37.1616,2.3575
100M,chip_106_413_merged.tif,0.6,2,1835738708,117,34.4574,35.7271,1.2697
100M,chip_106_413_merged.tif,0.6,3,1355793190,117,34.1673,36.1228,1.9555
100M,chip_106_413_merged.tif,0.6,4,975186559,117,34.1326,36.2657,2.1331
100M,chip_106_413_merged.tif,0.8,0,66215013,156,34.6214,36.155,1.5336
100M,chip_106_413_merged.tif,0.8,1,1733753143,156,34.38,35.5045,1.1245
100M,chip_106_413_merged.tif,0.8,2,1353146512,156,34.3826,35.9047,1.5221
100M,chip_106_413_merged.tif,0.8,3,873200994,156,34.5075,35.287,0.7795
100M,chip_106_413_merged.tif,0.8,4,492594363,156,34.3682,34.9901,0.6219
100M,chip_107_105_merged.tif,0.2,0,783705892,39,30.23,33.1641,2.9341
100M,chip_107_105_merged.tif,0.2,1,403099261,39,29.8506,31.5616,1.711
100M,chip_107_105_merged.tif,0.2,2,22492630,39,30.3849,33.4434,3.0586
100M,chip_107_105_merged.tif,0.2,3,1690030760,39,30.8803,33.7897,2.9094
100M,chip_107_105_merged.tif,0.2,4,1309424129,39,31.1555,32.6028,1.4473
100M,chip_107_105_merged.tif,0.4,0,1965253357,78,27.9228,31.9141,3.9913
100M,chip_107_105_merged.tif,0.4,1,1485307839,78,29.2829,31.675,2.3921
100M,chip_107_105_merged.tif,0.4,2,1104701208,78,29.6536,32.2818,2.6282
100M,chip_107_105_merged.tif,0.4,3,724094577,78,29.544,32.3484,2.8044
100M,chip_107_105_merged.tif,0.4,4,244149059,78,29.1404,31.9793,2.8389
100M,chip_107_105_merged.tif,0.6,0,2027276000,117,25.8289,31.0405,5.2116
100M,chip_107_105_merged.tif,0.6,1,1646669369,117,28.8289,30.5454,1.7165
100M,chip_107_105_merged.tif,0.6,2,1166723851,117,28.0474,31.0149,2.9675
100M,chip_107_105_merged.tif,0.6,3,786117220,117,29.0085,30.5297,1.5212
100M,chip_107_105_merged.tif,0.6,4,306171702,117,28.826,31.2917,2.4657
100M,chip_107_105_merged.tif,0.8,0,1544683804,156,28.0811,29.492,1.4109
100M,chip_107_105_merged.tif,0.8,1,1164077173,156,27.9239,29.4894,1.5655
100M,chip_107_105_merged.tif,0.8,2,783470542,156,26.7653,30.0215,3.2561
100M,chip_107_105_merged.tif,0.8,3,303525024,156,27.3685,29.7378,2.3693
100M,chip_107_105_merged.tif,0.8,4,2070402041,156,26.7551,28.535,1.7799
100M,chip_107_106_merged.tif,0.2,0,1830049686,39,30.8856,33.0787,2.1932
100M,chip_107_106_merged.tif,0.2,1,1350104168,39,30.5049,33.4916,2.9867
100M,chip_107_106_merged.tif,0.2,2,969497537,39,28.8801,33.3341,4.454
100M,chip_107_106_merged.tif,0.2,3,489552019,39,29.9964,32.4639,2.4675
100M,chip_107_106_merged.tif,0.2,4,108945388,39,30.5389,32.4278,1.8888
100M,chip_107_106_merged.tif,0.4,0,1570095466,78,28.73,32.6071,3.8771
100M,chip_107_106_merged.tif,0.4,1,1189488835,78,27.9157,31.2101,3.2944
100M,chip_107_106_merged.tif,0.4,2,709543317,78,30.3622,31.8454,1.4832
100M,chip_107_106_merged.tif,0.4,3,328936686,78,29.9988,32.5588,2.56
100M,chip_107_106_merged.tif,0.4,4,2095813703,78,28.8136,32.6015,3.788
100M,chip_107_106_merged.tif,0.6,0,826797259,117,28.6137,31.1755,2.5618
100M,chip_107_106_merged.tif,0.6,1,446190628,117,29.3166,31.5378,2.2213
100M,chip_107_106_merged.tif,0.6,2,65583997,117,28.3711,30.9131,2.542
100M,chip_107_106_merged.tif,0.6,3,1733122127,117,29.446,30.4578,1.0118
100M,chip_107_106_merged.tif,0.6,4,1352515496,117,28.3938,31.4242,3.0303
100M,chip_107_106_merged.tif,0.8,0,443543950,156,27.9829,29.5549,1.572
100M,chip_107_106_merged.tif,0.8,1,2111082080,156,28.4723,29.8901,1.4178
100M,chip_107_106_merged.tif,0.8,2,1730475449,156,28.495,29.368,0.873
100M,chip_107_106_merged.tif,0.8,3,1250529931,156,29.0148,29.9446,0.9299
100M,chip_107_106_merged.tif,0.8,4,869923300,156,28.4673,29.6313,1.164
100M,chip_107_334_merged.tif,0.2,0,548579067,39,35.286,36.8791,1.5931
100M,chip_107_334_merged.tif,0.2,1,68633549,39,34.803,38.0029,3.1999
100M,chip_107_334_merged.tif,0.2,2,1835510566,39,34.5573,37.1542,2.5969
100M,chip_107_334_merged.tif,0.2,3,1355565048,39,34.7736,37.1155,2.3419
100M,chip_107_334_merged.tif,0.2,4,974958417,39,33.978,37.4399,3.4618
100M,chip_107_334_merged.tif,0.4,0,387963734,78,34.7147,37.1994,2.4846
100M,chip_107_334_merged.tif,0.4,1,2055501864,78,34.2935,36.7395,2.4459
100M,chip_107_334_merged.tif,0.4,2,1674895233,78,34.7137,36.8808,2.1671
100M,chip_107_334_merged.tif,0.4,3,1194949715,78,36.2204,36.3084,0.0881
100M,chip_107_334_merged.tif,0.4,4,814343084,78,33.516,37.1483,3.6323
100M,chip_107_334_merged.tif,0.6,0,1792149175,117,34.5227,36.7597,2.237
100M,chip_107_334_merged.tif,0.6,1,1312203657,117,33.6512,36.3516,2.7004
100M,chip_107_334_merged.tif,0.6,2,931597026,117,34.372,36.2029,1.8308
100M,chip_107_334_merged.tif,0.6,3,451651508,117,33.6506,36.2333,2.5827
100M,chip_107_334_merged.tif,0.6,4,71044877,117,34.5855,36.3761,1.7905
100M,chip_107_334_merged.tif,0.8,0,1309556979,156,34.3779,35.7292,1.3514
100M,chip_107_334_merged.tif,0.8,1,829611461,156,34.1241,35.9301,1.806
100M,chip_107_334_merged.tif,0.8,2,449004830,156,34.2679,35.1925,0.9246
100M,chip_107_334_merged.tif,0.8,3,2116542960,156,34.3855,36.0029,1.6174
100M,chip_107_334_merged.tif,0.8,4,1735936329,156,33.8845,35.68,1.7954
100M,chip_107_410_merged.tif,0.2,0,2044486051,39,35.1493,37.5278,2.3785
100M,chip_107_410_merged.tif,0.2,1,1663879420,39,35.3205,38.5351,3.2147
100M,chip_107_410_merged.tif,0.2,2,1183933902,39,36.4965,36.1908,-0.3056
100M,chip_107_410_merged.tif,0.2,3,803327271,39,34.5434,37.0632,2.5198
100M,chip_107_410_merged.tif,0.2,4,323381753,39,34.5432,35.2355,0.6923
100M,chip_107_410_merged.tif,0.4,0,1883870718,78,34.3853,36.3111,1.9258
100M,chip_107_410_merged.tif,0.4,1,1403925200,78,34.5471,36.8417,2.2947
100M,chip_107_410_merged.tif,0.4,2,1023318569,78,34.556,36.1024,1.5464
100M,chip_107_410_merged.tif,0.4,3,642711938,78,34.834,37.1191,2.2851
100M,chip_107_410_merged.tif,0.4,4,162766420,78,34.5048,36.2388,1.734
100M,chip_107_410_merged.tif,0.6,0,1140572511,117,34.0937,35.3843,1.2906
100M,chip_107_410_merged.tif,0.6,1,759965880,117,34.1065,35.3103,1.2038
100M,chip_107_410_merged.tif,0.6,2,280020362,117,34.106,35.8182,1.7122
100M,chip_107_410_merged.tif,0.6,3,2046897379,117,34.5487,35.4019,0.8532
100M,chip_107_410_merged.tif,0.6,4,1566951861,117,34.1046,35.9558,1.8512
100M,chip_107_410_merged.tif,0.8,0,657980315,156,34.4489,35.1942,0.7454
100M,chip_107_410_merged.tif,0.8,1,277373684,156,34.3089,35.2975,0.9886
100M,chip_107_410_merged.tif,0.8,2,1944911814,156,34.244,35.6664,1.4224
100M,chip_107_410_merged.tif,0.8,3,1564305183,156,34.2819,34.9739,0.692
100M,chip_107_410_merged.tif,0.8,4,1084359665,156,34.4997,35.3916,0.8919
100M,chip_108_401_merged.tif,0.2,0,611350717,39,38.7546,38.4131,-0.3415
100M,chip_108_401_merged.tif,0.2,1,131405199,39,35.6188,36.8859,1.2671
100M,chip_108_401_merged.tif,0.2,2,1898282216,39,37.9991,37.9061,-0.0931
100M,chip_108_401_merged.tif,0.2,3,1418336698,39,35.6952,38.1415,2.4463
100M,chip_108_401_merged.tif,0.2,4,1037730067,39,37.997,38.9947,0.9976
100M,chip_108_401_merged.tif,0.4,0,1693559295,78,37.0176,38.5373,1.5197
100M,chip_108_401_merged.tif,0.4,1,1312952664,78,37.6563,37.9282,0.272
100M,chip_108_401_merged.tif,0.4,2,833007146,78,37.2131,38.3041,1.091
100M,chip_108_401_merged.tif,0.4,3,452400515,78,37.0782,38.8354,1.7572
100M,chip_108_401_merged.tif,0.4,4,71793884,78,37.3766,37.7306,0.354
100M,chip_108_401_merged.tif,0.6,0,1854920825,117,34.2622,38.5719,4.3097
100M,chip_108_401_merged.tif,0.6,1,1374975307,117,37.3955,38.6319,1.2364
100M,chip_108_401_merged.tif,0.6,2,994368676,117,37.3005,38.1533,0.8528
100M,chip_108_401_merged.tif,0.6,3,514423158,117,37.3882,37.0537,-0.3344
100M,chip_108_401_merged.tif,0.6,4,133816527,117,37.418,38.589,1.171
100M,chip_108_401_merged.tif,0.8,0,1372328629,156,36.6684,37.1087,0.4403
100M,chip_108_401_merged.tif,0.8,1,892383111,156,36.4708,37.7637,1.293
100M,chip_108_401_merged.tif,0.8,2,511776480,156,36.7351,37.4805,0.7454
100M,chip_108_401_merged.tif,0.8,3,31830962,156,34.4545,37.1589,2.7045
100M,chip_108_401_merged.tif,0.8,4,1798707979,156,36.545,37.2311,0.6861
100M,chip_108_405_merged.tif,0.2,0,403163844,39,39.8932,40.2897,0.3965
100M,chip_108_405_merged.tif,0.2,1,2070701974,39,40.0643,40.4336,0.3693
100M,chip_108_405_merged.tif,0.2,2,1690095343,39,40.0699,40.1104,0.0405
100M,chip_108_405_merged.tif,0.2,3,1309488712,39,40.0702,39.6841,-0.3861
100M,chip_108_405_merged.tif,0.2,4,829543194,39,39.4804,40.2936,0.8131
100M,chip_108_405_merged.tif,0.4,0,242548511,78,40.8549,40.2342,-0.6207
100M,chip_108_405_merged.tif,0.4,1,1910086641,78,40.6306,40.5841,-0.0464
100M,chip_108_405_merged.tif,0.4,2,1529480010,78,40.8123,40.6249,-0.1874
100M,chip_108_405_merged.tif,0.4,3,1049534492,78,40.1217,40.5682,0.4465
100M,chip_108_405_merged.tif,0.4,4,668927861,78,40.4751,40.4158,-0.0593
100M,chip_108_405_merged.tif,0.6,0,1646733952,117,40.1517,40.2295,0.0777
100M,chip_108_405_merged.tif,0.6,1,1166788434,117,39.9216,40.4948,0.5732
100M,chip_108_405_merged.tif,0.6,2,786181803,117,40.1435,40.9074,0.7639
100M,chip_108_405_merged.tif,0.6,3,306236285,117,39.7243,40.3329,0.6086
100M,chip_108_405_merged.tif,0.6,4,2073113302,117,40.3436,40.9873,0.6437
100M,chip_108_405_merged.tif,0.8,0,1164141756,156,39.8996,39.807,-0.0926
100M,chip_108_405_merged.tif,0.8,1,684196238,156,39.856,39.3507,-0.5052
100M,chip_108_405_merged.tif,0.8,2,303589607,156,39.6925,40.1756,0.4831
100M,chip_108_405_merged.tif,0.8,3,2070466624,156,39.8387,39.9876,0.1489
100M,chip_108_405_merged.tif,0.8,4,1590521106,156,39.7232,40.1423,0.4191
100M,chip_108_438_merged.tif,0.2,0,1039879958,39,30.2568,34.7719,4.5151
100M,chip_108_438_merged.tif,0.2,1,659273327,39,31.575,33.3847,1.8097
100M,chip_108_438_merged.tif,0.2,2,179327809,39,30.102,33.9487,3.8468
100M,chip_108_438_merged.tif,0.2,3,1946204826,39,29.932,33.1543,3.2223
100M,chip_108_438_merged.tif,0.2,4,1466259308,39,36.2063,34.0243,-2.182
100M,chip_108_438_merged.tif,0.4,0,73943775,78,33.8112,34.184,0.3728
100M,chip_108_438_merged.tif,0.4,1,1741481905,78,30.0064,33.6296,3.6232
100M,chip_108_438_merged.tif,0.4,2,1360875274,78,30.0271,32.668,2.6409
100M,chip_108_438_merged.tif,0.4,3,880929756,78,33.5407,33.3676,-0.1731
100M,chip_108_438_merged.tif,0.4,4,500323125,78,30.7188,33.954,3.2352
100M,chip_108_438_merged.tif,0.6,0,1478129216,117,30.9868,31.5534,0.5667
100M,chip_108_438_merged.tif,0.6,1,998183698,117,30.7418,31.7619,1.0201
100M,chip_108_438_merged.tif,0.6,2,617577067,117,30.2708,33.5062,3.2353
100M,chip_108_438_merged.tif,0.6,3,137631549,117,30.1244,32.8232,2.6988
100M,chip_108_438_merged.tif,0.6,4,1904508566,117,30.7486,32.7156,1.9671
100M,chip_108_438_merged.tif,0.8,0,995537020,156,31.1454,31.5103,0.3649
100M,chip_108_438_merged.tif,0.8,1,515591502,156,29.9731,31.7558,1.7827
100M,chip_108_438_merged.tif,0.8,2,134984871,156,29.9056,30.356,0.4504
100M,chip_108_438_merged.tif,0.8,3,1901861888,156,31.2635,31.7212,0.4577
100M,chip_108_438_merged.tif,0.8,4,1421916370,156,31.2889,32.0988,0.8099
100M,chip_109_334_merged.tif,0.2,0,1572946079,39,34.8101,37.7115,2.9014
100M,chip_109_334_merged.tif,0.2,1,1093000561,39,36.0085,36.9935,0.985
100M,chip_109_334_merged.tif,0.2,2,712393930,39,32.1232,37.2775,5.1544
100M,chip_109_334_merged.tif,0.2,3,232448412,39,35.6059,38.2127,2.6068
100M,chip_109_334_merged.tif,0.2,4,1999325429,39,35.9169,36.7565,0.8396
100M,chip_109_334_merged.tif,0.4,0,1312991859,78,34.3275,34.9812,0.6537
100M,chip_109_334_merged.tif,0.4,1,932385228,78,35.1634,37.1742,2.0108
100M,chip_109_334_merged.tif,0.4,2,452439710,78,35.7083,36.57,0.8617
100M,chip_109_334_merged.tif,0.4,3,71833079,78,35.4228,36.5466,1.1238
100M,chip_109_334_merged.tif,0.4,4,1838710096,78,35.0233,37.7006,2.6773
100M,chip_109_334_merged.tif,0.6,0,569693652,117,35.2552,37.1294,1.8742
100M,chip_109_334_merged.tif,0.6,1,189087021,117,33.7486,36.3605,2.6119
100M,chip_109_334_merged.tif,0.6,2,1856625151,117,33.8084,36.3997,2.5914
100M,chip_109_334_merged.tif,0.6,3,1476018520,117,35.1096,36.5253,1.4157
100M,chip_109_334_merged.tif,0.6,4,1095411889,117,34.1839,37.2267,3.0428
100M,chip_109_334_merged.tif,0.8,0,1480985128,156,34.3935,35.6281,1.2346
100M,chip_109_334_merged.tif,0.8,1,1001039610,156,34.1644,34.8986,0.7342
100M,chip_109_334_merged.tif,0.8,2,620432979,156,33.0231,35.8653,2.8422
100M,chip_109_334_merged.tif,0.8,3,140487461,156,34.3115,35.619,1.3075
100M,chip_109_334_merged.tif,0.8,4,1907364478,156,33.6868,34.5142,0.8273
100M,chip_109_416_merged.tif,0.2,0,1878727033,39,33.1949,35.6041,2.4091
100M,chip_109_416_merged.tif,0.2,1,1398781515,39,29.0402,34.223,5.1828
100M,chip_109_416_merged.tif,0.2,2,1018174884,39,31.812,33.8525,2.0405
100M,chip_109_416_merged.tif,0.2,3,538229366,39,32.6669,34.4642,1.7973
100M,chip_109_416_merged.tif,0.2,4,157622735,39,29.0416,34.6273,5.5857
100M,chip_109_416_merged.tif,0.4,0,1618772813,78,30.3024,33.9118,3.6093
100M,chip_109_416_merged.tif,0.4,1,1238166182,78,32.496,33.8449,1.3489
100M,chip_109_416_merged.tif,0.4,2,857559551,78,30.2128,33.5952,3.3824
100M,chip_109_416_merged.tif,0.4,3,377614033,78,32.6211,33.3328,0.7117
100M,chip_109_416_merged.tif,0.4,4,2144491050,78,32.2297,33.2878,1.0581
100M,chip_109_416_merged.tif,0.6,0,974813493,117,32.2984,32.4968,0.1985
100M,chip_109_416_merged.tif,0.6,1,494867975,117,32.2505,32.7902,0.5397
100M,chip_109_416_merged.tif,0.6,2,114261344,117,32.2453,32.8386,0.5933
100M,chip_109_416_merged.tif,0.6,3,1781799474,117,31.6723,32.5832,0.9109
100M,chip_109_416_merged.tif,0.6,4,1401192843,117,32.1825,33.4005,1.218
100M,chip_109_416_merged.tif,0.8,0,492221297,156,30.8584,32.5553,1.6968
100M,chip_109_416_merged.tif,0.8,1,12275779,156,31.1838,32.0477,0.8639
100M,chip_109_416_merged.tif,0.8,2,1779152796,156,31.2353,31.9438,0.7086
100M,chip_109_416_merged.tif,0.8,3,1299207278,156,31.1919,32.2089,1.017
100M,chip_109_416_merged.tif,0.8,4,918600647,156,31.189,32.2818,1.0928
100M,chip_109_424_merged.tif,0.2,0,1110710699,39,32.2895,36.5027,4.2132
100M,chip_109_424_merged.tif,0.2,1,630765181,39,34.7217,35.908,1.1863
100M,chip_109_424_merged.tif,0.2,2,250158550,39,36.2749,35.4914,-0.7834
100M,chip_109_424_merged.tif,0.2,3,1917696680,39,34.7213,35.9482,1.2269
100M,chip_109_424_merged.tif,0.2,4,1537090049,39,33.129,35.5417,2.4127
100M,chip_109_424_merged.tif,0.4,0,850756479,78,32.4531,36.3809,3.9278
100M,chip_109_424_merged.tif,0.4,1,470149848,78,33.2013,34.9672,1.7659
100M,chip_109_424_merged.tif,0.4,2,2137687978,78,33.4902,34.8777,1.3875
100M,chip_109_424_merged.tif,0.4,3,1757081347,78,31.8755,36.2839,4.4084
100M,chip_109_424_merged.tif,0.4,4,1376474716,78,32.5126,36.7006,4.188
100M,chip_109_424_merged.tif,0.6,0,960397135,117,33.4468,35.5603,2.1136
100M,chip_109_424_merged.tif,0.6,1,579790504,117,30.8992,35.4223,4.5231
100M,chip_109_424_merged.tif,0.6,2,99844986,117,31.5161,34.4449,2.9287
100M,chip_109_424_merged.tif,0.6,3,1866722003,117,30.9206,33.2262,2.3056
100M,chip_109_424_merged.tif,0.6,4,1386776485,117,31.5198,34.9761,3.4563
100M,chip_109_424_merged.tif,0.8,0,1772349724,156,32.1735,33.401,1.2275
100M,chip_109_424_merged.tif,0.8,1,1391743093,156,30.8926,33.1987,2.3061
100M,chip_109_424_merged.tif,0.8,2,1011136462,156,32.1611,33.6193,1.4582
100M,chip_109_424_merged.tif,0.8,3,531190944,156,31.1094,34.2783,3.1689
100M,chip_109_424_merged.tif,0.8,4,150584313,156,32.1656,34.3606,2.195
100M,chip_110_340_merged.tif,0.2,0,308912138,39,33.9337,36.549,2.6153
100M,chip_110_340_merged.tif,0.2,1,1976450268,39,33.8675,35.8242,1.9567
100M,chip_110_340_merged.tif,0.2,2,1595843637,39,35.6047,37.1346,1.5299
100M,chip_110_340_merged.tif,0.2,3,1215237006,39,33.9354,37.0703,3.1349
100M,chip_110_340_merged.tif,0.2,4,735291488,39,33.2486,36.6591,3.4105
100M,chip_110_340_merged.tif,0.4,0,148296805,78,34.761,35.6234,0.8624
100M,chip_110_340_merged.tif,0.4,1,1815834935,78,32.9427,35.7815,2.8388
100M,chip_110_340_merged.tif,0.4,2,1435228304,78,34.1605,35.7177,1.5572
100M,chip_110_340_merged.tif,0.4,3,955282786,78,32.9426,35.9652,3.0226
100M,chip_110_340_merged.tif,0.4,4,574676155,78,33.1986,36.0634,2.8649
100M,chip_110_340_merged.tif,0.6,0,1552482246,117,33.8965,34.6054,0.7089
100M,chip_110_340_merged.tif,0.6,1,1072536728,117,33.0617,35.5833,2.5216
100M,chip_110_340_merged.tif,0.6,2,691930097,117,32.911,35.1398,2.2288
100M,chip_110_340_merged.tif,0.6,3,211984579,117,32.9914,35.5034,2.5119
100M,chip_110_340_merged.tif,0.6,4,1978861596,117,33.1142,35.2131,2.0989
100M,chip_110_340_merged.tif,0.8,0,1069890050,156,33.0783,33.3992,0.321
100M,chip_110_340_merged.tif,0.8,1,589944532,156,33.1622,34.5539,1.3916
100M,chip_110_340_merged.tif,0.8,2,209337901,156,33.1607,34.1213,0.9606
100M,chip_110_340_merged.tif,0.8,3,1976214918,156,32.9296,33.9803,1.0507
100M,chip_110_340_merged.tif,0.8,4,1496269400,156,32.092,33.5991,1.5071
100M,chip_110_429_merged.tif,0.2,0,361157122,39,34.0679,35.0359,0.968
100M,chip_110_429_merged.tif,0.2,1,2128034139,39,32.2266,35.1177,2.8912
100M,chip_110_429_merged.tif,0.2,2,1648088621,39,31.2483,35.3832,4.135
100M,chip_110_429_merged.tif,0.2,3,1267481990,39,34.803,34.654,-0.1491
100M,chip_110_429_merged.tif,0.2,4,787536472,39,34.9105,35.1109,0.2004
100M,chip_110_429_merged.tif,0.4,0,200541789,78,32.6755,34.6695,1.994
100M,chip_110_429_merged.tif,0.4,1,1868079919,78,31.1585,34.5052,3.3467
100M,chip_110_429_merged.tif,0.4,2,1487473288,78,32.7335,34.2697,1.5363
100M,chip_110_429_merged.tif,0.4,3,1106866657,78,29.6881,34.0871,4.399
100M,chip_110_429_merged.tif,0.4,4,626921139,78,32.7402,34.551,1.8108
100M,chip_110_429_merged.tif,0.6,0,1604727230,117,32.4821,32.7149,0.2328
100M,chip_110_429_merged.tif,0.6,1,1124781712,117,31.9814,32.3391,0.3577
100M,chip_110_429_merged.tif,0.6,2,744175081,117,31.9804,33.6526,1.6722
100M,chip_110_429_merged.tif,0.6,3,363568450,117,30.1312,32.0446,1.9134
100M,chip_110_429_merged.tif,0.6,4,2031106580,117,32.2418,33.7396,1.4978
100M,chip_110_429_merged.tif,0.8,0,1122135034,156,30.9715,32.4231,1.4516
100M,chip_110_429_merged.tif,0.8,1,741528403,156,31.5683,31.8231,0.2548
100M,chip_110_429_merged.tif,0.8,2,261582885,156,31.3685,31.9535,0.585
100M,chip_110_429_merged.tif,0.8,3,2028459902,156,30.9686,31.8773,0.9087
100M,chip_110_429_merged.tif,0.8,4,1548514384,156,31.3579,31.9524,0.5946
100M,chip_111_421_merged.tif,0.2,0,1192647572,39,31.416,32.1287,0.7127
100M,chip_111_421_merged.tif,0.2,1,712702054,39,31.664,33.0832,1.4193
100M,chip_111_421_merged.tif,0.2,2,332095423,39,29.1383,32.7056,3.5673
100M,chip_111_421_merged.tif,0.2,3,2098972440,39,29.9362,33.2036,3.2674
100M,chip_111_421_merged.tif,0.2,4,1619026922,39,29.7529,32.8459,3.093
100M,chip_111_421_merged.tif,0.4,0,1032032239,78,29.2092,31.7476,2.5384
100M,chip_111_421_merged.tif,0.4,1,552086721,78,30.28,31.952,1.672
100M,chip_111_421_merged.tif,0.4,2,171480090,78,29.3262,31.8113,2.4851
100M,chip_111_421_merged.tif,0.4,3,1839018220,78,29.689,32.252,2.563
100M,chip_111_421_merged.tif,0.4,4,1458411589,78,29.16,33.1629,4.0029
100M,chip_111_421_merged.tif,0.6,0,288734032,117,29.113,31.0088,1.8958
100M,chip_111_421_merged.tif,0.6,1,1956272162,117,29.6564,31.587,1.9305
100M,chip_111_421_merged.tif,0.6,2,1575665531,117,29.1463,31.5762,2.4299
100M,chip_111_421_merged.tif,0.6,3,1095720013,117,29.6553,31.5048,1.8494
100M,chip_111_421_merged.tif,0.6,4,715113382,117,29.8992,31.1013,1.2021
100M,chip_111_421_merged.tif,0.8,0,1953625484,156,29.5151,30.3928,0.8777
100M,chip_111_421_merged.tif,0.8,1,1473679966,156,29.4936,30.5924,1.0988
100M,chip_111_421_merged.tif,0.8,2,1093073335,156,29.498,30.6501,1.1521
100M,chip_111_421_merged.tif,0.8,3,712466704,156,29.496,30.5815,1.0856
100M,chip_111_421_merged.tif,0.8,4,232521186,156,29.6797,30.7349,1.0552
100M,chip_111_595_merged.tif,0.2,0,122334966,39,37.3189,37.8039,0.485
100M,chip_111_595_merged.tif,0.2,1,1789873096,39,35.1558,37.6203,2.4645
100M,chip_111_595_merged.tif,0.2,2,1409266465,39,37.3198,36.4582,-0.8616
100M,chip_111_595_merged.tif,0.2,3,1028659834,39,38.2381,35.8858,-2.3523
100M,chip_111_595_merged.tif,0.2,4,548714316,39,37.3189,37.2668,-0.0521
100M,chip_111_595_merged.tif,0.4,0,2109203281,78,35.3574,37.1181,1.7606
100M,chip_111_595_merged.tif,0.4,1,1629257763,78,37.4333,36.5485,-0.8847
100M,chip_111_595_merged.tif,0.4,2,1248651132,78,37.4329,35.7932,-1.6397
100M,chip_111_595_merged.tif,0.4,3,768705614,78,36.1475,36.8445,0.697
100M,chip_111_595_merged.tif,0.4,4,388098983,78,37.3689,37.2059,-0.163
100M,chip_111_595_merged.tif,0.6,0,1365905074,117,35.4546,36.5656,1.111
100M,chip_111_595_merged.tif,0.6,1,885959556,117,36.7218,36.2016,-0.5202
100M,chip_111_595_merged.tif,0.6,2,505352925,117,35.46,36.9741,1.5142
100M,chip_111_595_merged.tif,0.6,3,25407407,117,36.5286,36.5952,0.0667
100M,chip_111_595_merged.tif,0.6,4,1792284424,117,36.7721,36.8093,0.0372
100M,chip_111_595_merged.tif,0.8,0,883312878,156,35.0708,35.4519,0.3811
100M,chip_111_595_merged.tif,0.8,1,403367360,156,35.8235,36.4037,0.5803
100M,chip_111_595_merged.tif,0.8,2,22760729,156,36.0345,35.5525,-0.4819
100M,chip_111_595_merged.tif,0.8,3,1789637746,156,36.0368,35.9424,-0.0944
100M,chip_111_595_merged.tif,0.8,4,1309692228,156,35.0804,35.7139,0.6335
100M,chip_113_329_merged.tif,0.2,0,435829956,39,32.9106,35.0467,2.1361
100M,chip_113_329_merged.tif,0.2,1,2103368086,39,31.5272,35.3827,3.8555
100M,chip_113_329_merged.tif,0.2,2,1722761455,39,31.5255,33.8343,2.3088
100M,chip_113_329_merged.tif,0.2,3,1242815937,39,32.3413,33.8538,1.5126
100M,chip_113_329_merged.tif,0.2,4,862209306,39,30.8657,35.991,5.1253
100M,chip_113_329_merged.tif,0.4,0,175875736,78,32.2649,34.2962,2.0313
100M,chip_113_329_merged.tif,0.4,1,1942752753,78,31.8043,34.5875,2.7832
100M,chip_113_329_merged.tif,0.4,2,1462807235,78,31.3357,34.7839,3.4482
100M,chip_113_329_merged.tif,0.4,3,1082200604,78,31.5014,35.3092,3.8078
100M,chip_113_329_merged.tif,0.4,4,701593973,78,31.2622,34.5298,3.2677
100M,chip_113_329_merged.tif,0.6,0,1580061177,117,30.7671,33.5144,2.7473
100M,chip_113_329_merged.tif,0.6,1,1199454546,117,31.0474,33.3783,2.3308
100M,chip_113_329_merged.tif,0.6,2,818847915,117,30.6736,33.9668,3.2933
100M,chip_113_329_merged.tif,0.6,3,338902397,117,30.6929,33.5656,2.8728
100M,chip_113_329_merged.tif,0.6,4,2105779414,117,31.0737,33.7399,2.6663
100M,chip_113_329_merged.tif,0.8,0,1196807868,156,31.3474,32.2594,0.912
100M,chip_113_329_merged.tif,0.8,1,716862350,156,31.5093,31.7996,0.2903
100M,chip_113_329_merged.tif,0.8,2,336255719,156,31.5578,32.1516,0.5938
100M,chip_113_329_merged.tif,0.8,3,2003793849,156,30.4457,31.9036,1.4579
100M,chip_113_329_merged.tif,0.8,4,1623187218,156,31.3345,32.0593,0.7248
100M,chip_113_420_merged.tif,0.2,0,1383777679,39,30.5233,34.021,3.4976
100M,chip_113_420_merged.tif,0.2,1,903832161,39,30.6494,32.6769,2.0275
100M,chip_113_420_merged.tif,0.2,2,523225530,39,32.8187,32.2974,-0.5213
100M,chip_113_420_merged.tif,0.2,3,142618899,39,33.0425,33.9156,0.8731
100M,chip_113_420_merged.tif,0.2,4,1810157029,39,30.6504,33.1812,2.5308
100M,chip_113_420_merged.tif,0.4,0,318502609,78,31.1787,33.3055,2.1267
100M,chip_113_420_merged.tif,0.4,1,2085379626,78,31.286,32.6831,1.3971
100M,chip_113_420_merged.tif,0.4,2,1605434108,78,31.7061,33.1033,1.3972
100M,chip_113_420_merged.tif,0.4,3,1224827477,78,31.278,33.7617,2.4837
100M,chip_113_420_merged.tif,0.4,4,844220846,78,31.2859,32.2415,0.9556
100M,chip_113_420_merged.tif,0.6,0,479864139,117,30.9787,31.8982,0.9195
100M,chip_113_420_merged.tif,0.6,1,2147402269,117,30.6637,32.4325,1.7688
100M,chip_113_420_merged.tif,0.6,2,1766795638,117,31.041,32.8392,1.7982
100M,chip_113_420_merged.tif,0.6,3,1286850120,117,30.9012,32.8246,1.9234
100M,chip_113_420_merged.tif,0.6,4,906243489,117,31.0383,32.6263,1.5881
100M,chip_113_420_merged.tif,0.8,0,2144755591,156,30.892,31.5407,0.6487
100M,chip_113_420_merged.tif,0.8,1,1664810073,156,30.9518,31.3436,0.3918
100M,chip_113_420_merged.tif,0.8,2,1284203442,156,30.9019,31.221,0.3192
100M,chip_113_420_merged.tif,0.8,3,903596811,156,30.9688,31.6165,0.6478
100M,chip_113_420_merged.tif,0.8,4,423651293,156,30.8775,31.3945,0.5171
100M,chip_114_441_merged.tif,0.2,0,465810032,39,32.2133,34.9174,2.7041
100M,chip_114_441_merged.tif,0.2,1,85203401,39,30.9999,33.5319,2.532
100M,chip_114_441_merged.tif,0.2,2,1752741531,39,30.4682,34.8964,4.4282
100M,chip_114_441_merged.tif,0.2,3,1372134900,39,30.395,34.4702,4.0752
100M,chip_114_441_merged.tif,0.2,4,991528269,39,32.6531,33.4558,0.8027
100M,chip_114_441_merged.tif,0.4,0,305194699,78,29.2656,33.4842,4.2186
100M,chip_114_441_merged.tif,0.4,1,2072071716,78,31.3438,33.2361,1.8924
100M,chip_114_441_merged.tif,0.4,2,1592126198,78,28.9719,34.1711,5.1993
100M,chip_114_441_merged.tif,0.4,3,1211519567,78,31.0576,33.1628,2.1053
100M,chip_114_441_merged.tif,0.4,4,731574049,78,31.4833,33.2069,1.7237
100M,chip_114_441_merged.tif,0.6,0,1709380140,117,30.455,32.3629,1.9079
100M,chip_114_441_merged.tif,0.6,1,1328773509,117,30.1898,32.7819,2.5921
100M,chip_114_441_merged.tif,0.6,2,848827991,117,30.5598,33.0004,2.4406
100M,chip_114_441_merged.tif,0.6,3,468221360,117,29.5222,32.6274,3.1052
100M,chip_114_441_merged.tif,0.6,4,2135759490,117,30.6318,32.6403,2.0085
100M,chip_114_441_merged.tif,0.8,0,1226787944,156,29.9143,31.1127,1.1984
100M,chip_114_441_merged.tif,0.8,1,846181313,156,29.7604,30.1175,0.3571
100M,chip_114_441_merged.tif,0.8,2,366235795,156,29.9643,31.4255,1.4612
100M,chip_114_441_merged.tif,0.8,3,2133112812,156,29.7246,31.0191,1.2944
100M,chip_114_441_merged.tif,0.8,4,1752506181,156,30.0004,31.0178,1.0174
100M,chip_114_505_merged.tif,0.2,0,1845852260,39,32.7191,35.9633,3.2442
100M,chip_114_505_merged.tif,0.2,1,1365906742,39,33.4854,35.4812,1.9958
100M,chip_114_505_merged.tif,0.2,2,985300111,39,30.8661,35.4436,4.5775
100M,chip_114_505_merged.tif,0.2,3,505354593,39,32.5713,35.0448,2.4736
100M,chip_114_505_merged.tif,0.2,4,124747962,39,32.7878,35.2931,2.5053
100M,chip_114_505_merged.tif,0.4,0,1685236927,78,32.8271,35.257,2.4299
100M,chip_114_505_merged.tif,0.4,1,1205291409,78,32.242,34.6827,2.4408
100M,chip_114_505_merged.tif,0.4,2,824684778,78,32.1738,34.6454,2.4715
100M,chip_114_505_merged.tif,0.4,3,344739260,78,32.243,34.3813,2.1383
100M,chip_114_505_merged.tif,0.4,4,2111616277,78,32.9395,34.4734,1.5339
100M,chip_114_505_merged.tif,0.6,0,941938720,117,31.9108,33.3884,1.4776
100M,chip_114_505_merged.tif,0.6,1,461993202,117,31.9967,34.1644,2.1677
100M,chip_114_505_merged.tif,0.6,2,81386571,117,31.9055,34.083,2.1775
100M,chip_114_505_merged.tif,0.6,3,1748924701,117,31.8509,33.8248,1.9739
100M,chip_114_505_merged.tif,0.6,4,1368318070,117,32.3702,33.9521,1.582
100M,chip_114_505_merged.tif,0.8,0,459346524,156,32.0752,33.3435,1.2683
100M,chip_114_505_merged.tif,0.8,1,2126884654,156,31.6137,32.3933,0.7796
100M,chip_114_505_merged.tif,0.8,2,1746278023,156,32.0511,32.4997,0.4485
100M,chip_114_505_merged.tif,0.8,3,1266332505,156,32.065,32.8507,0.7857
100M,chip_114_505_merged.tif,0.8,4,885725874,156,31.7151,32.7098,0.9948
100M,chip_115_438_merged.tif,0.2,0,2103651529,39,31.5533,33.6968,2.1435
100M,chip_115_438_merged.tif,0.2,1,1623706011,39,31.4939,33.5063,2.0124
100M,chip_115_438_merged.tif,0.2,2,1243099380,39,31.4293,33.274,1.8446
100M,chip_115_438_merged.tif,0.2,3,862492749,39,31.3569,33.9254,2.5684
100M,chip_115_438_merged.tif,0.2,4,382547231,39,31.4298,33.8159,2.3861
100M,chip_115_438_merged.tif,0.4,0,1943036196,78,30.0821,33.9286,3.8465
100M,chip_115_438_merged.tif,0.4,1,1463090678,78,30.6965,32.9315,2.235
100M,chip_115_438_merged.tif,0.4,2,1082484047,78,30.2734,32.8531,2.5797
100M,chip_115_438_merged.tif,0.4,3,602538529,78,30.8061,33.3248,2.5188
100M,chip_115_438_merged.tif,0.4,4,221931898,78,30.0234,33.0315,3.0081
100M,chip_115_438_merged.tif,0.6,0,1199737989,117,30.1306,31.8106,1.6801
100M,chip_115_438_merged.tif,0.6,1,719792471,117,30.1329,31.5465,1.4137
100M,chip_115_438_merged.tif,0.6,2,339185840,117,29.6762,31.5804,1.9042
100M,chip_115_438_merged.tif,0.6,3,2006723970,117,30.0866,32.2881,2.2016
100M,chip_115_438_merged.tif,0.6,4,1626117339,117,29.7273,31.7016,1.9743
100M,chip_115_438_merged.tif,0.8,0,717145793,156,30.5272,30.9827,0.4555
100M,chip_115_438_merged.tif,0.8,1,237200275,156,30.1889,31.148,0.9591
100M,chip_115_438_merged.tif,0.8,2,2004077292,156,30.5501,31.4544,0.9043
100M,chip_115_438_merged.tif,0.8,3,1623470661,156,30.5414,31.3904,0.849
100M,chip_115_438_merged.tif,0.8,4,1143525143,156,30.3133,31.0094,0.6961
100M,chip_115_478_merged.tif,0.2,0,2034642634,39,34.2581,36.1225,1.8644
100M,chip_115_478_merged.tif,0.2,1,1654036003,39,33.885,35.5952,1.7101
100M,chip_115_478_merged.tif,0.2,2,1174090485,39,34.0283,37.1646,3.1364
100M,chip_115_478_merged.tif,0.2,3,793483854,39,32.9394,36.3898,3.4504
100M,chip_115_478_merged.tif,0.2,4,412877223,39,33.9718,36.2645,2.2927
100M,chip_115_478_merged.tif,0.4,0,1874027301,78,32.8415,35.9724,3.1309
100M,chip_115_478_merged.tif,0.4,1,1493420670,78,32.6439,35.127,2.4831
100M,chip_115_478_merged.tif,0.4,2,1013475152,78,32.6439,35.7588,3.1149
100M,chip_115_478_merged.tif,0.4,3,632868521,78,34.488,35.483,0.995
100M,chip_115_478_merged.tif,0.4,4,152923003,78,33.416,35.1949,1.7789
100M,chip_115_478_merged.tif,0.6,0,1130729094,117,32.7647,34.2405,1.4758
100M,chip_115_478_merged.tif,0.6,1,750122463,117,33.1315,34.7583,1.6268
100M,chip_115_478_merged.tif,0.6,2,270176945,117,33.6329,34.7063,1.0734
100M,chip_115_478_merged.tif,0.6,3,2037053962,117,32.7613,35.5595,2.7982
100M,chip_115_478_merged.tif,0.6,4,1557108444,117,32.9803,34.8992,1.919
100M,chip_115_478_merged.tif,0.8,0,648136898,156,30.832,34.3722,3.5401
100M,chip_115_478_merged.tif,0.8,1,267530267,156,30.838,33.4379,2.5999
100M,chip_115_478_merged.tif,0.8,2,1935068397,156,33.0201,33.2603,0.2402
100M,chip_115_478_merged.tif,0.8,3,1554461766,156,32.9678,33.3971,0.4293
100M,chip_115_478_merged.tif,0.8,4,1173855135,156,32.5042,34.3574,1.8532
100M,chip_116_208_merged.tif,0.2,0,1024114462,39,33.148,34.768,1.62
100M,chip_116_208_merged.tif,0.2,1,643507831,39,32.104,33.0424,0.9385
100M,chip_116_208_merged.tif,0.2,2,163562313,39,33.5821,33.2004,-0.3817
100M,chip_116_208_merged.tif,0.2,3,1930439330,39,32.1464,35.1996,3.0532
100M,chip_116_208_merged.tif,0.2,4,1549832699,39,32.1477,34.1088,1.9611
100M,chip_116_208_merged.tif,0.4,0,863499129,78,30.4314,33.766,3.3346
100M,chip_116_208_merged.tif,0.4,1,482892498,78,29.336,32.719,3.383
100M,chip_116_208_merged.tif,0.4,2,2946980,78,28.9616,32.811,3.8495
100M,chip_116_208_merged.tif,0.4,3,1769823997,78,29.216,34.0864,4.8703
100M,chip_116_208_merged.tif,0.4,4,1289878479,78,30.3742,33.1004,2.7262
100M,chip_116_208_merged.tif,0.6,0,120200922,117,29.285,32.5241,3.2391
100M,chip_116_208_merged.tif,0.6,1,1887077939,117,29.6085,31.9004,2.2919
100M,chip_116_208_merged.tif,0.6,2,1407132421,117,29.3954,31.867,2.4716
100M,chip_116_208_merged.tif,0.6,3,1026525790,117,30.2847,31.8422,1.5574
100M,chip_116_208_merged.tif,0.6,4,546580272,117,29.2126,32.6772,3.4646
100M,chip_116_208_merged.tif,0.8,0,1785092374,156,29.3056,31.4997,2.1941
100M,chip_116_208_merged.tif,0.8,1,1404485743,156,29.3205,31.0714,1.7509
100M,chip_116_208_merged.tif,0.8,2,924540225,156,29.3816,31.1802,1.7986
100M,chip_116_208_merged.tif,0.8,3,543933594,156,29.2605,30.8411,1.5806
100M,chip_116_208_merged.tif,0.8,4,163326963,156,29.4332,30.2588,0.8256
100M,chip_116_346_merged.tif,0.2,0,659635090,39,37.0935,37.0836,-0.01
100M,chip_116_346_merged.tif,0.2,1,279028459,39,37.8323,37.7813,-0.051
100M,chip_116_346_merged.tif,0.2,2,2045905476,39,34.9998,36.9345,1.9347
100M,chip_116_346_merged.tif,0.2,3,1565959958,39,33.9987,37.7071,3.7084
100M,chip_116_346_merged.tif,0.2,4,1185353327,39,35.3489,36.533,1.1841
100M,chip_116_346_merged.tif,0.4,0,1841182555,78,34.5906,36.4373,1.8468
100M,chip_116_346_merged.tif,0.4,1,1361237037,78,33.3759,36.824,3.4481
100M,chip_116_346_merged.tif,0.4,2,980630406,78,36.1261,36.676,0.5499
100M,chip_116_346_merged.tif,0.4,3,600023775,78,37.0384,37.0556,0.0172
100M,chip_116_346_merged.tif,0.4,4,120078257,78,33.6381,37.1097,3.4716
100M,chip_116_346_merged.tif,0.6,0,1903205198,117,35.0377,36.139,1.1013
100M,chip_116_346_merged.tif,0.6,1,1522598567,117,35.3962,36.4601,1.0639
100M,chip_116_346_merged.tif,0.6,2,1042653049,117,35.0847,36.2644,1.1796
100M,chip_116_346_merged.tif,0.6,3,662046418,117,35.2264,36.0518,0.8254
100M,chip_116_346_merged.tif,0.6,4,182100900,117,35.2059,36.1971,0.9912
100M,chip_116_346_merged.tif,0.8,0,1420613002,156,34.8754,35.0914,0.216
100M,chip_116_346_merged.tif,0.8,1,1040006371,156,34.751,35.0632,0.3122
100M,chip_116_346_merged.tif,0.8,2,659399740,156,34.7573,35.4758,0.7185
100M,chip_116_346_merged.tif,0.8,3,179454222,156,34.8024,35.1613,0.3589
100M,chip_116_346_merged.tif,0.8,4,1946331239,156,34.5339,35.6021,1.0681
100M,chip_116_447_merged.tif,0.2,0,1584613223,39,35.5617,39.8741,4.3124
100M,chip_116_447_merged.tif,0.2,1,1104667705,39,38.9289,39.1454,0.2165
100M,chip_116_447_merged.tif,0.2,2,724061074,39,39.2457,39.4544,0.2087
100M,chip_116_447_merged.tif,0.2,3,343454443,39,39.1887,38.8199,-0.3687
100M,chip_116_447_merged.tif,0.2,4,2010992573,39,37.6168,39.9044,2.2876
100M,chip_116_447_merged.tif,0.4,0,519338153,78,38.4003,39.5413,1.141
100M,chip_116_447_merged.tif,0.4,1,138731522,78,38.1384,37.9901,-0.1483
100M,chip_116_447_merged.tif,0.4,2,1905608539,78,36.267,39.7627,3.4957
100M,chip_116_447_merged.tif,0.4,3,1425663021,78,36.47,40.1828,3.7127
100M,chip_116_447_merged.tif,0.4,4,1045056390,78,38.7135,39.5504,0.8369
100M,chip_116_447_merged.tif,0.6,0,680699683,117,36.2425,39.0078,2.7653
100M,chip_116_447_merged.tif,0.6,1,200754165,117,36.9405,38.9691,2.0286
100M,chip_116_447_merged.tif,0.6,2,1967631182,117,37.8725,39.2047,1.3322
100M,chip_116_447_merged.tif,0.6,3,1487685664,117,38.2678,39.4653,1.1975
100M,chip_116_447_merged.tif,0.6,4,1107079033,117,37.8746,38.1324,0.2578
100M,chip_116_447_merged.tif,0.8,0,198107487,156,36.4018,37.808,1.4063
100M,chip_116_447_merged.tif,0.8,1,1865645617,156,36.3658,38.341,1.9752
100M,chip_116_447_merged.tif,0.8,2,1485038986,156,37.1849,37.7442,0.5592
100M,chip_116_447_merged.tif,0.8,3,1104432355,156,36.7123,38.1078,1.3955
100M,chip_116_447_merged.tif,0.8,4,624486837,156,36.377,37.0676,0.6906
100M,chip_116_448_merged.tif,0.2,0,1460936003,39,36.9947,38.1102,1.1155
100M,chip_116_448_merged.tif,0.2,1,1080329372,39,37.3766,38.5267,1.1501
100M,chip_116_448_merged.tif,0.2,2,600383854,39,37.2678,39.7989,2.5311
100M,chip_116_448_merged.tif,0.2,3,219777223,39,36.9725,39.0242,2.0518
100M,chip_116_448_merged.tif,0.2,4,1986654240,39,36.868,39.4092,2.5412
100M,chip_116_448_merged.tif,0.4,0,1300320670,78,36.8996,38.629,1.7294
100M,chip_116_448_merged.tif,0.4,1,919714039,78,36.4774,37.9245,1.4471
100M,chip_116_448_merged.tif,0.4,2,439768521,78,37.4198,38.3522,0.9324
100M,chip_116_448_merged.tif,0.4,3,59161890,78,37.5135,38.8442,1.3307
100M,chip_116_448_merged.tif,0.4,4,1726700020,78,36.1577,38.6911,2.5334
100M,chip_116_448_merged.tif,0.6,0,557022463,117,37.1333,38.2383,1.1051
100M,chip_116_448_merged.tif,0.6,1,176415832,117,37.0834,37.553,0.4697
100M,chip_116_448_merged.tif,0.6,2,1843953962,117,35.2611,38.555,3.2939
100M,chip_116_448_merged.tif,0.6,3,1463347331,117,37.0847,37.7574,0.6727
100M,chip_116_448_merged.tif,0.6,4,983401813,117,35.2547,36.2697,1.015
100M,chip_116_448_merged.tif,0.8,0,74430267,156,36.8677,38.122,1.2543
100M,chip_116_448_merged.tif,0.8,1,1841307284,156,36.8595,37.9798,1.1204
100M,chip_116_448_merged.tif,0.8,2,1361361766,156,35.1212,36.3301,1.2088
100M,chip_116_448_merged.tif,0.8,3,980755135,156,36.6452,36.7237,0.0785
100M,chip_116_448_merged.tif,0.8,4,600148504,156,35.7647,37.1433,1.3786
100M,chip_117_438_merged.tif,0.2,0,1587294993,39,31.6555,34.6725,3.0171
100M,chip_117_438_merged.tif,0.2,1,1107349475,39,32.228,33.9778,1.7498
100M,chip_117_438_merged.tif,0.2,2,726742844,39,31.423,34.3482,2.9253
100M,chip_117_438_merged.tif,0.2,3,246797326,39,32.685,33.7959,1.1109
100M,chip_117_438_merged.tif,0.2,4,2013674343,39,30.7783,34.4797,3.7013
100M,chip_117_438_merged.tif,0.4,0,1327340773,78,32.397,33.5485,1.1515
100M,chip_117_438_merged.tif,0.4,1,946734142,78,30.6494,34.4042,3.7548
100M,chip_117_438_merged.tif,0.4,2,566127511,78,31.8264,34.265,2.4386
100M,chip_117_438_merged.tif,0.4,3,86181993,78,32.3259,33.5124,1.1865
100M,chip_117_438_merged.tif,0.4,4,1853059010,78,31.576,34.5414,2.9654
100M,chip_117_438_merged.tif,0.6,0,584042566,117,31.1107,33.3402,2.2295
100M,chip_117_438_merged.tif,0.6,1,203435935,117,31.298,32.9362,1.6381
100M,chip_117_438_merged.tif,0.6,2,1970312952,117,31.3832,33.1456,1.7624
100M,chip_117_438_merged.tif,0.6,3,1490367434,117,31.9276,33.044,1.1164
100M,chip_117_438_merged.tif,0.6,4,1109760803,117,31.9331,32.6223,0.6892
100M,chip_117_438_merged.tif,0.8,0,200789257,156,30.4634,31.3056,0.8422
100M,chip_117_438_merged.tif,0.8,1,1868327387,156,30.4522,31.9531,1.5008
100M,chip_117_438_merged.tif,0.8,2,1487720756,156,30.933,32.1278,1.1948
100M,chip_117_438_merged.tif,0.8,3,1007775238,156,31.5072,32.2459,0.7388
100M,chip_117_438_merged.tif,0.8,4,627168607,156,30.475,32.0617,1.5867
100M,chip_118_448_merged.tif,0.2,0,2008067573,39,36.9982,36.8292,-0.169
100M,chip_118_448_merged.tif,0.2,1,1627460942,39,36.4454,38.5283,2.0829
100M,chip_118_448_merged.tif,0.2,2,1147515424,39,37.346,38.4417,1.0957
100M,chip_118_448_merged.tif,0.2,3,766908793,39,38.0094,38.1591,0.1497
100M,chip_118_448_merged.tif,0.2,4,386302162,39,35.4274,37.5496,2.1222
100M,chip_118_448_merged.tif,0.4,0,1847452240,78,36.7752,37.5624,0.7872
100M,chip_118_448_merged.tif,0.4,1,1466845609,78,37.0948,37.9615,0.8667
100M,chip_118_448_merged.tif,0.4,2,986900091,78,36.7342,37.3217,0.5875
100M,chip_118_448_merged.tif,0.4,3,606293460,78,36.6791,38.0691,1.39
100M,chip_118_448_merged.tif,0.4,4,126347942,78,34.8522,38.6819,3.8298
100M,chip_118_448_merged.tif,0.6,0,1104154033,117,36.5568,37.6317,1.0749
100M,chip_118_448_merged.tif,0.6,1,723547402,117,36.9104,36.6802,-0.2302
100M,chip_118_448_merged.tif,0.6,2,243601884,117,37.145,38.0739,0.9288
100M,chip_118_448_merged.tif,0.6,3,2010478901,117,35.2439,37.5519,2.308
100M,chip_118_448_merged.tif,0.6,4,1530533383,117,36.5591,37.2574,0.6984
100M,chip_118_448_merged.tif,0.8,0,621561837,156,35.4525,36.5787,1.1262
100M,chip_118_448_merged.tif,0.8,1,240955206,156,35.0901,36.8843,1.7942
100M,chip_118_448_merged.tif,0.8,2,1908493336,156,35.1381,37.0726,1.9345
100M,chip_118_448_merged.tif,0.8,3,1527886705,156,35.4514,36.2994,0.8479
100M,chip_118_448_merged.tif,0.8,4,1147280074,156,35.1553,36.0208,0.8655
100M,chip_119_126_merged.tif,0.2,0,1045083369,39,37.8637,38.0868,0.2231
100M,chip_119_126_merged.tif,0.2,1,565137851,39,37.8657,37.8429,-0.0228
100M,chip_119_126_merged.tif,0.2,2,184531220,39,34.1335,39.8421,5.7086
100M,chip_119_126_merged.tif,0.2,3,1951408237,39,33.3163,38.4812,5.1648
100M,chip_119_126_merged.tif,0.2,4,1471462719,39,36.427,38.0763,1.6494
100M,chip_119_126_merged.tif,0.4,0,884468036,78,33.4278,36.5614,3.1336
100M,chip_119_126_merged.tif,0.4,1,404522518,78,32.7197,36.7091,3.9894
100M,chip_119_126_merged.tif,0.4,2,23915887,78,34.8609,37.1963,2.3354
100M,chip_119_126_merged.tif,0.4,3,1691454017,78,33.3351,37.7024,4.3673
100M,chip_119_126_merged.tif,0.4,4,1310847386,78,33.5246,36.8488,3.3242
100M,chip_119_126_merged.tif,0.6,0,141169829,117,33.3295,36.4071,3.0776
100M,chip_119_126_merged.tif,0.6,1,1808707959,117,33.2591,35.7328,2.4737
100M,chip_119_126_merged.tif,0.6,2,1428101328,117,33.2016,36.3019,3.1003
100M,chip_119_126_merged.tif,0.6,3,948155810,117,33.8211,35.4848,1.6638
100M,chip_119_126_merged.tif,0.6,4,567549179,117,33.3657,36.8583,3.4925
100M,chip_119_126_merged.tif,0.8,0,1806061281,156,33.4864,35.2457,1.7593
100M,chip_119_126_merged.tif,0.8,1,1326115763,156,33.3236,34.3605,1.0369
100M,chip_119_126_merged.tif,0.8,2,945509132,156,33.172,34.7713,1.5993
100M,chip_119_126_merged.tif,0.8,3,564902501,156,32.6744,34.5123,1.8379
100M,chip_119_126_merged.tif,0.8,4,84956983,156,32.6791,33.9078,1.2287
100M,chip_119_323_merged.tif,0.2,0,316076292,39,31.7275,32.4271,0.6996
100M,chip_119_323_merged.tif,0.2,1,2082953309,39,32.1299,33.8556,1.7256
100M,chip_119_323_merged.tif,0.2,2,1702346678,39,32.0429,31.8735,-0.1694
100M,chip_119_323_merged.tif,0.2,3,1222401160,39,31.2958,32.5122,1.2165
100M,chip_119_323_merged.tif,0.2,4,841794529,39,31.5635,33.4749,1.9114
100M,chip_119_323_merged.tif,0.4,0,155460959,78,30.7747,32.4453,1.6706
100M,chip_119_323_merged.tif,0.4,1,1922337976,78,31.2675,33.2046,1.9371
100M,chip_119_323_merged.tif,0.4,2,1442392458,78,30.61,32.5293,1.9192
100M,chip_119_323_merged.tif,0.4,3,1061785827,78,31.5843,32.456,0.8717
100M,chip_119_323_merged.tif,0.4,4,681179196,78,30.4981,32.2742,1.7761
100M,chip_119_323_merged.tif,0.6,0,1559646400,117,30.749,31.4432,0.6942
100M,chip_119_323_merged.tif,0.6,1,1179039769,117,31.6616,31.5838,-0.0777
100M,chip_119_323_merged.tif,0.6,2,699094251,117,30.7428,32.1396,1.3968
100M,chip_119_323_merged.tif,0.6,3,318487620,117,31.469,31.4933,0.0243
100M,chip_119_323_merged.tif,0.6,4,2085364637,117,29.988,31.4752,1.4872
100M,chip_119_323_merged.tif,0.8,0,1077054204,156,30.7463,31.4741,0.7278
100M,chip_119_323_merged.tif,0.8,1,696447573,156,30.5163,31.1794,0.6631
100M,chip_119_323_merged.tif,0.8,2,315840942,156,30.9896,30.9381,-0.0514
100M,chip_119_323_merged.tif,0.8,3,1983379072,156,30.5121,31.3244,0.8123
100M,chip_119_323_merged.tif,0.8,4,1602772441,156,30.5067,31.2309,0.7242
100M,chip_119_505_merged.tif,0.2,0,1332484276,39,32.0748,35.8079,3.733
100M,chip_119_505_merged.tif,0.2,1,951877645,39,32.0753,35.6541,3.5788
100M,chip_119_505_merged.tif,0.2,2,571271014,39,33.779,34.6431,0.8641
100M,chip_119_505_merged.tif,0.2,3,91325496,39,33.0555,35.2473,2.1918
100M,chip_119_505_merged.tif,0.2,4,1858202513,39,34.0071,35.1457,1.1387
100M,chip_119_505_merged.tif,0.4,0,366548093,78,31.5015,34.8234,3.3219
100M,chip_119_505_merged.tif,0.4,1,2133425110,78,30.7153,34.6142,3.8989
100M,chip_119_505_merged.tif,0.4,2,1653479592,78,31.9764,33.1943,1.218
100M,chip_119_505_merged.tif,0.4,3,1272872961,78,32.0617,34.1188,2.0571
100M,chip_119_505_merged.tif,0.4,4,792927443,78,32.2348,34.1116,1.8768
100M,chip_119_505_merged.tif,0.6,0,428570736,117,31.2317,34.0056,2.7739
100M,chip_119_505_merged.tif,0.6,1,47964105,117,31.8823,33.609,1.7267
100M,chip_119_505_merged.tif,0.6,2,1715502235,117,31.6964,33.886,2.1896
100M,chip_119_505_merged.tif,0.6,3,1334895604,117,31.8681,32.6193,0.7512
100M,chip_119_505_merged.tif,0.6,4,954288973,117,31.1694,33.9032,2.7338
100M,chip_119_505_merged.tif,0.8,0,2093462188,156,31.1937,32.8901,1.6964
100M,chip_119_505_merged.tif,0.8,1,1712855557,156,31.2329,31.8307,0.5978
100M,chip_119_505_merged.tif,0.8,2,1332248926,156,31.2152,32.5182,1.3031
100M,chip_119_505_merged.tif,0.8,3,852303408,156,31.5689,32.5681,0.9992
100M,chip_119_505_merged.tif,0.8,4,471696777,156,31.417,32.9746,1.5576
100M,chip_120_559_merged.tif,0.2,0,1647144822,39,39.8084,40.9748,1.1664
100M,chip_120_559_merged.tif,0.2,1,1167199304,39,40.2806,40.7277,0.447
100M,chip_120_559_merged.tif,0.2,2,786592673,39,39.5631,40.4974,0.9343
100M,chip_120_559_merged.tif,0.2,3,306647155,39,38.136,41.2413,3.1053
100M,chip_120_559_merged.tif,0.2,4,2073524172,39,40.1463,39.8522,-0.2941
100M,chip_120_559_merged.tif,0.4,0,1387190602,78,39.7377,40.4975,0.7598
100M,chip_120_559_merged.tif,0.4,1,1006583971,78,37.7589,40.9552,3.1963
100M,chip_120_559_merged.tif,0.4,2,625977340,78,38.1212,39.7684,1.6472
100M,chip_120_559_merged.tif,0.4,3,146031822,78,38.9591,39.7534,0.7943
100M,chip_120_559_merged.tif,0.4,4,1912908839,78,38.167,40.2398,2.0728
100M,chip_120_559_merged.tif,0.6,0,643892395,117,38.0154,39.9905,1.9751
100M,chip_120_559_merged.tif,0.6,1,263285764,117,38.5322,39.561,1.0288
100M,chip_120_559_merged.tif,0.6,2,2030162781,117,39.0136,39.4752,0.4616
100M,chip_120_559_merged.tif,0.6,3,1550217263,117,37.8179,38.8939,1.076
100M,chip_120_559_merged.tif,0.6,4,1169610632,117,39.0006,39.0067,0.0061
100M,chip_120_559_merged.tif,0.8,0,260639086,156,38.0537,39.4096,1.3559
100M,chip_120_559_merged.tif,0.8,1,1928177216,156,37.6001,38.4498,0.8497
100M,chip_120_559_merged.tif,0.8,2,1547570585,156,37.6459,38.3205,0.6745
100M,chip_120_559_merged.tif,0.8,3,1067625067,156,37.6543,38.0116,0.3574
100M,chip_120_559_merged.tif,0.8,4,687018436,156,38.1072,38.3307,0.2235
100M,chip_121_466_merged.tif,0.2,0,448634045,39,33.3844,33.9706,0.5862
100M,chip_121_466_merged.tif,0.2,1,2116172175,39,33.1979,33.9403,0.7424
100M,chip_121_466_merged.tif,0.2,2,1735565544,39,33.3855,33.7358,0.3503
100M,chip_121_466_merged.tif,0.2,3,1354958913,39,31.3621,34.4198,3.0577
100M,chip_121_466_merged.tif,0.2,4,875013395,39,34.0192,34.1856,0.1664
100M,chip_121_466_merged.tif,0.4,0,1530842623,78,32.0008,33.6954,1.6946
100M,chip_121_466_merged.tif,0.4,1,1150235992,78,32.0209,34.882,2.861
100M,chip_121_466_merged.tif,0.4,2,769629361,78,32.2927,34.1382,1.8454
100M,chip_121_466_merged.tif,0.4,3,289683843,78,32.464,34.2342,1.7701
100M,chip_121_466_merged.tif,0.4,4,2056560860,78,32.1429,33.7698,1.6269
100M,chip_121_466_merged.tif,0.6,0,1692204153,117,32.2076,33.2289,1.0214
100M,chip_121_466_merged.tif,0.6,1,1212258635,117,32.1538,33.3927,1.2389
100M,chip_121_466_merged.tif,0.6,2,831652004,117,32.1503,33.5047,1.3544
100M,chip_121_466_merged.tif,0.6,3,351706486,117,31.5855,33.5413,1.9557
100M,chip_121_466_merged.tif,0.6,4,2118583503,117,31.9464,33.6105,1.6641
100M,chip_121_466_merged.tif,0.8,0,1209611957,156,32.1924,32.5337,0.3413
100M,chip_121_466_merged.tif,0.8,1,729666439,156,32.166,32.5528,0.3869
100M,chip_121_466_merged.tif,0.8,2,349059808,156,32.0374,33.0085,0.9711
100M,chip_121_466_merged.tif,0.8,3,2115936825,156,32.0673,32.95,0.8827
100M,chip_121_466_merged.tif,0.8,4,1635991307,156,32.0658,33.0194,0.9536
100M,chip_122_507_merged.tif,0.2,0,1414638939,39,31.1273,32.8055,1.6782
100M,chip_122_507_merged.tif,0.2,1,934693421,39,30.7027,34.0796,3.3769
100M,chip_122_507_merged.tif,0.2,2,554086790,39,29.3807,33.0422,3.6614
100M,chip_122_507_merged.tif,0.2,3,74141272,39,29.415,33.8174,4.4024
100M,chip_122_507_merged.tif,0.2,4,1841018289,39,30.8792,33.9891,3.1099
100M,chip_122_507_merged.tif,0.4,0,349363869,78,29.8901,33.3291,3.439
100M,chip_122_507_merged.tif,0.4,1,2116240886,78,29.8912,33.923,4.0318
100M,chip_122_507_merged.tif,0.4,2,1636295368,78,30.9651,33.512,2.5469
100M,chip_122_507_merged.tif,0.4,3,1255688737,78,30.4952,33.3554,2.8602
100M,chip_122_507_merged.tif,0.4,4,875082106,78,30.1629,32.5756,2.4127
100M,chip_122_507_merged.tif,0.6,0,510725399,117,29.6602,32.1968,2.5366
100M,chip_122_507_merged.tif,0.6,1,30779881,117,29.9473,31.7573,1.81
100M,chip_122_507_merged.tif,0.6,2,1797656898,117,29.3858,32.5189,3.133
100M,chip_122_507_merged.tif,0.6,3,1317711380,117,29.5694,31.698,2.1286
100M,chip_122_507_merged.tif,0.6,4,937104749,117,29.5729,32.7632,3.1904
100M,chip_122_507_merged.tif,0.8,0,28133203,156,29.8589,30.7236,0.8647
100M,chip_122_507_merged.tif,0.8,1,1695671333,156,29.7866,30.9108,1.1242
100M,chip_122_507_merged.tif,0.8,2,1315064702,156,29.6992,30.99,1.2908
100M,chip_122_507_merged.tif,0.8,3,835119184,156,29.8222,31.1707,1.3485
100M,chip_122_507_merged.tif,0.8,4,454512553,156,29.5905,31.0525,1.462
100M,chip_123_393_merged.tif,0.2,0,537000070,39,34.2703,36.9707,2.7004
100M,chip_123_393_merged.tif,0.2,1,57054552,39,34.3616,37.0694,2.7078
100M,chip_123_393_merged.tif,0.2,2,1823931569,39,34.7545,37.0704,2.3159
100M,chip_123_393_merged.tif,0.2,3,1343986051,39,35.1158,36.8481,1.7324
100M,chip_123_393_merged.tif,0.2,4,963379420,39,35.2602,36.5341,1.2739
100M,chip_123_393_merged.tif,0.4,0,1619208648,78,34.3347,35.8729,1.5383
100M,chip_123_393_merged.tif,0.4,1,1238602017,78,36.2624,36.4929,0.2305
100M,chip_123_393_merged.tif,0.4,2,758656499,78,36.2628,36.8503,0.5875
100M,chip_123_393_merged.tif,0.4,3,378049868,78,34.6383,36.4866,1.8484
100M,chip_123_393_merged.tif,0.4,4,2045587998,78,34.0499,36.9278,2.8779
100M,chip_123_393_merged.tif,0.6,0,875910441,117,36.1591,35.9525,-0.2066
100M,chip_123_393_merged.tif,0.6,1,495303810,117,34.5838,36.9938,2.41
100M,chip_123_393_merged.tif,0.6,2,15358292,117,34.2795,36.5292,2.2498
100M,chip_123_393_merged.tif,0.6,3,1782235309,117,34.5273,36.3547,1.8274
100M,chip_123_393_merged.tif,0.6,4,1302289791,117,34.2867,36.728,2.4413
100M,chip_123_393_merged.tif,0.8,0,393318245,156,34.9534,35.8091,0.8557
100M,chip_123_393_merged.tif,0.8,1,12711614,156,34.1859,35.5879,1.402
100M,chip_123_393_merged.tif,0.8,2,1680249744,156,35.1761,36.0688,0.8927
100M,chip_123_393_merged.tif,0.8,3,1299643113,156,34.5308,35.6398,1.109
100M,chip_123_393_merged.tif,0.8,4,919036482,156,34.1945,35.1558,0.9613
100M,chip_123_434_merged.tif,0.2,0,1158469743,39,38.8765,40.1258,1.2494
100M,chip_123_434_merged.tif,0.2,1,777863112,39,38.8747,41.0201,2.1454
100M,chip_123_434_merged.tif,0.2,2,397256481,39,38.3615,39.8459,1.4844
100M,chip_123_434_merged.tif,0.2,3,2064794611,39,37.7152,38.8214,1.1062
100M,chip_123_434_merged.tif,0.2,4,1684187980,39,37.5547,39.9114,2.3567
100M,chip_123_434_merged.tif,0.4,0,997854410,78,34.6336,39.4245,4.7909
100M,chip_123_434_merged.tif,0.4,1,617247779,78,35.4879,39.3293,3.8414
100M,chip_123_434_merged.tif,0.4,2,137302261,78,38.3408,37.6498,-0.6909
100M,chip_123_434_merged.tif,0.4,3,1904179278,78,33.5435,39.3739,5.8304
100M,chip_123_434_merged.tif,0.4,4,1424233760,78,34.9481,39.3792,4.4311
100M,chip_123_434_merged.tif,0.6,0,254556203,117,37.5282,39.239,1.7108
100M,chip_123_434_merged.tif,0.6,1,2021433220,117,35.3787,36.8862,1.5076
100M,chip_123_434_merged.tif,0.6,2,1541487702,117,37.5646,37.2871,-0.2775
100M,chip_123_434_merged.tif,0.6,3,1160881071,117,34.5227,36.6659,2.1431
100M,chip_123_434_merged.tif,0.6,4,680935553,117,34.6524,39.5995,4.9471
100M,chip_123_434_merged.tif,0.8,0,1919447655,156,35.1648,35.1954,0.0305
100M,chip_123_434_merged.tif,0.8,1,1538841024,156,35.2254,37.9817,2.7564
100M,chip_123_434_merged.tif,0.8,2,1158234393,156,35.1172,38.7836,3.6664
100M,chip_123_434_merged.tif,0.8,3,678288875,156,35.1998,37.3356,2.1358
100M,chip_123_434_merged.tif,0.8,4,297682244,156,35.0671,36.2483,1.1811
100M,chip_123_448_merged.tif,0.2,0,194197700,39,37.7314,38.9907,1.2593
100M,chip_123_448_merged.tif,0.2,1,1961074717,39,39.0642,38.5174,-0.5469
100M,chip_123_448_merged.tif,0.2,2,1580468086,39,38.3274,38.3221,-0.0053
100M,chip_123_448_merged.tif,0.2,3,1100522568,39,38.5967,37.9198,-0.6769
100M,chip_123_448_merged.tif,0.2,4,719915937,39,37.3622,38.5154,1.1531
100M,chip_123_448_merged.tif,0.4,0,33582367,78,37.499,38.3535,0.8545
100M,chip_123_448_merged.tif,0.4,1,1800459384,78,37.5516,38.2483,0.6967
100M,chip_123_448_merged.tif,0.4,2,1320513866,78,37.034,38.2097,1.1756
100M,chip_123_448_merged.tif,0.4,3,939907235,78,38.3114,38.6397,0.3283
100M,chip_123_448_merged.tif,0.4,4,559300604,78,37.8872,37.4749,-0.4123
100M,chip_123_448_merged.tif,0.6,0,1437767808,117,37.9789,37.9166,-0.0622
100M,chip_123_448_merged.tif,0.6,1,1057161177,117,38.0632,37.9533,-0.1099
100M,chip_123_448_merged.tif,0.6,2,577215659,117,37.9585,37.8306,-0.1278
100M,chip_123_448_merged.tif,0.6,3,196609028,117,37.2834,37.7777,0.4943
100M,chip_123_448_merged.tif,0.6,4,1963486045,117,38.0801,38.0715,-0.0086
100M,chip_123_448_merged.tif,0.8,0,955175612,156,37.4658,37.6779,0.2121
100M,chip_123_448_merged.tif,0.8,1,574568981,156,37.7345,37.3212,-0.4133
100M,chip_123_448_merged.tif,0.8,2,193962350,156,37.4176,37.3718,-0.0457
100M,chip_123_448_merged.tif,0.8,3,1861500480,156,36.585,37.656,1.071
100M,chip_123_448_merged.tif,0.8,4,1480893849,156,36.5804,37.2894,0.7091
100M,chip_123_507_merged.tif,0.2,0,2022809603,39,30.802,34.0846,3.2826
100M,chip_123_507_merged.tif,0.2,1,1642202972,39,29.8684,31.8372,1.9688
100M,chip_123_507_merged.tif,0.2,2,1162257454,39,31.9676,33.6249,1.6574
100M,chip_123_507_merged.tif,0.2,3,781650823,39,31.1143,33.8015,2.6872
100M,chip_123_507_merged.tif,0.2,4,301705305,39,31.6087,33.0269,1.4181
100M,chip_123_507_merged.tif,0.4,0,1056873420,78,30.0376,32.6671,2.6295
100M,chip_123_507_merged.tif,0.4,1,576927902,78,30.2358,32.4733,2.2375
100M,chip_123_507_merged.tif,0.4,2,196321271,78,29.7162,32.0865,2.3703
100M,chip_123_507_merged.tif,0.4,3,1863859401,78,29.9384,32.2591,2.3207
100M,chip_123_507_merged.tif,0.4,4,1483252770,78,30.428,32.2345,1.8065
100M,chip_123_507_merged.tif,0.6,0,1118896063,117,29.3151,31.307,1.992
100M,chip_123_507_merged.tif,0.6,1,738289432,117,29.8484,31.7715,1.923
100M,chip_123_507_merged.tif,0.6,2,258343914,117,29.2155,31.7071,2.4917
100M,chip_123_507_merged.tif,0.6,3,2025220931,117,29.3321,31.0401,1.708
100M,chip_123_507_merged.tif,0.6,4,1545275413,117,29.3298,31.0453,1.7155
100M,chip_123_507_merged.tif,0.8,0,636303867,156,29.3488,30.6562,1.3074
100M,chip_123_507_merged.tif,0.8,1,255697236,156,29.3473,30.2671,0.9198
100M,chip_123_507_merged.tif,0.8,2,1923235366,156,28.8444,30.7807,1.9362
100M,chip_123_507_merged.tif,0.8,3,1542628735,156,29.6488,30.432,0.7831
100M,chip_123_507_merged.tif,0.8,4,1062683217,156,28.859,29.6283,0.7693
100M,chip_123_560_merged.tif,0.2,0,835749987,39,39.9343,41.7418,1.8074
100M,chip_123_560_merged.tif,0.2,1,455143356,39,39.9323,41.7451,1.8128
100M,chip_123_560_merged.tif,0.2,2,2122681486,39,40.9401,42.4722,1.5321
100M,chip_123_560_merged.tif,0.2,3,1742074855,39,40.421,41.5013,1.0803
100M,chip_123_560_merged.tif,0.2,4,1262129337,39,41.2793,42.6826,1.4033
100M,chip_123_560_merged.tif,0.4,0,675134654,78,41.1788,42.5257,1.3469
100M,chip_123_560_merged.tif,0.4,1,195189136,78,42.1004,41.7629,-0.3375
100M,chip_123_560_merged.tif,0.4,2,1962066153,78,39.598,42.5222,2.9242
100M,chip_123_560_merged.tif,0.4,3,1482120635,78,41.513,41.7349,0.2219
100M,chip_123_560_merged.tif,0.4,4,1101514004,78,41.775,41.6449,-0.1301
100M,chip_123_560_merged.tif,0.6,0,2079320095,117,41.043,41.3981,0.3551
100M,chip_123_560_merged.tif,0.6,1,1599374577,117,40.2687,41.0573,0.7887
100M,chip_123_560_merged.tif,0.6,2,1218767946,117,40.7018,41.1678,0.4659
100M,chip_123_560_merged.tif,0.6,3,738822428,117,40.2557,41.2592,1.0035
100M,chip_123_560_merged.tif,0.6,4,358215797,117,40.3536,41.4951,1.1415
100M,chip_123_560_merged.tif,0.8,0,1596727899,156,40.3209,40.5455,0.2246
100M,chip_123_560_merged.tif,0.8,1,1216121268,156,40.7994,41.1457,0.3463
100M,chip_123_560_merged.tif,0.8,2,736175750,156,40.5343,40.9481,0.4138
100M,chip_123_560_merged.tif,0.8,3,355569119,156,40.5666,41.6118,1.0453
100M,chip_123_560_merged.tif,0.8,4,2023107249,156,40.5112,40.844,0.3328
100M,chip_124_123_merged.tif,0.2,0,114624796,39,34.2941,37.6928,3.3987
100M,chip_124_123_merged.tif,0.2,1,1881501813,39,31.6361,38.1911,6.555
100M,chip_124_123_merged.tif,0.2,2,1401556295,39,33.448,38.2641,4.8161
100M,chip_124_123_merged.tif,0.2,3,1020949664,39,34.2938,37.1802,2.8864
100M,chip_124_123_merged.tif,0.2,4,640343033,39,31.6353,38.3936,6.7582
100M,chip_124_123_merged.tif,0.4,0,2101493111,78,34.587,36.612,2.025
100M,chip_124_123_merged.tif,0.4,1,1720886480,78,35.0184,36.8248,1.8064
100M,chip_124_123_merged.tif,0.4,2,1240940962,78,32.7164,36.8065,4.0901
100M,chip_124_123_merged.tif,0.4,3,860334331,78,35.0846,37.2529,2.1683
100M,chip_124_123_merged.tif,0.4,4,380388813,78,32.7163,36.9172,4.2009
100M,chip_124_123_merged.tif,0.6,0,1358194904,117,31.7329,35.8503,4.1174
100M,chip_124_123_merged.tif,0.6,1,977588273,117,31.11,36.7565,5.6464
100M,chip_124_123_merged.tif,0.6,2,497642755,117,31.1144,36.755,5.6406
100M,chip_124_123_merged.tif,0.6,3,117036124,117,34.6414,37.5295,2.888
100M,chip_124_123_merged.tif,0.6,4,1784574254,117,32.7568,37.6097,4.8529
100M,chip_124_123_merged.tif,0.8,0,875602708,156,32.0376,35.063,3.0254
100M,chip_124_123_merged.tif,0.8,1,494996077,156,30.7836,32.6573,1.8737
100M,chip_124_123_merged.tif,0.8,2,15050559,156,31.0999,31.7553,0.6554
100M,chip_124_123_merged.tif,0.8,3,1781927576,156,31.0326,34.4785,3.4458
100M,chip_124_123_merged.tif,0.8,4,1401320945,156,32.7966,34.8289,2.0324
100M,chip_124_433_merged.tif,0.2,0,1483230851,39,40.3841,40.3838,-0.0003
100M,chip_124_433_merged.tif,0.2,1,1102624220,39,41.5405,39.9914,-1.5491
100M,chip_124_433_merged.tif,0.2,2,622678702,39,39.0937,39.6318,0.5381
100M,chip_124_433_merged.tif,0.2,3,242072071,39,38.0558,39.6891,1.6333
100M,chip_124_433_merged.tif,0.2,4,1909610201,39,37.8112,40.2664,2.4551
100M,chip_124_433_merged.tif,0.4,0,517294668,78,38.9643,39.5842,0.6198
100M,chip_124_433_merged.tif,0.4,1,37349150,78,38.7367,39.9864,1.2497
100M,chip_124_433_merged.tif,0.4,2,1804226167,78,37.7999,40.2537,2.4539
100M,chip_124_433_merged.tif,0.4,3,1324280649,78,38.112,39.7306,1.6186
100M,chip_124_433_merged.tif,0.4,4,943674018,78,37.7683,40.0531,2.2848
100M,chip_124_433_merged.tif,0.6,0,579317311,117,38.5518,39.291,0.7392
100M,chip_124_433_merged.tif,0.6,1,99371793,117,38.018,38.8091,0.7912
100M,chip_124_433_merged.tif,0.6,2,1866248810,117,37.2956,40.0572,2.7615
100M,chip_124_433_merged.tif,0.6,3,1485642179,117,38.0599,39.1934,1.1335
100M,chip_124_433_merged.tif,0.6,4,1005696661,117,37.7483,39.4456,1.6973
100M,chip_124_433_merged.tif,0.8,0,96725115,156,38.1924,39.0176,0.8252
100M,chip_124_433_merged.tif,0.8,1,1863602132,156,37.6137,38.9262,1.3125
100M,chip_124_433_merged.tif,0.8,2,1383656614,156,37.6943,39.0982,1.4039
100M,chip_124_433_merged.tif,0.8,3,1003049983,156,37.6991,38.899,1.2
100M,chip_124_433_merged.tif,0.8,4,523104465,156,38.2033,38.8595,0.6562
100M,chip_124_441_merged.tif,0.2,0,461439683,39,37.7744,39.1762,1.4018
100M,chip_124_441_merged.tif,0.2,1,80833052,39,39.0844,39.2335,0.1491
100M,chip_124_441_merged.tif,0.2,2,1847710069,39,38.3719,39.1817,0.8098
100M,chip_124_441_merged.tif,0.2,3,1367764551,39,39.448,38.8758,-0.5722
100M,chip_124_441_merged.tif,0.2,4,987157920,39,37.5842,39.4159,1.8317
100M,chip_124_441_merged.tif,0.4,0,1642987148,78,38.1666,38.7975,0.6309
100M,chip_124_441_merged.tif,0.4,1,1262380517,78,37.8562,38.8111,0.9549
100M,chip_124_441_merged.tif,0.4,2,782434999,78,37.5777,38.8192,1.2415
100M,chip_124_441_merged.tif,0.4,3,401828368,78,38.1079,39.6727,1.5648
100M,chip_124_441_merged.tif,0.4,4,2069366498,78,38.7838,38.8662,0.0825
100M,chip_124_441_merged.tif,0.6,0,1705009791,117,38.2781,39.0166,0.7385
100M,chip_124_441_merged.tif,0.6,1,1324403160,117,38.2368,38.9902,0.7534
100M,chip_124_441_merged.tif,0.6,2,844457642,117,37.4543,38.7163,1.2619
100M,chip_124_441_merged.tif,0.6,3,463851011,117,37.8712,38.3489,0.4777
100M,chip_124_441_merged.tif,0.6,4,83244380,117,38.323,39.1388,0.8158
100M,chip_124_441_merged.tif,0.8,0,1222417595,156,37.0607,38.3734,1.3127
100M,chip_124_441_merged.tif,0.8,1,841810964,156,37.6415,38.4559,0.8144
100M,chip_124_441_merged.tif,0.8,2,461204333,156,37.2429,38.6841,1.4412
100M,chip_124_441_merged.tif,0.8,3,2128742463,156,37.0437,38.5562,1.5125
100M,chip_124_441_merged.tif,0.8,4,1748135832,156,37.2319,38.4165,1.1847
100M,chip_124_479_merged.tif,0.2,0,1506430446,39,34.1352,35.9399,1.8048
100M,chip_124_479_merged.tif,0.2,1,1125823815,39,31.8985,34.9562,3.0577
100M,chip_124_479_merged.tif,0.2,2,745217184,39,32.7848,33.5445,0.7598
100M,chip_124_479_merged.tif,0.2,3,265271666,39,31.7885,34.6219,2.8333
100M,chip_124_479_merged.tif,0.2,4,2032148683,39,31.9888,35.7718,3.783
100M,chip_124_479_merged.tif,0.4,0,1345815113,78,32.0754,33.9126,1.8372
100M,chip_124_479_merged.tif,0.4,1,965208482,78,32.7738,33.9114,1.1375
100M,chip_124_479_merged.tif,0.4,2,485262964,78,31.9442,33.8225,1.8782
100M,chip_124_479_merged.tif,0.4,3,104656333,78,32.6635,35.4916,2.8282
100M,chip_124_479_merged.tif,0.4,4,1772194463,78,31.9109,33.9654,2.0545
100M,chip_124_479_merged.tif,0.6,0,602516906,117,31.6457,34.6054,2.9596
100M,chip_124_479_merged.tif,0.6,1,221910275,117,32.071,33.2976,1.2266
100M,chip_124_479_merged.tif,0.6,2,1889448405,117,32.0369,33.7842,1.7473
100M,chip_124_479_merged.tif,0.6,3,1508841774,117,32.2443,34.2516,2.0073
100M,chip_124_479_merged.tif,0.6,4,1128235143,117,32.0521,33.2107,1.1586
100M,chip_124_479_merged.tif,0.8,0,119924710,156,31.1151,32.9857,1.8706
100M,chip_124_479_merged.tif,0.8,1,1886801727,156,31.8342,33.0209,1.1867
100M,chip_124_479_merged.tif,0.8,2,1506195096,156,31.8073,33.3793,1.572
100M,chip_124_479_merged.tif,0.8,3,1026249578,156,30.8125,32.8692,2.0567
100M,chip_124_479_merged.tif,0.8,4,645642947,156,31.3202,33.2635,1.9433
100M,chip_125_124_merged.tif,0.2,0,1620452063,39,33.2596,36.6348,3.3752
100M,chip_125_124_merged.tif,0.2,1,1239845432,39,32.169,36.1353,3.9662
100M,chip_125_124_merged.tif,0.2,2,859238801,39,33.5721,36.527,2.9549
100M,chip_125_124_merged.tif,0.2,3,379293283,39,32.2323,35.909,3.6767
100M,chip_125_124_merged.tif,0.2,4,2146170300,39,30.3057,36.4523,6.1466
100M,chip_125_124_merged.tif,0.4,0,1459836730,78,32.3749,36.2453,3.8704
100M,chip_125_124_merged.tif,0.4,1,1079230099,78,34.1241,35.8296,1.7054
100M,chip_125_124_merged.tif,0.4,2,599284581,78,32.5222,35.9979,3.4758
100M,chip_125_124_merged.tif,0.4,3,218677950,78,32.2156,35.6431,3.4276
100M,chip_125_124_merged.tif,0.4,4,1985554967,78,33.4108,34.6588,1.248
100M,chip_125_124_merged.tif,0.6,0,716538523,117,32.0903,35.0651,2.9749
100M,chip_125_124_merged.tif,0.6,1,335931892,117,32.0138,34.4459,2.4321
100M,chip_125_124_merged.tif,0.6,2,2003470022,117,32.4819,35.5777,3.0958
100M,chip_125_124_merged.tif,0.6,3,1622863391,117,32.0866,35.0907,3.0042
100M,chip_125_124_merged.tif,0.6,4,1242256760,117,32.0945,34.5422,2.4477
100M,chip_125_124_merged.tif,0.8,0,233946327,156,32.9159,33.6827,0.7668
100M,chip_125_124_merged.tif,0.8,1,2000823344,156,32.9481,32.4936,-0.4546
100M,chip_125_124_merged.tif,0.8,2,1620216713,156,32.8859,33.3578,0.4719
100M,chip_125_124_merged.tif,0.8,3,1140271195,156,32.9978,33.4407,0.443
100M,chip_125_124_merged.tif,0.8,4,759664564,156,32.5402,33.2988,0.7586
100M,chip_125_433_merged.tif,0.2,0,983798491,39,39.3707,41.1598,1.7891
100M,chip_125_433_merged.tif,0.2,1,603191860,39,39.3887,41.2895,1.9007
100M,chip_125_433_merged.tif,0.2,2,123246342,39,39.694,39.2047,-0.4893
100M,chip_125_433_merged.tif,0.2,3,1890123359,39,39.6953,40.6551,0.9598
100M,chip_125_433_merged.tif,0.2,4,1410177841,39,41.0849,38.9073,-2.1776
100M,chip_125_433_merged.tif,0.4,0,823183158,78,39.0561,39.6641,0.6081
100M,chip_125_433_merged.tif,0.4,1,343237640,78,39.0559,40.8564,1.8005
100M,chip_125_433_merged.tif,0.4,2,2110114657,78,39.1038,40.0067,0.9029
100M,chip_125_433_merged.tif,0.4,3,1729508026,78,38.9415,40.1102,1.1687
100M,chip_125_433_merged.tif,0.4,4,1249562508,78,39.0838,41.0866,2.0028
100M,chip_125_433_merged.tif,0.6,0,79884951,117,39.0398,39.9853,0.9455
100M,chip_125_433_merged.tif,0.6,1,1747423081,117,38.6178,40.0035,1.3857
100M,chip_125_433_merged.tif,0.6,2,1366816450,117,38.6167,40.541,1.9242
100M,chip_125_433_merged.tif,0.6,3,986209819,117,38.8227,39.7722,0.9495
100M,chip_125_433_merged.tif,0.6,4,506264301,117,38.9918,39.6739,0.6821
100M,chip_125_433_merged.tif,0.8,0,1744776403,156,38.5669,39.0823,0.5155
100M,chip_125_433_merged.tif,0.8,1,1364169772,156,39.0527,39.1473,0.0946
100M,chip_125_433_merged.tif,0.8,2,884224254,156,38.8256,39.5386,0.713
100M,chip_125_433_merged.tif,0.8,3,503617623,156,38.1811,39.3535,1.1724
100M,chip_125_433_merged.tif,0.8,4,23672105,156,38.5574,39.4363,0.8789
100M,chip_125_436_merged.tif,0.2,0,1408341486,39,39.0874,39.8039,0.7165
100M,chip_125_436_merged.tif,0.2,1,928395968,39,38.8669,37.9504,-0.9165
100M,chip_125_436_merged.tif,0.2,2,547789337,39,34.3075,39.1686,4.8611
100M,chip_125_436_merged.tif,0.2,3,167182706,39,37.8893,38.643,0.7537
100M,chip_125_436_merged.tif,0.2,4,1834720836,39,34.0867,38.5918,4.5051
100M,chip_125_436_merged.tif,0.4,0,1247726153,78,37.9465,39.5363,1.5899
100M,chip_125_436_merged.tif,0.4,1,767780635,78,35.0994,38.4986,3.3992
100M,chip_125_436_merged.tif,0.4,2,387174004,78,37.6958,38.6308,0.9349
100M,chip_125_436_merged.tif,0.4,3,2054712134,78,35.234,38.5887,3.3547
100M,chip_125_436_merged.tif,0.4,4,1674105503,78,34.3152,38.926,4.6107
100M,chip_125_436_merged.tif,0.6,0,504427946,117,35.8304,37.3668,1.5364
100M,chip_125_436_merged.tif,0.6,1,24482428,117,34.9371,38.1022,3.165
100M,chip_125_436_merged.tif,0.6,2,1791359445,117,35.9861,38.3323,2.3462
100M,chip_125_436_merged.tif,0.6,3,1311413927,117,36.0006,36.2208,0.2201
100M,chip_125_436_merged.tif,0.6,4,930807296,117,36.0911,37.8837,1.7926
100M,chip_125_436_merged.tif,0.8,0,21835750,156,36.0341,37.0721,1.038
100M,chip_125_436_merged.tif,0.8,1,1689373880,156,36.3442,37.3643,1.0201
100M,chip_125_436_merged.tif,0.8,2,1308767249,156,35.5052,36.8649,1.3597
100M,chip_125_436_merged.tif,0.8,3,928160618,156,36.3523,37.0211,0.6689
100M,chip_125_436_merged.tif,0.8,4,448215100,156,36.0373,36.0167,-0.0205
100M,chip_125_445_merged.tif,0.2,0,264850270,39,37.0528,35.1094,-1.9433
100M,chip_125_445_merged.tif,0.2,1,1932388400,39,37.0531,40.0178,2.9648
100M,chip_125_445_merged.tif,0.2,2,1551781769,39,40.6509,40.4691,-0.1818
100M,chip_125_445_merged.tif,0.2,3,1071836251,39,39.0351,39.8433,0.8082
100M,chip_125_445_merged.tif,0.2,4,691229620,39,37.627,38.4157,0.7887
100M,chip_125_445_merged.tif,0.4,0,4896050,78,37.7025,39.0419,1.3394
100M,chip_125_445_merged.tif,0.4,1,1771773067,78,37.667,40.0362,2.3692
100M,chip_125_445_merged.tif,0.4,2,1391166436,78,40.2304,39.5239,-0.7065
100M,chip_125_445_merged.tif,0.4,3,911220918,78,39.8537,38.7459,-1.1078
100M,chip_125_445_merged.tif,0.4,4,530614287,78,37.773,39.228,1.455
100M,chip_125_445_merged.tif,0.6,0,1409081491,117,39.1153,36.6613,-2.4539
100M,chip_125_445_merged.tif,0.6,1,1028474860,117,39.0896,39.1082,0.0186
100M,chip_125_445_merged.tif,0.6,2,647868229,117,39.0493,37.1065,-1.9427
100M,chip_125_445_merged.tif,0.6,3,167922711,117,38.4901,38.5234,0.0334
100M,chip_125_445_merged.tif,0.6,4,1934799728,117,38.4912,39.2447,0.7535
100M,chip_125_445_merged.tif,0.8,0,1025828182,156,37.1392,38.5968,1.4577
100M,chip_125_445_merged.tif,0.8,1,545882664,156,38.8735,36.9362,-1.9374
100M,chip_125_445_merged.tif,0.8,2,165276033,156,37.7979,36.6882,-1.1097
100M,chip_125_445_merged.tif,0.8,3,1832814163,156,37.149,37.2683,0.1193
100M,chip_125_445_merged.tif,0.8,4,1452207532,156,38.6291,36.9887,-1.6404
100M,chip_125_503_merged.tif,0.2,0,408642547,39,34.3396,34.695,0.3554
100M,chip_125_503_merged.tif,0.2,1,28035916,39,34.3383,34.3895,0.0512
100M,chip_125_503_merged.tif,0.2,2,1695574046,39,31.2844,33.839,2.5546
100M,chip_125_503_merged.tif,0.2,3,1314967415,39,34.3387,33.9353,-0.4034
100M,chip_125_503_merged.tif,0.2,4,835021897,39,33.6429,34.7731,1.1301
100M,chip_125_503_merged.tif,0.4,0,248027214,78,32.4154,33.8986,1.4832
100M,chip_125_503_merged.tif,0.4,1,1915565344,78,29.3268,33.1139,3.7871
100M,chip_125_503_merged.tif,0.4,2,1534958713,78,28.8448,33.882,5.0372
100M,chip_125_503_merged.tif,0.4,3,1055013195,78,29.0951,33.6367,4.5416
100M,chip_125_503_merged.tif,0.4,4,674406564,78,32.3605,33.4253,1.0648
100M,chip_125_503_merged.tif,0.6,0,1652212655,117,30.3004,32.4075,2.1071
100M,chip_125_503_merged.tif,0.6,1,1172267137,117,31.6319,32.406,0.7741
100M,chip_125_503_merged.tif,0.6,2,791660506,117,30.4361,32.6236,2.1875
100M,chip_125_503_merged.tif,0.6,3,311714988,117,29.6664,32.4915,2.8252
100M,chip_125_503_merged.tif,0.6,4,2078592005,117,30.2907,32.328,2.0373
100M,chip_125_503_merged.tif,0.8,0,1169620459,156,30.3061,31.3779,1.0717
100M,chip_125_503_merged.tif,0.8,1,789013828,156,30.3173,31.6076,1.2904
100M,chip_125_503_merged.tif,0.8,2,309068310,156,30.5995,31.6474,1.048
100M,chip_125_503_merged.tif,0.8,3,2075945327,156,30.6018,32.0731,1.4713
100M,chip_125_503_merged.tif,0.8,4,1595999809,156,30.2974,30.6625,0.365
100M,chip_126_124_merged.tif,0.2,0,962959877,39,30.0096,35.11,5.1004
100M,chip_126_124_merged.tif,0.2,1,483014359,39,32.359,36.682,4.323
100M,chip_126_124_merged.tif,0.2,2,102407728,39,32.7401,34.7886,2.0486
100M,chip_126_124_merged.tif,0.2,3,1869284745,39,31.5502,35.6103,4.0601
100M,chip_126_124_merged.tif,0.2,4,1389339227,39,32.9162,35.3458,2.4296
100M,chip_126_124_merged.tif,0.4,0,2045168455,78,32.3731,33.5101,1.137
100M,chip_126_124_merged.tif,0.4,1,1664561824,78,29.7902,33.2055,3.4153
100M,chip_126_124_merged.tif,0.4,2,1184616306,78,31.5602,33.8898,2.3296
100M,chip_126_124_merged.tif,0.4,3,804009675,78,31.0128,34.2158,3.203
100M,chip_126_124_merged.tif,0.4,4,423403044,78,31.0137,34.8225,3.8088
100M,chip_126_124_merged.tif,0.6,0,59046337,117,31.7258,33.085,1.3592
100M,chip_126_124_merged.tif,0.6,1,1726584467,117,31.0777,33.0813,2.0037
100M,chip_126_124_merged.tif,0.6,2,1345977836,117,28.7875,32.9528,4.1653
100M,chip_126_124_merged.tif,0.6,3,866032318,117,29.3562,33.9145,4.5584
100M,chip_126_124_merged.tif,0.6,4,485425687,117,30.6038,33.1891,2.5853
100M,chip_126_124_merged.tif,0.8,0,1723937789,156,30.584,31.913,1.329
100M,chip_126_124_merged.tif,0.8,1,1243992271,156,29.5978,31.8609,2.2631
100M,chip_126_124_merged.tif,0.8,2,863385640,156,30.8292,32.6246,1.7954
100M,chip_126_124_merged.tif,0.8,3,482779009,156,30.8269,31.677,0.8501
100M,chip_126_124_merged.tif,0.8,4,2833491,156,30.6121,32.6054,1.9933
100M,chip_126_357_merged.tif,0.2,0,746454967,39,32.9095,35.9488,3.0393
100M,chip_126_357_merged.tif,0.2,1,365848336,39,32.7631,36.5588,3.7958
100M,chip_126_357_merged.tif,0.2,2,2132725353,39,34.7239,35.9346,1.2106
100M,chip_126_357_merged.tif,0.2,3,1652779835,39,33.8798,36.4151,2.5354
100M,chip_126_357_merged.tif,0.2,4,1272173204,39,34.3782,35.7564,1.3782
100M,chip_126_357_merged.tif,0.4,0,585839634,78,33.6006,35.5073,1.9068
100M,chip_126_357_merged.tif,0.4,1,205233003,78,32.3564,35.5622,3.2057
100M,chip_126_357_merged.tif,0.4,2,1872771133,78,33.3831,35.916,2.5329
100M,chip_126_357_merged.tif,0.4,3,1492164502,78,32.3566,34.338,1.9814
100M,chip_126_357_merged.tif,0.4,4,1111557871,78,33.3819,35.4258,2.0439
100M,chip_126_357_merged.tif,0.6,0,1990025075,117,33.8224,35.4919,1.6695
100M,chip_126_357_merged.tif,0.6,1,1609418444,117,33.7079,34.5481,0.8402
100M,chip_126_357_merged.tif,0.6,2,1129472926,117,33.1017,35.2475,2.1458
100M,chip_126_357_merged.tif,0.6,3,748866295,117,32.5158,35.2231,2.7073
100M,chip_126_357_merged.tif,0.6,4,368259664,117,32.6065,34.2647,1.6582
100M,chip_126_357_merged.tif,0.8,0,1507432879,156,32.8049,34.2335,1.4285
100M,chip_126_357_merged.tif,0.8,1,1126826248,156,32.8085,33.7033,0.8949
100M,chip_126_357_merged.tif,0.8,2,746219617,156,32.8168,34.5267,1.7099
100M,chip_126_357_merged.tif,0.8,3,266274099,156,32.7216,34.3425,1.6209
100M,chip_126_357_merged.tif,0.8,4,2033151116,156,32.3916,34.1321,1.7405
100M,chip_127_445_merged.tif,0.2,0,1875076242,39,38.441,36.5792,-1.8618
100M,chip_127_445_merged.tif,0.2,1,1395130724,39,40.2371,38.4811,-1.756
100M,chip_127_445_merged.tif,0.2,2,1014524093,39,38.6645,39.7697,1.1052
100M,chip_127_445_merged.tif,0.2,3,534578575,39,36.2359,37.2134,0.9775
100M,chip_127_445_merged.tif,0.2,4,153971944,39,38.2199,39.4431,1.2232
100M,chip_127_445_merged.tif,0.4,0,1615122022,78,38.7156,38.1826,-0.533
100M,chip_127_445_merged.tif,0.4,1,1234515391,78,36.9552,37.2215,0.2662
100M,chip_127_445_merged.tif,0.4,2,754569873,78,37.1662,37.1537,-0.0124
100M,chip_127_445_merged.tif,0.4,3,373963242,78,36.4622,37.924,1.4618
100M,chip_127_445_merged.tif,0.4,4,2140840259,78,38.9198,38.8295,-0.0903
100M,chip_127_445_merged.tif,0.6,0,871823815,117,35.9327,38.6955,2.7629
100M,chip_127_445_merged.tif,0.6,1,491217184,117,38.495,37.3378,-1.1572
100M,chip_127_445_merged.tif,0.6,2,11271666,117,36.9796,37.6612,0.6816
100M,chip_127_445_merged.tif,0.6,3,1778148683,117,38.5087,38.2979,-0.2107
100M,chip_127_445_merged.tif,0.6,4,1397542052,117,36.2111,38.1396,1.9284
100M,chip_127_445_merged.tif,0.8,0,389231619,156,36.0428,37.1585,1.1157
100M,chip_127_445_merged.tif,0.8,1,8624988,156,37.6862,36.7685,-0.9177
100M,chip_127_445_merged.tif,0.8,2,1775502005,156,37.4857,37.055,-0.4307
100M,chip_127_445_merged.tif,0.8,3,1295556487,156,36.4546,37.3192,0.8647
100M,chip_127_445_merged.tif,0.8,4,914949856,156,36.166,36.9525,0.7866
100M,chip_128_478_merged.tif,0.2,0,970478679,39,33.9319,35.2305,1.2986
100M,chip_128_478_merged.tif,0.2,1,490533161,39,33.1948,35.4623,2.2674
100M,chip_128_478_merged.tif,0.2,2,109926530,39,34.0419,35.0056,0.9637
100M,chip_128_478_merged.tif,0.2,3,1777464660,39,34.0414,35.2024,1.161
100M,chip_128_478_merged.tif,0.2,4,1396858029,39,32.1543,35.1639,3.0095
100M,chip_128_478_merged.tif,0.4,0,710524459,78,30.6903,34.3667,3.6764
100M,chip_128_478_merged.tif,0.4,1,329917828,78,30.5356,33.7318,3.1962
100M,chip_128_478_merged.tif,0.4,2,2096794845,78,30.5364,34.4518,3.9154
100M,chip_128_478_merged.tif,0.4,3,1616849327,78,31.1087,33.3506,2.2418
100M,chip_128_478_merged.tif,0.4,4,1236242696,78,31.7512,33.5969,1.8457
100M,chip_128_478_merged.tif,0.6,0,2114709900,117,29.7376,33.3044,3.5668
100M,chip_128_478_merged.tif,0.6,1,1734103269,117,30.3339,33.0662,2.7323
100M,chip_128_478_merged.tif,0.6,2,1353496638,117,30.6706,33.603,2.9325
100M,chip_128_478_merged.tif,0.6,3,873551120,117,30.7525,32.582,1.8296
100M,chip_128_478_merged.tif,0.6,4,492944489,117,31.2767,32.8776,1.6009
100M,chip_128_478_merged.tif,0.8,0,1731456591,156,30.0992,32.2837,2.1845
100M,chip_128_478_merged.tif,0.8,1,1251511073,156,30.6112,32.34,1.7288
100M,chip_128_478_merged.tif,0.8,2,870904442,156,30.4961,31.8417,1.3456
100M,chip_128_478_merged.tif,0.8,3,390958924,156,30.6099,32.6094,1.9994
100M,chip_128_478_merged.tif,0.8,4,10352293,156,30.0893,32.2448,2.1555
100M,chip_128_506_merged.tif,0.2,0,104471478,39,27.855,33.7082,5.8533
100M,chip_128_506_merged.tif,0.2,1,1871348495,39,30.031,32.1521,2.1212
100M,chip_128_506_merged.tif,0.2,2,1391402977,39,31.654,32.5492,0.8952
100M,chip_128_506_merged.tif,0.2,3,1010796346,39,30.9583,32.6076,1.6493
100M,chip_128_506_merged.tif,0.2,4,630189715,39,30.59,32.3559,1.7658
100M,chip_128_506_merged.tif,0.4,0,1286018943,78,29.699,32.6754,2.9764
100M,chip_128_506_merged.tif,0.4,1,806073425,78,30.1023,31.455,1.3527
100M,chip_128_506_merged.tif,0.4,2,425466794,78,30.6197,32.1711,1.5515
100M,chip_128_506_merged.tif,0.4,3,44860163,78,30.6686,32.4059,1.7373
100M,chip_128_506_merged.tif,0.4,4,1712398293,78,30.6595,32.2618,1.6023
100M,chip_128_506_merged.tif,0.6,0,1348041586,117,30.1848,31.4498,1.265
100M,chip_128_506_merged.tif,0.6,1,967434955,117,30.2624,31.2851,1.0228
100M,chip_128_506_merged.tif,0.6,2,487489437,117,30.4092,31.1591,0.75
100M,chip_128_506_merged.tif,0.6,3,106882806,117,30.4351,31.5012,1.0661
100M,chip_128_506_merged.tif,0.6,4,1774420936,117,30.3533,31.0834,0.7301
100M,chip_128_506_merged.tif,0.8,0,865449390,156,29.694,30.6745,0.9806
100M,chip_128_506_merged.tif,0.8,1,484842759,156,29.8413,30.3514,0.5101
100M,chip_128_506_merged.tif,0.8,2,4897241,156,29.6918,30.0925,0.4007
100M,chip_128_506_merged.tif,0.8,3,1771774258,156,29.6826,30.6358,0.9533
100M,chip_128_506_merged.tif,0.8,4,1391167627,156,29.8491,30.7939,0.9448
100M,chip_129_311_merged.tif,0.2,0,1095021417,39,35.0471,38.0437,2.9966
100M,chip_129_311_merged.tif,0.2,1,615075899,39,35.8882,37.5766,1.6884
100M,chip_129_311_merged.tif,0.2,2,234469268,39,38.7594,39.2359,0.4765
100M,chip_129_311_merged.tif,0.2,3,2001346285,39,36.7022,38.5697,1.8676
100M,chip_129_311_merged.tif,0.2,4,1521400767,39,38.4967,39.2969,0.8002
100M,chip_129_311_merged.tif,0.4,0,934406084,78,36.0106,36.6071,0.5965
100M,chip_129_311_merged.tif,0.4,1,454460566,78,35.8919,38.2996,2.4076
100M,chip_129_311_merged.tif,0.4,2,73853935,78,35.7866,37.2374,1.4508
100M,chip_129_311_merged.tif,0.4,3,1741392065,78,37.1638,37.5847,0.421
100M,chip_129_311_merged.tif,0.4,4,1360785434,78,36.7169,36.3583,-0.3586
100M,chip_129_311_merged.tif,0.6,0,191107877,117,36.4937,36.6746,0.1809
100M,chip_129_311_merged.tif,0.6,1,1858646007,117,36.1346,37.4603,1.3256
100M,chip_129_311_merged.tif,0.6,2,1478039376,117,36.9057,37.2306,0.3249
100M,chip_129_311_merged.tif,0.6,3,998093858,117,36.4921,37.3425,0.8505
100M,chip_129_311_merged.tif,0.6,4,617487227,117,36.1214,36.4394,0.318
100M,chip_129_311_merged.tif,0.8,0,1855999329,156,35.5285,36.4496,0.9211
100M,chip_129_311_merged.tif,0.8,1,1376053811,156,36.3174,36.2216,-0.0958
100M,chip_129_311_merged.tif,0.8,2,995447180,156,36.364,35.7445,-0.6194
100M,chip_129_311_merged.tif,0.8,3,614840549,156,35.5379,35.9727,0.4347
100M,chip_129_311_merged.tif,0.8,4,134895031,156,36.3019,36.9177,0.6158
100M,chip_130_159_merged.tif,0.2,0,1755825386,39,30.5876,38.4214,7.8338
100M,chip_130_159_merged.tif,0.2,1,1375218755,39,38.1277,39.2337,1.1059
100M,chip_130_159_merged.tif,0.2,2,994612124,39,32.8331,38.5052,5.6722
100M,chip_130_159_merged.tif,0.2,3,514666606,39,31.5045,37.2293,5.7248
100M,chip_130_159_merged.tif,0.2,4,134059975,39,32.1502,38.8904,6.7401
100M,chip_130_159_merged.tif,0.4,0,789889203,78,32.417,36.9644,4.5474
100M,chip_130_159_merged.tif,0.4,1,309943685,78,32.2953,38.5481,6.2528
100M,chip_130_159_merged.tif,0.4,2,2076820702,78,33.1028,38.2396,5.1369
100M,chip_130_159_merged.tif,0.4,3,1696214071,78,33.4137,37.9768,4.5631
100M,chip_130_159_merged.tif,0.4,4,1216268553,78,32.9233,35.9544,3.0311
100M,chip_130_159_merged.tif,0.6,0,851911846,117,30.5719,35.6915,5.1196
100M,chip_130_159_merged.tif,0.6,1,471305215,117,32.5074,33.4686,0.9612
100M,chip_130_159_merged.tif,0.6,2,2138843345,117,30.906,35.2105,4.3045
100M,chip_130_159_merged.tif,0.6,3,1758236714,117,33.0454,37.5292,4.4839
100M,chip_130_159_merged.tif,0.6,4,1377630083,117,32.5034,37.3852,4.8819
100M,chip_130_159_merged.tif,0.8,0,1711482448,156,30.7647,32.4071,1.6425
100M,chip_130_159_merged.tif,0.8,1,1330875817,156,32.7509,33.325,0.5741
100M,chip_130_159_merged.tif,0.8,2,850930299,156,31.4881,32.8162,1.3281
100M,chip_130_159_merged.tif,0.8,3,470323668,156,29.3739,34.0472,4.6733
100M,chip_130_159_merged.tif,0.8,4,2137861798,156,29.9226,33.7249,3.8022
100M,chip_130_445_merged.tif,0.2,0,30728833,39,39.2025,40.2436,1.0411
100M,chip_130_445_merged.tif,0.2,1,1797605850,39,37.3295,37.2675,-0.062
100M,chip_130_445_merged.tif,0.2,2,1416999219,39,38.6903,38.4866,-0.2037
100M,chip_130_445_merged.tif,0.2,3,937053701,39,38.4888,39.8248,1.3359
100M,chip_130_445_merged.tif,0.2,4,556447070,39,38.0759,40.0009,1.925
100M,chip_130_445_merged.tif,0.4,0,1212276298,78,35.0296,39.1505,4.1208
100M,chip_130_445_merged.tif,0.4,1,831669667,78,34.786,39.5869,4.8008
100M,chip_130_445_merged.tif,0.4,2,351724149,78,38.6249,38.9851,0.3602
100M,chip_130_445_merged.tif,0.4,3,2118601166,78,38.6265,39.4539,0.8274
100M,chip_130_445_merged.tif,0.4,4,1638655648,78,39.6537,38.9451,-0.7086
100M,chip_130_445_merged.tif,0.6,0,1274298941,117,35.9598,38.3682,2.4084
100M,chip_130_445_merged.tif,0.6,1,893692310,117,38.4656,38.5196,0.054
100M,chip_130_445_merged.tif,0.6,2,413746792,117,35.5935,38.8542,3.2607
100M,chip_130_445_merged.tif,0.6,3,33140161,117,38.0742,38.5386,0.4644
100M,chip_130_445_merged.tif,0.6,4,1800017178,117,39.0064,39.0638,0.0574
100M,chip_130_445_merged.tif,0.8,0,791706745,156,35.9995,36.4768,0.4772
100M,chip_130_445_merged.tif,0.8,1,411100114,156,35.9913,38.5312,2.5399
100M,chip_130_445_merged.tif,0.8,2,30493483,156,36.222,36.6861,0.464
100M,chip_130_445_merged.tif,0.8,3,1698031613,156,35.9015,38.2461,2.3446
100M,chip_130_445_merged.tif,0.8,4,1317424982,156,36.2404,36.6462,0.4058
100M,chip_131_404_merged.tif,0.2,0,420535536,39,36.2274,37.045,0.8177
100M,chip_131_404_merged.tif,0.2,1,39928905,39,36.4063,36.8948,0.4885
100M,chip_131_404_merged.tif,0.2,2,1707467035,39,37.2773,37.5139,0.2366
100M,chip_131_404_merged.tif,0.2,3,1326860404,39,34.0727,37.0068,2.9341
100M,chip_131_404_merged.tif,0.2,4,846914886,39,35.9149,37.1993,1.2844
100M,chip_131_404_merged.tif,0.4,0,259920203,78,34.4642,37.2399,2.7757
100M,chip_131_404_merged.tif,0.4,1,1927458333,78,34.9855,37.3348,2.3493
100M,chip_131_404_merged.tif,0.4,2,1546851702,78,34.4866,36.6583,2.1716
100M,chip_131_404_merged.tif,0.4,3,1166245071,78,34.2828,36.3683,2.0855
100M,chip_131_404_merged.tif,0.4,4,686299553,78,34.9847,36.3713,1.3866
100M,chip_131_404_merged.tif,0.6,0,1664105644,117,34.3359,36.0468,1.7109
100M,chip_131_404_merged.tif,0.6,1,1283499013,117,34.2832,35.8545,1.5713
100M,chip_131_404_merged.tif,0.6,2,803553495,117,34.0489,36.5961,2.5473
100M,chip_131_404_merged.tif,0.6,3,422946864,117,34.6306,36.907,2.2764
100M,chip_131_404_merged.tif,0.6,4,2090484994,117,34.3838,36.292,1.9082
100M,chip_131_404_merged.tif,0.8,0,1181513448,156,34.5408,35.9627,1.4219
100M,chip_131_404_merged.tif,0.8,1,800906817,156,34.3135,34.7199,0.4064
100M,chip_131_404_merged.tif,0.8,2,320961299,156,34.6704,35.8477,1.1773
100M,chip_131_404_merged.tif,0.8,3,2087838316,156,34.5558,35.7592,1.2034
100M,chip_131_404_merged.tif,0.8,4,1607892798,156,34.6455,35.3763,0.7308
100M,chip_131_429_merged.tif,0.2,0,127487818,39,32.8552,36.0497,3.1945
100M,chip_131_429_merged.tif,0.2,1,1894364835,39,33.9393,35.4279,1.4886
100M,chip_131_429_merged.tif,0.2,2,1414419317,39,33.307,35.5365,2.2295
100M,chip_131_429_merged.tif,0.2,3,1033812686,39,33.0692,35.7669,2.6978
100M,chip_131_429_merged.tif,0.2,4,553867168,39,32.9763,36.5249,3.5486
100M,chip_131_429_merged.tif,0.4,0,2114356133,78,32.6771,35.6724,2.9953
100M,chip_131_429_merged.tif,0.4,1,1634410615,78,32.5687,34.8095,2.2408
100M,chip_131_429_merged.tif,0.4,2,1253803984,78,32.9987,35.6725,2.6738
100M,chip_131_429_merged.tif,0.4,3,773858466,78,32.8564,35.3045,2.4481
100M,chip_131_429_merged.tif,0.4,4,393251835,78,33.1816,34.6365,1.4549
100M,chip_131_429_merged.tif,0.6,0,1371057926,117,32.3941,34.7569,2.3628
100M,chip_131_429_merged.tif,0.6,1,891112408,117,31.2003,34.6659,3.4656
100M,chip_131_429_merged.tif,0.6,2,510505777,117,32.02,34.3672,2.3472
100M,chip_131_429_merged.tif,0.6,3,30560259,117,31.9717,33.8024,1.8307
100M,chip_131_429_merged.tif,0.6,4,1797437276,117,31.2877,34.4056,3.118
100M,chip_131_429_merged.tif,0.8,0,888465730,156,31.9611,33.3084,1.3472
100M,chip_131_429_merged.tif,0.8,1,507859099,156,31.1813,33.0151,1.8338
100M,chip_131_429_merged.tif,0.8,2,27913581,156,31.4438,33.6141,2.1702
100M,chip_131_429_merged.tif,0.8,3,1794790598,156,32.197,33.492,1.295
100M,chip_131_429_merged.tif,0.8,4,1314845080,156,31.4471,34.4009,2.9538
100M,chip_131_445_merged.tif,0.2,0,1132267437,39,38.7846,38.9096,0.1251
100M,chip_131_445_merged.tif,0.2,1,751660806,39,39.1586,40.0552,0.8965
100M,chip_131_445_merged.tif,0.2,2,271715288,39,39.1011,39.9812,0.8801
100M,chip_131_445_merged.tif,0.2,3,2038592305,39,37.876,38.5,0.624
100M,chip_131_445_merged.tif,0.2,4,1657985674,39,39.8314,39.4777,-0.3537
100M,chip_131_445_merged.tif,0.4,0,971652104,78,37.1283,38.1351,1.0068
100M,chip_131_445_merged.tif,0.4,1,591045473,78,37.1285,38.4268,1.2984
100M,chip_131_445_merged.tif,0.4,2,111099955,78,36.173,38.4811,2.3081
100M,chip_131_445_merged.tif,0.4,3,1877976972,78,36.7849,38.659,1.8741
100M,chip_131_445_merged.tif,0.4,4,1398031454,78,36.4163,38.8201,2.4038
100M,chip_131_445_merged.tif,0.6,0,228353897,117,36.8366,38.0056,1.169
100M,chip_131_445_merged.tif,0.6,1,1995230914,117,36.5997,38.8088,2.209
100M,chip_131_445_merged.tif,0.6,2,1515285396,117,37.0316,38.4171,1.3855
100M,chip_131_445_merged.tif,0.6,3,1134678765,117,37.0491,37.9931,0.944
100M,chip_131_445_merged.tif,0.6,4,654733247,117,37.0733,38.0838,1.0105
100M,chip_131_445_merged.tif,0.8,0,1893245349,156,36.8481,37.3678,0.5197
100M,chip_131_445_merged.tif,0.8,1,1512638718,156,37.2982,38.0535,0.7553
100M,chip_131_445_merged.tif,0.8,2,1032693200,156,37.1276,37.9125,0.7849
100M,chip_131_445_merged.tif,0.8,3,652086569,156,37.1056,37.4466,0.341
100M,chip_131_445_merged.tif,0.8,4,271479938,156,37.1111,37.7794,0.6683
100M,chip_131_472_merged.tif,0.2,0,1310697051,39,32.2974,34.1892,1.8918
100M,chip_131_472_merged.tif,0.2,1,830751533,39,32.81,32.9358,0.1258
100M,chip_131_472_merged.tif,0.2,2,450144902,39,31.102,33.945,2.843
100M,chip_131_472_merged.tif,0.2,3,2117683032,39,32.812,31.1379,-1.6741
100M,chip_131_472_merged.tif,0.2,4,1737076401,39,28.515,33.4812,4.9662
100M,chip_131_472_merged.tif,0.4,0,245421981,78,31.9585,33.2422,1.2837
100M,chip_131_472_merged.tif,0.4,1,2012298998,78,31.7236,32.8563,1.1327
100M,chip_131_472_merged.tif,0.4,2,1532353480,78,31.2507,32.7219,1.4712
100M,chip_131_472_merged.tif,0.4,3,1151746849,78,31.3768,33.3226,1.9458
100M,chip_131_472_merged.tif,0.4,4,671801331,78,31.6108,34.3203,2.7095
100M,chip_131_472_merged.tif,0.6,0,307444624,117,31.0104,32.3253,1.315
100M,chip_131_472_merged.tif,0.6,1,2074321641,117,29.0297,32.7101,3.6805
100M,chip_131_472_merged.tif,0.6,2,1693715010,117,31.3216,32.2633,0.9417
100M,chip_131_472_merged.tif,0.6,3,1213769492,117,30.7444,32.0961,1.3517
100M,chip_131_472_merged.tif,0.6,4,833162861,117,29.8149,31.4291,1.6142
100M,chip_131_472_merged.tif,0.8,0,2071674963,156,30.9381,30.6681,-0.27
100M,chip_131_472_merged.tif,0.8,1,1591729445,156,29.5383,31.1528,1.6145
100M,chip_131_472_merged.tif,0.8,2,1211122814,156,30.8368,30.647,-0.1898
100M,chip_131_472_merged.tif,0.8,3,731177296,156,29.7951,31.3094,1.5142
100M,chip_131_472_merged.tif,0.8,4,350570665,156,29.8109,31.1691,1.3582
100M,chip_131_477_merged.tif,0.2,0,449936479,39,37.4978,39.2384,1.7406
100M,chip_131_477_merged.tif,0.2,1,69329848,39,37.9914,38.8104,0.819
100M,chip_131_477_merged.tif,0.2,2,1736867978,39,38.5357,39.0301,0.4945
100M,chip_131_477_merged.tif,0.2,3,1356261347,39,38.4678,38.4881,0.0203
100M,chip_131_477_merged.tif,0.2,4,876315829,39,36.9688,39.1743,2.2055
100M,chip_131_477_merged.tif,0.4,0,289321146,78,36.8471,38.9186,2.0714
100M,chip_131_477_merged.tif,0.4,1,1956859276,78,36.8573,39.4655,2.6082
100M,chip_131_477_merged.tif,0.4,2,1576252645,78,36.8561,38.1528,1.2967
100M,chip_131_477_merged.tif,0.4,3,1096307127,78,36.5805,37.8655,1.285
100M,chip_131_477_merged.tif,0.4,4,715700496,78,37.7476,38.1906,0.443
100M,chip_131_477_merged.tif,0.6,0,1693506587,117,36.2384,37.7893,1.5508
100M,chip_131_477_merged.tif,0.6,1,1213561069,117,36.9117,38.1625,1.2508
100M,chip_131_477_merged.tif,0.6,2,832954438,117,36.2843,38.4139,2.1296
100M,chip_131_477_merged.tif,0.6,3,353008920,117,36.8339,38.8092,1.9753
100M,chip_131_477_merged.tif,0.6,4,2119885937,117,36.5246,38.3587,1.8341
100M,chip_131_477_merged.tif,0.8,0,1210914391,156,36.4805,36.14,-0.3405
100M,chip_131_477_merged.tif,0.8,1,830307760,156,36.0976,37.3976,1.3
100M,chip_131_477_merged.tif,0.8,2,350362242,156,36.4692,37.5874,1.1182
100M,chip_131_477_merged.tif,0.8,3,2117239259,156,36.8062,36.7495,-0.0567
100M,chip_131_477_merged.tif,0.8,4,1637293741,156,36.5591,36.3957,-0.1635
100M,chip_133_303_merged.tif,0.2,0,949478074,39,39.5137,39.055,-0.4587
100M,chip_133_303_merged.tif,0.2,1,568871443,39,36.8515,38.0712,1.2197
100M,chip_133_303_merged.tif,0.2,2,188264812,39,33.5163,37.4876,3.9713
100M,chip_133_303_merged.tif,0.2,3,1855802942,39,32.7633,37.7986,5.0353
100M,chip_133_303_merged.tif,0.2,4,1475196311,39,38.8671,39.4957,0.6286
100M,chip_133_303_merged.tif,0.4,0,788862741,78,37.5677,39.314,1.7463
100M,chip_133_303_merged.tif,0.4,1,408256110,78,37.9756,39.1897,1.2142
100M,chip_133_303_merged.tif,0.4,2,2075794240,78,38.6292,37.9805,-0.6487
100M,chip_133_303_merged.tif,0.4,3,1695187609,78,38.3884,38.9935,0.6052
100M,chip_133_303_merged.tif,0.4,4,1314580978,78,38.0254,38.9972,0.9718
100M,chip_133_303_merged.tif,0.6,0,45564534,117,37.5306,35.7058,-1.8248
100M,chip_133_303_merged.tif,0.6,1,1812441551,117,34.3492,36.7083,2.3591
100M,chip_133_303_merged.tif,0.6,2,1332496033,117,34.8166,37.3114,2.4948
100M,chip_133_303_merged.tif,0.6,3,951889402,117,36.2496,36.3982,0.1486
100M,chip_133_303_merged.tif,0.6,4,571282771,117,36.4229,37.0392,0.6162
100M,chip_133_303_merged.tif,0.8,0,1710455986,156,34.8684,35.5682,0.6998
100M,chip_133_303_merged.tif,0.8,1,1329849355,156,34.8727,36.4228,1.55
100M,chip_133_303_merged.tif,0.8,2,949242724,156,34.1817,35.406,1.2243
100M,chip_133_303_merged.tif,0.8,3,469297206,156,34.1274,35.2287,1.1014
100M,chip_133_303_merged.tif,0.8,4,88690575,156,33.9634,35.9731,2.0098
100M,chip_133_340_merged.tif,0.2,0,204319425,39,35.4587,34.1431,-1.3156
100M,chip_133_340_merged.tif,0.2,1,1871857555,39,32.2817,35.7988,3.5171
100M,chip_133_340_merged.tif,0.2,2,1491250924,39,29.0444,35.6453,6.6009
100M,chip_133_340_merged.tif,0.2,3,1011305406,39,34.5346,35.8792,1.3445
100M,chip_133_340_merged.tif,0.2,4,630698775,39,34.4999,34.4828,-0.0172
100M,chip_133_340_merged.tif,0.4,0,2091848853,78,34.7149,34.5771,-0.1378
100M,chip_133_340_merged.tif,0.4,1,1711242222,78,34.1576,35.1766,1.0191
100M,chip_133_340_merged.tif,0.4,2,1231296704,78,34.715,33.9487,-0.7663
100M,chip_133_340_merged.tif,0.4,3,850690073,78,31.8355,33.7854,1.9499
100M,chip_133_340_merged.tif,0.4,4,470083442,78,29.6063,35.2647,5.6583
100M,chip_133_340_merged.tif,0.6,0,1348550646,117,33.2031,34.2221,1.019
100M,chip_133_340_merged.tif,0.6,1,967944015,117,33.2457,33.8335,0.5878
100M,chip_133_340_merged.tif,0.6,2,487998497,117,33.1716,33.7871,0.6155
100M,chip_133_340_merged.tif,0.6,3,107391866,117,33.6761,34.32,0.6439
100M,chip_133_340_merged.tif,0.6,4,1874268883,117,33.6667,34.3827,0.716
100M,chip_133_340_merged.tif,0.8,0,865958450,156,32.9729,31.2756,-1.6973
100M,chip_133_340_merged.tif,0.8,1,485351819,156,32.9661,32.0077,-0.9584
100M,chip_133_340_merged.tif,0.8,2,104745188,156,32.9524,32.0273,-0.9251
100M,chip_133_340_merged.tif,0.8,3,1772283318,156,33.1262,32.3466,-0.7796
100M,chip_133_340_merged.tif,0.8,4,1391676687,156,32.98,33.2666,0.2866
100M,chip_133_473_merged.tif,0.2,0,95355899,39,31.1372,32.2816,1.1444
100M,chip_133_473_merged.tif,0.2,1,1762894029,39,32.0033,33.3884,1.3851
100M,chip_133_473_merged.tif,0.2,2,1382287398,39,31.1365,33.594,2.4576
100M,chip_133_473_merged.tif,0.2,3,902341880,39,29.7153,33.7485,4.0331
100M,chip_133_473_merged.tif,0.2,4,521735249,39,29.5271,33.2766,3.7495
100M,chip_133_473_merged.tif,0.4,0,1982885327,78,30.6862,32.3841,1.698
100M,chip_133_473_merged.tif,0.4,1,1602278696,78,31.5186,32.1538,0.6352
100M,chip_133_473_merged.tif,0.4,2,1221672065,78,30.6868,32.1409,1.4542
100M,chip_133_473_merged.tif,0.4,3,741726547,78,31.311,32.7667,1.4557
100M,chip_133_473_merged.tif,0.4,4,361119916,78,31.1204,32.6917,1.5713
100M,chip_133_473_merged.tif,0.6,0,1338926007,117,30.6308,32.1618,1.531
100M,chip_133_473_merged.tif,0.6,1,858980489,117,30.2629,32.3827,2.1198
100M,chip_133_473_merged.tif,0.6,2,478373858,117,29.8782,31.3452,1.467
100M,chip_133_473_merged.tif,0.6,3,2145911988,117,29.879,31.527,1.648
100M,chip_133_473_merged.tif,0.6,4,1765305357,117,30.7325,31.57,0.8375
100M,chip_133_473_merged.tif,0.8,0,856333811,156,30.3667,31.1963,0.8296
100M,chip_133_473_merged.tif,0.8,1,376388293,156,30.3241,31.0123,0.6883
100M,chip_133_473_merged.tif,0.8,2,2143265310,156,29.8929,31.4446,1.5517
100M,chip_133_473_merged.tif,0.8,3,1663319792,156,30.4501,30.7149,0.2647
100M,chip_133_473_merged.tif,0.8,4,1282713161,156,29.9033,31.1057,1.2024
100M,chip_134_316_merged.tif,0.2,0,1243721099,39,36.2456,37.9735,1.7279
100M,chip_134_316_merged.tif,0.2,1,763775581,39,37.0007,37.7344,0.7337
100M,chip_134_316_merged.tif,0.2,2,383168950,39,36.2462,38.3634,2.1172
100M,chip_134_316_merged.tif,0.2,3,2050707080,39,31.4817,37.2062,5.7245
100M,chip_134_316_merged.tif,0.2,4,1670100449,39,36.3861,37.6267,1.2406
100M,chip_134_316_merged.tif,0.4,0,983766879,78,34.5849,37.3485,2.7636
100M,chip_134_316_merged.tif,0.4,1,603160248,78,36.2378,38.119,1.8813
100M,chip_134_316_merged.tif,0.4,2,222553617,78,36.2968,36.3221,0.0254
100M,chip_134_316_merged.tif,0.4,3,1890091747,78,35.3121,37.0875,1.7754
100M,chip_134_316_merged.tif,0.4,4,1509485116,78,36.2962,36.8047,0.5086
100M,chip_134_316_merged.tif,0.6,0,240468672,117,33.1126,36.7975,3.6849
100M,chip_134_316_merged.tif,0.6,1,2007345689,117,34.2422,36.8747,2.6324
100M,chip_134_316_merged.tif,0.6,2,1626739058,117,34.2281,36.5635,2.3354
100M,chip_134_316_merged.tif,0.6,3,1146793540,117,34.2427,37.0136,2.7709
100M,chip_134_316_merged.tif,0.6,4,766186909,117,33.3426,35.0849,1.7423
100M,chip_134_316_merged.tif,0.8,0,2004699011,156,34.2702,33.5759,-0.6943
100M,chip_134_316_merged.tif,0.8,1,1524753493,156,34.3072,34.3451,0.038
100M,chip_134_316_merged.tif,0.8,2,1144146862,156,34.0613,35.6803,1.619
100M,chip_134_316_merged.tif,0.8,3,664201344,156,33.6802,34.5354,0.8552
100M,chip_134_316_merged.tif,0.8,4,283594713,156,34.5574,35.1983,0.6409
100M,chip_134_364_merged.tif,0.2,0,836899249,39,31.5134,34.4208,2.9074
100M,chip_134_364_merged.tif,0.2,1,456292618,39,32.9611,33.4603,0.4991
100M,chip_134_364_merged.tif,0.2,2,2123830748,39,32.4537,32.11,-0.3437
100M,chip_134_364_merged.tif,0.2,3,1743224117,39,29.7063,34.2758,4.5696
100M,chip_134_364_merged.tif,0.2,4,1263278599,39,32.9617,34.8108,1.8491
100M,chip_134_364_merged.tif,0.4,0,2018446714,78,33.7781,33.2762,-0.5019
100M,chip_134_364_merged.tif,0.4,1,1538501196,78,32.0529,32.6049,0.552
100M,chip_134_364_merged.tif,0.4,2,1157894565,78,30.1974,32.4276,2.2303
100M,chip_134_364_merged.tif,0.4,3,677949047,78,32.0521,33.5486,1.4966
100M,chip_134_364_merged.tif,0.4,4,297342416,78,31.5623,32.9732,1.4109
100M,chip_134_364_merged.tif,0.6,0,2080469357,117,31.5381,32.3738,0.8357
100M,chip_134_364_merged.tif,0.6,1,1600523839,117,30.5144,32.773,2.2586
100M,chip_134_364_merged.tif,0.6,2,1219917208,117,31.5326,33.366,1.8334
100M,chip_134_364_merged.tif,0.6,3,839310577,117,30.0817,32.529,2.4473
100M,chip_134_364_merged.tif,0.6,4,359365059,117,30.1011,32.1034,2.0023
100M,chip_134_364_merged.tif,0.8,0,1597877161,156,29.6679,31.3289,1.661
100M,chip_134_364_merged.tif,0.8,1,1217270530,156,30.6231,31.4982,0.8751
100M,chip_134_364_merged.tif,0.8,2,737325012,156,30.7556,31.2595,0.5039
100M,chip_134_364_merged.tif,0.8,3,356718381,156,29.6667,31.8251,2.1584
100M,chip_134_364_merged.tif,0.8,4,2024256511,156,31.2788,32.2889,1.0101
100M,chip_135_434_merged.tif,0.2,0,202564254,39,31.4641,33.8549,2.3908
100M,chip_135_434_merged.tif,0.2,1,1870102384,39,32.8046,33.7918,0.9872
100M,chip_135_434_merged.tif,0.2,2,1489495753,39,32.3162,33.5713,1.2551
100M,chip_135_434_merged.tif,0.2,3,1009550235,39,31.7918,33.6845,1.8926
100M,chip_135_434_merged.tif,0.2,4,628943604,39,32.4813,34.578,2.0967
100M,chip_135_434_merged.tif,0.4,0,2090093682,78,31.298,33.0139,1.7159
100M,chip_135_434_merged.tif,0.4,1,1709487051,78,31.2933,32.7362,1.443
100M,chip_135_434_merged.tif,0.4,2,1229541533,78,31.678,32.8147,1.1367
100M,chip_135_434_merged.tif,0.4,3,848934902,78,31.0274,33.2278,2.2004
100M,chip_135_434_merged.tif,0.4,4,468328271,78,30.9566,32.8127,1.856
100M,chip_135_434_merged.tif,0.6,0,1346795475,117,31.1387,32.461,1.3223
100M,chip_135_434_merged.tif,0.6,1,966188844,117,29.8888,32.6609,2.7721
100M,chip_135_434_merged.tif,0.6,2,486243326,117,30.1348,32.4614,2.3265
100M,chip_135_434_merged.tif,0.6,3,105636695,117,29.7898,33.2606,3.4708
100M,chip_135_434_merged.tif,0.6,4,1872513712,117,30.1395,32.2596,2.1201
100M,chip_135_434_merged.tif,0.8,0,963542166,156,30.2982,31.5622,1.264
100M,chip_135_434_merged.tif,0.8,1,483596648,156,29.9398,31.5042,1.5644
100M,chip_135_434_merged.tif,0.8,2,102990017,156,30.2533,31.1995,0.9462
100M,chip_135_434_merged.tif,0.8,3,1770528147,156,29.9205,31.4845,1.564
100M,chip_135_434_merged.tif,0.8,4,1389921516,156,30.8525,31.7893,0.9369
100M,chip_135_472_merged.tif,0.2,0,1142753541,39,34.8757,33.5245,-1.3512
100M,chip_135_472_merged.tif,0.2,1,662808023,39,32.1099,33.8077,1.6978
100M,chip_135_472_merged.tif,0.2,2,282201392,39,33.2029,34.6789,1.4759
100M,chip_135_472_merged.tif,0.2,3,2049078409,39,34.2535,35.2901,1.0365
100M,chip_135_472_merged.tif,0.2,4,1569132891,39,34.0637,34.6138,0.5501
100M,chip_135_472_merged.tif,0.4,0,982138208,78,32.4945,34.1767,1.6822
100M,chip_135_472_merged.tif,0.4,1,502192690,78,32.7487,33.7908,1.0421
100M,chip_135_472_merged.tif,0.4,2,121586059,78,33.0213,34.3678,1.3465
100M,chip_135_472_merged.tif,0.4,3,1789124189,78,34.287,34.2118,-0.0752
100M,chip_135_472_merged.tif,0.4,4,1408517558,78,32.9706,34.693,1.7224
100M,chip_135_472_merged.tif,0.6,0,238840001,117,33.0856,33.7451,0.6595
100M,chip_135_472_merged.tif,0.6,1,1906378131,117,33.636,33.4404,-0.1956
100M,chip_135_472_merged.tif,0.6,2,1525771500,117,32.6649,33.4313,0.7664
100M,chip_135_472_merged.tif,0.6,3,1045825982,117,32.8906,34.0624,1.1718
100M,chip_135_472_merged.tif,0.6,4,665219351,117,33.4605,33.8297,0.3692
100M,chip_135_472_merged.tif,0.8,0,1903731453,156,33.0518,33.0771,0.0252
100M,chip_135_472_merged.tif,0.8,1,1423785935,156,33.2012,33.4267,0.2256
100M,chip_135_472_merged.tif,0.8,2,1043179304,156,32.2443,33.3687,1.1244
100M,chip_135_472_merged.tif,0.8,3,662572673,156,32.228,33.3675,1.1395
100M,chip_135_472_merged.tif,0.8,4,182627155,156,32.8833,33.6031,0.7198
100M,chip_135_494_merged.tif,0.2,0,269950071,39,35.0576,37.3778,2.3202
100M,chip_135_494_merged.tif,0.2,1,2036827088,39,36.708,37.0252,0.3172
100M,chip_135_494_merged.tif,0.2,2,1556881570,39,34.6062,37.0748,2.4686
100M,chip_135_494_merged.tif,0.2,3,1176274939,39,36.086,37.3604,1.2745
100M,chip_135_494_merged.tif,0.2,4,795668308,39,35.3048,35.8594,0.5545
100M,chip_135_494_merged.tif,0.4,0,109334738,78,35.0728,36.0801,1.0074
100M,chip_135_494_merged.tif,0.4,1,1876211755,78,35.0985,36.3091,1.2107
100M,chip_135_494_merged.tif,0.4,2,1396266237,78,35.0596,36.1868,1.1272
100M,chip_135_494_merged.tif,0.4,3,1015659606,78,35.099,35.56,0.461
100M,chip_135_494_merged.tif,0.4,4,535714088,78,34.4345,37.2914,2.8569
100M,chip_135_494_merged.tif,0.6,0,1513520179,117,34.3659,36.4588,2.0929
100M,chip_135_494_merged.tif,0.6,1,1132913548,117,35.1243,35.671,0.5466
100M,chip_135_494_merged.tif,0.6,2,652968030,117,34.8165,34.8721,0.0555
100M,chip_135_494_merged.tif,0.6,3,272361399,117,35.1275,35.4476,0.32
100M,chip_135_494_merged.tif,0.6,4,1939899529,117,34.7469,35.8338,1.0868
100M,chip_135_494_merged.tif,0.8,0,1030927983,156,34.4122,35.1388,0.7266
100M,chip_135_494_merged.tif,0.8,1,650321352,156,34.4841,34.8094,0.3253
100M,chip_135_494_merged.tif,0.8,2,170375834,156,34.5068,35.2625,0.7557
100M,chip_135_494_merged.tif,0.8,3,1937252851,156,34.4139,35.0859,0.672
100M,chip_135_494_merged.tif,0.8,4,1556646220,156,34.4063,34.8671,0.4607
100M,chip_136_276_merged.tif,0.2,0,2030097690,39,33.1169,34.8868,1.7699
100M,chip_136_276_merged.tif,0.2,1,1649491059,39,30.0958,37.3087,7.2129
100M,chip_136_276_merged.tif,0.2,2,1169545541,39,32.8848,36.5373,3.6525
100M,chip_136_276_merged.tif,0.2,3,788938910,39,29.7947,35.8641,6.0695
100M,chip_136_276_merged.tif,0.2,4,308993392,39,35.6185,35.6603,0.0417
100M,chip_136_276_merged.tif,0.4,0,1869482357,78,30.0521,35.4866,5.4345
100M,chip_136_276_merged.tif,0.4,1,1389536839,78,30.3367,34.3865,4.0498
100M,chip_136_276_merged.tif,0.4,2,1008930208,78,30.9127,35.5319,4.6192
100M,chip_136_276_merged.tif,0.4,3,528984690,78,30.0524,34.8191,4.7668
100M,chip_136_276_merged.tif,0.4,4,148378059,78,30.465,35.7458,5.2807
100M,chip_136_276_merged.tif,0.6,0,1126184150,117,30.9357,33.2853,2.3495
100M,chip_136_276_merged.tif,0.6,1,646238632,117,31.4434,33.9473,2.5039
100M,chip_136_276_merged.tif,0.6,2,265632001,117,31.0101,34.5769,3.5668
100M,chip_136_276_merged.tif,0.6,3,1933170131,117,30.8074,34.9323,4.1249
100M,chip_136_276_merged.tif,0.6,4,1552563500,117,30.4816,33.9597,3.478
100M,chip_136_276_merged.tif,0.8,0,643591954,156,30.6394,33.7538,3.1144
100M,chip_136_276_merged.tif,0.8,1,262985323,156,29.9104,32.4398,2.5294
100M,chip_136_276_merged.tif,0.8,2,1930523453,156,30.6383,32.9066,2.2682
100M,chip_136_276_merged.tif,0.8,3,1549916822,156,30.5091,33.1816,2.6725
100M,chip_136_276_merged.tif,0.8,4,1069971304,156,29.9362,32.7713,2.835
100M,chip_136_435_merged.tif,0.2,0,812189494,39,33.4015,32.5834,-0.8181
100M,chip_136_435_merged.tif,0.2,1,431582863,39,31.864,33.1321,1.268
100M,chip_136_435_merged.tif,0.2,2,2099120993,39,31.4904,33.7343,2.244
100M,chip_136_435_merged.tif,0.2,3,1718514362,39,30.6407,33.7507,3.1101
100M,chip_136_435_merged.tif,0.2,4,1337907731,39,32.488,33.2045,0.7165
100M,chip_136_435_merged.tif,0.4,0,651574161,78,30.9774,32.5193,1.5418
100M,chip_136_435_merged.tif,0.4,1,270967530,78,30.3501,32.9142,2.5641
100M,chip_136_435_merged.tif,0.4,2,1938505660,78,31.0114,32.7001,1.6887
100M,chip_136_435_merged.tif,0.4,3,1557899029,78,32.2749,33.0402,0.7653
100M,chip_136_435_merged.tif,0.4,4,1077953511,78,30.7989,33.1814,2.3825
100M,chip_136_435_merged.tif,0.6,0,2055759602,117,30.7632,32.8659,2.1027
100M,chip_136_435_merged.tif,0.6,1,1675152971,117,30.7138,32.5693,1.8555
100M,chip_136_435_merged.tif,0.6,2,1195207453,117,30.3325,32.5735,2.241
100M,chip_136_435_merged.tif,0.6,3,814600822,117,31.0868,32.4483,1.3615
100M,chip_136_435_merged.tif,0.6,4,334655304,117,31.0407,32.521,1.4803
100M,chip_136_435_merged.tif,0.8,0,1573167406,156,30.8873,31.6094,0.7221
100M,chip_136_435_merged.tif,0.8,1,1192560775,156,30.412,31.5929,1.181
100M,chip_136_435_merged.tif,0.8,2,712615257,156,30.0024,31.6696,1.6673
100M,chip_136_435_merged.tif,0.8,3,332008626,156,30.8616,31.4463,0.5847
100M,chip_136_435_merged.tif,0.8,4,2098885643,156,31.0891,31.8219,0.7329
100M,chip_136_471_merged.tif,0.2,0,1188884189,39,31.6074,33.1538,1.5464
100M,chip_136_471_merged.tif,0.2,1,808277558,39,30.9583,33.8972,2.9389
100M,chip_136_471_merged.tif,0.2,2,328332040,39,30.967,33.8371,2.8702
100M,chip_136_471_merged.tif,0.2,3,2095209057,39,30.9579,33.1611,2.2032
100M,chip_136_471_merged.tif,0.2,4,1615263539,39,32.0159,33.5102,1.4943
100M,chip_136_471_merged.tif,0.4,0,1028268856,78,31.356,32.691,1.335
100M,chip_136_471_merged.tif,0.4,1,548323338,78,31.5504,33.0665,1.516
100M,chip_136_471_merged.tif,0.4,2,167716707,78,31.1324,32.2154,1.083
100M,chip_136_471_merged.tif,0.4,3,1934593724,78,31.6275,32.6731,1.0456
100M,chip_136_471_merged.tif,0.4,4,1454648206,78,31.1328,33.5329,2.4001
100M,chip_136_471_merged.tif,0.6,0,284970649,117,30.97,32.1499,1.1799
100M,chip_136_471_merged.tif,0.6,1,1952508779,117,31.1233,32.0443,0.921
100M,chip_136_471_merged.tif,0.6,2,1571902148,117,31.3897,32.4699,1.0802
100M,chip_136_471_merged.tif,0.6,3,1191295517,117,31.0597,32.68,1.6203
100M,chip_136_471_merged.tif,0.6,4,711349999,117,30.6979,32.5982,1.9003
100M,chip_136_471_merged.tif,0.8,0,1949862101,156,30.4524,31.7472,1.2948
100M,chip_136_471_merged.tif,0.8,1,1569255470,156,31.346,31.9607,0.6147
100M,chip_136_471_merged.tif,0.8,2,1089309952,156,31.4779,31.7991,0.3212
100M,chip_136_471_merged.tif,0.8,3,708703321,156,31.3701,31.4874,0.1173
100M,chip_136_471_merged.tif,0.8,4,228757803,156,30.8419,31.7473,0.9054
100M,chip_136_485_merged.tif,0.2,0,1750202833,39,37.0018,37.6237,0.6219
100M,chip_136_485_merged.tif,0.2,1,1369596202,39,36.6662,38.0759,1.4097
100M,chip_136_485_merged.tif,0.2,2,988989571,39,36.3767,38.3467,1.97
100M,chip_136_485_merged.tif,0.2,3,509044053,39,37.0021,37.8039,0.8018
100M,chip_136_485_merged.tif,0.2,4,128437422,39,37.473,38.7191,1.2462
100M,chip_136_485_merged.tif,0.4,0,1589587500,78,36.861,38.7116,1.8506
100M,chip_136_485_merged.tif,0.4,1,1208980869,78,37.3108,37.2223,-0.0886
100M,chip_136_485_merged.tif,0.4,2,729035351,78,35.3864,37.7408,2.3544
100M,chip_136_485_merged.tif,0.4,3,348428720,78,36.2364,37.8096,1.5733
100M,chip_136_485_merged.tif,0.4,4,2015966850,78,36.8624,37.9456,1.0832
100M,chip_136_485_merged.tif,0.6,0,846289293,117,36.3469,37.5695,1.2226
100M,chip_136_485_merged.tif,0.6,1,465682662,117,37.0673,37.5462,0.4789
100M,chip_136_485_merged.tif,0.6,2,2133220792,117,36.5655,37.1584,0.5929
100M,chip_136_485_merged.tif,0.6,3,1752614161,117,36.114,36.8032,0.6892
100M,chip_136_485_merged.tif,0.6,4,1272668643,117,36.9083,36.035,-0.8733
100M,chip_136_485_merged.tif,0.8,0,363697097,156,36.2614,36.6173,0.3559
100M,chip_136_485_merged.tif,0.8,1,2130574114,156,35.6468,36.4603,0.8135
100M,chip_136_485_merged.tif,0.8,2,1749967483,156,36.2697,36.8474,0.5778
100M,chip_136_485_merged.tif,0.8,3,1270021965,156,36.6569,36.8037,0.1467
100M,chip_136_485_merged.tif,0.8,4,889415334,156,36.4199,36.9029,0.4829
100M,chip_136_495_merged.tif,0.2,0,1899349115,39,37.1648,38.3228,1.158
100M,chip_136_495_merged.tif,0.2,1,1419403597,39,37.7358,38.6797,0.9439
100M,chip_136_495_merged.tif,0.2,2,1038796966,39,37.1642,38.5936,1.4293
100M,chip_136_495_merged.tif,0.2,3,558851448,39,37.0167,37.737,0.7203
100M,chip_136_495_merged.tif,0.2,4,178244817,39,35.4467,38.578,3.1313
100M,chip_136_495_merged.tif,0.4,0,834074045,78,36.7505,38.8135,2.063
100M,chip_136_495_merged.tif,0.4,1,453467414,78,36.0153,38.7312,2.7159
100M,chip_136_495_merged.tif,0.4,2,2121005544,78,36.2005,38.4555,2.255
100M,chip_136_495_merged.tif,0.4,3,1740398913,78,36.2008,38.6362,2.4353
100M,chip_136_495_merged.tif,0.4,4,1260453395,78,37.6007,37.3786,-0.2221
100M,chip_136_495_merged.tif,0.6,0,896096688,117,36.2535,37.4178,1.1643
100M,chip_136_495_merged.tif,0.6,1,515490057,117,36.2419,37.6917,1.4499
100M,chip_136_495_merged.tif,0.6,2,134883426,117,36.4503,37.1624,0.7121
100M,chip_136_495_merged.tif,0.6,3,1802421556,117,36.4005,36.9391,0.5387
100M,chip_136_495_merged.tif,0.6,4,1421814925,117,36.2695,36.8538,0.5844
100M,chip_136_495_merged.tif,0.8,0,512843379,156,36.4134,37.2836,0.8702
100M,chip_136_495_merged.tif,0.8,1,32897861,156,36.7647,37.2511,0.4864
100M,chip_136_495_merged.tif,0.8,2,1799774878,156,36.404,36.4822,0.0783
100M,chip_136_495_merged.tif,0.8,3,1319829360,156,36.5427,37.2965,0.7537
100M,chip_136_495_merged.tif,0.8,4,939222729,156,36.5263,36.9228,0.3965
100M,chip_137_275_merged.tif,0.2,0,980362535,39,33.3075,37.6749,4.3674
100M,chip_137_275_merged.tif,0.2,1,500417017,39,37.0167,37.4594,0.4428
100M,chip_137_275_merged.tif,0.2,2,119810386,39,36.8497,38.4808,1.6312
100M,chip_137_275_merged.tif,0.2,3,1886687403,39,35.874,36.8279,0.9539
100M,chip_137_275_merged.tif,0.2,4,1406741885,39,35.8712,37.4756,1.6044
100M,chip_137_275_merged.tif,0.4,0,2062571113,78,32.7989,38.5113,5.7124
100M,chip_137_275_merged.tif,0.4,1,1681964482,78,33.2438,37.6465,4.4027
100M,chip_137_275_merged.tif,0.4,2,1301357851,78,33.8133,38.0977,4.2844
100M,chip_137_275_merged.tif,0.4,3,821412333,78,33.2468,37.7043,4.4575
100M,chip_137_275_merged.tif,0.4,4,440805702,78,31.8467,38.333,6.4863
100M,chip_137_275_merged.tif,0.6,0,76448995,117,33.4946,36.5231,3.0286
100M,chip_137_275_merged.tif,0.6,1,1743987125,117,32.3016,36.2859,3.9843
100M,chip_137_275_merged.tif,0.6,2,1363380494,117,31.7541,36.7498,4.9957
100M,chip_137_275_merged.tif,0.6,3,883434976,117,32.2844,36.5671,4.2826
100M,chip_137_275_merged.tif,0.6,4,502828345,117,33.2091,36.0344,2.8252
100M,chip_137_275_merged.tif,0.8,0,1741340447,156,31.8752,34.894,3.0188
100M,chip_137_275_merged.tif,0.8,1,1261394929,156,31.8171,34.8562,3.0391
100M,chip_137_275_merged.tif,0.8,2,880788298,156,32.6761,34.0052,1.3291
100M,chip_137_275_merged.tif,0.8,3,500181667,156,32.6751,35.0526,2.3774
100M,chip_137_275_merged.tif,0.8,4,20236149,156,31.6502,33.9741,2.324
100M,chip_137_437_merged.tif,0.2,0,1191982272,39,31.5628,34.2644,2.7016
100M,chip_137_437_merged.tif,0.2,1,712036754,39,31.5329,33.9467,2.4138
100M,chip_137_437_merged.tif,0.2,2,331430123,39,31.7782,34.1368,2.3586
100M,chip_137_437_merged.tif,0.2,3,1998968253,39,31.5831,33.1945,1.6115
100M,chip_137_437_merged.tif,0.2,4,1618361622,39,31.1929,34.3167,3.1239
100M,chip_137_437_merged.tif,0.4,0,126707202,78,31.6256,33.0213,1.3957
100M,chip_137_437_merged.tif,0.4,1,1893584219,78,30.7797,33.3091,2.5294
100M,chip_137_437_merged.tif,0.4,2,1413638701,78,31.6149,32.4859,0.871
100M,chip_137_437_merged.tif,0.4,3,1033032070,78,31.1304,33.0592,1.9289
100M,chip_137_437_merged.tif,0.4,4,553086552,78,31.3054,33.0632,1.7578
100M,chip_137_437_merged.tif,0.6,0,1530892643,117,30.3276,32.3025,1.975
100M,chip_137_437_merged.tif,0.6,1,1150286012,117,31.168,32.6292,1.4612
100M,chip_137_437_merged.tif,0.6,2,670340494,117,31.2389,32.3934,1.1545
100M,chip_137_437_merged.tif,0.6,3,289733863,117,31.1748,32.6111,1.4363
100M,chip_137_437_merged.tif,0.6,4,1957271993,117,30.8217,33.1458,2.3242
100M,chip_137_437_merged.tif,0.8,0,1048300447,156,31.384,32.0181,0.6341
100M,chip_137_437_merged.tif,0.8,1,667693816,156,30.7988,31.7296,0.9307
100M,chip_137_437_merged.tif,0.8,2,187748298,156,31.1215,31.3253,0.2039
100M,chip_137_437_merged.tif,0.8,3,1954625315,156,30.9806,31.6769,0.6963
100M,chip_137_437_merged.tif,0.8,4,1574018684,156,31.244,32.2338,0.9898
100M,chip_138_426_merged.tif,0.2,0,1940761142,39,33.6952,35.33,1.6348
100M,chip_138_426_merged.tif,0.2,1,1560154511,39,34.2663,35.2299,0.9636
100M,chip_138_426_merged.tif,0.2,2,1179547880,39,33.4147,34.6499,1.2351
100M,chip_138_426_merged.tif,0.2,3,699602362,39,34.0198,35.1539,1.1341
100M,chip_138_426_merged.tif,0.2,4,318995731,39,34.0962,34.8577,0.7615
100M,chip_138_426_merged.tif,0.4,0,1780145809,78,33.712,34.0063,0.2944
100M,chip_138_426_merged.tif,0.4,1,1399539178,78,33.9121,34.6945,0.7824
100M,chip_138_426_merged.tif,0.4,2,919593660,78,32.5369,34.444,1.9071
100M,chip_138_426_merged.tif,0.4,3,538987029,78,33.4739,34.8304,1.3566
100M,chip_138_426_merged.tif,0.4,4,158380398,78,32.3967,34.9466,2.5499
100M,chip_138_426_merged.tif,0.6,0,1036847602,117,32.4817,34.5882,2.1064
100M,chip_138_426_merged.tif,0.6,1,656240971,117,33.0694,33.8664,0.797
100M,chip_138_426_merged.tif,0.6,2,176295453,117,32.4035,33.9675,1.5641
100M,chip_138_426_merged.tif,0.6,3,1943172470,117,32.4823,33.9703,1.488
100M,chip_138_426_merged.tif,0.6,4,1562565839,117,32.6311,34.2127,1.5816
100M,chip_138_426_merged.tif,0.8,0,554255406,156,32.5401,33.4131,0.8731
100M,chip_138_426_merged.tif,0.8,1,173648775,156,32.5166,33.4665,0.9499
100M,chip_138_426_merged.tif,0.8,2,1940525792,156,32.6967,33.2863,0.5897
100M,chip_138_426_merged.tif,0.8,3,1460580274,156,32.6105,33.4529,0.8424
100M,chip_138_426_merged.tif,0.8,4,1079973643,156,32.4695,33.2308,0.7614
100M,chip_138_474_merged.tif,0.2,0,914739998,39,30.381,32.2141,1.833
100M,chip_138_474_merged.tif,0.2,1,434794480,39,29.4415,32.3168,2.8753
100M,chip_138_474_merged.tif,0.2,2,54187849,39,30.3806,31.1794,0.7988
100M,chip_138_474_merged.tif,0.2,3,1821064866,39,30.1124,32.7032,2.5908
100M,chip_138_474_merged.tif,0.2,4,1341119348,39,30.5366,32.3697,1.8331
100M,chip_138_474_merged.tif,0.4,0,754124665,78,29.7521,31.0021,1.25
100M,chip_138_474_merged.tif,0.4,1,274179147,78,28.373,31.6597,3.2867
100M,chip_138_474_merged.tif,0.4,2,2041056164,78,28.9782,31.2964,2.3182
100M,chip_138_474_merged.tif,0.4,3,1561110646,78,30.0677,31.9542,1.8865
100M,chip_138_474_merged.tif,0.4,4,1180504015,78,28.9919,31.5866,2.5947
100M,chip_138_474_merged.tif,0.6,0,10826458,117,29.1546,30.6772,1.5226
100M,chip_138_474_merged.tif,0.6,1,1678364588,117,29.5453,30.1897,0.6444
100M,chip_138_474_merged.tif,0.6,2,1297757957,117,28.4639,30.9705,2.5066
100M,chip_138_474_merged.tif,0.6,3,817812439,117,29.5869,30.9742,1.3873
100M,chip_138_474_merged.tif,0.6,4,437205808,117,28.9778,30.5008,1.523
100M,chip_138_474_merged.tif,0.8,0,1675717910,156,28.7354,30.2287,1.4933
100M,chip_138_474_merged.tif,0.8,1,1195772392,156,29.0591,30.0361,0.977
100M,chip_138_474_merged.tif,0.8,2,815165761,156,28.8103,30.1949,1.3846
100M,chip_138_474_merged.tif,0.8,3,434559130,156,28.8082,30.0881,1.2799
100M,chip_138_474_merged.tif,0.8,4,2102097260,156,29.0218,29.7583,0.7364
100M,chip_138_494_merged.tif,0.2,0,36559005,39,35.3403,37.0284,1.6882
100M,chip_138_494_merged.tif,0.2,1,1704097135,39,36.293,37.0,0.707
100M,chip_138_494_merged.tif,0.2,2,1323490504,39,34.4415,37.5488,3.1073
100M,chip_138_494_merged.tif,0.2,3,843544986,39,35.4532,36.9985,1.5453
100M,chip_138_494_merged.tif,0.2,4,462938355,39,35.4054,37.6956,2.2901
100M,chip_138_494_merged.tif,0.4,0,1924088433,78,34.416,36.2143,1.7983
100M,chip_138_494_merged.tif,0.4,1,1543481802,78,34.4157,36.4784,2.0627
100M,chip_138_494_merged.tif,0.4,2,1162875171,78,34.856,36.7349,1.8788
100M,chip_138_494_merged.tif,0.4,3,682929653,78,34.0816,36.6257,2.5442
100M,chip_138_494_merged.tif,0.4,4,302323022,78,33.9068,36.6748,2.768
100M,chip_138_494_merged.tif,0.6,0,1180790226,117,33.5959,36.3792,2.7833
100M,chip_138_494_merged.tif,0.6,1,800183595,117,34.7343,36.672,1.9377
100M,chip_138_494_merged.tif,0.6,2,419576964,117,33.8871,36.6776,2.7905
100M,chip_138_494_merged.tif,0.6,3,2087115094,117,33.6111,36.5934,2.9823
100M,chip_138_494_merged.tif,0.6,4,1706508463,117,34.2843,36.1382,1.8539
100M,chip_138_494_merged.tif,0.8,0,797536917,156,33.4467,33.2253,-0.2215
100M,chip_138_494_merged.tif,0.8,1,317591399,156,31.3838,34.9531,3.5693
100M,chip_138_494_merged.tif,0.8,2,2084468416,156,34.1976,34.3434,0.1458
100M,chip_138_494_merged.tif,0.8,3,1604522898,156,32.6606,35.4373,2.7767
100M,chip_138_494_merged.tif,0.8,4,1223916267,156,33.7711,35.2868,1.5157
100M,chip_138_495_merged.tif,0.2,0,181774893,39,35.0664,37.9517,2.8852
100M,chip_138_495_merged.tif,0.2,1,1948651910,39,37.5347,37.0359,-0.4988
100M,chip_138_495_merged.tif,0.2,2,1468706392,39,35.068,37.641,2.573
100M,chip_138_495_merged.tif,0.2,3,1088099761,39,37.7113,37.3167,-0.3946
100M,chip_138_495_merged.tif,0.2,4,608154243,39,38.1867,38.7026,0.5159
100M,chip_138_495_merged.tif,0.4,0,21159560,78,36.6193,37.0413,0.422
100M,chip_138_495_merged.tif,0.4,1,1688697690,78,37.2682,37.6421,0.374
100M,chip_138_495_merged.tif,0.4,2,1308091059,78,36.7649,38.2104,1.4455
100M,chip_138_495_merged.tif,0.4,3,927484428,78,37.6453,37.5234,-0.1219
100M,chip_138_495_merged.tif,0.4,4,447538910,78,36.3322,37.8372,1.5049
100M,chip_138_495_merged.tif,0.6,0,1425345001,117,36.1079,37.3009,1.193
100M,chip_138_495_merged.tif,0.6,1,945399483,117,36.8101,37.1452,0.3351
100M,chip_138_495_merged.tif,0.6,2,564792852,117,36.3191,37.0865,0.7674
100M,chip_138_495_merged.tif,0.6,3,184186221,117,36.3496,37.2133,0.8637
100M,chip_138_495_merged.tif,0.6,4,1851724351,117,35.7822,37.4317,1.6495
100M,chip_138_495_merged.tif,0.8,0,942752805,156,36.8129,36.3007,-0.5122
100M,chip_138_495_merged.tif,0.8,1,562146174,156,36.7476,36.9642,0.2166
100M,chip_138_495_merged.tif,0.8,2,82200656,156,35.8663,36.3745,0.5083
100M,chip_138_495_merged.tif,0.8,3,1849077673,156,36.8206,36.6069,-0.2137
100M,chip_138_495_merged.tif,0.8,4,1369132155,156,36.3805,36.8151,0.4345
100M,chip_139_390_merged.tif,0.2,0,107645767,39,34.1837,38.8921,4.7084
100M,chip_139_390_merged.tif,0.2,1,1775183897,39,36.7145,37.9132,1.1987
100M,chip_139_390_merged.tif,0.2,2,1394577266,39,36.384,37.0398,0.6558
100M,chip_139_390_merged.tif,0.2,3,1013970635,39,36.7201,35.0905,-1.6296
100M,chip_139_390_merged.tif,0.2,4,534025117,39,38.1177,37.56,-0.5577
100M,chip_139_390_merged.tif,0.4,0,2094514082,78,37.8342,36.0976,-1.7366
100M,chip_139_390_merged.tif,0.4,1,1614568564,78,36.0792,35.8447,-0.2345
100M,chip_139_390_merged.tif,0.4,2,1233961933,78,35.5812,38.6052,3.024
100M,chip_139_390_merged.tif,0.4,3,754016415,78,35.5811,36.1231,0.5419
100M,chip_139_390_merged.tif,0.4,4,373409784,78,36.9565,36.3369,-0.6196
100M,chip_139_390_merged.tif,0.6,0,1351215875,117,35.8603,36.6434,0.7831
100M,chip_139_390_merged.tif,0.6,1,871270357,117,35.8635,37.8764,2.0129
100M,chip_139_390_merged.tif,0.6,2,490663726,117,37.0844,36.3388,-0.7456
100M,chip_139_390_merged.tif,0.6,3,10718208,117,36.0356,36.7378,0.7022
100M,chip_139_390_merged.tif,0.6,4,1777595225,117,36.0255,37.4464,1.4209
100M,chip_139_390_merged.tif,0.8,0,868623679,156,35.7158,36.559,0.8432
100M,chip_139_390_merged.tif,0.8,1,388678161,156,35.6641,36.515,0.8509
100M,chip_139_390_merged.tif,0.8,2,8071530,156,35.7817,36.448,0.6663
100M,chip_139_390_merged.tif,0.8,3,1774948547,156,35.7284,36.2323,0.5039
100M,chip_139_390_merged.tif,0.8,4,1295003029,156,35.7118,36.4192,0.7074
100M,chip_139_473_merged.tif,0.2,0,1717611271,39,28.0479,33.4013,5.3534
100M,chip_139_473_merged.tif,0.2,1,1237665753,39,31.7418,34.9365,3.1947
100M,chip_139_473_merged.tif,0.2,2,857059122,39,32.3462,35.4166,3.0704
100M,chip_139_473_merged.tif,0.2,3,377113604,39,33.5944,35.3901,1.7957
100M,chip_139_473_merged.tif,0.2,4,2143990621,39,31.4322,35.1253,3.6932
100M,chip_139_473_merged.tif,0.4,0,1457657051,78,32.2318,33.7862,1.5543
100M,chip_139_473_merged.tif,0.4,1,1077050420,78,33.0634,33.2855,0.2221
100M,chip_139_473_merged.tif,0.4,2,696443789,78,31.2525,33.6249,2.3724
100M,chip_139_473_merged.tif,0.4,3,216498271,78,31.2708,32.5513,1.2805
100M,chip_139_473_merged.tif,0.4,4,1983375288,78,31.253,33.4656,2.2125
100M,chip_139_473_merged.tif,0.6,0,714358844,117,31.4818,31.6647,0.1829
100M,chip_139_473_merged.tif,0.6,1,333752213,117,31.7683,32.5267,0.7585
100M,chip_139_473_merged.tif,0.6,2,2100629230,117,31.1075,33.0915,1.9841
100M,chip_139_473_merged.tif,0.6,3,1620683712,117,32.3037,32.8717,0.568
100M,chip_139_473_merged.tif,0.6,4,1240077081,117,31.11,33.1112,2.0012
100M,chip_139_473_merged.tif,0.8,0,331105535,156,29.9934,31.1644,1.171
100M,chip_139_473_merged.tif,0.8,1,1998643665,156,29.9811,31.4452,1.4642
100M,chip_139_473_merged.tif,0.8,2,1618037034,156,31.0915,31.6244,0.5329
100M,chip_139_473_merged.tif,0.8,3,1138091516,156,30.7811,31.0894,0.3083
100M,chip_139_473_merged.tif,0.8,4,757484885,156,31.0625,31.5436,0.4811
100M,chip_139_488_merged.tif,0.2,0,1399570629,39,38.1406,37.8269,-0.3137
100M,chip_139_488_merged.tif,0.2,1,1018963998,39,36.9896,37.2267,0.2371
100M,chip_139_488_merged.tif,0.2,2,638357367,39,38.751,38.577,-0.174
100M,chip_139_488_merged.tif,0.2,3,158411849,39,38.141,37.3248,-0.8163
100M,chip_139_488_merged.tif,0.2,4,1925288866,39,38.2604,36.2736,-1.9868
100M,chip_139_488_merged.tif,0.4,0,1238955296,78,38.3345,37.7305,-0.604
100M,chip_139_488_merged.tif,0.4,1,858348665,78,37.3065,37.932,0.6255
100M,chip_139_488_merged.tif,0.4,2,378403147,78,38.6898,37.6352,-1.0546
100M,chip_139_488_merged.tif,0.4,3,2145280164,78,37.5197,37.7907,0.271
100M,chip_139_488_merged.tif,0.4,4,1665334646,78,38.1914,37.1,-1.0915
100M,chip_139_488_merged.tif,0.6,0,495657089,117,37.5686,37.4137,-0.155
100M,chip_139_488_merged.tif,0.6,1,115050458,117,37.197,36.9343,-0.2627
100M,chip_139_488_merged.tif,0.6,2,1782588588,117,36.4532,37.8431,1.3899
100M,chip_139_488_merged.tif,0.6,3,1401981957,117,36.3908,37.0355,0.6447
100M,chip_139_488_merged.tif,0.6,4,922036439,117,37.6472,38.3338,0.6866
100M,chip_139_488_merged.tif,0.8,0,13064893,156,36.8889,37.0068,0.1179
100M,chip_139_488_merged.tif,0.8,1,1779941910,156,37.6871,37.4131,-0.274
100M,chip_139_488_merged.tif,0.8,2,1399335279,156,37.6399,37.621,-0.0189
100M,chip_139_488_merged.tif,0.8,3,919389761,156,36.9407,36.8036,-0.1371
100M,chip_139_488_merged.tif,0.8,4,538783130,156,36.5985,36.7649,0.1664
100M,chip_139_491_merged.tif,0.2,0,630064370,39,37.082,38.7533,1.6713
100M,chip_139_491_merged.tif,0.2,1,150118852,39,38.0275,38.1788,0.1513
100M,chip_139_491_merged.tif,0.2,2,1916995869,39,37.3233,37.91,0.5867
100M,chip_139_491_merged.tif,0.2,3,1536389238,39,37.7805,38.7603,0.9798
100M,chip_139_491_merged.tif,0.2,4,1056443720,39,38.1155,39.0633,0.9478
100M,chip_139_491_merged.tif,0.4,0,1712272948,78,36.7865,38.0225,1.236
100M,chip_139_491_merged.tif,0.4,1,1331666317,78,36.9307,38.3179,1.3872
100M,chip_139_491_merged.tif,0.4,2,951059686,78,36.1073,38.2462,2.1389
100M,chip_139_491_merged.tif,0.4,3,471114168,78,37.0498,38.2039,1.1541
100M,chip_139_491_merged.tif,0.4,4,90507537,78,37.0218,37.025,0.0032
100M,chip_139_491_merged.tif,0.6,0,1873634478,117,36.4204,37.8765,1.4561
100M,chip_139_491_merged.tif,0.6,1,1393688960,117,36.4026,37.9669,1.5643
100M,chip_139_491_merged.tif,0.6,2,1013082329,117,36.4912,37.9607,1.4694
100M,chip_139_491_merged.tif,0.6,3,533136811,117,35.4735,37.6011,2.1277
100M,chip_139_491_merged.tif,0.6,4,152530180,117,35.6904,37.539,1.8486
100M,chip_139_491_merged.tif,0.8,0,1391042282,156,36.2519,36.7032,0.4513
100M,chip_139_491_merged.tif,0.8,1,911096764,156,35.5675,36.1887,0.6213
100M,chip_139_491_merged.tif,0.8,2,530490133,156,35.3023,37.096,1.7937
100M,chip_139_491_merged.tif,0.8,3,149883502,156,35.29,36.5847,1.2947
100M,chip_139_491_merged.tif,0.8,4,1817421632,156,36.2371,36.6768,0.4397
100M,chip_140_470_merged.tif,0.2,0,196159430,39,32.7288,33.8435,1.1147
100M,chip_140_470_merged.tif,0.2,1,1963036447,39,30.417,33.8851,3.4681
100M,chip_140_470_merged.tif,0.2,2,1483090929,39,32.021,34.1394,2.1184
100M,chip_140_470_merged.tif,0.2,3,1102484298,39,31.8127,34.4333,2.6206
100M,chip_140_470_merged.tif,0.2,4,622538780,39,32.7388,33.1133,0.3745
100M,chip_140_470_merged.tif,0.4,0,35544097,78,32.0062,33.7215,1.7153
100M,chip_140_470_merged.tif,0.4,1,1703082227,78,31.459,33.5607,2.1016
100M,chip_140_470_merged.tif,0.4,2,1322475596,78,30.8789,33.8603,2.9814
100M,chip_140_470_merged.tif,0.4,3,941868965,78,31.8863,33.9953,2.109
100M,chip_140_470_merged.tif,0.4,4,461923447,78,30.8171,33.1041,2.287
100M,chip_140_470_merged.tif,0.6,0,1439729538,117,31.2087,33.0839,1.8752
100M,chip_140_470_merged.tif,0.6,1,1059122907,117,31.4742,32.9726,1.4983
100M,chip_140_470_merged.tif,0.6,2,579177389,117,30.8746,33.4011,2.5265
100M,chip_140_470_merged.tif,0.6,3,198570758,117,31.034,31.718,0.684
100M,chip_140_470_merged.tif,0.6,4,1866108888,117,31.0684,32.4449,1.3765
100M,chip_140_470_merged.tif,0.8,0,957137342,156,30.7334,31.8788,1.1454
100M,chip_140_470_merged.tif,0.8,1,576530711,156,29.8904,31.8236,1.9332
100M,chip_140_470_merged.tif,0.8,2,96585193,156,29.8768,31.6935,1.8167
100M,chip_140_470_merged.tif,0.8,3,1863462210,156,30.7352,31.8436,1.1084
100M,chip_140_470_merged.tif,0.8,4,1383516692,156,31.1808,32.321,1.1401
100M,chip_141_475_merged.tif,0.2,0,1621939538,39,39.18,38.4202,-0.7598
100M,chip_141_475_merged.tif,0.2,1,1141994020,39,37.3986,39.1884,1.7898
100M,chip_141_475_merged.tif,0.2,2,761387389,39,37.6228,37.4583,-0.1644
100M,chip_141_475_merged.tif,0.2,3,380780758,39,37.7482,39.0315,1.2833
100M,chip_141_475_merged.tif,0.2,4,2048318888,39,36.4253,38.0064,1.5811
100M,chip_141_475_merged.tif,0.4,0,1461324205,78,38.0158,38.276,0.2601
100M,chip_141_475_merged.tif,0.4,1,981378687,78,36.2975,38.369,2.0716
100M,chip_141_475_merged.tif,0.4,2,600772056,78,37.6795,37.7276,0.0481
100M,chip_141_475_merged.tif,0.4,3,120826538,78,36.7174,38.131,1.4136
100M,chip_141_475_merged.tif,0.4,4,1887703555,78,38.5926,38.2587,-0.3339
100M,chip_141_475_merged.tif,0.6,0,718025998,117,37.6634,38.2162,0.5528
100M,chip_141_475_merged.tif,0.6,1,238080480,117,36.0988,37.8373,1.7385
100M,chip_141_475_merged.tif,0.6,2,2004957497,117,36.8164,37.6788,0.8625
100M,chip_141_475_merged.tif,0.6,3,1525011979,117,36.1106,37.7125,1.6019
100M,chip_141_475_merged.tif,0.6,4,1144405348,117,35.9123,38.1154,2.2031
100M,chip_141_475_merged.tif,0.8,0,235433802,156,36.8489,37.3667,0.5179
100M,chip_141_475_merged.tif,0.8,1,1902971932,156,37.384,37.7385,0.3545
100M,chip_141_475_merged.tif,0.8,2,1522365301,156,36.9213,37.4306,0.5093
100M,chip_141_475_merged.tif,0.8,3,1141758670,156,36.5039,36.8635,0.3597
100M,chip_141_475_merged.tif,0.8,4,661813152,156,36.5466,37.1442,0.5975
100M,chip_141_484_merged.tif,0.2,0,404000576,39,37.2895,39.1479,1.8584
100M,chip_141_484_merged.tif,0.2,1,2071538706,39,35.7314,37.6244,1.893
100M,chip_141_484_merged.tif,0.2,2,1690932075,39,36.3788,38.7246,2.3458
100M,chip_141_484_merged.tif,0.2,3,1210986557,39,36.847,38.5255,1.6785
100M,chip_141_484_merged.tif,0.2,4,830379926,39,38.1198,38.9716,0.8518
100M,chip_141_484_merged.tif,0.4,0,144046356,78,37.1527,38.64,1.4874
100M,chip_141_484_merged.tif,0.4,1,1910923373,78,35.3559,38.4003,3.0444
100M,chip_141_484_merged.tif,0.4,2,1530316742,78,35.3545,38.9393,3.5848
100M,chip_141_484_merged.tif,0.4,3,1050371224,78,37.4709,38.8361,1.3652
100M,chip_141_484_merged.tif,0.4,4,669764593,78,37.463,37.9963,0.5333
100M,chip_141_484_merged.tif,0.6,0,1647570684,117,37.7231,38.1855,0.4624
100M,chip_141_484_merged.tif,0.6,1,1167625166,117,37.0562,38.2495,1.1933
100M,chip_141_484_merged.tif,0.6,2,787018535,117,36.6358,38.2174,1.5816
100M,chip_141_484_merged.tif,0.6,3,307073017,117,36.811,38.0435,1.2324
100M,chip_141_484_merged.tif,0.6,4,2073950034,117,35.2752,38.2757,3.0005
100M,chip_141_484_merged.tif,0.8,0,1164978488,156,35.8761,37.436,1.5599
100M,chip_141_484_merged.tif,0.8,1,685032970,156,35.8605,37.6124,1.7519
100M,chip_141_484_merged.tif,0.8,2,304426339,156,35.2521,37.4113,2.1592
100M,chip_141_484_merged.tif,0.8,3,1971964469,156,32.6287,37.3009,4.6722
100M,chip_141_484_merged.tif,0.8,4,1591357838,156,32.6191,37.5346,4.9156
100M,chip_141_491_merged.tif,0.2,0,1241841618,39,35.9582,37.5514,1.5932
100M,chip_141_491_merged.tif,0.2,1,861234987,39,37.0625,38.175,1.1125
100M,chip_141_491_merged.tif,0.2,2,381289469,39,36.6478,37.0538,0.406
100M,chip_141_491_merged.tif,0.2,3,682838,39,35.2964,38.0897,2.7932
100M,chip_141_491_merged.tif,0.2,4,1767559855,39,35.2365,38.7797,3.5432
100M,chip_141_491_merged.tif,0.4,0,1081226285,78,35.4998,37.7251,2.2252
100M,chip_141_491_merged.tif,0.4,1,700619654,78,36.2621,37.2023,0.9402
100M,chip_141_491_merged.tif,0.4,2,220674136,78,35.5735,38.5562,2.9827
100M,chip_141_491_merged.tif,0.4,3,1987551153,78,35.7888,36.6925,0.9037
100M,chip_141_491_merged.tif,0.4,4,1507605635,78,35.5141,37.5743,2.0603
100M,chip_141_491_merged.tif,0.6,0,337928078,117,35.7572,37.0919,1.3347
100M,chip_141_491_merged.tif,0.6,1,2104805095,117,35.4172,37.0476,1.6304
100M,chip_141_491_merged.tif,0.6,2,1624859577,117,35.7539,37.36,1.6061
100M,chip_141_491_merged.tif,0.6,3,1244252946,117,35.5779,36.949,1.371
100M,chip_141_491_merged.tif,0.6,4,764307428,117,35.3307,36.813,1.4823
100M,chip_141_491_merged.tif,0.8,0,2002819530,156,35.2816,36.4384,1.1568
100M,chip_141_491_merged.tif,0.8,1,1622212899,156,35.1663,36.3359,1.1696
100M,chip_141_491_merged.tif,0.8,2,1142267381,156,35.2255,36.4737,1.2482
100M,chip_141_491_merged.tif,0.8,3,761660750,156,35.5896,36.7638,1.1742
100M,chip_141_491_merged.tif,0.8,4,381054119,156,35.2553,35.8918,0.6365
100M,chip_141_493_merged.tif,0.2,0,1597398037,39,38.2991,37.5577,-0.7414
100M,chip_141_493_merged.tif,0.2,1,1216791406,39,36.1591,38.6586,2.4995
100M,chip_141_493_merged.tif,0.2,2,736845888,39,36.0779,38.5487,2.4709
100M,chip_141_493_merged.tif,0.2,3,356239257,39,37.276,37.1286,-0.1473
100M,chip_141_493_merged.tif,0.2,4,2023777387,39,36.1358,37.726,1.5902
100M,chip_141_493_merged.tif,0.4,0,1436782704,78,36.2338,38.4569,2.2231
100M,chip_141_493_merged.tif,0.4,1,1056176073,78,37.8763,37.9172,0.0408
100M,chip_141_493_merged.tif,0.4,2,576230555,78,35.7895,38.223,2.4335
100M,chip_141_493_merged.tif,0.4,3,195623924,78,36.2339,37.5753,1.3414
100M,chip_141_493_merged.tif,0.4,4,1863162054,78,38.1852,37.6144,-0.5709
100M,chip_141_493_merged.tif,0.6,0,693484497,117,35.8397,37.3493,1.5097
100M,chip_141_493_merged.tif,0.6,1,312877866,117,37.2847,37.4933,0.2087
100M,chip_141_493_merged.tif,0.6,2,1980415996,117,36.3275,37.2408,0.9133
100M,chip_141_493_merged.tif,0.6,3,1599809365,117,36.7599,37.5227,0.7628
100M,chip_141_493_merged.tif,0.6,4,1119863847,117,37.6406,37.5156,-0.125
100M,chip_141_493_merged.tif,0.8,0,210892301,156,35.8385,37.4911,1.6526
100M,chip_141_493_merged.tif,0.8,1,1977769318,156,36.414,36.8764,0.4623
100M,chip_141_493_merged.tif,0.8,2,1497823800,156,36.3938,36.8434,0.4497
100M,chip_141_493_merged.tif,0.8,3,1117217169,156,36.4195,37.3951,0.9756
100M,chip_141_493_merged.tif,0.8,4,637271651,156,36.6048,37.1247,0.5199
100M,chip_142_427_merged.tif,0.2,0,269653944,39,30.8542,33.9944,3.1402
100M,chip_142_427_merged.tif,0.2,1,1937192074,39,30.1445,33.2453,3.1008
100M,chip_142_427_merged.tif,0.2,2,1556585443,39,32.1829,34.2239,2.0411
100M,chip_142_427_merged.tif,0.2,3,1076639925,39,30.9492,33.6572,2.7079
100M,chip_142_427_merged.tif,0.2,4,696033294,39,30.8547,33.5486,2.6939
100M,chip_142_427_merged.tif,0.4,0,9699724,78,32.12,32.3599,0.2399
100M,chip_142_427_merged.tif,0.4,1,1776576741,78,32.419,32.9991,0.5801
100M,chip_142_427_merged.tif,0.4,2,1296631223,78,32.1196,33.7252,1.6057
100M,chip_142_427_merged.tif,0.4,3,916024592,78,29.4381,33.5919,4.1538
100M,chip_142_427_merged.tif,0.4,4,535417961,78,31.1723,32.698,1.5257
100M,chip_142_427_merged.tif,0.6,0,1413885165,117,30.2354,32.2417,2.0063
100M,chip_142_427_merged.tif,0.6,1,1033278534,117,30.4662,32.9075,2.4413
100M,chip_142_427_merged.tif,0.6,2,652671903,117,31.6836,32.1756,0.4919
100M,chip_142_427_merged.tif,0.6,3,172726385,117,29.212,33.1178,3.9058
100M,chip_142_427_merged.tif,0.6,4,1939603402,117,31.2974,32.6186,1.3212
100M,chip_142_427_merged.tif,0.8,0,1030631856,156,30.3574,30.7783,0.4209
100M,chip_142_427_merged.tif,0.8,1,550686338,156,29.8295,31.0804,1.2509
100M,chip_142_427_merged.tif,0.8,2,170079707,156,30.2378,30.9168,0.679
100M,chip_142_427_merged.tif,0.8,3,1837617837,156,30.23,31.2133,0.9833
100M,chip_142_427_merged.tif,0.8,4,1457011206,156,29.3915,31.7845,2.393
100M,chip_142_497_merged.tif,0.2,0,829630356,39,36.1003,36.8267,0.7264
100M,chip_142_497_merged.tif,0.2,1,449023725,39,36.1011,37.0448,0.9437
100M,chip_142_497_merged.tif,0.2,2,68417094,39,35.4063,37.1269,1.7206
100M,chip_142_497_merged.tif,0.2,3,1735955224,39,37.4807,35.8832,-1.5975
100M,chip_142_497_merged.tif,0.2,4,1355348593,39,38.8131,38.9268,0.1137
100M,chip_142_497_merged.tif,0.4,0,669015023,78,34.3115,38.4392,4.1278
100M,chip_142_497_merged.tif,0.4,1,288408392,78,38.7209,36.839,-1.8819
100M,chip_142_497_merged.tif,0.4,2,1955946522,78,37.3136,37.2824,-0.0313
100M,chip_142_497_merged.tif,0.4,3,1575339891,78,36.3737,36.7844,0.4106
100M,chip_142_497_merged.tif,0.4,4,1194733260,78,36.8374,38.8138,1.9763
100M,chip_142_497_merged.tif,0.6,0,2073200464,117,34.7151,36.7708,2.0558
100M,chip_142_497_merged.tif,0.6,1,1692593833,117,34.0389,36.9109,2.872
100M,chip_142_497_merged.tif,0.6,2,1212648315,117,34.4076,37.0584,2.6508
100M,chip_142_497_merged.tif,0.6,3,832041684,117,34.62,37.0854,2.4654
100M,chip_142_497_merged.tif,0.6,4,451435053,117,34.716,35.9978,1.2818
100M,chip_142_497_merged.tif,0.8,0,1590608268,156,34.7778,36.9543,2.1765
100M,chip_142_497_merged.tif,0.8,1,1210001637,156,35.3272,37.2931,1.9658
100M,chip_142_497_merged.tif,0.8,2,829395006,156,34.9147,35.3249,0.4101
100M,chip_142_497_merged.tif,0.8,3,349449488,156,35.0422,35.3739,0.3318
100M,chip_142_497_merged.tif,0.8,4,2116326505,156,35.2823,36.2373,0.9551
100M,chip_142_498_merged.tif,0.2,0,1929623412,39,34.4596,35.9926,1.533
100M,chip_142_498_merged.tif,0.2,1,1449677894,39,34.9333,34.7958,-0.1375
100M,chip_142_498_merged.tif,0.2,2,1069071263,39,32.2016,34.8075,2.6058
100M,chip_142_498_merged.tif,0.2,3,589125745,39,35.2786,34.8687,-0.4098
100M,chip_142_498_merged.tif,0.2,4,208519114,39,34.4597,35.1439,0.6842
100M,chip_142_498_merged.tif,0.4,0,1669669192,78,31.1451,33.4141,2.269
100M,chip_142_498_merged.tif,0.4,1,1289062561,78,31.1447,34.2687,3.124
100M,chip_142_498_merged.tif,0.4,2,809117043,78,32.7184,34.1803,1.4619
100M,chip_142_498_merged.tif,0.4,3,428510412,78,32.0797,33.908,1.8283
100M,chip_142_498_merged.tif,0.4,4,47903781,78,32.5383,34.4271,1.8888
100M,chip_142_498_merged.tif,0.6,0,1779309848,117,31.4821,33.7322,2.2502
100M,chip_142_498_merged.tif,0.6,1,1398703217,117,31.5115,33.2588,1.7472
100M,chip_142_498_merged.tif,0.6,2,918757699,117,31.5612,33.821,2.2598
100M,chip_142_498_merged.tif,0.6,3,538151068,117,32.1199,34.1994,2.0796
100M,chip_142_498_merged.tif,0.6,4,58205550,117,31.4052,33.9517,2.5466
100M,chip_142_498_merged.tif,0.8,0,543117676,156,31.9536,32.853,0.8995
100M,chip_142_498_merged.tif,0.8,1,63172158,156,31.8506,32.8598,1.0092
100M,chip_142_498_merged.tif,0.8,2,1830049175,156,31.9964,33.2326,1.2362
100M,chip_142_498_merged.tif,0.8,3,1350103657,156,31.8501,32.6584,0.8083
100M,chip_142_498_merged.tif,0.8,4,969497026,156,32.0408,33.4235,1.3826
100M,chip_143_489_merged.tif,0.2,0,683610899,39,33.2904,35.6185,2.3281
100M,chip_143_489_merged.tif,0.2,1,203665381,39,34.9038,36.275,1.3712
100M,chip_143_489_merged.tif,0.2,2,1970542398,39,34.7717,35.9761,1.2044
100M,chip_143_489_merged.tif,0.2,3,1490596880,39,33.8603,36.8553,2.995
100M,chip_143_489_merged.tif,0.2,4,1109990249,39,33.3943,35.9596,2.5654
100M,chip_143_489_merged.tif,0.4,0,423656679,78,33.7601,35.5348,1.7747
100M,chip_143_489_merged.tif,0.4,1,43050048,78,33.8836,35.1863,1.3027
100M,chip_143_489_merged.tif,0.4,2,1710588178,78,33.4968,35.5247,2.0279
100M,chip_143_489_merged.tif,0.4,3,1329981547,78,34.087,35.3978,1.3108
100M,chip_143_489_merged.tif,0.4,4,949374916,78,33.5999,35.1731,1.5732
100M,chip_143_489_merged.tif,0.6,0,1827842120,117,33.5119,34.909,1.397
100M,chip_143_489_merged.tif,0.6,1,1447235489,117,33.3163,33.9885,0.6722
100M,chip_143_489_merged.tif,0.6,2,1066628858,117,33.2623,34.5477,1.2854
100M,chip_143_489_merged.tif,0.6,3,586683340,117,33.491,34.9914,1.5004
100M,chip_143_489_merged.tif,0.6,4,206076709,117,33.6175,34.0632,0.4457
100M,chip_143_489_merged.tif,0.8,0,1444588811,156,33.3506,34.6069,1.2563
100M,chip_143_489_merged.tif,0.8,1,964643293,156,33.3495,33.8862,0.5367
100M,chip_143_489_merged.tif,0.8,2,584036662,156,33.3382,33.9927,0.6545
100M,chip_143_489_merged.tif,0.8,3,104091144,156,32.7921,33.8307,1.0386
100M,chip_143_489_merged.tif,0.8,4,1870968161,156,33.3282,34.1298,0.8016
100M,chip_144_472_merged.tif,0.2,0,904808594,39,32.2441,35.1108,2.8667
100M,chip_144_472_merged.tif,0.2,1,424863076,39,32.2706,34.3741,2.1035
100M,chip_144_472_merged.tif,0.2,2,44256445,39,32.2438,34.0351,1.7913
100M,chip_144_472_merged.tif,0.2,3,1711794575,39,30.6123,35.1524,4.5401
100M,chip_144_472_merged.tif,0.2,4,1331187944,39,33.0859,34.6759,1.5901
100M,chip_144_472_merged.tif,0.4,0,1987017172,78,31.6074,33.6192,2.0118
100M,chip_144_472_merged.tif,0.4,1,1606410541,78,32.6747,34.4977,1.823
100M,chip_144_472_merged.tif,0.4,2,1126465023,78,32.5172,34.1389,1.6216
100M,chip_144_472_merged.tif,0.4,3,745858392,78,32.6552,33.6456,0.9904
100M,chip_144_472_merged.tif,0.4,4,265912874,78,31.9614,33.9958,2.0344
100M,chip_144_472_merged.tif,0.6,0,2049039815,117,31.9089,33.3864,1.4775
100M,chip_144_472_merged.tif,0.6,1,1668433184,117,31.8264,33.1966,1.3702
100M,chip_144_472_merged.tif,0.6,2,1287826553,117,31.5257,33.7805,2.2548
100M,chip_144_472_merged.tif,0.6,3,807881035,117,32.8925,33.2229,0.3304
100M,chip_144_472_merged.tif,0.6,4,427274404,117,31.224,33.1141,1.8901
100M,chip_144_472_merged.tif,0.8,0,1665786506,156,31.2465,32.6559,1.4094
100M,chip_144_472_merged.tif,0.8,1,1185840988,156,31.2422,33.1697,1.9275
100M,chip_144_472_merged.tif,0.8,2,805234357,156,31.3572,32.7974,1.4403
100M,chip_144_472_merged.tif,0.8,3,325288839,156,31.8945,32.7165,0.822
100M,chip_144_472_merged.tif,0.8,4,2092165856,156,31.9365,32.9688,1.0323
100M,chip_144_474_merged.tif,0.2,0,1344936016,39,33.2761,35.6764,2.4003
100M,chip_144_474_merged.tif,0.2,1,864990498,39,33.6376,34.6393,1.0017
100M,chip_144_474_merged.tif,0.2,2,484383867,39,32.6484,34.6883,2.0398
100M,chip_144_474_merged.tif,0.2,3,4438349,39,32.7176,35.6037,2.8861
100M,chip_144_474_merged.tif,0.2,4,1771315366,39,33.0987,35.4356,2.3369
100M,chip_144_474_merged.tif,0.4,0,279660946,78,32.7648,34.3411,1.5763
100M,chip_144_474_merged.tif,0.4,1,2046537963,78,33.0187,34.6947,1.676
100M,chip_144_474_merged.tif,0.4,2,1566592445,78,31.8094,34.2015,2.3921
100M,chip_144_474_merged.tif,0.4,3,1185985814,78,31.8411,35.0289,3.1878
100M,chip_144_474_merged.tif,0.4,4,706040296,78,32.7348,34.1644,1.4296
100M,chip_144_474_merged.tif,0.6,0,1683846387,117,32.4586,33.6111,1.1525
100M,chip_144_474_merged.tif,0.6,1,1303239756,117,32.4579,33.9477,1.4899
100M,chip_144_474_merged.tif,0.6,2,823294238,117,32.0371,33.0797,1.0426
100M,chip_144_474_merged.tif,0.6,3,442687607,117,31.9988,32.9418,0.9429
100M,chip_144_474_merged.tif,0.6,4,2110225737,117,32.5469,33.6236,1.0767
100M,chip_144_474_merged.tif,0.8,0,1201254191,156,32.0319,32.8497,0.8178
100M,chip_144_474_merged.tif,0.8,1,820647560,156,32.7336,33.1893,0.4557
100M,chip_144_474_merged.tif,0.8,2,340702042,156,31.9985,32.6099,0.6114
100M,chip_144_474_merged.tif,0.8,3,2107579059,156,32.2946,32.8301,0.5355
100M,chip_144_474_merged.tif,0.8,4,1726972428,156,32.0865,33.2559,1.1694
100M,chip_144_496_merged.tif,0.2,0,986454440,39,32.1953,33.8205,1.6252
100M,chip_144_496_merged.tif,0.2,1,605847809,39,31.9167,33.4974,1.5807
100M,chip_144_496_merged.tif,0.2,2,125902291,39,31.4509,32.8263,1.3754
100M,chip_144_496_merged.tif,0.2,3,1892779308,39,31.7736,33.5239,1.7503
100M,chip_144_496_merged.tif,0.2,4,1412833790,39,31.3445,33.7478,2.4033
100M,chip_144_496_merged.tif,0.4,0,20518257,78,31.5562,33.9562,2.4
100M,chip_144_496_merged.tif,0.4,1,1688056387,78,31.9198,32.9197,0.9999
100M,chip_144_496_merged.tif,0.4,2,1307449756,78,31.4432,33.2195,1.7763
100M,chip_144_496_merged.tif,0.4,3,827504238,78,31.6151,32.6675,1.0524
100M,chip_144_496_merged.tif,0.4,4,446897607,78,31.5879,32.8973,1.3094
100M,chip_144_496_merged.tif,0.6,0,82540900,117,31.1954,32.261,1.0657
100M,chip_144_496_merged.tif,0.6,1,1849417917,117,31.2209,32.8159,1.5949
100M,chip_144_496_merged.tif,0.6,2,1369472399,117,31.1686,32.7973,1.6287
100M,chip_144_496_merged.tif,0.6,3,988865768,117,31.51,32.6128,1.1029
100M,chip_144_496_merged.tif,0.6,4,508920250,117,31.602,32.4063,0.8044
100M,chip_144_496_merged.tif,0.8,0,1747432352,156,31.0904,31.5894,0.4991
100M,chip_144_496_merged.tif,0.8,1,1366825721,156,31.4604,31.8729,0.4125
100M,chip_144_496_merged.tif,0.8,2,886880203,156,31.0546,32.051,0.9964
100M,chip_144_496_merged.tif,0.8,3,506273572,156,31.2771,31.9716,0.6945
100M,chip_144_496_merged.tif,0.8,4,26328054,156,31.099,31.9548,0.8558
100M,chip_145_156_merged.tif,0.2,0,2066495807,39,31.0853,33.5861,2.5008
100M,chip_145_156_merged.tif,0.2,1,1586550289,39,33.2412,33.8229,0.5817
100M,chip_145_156_merged.tif,0.2,2,1205943658,39,32.252,36.2098,3.9578
100M,chip_145_156_merged.tif,0.2,3,725998140,39,33.3077,33.4479,0.1402
100M,chip_145_156_merged.tif,0.2,4,345391509,39,32.0921,34.3746,2.2825
100M,chip_145_156_merged.tif,0.4,0,1905880474,78,29.6039,33.9232,4.3192
100M,chip_145_156_merged.tif,0.4,1,1425934956,78,30.1782,33.8124,3.6342
100M,chip_145_156_merged.tif,0.4,2,1045328325,78,28.7549,33.0038,4.2489
100M,chip_145_156_merged.tif,0.4,3,565382807,78,31.9427,34.6342,2.6915
100M,chip_145_156_merged.tif,0.4,4,184776176,78,32.6651,32.8572,0.1921
100M,chip_145_156_merged.tif,0.6,0,1162582267,117,28.2143,32.8076,4.5933
100M,chip_145_156_merged.tif,0.6,1,682636749,117,28.2003,32.1441,3.9438
100M,chip_145_156_merged.tif,0.6,2,302030118,117,29.4696,33.5281,4.0584
100M,chip_145_156_merged.tif,0.6,3,1969568248,117,29.4704,32.966,3.4955
100M,chip_145_156_merged.tif,0.6,4,1588961617,117,29.481,32.4164,2.9354
100M,chip_145_156_merged.tif,0.8,0,679990071,156,30.1736,30.9665,0.7929
100M,chip_145_156_merged.tif,0.8,1,200044553,156,29.8942,30.5695,0.6753
100M,chip_145_156_merged.tif,0.8,2,1966921570,156,29.3241,30.7175,1.3935
100M,chip_145_156_merged.tif,0.8,3,1486976052,156,28.6833,30.8559,2.1725
100M,chip_145_156_merged.tif,0.8,4,1106369421,156,30.2268,30.3422,0.1154
100M,chip_145_372_merged.tif,0.2,0,1724341470,39,37.53,37.8393,0.3093
100M,chip_145_372_merged.tif,0.2,1,1343734839,39,35.8239,38.5685,2.7446
100M,chip_145_372_merged.tif,0.2,2,963128208,39,35.5039,37.1936,1.6898
100M,chip_145_372_merged.tif,0.2,3,483182690,39,36.6268,37.6756,1.0488
100M,chip_145_372_merged.tif,0.2,4,102576059,39,36.0734,36.7664,0.6929
100M,chip_145_372_merged.tif,0.4,0,1563726137,78,35.9931,36.8834,0.8904
100M,chip_145_372_merged.tif,0.4,1,1183119506,78,35.5813,36.9879,1.4066
100M,chip_145_372_merged.tif,0.4,2,703173988,78,35.392,37.3655,1.9734
100M,chip_145_372_merged.tif,0.4,3,322567357,78,35.062,36.8534,1.7913
100M,chip_145_372_merged.tif,0.4,4,2089444374,78,35.5799,37.3814,1.8015
100M,chip_145_372_merged.tif,0.6,0,820427930,117,35.6007,36.579,0.9783
100M,chip_145_372_merged.tif,0.6,1,439821299,117,35.561,36.9028,1.3419
100M,chip_145_372_merged.tif,0.6,2,2107359429,117,35.4367,36.6723,1.2356
100M,chip_145_372_merged.tif,0.6,3,1726752798,117,35.2584,36.7847,1.5262
100M,chip_145_372_merged.tif,0.6,4,1346146167,117,35.2875,36.8566,1.5691
100M,chip_145_372_merged.tif,0.8,0,337835734,156,34.7859,36.0154,1.2295
100M,chip_145_372_merged.tif,0.8,1,2104712751,156,35.8273,36.3075,0.4802
100M,chip_145_372_merged.tif,0.8,2,1724106120,156,35.8306,36.0369,0.2064
100M,chip_145_372_merged.tif,0.8,3,1244160602,156,34.7865,35.9338,1.1473
100M,chip_145_372_merged.tif,0.8,4,863553971,156,34.7562,36.028,1.2718
100M,chip_145_469_merged.tif,0.2,0,437024186,39,37.6646,36.9658,-0.6988
100M,chip_145_469_merged.tif,0.2,1,56417555,39,34.974,36.6135,1.6395
100M,chip_145_469_merged.tif,0.2,2,1723955685,39,35.0606,37.0463,1.9857
100M,chip_145_469_merged.tif,0.2,3,1343349054,39,34.9558,36.6582,1.7024
100M,chip_145_469_merged.tif,0.2,4,863403536,39,36.0956,37.1972,1.1016
100M,chip_145_469_merged.tif,0.4,0,276408853,78,35.2905,36.7205,1.4301
100M,chip_145_469_merged.tif,0.4,1,1943946983,78,35.6122,37.1299,1.5177
100M,chip_145_469_merged.tif,0.4,2,1563340352,78,36.0097,36.8635,0.8539
100M,chip_145_469_merged.tif,0.4,3,1182733721,78,35.4775,36.8174,1.34
100M,chip_145_469_merged.tif,0.4,4,702788203,78,35.5844,36.3412,0.7568
100M,chip_145_469_merged.tif,0.6,0,1680594294,117,34.3799,36.2775,1.8976
100M,chip_145_469_merged.tif,0.6,1,1299987663,117,35.4814,36.3086,0.8273
100M,chip_145_469_merged.tif,0.6,2,820042145,117,35.2334,36.6185,1.3851
100M,chip_145_469_merged.tif,0.6,3,439435514,117,35.7184,36.4976,0.7793
100M,chip_145_469_merged.tif,0.6,4,2106973644,117,35.4986,36.3165,0.8179
100M,chip_145_469_merged.tif,0.8,0,1198002098,156,35.6563,36.1316,0.4753
100M,chip_145_469_merged.tif,0.8,1,817395467,156,35.6652,35.767,0.1019
100M,chip_145_469_merged.tif,0.8,2,337449949,156,34.3435,35.6017,1.2581
100M,chip_145_469_merged.tif,0.8,3,2104326966,156,34.3595,35.3305,0.971
100M,chip_145_469_merged.tif,0.8,4,1624381448,156,34.4067,35.6134,1.2067
100M,chip_146_340_merged.tif,0.2,0,1531531807,39,35.3662,36.6381,1.2719
100M,chip_146_340_merged.tif,0.2,1,1150925176,39,35.5277,37.3864,1.8588
100M,chip_146_340_merged.tif,0.2,2,670979658,39,34.73,38.1222,3.3922
100M,chip_146_340_merged.tif,0.2,3,290373027,39,35.2503,37.866,2.6157
100M,chip_146_340_merged.tif,0.2,4,2057250044,39,35.6297,36.3617,0.732
100M,chip_146_340_merged.tif,0.4,0,1370916474,78,33.9817,35.8255,1.8438
100M,chip_146_340_merged.tif,0.4,1,990309843,78,33.722,36.2907,2.5688
100M,chip_146_340_merged.tif,0.4,2,510364325,78,33.3023,36.3027,3.0004
100M,chip_146_340_merged.tif,0.4,3,129757694,78,33.9823,36.8975,2.9152
100M,chip_146_340_merged.tif,0.4,4,1797295824,78,34.0926,37.256,3.1634
100M,chip_146_340_merged.tif,0.6,0,627618267,117,33.1229,35.3939,2.271
100M,chip_146_340_merged.tif,0.6,1,247011636,117,32.8557,35.5631,2.7075
100M,chip_146_340_merged.tif,0.6,2,1914549766,117,33.4922,36.0853,2.5931
100M,chip_146_340_merged.tif,0.6,3,1533943135,117,33.2931,36.1553,2.8622
100M,chip_146_340_merged.tif,0.6,4,1053997617,117,33.1063,36.5703,3.4639
100M,chip_146_340_merged.tif,0.8,0,145026071,156,32.8946,34.8787,1.9841
100M,chip_146_340_merged.tif,0.8,1,1911903088,156,32.8816,34.067,1.1854
100M,chip_146_340_merged.tif,0.8,2,1431957570,156,33.4387,34.4904,1.0517
100M,chip_146_340_merged.tif,0.8,3,1051350939,156,32.9187,34.0,1.0813
100M,chip_146_340_merged.tif,0.8,4,670744308,156,33.244,33.5966,0.3526
100M,chip_146_489_merged.tif,0.2,0,199762974,39,32.9177,34.6778,1.7601
100M,chip_146_489_merged.tif,0.2,1,1867301104,39,33.2905,34.7263,1.4358
100M,chip_146_489_merged.tif,0.2,2,1486694473,39,32.9679,34.2885,1.3206
100M,chip_146_489_merged.tif,0.2,3,1106087842,39,30.9705,34.0196,3.049
100M,chip_146_489_merged.tif,0.2,4,626142324,39,33.3221,35.3718,2.0497
100M,chip_146_489_merged.tif,0.4,0,39147641,78,31.902,34.4796,2.5776
100M,chip_146_489_merged.tif,0.4,1,1706685771,78,32.002,32.8888,0.8867
100M,chip_146_489_merged.tif,0.4,2,1326079140,78,31.2505,34.5764,3.3259
100M,chip_146_489_merged.tif,0.4,3,846133622,78,32.3347,34.1614,1.8267
100M,chip_146_489_merged.tif,0.4,4,465526991,78,31.905,34.0435,2.1385
100M,chip_146_489_merged.tif,0.6,0,1443333082,117,32.0787,33.4504,1.3717
100M,chip_146_489_merged.tif,0.6,1,963387564,117,31.7055,33.5697,1.8642
100M,chip_146_489_merged.tif,0.6,2,582780933,117,32.1083,33.4404,1.3321
100M,chip_146_489_merged.tif,0.6,3,102835415,117,30.7429,33.1648,2.4219
100M,chip_146_489_merged.tif,0.6,4,1869712432,117,31.9277,33.5534,1.6257
100M,chip_146_489_merged.tif,0.8,0,960740886,156,31.2122,32.7853,1.5731
100M,chip_146_489_merged.tif,0.8,1,480795368,156,31.7723,32.0148,0.2426
100M,chip_146_489_merged.tif,0.8,2,100188737,156,31.1476,32.1459,0.9982
100M,chip_146_489_merged.tif,0.8,3,1767726867,156,31.7498,32.1958,0.446
100M,chip_146_489_merged.tif,0.8,4,1387120236,156,31.554,32.3222,0.7682
100M,chip_146_494_merged.tif,0.2,0,947572085,39,31.9593,34.5252,2.5659
100M,chip_146_494_merged.tif,0.2,1,566965454,39,31.7065,34.9728,3.2663
100M,chip_146_494_merged.tif,0.2,2,87019936,39,33.0565,35.2451,2.1886
100M,chip_146_494_merged.tif,0.2,3,1853896953,39,33.0435,35.723,2.6794
100M,chip_146_494_merged.tif,0.2,4,1373951435,39,32.2899,35.9118,3.6218
100M,chip_146_494_merged.tif,0.4,0,786956752,78,32.4552,34.7682,2.3131
100M,chip_146_494_merged.tif,0.4,1,307011234,78,33.0351,34.6582,1.6231
100M,chip_146_494_merged.tif,0.4,2,2073888251,78,32.4672,34.4343,1.9671
100M,chip_146_494_merged.tif,0.4,3,1593942733,78,32.108,35.0721,2.964
100M,chip_146_494_merged.tif,0.4,4,1213336102,78,31.0013,34.807,3.8058
100M,chip_146_494_merged.tif,0.6,0,43658545,117,31.8994,33.1132,1.2137
100M,chip_146_494_merged.tif,0.6,1,1711196675,117,31.895,33.3581,1.4631
100M,chip_146_494_merged.tif,0.6,2,1330590044,117,32.7264,33.8039,1.0774
100M,chip_146_494_merged.tif,0.6,3,850644526,117,32.1384,33.5808,1.4424
100M,chip_146_494_merged.tif,0.6,4,470037895,117,32.7082,32.8163,0.1081
100M,chip_146_494_merged.tif,0.8,0,1708549997,156,31.555,32.9127,1.3577
100M,chip_146_494_merged.tif,0.8,1,1327943366,156,31.5082,33.4691,1.9609
100M,chip_146_494_merged.tif,0.8,2,847997848,156,31.6187,33.0745,1.4558
100M,chip_146_494_merged.tif,0.8,3,467391217,156,31.6032,33.2056,1.6024
100M,chip_146_494_merged.tif,0.8,4,2134929347,156,31.6229,32.7928,1.17
100M,chip_146_495_merged.tif,0.2,0,1700097207,39,32.837,34.8452,2.0082
100M,chip_146_495_merged.tif,0.2,1,1319490576,39,33.2286,34.8082,1.5796
100M,chip_146_495_merged.tif,0.2,2,938883945,39,33.2288,34.7162,1.4874
100M,chip_146_495_merged.tif,0.2,3,458938427,39,32.838,34.9148,2.0767
100M,chip_146_495_merged.tif,0.2,4,78331796,39,33.2503,36.2495,2.9992
100M,chip_146_495_merged.tif,0.4,0,734161024,78,32.057,34.1149,2.0579
100M,chip_146_495_merged.tif,0.4,1,254215506,78,31.8448,34.1983,2.3536
100M,chip_146_495_merged.tif,0.4,2,2021092523,78,32.0859,33.9572,1.8713
100M,chip_146_495_merged.tif,0.4,3,1640485892,78,33.1887,33.8926,0.7039
100M,chip_146_495_merged.tif,0.4,4,1160540374,78,31.7831,34.0776,2.2945
100M,chip_146_495_merged.tif,0.6,0,796183667,117,31.6286,32.8488,1.2202
100M,chip_146_495_merged.tif,0.6,1,415577036,117,31.5691,33.9287,2.3596
100M,chip_146_495_merged.tif,0.6,2,2083115166,117,31.2579,33.144,1.886
100M,chip_146_495_merged.tif,0.6,3,1702508535,117,31.7683,34.1837,2.4154
100M,chip_146_495_merged.tif,0.6,4,1222563017,117,31.9137,33.5453,1.6316
100M,chip_146_495_merged.tif,0.8,0,313591471,156,31.1545,32.4901,1.3356
100M,chip_146_495_merged.tif,0.8,1,2080468488,156,31.5956,32.7987,1.2031
100M,chip_146_495_merged.tif,0.8,2,1600522970,156,31.0117,31.407,0.3953
100M,chip_146_495_merged.tif,0.8,3,1219916339,156,31.1757,32.5626,1.387
100M,chip_146_495_merged.tif,0.8,4,839309708,156,31.2484,31.9631,0.7147
100M,chip_147_393_merged.tif,0.2,0,1762810977,39,38.2016,39.0131,0.8115
100M,chip_147_393_merged.tif,0.2,1,1382204346,39,38.5792,39.2635,0.6842
100M,chip_147_393_merged.tif,0.2,2,902258828,39,37.082,39.3353,2.2532
100M,chip_147_393_merged.tif,0.2,3,521652197,39,39.1947,38.8732,-0.3215
100M,chip_147_393_merged.tif,0.2,4,141045566,39,37.411,38.0267,0.6158
100M,chip_147_393_merged.tif,0.4,0,1602195644,78,35.7423,38.7126,2.9703
100M,chip_147_393_merged.tif,0.4,1,1221589013,78,36.3623,38.0921,1.7298
100M,chip_147_393_merged.tif,0.4,2,741643495,78,37.7712,37.6179,-0.1533
100M,chip_147_393_merged.tif,0.4,3,361036864,78,37.0565,38.4,1.3436
100M,chip_147_393_merged.tif,0.4,4,2028574994,78,35.8608,38.8852,3.0244
100M,chip_147_393_merged.tif,0.6,0,858897437,117,36.2504,37.9779,1.7276
100M,chip_147_393_merged.tif,0.6,1,478290806,117,35.7128,37.2442,1.5314
100M,chip_147_393_merged.tif,0.6,2,2145828936,117,36.19,38.2709,2.081
100M,chip_147_393_merged.tif,0.6,3,1765222305,117,36.8532,38.0916,1.2384
100M,chip_147_393_merged.tif,0.6,4,1285276787,117,36.1532,37.3528,1.1997
100M,chip_147_393_merged.tif,0.8,0,376305241,156,36.3168,36.6721,0.3554
100M,chip_147_393_merged.tif,0.8,1,2143182258,156,35.1509,36.9577,1.8068
100M,chip_147_393_merged.tif,0.8,2,1663236740,156,36.0558,37.1702,1.1144
100M,chip_147_393_merged.tif,0.8,3,1282630109,156,36.3785,37.4244,1.0459
100M,chip_147_393_merged.tif,0.8,4,902023478,156,35.896,36.8616,0.9656
100M,chip_147_440_merged.tif,0.2,0,910863131,39,32.4718,34.7562,2.2844
100M,chip_147_440_merged.tif,0.2,1,530256500,39,33.9808,35.3307,1.3498
100M,chip_147_440_merged.tif,0.2,2,50310982,39,33.1303,35.9199,2.7896
100M,chip_147_440_merged.tif,0.2,3,1817187999,39,33.0044,34.2617,1.2573
100M,chip_147_440_merged.tif,0.2,4,1337242481,39,33.1464,34.2219,1.0755
100M,chip_147_440_merged.tif,0.4,0,750247798,78,33.0243,34.335,1.3107
100M,chip_147_440_merged.tif,0.4,1,270302280,78,32.847,33.769,0.922
100M,chip_147_440_merged.tif,0.4,2,2037179297,78,33.2553,34.5682,1.3129
100M,chip_147_440_merged.tif,0.4,3,1557233779,78,33.5642,34.4927,0.9285
100M,chip_147_440_merged.tif,0.4,4,1176627148,78,32.8375,33.8452,1.0077
100M,chip_147_440_merged.tif,0.6,0,6949591,117,32.3714,33.1865,0.8151
100M,chip_147_440_merged.tif,0.6,1,1674487721,117,32.8755,33.7823,0.9068
100M,chip_147_440_merged.tif,0.6,2,1293881090,117,32.7933,33.592,0.7987
100M,chip_147_440_merged.tif,0.6,3,813935572,117,32.8826,33.6821,0.7995
100M,chip_147_440_merged.tif,0.6,4,433328941,117,33.1132,33.7877,0.6745
100M,chip_147_440_merged.tif,0.8,0,1671841043,156,33.1,33.0875,-0.0124
100M,chip_147_440_merged.tif,0.8,1,1291234412,156,33.0891,32.9676,-0.1215
100M,chip_147_440_merged.tif,0.8,2,811288894,156,32.6159,33.1663,0.5503
100M,chip_147_440_merged.tif,0.8,3,430682263,156,33.0949,33.1891,0.0942
100M,chip_147_440_merged.tif,0.8,4,2098220393,156,32.8554,33.1705,0.3151
100M,chip_147_479_merged.tif,0.2,0,299748279,39,32.75,34.846,2.096
100M,chip_147_479_merged.tif,0.2,1,1967286409,39,33.886,35.0452,1.1591
100M,chip_147_479_merged.tif,0.2,2,1586679778,39,32.2548,35.9585,3.7037
100M,chip_147_479_merged.tif,0.2,3,1106734260,39,31.8276,35.2419,3.4143
100M,chip_147_479_merged.tif,0.2,4,726127629,39,30.7209,35.1338,4.4129
100M,chip_147_479_merged.tif,0.4,0,39794059,78,31.3711,34.4701,3.0989
100M,chip_147_479_merged.tif,0.4,1,1806671076,78,30.9816,34.4869,3.5053
100M,chip_147_479_merged.tif,0.4,2,1326725558,78,32.371,33.9013,1.5303
100M,chip_147_479_merged.tif,0.4,3,946118927,78,32.1234,34.4837,2.3603
100M,chip_147_479_merged.tif,0.4,4,565512296,78,32.2994,34.8751,2.5758
100M,chip_147_479_merged.tif,0.6,0,1443979500,117,32.3218,32.807,0.4852
100M,chip_147_479_merged.tif,0.6,1,1063372869,117,32.4365,33.2768,0.8404
100M,chip_147_479_merged.tif,0.6,2,583427351,117,31.262,33.2745,2.0125
100M,chip_147_479_merged.tif,0.6,3,202820720,117,31.3367,33.2628,1.9261
100M,chip_147_479_merged.tif,0.6,4,1969697737,117,31.2861,34.0941,2.808
100M,chip_147_479_merged.tif,0.8,0,1060726191,156,30.979,33.0904,2.1114
100M,chip_147_479_merged.tif,0.8,1,580780673,156,30.9513,32.6565,1.7052
100M,chip_147_479_merged.tif,0.8,2,200174042,156,31.2268,33.3488,2.122
100M,chip_147_479_merged.tif,0.8,3,1867712172,156,31.1954,32.652,1.4565
100M,chip_147_479_merged.tif,0.8,4,1487105541,156,31.2022,32.5471,1.3449
100M,chip_147_486_merged.tif,0.2,0,1766238322,39,32.1311,34.9833,2.8522
100M,chip_147_486_merged.tif,0.2,1,1385631691,39,33.1705,35.8952,2.7247
100M,chip_147_486_merged.tif,0.2,2,1005025060,39,33.1704,35.3744,2.204
100M,chip_147_486_merged.tif,0.2,3,525079542,39,32.7184,35.5504,2.832
100M,chip_147_486_merged.tif,0.2,4,144472911,39,34.1002,35.4897,1.3895
100M,chip_147_486_merged.tif,0.4,0,1605622989,78,32.0026,33.9067,1.9041
100M,chip_147_486_merged.tif,0.4,1,1225016358,78,32.8018,34.8008,1.9989
100M,chip_147_486_merged.tif,0.4,2,745070840,78,33.069,34.4582,1.3892
100M,chip_147_486_merged.tif,0.4,3,364464209,78,31.981,34.5253,2.5443
100M,chip_147_486_merged.tif,0.4,4,2032002339,78,32.88,34.9619,2.0818
100M,chip_147_486_merged.tif,0.6,0,862324782,117,31.6027,34.4667,2.864
100M,chip_147_486_merged.tif,0.6,1,481718151,117,32.3165,33.2053,0.8888
100M,chip_147_486_merged.tif,0.6,2,1772633,117,31.4739,33.5935,2.1197
100M,chip_147_486_merged.tif,0.6,3,1768649650,117,31.4817,34.116,2.6343
100M,chip_147_486_merged.tif,0.6,4,1388043019,117,31.5762,33.8999,2.3237
100M,chip_147_486_merged.tif,0.8,0,379732586,156,31.6698,33.2863,1.6164
100M,chip_147_486_merged.tif,0.8,1,2146609603,156,31.8033,33.2154,1.4121
100M,chip_147_486_merged.tif,0.8,2,1766002972,156,31.6655,32.9677,1.3023
100M,chip_147_486_merged.tif,0.8,3,1286057454,156,31.5909,32.7186,1.1277
100M,chip_147_486_merged.tif,0.8,4,905450823,156,31.5848,32.1248,0.54
100M,chip_147_489_merged.tif,0.2,0,1774346984,39,33.7654,34.4806,0.7153
100M,chip_147_489_merged.tif,0.2,1,1393740353,39,31.3986,34.6565,3.2579
100M,chip_147_489_merged.tif,0.2,2,913794835,39,33.6302,34.3861,0.7559
100M,chip_147_489_merged.tif,0.2,3,533188204,39,31.8435,35.2222,3.3787
100M,chip_147_489_merged.tif,0.2,4,53242686,39,32.6963,34.9259,2.2296
100M,chip_147_489_merged.tif,0.4,0,1613731651,78,30.9355,33.5779,2.6423
100M,chip_147_489_merged.tif,0.4,1,1133786133,78,33.3204,33.5,0.1796
100M,chip_147_489_merged.tif,0.4,2,753179502,78,31.1106,34.0509,2.9404
100M,chip_147_489_merged.tif,0.4,3,372572871,78,32.2344,33.8604,1.626
100M,chip_147_489_merged.tif,0.4,4,2040111001,78,31.9335,33.8531,1.9196
100M,chip_147_489_merged.tif,0.6,0,870433444,117,32.137,33.4258,1.2888
100M,chip_147_489_merged.tif,0.6,1,390487926,117,31.1989,32.7838,1.5849
100M,chip_147_489_merged.tif,0.6,2,9881295,117,31.6658,33.2644,1.5985
100M,chip_147_489_merged.tif,0.6,3,1776758312,117,32.3002,32.9691,0.6689
100M,chip_147_489_merged.tif,0.6,4,1296812794,117,31.8744,33.3458,1.4714
100M,chip_147_489_merged.tif,0.8,0,387841248,156,31.5377,32.3334,0.7957
100M,chip_147_489_merged.tif,0.8,1,7234617,156,31.8052,32.148,0.3428
100M,chip_147_489_merged.tif,0.8,2,1674772747,156,30.9956,32.0479,1.0523
100M,chip_147_489_merged.tif,0.8,3,1294166116,156,31.7991,32.3184,0.5193
100M,chip_147_489_merged.tif,0.8,4,814220598,156,31.6869,32.3612,0.6742
100M,chip_148_413_merged.tif,0.2,0,993369569,39,34.9815,36.5073,1.5258
100M,chip_148_413_merged.tif,0.2,1,612762938,39,34.7027,35.7731,1.0703
100M,chip_148_413_merged.tif,0.2,2,132817420,39,34.9457,37.0513,2.1056
100M,chip_148_413_merged.tif,0.2,3,1899694437,39,32.1019,36.321,4.2191
100M,chip_148_413_merged.tif,0.2,4,1419748919,39,34.9465,36.7302,1.7836
100M,chip_148_413_merged.tif,0.4,0,832754236,78,34.9552,35.5021,0.547
100M,chip_148_413_merged.tif,0.4,1,352808718,78,34.6727,35.4167,0.744
100M,chip_148_413_merged.tif,0.4,2,2119685735,78,33.1232,36.1249,3.0017
100M,chip_148_413_merged.tif,0.4,3,1639740217,78,34.6114,35.5058,0.8944
100M,chip_148_413_merged.tif,0.4,4,1259133586,78,34.7889,35.7592,0.9703
100M,chip_148_413_merged.tif,0.6,0,89456029,117,34.1211,35.846,1.7249
100M,chip_148_413_merged.tif,0.6,1,1756994159,117,34.6382,35.3428,0.7047
100M,chip_148_413_merged.tif,0.6,2,1376387528,117,33.1011,35.5068,2.4057
100M,chip_148_413_merged.tif,0.6,3,896442010,117,33.8945,35.2716,1.3771
100M,chip_148_413_merged.tif,0.6,4,515835379,117,33.8373,35.4697,1.6325
100M,chip_148_413_merged.tif,0.8,0,1754347481,156,34.2393,34.9067,0.6675
100M,chip_148_413_merged.tif,0.8,1,1274401963,156,33.6672,35.0614,1.3943
100M,chip_148_413_merged.tif,0.8,2,893795332,156,34.7151,34.773,0.0579
100M,chip_148_413_merged.tif,0.8,3,513188701,156,34.6882,34.6594,-0.0287
100M,chip_148_413_merged.tif,0.8,4,33243183,156,33.8439,35.1292,1.2853
100M,chip_148_469_merged.tif,0.2,0,868421145,39,38.7527,37.0399,-1.7128
100M,chip_148_469_merged.tif,0.2,1,487814514,39,36.7887,36.9198,0.1311
100M,chip_148_469_merged.tif,0.2,2,107207883,39,35.5522,38.62,3.0678
100M,chip_148_469_merged.tif,0.2,3,1774746013,39,37.2189,36.0345,-1.1844
100M,chip_148_469_merged.tif,0.2,4,1394139382,39,36.8861,38.0299,1.1438
100M,chip_148_469_merged.tif,0.4,0,707805812,78,36.8272,36.8965,0.0694
100M,chip_148_469_merged.tif,0.4,1,327199181,78,36.7666,35.7931,-0.9736
100M,chip_148_469_merged.tif,0.4,2,1994737311,78,35.6055,36.3014,0.6959
100M,chip_148_469_merged.tif,0.4,3,1614130680,78,36.9082,36.0904,-0.8177
100M,chip_148_469_merged.tif,0.4,4,1134185162,78,34.2174,36.7683,2.551
100M,chip_148_469_merged.tif,0.6,0,2111991253,117,36.6586,35.8339,-0.8247
100M,chip_148_469_merged.tif,0.6,1,1731384622,117,36.7282,36.2735,-0.4547
100M,chip_148_469_merged.tif,0.6,2,1251439104,117,36.5991,35.8772,-0.7218
100M,chip_148_469_merged.tif,0.6,3,870832473,117,35.465,36.1878,0.7228
100M,chip_148_469_merged.tif,0.6,4,490225842,117,36.2339,36.2168,-0.0171
100M,chip_148_469_merged.tif,0.8,0,1629399057,156,35.6354,36.4102,0.7749
100M,chip_148_469_merged.tif,0.8,1,1248792426,156,36.0368,35.4713,-0.5656
100M,chip_148_469_merged.tif,0.8,2,868185795,156,35.6164,35.6646,0.0483
100M,chip_148_469_merged.tif,0.8,3,388240277,156,36.0275,36.2484,0.2209
100M,chip_148_469_merged.tif,0.8,4,7633646,156,36.028,35.6144,-0.4137
100M,chip_148_478_merged.tif,0.2,0,1947341345,39,33.0303,34.7928,1.7625
100M,chip_148_478_merged.tif,0.2,1,1566734714,39,33.9038,35.196,1.2923
100M,chip_148_478_merged.tif,0.2,2,1086789196,39,34.2263,36.387,2.1608
100M,chip_148_478_merged.tif,0.2,3,706182565,39,33.9048,36.0877,2.1829
100M,chip_148_478_merged.tif,0.2,4,325575934,39,34.5056,36.2133,1.7076
100M,chip_148_478_merged.tif,0.4,0,1786726012,78,34.6718,34.4983,-0.1736
100M,chip_148_478_merged.tif,0.4,1,1406119381,78,33.2816,34.8559,1.5743
100M,chip_148_478_merged.tif,0.4,2,926173863,78,33.9113,34.8789,0.9676
100M,chip_148_478_merged.tif,0.4,3,545567232,78,33.7486,34.527,0.7783
100M,chip_148_478_merged.tif,0.4,4,65621714,78,33.5841,34.6732,1.0891
100M,chip_148_478_merged.tif,0.6,0,1043427805,117,33.6142,34.645,1.0308
100M,chip_148_478_merged.tif,0.6,1,662821174,117,33.6901,35.0222,1.3321
100M,chip_148_478_merged.tif,0.6,2,182875656,117,33.6021,34.8619,1.2598
100M,chip_148_478_merged.tif,0.6,3,1949752673,117,33.4131,34.6875,1.2744
100M,chip_148_478_merged.tif,0.6,4,1469807155,117,33.6879,34.332,0.6441
100M,chip_148_478_merged.tif,0.8,0,560835609,156,33.6483,33.8964,0.2481
100M,chip_148_478_merged.tif,0.8,1,180228978,156,33.6556,33.9385,0.2829
100M,chip_148_478_merged.tif,0.8,2,1847767108,156,33.6379,33.6112,-0.0267
100M,chip_148_478_merged.tif,0.8,3,1467160477,156,33.6471,33.5545,-0.0926
100M,chip_148_478_merged.tif,0.8,4,1086553846,156,33.2584,34.0284,0.77
100M,chip_148_483_merged.tif,0.2,0,1380883847,39,32.5913,32.5241,-0.0672
100M,chip_148_483_merged.tif,0.2,1,1000277216,39,30.9221,33.7149,2.7928
100M,chip_148_483_merged.tif,0.2,2,520331698,39,30.838,33.4736,2.6355
100M,chip_148_483_merged.tif,0.2,3,139725067,39,31.7805,33.8101,2.0296
100M,chip_148_483_merged.tif,0.2,4,1906602084,39,30.8387,32.7697,1.931
100M,chip_148_483_merged.tif,0.4,0,1220268514,78,29.8268,33.4831,3.6563
100M,chip_148_483_merged.tif,0.4,1,839661883,78,32.0915,32.5364,0.4449
100M,chip_148_483_merged.tif,0.4,2,359716365,78,29.8269,32.674,2.847
100M,chip_148_483_merged.tif,0.4,3,2126593382,78,31.2049,32.4059,1.201
100M,chip_148_483_merged.tif,0.4,4,1646647864,78,29.827,33.6175,3.7905
100M,chip_148_483_merged.tif,0.6,0,476970307,117,31.8766,32.8201,0.9436
100M,chip_148_483_merged.tif,0.6,1,96363676,117,31.2863,32.097,0.8108
100M,chip_148_483_merged.tif,0.6,2,1763901806,117,31.5643,32.6174,1.053
100M,chip_148_483_merged.tif,0.6,3,1383295175,117,31.262,32.0394,0.7774
100M,chip_148_483_merged.tif,0.6,4,903349657,117,31.8213,32.3864,0.565
100M,chip_148_483_merged.tif,0.8,0,2141861759,156,31.1521,31.304,0.1519
100M,chip_148_483_merged.tif,0.8,1,1761255128,156,31.2546,31.8485,0.5938
100M,chip_148_483_merged.tif,0.8,2,1281309610,156,31.2619,32.0603,0.7984
100M,chip_148_483_merged.tif,0.8,3,900702979,156,30.2273,31.596,1.3687
100M,chip_148_483_merged.tif,0.8,4,520096348,156,31.5353,31.7831,0.2479
100M,chip_151_240_merged.tif,0.2,0,151054094,39,33.1644,35.1912,2.0268
100M,chip_151_240_merged.tif,0.2,1,1818592224,39,32.9424,34.3632,1.4208
100M,chip_151_240_merged.tif,0.2,2,1437985593,39,27.8824,35.1128,7.2304
100M,chip_151_240_merged.tif,0.2,3,958040075,39,31.677,35.9244,4.2474
100M,chip_151_240_merged.tif,0.2,4,577433444,39,31.6737,35.0632,3.3895
100M,chip_151_240_merged.tif,0.4,0,2038583522,78,29.5576,34.6759,5.1183
100M,chip_151_240_merged.tif,0.4,1,1657976891,78,30.8157,34.4751,3.6594
100M,chip_151_240_merged.tif,0.4,2,1277370260,78,31.663,33.4992,1.8362
100M,chip_151_240_merged.tif,0.4,3,797424742,78,31.2662,35.0346,3.7684
100M,chip_151_240_merged.tif,0.4,4,416818111,78,31.0893,34.7243,3.6349
100M,chip_151_240_merged.tif,0.6,0,1295285315,117,30.2684,33.401,3.1326
100M,chip_151_240_merged.tif,0.6,1,914678684,117,31.3331,33.6744,2.3413
100M,chip_151_240_merged.tif,0.6,2,534072053,117,30.835,34.0319,3.1969
100M,chip_151_240_merged.tif,0.6,3,54126535,117,29.4953,33.1628,3.6675
100M,chip_151_240_merged.tif,0.6,4,1821003552,117,31.3618,33.4495,2.0877
100M,chip_151_240_merged.tif,0.8,0,912032006,156,29.4603,31.8911,2.4308
100M,chip_151_240_merged.tif,0.8,1,432086488,156,29.4472,31.1126,1.6655
100M,chip_151_240_merged.tif,0.8,2,51479857,156,29.5217,31.8143,2.2927
100M,chip_151_240_merged.tif,0.8,3,1719017987,156,29.6467,31.8764,2.2297
100M,chip_151_240_merged.tif,0.8,4,1338411356,156,29.433,30.918,1.4851
100M,chip_151_248_merged.tif,0.2,0,1582774311,39,34.6765,35.819,1.1425
100M,chip_151_248_merged.tif,0.2,1,1202167680,39,29.0067,35.2964,6.2897
100M,chip_151_248_merged.tif,0.2,2,722222162,39,35.4644,32.4861,-2.9783
100M,chip_151_248_merged.tif,0.2,3,341615531,39,29.743,35.7041,5.9611
100M,chip_151_248_merged.tif,0.2,4,2009153661,39,28.7128,34.1938,5.481
100M,chip_151_248_merged.tif,0.4,0,1422158978,78,30.6714,34.7909,4.1195
100M,chip_151_248_merged.tif,0.4,1,942213460,78,31.7231,34.6615,2.9385
100M,chip_151_248_merged.tif,0.4,2,561606829,78,30.4787,32.965,2.4863
100M,chip_151_248_merged.tif,0.4,3,181000198,78,29.4303,33.2344,3.8041
100M,chip_151_248_merged.tif,0.4,4,1848538328,78,28.8314,34.1208,5.2893
100M,chip_151_248_merged.tif,0.6,0,678860771,117,31.0069,31.9119,0.905
100M,chip_151_248_merged.tif,0.6,1,298254140,117,31.0227,31.8441,0.8214
100M,chip_151_248_merged.tif,0.6,2,1965792270,117,29.8664,33.6659,3.7995
100M,chip_151_248_merged.tif,0.6,3,1585185639,117,30.5968,31.3234,0.7266
100M,chip_151_248_merged.tif,0.6,4,1105240121,117,31.0569,32.3039,1.2471
100M,chip_151_248_merged.tif,0.8,0,196268575,156,29.9921,29.5772,-0.4149
100M,chip_151_248_merged.tif,0.8,1,1963145592,156,28.7399,30.2656,1.5258
100M,chip_151_248_merged.tif,0.8,2,1483200074,156,29.6139,31.2251,1.6112
100M,chip_151_248_merged.tif,0.8,3,1102593443,156,29.5722,31.0264,1.4542
100M,chip_151_248_merged.tif,0.8,4,622647925,156,29.9929,30.6315,0.6387
100M,chip_151_418_merged.tif,0.2,0,939885381,39,33.6308,36.7658,3.135
100M,chip_151_418_merged.tif,0.2,1,559278750,39,33.8804,35.4738,1.5934
100M,chip_151_418_merged.tif,0.2,2,79333232,39,34.8783,36.7717,1.8934
100M,chip_151_418_merged.tif,0.2,3,1846210249,39,33.9191,35.0637,1.1447
100M,chip_151_418_merged.tif,0.2,4,1366264731,39,34.3162,35.6046,1.2883
100M,chip_151_418_merged.tif,0.4,0,779270048,78,33.9515,35.9127,1.9612
100M,chip_151_418_merged.tif,0.4,1,299324530,78,32.1839,35.6631,3.4791
100M,chip_151_418_merged.tif,0.4,2,2066201547,78,33.4338,35.1461,1.7123
100M,chip_151_418_merged.tif,0.4,3,1685594916,78,33.8617,35.0063,1.1446
100M,chip_151_418_merged.tif,0.4,4,1205649398,78,32.2894,35.3032,3.0139
100M,chip_151_418_merged.tif,0.6,0,35971841,117,32.6783,34.5048,1.8265
100M,chip_151_418_merged.tif,0.6,1,1703509971,117,33.3,34.7655,1.4655
100M,chip_151_418_merged.tif,0.6,2,1322903340,117,31.2658,34.2795,3.0136
100M,chip_151_418_merged.tif,0.6,3,942296709,117,33.2843,34.8697,1.5854
100M,chip_151_418_merged.tif,0.6,4,462351191,117,33.2959,34.7076,1.4117
100M,chip_151_418_merged.tif,0.8,0,1700863293,156,31.7442,33.9455,2.2013
100M,chip_151_418_merged.tif,0.8,1,1320256662,156,31.7424,33.3747,1.6323
100M,chip_151_418_merged.tif,0.8,2,840311144,156,31.7563,34.1809,2.4246
100M,chip_151_418_merged.tif,0.8,3,459704513,156,31.4312,34.2483,2.8172
100M,chip_151_418_merged.tif,0.8,4,2127242643,156,32.5273,34.2164,1.6892
100M,chip_151_484_merged.tif,0.2,0,68412432,39,32.1072,34.0109,1.9037
100M,chip_151_484_merged.tif,0.2,1,1835289449,39,31.6287,33.5518,1.9231
100M,chip_151_484_merged.tif,0.2,2,1355343931,39,32.4699,34.3689,1.899
100M,chip_151_484_merged.tif,0.2,3,974737300,39,31.9469,33.4168,1.4699
100M,chip_151_484_merged.tif,0.2,4,494791782,39,28.9251,33.6483,4.7232
100M,chip_151_484_merged.tif,0.4,0,2055280747,78,30.3011,33.3386,3.0376
100M,chip_151_484_merged.tif,0.4,1,1575335229,78,28.5241,33.2304,4.7062
100M,chip_151_484_merged.tif,0.4,2,1194728598,78,28.3705,32.8075,4.4369
100M,chip_151_484_merged.tif,0.4,3,714783080,78,28.1109,31.4894,3.3785
100M,chip_151_484_merged.tif,0.4,4,334176449,78,29.6535,32.9094,3.2559
100M,chip_151_484_merged.tif,0.6,0,1311982540,117,27.494,30.7991,3.3051
100M,chip_151_484_merged.tif,0.6,1,832037022,117,26.2567,31.2428,4.986
100M,chip_151_484_merged.tif,0.6,2,451430391,117,27.9186,28.223,0.3045
100M,chip_151_484_merged.tif,0.6,3,2118968521,117,28.2557,31.6934,3.4377
100M,chip_151_484_merged.tif,0.6,4,1738361890,117,26.842,31.8354,4.9934
100M,chip_151_484_merged.tif,0.8,0,829390344,156,27.0419,31.2993,4.2574
100M,chip_151_484_merged.tif,0.8,1,448783713,156,27.0207,28.0746,1.0539
100M,chip_151_484_merged.tif,0.8,2,2116321843,156,26.5418,29.4305,2.8886
100M,chip_151_484_merged.tif,0.8,3,1735715212,156,26.5663,31.478,4.9117
100M,chip_151_484_merged.tif,0.8,4,1255769694,156,26.5464,28.8665,2.3201
100M,chip_151_489_merged.tif,0.2,0,2111170159,39,32.8185,34.5594,1.7409
100M,chip_151_489_merged.tif,0.2,1,1631224641,39,33.7092,35.2928,1.5835
100M,chip_151_489_merged.tif,0.2,2,1250618010,39,34.1073,34.6806,0.5733
100M,chip_151_489_merged.tif,0.2,3,870011379,39,34.9128,35.195,0.2822
100M,chip_151_489_merged.tif,0.2,4,390065861,39,34.3746,35.0449,0.6703
100M,chip_151_489_merged.tif,0.4,0,1950554826,78,34.0878,35.2036,1.1158
100M,chip_151_489_merged.tif,0.4,1,1470609308,78,34.0875,34.9898,0.9023
100M,chip_151_489_merged.tif,0.4,2,1090002677,78,33.7586,35.2651,1.5066
100M,chip_151_489_merged.tif,0.4,3,610057159,78,33.6525,34.549,0.8965
100M,chip_151_489_merged.tif,0.4,4,229450528,78,32.0935,34.8782,2.7847
100M,chip_151_489_merged.tif,0.6,0,1207256619,117,33.5386,34.0727,0.5341
100M,chip_151_489_merged.tif,0.6,1,727311101,117,33.3954,34.317,0.9216
100M,chip_151_489_merged.tif,0.6,2,346704470,117,33.5302,34.1017,0.5716
100M,chip_151_489_merged.tif,0.6,3,2014242600,117,33.5717,34.5475,0.9758
100M,chip_151_489_merged.tif,0.6,4,1633635969,117,33.2674,35.1294,1.862
100M,chip_151_489_merged.tif,0.8,0,724664423,156,33.1876,33.8513,0.6636
100M,chip_151_489_merged.tif,0.8,1,244718905,156,33.2206,34.3232,1.1026
100M,chip_151_489_merged.tif,0.8,2,2011595922,156,32.8374,33.3288,0.4915
100M,chip_151_489_merged.tif,0.8,3,1630989291,156,33.1876,33.4044,0.2169
100M,chip_151_489_merged.tif,0.8,4,1151043773,156,33.2536,34.2082,0.9546
100M,chip_151_501_merged.tif,0.2,0,1295229284,39,32.8598,33.663,0.8031
100M,chip_151_501_merged.tif,0.2,1,815283766,39,32.8596,33.2272,0.3675
100M,chip_151_501_merged.tif,0.2,2,434677135,39,32.78,34.3524,1.5723
100M,chip_151_501_merged.tif,0.2,3,54070504,39,32.7667,34.0707,1.304
100M,chip_151_501_merged.tif,0.2,4,1721608634,39,31.8978,34.006,2.1081
100M,chip_151_501_merged.tif,0.4,0,1134613951,78,31.7797,33.2938,1.5141
100M,chip_151_501_merged.tif,0.4,1,654668433,78,31.5188,33.9133,2.3946
100M,chip_151_501_merged.tif,0.4,2,274061802,78,31.237,33.6539,2.417
100M,chip_151_501_merged.tif,0.4,3,1941599932,78,31.7793,32.9878,1.2085
100M,chip_151_501_merged.tif,0.4,4,1560993301,78,32.278,33.8995,1.6215
100M,chip_151_501_merged.tif,0.6,0,391315744,117,31.4465,33.2063,1.7598
100M,chip_151_501_merged.tif,0.6,1,2058853874,117,31.264,33.2626,1.9986
100M,chip_151_501_merged.tif,0.6,2,1678247243,117,31.6419,33.1513,1.5094
100M,chip_151_501_merged.tif,0.6,3,1198301725,117,31.9025,32.822,0.9195
100M,chip_151_501_merged.tif,0.6,4,817695094,117,32.0195,33.001,0.9815
100M,chip_151_501_merged.tif,0.8,0,2056207196,156,31.4623,32.6046,1.1423
100M,chip_151_501_merged.tif,0.8,1,1576261678,156,30.9916,32.2776,1.2861
100M,chip_151_501_merged.tif,0.8,2,1195655047,156,30.996,32.4102,1.4142
100M,chip_151_501_merged.tif,0.8,3,815048416,156,31.711,32.0759,0.3649
100M,chip_151_501_merged.tif,0.8,4,335102898,156,31.0038,32.1934,1.1896
100M,chip_151_592_merged.tif,0.2,0,1612425901,39,33.5764,35.7705,2.1941
100M,chip_151_592_merged.tif,0.2,1,1132480383,39,34.0538,35.4886,1.4348
100M,chip_151_592_merged.tif,0.2,2,751873752,39,34.7226,36.0803,1.3577
100M,chip_151_592_merged.tif,0.2,3,271928234,39,34.1504,35.2622,1.1118
100M,chip_151_592_merged.tif,0.2,4,2038805251,39,32.736,35.9118,3.1758
100M,chip_151_592_merged.tif,0.4,0,1352471681,78,33.5132,35.0167,1.5036
100M,chip_151_592_merged.tif,0.4,1,971865050,78,33.2094,35.0225,1.8132
100M,chip_151_592_merged.tif,0.4,2,591258419,78,33.5129,35.2591,1.7462
100M,chip_151_592_merged.tif,0.4,3,111312901,78,33.513,35.6868,2.1739
100M,chip_151_592_merged.tif,0.4,4,1878189918,78,33.5494,35.2689,1.7195
100M,chip_151_592_merged.tif,0.6,0,609173474,117,32.8475,34.5709,1.7235
100M,chip_151_592_merged.tif,0.6,1,228566843,117,33.3862,34.8596,1.4733
100M,chip_151_592_merged.tif,0.6,2,1995443860,117,32.5826,34.6805,2.0979
100M,chip_151_592_merged.tif,0.6,3,1515498342,117,33.3793,34.4792,1.0999
100M,chip_151_592_merged.tif,0.6,4,1134891711,117,33.2334,34.7907,1.5573
100M,chip_151_592_merged.tif,0.8,0,1520464950,156,32.9874,34.1218,1.1344
100M,chip_151_592_merged.tif,0.8,1,1040519432,156,32.9945,33.4526,0.4582
100M,chip_151_592_merged.tif,0.8,2,659912801,156,33.0148,33.4766,0.4618
100M,chip_151_592_merged.tif,0.8,3,279306170,156,33.0116,33.527,0.5155
100M,chip_151_592_merged.tif,0.8,4,1946844300,156,33.0051,33.3234,0.3182
100M,chip_151_604_merged.tif,0.2,0,1526948105,39,33.8803,35.644,1.7637
100M,chip_151_604_merged.tif,0.2,1,1146341474,39,33.9802,35.6638,1.6837
100M,chip_151_604_merged.tif,0.2,2,666395956,39,34.5315,35.9608,1.4293
100M,chip_151_604_merged.tif,0.2,3,285789325,39,33.5065,35.8424,2.3359
100M,chip_151_604_merged.tif,0.2,4,2052666342,39,34.0125,36.3493,2.3369
100M,chip_151_604_merged.tif,0.4,0,1366332772,78,33.5454,34.9215,1.3761
100M,chip_151_604_merged.tif,0.4,1,985726141,78,34.0578,35.212,1.1542
100M,chip_151_604_merged.tif,0.4,2,505780623,78,34.058,34.8745,0.8165
100M,chip_151_604_merged.tif,0.4,3,125173992,78,33.5227,35.2819,1.7592
100M,chip_151_604_merged.tif,0.4,4,1792712122,78,33.7782,34.89,1.1117
100M,chip_151_604_merged.tif,0.6,0,623034565,117,33.4444,34.4134,0.9691
100M,chip_151_604_merged.tif,0.6,1,242427934,117,33.5591,35.0454,1.4863
100M,chip_151_604_merged.tif,0.6,2,1909966064,117,33.4016,34.654,1.2524
100M,chip_151_604_merged.tif,0.6,3,1529359433,117,33.3965,34.5811,1.1845
100M,chip_151_604_merged.tif,0.6,4,1049413915,117,33.3068,34.46,1.1532
100M,chip_151_604_merged.tif,0.8,0,140442369,156,33.469,33.7408,0.2719
100M,chip_151_604_merged.tif,0.8,1,1907319386,156,33.4765,33.9952,0.5187
100M,chip_151_604_merged.tif,0.8,2,1427373868,156,33.0803,33.8472,0.7669
100M,chip_151_604_merged.tif,0.8,3,1046767237,156,33.0385,33.9503,0.9118
100M,chip_151_604_merged.tif,0.8,4,666160606,156,33.5282,34.0568,0.5286
100M,chip_152_240_merged.tif,0.2,0,1690725444,39,30.0369,35.9635,5.9266
100M,chip_152_240_merged.tif,0.2,1,1310118813,39,31.4103,35.4378,4.0275
100M,chip_152_240_merged.tif,0.2,2,830173295,39,28.4031,36.2031,7.8
100M,chip_152_240_merged.tif,0.2,3,449566664,39,28.4398,35.2769,6.837
100M,chip_152_240_merged.tif,0.2,4,68960033,39,28.2426,35.7358,7.4932
100M,chip_152_240_merged.tif,0.4,0,724789261,78,29.5006,33.8444,4.3437
100M,chip_152_240_merged.tif,0.4,1,244843743,78,27.8886,31.4802,3.5916
100M,chip_152_240_merged.tif,0.4,2,2011720760,78,29.6569,32.9088,3.252
100M,chip_152_240_merged.tif,0.4,3,1631114129,78,28.3938,35.0295,6.6358
100M,chip_152_240_merged.tif,0.4,4,1151168611,78,27.9848,33.159,5.1742
100M,chip_152_240_merged.tif,0.6,0,786811904,117,28.7736,32.8161,4.0425
100M,chip_152_240_merged.tif,0.6,1,406205273,117,28.7876,32.8388,4.0512
100M,chip_152_240_merged.tif,0.6,2,2073743403,117,27.5777,32.8795,5.3018
100M,chip_152_240_merged.tif,0.6,3,1693136772,117,27.6648,33.5897,5.9249
100M,chip_152_240_merged.tif,0.6,4,1213191254,117,27.69,32.9986,5.3087
100M,chip_152_240_merged.tif,0.8,0,304219708,156,26.9944,28.4289,1.4344
100M,chip_152_240_merged.tif,0.8,1,2071096725,156,28.0693,30.2718,2.2024
100M,chip_152_240_merged.tif,0.8,2,1591151207,156,27.4093,29.8996,2.4904
100M,chip_152_240_merged.tif,0.8,3,1210544576,156,27.4199,30.5553,3.1354
100M,chip_152_240_merged.tif,0.8,4,829937945,156,28.1438,30.7188,2.5751
100M,chip_152_404_merged.tif,0.2,0,1778922098,39,32.6438,35.0158,2.372
100M,chip_152_404_merged.tif,0.2,1,1398315467,39,31.9172,34.4028,2.4856
100M,chip_152_404_merged.tif,0.2,2,918369949,39,32.5222,36.2154,3.6931
100M,chip_152_404_merged.tif,0.2,3,537763318,39,32.4551,35.3187,2.8636
100M,chip_152_404_merged.tif,0.2,4,57817800,39,32.8281,34.4073,1.5792
100M,chip_152_404_merged.tif,0.4,0,812985915,78,32.6307,34.5831,1.9524
100M,chip_152_404_merged.tif,0.4,1,333040397,78,32.2602,33.9394,1.6792
100M,chip_152_404_merged.tif,0.4,2,2099917414,78,32.2605,34.967,2.7066
100M,chip_152_404_merged.tif,0.4,3,1619971896,78,32.2472,34.079,1.8318
100M,chip_152_404_merged.tif,0.4,4,1239365265,78,32.0196,33.8555,1.8359
100M,chip_152_404_merged.tif,0.6,0,875008558,117,31.3787,33.5608,2.182
100M,chip_152_404_merged.tif,0.6,1,395063040,117,31.8245,34.3141,2.4896
100M,chip_152_404_merged.tif,0.6,2,14456409,117,31.8116,34.117,2.3054
100M,chip_152_404_merged.tif,0.6,3,1781333426,117,31.9589,33.1813,1.2225
100M,chip_152_404_merged.tif,0.6,4,1301387908,117,31.8782,33.5479,1.6697
100M,chip_152_404_merged.tif,0.8,0,392416362,156,31.599,32.9984,1.3994
100M,chip_152_404_merged.tif,0.8,1,11809731,156,31.8451,32.8852,1.0401
100M,chip_152_404_merged.tif,0.8,2,1679347861,156,32.2363,32.9453,0.7089
100M,chip_152_404_merged.tif,0.8,3,1298741230,156,31.6071,32.6985,1.0914
100M,chip_152_404_merged.tif,0.8,4,818795712,156,31.9046,33.2248,1.3202
100M,chip_152_433_merged.tif,0.2,0,1271069872,39,37.2626,39.463,2.2004
100M,chip_152_433_merged.tif,0.2,1,791124354,39,38.1046,39.9096,1.805
100M,chip_152_433_merged.tif,0.2,2,410517723,39,39.7707,39.1194,-0.6513
100M,chip_152_433_merged.tif,0.2,3,2078055853,39,37.8059,40.1093,2.3033
100M,chip_152_433_merged.tif,0.2,4,1697449222,39,39.24,40.0819,0.8419
100M,chip_152_433_merged.tif,0.4,0,1011115652,78,38.3556,39.9773,1.6217
100M,chip_152_433_merged.tif,0.4,1,630509021,78,37.8796,38.9824,1.1028
100M,chip_152_433_merged.tif,0.4,2,249902390,78,37.9465,39.1423,1.1957
100M,chip_152_433_merged.tif,0.4,3,1917440520,78,35.3997,39.7307,4.3309
100M,chip_152_433_merged.tif,0.4,4,1536833889,78,35.2978,37.7285,2.4307
100M,chip_152_433_merged.tif,0.6,0,367156332,117,37.6492,38.8168,1.1676
100M,chip_152_433_merged.tif,0.6,1,2034694462,117,35.7028,38.8014,3.0985
100M,chip_152_433_merged.tif,0.6,2,1654087831,117,35.6351,37.1703,1.5352
100M,chip_152_433_merged.tif,0.6,3,1174142313,117,38.1872,39.2035,1.0163
100M,chip_152_433_merged.tif,0.6,4,793535682,117,35.8522,39.2583,3.4061
100M,chip_152_433_merged.tif,0.8,0,2032047784,156,36.1844,37.2863,1.1019
100M,chip_152_433_merged.tif,0.8,1,1552102266,156,35.8239,38.733,2.9091
100M,chip_152_433_merged.tif,0.8,2,1171495635,156,36.4997,39.1549,2.6551
100M,chip_152_433_merged.tif,0.8,3,691550117,156,36.7128,39.4979,2.7851
100M,chip_152_433_merged.tif,0.8,4,310943486,156,35.9834,38.359,2.3756
100M,chip_152_478_merged.tif,0.2,0,1008458928,39,31.3957,33.0496,1.6539
100M,chip_152_478_merged.tif,0.2,1,528513410,39,30.5439,33.9256,3.3817
100M,chip_152_478_merged.tif,0.2,2,147906779,39,30.132,34.1196,3.9876
100M,chip_152_478_merged.tif,0.2,3,1815444909,39,28.916,33.2807,4.3647
100M,chip_152_478_merged.tif,0.2,4,1434838278,39,26.247,34.6863,8.4392
100M,chip_152_478_merged.tif,0.4,0,748504708,78,30.6652,32.3723,1.7071
100M,chip_152_478_merged.tif,0.4,1,367898077,78,26.5976,32.9734,6.3758
100M,chip_152_478_merged.tif,0.4,2,2035436207,78,29.0358,33.291,4.2553
100M,chip_152_478_merged.tif,0.4,3,1654829576,78,30.1288,32.8472,2.7184
100M,chip_152_478_merged.tif,0.4,4,1274222945,78,27.24,33.294,6.0541
100M,chip_152_478_merged.tif,0.6,0,5206501,117,27.6038,32.6247,5.0209
100M,chip_152_478_merged.tif,0.6,1,1772083518,117,27.8257,28.5335,0.7078
100M,chip_152_478_merged.tif,0.6,2,1391476887,117,27.5022,31.6535,4.1513
100M,chip_152_478_merged.tif,0.6,3,911531369,117,27.4541,32.4233,4.9692
100M,chip_152_478_merged.tif,0.6,4,530924738,117,27.5948,31.1073,3.5125
100M,chip_152_478_merged.tif,0.8,0,1769436840,156,28.1911,30.1757,1.9847
100M,chip_152_478_merged.tif,0.8,1,1289491322,156,26.4836,30.328,3.8443
100M,chip_152_478_merged.tif,0.8,2,908884691,156,28.2369,29.2151,0.9782
100M,chip_152_478_merged.tif,0.8,3,428939173,156,26.8558,28.6552,1.7994
100M,chip_152_478_merged.tif,0.8,4,48332542,156,28.0837,28.5298,0.4461
100M,chip_152_479_merged.tif,0.2,0,1855430791,39,33.6914,34.2013,0.5099
100M,chip_152_479_merged.tif,0.2,1,1375485273,39,32.4058,32.696,0.2902
100M,chip_152_479_merged.tif,0.2,2,994878642,39,31.9059,34.6203,2.7144
100M,chip_152_479_merged.tif,0.2,3,514933124,39,31.4861,32.7221,1.236
100M,chip_152_479_merged.tif,0.2,4,134326493,39,28.7241,32.627,3.9029
100M,chip_152_479_merged.tif,0.4,0,1595476571,78,31.1402,30.8685,-0.2718
100M,chip_152_479_merged.tif,0.4,1,1214869940,78,28.3947,33.5764,5.1817
100M,chip_152_479_merged.tif,0.4,2,734924422,78,31.398,33.2303,1.8323
100M,chip_152_479_merged.tif,0.4,3,354317791,78,30.7067,33.5861,2.8794
100M,chip_152_479_merged.tif,0.4,4,2121194808,78,30.9117,33.0152,2.1035
100M,chip_152_479_merged.tif,0.6,0,852178364,117,30.3439,32.6791,2.3352
100M,chip_152_479_merged.tif,0.6,1,471571733,117,30.5295,32.7901,2.2606
100M,chip_152_479_merged.tif,0.6,2,90965102,117,30.3543,32.5845,2.2301
100M,chip_152_479_merged.tif,0.6,3,1758503232,117,31.3411,32.1317,0.7906
100M,chip_152_479_merged.tif,0.6,4,1377896601,117,30.5764,32.4271,1.8507
100M,chip_152_479_merged.tif,0.8,0,468925055,156,30.7333,30.9382,0.2049
100M,chip_152_479_merged.tif,0.8,1,2136463185,156,29.8847,30.2743,0.3896
100M,chip_152_479_merged.tif,0.8,2,1755856554,156,28.7852,30.3171,1.5319
100M,chip_152_479_merged.tif,0.8,3,1275911036,156,29.1618,31.0727,1.9109
100M,chip_152_479_merged.tif,0.8,4,895304405,156,29.9508,30.7856,0.8348
100M,chip_152_490_merged.tif,0.2,0,405909994,39,33.1796,33.5765,0.3969
100M,chip_152_490_merged.tif,0.2,1,2073448124,39,33.8965,33.883,-0.0135
100M,chip_152_490_merged.tif,0.2,2,1692841493,39,32.6325,33.9321,1.2996
100M,chip_152_490_merged.tif,0.2,3,1212895975,39,33.5273,33.7342,0.2068
100M,chip_152_490_merged.tif,0.2,4,832289344,39,32.0892,34.0577,1.9685
100M,chip_152_490_merged.tif,0.4,0,145955774,78,32.9332,32.8266,-0.1066
100M,chip_152_490_merged.tif,0.4,1,1912832791,78,31.275,33.365,2.0899
100M,chip_152_490_merged.tif,0.4,2,1432887273,78,32.6066,32.8614,0.2547
100M,chip_152_490_merged.tif,0.4,3,1052280642,78,32.3128,33.5291,1.2163
100M,chip_152_490_merged.tif,0.4,4,671674011,78,32.3929,32.4928,0.0999
100M,chip_152_490_merged.tif,0.6,0,1550141215,117,32.4085,32.219,-0.1894
100M,chip_152_490_merged.tif,0.6,1,1169534584,117,32.1882,32.1505,-0.0377
100M,chip_152_490_merged.tif,0.6,2,689589066,117,32.1858,31.7568,-0.4289
100M,chip_152_490_merged.tif,0.6,3,308982435,117,31.1986,32.2845,1.0859
100M,chip_152_490_merged.tif,0.6,4,2075859452,117,32.351,31.7934,-0.5576
100M,chip_152_490_merged.tif,0.8,0,1166887906,156,31.5599,31.7609,0.2009
100M,chip_152_490_merged.tif,0.8,1,686942388,156,31.5625,31.7849,0.2224
100M,chip_152_490_merged.tif,0.8,2,306335757,156,31.5362,32.1535,0.6172
100M,chip_152_490_merged.tif,0.8,3,1973873887,156,32.1993,32.197,-0.0023
100M,chip_152_490_merged.tif,0.8,4,1593267256,156,30.7587,32.3176,1.5589
100M,chip_153_469_merged.tif,0.2,0,1060989706,39,34.6992,35.5582,0.859
100M,chip_153_469_merged.tif,0.2,1,680383075,39,34.7002,35.8081,1.1079
100M,chip_153_469_merged.tif,0.2,2,299776444,39,34.6995,36.0364,1.337
100M,chip_153_469_merged.tif,0.2,3,1967314574,39,34.4385,36.5839,2.1454
100M,chip_153_469_merged.tif,0.2,4,1586707943,39,34.4871,36.5921,2.1049
100M,chip_153_469_merged.tif,0.4,0,900374373,78,34.2553,35.6979,1.4426
100M,chip_153_469_merged.tif,0.4,1,519767742,78,33.6307,35.8772,2.2465
100M,chip_153_469_merged.tif,0.4,2,39822224,78,34.0999,35.6008,1.5009
100M,chip_153_469_merged.tif,0.4,3,1806699241,78,34.7241,35.514,0.7899
100M,chip_153_469_merged.tif,0.4,4,1426092610,78,34.8554,36.4406,1.5852
100M,chip_153_469_merged.tif,0.6,0,157076166,117,33.8805,34.7437,0.8632
100M,chip_153_469_merged.tif,0.6,1,1923953183,117,34.2179,35.1962,0.9783
100M,chip_153_469_merged.tif,0.6,2,1444007665,117,34.2065,34.9675,0.761
100M,chip_153_469_merged.tif,0.6,3,1063401034,117,34.2465,34.9924,0.7459
100M,chip_153_469_merged.tif,0.6,4,682794403,117,34.2263,35.0572,0.8308
100M,chip_153_469_merged.tif,0.8,0,1821967618,156,34.0671,34.4406,0.3735
100M,chip_153_469_merged.tif,0.8,1,1441360987,156,34.0694,34.7547,0.6853
100M,chip_153_469_merged.tif,0.8,2,1060754356,156,34.0167,34.4072,0.3905
100M,chip_153_469_merged.tif,0.8,3,580808838,156,33.9227,34.3869,0.4642
100M,chip_153_469_merged.tif,0.8,4,200202207,156,34.0278,33.8346,-0.1933
100M,chip_154_346_merged.tif,0.2,0,2064601388,39,37.4105,41.5048,4.0943
100M,chip_154_346_merged.tif,0.2,1,1584655870,39,39.859,40.113,0.254
100M,chip_154_346_merged.tif,0.2,2,1204049239,39,36.2971,39.3948,3.0977
100M,chip_154_346_merged.tif,0.2,3,724103721,39,38.9138,40.2435,1.3297
100M,chip_154_346_merged.tif,0.2,4,343497090,39,40.1292,39.6037,-0.5254
100M,chip_154_346_merged.tif,0.4,0,1804647168,78,39.3795,40.1312,0.7517
100M,chip_154_346_merged.tif,0.4,1,1424040537,78,37.8705,39.3976,1.5271
100M,chip_154_346_merged.tif,0.4,2,944095019,78,37.5413,39.03,1.4886
100M,chip_154_346_merged.tif,0.4,3,563488388,78,38.4053,40.389,1.9837
100M,chip_154_346_merged.tif,0.4,4,182881757,78,37.7597,39.8183,2.0586
100M,chip_154_346_merged.tif,0.6,0,1061348961,117,37.2333,39.4166,2.1834
100M,chip_154_346_merged.tif,0.6,1,680742330,117,36.8996,39.7816,2.882
100M,chip_154_346_merged.tif,0.6,2,300135699,117,37.2981,39.3393,2.0412
100M,chip_154_346_merged.tif,0.6,3,1967673829,117,37.1481,38.7806,1.6325
100M,chip_154_346_merged.tif,0.6,4,1587067198,117,37.3371,39.4034,2.0662
100M,chip_154_346_merged.tif,0.8,0,678095652,156,35.8959,38.435,2.5391
100M,chip_154_346_merged.tif,0.8,1,198150134,156,35.8914,38.2395,2.3481
100M,chip_154_346_merged.tif,0.8,2,1965027151,156,37.5015,38.5276,1.0262
100M,chip_154_346_merged.tif,0.8,3,1485081633,156,37.5504,38.2175,0.6671
100M,chip_154_346_merged.tif,0.8,4,1104475002,156,36.5237,37.7784,1.2547
100M,chip_154_484_merged.tif,0.2,0,1416908103,39,32.6648,35.3773,2.7125
100M,chip_154_484_merged.tif,0.2,1,1036301472,39,34.6343,35.3024,0.6681
100M,chip_154_484_merged.tif,0.2,2,655694841,39,33.1716,35.1066,1.935
100M,chip_154_484_merged.tif,0.2,3,175749323,39,35.0395,35.8726,0.833
100M,chip_154_484_merged.tif,0.2,4,1942626340,39,33.4689,34.6443,1.1754
100M,chip_154_484_merged.tif,0.4,0,1256292770,78,33.224,35.2954,2.0714
100M,chip_154_484_merged.tif,0.4,1,875686139,78,33.5859,35.216,1.6301
100M,chip_154_484_merged.tif,0.4,2,395740621,78,33.5337,34.8122,1.2786
100M,chip_154_484_merged.tif,0.4,3,15133990,78,33.2233,35.1978,1.9744
100M,chip_154_484_merged.tif,0.4,4,1682672120,78,33.3488,35.5857,2.2369
100M,chip_154_484_merged.tif,0.6,0,512994563,117,33.0234,34.4327,1.4093
100M,chip_154_484_merged.tif,0.6,1,132387932,117,32.4807,34.086,1.6052
100M,chip_154_484_merged.tif,0.6,2,1799926062,117,33.0056,34.2609,1.2554
100M,chip_154_484_merged.tif,0.6,3,1419319431,117,33.0419,34.5848,1.5429
100M,chip_154_484_merged.tif,0.6,4,939373913,117,32.7013,34.4134,1.7121
100M,chip_154_484_merged.tif,0.8,0,30402367,156,32.4092,33.5248,1.1156
100M,chip_154_484_merged.tif,0.8,1,1797279384,156,32.4149,33.67,1.2551
100M,chip_154_484_merged.tif,0.8,2,1416672753,156,31.8965,33.4164,1.52
100M,chip_154_484_merged.tif,0.8,3,936727235,156,32.4182,33.5883,1.1701
100M,chip_154_484_merged.tif,0.8,4,556120604,156,32.7032,33.2412,0.538
100M,chip_155_408_merged.tif,0.2,0,1659224381,39,34.3664,35.0588,0.6924
100M,chip_155_408_merged.tif,0.2,1,1179278863,39,34.4916,34.2242,-0.2674
100M,chip_155_408_merged.tif,0.2,2,798672232,39,33.2028,35.431,2.2282
100M,chip_155_408_merged.tif,0.2,3,318726714,39,34.7563,35.0717,0.3154
100M,chip_155_408_merged.tif,0.2,4,2085603731,39,32.7019,35.2578,2.5559
100M,chip_155_408_merged.tif,0.4,0,1399270161,78,32.893,34.7986,1.9057
100M,chip_155_408_merged.tif,0.4,1,1018663530,78,32.6224,34.3525,1.7301
100M,chip_155_408_merged.tif,0.4,2,638056899,78,32.962,35.1784,2.2163
100M,chip_155_408_merged.tif,0.4,3,158111381,78,32.2897,35.1643,2.8746
100M,chip_155_408_merged.tif,0.4,4,1924988398,78,33.2427,34.6558,1.4131
100M,chip_155_408_merged.tif,0.6,0,655971954,117,32.7562,34.3539,1.5977
100M,chip_155_408_merged.tif,0.6,1,275365323,117,32.4551,33.8017,1.3466
100M,chip_155_408_merged.tif,0.6,2,2042242340,117,32.0793,33.6776,1.5984
100M,chip_155_408_merged.tif,0.6,3,1562296822,117,32.7565,33.7608,1.0043
100M,chip_155_408_merged.tif,0.6,4,1181690191,117,32.6951,33.4791,0.784
100M,chip_155_408_merged.tif,0.8,0,272718645,156,32.4953,33.1098,0.6144
100M,chip_155_408_merged.tif,0.8,1,1940256775,156,32.498,33.3376,0.8396
100M,chip_155_408_merged.tif,0.8,2,1559650144,156,32.4886,33.5781,1.0895
100M,chip_155_408_merged.tif,0.8,3,1079704626,156,32.569,33.221,0.652
100M,chip_155_408_merged.tif,0.8,4,699097995,156,32.5524,33.3427,0.7903
100M,chip_155_474_merged.tif,0.2,0,235081835,39,30.4807,34.587,4.1063
100M,chip_155_474_merged.tif,0.2,1,1902619965,39,31.0239,34.8047,3.7808
100M,chip_155_474_merged.tif,0.2,2,1522013334,39,33.2466,33.7879,0.5413
100M,chip_155_474_merged.tif,0.2,3,1141406703,39,32.9747,34.4328,1.4581
100M,chip_155_474_merged.tif,0.2,4,661461185,39,34.7985,34.4087,-0.3898
100M,chip_155_474_merged.tif,0.4,0,1317290413,78,32.3577,33.9631,1.6053
100M,chip_155_474_merged.tif,0.4,1,936683782,78,32.357,34.1489,1.7919
100M,chip_155_474_merged.tif,0.4,2,556077151,78,33.2105,33.9902,0.7797
100M,chip_155_474_merged.tif,0.4,3,76131633,78,32.5011,33.6372,1.1361
100M,chip_155_474_merged.tif,0.4,4,1843008650,78,33.2097,33.5202,0.3105
100M,chip_155_474_merged.tif,0.6,0,1478651943,117,32.0496,33.4664,1.4168
100M,chip_155_474_merged.tif,0.6,1,998706425,117,32.7268,33.3756,0.6488
100M,chip_155_474_merged.tif,0.6,2,618099794,117,31.4409,33.6685,2.2276
100M,chip_155_474_merged.tif,0.6,3,138154276,117,31.9701,33.5059,1.5358
100M,chip_155_474_merged.tif,0.6,4,1905031293,117,32.0501,33.49,1.4399
100M,chip_155_474_merged.tif,0.8,0,996059747,156,31.8002,32.287,0.4868
100M,chip_155_474_merged.tif,0.8,1,516114229,156,31.1317,32.9472,1.8156
100M,chip_155_474_merged.tif,0.8,2,135507598,156,31.1205,32.0985,0.978
100M,chip_155_474_merged.tif,0.8,3,1902384615,156,31.8839,32.518,0.6341
100M,chip_155_474_merged.tif,0.8,4,1422439097,156,31.8993,32.9037,1.0044
100M,chip_155_475_merged.tif,0.2,0,2003638417,39,33.7044,36.229,2.5246
100M,chip_155_475_merged.tif,0.2,1,1523692899,39,33.705,35.7126,2.0076
100M,chip_155_475_merged.tif,0.2,2,1143086268,39,34.1907,36.6566,2.4659
100M,chip_155_475_merged.tif,0.2,3,663140750,39,34.0818,35.7563,1.6745
100M,chip_155_475_merged.tif,0.2,4,282534119,39,33.4448,34.1885,0.7438
100M,chip_155_475_merged.tif,0.4,0,1743684197,78,33.3582,35.576,2.2178
100M,chip_155_475_merged.tif,0.4,1,1363077566,78,33.3068,35.3889,2.0821
100M,chip_155_475_merged.tif,0.4,2,883132048,78,31.7856,35.2803,3.4947
100M,chip_155_475_merged.tif,0.4,3,502525417,78,33.8755,35.5554,1.6799
100M,chip_155_475_merged.tif,0.4,4,121918786,78,31.7847,36.0569,4.2721
100M,chip_155_475_merged.tif,0.6,0,1000385990,117,33.1737,35.007,1.8333
100M,chip_155_475_merged.tif,0.6,1,619779359,117,33.1683,34.5401,1.3718
100M,chip_155_475_merged.tif,0.6,2,239172728,117,32.4251,34.405,1.9798
100M,chip_155_475_merged.tif,0.6,3,1906710858,117,33.1663,33.8244,0.6581
100M,chip_155_475_merged.tif,0.6,4,1526104227,117,32.4336,33.8553,1.4217
100M,chip_155_475_merged.tif,0.8,0,617132681,156,30.8118,34.1612,3.3494
100M,chip_155_475_merged.tif,0.8,1,137187163,156,33.026,34.4646,1.4386
100M,chip_155_475_merged.tif,0.8,2,1904064180,156,31.637,33.3044,1.6675
100M,chip_155_475_merged.tif,0.8,3,1424118662,156,33.0425,33.7221,0.6796
100M,chip_155_475_merged.tif,0.8,4,1043512031,156,33.2528,32.8765,-0.3764
100M,chip_155_479_merged.tif,0.2,0,999691115,39,31.4361,33.1406,1.7045
100M,chip_155_479_merged.tif,0.2,1,519745597,39,31.4355,33.6281,2.1925
100M,chip_155_479_merged.tif,0.2,2,139138966,39,29.8735,33.2793,3.4058
100M,chip_155_479_merged.tif,0.2,3,1806677096,39,28.6677,34.0633,5.3956
100M,chip_155_479_merged.tif,0.2,4,1426070465,39,30.9279,33.4862,2.5583
100M,chip_155_479_merged.tif,0.4,0,739736895,78,28.3059,32.5378,4.2319
100M,chip_155_479_merged.tif,0.4,1,359130264,78,28.1614,32.8239,4.6625
100M,chip_155_479_merged.tif,0.4,2,2126007281,78,30.5201,32.8262,2.3061
100M,chip_155_479_merged.tif,0.4,3,1646061763,78,28.8548,31.9904,3.1356
100M,chip_155_479_merged.tif,0.4,4,1265455132,78,30.0469,33.712,3.6651
100M,chip_155_479_merged.tif,0.6,0,95777575,117,29.4341,30.9666,1.5326
100M,chip_155_479_merged.tif,0.6,1,1763315705,117,29.1675,31.5599,2.3924
100M,chip_155_479_merged.tif,0.6,2,1382709074,117,29.4214,32.6098,3.1884
100M,chip_155_479_merged.tif,0.6,3,902763556,117,28.8245,31.8429,3.0183
100M,chip_155_479_merged.tif,0.6,4,522156925,117,29.3398,32.0257,2.6859
100M,chip_155_479_merged.tif,0.8,0,1760669027,156,28.4626,30.8953,2.4327
100M,chip_155_479_merged.tif,0.8,1,1280723509,156,28.4675,30.383,1.9155
100M,chip_155_479_merged.tif,0.8,2,900116878,156,28.4225,30.3127,1.8902
100M,chip_155_479_merged.tif,0.8,3,420171360,156,28.7455,29.9057,1.1602
100M,chip_155_479_merged.tif,0.8,4,39564729,156,28.1869,30.8275,2.6405
100M,chip_155_483_merged.tif,0.2,0,1821752021,39,32.9689,35.0216,2.0527
100M,chip_155_483_merged.tif,0.2,1,1441145390,39,32.0461,34.9548,2.9088
100M,chip_155_483_merged.tif,0.2,2,1060538759,39,33.9325,36.0472,2.1147
100M,chip_155_483_merged.tif,0.2,3,580593241,39,30.9324,36.2023,5.2699
100M,chip_155_483_merged.tif,0.2,4,199986610,39,34.2909,35.9872,1.6963
100M,chip_155_483_merged.tif,0.4,0,1661136688,78,31.2119,34.9177,3.7058
100M,chip_155_483_merged.tif,0.4,1,1280530057,78,30.8959,34.6313,3.7354
100M,chip_155_483_merged.tif,0.4,2,800584539,78,33.0017,35.3298,2.3281
100M,chip_155_483_merged.tif,0.4,3,419977908,78,32.4831,35.2134,2.7303
100M,chip_155_483_merged.tif,0.4,4,39371277,78,31.9914,34.7205,2.729
100M,chip_155_483_merged.tif,0.6,0,917838481,117,31.3189,33.8572,2.5384
100M,chip_155_483_merged.tif,0.6,1,537231850,117,31.7783,33.5045,1.7261
100M,chip_155_483_merged.tif,0.6,2,57286332,117,31.6225,34.1921,2.5696
100M,chip_155_483_merged.tif,0.6,3,1824163349,117,31.6591,33.8493,2.1902
100M,chip_155_483_merged.tif,0.6,4,1443556718,117,31.8092,33.9002,2.091
100M,chip_155_483_merged.tif,0.8,0,435246285,156,30.8387,32.4059,1.5672
100M,chip_155_483_merged.tif,0.8,1,54639654,156,31.4609,32.0395,0.5786
100M,chip_155_483_merged.tif,0.8,2,1821516671,156,31.0311,32.9632,1.9321
100M,chip_155_483_merged.tif,0.8,3,1341571153,156,31.1814,33.0237,1.8423
100M,chip_155_483_merged.tif,0.8,4,960964522,156,31.5836,32.1947,0.6111
100M,chip_156_008_merged.tif,0.2,0,718482013,39,36.3006,38.0978,1.7972
100M,chip_156_008_merged.tif,0.2,1,337875382,39,37.2869,37.491,0.204
100M,chip_156_008_merged.tif,0.2,2,2005413512,39,33.27,36.416,3.146
100M,chip_156_008_merged.tif,0.2,3,1624806881,39,36.301,38.6572,2.3562
100M,chip_156_008_merged.tif,0.2,4,1144861363,39,33.2274,34.7775,1.5501
100M,chip_156_008_merged.tif,0.4,0,557866680,78,35.839,37.1386,1.2995
100M,chip_156_008_merged.tif,0.4,1,77921162,78,35.6004,37.1741,1.5737
100M,chip_156_008_merged.tif,0.4,2,1844798179,78,35.601,36.2265,0.6255
100M,chip_156_008_merged.tif,0.4,3,1464191548,78,34.5348,36.9738,2.439
100M,chip_156_008_merged.tif,0.4,4,984246030,78,36.9897,38.3067,1.317
100M,chip_156_008_merged.tif,0.6,0,1962052121,117,34.8211,35.0857,0.2646
100M,chip_156_008_merged.tif,0.6,1,1482106603,117,35.9792,36.3726,0.3934
100M,chip_156_008_merged.tif,0.6,2,1101499972,117,34.7443,36.994,2.2497
100M,chip_156_008_merged.tif,0.6,3,720893341,117,36.7947,37.0506,0.2559
100M,chip_156_008_merged.tif,0.6,4,240947823,117,34.7821,36.209,1.4269
100M,chip_156_008_merged.tif,0.8,0,1479459925,156,34.9616,35.3593,0.3977
100M,chip_156_008_merged.tif,0.8,1,1098853294,156,35.6327,35.6446,0.0119
100M,chip_156_008_merged.tif,0.8,2,618907776,156,35.1214,35.5424,0.421
100M,chip_156_008_merged.tif,0.8,3,238301145,156,35.1825,35.6712,0.4888
100M,chip_156_008_merged.tif,0.8,4,1905839275,156,34.9689,35.6178,0.6489
100M,chip_157_480_merged.tif,0.2,0,942826531,39,30.8246,32.2825,1.4579
100M,chip_157_480_merged.tif,0.2,1,462881013,39,30.7312,32.2912,1.56
100M,chip_157_480_merged.tif,0.2,2,82274382,39,30.2635,31.9367,1.6732
100M,chip_157_480_merged.tif,0.2,3,1849151399,39,32.3314,31.6615,-0.6699
100M,chip_157_480_merged.tif,0.2,4,1369205881,39,31.6623,31.63,-0.0323
100M,chip_157_480_merged.tif,0.4,0,2025035109,78,30.4954,31.7724,1.277
100M,chip_157_480_merged.tif,0.4,1,1644428478,78,30.8431,31.9395,1.0963
100M,chip_157_480_merged.tif,0.4,2,1263821847,78,30.2905,31.9566,1.6661
100M,chip_157_480_merged.tif,0.4,3,783876329,78,30.8427,32.5149,1.6722
100M,chip_157_480_merged.tif,0.4,4,403269698,78,30.3831,32.0986,1.7154
100M,chip_157_480_merged.tif,0.6,0,38912991,117,30.17,31.3313,1.1614
100M,chip_157_480_merged.tif,0.6,1,1706451121,117,30.5763,31.2384,0.6622
100M,chip_157_480_merged.tif,0.6,2,1325844490,117,30.7309,30.9186,0.1877
100M,chip_157_480_merged.tif,0.6,3,845898972,117,30.1873,31.383,1.1957
100M,chip_157_480_merged.tif,0.6,4,465292341,117,29.9427,31.4332,1.4905
100M,chip_157_480_merged.tif,0.8,0,1703804443,156,30.2763,30.8612,0.5849
100M,chip_157_480_merged.tif,0.8,1,1223858925,156,30.3401,30.8032,0.4631
100M,chip_157_480_merged.tif,0.8,2,843252294,156,30.2591,30.8479,0.5888
100M,chip_157_480_merged.tif,0.8,3,462645663,156,30.5907,30.6368,0.046
100M,chip_157_480_merged.tif,0.8,4,2130183793,156,30.3257,31.0681,0.7425
100M,chip_159_403_merged.tif,0.2,0,2082446068,39,34.3677,35.4171,1.0494
100M,chip_159_403_merged.tif,0.2,1,1602500550,39,35.03,36.4678,1.4378
100M,chip_159_403_merged.tif,0.2,2,1221893919,39,34.6528,36.0779,1.425
100M,chip_159_403_merged.tif,0.2,3,841287288,39,33.599,36.2967,2.6977
100M,chip_159_403_merged.tif,0.2,4,361341770,39,34.3693,36.2577,1.8884
100M,chip_159_403_merged.tif,0.4,0,1921830735,78,35.1118,35.3881,0.2764
100M,chip_159_403_merged.tif,0.4,1,1441885217,78,35.0598,36.0911,1.0314
100M,chip_159_403_merged.tif,0.4,2,1061278586,78,33.9434,35.5534,1.61
100M,chip_159_403_merged.tif,0.4,3,581333068,78,33.9291,35.4962,1.5671
100M,chip_159_403_merged.tif,0.4,4,200726437,78,35.1118,35.3223,0.2105
100M,chip_159_403_merged.tif,0.6,0,1178532528,117,34.4427,34.8653,0.4227
100M,chip_159_403_merged.tif,0.6,1,698587010,117,34.054,35.0355,0.9815
100M,chip_159_403_merged.tif,0.6,2,317980379,117,34.4187,35.4924,1.0737
100M,chip_159_403_merged.tif,0.6,3,1985518509,117,34.5593,35.6172,1.0579
100M,chip_159_403_merged.tif,0.6,4,1604911878,117,33.5251,35.1846,1.6595
100M,chip_159_403_merged.tif,0.8,0,695940332,156,33.942,34.7265,0.7845
100M,chip_159_403_merged.tif,0.8,1,215994814,156,34.1818,34.7426,0.5608
100M,chip_159_403_merged.tif,0.8,2,1982871831,156,33.5544,33.9449,0.3904
100M,chip_159_403_merged.tif,0.8,3,1602265200,156,33.9118,34.419,0.5071
100M,chip_159_403_merged.tif,0.8,4,1122319682,156,34.1801,34.1319,-0.0482
100M,chip_159_406_merged.tif,0.2,0,1520780108,39,33.5887,34.94,1.3513
100M,chip_159_406_merged.tif,0.2,1,1140173477,39,33.3452,34.9926,1.6474
100M,chip_159_406_merged.tif,0.2,2,759566846,39,33.5879,35.7939,2.2061
100M,chip_159_406_merged.tif,0.2,3,279621328,39,33.1942,35.438,2.2437
100M,chip_159_406_merged.tif,0.2,4,2046498345,39,34.2008,35.3618,1.1611
100M,chip_159_406_merged.tif,0.4,0,1360164775,78,32.3388,35.1136,2.7748
100M,chip_159_406_merged.tif,0.4,1,979558144,78,33.6249,35.0683,1.4434
100M,chip_159_406_merged.tif,0.4,2,499612626,78,33.6246,34.8408,1.2162
100M,chip_159_406_merged.tif,0.4,3,119005995,78,32.6456,35.0336,2.388
100M,chip_159_406_merged.tif,0.4,4,1786544125,78,32.5595,35.3082,2.7487
100M,chip_159_406_merged.tif,0.6,0,616866568,117,32.4332,33.598,1.1648
100M,chip_159_406_merged.tif,0.6,1,236259937,117,32.6442,34.6924,2.0482
100M,chip_159_406_merged.tif,0.6,2,1903798067,117,32.3641,34.628,2.2639
100M,chip_159_406_merged.tif,0.6,3,1523191436,117,32.3628,33.7443,1.3815
100M,chip_159_406_merged.tif,0.6,4,1142584805,117,32.6293,33.8559,1.2266
100M,chip_159_406_merged.tif,0.8,0,134274372,156,32.4744,33.316,0.8416
100M,chip_159_406_merged.tif,0.8,1,1901151389,156,32.7535,33.6948,0.9413
100M,chip_159_406_merged.tif,0.8,2,1520544758,156,32.7952,33.6772,0.8819
100M,chip_159_406_merged.tif,0.8,3,1040599240,156,32.3517,33.6171,1.2654
100M,chip_159_406_merged.tif,0.8,4,659992609,156,32.1162,33.7572,1.6409
100M,chip_160_591_merged.tif,0.2,0,388859531,39,30.8533,32.797,1.9437
100M,chip_160_591_merged.tif,0.2,1,8252900,39,30.1604,32.6242,2.4638
100M,chip_160_591_merged.tif,0.2,2,1675791030,39,31.3255,32.6373,1.3117
100M,chip_160_591_merged.tif,0.2,3,1295184399,39,30.6558,33.1063,2.4505
100M,chip_160_591_merged.tif,0.2,4,815238881,39,31.7919,32.3507,0.5589
100M,chip_160_591_merged.tif,0.4,0,228244198,78,30.66,32.5337,1.8737
100M,chip_160_591_merged.tif,0.4,1,1895782328,78,29.7809,32.4032,2.6224
100M,chip_160_591_merged.tif,0.4,2,1515175697,78,30.2571,32.1306,1.8736
100M,chip_160_591_merged.tif,0.4,3,1134569066,78,30.6598,32.4987,1.8389
100M,chip_160_591_merged.tif,0.4,4,654623548,78,29.9908,32.4425,2.4517
100M,chip_160_591_merged.tif,0.6,0,1632429639,117,30.5097,32.0001,1.4904
100M,chip_160_591_merged.tif,0.6,1,1152484121,117,30.3691,31.7716,1.4024
100M,chip_160_591_merged.tif,0.6,2,771877490,117,30.2153,31.9504,1.7351
100M,chip_160_591_merged.tif,0.6,3,391270859,117,30.3841,31.7988,1.4147
100M,chip_160_591_merged.tif,0.6,4,2058808989,117,30.1634,31.9393,1.7759
100M,chip_160_591_merged.tif,0.8,0,1149837443,156,30.2476,31.3239,1.0763
100M,chip_160_591_merged.tif,0.8,1,769230812,156,30.3951,31.1731,0.778
100M,chip_160_591_merged.tif,0.8,2,289285294,156,30.1355,30.9113,0.7758
100M,chip_160_591_merged.tif,0.8,3,2056162311,156,30.5999,31.5088,0.9089
100M,chip_160_591_merged.tif,0.8,4,1576216793,156,30.154,30.7337,0.5797
100M,chip_162_370_merged.tif,0.2,0,1690092610,39,34.492,36.7144,2.2224
100M,chip_162_370_merged.tif,0.2,1,1309485979,39,35.0995,36.3722,1.2727
100M,chip_162_370_merged.tif,0.2,2,829540461,39,34.6696,36.4324,1.7628
100M,chip_162_370_merged.tif,0.2,3,448933830,39,34.535,35.3245,0.7895
100M,chip_162_370_merged.tif,0.2,4,2116471960,39,33.1775,35.772,2.5945
100M,chip_162_370_merged.tif,0.4,0,1529477277,78,34.2504,35.6397,1.3893
100M,chip_162_370_merged.tif,0.4,1,1049531759,78,34.2512,35.1057,0.8545
100M,chip_162_370_merged.tif,0.4,2,668925128,78,34.4011,35.4647,1.0636
100M,chip_162_370_merged.tif,0.4,3,288318497,78,33.4621,35.5124,2.0503
100M,chip_162_370_merged.tif,0.4,4,1955856627,78,33.668,36.1049,2.4368
100M,chip_162_370_merged.tif,0.6,0,786179070,117,34.4275,35.3091,0.8817
100M,chip_162_370_merged.tif,0.6,1,306233552,117,34.6125,35.7262,1.1137
100M,chip_162_370_merged.tif,0.6,2,2073110569,117,33.5289,34.8454,1.3165
100M,chip_162_370_merged.tif,0.6,3,1692503938,117,34.6179,35.0586,0.4407
100M,chip_162_370_merged.tif,0.6,4,1212558420,117,33.9163,35.3356,1.4193
100M,chip_162_370_merged.tif,0.8,0,303586874,156,33.5099,34.3898,0.8799
100M,chip_162_370_merged.tif,0.8,1,2070463891,156,33.5083,34.4889,0.9806
100M,chip_162_370_merged.tif,0.8,2,1590518373,156,33.5047,34.8398,1.3351
100M,chip_162_370_merged.tif,0.8,3,1209911742,156,34.0123,34.7119,0.6997
100M,chip_162_370_merged.tif,0.8,4,729966224,156,33.8713,34.5494,0.6782
100M,chip_162_406_merged.tif,0.2,0,134540589,39,32.0278,36.6685,4.6407
100M,chip_162_406_merged.tif,0.2,1,1802078719,39,33.2176,36.0193,2.8017
100M,chip_162_406_merged.tif,0.2,2,1421472088,39,32.0493,36.3716,4.3223
100M,chip_162_406_merged.tif,0.2,3,1040865457,39,34.908,37.2371,2.329
100M,chip_162_406_merged.tif,0.2,4,560919939,39,34.2846,36.3499,2.0653
100M,chip_162_406_merged.tif,0.4,0,2121408904,78,34.2548,35.7013,1.4465
100M,chip_162_406_merged.tif,0.4,1,1641463386,78,32.4642,36.7575,4.2932
100M,chip_162_406_merged.tif,0.4,2,1260856755,78,33.4996,35.0535,1.5539
100M,chip_162_406_merged.tif,0.4,3,780911237,78,34.744,36.311,1.5671
100M,chip_162_406_merged.tif,0.4,4,400304606,78,35.401,36.2809,0.8799
100M,chip_162_406_merged.tif,0.6,0,1378110697,117,33.9986,34.9537,0.9551
100M,chip_162_406_merged.tif,0.6,1,898165179,117,34.1616,35.7379,1.5762
100M,chip_162_406_merged.tif,0.6,2,517558548,117,33.682,35.4043,1.7223
100M,chip_162_406_merged.tif,0.6,3,37613030,117,33.0858,34.7421,1.6563
100M,chip_162_406_merged.tif,0.6,4,1804490047,117,33.9712,35.9303,1.959
100M,chip_162_406_merged.tif,0.8,0,895518501,156,32.7987,34.0848,1.2862
100M,chip_162_406_merged.tif,0.8,1,415572983,156,33.322,34.6999,1.3779
100M,chip_162_406_merged.tif,0.8,2,34966352,156,32.8075,35.2852,2.4777
100M,chip_162_406_merged.tif,0.8,3,1702504482,156,33.1651,34.6325,1.4674
100M,chip_162_406_merged.tif,0.8,4,1321897851,156,33.3277,35.039,1.7114
100M,chip_163_371_merged.tif,0.2,0,1600348871,39,35.1218,35.9424,0.8206
100M,chip_163_371_merged.tif,0.2,1,1120403353,39,35.799,36.3202,0.5212
100M,chip_163_371_merged.tif,0.2,2,739796722,39,35.3732,35.5742,0.201
100M,chip_163_371_merged.tif,0.2,3,359190091,39,35.6617,36.3162,0.6544
100M,chip_163_371_merged.tif,0.2,4,2026728221,39,34.2583,36.7092,2.451
100M,chip_163_371_merged.tif,0.4,0,535073801,78,34.2268,35.6221,1.3953
100M,chip_163_371_merged.tif,0.4,1,154467170,78,34.2253,35.6523,1.427
100M,chip_163_371_merged.tif,0.4,2,1921344187,78,34.7978,36.0722,1.2744
100M,chip_163_371_merged.tif,0.4,3,1441398669,78,34.4366,36.1154,1.6788
100M,chip_163_371_merged.tif,0.4,4,1060792038,78,34.4575,35.2776,0.8201
100M,chip_163_371_merged.tif,0.6,0,696435331,117,34.242,34.7073,0.4653
100M,chip_163_371_merged.tif,0.6,1,216489813,117,33.1451,35.9712,2.8261
100M,chip_163_371_merged.tif,0.6,2,1983366830,117,34.1486,35.7916,1.643
100M,chip_163_371_merged.tif,0.6,3,1503421312,117,33.5957,36.2279,2.6321
100M,chip_163_371_merged.tif,0.6,4,1122814681,117,33.1834,35.2677,2.0843
100M,chip_163_371_merged.tif,0.8,0,213843135,156,33.2423,34.749,1.5067
100M,chip_163_371_merged.tif,0.8,1,1881381265,156,33.8802,34.6603,0.7801
100M,chip_163_371_merged.tif,0.8,2,1500774634,156,33.7887,35.3927,1.604
100M,chip_163_371_merged.tif,0.8,3,1120168003,156,34.1394,34.6695,0.53
100M,chip_163_371_merged.tif,0.8,4,640222485,156,33.2649,34.2189,0.954
100M,chip_163_519_merged.tif,0.2,0,1802614048,39,32.0186,33.7834,1.7648
100M,chip_163_519_merged.tif,0.2,1,1422007417,39,32.3384,34.7398,2.4014
100M,chip_163_519_merged.tif,0.2,2,1041400786,39,31.7098,34.3586,2.6489
100M,chip_163_519_merged.tif,0.2,3,561455268,39,31.7296,34.6829,2.9533
100M,chip_163_519_merged.tif,0.2,4,180848637,39,32.1098,33.7233,1.6135
100M,chip_163_519_merged.tif,0.4,0,1641998715,78,31.8056,33.8185,2.0129
100M,chip_163_519_merged.tif,0.4,1,1261392084,78,30.6635,33.2059,2.5424
100M,chip_163_519_merged.tif,0.4,2,781446566,78,30.6627,34.5755,3.9128
100M,chip_163_519_merged.tif,0.4,3,400839935,78,31.8599,33.5003,1.6404
100M,chip_163_519_merged.tif,0.4,4,2068378065,78,30.8206,33.7637,2.9431
100M,chip_163_519_merged.tif,0.6,0,898700508,117,31.8303,32.7145,0.8842
100M,chip_163_519_merged.tif,0.6,1,518093877,117,31.8207,33.2012,1.3805
100M,chip_163_519_merged.tif,0.6,2,38148359,117,32.453,33.1446,0.6916
100M,chip_163_519_merged.tif,0.6,3,1805025376,117,31.8015,33.3602,1.5587
100M,chip_163_519_merged.tif,0.6,4,1325079858,117,31.6212,33.2126,1.5914
100M,chip_163_519_merged.tif,0.8,0,416108312,156,31.8639,32.7445,0.8806
100M,chip_163_519_merged.tif,0.8,1,35501681,156,31.3218,31.8454,0.5236
100M,chip_163_519_merged.tif,0.8,2,1703039811,156,31.7906,32.5976,0.8069
100M,chip_163_519_merged.tif,0.8,3,1322433180,156,31.8759,32.0936,0.2177
100M,chip_163_519_merged.tif,0.8,4,941826549,156,31.8614,32.4658,0.6044
100M,chip_163_537_merged.tif,0.2,0,1693821090,39,34.4852,36.9867,2.5015
100M,chip_163_537_merged.tif,0.2,1,1213875572,39,36.5313,38.153,1.6217
100M,chip_163_537_merged.tif,0.2,2,833268941,39,34.4094,35.7084,1.299
100M,chip_163_537_merged.tif,0.2,3,452662310,39,35.4608,36.728,1.2672
100M,chip_163_537_merged.tif,0.2,4,2120200440,39,35.4364,37.8576,2.4211
100M,chip_163_537_merged.tif,0.4,0,1533205757,78,34.0729,36.0207,1.9478
100M,chip_163_537_merged.tif,0.4,1,1053260239,78,34.9749,36.573,1.5981
100M,chip_163_537_merged.tif,0.4,2,672653608,78,34.8871,36.2064,1.3193
100M,chip_163_537_merged.tif,0.4,3,192708090,78,33.2133,36.7111,3.4977
100M,chip_163_537_merged.tif,0.4,4,1959585107,78,34.8766,35.6164,0.7397
100M,chip_163_537_merged.tif,0.6,0,789907550,117,34.4662,35.1472,0.681
100M,chip_163_537_merged.tif,0.6,1,309962032,117,34.1858,36.4206,2.2348
100M,chip_163_537_merged.tif,0.6,2,2076839049,117,34.4744,35.2323,0.7579
100M,chip_163_537_merged.tif,0.6,3,1596893531,117,33.5664,35.4455,1.8791
100M,chip_163_537_merged.tif,0.6,4,1216286900,117,33.3287,34.4536,1.1249
100M,chip_163_537_merged.tif,0.8,0,307315354,156,33.2698,34.7414,1.4716
100M,chip_163_537_merged.tif,0.8,1,1974853484,156,33.9867,35.0791,1.0924
100M,chip_163_537_merged.tif,0.8,2,1594246853,156,33.3628,35.0816,1.7188
100M,chip_163_537_merged.tif,0.8,3,1213640222,156,34.0,34.3405,0.3405
100M,chip_163_537_merged.tif,0.8,4,733694704,156,33.9291,34.7148,0.7856
100M,chip_163_593_merged.tif,0.2,0,297217528,39,30.6379,32.6031,1.9652
100M,chip_163_593_merged.tif,0.2,1,2064094545,39,30.8808,30.8677,-0.0131
100M,chip_163_593_merged.tif,0.2,2,1584149027,39,30.2545,32.5494,2.2949
100M,chip_163_593_merged.tif,0.2,3,1203542396,39,30.4389,32.4954,2.0565
100M,chip_163_593_merged.tif,0.2,4,723596878,39,30.8808,32.2248,1.344
100M,chip_163_593_merged.tif,0.4,0,1478764993,78,30.049,31.0071,0.9581
100M,chip_163_593_merged.tif,0.4,1,998819475,78,30.5379,32.3263,1.7884
100M,chip_163_593_merged.tif,0.4,2,618212844,78,31.0525,32.3785,1.326
100M,chip_163_593_merged.tif,0.4,3,138267326,78,30.6069,31.5178,0.9109
100M,chip_163_593_merged.tif,0.4,4,1905144343,78,30.6072,31.6559,1.0488
100M,chip_163_593_merged.tif,0.6,0,1540787636,117,30.2016,30.648,0.4464
100M,chip_163_593_merged.tif,0.6,1,1160181005,117,30.638,31.6092,0.9711
100M,chip_163_593_merged.tif,0.6,2,680235487,117,30.273,30.8953,0.6223
100M,chip_163_593_merged.tif,0.6,3,299628856,117,30.2951,31.2844,0.9893
100M,chip_163_593_merged.tif,0.6,4,1967166986,117,30.1441,31.27,1.1259
100M,chip_163_593_merged.tif,0.8,0,1058195440,156,30.0271,31.01,0.9829
100M,chip_163_593_merged.tif,0.8,1,677588809,156,30.1621,30.7219,0.5598
100M,chip_163_593_merged.tif,0.8,2,197643291,156,30.0955,31.0256,0.9301
100M,chip_163_593_merged.tif,0.8,3,1964520308,156,30.0906,31.1653,1.0747
100M,chip_163_593_merged.tif,0.8,4,1484574790,156,30.0883,30.8843,0.7959
100M,chip_164_475_merged.tif,0.2,0,1428146796,39,32.071,34.9187,2.8477
100M,chip_164_475_merged.tif,0.2,1,1047540165,39,33.443,33.8625,0.4196
100M,chip_164_475_merged.tif,0.2,2,567594647,39,32.9111,33.7483,0.8372
100M,chip_164_475_merged.tif,0.2,3,186988016,39,32.2296,34.8234,2.5938
100M,chip_164_475_merged.tif,0.2,4,1854526146,39,33.5072,33.3222,-0.185
100M,chip_164_475_merged.tif,0.4,0,1267531463,78,33.5231,34.6994,1.1763
100M,chip_164_475_merged.tif,0.4,1,787585945,78,32.5745,34.1782,1.6037
100M,chip_164_475_merged.tif,0.4,2,406979314,78,33.206,34.9469,1.741
100M,chip_164_475_merged.tif,0.4,3,26372683,78,32.4177,34.1105,1.6928
100M,chip_164_475_merged.tif,0.4,4,1693910813,78,32.1345,34.1688,2.0343
100M,chip_164_475_merged.tif,0.6,0,524233256,117,32.139,33.572,1.433
100M,chip_164_475_merged.tif,0.6,1,44287738,117,32.1237,33.7176,1.5938
100M,chip_164_475_merged.tif,0.6,2,1811164755,117,32.5238,33.1034,0.5795
100M,chip_164_475_merged.tif,0.6,3,1430558124,117,32.8752,32.9506,0.0754
100M,chip_164_475_merged.tif,0.6,4,950612606,117,32.7976,33.6726,0.875
100M,chip_164_475_merged.tif,0.8,0,41641060,156,31.8191,33.0722,1.2531
100M,chip_164_475_merged.tif,0.8,1,1808518077,156,32.3493,32.8392,0.4899
100M,chip_164_475_merged.tif,0.8,2,1328572559,156,32.5028,32.8228,0.3199
100M,chip_164_475_merged.tif,0.8,3,947965928,156,31.8413,32.7458,0.9045
100M,chip_164_475_merged.tif,0.8,4,468020410,156,32.6721,33.2671,0.5951
100M,chip_165_403_merged.tif,0.2,0,911251472,39,32.5303,34.5853,2.0549
100M,chip_165_403_merged.tif,0.2,1,530644841,39,31.4404,34.4657,3.0253
100M,chip_165_403_merged.tif,0.2,2,50699323,39,32.8249,34.9386,2.1137
100M,chip_165_403_merged.tif,0.2,3,1817576340,39,31.8636,34.4553,2.5916
100M,chip_165_403_merged.tif,0.2,4,1337630822,39,33.8286,35.3029,1.4743
100M,chip_165_403_merged.tif,0.4,0,2092798937,78,32.971,33.6887,0.7177
100M,chip_165_403_merged.tif,0.4,1,1612853419,78,31.7475,34.0056,2.2581
100M,chip_165_403_merged.tif,0.4,2,1232246788,78,32.2786,34.2299,1.9513
100M,chip_165_403_merged.tif,0.4,3,752301270,78,31.8885,34.2981,2.4095
100M,chip_165_403_merged.tif,0.4,4,371694639,78,32.4041,33.8878,1.4836
100M,chip_165_403_merged.tif,0.6,0,7337932,117,32.3154,33.2582,0.9427
100M,chip_165_403_merged.tif,0.6,1,1674876062,117,31.9856,33.6274,1.6418
100M,chip_165_403_merged.tif,0.6,2,1294269431,117,31.8642,33.6726,1.8084
100M,chip_165_403_merged.tif,0.6,3,913662800,117,32.3294,33.1962,0.8669
100M,chip_165_403_merged.tif,0.6,4,433717282,117,32.0285,33.3001,1.2716
100M,chip_165_403_merged.tif,0.8,0,1672229384,156,31.9569,32.5931,0.6362
100M,chip_165_403_merged.tif,0.8,1,1291622753,156,31.7959,32.6441,0.8482
100M,chip_165_403_merged.tif,0.8,2,811677235,156,31.8117,32.5808,0.7691
100M,chip_165_403_merged.tif,0.8,3,431070604,156,32.0437,32.3448,0.3011
100M,chip_165_403_merged.tif,0.8,4,2098608734,156,31.7941,32.5962,0.8021
100M,chip_165_520_merged.tif,0.2,0,1237850805,39,34.4575,35.066,0.6085
100M,chip_165_520_merged.tif,0.2,1,757905287,39,32.7788,35.3375,2.5587
100M,chip_165_520_merged.tif,0.2,2,377298656,39,32.5297,34.7251,2.1955
100M,chip_165_520_merged.tif,0.2,3,2044836786,39,32.7131,35.1843,2.4712
100M,chip_165_520_merged.tif,0.2,4,1664230155,39,34.445,35.1929,0.7479
100M,chip_165_520_merged.tif,0.4,0,977896585,78,32.1481,34.0315,1.8833
100M,chip_165_520_merged.tif,0.4,1,597289954,78,32.8475,34.4671,1.6195
100M,chip_165_520_merged.tif,0.4,2,216683323,78,31.9243,33.9029,1.9786
100M,chip_165_520_merged.tif,0.4,3,1884221453,78,32.3216,33.8795,1.5579
100M,chip_165_520_merged.tif,0.4,4,1503614822,78,32.7849,34.4618,1.6769
100M,chip_165_520_merged.tif,0.6,0,333937265,117,31.8217,33.3482,1.5265
100M,chip_165_520_merged.tif,0.6,1,2001475395,117,31.7684,34.0507,2.2823
100M,chip_165_520_merged.tif,0.6,2,1620868764,117,31.2981,33.9397,2.6416
100M,chip_165_520_merged.tif,0.6,3,1140923246,117,31.8289,34.1956,2.3667
100M,chip_165_520_merged.tif,0.6,4,760316615,117,31.8229,33.5735,1.7506
100M,chip_165_520_merged.tif,0.8,0,1998828717,156,32.1397,32.7432,0.6035
100M,chip_165_520_merged.tif,0.8,1,1518883199,156,31.528,32.7513,1.2233
100M,chip_165_520_merged.tif,0.8,2,1138276568,156,32.2442,32.7352,0.491
100M,chip_165_520_merged.tif,0.8,3,658331050,156,31.4212,32.9937,1.5725
100M,chip_165_520_merged.tif,0.8,4,277724419,156,32.1002,33.3716,1.2714
100M,chip_165_524_merged.tif,0.2,0,13784087,39,35.0052,36.8401,1.835
100M,chip_165_524_merged.tif,0.2,1,1780661104,39,34.8702,35.1896,0.3194
100M,chip_165_524_merged.tif,0.2,2,1300715586,39,34.8334,36.3595,1.5262
100M,chip_165_524_merged.tif,0.2,3,920108955,39,32.9646,36.458,3.4934
100M,chip_165_524_merged.tif,0.2,4,539502324,39,35.6733,36.8134,1.1401
100M,chip_165_524_merged.tif,0.4,0,1195331552,78,33.7804,36.0994,2.3189
100M,chip_165_524_merged.tif,0.4,1,715386034,78,34.7092,35.803,1.0938
100M,chip_165_524_merged.tif,0.4,2,334779403,78,35.3751,36.069,0.6939
100M,chip_165_524_merged.tif,0.4,3,2101656420,78,33.8245,36.5115,2.687
100M,chip_165_524_merged.tif,0.4,4,1621710902,78,34.5865,34.6762,0.0898
100M,chip_165_524_merged.tif,0.6,0,1257354195,117,34.4762,35.9234,1.4472
100M,chip_165_524_merged.tif,0.6,1,876747564,117,34.5301,34.2335,-0.2966
100M,chip_165_524_merged.tif,0.6,2,396802046,117,34.1571,35.9387,1.7816
100M,chip_165_524_merged.tif,0.6,3,16195415,117,34.605,34.5718,-0.0331
100M,chip_165_524_merged.tif,0.6,4,1683733545,117,34.468,34.6507,0.1827
100M,chip_165_524_merged.tif,0.8,0,774761999,156,33.6115,34.1582,0.5467
100M,chip_165_524_merged.tif,0.8,1,394155368,156,33.9866,34.0564,0.0698
100M,chip_165_524_merged.tif,0.8,2,2061693498,156,34.2093,35.2114,1.0021
100M,chip_165_524_merged.tif,0.8,3,1681086867,156,34.6426,34.7856,0.143
100M,chip_165_524_merged.tif,0.8,4,1300480236,156,34.2506,34.4729,0.2223
100M,chip_166_411_merged.tif,0.2,0,1843920951,39,33.307,34.1136,0.8065
100M,chip_166_411_merged.tif,0.2,1,1463314320,39,33.2996,34.6362,1.3365
100M,chip_166_411_merged.tif,0.2,2,983368802,39,34.7742,33.9093,-0.8649
100M,chip_166_411_merged.tif,0.2,3,602762171,39,32.0071,35.7243,3.7172
100M,chip_166_411_merged.tif,0.2,4,222155540,39,33.5752,34.8645,1.2893
100M,chip_166_411_merged.tif,0.4,0,1683305618,78,33.0786,34.6039,1.5254
100M,chip_166_411_merged.tif,0.4,1,1302698987,78,33.4079,33.9121,0.5042
100M,chip_166_411_merged.tif,0.4,2,822753469,78,32.5449,34.4941,1.9493
100M,chip_166_411_merged.tif,0.4,3,442146838,78,33.7901,34.6742,0.8841
100M,chip_166_411_merged.tif,0.4,4,2109684968,78,33.0041,35.0629,2.0588
100M,chip_166_411_merged.tif,0.6,0,940007411,117,31.9059,33.9522,2.0463
100M,chip_166_411_merged.tif,0.6,1,559400780,117,33.1379,34.6632,1.5253
100M,chip_166_411_merged.tif,0.6,2,79455262,117,33.2742,33.5773,0.3032
100M,chip_166_411_merged.tif,0.6,3,1846332279,117,33.4413,33.79,0.3487
100M,chip_166_411_merged.tif,0.6,4,1366386761,117,32.8891,33.6686,0.7795
100M,chip_166_411_merged.tif,0.8,0,457415215,156,32.2385,33.9842,1.7456
100M,chip_166_411_merged.tif,0.8,1,76808584,156,32.1895,33.0767,0.8872
100M,chip_166_411_merged.tif,0.8,2,1744346714,156,33.1737,33.7551,0.5814
100M,chip_166_411_merged.tif,0.8,3,1363740083,156,32.8595,32.8012,-0.0582
100M,chip_166_411_merged.tif,0.8,4,983133452,156,33.122,32.9708,-0.1512
100M,chip_166_524_merged.tif,0.2,0,808461738,39,36.1644,36.7709,0.6065
100M,chip_166_524_merged.tif,0.2,1,328516220,39,35.615,36.8936,1.2787
100M,chip_166_524_merged.tif,0.2,2,2095393237,39,36.0166,37.6693,1.6527
100M,chip_166_524_merged.tif,0.2,3,1615447719,39,34.7422,36.7017,1.9595
100M,chip_166_524_merged.tif,0.2,4,1234841088,39,36.1148,36.7638,0.6489
100M,chip_166_524_merged.tif,0.4,0,1890670316,78,35.2489,36.2671,1.0182
100M,chip_166_524_merged.tif,0.4,1,1510063685,78,35.2496,36.5118,1.2622
100M,chip_166_524_merged.tif,0.4,2,1030118167,78,35.3765,35.7396,0.3631
100M,chip_166_524_merged.tif,0.4,3,649511536,78,35.3079,36.3388,1.0309
100M,chip_166_524_merged.tif,0.4,4,169566018,78,34.6487,36.3368,1.6881
100M,chip_166_524_merged.tif,0.6,0,1952692959,117,34.531,36.2338,1.7027
100M,chip_166_524_merged.tif,0.6,1,1572086328,117,34.517,35.216,0.6991
100M,chip_166_524_merged.tif,0.6,2,1092140810,117,35.0162,36.613,1.5968
100M,chip_166_524_merged.tif,0.6,3,711534179,117,34.9868,36.0387,1.0519
100M,chip_166_524_merged.tif,0.6,4,330927548,117,35.3335,35.9312,0.5977
100M,chip_166_524_merged.tif,0.8,0,1569439650,156,34.8837,35.0845,0.2008
100M,chip_166_524_merged.tif,0.8,1,1089494132,156,34.6707,34.9816,0.3109
100M,chip_166_524_merged.tif,0.8,2,708887501,156,34.5942,35.0631,0.469
100M,chip_166_524_merged.tif,0.8,3,228941983,156,34.6298,34.9425,0.3127
100M,chip_166_524_merged.tif,0.8,4,1995819000,156,34.6107,35.0897,0.4789
100M,chip_166_587_merged.tif,0.2,0,823685303,39,32.2353,34.652,2.4167
100M,chip_166_587_merged.tif,0.2,1,343739785,39,33.7452,35.6101,1.8649
100M,chip_166_587_merged.tif,0.2,2,2110616802,39,32.6955,35.0758,2.3802
100M,chip_166_587_merged.tif,0.2,3,1730010171,39,32.9839,33.9874,1.0035
100M,chip_166_587_merged.tif,0.2,4,1250064653,39,33.1153,33.785,0.6696
100M,chip_166_587_merged.tif,0.4,0,1905893881,78,32.382,33.6423,1.2604
100M,chip_166_587_merged.tif,0.4,1,1525287250,78,31.8084,33.532,1.7236
100M,chip_166_587_merged.tif,0.4,2,1144680619,78,32.6973,33.2913,0.594
100M,chip_166_587_merged.tif,0.4,3,664735101,78,31.7227,34.4316,2.7089
100M,chip_166_587_merged.tif,0.4,4,284128470,78,31.2016,32.8739,1.6723
100M,chip_166_587_merged.tif,0.6,0,2067255411,117,30.9023,32.2377,1.3354
100M,chip_166_587_merged.tif,0.6,1,1587309893,117,31.0314,33.1933,2.1619
100M,chip_166_587_merged.tif,0.6,2,1206703262,117,31.5456,33.1309,1.5853
100M,chip_166_587_merged.tif,0.6,3,726757744,117,31.9233,33.2396,1.3163
100M,chip_166_587_merged.tif,0.6,4,346151113,117,31.96,32.8209,0.8609
100M,chip_166_587_merged.tif,0.8,0,779342365,156,32.0405,31.6729,-0.3676
100M,chip_166_587_merged.tif,0.8,1,299396847,156,32.0476,32.1713,0.1237
100M,chip_166_587_merged.tif,0.8,2,2066273864,156,31.1759,32.1812,1.0054
100M,chip_166_587_merged.tif,0.8,3,1586328346,156,31.5522,32.8384,1.2862
100M,chip_166_587_merged.tif,0.8,4,1205721715,156,31.1758,32.4749,1.2991
100M,chip_167_340_merged.tif,0.2,0,1313979371,39,32.3538,36.4348,4.081
100M,chip_167_340_merged.tif,0.2,1,933372740,39,34.6285,35.656,1.0275
100M,chip_167_340_merged.tif,0.2,2,453427222,39,34.9987,36.0277,1.029
100M,chip_167_340_merged.tif,0.2,3,72820591,39,33.3024,36.6211,3.3187
100M,chip_167_340_merged.tif,0.2,4,1740358721,39,32.3539,35.7758,3.4218
100M,chip_167_340_merged.tif,0.4,0,1153364038,78,33.6857,34.2697,0.584
100M,chip_167_340_merged.tif,0.4,1,772757407,78,33.5834,34.5463,0.9629
100M,chip_167_340_merged.tif,0.4,2,292811889,78,33.2488,34.3837,1.1349
100M,chip_167_340_merged.tif,0.4,3,2059688906,78,33.6864,34.5596,0.8732
100M,chip_167_340_merged.tif,0.4,4,1579743388,78,33.4343,35.3242,1.8899
100M,chip_167_340_merged.tif,0.6,0,410065831,117,32.9413,34.3987,1.4574
100M,chip_167_340_merged.tif,0.6,1,29459200,117,32.7521,34.4141,1.662
100M,chip_167_340_merged.tif,0.6,2,1696997330,117,32.9505,34.5638,1.6133
100M,chip_167_340_merged.tif,0.6,3,1316390699,117,32.5671,34.3817,1.8146
100M,chip_167_340_merged.tif,0.6,4,836445181,117,32.1167,34.6844,2.5676
100M,chip_167_340_merged.tif,0.8,0,2074957283,156,32.6271,33.5646,0.9375
100M,chip_167_340_merged.tif,0.8,1,1694350652,156,32.6354,33.8434,1.208
100M,chip_167_340_merged.tif,0.8,2,1214405134,156,32.4137,33.765,1.3513
100M,chip_167_340_merged.tif,0.8,3,833798503,156,32.0149,34.0628,2.048
100M,chip_167_340_merged.tif,0.8,4,353852985,156,32.6212,33.5522,0.9311
100M,chip_167_411_merged.tif,0.2,0,628262671,39,35.3415,35.1522,-0.1893
100M,chip_167_411_merged.tif,0.2,1,148317153,39,35.3119,35.823,0.511
100M,chip_167_411_merged.tif,0.2,2,1915194170,39,32.1405,35.6524,3.5118
100M,chip_167_411_merged.tif,0.2,3,1435248652,39,32.1415,36.8562,4.7147
100M,chip_167_411_merged.tif,0.2,4,1054642021,39,32.1412,36.3202,4.1791
100M,chip_167_411_merged.tif,0.4,0,1710471249,78,32.2811,35.2455,2.9644
100M,chip_167_411_merged.tif,0.4,1,1329864618,78,32.9962,35.3389,2.3427
100M,chip_167_411_merged.tif,0.4,2,849919100,78,32.2809,36.5103,4.2294
100M,chip_167_411_merged.tif,0.4,3,469312469,78,32.3695,35.9869,3.6174
100M,chip_167_411_merged.tif,0.4,4,88705838,78,32.8173,35.7246,2.9073
100M,chip_167_411_merged.tif,0.6,0,1871832779,117,33.3561,35.298,1.9419
100M,chip_167_411_merged.tif,0.6,1,1391887261,117,33.6326,34.6867,1.0541
100M,chip_167_411_merged.tif,0.6,2,1011280630,117,32.9746,35.2838,2.3092
100M,chip_167_411_merged.tif,0.6,3,531335112,117,32.8427,34.4924,1.6497
100M,chip_167_411_merged.tif,0.6,4,150728481,117,33.3665,34.3446,0.9782
100M,chip_167_411_merged.tif,0.8,0,1389240583,156,32.8906,33.5199,0.6293
100M,chip_167_411_merged.tif,0.8,1,909295065,156,33.0801,33.8552,0.7751
100M,chip_167_411_merged.tif,0.8,2,528688434,156,32.2494,33.2185,0.9692
100M,chip_167_411_merged.tif,0.8,3,48742916,156,32.9234,33.6268,0.7034
100M,chip_167_411_merged.tif,0.8,4,1815619933,156,32.9283,33.5823,0.654
100M,chip_167_437_merged.tif,0.2,0,576277046,39,35.7921,37.121,1.3289
100M,chip_167_437_merged.tif,0.2,1,195670415,39,35.9773,36.9066,0.9293
100M,chip_167_437_merged.tif,0.2,2,1962547432,39,34.3828,37.6325,3.2497
100M,chip_167_437_merged.tif,0.2,3,1482601914,39,36.1004,36.9214,0.821
100M,chip_167_437_merged.tif,0.2,4,1101995283,39,35.7517,36.3365,0.5848
100M,chip_167_437_merged.tif,0.4,0,415661713,78,35.7536,36.5151,0.7615
100M,chip_167_437_merged.tif,0.4,1,35055082,78,34.6713,37.0421,2.3708
100M,chip_167_437_merged.tif,0.4,2,1702593212,78,35.9121,37.2501,1.338
100M,chip_167_437_merged.tif,0.4,3,1321986581,78,34.9055,36.8667,1.9612
100M,chip_167_437_merged.tif,0.4,4,842041063,78,35.6503,37.0665,1.4162
100M,chip_167_437_merged.tif,0.6,0,1819847154,117,34.8759,36.0691,1.1932
100M,chip_167_437_merged.tif,0.6,1,1439240523,117,35.3427,35.7861,0.4433
100M,chip_167_437_merged.tif,0.6,2,959295005,117,35.2717,36.7699,1.4982
100M,chip_167_437_merged.tif,0.6,3,578688374,117,35.2781,36.1563,0.8783
100M,chip_167_437_merged.tif,0.6,4,98742856,117,34.8422,35.8299,0.9877
100M,chip_167_437_merged.tif,0.8,0,1337254958,156,34.6358,35.2509,0.6151
100M,chip_167_437_merged.tif,0.8,1,956648327,156,34.7142,35.2449,0.5307
100M,chip_167_437_merged.tif,0.8,2,576041696,156,34.69,35.0589,0.3689
100M,chip_167_437_merged.tif,0.8,3,96096178,156,34.6374,34.9401,0.3027
100M,chip_167_437_merged.tif,0.8,4,1862973195,156,34.6423,35.6886,1.0462
100M,chip_169_398_merged.tif,0.2,0,142526672,39,38.0736,38.9108,0.8372
100M,chip_169_398_merged.tif,0.2,1,1810064802,39,37.6728,38.5076,0.8348
100M,chip_169_398_merged.tif,0.2,2,1429458171,39,38.4311,38.8697,0.4386
100M,chip_169_398_merged.tif,0.2,3,949512653,39,37.9808,39.2076,1.2267
100M,chip_169_398_merged.tif,0.2,4,568906022,39,38.8069,38.7079,-0.099
100M,chip_169_398_merged.tif,0.4,0,2030056100,78,35.478,38.4758,2.9978
100M,chip_169_398_merged.tif,0.4,1,1649449469,78,38.2164,38.7244,0.508
100M,chip_169_398_merged.tif,0.4,2,1268842838,78,37.8905,39.0319,1.1414
100M,chip_169_398_merged.tif,0.4,3,788897320,78,37.7422,37.0406,-0.7015
100M,chip_169_398_merged.tif,0.4,4,408290689,78,38.2158,38.5268,0.3111
100M,chip_169_398_merged.tif,0.6,0,1286757893,117,36.2988,38.226,1.9271
100M,chip_169_398_merged.tif,0.6,1,906151262,117,37.1422,37.169,0.0268
100M,chip_169_398_merged.tif,0.6,2,525544631,117,36.4319,37.9881,1.5563
100M,chip_169_398_merged.tif,0.6,3,45599113,117,36.0723,38.0785,2.0062
100M,chip_169_398_merged.tif,0.6,4,1812476130,117,37.142,37.9484,0.8064
100M,chip_169_398_merged.tif,0.8,0,903504584,156,36.3532,36.971,0.6179
100M,chip_169_398_merged.tif,0.8,1,423559066,156,36.4686,37.3844,0.9158
100M,chip_169_398_merged.tif,0.8,2,42952435,156,36.3791,37.6043,1.2253
100M,chip_169_398_merged.tif,0.8,3,1710490565,156,36.4421,36.8325,0.3904
100M,chip_169_398_merged.tif,0.8,4,1329883934,156,36.3609,36.9916,0.6307
100M,chip_169_407_merged.tif,0.2,0,285519607,39,34.9267,36.9653,2.0386
100M,chip_169_407_merged.tif,0.2,1,1953057737,39,31.538,36.6682,5.1302
100M,chip_169_407_merged.tif,0.2,2,1572451106,39,34.6287,36.4084,1.7796
100M,chip_169_407_merged.tif,0.2,3,1092505588,39,35.4578,36.7605,1.3027
100M,chip_169_407_merged.tif,0.2,4,711898957,39,33.9929,35.8455,1.8526
100M,chip_169_407_merged.tif,0.4,0,1367728185,78,34.4588,35.8311,1.3723
100M,chip_169_407_merged.tif,0.4,1,987121554,78,34.3342,35.9723,1.6382
100M,chip_169_407_merged.tif,0.4,2,507176036,78,34.4504,35.5227,1.0723
100M,chip_169_407_merged.tif,0.4,3,126569405,78,34.3332,36.2919,1.9587
100M,chip_169_407_merged.tif,0.4,4,1794107535,78,34.2477,36.7889,2.5412
100M,chip_169_407_merged.tif,0.6,0,1429750828,117,34.2088,35.4307,1.2219
100M,chip_169_407_merged.tif,0.6,1,1049144197,117,34.2647,35.5832,1.3184
100M,chip_169_407_merged.tif,0.6,2,668537566,117,34.0912,35.0612,0.97
100M,chip_169_407_merged.tif,0.6,3,188592048,117,33.0023,35.6681,2.6657
100M,chip_169_407_merged.tif,0.6,4,1955469065,117,34.316,35.6182,1.3022
100M,chip_169_407_merged.tif,0.8,0,1046497519,156,33.5487,34.7855,1.2368
100M,chip_169_407_merged.tif,0.8,1,566552001,156,33.653,34.6589,1.0059
100M,chip_169_407_merged.tif,0.8,2,185945370,156,33.5828,34.9486,1.3659
100M,chip_169_407_merged.tif,0.8,3,1853483500,156,33.5845,34.1866,0.602
100M,chip_169_407_merged.tif,0.8,4,1472876869,156,33.5777,35.1055,1.5278
100M,chip_170_579_merged.tif,0.2,0,179740516,39,38.0442,39.4121,1.3679
100M,chip_170_579_merged.tif,0.2,1,1847278646,39,39.1657,38.1205,-1.0452
100M,chip_170_579_merged.tif,0.2,2,1466672015,39,38.8832,38.9631,0.0799
100M,chip_170_579_merged.tif,0.2,3,986726497,39,38.4275,38.0454,-0.382
100M,chip_170_579_merged.tif,0.2,4,606119866,39,38.8833,39.5587,0.6754
100M,chip_170_579_merged.tif,0.4,0,2067269944,78,37.9573,39.0385,1.0812
100M,chip_170_579_merged.tif,0.4,1,1686663313,78,37.958,39.1393,1.1813
100M,chip_170_579_merged.tif,0.4,2,1306056682,78,37.8259,39.3048,1.4789
100M,chip_170_579_merged.tif,0.4,3,826111164,78,38.4041,39.1276,0.7235
100M,chip_170_579_merged.tif,0.4,4,445504533,78,39.0659,38.9346,-0.1313
100M,chip_170_579_merged.tif,0.6,0,1323971737,117,38.0157,38.9233,0.9076
100M,chip_170_579_merged.tif,0.6,1,943365106,117,38.294,38.8978,0.6038
100M,chip_170_579_merged.tif,0.6,2,562758475,117,38.5161,38.3612,-0.1549
100M,chip_170_579_merged.tif,0.6,3,82812957,117,38.0089,38.6118,0.6029
100M,chip_170_579_merged.tif,0.6,4,1849689974,117,38.3127,38.4773,0.1646
100M,chip_170_579_merged.tif,0.8,0,940718428,156,38.5259,38.5636,0.0377
100M,chip_170_579_merged.tif,0.8,1,460772910,156,37.878,38.4498,0.5719
100M,chip_170_579_merged.tif,0.8,2,80166279,156,38.0925,38.6064,0.5139
100M,chip_170_579_merged.tif,0.8,3,1747704409,156,38.1703,38.2756,0.1054
100M,chip_170_579_merged.tif,0.8,4,1367097778,156,38.0408,38.3496,0.3087
100M,chip_171_346_merged.tif,0.2,0,868219744,39,33.8022,35.993,2.1908
100M,chip_171_346_merged.tif,0.2,1,388274226,39,33.8029,36.072,2.2692
100M,chip_171_346_merged.tif,0.2,2,7667595,39,33.9177,35.7895,1.8718
100M,chip_171_346_merged.tif,0.2,3,1774544612,39,34.2034,34.2714,0.068
100M,chip_171_346_merged.tif,0.2,4,1294599094,39,33.9732,35.692,1.7188
100M,chip_171_346_merged.tif,0.4,0,1950428322,78,32.0753,34.6281,2.5528
100M,chip_171_346_merged.tif,0.4,1,1569821691,78,32.816,34.5367,1.7207
100M,chip_171_346_merged.tif,0.4,2,1189215060,78,33.5472,35.2436,1.6964
100M,chip_171_346_merged.tif,0.4,3,709269542,78,32.7974,34.8936,2.0963
100M,chip_171_346_merged.tif,0.4,4,328662911,78,33.3621,34.7747,1.4127
100M,chip_171_346_merged.tif,0.6,0,1207130115,117,32.8532,33.5441,0.691
100M,chip_171_346_merged.tif,0.6,1,826523484,117,32.4504,34.4566,2.0062
100M,chip_171_346_merged.tif,0.6,2,445916853,117,32.7375,34.1062,1.3687
100M,chip_171_346_merged.tif,0.6,3,2113454983,117,32.8503,34.1135,1.2633
100M,chip_171_346_merged.tif,0.6,4,1732848352,117,32.4273,34.1827,1.7554
100M,chip_171_346_merged.tif,0.8,0,823876806,156,32.4874,32.7551,0.2676
100M,chip_171_346_merged.tif,0.8,1,343931288,156,32.9298,32.7388,-0.191
100M,chip_171_346_merged.tif,0.8,2,2110808305,156,32.4603,33.6628,1.2024
100M,chip_171_346_merged.tif,0.8,3,1630862787,156,32.3381,33.0625,0.7243
100M,chip_171_346_merged.tif,0.8,4,1250256156,156,31.5867,33.5115,1.9249
100M,chip_171_431_merged.tif,0.2,0,69281089,39,35.5754,36.7871,1.2117
100M,chip_171_431_merged.tif,0.2,1,1736819219,39,33.5927,37.5342,3.9415
100M,chip_171_431_merged.tif,0.2,2,1356212588,39,34.5354,37.9257,3.3902
100M,chip_171_431_merged.tif,0.2,3,876267070,39,34.8332,36.9214,2.0883
100M,chip_171_431_merged.tif,0.2,4,495660439,39,34.688,37.1528,2.4647
100M,chip_171_431_merged.tif,0.4,0,1151489667,78,34.6761,36.6195,1.9435
100M,chip_171_431_merged.tif,0.4,1,770883036,78,34.604,36.7365,2.1325
100M,chip_171_431_merged.tif,0.4,2,290937518,78,33.7527,37.4055,3.6529
100M,chip_171_431_merged.tif,0.4,3,2057814535,78,34.7868,36.1078,1.321
100M,chip_171_431_merged.tif,0.4,4,1577869017,78,34.2809,36.8664,2.5854
100M,chip_171_431_merged.tif,0.6,0,1213512310,117,34.4213,36.6552,2.2339
100M,chip_171_431_merged.tif,0.6,1,832905679,117,34.2515,35.9739,1.7224
100M,chip_171_431_merged.tif,0.6,2,452299048,117,34.6248,36.0151,1.3903
100M,chip_171_431_merged.tif,0.6,3,2119837178,117,34.3572,36.5294,2.1722
100M,chip_171_431_merged.tif,0.6,4,1739230547,117,33.9792,36.0015,2.0223
100M,chip_171_431_merged.tif,0.8,0,830259001,156,33.962,34.8776,0.9157
100M,chip_171_431_merged.tif,0.8,1,350313483,156,33.5436,35.4456,1.902
100M,chip_171_431_merged.tif,0.8,2,2117190500,156,33.8836,35.5659,1.6823
100M,chip_171_431_merged.tif,0.8,3,1637244982,156,33.9534,35.3053,1.352
100M,chip_171_431_merged.tif,0.8,4,1256638351,156,33.9338,35.0321,1.0983
100M,chip_171_586_merged.tif,0.2,0,899019476,39,34.5861,35.8948,1.3087
100M,chip_171_586_merged.tif,0.2,1,518412845,39,33.0029,34.6983,1.6954
100M,chip_171_586_merged.tif,0.2,2,38467327,39,35.6962,35.3351,-0.3612
100M,chip_171_586_merged.tif,0.2,3,1805344344,39,34.5954,35.4812,0.8858
100M,chip_171_586_merged.tif,0.2,4,1424737713,39,35.697,35.215,-0.482
100M,chip_171_586_merged.tif,0.4,0,738404143,78,33.4748,34.667,1.1922
100M,chip_171_586_merged.tif,0.4,1,357797512,78,33.4742,34.9818,1.5076
100M,chip_171_586_merged.tif,0.4,2,2025335642,78,34.3156,34.7671,0.4515
100M,chip_171_586_merged.tif,0.4,3,1644729011,78,34.5376,34.4171,-0.1205
100M,chip_171_586_merged.tif,0.4,4,1164783493,78,33.4744,34.3901,0.9157
100M,chip_171_586_merged.tif,0.6,0,2142589584,117,34.0,33.691,-0.3089
100M,chip_171_586_merged.tif,0.6,1,1761982953,117,32.7036,34.0159,1.3123
100M,chip_171_586_merged.tif,0.6,2,1282037435,117,33.1674,34.2119,1.0445
100M,chip_171_586_merged.tif,0.6,3,901430804,117,33.2169,33.8083,0.5915
100M,chip_171_586_merged.tif,0.6,4,421485286,117,31.7591,33.3833,1.6242
100M,chip_171_586_merged.tif,0.8,0,1659997388,156,32.2458,33.0976,0.8518
100M,chip_171_586_merged.tif,0.8,1,1279390757,156,32.2241,32.9787,0.7546
100M,chip_171_586_merged.tif,0.8,2,799445239,156,32.5942,33.5681,0.9739
100M,chip_171_586_merged.tif,0.8,3,418838608,156,31.4722,32.7267,1.2545
100M,chip_171_586_merged.tif,0.8,4,38231977,156,32.9052,33.2867,0.3814
100M,chip_172_154_merged.tif,0.2,0,1862437771,39,27.7745,31.621,3.8465
100M,chip_172_154_merged.tif,0.2,1,1382492253,39,29.0914,31.4003,2.3089
100M,chip_172_154_merged.tif,0.2,2,1001885622,39,28.7822,31.4223,2.6401
100M,chip_172_154_merged.tif,0.2,3,521940104,39,28.1816,31.3054,3.1238
100M,chip_172_154_merged.tif,0.2,4,141333473,39,29.0355,31.3043,2.2689
100M,chip_172_154_merged.tif,0.4,0,1602483551,78,28.7967,30.2771,1.4805
100M,chip_172_154_merged.tif,0.4,1,1221876920,78,27.2527,31.3514,4.0987
100M,chip_172_154_merged.tif,0.4,2,841270289,78,28.4611,30.62,2.1589
100M,chip_172_154_merged.tif,0.4,3,361324771,78,28.46,29.9897,1.5296
100M,chip_172_154_merged.tif,0.4,4,2128201788,78,28.1716,29.9413,1.7697
100M,chip_172_154_merged.tif,0.6,0,859185344,117,27.994,29.4677,1.4737
100M,chip_172_154_merged.tif,0.6,1,478578713,117,28.4441,29.4864,1.0423
100M,chip_172_154_merged.tif,0.6,2,97972082,117,27.9112,30.1342,2.223
100M,chip_172_154_merged.tif,0.6,3,1765510212,117,28.8384,30.4528,1.6144
100M,chip_172_154_merged.tif,0.6,4,1384903581,117,27.0885,29.3295,2.2409
100M,chip_172_154_merged.tif,0.8,0,475932035,156,28.2144,28.6324,0.418
100M,chip_172_154_merged.tif,0.8,1,2143470165,156,28.2132,28.664,0.4507
100M,chip_172_154_merged.tif,0.8,2,1762863534,156,28.1747,29.1252,0.9505
100M,chip_172_154_merged.tif,0.8,3,1282918016,156,27.1184,29.1125,1.994
100M,chip_172_154_merged.tif,0.8,4,902311385,156,28.2837,29.0007,0.717
100M,chip_173_503_merged.tif,0.2,0,1629640165,39,34.0068,36.9847,2.9779
100M,chip_173_503_merged.tif,0.2,1,1249033534,39,34.0855,35.7642,1.6788
100M,chip_173_503_merged.tif,0.2,2,769088016,39,34.1551,35.3675,1.2125
100M,chip_173_503_merged.tif,0.2,3,388481385,39,34.3098,35.7148,1.405
100M,chip_173_503_merged.tif,0.2,4,2056019515,39,35.0513,35.6021,0.5508
100M,chip_173_503_merged.tif,0.4,0,1469024832,78,34.1833,35.9042,1.7209
100M,chip_173_503_merged.tif,0.4,1,1088418201,78,34.267,35.9153,1.6482
100M,chip_173_503_merged.tif,0.4,2,608472683,78,33.7841,36.0928,2.3087
100M,chip_173_503_merged.tif,0.4,3,227866052,78,33.9636,35.9922,2.0286
100M,chip_173_503_merged.tif,0.4,4,1895404182,78,33.5542,35.4414,1.8872
100M,chip_173_503_merged.tif,0.6,0,725726625,117,33.7474,35.2552,1.5078
100M,chip_173_503_merged.tif,0.6,1,345119994,117,33.6539,34.8444,1.1905
100M,chip_173_503_merged.tif,0.6,2,2012658124,117,33.8745,34.7639,0.8895
100M,chip_173_503_merged.tif,0.6,3,1632051493,117,33.8588,35.5401,1.6813
100M,chip_173_503_merged.tif,0.6,4,1152105975,117,33.8535,35.3661,1.5126
100M,chip_173_503_merged.tif,0.8,0,243134429,156,33.7431,34.2257,0.4826
100M,chip_173_503_merged.tif,0.8,1,2010011446,156,33.561,34.3334,0.7724
100M,chip_173_503_merged.tif,0.8,2,1530065928,156,33.6283,34.5414,0.9131
100M,chip_173_503_merged.tif,0.8,3,1149459297,156,33.7544,34.2062,0.4519
100M,chip_173_503_merged.tif,0.8,4,669513779,156,33.6209,34.0228,0.4019
100M,chip_173_586_merged.tif,0.2,0,1829654527,39,31.0633,34.4289,3.3656
100M,chip_173_586_merged.tif,0.2,1,1349709009,39,32.87,33.9536,1.0836
100M,chip_173_586_merged.tif,0.2,2,969102378,39,31.9263,34.4613,2.535
100M,chip_173_586_merged.tif,0.2,3,489156860,39,33.8981,34.9191,1.021
100M,chip_173_586_merged.tif,0.2,4,108550229,39,31.4797,33.4969,2.0172
100M,chip_173_586_merged.tif,0.4,0,764379457,78,31.2837,33.3423,2.0586
100M,chip_173_586_merged.tif,0.4,1,383772826,78,30.6599,33.9982,3.3383
100M,chip_173_586_merged.tif,0.4,2,2051310956,78,31.2069,33.0973,1.8904
100M,chip_173_586_merged.tif,0.4,3,1670704325,78,30.7045,33.9447,3.2402
100M,chip_173_586_merged.tif,0.4,4,1190758807,78,30.7058,34.0172,3.3114
100M,chip_173_586_merged.tif,0.6,0,826402100,117,30.6065,32.9525,2.346
100M,chip_173_586_merged.tif,0.6,1,445795469,117,31.2051,32.8229,1.6178
100M,chip_173_586_merged.tif,0.6,2,65188838,117,31.2111,33.2319,2.0208
100M,chip_173_586_merged.tif,0.6,3,1732726968,117,31.4589,32.7625,1.3037
100M,chip_173_586_merged.tif,0.6,4,1352120337,117,30.7855,32.7331,1.9475
100M,chip_173_586_merged.tif,0.8,0,443148791,156,30.9788,32.5053,1.5265
100M,chip_173_586_merged.tif,0.8,1,2110686921,156,30.9906,31.9957,1.0051
100M,chip_173_586_merged.tif,0.8,2,1730080290,156,30.8266,31.872,1.0454
100M,chip_173_586_merged.tif,0.8,3,1250134772,156,31.0189,31.9927,0.9738
100M,chip_173_586_merged.tif,0.8,4,869528141,156,30.7451,31.9803,1.2352
100M,chip_174_360_merged.tif,0.2,0,1754392894,39,34.7665,35.1127,0.3462
100M,chip_174_360_merged.tif,0.2,1,1274447376,39,34.2537,35.0656,0.8119
100M,chip_174_360_merged.tif,0.2,2,893840745,39,32.6155,36.2304,3.6149
100M,chip_174_360_merged.tif,0.2,3,413895227,39,32.9786,34.8099,1.8313
100M,chip_174_360_merged.tif,0.2,4,33288596,39,33.8459,35.436,1.59
100M,chip_174_360_merged.tif,0.4,0,689117824,78,34.4259,34.6593,0.2334
100M,chip_174_360_merged.tif,0.4,1,308511193,78,32.7616,35.1488,2.3872
100M,chip_174_360_merged.tif,0.4,2,1976049323,78,32.8838,35.0353,2.1515
100M,chip_174_360_merged.tif,0.4,3,1595442692,78,33.5238,35.1588,1.6351
100M,chip_174_360_merged.tif,0.4,4,1115497174,78,34.1432,35.0677,0.9245
100M,chip_174_360_merged.tif,0.6,0,2093303265,117,33.5218,34.0786,0.5568
100M,chip_174_360_merged.tif,0.6,1,1712696634,117,32.9165,34.6028,1.6863
100M,chip_174_360_merged.tif,0.6,2,1232751116,117,33.4059,34.0752,0.6693
100M,chip_174_360_merged.tif,0.6,3,852144485,117,33.4417,34.8205,1.3788
100M,chip_174_360_merged.tif,0.6,4,372198967,117,33.444,34.4509,1.007
100M,chip_174_360_merged.tif,0.8,0,1610711069,156,33.3769,34.0526,0.6757
100M,chip_174_360_merged.tif,0.8,1,1230104438,156,33.15,33.5539,0.4039
100M,chip_174_360_merged.tif,0.8,2,750158920,156,33.1602,33.7368,0.5766
100M,chip_174_360_merged.tif,0.8,3,369552289,156,33.1449,33.8379,0.693
100M,chip_174_360_merged.tif,0.8,4,2136429306,156,32.8492,33.5991,0.7499
100M,chip_174_408_merged.tif,0.2,0,1390000475,39,35.42,35.6036,0.1836
100M,chip_174_408_merged.tif,0.2,1,910054957,39,33.5236,35.8872,2.3636
100M,chip_174_408_merged.tif,0.2,2,529448326,39,33.5549,36.1656,2.6107
100M,chip_174_408_merged.tif,0.2,3,148841695,39,33.0835,36.4179,3.3344
100M,chip_174_408_merged.tif,0.2,4,1816379825,39,32.4982,36.1889,3.6907
100M,chip_174_408_merged.tif,0.4,0,1229385142,78,33.1692,35.7334,2.5642
100M,chip_174_408_merged.tif,0.4,1,749439624,78,33.4478,35.2082,1.7604
100M,chip_174_408_merged.tif,0.4,2,368832993,78,32.654,35.3206,2.6666
100M,chip_174_408_merged.tif,0.4,3,2036371123,78,31.233,35.3863,4.1533
100M,chip_174_408_merged.tif,0.4,4,1655764492,78,33.2879,35.7978,2.5099
100M,chip_174_408_merged.tif,0.6,0,486086935,117,33.1387,35.2334,2.0947
100M,chip_174_408_merged.tif,0.6,1,6141417,117,32.9378,34.8493,1.9115
100M,chip_174_408_merged.tif,0.6,2,1773018434,117,32.8475,34.7621,1.9146
100M,chip_174_408_merged.tif,0.6,3,1293072916,117,33.3582,35.288,1.9298
100M,chip_174_408_merged.tif,0.6,4,912466285,117,32.8071,35.1569,2.3498
100M,chip_174_408_merged.tif,0.8,0,3494739,156,32.535,32.942,0.4071
100M,chip_174_408_merged.tif,0.8,1,1671032869,156,31.8899,33.9009,2.011
100M,chip_174_408_merged.tif,0.8,2,1290426238,156,31.8995,33.8895,1.9901
100M,chip_174_408_merged.tif,0.8,3,909819607,156,32.5263,33.5685,1.0422
100M,chip_174_408_merged.tif,0.8,4,429874089,156,31.9688,33.8885,1.9197
100M,chip_175_400_merged.tif,0.2,0,1029010092,39,38.4748,40.4695,1.9948
100M,chip_175_400_merged.tif,0.2,1,549064574,39,38.1303,39.9058,1.7755
100M,chip_175_400_merged.tif,0.2,2,168457943,39,37.5483,40.307,2.7587
100M,chip_175_400_merged.tif,0.2,3,1935334960,39,38.7517,39.9427,1.1911
100M,chip_175_400_merged.tif,0.2,4,1455389442,39,37.5491,38.9955,1.4464
100M,chip_175_400_merged.tif,0.4,0,868394759,78,38.6403,39.7942,1.154
100M,chip_175_400_merged.tif,0.4,1,388449241,78,38.3684,39.4613,1.093
100M,chip_175_400_merged.tif,0.4,2,7842610,78,37.9628,39.0293,1.0665
100M,chip_175_400_merged.tif,0.4,3,1675380740,78,38.6703,39.4877,0.8174
100M,chip_175_400_merged.tif,0.4,4,1294774109,78,38.6704,39.4631,0.7927
100M,chip_175_400_merged.tif,0.6,0,125096552,117,37.8861,38.7304,0.8443
100M,chip_175_400_merged.tif,0.6,1,1792634682,117,38.2992,38.5718,0.2727
100M,chip_175_400_merged.tif,0.6,2,1412028051,117,38.0852,38.983,0.8977
100M,chip_175_400_merged.tif,0.6,3,932082533,117,37.907,38.7472,0.8402
100M,chip_175_400_merged.tif,0.6,4,551475902,117,37.9085,39.0168,1.1083
100M,chip_175_400_merged.tif,0.8,0,1789988004,156,38.0484,38.2586,0.2102
100M,chip_175_400_merged.tif,0.8,1,1310042486,156,38.029,38.0866,0.0575
100M,chip_175_400_merged.tif,0.8,2,929435855,156,37.8576,38.3093,0.4517
100M,chip_175_400_merged.tif,0.8,3,548829224,156,37.682,38.6463,0.9644
100M,chip_175_400_merged.tif,0.8,4,68883706,156,37.6786,38.0085,0.3299
100M,chip_175_432_merged.tif,0.2,0,328225662,39,36.2347,36.5517,0.3169
100M,chip_175_432_merged.tif,0.2,1,2095102679,39,35.2455,36.419,1.1735
100M,chip_175_432_merged.tif,0.2,2,1615157161,39,36.2348,36.1006,-0.1343
100M,chip_175_432_merged.tif,0.2,3,1234550530,39,36.2357,36.4613,0.2256
100M,chip_175_432_merged.tif,0.2,4,754605012,39,36.9678,36.2774,-0.6904
100M,chip_175_432_merged.tif,0.4,0,167610329,78,30.7653,36.2182,5.4529
100M,chip_175_432_merged.tif,0.4,1,1835148459,78,32.7307,35.6869,2.9562
100M,chip_175_432_merged.tif,0.4,2,1454541828,78,33.1064,35.6791,2.5728
100M,chip_175_432_merged.tif,0.4,3,974596310,78,31.9305,35.7117,3.7812
100M,chip_175_432_merged.tif,0.4,4,593989679,78,31.3071,36.0344,4.7274
100M,chip_175_432_merged.tif,0.6,0,1571795770,117,30.9643,34.5813,3.617
100M,chip_175_432_merged.tif,0.6,1,1091850252,117,32.844,34.5115,1.6675
100M,chip_175_432_merged.tif,0.6,2,711243621,117,31.4002,35.0014,3.6012
100M,chip_175_432_merged.tif,0.6,3,231298103,117,33.5958,32.4774,-1.1184
100M,chip_175_432_merged.tif,0.6,4,1998175120,117,30.9533,34.6519,3.6986
100M,chip_175_432_merged.tif,0.8,0,1089203574,156,30.8908,33.1646,2.2738
100M,chip_175_432_merged.tif,0.8,1,708596943,156,31.3232,33.534,2.2108
100M,chip_175_432_merged.tif,0.8,2,228651425,156,31.3554,33.5409,2.1855
100M,chip_175_432_merged.tif,0.8,3,1995528442,156,32.1765,33.639,1.4625
100M,chip_175_432_merged.tif,0.8,4,1515582924,156,30.89,33.2164,2.3264
100M,chip_176_027_merged.tif,0.2,0,471839994,39,32.3791,35.5807,3.2016
100M,chip_176_027_merged.tif,0.2,1,91233363,39,29.8603,34.8872,5.0268
100M,chip_176_027_merged.tif,0.2,2,1758771493,39,32.1344,33.8963,1.762
100M,chip_176_027_merged.tif,0.2,3,1378164862,39,31.5943,34.6474,3.0531
100M,chip_176_027_merged.tif,0.2,4,997558231,39,32.696,35.0281,2.3321
100M,chip_176_027_merged.tif,0.4,0,1653387459,78,28.8488,34.6699,5.8211
100M,chip_176_027_merged.tif,0.4,1,1173441941,78,29.4179,34.5758,5.1579
100M,chip_176_027_merged.tif,0.4,2,792835310,78,28.565,35.2809,6.7159
100M,chip_176_027_merged.tif,0.4,3,412228679,78,30.3158,32.2015,1.8857
100M,chip_176_027_merged.tif,0.4,4,2079766809,78,30.3162,34.2011,3.8849
100M,chip_176_027_merged.tif,0.6,0,1715410102,117,29.8935,31.1348,1.2413
100M,chip_176_027_merged.tif,0.6,1,1334803471,117,29.8891,33.3791,3.49
100M,chip_176_027_merged.tif,0.6,2,854857953,117,29.3306,31.3769,2.0463
100M,chip_176_027_merged.tif,0.6,3,474251322,117,29.3085,33.4038,4.0952
100M,chip_176_027_merged.tif,0.6,4,2141789452,117,28.8754,33.0874,4.212
100M,chip_176_027_merged.tif,0.8,0,1232817906,156,29.6125,31.5991,1.9865
100M,chip_176_027_merged.tif,0.8,1,852211275,156,29.5692,31.8204,2.2511
100M,chip_176_027_merged.tif,0.8,2,372265757,156,29.5809,31.6403,2.0595
100M,chip_176_027_merged.tif,0.8,3,2139142774,156,29.6129,32.7516,3.1387
100M,chip_176_027_merged.tif,0.8,4,1758536143,156,29.5963,32.151,2.5547
100M,chip_177_265_merged.tif,0.2,0,1268440634,39,38.2624,40.8658,2.6034
100M,chip_177_265_merged.tif,0.2,1,788495116,39,38.3534,41.2561,2.9027
100M,chip_177_265_merged.tif,0.2,2,407888485,39,39.3707,40.7025,1.3318
100M,chip_177_265_merged.tif,0.2,3,2075426615,39,39.3917,42.3848,2.9931
100M,chip_177_265_merged.tif,0.2,4,1694819984,39,38.2144,41.4157,3.2014
100M,chip_177_265_merged.tif,0.4,0,1008486414,78,35.8204,40.3691,4.5487
100M,chip_177_265_merged.tif,0.4,1,627879783,78,35.821,40.3169,4.4959
100M,chip_177_265_merged.tif,0.4,2,247273152,78,37.4751,40.651,3.1759
100M,chip_177_265_merged.tif,0.4,3,1914811282,78,37.83,39.9297,2.0997
100M,chip_177_265_merged.tif,0.4,4,1534204651,78,37.6396,40.5201,2.8805
100M,chip_177_265_merged.tif,0.6,0,265188207,117,36.7216,39.2171,2.4955
100M,chip_177_265_merged.tif,0.6,1,2032065224,117,36.8575,39.2586,2.4012
100M,chip_177_265_merged.tif,0.6,2,1651458593,117,36.773,39.4083,2.6353
100M,chip_177_265_merged.tif,0.6,3,1171513075,117,36.2477,38.9065,2.6589
100M,chip_177_265_merged.tif,0.6,4,790906444,117,37.1288,39.6783,2.5494
100M,chip_177_265_merged.tif,0.8,0,2029418546,156,35.5517,37.4759,1.9242
100M,chip_177_265_merged.tif,0.8,1,1549473028,156,35.472,38.4693,2.9973
100M,chip_177_265_merged.tif,0.8,2,1168866397,156,36.1596,37.5509,1.3913
100M,chip_177_265_merged.tif,0.8,3,688920879,156,36.4698,37.4785,1.0087
100M,chip_177_265_merged.tif,0.8,4,308314248,156,35.4642,38.1149,2.6507
100M,chip_177_428_merged.tif,0.2,0,667531975,39,34.0598,36.4442,2.3844
100M,chip_177_428_merged.tif,0.2,1,187586457,39,34.7786,34.714,-0.0646
100M,chip_177_428_merged.tif,0.2,2,1954463474,39,33.3315,34.9488,1.6173
100M,chip_177_428_merged.tif,0.2,3,1474517956,39,34.0598,35.128,1.0682
100M,chip_177_428_merged.tif,0.2,4,1093911325,39,34.3087,35.9645,1.6558
100M,chip_177_428_merged.tif,0.4,0,1749740553,78,33.8474,34.6654,0.818
100M,chip_177_428_merged.tif,0.4,1,1369133922,78,33.8464,34.5992,0.7528
100M,chip_177_428_merged.tif,0.4,2,889188404,78,33.357,35.3516,1.9945
100M,chip_177_428_merged.tif,0.4,3,508581773,78,33.2854,34.3835,1.0982
100M,chip_177_428_merged.tif,0.4,4,28636255,78,33.3786,34.8838,1.5052
100M,chip_177_428_merged.tif,0.6,0,1811763196,117,32.995,33.9891,0.9941
100M,chip_177_428_merged.tif,0.6,1,1431156565,117,33.055,33.9686,0.9136
100M,chip_177_428_merged.tif,0.6,2,951211047,117,32.8967,34.3102,1.4136
100M,chip_177_428_merged.tif,0.6,3,570604416,117,33.1536,34.5419,1.3883
100M,chip_177_428_merged.tif,0.6,4,189997785,117,33.1005,34.6461,1.5456
100M,chip_177_428_merged.tif,0.8,0,1428509887,156,32.9243,33.532,0.6076
100M,chip_177_428_merged.tif,0.8,1,948564369,156,32.9329,33.4504,0.5175
100M,chip_177_428_merged.tif,0.8,2,567957738,156,33.2771,33.6208,0.3437
100M,chip_177_428_merged.tif,0.8,3,88012220,156,33.2042,33.3254,0.1212
100M,chip_177_428_merged.tif,0.8,4,1854889237,156,33.2087,33.423,0.2143
100M,chip_178_497_merged.tif,0.2,0,202804086,39,35.3413,34.8211,-0.5202
100M,chip_178_497_merged.tif,0.2,1,1870342216,39,32.9985,35.2357,2.2372
100M,chip_178_497_merged.tif,0.2,2,1489735585,39,33.6476,35.7207,2.0731
100M,chip_178_497_merged.tif,0.2,3,1109128954,39,34.7242,34.7542,0.0301
100M,chip_178_497_merged.tif,0.2,4,629183436,39,33.3942,35.2239,1.8297
100M,chip_178_497_merged.tif,0.4,0,42188753,78,34.4897,35.6824,1.1927
100M,chip_178_497_merged.tif,0.4,1,1709726883,78,33.4282,34.1101,0.682
100M,chip_178_497_merged.tif,0.4,2,1329120252,78,33.5913,34.6802,1.089
100M,chip_178_497_merged.tif,0.4,3,849174734,78,33.6271,35.6924,2.0653
100M,chip_178_497_merged.tif,0.4,4,468568103,78,34.2773,34.9403,0.663
100M,chip_178_497_merged.tif,0.6,0,1446374194,117,33.3541,34.7283,1.3742
100M,chip_178_497_merged.tif,0.6,1,966428676,117,33.7358,34.6357,0.8998
100M,chip_178_497_merged.tif,0.6,2,585822045,117,33.496,34.5809,1.0849
100M,chip_178_497_merged.tif,0.6,3,105876527,117,33.566,34.7635,1.1974
100M,chip_178_497_merged.tif,0.6,4,1872753544,117,32.9847,34.677,1.6923
100M,chip_178_497_merged.tif,0.8,0,963781998,156,33.1885,34.0931,0.9046
100M,chip_178_497_merged.tif,0.8,1,483836480,156,33.4718,33.7662,0.2944
100M,chip_178_497_merged.tif,0.8,2,103229849,156,32.9571,33.9345,0.9775
100M,chip_178_497_merged.tif,0.8,3,1870106866,156,32.9611,33.4796,0.5185
100M,chip_178_497_merged.tif,0.8,4,1390161348,156,33.0198,33.8066,0.7869
100M,chip_179_506_merged.tif,0.2,0,901203369,39,35.1666,37.9014,2.7348
100M,chip_179_506_merged.tif,0.2,1,520596738,39,36.3643,37.0357,0.6714
100M,chip_179_506_merged.tif,0.2,2,139990107,39,34.3734,37.5924,3.219
100M,chip_179_506_merged.tif,0.2,3,1807528237,39,36.7173,36.9638,0.2465
100M,chip_179_506_merged.tif,0.2,4,1426921606,39,35.9526,36.6142,0.6615
100M,chip_179_506_merged.tif,0.4,0,740588036,78,36.4605,36.7888,0.3283
100M,chip_179_506_merged.tif,0.4,1,359981405,78,36.1136,36.5536,0.44
100M,chip_179_506_merged.tif,0.4,2,2027519535,78,34.8308,36.597,1.7662
100M,chip_179_506_merged.tif,0.4,3,1646912904,78,36.1133,36.7738,0.6605
100M,chip_179_506_merged.tif,0.4,4,1166967386,78,36.0933,36.6461,0.5528
100M,chip_179_506_merged.tif,0.6,0,2144773477,117,34.9782,36.0355,1.0573
100M,chip_179_506_merged.tif,0.6,1,1764166846,117,34.9183,36.6741,1.7558
100M,chip_179_506_merged.tif,0.6,2,1284221328,117,34.6548,36.4745,1.8197
100M,chip_179_506_merged.tif,0.6,3,903614697,117,35.0126,35.7468,0.7342
100M,chip_179_506_merged.tif,0.6,4,423669179,117,35.259,35.7785,0.5195
100M,chip_179_506_merged.tif,0.8,0,1662181281,156,34.794,35.9945,1.2005
100M,chip_179_506_merged.tif,0.8,1,1281574650,156,34.8676,35.5207,0.6532
100M,chip_179_506_merged.tif,0.8,2,900968019,156,34.9902,35.8699,0.8797
100M,chip_179_506_merged.tif,0.8,3,421022501,156,35.084,35.428,0.344
100M,chip_179_506_merged.tif,0.8,4,40415870,156,35.0927,35.6646,0.5719
100M,chip_179_579_merged.tif,0.2,0,2043830146,39,39.5332,41.1025,1.5693
100M,chip_179_579_merged.tif,0.2,1,1563884628,39,40.5811,41.1141,0.533
100M,chip_179_579_merged.tif,0.2,2,1183277997,39,40.6618,40.7965,0.1347
100M,chip_179_579_merged.tif,0.2,3,703332479,39,40.662,41.0765,0.4145
100M,chip_179_579_merged.tif,0.2,4,322725848,39,39.4308,41.9681,2.5374
100M,chip_179_579_merged.tif,0.4,0,978555076,78,39.995,41.0513,1.0562
100M,chip_179_579_merged.tif,0.4,1,597948445,78,39.9947,40.831,0.8363
100M,chip_179_579_merged.tif,0.4,2,118002927,78,40.2445,41.1404,0.8958
100M,chip_179_579_merged.tif,0.4,3,1884879944,78,40.0686,40.5192,0.4505
100M,chip_179_579_merged.tif,0.4,4,1404934426,78,40.0683,41.3614,1.2932
100M,chip_179_579_merged.tif,0.6,0,1040577719,117,39.8186,40.334,0.5154
100M,chip_179_579_merged.tif,0.6,1,659971088,117,40.0161,40.4761,0.46
100M,chip_179_579_merged.tif,0.6,2,279364457,117,40.0947,40.4905,0.3958
100M,chip_179_579_merged.tif,0.6,3,1946902587,117,40.1194,40.5251,0.4058
100M,chip_179_579_merged.tif,0.6,4,1566295956,117,40.1828,41.2709,1.0881
100M,chip_179_579_merged.tif,0.8,0,657324410,156,39.8973,40.0813,0.184
100M,chip_179_579_merged.tif,0.8,1,177378892,156,40.1098,40.2474,0.1376
100M,chip_179_579_merged.tif,0.8,2,1944255909,156,40.1477,40.5105,0.3628
100M,chip_179_579_merged.tif,0.8,3,1464310391,156,40.0256,40.2135,0.1879
100M,chip_179_579_merged.tif,0.8,4,1083703760,156,39.8917,40.3005,0.4088
100M,chip_179_603_merged.tif,0.2,0,867274096,39,31.6993,34.5189,2.8196
100M,chip_179_603_merged.tif,0.2,1,486667465,39,32.4735,34.2049,1.7313
100M,chip_179_603_merged.tif,0.2,2,6721947,39,32.3004,34.2074,1.9071
100M,chip_179_603_merged.tif,0.2,3,1773598964,39,32.1129,33.8874,1.7745
100M,chip_179_603_merged.tif,0.2,4,1293653446,39,32.474,33.3067,0.8327
100M,chip_179_603_merged.tif,0.4,0,706658763,78,31.1898,33.3492,2.1594
100M,chip_179_603_merged.tif,0.4,1,226713245,78,31.3484,32.7844,1.436
100M,chip_179_603_merged.tif,0.4,2,1993590262,78,30.1643,33.2043,3.0399
100M,chip_179_603_merged.tif,0.4,3,1612983631,78,31.5116,33.4059,1.8943
100M,chip_179_603_merged.tif,0.4,4,1133038113,78,32.0473,33.1892,1.1419
100M,chip_179_603_merged.tif,0.6,0,2110844204,117,31.388,33.1475,1.7595
100M,chip_179_603_merged.tif,0.6,1,1630898686,117,31.1874,32.4524,1.2651
100M,chip_179_603_merged.tif,0.6,2,1250292055,117,31.2327,32.3585,1.1258
100M,chip_179_603_merged.tif,0.6,3,869685424,117,31.3767,32.9327,1.556
100M,chip_179_603_merged.tif,0.6,4,389739906,117,30.3045,32.1135,1.809
100M,chip_179_603_merged.tif,0.8,0,1628252008,156,30.8093,31.2461,0.4368
100M,chip_179_603_merged.tif,0.8,1,1247645377,156,31.017,32.0744,1.0574
100M,chip_179_603_merged.tif,0.8,2,767699859,156,31.2613,31.2443,-0.017
100M,chip_179_603_merged.tif,0.8,3,387093228,156,30.8155,31.5974,0.7819
100M,chip_179_603_merged.tif,0.8,4,2054631358,156,30.877,31.3089,0.4319
100M,chip_180_284_merged.tif,0.2,0,1610082073,39,34.266,38.5742,4.3082
100M,chip_180_284_merged.tif,0.2,1,1130136555,39,34.9893,37.9475,2.9581
100M,chip_180_284_merged.tif,0.2,2,749529924,39,34.4953,37.8419,3.3466
100M,chip_180_284_merged.tif,0.2,3,269584406,39,34.1112,37.2777,3.1664
100M,chip_180_284_merged.tif,0.2,4,2036461423,39,31.6964,37.526,5.8297
100M,chip_180_284_merged.tif,0.4,0,544807003,78,31.6462,35.975,4.3288
100M,chip_180_284_merged.tif,0.4,1,164200372,78,30.449,34.5982,4.1492
100M,chip_180_284_merged.tif,0.4,2,1831738502,78,32.7745,36.9307,4.1562
100M,chip_180_284_merged.tif,0.4,3,1451131871,78,30.4488,38.3347,7.8859
100M,chip_180_284_merged.tif,0.4,4,1070525240,78,32.7755,36.3821,3.6066
100M,chip_180_284_merged.tif,0.6,0,706168533,117,32.1174,34.6724,2.555
100M,chip_180_284_merged.tif,0.6,1,226223015,117,32.7729,34.3552,1.5823
100M,chip_180_284_merged.tif,0.6,2,1993100032,117,27.1249,36.4424,9.3176
100M,chip_180_284_merged.tif,0.6,3,1513154514,117,32.6922,36.4143,3.7221
100M,chip_180_284_merged.tif,0.6,4,1132547883,117,29.6037,35.8358,6.2321
100M,chip_180_284_merged.tif,0.8,0,223576337,156,27.9604,33.0589,5.0985
100M,chip_180_284_merged.tif,0.8,1,1891114467,156,29.2614,33.973,4.7116
100M,chip_180_284_merged.tif,0.8,2,1510507836,156,30.5219,30.9143,0.3924
100M,chip_180_284_merged.tif,0.8,3,1030562318,156,29.6575,31.0216,1.3641
100M,chip_180_284_merged.tif,0.8,4,649955687,156,30.4888,32.4754,1.9866
100M,chip_180_460_merged.tif,0.2,0,1736567337,39,33.6487,37.0438,3.3951
100M,chip_180_460_merged.tif,0.2,1,1355960706,39,31.8415,35.4771,3.6356
100M,chip_180_460_merged.tif,0.2,2,876015188,39,35.0057,36.7378,1.732
100M,chip_180_460_merged.tif,0.2,3,495408557,39,34.5746,35.3591,0.7846
100M,chip_180_460_merged.tif,0.2,4,114801926,39,33.6495,35.864,2.2145
100M,chip_180_460_merged.tif,0.4,0,1575952004,78,32.7562,35.8502,3.094
100M,chip_180_460_merged.tif,0.4,1,1195345373,78,34.056,36.1931,2.1372
100M,chip_180_460_merged.tif,0.4,2,715399855,78,32.9781,36.3107,3.3326
100M,chip_180_460_merged.tif,0.4,3,334793224,78,32.753,36.0626,3.3096
100M,chip_180_460_merged.tif,0.4,4,2002331354,78,33.0868,36.095,3.0082
100M,chip_180_460_merged.tif,0.6,0,832653797,117,33.1446,35.2332,2.0887
100M,chip_180_460_merged.tif,0.6,1,452047166,117,33.115,35.4573,2.3423
100M,chip_180_460_merged.tif,0.6,2,2119585296,117,32.9555,34.6313,1.6759
100M,chip_180_460_merged.tif,0.6,3,1738978665,117,32.6332,35.4619,2.8288
100M,chip_180_460_merged.tif,0.6,4,1259033147,117,32.4396,33.871,1.4314
100M,chip_180_460_merged.tif,0.8,0,350061601,156,32.5106,34.5896,2.079
100M,chip_180_460_merged.tif,0.8,1,2116938618,156,32.8393,34.3804,1.5411
100M,chip_180_460_merged.tif,0.8,2,1636993100,156,32.354,34.6881,2.3341
100M,chip_180_460_merged.tif,0.8,3,1256386469,156,32.8113,33.6657,0.8544
100M,chip_180_460_merged.tif,0.8,4,875779838,156,32.7551,33.9949,1.2398
100M,chip_181_264_merged.tif,0.2,0,1594587508,39,33.8424,38.5723,4.73
100M,chip_181_264_merged.tif,0.2,1,1114641990,39,31.8832,38.856,6.9728
100M,chip_181_264_merged.tif,0.2,2,734035359,39,31.8837,38.6814,6.7978
100M,chip_181_264_merged.tif,0.2,3,353428728,39,32.0754,39.7853,7.7098
100M,chip_181_264_merged.tif,0.2,4,2020966858,39,32.4997,37.0716,4.5719
100M,chip_181_264_merged.tif,0.4,0,1433972175,78,32.5397,38.012,5.4724
100M,chip_181_264_merged.tif,0.4,1,954026657,78,30.7758,37.8014,7.0256
100M,chip_181_264_merged.tif,0.4,2,573420026,78,32.168,37.5201,5.3521
100M,chip_181_264_merged.tif,0.4,3,93474508,78,31.8674,37.6761,5.8086
100M,chip_181_264_merged.tif,0.4,4,1860351525,78,32.4313,38.388,5.9567
100M,chip_181_264_merged.tif,0.6,0,690673968,117,29.8071,36.2781,6.471
100M,chip_181_264_merged.tif,0.6,1,210728450,117,29.8686,36.3593,6.4907
100M,chip_181_264_merged.tif,0.6,2,1977605467,117,31.2825,36.4133,5.1308
100M,chip_181_264_merged.tif,0.6,3,1497659949,117,30.7529,36.7735,6.0206
100M,chip_181_264_merged.tif,0.6,4,1117053318,117,31.036,35.7155,4.6794
100M,chip_181_264_merged.tif,0.8,0,208081772,156,29.5323,33.627,4.0947
100M,chip_181_264_merged.tif,0.8,1,1875619902,156,30.2777,34.1852,3.9075
100M,chip_181_264_merged.tif,0.8,2,1495013271,156,29.4993,34.8408,5.3415
100M,chip_181_264_merged.tif,0.8,3,1114406640,156,30.5115,34.1301,3.6186
100M,chip_181_264_merged.tif,0.8,4,634461122,156,30.6215,33.3768,2.7554
100M,chip_181_353_merged.tif,0.2,0,1697036057,39,33.8853,36.26,2.3747
100M,chip_181_353_merged.tif,0.2,1,1316429426,39,32.6719,36.541,3.869
100M,chip_181_353_merged.tif,0.2,2,836483908,39,34.2694,35.8884,1.619
100M,chip_181_353_merged.tif,0.2,3,455877277,39,33.8832,36.7452,2.862
100M,chip_181_353_merged.tif,0.2,4,75270646,39,34.228,36.5986,2.3706
100M,chip_181_353_merged.tif,0.4,0,1536420724,78,34.3639,35.8623,1.4984
100M,chip_181_353_merged.tif,0.4,1,1155814093,78,34.0583,36.1328,2.0745
100M,chip_181_353_merged.tif,0.4,2,675868575,78,32.5983,35.7629,3.1646
100M,chip_181_353_merged.tif,0.4,3,295261944,78,32.997,36.3905,3.3935
100M,chip_181_353_merged.tif,0.4,4,1962800074,78,33.2869,35.6299,2.343
100M,chip_181_353_merged.tif,0.6,0,793122517,117,33.1537,34.2057,1.0521
100M,chip_181_353_merged.tif,0.6,1,412515886,117,33.598,34.6644,1.0664
100M,chip_181_353_merged.tif,0.6,2,2080054016,117,32.4336,35.2979,2.8644
100M,chip_181_353_merged.tif,0.6,3,1699447385,117,33.7298,35.0846,1.3548
100M,chip_181_353_merged.tif,0.6,4,1219501867,117,33.585,35.6844,2.0995
100M,chip_181_353_merged.tif,0.8,0,310530321,156,33.5327,34.0944,0.5617
100M,chip_181_353_merged.tif,0.8,1,2077407338,156,32.6757,33.8587,1.183
100M,chip_181_353_merged.tif,0.8,2,1597461820,156,32.729,33.959,1.2299
100M,chip_181_353_merged.tif,0.8,3,1216855189,156,32.7131,34.2893,1.5762
100M,chip_181_353_merged.tif,0.8,4,836248558,156,32.5533,34.4257,1.8724
100M,chip_181_413_merged.tif,0.2,0,2037697616,39,38.996,40.0381,1.0421
100M,chip_181_413_merged.tif,0.2,1,1657090985,39,38.8131,40.4677,1.6546
100M,chip_181_413_merged.tif,0.2,2,1276484354,39,39.3963,39.6125,0.2162
100M,chip_181_413_merged.tif,0.2,3,796538836,39,38.4267,39.6835,1.2568
100M,chip_181_413_merged.tif,0.2,4,415932205,39,37.5421,40.0244,2.4823
100M,chip_181_413_merged.tif,0.4,0,1877082283,78,38.0398,39.4064,1.3666
100M,chip_181_413_merged.tif,0.4,1,1496475652,78,38.4701,39.4178,0.9477
100M,chip_181_413_merged.tif,0.4,2,1016530134,78,38.0418,39.0775,1.0357
100M,chip_181_413_merged.tif,0.4,3,635923503,78,38.0376,39.494,1.4564
100M,chip_181_413_merged.tif,0.4,4,155977985,78,36.3467,39.4454,3.0987
100M,chip_181_413_merged.tif,0.6,0,1133784076,117,38.3538,39.0183,0.6646
100M,chip_181_413_merged.tif,0.6,1,753177445,117,38.0957,39.1888,1.0931
100M,chip_181_413_merged.tif,0.6,2,273231927,117,38.345,38.9917,0.6467
100M,chip_181_413_merged.tif,0.6,3,2040108944,117,37.1752,39.0856,1.9105
100M,chip_181_413_merged.tif,0.6,4,1659502313,117,38.4519,39.4753,1.0233
100M,chip_181_413_merged.tif,0.8,0,651191880,156,37.3025,38.2874,0.9849
100M,chip_181_413_merged.tif,0.8,1,270585249,156,37.7761,37.8623,0.0862
100M,chip_181_413_merged.tif,0.8,2,2037462266,156,37.8179,38.3771,0.5592
100M,chip_181_413_merged.tif,0.8,3,1557516748,156,38.5031,38.4153,-0.0878
100M,chip_181_413_merged.tif,0.8,4,1176910117,156,38.5151,38.1341,-0.3809
100M,chip_181_605_merged.tif,0.2,0,139285765,39,30.7964,32.2774,1.481
100M,chip_181_605_merged.tif,0.2,1,1906162782,39,32.4924,34.542,2.0496
100M,chip_181_605_merged.tif,0.2,2,1426217264,39,27.6111,34.3394,6.7283
100M,chip_181_605_merged.tif,0.2,3,1045610633,39,27.2753,34.5276,7.2523
100M,chip_181_605_merged.tif,0.2,4,565665115,39,27.2741,34.3823,7.1082
100M,chip_181_605_merged.tif,0.4,0,1221494343,78,30.8132,33.6176,2.8044
100M,chip_181_605_merged.tif,0.4,1,840887712,78,27.7091,33.7598,6.0507
100M,chip_181_605_merged.tif,0.4,2,460281081,78,28.9378,34.5285,5.5907
100M,chip_181_605_merged.tif,0.4,3,2127819211,78,31.8699,33.3863,1.5164
100M,chip_181_605_merged.tif,0.4,4,1747212580,78,29.0225,33.3296,4.3071
100M,chip_181_605_merged.tif,0.6,0,577535023,117,25.2178,32.7106,7.4928
100M,chip_181_605_merged.tif,0.6,1,97589505,117,28.4295,31.2482,2.8188
100M,chip_181_605_merged.tif,0.6,2,1864466522,117,26.4378,33.1466,6.7088
100M,chip_181_605_merged.tif,0.6,3,1384521004,117,28.5983,32.7202,4.1219
100M,chip_181_605_merged.tif,0.6,4,1003914373,117,28.5732,31.8784,3.3052
100M,chip_181_605_merged.tif,0.8,0,94942827,156,28.5579,30.5209,1.963
100M,chip_181_605_merged.tif,0.8,1,1762480957,156,27.379,30.9271,3.5481
100M,chip_181_605_merged.tif,0.8,2,1381874326,156,28.5091,31.7839,3.2748
100M,chip_181_605_merged.tif,0.8,3,901928808,156,27.3569,31.0896,3.7327
100M,chip_181_605_merged.tif,0.8,4,521322177,156,27.4052,31.3775,3.9723
100M,chip_181_606_merged.tif,0.2,0,257932665,39,33.1819,33.5956,0.4137
100M,chip_181_606_merged.tif,0.2,1,2024809682,39,30.9254,34.9325,4.0072
100M,chip_181_606_merged.tif,0.2,2,1544864164,39,31.3208,32.384,1.0632
100M,chip_181_606_merged.tif,0.2,3,1164257533,39,31.7002,34.5336,2.8334
100M,chip_181_606_merged.tif,0.2,4,684312015,39,33.0809,34.4861,1.4052
100M,chip_181_606_merged.tif,0.4,0,1340141243,78,31.5857,33.6134,2.0276
100M,chip_181_606_merged.tif,0.4,1,959534612,78,31.1165,33.639,2.5225
100M,chip_181_606_merged.tif,0.4,2,578927981,78,31.5573,33.2955,1.7382
100M,chip_181_606_merged.tif,0.4,3,98982463,78,31.013,33.9486,2.9355
100M,chip_181_606_merged.tif,0.4,4,1865859480,78,31.1673,34.415,3.2477
100M,chip_181_606_merged.tif,0.6,0,1501502773,117,30.9848,33.9177,2.9329
100M,chip_181_606_merged.tif,0.6,1,1021557255,117,30.4446,32.4994,2.0548
100M,chip_181_606_merged.tif,0.6,2,640950624,117,30.7222,32.7451,2.0228
100M,chip_181_606_merged.tif,0.6,3,161005106,117,30.462,33.3249,2.8628
100M,chip_181_606_merged.tif,0.6,4,1927882123,117,30.7603,33.4567,2.6964
100M,chip_181_606_merged.tif,0.8,0,1018910577,156,30.0716,31.5307,1.4591
100M,chip_181_606_merged.tif,0.8,1,638303946,156,30.7259,32.2322,1.5063
100M,chip_181_606_merged.tif,0.8,2,158358428,156,30.0626,31.9882,1.9256
100M,chip_181_606_merged.tif,0.8,3,1925235445,156,30.0379,30.612,0.5741
100M,chip_181_606_merged.tif,0.8,4,1445289927,156,30.8957,32.1489,1.2532
100M,chip_182_579_merged.tif,0.2,0,1871583934,39,39.2545,41.0356,1.7812
100M,chip_182_579_merged.tif,0.2,1,1391638416,39,36.7705,41.0027,4.2322
100M,chip_182_579_merged.tif,0.2,2,1011031785,39,37.3857,40.5474,3.1617
100M,chip_182_579_merged.tif,0.2,3,531086267,39,39.257,40.9159,1.6589
100M,chip_182_579_merged.tif,0.2,4,150479636,39,38.2598,40.7755,2.5157
100M,chip_182_579_merged.tif,0.4,0,1611629714,78,37.5769,39.9409,2.3639
100M,chip_182_579_merged.tif,0.4,1,1231023083,78,38.0416,40.812,2.7704
100M,chip_182_579_merged.tif,0.4,2,751077565,78,37.3705,40.6884,3.3179
100M,chip_182_579_merged.tif,0.4,3,370470934,78,38.0062,40.3176,2.3115
100M,chip_182_579_merged.tif,0.4,4,2137347951,78,37.5109,40.3528,2.8419
100M,chip_182_579_merged.tif,0.6,0,868331507,117,37.5543,39.7051,2.1508
100M,chip_182_579_merged.tif,0.6,1,487724876,117,37.5567,39.6434,2.0867
100M,chip_182_579_merged.tif,0.6,2,7779358,117,37.247,38.6964,1.4494
100M,chip_182_579_merged.tif,0.6,3,1774656375,117,37.7349,39.8872,2.1523
100M,chip_182_579_merged.tif,0.6,4,1394049744,117,37.7154,39.3028,1.5874
100M,chip_182_579_merged.tif,0.8,0,385739311,156,37.3371,38.8194,1.4823
100M,chip_182_579_merged.tif,0.8,1,5132680,156,37.0532,39.074,2.0207
100M,chip_182_579_merged.tif,0.8,2,1772009697,156,37.0525,38.1623,1.1098
100M,chip_182_579_merged.tif,0.8,3,1292064179,156,37.9988,38.6565,0.6576
100M,chip_182_579_merged.tif,0.8,4,911457548,156,37.3593,38.9749,1.6155
100M,chip_182_606_merged.tif,0.2,0,1969783317,39,32.1524,33.9332,1.7809
100M,chip_182_606_merged.tif,0.2,1,1489837799,39,32.3766,32.5838,0.2072
100M,chip_182_606_merged.tif,0.2,2,1109231168,39,34.2928,34.4354,0.1426
100M,chip_182_606_merged.tif,0.2,3,629285650,39,32.504,34.8817,2.3777
100M,chip_182_606_merged.tif,0.2,4,248679019,39,31.5767,34.616,3.0394
100M,chip_182_606_merged.tif,0.4,0,904508247,78,31.6905,32.9505,1.26
100M,chip_182_606_merged.tif,0.4,1,523901616,78,32.7522,33.6225,0.8703
100M,chip_182_606_merged.tif,0.4,2,43956098,78,31.8381,33.8344,1.9964
100M,chip_182_606_merged.tif,0.4,3,1810833115,78,31.6351,34.161,2.5259
100M,chip_182_606_merged.tif,0.4,4,1330887597,78,31.1202,33.8658,2.7456
100M,chip_182_606_merged.tif,0.6,0,966530890,117,31.4691,33.5669,2.0978
100M,chip_182_606_merged.tif,0.6,1,585924259,117,31.9442,33.2499,1.3057
100M,chip_182_606_merged.tif,0.6,2,105978741,117,31.4679,33.2387,1.7707
100M,chip_182_606_merged.tif,0.6,3,1872855758,117,32.2824,33.1331,0.8507
100M,chip_182_606_merged.tif,0.6,4,1492249127,117,31.4698,33.1585,1.6887
100M,chip_182_606_merged.tif,0.8,0,583277581,156,32.2332,32.7496,0.5164
100M,chip_182_606_merged.tif,0.8,1,103332063,156,31.9593,31.9396,-0.0197
100M,chip_182_606_merged.tif,0.8,2,1870209080,156,31.5925,32.6991,1.1066
100M,chip_182_606_merged.tif,0.8,3,1390263562,156,32.4113,32.3056,-0.1057
100M,chip_182_606_merged.tif,0.8,4,1009656931,156,31.6082,32.4601,0.8519
100M,chip_183_237_merged.tif,0.2,0,1337241483,39,30.5726,33.8559,3.2833
100M,chip_183_237_merged.tif,0.2,1,857295965,39,30.5028,33.2863,2.7835
100M,chip_183_237_merged.tif,0.2,2,476689334,39,31.8462,32.7902,0.944
100M,chip_183_237_merged.tif,0.2,3,96082703,39,32.867,34.055,1.188
100M,chip_183_237_merged.tif,0.2,4,1763620833,39,31.1529,32.5812,1.4284
100M,chip_183_237_merged.tif,0.4,0,271966413,78,31.1859,33.4254,2.2395
100M,chip_183_237_merged.tif,0.4,1,2038843430,78,31.0997,32.0752,0.9755
100M,chip_183_237_merged.tif,0.4,2,1558897912,78,30.9026,33.3473,2.4447
100M,chip_183_237_merged.tif,0.4,3,1178291281,78,30.9069,33.2135,2.3066
100M,chip_183_237_merged.tif,0.4,4,797684650,78,30.9027,33.016,2.1133
100M,chip_183_237_merged.tif,0.6,0,433327943,117,31.6112,31.4789,-0.1323
100M,chip_183_237_merged.tif,0.6,1,2100866073,117,30.1219,32.5389,2.4171
100M,chip_183_237_merged.tif,0.6,2,1720259442,117,31.6158,32.0982,0.4824
100M,chip_183_237_merged.tif,0.6,3,1240313924,117,31.1838,31.5993,0.4155
100M,chip_183_237_merged.tif,0.6,4,859707293,117,31.0736,31.8362,0.7626
100M,chip_183_237_merged.tif,0.8,0,2098219395,156,30.9245,30.9357,0.0111
100M,chip_183_237_merged.tif,0.8,1,1618273877,156,30.8174,31.0749,0.2576
100M,chip_183_237_merged.tif,0.8,2,1237667246,156,30.5329,30.7978,0.2649
100M,chip_183_237_merged.tif,0.8,3,857060615,156,30.9444,31.1741,0.2297
100M,chip_183_237_merged.tif,0.8,4,377115097,156,30.57,31.8472,1.2772
100M,chip_183_520_merged.tif,0.2,0,2130881803,39,36.7619,37.8121,1.0502
100M,chip_183_520_merged.tif,0.2,1,1650936285,39,36.8164,36.9087,0.0923
100M,chip_183_520_merged.tif,0.2,2,1270329654,39,36.4369,37.0595,0.6226
100M,chip_183_520_merged.tif,0.2,3,790384136,39,34.5636,37.3644,2.8008
100M,chip_183_520_merged.tif,0.2,4,409777505,39,37.1083,36.9721,-0.1361
100M,chip_183_520_merged.tif,0.4,0,1065606733,78,36.779,36.8055,0.0264
100M,chip_183_520_merged.tif,0.4,1,685000102,78,36.4266,37.1416,0.7149
100M,chip_183_520_merged.tif,0.4,2,205054584,78,34.9575,37.212,2.2545
100M,chip_183_520_merged.tif,0.4,3,1971931601,78,36.3616,37.0656,0.704
100M,chip_183_520_merged.tif,0.4,4,1591324970,78,34.4897,37.0156,2.526
100M,chip_183_520_merged.tif,0.6,0,1127629376,117,35.9299,36.1749,0.245
100M,chip_183_520_merged.tif,0.6,1,747022745,117,36.3947,36.3722,-0.0225
100M,chip_183_520_merged.tif,0.6,2,366416114,117,35.53,37.0073,1.4772
100M,chip_183_520_merged.tif,0.6,3,2033954244,117,36.2806,36.4414,0.1608
100M,chip_183_520_merged.tif,0.6,4,1653347613,117,35.5575,35.7473,0.1898
100M,chip_183_520_merged.tif,0.8,0,744376067,156,34.9761,35.9958,1.0197
100M,chip_183_520_merged.tif,0.8,1,264430549,156,34.5494,35.6473,1.0979
100M,chip_183_520_merged.tif,0.8,2,2031307566,156,34.8805,35.8241,0.9436
100M,chip_183_520_merged.tif,0.8,3,1551362048,156,34.5459,35.8031,1.2572
100M,chip_183_520_merged.tif,0.8,4,1170755417,156,35.2068,36.0163,0.8094
100M,chip_183_606_merged.tif,0.2,0,1434585928,39,33.6865,34.9474,1.2609
100M,chip_183_606_merged.tif,0.2,1,1053979297,39,32.4773,34.9399,2.4626
100M,chip_183_606_merged.tif,0.2,2,574033779,39,34.3761,34.8488,0.4726
100M,chip_183_606_merged.tif,0.2,3,193427148,39,32.7773,34.4007,1.6234
100M,chip_183_606_merged.tif,0.2,4,1960304165,39,32.539,34.3284,1.7894
100M,chip_183_606_merged.tif,0.4,0,1273970595,78,32.5554,34.3604,1.805
100M,chip_183_606_merged.tif,0.4,1,893363964,78,32.5305,34.6767,2.1462
100M,chip_183_606_merged.tif,0.4,2,413418446,78,32.4957,34.9052,2.4095
100M,chip_183_606_merged.tif,0.4,3,32811815,78,33.4557,34.7456,1.2898
100M,chip_183_606_merged.tif,0.4,4,1700349945,78,32.6635,35.0257,2.3622
100M,chip_183_606_merged.tif,0.6,0,1383611251,117,31.9704,34.0669,2.0965
100M,chip_183_606_merged.tif,0.6,1,903665733,117,31.9694,33.713,1.7435
100M,chip_183_606_merged.tif,0.6,2,523059102,117,32.2726,33.5799,1.3074
100M,chip_183_606_merged.tif,0.6,3,142452471,117,32.4185,33.9237,1.5052
100M,chip_183_606_merged.tif,0.6,4,1809990601,117,31.9638,33.7372,1.7734
100M,chip_183_606_merged.tif,0.8,0,48080192,156,32.2187,32.7531,0.5344
100M,chip_183_606_merged.tif,0.8,1,1814957209,156,32.3043,32.9803,0.676
100M,chip_183_606_merged.tif,0.8,2,1335011691,156,32.0433,33.1084,1.0652
100M,chip_183_606_merged.tif,0.8,3,954405060,156,32.0459,32.7958,0.75
100M,chip_183_606_merged.tif,0.8,4,573798429,156,32.1608,33.2912,1.1305
100M,chip_185_305_merged.tif,0.2,0,1514485442,39,34.7935,37.5428,2.7493
100M,chip_185_305_merged.tif,0.2,1,1034539924,39,36.1358,37.02,0.8842
100M,chip_185_305_merged.tif,0.2,2,653933293,39,37.9783,38.2572,0.2789
100M,chip_185_305_merged.tif,0.2,3,173987775,39,35.8264,37.8542,2.0278
100M,chip_185_305_merged.tif,0.2,4,1940864792,39,33.2014,38.2476,5.0461
100M,chip_185_305_merged.tif,0.4,0,1254531222,78,35.7832,36.6658,0.8826
100M,chip_185_305_merged.tif,0.4,1,873924591,78,34.4533,37.5699,3.1165
100M,chip_185_305_merged.tif,0.4,2,393979073,78,35.7827,37.066,1.2833
100M,chip_185_305_merged.tif,0.4,3,13372442,78,36.2899,37.6999,1.41
100M,chip_185_305_merged.tif,0.4,4,1780249459,78,34.4568,36.942,2.4852
100M,chip_185_305_merged.tif,0.6,0,511233015,117,33.8967,35.6823,1.7856
100M,chip_185_305_merged.tif,0.6,1,130626384,117,34.3849,36.6514,2.2665
100M,chip_185_305_merged.tif,0.6,2,1897503401,117,33.5641,36.5395,2.9754
100M,chip_185_305_merged.tif,0.6,3,1417557883,117,33.5722,36.2823,2.7101
100M,chip_185_305_merged.tif,0.6,4,1036951252,117,33.8129,37.0995,3.2866
100M,chip_185_305_merged.tif,0.8,0,127979706,156,32.8666,34.8885,2.022
100M,chip_185_305_merged.tif,0.8,1,1795517836,156,33.3468,34.8041,1.4573
100M,chip_185_305_merged.tif,0.8,2,1414911205,156,32.3465,35.3625,3.016
100M,chip_185_305_merged.tif,0.8,3,934965687,156,32.987,34.8547,1.8678
100M,chip_185_305_merged.tif,0.8,4,554359056,156,32.9386,34.631,1.6924
100M,chip_185_368_merged.tif,0.2,0,1177020618,39,32.3228,33.6347,1.3119
100M,chip_185_368_merged.tif,0.2,1,796413987,39,32.1976,33.637,1.4394
100M,chip_185_368_merged.tif,0.2,2,316468469,39,31.9091,33.3375,1.4284
100M,chip_185_368_merged.tif,0.2,3,2083345486,39,30.4062,33.816,3.4098
100M,chip_185_368_merged.tif,0.2,4,1603399968,39,33.3873,33.9363,0.549
100M,chip_185_368_merged.tif,0.4,0,1016405285,78,31.3283,32.8483,1.5201
100M,chip_185_368_merged.tif,0.4,1,536459767,78,31.057,33.2317,2.1747
100M,chip_185_368_merged.tif,0.4,2,155853136,78,31.3285,34.0832,2.7547
100M,chip_185_368_merged.tif,0.4,3,1922730153,78,31.4776,33.5864,2.1088
100M,chip_185_368_merged.tif,0.4,4,1442784635,78,31.0575,33.3341,2.2766
100M,chip_185_368_merged.tif,0.6,0,273107078,117,31.0346,32.671,1.6364
100M,chip_185_368_merged.tif,0.6,1,2039984095,117,31.014,33.371,2.357
100M,chip_185_368_merged.tif,0.6,2,1560038577,117,31.1219,32.7318,1.6099
100M,chip_185_368_merged.tif,0.6,3,1179431946,117,31.4568,32.773,1.3162
100M,chip_185_368_merged.tif,0.6,4,699486428,117,31.2835,33.1181,1.8346
100M,chip_185_368_merged.tif,0.8,0,1937998530,156,30.7249,31.8051,1.0802
100M,chip_185_368_merged.tif,0.8,1,1557391899,156,30.7327,31.8166,1.0839
100M,chip_185_368_merged.tif,0.8,2,1077446381,156,30.741,31.729,0.988
100M,chip_185_368_merged.tif,0.8,3,696839750,156,30.7382,32.0103,1.2721
100M,chip_185_368_merged.tif,0.8,4,216894232,156,30.9215,32.1261,1.2046
100M,chip_185_399_merged.tif,0.2,0,1437527277,39,31.6309,33.6737,2.0428
100M,chip_185_399_merged.tif,0.2,1,957581759,39,32.4176,34.4863,2.0687
100M,chip_185_399_merged.tif,0.2,2,576975128,39,31.8926,33.6235,1.7309
100M,chip_185_399_merged.tif,0.2,3,196368497,39,32.8121,34.8324,2.0203
100M,chip_185_399_merged.tif,0.2,4,1863906627,39,33.396,34.599,1.203
100M,chip_185_399_merged.tif,0.4,0,1276911944,78,31.9887,33.9801,1.9914
100M,chip_185_399_merged.tif,0.4,1,796966426,78,31.9892,33.9482,1.9589
100M,chip_185_399_merged.tif,0.4,2,416359795,78,31.9233,33.6423,1.719
100M,chip_185_399_merged.tif,0.4,3,2083897925,78,32.1552,34.6246,2.4694
100M,chip_185_399_merged.tif,0.4,4,1703291294,78,31.7305,33.6371,1.9065
100M,chip_185_399_merged.tif,0.6,0,533613737,117,31.6309,33.3976,1.7667
100M,chip_185_399_merged.tif,0.6,1,53668219,117,31.5862,33.6318,2.0456
100M,chip_185_399_merged.tif,0.6,2,1820545236,117,31.5832,33.1501,1.5669
100M,chip_185_399_merged.tif,0.6,3,1340599718,117,31.7304,33.2459,1.5155
100M,chip_185_399_merged.tif,0.6,4,959993087,117,31.7267,33.3111,1.5844
100M,chip_185_399_merged.tif,0.8,0,51021541,156,31.4175,32.2876,0.8701
100M,chip_185_399_merged.tif,0.8,1,1718559671,156,31.8067,32.3725,0.5658
100M,chip_185_399_merged.tif,0.8,2,1337953040,156,31.359,32.189,0.83
100M,chip_185_399_merged.tif,0.8,3,957346409,156,31.5834,32.3128,0.7294
100M,chip_185_399_merged.tif,0.8,4,477400891,156,31.333,32.103,0.77
100M,chip_185_408_merged.tif,0.2,0,1888260160,39,38.9484,38.1306,-0.8178
100M,chip_185_408_merged.tif,0.2,1,1507653529,39,39.1403,38.2103,-0.93
100M,chip_185_408_merged.tif,0.2,2,1127046898,39,37.4908,37.3352,-0.1556
100M,chip_185_408_merged.tif,0.2,3,647101380,39,37.3375,38.9144,1.5769
100M,chip_185_408_merged.tif,0.2,4,266494749,39,37.0919,35.985,-1.1069
100M,chip_185_408_merged.tif,0.4,0,1727644827,78,38.2455,38.2592,0.0137
100M,chip_185_408_merged.tif,0.4,1,1347038196,78,37.0166,37.6764,0.6598
100M,chip_185_408_merged.tif,0.4,2,867092678,78,36.9309,38.8582,1.9273
100M,chip_185_408_merged.tif,0.4,3,486486047,78,38.0404,38.4946,0.4542
100M,chip_185_408_merged.tif,0.4,4,6540529,78,38.7518,37.9174,-0.8344
100M,chip_185_408_merged.tif,0.6,0,984346620,117,37.8839,37.8093,-0.0746
100M,chip_185_408_merged.tif,0.6,1,603739989,117,36.9848,38.0111,1.0263
100M,chip_185_408_merged.tif,0.6,2,123794471,117,37.4577,38.33,0.8723
100M,chip_185_408_merged.tif,0.6,3,1890671488,117,36.9468,38.2134,1.2667
100M,chip_185_408_merged.tif,0.6,4,1510064857,117,37.4423,38.4964,1.054
100M,chip_185_408_merged.tif,0.8,0,501754424,156,37.1447,37.3614,0.2167
100M,chip_185_408_merged.tif,0.8,1,121147793,156,37.5666,37.9748,0.4083
100M,chip_185_408_merged.tif,0.8,2,1888024810,156,37.5558,37.5518,-0.004
100M,chip_185_408_merged.tif,0.8,3,1408079292,156,37.5973,37.7384,0.1411
100M,chip_185_408_merged.tif,0.8,4,1027472661,156,36.4676,37.0794,0.6118
100M,chip_186_265_merged.tif,0.2,0,1550334370,39,34.4293,37.4379,3.0086
100M,chip_186_265_merged.tif,0.2,1,1169727739,39,35.1326,37.7579,2.6253
100M,chip_186_265_merged.tif,0.2,2,689782221,39,33.8071,35.4973,1.6902
100M,chip_186_265_merged.tif,0.2,3,309175590,39,34.6308,37.1189,2.4881
100M,chip_186_265_merged.tif,0.2,4,1976713720,39,34.1855,37.5213,3.3358
100M,chip_186_265_merged.tif,0.4,0,584398187,78,31.0163,37.0251,6.0088
100M,chip_186_265_merged.tif,0.4,1,104452669,78,33.331,36.7432,3.4121
100M,chip_186_265_merged.tif,0.4,2,1871329686,78,34.6624,36.7618,2.0994
100M,chip_186_265_merged.tif,0.4,3,1391384168,78,33.4949,36.4359,2.941
100M,chip_186_265_merged.tif,0.4,4,1010777537,78,32.7275,36.1925,3.4649
100M,chip_186_265_merged.tif,0.6,0,646420830,117,33.3873,34.9589,1.5716
100M,chip_186_265_merged.tif,0.6,1,166475312,117,33.0352,34.8076,1.7724
100M,chip_186_265_merged.tif,0.6,2,1933352329,117,32.8572,34.7155,1.8583
100M,chip_186_265_merged.tif,0.6,3,1552745698,117,32.8686,36.0194,3.1508
100M,chip_186_265_merged.tif,0.6,4,1072800180,117,31.4061,34.9677,3.5616
100M,chip_186_265_merged.tif,0.8,0,163828634,156,32.4526,33.5456,1.0931
100M,chip_186_265_merged.tif,0.8,1,1930705651,156,32.988,33.6448,0.6568
100M,chip_186_265_merged.tif,0.8,2,1450760133,156,32.3382,33.5426,1.2045
100M,chip_186_265_merged.tif,0.8,3,1070153502,156,32.3237,33.0852,0.7615
100M,chip_186_265_merged.tif,0.8,4,590207984,156,31.7922,34.4952,2.703
100M,chip_186_488_merged.tif,0.2,0,1931733731,39,33.6,35.5479,1.948
100M,chip_186_488_merged.tif,0.2,1,1551127100,39,32.757,35.4026,2.6456
100M,chip_186_488_merged.tif,0.2,2,1071181582,39,32.6292,34.5971,1.9679
100M,chip_186_488_merged.tif,0.2,3,690574951,39,33.3322,35.4798,2.1476
100M,chip_186_488_merged.tif,0.2,4,210629433,39,32.132,35.6262,3.4942
100M,chip_186_488_merged.tif,0.4,0,866458661,78,32.842,34.1916,1.3496
100M,chip_186_488_merged.tif,0.4,1,485852030,78,31.3833,34.9607,3.5774
100M,chip_186_488_merged.tif,0.4,2,105245399,78,32.3087,34.2615,1.9529
100M,chip_186_488_merged.tif,0.4,3,1772783529,78,32.3201,33.9451,1.625
100M,chip_186_488_merged.tif,0.4,4,1392176898,78,32.7842,34.9876,2.2033
100M,chip_186_488_merged.tif,0.6,0,1027820191,117,32.1686,33.5135,1.3449
100M,chip_186_488_merged.tif,0.6,1,547874673,117,32.48,34.004,1.524
100M,chip_186_488_merged.tif,0.6,2,167268042,117,31.7164,32.9693,1.2529
100M,chip_186_488_merged.tif,0.6,3,1934145059,117,31.6344,33.3952,1.7608
100M,chip_186_488_merged.tif,0.6,4,1454199541,117,31.6357,33.9033,2.2676
100M,chip_186_488_merged.tif,0.8,0,545227995,156,32.2939,32.7759,0.4821
100M,chip_186_488_merged.tif,0.8,1,164621364,156,32.1477,33.0218,0.8741
100M,chip_186_488_merged.tif,0.8,2,1832159494,156,31.8609,32.5312,0.6702
100M,chip_186_488_merged.tif,0.8,3,1451552863,156,31.6017,33.0945,1.4928
100M,chip_186_488_merged.tif,0.8,4,971607345,156,31.5938,32.8876,1.2937
100M,chip_188_404_merged.tif,0.2,0,2079205349,39,38.1422,40.6362,2.494
100M,chip_188_404_merged.tif,0.2,1,1599259831,39,37.5606,39.9683,2.4076
100M,chip_188_404_merged.tif,0.2,2,1218653200,39,38.2267,40.1299,1.9032
100M,chip_188_404_merged.tif,0.2,3,838046569,39,38.7847,38.5592,-0.2255
100M,chip_188_404_merged.tif,0.2,4,358101051,39,37.9545,40.2637,2.3091
100M,chip_188_404_merged.tif,0.4,0,1013930279,78,37.5674,39.7815,2.2141
100M,chip_188_404_merged.tif,0.4,1,633323648,78,38.7722,38.6911,-0.0811
100M,chip_188_404_merged.tif,0.4,2,252717017,78,37.5694,39.9143,2.3449
100M,chip_188_404_merged.tif,0.4,3,1920255147,78,38.9583,39.6737,0.7153
100M,chip_188_404_merged.tif,0.4,4,1539648516,78,39.266,40.0843,0.8182
100M,chip_188_404_merged.tif,0.6,0,1928891785,117,38.6825,39.408,0.7255
100M,chip_188_404_merged.tif,0.6,1,1548285154,117,38.6368,39.4469,0.8101
100M,chip_188_404_merged.tif,0.6,2,1167678523,117,38.5627,39.519,0.9563
100M,chip_188_404_merged.tif,0.6,3,687733005,117,38.366,39.5399,1.1739
100M,chip_188_404_merged.tif,0.6,4,307126374,117,38.6343,39.3589,0.7246
100M,chip_188_404_merged.tif,0.8,0,692699613,156,38.1137,38.5369,0.4231
100M,chip_188_404_merged.tif,0.8,1,212754095,156,38.0367,38.027,-0.0097
100M,chip_188_404_merged.tif,0.8,2,1979631112,156,37.864,38.2101,0.3461
100M,chip_188_404_merged.tif,0.8,3,1599024481,156,38.0057,38.2136,0.2079
100M,chip_188_404_merged.tif,0.8,4,1119078963,156,38.2434,38.3659,0.1225
100M,chip_191_403_merged.tif,0.2,0,1262211466,39,32.5851,35.0172,2.4321
100M,chip_191_403_merged.tif,0.2,1,881604835,39,33.333,35.2848,1.9518
100M,chip_191_403_merged.tif,0.2,2,401659317,39,32.0475,34.2245,2.177
100M,chip_191_403_merged.tif,0.2,3,21052686,39,33.2197,35.2035,1.9837
100M,chip_191_403_merged.tif,0.2,4,1688590816,39,34.4728,34.7365,0.2637
100M,chip_191_403_merged.tif,0.4,0,1101596133,78,31.9344,33.8563,1.9219
100M,chip_191_403_merged.tif,0.4,1,621650615,78,32.3027,34.6041,2.3014
100M,chip_191_403_merged.tif,0.4,2,241043984,78,31.9342,33.7584,1.8242
100M,chip_191_403_merged.tif,0.4,3,2007921001,78,32.304,34.2098,1.9058
100M,chip_191_403_merged.tif,0.4,4,1527975483,78,32.5694,33.3468,0.7773
100M,chip_191_403_merged.tif,0.6,0,358297926,117,31.4577,33.7763,2.3186
100M,chip_191_403_merged.tif,0.6,1,2025836056,117,32.2662,33.9869,1.7207
100M,chip_191_403_merged.tif,0.6,2,1645229425,117,32.1883,33.9985,1.8102
100M,chip_191_403_merged.tif,0.6,3,1264622794,117,32.287,33.7953,1.5083
100M,chip_191_403_merged.tif,0.6,4,784677276,117,32.2588,33.8841,1.6253
100M,chip_191_403_merged.tif,0.8,0,2023189378,156,32.0444,32.7286,0.6842
100M,chip_191_403_merged.tif,0.8,1,1642582747,156,31.733,33.1803,1.4473
100M,chip_191_403_merged.tif,0.8,2,1162637229,156,31.7244,32.767,1.0426
100M,chip_191_403_merged.tif,0.8,3,782030598,156,32.1132,32.8777,0.7645
100M,chip_191_403_merged.tif,0.8,4,302085080,156,32.0401,32.4453,0.4052
100M,chip_193_311_merged.tif,0.2,0,143266649,39,33.7786,36.2413,2.4627
100M,chip_193_311_merged.tif,0.2,1,1910143666,39,33.2651,35.2196,1.9544
100M,chip_193_311_merged.tif,0.2,2,1430198148,39,31.2174,35.6606,4.4432
100M,chip_193_311_merged.tif,0.2,3,1049591517,39,34.2662,35.3808,1.1146
100M,chip_193_311_merged.tif,0.2,4,569645999,39,34.61,35.2809,0.6708
100M,chip_193_311_merged.tif,0.4,0,2130134964,78,31.7622,34.9819,3.2197
100M,chip_193_311_merged.tif,0.4,1,1650189446,78,33.7896,34.8746,1.085
100M,chip_193_311_merged.tif,0.4,2,1269582815,78,32.8766,34.6515,1.7749
100M,chip_193_311_merged.tif,0.4,3,789637297,78,33.8695,35.1671,1.2975
100M,chip_193_311_merged.tif,0.4,4,409030666,78,33.2475,34.106,0.8585
100M,chip_193_311_merged.tif,0.6,0,1386836757,117,32.6097,33.7475,1.1379
100M,chip_193_311_merged.tif,0.6,1,906891239,117,31.1654,34.6431,3.4777
100M,chip_193_311_merged.tif,0.6,2,526284608,117,31.78,35.0805,3.3005
100M,chip_193_311_merged.tif,0.6,3,46339090,117,32.6179,33.4754,0.8574
100M,chip_193_311_merged.tif,0.6,4,1813216107,117,32.9099,34.2307,1.3208
100M,chip_193_311_merged.tif,0.8,0,904244561,156,31.9853,33.2122,1.227
100M,chip_193_311_merged.tif,0.8,1,424299043,156,31.2264,33.1296,1.9032
100M,chip_193_311_merged.tif,0.8,2,43692412,156,31.4206,32.7968,1.3762
100M,chip_193_311_merged.tif,0.8,3,1810569429,156,31.9457,33.079,1.1333
100M,chip_193_311_merged.tif,0.8,4,1330623911,156,31.2477,33.3286,2.0809
100M,chip_193_314_merged.tif,0.2,0,1712694949,39,31.4543,33.5628,2.1086
100M,chip_193_314_merged.tif,0.2,1,1332088318,39,34.1228,36.5715,2.4487
100M,chip_193_314_merged.tif,0.2,2,951481687,39,31.4559,35.3273,3.8714
100M,chip_193_314_merged.tif,0.2,3,471536169,39,34.3327,36.0302,1.6975
100M,chip_193_314_merged.tif,0.2,4,90929538,39,33.8193,34.6248,0.8055
100M,chip_193_314_merged.tif,0.4,0,1552079616,78,31.3497,35.2542,3.9045
100M,chip_193_314_merged.tif,0.4,1,1171472985,78,25.5761,34.9016,9.3254
100M,chip_193_314_merged.tif,0.4,2,691527467,78,31.1001,34.6815,3.5814
100M,chip_193_314_merged.tif,0.4,3,310920836,78,30.9964,35.2717,4.2752
100M,chip_193_314_merged.tif,0.4,4,2077797853,78,33.0227,34.8307,1.8081
100M,chip_193_314_merged.tif,0.6,0,808781409,117,31.0706,34.1339,3.0633
100M,chip_193_314_merged.tif,0.6,1,428174778,117,31.9571,33.6682,1.711
100M,chip_193_314_merged.tif,0.6,2,2095712908,117,31.6252,33.3822,1.757
100M,chip_193_314_merged.tif,0.6,3,1715106277,117,31.2117,33.7281,2.5163
100M,chip_193_314_merged.tif,0.6,4,1334499646,117,31.1764,33.2988,2.1224
100M,chip_193_314_merged.tif,0.8,0,326189213,156,31.105,32.1684,1.0634
100M,chip_193_314_merged.tif,0.8,1,2093066230,156,27.6416,31.0022,3.3606
100M,chip_193_314_merged.tif,0.8,2,1712459599,156,30.7031,31.3427,0.6395
100M,chip_193_314_merged.tif,0.8,3,1232514081,156,30.6209,30.9465,0.3255
100M,chip_193_314_merged.tif,0.8,4,851907450,156,30.6603,31.8192,1.1589
100M,chip_193_583_merged.tif,0.2,0,819328238,39,37.714,37.554,-0.16
100M,chip_193_583_merged.tif,0.2,1,438721607,39,38.3389,38.8169,0.478
100M,chip_193_583_merged.tif,0.2,2,2106259737,39,36.5329,38.1458,1.6129
100M,chip_193_583_merged.tif,0.2,3,1725653106,39,39.5168,38.9933,-0.5235
100M,chip_193_583_merged.tif,0.2,4,1245707588,39,36.1294,38.5266,2.3971
100M,chip_193_583_merged.tif,0.4,0,658712905,78,36.7585,38.2394,1.4808
100M,chip_193_583_merged.tif,0.4,1,178767387,78,35.9984,38.3112,2.3128
100M,chip_193_583_merged.tif,0.4,2,1945644404,78,37.6812,38.6756,0.9943
100M,chip_193_583_merged.tif,0.4,3,1565037773,78,35.9979,37.6149,1.617
100M,chip_193_583_merged.tif,0.4,4,1085092255,78,38.2178,38.6107,0.3929
100M,chip_193_583_merged.tif,0.6,0,2062898346,117,37.38,37.1462,-0.2338
100M,chip_193_583_merged.tif,0.6,1,1582952828,117,37.1157,37.6172,0.5015
100M,chip_193_583_merged.tif,0.6,2,1202346197,117,36.5275,37.7261,1.1986
100M,chip_193_583_merged.tif,0.6,3,821739566,117,37.3655,37.7665,0.401
100M,chip_193_583_merged.tif,0.6,4,341794048,117,35.7171,37.0492,1.3321
100M,chip_193_583_merged.tif,0.8,0,1580306150,156,36.1893,37.0668,0.8776
100M,chip_193_583_merged.tif,0.8,1,1199699519,156,36.0287,37.1372,1.1085
100M,chip_193_583_merged.tif,0.8,2,719754001,156,36.4414,36.6651,0.2237
100M,chip_193_583_merged.tif,0.8,3,339147370,156,36.1787,36.8444,0.6657
100M,chip_193_583_merged.tif,0.8,4,2006685500,156,36.1894,36.8811,0.6916
100M,chip_194_257_merged.tif,0.2,0,127615100,39,38.9075,41.55,2.6425
100M,chip_194_257_merged.tif,0.2,1,1894492117,39,38.0822,40.5453,2.4631
100M,chip_194_257_merged.tif,0.2,2,1414546599,39,38.2732,41.3001,3.0269
100M,chip_194_257_merged.tif,0.2,3,1033939968,39,37.8959,40.1471,2.2512
100M,chip_194_257_merged.tif,0.2,4,553994450,39,36.1822,37.3591,1.1769
100M,chip_194_257_merged.tif,0.4,0,2114483415,78,33.3118,38.5736,5.2618
100M,chip_194_257_merged.tif,0.4,1,1634537897,78,31.9996,38.8792,6.8796
100M,chip_194_257_merged.tif,0.4,2,1253931266,78,31.6534,39.8436,8.1902
100M,chip_194_257_merged.tif,0.4,3,773985748,78,37.666,38.8266,1.1606
100M,chip_194_257_merged.tif,0.4,4,393379117,78,34.2839,39.5974,5.3135
100M,chip_194_257_merged.tif,0.6,0,1371185208,117,33.1972,37.8101,4.6129
100M,chip_194_257_merged.tif,0.6,1,891239690,117,33.1095,38.6712,5.5617
100M,chip_194_257_merged.tif,0.6,2,510633059,117,33.184,38.8387,5.6547
100M,chip_194_257_merged.tif,0.6,3,30687541,117,32.015,37.8625,5.8476
100M,chip_194_257_merged.tif,0.6,4,1797564558,117,31.6165,37.8498,6.2333
100M,chip_194_257_merged.tif,0.8,0,888593012,156,33.1737,35.8382,2.6645
100M,chip_194_257_merged.tif,0.8,1,507986381,156,31.6917,36.3171,4.6254
100M,chip_194_257_merged.tif,0.8,2,28040863,156,33.7563,37.296,3.5397
100M,chip_194_257_merged.tif,0.8,3,1794917880,156,33.2676,36.8271,3.5596
100M,chip_194_257_merged.tif,0.8,4,1314972362,156,32.3815,36.3536,3.9721
100M,chip_194_261_merged.tif,0.2,0,207996629,39,36.8688,39.034,2.1652
100M,chip_194_261_merged.tif,0.2,1,1974873646,39,34.2282,39.7727,5.5445
100M,chip_194_261_merged.tif,0.2,2,1494928128,39,34.7104,40.3192,5.6088
100M,chip_194_261_merged.tif,0.2,3,1114321497,39,36.8655,40.4743,3.6088
100M,chip_194_261_merged.tif,0.2,4,634375979,39,38.4657,39.5209,1.0552
100M,chip_194_261_merged.tif,0.4,0,1389544094,78,34.6076,39.1465,4.5389
100M,chip_194_261_merged.tif,0.4,1,909598576,78,34.8794,39.2059,4.3265
100M,chip_194_261_merged.tif,0.4,2,528991945,78,34.801,39.0747,4.2737
100M,chip_194_261_merged.tif,0.4,3,49046427,78,35.2031,39.5603,4.3571
100M,chip_194_261_merged.tif,0.4,4,1815923444,78,34.9497,39.6339,4.6843
100M,chip_194_261_merged.tif,0.6,0,646245887,117,34.5175,37.537,3.0196
100M,chip_194_261_merged.tif,0.6,1,166300369,117,33.7271,37.2319,3.5049
100M,chip_194_261_merged.tif,0.6,2,1933177386,117,32.8106,37.6751,4.8645
100M,chip_194_261_merged.tif,0.6,3,1453231868,117,35.4104,37.8857,2.4753
100M,chip_194_261_merged.tif,0.6,4,1072625237,117,34.0596,38.3439,4.2843
100M,chip_194_261_merged.tif,0.8,0,163653691,156,33.4711,36.0398,2.5687
100M,chip_194_261_merged.tif,0.8,1,1831191821,156,33.4242,36.0521,2.6279
100M,chip_194_261_merged.tif,0.8,2,1450585190,156,34.8609,36.6726,1.8116
100M,chip_194_261_merged.tif,0.8,3,1069978559,156,34.3408,34.5977,0.2569
100M,chip_194_261_merged.tif,0.8,4,590033041,156,34.4762,36.4319,1.9557
100M,chip_194_296_merged.tif,0.2,0,504038548,39,37.9845,38.2385,0.254
100M,chip_194_296_merged.tif,0.2,1,123431917,39,38.2186,39.541,1.3224
100M,chip_194_296_merged.tif,0.2,2,1890308934,39,37.9846,40.5094,2.5248
100M,chip_194_296_merged.tif,0.2,3,1410363416,39,37.5572,39.4214,1.8642
100M,chip_194_296_merged.tif,0.2,4,1029756785,39,35.81,40.414,4.604
100M,chip_194_296_merged.tif,0.4,0,1685586013,78,35.259,39.5803,4.3213
100M,chip_194_296_merged.tif,0.4,1,1205640495,78,36.2271,39.2534,3.0263
100M,chip_194_296_merged.tif,0.4,2,825033864,78,36.1827,40.1055,3.9228
100M,chip_194_296_merged.tif,0.4,3,444427233,78,37.1407,39.5994,2.4587
100M,chip_194_296_merged.tif,0.4,4,2111965363,78,34.6917,38.0748,3.3831
100M,chip_194_296_merged.tif,0.6,0,942287806,117,34.514,37.515,3.0009
100M,chip_194_296_merged.tif,0.6,1,561681175,117,34.5175,38.5134,3.9959
100M,chip_194_296_merged.tif,0.6,2,81735657,117,34.4966,38.9747,4.4781
100M,chip_194_296_merged.tif,0.6,3,1848612674,117,36.0287,38.5911,2.5624
100M,chip_194_296_merged.tif,0.6,4,1368667156,117,36.023,38.0435,2.0204
100M,chip_194_296_merged.tif,0.8,0,459695610,156,35.0457,36.1962,1.1505
100M,chip_194_296_merged.tif,0.8,1,79088979,156,34.4826,36.6935,2.2109
100M,chip_194_296_merged.tif,0.8,2,1746627109,156,33.0732,35.6172,2.544
100M,chip_194_296_merged.tif,0.8,3,1366020478,156,34.4801,36.2266,1.7465
100M,chip_194_296_merged.tif,0.8,4,886074960,156,34.4938,35.972,1.4781
100M,chip_194_315_merged.tif,0.2,0,1648185567,39,33.1565,35.46,2.3036
100M,chip_194_315_merged.tif,0.2,1,1267578936,39,32.5969,35.1183,2.5213
100M,chip_194_315_merged.tif,0.2,2,787633418,39,32.9123,33.8618,0.9495
100M,chip_194_315_merged.tif,0.2,3,407026787,39,34.0886,35.1205,1.0319
100M,chip_194_315_merged.tif,0.2,4,26420156,39,33.8923,35.6875,1.7951
100M,chip_194_315_merged.tif,0.4,0,634631371,78,32.7565,34.307,1.5506
100M,chip_194_315_merged.tif,0.4,1,254024740,78,29.6068,34.4464,4.8396
100M,chip_194_315_merged.tif,0.4,2,1921562870,78,27.785,34.4043,6.6193
100M,chip_194_315_merged.tif,0.4,3,1540956239,78,32.7564,32.3182,-0.4382
100M,chip_194_315_merged.tif,0.4,4,1061010721,78,29.9299,34.1368,4.2068
100M,chip_194_315_merged.tif,0.6,0,744272027,117,30.4513,32.7918,2.3405
100M,chip_194_315_merged.tif,0.6,1,363665396,117,30.0037,33.7036,3.6999
100M,chip_194_315_merged.tif,0.6,2,2031203526,117,30.0146,32.4764,2.4618
100M,chip_194_315_merged.tif,0.6,3,1650596895,117,30.288,34.2764,3.9883
100M,chip_194_315_merged.tif,0.6,4,1170651377,117,31.0471,33.385,2.3379
100M,chip_194_315_merged.tif,0.8,0,1556224616,156,29.4068,33.145,3.7383
100M,chip_194_315_merged.tif,0.8,1,1175617985,156,29.3923,32.8107,3.4184
100M,chip_194_315_merged.tif,0.8,2,795011354,156,30.4307,31.4833,1.0526
100M,chip_194_315_merged.tif,0.8,3,315065836,156,31.0096,32.197,1.1874
100M,chip_194_315_merged.tif,0.8,4,2081942853,156,30.8001,31.9556,1.1555
100M,chip_194_329_merged.tif,0.2,0,708754875,39,31.0792,35.7007,4.6215
100M,chip_194_329_merged.tif,0.2,1,328148244,39,32.1214,36.2809,4.1595
100M,chip_194_329_merged.tif,0.2,2,1995686374,39,32.9707,35.4138,2.4431
100M,chip_194_329_merged.tif,0.2,3,1615079743,39,32.5976,36.298,3.7004
100M,chip_194_329_merged.tif,0.2,4,1234473112,39,32.2726,35.262,2.9894
100M,chip_194_329_merged.tif,0.4,0,548139542,78,31.6775,34.9368,3.2593
100M,chip_194_329_merged.tif,0.4,1,167532911,78,29.9988,35.2086,5.2098
100M,chip_194_329_merged.tif,0.4,2,1835071041,78,30.1489,32.1289,1.9801
100M,chip_194_329_merged.tif,0.4,3,1454464410,78,29.078,34.9196,5.8417
100M,chip_194_329_merged.tif,0.4,4,974518892,78,29.9655,34.4471,4.4816
100M,chip_194_329_merged.tif,0.6,0,1952324983,117,29.3925,32.9948,3.6023
100M,chip_194_329_merged.tif,0.6,1,1571718352,117,29.2471,34.081,4.834
100M,chip_194_329_merged.tif,0.6,2,1091772834,117,29.5251,32.0959,2.5707
100M,chip_194_329_merged.tif,0.6,3,711166203,117,29.0197,33.7667,4.7471
100M,chip_194_329_merged.tif,0.6,4,231220685,117,29.7387,32.5171,2.7783
100M,chip_194_329_merged.tif,0.8,0,1469732787,156,29.4949,32.4037,2.9088
100M,chip_194_329_merged.tif,0.8,1,1089126156,156,28.1812,32.4789,4.2977
100M,chip_194_329_merged.tif,0.8,2,609180638,156,30.0063,32.0636,2.0573
100M,chip_194_329_merged.tif,0.8,3,228574007,156,28.196,32.3483,4.1524
100M,chip_194_329_merged.tif,0.8,4,1995451024,156,28.1946,32.1638,3.9693
100M,chip_194_385_merged.tif,0.2,0,312323576,39,31.9033,36.209,4.3057
100M,chip_194_385_merged.tif,0.2,1,1979861706,39,32.0092,36.8168,4.8076
100M,chip_194_385_merged.tif,0.2,2,1599255075,39,33.2961,36.5582,3.2621
100M,chip_194_385_merged.tif,0.2,3,1119309557,39,34.4708,36.626,2.1553
100M,chip_194_385_merged.tif,0.2,4,738702926,39,31.9048,35.2976,3.3928
100M,chip_194_385_merged.tif,0.4,0,52369356,78,35.8258,34.6715,-1.1543
100M,chip_194_385_merged.tif,0.4,1,1819246373,78,32.5628,35.7841,3.2213
100M,chip_194_385_merged.tif,0.4,2,1438639742,78,32.8619,35.8897,3.0278
100M,chip_194_385_merged.tif,0.4,3,958694224,78,34.3984,35.2343,0.8359
100M,chip_194_385_merged.tif,0.4,4,578087593,78,34.8735,35.8229,0.9494
100M,chip_194_385_merged.tif,0.6,0,1456554797,117,32.9772,35.4147,2.4374
100M,chip_194_385_merged.tif,0.6,1,1075948166,117,33.1566,34.9309,1.7744
100M,chip_194_385_merged.tif,0.6,2,695341535,117,33.7899,34.2333,0.4434
100M,chip_194_385_merged.tif,0.6,3,215396017,117,32.9836,34.5524,1.5688
100M,chip_194_385_merged.tif,0.6,4,1982273034,117,33.7058,35.8546,2.1488
100M,chip_194_385_merged.tif,0.8,0,1073301488,156,33.151,34.1386,0.9877
100M,chip_194_385_merged.tif,0.8,1,593355970,156,33.0611,33.7552,0.6941
100M,chip_194_385_merged.tif,0.8,2,212749339,156,33.324,34.0024,0.6784
100M,chip_194_385_merged.tif,0.8,3,1880287469,156,32.9685,34.2049,1.2364
100M,chip_194_385_merged.tif,0.8,4,1499680838,156,33.1588,33.6009,0.4421
100M,chip_194_433_merged.tif,0.2,0,771893030,39,33.7166,34.2018,0.4852
100M,chip_194_433_merged.tif,0.2,1,391286399,39,34.3176,34.7548,0.4371
100M,chip_194_433_merged.tif,0.2,2,2058824529,39,32.925,34.9106,1.9857
100M,chip_194_433_merged.tif,0.2,3,1678217898,39,33.3753,33.9307,0.5555
100M,chip_194_433_merged.tif,0.2,4,1297611267,39,33.948,34.6053,0.6573
100M,chip_194_433_merged.tif,0.4,0,611277697,78,32.6658,34.1479,1.4821
100M,chip_194_433_merged.tif,0.4,1,230671066,78,33.3627,34.1273,0.7646
100M,chip_194_433_merged.tif,0.4,2,1898209196,78,32.5757,33.8144,1.2387
100M,chip_194_433_merged.tif,0.4,3,1517602565,78,33.3881,34.103,0.7149
100M,chip_194_433_merged.tif,0.4,4,1037657047,78,31.8925,33.2101,1.3176
100M,chip_194_433_merged.tif,0.6,0,2015463138,117,32.4401,33.3031,0.863
100M,chip_194_433_merged.tif,0.6,1,1634856507,117,32.7377,33.8866,1.1489
100M,chip_194_433_merged.tif,0.6,2,1154910989,117,32.1111,33.2266,1.1155
100M,chip_194_433_merged.tif,0.6,3,774304358,117,31.6859,33.556,1.8702
100M,chip_194_433_merged.tif,0.6,4,294358840,117,32.5393,33.8511,1.3117
100M,chip_194_433_merged.tif,0.8,0,1532870942,156,32.0385,32.7685,0.73
100M,chip_194_433_merged.tif,0.8,1,1152264311,156,31.9117,32.1688,0.2571
100M,chip_194_433_merged.tif,0.8,2,672318793,156,32.1231,33.0,0.8769
100M,chip_194_433_merged.tif,0.8,3,291712162,156,31.9108,33.0712,1.1604
100M,chip_194_433_merged.tif,0.8,4,2058589179,156,31.9031,32.8875,0.9844
100M,chip_196_274_merged.tif,0.2,0,1593759876,39,33.9556,36.9806,3.025
100M,chip_196_274_merged.tif,0.2,1,1113814358,39,33.787,36.4656,2.6786
100M,chip_196_274_merged.tif,0.2,2,733207727,39,35.6488,37.1974,1.5487
100M,chip_196_274_merged.tif,0.2,3,352601096,39,32.561,38.6103,6.0492
100M,chip_196_274_merged.tif,0.2,4,2020139226,39,34.5806,38.4111,3.8305
100M,chip_196_274_merged.tif,0.4,0,528484806,78,29.2683,36.0881,6.8198
100M,chip_196_274_merged.tif,0.4,1,147878175,78,33.6864,35.6582,1.9719
100M,chip_196_274_merged.tif,0.4,2,1815416305,78,31.2358,35.119,3.8832
100M,chip_196_274_merged.tif,0.4,3,1434809674,78,32.4008,35.8209,3.4201
100M,chip_196_274_merged.tif,0.4,4,1054203043,78,30.472,36.7498,6.2778
100M,chip_196_274_merged.tif,0.6,0,689846336,117,31.2235,36.1185,4.895
100M,chip_196_274_merged.tif,0.6,1,209900818,117,30.1888,36.1165,5.9277
100M,chip_196_274_merged.tif,0.6,2,1976777835,117,30.2149,33.6542,3.4392
100M,chip_196_274_merged.tif,0.6,3,1496832317,117,30.1006,33.1087,3.0081
100M,chip_196_274_merged.tif,0.6,4,1116225686,117,29.637,34.8071,5.1701
100M,chip_196_274_merged.tif,0.8,0,207254140,156,30.0614,33.2767,3.2153
100M,chip_196_274_merged.tif,0.8,1,1874792270,156,30.0672,32.5656,2.4983
100M,chip_196_274_merged.tif,0.8,2,1494185639,156,30.4481,32.8317,2.3836
100M,chip_196_274_merged.tif,0.8,3,1014240121,156,29.6862,32.4313,2.7451
100M,chip_196_274_merged.tif,0.8,4,633633490,156,29.6833,33.6606,3.9773
100M,chip_196_291_merged.tif,0.2,0,1604224534,39,32.5949,38.6955,6.1006
100M,chip_196_291_merged.tif,0.2,1,1223617903,39,38.7563,40.5293,1.773
100M,chip_196_291_merged.tif,0.2,2,743672385,39,38.0958,39.938,1.8422
100M,chip_196_291_merged.tif,0.2,3,363065754,39,37.9804,40.3621,2.3818
100M,chip_196_291_merged.tif,0.2,4,2129942771,39,37.9863,40.4218,2.4354
100M,chip_196_291_merged.tif,0.4,0,638288351,78,35.6123,37.1255,1.5132
100M,chip_196_291_merged.tif,0.4,1,158342833,78,33.0592,39.6932,6.6339
100M,chip_196_291_merged.tif,0.4,2,1925219850,78,32.1737,40.0295,7.8558
100M,chip_196_291_merged.tif,0.4,3,1445274332,78,29.757,39.7752,10.0182
100M,chip_196_291_merged.tif,0.4,4,1064667701,78,34.4658,38.7531,4.2873
100M,chip_196_291_merged.tif,0.6,0,700310994,117,32.4769,37.543,5.0661
100M,chip_196_291_merged.tif,0.6,1,319704363,117,33.2,37.8796,4.6796
100M,chip_196_291_merged.tif,0.6,2,1987242493,117,32.4291,37.6086,5.1795
100M,chip_196_291_merged.tif,0.6,3,1606635862,117,32.3982,38.7825,6.3843
100M,chip_196_291_merged.tif,0.6,4,1126690344,117,33.2358,37.4945,4.2587
100M,chip_196_291_merged.tif,0.8,0,217718798,156,31.5651,34.5613,2.9962
100M,chip_196_291_merged.tif,0.8,1,1984595815,156,30.9005,36.5375,5.637
100M,chip_196_291_merged.tif,0.8,2,1504650297,156,31.6095,35.9684,4.3589
100M,chip_196_291_merged.tif,0.8,3,1124043666,156,31.5815,36.0408,4.4592
100M,chip_196_291_merged.tif,0.8,4,743437035,156,31.6025,36.0969,4.4944
100M,chip_197_366_merged.tif,0.2,0,1141242575,39,33.5156,35.9261,2.4105
100M,chip_197_366_merged.tif,0.2,1,661297057,39,33.6677,35.7376,2.0699
100M,chip_197_366_merged.tif,0.2,2,280690426,39,34.2697,35.1984,0.9287
100M,chip_197_366_merged.tif,0.2,3,2047567443,39,33.3089,35.8186,2.5096
100M,chip_197_366_merged.tif,0.2,4,1567621925,39,33.0846,35.0029,1.9183
100M,chip_197_366_merged.tif,0.4,0,75967505,78,32.2959,34.8155,2.5197
100M,chip_197_366_merged.tif,0.4,1,1842844522,78,32.4375,34.8465,2.409
100M,chip_197_366_merged.tif,0.4,2,1462237891,78,32.4378,34.51,2.0722
100M,chip_197_366_merged.tif,0.4,3,982292373,78,32.4454,34.3672,1.9218
100M,chip_197_366_merged.tif,0.4,4,601685742,78,32.1414,34.747,2.6056
100M,chip_197_366_merged.tif,0.6,0,237329035,117,32.2538,33.9937,1.7399
100M,chip_197_366_merged.tif,0.6,1,1904867165,117,33.1384,34.3661,1.2277
100M,chip_197_366_merged.tif,0.6,2,1524260534,117,32.8834,33.9225,1.0392
100M,chip_197_366_merged.tif,0.6,3,1044315016,117,31.6747,34.2385,2.5638
100M,chip_197_366_merged.tif,0.6,4,663708385,117,32.4645,34.4446,1.9801
100M,chip_197_366_merged.tif,0.8,0,1902220487,156,32.167,33.2774,1.1104
100M,chip_197_366_merged.tif,0.8,1,1422274969,156,32.4797,33.3547,0.8751
100M,chip_197_366_merged.tif,0.8,2,1041668338,156,32.1336,33.5174,1.3838
100M,chip_197_366_merged.tif,0.8,3,661061707,156,32.1334,32.8945,0.7611
100M,chip_197_366_merged.tif,0.8,4,181116189,156,32.3329,33.4354,1.1026
100M,chip_197_591_merged.tif,0.2,0,437738989,39,32.9859,36.2623,3.2764
100M,chip_197_591_merged.tif,0.2,1,2105277119,39,36.195,35.0438,-1.1513
100M,chip_197_591_merged.tif,0.2,2,1724670488,39,34.0148,34.8355,0.8206
100M,chip_197_591_merged.tif,0.2,3,1244724970,39,33.9635,35.3201,1.3566
100M,chip_197_591_merged.tif,0.2,4,864118339,39,32.7554,35.0127,2.2573
100M,chip_197_591_merged.tif,0.4,0,177784769,78,34.1856,35.2912,1.1056
100M,chip_197_591_merged.tif,0.4,1,1944661786,78,33.1063,35.5978,2.4915
100M,chip_197_591_merged.tif,0.4,2,1564055155,78,33.9488,36.275,2.3262
100M,chip_197_591_merged.tif,0.4,3,1084109637,78,32.7475,34.8737,2.1262
100M,chip_197_591_merged.tif,0.4,4,703503006,78,32.7458,35.7758,3.03
100M,chip_197_591_merged.tif,0.6,0,1581970210,117,33.5028,34.9098,1.407
100M,chip_197_591_merged.tif,0.6,1,1201363579,117,33.3474,34.5279,1.1805
100M,chip_197_591_merged.tif,0.6,2,820756948,117,33.4991,34.0511,0.552
100M,chip_197_591_merged.tif,0.6,3,340811430,117,32.9215,34.7104,1.7889
100M,chip_197_591_merged.tif,0.6,4,2107688447,117,33.2307,34.4812,1.2505
100M,chip_197_591_merged.tif,0.8,0,1198716901,156,33.0653,33.7965,0.7311
100M,chip_197_591_merged.tif,0.8,1,718771383,156,32.8099,34.2254,1.4156
100M,chip_197_591_merged.tif,0.8,2,338164752,156,32.6358,33.4271,0.7913
100M,chip_197_591_merged.tif,0.8,3,2005702882,156,32.8189,34.2938,1.4749
100M,chip_197_591_merged.tif,0.8,4,1625096251,156,33.0882,33.7999,0.7117
100M,chip_198_027_merged.tif,0.2,0,1367724144,39,32.3433,38.8603,6.517
100M,chip_198_027_merged.tif,0.2,1,887778626,39,34.2304,38.5974,4.367
100M,chip_198_027_merged.tif,0.2,2,507171995,39,38.0306,38.1375,0.1069
100M,chip_198_027_merged.tif,0.2,3,27226477,39,35.2967,40.1784,4.8818
100M,chip_198_027_merged.tif,0.2,4,1794103494,39,35.9043,39.8953,3.9909
100M,chip_198_027_merged.tif,0.4,0,302449074,78,35.3768,36.4348,1.0579
100M,chip_198_027_merged.tif,0.4,1,2069326091,78,36.417,38.1031,1.6861
100M,chip_198_027_merged.tif,0.4,2,1589380573,78,33.1722,39.486,6.3139
100M,chip_198_027_merged.tif,0.4,3,1208773942,78,37.0509,35.9574,-1.0935
100M,chip_198_027_merged.tif,0.4,4,828167311,78,38.0687,35.6879,-2.3808
100M,chip_198_027_merged.tif,0.6,0,1706634515,117,35.9199,37.0697,1.1498
100M,chip_198_027_merged.tif,0.6,1,1326027884,117,34.5107,37.6692,3.1585
100M,chip_198_027_merged.tif,0.6,2,846082366,117,36.3695,37.9128,1.5432
100M,chip_198_027_merged.tif,0.6,3,465475735,117,35.7914,38.2969,2.5054
100M,chip_198_027_merged.tif,0.6,4,84869104,117,36.3909,36.7541,0.3632
100M,chip_198_027_merged.tif,0.8,0,1323381206,156,36.8418,36.7985,-0.0433
100M,chip_198_027_merged.tif,0.8,1,843435688,156,36.9691,36.0526,-0.9166
100M,chip_198_027_merged.tif,0.8,2,462829057,156,36.9603,35.9461,-1.0142
100M,chip_198_027_merged.tif,0.8,3,2130367187,156,36.8246,36.5376,-0.287
100M,chip_198_027_merged.tif,0.8,4,1749760556,156,35.7691,36.3671,0.598
100M,chip_200_415_merged.tif,0.2,0,2144051854,39,33.9127,36.7933,2.8806
100M,chip_200_415_merged.tif,0.2,1,1763445223,39,35.898,36.0574,0.1594
100M,chip_200_415_merged.tif,0.2,2,1382838592,39,36.4922,37.8167,1.3245
100M,chip_200_415_merged.tif,0.2,3,902893074,39,36.0121,36.7866,0.7745
100M,chip_200_415_merged.tif,0.2,4,522286443,39,35.9084,38.3404,2.4319
100M,chip_200_415_merged.tif,0.4,0,1983436521,78,34.2038,37.045,2.8412
100M,chip_200_415_merged.tif,0.4,1,1602829890,78,35.427,37.7596,2.3326
100M,chip_200_415_merged.tif,0.4,2,1122884372,78,33.9702,37.4034,3.4332
100M,chip_200_415_merged.tif,0.4,3,742277741,78,35.0797,37.3372,2.2575
100M,chip_200_415_merged.tif,0.4,4,262332223,78,35.4227,37.0299,1.6072
100M,chip_200_415_merged.tif,0.6,0,1240138314,117,34.0522,36.607,2.5548
100M,chip_200_415_merged.tif,0.6,1,859531683,117,34.1715,35.782,1.6105
100M,chip_200_415_merged.tif,0.6,2,379586165,117,33.891,36.6304,2.7394
100M,chip_200_415_merged.tif,0.6,3,2146463182,117,34.0071,36.1598,2.1526
100M,chip_200_415_merged.tif,0.6,4,1666517664,117,34.1727,36.7922,2.6195
100M,chip_200_415_merged.tif,0.8,0,757546118,156,34.0612,35.609,1.5479
100M,chip_200_415_merged.tif,0.8,1,376939487,156,33.8099,35.971,2.1611
100M,chip_200_415_merged.tif,0.8,2,2143816504,156,34.0722,35.4459,1.3737
100M,chip_200_415_merged.tif,0.8,3,1663870986,156,34.0535,36.0042,1.9507
100M,chip_200_415_merged.tif,0.8,4,1283264355,156,34.0544,36.2995,2.2451
100M,chip_200_441_merged.tif,0.2,0,1489239893,39,34.4341,35.6094,1.1753
100M,chip_200_441_merged.tif,0.2,1,1009294375,39,35.2205,37.1226,1.902
100M,chip_200_441_merged.tif,0.2,2,628687744,39,34.1696,35.6658,1.4962
100M,chip_200_441_merged.tif,0.2,3,248081113,39,35.2208,36.204,0.9832
100M,chip_200_441_merged.tif,0.2,4,1915619243,39,34.8012,36.1604,1.3592
100M,chip_200_441_merged.tif,0.4,0,1328624560,78,35.0363,36.1035,1.0672
100M,chip_200_441_merged.tif,0.4,1,848679042,78,35.1259,36.1256,0.9997
100M,chip_200_441_merged.tif,0.4,2,468072411,78,33.4522,35.9875,2.5353
100M,chip_200_441_merged.tif,0.4,3,2135610541,78,34.9694,35.3292,0.3598
100M,chip_200_441_merged.tif,0.4,4,1755003910,78,35.0125,35.6135,0.601
100M,chip_200_441_merged.tif,0.6,0,585326353,117,33.8382,35.1758,1.3376
100M,chip_200_441_merged.tif,0.6,1,105380835,117,34.6008,34.6171,0.0163
100M,chip_200_441_merged.tif,0.6,2,1872257852,117,33.8144,35.0095,1.195
100M,chip_200_441_merged.tif,0.6,3,1392312334,117,34.6267,34.5187,-0.108
100M,chip_200_441_merged.tif,0.6,4,1011705703,117,34.813,35.2803,0.4673
100M,chip_200_441_merged.tif,0.8,0,102734157,156,34.0437,34.4797,0.436
100M,chip_200_441_merged.tif,0.8,1,1770272287,156,33.8127,34.8073,0.9946
100M,chip_200_441_merged.tif,0.8,2,1389665656,156,34.0541,34.4321,0.378
100M,chip_200_441_merged.tif,0.8,3,1009059025,156,33.7363,34.9243,1.188
100M,chip_200_441_merged.tif,0.8,4,529113507,156,34.0471,34.2514,0.2042
100M,chip_201_457_merged.tif,0.2,0,1732691628,39,34.221,34.9825,0.7614
100M,chip_201_457_merged.tif,0.2,1,1352084997,39,32.1811,35.4769,3.2959
100M,chip_201_457_merged.tif,0.2,2,971478366,39,31.8686,34.5517,2.683
100M,chip_201_457_merged.tif,0.2,3,491532848,39,34.5701,35.3106,0.7405
100M,chip_201_457_merged.tif,0.2,4,110926217,39,34.0771,34.995,0.918
100M,chip_201_457_merged.tif,0.4,0,1572076295,78,30.999,33.9474,2.9483
100M,chip_201_457_merged.tif,0.4,1,1191469664,78,32.9203,34.6474,1.7271
100M,chip_201_457_merged.tif,0.4,2,711524146,78,30.819,34.7693,3.9504
100M,chip_201_457_merged.tif,0.4,3,330917515,78,30.8211,34.3934,3.5723
100M,chip_201_457_merged.tif,0.4,4,2097794532,78,31.0109,34.0417,3.0308
100M,chip_201_457_merged.tif,0.6,0,828778088,117,31.1287,33.3693,2.2406
100M,chip_201_457_merged.tif,0.6,1,448171457,117,31.2148,33.6136,2.3988
100M,chip_201_457_merged.tif,0.6,2,2115709587,117,31.209,34.2587,3.0497
100M,chip_201_457_merged.tif,0.6,3,1735102956,117,30.7547,33.4171,2.6625
100M,chip_201_457_merged.tif,0.6,4,1354496325,117,31.3199,34.3925,3.0727
100M,chip_201_457_merged.tif,0.8,0,346185892,156,31.7025,33.0015,1.299
100M,chip_201_457_merged.tif,0.8,1,2113062909,156,31.5423,33.1766,1.6343
100M,chip_201_457_merged.tif,0.8,2,1732456278,156,31.285,32.8585,1.5734
100M,chip_201_457_merged.tif,0.8,3,1252510760,156,31.7042,32.893,1.1888
100M,chip_201_457_merged.tif,0.8,4,871904129,156,31.6863,32.7007,1.0144
100M,chip_202_016_merged.tif,0.2,0,1843302089,39,28.1426,31.26,3.1174
100M,chip_202_016_merged.tif,0.2,1,1462695458,39,24.1307,29.7838,5.653
100M,chip_202_016_merged.tif,0.2,2,982749940,39,28.5856,31.0866,2.501
100M,chip_202_016_merged.tif,0.2,3,602143309,39,28.0353,29.6706,1.6353
100M,chip_202_016_merged.tif,0.2,4,122197791,39,29.3856,29.3344,-0.0512
100M,chip_202_016_merged.tif,0.4,0,877365906,78,28.0875,29.1993,1.1118
100M,chip_202_016_merged.tif,0.4,1,397420388,78,29.3271,29.8008,0.4738
100M,chip_202_016_merged.tif,0.4,2,16813757,78,29.0079,30.5802,1.5723
100M,chip_202_016_merged.tif,0.4,3,1684351887,78,27.6118,28.7397,1.1279
100M,chip_202_016_merged.tif,0.4,4,1303745256,78,29.3263,30.3272,1.001
100M,chip_202_016_merged.tif,0.6,0,939388549,117,28.7526,29.035,0.2824
100M,chip_202_016_merged.tif,0.6,1,459443031,117,26.1843,29.1784,2.9941
100M,chip_202_016_merged.tif,0.6,2,78836400,117,28.8718,28.0451,-0.8267
100M,chip_202_016_merged.tif,0.6,3,1845713417,117,27.46,29.4267,1.9667
100M,chip_202_016_merged.tif,0.6,4,1365767899,117,25.2175,29.3505,4.1329
100M,chip_202_016_merged.tif,0.8,0,456796353,156,25.4516,27.7032,2.2516
100M,chip_202_016_merged.tif,0.8,1,76189722,156,26.2939,26.7071,0.4132
100M,chip_202_016_merged.tif,0.8,2,1743727852,156,25.8877,26.799,0.9114
100M,chip_202_016_merged.tif,0.8,3,1363121221,156,25.0904,26.9421,1.8517
100M,chip_202_016_merged.tif,0.8,4,883175703,156,25.4505,28.0222,2.5716
100M,chip_202_324_merged.tif,0.2,0,550273207,39,34.9719,38.7595,3.7876
100M,chip_202_324_merged.tif,0.2,1,169666576,39,33.0834,38.714,5.6306
100M,chip_202_324_merged.tif,0.2,2,1837204706,39,36.1835,38.6622,2.4787
100M,chip_202_324_merged.tif,0.2,3,1456598075,39,36.1222,38.0408,1.9186
100M,chip_202_324_merged.tif,0.2,4,976652557,39,36.1548,38.3555,2.2007
100M,chip_202_324_merged.tif,0.4,0,1731820672,78,32.8467,36.4908,3.644
100M,chip_202_324_merged.tif,0.4,1,1251875154,78,33.6749,37.3391,3.6642
100M,chip_202_324_merged.tif,0.4,2,871268523,78,34.0004,37.2905,3.2901
100M,chip_202_324_merged.tif,0.4,3,391323005,78,35.2133,37.7,2.4867
100M,chip_202_324_merged.tif,0.4,4,10716374,78,34.9571,37.1713,2.2141
100M,chip_202_324_merged.tif,0.6,0,1793843315,117,33.1299,36.0757,2.9458
100M,chip_202_324_merged.tif,0.6,1,1313897797,117,33.4771,35.2892,1.8121
100M,chip_202_324_merged.tif,0.6,2,933291166,117,33.0853,36.382,3.2967
100M,chip_202_324_merged.tif,0.6,3,552684535,117,33.6253,36.3685,2.7433
100M,chip_202_324_merged.tif,0.6,4,72739017,117,33.5929,35.9679,2.3749
100M,chip_202_324_merged.tif,0.8,0,1311251119,156,32.2794,34.5873,2.3079
100M,chip_202_324_merged.tif,0.8,1,930644488,156,33.2095,34.1699,0.9604
100M,chip_202_324_merged.tif,0.8,2,450698970,156,33.4161,34.2152,0.7991
100M,chip_202_324_merged.tif,0.8,3,70092339,156,33.3372,34.9339,1.5967
100M,chip_202_324_merged.tif,0.8,4,1737630469,156,32.636,33.9315,1.2955
100M,chip_202_367_merged.tif,0.2,0,887671921,39,32.7209,33.7104,0.9894
100M,chip_202_367_merged.tif,0.2,1,507065290,39,32.8399,33.7194,0.8795
100M,chip_202_367_merged.tif,0.2,2,126458659,39,32.0303,33.5737,1.5434
100M,chip_202_367_merged.tif,0.2,3,1793996789,39,32.3865,34.4101,2.0236
100M,chip_202_367_merged.tif,0.2,4,1413390158,39,32.3926,34.7071,2.3145
100M,chip_202_367_merged.tif,0.4,0,727056588,78,31.8927,33.927,2.0343
100M,chip_202_367_merged.tif,0.4,1,346449957,78,32.0324,33.5472,1.5148
100M,chip_202_367_merged.tif,0.4,2,2013988087,78,32.3848,33.7516,1.3668
100M,chip_202_367_merged.tif,0.4,3,1633381456,78,31.9505,33.8407,1.8902
100M,chip_202_367_merged.tif,0.4,4,1252774825,78,32.2891,33.5673,1.2782
100M,chip_202_367_merged.tif,0.6,0,2131242029,117,32.1617,32.5906,0.429
100M,chip_202_367_merged.tif,0.6,1,1750635398,117,32.1498,33.1952,1.0454
100M,chip_202_367_merged.tif,0.6,2,1270689880,117,32.0193,32.6355,0.6162
100M,chip_202_367_merged.tif,0.6,3,890083249,117,32.0179,33.2923,1.2743
100M,chip_202_367_merged.tif,0.6,4,509476618,117,32.0189,33.1419,1.123
100M,chip_202_367_merged.tif,0.8,0,1648649833,156,31.6075,32.3851,0.7776
100M,chip_202_367_merged.tif,0.8,1,1268043202,156,31.6632,32.7902,1.1271
100M,chip_202_367_merged.tif,0.8,2,887436571,156,31.6442,32.7781,1.1339
100M,chip_202_367_merged.tif,0.8,3,407491053,156,31.6601,32.7382,1.0782
100M,chip_202_367_merged.tif,0.8,4,26884422,156,31.6709,32.803,1.1322
100M,chip_202_388_merged.tif,0.2,0,264461982,39,34.8119,35.6631,0.8511
100M,chip_202_388_merged.tif,0.2,1,2031338999,39,34.0611,35.4068,1.3457
100M,chip_202_388_merged.tif,0.2,2,1551393481,39,34.0632,34.6351,0.5719
100M,chip_202_388_merged.tif,0.2,3,1170786850,39,33.3808,34.9635,1.5828
100M,chip_202_388_merged.tif,0.2,4,790180219,39,32.0482,35.0357,2.9875
100M,chip_202_388_merged.tif,0.4,0,103846649,78,32.5192,34.7885,2.2693
100M,chip_202_388_merged.tif,0.4,1,1870723666,78,32.2722,34.6241,2.3519
100M,chip_202_388_merged.tif,0.4,2,1390778148,78,32.8676,34.4738,1.6062
100M,chip_202_388_merged.tif,0.4,3,1010171517,78,32.8669,35.1323,2.2654
100M,chip_202_388_merged.tif,0.4,4,530225999,78,33.4547,34.4123,0.9576
100M,chip_202_388_merged.tif,0.6,0,1508032090,117,31.8619,33.3898,1.528
100M,chip_202_388_merged.tif,0.6,1,1127425459,117,32.559,33.9728,1.4137
100M,chip_202_388_merged.tif,0.6,2,647479941,117,32.27,34.323,2.053
100M,chip_202_388_merged.tif,0.6,3,266873310,117,32.0351,34.0227,1.9876
100M,chip_202_388_merged.tif,0.6,4,1934411440,117,32.402,33.8591,1.4571
100M,chip_202_388_merged.tif,0.8,0,1025439894,156,32.1077,33.501,1.3933
100M,chip_202_388_merged.tif,0.8,1,644833263,156,32.0825,33.4281,1.3456
100M,chip_202_388_merged.tif,0.8,2,164887745,156,32.1097,33.2469,1.1372
100M,chip_202_388_merged.tif,0.8,3,1931764762,156,32.0488,33.2918,1.2431
100M,chip_202_388_merged.tif,0.8,4,1551158131,156,32.0787,33.2227,1.1439
100M,chip_202_439_merged.tif,0.2,0,952523889,39,36.2036,37.5963,1.3927
100M,chip_202_439_merged.tif,0.2,1,472578371,39,36.8999,38.0494,1.1495
100M,chip_202_439_merged.tif,0.2,2,91971740,39,34.6985,37.7295,3.031
100M,chip_202_439_merged.tif,0.2,3,1858848757,39,36.7072,38.0386,1.3315
100M,chip_202_439_merged.tif,0.2,4,1378903239,39,36.8991,38.4088,1.5097
100M,chip_202_439_merged.tif,0.4,0,791908556,78,34.358,37.6379,3.2799
100M,chip_202_439_merged.tif,0.4,1,311963038,78,35.1279,37.1274,1.9995
100M,chip_202_439_merged.tif,0.4,2,2078840055,78,35.8154,37.3311,1.5157
100M,chip_202_439_merged.tif,0.4,3,1598894537,78,35.0058,37.3767,2.3709
100M,chip_202_439_merged.tif,0.4,4,1218287906,78,36.064,37.5166,1.4526
100M,chip_202_439_merged.tif,0.6,0,48610349,117,33.9293,36.5534,2.6242
100M,chip_202_439_merged.tif,0.6,1,1716148479,117,34.1475,36.8801,2.7326
100M,chip_202_439_merged.tif,0.6,2,1335541848,117,34.0939,36.7715,2.6776
100M,chip_202_439_merged.tif,0.6,3,855596330,117,35.2861,36.4505,1.1644
100M,chip_202_439_merged.tif,0.6,4,474989699,117,34.0175,36.7627,2.7453
100M,chip_202_439_merged.tif,0.8,0,1713501801,156,33.4516,35.701,2.2495
100M,chip_202_439_merged.tif,0.8,1,1233556283,156,33.4727,35.7094,2.2367
100M,chip_202_439_merged.tif,0.8,2,852949652,156,33.7508,35.4957,1.7449
100M,chip_202_439_merged.tif,0.8,3,472343021,156,33.6433,35.9135,2.2702
100M,chip_202_439_merged.tif,0.8,4,2139881151,156,33.6995,35.4718,1.7723
100M,chip_204_329_merged.tif,0.2,0,879899866,39,35.4847,36.4688,0.9841
100M,chip_204_329_merged.tif,0.2,1,399954348,39,31.2896,35.7467,4.457
100M,chip_204_329_merged.tif,0.2,2,19347717,39,33.1074,34.797,1.6895
100M,chip_204_329_merged.tif,0.2,3,1686885847,39,35.4847,35.5308,0.0461
100M,chip_204_329_merged.tif,0.2,4,1306279216,39,34.3083,35.5363,1.228
100M,chip_204_329_merged.tif,0.4,0,1962108444,78,33.5807,35.119,1.5384
100M,chip_204_329_merged.tif,0.4,1,1581501813,78,33.5806,35.2227,1.6421
100M,chip_204_329_merged.tif,0.4,2,1101556295,78,32.5258,34.8197,2.2939
100M,chip_204_329_merged.tif,0.4,3,720949664,78,30.9938,35.667,4.6731
100M,chip_204_329_merged.tif,0.4,4,241004146,78,32.5267,35.4218,2.8951
100M,chip_204_329_merged.tif,0.6,0,2024131087,117,31.5984,33.0152,1.4167
100M,chip_204_329_merged.tif,0.6,1,1643524456,117,32.1285,34.3232,2.1947
100M,chip_204_329_merged.tif,0.6,2,1163578938,117,31.9795,33.7076,1.7281
100M,chip_204_329_merged.tif,0.6,3,782972307,117,31.5982,34.6257,3.0275
100M,chip_204_329_merged.tif,0.6,4,402365676,117,33.5045,34.376,0.8715
100M,chip_204_329_merged.tif,0.8,0,1640877778,156,30.7527,32.8225,2.0698
100M,chip_204_329_merged.tif,0.8,1,1160932260,156,31.51,32.829,1.3189
100M,chip_204_329_merged.tif,0.8,2,780325629,156,30.567,32.7797,2.2127
100M,chip_204_329_merged.tif,0.8,3,300380111,156,31.5451,32.2054,0.6603
100M,chip_204_329_merged.tif,0.8,4,2067257128,156,30.7648,32.8294,2.0645
100M,chip_204_390_merged.tif,0.2,0,1036864789,39,36.6542,38.6835,2.0294
100M,chip_204_390_merged.tif,0.2,1,656258158,39,37.8772,38.3857,0.5085
100M,chip_204_390_merged.tif,0.2,2,275651527,39,38.3731,38.9418,0.5687
100M,chip_204_390_merged.tif,0.2,3,1943189657,39,37.3434,38.6179,1.2745
100M,chip_204_390_merged.tif,0.2,4,1562583026,39,38.451,38.9811,0.5301
100M,chip_204_390_merged.tif,0.4,0,876249456,78,37.2499,37.8106,0.5607
100M,chip_204_390_merged.tif,0.4,1,495642825,78,37.954,38.3943,0.4403
100M,chip_204_390_merged.tif,0.4,2,15697307,78,37.802,38.7169,0.9149
100M,chip_204_390_merged.tif,0.4,3,1782574324,78,37.9539,38.4724,0.5185
100M,chip_204_390_merged.tif,0.4,4,1302628806,78,37.5307,38.3025,0.7718
100M,chip_204_390_merged.tif,0.6,0,132951249,117,37.2859,37.8349,0.5491
100M,chip_204_390_merged.tif,0.6,1,1899828266,117,36.9883,38.0837,1.0954
100M,chip_204_390_merged.tif,0.6,2,1419882748,117,37.2756,38.2493,0.9738
100M,chip_204_390_merged.tif,0.6,3,1039276117,117,37.693,37.4496,-0.2433
100M,chip_204_390_merged.tif,0.6,4,559330599,117,37.6867,38.4426,0.7559
100M,chip_204_390_merged.tif,0.8,0,1797842701,156,36.5825,37.6449,1.0624
100M,chip_204_390_merged.tif,0.8,1,1417236070,156,37.0648,37.6427,0.578
100M,chip_204_390_merged.tif,0.8,2,1036629439,156,37.0362,37.4651,0.4288
100M,chip_204_390_merged.tif,0.8,3,556683921,156,37.4476,37.332,-0.1156
100M,chip_204_390_merged.tif,0.8,4,176077290,156,37.1492,37.6763,0.5271
100M,chip_204_506_merged.tif,0.2,0,1495530895,39,30.0117,35.0359,5.0242
100M,chip_204_506_merged.tif,0.2,1,1015585377,39,34.1788,33.415,-0.7638
100M,chip_204_506_merged.tif,0.2,2,634978746,39,32.1942,33.6222,1.428
100M,chip_204_506_merged.tif,0.2,3,155033228,39,32.194,35.3025,3.1085
100M,chip_204_506_merged.tif,0.2,4,1921910245,39,33.6384,33.302,-0.3365
100M,chip_204_506_merged.tif,0.4,0,1235576675,78,30.9381,33.028,2.0899
100M,chip_204_506_merged.tif,0.4,1,854970044,78,30.4003,33.1352,2.7349
100M,chip_204_506_merged.tif,0.4,2,474363413,78,31.1571,33.9646,2.8075
100M,chip_204_506_merged.tif,0.4,3,2141901543,78,31.2863,32.6928,1.4065
100M,chip_204_506_merged.tif,0.4,4,1761294912,78,31.8093,32.2851,0.4758
100M,chip_204_506_merged.tif,0.6,0,591617355,117,31.0792,32.7928,1.7136
100M,chip_204_506_merged.tif,0.6,1,111671837,117,31.0247,32.4383,1.4137
100M,chip_204_506_merged.tif,0.6,2,1878548854,117,31.1188,32.6185,1.4997
100M,chip_204_506_merged.tif,0.6,3,1398603336,117,30.7135,32.3108,1.5973
100M,chip_204_506_merged.tif,0.6,4,1017996705,117,31.817,33.5382,1.7212
100M,chip_204_506_merged.tif,0.8,0,109025159,156,30.4327,31.984,1.5513
100M,chip_204_506_merged.tif,0.8,1,1776563289,156,30.4637,31.7537,1.29
100M,chip_204_506_merged.tif,0.8,2,1395956658,156,30.5519,32.1534,1.6015
100M,chip_204_506_merged.tif,0.8,3,916011140,156,30.5107,31.7602,1.2496
100M,chip_204_506_merged.tif,0.8,4,535404509,156,30.4554,31.2131,0.7577
100M,chip_205_329_merged.tif,0.2,0,366143157,39,32.9824,34.1117,1.1293
100M,chip_205_329_merged.tif,0.2,1,2133020174,39,32.2026,35.2344,3.0318
100M,chip_205_329_merged.tif,0.2,2,1653074656,39,31.8656,35.3185,3.4529
100M,chip_205_329_merged.tif,0.2,3,1272468025,39,33.3345,34.0088,0.6743
100M,chip_205_329_merged.tif,0.2,4,891861394,39,31.8645,35.165,3.3004
100M,chip_205_329_merged.tif,0.4,0,1547690622,78,30.2781,34.6629,4.3848
100M,chip_205_329_merged.tif,0.4,1,1067745104,78,30.7364,33.9617,3.2254
100M,chip_205_329_merged.tif,0.4,2,687138473,78,31.1488,33.3105,2.1618
100M,chip_205_329_merged.tif,0.4,3,306531842,78,30.5949,33.9839,3.389
100M,chip_205_329_merged.tif,0.4,4,1974069972,78,31.6187,34.5716,2.953
100M,chip_205_329_merged.tif,0.6,0,1609713265,117,29.5769,33.2114,3.6345
100M,chip_205_329_merged.tif,0.6,1,1229106634,117,30.0166,33.7847,3.7681
100M,chip_205_329_merged.tif,0.6,2,749161116,117,31.1274,33.6503,2.5229
100M,chip_205_329_merged.tif,0.6,3,368554485,117,29.8834,33.5782,3.6948
100M,chip_205_329_merged.tif,0.6,4,2036092615,117,29.5191,33.8673,4.3482
100M,chip_205_329_merged.tif,0.8,0,1127121069,156,30.0884,31.4691,1.3807
100M,chip_205_329_merged.tif,0.8,1,746514438,156,30.6073,32.6018,1.9945
100M,chip_205_329_merged.tif,0.8,2,266568920,156,30.1002,31.537,1.4368
100M,chip_205_329_merged.tif,0.8,3,2033445937,156,30.5614,32.3302,1.7688
100M,chip_205_329_merged.tif,0.8,4,1652839306,156,30.3011,32.3613,2.0601
100M,chip_206_391_merged.tif,0.2,0,778707919,39,36.3644,37.6716,1.3072
100M,chip_206_391_merged.tif,0.2,1,398101288,39,37.4058,38.0787,0.6729
100M,chip_206_391_merged.tif,0.2,2,17494657,39,36.0843,37.0625,0.9782
100M,chip_206_391_merged.tif,0.2,3,1685032787,39,36.927,38.4319,1.5049
100M,chip_206_391_merged.tif,0.2,4,1304426156,39,37.3174,37.6269,0.3096
100M,chip_206_391_merged.tif,0.4,0,618092586,78,36.9388,37.8901,0.9513
100M,chip_206_391_merged.tif,0.4,1,237485955,78,36.8289,37.9522,1.1233
100M,chip_206_391_merged.tif,0.4,2,1905024085,78,36.3326,37.5283,1.1958
100M,chip_206_391_merged.tif,0.4,3,1524417454,78,36.3335,37.7327,1.3992
100M,chip_206_391_merged.tif,0.4,4,1044471936,78,36.943,37.6206,0.6775
100M,chip_206_391_merged.tif,0.6,0,2022278027,117,36.2686,37.1504,0.8818
100M,chip_206_391_merged.tif,0.6,1,1641671396,117,36.4619,37.3008,0.8389
100M,chip_206_391_merged.tif,0.6,2,1161725878,117,35.7779,36.8079,1.03
100M,chip_206_391_merged.tif,0.6,3,781119247,117,36.6013,36.4966,-0.1047
100M,chip_206_391_merged.tif,0.6,4,400512616,117,36.2659,37.1512,0.8853
100M,chip_206_391_merged.tif,0.8,0,1539685831,156,35.7245,36.7118,0.9873
100M,chip_206_391_merged.tif,0.8,1,1159079200,156,35.737,36.4798,0.7429
100M,chip_206_391_merged.tif,0.8,2,778472569,156,36.1589,36.4471,0.2882
100M,chip_206_391_merged.tif,0.8,3,298527051,156,35.7713,36.5583,0.787
100M,chip_206_391_merged.tif,0.8,4,2065404068,156,36.1626,36.4484,0.2858
100M,chip_206_401_merged.tif,0.2,0,1823302848,39,36.4922,38.0551,1.5629
100M,chip_206_401_merged.tif,0.2,1,1442696217,39,37.0805,38.1349,1.0544
100M,chip_206_401_merged.tif,0.2,2,962750699,39,33.611,38.4493,4.8383
100M,chip_206_401_merged.tif,0.2,3,582144068,39,37.844,38.1197,0.2757
100M,chip_206_401_merged.tif,0.2,4,102198550,39,37.3855,37.1362,-0.2493
100M,chip_206_401_merged.tif,0.4,0,1662687515,78,36.5599,37.6504,1.0904
100M,chip_206_401_merged.tif,0.4,1,1182741997,78,35.7617,37.2656,1.5039
100M,chip_206_401_merged.tif,0.4,2,802135366,78,35.7616,37.3957,1.6342
100M,chip_206_401_merged.tif,0.4,3,322189848,78,36.6554,35.9481,-0.7074
100M,chip_206_401_merged.tif,0.4,4,2089066865,78,31.7801,36.1405,4.3603
100M,chip_206_401_merged.tif,0.6,0,919389308,117,35.1306,36.0015,0.8709
100M,chip_206_401_merged.tif,0.6,1,439443790,117,34.0521,36.1022,2.0502
100M,chip_206_401_merged.tif,0.6,2,58837159,117,34.9012,36.5225,1.6213
100M,chip_206_401_merged.tif,0.6,3,1726375289,117,32.5287,34.7266,2.1979
100M,chip_206_401_merged.tif,0.6,4,1345768658,117,35.9506,36.9323,0.9817
100M,chip_206_401_merged.tif,0.8,0,436797112,156,34.2655,35.0215,0.756
100M,chip_206_401_merged.tif,0.8,1,56190481,156,33.8577,35.1455,1.2877
100M,chip_206_401_merged.tif,0.8,2,1723728611,156,32.6017,33.9795,1.3778
100M,chip_206_401_merged.tif,0.8,3,1343121980,156,33.8443,34.3322,0.488
100M,chip_206_401_merged.tif,0.8,4,863176462,156,33.8469,34.4005,0.5537
100M,chip_207_334_merged.tif,0.2,0,946565876,39,30.5808,34.6797,4.0989
100M,chip_207_334_merged.tif,0.2,1,466620358,39,29.7464,34.6044,4.858
100M,chip_207_334_merged.tif,0.2,2,86013727,39,29.6932,34.6746,4.9814
100M,chip_207_334_merged.tif,0.2,3,1753551857,39,30.764,34.5601,3.7961
100M,chip_207_334_merged.tif,0.2,4,1372945226,39,31.5802,34.1309,2.5506
100M,chip_207_334_merged.tif,0.4,0,2028774454,78,29.9617,33.1977,3.236
100M,chip_207_334_merged.tif,0.4,1,1648167823,78,30.7216,33.3222,2.6006
100M,chip_207_334_merged.tif,0.4,2,1168222305,78,28.708,33.386,4.678
100M,chip_207_334_merged.tif,0.4,3,787615674,78,28.7076,32.3361,3.6285
100M,chip_207_334_merged.tif,0.4,4,307670156,78,30.7204,33.2742,2.5538
100M,chip_207_334_merged.tif,0.6,0,2090797097,117,29.1866,33.2716,4.085
100M,chip_207_334_merged.tif,0.6,1,1710190466,117,29.503,32.4717,2.9686
100M,chip_207_334_merged.tif,0.6,2,1329583835,117,29.9428,32.0877,2.1449
100M,chip_207_334_merged.tif,0.6,3,849638317,117,29.6202,32.1155,2.4952
100M,chip_207_334_merged.tif,0.6,4,469031686,117,28.8461,32.2708,3.4247
100M,chip_207_334_merged.tif,0.8,0,1707543788,156,29.4959,31.1231,1.6272
100M,chip_207_334_merged.tif,0.8,1,1227598270,156,29.0335,30.9812,1.9476
100M,chip_207_334_merged.tif,0.8,2,846991639,156,29.6478,31.0208,1.3731
100M,chip_207_334_merged.tif,0.8,3,367046121,156,29.6353,30.9232,1.2879
100M,chip_207_334_merged.tif,0.8,4,2133923138,156,29.5016,31.3923,1.8907
100M,chip_207_424_merged.tif,0.2,0,1865981474,39,36.3069,36.442,0.135
100M,chip_207_424_merged.tif,0.2,1,1485374843,39,38.0223,35.5727,-2.4495
100M,chip_207_424_merged.tif,0.2,2,1005429325,39,33.0559,36.8201,3.7642
100M,chip_207_424_merged.tif,0.2,3,624822694,39,32.8755,34.5071,1.6316
100M,chip_207_424_merged.tif,0.2,4,244216063,39,33.0563,34.394,1.3377
100M,chip_207_424_merged.tif,0.4,0,1705366141,78,31.5703,35.3994,3.8292
100M,chip_207_424_merged.tif,0.4,1,1324759510,78,35.1623,35.1671,0.0048
100M,chip_207_424_merged.tif,0.4,2,844813992,78,34.6385,35.5216,0.8831
100M,chip_207_424_merged.tif,0.4,3,464207361,78,34.1029,34.9846,0.8817
100M,chip_207_424_merged.tif,0.4,4,2131745491,78,32.9901,35.1294,2.1393
100M,chip_207_424_merged.tif,0.6,0,962067934,117,32.6952,35.3023,2.6071
100M,chip_207_424_merged.tif,0.6,1,581461303,117,31.4805,34.6374,3.1569
100M,chip_207_424_merged.tif,0.6,2,101515785,117,32.9043,34.7051,1.8008
100M,chip_207_424_merged.tif,0.6,3,1868392802,117,34.0262,35.2683,1.2421
100M,chip_207_424_merged.tif,0.6,4,1388447284,117,33.365,35.2271,1.8621
100M,chip_207_424_merged.tif,0.8,0,479475738,156,32.4361,33.2486,0.8125
100M,chip_207_424_merged.tif,0.8,1,98869107,156,29.6414,33.534,3.8926
100M,chip_207_424_merged.tif,0.8,2,1766407237,156,29.6227,33.4009,3.7782
100M,chip_207_424_merged.tif,0.8,3,1385800606,156,31.9935,34.0525,2.059
100M,chip_207_424_merged.tif,0.8,4,905855088,156,31.9839,34.4317,2.4477
100M,chip_208_417_merged.tif,0.2,0,2115812590,39,36.8319,36.9895,0.1576
100M,chip_208_417_merged.tif,0.2,1,1735205959,39,35.5253,37.7018,2.1765
100M,chip_208_417_merged.tif,0.2,2,1354599328,39,36.7494,37.5926,0.8432
100M,chip_208_417_merged.tif,0.2,3,874653810,39,37.4026,38.5855,1.1829
100M,chip_208_417_merged.tif,0.2,4,494047179,39,35.7023,36.9856,1.2833
100M,chip_208_417_merged.tif,0.4,0,1955197257,78,34.2099,36.3307,2.1208
100M,chip_208_417_merged.tif,0.4,1,1574590626,78,35.7532,37.2911,1.5379
100M,chip_208_417_merged.tif,0.4,2,1094645108,78,36.1616,36.6803,0.5187
100M,chip_208_417_merged.tif,0.4,3,714038477,78,34.4937,37.0117,2.5179
100M,chip_208_417_merged.tif,0.4,4,234092959,78,35.7905,37.2892,1.4987
100M,chip_208_417_merged.tif,0.6,0,1211899050,117,36.1368,37.6068,1.47
100M,chip_208_417_merged.tif,0.6,1,831292419,117,35.8383,36.5228,0.6845
100M,chip_208_417_merged.tif,0.6,2,351346901,117,34.3211,37.0671,2.7461
100M,chip_208_417_merged.tif,0.6,3,2118223918,117,33.8311,36.0165,2.1854
100M,chip_208_417_merged.tif,0.6,4,1638278400,117,35.7629,36.5011,0.7383
100M,chip_208_417_merged.tif,0.8,0,729306854,156,35.2088,35.7434,0.5347
100M,chip_208_417_merged.tif,0.8,1,348700223,156,32.746,36.757,4.011
100M,chip_208_417_merged.tif,0.8,2,2016238353,156,34.2882,35.9803,1.6921
100M,chip_208_417_merged.tif,0.8,3,1635631722,156,35.2286,36.1345,0.9059
100M,chip_208_417_merged.tif,0.8,4,1255025091,156,32.7263,36.0109,3.2847
100M,chip_209_312_merged.tif,0.2,0,1153588232,39,31.9729,35.659,3.6861
100M,chip_209_312_merged.tif,0.2,1,673642714,39,34.3651,35.7664,1.4014
100M,chip_209_312_merged.tif,0.2,2,293036083,39,29.9904,36.5876,6.5972
100M,chip_209_312_merged.tif,0.2,3,1960574213,39,31.9708,35.3719,3.4011
100M,chip_209_312_merged.tif,0.2,4,1579967582,39,30.6033,36.104,5.5007
100M,chip_209_312_merged.tif,0.4,0,88313162,78,31.5895,34.0642,2.4747
100M,chip_209_312_merged.tif,0.4,1,1855190179,78,31.4593,35.5525,4.0931
100M,chip_209_312_merged.tif,0.4,2,1375244661,78,31.5037,35.8269,4.3232
100M,chip_209_312_merged.tif,0.4,3,994638030,78,31.46,34.98,3.52
100M,chip_209_312_merged.tif,0.4,4,514692512,78,32.0373,35.9636,3.9263
100M,chip_209_312_merged.tif,0.6,0,150335805,117,31.1175,34.4579,3.3405
100M,chip_209_312_merged.tif,0.6,1,1917212822,117,31.4159,33.8176,2.4017
100M,chip_209_312_merged.tif,0.6,2,1536606191,117,30.5338,34.666,4.1322
100M,chip_209_312_merged.tif,0.6,3,1056660673,117,31.8341,33.741,1.9069
100M,chip_209_312_merged.tif,0.6,4,676054042,117,31.9321,33.7509,1.8187
100M,chip_209_312_merged.tif,0.8,0,1914566144,156,30.9458,32.4697,1.5239
100M,chip_209_312_merged.tif,0.8,1,1434620626,156,31.3173,31.8155,0.4982
100M,chip_209_312_merged.tif,0.8,2,1054013995,156,30.6273,32.8076,2.1803
100M,chip_209_312_merged.tif,0.8,3,574068477,156,30.9174,32.292,1.3746
100M,chip_209_312_merged.tif,0.8,4,193461846,156,31.3,32.0548,0.7549
100M,chip_210_444_merged.tif,0.2,0,1810566890,39,31.1242,33.4578,2.3336
100M,chip_210_444_merged.tif,0.2,1,1330621372,39,29.9275,33.8728,3.9454
100M,chip_210_444_merged.tif,0.2,2,950014741,39,31.7307,33.9588,2.2281
100M,chip_210_444_merged.tif,0.2,3,569408110,39,29.9258,33.4683,3.5425
100M,chip_210_444_merged.tif,0.2,4,89462592,39,31.6763,33.413,1.7368
100M,chip_210_444_merged.tif,0.4,0,745291820,78,30.0425,33.3749,3.3323
100M,chip_210_444_merged.tif,0.4,1,364685189,78,30.0456,33.7633,3.7177
100M,chip_210_444_merged.tif,0.4,2,2131562206,78,30.208,32.8106,2.6025
100M,chip_210_444_merged.tif,0.4,3,1651616688,78,30.1445,33.298,3.1535
100M,chip_210_444_merged.tif,0.4,4,1271010057,78,29.9943,32.6713,2.677
100M,chip_210_444_merged.tif,0.6,0,1993613,117,29.5361,31.6503,2.1142
100M,chip_210_444_merged.tif,0.6,1,1768870630,117,29.3734,31.4683,2.0949
100M,chip_210_444_merged.tif,0.6,2,1388263999,117,29.5113,31.9255,2.4142
100M,chip_210_444_merged.tif,0.6,3,908318481,117,28.9298,31.6317,2.7019
100M,chip_210_444_merged.tif,0.6,4,527711850,117,29.838,31.2646,1.4266
100M,chip_210_444_merged.tif,0.8,0,1766223952,156,28.2768,30.7133,2.4365
100M,chip_210_444_merged.tif,0.8,1,1286278434,156,29.1272,30.1391,1.0119
100M,chip_210_444_merged.tif,0.8,2,905671803,156,29.1011,30.2842,1.1831
100M,chip_210_444_merged.tif,0.8,3,425726285,156,29.3554,30.5315,1.1761
100M,chip_210_444_merged.tif,0.8,4,45119654,156,28.3081,30.5961,2.288
100M,chip_210_466_merged.tif,0.2,0,1846965993,39,33.6455,36.1093,2.4638
100M,chip_210_466_merged.tif,0.2,1,1367020475,39,35.839,36.1062,0.2673
100M,chip_210_466_merged.tif,0.2,2,986413844,39,35.8385,36.7111,0.8727
100M,chip_210_466_merged.tif,0.2,3,605807213,39,34.4355,36.1885,1.753
100M,chip_210_466_merged.tif,0.2,4,125861695,39,33.0818,35.8905,2.8086
100M,chip_210_466_merged.tif,0.4,0,781690923,78,33.4002,35.8969,2.4968
100M,chip_210_466_merged.tif,0.4,1,401084292,78,33.3999,35.3756,1.9757
100M,chip_210_466_merged.tif,0.4,2,2068622422,78,34.812,35.7811,0.9691
100M,chip_210_466_merged.tif,0.4,3,1688015791,78,33.9261,35.9071,1.981
100M,chip_210_466_merged.tif,0.4,4,1307409160,78,33.795,36.0213,2.2263
100M,chip_210_466_merged.tif,0.6,0,943052453,117,33.6836,35.4159,1.7323
100M,chip_210_466_merged.tif,0.6,1,463106935,117,33.9452,35.7608,1.8156
100M,chip_210_466_merged.tif,0.6,2,82500304,117,33.7859,34.7094,0.9234
100M,chip_210_466_merged.tif,0.6,3,1750038434,117,33.8988,34.6057,0.7069
100M,chip_210_466_merged.tif,0.6,4,1369431803,117,33.9135,34.7939,0.8804
100M,chip_210_466_merged.tif,0.8,0,460460257,156,33.5393,34.2302,0.6909
100M,chip_210_466_merged.tif,0.8,1,2127998387,156,33.4778,34.3363,0.8585
100M,chip_210_466_merged.tif,0.8,2,1747391756,156,33.4896,34.401,0.9114
100M,chip_210_466_merged.tif,0.8,3,1366785125,156,33.4851,34.5357,1.0507
100M,chip_210_466_merged.tif,0.8,4,886839607,156,33.1971,34.3375,1.1404
100M,chip_211_435_merged.tif,0.2,0,345841537,39,38.654,39.2172,0.5632
100M,chip_211_435_merged.tif,0.2,1,2112718554,39,37.9146,38.5162,0.6016
100M,chip_211_435_merged.tif,0.2,2,1732111923,39,37.7592,39.0118,1.2525
100M,chip_211_435_merged.tif,0.2,3,1252166405,39,37.4497,39.943,2.4933
100M,chip_211_435_merged.tif,0.2,4,871559774,39,38.1082,38.5185,0.4103
100M,chip_211_435_merged.tif,0.4,0,185226204,78,36.0498,38.5683,2.5185
100M,chip_211_435_merged.tif,0.4,1,1952103221,78,37.248,38.677,1.429
100M,chip_211_435_merged.tif,0.4,2,1472157703,78,37.3624,38.5144,1.152
100M,chip_211_435_merged.tif,0.4,3,1091551072,78,36.609,38.9924,2.3834
100M,chip_211_435_merged.tif,0.4,4,611605554,78,36.2323,38.8433,2.611
100M,chip_211_435_merged.tif,0.6,0,1589411645,117,35.9485,38.4659,2.5174
100M,chip_211_435_merged.tif,0.6,1,1208805014,117,36.8004,38.1592,1.3588
100M,chip_211_435_merged.tif,0.6,2,728859496,117,37.3335,38.1772,0.8437
100M,chip_211_435_merged.tif,0.6,3,348252865,117,35.9355,37.883,1.9475
100M,chip_211_435_merged.tif,0.6,4,2015790995,117,35.9652,38.0412,2.076
100M,chip_211_435_merged.tif,0.8,0,1106819449,156,36.4743,37.7949,1.3206
100M,chip_211_435_merged.tif,0.8,1,726212818,156,35.7055,37.0563,1.3508
100M,chip_211_435_merged.tif,0.8,2,345606187,156,35.5667,37.3401,1.7734
100M,chip_211_435_merged.tif,0.8,3,2013144317,156,36.4765,37.4906,1.0141
100M,chip_211_435_merged.tif,0.8,4,1632537686,156,36.2036,37.317,1.1134
100M,chip_213_282_merged.tif,0.2,0,1034863744,39,34.613,39.9513,5.3383
100M,chip_213_282_merged.tif,0.2,1,654257113,39,29.6093,39.9795,10.3702
100M,chip_213_282_merged.tif,0.2,2,174311595,39,38.8339,39.0456,0.2118
100M,chip_213_282_merged.tif,0.2,3,1941188612,39,38.8327,40.312,1.4793
100M,chip_213_282_merged.tif,0.2,4,1560581981,39,38.6565,39.6523,0.9958
100M,chip_213_282_merged.tif,0.4,0,874248411,78,29.5674,39.4077,9.8403
100M,chip_213_282_merged.tif,0.4,1,493641780,78,36.0146,39.9562,3.9415
100M,chip_213_282_merged.tif,0.4,2,13696262,78,29.9771,38.4632,8.4861
100M,chip_213_282_merged.tif,0.4,3,1780573279,78,34.4298,39.8111,5.3813
100M,chip_213_282_merged.tif,0.4,4,1300627761,78,34.3724,38.321,3.9485
100M,chip_213_282_merged.tif,0.6,0,130950204,117,32.9548,37.1041,4.1493
100M,chip_213_282_merged.tif,0.6,1,1897827221,117,34.5879,38.5111,3.9232
100M,chip_213_282_merged.tif,0.6,2,1417881703,117,32.2997,38.533,6.2333
100M,chip_213_282_merged.tif,0.6,3,1037275072,117,34.425,37.9817,3.5567
100M,chip_213_282_merged.tif,0.6,4,557329554,117,33.0247,37.9166,4.8919
100M,chip_213_282_merged.tif,0.8,0,1795841656,156,30.8608,36.3224,5.4616
100M,chip_213_282_merged.tif,0.8,1,1415235025,156,31.0063,32.7036,1.6973
100M,chip_213_282_merged.tif,0.8,2,935289507,156,32.4434,33.4924,1.049
100M,chip_213_282_merged.tif,0.8,3,554682876,156,31.6399,36.0836,4.4437
100M,chip_213_282_merged.tif,0.8,4,174076245,156,30.9311,37.1565,6.2254
100M,chip_213_290_merged.tif,0.2,0,13690942,39,36.3738,37.656,1.2821
100M,chip_213_290_merged.tif,0.2,1,1681229072,39,30.7802,39.5121,8.7318
100M,chip_213_290_merged.tif,0.2,2,1300622441,39,36.6803,39.6959,3.0156
100M,chip_213_290_merged.tif,0.2,3,920015810,39,37.4267,38.9897,1.563
100M,chip_213_290_merged.tif,0.2,4,440070292,39,31.5176,37.486,5.9684
100M,chip_213_290_merged.tif,0.4,0,2000559257,78,32.6353,37.8495,5.2141
100M,chip_213_290_merged.tif,0.4,1,1520613739,78,33.4693,37.6254,4.1561
100M,chip_213_290_merged.tif,0.4,2,1140007108,78,32.6349,35.8657,3.2308
100M,chip_213_290_merged.tif,0.4,3,660061590,78,31.8733,37.5138,5.6405
100M,chip_213_290_merged.tif,0.4,4,279454959,78,33.8852,36.5396,2.6544
100M,chip_213_290_merged.tif,0.6,0,1257261050,117,33.4393,36.2124,2.773
100M,chip_213_290_merged.tif,0.6,1,777315532,117,31.9955,36.3586,4.3631
100M,chip_213_290_merged.tif,0.6,2,396708901,117,33.0522,37.1722,4.12
100M,chip_213_290_merged.tif,0.6,3,2064247031,117,33.0151,35.6828,2.6677
100M,chip_213_290_merged.tif,0.6,4,1683640400,117,31.9224,37.0596,5.1372
100M,chip_213_290_merged.tif,0.8,0,774668854,156,32.3056,33.0061,0.7005
100M,chip_213_290_merged.tif,0.8,1,294723336,156,32.6609,33.3979,0.737
100M,chip_213_290_merged.tif,0.8,2,2061600353,156,31.6604,34.2238,2.5633
100M,chip_213_290_merged.tif,0.8,3,1581654835,156,32.6879,33.5325,0.8446
100M,chip_213_290_merged.tif,0.8,4,1201048204,156,30.7846,33.3414,2.5568
100M,chip_213_391_merged.tif,0.2,0,2091704167,39,36.5599,37.0506,0.4907
100M,chip_213_391_merged.tif,0.2,1,1611758649,39,34.8401,36.8615,2.0214
100M,chip_213_391_merged.tif,0.2,2,1231152018,39,36.15,37.998,1.8479
100M,chip_213_391_merged.tif,0.2,3,751206500,39,35.0904,35.6984,0.608
100M,chip_213_391_merged.tif,0.2,4,370599869,39,36.359,36.0333,-0.3257
100M,chip_213_391_merged.tif,0.4,0,1831749947,78,35.2068,36.5104,1.3036
100M,chip_213_391_merged.tif,0.4,1,1451143316,78,34.8746,36.7824,1.9079
100M,chip_213_391_merged.tif,0.4,2,1070536685,78,34.8199,37.3946,2.5747
100M,chip_213_391_merged.tif,0.4,3,590591167,78,34.893,35.6182,0.7252
100M,chip_213_391_merged.tif,0.4,4,209984536,78,34.6507,36.8188,2.1681
100M,chip_213_391_merged.tif,0.6,0,1088451740,117,34.655,34.2258,-0.4291
100M,chip_213_391_merged.tif,0.6,1,707845109,117,33.6082,35.5524,1.9442
100M,chip_213_391_merged.tif,0.6,2,327238478,117,34.2957,35.995,1.6993
100M,chip_213_391_merged.tif,0.6,3,1994776608,117,34.4413,35.7026,1.2614
100M,chip_213_391_merged.tif,0.6,4,1614169977,117,34.9792,34.9554,-0.0238
100M,chip_213_391_merged.tif,0.8,0,705198431,156,33.0119,34.8374,1.8255
100M,chip_213_391_merged.tif,0.8,1,225252913,156,33.8904,34.4803,0.5898
100M,chip_213_391_merged.tif,0.8,2,1992129930,156,33.8993,35.7075,1.8081
100M,chip_213_391_merged.tif,0.8,3,1512184412,156,33.8769,35.1017,1.2248
100M,chip_213_391_merged.tif,0.8,4,1131577781,156,33.2397,34.7952,1.5555
100M,chip_213_456_merged.tif,0.2,0,1687446733,39,34.9791,35.9454,0.9663
100M,chip_213_456_merged.tif,0.2,1,1207501215,39,35.9714,36.3375,0.3661
100M,chip_213_456_merged.tif,0.2,2,826894584,39,34.9787,32.7877,-2.1909
100M,chip_213_456_merged.tif,0.2,3,346949066,39,34.871,36.6068,1.7358
100M,chip_213_456_merged.tif,0.2,4,2113826083,39,32.6871,36.5378,3.8507
100M,chip_213_456_merged.tif,0.4,0,1427492513,78,34.4082,36.3152,1.907
100M,chip_213_456_merged.tif,0.4,1,1046885882,78,32.8156,36.2381,3.4225
100M,chip_213_456_merged.tif,0.4,2,566940364,78,34.5865,36.5461,1.9596
100M,chip_213_456_merged.tif,0.4,3,186333733,78,34.9991,36.5015,1.5023
100M,chip_213_456_merged.tif,0.4,4,1953210750,78,34.8967,36.6795,1.7827
100M,chip_213_456_merged.tif,0.6,0,684194306,117,34.6647,35.6461,0.9814
100M,chip_213_456_merged.tif,0.6,1,303587675,117,34.7658,33.7777,-0.9881
100M,chip_213_456_merged.tif,0.6,2,2070464692,117,34.5351,35.5108,0.9757
100M,chip_213_456_merged.tif,0.6,3,1590519174,117,34.3809,35.8954,1.5146
100M,chip_213_456_merged.tif,0.6,4,1209912543,117,34.7698,35.9588,1.189
100M,chip_213_456_merged.tif,0.8,0,300940997,156,33.7036,34.0481,0.3444
100M,chip_213_456_merged.tif,0.8,1,1968479127,156,33.6828,34.4609,0.7781
100M,chip_213_456_merged.tif,0.8,2,1587872496,156,33.0471,34.6547,1.6077
100M,chip_213_456_merged.tif,0.8,3,1107926978,156,33.4559,33.8697,0.4139
100M,chip_213_456_merged.tif,0.8,4,727320347,156,33.0027,34.2591,1.2564
100M,chip_214_307_merged.tif,0.2,0,1944702363,39,31.2321,35.4044,4.1723
100M,chip_214_307_merged.tif,0.2,1,1564095732,39,34.6171,37.6477,3.0306
100M,chip_214_307_merged.tif,0.2,2,1084150214,39,33.4672,37.2907,3.8235
100M,chip_214_307_merged.tif,0.2,3,703543583,39,29.6857,37.1472,7.4616
100M,chip_214_307_merged.tif,0.2,4,322936952,39,31.2318,36.9052,5.6735
100M,chip_214_307_merged.tif,0.4,0,1784087030,78,31.0308,35.3145,4.2838
100M,chip_214_307_merged.tif,0.4,1,1403480399,78,29.3827,36.7982,7.4155
100M,chip_214_307_merged.tif,0.4,2,923534881,78,33.8886,36.0383,2.1496
100M,chip_214_307_merged.tif,0.4,3,542928250,78,33.8877,36.0293,2.1415
100M,chip_214_307_merged.tif,0.4,4,62982732,78,29.7865,34.5726,4.786
100M,chip_214_307_merged.tif,0.6,0,1040788823,117,32.7273,35.526,2.7987
100M,chip_214_307_merged.tif,0.6,1,660182192,117,32.39,34.8662,2.4762
100M,chip_214_307_merged.tif,0.6,2,180236674,117,29.9554,35.5021,5.5467
100M,chip_214_307_merged.tif,0.6,3,1947113691,117,30.0043,34.1891,4.1848
100M,chip_214_307_merged.tif,0.6,4,1467168173,117,31.628,35.2152,3.5873
100M,chip_214_307_merged.tif,0.8,0,558196627,156,30.7239,32.748,2.0241
100M,chip_214_307_merged.tif,0.8,1,177589996,156,30.5225,33.4812,2.9588
100M,chip_214_307_merged.tif,0.8,2,1845128126,156,30.1931,33.3548,3.1617
100M,chip_214_307_merged.tif,0.8,3,1464521495,156,30.647,33.451,2.8039
100M,chip_214_307_merged.tif,0.8,4,1083914864,156,30.6705,33.3254,2.6549
100M,chip_214_311_merged.tif,0.2,0,35185037,39,32.9002,36.8141,3.9139
100M,chip_214_311_merged.tif,0.2,1,1802062054,39,32.7545,36.0826,3.3281
100M,chip_214_311_merged.tif,0.2,2,1421455423,39,34.3879,34.5962,0.2083
100M,chip_214_311_merged.tif,0.2,3,941509905,39,32.3945,36.778,4.3835
100M,chip_214_311_merged.tif,0.2,4,560903274,39,28.227,36.1035,7.8764
100M,chip_214_311_merged.tif,0.4,0,1216732502,78,33.0226,35.5328,2.5102
100M,chip_214_311_merged.tif,0.4,1,736786984,78,31.1153,34.648,3.5327
100M,chip_214_311_merged.tif,0.4,2,356180353,78,31.1152,35.1047,3.9895
100M,chip_214_311_merged.tif,0.4,3,2123057370,78,32.599,35.1937,2.5947
100M,chip_214_311_merged.tif,0.4,4,1643111852,78,32.9168,34.855,1.9382
100M,chip_214_311_merged.tif,0.6,0,1278755145,117,32.196,34.4109,2.2149
100M,chip_214_311_merged.tif,0.6,1,898148514,117,32.532,32.1064,-0.4256
100M,chip_214_311_merged.tif,0.6,2,418202996,117,32.4608,31.9626,-0.4982
100M,chip_214_311_merged.tif,0.6,3,37596365,117,32.3069,32.4114,0.1044
100M,chip_214_311_merged.tif,0.6,4,1705134495,117,30.3667,33.7946,3.4279
100M,chip_214_311_merged.tif,0.8,0,796162949,156,31.0935,31.0065,-0.0871
100M,chip_214_311_merged.tif,0.8,1,415556318,156,30.8171,33.312,2.495
100M,chip_214_311_merged.tif,0.8,2,34949687,156,30.7992,31.1821,0.3829
100M,chip_214_311_merged.tif,0.8,3,1702487817,156,31.1514,32.5291,1.3777
100M,chip_214_311_merged.tif,0.8,4,1321881186,156,31.177,32.4027,1.2256
100M,chip_214_329_merged.tif,0.2,0,810533986,39,30.3579,34.0362,3.6784
100M,chip_214_329_merged.tif,0.2,1,330588468,39,29.8367,33.1933,3.3565
100M,chip_214_329_merged.tif,0.2,2,2097465485,39,30.9356,34.2625,3.327
100M,chip_214_329_merged.tif,0.2,3,1617519967,39,31.2541,33.8581,2.604
100M,chip_214_329_merged.tif,0.2,4,1236913336,39,31.4274,33.0691,1.6417
100M,chip_214_329_merged.tif,0.4,0,1892742564,78,30.1585,32.7673,2.6088
100M,chip_214_329_merged.tif,0.4,1,1512135933,78,29.6405,32.9326,3.2921
100M,chip_214_329_merged.tif,0.4,2,1032190415,78,29.7797,32.2157,2.436
100M,chip_214_329_merged.tif,0.4,3,651583784,78,29.8278,33.734,3.9062
100M,chip_214_329_merged.tif,0.4,4,171638266,78,30.4182,33.758,3.3398
100M,chip_214_329_merged.tif,0.6,0,1954765207,117,28.9553,32.4318,3.4766
100M,chip_214_329_merged.tif,0.6,1,1574158576,117,30.2469,32.1205,1.8736
100M,chip_214_329_merged.tif,0.6,2,1193551945,117,28.9744,31.2325,2.2581
100M,chip_214_329_merged.tif,0.6,3,713606427,117,30.2196,32.0754,1.8559
100M,chip_214_329_merged.tif,0.6,4,332999796,117,28.9562,32.0494,3.0932
100M,chip_214_329_merged.tif,0.8,0,1571511898,156,29.6301,30.7971,1.167
100M,chip_214_329_merged.tif,0.8,1,1091566380,156,29.3988,31.2122,1.8134
100M,chip_214_329_merged.tif,0.8,2,710959749,156,28.7126,30.8663,2.1536
100M,chip_214_329_merged.tif,0.8,3,231014231,156,29.6599,30.7646,1.1047
100M,chip_214_329_merged.tif,0.8,4,1997891248,156,29.6442,31.1431,1.499
100M,chip_214_429_merged.tif,0.2,0,403555867,39,39.5203,41.003,1.4826
100M,chip_214_429_merged.tif,0.2,1,22949236,39,40.0781,40.0293,-0.0489
100M,chip_214_429_merged.tif,0.2,2,1690487366,39,40.2429,39.8178,-0.4252
100M,chip_214_429_merged.tif,0.2,3,1309880735,39,39.9786,40.1406,0.162
100M,chip_214_429_merged.tif,0.2,4,829935217,39,39.2004,40.5676,1.3673
100M,chip_214_429_merged.tif,0.4,0,242940534,78,39.5736,40.7278,1.1542
100M,chip_214_429_merged.tif,0.4,1,1910478664,78,38.1831,40.2062,2.0231
100M,chip_214_429_merged.tif,0.4,2,1529872033,78,39.2936,40.215,0.9213
100M,chip_214_429_merged.tif,0.4,3,1149265402,78,39.5572,40.0541,0.4969
100M,chip_214_429_merged.tif,0.4,4,669319884,78,39.1381,39.9685,0.8305
100M,chip_214_429_merged.tif,0.6,0,1647125975,117,39.2529,39.4428,0.1899
100M,chip_214_429_merged.tif,0.6,1,1167180457,117,39.3765,39.9344,0.5578
100M,chip_214_429_merged.tif,0.6,2,786573826,117,39.1165,40.071,0.9545
100M,chip_214_429_merged.tif,0.6,3,405967195,117,39.4211,40.2647,0.8435
100M,chip_214_429_merged.tif,0.6,4,2073505325,117,39.3303,39.8954,0.565
100M,chip_214_429_merged.tif,0.8,0,1164533779,156,38.9577,39.807,0.8492
100M,chip_214_429_merged.tif,0.8,1,783927148,156,39.0863,39.4878,0.4015
100M,chip_214_429_merged.tif,0.8,2,303981630,156,38.3834,39.5491,1.1657
100M,chip_214_429_merged.tif,0.8,3,2070858647,156,38.3368,39.8758,1.539
100M,chip_214_429_merged.tif,0.8,4,1590913129,156,38.4041,39.5382,1.1341
100M,chip_215_309_merged.tif,0.2,0,1129533677,39,33.5378,34.7229,1.1851
100M,chip_215_309_merged.tif,0.2,1,649588159,39,32.2447,36.0873,3.8426
100M,chip_215_309_merged.tif,0.2,2,268981528,39,33.9668,35.2323,1.2654
100M,chip_215_309_merged.tif,0.2,3,1936519658,39,28.0222,34.7292,6.7069
100M,chip_215_309_merged.tif,0.2,4,1555913027,39,33.3246,34.5184,1.1939
100M,chip_215_309_merged.tif,0.4,0,64258607,78,32.4098,34.7868,2.377
100M,chip_215_309_merged.tif,0.4,1,1831135624,78,29.2339,34.6155,5.3816
100M,chip_215_309_merged.tif,0.4,2,1351190106,78,28.5431,34.2486,5.7055
100M,chip_215_309_merged.tif,0.4,3,970583475,78,31.5431,34.5979,3.0548
100M,chip_215_309_merged.tif,0.4,4,589976844,78,30.6785,33.2093,2.5308
100M,chip_215_309_merged.tif,0.6,0,126281250,117,31.9171,33.8814,1.9644
100M,chip_215_309_merged.tif,0.6,1,1893158267,117,29.4098,33.5062,4.0964
100M,chip_215_309_merged.tif,0.6,2,1512551636,117,29.3937,34.0123,4.6186
100M,chip_215_309_merged.tif,0.6,3,1032606118,117,31.9075,33.4358,1.5283
100M,chip_215_309_merged.tif,0.6,4,651999487,117,31.9897,34.0051,2.0154
100M,chip_215_309_merged.tif,0.8,0,1890511589,156,30.0418,31.2423,1.2006
100M,chip_215_309_merged.tif,0.8,1,1410566071,156,30.1348,32.0679,1.9332
100M,chip_215_309_merged.tif,0.8,2,1029959440,156,29.9056,32.4615,2.556
100M,chip_215_309_merged.tif,0.8,3,550013922,156,29.914,31.909,1.995
100M,chip_215_309_merged.tif,0.8,4,169407291,156,29.8743,31.9815,2.1071
100M,chip_215_310_merged.tif,0.2,0,666833321,39,31.6524,34.7082,3.0557
100M,chip_215_310_merged.tif,0.2,1,286226690,39,33.3632,34.3629,0.9997
100M,chip_215_310_merged.tif,0.2,2,2053103707,39,31.4249,36.5816,5.1567
100M,chip_215_310_merged.tif,0.2,3,1573158189,39,31.1058,35.2988,4.193
100M,chip_215_310_merged.tif,0.2,4,1192551558,39,30.901,34.7125,3.8115
100M,chip_215_310_merged.tif,0.4,0,1848380786,78,31.5122,34.5658,3.0536
100M,chip_215_310_merged.tif,0.4,1,1368435268,78,30.4385,34.1458,3.7073
100M,chip_215_310_merged.tif,0.4,2,987828637,78,31.5129,34.2464,2.7335
100M,chip_215_310_merged.tif,0.4,3,607222006,78,31.3892,34.5777,3.1886
100M,chip_215_310_merged.tif,0.4,4,127276488,78,32.5137,33.719,1.2053
100M,chip_215_310_merged.tif,0.6,0,1910403429,117,30.8301,33.3376,2.5075
100M,chip_215_310_merged.tif,0.6,1,1529796798,117,29.9972,33.4213,3.4241
100M,chip_215_310_merged.tif,0.6,2,1049851280,117,30.2902,33.0773,2.7871
100M,chip_215_310_merged.tif,0.6,3,669244649,117,29.9773,32.5738,2.5965
100M,chip_215_310_merged.tif,0.6,4,189299131,117,31.2386,32.3495,1.1109
100M,chip_215_310_merged.tif,0.8,0,1427811233,156,30.8331,32.0756,1.2425
100M,chip_215_310_merged.tif,0.8,1,1047204602,156,30.9911,31.7435,0.7524
100M,chip_215_310_merged.tif,0.8,2,666597971,156,30.9867,31.8744,0.8877
100M,chip_215_310_merged.tif,0.8,3,186652453,156,30.3446,31.4589,1.1144
100M,chip_215_310_merged.tif,0.8,4,1953529470,156,30.9757,32.5104,1.5346
100M,chip_216_454_merged.tif,0.2,0,440083730,39,33.4175,35.7463,2.3288
100M,chip_216_454_merged.tif,0.2,1,2107621860,39,34.0,36.2071,2.207
100M,chip_216_454_merged.tif,0.2,2,1727015229,39,34.0003,36.5411,2.5408
100M,chip_216_454_merged.tif,0.2,3,1346408598,39,34.059,35.8856,1.8266
100M,chip_216_454_merged.tif,0.2,4,866463080,39,33.0636,35.6604,2.5968
100M,chip_216_454_merged.tif,0.4,0,279468397,78,32.517,35.5784,3.0614
100M,chip_216_454_merged.tif,0.4,1,1947006527,78,34.0765,35.3164,1.24
100M,chip_216_454_merged.tif,0.4,2,1566399896,78,32.5755,34.7563,2.1808
100M,chip_216_454_merged.tif,0.4,3,1086454378,78,32.5155,35.0396,2.5242
100M,chip_216_454_merged.tif,0.4,4,705847747,78,34.9357,35.9466,1.0109
100M,chip_216_454_merged.tif,0.6,0,1683653838,117,33.0132,35.3444,2.3312
100M,chip_216_454_merged.tif,0.6,1,1203708320,117,32.5432,33.6658,1.1226
100M,chip_216_454_merged.tif,0.6,2,823101689,117,32.3874,34.7972,2.4098
100M,chip_216_454_merged.tif,0.6,3,343156171,117,32.3806,34.1916,1.811
100M,chip_216_454_merged.tif,0.6,4,2110033188,117,32.1509,34.4856,2.3347
100M,chip_216_454_merged.tif,0.8,0,1201061642,156,32.8526,32.9235,0.0709
100M,chip_216_454_merged.tif,0.8,1,721116124,156,32.109,33.0271,0.9181
100M,chip_216_454_merged.tif,0.8,2,340509493,156,32.0713,33.919,1.8476
100M,chip_216_454_merged.tif,0.8,3,2107386510,156,32.0743,33.3746,1.3004
100M,chip_216_454_merged.tif,0.8,4,1627440992,156,32.0358,33.4693,1.4335
100M,chip_217_287_merged.tif,0.2,0,232801549,39,32.9723,38.2906,5.3184
100M,chip_217_287_merged.tif,0.2,1,1900339679,39,32.4619,37.8218,5.3599
100M,chip_217_287_merged.tif,0.2,2,1519733048,39,32.9692,38.5487,5.5795
100M,chip_217_287_merged.tif,0.2,3,1139126417,39,33.2933,38.3431,5.0498
100M,chip_217_287_merged.tif,0.2,4,659180899,39,37.0245,36.8625,-0.162
100M,chip_217_287_merged.tif,0.4,0,1315010127,78,35.1361,37.7446,2.6085
100M,chip_217_287_merged.tif,0.4,1,934403496,78,32.955,36.7841,3.8291
100M,chip_217_287_merged.tif,0.4,2,553796865,78,35.1337,37.3633,2.2296
100M,chip_217_287_merged.tif,0.4,3,73851347,78,35.5773,37.2237,1.6464
100M,chip_217_287_merged.tif,0.4,4,1840728364,78,33.5477,36.3151,2.7674
100M,chip_217_287_merged.tif,0.6,0,571711920,117,32.2062,36.2537,4.0476
100M,chip_217_287_merged.tif,0.6,1,191105289,117,32.5948,37.0828,4.488
100M,chip_217_287_merged.tif,0.6,2,1957982306,117,32.2224,35.8629,3.6405
100M,chip_217_287_merged.tif,0.6,3,1478036788,117,31.7809,36.2168,4.4359
100M,chip_217_287_merged.tif,0.6,4,1097430157,117,33.0363,37.033,3.9966
100M,chip_217_287_merged.tif,0.8,0,188458611,156,32.1452,34.5168,2.3716
100M,chip_217_287_merged.tif,0.8,1,1855996741,156,32.6712,34.1766,1.5055
100M,chip_217_287_merged.tif,0.8,2,1475390110,156,32.4929,34.2617,1.7688
100M,chip_217_287_merged.tif,0.8,3,995444592,156,32.4824,34.1595,1.6771
100M,chip_217_287_merged.tif,0.8,4,614837961,156,32.6792,33.9452,1.266
100M,chip_217_425_merged.tif,0.2,0,477109852,39,29.9448,31.1651,1.2203
100M,chip_217_425_merged.tif,0.2,1,2144647982,39,30.6808,32.4014,1.7206
100M,chip_217_425_merged.tif,0.2,2,1764041351,39,28.6992,31.3586,2.6594
100M,chip_217_425_merged.tif,0.2,3,1284095833,39,28.4261,32.2241,3.798
100M,chip_217_425_merged.tif,0.2,4,903489202,39,29.9438,32.431,2.4872
100M,chip_217_425_merged.tif,0.4,0,217155632,78,30.7247,31.991,1.2663
100M,chip_217_425_merged.tif,0.4,1,1984032649,78,28.8982,30.717,1.8188
100M,chip_217_425_merged.tif,0.4,2,1603426018,78,29.2538,31.6889,2.4351
100M,chip_217_425_merged.tif,0.4,3,1123480500,78,29.8347,31.0394,1.2047
100M,chip_217_425_merged.tif,0.4,4,742873869,78,30.1139,30.4039,0.29
100M,chip_217_425_merged.tif,0.6,0,1720679960,117,28.94,31.0712,2.1312
100M,chip_217_425_merged.tif,0.6,1,1240734442,117,29.5272,30.7911,1.2639
100M,chip_217_425_merged.tif,0.6,2,860127811,117,30.5783,30.3986,-0.1797
100M,chip_217_425_merged.tif,0.6,3,380182293,117,29.1943,30.911,1.7167
100M,chip_217_425_merged.tif,0.6,4,2147059310,117,28.9435,30.2402,1.2967
100M,chip_217_425_merged.tif,0.8,0,1238087764,156,29.2833,29.8916,0.6083
100M,chip_217_425_merged.tif,0.8,1,758142246,156,28.6793,29.3888,0.7094
100M,chip_217_425_merged.tif,0.8,2,377535615,156,29.6291,30.0228,0.3937
100M,chip_217_425_merged.tif,0.8,3,2045073745,156,29.3304,29.7096,0.3792
100M,chip_217_425_merged.tif,0.8,4,1664467114,156,29.3011,29.9844,0.6834
100M,chip_218_293_merged.tif,0.2,0,21838838,39,35.8606,40.4287,4.568
100M,chip_218_293_merged.tif,0.2,1,1788715855,39,36.7279,41.4804,4.7525
100M,chip_218_293_merged.tif,0.2,2,1308770337,39,39.629,41.8964,2.2675
100M,chip_218_293_merged.tif,0.2,3,928163706,39,36.1862,42.2599,6.0737
100M,chip_218_293_merged.tif,0.2,4,547557075,39,36.8194,42.2335,5.414
100M,chip_218_293_merged.tif,0.4,0,1155768290,78,37.0263,41.3409,4.3146
100M,chip_218_293_merged.tif,0.4,1,775161659,78,37.0261,39.4704,2.4443
100M,chip_218_293_merged.tif,0.4,2,295216141,78,37.1637,39.7606,2.5968
100M,chip_218_293_merged.tif,0.4,3,2062093158,78,35.9021,38.3819,2.4798
100M,chip_218_293_merged.tif,0.4,4,1681486527,78,35.904,41.6737,5.7696
100M,chip_218_293_merged.tif,0.6,0,1265408946,117,35.5662,39.1896,3.6234
100M,chip_218_293_merged.tif,0.6,1,884802315,117,34.3597,40.3619,6.0022
100M,chip_218_293_merged.tif,0.6,2,404856797,117,34.3976,39.4694,5.0718
100M,chip_218_293_merged.tif,0.6,3,24250166,117,33.9032,38.7711,4.8679
100M,chip_218_293_merged.tif,0.6,4,1691788296,117,34.4166,39.053,4.6364
100M,chip_218_293_merged.tif,0.8,0,2077361535,156,34.1803,37.4697,3.2893
100M,chip_218_293_merged.tif,0.8,1,1696754904,156,34.3548,37.5508,3.1961
100M,chip_218_293_merged.tif,0.8,2,1316148273,156,34.0894,38.825,4.7356
100M,chip_218_293_merged.tif,0.8,3,836202755,156,34.6246,37.6376,3.0131
100M,chip_218_293_merged.tif,0.8,4,455596124,156,34.3695,38.2072,3.8377
100M,chip_218_306_merged.tif,0.2,0,112697141,39,32.832,36.9808,4.1488
100M,chip_218_306_merged.tif,0.2,1,1879574158,39,35.5446,36.613,1.0684
100M,chip_218_306_merged.tif,0.2,2,1399628640,39,33.7837,36.033,2.2493
100M,chip_218_306_merged.tif,0.2,3,1019022009,39,32.8316,35.6711,2.8395
100M,chip_218_306_merged.tif,0.2,4,638415378,39,32.9284,36.1797,3.2513
100M,chip_218_306_merged.tif,0.4,0,2099565456,78,33.3339,35.6412,2.3073
100M,chip_218_306_merged.tif,0.4,1,1718958825,78,30.6378,35.3542,4.7164
100M,chip_218_306_merged.tif,0.4,2,1239013307,78,33.529,36.3853,2.8562
100M,chip_218_306_merged.tif,0.4,3,858406676,78,33.7789,35.5114,1.7326
100M,chip_218_306_merged.tif,0.4,4,378461158,78,30.6384,35.4701,4.8318
100M,chip_218_306_merged.tif,0.6,0,1356267249,117,31.6988,35.0152,3.3164
100M,chip_218_306_merged.tif,0.6,1,975660618,117,32.4527,34.4717,2.019
100M,chip_218_306_merged.tif,0.6,2,495715100,117,33.2106,34.2525,1.0418
100M,chip_218_306_merged.tif,0.6,3,115108469,117,33.2297,34.9684,1.7387
100M,chip_218_306_merged.tif,0.6,4,1782646599,117,31.706,35.4124,3.7063
100M,chip_218_306_merged.tif,0.8,0,873675053,156,32.1262,32.1924,0.0662
100M,chip_218_306_merged.tif,0.8,1,493068422,156,32.375,33.1552,0.7802
100M,chip_218_306_merged.tif,0.8,2,13122904,156,32.3264,33.6331,1.3067
100M,chip_218_306_merged.tif,0.8,3,1779999921,156,31.3075,33.1346,1.8271
100M,chip_218_306_merged.tif,0.8,4,1399393290,156,32.0759,34.3314,2.2555
100M,chip_218_423_merged.tif,0.2,0,1926787953,39,28.3125,33.331,5.0185
100M,chip_218_423_merged.tif,0.2,1,1446842435,39,29.0465,34.6499,5.6034
100M,chip_218_423_merged.tif,0.2,2,1066235804,39,32.0056,33.9357,1.9301
100M,chip_218_423_merged.tif,0.2,3,586290286,39,29.4216,34.1191,4.6975
100M,chip_218_423_merged.tif,0.2,4,205683655,39,31.497,34.4238,2.9268
100M,chip_218_423_merged.tif,0.4,0,861512883,78,30.356,33.6501,3.2941
100M,chip_218_423_merged.tif,0.4,1,480906252,78,31.1829,33.2185,2.0355
100M,chip_218_423_merged.tif,0.4,2,960734,78,30.7661,33.7284,2.9623
100M,chip_218_423_merged.tif,0.4,3,1767837751,78,31.4931,33.3774,1.8844
100M,chip_218_423_merged.tif,0.4,4,1287892233,78,30.988,33.1159,2.1279
100M,chip_218_423_merged.tif,0.6,0,923535526,117,30.1852,31.1267,0.9415
100M,chip_218_423_merged.tif,0.6,1,542928895,117,30.5555,32.2844,1.7289
100M,chip_218_423_merged.tif,0.6,2,162322264,117,29.2888,31.5071,2.2183
100M,chip_218_423_merged.tif,0.6,3,1829860394,117,30.5386,30.996,0.4574
100M,chip_218_423_merged.tif,0.6,4,1449253763,117,30.5519,31.3652,0.8133
100M,chip_218_423_merged.tif,0.8,0,540282217,156,29.7021,31.4187,1.7166
100M,chip_218_423_merged.tif,0.8,1,60336699,156,28.7189,30.9298,2.2109
100M,chip_218_423_merged.tif,0.8,2,1827213716,156,29.8717,31.3613,1.4896
100M,chip_218_423_merged.tif,0.8,3,1347268198,156,29.7015,30.1181,0.4166
100M,chip_218_423_merged.tif,0.8,4,966661567,156,29.8573,30.4588,0.6014
100M,chip_218_437_merged.tif,0.2,0,652607579,39,37.6163,39.8607,2.2445
100M,chip_218_437_merged.tif,0.2,1,272000948,39,37.5489,39.4572,1.9083
100M,chip_218_437_merged.tif,0.2,2,2038877965,39,38.5489,39.5006,0.9517
100M,chip_218_437_merged.tif,0.2,3,1558932447,39,38.6675,39.24,0.5725
100M,chip_218_437_merged.tif,0.2,4,1178325816,39,39.4977,39.172,-0.3257
100M,chip_218_437_merged.tif,0.4,0,1834155044,78,38.973,39.1437,0.1707
100M,chip_218_437_merged.tif,0.4,1,1453548413,78,37.5329,38.9012,1.3683
100M,chip_218_437_merged.tif,0.4,2,973602895,78,37.7899,39.6114,1.8215
100M,chip_218_437_merged.tif,0.4,3,592996264,78,37.7271,38.5898,0.8626
100M,chip_218_437_merged.tif,0.4,4,113050746,78,38.2407,38.8441,0.6034
100M,chip_218_437_merged.tif,0.6,0,1896177687,117,37.9689,38.9145,0.9455
100M,chip_218_437_merged.tif,0.6,1,1515571056,117,37.0634,37.9126,0.8492
100M,chip_218_437_merged.tif,0.6,2,1035625538,117,37.9838,38.0277,0.0439
100M,chip_218_437_merged.tif,0.6,3,655018907,117,37.0658,38.6095,1.5437
100M,chip_218_437_merged.tif,0.6,4,274412276,117,37.9586,38.4402,0.4815
100M,chip_218_437_merged.tif,0.8,0,1413585491,156,37.1216,37.7404,0.6187
100M,chip_218_437_merged.tif,0.8,1,1032978860,156,37.4023,37.9843,0.5821
100M,chip_218_437_merged.tif,0.8,2,652372229,156,37.803,38.0526,0.2496
100M,chip_218_437_merged.tif,0.8,3,172426711,156,36.878,37.5834,0.7054
100M,chip_218_437_merged.tif,0.8,4,1939303728,156,37.8002,38.1465,0.3463
100M,chip_219_333_merged.tif,0.2,0,1766220027,39,32.7116,35.4773,2.7656
100M,chip_219_333_merged.tif,0.2,1,1286274509,39,32.5295,34.6617,2.1323
100M,chip_219_333_merged.tif,0.2,2,905667878,39,33.3438,35.1271,1.7833
100M,chip_219_333_merged.tif,0.2,3,525061247,39,30.6456,34.369,3.7234
100M,chip_219_333_merged.tif,0.2,4,45115729,39,31.211,35.7641,4.5531
100M,chip_219_333_merged.tif,0.4,0,700944957,78,30.7307,34.7023,3.9716
100M,chip_219_333_merged.tif,0.4,1,320338326,78,31.4734,34.2082,2.7347
100M,chip_219_333_merged.tif,0.4,2,2087215343,78,31.2032,33.2584,2.0552
100M,chip_219_333_merged.tif,0.4,3,1607269825,78,32.0198,34.0075,1.9877
100M,chip_219_333_merged.tif,0.4,4,1226663194,78,31.153,33.5029,2.3498
100M,chip_219_333_merged.tif,0.6,0,2105130398,117,31.7717,33.3394,1.5677
100M,chip_219_333_merged.tif,0.6,1,1724523767,117,31.6609,32.5679,0.907
100M,chip_219_333_merged.tif,0.6,2,1343917136,117,31.4666,32.7853,1.3187
100M,chip_219_333_merged.tif,0.6,3,863971618,117,31.6287,32.799,1.1703
100M,chip_219_333_merged.tif,0.6,4,483364987,117,30.925,33.1807,2.2557
100M,chip_219_333_merged.tif,0.8,0,1721877089,156,31.0848,32.0687,0.984
100M,chip_219_333_merged.tif,0.8,1,1241931571,156,30.8286,32.0552,1.2267
100M,chip_219_333_merged.tif,0.8,2,861324940,156,30.2503,31.4912,1.241
100M,chip_219_333_merged.tif,0.8,3,381379422,156,31.2278,32.1538,0.9261
100M,chip_219_333_merged.tif,0.8,4,772791,156,31.6448,31.4848,-0.1601
100M,chip_219_603_merged.tif,0.2,0,1916114929,39,33.3815,33.5455,0.1641
100M,chip_219_603_merged.tif,0.2,1,1436169411,39,33.7839,34.2991,0.5152
100M,chip_219_603_merged.tif,0.2,2,1055562780,39,34.4548,34.4569,0.002
100M,chip_219_603_merged.tif,0.2,3,575617262,39,29.2498,33.6934,4.4436
100M,chip_219_603_merged.tif,0.2,4,195010631,39,34.0776,34.4144,0.3368
100M,chip_219_603_merged.tif,0.4,0,850839859,78,31.4973,33.6599,2.1625
100M,chip_219_603_merged.tif,0.4,1,470233228,78,33.4415,33.7567,0.3152
100M,chip_219_603_merged.tif,0.4,2,2137771358,78,29.6737,33.6294,3.9557
100M,chip_219_603_merged.tif,0.4,3,1757164727,78,33.5741,32.9941,-0.58
100M,chip_219_603_merged.tif,0.4,4,1277219209,78,31.499,33.3049,1.8058
100M,chip_219_603_merged.tif,0.6,0,912862502,117,30.3771,33.5632,3.1861
100M,chip_219_603_merged.tif,0.6,1,532255871,117,32.9114,32.4141,-0.4972
100M,chip_219_603_merged.tif,0.6,2,151649240,117,32.0914,32.9901,0.8987
100M,chip_219_603_merged.tif,0.6,3,1819187370,117,30.5771,31.3626,0.7855
100M,chip_219_603_merged.tif,0.6,4,1438580739,117,30.1412,33.1876,3.0465
100M,chip_219_603_merged.tif,0.8,0,529609193,156,31.1571,31.9847,0.8277
100M,chip_219_603_merged.tif,0.8,1,49663675,156,31.4637,32.2949,0.8312
100M,chip_219_603_merged.tif,0.8,2,1816540692,156,30.5477,32.1361,1.5885
100M,chip_219_603_merged.tif,0.8,3,1336595174,156,30.6431,32.3378,1.6948
100M,chip_219_603_merged.tif,0.8,4,955988543,156,31.3864,32.1075,0.7211
100M,chip_220_184_merged.tif,0.2,0,713419856,39,33.1141,39.1222,6.0081
100M,chip_220_184_merged.tif,0.2,1,332813225,39,34.074,37.3057,3.2317
100M,chip_220_184_merged.tif,0.2,2,2000351355,39,33.5843,38.6301,5.0457
100M,chip_220_184_merged.tif,0.2,3,1619744724,39,33.0341,36.7661,3.732
100M,chip_220_184_merged.tif,0.2,4,1139799206,39,34.7608,38.1184,3.3576
100M,chip_220_184_merged.tif,0.4,0,552804523,78,30.4106,33.4129,3.0023
100M,chip_220_184_merged.tif,0.4,1,72859005,78,30.4109,37.7835,7.3726
100M,chip_220_184_merged.tif,0.4,2,1839736022,78,32.3746,35.79,3.4154
100M,chip_220_184_merged.tif,0.4,3,1459129391,78,30.4084,37.2261,6.8177
100M,chip_220_184_merged.tif,0.4,4,979183873,78,34.3345,37.2353,2.9008
100M,chip_220_184_merged.tif,0.6,0,1956989964,117,31.7079,36.4262,4.7183
100M,chip_220_184_merged.tif,0.6,1,1477044446,117,30.2063,36.2761,6.0698
100M,chip_220_184_merged.tif,0.6,2,1096437815,117,31.0828,35.8805,4.7977
100M,chip_220_184_merged.tif,0.6,3,715831184,117,31.2858,36.3454,5.0595
100M,chip_220_184_merged.tif,0.6,4,235885666,117,30.8869,35.1861,4.2993
100M,chip_220_184_merged.tif,0.8,0,1474397768,156,30.9609,32.893,1.932
100M,chip_220_184_merged.tif,0.8,1,1093791137,156,31.6939,33.4589,1.765
100M,chip_220_184_merged.tif,0.8,2,613845619,156,31.6796,33.8825,2.2029
100M,chip_220_184_merged.tif,0.8,3,233238988,156,31.9047,34.0914,2.1867
100M,chip_220_184_merged.tif,0.8,4,1900777118,156,31.6892,32.8024,1.1131
100M,chip_220_257_merged.tif,0.2,0,1968218447,39,29.2561,36.2989,7.0428
100M,chip_220_257_merged.tif,0.2,1,1587611816,39,29.2547,35.9161,6.6614
100M,chip_220_257_merged.tif,0.2,2,1107666298,39,37.761,36.6032,-1.1578
100M,chip_220_257_merged.tif,0.2,3,727059667,39,29.2545,35.4905,6.236
100M,chip_220_257_merged.tif,0.2,4,247114149,39,30.2094,33.4858,3.2764
100M,chip_220_257_merged.tif,0.4,0,902943377,78,29.4809,33.6996,4.2187
100M,chip_220_257_merged.tif,0.4,1,522336746,78,30.581,33.1568,2.5757
100M,chip_220_257_merged.tif,0.4,2,141730115,78,30.532,33.3441,2.8121
100M,chip_220_257_merged.tif,0.4,3,1809268245,78,29.1622,34.1656,5.0034
100M,chip_220_257_merged.tif,0.4,4,1428661614,78,29.1617,34.5792,5.4175
100M,chip_220_257_merged.tif,0.6,0,1064304907,117,31.4365,32.402,0.9655
100M,chip_220_257_merged.tif,0.6,1,584359389,117,31.4304,33.878,2.4476
100M,chip_220_257_merged.tif,0.6,2,203752758,117,29.9381,32.5047,2.5666
100M,chip_220_257_merged.tif,0.6,3,1871290888,117,29.9087,32.6455,2.7368
100M,chip_220_257_merged.tif,0.6,4,1490684257,117,29.9121,32.3146,2.4024
100M,chip_220_257_merged.tif,0.8,0,581712711,156,30.6338,31.5934,0.9596
100M,chip_220_257_merged.tif,0.8,1,201106080,156,30.5084,32.5308,2.0224
100M,chip_220_257_merged.tif,0.8,2,1868644210,156,30.7832,32.1673,1.3841
100M,chip_220_257_merged.tif,0.8,3,1488037579,156,30.2569,31.256,0.999
100M,chip_220_257_merged.tif,0.8,4,1008092061,156,30.8012,32.7215,1.9203
100M,chip_220_306_merged.tif,0.2,0,619737285,39,32.2983,36.1015,3.8031
100M,chip_220_306_merged.tif,0.2,1,239130654,39,31.3669,34.4253,3.0583
100M,chip_220_306_merged.tif,0.2,2,1906668784,39,28.115,34.51,6.395
100M,chip_220_306_merged.tif,0.2,3,1526062153,39,29.5376,35.0358,5.4982
100M,chip_220_306_merged.tif,0.2,4,1046116635,39,31.3075,34.2749,2.9674
100M,chip_220_306_merged.tif,0.4,0,1701945863,78,29.0607,32.7017,3.641
100M,chip_220_306_merged.tif,0.4,1,1321339232,78,28.9195,33.9995,5.08
100M,chip_220_306_merged.tif,0.4,2,940732601,78,28.9395,33.7051,4.7656
100M,chip_220_306_merged.tif,0.4,3,460787083,78,28.6778,33.0569,4.3791
100M,chip_220_306_merged.tif,0.4,4,80180452,78,27.4071,34.1768,6.7697
100M,chip_220_306_merged.tif,0.6,0,1057986543,117,29.1798,32.038,2.8582
100M,chip_220_306_merged.tif,0.6,1,578041025,117,29.1355,31.7251,2.5895
100M,chip_220_306_merged.tif,0.6,2,197434394,117,28.7553,30.9722,2.2169
100M,chip_220_306_merged.tif,0.6,3,1864972524,117,28.9188,31.947,3.0282
100M,chip_220_306_merged.tif,0.6,4,1484365893,117,28.4945,31.0235,2.5291
100M,chip_220_306_merged.tif,0.8,0,575394347,156,27.675,29.9897,2.3147
100M,chip_220_306_merged.tif,0.8,1,95448829,156,27.3766,30.3261,2.9495
100M,chip_220_306_merged.tif,0.8,2,1862325846,156,29.4938,29.597,0.1032
100M,chip_220_306_merged.tif,0.8,3,1382380328,156,29.501,31.0275,1.5265
100M,chip_220_306_merged.tif,0.8,4,1001773697,156,27.6707,29.7723,2.1016
100M,chip_220_333_merged.tif,0.2,0,1897973062,39,32.1182,34.4755,2.3573
100M,chip_220_333_merged.tif,0.2,1,1517366431,39,34.1374,34.7832,0.6458
100M,chip_220_333_merged.tif,0.2,2,1037420913,39,32.0621,35.5455,3.4834
100M,chip_220_333_merged.tif,0.2,3,656814282,39,32.0622,35.4514,3.3892
100M,chip_220_333_merged.tif,0.2,4,276207651,39,32.6772,36.1575,3.4803
100M,chip_220_333_merged.tif,0.4,0,1737357729,78,31.7941,34.7214,2.9274
100M,chip_220_333_merged.tif,0.4,1,1356751098,78,31.7203,34.4525,2.7321
100M,chip_220_333_merged.tif,0.4,2,876805580,78,31.7207,33.9693,2.2486
100M,chip_220_333_merged.tif,0.4,3,496198949,78,31.1943,34.1497,2.9555
100M,chip_220_333_merged.tif,0.4,4,16253431,78,32.0102,35.1084,3.0982
100M,chip_220_333_merged.tif,0.6,0,994059522,117,31.6297,33.2213,1.5916
100M,chip_220_333_merged.tif,0.6,1,613452891,117,31.5635,33.481,1.9175
100M,chip_220_333_merged.tif,0.6,2,133507373,117,31.5081,33.229,1.7209
100M,chip_220_333_merged.tif,0.6,3,1900384390,117,31.2432,33.7482,2.505
100M,chip_220_333_merged.tif,0.6,4,1420438872,117,30.3965,34.3611,3.9646
100M,chip_220_333_merged.tif,0.8,0,511467326,156,31.0601,32.3509,1.2908
100M,chip_220_333_merged.tif,0.8,1,130860695,156,31.5089,31.883,0.3741
100M,chip_220_333_merged.tif,0.8,2,1798398825,156,30.48,31.7007,1.2206
100M,chip_220_333_merged.tif,0.8,3,1417792194,156,30.4731,32.3924,1.9192
100M,chip_220_333_merged.tif,0.8,4,1037185563,156,31.0437,32.354,1.3104
100M,chip_221_316_merged.tif,0.2,0,639671884,39,38.7074,39.3327,0.6252
100M,chip_221_316_merged.tif,0.2,1,159726366,39,38.1117,40.0417,1.93
100M,chip_221_316_merged.tif,0.2,2,1926603383,39,36.685,39.5298,2.8448
100M,chip_221_316_merged.tif,0.2,3,1446657865,39,37.5921,40.0926,2.5006
100M,chip_221_316_merged.tif,0.2,4,1066051234,39,38.318,38.8777,0.5597
100M,chip_221_316_merged.tif,0.4,0,379717664,78,37.306,39.7106,2.4045
100M,chip_221_316_merged.tif,0.4,1,2146594681,78,37.321,39.9861,2.6651
100M,chip_221_316_merged.tif,0.4,2,1666649163,78,36.691,38.726,2.0351
100M,chip_221_316_merged.tif,0.4,3,1286042532,78,36.7861,37.9579,1.1718
100M,chip_221_316_merged.tif,0.4,4,905435901,78,37.3782,39.5865,2.2084
100M,chip_221_316_merged.tif,0.6,0,1783903105,117,36.9627,37.0561,0.0933
100M,chip_221_316_merged.tif,0.6,1,1403296474,117,36.244,38.5948,2.3508
100M,chip_221_316_merged.tif,0.6,2,923350956,117,36.6993,38.4519,1.7525
100M,chip_221_316_merged.tif,0.6,3,542744325,117,36.5759,38.6101,2.0342
100M,chip_221_316_merged.tif,0.6,4,162137694,117,37.0253,38.4732,1.4479
100M,chip_221_316_merged.tif,0.8,0,1400649796,156,36.6311,37.8201,1.189
100M,chip_221_316_merged.tif,0.8,1,920704278,156,36.5138,36.909,0.3952
100M,chip_221_316_merged.tif,0.8,2,540097647,156,36.7083,37.0559,0.3476
100M,chip_221_316_merged.tif,0.8,3,60152129,156,36.9542,37.6594,0.7052
100M,chip_221_316_merged.tif,0.8,4,1827029146,156,36.516,37.197,0.681
100M,chip_222_314_merged.tif,0.2,0,1268246452,39,37.0626,40.3922,3.3296
100M,chip_222_314_merged.tif,0.2,1,887639821,39,34.6103,39.5538,4.9435
100M,chip_222_314_merged.tif,0.2,2,407694303,39,34.7171,39.6984,4.9813
100M,chip_222_314_merged.tif,0.2,3,27087672,39,37.5749,39.7386,2.1637
100M,chip_222_314_merged.tif,0.2,4,1793964689,39,36.0676,39.8199,3.7523
100M,chip_222_314_merged.tif,0.4,0,302310269,78,37.6598,39.2037,1.5439
100M,chip_222_314_merged.tif,0.4,1,1969848399,78,37.5417,38.8972,1.3555
100M,chip_222_314_merged.tif,0.4,2,1589241768,78,36.2735,38.7762,2.5027
100M,chip_222_314_merged.tif,0.4,3,1208635137,78,37.5426,38.4082,0.8656
100M,chip_222_314_merged.tif,0.4,4,728689619,78,37.0834,39.1875,2.1041
100M,chip_222_314_merged.tif,0.6,0,364332912,117,36.5328,38.1852,1.6524
100M,chip_222_314_merged.tif,0.6,1,2131209929,117,35.6049,38.4615,2.8566
100M,chip_222_314_merged.tif,0.6,2,1651264411,117,36.538,38.6471,2.1091
100M,chip_222_314_merged.tif,0.6,3,1270657780,117,37.157,38.749,1.592
100M,chip_222_314_merged.tif,0.6,4,790712262,117,36.5426,37.5792,1.0365
100M,chip_222_314_merged.tif,0.8,0,2029224364,156,35.5434,37.3643,1.8209
100M,chip_222_314_merged.tif,0.8,1,1648617733,156,35.7927,36.7845,0.9919
100M,chip_222_314_merged.tif,0.8,2,1168672215,156,35.874,37.7804,1.9064
100M,chip_222_314_merged.tif,0.8,3,788065584,156,36.1759,37.3948,1.2189
100M,chip_222_314_merged.tif,0.8,4,407458953,156,36.1899,36.7351,0.5451
100M,chip_222_369_merged.tif,0.2,0,804100505,39,32.7819,36.2266,3.4447
100M,chip_222_369_merged.tif,0.2,1,324154987,39,33.0632,35.3557,2.2925
100M,chip_222_369_merged.tif,0.2,2,2091032004,39,32.9134,34.4841,1.5706
100M,chip_222_369_merged.tif,0.2,3,1611086486,39,32.6546,36.2037,3.5491
100M,chip_222_369_merged.tif,0.2,4,1230479855,39,33.468,35.9183,2.4503
100M,chip_222_369_merged.tif,0.4,0,544146285,78,33.8314,34.7569,0.9255
100M,chip_222_369_merged.tif,0.4,1,163539654,78,32.9456,35.3341,2.3885
100M,chip_222_369_merged.tif,0.4,2,1831077784,78,32.9,33.9529,1.0529
100M,chip_222_369_merged.tif,0.4,3,1450471153,78,32.7733,34.8539,2.0807
100M,chip_222_369_merged.tif,0.4,4,1069864522,78,33.5545,35.0343,1.4798
100M,chip_222_369_merged.tif,0.6,0,1948331726,117,33.2241,34.648,1.4238
100M,chip_222_369_merged.tif,0.6,1,1567725095,117,33.2323,33.777,0.5447
100M,chip_222_369_merged.tif,0.6,2,1087779577,117,33.2207,33.7922,0.5715
100M,chip_222_369_merged.tif,0.6,3,707172946,117,32.2671,34.4792,2.212
100M,chip_222_369_merged.tif,0.6,4,326566315,117,32.4158,34.4541,2.0383
100M,chip_222_369_merged.tif,0.8,0,1565078417,156,32.2343,32.9391,0.7048
100M,chip_222_369_merged.tif,0.8,1,1085132899,156,32.6051,33.5487,0.9436
100M,chip_222_369_merged.tif,0.8,2,704526268,156,32.5987,32.4167,-0.182
100M,chip_222_369_merged.tif,0.8,3,224580750,156,32.6995,33.6196,0.9201
100M,chip_222_369_merged.tif,0.8,4,1991457767,156,33.0602,33.5391,0.4788
100M,chip_223_311_merged.tif,0.2,0,866470165,39,29.84,34.4567,4.6167
100M,chip_223_311_merged.tif,0.2,1,386524647,39,28.7585,34.8852,6.1267
100M,chip_223_311_merged.tif,0.2,2,5918016,39,33.7998,35.2495,1.4497
100M,chip_223_311_merged.tif,0.2,3,1772795033,39,30.1813,34.4613,4.2801
100M,chip_223_311_merged.tif,0.2,4,1292849515,39,28.7308,35.312,6.5812
100M,chip_223_311_merged.tif,0.4,0,705854832,78,29.8978,34.5867,4.6889
100M,chip_223_311_merged.tif,0.4,1,225909314,78,30.0052,33.7212,3.716
100M,chip_223_311_merged.tif,0.4,2,1992786331,78,30.0037,34.2096,4.2059
100M,chip_223_311_merged.tif,0.4,3,1512840813,78,28.4179,34.0328,5.6149
100M,chip_223_311_merged.tif,0.4,4,1132234182,78,29.911,34.1089,4.1979
100M,chip_223_311_merged.tif,0.6,0,2110040273,117,29.0206,34.1534,5.1328
100M,chip_223_311_merged.tif,0.6,1,1630094755,117,29.3101,33.5097,4.1996
100M,chip_223_311_merged.tif,0.6,2,1249488124,117,29.0622,33.4162,4.354
100M,chip_223_311_merged.tif,0.6,3,769542606,117,29.3432,33.2367,3.8935
100M,chip_223_311_merged.tif,0.6,4,388935975,117,29.3096,33.0832,3.7736
100M,chip_223_311_merged.tif,0.8,0,1627448077,156,29.2909,31.2133,1.9224
100M,chip_223_311_merged.tif,0.8,1,1147502559,156,29.3146,31.2182,1.9036
100M,chip_223_311_merged.tif,0.8,2,766895928,156,28.9788,32.1492,3.1704
100M,chip_223_311_merged.tif,0.8,3,386289297,156,29.4754,30.5642,1.0889
100M,chip_223_311_merged.tif,0.8,4,2053827427,156,29.3187,30.2739,0.9552
100M,chip_223_483_merged.tif,0.2,0,859421429,39,33.6549,36.7226,3.0677
100M,chip_223_483_merged.tif,0.2,1,478814798,39,34.4063,36.4916,2.0853
100M,chip_223_483_merged.tif,0.2,2,98208167,39,33.5995,36.9337,3.3342
100M,chip_223_483_merged.tif,0.2,3,1765746297,39,33.6148,36.3233,2.7086
100M,chip_223_483_merged.tif,0.2,4,1385139666,39,34.2143,36.051,1.8367
100M,chip_223_483_merged.tif,0.4,0,698806096,78,34.4687,35.7475,1.2788
100M,chip_223_483_merged.tif,0.4,1,318199465,78,33.3229,36.0617,2.7388
100M,chip_223_483_merged.tif,0.4,2,1985737595,78,33.0128,35.7649,2.7521
100M,chip_223_483_merged.tif,0.4,3,1605130964,78,34.9892,35.7615,0.7722
100M,chip_223_483_merged.tif,0.4,4,1125185446,78,33.3236,36.2402,2.9166
100M,chip_223_483_merged.tif,0.6,0,2102991537,117,33.5474,35.2337,1.6863
100M,chip_223_483_merged.tif,0.6,1,1722384906,117,33.7076,34.6367,0.9291
100M,chip_223_483_merged.tif,0.6,2,1242439388,117,33.507,35.1631,1.6561
100M,chip_223_483_merged.tif,0.6,3,861832757,117,33.7546,35.2651,1.5105
100M,chip_223_483_merged.tif,0.6,4,481226126,117,33.6418,35.5174,1.8756
100M,chip_223_483_merged.tif,0.8,0,1620399341,156,33.4991,33.9298,0.4307
100M,chip_223_483_merged.tif,0.8,1,1239792710,156,33.4962,34.7297,1.2335
100M,chip_223_483_merged.tif,0.8,2,859186079,156,33.3753,34.585,1.2097
100M,chip_223_483_merged.tif,0.8,3,379240561,156,33.4427,34.2465,0.8038
100M,chip_223_483_merged.tif,0.8,4,2146117578,156,33.5,34.1419,0.6419
100M,chip_223_491_merged.tif,0.2,0,58374606,39,35.1442,35.942,0.7978
100M,chip_223_491_merged.tif,0.2,1,1725912736,39,31.0234,36.1143,5.0909
100M,chip_223_491_merged.tif,0.2,2,1345306105,39,35.0303,35.8209,0.7906
100M,chip_223_491_merged.tif,0.2,3,865360587,39,34.8514,36.5806,1.7291
100M,chip_223_491_merged.tif,0.2,4,484753956,39,34.2774,37.0689,2.7914
100M,chip_223_491_merged.tif,0.4,0,1945904034,78,31.2892,36.0499,4.7607
100M,chip_223_491_merged.tif,0.4,1,1565297403,78,34.9818,36.7095,1.7277
100M,chip_223_491_merged.tif,0.4,2,1085351885,78,34.4261,35.1103,0.6842
100M,chip_223_491_merged.tif,0.4,3,704745254,78,34.089,36.0166,1.9276
100M,chip_223_491_merged.tif,0.4,4,324138623,78,33.7464,35.6916,1.9452
100M,chip_223_491_merged.tif,0.6,0,1202605827,117,33.0641,34.8356,1.7715
100M,chip_223_491_merged.tif,0.6,1,821999196,117,32.1108,35.5481,3.4373
100M,chip_223_491_merged.tif,0.6,2,441392565,117,33.45,35.0794,1.6294
100M,chip_223_491_merged.tif,0.6,3,2108930695,117,33.0552,35.5607,2.5055
100M,chip_223_491_merged.tif,0.6,4,1728324064,117,34.4367,34.8415,0.4048
100M,chip_223_491_merged.tif,0.8,0,819352518,156,32.9149,33.8744,0.9595
100M,chip_223_491_merged.tif,0.8,1,339407000,156,32.2836,34.0406,1.757
100M,chip_223_491_merged.tif,0.8,2,2106284017,156,32.541,33.5083,0.9673
100M,chip_223_491_merged.tif,0.8,3,1626338499,156,32.8812,33.755,0.8738
100M,chip_223_491_merged.tif,0.8,4,1245731868,156,32.6531,33.553,0.8999
100M,chip_224_326_merged.tif,0.2,0,963264328,39,35.3442,38.2021,2.8579
100M,chip_224_326_merged.tif,0.2,1,582657697,39,36.1539,38.2002,2.0463
100M,chip_224_326_merged.tif,0.2,2,102712179,39,33.7978,38.6946,4.8968
100M,chip_224_326_merged.tif,0.2,3,1869589196,39,35.7504,38.9868,3.2365
100M,chip_224_326_merged.tif,0.2,4,1389643678,39,36.1183,38.1088,1.9905
100M,chip_224_326_merged.tif,0.4,0,2045472906,78,34.249,37.597,3.348
100M,chip_224_326_merged.tif,0.4,1,1664866275,78,34.1667,38.1547,3.988
100M,chip_224_326_merged.tif,0.4,2,1284259644,78,34.4299,37.2366,2.8067
100M,chip_224_326_merged.tif,0.4,3,804314126,78,34.523,38.5395,4.0165
100M,chip_224_326_merged.tif,0.4,4,423707495,78,35.6078,37.6339,2.026
100M,chip_224_326_merged.tif,0.6,0,59350788,117,34.57,36.5066,1.9366
100M,chip_224_326_merged.tif,0.6,1,1726888918,117,35.0134,37.5241,2.5107
100M,chip_224_326_merged.tif,0.6,2,1346282287,117,34.4117,36.4269,2.0152
100M,chip_224_326_merged.tif,0.6,3,866336769,117,35.2282,37.2583,2.0301
100M,chip_224_326_merged.tif,0.6,4,485730138,117,34.5607,36.5562,1.9956
100M,chip_224_326_merged.tif,0.8,0,1724242240,156,34.6435,35.527,0.8834
100M,chip_224_326_merged.tif,0.8,1,1343635609,156,33.9691,35.888,1.9189
100M,chip_224_326_merged.tif,0.8,2,863690091,156,34.6614,35.4275,0.7661
100M,chip_224_326_merged.tif,0.8,3,483083460,156,34.2871,35.7035,1.4164
100M,chip_224_326_merged.tif,0.8,4,3137942,156,33.9868,35.2054,1.2186
100M,chip_224_439_merged.tif,0.2,0,860351006,39,33.9365,35.6459,1.7093
100M,chip_224_439_merged.tif,0.2,1,380405488,39,35.4023,36.4423,1.04
100M,chip_224_439_merged.tif,0.2,2,2147282505,39,33.3949,36.431,3.0362
100M,chip_224_439_merged.tif,0.2,3,1667336987,39,33.4739,35.0086,1.5346
100M,chip_224_439_merged.tif,0.2,4,1286730356,39,34.8952,36.3841,1.4889
100M,chip_224_439_merged.tif,0.4,0,1942559584,78,32.4768,36.016,3.5392
100M,chip_224_439_merged.tif,0.4,1,1561952953,78,34.177,35.6589,1.4819
100M,chip_224_439_merged.tif,0.4,2,1082007435,78,34.839,35.3571,0.518
100M,chip_224_439_merged.tif,0.4,3,701400804,78,34.6607,35.3236,0.6629
100M,chip_224_439_merged.tif,0.4,4,221455286,78,30.8075,35.3374,4.53
100M,chip_224_439_merged.tif,0.6,0,1199261377,117,33.3323,34.566,1.2338
100M,chip_224_439_merged.tif,0.6,1,818654746,117,32.5791,34.6603,2.0812
100M,chip_224_439_merged.tif,0.6,2,338709228,117,32.8151,34.6834,1.8682
100M,chip_224_439_merged.tif,0.6,3,2105586245,117,34.4162,34.6276,0.2114
100M,chip_224_439_merged.tif,0.6,4,1625640727,117,29.8617,34.7726,4.9109
100M,chip_224_439_merged.tif,0.8,0,716669181,156,33.1102,33.8207,0.7105
100M,chip_224_439_merged.tif,0.8,1,336062550,156,30.6715,34.3412,3.6697
100M,chip_224_439_merged.tif,0.8,2,2003600680,156,33.0677,33.9685,0.9008
100M,chip_224_439_merged.tif,0.8,3,1622994049,156,33.3264,33.0045,-0.3219
100M,chip_224_439_merged.tif,0.8,4,1242387418,156,33.0474,32.708,-0.3395
100M,chip_224_440_merged.tif,0.2,0,711695816,39,33.3964,36.8312,3.4347
100M,chip_224_440_merged.tif,0.2,1,231750298,39,36.5578,36.7204,0.1626
100M,chip_224_440_merged.tif,0.2,2,1998627315,39,33.7452,36.7357,2.9905
100M,chip_224_440_merged.tif,0.2,3,1518681797,39,36.6346,36.6139,-0.0207
100M,chip_224_440_merged.tif,0.2,4,1138075166,39,33.863,35.9542,2.0912
100M,chip_224_440_merged.tif,0.4,0,1793904394,78,35.0935,36.097,1.0034
100M,chip_224_440_merged.tif,0.4,1,1413297763,78,35.093,35.8803,0.7873
100M,chip_224_440_merged.tif,0.4,2,933352245,78,36.3053,36.1187,-0.1866
100M,chip_224_440_merged.tif,0.4,3,552745614,78,33.1138,36.1958,3.082
100M,chip_224_440_merged.tif,0.4,4,72800096,78,36.3052,35.7285,-0.5766
100M,chip_224_440_merged.tif,0.6,0,1855927037,117,31.9493,35.4129,3.4636
100M,chip_224_440_merged.tif,0.6,1,1475320406,117,34.0808,35.0188,0.9381
100M,chip_224_440_merged.tif,0.6,2,1094713775,117,34.7349,34.6496,-0.0853
100M,chip_224_440_merged.tif,0.6,3,614768257,117,31.9523,35.4398,3.4875
100M,chip_224_440_merged.tif,0.6,4,234161626,117,31.9453,35.557,3.6117
100M,chip_224_440_merged.tif,0.8,0,1472673728,156,33.9008,34.3487,0.4479
100M,chip_224_440_merged.tif,0.8,1,992728210,156,33.9329,34.5636,0.6308
100M,chip_224_440_merged.tif,0.8,2,612121579,156,33.8946,34.683,0.7884
100M,chip_224_440_merged.tif,0.8,3,132176061,156,32.5165,34.7531,2.2365
100M,chip_224_440_merged.tif,0.8,4,1899053078,156,34.1,34.779,0.679
100M,chip_225_357_merged.tif,0.2,0,1459113379,39,32.3401,34.3119,1.9719
100M,chip_225_357_merged.tif,0.2,1,979167861,39,33.4027,35.4347,2.032
100M,chip_225_357_merged.tif,0.2,2,598561230,39,32.9102,35.7716,2.8614
100M,chip_225_357_merged.tif,0.2,3,217954599,39,32.8062,34.9015,2.0953
100M,chip_225_357_merged.tif,0.2,4,1885492729,39,32.8055,34.7542,1.9487
100M,chip_225_357_merged.tif,0.4,0,1298498046,78,30.7168,34.0904,3.3736
100M,chip_225_357_merged.tif,0.4,1,818552528,78,30.7164,34.3814,3.665
100M,chip_225_357_merged.tif,0.4,2,437945897,78,32.6202,34.0102,1.3899
100M,chip_225_357_merged.tif,0.4,3,2105484027,78,30.717,33.9498,3.2328
100M,chip_225_357_merged.tif,0.4,4,1724877396,78,32.5213,33.7823,1.261
100M,chip_225_357_merged.tif,0.6,0,555199839,117,31.9461,33.7871,1.841
100M,chip_225_357_merged.tif,0.6,1,75254321,117,31.2685,33.7954,2.5269
100M,chip_225_357_merged.tif,0.6,2,1842131338,117,32.2263,33.531,1.3048
100M,chip_225_357_merged.tif,0.6,3,1362185820,117,31.2064,33.9278,2.7214
100M,chip_225_357_merged.tif,0.6,4,981579189,117,32.7833,33.5098,0.7265
100M,chip_225_357_merged.tif,0.8,0,72607643,156,32.1481,32.5873,0.4392
100M,chip_225_357_merged.tif,0.8,1,1740145773,156,31.3034,32.6587,1.3553
100M,chip_225_357_merged.tif,0.8,2,1359539142,156,31.2824,32.8797,1.5973
100M,chip_225_357_merged.tif,0.8,3,978932511,156,32.1227,32.6535,0.5308
100M,chip_225_357_merged.tif,0.8,4,498986993,156,31.3091,33.0576,1.7486
100M,chip_225_371_merged.tif,0.2,0,145437395,39,34.0523,34.8723,0.82
100M,chip_225_371_merged.tif,0.2,1,1912314412,39,33.468,34.8596,1.3916
100M,chip_225_371_merged.tif,0.2,2,1432368894,39,33.4142,35.2389,1.8247
100M,chip_225_371_merged.tif,0.2,3,1051762263,39,34.3111,34.9623,0.6512
100M,chip_225_371_merged.tif,0.2,4,571816745,39,33.4985,35.9674,2.4689
100M,chip_225_371_merged.tif,0.4,0,2132305710,78,31.8399,35.1483,3.3085
100M,chip_225_371_merged.tif,0.4,1,1652360192,78,32.0099,34.1272,2.1173
100M,chip_225_371_merged.tif,0.4,2,1271753561,78,31.6599,34.5025,2.8426
100M,chip_225_371_merged.tif,0.4,3,891146930,78,31.6184,34.7423,3.1239
100M,chip_225_371_merged.tif,0.4,4,411201412,78,31.5489,34.0304,2.4815
100M,chip_225_371_merged.tif,0.6,0,1389007503,117,31.7539,33.9367,2.1828
100M,chip_225_371_merged.tif,0.6,1,909061985,117,31.8765,33.9239,2.0474
100M,chip_225_371_merged.tif,0.6,2,528455354,117,31.8907,34.1226,2.2318
100M,chip_225_371_merged.tif,0.6,3,147848723,117,31.5626,33.9515,2.3889
100M,chip_225_371_merged.tif,0.6,4,1815386853,117,31.1192,34.6227,3.5035
100M,chip_225_371_merged.tif,0.8,0,906415307,156,32.1623,33.2891,1.1268
100M,chip_225_371_merged.tif,0.8,1,525808676,156,31.5449,33.3032,1.7583
100M,chip_225_371_merged.tif,0.8,2,45863158,156,32.1488,32.6066,0.4577
100M,chip_225_371_merged.tif,0.8,3,1812740175,156,30.6043,32.3516,1.7473
100M,chip_225_371_merged.tif,0.8,4,1332794657,156,31.7329,33.3039,1.5711
100M,chip_226_328_merged.tif,0.2,0,1797658838,39,37.9597,39.8781,1.9184
100M,chip_226_328_merged.tif,0.2,1,1417052207,39,38.4775,39.0808,0.6034
100M,chip_226_328_merged.tif,0.2,2,937106689,39,38.1478,39.6834,1.5355
100M,chip_226_328_merged.tif,0.2,3,556500058,39,37.1036,40.3889,3.2853
100M,chip_226_328_merged.tif,0.2,4,175893427,39,35.82,38.1683,2.3483
100M,chip_226_328_merged.tif,0.4,0,831722655,78,36.0823,39.056,2.9737
100M,chip_226_328_merged.tif,0.4,1,351777137,78,37.3069,39.6018,2.2949
100M,chip_226_328_merged.tif,0.4,2,2118654154,78,37.8353,39.1335,1.2981
100M,chip_226_328_merged.tif,0.4,3,1738047523,78,36.9437,39.313,2.3693
100M,chip_226_328_merged.tif,0.4,4,1258102005,78,36.083,39.2746,3.1916
100M,chip_226_328_merged.tif,0.6,0,893745298,117,36.7693,38.5721,1.8029
100M,chip_226_328_merged.tif,0.6,1,513138667,117,36.2991,38.5596,2.2604
100M,chip_226_328_merged.tif,0.6,2,33193149,117,36.3889,38.8047,2.4158
100M,chip_226_328_merged.tif,0.6,3,1800070166,117,36.3803,38.123,1.7427
100M,chip_226_328_merged.tif,0.6,4,1320124648,117,36.1538,38.2375,2.0836
100M,chip_226_328_merged.tif,0.8,0,411153102,156,35.9975,36.6983,0.7008
100M,chip_226_328_merged.tif,0.8,1,30546471,156,36.4922,37.1999,0.7077
100M,chip_226_328_merged.tif,0.8,2,1698084601,156,36.569,36.7423,0.1733
100M,chip_226_328_merged.tif,0.8,3,1317477970,156,36.4163,37.3978,0.9815
100M,chip_226_328_merged.tif,0.8,4,936871339,156,36.5229,37.696,1.1731
100M,chip_227_293_merged.tif,0.2,0,1621270196,39,33.5777,37.6814,4.1037
100M,chip_227_293_merged.tif,0.2,1,1141324678,39,32.8575,37.2444,4.387
100M,chip_227_293_merged.tif,0.2,2,760718047,39,32.4427,36.3612,3.9185
100M,chip_227_293_merged.tif,0.2,3,380111416,39,29.9626,37.9166,7.954
100M,chip_227_293_merged.tif,0.2,4,2047649546,39,32.5986,37.777,5.1783
100M,chip_227_293_merged.tif,0.4,0,555995126,78,31.0716,36.512,5.4404
100M,chip_227_293_merged.tif,0.4,1,175388495,78,31.4313,36.2449,4.8137
100M,chip_227_293_merged.tif,0.4,2,1842926625,78,30.23,36.94,6.7101
100M,chip_227_293_merged.tif,0.4,3,1462319994,78,30.8091,37.2806,6.4715
100M,chip_227_293_merged.tif,0.4,4,1081713363,78,31.0757,35.3818,4.3061
100M,chip_227_293_merged.tif,0.6,0,1960180567,117,29.2912,36.2982,7.0071
100M,chip_227_293_merged.tif,0.6,1,1579573936,117,30.122,35.0368,4.9148
100M,chip_227_293_merged.tif,0.6,2,1099628418,117,29.291,35.1022,5.8112
100M,chip_227_293_merged.tif,0.6,3,719021787,117,30.1101,35.9617,5.8516
100M,chip_227_293_merged.tif,0.6,4,338415156,117,31.1295,35.012,3.8825
100M,chip_227_293_merged.tif,0.8,0,1576927258,156,28.9654,31.9204,2.955
100M,chip_227_293_merged.tif,0.8,1,1096981740,156,29.0698,31.8472,2.7774
100M,chip_227_293_merged.tif,0.8,2,716375109,156,28.4073,32.0462,3.6389
100M,chip_227_293_merged.tif,0.8,3,236429591,156,30.3179,31.37,1.0521
100M,chip_227_293_merged.tif,0.8,4,2003306608,156,28.5479,32.4883,3.9404
100M,chip_228_314_merged.tif,0.2,0,804452164,39,32.0752,36.8182,4.743
100M,chip_228_314_merged.tif,0.2,1,423845533,39,32.9334,37.1957,4.2623
100M,chip_228_314_merged.tif,0.2,2,2091383663,39,32.3951,37.4321,5.037
100M,chip_228_314_merged.tif,0.2,3,1710777032,39,32.3928,36.8821,4.4893
100M,chip_228_314_merged.tif,0.2,4,1230831514,39,33.4356,36.5413,3.1057
100M,chip_228_314_merged.tif,0.4,0,1886660742,78,31.4228,35.2106,3.7878
100M,chip_228_314_merged.tif,0.4,1,1506054111,78,30.9857,36.1552,5.1696
100M,chip_228_314_merged.tif,0.4,2,1125447480,78,26.8738,34.5116,7.6378
100M,chip_228_314_merged.tif,0.4,3,645501962,78,29.9465,33.4223,3.4758
100M,chip_228_314_merged.tif,0.4,4,264895331,78,29.9469,35.3293,5.3823
100M,chip_228_314_merged.tif,0.6,0,2048022272,117,28.0608,34.1524,6.0916
100M,chip_228_314_merged.tif,0.6,1,1568076754,117,28.0518,33.2613,5.2095
100M,chip_228_314_merged.tif,0.6,2,1187470123,117,29.2697,33.043,3.7733
100M,chip_228_314_merged.tif,0.6,3,707524605,117,28.7212,34.7352,6.014
100M,chip_228_314_merged.tif,0.6,4,326917974,117,30.1106,33.8535,3.7429
100M,chip_228_314_merged.tif,0.8,0,1565430076,156,28.035,32.0999,4.0649
100M,chip_228_314_merged.tif,0.8,1,1085484558,156,29.0244,32.0375,3.0131
100M,chip_228_314_merged.tif,0.8,2,704877927,156,28.0097,29.9059,1.8962
100M,chip_228_314_merged.tif,0.8,3,324271296,156,29.0093,32.6419,3.6326
100M,chip_228_314_merged.tif,0.8,4,1991809426,156,29.0503,30.3843,1.334
100M,chip_230_282_merged.tif,0.2,0,885804417,39,38.9603,41.57,2.6097
100M,chip_230_282_merged.tif,0.2,1,405858899,39,39.0026,40.7834,1.7807
100M,chip_230_282_merged.tif,0.2,2,25252268,39,39.2868,40.4218,1.1349
100M,chip_230_282_merged.tif,0.2,3,1792129285,39,38.9126,41.3455,2.4329
100M,chip_230_282_merged.tif,0.2,4,1312183767,39,39.2889,41.5995,2.3106
100M,chip_230_282_merged.tif,0.4,0,725189084,78,38.3015,40.8172,2.5157
100M,chip_230_282_merged.tif,0.4,1,245243566,78,38.1581,39.8826,1.7246
100M,chip_230_282_merged.tif,0.4,2,2012120583,78,36.5526,40.5622,4.0096
100M,chip_230_282_merged.tif,0.4,3,1532175065,78,36.0374,39.5383,3.5009
100M,chip_230_282_merged.tif,0.4,4,1151568434,78,38.875,39.4008,0.5258
100M,chip_230_282_merged.tif,0.6,0,2129374525,117,35.7151,38.7954,3.0802
100M,chip_230_282_merged.tif,0.6,1,1649429007,117,35.1135,37.6852,2.5717
100M,chip_230_282_merged.tif,0.6,2,1268822376,117,35.5222,37.7907,2.2685
100M,chip_230_282_merged.tif,0.6,3,788876858,117,33.882,35.4409,1.5589
100M,chip_230_282_merged.tif,0.6,4,408270227,117,35.138,38.3286,3.1906
100M,chip_230_282_merged.tif,0.8,0,1646782329,156,35.0888,37.8605,2.7717
100M,chip_230_282_merged.tif,0.8,1,1166836811,156,35.5232,36.436,0.9128
100M,chip_230_282_merged.tif,0.8,2,786230180,156,35.4736,37.4306,1.957
100M,chip_230_282_merged.tif,0.8,3,405623549,156,35.5932,36.8919,1.2987
100M,chip_230_282_merged.tif,0.8,4,2073161679,156,35.0871,37.9613,2.8742
100M,chip_230_302_merged.tif,0.2,0,770889425,39,31.8347,38.3448,6.5101
100M,chip_230_302_merged.tif,0.2,1,290943907,39,34.7776,38.6194,3.8418
100M,chip_230_302_merged.tif,0.2,2,2057820924,39,31.8381,37.6497,5.8115
100M,chip_230_302_merged.tif,0.2,3,1577875406,39,35.5057,37.8114,2.3057
100M,chip_230_302_merged.tif,0.2,4,1197268775,39,33.1838,33.646,0.4622
100M,chip_230_302_merged.tif,0.4,0,510935205,78,33.677,33.9668,0.2898
100M,chip_230_302_merged.tif,0.4,1,130328574,78,32.769,35.8371,3.0681
100M,chip_230_302_merged.tif,0.4,2,1897205591,78,34.2201,36.8832,2.6631
100M,chip_230_302_merged.tif,0.4,3,1417260073,78,32.6669,34.7673,2.1004
100M,chip_230_302_merged.tif,0.4,4,1036653442,78,33.625,37.0309,3.4059
100M,chip_230_302_merged.tif,0.6,0,2014459533,117,32.5647,36.1839,3.6191
100M,chip_230_302_merged.tif,0.6,1,1534514015,117,32.1646,34.8406,2.676
100M,chip_230_302_merged.tif,0.6,2,1153907384,117,32.5596,35.6382,3.0786
100M,chip_230_302_merged.tif,0.6,3,673961866,117,32.6049,35.4793,2.8744
100M,chip_230_302_merged.tif,0.6,4,293355235,117,32.1194,34.5421,2.4227
100M,chip_230_302_merged.tif,0.8,0,1531867337,156,31.3526,33.9015,2.5489
100M,chip_230_302_merged.tif,0.8,1,1051921819,156,32.389,34.8015,2.4125
100M,chip_230_302_merged.tif,0.8,2,671315188,156,30.8454,34.8942,4.0488
100M,chip_230_302_merged.tif,0.8,3,191369670,156,30.9523,32.6462,1.6939
100M,chip_230_302_merged.tif,0.8,4,1958246687,156,30.8375,34.0508,3.2133
100M,chip_230_303_merged.tif,0.2,0,211445898,39,33.3135,37.0707,3.7571
100M,chip_230_303_merged.tif,0.2,1,1978322915,39,31.3004,37.1783,5.878
100M,chip_230_303_merged.tif,0.2,2,1498377397,39,32.9511,36.7026,3.7515
100M,chip_230_303_merged.tif,0.2,3,1117770766,39,32.704,37.7069,5.0029
100M,chip_230_303_merged.tif,0.2,4,737164135,39,31.2992,35.9486,4.6494
100M,chip_230_303_merged.tif,0.4,0,50830565,78,28.8088,35.1332,6.3244
100M,chip_230_303_merged.tif,0.4,1,1817707582,78,28.808,32.68,3.8721
100M,chip_230_303_merged.tif,0.4,2,1337762064,78,29.0885,35.1234,6.035
100M,chip_230_303_merged.tif,0.4,3,957155433,78,30.297,36.6785,6.3815
100M,chip_230_303_merged.tif,0.4,4,477209915,78,31.7614,35.7649,4.0035
100M,chip_230_303_merged.tif,0.6,0,1455016006,117,30.0717,35.4286,5.3568
100M,chip_230_303_merged.tif,0.6,1,1074409375,117,31.9785,34.2739,2.2954
100M,chip_230_303_merged.tif,0.6,2,594463857,117,30.0239,33.9977,3.9737
100M,chip_230_303_merged.tif,0.6,3,213857226,117,30.0315,35.0192,4.9878
100M,chip_230_303_merged.tif,0.6,4,1881395356,117,29.4328,34.0844,4.6516
100M,chip_230_303_merged.tif,0.8,0,972423810,156,29.8251,31.8323,2.0071
100M,chip_230_303_merged.tif,0.8,1,591817179,156,29.1402,33.7916,4.6514
100M,chip_230_303_merged.tif,0.8,2,111871661,156,29.7784,32.5947,2.8163
100M,chip_230_303_merged.tif,0.8,3,1878748678,156,28.1707,33.8429,5.6722
100M,chip_230_303_merged.tif,0.8,4,1498142047,156,29.23,31.1997,1.9698
100M,chip_230_458_merged.tif,0.2,0,1323618427,39,34.1137,36.609,2.4953
100M,chip_230_458_merged.tif,0.2,1,943011796,39,34.7058,36.0873,1.3815
100M,chip_230_458_merged.tif,0.2,2,463066278,39,33.2527,37.0,3.7474
100M,chip_230_458_merged.tif,0.2,3,82459647,39,33.3851,37.0387,3.6535
100M,chip_230_458_merged.tif,0.2,4,1749997777,39,34.431,36.5092,2.0782
100M,chip_230_458_merged.tif,0.4,0,1163003094,78,32.5132,36.7763,4.263
100M,chip_230_458_merged.tif,0.4,1,683057576,78,32.9726,36.0944,3.1218
100M,chip_230_458_merged.tif,0.4,2,302450945,78,33.0176,35.2676,2.25
100M,chip_230_458_merged.tif,0.4,3,2069327962,78,32.9728,36.3637,3.3909
100M,chip_230_458_merged.tif,0.4,4,1589382444,78,32.1954,36.0775,3.882
100M,chip_230_458_merged.tif,0.6,0,419704887,117,31.6172,35.8059,4.1887
100M,chip_230_458_merged.tif,0.6,1,2087243017,117,31.6484,36.0688,4.4204
100M,chip_230_458_merged.tif,0.6,2,1706636386,117,32.1314,35.4284,3.297
100M,chip_230_458_merged.tif,0.6,3,1326029755,117,33.2631,36.1208,2.8577
100M,chip_230_458_merged.tif,0.6,4,846084237,117,31.6594,33.4163,1.7569
100M,chip_230_458_merged.tif,0.8,0,2084596339,156,31.793,34.4275,2.6345
100M,chip_230_458_merged.tif,0.8,1,1703989708,156,31.5272,34.9331,3.4059
100M,chip_230_458_merged.tif,0.8,2,1224044190,156,31.8724,34.0911,2.2187
100M,chip_230_458_merged.tif,0.8,3,843437559,156,31.7549,34.6243,2.8694
100M,chip_230_458_merged.tif,0.8,4,363492041,156,31.5397,35.2976,3.758
100M,chip_230_490_merged.tif,0.2,0,1990388388,39,34.5011,34.4797,-0.0213
100M,chip_230_490_merged.tif,0.2,1,1510442870,39,34.2868,36.465,2.1782
100M,chip_230_490_merged.tif,0.2,2,1129836239,39,32.7823,36.6637,3.8815
100M,chip_230_490_merged.tif,0.2,3,749229608,39,34.5019,34.8065,0.3046
100M,chip_230_490_merged.tif,0.2,4,269284090,39,34.371,35.1996,0.8286
100M,chip_230_490_merged.tif,0.4,0,1829773055,78,33.4414,36.8479,3.4066
100M,chip_230_490_merged.tif,0.4,1,1349827537,78,32.9199,36.8658,3.9459
100M,chip_230_490_merged.tif,0.4,2,969220906,78,32.9043,36.3028,3.3985
100M,chip_230_490_merged.tif,0.4,3,489275388,78,33.7614,36.2208,2.4594
100M,chip_230_490_merged.tif,0.4,4,108668757,78,31.9175,36.6025,4.685
100M,chip_230_490_merged.tif,0.6,0,1086474848,117,32.4521,34.6369,2.1847
100M,chip_230_490_merged.tif,0.6,1,606529330,117,33.4242,35.039,1.6148
100M,chip_230_490_merged.tif,0.6,2,225922699,117,32.5542,35.4999,2.9457
100M,chip_230_490_merged.tif,0.6,3,1893460829,117,32.4768,35.3165,2.8397
100M,chip_230_490_merged.tif,0.6,4,1512854198,117,33.5763,35.894,2.3177
100M,chip_230_490_merged.tif,0.8,0,603882652,156,32.8521,33.5056,0.6535
100M,chip_230_490_merged.tif,0.8,1,123937134,156,32.983,34.503,1.52
100M,chip_230_490_merged.tif,0.8,2,1890814151,156,32.1736,33.7419,1.5683
100M,chip_230_490_merged.tif,0.8,3,1510207520,156,32.8648,33.5806,0.7159
100M,chip_230_490_merged.tif,0.8,4,1030262002,156,32.6923,33.479,0.7867
100M,chip_231_287_merged.tif,0.2,0,835890513,39,32.7815,35.7503,2.9687
100M,chip_231_287_merged.tif,0.2,1,355944995,39,32.4698,37.0659,4.5961
100M,chip_231_287_merged.tif,0.2,2,2122822012,39,32.7857,36.2816,3.496
100M,chip_231_287_merged.tif,0.2,3,1642876494,39,32.3223,34.6936,2.3712
100M,chip_231_287_merged.tif,0.2,4,1262269863,39,31.5302,36.0448,4.5146
100M,chip_231_287_merged.tif,0.4,0,1918099091,78,29.4473,34.7923,5.345
100M,chip_231_287_merged.tif,0.4,1,1537492460,78,29.6842,34.8273,5.1431
100M,chip_231_287_merged.tif,0.4,2,1057546942,78,30.8206,34.6156,3.795
100M,chip_231_287_merged.tif,0.4,3,676940311,78,29.2356,35.0452,5.8096
100M,chip_231_287_merged.tif,0.4,4,196994793,78,31.2347,35.8185,4.5837
100M,chip_231_287_merged.tif,0.6,0,1980121734,117,30.1375,34.1447,4.0072
100M,chip_231_287_merged.tif,0.6,1,1599515103,117,30.8281,33.8885,3.0603
100M,chip_231_287_merged.tif,0.6,2,1119569585,117,30.4734,33.7941,3.3207
100M,chip_231_287_merged.tif,0.6,3,738962954,117,30.7909,34.2703,3.4794
100M,chip_231_287_merged.tif,0.6,4,358356323,117,29.2943,33.2658,3.9715
100M,chip_231_287_merged.tif,0.8,0,1596868425,156,30.148,32.4316,2.2836
100M,chip_231_287_merged.tif,0.8,1,1116922907,156,29.645,30.8209,1.1759
100M,chip_231_287_merged.tif,0.8,2,736316276,156,29.7192,31.9479,2.2287
100M,chip_231_287_merged.tif,0.8,3,256370758,156,29.9897,32.829,2.8394
100M,chip_231_287_merged.tif,0.8,4,2023247775,156,29.3596,32.3116,2.952
100M,chip_231_331_merged.tif,0.2,0,1596610243,39,37.6229,39.9815,2.3585
100M,chip_231_331_merged.tif,0.2,1,1116664725,39,39.0762,40.3058,1.2296
100M,chip_231_331_merged.tif,0.2,2,736058094,39,39.077,36.9236,-2.1535
100M,chip_231_331_merged.tif,0.2,3,355451463,39,39.6106,39.9888,0.3782
100M,chip_231_331_merged.tif,0.2,4,2022989593,39,39.4602,40.1163,0.6562
100M,chip_231_331_merged.tif,0.4,0,1435994910,78,37.7855,38.9175,1.132
100M,chip_231_331_merged.tif,0.4,1,956049392,78,35.3044,39.582,4.2776
100M,chip_231_331_merged.tif,0.4,2,575442761,78,36.1253,39.2768,3.1515
100M,chip_231_331_merged.tif,0.4,3,95497243,78,35.9799,39.7171,3.7372
100M,chip_231_331_merged.tif,0.4,4,1862374260,78,38.6669,37.9422,-0.7247
100M,chip_231_331_merged.tif,0.6,0,692696703,117,34.9364,37.6789,2.7424
100M,chip_231_331_merged.tif,0.6,1,212751185,117,34.9371,38.4708,3.5337
100M,chip_231_331_merged.tif,0.6,2,1979628202,117,37.1036,38.2721,1.1685
100M,chip_231_331_merged.tif,0.6,3,1499682684,117,35.4729,38.4218,2.9489
100M,chip_231_331_merged.tif,0.6,4,1119076053,117,35.7259,37.3359,1.61
100M,chip_231_331_merged.tif,0.8,0,210104507,156,34.536,36.9708,2.4347
100M,chip_231_331_merged.tif,0.8,1,1877642637,156,35.7358,36.0895,0.3537
100M,chip_231_331_merged.tif,0.8,2,1497036006,156,34.5149,36.9567,2.4418
100M,chip_231_331_merged.tif,0.8,3,1017090488,156,35.9222,38.2071,2.285
100M,chip_231_331_merged.tif,0.8,4,636483857,156,36.1239,37.2971,1.1732
100M,chip_232_293_merged.tif,0.2,0,821612595,39,35.5165,37.0324,1.5159
100M,chip_232_293_merged.tif,0.2,1,341667077,39,37.895,38.4301,0.5351
100M,chip_232_293_merged.tif,0.2,2,2108544094,39,35.9705,37.3656,1.395
100M,chip_232_293_merged.tif,0.2,3,1628598576,39,36.6734,37.1117,0.4383
100M,chip_232_293_merged.tif,0.2,4,1247991945,39,29.2467,37.4457,8.199
100M,chip_232_293_merged.tif,0.4,0,1903821173,78,36.266,37.4298,1.1638
100M,chip_232_293_merged.tif,0.4,1,1523214542,78,34.5977,36.4753,1.8776
100M,chip_232_293_merged.tif,0.4,2,1043269024,78,36.6509,35.8315,-0.8195
100M,chip_232_293_merged.tif,0.4,3,662662393,78,29.9324,37.4607,7.5283
100M,chip_232_293_merged.tif,0.4,4,182716875,78,30.8917,37.0604,6.1687
100M,chip_232_293_merged.tif,0.6,0,1965843816,117,30.9399,35.7442,4.8042
100M,chip_232_293_merged.tif,0.6,1,1585237185,117,32.1328,35.5853,3.4526
100M,chip_232_293_merged.tif,0.6,2,1204630554,117,34.2863,35.61,1.3236
100M,chip_232_293_merged.tif,0.6,3,724685036,117,34.464,35.954,1.49
100M,chip_232_293_merged.tif,0.6,4,344078405,117,32.5426,36.5449,4.0023
100M,chip_232_293_merged.tif,0.8,0,1582590507,156,30.6666,33.0942,2.4276
100M,chip_232_293_merged.tif,0.8,1,1102644989,156,32.3814,33.0417,0.6603
100M,chip_232_293_merged.tif,0.8,2,722038358,156,30.67,34.9006,4.2307
100M,chip_232_293_merged.tif,0.8,3,242092840,156,30.9903,33.8437,2.8534
100M,chip_232_293_merged.tif,0.8,4,2008969857,156,30.9739,33.1671,2.1932
100M,chip_232_372_merged.tif,0.2,0,1440154707,39,30.5931,33.1677,2.5746
100M,chip_232_372_merged.tif,0.2,1,1059548076,39,31.4418,32.0174,0.5756
100M,chip_232_372_merged.tif,0.2,2,678941445,39,30.4261,33.4053,2.9793
100M,chip_232_372_merged.tif,0.2,3,198995927,39,31.3633,33.7985,2.4351
100M,chip_232_372_merged.tif,0.2,4,1965872944,39,31.5474,34.0441,2.4967
100M,chip_232_372_merged.tif,0.4,0,1279539374,78,29.2868,32.8479,3.5611
100M,chip_232_372_merged.tif,0.4,1,898932743,78,29.5506,30.3121,0.7615
100M,chip_232_372_merged.tif,0.4,2,418987225,78,30.2981,32.7799,2.4818
100M,chip_232_372_merged.tif,0.4,3,38380594,78,30.1953,32.1363,1.941
100M,chip_232_372_merged.tif,0.4,4,1705918724,78,29.0254,32.6569,3.6314
100M,chip_232_372_merged.tif,0.6,0,536241167,117,30.2938,31.6581,1.3643
100M,chip_232_372_merged.tif,0.6,1,155634536,117,29.451,31.3998,1.9488
100M,chip_232_372_merged.tif,0.6,2,1823172666,117,29.8747,31.9945,2.1198
100M,chip_232_372_merged.tif,0.6,3,1442566035,117,30.2776,31.5449,1.2673
100M,chip_232_372_merged.tif,0.6,4,1061959404,117,30.3136,31.2083,0.8948
100M,chip_232_372_merged.tif,0.8,0,53648971,156,28.3789,30.3358,1.9569
100M,chip_232_372_merged.tif,0.8,1,1820525988,156,29.4332,30.1094,0.6763
100M,chip_232_372_merged.tif,0.8,2,1439919357,156,28.3392,30.0745,1.7352
100M,chip_232_372_merged.tif,0.8,3,959973839,156,29.5284,29.742,0.2135
100M,chip_232_372_merged.tif,0.8,4,579367208,156,28.0107,30.6169,2.6061
100M,chip_232_596_merged.tif,0.2,0,531785629,39,30.621,37.4654,6.8444
100M,chip_232_596_merged.tif,0.2,1,51840111,39,35.0456,37.1847,2.1391
100M,chip_232_596_merged.tif,0.2,2,1818717128,39,34.8074,35.4273,0.6198
100M,chip_232_596_merged.tif,0.2,3,1338771610,39,36.5693,37.4569,0.8877
100M,chip_232_596_merged.tif,0.2,4,958164979,39,34.6978,37.0308,2.333
100M,chip_232_596_merged.tif,0.4,0,271831409,78,34.7464,36.4956,1.7493
100M,chip_232_596_merged.tif,0.4,1,2038708426,78,34.8816,37.4902,2.6086
100M,chip_232_596_merged.tif,0.4,2,1658101795,78,35.0237,36.4031,1.3794
100M,chip_232_596_merged.tif,0.4,3,1178156277,78,34.6987,37.4198,2.7212
100M,chip_232_596_merged.tif,0.4,4,797549646,78,34.5921,36.4481,1.856
100M,chip_232_596_merged.tif,0.6,0,1676016850,117,34.1363,35.7923,1.6559
100M,chip_232_596_merged.tif,0.6,1,1295410219,117,34.2608,36.0756,1.8147
100M,chip_232_596_merged.tif,0.6,2,914803588,117,32.0557,35.3016,3.246
100M,chip_232_596_merged.tif,0.6,3,434858070,117,34.0315,35.8285,1.797
100M,chip_232_596_merged.tif,0.6,4,54251439,117,34.3679,36.5827,2.2148
100M,chip_232_596_merged.tif,0.8,0,1292763541,156,33.1659,35.4115,2.2456
100M,chip_232_596_merged.tif,0.8,1,812818023,156,33.3343,33.1539,-0.1804
100M,chip_232_596_merged.tif,0.8,2,432211392,156,34.0263,33.7782,-0.2481
100M,chip_232_596_merged.tif,0.8,3,2099749522,156,33.1372,34.4815,1.3443
100M,chip_232_596_merged.tif,0.8,4,1719142891,156,34.0405,34.4104,0.3699
100M,chip_233_289_merged.tif,0.2,0,1668848168,39,28.3189,35.8082,7.4893
100M,chip_233_289_merged.tif,0.2,1,1188902650,39,32.866,39.215,6.349
100M,chip_233_289_merged.tif,0.2,2,808296019,39,36.0977,39.0744,2.9766
100M,chip_233_289_merged.tif,0.2,3,328350501,39,28.3207,38.7244,10.4036
100M,chip_233_289_merged.tif,0.2,4,2095227518,39,33.6368,38.979,5.3422
100M,chip_233_289_merged.tif,0.4,0,1408893948,78,29.0796,37.3004,8.2209
100M,chip_233_289_merged.tif,0.4,1,1028287317,78,29.0804,37.0514,7.971
100M,chip_233_289_merged.tif,0.4,2,548341799,78,28.6924,37.8457,9.1533
100M,chip_233_289_merged.tif,0.4,3,167735168,78,33.1627,37.2741,4.1114
100M,chip_233_289_merged.tif,0.4,4,1934612185,78,31.8425,37.9441,6.1016
100M,chip_233_289_merged.tif,0.6,0,665595741,117,29.8499,35.7168,5.8669
100M,chip_233_289_merged.tif,0.6,1,284989110,117,30.6051,35.7565,5.1514
100M,chip_233_289_merged.tif,0.6,2,2051866127,117,30.5913,35.7079,5.1166
100M,chip_233_289_merged.tif,0.6,3,1571920609,117,29.6559,34.9037,5.2477
100M,chip_233_289_merged.tif,0.6,4,1191313978,117,29.6543,34.213,4.5587
100M,chip_233_289_merged.tif,0.8,0,282342432,156,29.6782,30.5029,0.8247
100M,chip_233_289_merged.tif,0.8,1,1949880562,156,29.1113,33.4525,4.3413
100M,chip_233_289_merged.tif,0.8,2,1569273931,156,29.6954,31.9823,2.2869
100M,chip_233_289_merged.tif,0.8,3,1089328413,156,29.6213,33.3637,3.7423
100M,chip_233_289_merged.tif,0.8,4,708721782,156,29.587,32.5811,2.9941
100M,chip_233_331_merged.tif,0.2,0,200692051,39,37.3107,41.0309,3.7202
100M,chip_233_331_merged.tif,0.2,1,1868230181,39,38.3294,39.7534,1.4239
100M,chip_233_331_merged.tif,0.2,2,1487623550,39,37.7159,40.0584,2.3425
100M,chip_233_331_merged.tif,0.2,3,1007678032,39,39.9403,41.1925,1.2522
100M,chip_233_331_merged.tif,0.2,4,627071401,39,37.7095,40.6991,2.9896
100M,chip_233_331_merged.tif,0.4,0,2088221479,78,37.4044,40.1809,2.7765
100M,chip_233_331_merged.tif,0.4,1,1707614848,78,37.1719,39.1049,1.933
100M,chip_233_331_merged.tif,0.4,2,1327008217,78,38.3613,40.4699,2.1087
100M,chip_233_331_merged.tif,0.4,3,847062699,78,37.8105,39.5986,1.7881
100M,chip_233_331_merged.tif,0.4,4,466456068,78,37.4496,38.093,0.6434
100M,chip_233_331_merged.tif,0.6,0,1444262159,117,37.6874,40.5306,2.8432
100M,chip_233_331_merged.tif,0.6,1,964316641,117,37.6497,39.8065,2.1568
100M,chip_233_331_merged.tif,0.6,2,583710010,117,37.2123,39.937,2.7246
100M,chip_233_331_merged.tif,0.6,3,103764492,117,38.4717,39.1738,0.702
100M,chip_233_331_merged.tif,0.6,4,1870641509,117,37.9516,39.336,1.3845
100M,chip_233_331_merged.tif,0.8,0,961669963,156,36.9882,38.6473,1.6591
100M,chip_233_331_merged.tif,0.8,1,481724445,156,38.0998,38.0413,-0.0585
100M,chip_233_331_merged.tif,0.8,2,101117814,156,37.0627,38.7284,1.6656
100M,chip_233_331_merged.tif,0.8,3,1768655944,156,37.0879,38.3582,1.2704
100M,chip_233_331_merged.tif,0.8,4,1388049313,156,36.9591,37.493,0.5339
100M,chip_233_332_merged.tif,0.2,0,927398136,39,33.5402,39.944,6.4038
100M,chip_233_332_merged.tif,0.2,1,447452618,39,33.565,40.4094,6.8444
100M,chip_233_332_merged.tif,0.2,2,66845987,39,33.5403,40.1915,6.6512
100M,chip_233_332_merged.tif,0.2,3,1734384117,39,33.286,34.9368,1.6508
100M,chip_233_332_merged.tif,0.2,4,1353777486,39,38.1309,34.5483,-3.5826
100M,chip_233_332_merged.tif,0.4,0,2009606714,78,38.6234,38.8479,0.2245
100M,chip_233_332_merged.tif,0.4,1,1629000083,78,38.8643,35.9273,-2.937
100M,chip_233_332_merged.tif,0.4,2,1149054565,78,38.9521,38.7412,-0.2109
100M,chip_233_332_merged.tif,0.4,3,768447934,78,38.6479,39.6314,0.9835
100M,chip_233_332_merged.tif,0.4,4,288502416,78,38.6484,39.7977,1.1493
100M,chip_233_332_merged.tif,0.6,0,2071629357,117,38.3722,36.9764,-1.3958
100M,chip_233_332_merged.tif,0.6,1,1691022726,117,38.9405,37.0205,-1.9201
100M,chip_233_332_merged.tif,0.6,2,1211077208,117,36.3703,38.6612,2.2909
100M,chip_233_332_merged.tif,0.6,3,830470577,117,36.1302,36.8871,0.7569
100M,chip_233_332_merged.tif,0.6,4,449863946,117,36.1266,39.5805,3.4539
100M,chip_233_332_merged.tif,0.8,0,1688376048,156,38.2034,36.7601,-1.4433
100M,chip_233_332_merged.tif,0.8,1,1208430530,156,38.207,36.6111,-1.5959
100M,chip_233_332_merged.tif,0.8,2,827823899,156,38.3481,37.1039,-1.2442
100M,chip_233_332_merged.tif,0.8,3,347878381,156,38.3551,36.7535,-1.6016
100M,chip_233_332_merged.tif,0.8,4,2114755398,156,36.6885,37.3339,0.6455
100M,chip_233_478_merged.tif,0.2,0,1407943629,39,34.053,34.5567,0.5037
100M,chip_233_478_merged.tif,0.2,1,1027336998,39,33.8297,34.761,0.9313
100M,chip_233_478_merged.tif,0.2,2,646730367,39,32.039,35.3639,3.3249
100M,chip_233_478_merged.tif,0.2,3,166784849,39,33.9414,35.9326,1.9912
100M,chip_233_478_merged.tif,0.2,4,1933661866,39,32.041,36.4145,4.3735
100M,chip_233_478_merged.tif,0.4,0,1247328296,78,30.5643,35.2559,4.6915
100M,chip_233_478_merged.tif,0.4,1,866721665,78,32.7489,34.7127,1.9639
100M,chip_233_478_merged.tif,0.4,2,386776147,78,31.4237,35.0587,3.635
100M,chip_233_478_merged.tif,0.4,3,6169516,78,32.1095,34.4296,2.3201
100M,chip_233_478_merged.tif,0.4,4,1773046533,78,32.8346,35.2272,2.3926
100M,chip_233_478_merged.tif,0.6,0,504030089,117,31.7421,34.2307,2.4886
100M,chip_233_478_merged.tif,0.6,1,123423458,117,31.751,34.7156,2.9646
100M,chip_233_478_merged.tif,0.6,2,1790961588,117,31.1143,34.6078,3.4936
100M,chip_233_478_merged.tif,0.6,3,1410354957,117,30.8819,33.5312,2.6493
100M,chip_233_478_merged.tif,0.6,4,1029748326,117,31.7428,34.2943,2.5514
100M,chip_233_478_merged.tif,0.8,0,21437893,156,31.6967,33.4617,1.765
100M,chip_233_478_merged.tif,0.8,1,1788314910,156,30.5552,32.9782,2.423
100M,chip_233_478_merged.tif,0.8,2,1407708279,156,31.7309,33.115,1.3841
100M,chip_233_478_merged.tif,0.8,3,927762761,156,30.5731,33.0513,2.4782
100M,chip_233_478_merged.tif,0.8,4,547156130,156,30.3583,33.3725,3.0142
100M,chip_234_295_merged.tif,0.2,0,140359798,39,33.218,37.2119,3.9939
100M,chip_234_295_merged.tif,0.2,1,1807897928,39,32.721,37.0663,4.3453
100M,chip_234_295_merged.tif,0.2,2,1427291297,39,33.4997,37.9878,4.488
100M,chip_234_295_merged.tif,0.2,3,947345779,39,33.6052,36.2699,2.6647
100M,chip_234_295_merged.tif,0.2,4,566739148,39,33.1639,36.1242,2.9603
100M,chip_234_295_merged.tif,0.4,0,1222568376,78,31.9477,37.0906,5.1428
100M,chip_234_295_merged.tif,0.4,1,841961745,78,30.5746,34.7639,4.1893
100M,chip_234_295_merged.tif,0.4,2,362016227,78,33.3038,35.4177,2.1139
100M,chip_234_295_merged.tif,0.4,3,2128893244,78,30.5758,35.8574,5.2817
100M,chip_234_295_merged.tif,0.4,4,1648947726,78,31.3212,36.4089,5.0877
100M,chip_234_295_merged.tif,0.6,0,1284591019,117,30.6306,33.855,3.2244
100M,chip_234_295_merged.tif,0.6,1,903984388,117,30.4334,34.6903,4.257
100M,chip_234_295_merged.tif,0.6,2,523377757,117,32.1306,35.011,2.8804
100M,chip_234_295_merged.tif,0.6,3,43432239,117,28.8619,35.6482,6.7863
100M,chip_234_295_merged.tif,0.6,4,1810309256,117,31.0634,35.363,4.2996
100M,chip_234_295_merged.tif,0.8,0,901337710,156,31.5016,32.9166,1.415
100M,chip_234_295_merged.tif,0.8,1,421392192,156,29.7945,31.8307,2.0362
100M,chip_234_295_merged.tif,0.8,2,40785561,156,29.8139,32.7618,2.9479
100M,chip_234_295_merged.tif,0.8,3,1708323691,156,30.761,32.3428,1.5818
100M,chip_234_295_merged.tif,0.8,4,1327717060,156,31.0482,32.9212,1.8731
100M,chip_234_371_merged.tif,0.2,0,1346681032,39,30.7064,32.4369,1.7305
100M,chip_234_371_merged.tif,0.2,1,966074401,39,31.4488,33.9197,2.4709
100M,chip_234_371_merged.tif,0.2,2,486128883,39,31.3829,33.4693,2.0863
100M,chip_234_371_merged.tif,0.2,3,105522252,39,30.6395,33.8422,3.2027
100M,chip_234_371_merged.tif,0.2,4,1773060382,39,30.6407,33.4191,2.7784
100M,chip_234_371_merged.tif,0.4,0,281405962,78,30.3854,32.7452,2.3598
100M,chip_234_371_merged.tif,0.4,1,2048282979,78,29.9946,32.7968,2.8022
100M,chip_234_371_merged.tif,0.4,2,1667676348,78,30.1878,32.567,2.3792
100M,chip_234_371_merged.tif,0.4,3,1187730830,78,29.6231,32.2857,2.6626
100M,chip_234_371_merged.tif,0.4,4,807124199,78,30.6754,32.3641,1.6887
100M,chip_234_371_merged.tif,0.6,0,442767492,117,30.5248,31.9354,1.4106
100M,chip_234_371_merged.tif,0.6,1,2110305622,117,29.331,31.7533,2.4223
100M,chip_234_371_merged.tif,0.6,2,1729698991,117,30.1281,31.3863,1.2582
100M,chip_234_371_merged.tif,0.6,3,1349092360,117,29.8498,32.1046,2.2548
100M,chip_234_371_merged.tif,0.6,4,869146842,117,30.1172,31.5199,1.4027
100M,chip_234_371_merged.tif,0.8,0,2107658944,156,29.8107,30.4626,0.6519
100M,chip_234_371_merged.tif,0.8,1,1727052313,156,29.9964,31.2192,1.2228
100M,chip_234_371_merged.tif,0.8,2,1247106795,156,29.706,30.7164,1.0104
100M,chip_234_371_merged.tif,0.8,3,866500164,156,30.0423,30.8052,0.7629
100M,chip_234_371_merged.tif,0.8,4,386554646,156,29.7466,30.339,0.5924
100M,chip_234_444_merged.tif,0.2,0,1947428713,39,35.3423,37.094,1.7516
100M,chip_234_444_merged.tif,0.2,1,1566822082,39,35.7108,37.3747,1.6639
100M,chip_234_444_merged.tif,0.2,2,1086876564,39,35.5938,37.538,1.9441
100M,chip_234_444_merged.tif,0.2,3,706269933,39,33.0096,36.3055,3.2958
100M,chip_234_444_merged.tif,0.2,4,226324415,39,35.0606,37.1005,2.0399
100M,chip_234_444_merged.tif,0.4,0,981492530,78,35.0888,36.6938,1.605
100M,chip_234_444_merged.tif,0.4,1,501547012,78,36.7449,37.3915,0.6465
100M,chip_234_444_merged.tif,0.4,2,120940381,78,37.47,36.5723,-0.8976
100M,chip_234_444_merged.tif,0.4,3,1788478511,78,35.7364,36.1091,0.3726
100M,chip_234_444_merged.tif,0.4,4,1407871880,78,35.089,36.2716,1.1825
100M,chip_234_444_merged.tif,0.6,0,1043515173,117,35.5896,35.545,-0.0445
100M,chip_234_444_merged.tif,0.6,1,563569655,117,35.8014,36.5366,0.7352
100M,chip_234_444_merged.tif,0.6,2,182963024,117,35.4381,35.7535,0.3153
100M,chip_234_444_merged.tif,0.6,3,1949840041,117,35.7859,35.6677,-0.1182
100M,chip_234_444_merged.tif,0.6,4,1469894523,117,35.6005,36.0803,0.4798
100M,chip_234_444_merged.tif,0.8,0,560922977,156,32.2546,35.4927,3.2381
100M,chip_234_444_merged.tif,0.8,1,180316346,156,35.1872,34.996,-0.1913
100M,chip_234_444_merged.tif,0.8,2,1847854476,156,35.5648,35.1917,-0.373
100M,chip_234_444_merged.tif,0.8,3,1467247845,156,35.5624,35.1671,-0.3953
100M,chip_234_444_merged.tif,0.8,4,987302327,156,34.3538,34.6326,0.2787
100M,chip_234_445_merged.tif,0.2,0,1877270161,39,35.1795,35.7121,0.5327
100M,chip_234_445_merged.tif,0.2,1,1397324643,39,33.0244,35.8116,2.7872
100M,chip_234_445_merged.tif,0.2,2,1016718012,39,33.7189,35.487,1.7681
100M,chip_234_445_merged.tif,0.2,3,636111381,39,35.177,35.516,0.339
100M,chip_234_445_merged.tif,0.2,4,156165863,39,33.0254,35.6284,2.6029
100M,chip_234_445_merged.tif,0.4,0,811995091,78,34.3133,35.2967,0.9834
100M,chip_234_445_merged.tif,0.4,1,431388460,78,33.6937,35.7137,2.02
100M,chip_234_445_merged.tif,0.4,2,50781829,78,33.0418,35.3953,2.3535
100M,chip_234_445_merged.tif,0.4,3,1718319959,78,34.3142,34.8374,0.5233
100M,chip_234_445_merged.tif,0.4,4,1337713328,78,33.2235,34.3975,1.174
100M,chip_234_445_merged.tif,0.6,0,973356621,117,32.7909,34.3035,1.5126
100M,chip_234_445_merged.tif,0.6,1,493411103,117,32.931,33.8234,0.8924
100M,chip_234_445_merged.tif,0.6,2,112804472,117,32.665,34.2279,1.5629
100M,chip_234_445_merged.tif,0.6,3,1780342602,117,32.9795,34.6275,1.648
100M,chip_234_445_merged.tif,0.6,4,1399735971,117,32.9901,35.0413,2.0512
100M,chip_234_445_merged.tif,0.8,0,490764425,156,32.5721,33.0054,0.4333
100M,chip_234_445_merged.tif,0.8,1,10818907,156,32.5619,33.9885,1.4266
100M,chip_234_445_merged.tif,0.8,2,1777695924,156,32.5589,33.6587,1.0998
100M,chip_234_445_merged.tif,0.8,3,1397089293,156,32.3915,33.7628,1.3713
100M,chip_234_445_merged.tif,0.8,4,917143775,156,32.8302,33.4214,0.5912
100M,chip_234_591_merged.tif,0.2,0,1501366206,39,35.597,36.2402,0.6431
100M,chip_234_591_merged.tif,0.2,1,1120759575,39,35.9006,36.4916,0.591
100M,chip_234_591_merged.tif,0.2,2,640814057,39,34.0599,37.0709,3.011
100M,chip_234_591_merged.tif,0.2,3,260207426,39,33.4531,36.1576,2.7045
100M,chip_234_591_merged.tif,0.2,4,1927745556,39,35.9728,36.5723,0.5995
100M,chip_234_591_merged.tif,0.4,0,1340750873,78,32.5196,34.9411,2.4215
100M,chip_234_591_merged.tif,0.4,1,860805355,78,33.0733,35.8861,2.8128
100M,chip_234_591_merged.tif,0.4,2,480198724,78,34.8636,35.3856,0.522
100M,chip_234_591_merged.tif,0.4,3,99592093,78,34.7754,35.5648,0.7894
100M,chip_234_591_merged.tif,0.4,4,1767130223,78,33.0723,36.1689,3.0966
100M,chip_234_591_merged.tif,0.6,0,597452666,117,33.063,34.1132,1.0502
100M,chip_234_591_merged.tif,0.6,1,117507148,117,33.0302,35.1835,2.1533
100M,chip_234_591_merged.tif,0.6,2,1884384165,117,34.5813,34.6867,0.1054
100M,chip_234_591_merged.tif,0.6,3,1503777534,117,33.2069,34.638,1.4311
100M,chip_234_591_merged.tif,0.6,4,1023832016,117,33.6122,34.811,1.1989
100M,chip_234_591_merged.tif,0.8,0,114860470,156,33.5225,34.917,1.3945
100M,chip_234_591_merged.tif,0.8,1,1881737487,156,33.8942,33.999,0.1048
100M,chip_234_591_merged.tif,0.8,2,1401791969,156,33.3987,33.7424,0.3437
100M,chip_234_591_merged.tif,0.8,3,1021185338,156,32.9129,34.5467,1.6338
100M,chip_234_591_merged.tif,0.8,4,541239820,156,33.3958,33.9553,0.5595
100M,chip_236_284_merged.tif,0.2,0,2049212572,39,34.3465,37.7003,3.3538
100M,chip_236_284_merged.tif,0.2,1,1668605941,39,32.5976,38.0806,5.483
100M,chip_236_284_merged.tif,0.2,2,1188660423,39,33.6404,36.3241,2.6837
100M,chip_236_284_merged.tif,0.2,3,808053792,39,34.6682,37.1622,2.494
100M,chip_236_284_merged.tif,0.2,4,328108274,39,31.1995,34.9344,3.7348
100M,chip_236_284_merged.tif,0.4,0,1888597239,78,29.3343,35.7989,6.4645
100M,chip_236_284_merged.tif,0.4,1,1408651721,78,31.2596,36.4352,5.1757
100M,chip_236_284_merged.tif,0.4,2,1028045090,78,29.915,33.3664,3.4514
100M,chip_236_284_merged.tif,0.4,3,647438459,78,30.7332,34.6803,3.9471
100M,chip_236_284_merged.tif,0.4,4,167492941,78,32.124,35.135,3.011
100M,chip_236_284_merged.tif,0.6,0,1145299032,117,31.5468,33.3348,1.788
100M,chip_236_284_merged.tif,0.6,1,665353514,117,31.1841,33.2287,2.0447
100M,chip_236_284_merged.tif,0.6,2,284746883,117,30.7603,33.3091,2.5488
100M,chip_236_284_merged.tif,0.6,3,2051623900,117,29.8084,33.6019,3.7936
100M,chip_236_284_merged.tif,0.6,4,1571678382,117,31.2058,34.359,3.1532
100M,chip_236_284_merged.tif,0.8,0,662706836,156,30.3669,31.6536,1.2867
100M,chip_236_284_merged.tif,0.8,1,282100205,156,30.2001,31.6111,1.4109
100M,chip_236_284_merged.tif,0.8,2,1949638335,156,29.8682,32.0743,2.2061
100M,chip_236_284_merged.tif,0.8,3,1569031704,156,30.3783,31.9366,1.5584
100M,chip_236_284_merged.tif,0.8,4,1089086186,156,29.7022,32.1262,2.4239
100M,chip_236_367_merged.tif,0.2,0,631480386,39,31.8484,34.2682,2.4198
100M,chip_236_367_merged.tif,0.2,1,250873755,39,33.0008,34.2237,1.2229
100M,chip_236_367_merged.tif,0.2,2,1918411885,39,31.9214,34.2549,2.3335
100M,chip_236_367_merged.tif,0.2,3,1537805254,39,31.8026,34.1546,2.352
100M,chip_236_367_merged.tif,0.2,4,1057859736,39,32.9013,34.2391,1.3378
100M,chip_236_367_merged.tif,0.4,0,1813027851,78,31.43,33.4465,2.0165
100M,chip_236_367_merged.tif,0.4,1,1333082333,78,32.124,33.6255,1.5015
100M,chip_236_367_merged.tif,0.4,2,952475702,78,31.8259,33.3868,1.5609
100M,chip_236_367_merged.tif,0.4,3,472530184,78,31.6895,33.1948,1.5053
100M,chip_236_367_merged.tif,0.4,4,91923553,78,31.1585,33.5981,2.4396
100M,chip_236_367_merged.tif,0.6,0,1875050494,117,31.4357,32.7084,1.2726
100M,chip_236_367_merged.tif,0.6,1,1395104976,117,31.962,32.8959,0.9339
100M,chip_236_367_merged.tif,0.6,2,1014498345,117,31.2353,32.4293,1.1939
100M,chip_236_367_merged.tif,0.6,3,633891714,117,31.3924,32.8356,1.4432
100M,chip_236_367_merged.tif,0.6,4,153946196,117,31.1303,32.7688,1.6385
100M,chip_236_367_merged.tif,0.8,0,1392458298,156,30.9122,31.6781,0.7659
100M,chip_236_367_merged.tif,0.8,1,1011851667,156,31.1258,32.0651,0.9393
100M,chip_236_367_merged.tif,0.8,2,531906149,156,31.3792,32.251,0.8718
100M,chip_236_367_merged.tif,0.8,3,151299518,156,31.1026,31.5455,0.443
100M,chip_236_367_merged.tif,0.8,4,1818837648,156,31.4287,32.2069,0.7782
100M,chip_236_448_merged.tif,0.2,0,418740880,39,31.5232,36.638,5.1148
100M,chip_236_448_merged.tif,0.2,1,38134249,39,33.9096,36.1513,2.2417
100M,chip_236_448_merged.tif,0.2,2,1705672379,39,31.7131,36.1346,4.4215
100M,chip_236_448_merged.tif,0.2,3,1325065748,39,32.6499,34.9334,2.2835
100M,chip_236_448_merged.tif,0.2,4,944459117,39,32.0887,36.2957,4.207
100M,chip_236_448_merged.tif,0.4,0,1600288345,78,32.9936,34.6564,1.6628
100M,chip_236_448_merged.tif,0.4,1,1120342827,78,33.034,34.2026,1.1686
100M,chip_236_448_merged.tif,0.4,2,739736196,78,33.0372,35.4523,2.4151
100M,chip_236_448_merged.tif,0.4,3,259790678,78,33.5697,34.9836,1.4139
100M,chip_236_448_merged.tif,0.4,4,2026667695,78,33.564,35.4552,1.8912
100M,chip_236_448_merged.tif,0.6,0,1662310988,117,33.2313,33.6565,0.4252
100M,chip_236_448_merged.tif,0.6,1,1281704357,117,32.5605,34.3676,1.8071
100M,chip_236_448_merged.tif,0.6,2,801758839,117,32.9998,34.922,1.9222
100M,chip_236_448_merged.tif,0.6,3,421152208,117,32.3029,34.1475,1.8446
100M,chip_236_448_merged.tif,0.6,4,2088690338,117,32.9766,34.7597,1.7831
100M,chip_236_448_merged.tif,0.8,0,1179718792,156,32.8734,33.7144,0.841
100M,chip_236_448_merged.tif,0.8,1,799112161,156,32.3729,33.9997,1.6268
100M,chip_236_448_merged.tif,0.8,2,319166643,156,32.2982,33.4076,1.1094
100M,chip_236_448_merged.tif,0.8,3,2086043660,156,32.3463,33.5368,1.1905
100M,chip_236_448_merged.tif,0.8,4,1705437029,156,32.0061,33.6776,1.6715
100M,chip_236_450_merged.tif,0.2,0,340061342,39,33.3482,35.6291,2.2809
100M,chip_236_450_merged.tif,0.2,1,2007599472,39,32.3112,35.0007,2.6895
100M,chip_236_450_merged.tif,0.2,2,1626992841,39,32.228,35.4278,3.1998
100M,chip_236_450_merged.tif,0.2,3,1246386210,39,31.2455,35.1847,3.9392
100M,chip_236_450_merged.tif,0.2,4,766440692,39,33.2882,35.1693,1.8811
100M,chip_236_450_merged.tif,0.4,0,179446009,78,32.8866,34.877,1.9904
100M,chip_236_450_merged.tif,0.4,1,1846984139,78,31.8628,34.1072,2.2444
100M,chip_236_450_merged.tif,0.4,2,1466377508,78,30.3525,34.5534,4.2009
100M,chip_236_450_merged.tif,0.4,3,986431990,78,31.3174,34.7521,3.4347
100M,chip_236_450_merged.tif,0.4,4,605825359,78,32.8557,34.2484,1.3928
100M,chip_236_450_merged.tif,0.6,0,1583631450,117,31.6873,35.1256,3.4383
100M,chip_236_450_merged.tif,0.6,1,1103685932,117,32.2884,33.0795,0.7912
100M,chip_236_450_merged.tif,0.6,2,723079301,117,32.963,33.7427,0.7797
100M,chip_236_450_merged.tif,0.6,3,243133783,117,32.9165,34.2532,1.3367
100M,chip_236_450_merged.tif,0.6,4,2010010800,117,31.2662,32.6915,1.4253
100M,chip_236_450_merged.tif,0.8,0,1101039254,156,31.5585,33.6338,2.0753
100M,chip_236_450_merged.tif,0.8,1,621093736,156,32.488,31.7906,-0.6974
100M,chip_236_450_merged.tif,0.8,2,240487105,156,31.9248,33.0471,1.1223
100M,chip_236_450_merged.tif,0.8,3,2007364122,156,32.4911,32.3883,-0.1029
100M,chip_236_450_merged.tif,0.8,4,1527418604,156,31.883,32.7011,0.8181
100M,chip_236_595_merged.tif,0.2,0,591998134,39,35.2679,35.6924,0.4245
100M,chip_236_595_merged.tif,0.2,1,112052616,39,31.1735,37.0875,5.9139
100M,chip_236_595_merged.tif,0.2,2,1878929633,39,34.4235,36.147,1.7234
100M,chip_236_595_merged.tif,0.2,3,1398984115,39,30.8115,37.0799,6.2684
100M,chip_236_595_merged.tif,0.2,4,1018377484,39,34.4597,36.0022,1.5426
100M,chip_236_595_merged.tif,0.4,0,332043914,78,34.1644,36.1896,2.0252
100M,chip_236_595_merged.tif,0.4,1,2098920931,78,34.0138,34.8153,0.8015
100M,chip_236_595_merged.tif,0.4,2,1718314300,78,34.0144,35.5383,1.524
100M,chip_236_595_merged.tif,0.4,3,1238368782,78,33.8424,36.357,2.5146
100M,chip_236_595_merged.tif,0.4,4,857762151,78,32.1717,36.0019,3.8302
100M,chip_236_595_merged.tif,0.6,0,1736229355,117,32.1735,34.6995,2.526
100M,chip_236_595_merged.tif,0.6,1,1355622724,117,32.5435,34.7004,2.1568
100M,chip_236_595_merged.tif,0.6,2,975016093,117,31.9495,35.4739,3.5244
100M,chip_236_595_merged.tif,0.6,3,495070575,117,32.5574,34.8927,2.3354
100M,chip_236_595_merged.tif,0.6,4,114463944,117,32.5745,34.7188,2.1442
100M,chip_236_595_merged.tif,0.8,0,1352976046,156,32.8546,34.3476,1.493
100M,chip_236_595_merged.tif,0.8,1,873030528,156,32.8835,33.0779,0.1944
100M,chip_236_595_merged.tif,0.8,2,492423897,156,33.3891,33.9214,0.5323
100M,chip_236_595_merged.tif,0.8,3,12478379,156,32.9773,33.9927,1.0154
100M,chip_236_595_merged.tif,0.8,4,1779355396,156,33.4091,33.1986,-0.2105
100M,chip_236_600_merged.tif,0.2,0,1963146056,39,34.982,36.1571,1.1751
100M,chip_236_600_merged.tif,0.2,1,1483200538,39,34.997,35.7998,0.8027
100M,chip_236_600_merged.tif,0.2,2,1102593907,39,35.4712,36.4802,1.009
100M,chip_236_600_merged.tif,0.2,3,721987276,39,32.3987,37.4637,5.0649
100M,chip_236_600_merged.tif,0.2,4,242041758,39,34.5949,36.345,1.75
100M,chip_236_600_merged.tif,0.4,0,1802530723,78,34.61,35.8285,1.2185
100M,chip_236_600_merged.tif,0.4,1,1322585205,78,33.7932,35.3068,1.5136
100M,chip_236_600_merged.tif,0.4,2,941978574,78,33.6883,36.542,2.8536
100M,chip_236_600_merged.tif,0.4,3,462033056,78,33.794,35.9781,2.1841
100M,chip_236_600_merged.tif,0.4,4,81426425,78,34.8511,35.1357,0.2846
100M,chip_236_600_merged.tif,0.6,0,1059232516,117,33.829,35.3309,1.5019
100M,chip_236_600_merged.tif,0.6,1,579286998,117,33.8059,34.9482,1.1423
100M,chip_236_600_merged.tif,0.6,2,198680367,117,34.1941,35.0907,0.8965
100M,chip_236_600_merged.tif,0.6,3,1866218497,117,33.7384,34.8057,1.0673
100M,chip_236_600_merged.tif,0.6,4,1485611866,117,34.0366,35.0562,1.0196
100M,chip_236_600_merged.tif,0.8,0,576640320,156,34.0604,34.4639,0.4035
100M,chip_236_600_merged.tif,0.8,1,96694802,156,33.3159,34.0969,0.781
100M,chip_236_600_merged.tif,0.8,2,1863571819,156,33.4193,34.5721,1.1528
100M,chip_236_600_merged.tif,0.8,3,1482965188,156,33.4246,34.2131,0.7885
100M,chip_236_600_merged.tif,0.8,4,1003019670,156,34.1826,34.1613,-0.0213
100M,chip_237_289_merged.tif,0.2,0,580135538,39,34.193,39.5295,5.3365
100M,chip_237_289_merged.tif,0.2,1,199528907,39,34.4328,39.0794,4.6466
100M,chip_237_289_merged.tif,0.2,2,1867067037,39,32.1478,38.5453,6.3975
100M,chip_237_289_merged.tif,0.2,3,1486460406,39,34.4016,36.9101,2.5085
100M,chip_237_289_merged.tif,0.2,4,1105853775,39,32.6036,36.7955,4.1919
100M,chip_237_289_merged.tif,0.4,0,1761683003,78,31.2014,37.2879,6.0865
100M,chip_237_289_merged.tif,0.4,1,1281737485,78,32.185,36.4518,4.2668
100M,chip_237_289_merged.tif,0.4,2,901130854,78,32.3455,37.2452,4.8996
100M,chip_237_289_merged.tif,0.4,3,520524223,78,32.3438,36.9707,4.6269
100M,chip_237_289_merged.tif,0.4,4,40578705,78,32.3886,37.0535,4.6649
100M,chip_237_289_merged.tif,0.6,0,1018384796,117,30.6467,36.3356,5.6889
100M,chip_237_289_merged.tif,0.6,1,538439278,117,33.5853,35.2427,1.6574
100M,chip_237_289_merged.tif,0.6,2,157832647,117,32.6636,35.0859,2.4223
100M,chip_237_289_merged.tif,0.6,3,1924709664,117,32.1707,35.8854,3.7147
100M,chip_237_289_merged.tif,0.6,4,1444764146,117,31.9901,35.48,3.49
100M,chip_237_289_merged.tif,0.8,0,535792600,156,30.6672,33.1447,2.4775
100M,chip_237_289_merged.tif,0.8,1,155185969,156,32.5147,33.0984,0.5837
100M,chip_237_289_merged.tif,0.8,2,1822724099,156,31.8529,33.1767,1.3239
100M,chip_237_289_merged.tif,0.8,3,1442117468,156,31.8029,35.0764,3.2735
100M,chip_237_289_merged.tif,0.8,4,962171950,156,32.569,33.8237,1.2548
100M,chip_237_335_merged.tif,0.2,0,1952907134,39,40.8412,39.6054,-1.2358
100M,chip_237_335_merged.tif,0.2,1,1472961616,39,36.2902,39.1473,2.8571
100M,chip_237_335_merged.tif,0.2,2,1092354985,39,40.3463,40.8464,0.5002
100M,chip_237_335_merged.tif,0.2,3,711748354,39,40.3459,41.1779,0.8319
100M,chip_237_335_merged.tif,0.2,4,231802836,39,37.9122,41.5925,3.6803
100M,chip_237_335_merged.tif,0.4,0,1792291801,78,40.0303,38.8481,-1.1822
100M,chip_237_335_merged.tif,0.4,1,1312346283,78,37.9676,40.0078,2.0402
100M,chip_237_335_merged.tif,0.4,2,931739652,78,39.625,40.1017,0.4767
100M,chip_237_335_merged.tif,0.4,3,451794134,78,36.7627,40.333,3.5703
100M,chip_237_335_merged.tif,0.4,4,71187503,78,36.7605,39.7596,2.9991
100M,chip_237_335_merged.tif,0.6,0,1048993594,117,36.5852,39.2811,2.6959
100M,chip_237_335_merged.tif,0.6,1,569048076,117,37.0501,39.2553,2.2052
100M,chip_237_335_merged.tif,0.6,2,188441445,117,38.3664,39.8736,1.5073
100M,chip_237_335_merged.tif,0.6,3,1855979575,117,36.8957,38.9438,2.0481
100M,chip_237_335_merged.tif,0.6,4,1475372944,117,37.9357,40.4049,2.4692
100M,chip_237_335_merged.tif,0.8,0,566401398,156,37.7513,38.0285,0.2773
100M,chip_237_335_merged.tif,0.8,1,86455880,156,37.2915,39.0855,1.794
100M,chip_237_335_merged.tif,0.8,2,1853332897,156,37.4505,39.2251,1.7746
100M,chip_237_335_merged.tif,0.8,3,1472726266,156,37.5864,38.2766,0.6901
100M,chip_237_335_merged.tif,0.8,4,992780748,156,37.7399,38.8332,1.0932
100M,chip_237_472_merged.tif,0.2,0,1749134831,39,34.5653,35.3818,0.8165
100M,chip_237_472_merged.tif,0.2,1,1269189313,39,33.679,35.6606,1.9816
100M,chip_237_472_merged.tif,0.2,2,888582682,39,30.7586,36.0055,5.2468
100M,chip_237_472_merged.tif,0.2,3,408637164,39,32.7497,35.4194,2.6697
100M,chip_237_472_merged.tif,0.2,4,28030533,39,33.6793,35.3241,1.6448
100M,chip_237_472_merged.tif,0.4,0,1489180611,78,33.9096,32.6556,-1.254
100M,chip_237_472_merged.tif,0.4,1,1108573980,78,31.7459,34.6654,2.9195
100M,chip_237_472_merged.tif,0.4,2,628628462,78,31.4526,35.6474,4.1948
100M,chip_237_472_merged.tif,0.4,3,248021831,78,31.6666,33.6063,1.9397
100M,chip_237_472_merged.tif,0.4,4,2014898848,78,31.7456,35.2548,3.5091
100M,chip_237_472_merged.tif,0.6,0,745882404,117,30.9861,32.9966,2.0104
100M,chip_237_472_merged.tif,0.6,1,365275773,117,31.6073,34.1463,2.539
100M,chip_237_472_merged.tif,0.6,2,2032813903,117,31.5579,34.1599,2.602
100M,chip_237_472_merged.tif,0.6,3,1652207272,117,31.7313,33.6208,1.8895
100M,chip_237_472_merged.tif,0.6,4,1271600641,117,31.289,34.3585,3.0694
100M,chip_237_472_merged.tif,0.8,0,362629095,156,31.3946,33.0131,1.6186
100M,chip_237_472_merged.tif,0.8,1,2030167225,156,32.0082,32.5467,0.5385
100M,chip_237_472_merged.tif,0.8,2,1649560594,156,31.8371,32.3556,0.5185
100M,chip_237_472_merged.tif,0.8,3,1169615076,156,31.9866,32.8162,0.8296
100M,chip_237_472_merged.tif,0.8,4,789008445,156,31.9969,33.6662,1.6693
100M,chip_237_598_merged.tif,0.2,0,772570841,39,31.6311,36.1392,4.5081
100M,chip_237_598_merged.tif,0.2,1,391964210,39,33.1852,37.0658,3.8806
100M,chip_237_598_merged.tif,0.2,2,2059502340,39,35.4032,35.4565,0.0534
100M,chip_237_598_merged.tif,0.2,3,1678895709,39,32.3805,35.9753,3.5947
100M,chip_237_598_merged.tif,0.2,4,1198950191,39,31.59,34.4376,2.8476
100M,chip_237_598_merged.tif,0.4,0,611955508,78,33.9135,34.4984,0.5849
100M,chip_237_598_merged.tif,0.4,1,132009990,78,31.2991,34.9318,3.6327
100M,chip_237_598_merged.tif,0.4,2,1898887007,78,34.5242,35.26,0.7358
100M,chip_237_598_merged.tif,0.4,3,1518280376,78,34.2183,34.2371,0.0188
100M,chip_237_598_merged.tif,0.4,4,1038334858,78,33.9109,34.8086,0.8978
100M,chip_237_598_merged.tif,0.6,0,2016140949,117,33.3457,34.27,0.9243
100M,chip_237_598_merged.tif,0.6,1,1536195431,117,33.8586,34.3586,0.5
100M,chip_237_598_merged.tif,0.6,2,1155588800,117,33.3878,34.4885,1.1006
100M,chip_237_598_merged.tif,0.6,3,774982169,117,32.2053,35.1101,2.9048
100M,chip_237_598_merged.tif,0.6,4,295036651,117,33.866,34.4944,0.6284
100M,chip_237_598_merged.tif,0.8,0,1533548753,156,32.4256,33.5202,1.0946
100M,chip_237_598_merged.tif,0.8,1,1152942122,156,32.4167,33.4715,1.0548
100M,chip_237_598_merged.tif,0.8,2,672996604,156,32.3676,33.032,0.6644
100M,chip_237_598_merged.tif,0.8,3,292389973,156,32.1022,33.0193,0.9171
100M,chip_237_598_merged.tif,0.8,4,1959928103,156,32.3627,33.3831,1.0204
100M,chip_238_458_merged.tif,0.2,0,1697066177,39,32.2375,33.978,1.7405
100M,chip_238_458_merged.tif,0.2,1,1217120659,39,31.1636,33.7367,2.5731
100M,chip_238_458_merged.tif,0.2,2,836514028,39,33.2645,34.408,1.1436
100M,chip_238_458_merged.tif,0.2,3,356568510,39,31.7398,33.7648,2.025
100M,chip_238_458_merged.tif,0.2,4,2123445527,39,31.5368,34.4779,2.9411
100M,chip_238_458_merged.tif,0.4,0,1437111957,78,31.0078,33.804,2.7962
100M,chip_238_458_merged.tif,0.4,1,1056505326,78,31.0075,31.7529,0.7455
100M,chip_238_458_merged.tif,0.4,2,675898695,78,31.4015,32.933,1.5315
100M,chip_238_458_merged.tif,0.4,3,195953177,78,30.8337,33.5295,2.6958
100M,chip_238_458_merged.tif,0.4,4,1962830194,78,31.2277,33.4014,2.1737
100M,chip_238_458_merged.tif,0.6,0,693813750,117,31.0532,32.9334,1.8802
100M,chip_238_458_merged.tif,0.6,1,313207119,117,30.0564,33.1472,3.0908
100M,chip_238_458_merged.tif,0.6,2,2080084136,117,30.316,32.5653,2.2493
100M,chip_238_458_merged.tif,0.6,3,1600138618,117,31.02,32.9208,1.9008
100M,chip_238_458_merged.tif,0.6,4,1219531987,117,29.479,32.5291,3.0501
100M,chip_238_458_merged.tif,0.8,0,310560441,156,29.8945,31.8268,1.9323
100M,chip_238_458_merged.tif,0.8,1,1978098571,156,29.8844,32.6304,2.746
100M,chip_238_458_merged.tif,0.8,2,1597491940,156,30.9645,31.3588,0.3943
100M,chip_238_458_merged.tif,0.8,3,1117546422,156,29.8773,31.4664,1.589
100M,chip_238_458_merged.tif,0.8,4,736939791,156,30.8213,31.4962,0.675
100M,chip_239_277_merged.tif,0.2,0,1515405718,39,37.2122,36.959,-0.2532
100M,chip_239_277_merged.tif,0.2,1,1035460200,39,28.8398,38.601,9.7612
100M,chip_239_277_merged.tif,0.2,2,654853569,39,35.3513,38.5141,3.1628
100M,chip_239_277_merged.tif,0.2,3,174908051,39,36.7603,40.332,3.5717
100M,chip_239_277_merged.tif,0.2,4,1941785068,39,36.3937,38.371,1.9773
100M,chip_239_277_merged.tif,0.4,0,450130648,78,34.1237,37.7319,3.6082
100M,chip_239_277_merged.tif,0.4,1,69524017,78,32.7114,37.9213,5.2099
100M,chip_239_277_merged.tif,0.4,2,1737062147,78,34.9924,37.0309,2.0386
100M,chip_239_277_merged.tif,0.4,3,1356455516,78,33.4778,37.7992,4.3214
100M,chip_239_277_merged.tif,0.4,4,876509998,78,34.6682,38.6967,4.0285
100M,chip_239_277_merged.tif,0.6,0,512153291,117,32.5392,35.8294,3.2902
100M,chip_239_277_merged.tif,0.6,1,131546660,117,33.5397,37.0058,3.4661
100M,chip_239_277_merged.tif,0.6,2,1898423677,117,33.9213,37.857,3.9356
100M,chip_239_277_merged.tif,0.6,3,1418478159,117,33.1741,37.1736,3.9995
100M,chip_239_277_merged.tif,0.6,4,1037871528,117,32.664,34.9852,2.3212
100M,chip_239_277_merged.tif,0.8,0,128899982,156,32.3318,35.0817,2.7499
100M,chip_239_277_merged.tif,0.8,1,1796438112,156,33.3534,32.8668,-0.4866
100M,chip_239_277_merged.tif,0.8,2,1415831481,156,33.3332,34.6132,1.28
100M,chip_239_277_merged.tif,0.8,3,935885963,156,32.3417,34.0825,1.7408
100M,chip_239_277_merged.tif,0.8,4,555279332,156,32.361,33.1244,0.7634
100M,chip_239_281_merged.tif,0.2,0,1182386601,39,34.9526,37.9167,2.9641
100M,chip_239_281_merged.tif,0.2,1,801779970,39,39.148,40.393,1.245
100M,chip_239_281_merged.tif,0.2,2,321834452,39,34.9031,37.0245,2.1214
100M,chip_239_281_merged.tif,0.2,3,2088711469,39,33.3039,40.1227,6.8187
100M,chip_239_281_merged.tif,0.2,4,1708104838,39,39.4665,38.7334,-0.7331
100M,chip_239_281_merged.tif,0.4,0,216450418,78,31.4086,37.8594,6.4508
100M,chip_239_281_merged.tif,0.4,1,1883988548,78,35.7882,37.5773,1.7891
100M,chip_239_281_merged.tif,0.4,2,1503381917,78,34.329,37.0969,2.7679
100M,chip_239_281_merged.tif,0.4,3,1023436399,78,32.0679,35.751,3.6831
100M,chip_239_281_merged.tif,0.4,4,642829768,78,34.2952,38.4403,4.1451
100M,chip_239_281_merged.tif,0.6,0,278473061,117,32.972,35.9492,2.9772
100M,chip_239_281_merged.tif,0.6,1,2045350078,117,31.708,34.7486,3.0406
100M,chip_239_281_merged.tif,0.6,2,1565404560,117,34.5519,36.2642,1.7123
100M,chip_239_281_merged.tif,0.6,3,1184797929,117,34.6066,35.3898,0.7831
100M,chip_239_281_merged.tif,0.6,4,704852411,117,34.748,36.9621,2.2141
100M,chip_239_281_merged.tif,0.8,0,1943364513,156,34.5459,34.9287,0.3827
100M,chip_239_281_merged.tif,0.8,1,1562757882,156,34.0123,33.9672,-0.0451
100M,chip_239_281_merged.tif,0.8,2,1082812364,156,33.0384,34.4436,1.4053
100M,chip_239_281_merged.tif,0.8,3,702205733,156,34.0199,33.7025,-0.3174
100M,chip_239_281_merged.tif,0.8,4,222260215,156,31.874,33.5055,1.6315
100M,chip_239_283_merged.tif,0.2,0,458780436,39,31.1689,37.3501,6.1812
100M,chip_239_283_merged.tif,0.2,1,78173805,39,32.7258,36.1248,3.3989
100M,chip_239_283_merged.tif,0.2,2,1745711935,39,32.3526,36.7857,4.4331
100M,chip_239_283_merged.tif,0.2,3,1365105304,39,34.5649,35.9111,1.3461
100M,chip_239_283_merged.tif,0.2,4,885159786,39,33.2161,37.207,3.9909
100M,chip_239_283_merged.tif,0.4,0,298165103,78,32.4186,36.5984,4.1799
100M,chip_239_283_merged.tif,0.4,1,2065042120,78,32.6211,36.2788,3.6577
100M,chip_239_283_merged.tif,0.4,2,1585096602,78,29.9668,36.2929,6.3261
100M,chip_239_283_merged.tif,0.4,3,1204489971,78,32.4206,36.3903,3.9697
100M,chip_239_283_merged.tif,0.4,4,724544453,78,29.9674,35.7145,5.7471
100M,chip_239_283_merged.tif,0.6,0,1702350544,117,30.5425,34.8077,4.2652
100M,chip_239_283_merged.tif,0.6,1,1321743913,117,32.2141,34.7152,2.5011
100M,chip_239_283_merged.tif,0.6,2,841798395,117,30.2349,35.1074,4.8725
100M,chip_239_283_merged.tif,0.6,3,461191764,117,30.3104,35.127,4.8166
100M,chip_239_283_merged.tif,0.6,4,2128729894,117,32.4891,34.4022,1.9131
100M,chip_239_283_merged.tif,0.8,0,1219758348,156,30.4224,31.9099,1.4875
100M,chip_239_283_merged.tif,0.8,1,839151717,156,30.6449,32.1952,1.5503
100M,chip_239_283_merged.tif,0.8,2,359206199,156,30.6791,32.311,1.6318
100M,chip_239_283_merged.tif,0.8,3,2126083216,156,29.8174,32.8458,3.0284
100M,chip_239_283_merged.tif,0.8,4,1646137698,156,29.7829,31.797,2.0141
100M,chip_239_336_merged.tif,0.2,0,1706258226,39,40.2567,41.0018,0.7451
100M,chip_239_336_merged.tif,0.2,1,1226312708,39,38.5975,40.2227,1.6251
100M,chip_239_336_merged.tif,0.2,2,845706077,39,38.9987,40.1327,1.134
100M,chip_239_336_merged.tif,0.2,3,365760559,39,38.712,41.0771,2.3651
100M,chip_239_336_merged.tif,0.2,4,2132637576,39,38.7112,38.2743,-0.4369
100M,chip_239_336_merged.tif,0.4,0,1446304006,78,39.1654,39.8974,0.732
100M,chip_239_336_merged.tif,0.4,1,1065697375,78,39.1655,39.1294,-0.0361
100M,chip_239_336_merged.tif,0.4,2,685090744,78,38.4932,40.2243,1.7311
100M,chip_239_336_merged.tif,0.4,3,205145226,78,39.497,39.6112,0.1142
100M,chip_239_336_merged.tif,0.4,4,1972022243,78,40.2761,39.2885,-0.9876
100M,chip_239_336_merged.tif,0.6,0,802344686,117,38.7787,39.0953,0.3166
100M,chip_239_336_merged.tif,0.6,1,322399168,117,38.6722,38.9942,0.322
100M,chip_239_336_merged.tif,0.6,2,2089276185,117,38.6923,39.235,0.5427
100M,chip_239_336_merged.tif,0.6,3,1609330667,117,38.4187,38.7684,0.3497
100M,chip_239_336_merged.tif,0.6,4,1228724036,117,38.9213,39.1212,0.1999
100M,chip_239_336_merged.tif,0.8,0,319752490,156,38.5091,38.7379,0.2287
100M,chip_239_336_merged.tif,0.8,1,1987290620,156,38.5645,38.8965,0.3321
100M,chip_239_336_merged.tif,0.8,2,1606683989,156,38.5289,38.8399,0.3109
100M,chip_239_336_merged.tif,0.8,3,1126738471,156,38.5637,38.8402,0.2765
100M,chip_239_336_merged.tif,0.8,4,746131840,156,38.3592,38.4637,0.1045
100M,chip_240_276_merged.tif,0.2,0,913401520,39,35.1035,37.2788,2.1753
100M,chip_240_276_merged.tif,0.2,1,532794889,39,31.9023,38.8612,6.9589
100M,chip_240_276_merged.tif,0.2,2,52849371,39,37.6739,37.8661,0.1922
100M,chip_240_276_merged.tif,0.2,3,1819726388,39,31.982,38.7827,6.8007
100M,chip_240_276_merged.tif,0.2,4,1339780870,39,35.4171,38.8029,3.3858
100M,chip_240_276_merged.tif,0.4,0,752786187,78,32.4407,38.1465,5.7058
100M,chip_240_276_merged.tif,0.4,1,272840669,78,33.1328,37.2683,4.1355
100M,chip_240_276_merged.tif,0.4,2,2039717686,78,32.1511,37.5469,5.3958
100M,chip_240_276_merged.tif,0.4,3,1659111055,78,32.6475,36.7734,4.1259
100M,chip_240_276_merged.tif,0.4,4,1179165537,78,33.9289,37.8298,3.9009
100M,chip_240_276_merged.tif,0.6,0,9487980,117,32.2982,32.5867,0.2885
100M,chip_240_276_merged.tif,0.6,1,1677026110,117,32.9692,37.4126,4.4434
100M,chip_240_276_merged.tif,0.6,2,1296419479,117,33.1241,37.5612,4.4372
100M,chip_240_276_merged.tif,0.6,3,915812848,117,32.9068,35.7707,2.864
100M,chip_240_276_merged.tif,0.6,4,435867330,117,33.0052,35.9461,2.9409
100M,chip_240_276_merged.tif,0.8,0,1674379432,156,32.633,35.0128,2.3798
100M,chip_240_276_merged.tif,0.8,1,1293772801,156,32.6705,33.178,0.5074
100M,chip_240_276_merged.tif,0.8,2,813827283,156,32.5634,34.4233,1.8599
100M,chip_240_276_merged.tif,0.8,3,433220652,156,33.0101,34.5991,1.589
100M,chip_240_276_merged.tif,0.8,4,2100758782,156,32.5566,34.6878,2.1311
100M,chip_240_588_merged.tif,0.2,0,676960628,39,30.9073,33.5703,2.663
100M,chip_240_588_merged.tif,0.2,1,197015110,39,31.5456,34.4955,2.9499
100M,chip_240_588_merged.tif,0.2,2,1963892127,39,31.4789,33.8663,2.3874
100M,chip_240_588_merged.tif,0.2,3,1483946609,39,31.6522,33.5984,1.9461
100M,chip_240_588_merged.tif,0.2,4,1103339978,39,31.4784,32.3242,0.8458
100M,chip_240_588_merged.tif,0.4,0,417006408,78,31.5799,33.8537,2.2738
100M,chip_240_588_merged.tif,0.4,1,36399777,78,31.9418,33.8398,1.898
100M,chip_240_588_merged.tif,0.4,2,1803276794,78,31.6565,33.3292,1.6728
100M,chip_240_588_merged.tif,0.4,3,1323331276,78,31.34,32.9936,1.6536
100M,chip_240_588_merged.tif,0.4,4,942724645,78,31.6553,32.444,0.7888
100M,chip_240_588_merged.tif,0.6,0,1821191849,117,31.7133,32.4755,0.7621
100M,chip_240_588_merged.tif,0.6,1,1440585218,117,31.3046,33.0289,1.7243
100M,chip_240_588_merged.tif,0.6,2,1059978587,117,31.3008,32.8188,1.518
100M,chip_240_588_merged.tif,0.6,3,580033069,117,31.7271,32.8832,1.1561
100M,chip_240_588_merged.tif,0.6,4,199426438,117,31.6911,32.6046,0.9135
100M,chip_240_588_merged.tif,0.8,0,1437938540,156,31.3388,31.474,0.1352
100M,chip_240_588_merged.tif,0.8,1,957993022,156,31.0724,31.9568,0.8844
100M,chip_240_588_merged.tif,0.8,2,577386391,156,31.2433,32.4353,1.1919
100M,chip_240_588_merged.tif,0.8,3,97440873,156,31.0295,31.787,0.7575
100M,chip_240_588_merged.tif,0.8,4,1864317890,156,31.4295,31.7856,0.3561
100M,chip_241_475_merged.tif,0.2,0,1294655915,39,33.3252,34.7498,1.4246
100M,chip_241_475_merged.tif,0.2,1,814710397,39,32.2552,35.1971,2.942
100M,chip_241_475_merged.tif,0.2,2,434103766,39,33.3249,34.8445,1.5196
100M,chip_241_475_merged.tif,0.2,3,53497135,39,32.5177,34.939,2.4213
100M,chip_241_475_merged.tif,0.2,4,1721035265,39,33.5743,34.3959,0.8217
100M,chip_241_475_merged.tif,0.4,0,1134040582,78,32.7639,34.2243,1.4604
100M,chip_241_475_merged.tif,0.4,1,654095064,78,32.8458,34.1065,1.2607
100M,chip_241_475_merged.tif,0.4,2,273488433,78,33.0498,34.3432,1.2934
100M,chip_241_475_merged.tif,0.4,3,1941026563,78,32.151,34.3915,2.2405
100M,chip_241_475_merged.tif,0.4,4,1560419932,78,32.1514,34.3601,2.2088
100M,chip_241_475_merged.tif,0.6,0,390742375,117,32.694,34.0529,1.3589
100M,chip_241_475_merged.tif,0.6,1,2058280505,117,32.6821,33.532,0.8499
100M,chip_241_475_merged.tif,0.6,2,1677673874,117,32.6695,33.5779,0.9084
100M,chip_241_475_merged.tif,0.6,3,1197728356,117,32.7768,33.842,1.0651
100M,chip_241_475_merged.tif,0.6,4,817121725,117,32.7767,33.4518,0.6752
100M,chip_241_475_merged.tif,0.8,0,2055633827,156,32.7462,32.8218,0.0756
100M,chip_241_475_merged.tif,0.8,1,1575688309,156,31.2068,32.9725,1.7656
100M,chip_241_475_merged.tif,0.8,2,1195081678,156,31.121,32.6139,1.4929
100M,chip_241_475_merged.tif,0.8,3,814475047,156,32.6629,33.1665,0.5037
100M,chip_241_475_merged.tif,0.8,4,334529529,156,30.9334,32.7163,1.7829
100M,chip_242_336_merged.tif,0.2,0,47179690,39,32.1687,37.2746,5.1059
100M,chip_242_336_merged.tif,0.2,1,1714717820,39,32.4481,36.9604,4.5123
100M,chip_242_336_merged.tif,0.2,2,1334111189,39,34.7201,36.7521,2.0319
100M,chip_242_336_merged.tif,0.2,3,854165671,39,33.5446,36.4863,2.9417
100M,chip_242_336_merged.tif,0.2,4,473559040,39,29.4474,37.0964,7.649
100M,chip_242_336_merged.tif,0.4,0,1129388268,78,32.3175,36.01,3.6925
100M,chip_242_336_merged.tif,0.4,1,748781637,78,31.387,36.1223,4.7353
100M,chip_242_336_merged.tif,0.4,2,268836119,78,30.0307,35.8406,5.8099
100M,chip_242_336_merged.tif,0.4,3,2035713136,78,30.8771,35.8978,5.0207
100M,chip_242_336_merged.tif,0.4,4,1555767618,78,29.1504,36.03,6.8797
100M,chip_242_336_merged.tif,0.6,0,1191410911,117,30.9768,34.7212,3.7445
100M,chip_242_336_merged.tif,0.6,1,810804280,117,30.5319,34.4897,3.9578
100M,chip_242_336_merged.tif,0.6,2,430197649,117,30.468,35.0832,4.6151
100M,chip_242_336_merged.tif,0.6,3,2097735779,117,31.0082,34.0301,3.0219
100M,chip_242_336_merged.tif,0.6,4,1717129148,117,30.466,33.9733,3.5072
100M,chip_242_336_merged.tif,0.8,0,808157602,156,30.1428,33.4411,3.2982
100M,chip_242_336_merged.tif,0.8,1,328212084,156,29.6697,32.0299,2.3602
100M,chip_242_336_merged.tif,0.8,2,2095089101,156,29.672,31.9845,2.3125
100M,chip_242_336_merged.tif,0.8,3,1615143583,156,29.6485,32.6176,2.9691
100M,chip_242_336_merged.tif,0.8,4,1234536952,156,30.5366,33.0532,2.5166
100M,chip_243_452_merged.tif,0.2,0,1095261144,39,30.367,33.3245,2.9574
100M,chip_243_452_merged.tif,0.2,1,615315626,39,31.0499,33.331,2.2811
100M,chip_243_452_merged.tif,0.2,2,234708995,39,31.0327,32.2646,1.2319
100M,chip_243_452_merged.tif,0.2,3,1902247125,39,31.9858,32.2893,0.3035
100M,chip_243_452_merged.tif,0.2,4,1521640494,39,30.5137,32.3247,1.811
100M,chip_243_452_merged.tif,0.4,0,29986074,78,30.2464,32.8436,2.5972
100M,chip_243_452_merged.tif,0.4,1,1796863091,78,30.3857,32.3771,1.9914
100M,chip_243_452_merged.tif,0.4,2,1316917573,78,29.9592,32.0681,2.1089
100M,chip_243_452_merged.tif,0.4,3,936310942,78,29.7965,32.3072,2.5107
100M,chip_243_452_merged.tif,0.4,4,456365424,78,30.2461,32.8846,2.6385
100M,chip_243_452_merged.tif,0.6,0,92008717,117,29.0909,31.7711,2.6802
100M,chip_243_452_merged.tif,0.6,1,1858885734,117,30.1226,31.8722,1.7496
100M,chip_243_452_merged.tif,0.6,2,1478279103,117,29.4786,31.4913,2.0126
100M,chip_243_452_merged.tif,0.6,3,998333585,117,29.6593,31.4875,1.8283
100M,chip_243_452_merged.tif,0.6,4,617726954,117,30.1063,31.8871,1.7808
100M,chip_243_452_merged.tif,0.8,0,1856239056,156,29.5859,31.0811,1.4952
100M,chip_243_452_merged.tif,0.8,1,1376293538,156,29.4187,30.5865,1.1678
100M,chip_243_452_merged.tif,0.8,2,995686907,156,29.5982,30.7171,1.1189
100M,chip_243_452_merged.tif,0.8,3,515741389,156,28.8896,30.6512,1.7616
100M,chip_243_452_merged.tif,0.8,4,135134758,156,29.1415,30.8819,1.7404
100M,chip_243_589_merged.tif,0.2,0,1989286054,39,31.4183,34.2279,2.8096
100M,chip_243_589_merged.tif,0.2,1,1608679423,39,31.9398,34.1485,2.2087
100M,chip_243_589_merged.tif,0.2,2,1128733905,39,31.6586,34.228,2.5695
100M,chip_243_589_merged.tif,0.2,3,748127274,39,32.1953,35.0825,2.8872
100M,chip_243_589_merged.tif,0.2,4,268181756,39,32.593,34.4665,1.8735
100M,chip_243_589_merged.tif,0.4,0,1828670721,78,31.6306,33.9787,2.3481
100M,chip_243_589_merged.tif,0.4,1,1348725203,78,31.2253,33.2098,1.9844
100M,chip_243_589_merged.tif,0.4,2,968118572,78,30.9161,34.0114,3.0952
100M,chip_243_589_merged.tif,0.4,3,488173054,78,31.4828,32.7732,1.2904
100M,chip_243_589_merged.tif,0.4,4,107566423,78,31.5459,33.3795,1.8336
100M,chip_243_589_merged.tif,0.6,0,1085372514,117,31.1072,32.6697,1.5625
100M,chip_243_589_merged.tif,0.6,1,605426996,117,31.0138,32.7753,1.7615
100M,chip_243_589_merged.tif,0.6,2,224820365,117,31.4368,33.2503,1.8135
100M,chip_243_589_merged.tif,0.6,3,1991697382,117,31.0815,32.9913,1.9098
100M,chip_243_589_merged.tif,0.6,4,1511751864,117,31.3697,33.0318,1.6621
100M,chip_243_589_merged.tif,0.8,0,602780318,156,30.9867,31.9081,0.9214
100M,chip_243_589_merged.tif,0.8,1,222173687,156,30.8417,32.0254,1.1837
100M,chip_243_589_merged.tif,0.8,2,1889711817,156,31.0075,32.285,1.2775
100M,chip_243_589_merged.tif,0.8,3,1509105186,156,30.5411,32.33,1.7889
100M,chip_243_589_merged.tif,0.8,4,1029159668,156,31.0075,32.0565,1.049
100M,chip_244_335_merged.tif,0.2,0,826318062,39,32.372,36.5347,4.1626
100M,chip_244_335_merged.tif,0.2,1,346372544,39,32.3777,35.8458,3.4682
100M,chip_244_335_merged.tif,0.2,2,2113249561,39,33.7095,37.0153,3.3058
100M,chip_244_335_merged.tif,0.2,3,1633304043,39,33.7098,35.9863,2.2765
100M,chip_244_335_merged.tif,0.2,4,1252697412,39,33.4914,35.1894,1.698
100M,chip_244_335_merged.tif,0.4,0,566363842,78,32.5475,35.755,3.2075
100M,chip_244_335_merged.tif,0.4,1,185757211,78,31.8195,35.89,4.0705
100M,chip_244_335_merged.tif,0.4,2,1952634228,78,32.6021,35.6155,3.0134
100M,chip_244_335_merged.tif,0.4,3,1472688710,78,32.2909,35.6594,3.3685
100M,chip_244_335_merged.tif,0.4,4,1092082079,78,32.2906,35.9056,3.615
100M,chip_244_335_merged.tif,0.6,0,2069888170,117,32.4612,34.589,2.1277
100M,chip_244_335_merged.tif,0.6,1,1589942652,117,31.8264,34.5556,2.7293
100M,chip_244_335_merged.tif,0.6,2,1209336021,117,32.4844,35.0904,2.606
100M,chip_244_335_merged.tif,0.6,3,729390503,117,31.4193,34.7935,3.3742
100M,chip_244_335_merged.tif,0.6,4,348783872,117,31.8635,34.3164,2.4529
100M,chip_244_335_merged.tif,0.8,0,1587295974,156,31.6334,33.6211,1.9877
100M,chip_244_335_merged.tif,0.8,1,1107350456,156,31.4815,33.3196,1.8381
100M,chip_244_335_merged.tif,0.8,2,726743825,156,31.5001,32.5515,1.0514
100M,chip_244_335_merged.tif,0.8,3,246798307,156,31.3849,33.7576,2.3727
100M,chip_244_335_merged.tif,0.8,4,2013675324,156,31.2864,32.6674,1.3811
100M,chip_244_446_merged.tif,0.2,0,1903644040,39,31.2204,33.8975,2.6771
100M,chip_244_446_merged.tif,0.2,1,1423698522,39,31.7351,32.9608,1.2256
100M,chip_244_446_merged.tif,0.2,2,1043091891,39,31.9488,33.0475,1.0987
100M,chip_244_446_merged.tif,0.2,3,662485260,39,31.3362,33.3931,2.0568
100M,chip_244_446_merged.tif,0.2,4,182539742,39,31.43,33.3375,1.9075
100M,chip_244_446_merged.tif,0.4,0,838368970,78,30.8746,33.4207,2.5461
100M,chip_244_446_merged.tif,0.4,1,457762339,78,30.3869,32.0263,1.6395
100M,chip_244_446_merged.tif,0.4,2,2125300469,78,30.5078,32.4496,1.9418
100M,chip_244_446_merged.tif,0.4,3,1744693838,78,28.8412,33.8331,4.9919
100M,chip_244_446_merged.tif,0.4,4,1364087207,78,30.3398,33.0852,2.7454
100M,chip_244_446_merged.tif,0.6,0,999730500,117,30.1439,32.5019,2.358
100M,chip_244_446_merged.tif,0.6,1,519784982,117,30.4896,31.8365,1.347
100M,chip_244_446_merged.tif,0.6,2,139178351,117,30.1597,32.6129,2.4533
100M,chip_244_446_merged.tif,0.6,3,1806716481,117,30.4876,32.2003,1.7127
100M,chip_244_446_merged.tif,0.6,4,1426109850,117,30.4968,31.4301,0.9334
100M,chip_244_446_merged.tif,0.8,0,517138304,156,30.4073,31.0177,0.6104
100M,chip_244_446_merged.tif,0.8,1,37192786,156,30.3986,31.1463,0.7477
100M,chip_244_446_merged.tif,0.8,2,1804069803,156,29.1231,31.3573,2.2342
100M,chip_244_446_merged.tif,0.8,3,1423463172,156,29.131,31.2638,2.1328
100M,chip_244_446_merged.tif,0.8,4,943517654,156,29.5992,30.9686,1.3693
100M,chip_244_594_merged.tif,0.2,0,851840217,39,32.7996,35.0337,2.234
100M,chip_244_594_merged.tif,0.2,1,471233586,39,33.4015,35.3942,1.9927
100M,chip_244_594_merged.tif,0.2,2,2138771716,39,32.9392,35.1531,2.2139
100M,chip_244_594_merged.tif,0.2,3,1758165085,39,32.9501,34.8378,1.8877
100M,chip_244_594_merged.tif,0.2,4,1278219567,39,33.3572,34.8826,1.5255
100M,chip_244_594_merged.tif,0.4,0,1934048795,78,33.2486,34.4622,1.2136
100M,chip_244_594_merged.tif,0.4,1,1553442164,78,32.73,33.7848,1.0548
100M,chip_244_594_merged.tif,0.4,2,1172835533,78,32.6747,34.346,1.6713
100M,chip_244_594_merged.tif,0.4,3,692890015,78,33.1674,34.2504,1.083
100M,chip_244_594_merged.tif,0.4,4,312283384,78,32.8295,34.4137,1.5842
100M,chip_244_594_merged.tif,0.6,0,2095410325,117,32.7014,33.5681,0.8668
100M,chip_244_594_merged.tif,0.6,1,1615464807,117,32.6669,34.0118,1.345
100M,chip_244_594_merged.tif,0.6,2,1234858176,117,32.8368,33.4315,0.5947
100M,chip_244_594_merged.tif,0.6,3,854251545,117,32.9843,33.8133,0.8289
100M,chip_244_594_merged.tif,0.6,4,374306027,117,32.977,33.6986,0.7216
100M,chip_244_594_merged.tif,0.8,0,1612818129,156,32.2586,33.1553,0.8967
100M,chip_244_594_merged.tif,0.8,1,1232211498,156,32.2354,33.3019,1.0665
100M,chip_244_594_merged.tif,0.8,2,752265980,156,32.6697,33.273,0.6032
100M,chip_244_594_merged.tif,0.8,3,371659349,156,32.6259,33.0542,0.4283
100M,chip_244_594_merged.tif,0.8,4,2039197479,156,32.1449,32.8171,0.6722
100M,chip_245_593_merged.tif,0.2,0,933292202,39,31.951,33.2081,1.2572
100M,chip_245_593_merged.tif,0.2,1,552685571,39,28.9827,33.0415,4.0588
100M,chip_245_593_merged.tif,0.2,2,72740053,39,30.703,32.271,1.568
100M,chip_245_593_merged.tif,0.2,3,1839617070,39,29.881,33.8783,3.9973
100M,chip_245_593_merged.tif,0.2,4,1359671552,39,31.7877,32.7758,0.9882
100M,chip_245_593_merged.tif,0.4,0,772676869,78,30.6111,33.3767,2.7656
100M,chip_245_593_merged.tif,0.4,1,292731351,78,30.82,33.43,2.61
100M,chip_245_593_merged.tif,0.4,2,2059608368,78,30.8267,33.5047,2.6781
100M,chip_245_593_merged.tif,0.4,3,1579662850,78,30.4682,33.336,2.8677
100M,chip_245_593_merged.tif,0.4,4,1199056219,78,30.8258,32.5302,1.7043
100M,chip_245_593_merged.tif,0.6,0,29378662,117,30.1261,31.9532,1.8271
100M,chip_245_593_merged.tif,0.6,1,1696916792,117,30.1349,32.0831,1.9482
100M,chip_245_593_merged.tif,0.6,2,1316310161,117,30.4716,32.7778,2.3062
100M,chip_245_593_merged.tif,0.6,3,935703530,117,29.4794,32.2176,2.7382
100M,chip_245_593_merged.tif,0.6,4,455758012,117,30.5881,32.3069,1.7187
100M,chip_245_593_merged.tif,0.8,0,1694270114,156,30.1832,31.3797,1.1965
100M,chip_245_593_merged.tif,0.8,1,1313663483,156,30.2405,31.0238,0.7833
100M,chip_245_593_merged.tif,0.8,2,833717965,156,30.4646,31.4157,0.9511
100M,chip_245_593_merged.tif,0.8,3,453111334,156,30.271,30.8516,0.5806
100M,chip_245_593_merged.tif,0.8,4,2120649464,156,30.1072,31.1881,1.0809
100M,chip_246_444_merged.tif,0.2,0,1277929945,39,29.7721,33.6406,3.8686
100M,chip_246_444_merged.tif,0.2,1,897323314,39,29.7711,33.3375,3.5664
100M,chip_246_444_merged.tif,0.2,2,516716683,39,30.2358,32.9379,2.7021
100M,chip_246_444_merged.tif,0.2,3,36771165,39,30.9232,32.7591,1.8359
100M,chip_246_444_merged.tif,0.2,4,1803648182,39,30.0426,33.2086,3.166
100M,chip_246_444_merged.tif,0.4,0,311993762,78,31.9562,33.0822,1.126
100M,chip_246_444_merged.tif,0.4,1,1979531892,78,30.6721,32.7998,2.1277
100M,chip_246_444_merged.tif,0.4,2,1598925261,78,30.591,32.6691,2.0782
100M,chip_246_444_merged.tif,0.4,3,1218318630,78,30.0813,32.9218,2.8405
100M,chip_246_444_merged.tif,0.4,4,738373112,78,30.647,32.9017,2.2547
100M,chip_246_444_merged.tif,0.6,0,374016405,117,30.6126,31.8011,1.1885
100M,chip_246_444_merged.tif,0.6,1,2140893422,117,30.6079,31.8898,1.2819
100M,chip_246_444_merged.tif,0.6,2,1660947904,117,29.9964,32.1845,2.1881
100M,chip_246_444_merged.tif,0.6,3,1280341273,117,29.8963,32.4821,2.5857
100M,chip_246_444_merged.tif,0.6,4,800395755,117,30.0895,32.3419,2.2524
100M,chip_246_444_merged.tif,0.8,0,2038907857,156,30.2996,31.3201,1.0205
100M,chip_246_444_merged.tif,0.8,1,1658301226,156,30.5037,31.1553,0.6516
100M,chip_246_444_merged.tif,0.8,2,1277694595,156,30.3193,31.6018,1.2825
100M,chip_246_444_merged.tif,0.8,3,797749077,156,30.2211,31.0724,0.8514
100M,chip_246_444_merged.tif,0.8,4,417142446,156,29.3616,31.2305,1.869
100M,chip_246_583_merged.tif,0.2,0,168078600,39,34.5879,33.9689,-0.6191
100M,chip_246_583_merged.tif,0.2,1,1835616730,39,34.6006,34.9212,0.3206
100M,chip_246_583_merged.tif,0.2,2,1455010099,39,34.5879,35.7073,1.1193
100M,chip_246_583_merged.tif,0.2,3,975064581,39,33.4121,34.1573,0.7452
100M,chip_246_583_merged.tif,0.2,4,594457950,39,34.9753,34.6061,-0.3692
100M,chip_246_583_merged.tif,0.4,0,2055608028,78,33.9129,34.2914,0.3785
100M,chip_246_583_merged.tif,0.4,1,1675001397,78,33.9035,35.0542,1.1507
100M,chip_246_583_merged.tif,0.4,2,1294394766,78,33.602,34.4393,0.8373
100M,chip_246_583_merged.tif,0.4,3,814449248,78,33.8269,34.855,1.0281
100M,chip_246_583_merged.tif,0.4,4,433842617,78,34.0421,34.5497,0.5076
100M,chip_246_583_merged.tif,0.6,0,1312309821,117,32.9838,34.1611,1.1773
100M,chip_246_583_merged.tif,0.6,1,931703190,117,32.9668,34.061,1.0943
100M,chip_246_583_merged.tif,0.6,2,551096559,117,32.9822,33.8876,0.9054
100M,chip_246_583_merged.tif,0.6,3,71151041,117,32.9737,33.6159,0.6422
100M,chip_246_583_merged.tif,0.6,4,1838028058,117,32.988,34.361,1.373
100M,chip_246_583_merged.tif,0.8,0,929056512,156,33.6636,33.9936,0.3301
100M,chip_246_583_merged.tif,0.8,1,449110994,156,33.6743,33.3887,-0.2856
100M,chip_246_583_merged.tif,0.8,2,68504363,156,33.5117,33.0857,-0.426
100M,chip_246_583_merged.tif,0.8,3,1736042493,156,32.9803,33.5189,0.5386
100M,chip_246_583_merged.tif,0.8,4,1355435862,156,33.6554,33.6089,-0.0465
100M,chip_246_592_merged.tif,0.2,0,327049328,39,34.4381,34.9985,0.5604
100M,chip_246_592_merged.tif,0.2,1,2093926345,39,33.2927,35.182,1.8893
100M,chip_246_592_merged.tif,0.2,2,1713319714,39,32.3825,36.1604,3.7779
100M,chip_246_592_merged.tif,0.2,3,1233374196,39,34.4374,35.8324,1.3951
100M,chip_246_592_merged.tif,0.2,4,852767565,39,34.4456,35.7133,1.2678
100M,chip_246_592_merged.tif,0.4,0,1508596793,78,33.6728,34.474,0.8012
100M,chip_246_592_merged.tif,0.4,1,1127990162,78,32.6826,34.2588,1.5762
100M,chip_246_592_merged.tif,0.4,2,648044644,78,32.6827,35.5991,2.9164
100M,chip_246_592_merged.tif,0.4,3,267438013,78,32.6383,35.555,2.9166
100M,chip_246_592_merged.tif,0.4,4,1934976143,78,33.6057,34.3578,0.7521
100M,chip_246_592_merged.tif,0.6,0,1570619436,117,31.9554,33.8939,1.9385
100M,chip_246_592_merged.tif,0.6,1,1190012805,117,32.6657,34.5781,1.9125
100M,chip_246_592_merged.tif,0.6,2,710067287,117,32.5111,34.8652,2.3541
100M,chip_246_592_merged.tif,0.6,3,329460656,117,33.3349,33.7885,0.4535
100M,chip_246_592_merged.tif,0.6,4,2096337673,117,31.8419,32.7755,0.9336
100M,chip_246_592_merged.tif,0.8,0,1088027240,156,32.7681,33.3095,0.5414
100M,chip_246_592_merged.tif,0.8,1,707420609,156,32.9164,33.5474,0.631
100M,chip_246_592_merged.tif,0.8,2,326813978,156,32.7595,32.7294,-0.0302
100M,chip_246_592_merged.tif,0.8,3,1994352108,156,31.7521,32.6895,0.9374
100M,chip_246_592_merged.tif,0.8,4,1613745477,156,32.7323,32.387,-0.3452
100M,chip_248_445_merged.tif,0.2,0,1962386624,39,32.265,33.1985,0.9335
100M,chip_248_445_merged.tif,0.2,1,1581779993,39,31.5931,32.8169,1.2238
100M,chip_248_445_merged.tif,0.2,2,1101834475,39,30.7792,33.4452,2.6659
100M,chip_248_445_merged.tif,0.2,3,721227844,39,29.8873,33.3809,3.4936
100M,chip_248_445_merged.tif,0.2,4,340621213,39,31.1155,33.6792,2.5637
100M,chip_248_445_merged.tif,0.4,0,1801771291,78,31.4272,33.0528,1.6255
100M,chip_248_445_merged.tif,0.4,1,1421164660,78,29.2341,32.7181,3.484
100M,chip_248_445_merged.tif,0.4,2,941219142,78,29.2347,32.8782,3.6435
100M,chip_248_445_merged.tif,0.4,3,560612511,78,31.5062,33.114,1.6078
100M,chip_248_445_merged.tif,0.4,4,80666993,78,29.7633,32.2446,2.4813
100M,chip_248_445_merged.tif,0.6,0,1058473084,117,30.4824,32.3454,1.863
100M,chip_248_445_merged.tif,0.6,1,677866453,117,30.0649,32.72,2.655
100M,chip_248_445_merged.tif,0.6,2,197920935,117,30.0517,32.0647,2.013
100M,chip_248_445_merged.tif,0.6,3,1964797952,117,30.444,32.2233,1.7794
100M,chip_248_445_merged.tif,0.6,4,1484852434,117,30.9996,32.7971,1.7976
100M,chip_248_445_merged.tif,0.8,0,575880888,156,30.4243,31.9976,1.5733
100M,chip_248_445_merged.tif,0.8,1,195274257,156,30.3647,31.7692,1.4045
100M,chip_248_445_merged.tif,0.8,2,1862812387,156,29.6221,31.9469,2.3248
100M,chip_248_445_merged.tif,0.8,3,1482205756,156,30.5167,31.6853,1.1686
100M,chip_248_445_merged.tif,0.8,4,1101599125,156,29.618,31.6581,2.0401
100M,chip_248_585_merged.tif,0.2,0,532126311,39,30.7462,33.5125,2.7663
100M,chip_248_585_merged.tif,0.2,1,52180793,39,32.1492,34.2498,2.1006
100M,chip_248_585_merged.tif,0.2,2,1819057810,39,30.5845,34.055,3.4705
100M,chip_248_585_merged.tif,0.2,3,1339112292,39,30.7442,33.3299,2.5857
100M,chip_248_585_merged.tif,0.2,4,958505661,39,31.0549,34.6195,3.5646
100M,chip_248_585_merged.tif,0.4,0,272172091,78,29.6882,33.6794,3.9912
100M,chip_248_585_merged.tif,0.4,1,2039049108,78,30.6121,32.4591,1.847
100M,chip_248_585_merged.tif,0.4,2,1559103590,78,29.8085,32.8739,3.0654
100M,chip_248_585_merged.tif,0.4,3,1178496959,78,30.9431,32.3283,1.3853
100M,chip_248_585_merged.tif,0.4,4,797890328,78,31.1128,32.384,1.2713
100M,chip_248_585_merged.tif,0.6,0,1676357532,117,29.7631,31.5457,1.7826
100M,chip_248_585_merged.tif,0.6,1,1295750901,117,30.8931,30.9249,0.0318
100M,chip_248_585_merged.tif,0.6,2,915144270,117,29.7776,30.4021,0.6244
100M,chip_248_585_merged.tif,0.6,3,435198752,117,30.9861,32.2551,1.2691
100M,chip_248_585_merged.tif,0.6,4,54592121,117,29.7885,31.5954,1.8069
100M,chip_248_585_merged.tif,0.8,0,1293104223,156,29.8919,30.9792,1.0873
100M,chip_248_585_merged.tif,0.8,1,813158705,156,30.6726,31.1599,0.4873
100M,chip_248_585_merged.tif,0.8,2,432552074,156,29.3203,30.97,1.6497
100M,chip_248_585_merged.tif,0.8,3,2100090204,156,29.6641,30.6276,0.9636
100M,chip_248_585_merged.tif,0.8,4,1719483573,156,29.8601,30.9711,1.111
100M,chip_248_589_merged.tif,0.2,0,2123160680,39,31.9823,32.4653,0.4829
100M,chip_248_589_merged.tif,0.2,1,1643215162,39,32.021,34.1202,2.0992
100M,chip_248_589_merged.tif,0.2,2,1262608531,39,30.6385,33.46,2.8215
100M,chip_248_589_merged.tif,0.2,3,882001900,39,32.607,33.5285,0.9215
100M,chip_248_589_merged.tif,0.2,4,402056382,39,31.1008,33.1565,2.0556
100M,chip_248_589_merged.tif,0.4,0,1962545347,78,31.7921,32.3024,0.5103
100M,chip_248_589_merged.tif,0.4,1,1482599829,78,30.0319,31.7906,1.7587
100M,chip_248_589_merged.tif,0.4,2,1101993198,78,28.4832,32.4116,3.9284
100M,chip_248_589_merged.tif,0.4,3,622047680,78,28.4833,32.5967,4.1133
100M,chip_248_589_merged.tif,0.4,4,241441049,78,31.1371,32.8451,1.7081
100M,chip_248_589_merged.tif,0.6,0,1219247140,117,30.0611,31.5441,1.4831
100M,chip_248_589_merged.tif,0.6,1,739301622,117,29.8089,31.878,2.0691
100M,chip_248_589_merged.tif,0.6,2,358694991,117,29.1142,31.9567,2.8425
100M,chip_248_589_merged.tif,0.6,3,2026233121,117,29.5261,31.8323,2.3062
100M,chip_248_589_merged.tif,0.6,4,1645626490,117,29.0359,31.9507,2.9149
100M,chip_248_589_merged.tif,0.8,0,736654944,156,29.2037,30.615,1.4113
100M,chip_248_589_merged.tif,0.8,1,256709426,156,30.1037,30.39,0.2863
100M,chip_248_589_merged.tif,0.8,2,2023586443,156,29.9233,30.4641,0.5408
100M,chip_248_589_merged.tif,0.8,3,1642979812,156,30.0969,30.5643,0.4673
100M,chip_248_589_merged.tif,0.8,4,1163034294,156,29.9332,30.8555,0.9223
100M,chip_249_270_merged.tif,0.2,0,1330608632,39,34.0914,36.0626,1.9712
100M,chip_249_270_merged.tif,0.2,1,850663114,39,28.7259,36.2886,7.5627
100M,chip_249_270_merged.tif,0.2,2,470056483,39,31.2798,36.3445,5.0647
100M,chip_249_270_merged.tif,0.2,3,89449852,39,29.4241,37.8239,8.3998
100M,chip_249_270_merged.tif,0.2,4,1756987982,39,34.7178,37.795,3.0772
100M,chip_249_270_merged.tif,0.4,0,1169993299,78,30.8062,36.9358,6.1297
100M,chip_249_270_merged.tif,0.4,1,690047781,78,29.1795,35.3921,6.2126
100M,chip_249_270_merged.tif,0.4,2,309441150,78,30.9162,34.4211,3.505
100M,chip_249_270_merged.tif,0.4,3,1976979280,78,30.9163,35.5132,4.5969
100M,chip_249_270_merged.tif,0.4,4,1596372649,78,29.1814,35.7636,6.5822
100M,chip_249_270_merged.tif,0.6,0,426695092,117,28.2188,32.3761,4.1573
100M,chip_249_270_merged.tif,0.6,1,2094233222,117,28.4022,31.7609,3.3587
100M,chip_249_270_merged.tif,0.6,2,1713626591,117,29.7441,33.047,3.3029
100M,chip_249_270_merged.tif,0.6,3,1233681073,117,30.5829,31.539,0.9561
100M,chip_249_270_merged.tif,0.6,4,853074442,117,29.5012,34.6274,5.1262
100M,chip_249_270_merged.tif,0.8,0,2091586544,156,29.0335,30.5365,1.503
100M,chip_249_270_merged.tif,0.8,1,1611641026,156,29.4539,31.1625,1.7086
100M,chip_249_270_merged.tif,0.8,2,1231034395,156,29.5369,32.7062,3.1693
100M,chip_249_270_merged.tif,0.8,3,850427764,156,28.999,31.4408,2.4418
100M,chip_249_270_merged.tif,0.8,4,370482246,156,30.0084,31.864,1.8556
100M,chip_250_270_merged.tif,0.2,0,16372307,39,29.0723,37.39,8.3178
100M,chip_250_270_merged.tif,0.2,1,1783249324,39,34.5074,36.5499,2.0425
100M,chip_250_270_merged.tif,0.2,2,1303303806,39,36.5261,39.3032,2.777
100M,chip_250_270_merged.tif,0.2,3,922697175,39,33.9278,36.6634,2.7356
100M,chip_250_270_merged.tif,0.2,4,442751657,39,34.9075,37.979,3.0715
100M,chip_250_270_merged.tif,0.4,0,1098580885,78,31.9409,34.2821,2.3411
100M,chip_250_270_merged.tif,0.4,1,717974254,78,30.384,36.8653,6.4813
100M,chip_250_270_merged.tif,0.4,2,337367623,78,32.088,36.8606,4.7726
100M,chip_250_270_merged.tif,0.4,3,2004905753,78,31.936,37.848,5.912
100M,chip_250_270_merged.tif,0.4,4,1624299122,78,30.3865,36.8291,6.4427
100M,chip_250_270_merged.tif,0.6,0,1259942415,117,32.033,35.5325,3.4994
100M,chip_250_270_merged.tif,0.6,1,779996897,117,31.9784,32.9768,0.9984
100M,chip_250_270_merged.tif,0.6,2,399390266,117,31.3351,35.5439,4.2088
100M,chip_250_270_merged.tif,0.6,3,18783635,117,31.3689,33.4152,2.0462
100M,chip_250_270_merged.tif,0.6,4,1686321765,117,30.2891,36.1335,5.8444
100M,chip_250_270_merged.tif,0.8,0,777350219,156,30.3594,32.9649,2.6055
100M,chip_250_270_merged.tif,0.8,1,396743588,156,31.6698,35.0127,3.3429
100M,chip_250_270_merged.tif,0.8,2,2064281718,156,29.0408,32.6997,3.6589
100M,chip_250_270_merged.tif,0.8,3,1683675087,156,31.1384,33.0928,1.9544
100M,chip_250_270_merged.tif,0.8,4,1203729569,156,28.9287,32.8639,3.9352
100M,chip_250_446_merged.tif,0.2,0,327987266,39,31.0119,34.624,3.6121
100M,chip_250_446_merged.tif,0.2,1,1995525396,39,30.5406,35.1018,4.5612
100M,chip_250_446_merged.tif,0.2,2,1614918765,39,32.2354,33.9979,1.7625
100M,chip_250_446_merged.tif,0.2,3,1234312134,39,32.0455,35.0585,3.0129
100M,chip_250_446_merged.tif,0.2,4,754366616,39,34.262,34.3934,0.1314
100M,chip_250_446_merged.tif,0.4,0,1410195844,78,30.9508,33.8671,2.9163
100M,chip_250_446_merged.tif,0.4,1,1029589213,78,32.4831,34.4037,1.9205
100M,chip_250_446_merged.tif,0.4,2,549643695,78,30.8362,34.1335,3.2972
100M,chip_250_446_merged.tif,0.4,3,169037064,78,32.6226,33.8628,1.2402
100M,chip_250_446_merged.tif,0.4,4,1935914081,78,30.3322,33.9413,3.6092
100M,chip_250_446_merged.tif,0.6,0,1519836500,117,30.8956,33.1212,2.2256
100M,chip_250_446_merged.tif,0.6,1,1139229869,117,31.1485,32.7084,1.5599
100M,chip_250_446_merged.tif,0.6,2,659284351,117,31.0352,33.2816,2.2464
100M,chip_250_446_merged.tif,0.6,3,278677720,117,30.7512,33.4248,2.6736
100M,chip_250_446_merged.tif,0.6,4,1946215850,117,30.6861,33.4315,2.7453
100M,chip_250_446_merged.tif,0.8,0,283644328,156,30.7433,32.3028,1.5595
100M,chip_250_446_merged.tif,0.8,1,1951182458,156,30.9526,31.9495,0.9969
100M,chip_250_446_merged.tif,0.8,2,1570575827,156,30.9643,32.0005,1.0362
100M,chip_250_446_merged.tif,0.8,3,1090630309,156,31.3424,32.2941,0.9516
100M,chip_250_446_merged.tif,0.8,4,710023678,156,30.8584,32.2745,1.4161
100M,chip_250_585_merged.tif,0.2,0,1239375123,39,35.3533,37.4513,2.098
100M,chip_250_585_merged.tif,0.2,1,759429605,39,33.2253,37.7233,4.498
100M,chip_250_585_merged.tif,0.2,2,378822974,39,34.8183,37.9417,3.1234
100M,chip_250_585_merged.tif,0.2,3,2046361104,39,34.9021,37.3188,2.4167
100M,chip_250_585_merged.tif,0.2,4,1665754473,39,35.7652,36.1558,0.3906
100M,chip_250_585_merged.tif,0.4,0,174100053,78,35.0294,35.4417,0.4123
100M,chip_250_585_merged.tif,0.4,1,1940977070,78,34.4034,35.5676,1.1642
100M,chip_250_585_merged.tif,0.4,2,1461031552,78,32.8601,35.8104,2.9502
100M,chip_250_585_merged.tif,0.4,3,1080424921,78,35.4439,36.3671,0.9232
100M,chip_250_585_merged.tif,0.4,4,600479403,78,35.8498,36.5503,0.7005
100M,chip_250_585_merged.tif,0.6,0,236122696,117,33.58,35.0222,1.4421
100M,chip_250_585_merged.tif,0.6,1,2002999713,117,34.5014,34.9594,0.458
100M,chip_250_585_merged.tif,0.6,2,1622393082,117,33.7144,35.3617,1.6473
100M,chip_250_585_merged.tif,0.6,3,1142447564,117,33.5497,34.5802,1.0304
100M,chip_250_585_merged.tif,0.6,4,761840933,117,35.0776,35.948,0.8703
100M,chip_250_585_merged.tif,0.8,0,2000353035,156,34.1145,34.778,0.6636
100M,chip_250_585_merged.tif,0.8,1,1520407517,156,33.8897,35.5799,1.6901
100M,chip_250_585_merged.tif,0.8,2,1139800886,156,34.5047,34.8733,0.3687
100M,chip_250_585_merged.tif,0.8,3,659855368,156,34.1211,34.5644,0.4434
100M,chip_250_585_merged.tif,0.8,4,279248737,156,33.9398,34.2809,0.3411
100M,chip_250_589_merged.tif,0.2,0,1111102801,39,35.6499,38.1621,2.5122
100M,chip_250_589_merged.tif,0.2,1,730496170,39,34.519,38.8223,4.3033
100M,chip_250_589_merged.tif,0.2,2,250550652,39,35.2827,38.5199,3.2372
100M,chip_250_589_merged.tif,0.2,3,2017427669,39,37.5108,38.4895,0.9787
100M,chip_250_589_merged.tif,0.2,4,1537482151,39,37.4704,38.2596,0.7891
100M,chip_250_589_merged.tif,0.4,0,145166618,78,33.8091,38.3313,4.5222
100M,chip_250_589_merged.tif,0.4,1,1812704748,78,35.8574,37.4039,1.5465
100M,chip_250_589_merged.tif,0.4,2,1432098117,78,34.3492,38.2973,3.9481
100M,chip_250_589_merged.tif,0.4,3,952152599,78,34.0786,37.2763,3.1977
100M,chip_250_589_merged.tif,0.4,4,571545968,78,34.6142,37.7772,3.163
100M,chip_250_589_merged.tif,0.6,0,1549352059,117,33.2465,36.7695,3.523
100M,chip_250_589_merged.tif,0.6,1,1069406541,117,33.2501,36.7683,3.5182
100M,chip_250_589_merged.tif,0.6,2,688799910,117,33.675,36.3456,2.6706
100M,chip_250_589_merged.tif,0.6,3,208854392,117,33.2481,36.419,3.1709
100M,chip_250_589_merged.tif,0.6,4,1975731409,117,34.4779,36.241,1.7631
100M,chip_250_589_merged.tif,0.8,0,1066759863,156,33.6749,35.8431,2.1681
100M,chip_250_589_merged.tif,0.8,1,586814345,156,33.7884,34.9225,1.1341
100M,chip_250_589_merged.tif,0.8,2,206207714,156,33.4737,36.0784,2.6047
100M,chip_250_589_merged.tif,0.8,3,1873745844,156,33.5168,35.6059,2.0891
100M,chip_250_589_merged.tif,0.8,4,1493139213,156,34.7717,35.8855,1.1138
100M,chip_251_259_merged.tif,0.2,0,244317671,39,39.6342,40.6665,1.0323
100M,chip_251_259_merged.tif,0.2,1,2011194688,39,37.6482,38.821,1.1727
100M,chip_251_259_merged.tif,0.2,2,1531249170,39,36.5599,40.1882,3.6283
100M,chip_251_259_merged.tif,0.2,3,1150642539,39,35.3825,39.6545,4.272
100M,chip_251_259_merged.tif,0.2,4,770035908,39,38.5829,38.8061,0.2232
100M,chip_251_259_merged.tif,0.4,0,83702338,78,34.8205,39.1479,4.3274
100M,chip_251_259_merged.tif,0.4,1,1850579355,78,35.0146,37.6533,2.6386
100M,chip_251_259_merged.tif,0.4,2,1370633837,78,35.1629,38.7119,3.549
100M,chip_251_259_merged.tif,0.4,3,990027206,78,33.0206,39.3187,6.2981
100M,chip_251_259_merged.tif,0.4,4,510081688,78,34.3408,38.7455,4.4047
100M,chip_251_259_merged.tif,0.6,0,1487887779,117,34.813,37.4907,2.6777
100M,chip_251_259_merged.tif,0.6,1,1107281148,117,33.843,37.617,3.774
100M,chip_251_259_merged.tif,0.6,2,627335630,117,35.5095,37.0779,1.5683
100M,chip_251_259_merged.tif,0.6,3,246728999,117,35.0049,39.2683,4.2633
100M,chip_251_259_merged.tif,0.6,4,1914267129,117,35.3131,36.6959,1.3828
100M,chip_251_259_merged.tif,0.8,0,1005295583,156,33.4447,36.1662,2.7215
100M,chip_251_259_merged.tif,0.8,1,624688952,156,35.6289,35.0198,-0.6091
100M,chip_251_259_merged.tif,0.8,2,144743434,156,34.4811,35.8972,1.4161
100M,chip_251_259_merged.tif,0.8,3,1911620451,156,33.4687,35.2032,1.7345
100M,chip_251_259_merged.tif,0.8,4,1531013820,156,34.7589,35.6125,0.8536
100M,chip_251_418_merged.tif,0.2,0,1581714710,39,33.8258,37.6307,3.8049
100M,chip_251_418_merged.tif,0.2,1,1201108079,39,33.6432,38.2501,4.6069
100M,chip_251_418_merged.tif,0.2,2,820501448,39,34.1194,38.3151,4.1957
100M,chip_251_418_merged.tif,0.2,3,340555930,39,37.6122,39.1163,1.504
100M,chip_251_418_merged.tif,0.2,4,2107432947,39,37.6112,37.6396,0.0285
100M,chip_251_418_merged.tif,0.4,0,1421099377,78,34.3095,37.2834,2.9739
100M,chip_251_418_merged.tif,0.4,1,1040492746,78,36.121,37.2451,1.1241
100M,chip_251_418_merged.tif,0.4,2,560547228,78,34.8247,36.9652,2.1405
100M,chip_251_418_merged.tif,0.4,3,179940597,78,34.2477,37.3663,3.1187
100M,chip_251_418_merged.tif,0.4,4,1847478727,78,35.6585,37.3644,1.706
100M,chip_251_418_merged.tif,0.6,0,677801170,117,33.9999,37.7121,3.7122
100M,chip_251_418_merged.tif,0.6,1,297194539,117,34.6768,35.7233,1.0465
100M,chip_251_418_merged.tif,0.6,2,1964732669,117,34.5863,36.4261,1.8398
100M,chip_251_418_merged.tif,0.6,3,1584126038,117,33.1503,35.8896,2.7393
100M,chip_251_418_merged.tif,0.6,4,1104180520,117,34.2666,35.4676,1.201
100M,chip_251_418_merged.tif,0.8,0,195208974,156,34.8532,35.3339,0.4807
100M,chip_251_418_merged.tif,0.8,1,1962085991,156,33.8992,35.1898,1.2906
100M,chip_251_418_merged.tif,0.8,2,1581479360,156,34.0719,36.8479,2.776
100M,chip_251_418_merged.tif,0.8,3,1101533842,156,32.727,35.0245,2.2975
100M,chip_251_418_merged.tif,0.8,4,720927211,156,34.7522,35.6516,0.8994
100M,chip_252_264_merged.tif,0.2,0,653833952,39,32.5679,38.371,5.8031
100M,chip_252_264_merged.tif,0.2,1,273227321,39,29.7126,37.0124,7.2998
100M,chip_252_264_merged.tif,0.2,2,1940765451,39,31.8925,34.4079,2.5154
100M,chip_252_264_merged.tif,0.2,3,1560158820,39,32.7832,35.5274,2.7442
100M,chip_252_264_merged.tif,0.2,4,1179552189,39,28.5164,35.8109,7.2945
100M,chip_252_264_merged.tif,0.4,0,1835381417,78,29.5018,35.3491,5.8474
100M,chip_252_264_merged.tif,0.4,1,1355435899,78,29.5329,34.09,4.5571
100M,chip_252_264_merged.tif,0.4,2,974829268,78,29.0052,33.9436,4.9384
100M,chip_252_264_merged.tif,0.4,3,494883750,78,31.1456,35.3907,4.245
100M,chip_252_264_merged.tif,0.4,4,114277119,78,30.3007,34.8463,4.5456
100M,chip_252_264_merged.tif,0.6,0,1897404060,117,29.4611,33.9265,4.4654
100M,chip_252_264_merged.tif,0.6,1,1516797429,117,29.4381,33.9879,4.5498
100M,chip_252_264_merged.tif,0.6,2,1036851911,117,29.4756,31.8591,2.3835
100M,chip_252_264_merged.tif,0.6,3,656245280,117,29.429,34.0747,4.6457
100M,chip_252_264_merged.tif,0.6,4,176299762,117,28.7844,33.1994,4.4151
100M,chip_252_264_merged.tif,0.8,0,1414811864,156,29.0731,31.2459,2.1728
100M,chip_252_264_merged.tif,0.8,1,1034205233,156,28.0274,30.4648,2.4374
100M,chip_252_264_merged.tif,0.8,2,554259715,156,29.3962,32.0976,2.7014
100M,chip_252_264_merged.tif,0.8,3,173653084,156,29.3997,31.0551,1.6554
100M,chip_252_264_merged.tif,0.8,4,1940530101,156,29.0974,31.276,2.1786
100M,chip_252_279_merged.tif,0.2,0,1677051324,39,29.6776,40.6289,10.9513
100M,chip_252_279_merged.tif,0.2,1,1296444693,39,42.1326,41.0821,-1.0505
100M,chip_252_279_merged.tif,0.2,2,816499175,39,39.8767,40.3148,0.4381
100M,chip_252_279_merged.tif,0.2,3,435892544,39,34.6139,39.4537,4.8398
100M,chip_252_279_merged.tif,0.2,4,2103430674,39,39.8857,38.4895,-1.3962
100M,chip_252_279_merged.tif,0.4,0,1516435991,78,28.621,40.2694,11.6483
100M,chip_252_279_merged.tif,0.4,1,1036490473,78,29.968,39.1181,9.1501
100M,chip_252_279_merged.tif,0.4,2,655883842,78,29.9682,37.1896,7.2215
100M,chip_252_279_merged.tif,0.4,3,275277211,78,29.7869,37.2312,7.4444
100M,chip_252_279_merged.tif,0.4,4,1942815341,78,30.488,40.6281,10.1401
100M,chip_252_279_merged.tif,0.6,0,773137784,117,31.2489,36.6565,5.4076
100M,chip_252_279_merged.tif,0.6,1,293192266,117,28.5484,36.3208,7.7724
100M,chip_252_279_merged.tif,0.6,2,2060069283,117,28.5056,37.6481,9.1425
100M,chip_252_279_merged.tif,0.6,3,1679462652,117,34.2791,36.6298,2.3507
100M,chip_252_279_merged.tif,0.6,4,1199517134,117,28.4653,38.5491,10.0838
100M,chip_252_279_merged.tif,0.8,0,290545588,156,31.802,36.4423,4.6403
100M,chip_252_279_merged.tif,0.8,1,2057422605,156,32.1634,33.3715,1.2081
100M,chip_252_279_merged.tif,0.8,2,1577477087,156,29.5022,32.6991,3.1969
100M,chip_252_279_merged.tif,0.8,3,1196870456,156,31.7781,33.5583,1.7802
100M,chip_252_279_merged.tif,0.8,4,716924938,156,31.0929,34.9626,3.8697
100M,chip_252_446_merged.tif,0.2,0,2055331367,39,29.1472,34.0091,4.8619
100M,chip_252_446_merged.tif,0.2,1,1575385849,39,33.0786,33.3518,0.2733
100M,chip_252_446_merged.tif,0.2,2,1194779218,39,33.6766,34.0895,0.4129
100M,chip_252_446_merged.tif,0.2,3,814172587,39,30.8999,33.5795,2.6795
100M,chip_252_446_merged.tif,0.2,4,334227069,39,33.6769,33.6596,-0.0172
100M,chip_252_446_merged.tif,0.4,0,1894716034,78,31.308,33.9358,2.6278
100M,chip_252_446_merged.tif,0.4,1,1414770516,78,30.3505,33.6122,3.2617
100M,chip_252_446_merged.tif,0.4,2,1034163885,78,31.2107,34.1058,2.8951
100M,chip_252_446_merged.tif,0.4,3,554218367,78,31.352,33.3847,2.0326
100M,chip_252_446_merged.tif,0.4,4,173611736,78,30.3505,33.4963,3.1458
100M,chip_252_446_merged.tif,0.6,0,1151417827,117,31.8126,33.1191,1.3066
100M,chip_252_446_merged.tif,0.6,1,671472309,117,31.4184,33.5888,2.1704
100M,chip_252_446_merged.tif,0.6,2,290865678,117,31.3339,33.2995,1.9657
100M,chip_252_446_merged.tif,0.6,3,1958403808,117,30.8507,32.8927,2.0419
100M,chip_252_446_merged.tif,0.6,4,1577797177,117,31.148,33.4101,2.2621
100M,chip_252_446_merged.tif,0.8,0,668825631,156,31.2366,32.2231,0.9864
100M,chip_252_446_merged.tif,0.8,1,188880113,156,30.7243,32.1506,1.4262
100M,chip_252_446_merged.tif,0.8,2,1955757130,156,31.4186,31.9645,0.5458
100M,chip_252_446_merged.tif,0.8,3,1575150499,156,31.5016,32.3969,0.8953
100M,chip_252_446_merged.tif,0.8,4,1095204981,156,31.6526,31.9913,0.3388
100M,chip_253_260_merged.tif,0.2,0,557167222,39,37.4189,39.7122,2.2933
100M,chip_253_260_merged.tif,0.2,1,176560591,39,37.4199,41.2501,3.8303
100M,chip_253_260_merged.tif,0.2,2,1844098721,39,37.4763,36.9611,-0.5151
100M,chip_253_260_merged.tif,0.2,3,1463492090,39,39.9919,39.9244,-0.0676
100M,chip_253_260_merged.tif,0.2,4,983546572,39,37.418,40.6307,3.2128
100M,chip_253_260_merged.tif,0.4,0,396551889,78,36.4418,39.6522,3.2105
100M,chip_253_260_merged.tif,0.4,1,2064090019,78,36.4754,38.9478,2.4724
100M,chip_253_260_merged.tif,0.4,2,1683483388,78,36.7302,39.027,2.2969
100M,chip_253_260_merged.tif,0.4,3,1302876757,78,32.8425,39.6037,6.7613
100M,chip_253_260_merged.tif,0.4,4,822931239,78,36.4422,39.3469,2.9047
100M,chip_253_260_merged.tif,0.6,0,1800737330,117,37.7874,38.0571,0.2697
100M,chip_253_260_merged.tif,0.6,1,1420130699,117,35.5125,39.2407,3.7282
100M,chip_253_260_merged.tif,0.6,2,940185181,117,35.9498,38.6459,2.6961
100M,chip_253_260_merged.tif,0.6,3,559578550,117,38.1476,38.4267,0.2791
100M,chip_253_260_merged.tif,0.6,4,79633032,117,35.5165,38.6866,3.1701
100M,chip_253_260_merged.tif,0.8,0,1318145134,156,35.0427,37.9553,2.9126
100M,chip_253_260_merged.tif,0.8,1,937538503,156,35.218,37.1128,1.8948
100M,chip_253_260_merged.tif,0.8,2,457592985,156,35.1601,36.698,1.5379
100M,chip_253_260_merged.tif,0.8,3,76986354,156,35.0771,37.3195,2.2424
100M,chip_253_260_merged.tif,0.8,4,1744524484,156,35.0778,36.8553,1.7776
100M,chip_253_263_merged.tif,0.2,0,1577818724,39,27.036,36.7848,9.7487
100M,chip_253_263_merged.tif,0.2,1,1197212093,39,30.1709,34.7419,4.5709
100M,chip_253_263_merged.tif,0.2,2,717266575,39,30.1712,35.3138,5.1427
100M,chip_253_263_merged.tif,0.2,3,336659944,39,30.3953,37.5098,7.1144
100M,chip_253_263_merged.tif,0.2,4,2103536961,39,26.7082,33.1776,6.4694
100M,chip_253_263_merged.tif,0.4,0,1417203391,78,29.246,34.3168,5.0708
100M,chip_253_263_merged.tif,0.4,1,1036596760,78,28.7015,33.9407,5.2392
100M,chip_253_263_merged.tif,0.4,2,556651242,78,27.4386,35.504,8.0653
100M,chip_253_263_merged.tif,0.4,3,176044611,78,26.7141,29.3681,2.654
100M,chip_253_263_merged.tif,0.4,4,1843582741,78,26.7139,35.6973,8.9834
100M,chip_253_263_merged.tif,0.6,0,673905184,117,27.4706,30.8125,3.342
100M,chip_253_263_merged.tif,0.6,1,293298553,117,26.0742,33.7247,7.6505
100M,chip_253_263_merged.tif,0.6,2,1960836683,117,24.4296,33.1715,8.7418
100M,chip_253_263_merged.tif,0.6,3,1580230052,117,26.9891,34.1361,7.1469
100M,chip_253_263_merged.tif,0.6,4,1100284534,117,27.0167,32.3255,5.3088
100M,chip_253_263_merged.tif,0.8,0,191312988,156,24.7102,29.526,4.8158
100M,chip_253_263_merged.tif,0.8,1,1958190005,156,26.6628,27.1033,0.4405
100M,chip_253_263_merged.tif,0.8,2,1478244487,156,26.9925,28.9161,1.9236
100M,chip_253_263_merged.tif,0.8,3,1097637856,156,24.7606,29.3409,4.5802
100M,chip_253_263_merged.tif,0.8,4,717031225,156,24.8018,30.8678,6.0661
100M,chip_253_587_merged.tif,0.2,0,2089675991,39,35.7053,35.7889,0.0836
100M,chip_253_587_merged.tif,0.2,1,1709069360,39,35.2092,35.0285,-0.1807
100M,chip_253_587_merged.tif,0.2,2,1229123842,39,34.2619,34.54,0.2781
100M,chip_253_587_merged.tif,0.2,3,848517211,39,33.0755,34.8919,1.8164
100M,chip_253_587_merged.tif,0.2,4,368571693,39,33.0767,36.6688,3.5921
100M,chip_253_587_merged.tif,0.4,0,1929060658,78,33.0483,35.1184,2.07
100M,chip_253_587_merged.tif,0.4,1,1449115140,78,33.6116,35.055,1.4434
100M,chip_253_587_merged.tif,0.4,2,1068508509,78,32.9699,35.5734,2.6035
100M,chip_253_587_merged.tif,0.4,3,687901878,78,33.0473,35.1207,2.0734
100M,chip_253_587_merged.tif,0.4,4,207956360,78,33.4243,35.223,1.7987
100M,chip_253_587_merged.tif,0.6,0,1185762451,117,33.8952,34.9464,1.0512
100M,chip_253_587_merged.tif,0.6,1,705816933,117,33.2377,34.6083,1.3707
100M,chip_253_587_merged.tif,0.6,2,325210302,117,33.5886,33.9478,0.3593
100M,chip_253_587_merged.tif,0.6,3,2092087319,117,33.6387,34.6358,0.9971
100M,chip_253_587_merged.tif,0.6,4,1612141801,117,33.585,35.6778,2.0928
100M,chip_253_587_merged.tif,0.8,0,703170255,156,32.713,33.7645,1.0515
100M,chip_253_587_merged.tif,0.8,1,322563624,156,32.1247,33.9536,1.8289
100M,chip_253_587_merged.tif,0.8,2,1990101754,156,33.235,34.1019,0.8669
100M,chip_253_587_merged.tif,0.8,3,1609495123,156,32.9367,33.9203,0.9835
100M,chip_253_587_merged.tif,0.8,4,1129549605,156,32.0636,33.7165,1.6529
100M,chip_253_595_merged.tif,0.2,0,516537933,39,32.8924,35.3121,2.4197
100M,chip_253_595_merged.tif,0.2,1,135931302,39,34.0423,35.2557,1.2134
100M,chip_253_595_merged.tif,0.2,2,1803469432,39,33.8498,36.1359,2.2861
100M,chip_253_595_merged.tif,0.2,3,1422862801,39,33.7411,35.8785,2.1373
100M,chip_253_595_merged.tif,0.2,4,942917283,39,33.6408,35.7213,2.0805
100M,chip_253_595_merged.tif,0.4,0,355922600,78,32.6826,34.5914,1.9088
100M,chip_253_595_merged.tif,0.4,1,2023460730,78,34.124,35.429,1.305
100M,chip_253_595_merged.tif,0.4,2,1642854099,78,33.0621,35.4189,2.3568
100M,chip_253_595_merged.tif,0.4,3,1262247468,78,32.9701,34.574,1.6039
100M,chip_253_595_merged.tif,0.4,4,782301950,78,32.8834,35.0693,2.1859
100M,chip_253_595_merged.tif,0.6,0,1760108041,117,33.5643,34.5827,1.0184
100M,chip_253_595_merged.tif,0.6,1,1280162523,117,33.3096,35.2112,1.9016
100M,chip_253_595_merged.tif,0.6,2,899555892,117,33.2041,34.2999,1.0958
100M,chip_253_595_merged.tif,0.6,3,518949261,117,33.2171,34.5792,1.3621
100M,chip_253_595_merged.tif,0.6,4,39003743,117,33.6837,34.4957,0.812
100M,chip_253_595_merged.tif,0.8,0,1277515845,156,32.8512,33.939,1.0878
100M,chip_253_595_merged.tif,0.8,1,896909214,156,33.0135,33.6962,0.6827
100M,chip_253_595_merged.tif,0.8,2,416963696,156,32.8684,33.6197,0.7513
100M,chip_253_595_merged.tif,0.8,3,36357065,156,33.5401,33.3692,-0.1709
100M,chip_253_595_merged.tif,0.8,4,1703895195,156,32.3919,34.0264,1.6345
100M,chip_254_443_merged.tif,0.2,0,1400514216,39,29.0346,32.7971,3.7625
100M,chip_254_443_merged.tif,0.2,1,920568698,39,30.9084,32.6216,1.7132
100M,chip_254_443_merged.tif,0.2,2,539962067,39,30.1327,33.2891,3.1565
100M,chip_254_443_merged.tif,0.2,3,159355436,39,30.6203,33.83,3.2097
100M,chip_254_443_merged.tif,0.2,4,1826893566,39,31.0815,33.3525,2.271
100M,chip_254_443_merged.tif,0.4,0,1239898883,78,29.7254,32.7146,2.9892
100M,chip_254_443_merged.tif,0.4,1,759953365,78,30.4994,31.9771,1.4777
100M,chip_254_443_merged.tif,0.4,2,379346734,78,29.4606,32.3279,2.8673
100M,chip_254_443_merged.tif,0.4,3,2046884864,78,31.1342,32.4644,1.3303
100M,chip_254_443_merged.tif,0.4,4,1666278233,78,31.1382,32.4628,1.3246
100M,chip_254_443_merged.tif,0.6,0,496600676,117,28.6005,31.3136,2.7132
100M,chip_254_443_merged.tif,0.6,1,16655158,117,29.3636,31.3278,1.9643
100M,chip_254_443_merged.tif,0.6,2,1783532175,117,29.3344,31.6122,2.2778
100M,chip_254_443_merged.tif,0.6,3,1303586657,117,28.6001,31.7079,3.1078
100M,chip_254_443_merged.tif,0.6,4,922980026,117,29.8615,31.2043,1.3427
100M,chip_254_443_merged.tif,0.8,0,14008480,156,28.7535,30.7074,1.9539
100M,chip_254_443_merged.tif,0.8,1,1681546610,156,29.022,31.1936,2.1716
100M,chip_254_443_merged.tif,0.8,2,1300939979,156,28.7512,30.6005,1.8493
100M,chip_254_443_merged.tif,0.8,3,920333348,156,29.0366,30.3168,1.2801
100M,chip_254_443_merged.tif,0.8,4,440387830,156,28.1108,30.5618,2.4509
100M,chip_257_265_merged.tif,0.2,0,677449054,39,29.7044,37.5909,7.8865
100M,chip_257_265_merged.tif,0.2,1,296842423,39,34.9569,36.9118,1.9549
100M,chip_257_265_merged.tif,0.2,2,2063719440,39,33.3455,36.8282,3.4827
100M,chip_257_265_merged.tif,0.2,3,1583773922,39,29.6764,35.8662,6.1899
100M,chip_257_265_merged.tif,0.2,4,1203167291,39,33.3454,37.3325,3.987
100M,chip_257_265_merged.tif,0.4,0,1858996519,78,30.6655,36.0282,5.3627
100M,chip_257_265_merged.tif,0.4,1,1478389888,78,29.0399,35.4462,6.4063
100M,chip_257_265_merged.tif,0.4,2,998444370,78,30.0058,36.4027,6.3969
100M,chip_257_265_merged.tif,0.4,3,617837739,78,29.7917,36.0443,6.2526
100M,chip_257_265_merged.tif,0.4,4,137892221,78,30.1541,36.072,5.9179
100M,chip_257_265_merged.tif,0.6,0,1921019162,117,29.3478,34.5295,5.1817
100M,chip_257_265_merged.tif,0.6,1,1540412531,117,29.6187,32.6688,3.0501
100M,chip_257_265_merged.tif,0.6,2,1060467013,117,29.0041,34.9038,5.8997
100M,chip_257_265_merged.tif,0.6,3,679860382,117,29.4698,35.1803,5.7105
100M,chip_257_265_merged.tif,0.6,4,299253751,117,29.2669,32.7361,3.4693
100M,chip_257_265_merged.tif,0.8,0,1438426966,156,28.5948,30.8957,2.3009
100M,chip_257_265_merged.tif,0.8,1,1057820335,156,28.4903,32.2669,3.7765
100M,chip_257_265_merged.tif,0.8,2,677213704,156,28.9329,31.5427,2.6098
100M,chip_257_265_merged.tif,0.8,3,197268186,156,28.5199,32.6532,4.1333
100M,chip_257_265_merged.tif,0.8,4,1964145203,156,28.9983,31.8535,2.8552
100M,chip_257_268_merged.tif,0.2,0,1920547871,39,32.6091,37.1459,4.5369
100M,chip_257_268_merged.tif,0.2,1,1440602353,39,31.7169,37.4108,5.6939
100M,chip_257_268_merged.tif,0.2,2,1059995722,39,34.1118,37.1988,3.087
100M,chip_257_268_merged.tif,0.2,3,580050204,39,32.8802,38.0337,5.1535
100M,chip_257_268_merged.tif,0.2,4,199443573,39,32.8836,35.8123,2.9287
100M,chip_257_268_merged.tif,0.4,0,1660593651,78,31.2726,34.7257,3.4532
100M,chip_257_268_merged.tif,0.4,1,1279987020,78,29.2039,35.2362,6.0323
100M,chip_257_268_merged.tif,0.4,2,899380389,78,31.2733,35.9241,4.6508
100M,chip_257_268_merged.tif,0.4,3,419434871,78,29.0726,36.564,7.4914
100M,chip_257_268_merged.tif,0.4,4,38828240,78,29.9168,36.0705,6.1537
100M,chip_257_268_merged.tif,0.6,0,917295444,117,28.4658,33.6565,5.1907
100M,chip_257_268_merged.tif,0.6,1,536688813,117,29.1586,33.5255,4.3669
100M,chip_257_268_merged.tif,0.6,2,156082182,117,29.1872,35.562,6.3748
100M,chip_257_268_merged.tif,0.6,3,1823620312,117,28.5928,34.6574,6.0646
100M,chip_257_268_merged.tif,0.6,4,1443013681,117,28.9407,34.0168,5.0761
100M,chip_257_268_merged.tif,0.8,0,534042135,156,29.1492,31.7757,2.6265
100M,chip_257_268_merged.tif,0.8,1,54096617,156,29.3174,31.4419,2.1245
100M,chip_257_268_merged.tif,0.8,2,1820973634,156,28.8131,30.3464,1.5333
100M,chip_257_268_merged.tif,0.8,3,1341028116,156,29.3159,30.9301,1.6142
100M,chip_257_268_merged.tif,0.8,4,960421485,156,29.3224,32.1375,2.8151
100M,chip_257_445_merged.tif,0.2,0,1478018622,39,32.194,33.4366,1.2426
100M,chip_257_445_merged.tif,0.2,1,1097411991,39,33.7581,33.5446,-0.2135
100M,chip_257_445_merged.tif,0.2,2,716805360,39,31.3442,33.0136,1.6694
100M,chip_257_445_merged.tif,0.2,3,236859842,39,31.1007,33.3639,2.2632
100M,chip_257_445_merged.tif,0.2,4,2003736859,39,32.4577,34.1596,1.7018
100M,chip_257_445_merged.tif,0.4,0,1317403289,78,30.7145,33.1904,2.4759
100M,chip_257_445_merged.tif,0.4,1,936796658,78,30.81,33.3174,2.5074
100M,chip_257_445_merged.tif,0.4,2,456851140,78,30.5411,33.5052,2.9641
100M,chip_257_445_merged.tif,0.4,3,76244509,78,31.276,33.0713,1.7953
100M,chip_257_445_merged.tif,0.4,4,1743782639,78,30.6066,33.3062,2.6997
100M,chip_257_445_merged.tif,0.6,0,574105082,117,30.8404,32.4705,1.6301
100M,chip_257_445_merged.tif,0.6,1,193498451,117,30.8527,32.5437,1.691
100M,chip_257_445_merged.tif,0.6,2,1861036581,117,29.8064,32.6946,2.8882
100M,chip_257_445_merged.tif,0.6,3,1480429950,117,30.473,32.1836,1.7105
100M,chip_257_445_merged.tif,0.6,4,1000484432,117,30.7239,32.2087,1.4848
100M,chip_257_445_merged.tif,0.8,0,91512886,156,30.0189,31.4,1.3811
100M,chip_257_445_merged.tif,0.8,1,1858389903,156,29.5582,32.0192,2.461
100M,chip_257_445_merged.tif,0.8,2,1477783272,156,29.5723,31.1578,1.5855
100M,chip_257_445_merged.tif,0.8,3,997837754,156,29.9986,31.4853,1.4867
100M,chip_257_445_merged.tif,0.8,4,617231123,156,29.3596,31.0671,1.7075
100M,chip_257_483_merged.tif,0.2,0,1556940981,39,31.2842,35.2376,3.9535
100M,chip_257_483_merged.tif,0.2,1,1176334350,39,32.0005,34.3626,2.3621
100M,chip_257_483_merged.tif,0.2,2,795727719,39,31.8726,34.9101,3.0375
100M,chip_257_483_merged.tif,0.2,3,315782201,39,32.6948,35.3501,2.6553
100M,chip_257_483_merged.tif,0.2,4,2082659218,39,31.4014,34.6407,3.2392
100M,chip_257_483_merged.tif,0.4,0,1396325648,78,32.2114,32.4864,0.275
100M,chip_257_483_merged.tif,0.4,1,1015719017,78,32.5866,34.3414,1.7548
100M,chip_257_483_merged.tif,0.4,2,535773499,78,32.4523,34.7215,2.2693
100M,chip_257_483_merged.tif,0.4,3,155166868,78,31.978,34.8798,2.9017
100M,chip_257_483_merged.tif,0.4,4,1822704998,78,32.8775,34.6666,1.7892
100M,chip_257_483_merged.tif,0.6,0,653027441,117,31.0019,32.6385,1.6366
100M,chip_257_483_merged.tif,0.6,1,272420810,117,32.0189,33.2221,1.2032
100M,chip_257_483_merged.tif,0.6,2,1939958940,117,31.6126,33.3863,1.7738
100M,chip_257_483_merged.tif,0.6,3,1559352309,117,32.0362,33.2274,1.1911
100M,chip_257_483_merged.tif,0.6,4,1079406791,117,31.8426,33.6398,1.7973
100M,chip_257_483_merged.tif,0.8,0,170435245,156,30.6878,31.5668,0.8791
100M,chip_257_483_merged.tif,0.8,1,1937312262,156,28.5476,32.0224,3.4748
100M,chip_257_483_merged.tif,0.8,2,1556705631,156,30.7331,32.7923,2.0592
100M,chip_257_483_merged.tif,0.8,3,1076760113,156,30.8455,32.1402,1.2947
100M,chip_257_483_merged.tif,0.8,4,696153482,156,30.3647,32.7986,2.4339
100M,chip_260_484_merged.tif,0.2,0,586587959,39,22.6507,30.946,8.2953
100M,chip_260_484_merged.tif,0.2,1,205981328,39,27.3236,30.7699,3.4464
100M,chip_260_484_merged.tif,0.2,2,1873519458,39,28.1872,30.7716,2.5844
100M,chip_260_484_merged.tif,0.2,3,1492912827,39,29.4634,29.3363,-0.1271
100M,chip_260_484_merged.tif,0.2,4,1012967309,39,26.879,30.339,3.4599
100M,chip_260_484_merged.tif,0.4,0,425972626,78,24.1069,29.5001,5.3932
100M,chip_260_484_merged.tif,0.4,1,2093510756,78,24.9121,29.1356,4.2234
100M,chip_260_484_merged.tif,0.4,2,1712904125,78,23.7007,30.0382,6.3375
100M,chip_260_484_merged.tif,0.4,3,1332297494,78,23.9125,29.6791,5.7666
100M,chip_260_484_merged.tif,0.4,4,852351976,78,23.9126,30.7006,6.788
100M,chip_260_484_merged.tif,0.6,0,535613282,117,24.6648,27.8001,3.1353
100M,chip_260_484_merged.tif,0.6,1,55667764,117,24.589,28.7091,4.12
100M,chip_260_484_merged.tif,0.6,2,1822544781,117,24.471,28.5264,4.0554
100M,chip_260_484_merged.tif,0.6,3,1342599263,117,24.8352,28.9414,4.1062
100M,chip_260_484_merged.tif,0.6,4,961992632,117,24.3556,27.9697,3.6142
100M,chip_260_484_merged.tif,0.8,0,1347565871,156,24.6001,26.9968,2.3967
100M,chip_260_484_merged.tif,0.8,1,966959240,156,24.6041,26.1441,1.54
100M,chip_260_484_merged.tif,0.8,2,487013722,156,24.4616,26.8528,2.3912
100M,chip_260_484_merged.tif,0.8,3,106407091,156,24.8108,27.4284,2.6176
100M,chip_260_484_merged.tif,0.8,4,1773945221,156,24.6876,26.7399,2.0523
100M,chip_264_434_merged.tif,0.2,0,844786567,39,33.2054,35.1182,1.9127
100M,chip_264_434_merged.tif,0.2,1,464179936,39,33.4013,34.7872,1.3859
100M,chip_264_434_merged.tif,0.2,2,2131718066,39,33.2266,34.9245,1.698
100M,chip_264_434_merged.tif,0.2,3,1751111435,39,32.5542,35.1084,2.5543
100M,chip_264_434_merged.tif,0.2,4,1370504804,39,34.1029,34.5662,0.4634
100M,chip_264_434_merged.tif,0.4,0,684171234,78,31.7951,34.6388,2.8438
100M,chip_264_434_merged.tif,0.4,1,303564603,78,30.9618,34.4097,3.4479
100M,chip_264_434_merged.tif,0.4,2,1971102733,78,31.0765,33.2028,2.1263
100M,chip_264_434_merged.tif,0.4,3,1590496102,78,32.3299,34.5397,2.2098
100M,chip_264_434_merged.tif,0.4,4,1110550584,78,32.1883,34.7557,2.5674
100M,chip_264_434_merged.tif,0.6,0,2088356675,117,30.9166,33.4581,2.5415
100M,chip_264_434_merged.tif,0.6,1,1707750044,117,30.4785,33.0665,2.588
100M,chip_264_434_merged.tif,0.6,2,1227804526,117,30.9073,33.7724,2.865
100M,chip_264_434_merged.tif,0.6,3,847197895,117,30.4286,34.1456,3.717
100M,chip_264_434_merged.tif,0.6,4,367252377,117,31.1912,33.7757,2.5845
100M,chip_264_434_merged.tif,0.8,0,1605764479,156,30.8966,32.5152,1.6186
100M,chip_264_434_merged.tif,0.8,1,1225157848,156,30.496,32.1332,1.6372
100M,chip_264_434_merged.tif,0.8,2,745212330,156,31.2824,32.4466,1.1643
100M,chip_264_434_merged.tif,0.8,3,364605699,156,30.5317,31.8245,1.2928
100M,chip_264_434_merged.tif,0.8,4,2131482716,156,30.8551,32.9054,2.0504
100M,chip_264_583_merged.tif,0.2,0,1138246244,39,37.5861,39.9491,2.3631
100M,chip_264_583_merged.tif,0.2,1,757639613,39,39.9838,39.5007,-0.4831
100M,chip_264_583_merged.tif,0.2,2,277694095,39,40.6209,40.8021,0.1812
100M,chip_264_583_merged.tif,0.2,3,2044571112,39,37.5859,39.6904,2.1045
100M,chip_264_583_merged.tif,0.2,4,1663964481,39,40.0256,39.6967,-0.3289
100M,chip_264_583_merged.tif,0.4,0,172310061,78,37.3109,39.8347,2.5239
100M,chip_264_583_merged.tif,0.4,1,1839848191,78,37.3119,40.0845,2.7725
100M,chip_264_583_merged.tif,0.4,2,1459241560,78,38.7158,40.1676,1.4517
100M,chip_264_583_merged.tif,0.4,3,1078634929,78,38.5319,39.6576,1.1256
100M,chip_264_583_merged.tif,0.4,4,598689411,78,38.5328,40.1567,1.6239
100M,chip_264_583_merged.tif,0.6,0,234332704,117,39.0136,39.0267,0.0131
100M,chip_264_583_merged.tif,0.6,1,2001209721,117,37.9253,38.6475,0.7222
100M,chip_264_583_merged.tif,0.6,2,1521264203,117,38.3034,39.5227,1.2192
100M,chip_264_583_merged.tif,0.6,3,1140657572,117,38.2337,39.3898,1.1561
100M,chip_264_583_merged.tif,0.6,4,660712054,117,38.3397,39.4306,1.091
100M,chip_264_583_merged.tif,0.8,0,1899224156,156,38.3027,38.6734,0.3707
100M,chip_264_583_merged.tif,0.8,1,1518617525,156,38.2122,39.2275,1.0153
100M,chip_264_583_merged.tif,0.8,2,1038672007,156,38.2219,38.3589,0.137
100M,chip_264_583_merged.tif,0.8,3,658065376,156,38.1731,39.181,1.0079
100M,chip_264_583_merged.tif,0.8,4,277458745,156,38.2603,39.2011,0.9407
100M,chip_266_434_merged.tif,0.2,0,1416640122,39,32.3928,34.733,2.3402
100M,chip_266_434_merged.tif,0.2,1,1036033491,39,31.9964,34.5365,2.54
100M,chip_266_434_merged.tif,0.2,2,556087973,39,34.0301,35.1767,1.1466
100M,chip_266_434_merged.tif,0.2,3,175481342,39,31.9309,34.4569,2.526
100M,chip_266_434_merged.tif,0.2,4,1942358359,39,31.7688,34.2948,2.526
100M,chip_266_434_merged.tif,0.4,0,1256024789,78,34.4334,34.786,0.3526
100M,chip_266_434_merged.tif,0.4,1,875418158,78,34.0271,34.0041,-0.023
100M,chip_266_434_merged.tif,0.4,2,395472640,78,32.6206,34.2863,1.6658
100M,chip_266_434_merged.tif,0.4,3,14866009,78,31.9212,34.6798,2.7585
100M,chip_266_434_merged.tif,0.4,4,1682404139,78,31.6228,34.2542,2.6314
100M,chip_266_434_merged.tif,0.6,0,512726582,117,32.3214,33.8543,1.5329
100M,chip_266_434_merged.tif,0.6,1,132119951,117,32.1078,33.6231,1.5154
100M,chip_266_434_merged.tif,0.6,2,1799658081,117,33.2086,33.6122,0.4036
100M,chip_266_434_merged.tif,0.6,3,1419051450,117,32.0617,34.5387,2.4769
100M,chip_266_434_merged.tif,0.6,4,939105932,117,31.9001,33.8543,1.9543
100M,chip_266_434_merged.tif,0.8,0,30134386,156,32.7245,32.4763,-0.2482
100M,chip_266_434_merged.tif,0.8,1,1797011403,156,32.332,32.9342,0.6022
100M,chip_266_434_merged.tif,0.8,2,1317065885,156,32.6378,33.1777,0.5399
100M,chip_266_434_merged.tif,0.8,3,936459254,156,32.3127,33.2009,0.8883
100M,chip_266_434_merged.tif,0.8,4,555852623,156,32.7362,33.2484,0.5121
100M,chip_267_453_merged.tif,0.2,0,2103202180,39,36.7558,37.7406,0.9849
100M,chip_267_453_merged.tif,0.2,1,1722595549,39,27.6627,37.0192,9.3565
100M,chip_267_453_merged.tif,0.2,2,1242650031,39,37.0446,31.9565,-5.0882
100M,chip_267_453_merged.tif,0.2,3,862043400,39,35.7264,35.2768,-0.4496
100M,chip_267_453_merged.tif,0.2,4,382097882,39,36.9571,36.0278,-0.9294
100M,chip_267_453_merged.tif,0.4,0,1942586847,78,35.5242,36.1702,0.646
100M,chip_267_453_merged.tif,0.4,1,1462641329,78,35.5937,35.5584,-0.0352
100M,chip_267_453_merged.tif,0.4,2,1082034698,78,34.5766,35.2097,0.6331
100M,chip_267_453_merged.tif,0.4,3,701428067,78,35.5247,32.2856,-3.2391
100M,chip_267_453_merged.tif,0.4,4,221482549,78,35.4822,33.0981,-2.3841
100M,chip_267_453_merged.tif,0.6,0,1199288640,117,34.8505,33.43,-1.4205
100M,chip_267_453_merged.tif,0.6,1,719343122,117,34.8381,32.7234,-2.1147
100M,chip_267_453_merged.tif,0.6,2,338736491,117,30.7632,35.4426,4.6794
100M,chip_267_453_merged.tif,0.6,3,2105613508,117,34.9222,34.7352,-0.187
100M,chip_267_453_merged.tif,0.6,4,1625667990,117,30.7625,34.882,4.1195
100M,chip_267_453_merged.tif,0.8,0,716696444,156,32.5303,33.0075,0.4772
100M,chip_267_453_merged.tif,0.8,1,336089813,156,30.8504,34.082,3.2316
100M,chip_267_453_merged.tif,0.8,2,2003627943,156,33.5399,34.0138,0.4739
100M,chip_267_453_merged.tif,0.8,3,1623021312,156,33.5206,33.2935,-0.2272
100M,chip_267_453_merged.tif,0.8,4,1143075794,156,30.8544,33.9801,3.1257
100M,chip_267_566_merged.tif,0.2,0,2108328400,39,33.2371,37.6987,4.4616
100M,chip_267_566_merged.tif,0.2,1,1628382882,39,35.3429,36.7717,1.4287
100M,chip_267_566_merged.tif,0.2,2,1247776251,39,34.4046,35.278,0.8734
100M,chip_267_566_merged.tif,0.2,3,767830733,39,33.7969,37.3173,3.5204
100M,chip_267_566_merged.tif,0.2,4,387224102,39,34.3992,36.9362,2.537
100M,chip_267_566_merged.tif,0.4,0,1848374180,78,32.2999,35.6137,3.3138
100M,chip_267_566_merged.tif,0.4,1,1467767549,78,32.4124,36.357,3.9446
100M,chip_267_566_merged.tif,0.4,2,987822031,78,32.7838,35.9961,3.2122
100M,chip_267_566_merged.tif,0.4,3,607215400,78,32.7841,35.7331,2.949
100M,chip_267_566_merged.tif,0.4,4,226608769,78,32.3005,36.0141,3.7136
100M,chip_267_566_merged.tif,0.6,0,1958014836,117,33.0274,34.7024,1.6749
100M,chip_267_566_merged.tif,0.6,1,1577408205,117,32.7144,35.0527,2.3383
100M,chip_267_566_merged.tif,0.6,2,1097462687,117,32.6656,34.7986,2.133
100M,chip_267_566_merged.tif,0.6,3,716856056,117,32.3893,35.6297,3.2404
100M,chip_267_566_merged.tif,0.6,4,236910538,117,33.0793,34.6546,1.5753
100M,chip_267_566_merged.tif,0.8,0,721822664,156,32.604,33.569,0.965
100M,chip_267_566_merged.tif,0.8,1,241877146,156,31.742,34.4055,2.6635
100M,chip_267_566_merged.tif,0.8,2,2008754163,156,32.2207,34.246,2.0253
100M,chip_267_566_merged.tif,0.8,3,1528808645,156,32.536,34.0316,1.4955
100M,chip_267_566_merged.tif,0.8,4,1148202014,156,31.7406,33.5734,1.8328
100M,chip_268_269_merged.tif,0.2,0,598756868,39,34.0434,37.7978,3.7544
100M,chip_268_269_merged.tif,0.2,1,118811350,39,37.8606,38.0206,0.16
100M,chip_268_269_merged.tif,0.2,2,1885688367,39,37.8589,38.9714,1.1125
100M,chip_268_269_merged.tif,0.2,3,1405742849,39,36.1291,37.3247,1.1957
100M,chip_268_269_merged.tif,0.2,4,1025136218,39,34.3465,37.3945,3.0479
100M,chip_268_269_merged.tif,0.4,0,338802648,78,35.8388,37.5672,1.7284
100M,chip_268_269_merged.tif,0.4,1,2105679665,78,38.9975,37.5602,-1.4373
100M,chip_268_269_merged.tif,0.4,2,1625734147,78,31.2734,38.2066,6.9332
100M,chip_268_269_merged.tif,0.4,3,1245127516,78,28.3996,36.8706,8.471
100M,chip_268_269_merged.tif,0.4,4,864520885,78,31.2707,36.8443,5.5736
100M,chip_268_269_merged.tif,0.6,0,1742988089,117,28.099,36.2541,8.1551
100M,chip_268_269_merged.tif,0.6,1,1362381458,117,27.7306,35.9215,8.1909
100M,chip_268_269_merged.tif,0.6,2,981774827,117,27.8764,36.6029,8.7265
100M,chip_268_269_merged.tif,0.6,3,501829309,117,34.8614,37.0141,2.1527
100M,chip_268_269_merged.tif,0.6,4,121222678,117,27.722,36.9554,9.2334
100M,chip_268_269_merged.tif,0.8,0,1359734780,156,30.3259,34.6977,4.3719
100M,chip_268_269_merged.tif,0.8,1,879789262,156,30.3278,35.7005,5.3726
100M,chip_268_269_merged.tif,0.8,2,499182631,156,27.9708,36.1428,8.172
100M,chip_268_269_merged.tif,0.8,3,19237113,156,28.8797,36.4528,7.5731
100M,chip_268_269_merged.tif,0.8,4,1786114130,156,28.1261,36.2717,8.1456
100M,chip_268_410_merged.tif,0.2,0,688895108,39,28.0513,34.6477,6.5964
100M,chip_268_410_merged.tif,0.2,1,208949590,39,29.1256,32.2865,3.1609
100M,chip_268_410_merged.tif,0.2,2,1975826607,39,30.8498,33.0876,2.2378
100M,chip_268_410_merged.tif,0.2,3,1595219976,39,31.1367,33.0754,1.9387
100M,chip_268_410_merged.tif,0.2,4,1115274458,39,31.0283,34.771,3.7427
100M,chip_268_410_merged.tif,0.4,0,528279775,78,30.1629,31.2154,1.0524
100M,chip_268_410_merged.tif,0.4,1,48334257,78,27.9197,33.3287,5.409
100M,chip_268_410_merged.tif,0.4,2,1815211274,78,29.7491,33.743,3.9939
100M,chip_268_410_merged.tif,0.4,3,1335265756,78,30.3432,32.1681,1.8249
100M,chip_268_410_merged.tif,0.4,4,954659125,78,27.9178,33.379,5.4612
100M,chip_268_410_merged.tif,0.6,0,1932465216,117,29.2184,32.1656,2.9472
100M,chip_268_410_merged.tif,0.6,1,1452519698,117,27.9899,32.4758,4.486
100M,chip_268_410_merged.tif,0.6,2,1071913067,117,29.1158,32.4088,3.293
100M,chip_268_410_merged.tif,0.6,3,591967549,117,27.8924,31.3148,3.4224
100M,chip_268_410_merged.tif,0.6,4,211360918,117,29.2175,32.2421,3.0247
100M,chip_268_410_merged.tif,0.8,0,1449873020,156,28.6414,30.6026,1.9612
100M,chip_268_410_merged.tif,0.8,1,969927502,156,28.2718,30.8219,2.5502
100M,chip_268_410_merged.tif,0.8,2,589320871,156,28.4299,30.1541,1.7242
100M,chip_268_410_merged.tif,0.8,3,208714240,156,28.4112,30.3109,1.8997
100M,chip_268_410_merged.tif,0.8,4,1876252370,156,28.4892,31.8167,3.3275
100M,chip_269_420_merged.tif,0.2,0,1872999325,39,27.9347,33.7313,5.7966
100M,chip_269_420_merged.tif,0.2,1,1393053807,39,31.2469,34.1107,2.8639
100M,chip_269_420_merged.tif,0.2,2,1012447176,39,30.9716,32.8663,1.8947
100M,chip_269_420_merged.tif,0.2,3,532501658,39,32.3267,33.6832,1.3565
100M,chip_269_420_merged.tif,0.2,4,151895027,39,31.007,33.5072,2.5003
100M,chip_269_420_merged.tif,0.4,0,1613045105,78,28.4449,33.1434,4.6986
100M,chip_269_420_merged.tif,0.4,1,1232438474,78,30.6314,32.4284,1.797
100M,chip_269_420_merged.tif,0.4,2,752492956,78,28.5186,33.4825,4.964
100M,chip_269_420_merged.tif,0.4,3,371886325,78,28.9884,33.1872,4.1989
100M,chip_269_420_merged.tif,0.4,4,2138763342,78,30.5974,33.1422,2.5448
100M,chip_269_420_merged.tif,0.6,0,869746898,117,28.6007,31.8881,3.2874
100M,chip_269_420_merged.tif,0.6,1,489140267,117,28.5118,32.4067,3.895
100M,chip_269_420_merged.tif,0.6,2,9194749,117,29.1534,32.4836,3.3302
100M,chip_269_420_merged.tif,0.6,3,1776071766,117,28.9666,31.9755,3.009
100M,chip_269_420_merged.tif,0.6,4,1395465135,117,28.5351,32.178,3.6429
100M,chip_269_420_merged.tif,0.8,0,486493589,156,27.788,31.5139,3.7259
100M,chip_269_420_merged.tif,0.8,1,6548071,156,27.7061,29.5191,1.8129
100M,chip_269_420_merged.tif,0.8,2,1773425088,156,27.7807,30.7491,2.9684
100M,chip_269_420_merged.tif,0.8,3,1293479570,156,27.7793,31.7007,3.9215
100M,chip_269_420_merged.tif,0.8,4,912872939,156,28.7291,31.8808,3.1517
100M,chip_270_408_merged.tif,0.2,0,1435834066,39,28.7125,32.3153,3.6027
100M,chip_270_408_merged.tif,0.2,1,1055227435,39,30.9982,32.7003,1.702
100M,chip_270_408_merged.tif,0.2,2,674620804,39,28.5615,32.1394,3.5778
100M,chip_270_408_merged.tif,0.2,3,194675286,39,27.6999,33.2645,5.5646
100M,chip_270_408_merged.tif,0.2,4,1961552303,39,27.7202,33.5303,5.8101
100M,chip_270_408_merged.tif,0.4,0,1275218733,78,27.3086,30.2764,2.9678
100M,chip_270_408_merged.tif,0.4,1,894612102,78,28.3763,32.1941,3.8178
100M,chip_270_408_merged.tif,0.4,2,414666584,78,27.0291,31.1554,4.1263
100M,chip_270_408_merged.tif,0.4,3,34059953,78,27.8256,31.531,3.7055
100M,chip_270_408_merged.tif,0.4,4,1800936970,78,27.7017,32.3194,4.6177
100M,chip_270_408_merged.tif,0.6,0,531920526,117,26.9738,29.6433,2.6695
100M,chip_270_408_merged.tif,0.6,1,151313895,117,27.2719,30.0529,2.781
100M,chip_270_408_merged.tif,0.6,2,1818852025,117,27.4886,29.4949,2.0062
100M,chip_270_408_merged.tif,0.6,3,1438245394,117,27.2666,30.1826,2.916
100M,chip_270_408_merged.tif,0.6,4,1057638763,117,27.5063,29.9822,2.476
100M,chip_270_408_merged.tif,0.8,0,49328330,156,27.22,29.2134,1.9935
100M,chip_270_408_merged.tif,0.8,1,1816205347,156,27.3233,28.5777,1.2544
100M,chip_270_408_merged.tif,0.8,2,1435598716,156,26.7424,28.2763,1.5339
100M,chip_270_408_merged.tif,0.8,3,955653198,156,27.7555,28.5667,0.8113
100M,chip_270_408_merged.tif,0.8,4,575046567,156,27.8564,29.022,1.1656
100M,chip_270_475_merged.tif,0.2,0,466546906,39,34.9415,37.263,2.3215
100M,chip_270_475_merged.tif,0.2,1,85940275,39,34.943,37.0154,2.0725
100M,chip_270_475_merged.tif,0.2,2,1753478405,39,35.4979,36.123,0.6251
100M,chip_270_475_merged.tif,0.2,3,1372871774,39,31.842,35.8737,4.0317
100M,chip_270_475_merged.tif,0.2,4,892926256,39,35.0089,36.2751,1.2662
100M,chip_270_475_merged.tif,0.4,0,305931573,78,32.4032,36.5193,4.116
100M,chip_270_475_merged.tif,0.4,1,1973469703,78,33.0887,36.378,3.2893
100M,chip_270_475_merged.tif,0.4,2,1592863072,78,34.567,36.1916,1.6246
100M,chip_270_475_merged.tif,0.4,3,1212256441,78,35.1637,36.3072,1.1435
100M,chip_270_475_merged.tif,0.4,4,732310923,78,32.0891,36.9945,4.9054
100M,chip_270_475_merged.tif,0.6,0,1710117014,117,34.7354,35.9383,1.2029
100M,chip_270_475_merged.tif,0.6,1,1230171496,117,33.16,35.6996,2.5396
100M,chip_270_475_merged.tif,0.6,2,849564865,117,34.365,35.8003,1.4353
100M,chip_270_475_merged.tif,0.6,3,468958234,117,34.3522,33.9519,-0.4003
100M,chip_270_475_merged.tif,0.6,4,2136496364,117,33.2375,35.7544,2.5169
100M,chip_270_475_merged.tif,0.8,0,1227524818,156,32.8403,34.0268,1.1865
100M,chip_270_475_merged.tif,0.8,1,846918187,156,32.9338,34.7169,1.7831
100M,chip_270_475_merged.tif,0.8,2,366972669,156,33.0976,34.4197,1.3221
100M,chip_270_475_merged.tif,0.8,3,2133849686,156,32.8892,34.3539,1.4647
100M,chip_270_475_merged.tif,0.8,4,1653904168,156,33.1668,34.4481,1.2813
100M,chip_270_477_merged.tif,0.2,0,179806242,39,34.6753,35.619,0.9436
100M,chip_270_477_merged.tif,0.2,1,1946683259,39,35.2078,35.5906,0.3829
100M,chip_270_477_merged.tif,0.2,2,1466737741,39,32.8861,35.4737,2.5877
100M,chip_270_477_merged.tif,0.2,3,1086131110,39,35.4022,35.0475,-0.3547
100M,chip_270_477_merged.tif,0.2,4,606185592,39,33.1232,35.5678,2.4447
100M,chip_270_477_merged.tif,0.4,0,19190909,78,32.3952,36.0778,3.6826
100M,chip_270_477_merged.tif,0.4,1,1686729039,78,33.8413,35.2212,1.3799
100M,chip_270_477_merged.tif,0.4,2,1306122408,78,30.8089,35.0794,4.2705
100M,chip_270_477_merged.tif,0.4,3,925515777,78,30.8109,35.4499,4.639
100M,chip_270_477_merged.tif,0.4,4,445570259,78,33.4818,35.1549,1.673
100M,chip_270_477_merged.tif,0.6,0,1423376350,117,31.0191,35.0711,4.0521
100M,chip_270_477_merged.tif,0.6,1,943430832,117,32.6274,34.6384,2.0111
100M,chip_270_477_merged.tif,0.6,2,562824201,117,32.4134,34.7612,2.3478
100M,chip_270_477_merged.tif,0.6,3,182217570,117,30.5069,35.0923,4.5854
100M,chip_270_477_merged.tif,0.6,4,1849755700,117,31.8838,34.8621,2.9783
100M,chip_270_477_merged.tif,0.8,0,940784154,156,31.5241,33.3563,1.8322
100M,chip_270_477_merged.tif,0.8,1,560177523,156,31.519,33.9727,2.4537
100M,chip_270_477_merged.tif,0.8,2,80232005,156,31.6572,33.8306,2.1734
100M,chip_270_477_merged.tif,0.8,3,1847109022,156,31.4805,33.4885,2.008
100M,chip_270_477_merged.tif,0.8,4,1367163504,156,31.4331,33.8429,2.4097
100M,chip_271_267_merged.tif,0.2,0,2118159079,39,36.2076,40.3591,4.1515
100M,chip_271_267_merged.tif,0.2,1,1638213561,39,33.6482,40.0031,6.3549
100M,chip_271_267_merged.tif,0.2,2,1257606930,39,35.1004,39.2806,4.1802
100M,chip_271_267_merged.tif,0.2,3,877000299,39,31.5143,38.6291,7.1148
100M,chip_271_267_merged.tif,0.2,4,397054781,39,38.1961,39.985,1.7889
100M,chip_271_267_merged.tif,0.4,0,1052884009,78,32.0206,38.9695,6.9489
100M,chip_271_267_merged.tif,0.4,1,672277378,78,36.243,39.3739,3.1308
100M,chip_271_267_merged.tif,0.4,2,192331860,78,32.0218,36.8771,4.8553
100M,chip_271_267_merged.tif,0.4,3,1959208877,78,32.1707,36.9288,4.7582
100M,chip_271_267_merged.tif,0.4,4,1578602246,78,35.845,37.7036,1.8586
100M,chip_271_267_merged.tif,0.6,0,1214245539,117,32.7414,36.8122,4.0708
100M,chip_271_267_merged.tif,0.6,1,734300021,117,33.9973,38.5958,4.5986
100M,chip_271_267_merged.tif,0.6,2,353693390,117,34.7057,37.7696,3.0639
100M,chip_271_267_merged.tif,0.6,3,2021231520,117,32.1938,36.4313,4.2375
100M,chip_271_267_merged.tif,0.6,4,1640624889,117,34.7331,37.2745,2.5414
100M,chip_271_267_merged.tif,0.8,0,2073816141,156,33.3255,35.4463,2.1208
100M,chip_271_267_merged.tif,0.8,1,1593870623,156,33.3126,34.6742,1.3615
100M,chip_271_267_merged.tif,0.8,2,1213263992,156,33.0044,34.2739,1.2695
100M,chip_271_267_merged.tif,0.8,3,733318474,156,32.964,35.6958,2.7318
100M,chip_271_267_merged.tif,0.8,4,352711843,156,33.4238,35.5468,2.123
100M,chip_272_450_merged.tif,0.2,0,1652599865,39,32.4063,34.4022,1.9959
100M,chip_272_450_merged.tif,0.2,1,1271993234,39,33.1473,35.5321,2.3848
100M,chip_272_450_merged.tif,0.2,2,792047716,39,32.4858,34.7074,2.2216
100M,chip_272_450_merged.tif,0.2,3,411441085,39,33.0397,35.5374,2.4976
100M,chip_272_450_merged.tif,0.2,4,2078979215,39,34.1018,36.5101,2.4083
100M,chip_272_450_merged.tif,0.4,0,587324795,78,32.5639,34.3011,1.7372
100M,chip_272_450_merged.tif,0.4,1,206718164,78,32.1166,34.4289,2.3123
100M,chip_272_450_merged.tif,0.4,2,1973595181,78,32.6512,35.4355,2.7843
100M,chip_272_450_merged.tif,0.4,3,1493649663,78,32.3296,35.2986,2.969
100M,chip_272_450_merged.tif,0.4,4,1113043032,78,31.5818,35.0878,3.506
100M,chip_272_450_merged.tif,0.6,0,748686325,117,32.6671,33.9778,1.3106
100M,chip_272_450_merged.tif,0.6,1,268740807,117,32.5234,33.6512,1.1278
100M,chip_272_450_merged.tif,0.6,2,2035617824,117,32.4271,34.1343,1.7072
100M,chip_272_450_merged.tif,0.6,3,1555672306,117,32.0949,34.231,2.1361
100M,chip_272_450_merged.tif,0.6,4,1175065675,117,30.687,34.4659,3.7789
100M,chip_272_450_merged.tif,0.8,0,266094129,156,31.2803,33.175,1.8947
100M,chip_272_450_merged.tif,0.8,1,2032971146,156,31.2806,33.4652,2.1845
100M,chip_272_450_merged.tif,0.8,2,1553025628,156,32.0201,33.2519,1.2317
100M,chip_272_450_merged.tif,0.8,3,1172418997,156,31.6634,33.4961,1.8327
100M,chip_272_450_merged.tif,0.8,4,692473479,156,30.4232,33.2992,2.876
100M,chip_273_474_merged.tif,0.2,0,1954516050,39,35.8777,36.4872,0.6094
100M,chip_273_474_merged.tif,0.2,1,1474570532,39,33.164,36.9589,3.7949
100M,chip_273_474_merged.tif,0.2,2,1093963901,39,32.7152,35.8189,3.1037
100M,chip_273_474_merged.tif,0.2,3,614018383,39,32.4426,36.1954,3.7528
100M,chip_273_474_merged.tif,0.2,4,233411752,39,32.7169,36.3869,3.67
100M,chip_273_474_merged.tif,0.4,0,889240980,78,35.4455,35.106,-0.3396
100M,chip_273_474_merged.tif,0.4,1,508634349,78,34.1143,35.1221,1.0078
100M,chip_273_474_merged.tif,0.4,2,28688831,78,33.6193,35.2306,1.6114
100M,chip_273_474_merged.tif,0.4,3,1795565848,78,32.8864,35.4902,2.6038
100M,chip_273_474_merged.tif,0.4,4,1315620330,78,34.0724,34.9105,0.838
100M,chip_273_474_merged.tif,0.6,0,951263623,117,33.4448,35.1569,1.7121
100M,chip_273_474_merged.tif,0.6,1,570656992,117,33.4087,35.1205,1.7118
100M,chip_273_474_merged.tif,0.6,2,190050361,117,33.2612,35.2845,2.0233
100M,chip_273_474_merged.tif,0.6,3,1857588491,117,34.0247,34.543,0.5183
100M,chip_273_474_merged.tif,0.6,4,1476981860,117,33.3256,35.6055,2.2799
100M,chip_273_474_merged.tif,0.8,0,1862555099,156,33.2403,34.2549,1.0145
100M,chip_273_474_merged.tif,0.8,1,1382609581,156,33.008,34.006,0.9981
100M,chip_273_474_merged.tif,0.8,2,1002002950,156,32.7907,34.875,2.0843
100M,chip_273_474_merged.tif,0.8,3,621396319,156,33.2334,33.2793,0.0459
100M,chip_273_474_merged.tif,0.8,4,141450801,156,32.9851,33.8989,0.9138
100M,chip_274_465_merged.tif,0.2,0,1329920923,39,33.2827,35.9289,2.6461
100M,chip_274_465_merged.tif,0.2,1,949314292,39,32.504,34.8591,2.3551
100M,chip_274_465_merged.tif,0.2,2,469368774,39,34.6546,35.2122,0.5576
100M,chip_274_465_merged.tif,0.2,3,88762143,39,33.5112,34.0814,0.5702
100M,chip_274_465_merged.tif,0.2,4,1756300273,39,31.7959,34.301,2.5052
100M,chip_274_465_merged.tif,0.4,0,1169305590,78,33.6007,34.5565,0.9557
100M,chip_274_465_merged.tif,0.4,1,689360072,78,30.7571,33.9111,3.154
100M,chip_274_465_merged.tif,0.4,2,308753441,78,30.7555,33.8605,3.1049
100M,chip_274_465_merged.tif,0.4,3,2075630458,78,32.7104,34.115,1.4046
100M,chip_274_465_merged.tif,0.4,4,1595684940,78,32.8302,33.7455,0.9153
100M,chip_274_465_merged.tif,0.6,0,426007383,117,32.4999,33.6684,1.1685
100M,chip_274_465_merged.tif,0.6,1,2093545513,117,32.4293,33.8837,1.4543
100M,chip_274_465_merged.tif,0.6,2,1712938882,117,32.8283,33.5424,0.7141
100M,chip_274_465_merged.tif,0.6,3,1332332251,117,31.4389,33.5642,2.1253
100M,chip_274_465_merged.tif,0.6,4,852386733,117,33.0898,32.9711,-0.1187
100M,chip_274_465_merged.tif,0.8,0,2090898835,156,31.7396,31.8019,0.0623
100M,chip_274_465_merged.tif,0.8,1,1710292204,156,31.892,32.9039,1.0119
100M,chip_274_465_merged.tif,0.8,2,1230346686,156,31.7637,33.2411,1.4774
100M,chip_274_465_merged.tif,0.8,3,849740055,156,31.7673,32.3912,0.6239
100M,chip_274_465_merged.tif,0.8,4,369794537,156,31.7436,32.7054,0.9618
100M,chip_275_405_merged.tif,0.2,0,1444788037,39,28.4102,33.8441,5.4339
100M,chip_275_405_merged.tif,0.2,1,1064181406,39,29.0479,33.5683,4.5204
100M,chip_275_405_merged.tif,0.2,2,683574775,39,35.6261,33.6092,-2.0169
100M,chip_275_405_merged.tif,0.2,3,203629257,39,35.7516,34.1665,-1.5851
100M,chip_275_405_merged.tif,0.2,4,1970506274,39,29.5416,32.8349,3.2933
100M,chip_275_405_merged.tif,0.4,0,478851854,78,28.8998,34.2183,5.3184
100M,chip_275_405_merged.tif,0.4,1,2146389984,78,29.8873,32.6238,2.7365
100M,chip_275_405_merged.tif,0.4,2,1765783353,78,30.0789,32.7741,2.6953
100M,chip_275_405_merged.tif,0.4,3,1385176722,78,28.5719,32.9449,4.3731
100M,chip_275_405_merged.tif,0.4,4,905231204,78,29.2805,33.1099,3.8294
100M,chip_275_405_merged.tif,0.6,0,540874497,117,29.0844,32.3426,3.2583
100M,chip_275_405_merged.tif,0.6,1,160267866,117,29.3001,32.52,3.2198
100M,chip_275_405_merged.tif,0.6,2,1827805996,117,30.0202,32.8713,2.8511
100M,chip_275_405_merged.tif,0.6,3,1447199365,117,29.0156,32.7977,3.7821
100M,chip_275_405_merged.tif,0.6,4,967253847,117,29.5987,32.5784,2.9797
100M,chip_275_405_merged.tif,0.8,0,58282301,156,29.1582,31.8715,2.7132
100M,chip_275_405_merged.tif,0.8,1,1825159318,156,29.1457,30.7801,1.6343
100M,chip_275_405_merged.tif,0.8,2,1444552687,156,29.3015,31.0902,1.7887
100M,chip_275_405_merged.tif,0.8,3,964607169,156,29.2083,31.6292,2.4209
100M,chip_275_405_merged.tif,0.8,4,584000538,156,29.5029,31.4463,1.9434
100M,chip_276_083_merged.tif,0.2,0,1938932662,39,32.4015,36.7296,4.3281
100M,chip_276_083_merged.tif,0.2,1,1558326031,39,35.6102,37.0564,1.4462
100M,chip_276_083_merged.tif,0.2,2,1177719400,39,32.8286,37.0684,4.2397
100M,chip_276_083_merged.tif,0.2,3,697773882,39,33.6043,38.0416,4.4373
100M,chip_276_083_merged.tif,0.2,4,317167251,39,31.8677,36.8619,4.9942
100M,chip_276_083_merged.tif,0.4,0,972996479,78,29.2021,36.9051,7.7029
100M,chip_276_083_merged.tif,0.4,1,592389848,78,29.1654,35.8294,6.6641
100M,chip_276_083_merged.tif,0.4,2,112444330,78,32.12,36.4355,4.3155
100M,chip_276_083_merged.tif,0.4,3,1879321347,78,33.0615,37.2082,4.1467
100M,chip_276_083_merged.tif,0.4,4,1399375829,78,33.1198,36.4977,3.3779
100M,chip_276_083_merged.tif,0.6,0,1035019122,117,30.4564,35.3983,4.9418
100M,chip_276_083_merged.tif,0.6,1,654412491,117,32.1839,33.4577,1.2737
100M,chip_276_083_merged.tif,0.6,2,174466973,117,30.3789,34.3447,3.9658
100M,chip_276_083_merged.tif,0.6,3,1941343990,117,30.474,35.7421,5.2681
100M,chip_276_083_merged.tif,0.6,4,1560737359,117,30.4621,34.5493,4.0872
100M,chip_276_083_merged.tif,0.8,0,552426926,156,28.6964,31.8109,3.1145
100M,chip_276_083_merged.tif,0.8,1,171820295,156,29.8804,30.8639,0.9835
100M,chip_276_083_merged.tif,0.8,2,1938697312,156,28.7921,32.3571,3.5651
100M,chip_276_083_merged.tif,0.8,3,1458751794,156,30.6112,31.0612,0.45
100M,chip_276_083_merged.tif,0.8,4,1078145163,156,30.5986,33.2992,2.7006
100M,chip_279_265_merged.tif,0.2,0,10683344,39,32.8378,36.3979,3.5601
100M,chip_279_265_merged.tif,0.2,1,1777560361,39,30.183,37.8763,7.6933
100M,chip_279_265_merged.tif,0.2,2,1297614843,39,34.3041,36.7786,2.4745
100M,chip_279_265_merged.tif,0.2,3,917008212,39,34.304,35.8433,1.5393
100M,chip_279_265_merged.tif,0.2,4,437062694,39,35.5609,35.6487,0.0877
100M,chip_279_265_merged.tif,0.4,0,1997551659,78,32.1176,35.9271,3.8095
100M,chip_279_265_merged.tif,0.4,1,1616945028,78,30.7395,35.3676,4.6281
100M,chip_279_265_merged.tif,0.4,2,1136999510,78,31.5444,35.7744,4.23
100M,chip_279_265_merged.tif,0.4,3,756392879,78,31.3029,35.3255,4.0226
100M,chip_279_265_merged.tif,0.4,4,276447361,78,31.3037,34.7899,3.4862
100M,chip_279_265_merged.tif,0.6,0,1254253452,117,31.0755,35.122,4.0465
100M,chip_279_265_merged.tif,0.6,1,873646821,117,30.859,34.6895,3.8305
100M,chip_279_265_merged.tif,0.6,2,393701303,117,30.1221,35.1117,4.9895
100M,chip_279_265_merged.tif,0.6,3,13094672,117,30.0158,34.6461,4.6303
100M,chip_279_265_merged.tif,0.6,4,1680632802,117,30.1918,35.5184,5.3265
100M,chip_279_265_merged.tif,0.8,0,771661256,156,30.4293,32.6593,2.23
100M,chip_279_265_merged.tif,0.8,1,391054625,156,30.8398,32.1233,1.2835
100M,chip_279_265_merged.tif,0.8,2,2058592755,156,30.8326,32.1023,1.2697
100M,chip_279_265_merged.tif,0.8,3,1677986124,156,29.9461,32.4424,2.4963
100M,chip_279_265_merged.tif,0.8,4,1198040606,156,29.8374,32.9258,3.0884
100M,chip_280_308_merged.tif,0.2,0,49147124,39,33.1619,35.8609,2.699
100M,chip_280_308_merged.tif,0.2,1,1716685254,39,33.0502,36.6713,3.6211
100M,chip_280_308_merged.tif,0.2,2,1336078623,39,34.5468,34.0955,-0.4513
100M,chip_280_308_merged.tif,0.2,3,856133105,39,34.344,37.2753,2.9313
100M,chip_280_308_merged.tif,0.2,4,475526474,39,29.3683,37.1417,7.7735
100M,chip_280_308_merged.tif,0.4,0,1936676552,78,30.0567,36.4676,6.411
100M,chip_280_308_merged.tif,0.4,1,1556069921,78,31.404,35.1031,3.6991
100M,chip_280_308_merged.tif,0.4,2,1076124403,78,32.0387,36.1842,4.1454
100M,chip_280_308_merged.tif,0.4,3,695517772,78,31.4784,35.0344,3.556
100M,chip_280_308_merged.tif,0.4,4,314911141,78,32.6036,36.1006,3.497
100M,chip_280_308_merged.tif,0.6,0,1193378345,117,32.3512,34.5013,2.1501
100M,chip_280_308_merged.tif,0.6,1,812771714,117,32.2025,35.746,3.5436
100M,chip_280_308_merged.tif,0.6,2,332826196,117,30.456,34.3952,3.9392
100M,chip_280_308_merged.tif,0.6,3,2099703213,117,29.6815,35.1133,5.4318
100M,chip_280_308_merged.tif,0.6,4,1719096582,117,31.2221,34.7958,3.5738
100M,chip_280_308_merged.tif,0.8,0,810125036,156,30.3719,33.6207,3.2488
100M,chip_280_308_merged.tif,0.8,1,330179518,156,30.9439,34.4132,3.4693
100M,chip_280_308_merged.tif,0.8,2,2097056535,156,30.3798,33.2733,2.8935
100M,chip_280_308_merged.tif,0.8,3,1617111017,156,30.5989,32.5613,1.9624
100M,chip_280_308_merged.tif,0.8,4,1236504386,156,31.8291,34.2559,2.4268
100M,chip_280_560_merged.tif,0.2,0,1476563736,39,33.808,35.55,1.742
100M,chip_280_560_merged.tif,0.2,1,996618218,39,32.4452,34.4259,1.9807
100M,chip_280_560_merged.tif,0.2,2,616011587,39,32.4646,33.8487,1.3841
100M,chip_280_560_merged.tif,0.2,3,235404956,39,35.6042,35.1731,-0.4311
100M,chip_280_560_merged.tif,0.2,4,1902943086,39,35.0743,36.048,0.9737
100M,chip_280_560_merged.tif,0.4,0,411288666,78,33.451,34.2945,0.8436
100M,chip_280_560_merged.tif,0.4,1,30682035,78,34.0141,35.1002,1.0861
100M,chip_280_560_merged.tif,0.4,2,1797559052,78,33.4511,34.8532,1.402
100M,chip_280_560_merged.tif,0.4,3,1317613534,78,33.4514,34.2919,0.8405
100M,chip_280_560_merged.tif,0.4,4,937006903,78,32.2037,33.3333,1.1296
100M,chip_280_560_merged.tif,0.6,0,572650196,117,30.8542,34.085,3.2308
100M,chip_280_560_merged.tif,0.6,1,92704678,117,30.7683,34.2632,3.4949
100M,chip_280_560_merged.tif,0.6,2,1859581695,117,30.8659,33.7476,2.8817
100M,chip_280_560_merged.tif,0.6,3,1379636177,117,33.5893,34.0461,0.4568
100M,chip_280_560_merged.tif,0.6,4,999029546,117,33.5955,33.1903,-0.4052
100M,chip_280_560_merged.tif,0.8,0,90058000,156,31.4387,32.8746,1.4359
100M,chip_280_560_merged.tif,0.8,1,1757596130,156,31.4478,33.0627,1.6148
100M,chip_280_560_merged.tif,0.8,2,1376989499,156,31.4099,33.5199,2.1099
100M,chip_280_560_merged.tif,0.8,3,996382868,156,31.7523,32.9978,1.2455
100M,chip_280_560_merged.tif,0.8,4,516437350,156,32.6493,33.2418,0.5925
100M,chip_281_270_merged.tif,0.2,0,842447571,39,31.8927,37.9308,6.0381
100M,chip_281_270_merged.tif,0.2,1,461840940,39,30.5384,38.0901,7.5518
100M,chip_281_270_merged.tif,0.2,2,2129379070,39,26.4066,36.9675,10.5609
100M,chip_281_270_merged.tif,0.2,3,1748772439,39,34.5392,38.3481,3.8089
100M,chip_281_270_merged.tif,0.2,4,1268826921,39,32.8871,38.5341,5.647
100M,chip_281_270_merged.tif,0.4,0,681832238,78,32.4528,36.6837,4.2308
100M,chip_281_270_merged.tif,0.4,1,301225607,78,30.3093,36.9612,6.6519
100M,chip_281_270_merged.tif,0.4,2,1968763737,78,31.8209,36.9207,5.0999
100M,chip_281_270_merged.tif,0.4,3,1588157106,78,28.3323,35.6369,7.3045
100M,chip_281_270_merged.tif,0.4,4,1108211588,78,30.3092,37.1126,6.8034
100M,chip_281_270_merged.tif,0.6,0,2086017679,117,32.0787,34.9826,2.9039
100M,chip_281_270_merged.tif,0.6,1,1705411048,117,31.7833,35.1693,3.386
100M,chip_281_270_merged.tif,0.6,2,1225465530,117,28.795,35.4139,6.6189
100M,chip_281_270_merged.tif,0.6,3,844858899,117,32.098,34.6355,2.5375
100M,chip_281_270_merged.tif,0.6,4,364913381,117,31.7875,34.6101,2.8225
100M,chip_281_270_merged.tif,0.8,0,1603425483,156,28.8924,30.2809,1.3886
100M,chip_281_270_merged.tif,0.8,1,1222818852,156,28.8762,33.3506,4.4744
100M,chip_281_270_merged.tif,0.8,2,742873334,156,28.7047,34.1167,5.412
100M,chip_281_270_merged.tif,0.8,3,362266703,156,29.6675,33.0841,3.4166
100M,chip_281_270_merged.tif,0.8,4,2029804833,156,28.6084,32.6317,4.0233
100M,chip_281_402_merged.tif,0.2,0,490370631,39,34.6787,35.8566,1.1779
100M,chip_281_402_merged.tif,0.2,1,109764000,39,33.6063,36.3936,2.7873
100M,chip_281_402_merged.tif,0.2,2,1876641017,39,34.6619,35.7735,1.1117
100M,chip_281_402_merged.tif,0.2,3,1396695499,39,34.6618,36.8304,2.1686
100M,chip_281_402_merged.tif,0.2,4,1016088868,39,33.5727,36.5604,2.9877
100M,chip_281_402_merged.tif,0.4,0,1671918096,78,30.9303,35.5541,4.6238
100M,chip_281_402_merged.tif,0.4,1,1191972578,78,30.7377,36.4668,5.729
100M,chip_281_402_merged.tif,0.4,2,811365947,78,34.7623,35.0896,0.3273
100M,chip_281_402_merged.tif,0.4,3,430759316,78,31.8148,35.9212,4.1063
100M,chip_281_402_merged.tif,0.4,4,2098297446,78,30.9275,35.7033,4.7757
100M,chip_281_402_merged.tif,0.6,0,1733940739,117,31.831,35.0109,3.1799
100M,chip_281_402_merged.tif,0.6,1,1353334108,117,30.5022,34.4013,3.8991
100M,chip_281_402_merged.tif,0.6,2,873388590,117,31.9911,35.3963,3.4052
100M,chip_281_402_merged.tif,0.6,3,492781959,117,31.9457,34.7662,2.8205
100M,chip_281_402_merged.tif,0.6,4,12836441,117,31.8258,34.7671,2.9412
100M,chip_281_402_merged.tif,0.8,0,1251348543,156,30.8451,33.8756,3.0305
100M,chip_281_402_merged.tif,0.8,1,870741912,156,32.1521,33.694,1.5419
100M,chip_281_402_merged.tif,0.8,2,490135281,156,30.8409,33.9276,3.0867
100M,chip_281_402_merged.tif,0.8,3,10189763,156,32.2854,33.4855,1.2001
100M,chip_281_402_merged.tif,0.8,4,1777066780,156,31.3026,34.1897,2.887
100M,chip_282_263_merged.tif,0.2,0,588497433,39,30.2012,37.185,6.9838
100M,chip_282_263_merged.tif,0.2,1,108551915,39,30.2021,35.5376,5.3355
100M,chip_282_263_merged.tif,0.2,2,1875428932,39,29.4486,38.0423,8.5937
100M,chip_282_263_merged.tif,0.2,3,1494822301,39,30.9464,37.6502,6.7038
100M,chip_282_263_merged.tif,0.2,4,1014876783,39,33.0037,37.3603,4.3566
100M,chip_282_263_merged.tif,0.4,0,1670706011,78,30.1245,34.9301,4.8056
100M,chip_282_263_merged.tif,0.4,1,1290099380,78,30.5301,32.4196,1.8895
100M,chip_282_263_merged.tif,0.4,2,909492749,78,30.1944,35.4634,5.269
100M,chip_282_263_merged.tif,0.4,3,429547231,78,29.1596,35.3717,6.212
100M,chip_282_263_merged.tif,0.4,4,48940600,78,30.1249,34.6922,4.5673
100M,chip_282_263_merged.tif,0.6,0,1832067541,117,29.054,34.5963,5.5423
100M,chip_282_263_merged.tif,0.6,1,1352122023,117,28.9475,33.0374,4.0899
100M,chip_282_263_merged.tif,0.6,2,971515392,117,29.4318,33.5424,4.1106
100M,chip_282_263_merged.tif,0.6,3,491569874,117,28.9434,33.7459,4.8024
100M,chip_282_263_merged.tif,0.6,4,110963243,117,28.9458,33.7214,4.7756
100M,chip_282_263_merged.tif,0.8,0,1349475345,156,29.5217,31.3893,1.8676
100M,chip_282_263_merged.tif,0.8,1,869529827,156,28.7577,31.8533,3.0956
100M,chip_282_263_merged.tif,0.8,2,488923196,156,29.1854,31.6526,2.4672
100M,chip_282_263_merged.tif,0.8,3,108316565,156,29.5532,30.602,1.0488
100M,chip_282_263_merged.tif,0.8,4,1775854695,156,28.9002,32.2951,3.395
100M,chip_282_562_merged.tif,0.2,0,177572130,39,30.5035,32.6706,2.1671
100M,chip_282_562_merged.tif,0.2,1,1845110260,39,36.4849,30.475,-6.0099
100M,chip_282_562_merged.tif,0.2,2,1464503629,39,26.5569,34.3944,7.8375
100M,chip_282_562_merged.tif,0.2,3,984558111,39,26.5563,31.1266,4.5703
100M,chip_282_562_merged.tif,0.2,4,603951480,39,22.2972,31.2014,8.9042
100M,chip_282_562_merged.tif,0.4,0,1259780708,78,21.7391,30.6161,8.8769
100M,chip_282_562_merged.tif,0.4,1,879174077,78,28.7867,32.0722,3.2855
100M,chip_282_562_merged.tif,0.4,2,399228559,78,24.1521,30.71,6.558
100M,chip_282_562_merged.tif,0.4,3,18621928,78,22.6863,30.5278,7.8414
100M,chip_282_562_merged.tif,0.4,4,1686160058,78,34.6492,29.2619,-5.3873
100M,chip_282_562_merged.tif,0.6,0,516482501,117,22.7796,26.2259,3.4463
100M,chip_282_562_merged.tif,0.6,1,135875870,117,23.1108,29.3042,6.1933
100M,chip_282_562_merged.tif,0.6,2,1803414000,117,28.8918,30.1988,1.3071
100M,chip_282_562_merged.tif,0.6,3,1422807369,117,30.0991,28.5651,-1.534
100M,chip_282_562_merged.tif,0.6,4,942861851,117,28.8833,26.6201,-2.2632
100M,chip_282_562_merged.tif,0.8,0,33890305,156,24.218,27.8375,3.6194
100M,chip_282_562_merged.tif,0.8,1,1800767322,156,24.3781,27.3529,2.9748
100M,chip_282_562_merged.tif,0.8,2,1320821804,156,24.3773,28.439,4.0617
100M,chip_282_562_merged.tif,0.8,3,940215173,156,23.9136,28.0368,4.1232
100M,chip_282_562_merged.tif,0.8,4,559608542,156,23.9081,28.9516,5.0435
100M,chip_283_431_merged.tif,0.2,0,1060754399,39,36.7215,38.6753,1.9538
100M,chip_283_431_merged.tif,0.2,1,680147768,39,37.4853,39.2348,1.7495
100M,chip_283_431_merged.tif,0.2,2,200202250,39,36.7617,38.3441,1.5824
100M,chip_283_431_merged.tif,0.2,3,1967079267,39,37.1485,38.8828,1.7342
100M,chip_283_431_merged.tif,0.2,4,1487133749,39,35.5289,38.605,3.0761
100M,chip_283_431_merged.tif,0.4,0,94818216,78,35.35,38.3697,3.0196
100M,chip_283_431_merged.tif,0.4,1,1762356346,78,33.7825,38.0631,4.2806
100M,chip_283_431_merged.tif,0.4,2,1381749715,78,36.0391,38.04,2.0009
100M,chip_283_431_merged.tif,0.4,3,901804197,78,34.5334,37.6178,3.0843
100M,chip_283_431_merged.tif,0.4,4,521197566,78,35.9045,38.4559,2.5513
100M,chip_283_431_merged.tif,0.6,0,156840859,117,35.1303,37.1139,1.9836
100M,chip_283_431_merged.tif,0.6,1,1824378989,117,34.4722,37.0436,2.5714
100M,chip_283_431_merged.tif,0.6,2,1443772358,117,34.1718,37.5829,3.4111
100M,chip_283_431_merged.tif,0.6,3,1063165727,117,31.2067,37.1358,5.9291
100M,chip_283_431_merged.tif,0.6,4,583220209,117,31.1538,37.2359,6.082
100M,chip_283_431_merged.tif,0.8,0,1821732311,156,31.2945,35.3416,4.0471
100M,chip_283_431_merged.tif,0.8,1,1441125680,156,31.0444,36.3982,5.3538
100M,chip_283_431_merged.tif,0.8,2,961180162,156,31.2624,35.8389,4.5765
100M,chip_283_431_merged.tif,0.8,3,580573531,156,31.0708,37.1053,6.0345
100M,chip_283_431_merged.tif,0.8,4,100628013,156,31.2445,35.3002,4.0557
100M,chip_284_263_merged.tif,0.2,0,647960970,39,37.6312,37.3317,-0.2995
100M,chip_284_263_merged.tif,0.2,1,267354339,39,33.6005,36.2596,2.6591
100M,chip_284_263_merged.tif,0.2,2,2034231356,39,30.4875,35.9133,5.4259
100M,chip_284_263_merged.tif,0.2,3,1554285838,39,37.4941,37.4822,-0.0119
100M,chip_284_263_merged.tif,0.2,4,1173679207,39,37.6313,37.9771,0.3458
100M,chip_284_263_merged.tif,0.4,0,487345637,78,30.2249,37.3196,7.0947
100M,chip_284_263_merged.tif,0.4,1,106739006,78,30.7424,37.5784,6.8359
100M,chip_284_263_merged.tif,0.4,2,1774277136,78,30.7517,35.9914,5.2396
100M,chip_284_263_merged.tif,0.4,3,1393670505,78,32.6817,36.2386,3.5569
100M,chip_284_263_merged.tif,0.4,4,1013063874,78,33.215,37.2873,4.0723
100M,chip_284_263_merged.tif,0.6,0,1891531078,117,33.1909,34.7486,1.5577
100M,chip_284_263_merged.tif,0.6,1,1510924447,117,31.0548,34.7709,3.7161
100M,chip_284_263_merged.tif,0.6,2,1030978929,117,30.8087,34.8382,4.0295
100M,chip_284_263_merged.tif,0.6,3,650372298,117,32.2611,34.6627,2.4015
100M,chip_284_263_merged.tif,0.6,4,269765667,117,31.3699,34.9434,3.5735
100M,chip_284_263_merged.tif,0.8,0,1408938882,156,32.2834,32.3937,0.1103
100M,chip_284_263_merged.tif,0.8,1,1028332251,156,31.5854,33.1718,1.5863
100M,chip_284_263_merged.tif,0.8,2,647725620,156,31.589,32.4117,0.8227
100M,chip_284_263_merged.tif,0.8,3,167780102,156,30.7821,33.9988,3.2167
100M,chip_284_263_merged.tif,0.8,4,1934657119,156,31.4227,32.4212,0.9985
100M,chip_285_307_merged.tif,0.2,0,1037860721,39,29.5013,35.0271,5.5258
100M,chip_285_307_merged.tif,0.2,1,657254090,39,32.6638,36.5173,3.8535
100M,chip_285_307_merged.tif,0.2,2,177308572,39,33.5879,35.7716,2.1837
100M,chip_285_307_merged.tif,0.2,3,1944185589,39,32.5038,35.9201,3.4163
100M,chip_285_307_merged.tif,0.2,4,1464240071,39,32.2084,34.1564,1.9479
100M,chip_285_307_merged.tif,0.4,0,877245388,78,31.2184,35.0525,3.8341
100M,chip_285_307_merged.tif,0.4,1,397299870,78,29.7648,35.3402,5.5755
100M,chip_285_307_merged.tif,0.4,2,16693239,78,29.4009,34.394,4.9931
100M,chip_285_307_merged.tif,0.4,3,1684231369,78,32.841,36.2189,3.3779
100M,chip_285_307_merged.tif,0.4,4,1303624738,78,31.6853,35.4553,3.77
100M,chip_285_307_merged.tif,0.6,0,133947181,117,31.4334,34.0558,2.6224
100M,chip_285_307_merged.tif,0.6,1,1801485311,117,30.8647,33.3206,2.4559
100M,chip_285_307_merged.tif,0.6,2,1420878680,117,29.4714,33.2831,3.8117
100M,chip_285_307_merged.tif,0.6,3,940933162,117,29.4646,32.6461,3.1815
100M,chip_285_307_merged.tif,0.6,4,560326531,117,30.6812,33.4192,2.7379
100M,chip_285_307_merged.tif,0.8,0,1798838633,156,28.4256,31.4777,3.0521
100M,chip_285_307_merged.tif,0.8,1,1418232002,156,28.431,31.3722,2.9412
100M,chip_285_307_merged.tif,0.8,2,938286484,156,28.3968,31.3159,2.9191
100M,chip_285_307_merged.tif,0.8,3,557679853,156,29.6946,32.4193,2.7247
100M,chip_285_307_merged.tif,0.8,4,77734335,156,29.9817,31.3058,1.3241
100M,chip_291_134_merged.tif,0.2,0,1377300785,39,38.7723,36.782,-1.9903
100M,chip_291_134_merged.tif,0.2,1,897355267,39,33.2998,39.4152,6.1154
100M,chip_291_134_merged.tif,0.2,2,516748636,39,43.9044,37.9103,-5.9941
100M,chip_291_134_merged.tif,0.2,3,36803118,39,34.5256,35.7415,1.2159
100M,chip_291_134_merged.tif,0.2,4,1803680135,39,30.7451,38.7297,7.9846
100M,chip_291_134_merged.tif,0.4,0,1117346565,78,32.9638,35.3883,2.4244
100M,chip_291_134_merged.tif,0.4,1,736739934,78,32.7935,35.8986,3.1051
100M,chip_291_134_merged.tif,0.4,2,356133303,78,34.0168,35.456,1.4393
100M,chip_291_134_merged.tif,0.4,3,2023671433,78,36.6752,35.2614,-1.4138
100M,chip_291_134_merged.tif,0.4,4,1643064802,78,32.7943,38.4426,5.6484
100M,chip_291_134_merged.tif,0.6,0,473387245,117,31.9338,34.966,3.0322
100M,chip_291_134_merged.tif,0.6,1,2140925375,117,31.7049,34.6312,2.9263
100M,chip_291_134_merged.tif,0.6,2,1760318744,117,32.5442,36.3706,3.8264
100M,chip_291_134_merged.tif,0.6,3,1280373226,117,34.5441,35.0673,0.5232
100M,chip_291_134_merged.tif,0.6,4,899766595,117,32.5448,36.1735,3.6287
100M,chip_291_134_merged.tif,0.8,0,2138278697,156,33.5474,33.7299,0.1825
100M,chip_291_134_merged.tif,0.8,1,1658333179,156,32.5479,33.8166,1.2688
100M,chip_291_134_merged.tif,0.8,2,1277726548,156,34.0584,33.5568,-0.5016
100M,chip_291_134_merged.tif,0.8,3,797781030,156,31.366,34.387,3.021
100M,chip_291_134_merged.tif,0.8,4,417174399,156,31.2859,34.1672,2.8813
100M,chip_292_552_merged.tif,0.2,0,1752239236,39,32.1832,35.9043,3.7211
100M,chip_292_552_merged.tif,0.2,1,1371632605,39,36.348,35.0994,-1.2485
100M,chip_292_552_merged.tif,0.2,2,991025974,39,32.1847,36.104,3.9194
100M,chip_292_552_merged.tif,0.2,3,511080456,39,31.7709,35.8306,4.0597
100M,chip_292_552_merged.tif,0.2,4,130473825,39,36.4567,35.9682,-0.4885
100M,chip_292_552_merged.tif,0.4,0,1591623903,78,31.2179,34.6247,3.4068
100M,chip_292_552_merged.tif,0.4,1,1211017272,78,30.8028,35.2263,4.4235
100M,chip_292_552_merged.tif,0.4,2,731071754,78,30.6048,35.5917,4.9869
100M,chip_292_552_merged.tif,0.4,3,350465123,78,32.4021,34.3473,1.9452
100M,chip_292_552_merged.tif,0.4,4,2018003253,78,32.4032,33.6281,1.2249
100M,chip_292_552_merged.tif,0.6,0,848325696,117,30.733,33.3013,2.5683
100M,chip_292_552_merged.tif,0.6,1,467719065,117,29.7607,32.8437,3.0829
100M,chip_292_552_merged.tif,0.6,2,2135257195,117,31.9031,32.5631,0.66
100M,chip_292_552_merged.tif,0.6,3,1754650564,117,29.4368,33.2175,3.7807
100M,chip_292_552_merged.tif,0.6,4,1274705046,117,31.2415,33.169,1.9275
100M,chip_292_552_merged.tif,0.8,0,365733500,156,30.1422,31.5383,1.3961
100M,chip_292_552_merged.tif,0.8,1,2132610517,156,29.6181,32.1104,2.4923
100M,chip_292_552_merged.tif,0.8,2,1652664999,156,29.6568,31.9345,2.2777
100M,chip_292_552_merged.tif,0.8,3,1272058368,156,29.9696,32.6774,2.7077
100M,chip_292_552_merged.tif,0.8,4,891451737,156,29.6364,32.2677,2.6314
100M,chip_296_540_merged.tif,0.2,0,1533352423,39,32.5096,33.4986,0.989
100M,chip_296_540_merged.tif,0.2,1,1053406905,39,29.1993,34.5876,5.3882
100M,chip_296_540_merged.tif,0.2,2,672800274,39,32.7332,34.8757,2.1425
100M,chip_296_540_merged.tif,0.2,3,192854756,39,27.0062,33.0472,6.041
100M,chip_296_540_merged.tif,0.2,4,1959731773,39,30.8289,33.599,2.7702
100M,chip_296_540_merged.tif,0.4,0,1273398203,78,31.0127,33.4537,2.441
100M,chip_296_540_merged.tif,0.4,1,892791572,78,31.4191,33.6221,2.2029
100M,chip_296_540_merged.tif,0.4,2,412846054,78,31.8042,34.5898,2.7856
100M,chip_296_540_merged.tif,0.4,3,32239423,78,31.7082,32.9426,1.2344
100M,chip_296_540_merged.tif,0.4,4,1799116440,78,28.8452,32.859,4.0138
100M,chip_296_540_merged.tif,0.6,0,530099996,117,30.4681,33.4048,2.9368
100M,chip_296_540_merged.tif,0.6,1,149493365,117,30.6966,32.5577,1.8611
100M,chip_296_540_merged.tif,0.6,2,1916370382,117,31.0005,32.5379,1.5374
100M,chip_296_540_merged.tif,0.6,3,1436424864,117,30.8671,32.5518,1.6847
100M,chip_296_540_merged.tif,0.6,4,1055818233,117,30.5745,31.9218,1.3473
100M,chip_296_540_merged.tif,0.8,0,146846687,156,28.814,30.8228,2.0087
100M,chip_296_540_merged.tif,0.8,1,1814384817,156,29.0335,31.4299,2.3964
100M,chip_296_540_merged.tif,0.8,2,1433778186,156,29.2123,31.2274,2.015
100M,chip_296_540_merged.tif,0.8,3,953832668,156,29.0873,30.6806,1.5933
100M,chip_296_540_merged.tif,0.8,4,573226037,156,29.9089,31.1232,1.2143
100M,chip_298_351_merged.tif,0.2,0,563361503,39,38.7575,37.206,-1.5515
100M,chip_298_351_merged.tif,0.2,1,83415985,39,35.1772,37.5414,2.3642
100M,chip_298_351_merged.tif,0.2,2,1850293002,39,35.5835,36.8965,1.3131
100M,chip_298_351_merged.tif,0.2,3,1469686371,39,36.5252,38.0682,1.543
100M,chip_298_351_merged.tif,0.2,4,989740853,39,38.0796,38.3466,0.267
100M,chip_298_351_merged.tif,0.4,0,402746170,78,35.2251,36.9295,1.7044
100M,chip_298_351_merged.tif,0.4,1,2070284300,78,36.465,37.1005,0.6355
100M,chip_298_351_merged.tif,0.4,2,1689677669,78,36.4654,37.0685,0.6031
100M,chip_298_351_merged.tif,0.4,3,1209732151,78,36.0988,37.2553,1.1565
100M,chip_298_351_merged.tif,0.4,4,829125520,78,35.2251,37.3208,2.0956
100M,chip_298_351_merged.tif,0.6,0,1806931611,117,35.2463,36.9529,1.7066
100M,chip_298_351_merged.tif,0.6,1,1326986093,117,35.5918,36.8356,1.2437
100M,chip_298_351_merged.tif,0.6,2,946379462,117,35.6927,36.9723,1.2796
100M,chip_298_351_merged.tif,0.6,3,466433944,117,35.69,36.7181,1.0281
100M,chip_298_351_merged.tif,0.6,4,85827313,117,32.8114,36.5133,3.7019
100M,chip_298_351_merged.tif,0.8,0,1324339415,156,35.2587,36.0792,0.8205
100M,chip_298_351_merged.tif,0.8,1,844393897,156,35.2649,36.0791,0.8143
100M,chip_298_351_merged.tif,0.8,2,463787266,156,34.699,36.186,1.487
100M,chip_298_351_merged.tif,0.8,3,83180635,156,35.2583,36.2961,1.0378
100M,chip_298_351_merged.tif,0.8,4,1750718765,156,35.0727,35.9444,0.8717
100M,chip_299_453_merged.tif,0.2,0,702470676,39,36.4475,38.4864,2.039
100M,chip_299_453_merged.tif,0.2,1,321864045,39,36.0012,38.8073,2.8061
100M,chip_299_453_merged.tif,0.2,2,2088741062,39,35.9996,35.739,-0.2607
100M,chip_299_453_merged.tif,0.2,3,1608795544,39,28.8577,37.4423,8.5845
100M,chip_299_453_merged.tif,0.2,4,1228188913,39,34.7166,37.4549,2.7383
100M,chip_299_453_merged.tif,0.4,0,1884018141,78,35.9248,37.233,1.3082
100M,chip_299_453_merged.tif,0.4,1,1503411510,78,29.2513,32.8056,3.5543
100M,chip_299_453_merged.tif,0.4,2,1023465992,78,35.9266,37.0484,1.1218
100M,chip_299_453_merged.tif,0.4,3,642859361,78,32.1618,36.7303,4.5685
100M,chip_299_453_merged.tif,0.4,4,162913843,78,31.7144,36.6901,4.9757
100M,chip_299_453_merged.tif,0.6,0,1946040784,117,29.0688,34.8283,5.7595
100M,chip_299_453_merged.tif,0.6,1,1565434153,117,33.151,35.5046,2.3536
100M,chip_299_453_merged.tif,0.6,2,1085488635,117,28.1458,33.5757,5.4299
100M,chip_299_453_merged.tif,0.6,3,704882004,117,34.1053,34.6978,0.5924
100M,chip_299_453_merged.tif,0.6,4,324275373,117,29.0495,35.2059,6.1564
100M,chip_299_453_merged.tif,0.8,0,1463448588,156,31.5808,32.7458,1.1651
100M,chip_299_453_merged.tif,0.8,1,1082841957,156,32.0119,33.2656,1.2537
100M,chip_299_453_merged.tif,0.8,2,702235326,156,31.6199,32.9844,1.3645
100M,chip_299_453_merged.tif,0.8,3,222289808,156,29.5967,33.0175,3.4208
100M,chip_299_453_merged.tif,0.8,4,1989166825,156,29.6161,32.9269,3.3108
100M,chip_302_301_merged.tif,0.2,0,796180473,39,33.5663,37.12,3.5537
100M,chip_302_301_merged.tif,0.2,1,415573842,39,35.2667,36.5124,1.2457
100M,chip_302_301_merged.tif,0.2,2,34967211,39,32.9749,36.9735,3.9986
100M,chip_302_301_merged.tif,0.2,3,1702505341,39,35.5474,37.3848,1.8374
100M,chip_302_301_merged.tif,0.2,4,1321898710,39,33.8503,37.0612,3.2109
100M,chip_302_301_merged.tif,0.4,0,1977727938,78,32.1507,37.2732,5.1225
100M,chip_302_301_merged.tif,0.4,1,1497782420,78,32.1783,36.6752,4.4969
100M,chip_302_301_merged.tif,0.4,2,1117175789,78,32.9463,35.6061,2.6598
100M,chip_302_301_merged.tif,0.4,3,736569158,78,32.2865,35.6403,3.3538
100M,chip_302_301_merged.tif,0.4,4,256623640,78,33.1341,36.8382,3.7041
100M,chip_302_301_merged.tif,0.6,0,2039750581,117,31.9433,36.0541,4.1108
100M,chip_302_301_merged.tif,0.6,1,1659143950,117,32.0803,34.7174,2.6371
100M,chip_302_301_merged.tif,0.6,2,1179198432,117,32.1536,35.0611,2.9076
100M,chip_302_301_merged.tif,0.6,3,798591801,117,31.314,35.2426,3.9286
100M,chip_302_301_merged.tif,0.6,4,417985170,117,32.1565,35.6697,3.5132
100M,chip_302_301_merged.tif,0.8,0,1557158385,156,32.2514,32.6879,0.4366
100M,chip_302_301_merged.tif,0.8,1,1176551754,156,31.1787,34.046,2.8673
100M,chip_302_301_merged.tif,0.8,2,795945123,156,31.1665,33.081,1.9145
100M,chip_302_301_merged.tif,0.8,3,315999605,156,32.433,33.4935,1.0605
100M,chip_302_301_merged.tif,0.8,4,2082876622,156,32.1044,34.3606,2.2562
100M,chip_308_293_merged.tif,0.2,0,15365350,39,34.0344,36.4575,2.423
100M,chip_308_293_merged.tif,0.2,1,1682903480,39,33.5791,37.1166,3.5375
100M,chip_308_293_merged.tif,0.2,2,1302296849,39,33.4479,36.6045,3.1566
100M,chip_308_293_merged.tif,0.2,3,822351331,39,33.4478,36.9697,3.5219
100M,chip_308_293_merged.tif,0.2,4,441744700,39,35.5414,37.5403,1.9989
100M,chip_308_293_merged.tif,0.4,0,1902894778,78,33.6757,36.5627,2.887
100M,chip_308_293_merged.tif,0.4,1,1522288147,78,33.6596,36.0865,2.4269
100M,chip_308_293_merged.tif,0.4,2,1141681516,78,32.0838,36.545,4.4613
100M,chip_308_293_merged.tif,0.4,3,661735998,78,32.086,36.1127,4.0267
100M,chip_308_293_merged.tif,0.4,4,281129367,78,33.7904,36.0427,2.2523
100M,chip_308_293_merged.tif,0.6,0,1159596571,117,32.3795,35.9064,3.5269
100M,chip_308_293_merged.tif,0.6,1,778989940,117,32.8155,35.534,2.7185
100M,chip_308_293_merged.tif,0.6,2,398383309,117,33.084,35.8928,2.8088
100M,chip_308_293_merged.tif,0.6,3,2065921439,117,32.6406,34.2031,1.5625
100M,chip_308_293_merged.tif,0.6,4,1685314808,117,32.9322,35.6709,2.7387
100M,chip_308_293_merged.tif,0.8,0,776343262,156,32.3039,34.1617,1.8578
100M,chip_308_293_merged.tif,0.8,1,296397744,156,32.44,33.8041,1.3641
100M,chip_308_293_merged.tif,0.8,2,2063274761,156,32.2548,33.8742,1.6194
100M,chip_308_293_merged.tif,0.8,3,1583329243,156,32.2745,33.802,1.5276
100M,chip_308_293_merged.tif,0.8,4,1202722612,156,32.2731,33.6051,1.3321
100M,chip_308_517_merged.tif,0.2,0,934563515,39,31.9547,34.9699,3.0152
100M,chip_308_517_merged.tif,0.2,1,553956884,39,32.3933,35.1226,2.7292
100M,chip_308_517_merged.tif,0.2,2,173350253,39,30.8362,35.7897,4.9535
100M,chip_308_517_merged.tif,0.2,3,1840888383,39,32.1911,34.1408,1.9497
100M,chip_308_517_merged.tif,0.2,4,1460281752,39,30.3249,34.581,4.256
100M,chip_308_517_merged.tif,0.4,0,2116110980,78,31.1022,34.0108,2.9086
100M,chip_308_517_merged.tif,0.4,1,1735504349,78,30.4182,34.2994,3.8812
100M,chip_308_517_merged.tif,0.4,2,1255558831,78,30.4181,31.7853,1.3672
100M,chip_308_517_merged.tif,0.4,3,874952200,78,31.2131,33.778,2.5649
100M,chip_308_517_merged.tif,0.4,4,395006682,78,31.872,33.3736,1.5016
100M,chip_308_517_merged.tif,0.6,0,30649975,117,29.5202,33.0664,3.5462
100M,chip_308_517_merged.tif,0.6,1,1797526992,117,30.8214,33.0903,2.2689
100M,chip_308_517_merged.tif,0.6,2,1317581474,117,27.9939,33.3635,5.3695
100M,chip_308_517_merged.tif,0.6,3,936974843,117,30.1603,33.67,3.5097
100M,chip_308_517_merged.tif,0.6,4,556368212,117,29.1219,32.2636,3.1416
100M,chip_308_517_merged.tif,0.8,0,1695541427,156,30.2187,30.9455,0.7268
100M,chip_308_517_merged.tif,0.8,1,1314934796,156,29.1092,32.4487,3.3395
100M,chip_308_517_merged.tif,0.8,2,934328165,156,29.9552,31.2231,1.2679
100M,chip_308_517_merged.tif,0.8,3,454382647,156,29.9576,30.9846,1.027
100M,chip_308_517_merged.tif,0.8,4,73776016,156,29.936,30.3506,0.4146
100M,chip_310_469_merged.tif,0.2,0,1633100513,39,36.8841,37.6224,0.7383
100M,chip_310_469_merged.tif,0.2,1,1252493882,39,34.6874,38.5681,3.8806
100M,chip_310_469_merged.tif,0.2,2,772548364,39,35.8533,38.161,2.3078
100M,chip_310_469_merged.tif,0.2,3,391941733,39,33.5198,38.7818,5.262
100M,chip_310_469_merged.tif,0.2,4,11335102,39,35.9206,37.4414,1.5208
100M,chip_310_469_merged.tif,0.4,0,667164330,78,33.0182,37.4979,4.4797
100M,chip_310_469_merged.tif,0.4,1,187218812,78,32.021,37.44,5.419
100M,chip_310_469_merged.tif,0.4,2,1954095829,78,33.8145,36.9611,3.1465
100M,chip_310_469_merged.tif,0.4,3,1474150311,78,34.3258,37.959,3.6332
100M,chip_310_469_merged.tif,0.4,4,1093543680,78,33.6764,37.4269,3.7505
100M,chip_310_469_merged.tif,0.6,0,729186973,117,32.997,36.7525,3.7555
100M,chip_310_469_merged.tif,0.6,1,348580342,117,32.9572,36.2361,3.2789
100M,chip_310_469_merged.tif,0.6,2,2016118472,117,32.2495,36.851,4.6014
100M,chip_310_469_merged.tif,0.6,3,1635511841,117,32.9981,37.0812,4.0831
100M,chip_310_469_merged.tif,0.6,4,1155566323,117,32.8419,36.1214,3.2795
100M,chip_310_469_merged.tif,0.8,0,246594777,156,33.1232,36.04,2.9168
100M,chip_310_469_merged.tif,0.8,1,2013471794,156,33.1797,34.9027,1.723
100M,chip_310_469_merged.tif,0.8,2,1533526276,156,31.903,35.833,3.93
100M,chip_310_469_merged.tif,0.8,3,1152919645,156,33.2604,35.6007,2.3402
100M,chip_310_469_merged.tif,0.8,4,772313014,156,33.3138,35.778,2.4642
100M,chip_311_380_merged.tif,0.2,0,2141507666,39,32.6319,35.3111,2.6792
100M,chip_311_380_merged.tif,0.2,1,1760901035,39,31.3685,35.0793,3.7108
100M,chip_311_380_merged.tif,0.2,2,1380294404,39,35.0544,35.6113,0.5569
100M,chip_311_380_merged.tif,0.2,3,900348886,39,32.6329,35.2801,2.6471
100M,chip_311_380_merged.tif,0.2,4,519742255,39,30.5349,35.2158,4.6809
100M,chip_311_380_merged.tif,0.4,0,1175571483,78,27.9278,35.0819,7.1541
100M,chip_311_380_merged.tif,0.4,1,794964852,78,24.7322,33.1475,8.4153
100M,chip_311_380_merged.tif,0.4,2,315019334,78,31.5775,34.2319,2.6545
100M,chip_311_380_merged.tif,0.4,3,2081896351,78,29.0558,34.6793,5.6235
100M,chip_311_380_merged.tif,0.4,4,1601950833,78,31.5782,34.6398,3.0616
100M,chip_311_380_merged.tif,0.6,0,1237594126,117,25.7473,33.7059,7.9586
100M,chip_311_380_merged.tif,0.6,1,856987495,117,29.1141,32.7207,3.6066
100M,chip_311_380_merged.tif,0.6,2,377041977,117,25.2784,33.5345,8.2561
100M,chip_311_380_merged.tif,0.6,3,2143918994,117,27.5082,32.3865,4.8783
100M,chip_311_380_merged.tif,0.6,4,1763312363,117,29.1314,33.6781,4.5467
100M,chip_311_380_merged.tif,0.8,0,755001930,156,23.4912,26.1125,2.6213
100M,chip_311_380_merged.tif,0.8,1,374395299,156,25.2155,30.2659,5.0503
100M,chip_311_380_merged.tif,0.8,2,2141272316,156,27.7282,31.0319,3.3036
100M,chip_311_380_merged.tif,0.8,3,1661326798,156,23.4843,31.6391,8.1548
100M,chip_311_380_merged.tif,0.8,4,1280720167,156,23.4762,31.2647,7.7885
100M,chip_311_469_merged.tif,0.2,0,2014310451,39,40.774,40.6844,-0.0896
100M,chip_311_469_merged.tif,0.2,1,1534364933,39,39.4931,41.1766,1.6835
100M,chip_311_469_merged.tif,0.2,2,1153758302,39,33.8471,42.0586,8.2115
100M,chip_311_469_merged.tif,0.2,3,673812784,39,36.84,42.4903,5.6503
100M,chip_311_469_merged.tif,0.2,4,293206153,39,40.2337,41.4517,1.218
100M,chip_311_469_merged.tif,0.4,0,1754356231,78,35.8407,41.0767,5.236
100M,chip_311_469_merged.tif,0.4,1,1373749600,78,35.359,40.958,5.5991
100M,chip_311_469_merged.tif,0.4,2,993142969,78,35.1944,40.693,5.4986
100M,chip_311_469_merged.tif,0.4,3,513197451,78,39.7847,40.927,1.1423
100M,chip_311_469_merged.tif,0.4,4,132590820,78,35.9688,40.5278,4.559
100M,chip_311_469_merged.tif,0.6,0,1110396911,117,36.4942,40.796,4.3017
100M,chip_311_469_merged.tif,0.6,1,630451393,117,37.0403,40.3606,3.3202
100M,chip_311_469_merged.tif,0.6,2,249844762,117,36.2943,40.8314,4.5371
100M,chip_311_469_merged.tif,0.6,3,1917382892,117,37.429,38.0919,0.6629
100M,chip_311_469_merged.tif,0.6,4,1536776261,117,38.2975,39.6048,1.3073
100M,chip_311_469_merged.tif,0.8,0,627804715,156,36.5687,38.2291,1.6604
100M,chip_311_469_merged.tif,0.8,1,147859197,156,35.3572,38.2936,2.9364
100M,chip_311_469_merged.tif,0.8,2,1914736214,156,36.7333,38.7029,1.9696
100M,chip_311_469_merged.tif,0.8,3,1434790696,156,36.4562,39.1386,2.6824
100M,chip_311_469_merged.tif,0.8,4,1054184065,156,35.3566,37.6096,2.253
100M,chip_312_433_merged.tif,0.2,0,1019984418,39,34.8197,33.1723,-1.6474
100M,chip_312_433_merged.tif,0.2,1,639377787,39,32.0497,34.6702,2.6205
100M,chip_312_433_merged.tif,0.2,2,159432269,39,31.7842,35.2095,3.4254
100M,chip_312_433_merged.tif,0.2,3,1926309286,39,30.9817,34.1125,3.1308
100M,chip_312_433_merged.tif,0.2,4,1545702655,39,32.9331,35.2551,2.322
100M,chip_312_433_merged.tif,0.4,0,859369085,78,33.4198,34.1719,0.7521
100M,chip_312_433_merged.tif,0.4,1,478762454,78,32.427,33.4453,1.0183
100M,chip_312_433_merged.tif,0.4,2,2146300584,78,32.4259,33.0837,0.6579
100M,chip_312_433_merged.tif,0.4,3,1765693953,78,31.6728,34.9163,3.2434
100M,chip_312_433_merged.tif,0.4,4,1285748435,78,33.4196,32.9176,-0.5019
100M,chip_312_433_merged.tif,0.6,0,116070878,117,32.1694,33.8141,1.6448
100M,chip_312_433_merged.tif,0.6,1,1882947895,117,32.7067,33.1165,0.4099
100M,chip_312_433_merged.tif,0.6,2,1403002377,117,32.9613,33.3052,0.3439
100M,chip_312_433_merged.tif,0.6,3,1022395746,117,32.1711,33.2561,1.085
100M,chip_312_433_merged.tif,0.6,4,542450228,117,31.5164,32.9165,1.4001
100M,chip_312_433_merged.tif,0.8,0,1780962330,156,30.5416,32.1809,1.6393
100M,chip_312_433_merged.tif,0.8,1,1400355699,156,31.3877,32.3822,0.9945
100M,chip_312_433_merged.tif,0.8,2,920410181,156,30.5313,32.0006,1.4693
100M,chip_312_433_merged.tif,0.8,3,539803550,156,30.5449,33.0187,2.4737
100M,chip_312_433_merged.tif,0.8,4,159196919,156,30.5593,32.7507,2.1915
100M,chip_313_236_merged.tif,0.2,0,647463835,39,33.5296,34.7385,1.2088
100M,chip_313_236_merged.tif,0.2,1,266857204,39,30.8935,34.7557,3.8623
100M,chip_313_236_merged.tif,0.2,2,1934395334,39,32.4536,34.7409,2.2873
100M,chip_313_236_merged.tif,0.2,3,1553788703,39,32.0885,32.913,0.8245
100M,chip_313_236_merged.tif,0.2,4,1173182072,39,32.9276,33.686,0.7583
100M,chip_313_236_merged.tif,0.4,0,1829011300,78,31.6034,34.1255,2.5221
100M,chip_313_236_merged.tif,0.4,1,1349065782,78,31.5695,33.5783,2.0088
100M,chip_313_236_merged.tif,0.4,2,968459151,78,31.387,34.1223,2.7352
100M,chip_313_236_merged.tif,0.4,3,587852520,78,30.6432,34.0451,3.4018
100M,chip_313_236_merged.tif,0.4,4,107907002,78,31.8217,33.4942,1.6725
100M,chip_313_236_merged.tif,0.6,0,1891033943,117,30.393,33.5693,3.1763
100M,chip_313_236_merged.tif,0.6,1,1510427312,117,30.6329,32.4821,1.8492
100M,chip_313_236_merged.tif,0.6,2,1030481794,117,30.9967,32.8719,1.8752
100M,chip_313_236_merged.tif,0.6,3,649875163,117,30.7836,32.7875,2.0039
100M,chip_313_236_merged.tif,0.6,4,169929645,117,30.6014,33.5283,2.9268
100M,chip_313_236_merged.tif,0.8,0,1408441747,156,30.7947,31.8564,1.0617
100M,chip_313_236_merged.tif,0.8,1,1027835116,156,30.8051,31.8316,1.0265
100M,chip_313_236_merged.tif,0.8,2,547889598,156,30.9923,32.5629,1.5706
100M,chip_313_236_merged.tif,0.8,3,167282967,156,30.1812,31.9054,1.7242
100M,chip_313_236_merged.tif,0.8,4,1934159984,156,30.4293,31.9716,1.5424
100M,chip_314_342_merged.tif,0.2,0,1839884154,39,35.2929,37.2375,1.9447
100M,chip_314_342_merged.tif,0.2,1,1459277523,39,36.9806,37.5744,0.5938
100M,chip_314_342_merged.tif,0.2,2,979332005,39,35.5251,37.5837,2.0586
100M,chip_314_342_merged.tif,0.2,3,598725374,39,35.5253,37.3326,1.8073
100M,chip_314_342_merged.tif,0.2,4,218118743,39,35.2167,36.8184,1.6017
100M,chip_314_342_merged.tif,0.4,0,873947971,78,35.1084,36.3911,1.2827
100M,chip_314_342_merged.tif,0.4,1,394002453,78,34.3218,36.7957,2.4739
100M,chip_314_342_merged.tif,0.4,2,13395822,78,35.5907,36.1964,0.6057
100M,chip_314_342_merged.tif,0.4,3,1680933952,78,35.5549,36.7723,1.2174
100M,chip_314_342_merged.tif,0.4,4,1300327321,78,30.9942,36.9136,5.9194
100M,chip_314_342_merged.tif,0.6,0,935970614,117,34.5427,36.3125,1.7698
100M,chip_314_342_merged.tif,0.6,1,555363983,117,31.396,36.0396,4.6436
100M,chip_314_342_merged.tif,0.6,2,75418465,117,31.7341,36.073,4.3389
100M,chip_314_342_merged.tif,0.6,3,1842295482,117,31.3768,36.355,4.9781
100M,chip_314_342_merged.tif,0.6,4,1362349964,117,31.3715,36.2478,4.8764
100M,chip_314_342_merged.tif,0.8,0,453378418,156,30.3289,32.1655,1.8367
100M,chip_314_342_merged.tif,0.8,1,72771787,156,31.8387,35.1843,3.3455
100M,chip_314_342_merged.tif,0.8,2,1740309917,156,31.677,33.6825,2.0055
100M,chip_314_342_merged.tif,0.8,3,1359703286,156,27.1233,35.5464,8.4231
100M,chip_314_342_merged.tif,0.8,4,979096655,156,27.1059,35.3594,8.2534
100M,chip_314_519_merged.tif,0.2,0,1692415364,39,37.2874,34.1396,-3.1477
100M,chip_314_519_merged.tif,0.2,1,1311808733,39,38.6116,36.1126,-2.499
100M,chip_314_519_merged.tif,0.2,2,831863215,39,38.765,36.8107,-1.9543
100M,chip_314_519_merged.tif,0.2,3,451256584,39,30.3534,34.6746,4.3212
100M,chip_314_519_merged.tif,0.2,4,70649953,39,40.1218,38.4701,-1.6517
100M,chip_314_519_merged.tif,0.4,0,1531800031,78,38.2644,38.3788,0.1144
100M,chip_314_519_merged.tif,0.4,1,1151193400,78,39.1212,33.6811,-5.4401
100M,chip_314_519_merged.tif,0.4,2,671247882,78,40.0287,37.6868,-2.342
100M,chip_314_519_merged.tif,0.4,3,290641251,78,32.962,36.4259,3.4639
100M,chip_314_519_merged.tif,0.4,4,1958179381,78,40.0287,36.1458,-3.883
100M,chip_314_519_merged.tif,0.6,0,788501824,117,32.0129,36.174,4.161
100M,chip_314_519_merged.tif,0.6,1,407895193,117,37.8994,35.4372,-2.4622
100M,chip_314_519_merged.tif,0.6,2,2075433323,117,34.1475,36.8071,2.6596
100M,chip_314_519_merged.tif,0.6,3,1694826692,117,37.3215,36.3986,-0.9229
100M,chip_314_519_merged.tif,0.6,4,1214881174,117,34.2297,35.8127,1.583
100M,chip_314_519_merged.tif,0.8,0,305909628,156,34.544,35.4049,0.8608
100M,chip_314_519_merged.tif,0.8,1,2072786645,156,33.958,35.7313,1.7733
100M,chip_314_519_merged.tif,0.8,2,1592841127,156,32.5954,33.9549,1.3595
100M,chip_314_519_merged.tif,0.8,3,1212234496,156,33.9593,35.6485,1.6892
100M,chip_314_519_merged.tif,0.8,4,831627865,156,32.7835,35.3808,2.5972
100M,chip_315_516_merged.tif,0.2,0,1980256531,39,35.9488,36.5723,0.6235
100M,chip_315_516_merged.tif,0.2,1,1500311013,39,34.0259,37.4143,3.3883
100M,chip_315_516_merged.tif,0.2,2,1119704382,39,34.6634,36.528,1.8646
100M,chip_315_516_merged.tif,0.2,3,639758864,39,35.6048,37.1819,1.5771
100M,chip_315_516_merged.tif,0.2,4,259152233,39,34.6656,37.4075,2.7418
100M,chip_315_516_merged.tif,0.4,0,1720302311,78,34.2334,37.1316,2.8982
100M,chip_315_516_merged.tif,0.4,1,1339695680,78,33.5296,37.2758,3.7462
100M,chip_315_516_merged.tif,0.4,2,959089049,78,35.0878,36.0545,0.9667
100M,chip_315_516_merged.tif,0.4,3,479143531,78,34.4019,37.1995,2.7976
100M,chip_315_516_merged.tif,0.4,4,98536900,78,35.087,35.7318,0.6448
100M,chip_315_516_merged.tif,0.6,0,1829942967,117,32.3798,33.1041,0.7244
100M,chip_315_516_merged.tif,0.6,1,1449336336,117,32.3705,33.0394,0.6688
100M,chip_315_516_merged.tif,0.6,2,969390818,117,33.734,35.9631,2.2291
100M,chip_315_516_merged.tif,0.6,3,588784187,117,33.5983,35.7778,2.1796
100M,chip_315_516_merged.tif,0.6,4,208177556,117,32.8983,35.9474,3.0491
100M,chip_315_516_merged.tif,0.8,0,593750795,156,32.5752,32.7507,0.1755
100M,chip_315_516_merged.tif,0.8,1,113805277,156,33.7185,34.1004,0.3819
100M,chip_315_516_merged.tif,0.8,2,1880682294,156,31.2729,35.1183,3.8453
100M,chip_315_516_merged.tif,0.8,3,1400736776,156,33.718,34.1544,0.4365
100M,chip_315_516_merged.tif,0.8,4,1020130145,156,32.8146,33.1003,0.2858
100M,chip_316_543_merged.tif,0.2,0,632016424,39,34.4557,34.9515,0.4958
100M,chip_316_543_merged.tif,0.2,1,251409793,39,33.3538,35.2565,1.9028
100M,chip_316_543_merged.tif,0.2,2,1918947923,39,35.1045,35.4686,0.364
100M,chip_316_543_merged.tif,0.2,3,1538341292,39,34.2372,36.5533,2.316
100M,chip_316_543_merged.tif,0.2,4,1157734661,39,34.1345,36.438,2.3036
100M,chip_316_543_merged.tif,0.4,0,471401091,78,32.4425,35.0914,2.6489
100M,chip_316_543_merged.tif,0.4,1,90794460,78,32.3169,33.9308,1.6138
100M,chip_316_543_merged.tif,0.4,2,1758332590,78,32.3163,35.0325,2.7162
100M,chip_316_543_merged.tif,0.4,3,1377725959,78,32.8941,34.5805,1.6865
100M,chip_316_543_merged.tif,0.4,4,897780441,78,32.3331,35.1251,2.792
100M,chip_316_543_merged.tif,0.6,0,1875586532,117,32.653,34.7251,2.0721
100M,chip_316_543_merged.tif,0.6,1,1494979901,117,33.0322,34.7592,1.727
100M,chip_316_543_merged.tif,0.6,2,1015034383,117,33.2525,34.7149,1.4625
100M,chip_316_543_merged.tif,0.6,3,634427752,117,32.6562,34.6371,1.9809
100M,chip_316_543_merged.tif,0.6,4,154482234,117,32.5456,34.6689,2.1232
100M,chip_316_543_merged.tif,0.8,0,1392994336,156,32.1747,33.2518,1.0771
100M,chip_316_543_merged.tif,0.8,1,1012387705,156,32.5,33.3906,0.8906
100M,chip_316_543_merged.tif,0.8,2,532442187,156,32.4893,34.0725,1.5832
100M,chip_316_543_merged.tif,0.8,3,151835556,156,32.3965,33.4489,1.0525
100M,chip_316_543_merged.tif,0.8,4,1918712573,156,32.1746,32.941,0.7665
100M,chip_317_528_merged.tif,0.2,0,932207727,39,31.6067,35.4207,3.814
100M,chip_317_528_merged.tif,0.2,1,452262209,39,32.1959,36.9363,4.7403
100M,chip_317_528_merged.tif,0.2,2,71655578,39,33.8603,36.1402,2.2799
100M,chip_317_528_merged.tif,0.2,3,1739193708,39,31.7756,36.7315,4.9559
100M,chip_317_528_merged.tif,0.2,4,1358587077,39,34.0879,36.8707,2.7829
100M,chip_317_528_merged.tif,0.4,0,672253507,78,31.9188,35.1086,3.1897
100M,chip_317_528_merged.tif,0.4,1,291646876,78,31.7914,34.9579,3.1664
100M,chip_317_528_merged.tif,0.4,2,2058523893,78,33.2397,35.0837,1.8439
100M,chip_317_528_merged.tif,0.4,3,1578578375,78,34.5625,34.6961,0.1336
100M,chip_317_528_merged.tif,0.4,4,1197971744,78,31.4141,34.8942,3.4801
100M,chip_317_528_merged.tif,0.6,0,2076438948,117,32.3329,34.9679,2.635
100M,chip_317_528_merged.tif,0.6,1,1695832317,117,32.011,34.3598,2.3488
100M,chip_317_528_merged.tif,0.6,2,1315225686,117,32.1303,34.3055,2.1753
100M,chip_317_528_merged.tif,0.6,3,835280168,117,32.0304,34.0728,2.0424
100M,chip_317_528_merged.tif,0.6,4,454673537,117,33.4902,34.5859,1.0957
100M,chip_317_528_merged.tif,0.8,0,1693185639,156,31.7169,32.757,1.04
100M,chip_317_528_merged.tif,0.8,1,1213240121,156,31.8333,34.0356,2.2023
100M,chip_317_528_merged.tif,0.8,2,832633490,156,32.2467,33.8917,1.645
100M,chip_317_528_merged.tif,0.8,3,352687972,156,32.2564,33.2777,1.0213
100M,chip_317_528_merged.tif,0.8,4,2119564989,156,31.6002,33.9695,2.3693
100M,chip_317_529_merged.tif,0.2,0,135927247,39,34.9158,35.6114,0.6956
100M,chip_317_529_merged.tif,0.2,1,1902804264,39,34.8458,35.6729,0.8271
100M,chip_317_529_merged.tif,0.2,2,1422858746,39,34.8451,35.6771,0.832
100M,chip_317_529_merged.tif,0.2,3,1042252115,39,34.8475,34.3373,-0.5102
100M,chip_317_529_merged.tif,0.2,4,562306597,39,33.0865,34.1566,1.07
100M,chip_317_529_merged.tif,0.4,0,1218135825,78,32.1226,34.8302,2.7077
100M,chip_317_529_merged.tif,0.4,1,837529194,78,32.3674,35.0212,2.6538
100M,chip_317_529_merged.tif,0.4,2,456922563,78,33.5818,34.6382,1.0564
100M,chip_317_529_merged.tif,0.4,3,2124460693,78,34.4353,34.95,0.5146
100M,chip_317_529_merged.tif,0.4,4,1743854062,78,32.1444,34.3325,2.1881
100M,chip_317_529_merged.tif,0.6,0,1379497355,117,32.9186,34.0867,1.1681
100M,chip_317_529_merged.tif,0.6,1,899551837,117,32.2118,34.6296,2.4177
100M,chip_317_529_merged.tif,0.6,2,518945206,117,32.3494,34.3901,2.0406
100M,chip_317_529_merged.tif,0.6,3,138338575,117,32.6356,34.451,1.8154
100M,chip_317_529_merged.tif,0.6,4,1805876705,117,32.3444,34.7099,2.3655
100M,chip_317_529_merged.tif,0.8,0,896905159,156,32.1821,32.7017,0.5196
100M,chip_317_529_merged.tif,0.8,1,516298528,156,32.537,33.7569,1.2199
100M,chip_317_529_merged.tif,0.8,2,36353010,156,32.8221,33.6489,0.8268
100M,chip_317_529_merged.tif,0.8,3,1803230027,156,32.5402,32.899,0.3589
100M,chip_317_529_merged.tif,0.8,4,1323284509,156,32.6389,32.2605,-0.3784
100M,chip_317_545_merged.tif,0.2,0,750118637,39,30.8705,34.2772,3.4068
100M,chip_317_545_merged.tif,0.2,1,369512006,39,32.7064,36.822,4.1156
100M,chip_317_545_merged.tif,0.2,2,2136389023,39,32.8277,36.71,3.8823
100M,chip_317_545_merged.tif,0.2,3,1656443505,39,29.2627,36.3207,7.0579
100M,chip_317_545_merged.tif,0.2,4,1275836874,39,35.3544,35.7728,0.4184
100M,chip_317_545_merged.tif,0.4,0,1931666102,78,30.6152,34.955,4.3398
100M,chip_317_545_merged.tif,0.4,1,1451720584,78,32.054,34.5546,2.5006
100M,chip_317_545_merged.tif,0.4,2,1071113953,78,31.3365,34.4462,3.1097
100M,chip_317_545_merged.tif,0.4,3,690507322,78,30.816,34.0883,3.2722
100M,chip_317_545_merged.tif,0.4,4,210561804,78,32.0528,33.9332,1.8804
100M,chip_317_545_merged.tif,0.6,0,1993688745,117,30.2825,34.4286,4.146
100M,chip_317_545_merged.tif,0.6,1,1613082114,117,30.7186,33.7908,3.0722
100M,chip_317_545_merged.tif,0.6,2,1133136596,117,30.5904,33.0207,2.4303
100M,chip_317_545_merged.tif,0.6,3,752529965,117,30.7318,33.0989,2.3672
100M,chip_317_545_merged.tif,0.6,4,272584447,117,30.1581,34.0603,3.9022
100M,chip_317_545_merged.tif,0.8,0,1511096549,156,29.5595,32.1836,2.6241
100M,chip_317_545_merged.tif,0.8,1,1130489918,156,29.5231,31.1469,1.6238
100M,chip_317_545_merged.tif,0.8,2,650544400,156,29.751,31.8183,2.0673
100M,chip_317_545_merged.tif,0.8,3,269937769,156,30.054,31.1146,1.0606
100M,chip_317_545_merged.tif,0.8,4,2036814786,156,29.5603,31.7742,2.2139
100M,chip_318_344_merged.tif,0.2,0,1022596928,39,36.8096,40.6335,3.8239
100M,chip_318_344_merged.tif,0.2,1,542651410,39,39.6592,40.3894,0.7302
100M,chip_318_344_merged.tif,0.2,2,162044779,39,38.4181,41.7715,3.3535
100M,chip_318_344_merged.tif,0.2,3,1829582909,39,40.4072,40.6833,0.2761
100M,chip_318_344_merged.tif,0.2,4,1448976278,39,40.6257,41.1788,0.5531
100M,chip_318_344_merged.tif,0.4,0,762642708,78,39.4302,41.0734,1.6432
100M,chip_318_344_merged.tif,0.4,1,382036077,78,38.4815,40.9827,2.5012
100M,chip_318_344_merged.tif,0.4,2,1429446,78,39.1048,40.2968,1.1921
100M,chip_318_344_merged.tif,0.4,3,1668967576,78,39.6815,40.2362,0.5547
100M,chip_318_344_merged.tif,0.4,4,1288360945,78,39.4304,41.1593,1.729
100M,chip_318_344_merged.tif,0.6,0,19344501,117,38.0051,40.3607,2.3556
100M,chip_318_344_merged.tif,0.6,1,1786221518,117,39.0256,39.4055,0.3799
100M,chip_318_344_merged.tif,0.6,2,1405614887,117,38.6092,39.8946,1.2854
100M,chip_318_344_merged.tif,0.6,3,925669369,117,38.6076,40.169,1.5614
100M,chip_318_344_merged.tif,0.6,4,545062738,117,38.9676,39.9975,1.03
100M,chip_318_344_merged.tif,0.8,0,1783574840,156,38.4434,39.6008,1.1574
100M,chip_318_344_merged.tif,0.8,1,1303629322,156,37.6496,39.8659,2.2163
100M,chip_318_344_merged.tif,0.8,2,923022691,156,38.6563,38.7052,0.0489
100M,chip_318_344_merged.tif,0.8,3,443077173,156,38.1583,39.258,1.0997
100M,chip_318_344_merged.tif,0.8,4,62470542,156,38.6526,39.9554,1.3028
100M,chip_318_539_merged.tif,0.2,0,678475660,39,32.8644,37.4481,4.5837
100M,chip_318_539_merged.tif,0.2,1,297869029,39,34.5393,34.1277,-0.4117
100M,chip_318_539_merged.tif,0.2,2,1965407159,39,34.6421,38.1105,3.4685
100M,chip_318_539_merged.tif,0.2,3,1584800528,39,35.626,36.6875,1.0615
100M,chip_318_539_merged.tif,0.2,4,1104855010,39,33.6969,36.3211,2.6242
100M,chip_318_539_merged.tif,0.4,0,517860327,78,32.5661,36.6901,4.124
100M,chip_318_539_merged.tif,0.4,1,37914809,78,32.5664,36.0694,3.503
100M,chip_318_539_merged.tif,0.4,2,1804791826,78,32.8658,36.5099,3.6441
100M,chip_318_539_merged.tif,0.4,3,1324846308,78,32.867,36.2949,3.4278
100M,chip_318_539_merged.tif,0.4,4,944239677,78,32.6064,36.0901,3.4837
100M,chip_318_539_merged.tif,0.6,0,1922045768,117,31.7153,35.272,3.5567
100M,chip_318_539_merged.tif,0.6,1,1442100250,117,32.8643,33.8584,0.9941
100M,chip_318_539_merged.tif,0.6,2,1061493619,117,31.7575,35.0172,3.2597
100M,chip_318_539_merged.tif,0.6,3,680886988,117,32.1254,34.6914,2.566
100M,chip_318_539_merged.tif,0.6,4,200941470,117,31.8584,35.1681,3.3097
100M,chip_318_539_merged.tif,0.8,0,1439453572,156,32.7108,33.6397,0.9289
100M,chip_318_539_merged.tif,0.8,1,1058846941,156,32.483,34.0529,1.5698
100M,chip_318_539_merged.tif,0.8,2,578901423,156,32.3313,33.9185,1.5871
100M,chip_318_539_merged.tif,0.8,3,198294792,156,32.5659,33.3785,0.8126
100M,chip_318_539_merged.tif,0.8,4,1865832922,156,32.081,33.6294,1.5484
100M,chip_319_529_merged.tif,0.2,0,1470946260,39,33.78,34.4626,0.6827
100M,chip_319_529_merged.tif,0.2,1,1090339629,39,32.8884,34.7082,1.8198
100M,chip_319_529_merged.tif,0.2,2,610394111,39,34.3924,34.6987,0.3063
100M,chip_319_529_merged.tif,0.2,3,229787480,39,32.4112,35.227,2.8158
100M,chip_319_529_merged.tif,0.2,4,1897325610,39,34.3928,35.3976,1.0047
100M,chip_319_529_merged.tif,0.4,0,1310330927,78,32.4141,33.9232,1.5091
100M,chip_319_529_merged.tif,0.4,1,830385409,78,32.5655,33.7719,1.2064
100M,chip_319_529_merged.tif,0.4,2,449778778,78,32.4151,34.8258,2.4108
100M,chip_319_529_merged.tif,0.4,3,2117316908,78,31.2595,34.1693,2.9097
100M,chip_319_529_merged.tif,0.4,4,1736710277,78,32.4154,33.7084,1.293
100M,chip_319_529_merged.tif,0.6,0,567032720,117,31.625,33.2654,1.6405
100M,chip_319_529_merged.tif,0.6,1,87087202,117,31.7598,34.0004,2.2406
100M,chip_319_529_merged.tif,0.6,2,1853964219,117,30.7588,33.8434,3.0846
100M,chip_319_529_merged.tif,0.6,3,1374018701,117,31.1943,33.8891,2.6948
100M,chip_319_529_merged.tif,0.6,4,993412070,117,31.7666,33.5041,1.7375
100M,chip_319_529_merged.tif,0.8,0,84440524,156,31.6514,31.8826,0.2312
100M,chip_319_529_merged.tif,0.8,1,1851317541,156,31.6293,32.7528,1.1235
100M,chip_319_529_merged.tif,0.8,2,1371372023,156,31.6281,33.3109,1.6827
100M,chip_319_529_merged.tif,0.8,3,990765392,156,31.6655,32.5854,0.9198
100M,chip_319_529_merged.tif,0.8,4,510819874,156,31.5033,32.1844,0.6811
100M,chip_320_544_merged.tif,0.2,0,39603398,39,28.2914,38.9835,10.6921
100M,chip_320_544_merged.tif,0.2,1,1707141528,39,33.632,36.7963,3.1643
100M,chip_320_544_merged.tif,0.2,2,1326534897,39,32.3171,35.5699,3.2528
100M,chip_320_544_merged.tif,0.2,3,846589379,39,31.8119,37.1868,5.3749
100M,chip_320_544_merged.tif,0.2,4,465982748,39,31.4478,37.0781,5.6303
100M,chip_320_544_merged.tif,0.4,0,1927132826,78,31.2333,35.7475,4.5143
100M,chip_320_544_merged.tif,0.4,1,1546526195,78,31.2691,35.4957,4.2266
100M,chip_320_544_merged.tif,0.4,2,1165919564,78,31.3127,36.4377,5.125
100M,chip_320_544_merged.tif,0.4,3,685974046,78,29.3399,36.6877,7.3477
100M,chip_320_544_merged.tif,0.4,4,305367415,78,31.269,36.9737,5.7047
100M,chip_320_544_merged.tif,0.6,0,1183834619,117,31.1407,31.8366,0.6959
100M,chip_320_544_merged.tif,0.6,1,803227988,117,31.063,32.9695,1.9065
100M,chip_320_544_merged.tif,0.6,2,422621357,117,31.0447,33.5366,2.4918
100M,chip_320_544_merged.tif,0.6,3,2090159487,117,33.087,34.4778,1.3908
100M,chip_320_544_merged.tif,0.6,4,1709552856,117,30.5251,34.472,3.9469
100M,chip_320_544_merged.tif,0.8,0,800581310,156,29.2269,31.8564,2.6295
100M,chip_320_544_merged.tif,0.8,1,320635792,156,32.6135,32.1402,-0.4732
100M,chip_320_544_merged.tif,0.8,2,2087512809,156,29.2089,33.5145,4.3056
100M,chip_320_544_merged.tif,0.8,3,1607567291,156,30.3562,31.1941,0.8379
100M,chip_320_544_merged.tif,0.8,4,1226960660,156,32.1634,33.0669,0.9034
100M,chip_321_314_merged.tif,0.2,0,271200818,39,35.3992,38.4468,3.0477
100M,chip_321_314_merged.tif,0.2,1,2038077835,39,34.4438,37.6996,3.2558
100M,chip_321_314_merged.tif,0.2,2,1657471204,39,35.5413,37.355,1.8137
100M,chip_321_314_merged.tif,0.2,3,1177525686,39,34.8084,38.2406,3.4322
100M,chip_321_314_merged.tif,0.2,4,796919055,39,33.4122,38.4533,5.0412
100M,chip_321_314_merged.tif,0.4,0,110585485,78,34.0481,38.0611,4.013
100M,chip_321_314_merged.tif,0.4,1,1877462502,78,34.2251,35.8907,1.6656
100M,chip_321_314_merged.tif,0.4,2,1397516984,78,34.4088,37.271,2.8622
100M,chip_321_314_merged.tif,0.4,3,1016910353,78,34.7005,37.5829,2.8824
100M,chip_321_314_merged.tif,0.4,4,536964835,78,34.0474,37.2396,3.1922
100M,chip_321_314_merged.tif,0.6,0,1514770926,117,34.7522,36.6874,1.9352
100M,chip_321_314_merged.tif,0.6,1,1134164295,117,34.1878,36.4687,2.2809
100M,chip_321_314_merged.tif,0.6,2,654218777,117,34.477,36.5603,2.0833
100M,chip_321_314_merged.tif,0.6,3,273612146,117,34.3869,36.0655,1.6786
100M,chip_321_314_merged.tif,0.6,4,2040489163,117,34.0642,35.8459,1.7817
100M,chip_321_314_merged.tif,0.8,0,1032178730,156,34.1163,34.6604,0.5441
100M,chip_321_314_merged.tif,0.8,1,651572099,156,33.9671,35.439,1.4719
100M,chip_321_314_merged.tif,0.8,2,270965468,156,34.5202,34.7333,0.2131
100M,chip_321_314_merged.tif,0.8,3,1938503598,156,34.1913,34.999,0.8076
100M,chip_321_314_merged.tif,0.8,4,1557896967,156,33.9662,35.1429,1.1767
100M,chip_322_417_merged.tif,0.2,0,179000502,39,27.9456,33.9027,5.9571
100M,chip_322_417_merged.tif,0.2,1,1846538632,39,31.746,33.5565,1.8105
100M,chip_322_417_merged.tif,0.2,2,1465932001,39,34.2805,34.6471,0.3666
100M,chip_322_417_merged.tif,0.2,3,1085325370,39,34.3895,33.4539,-0.9357
100M,chip_322_417_merged.tif,0.2,4,605379852,39,26.296,33.3825,7.0865
100M,chip_322_417_merged.tif,0.4,0,18385169,78,26.326,33.6595,7.3335
100M,chip_322_417_merged.tif,0.4,1,1685923299,78,28.9084,32.3849,3.4765
100M,chip_322_417_merged.tif,0.4,2,1305316668,78,31.0002,32.6011,1.6009
100M,chip_322_417_merged.tif,0.4,3,825371150,78,29.8326,33.6377,3.8051
100M,chip_322_417_merged.tif,0.4,4,444764519,78,24.8827,33.119,8.2363
100M,chip_322_417_merged.tif,0.6,0,1422570610,117,26.9283,33.3738,6.4455
100M,chip_322_417_merged.tif,0.6,1,942625092,117,29.0971,32.4436,3.3465
100M,chip_322_417_merged.tif,0.6,2,562018461,117,28.9005,32.177,3.2764
100M,chip_322_417_merged.tif,0.6,3,82072943,117,26.9007,32.6102,5.7095
100M,chip_322_417_merged.tif,0.6,4,1848949960,117,26.979,32.3185,5.3396
100M,chip_322_417_merged.tif,0.8,0,939978414,156,26.5868,30.8858,4.299
100M,chip_322_417_merged.tif,0.8,1,460032896,156,26.5803,29.7487,3.1684
100M,chip_322_417_merged.tif,0.8,2,79426265,156,27.5296,29.9819,2.4524
100M,chip_322_417_merged.tif,0.8,3,1846303282,156,26.6235,29.0061,2.3826
100M,chip_322_417_merged.tif,0.8,4,1366357764,156,27.5078,30.4228,2.915
100M,chip_322_533_merged.tif,0.2,0,840517384,39,30.0471,33.5979,3.5508
100M,chip_322_533_merged.tif,0.2,1,459910753,39,29.5879,34.5902,5.0023
100M,chip_322_533_merged.tif,0.2,2,2127448883,39,30.0481,33.1656,3.1175
100M,chip_322_533_merged.tif,0.2,3,1746842252,39,28.9761,34.1715,5.1953
100M,chip_322_533_merged.tif,0.2,4,1266896734,39,30.9497,33.4274,2.4777
100M,chip_322_533_merged.tif,0.4,0,679902051,78,29.5714,33.4957,3.9243
100M,chip_322_533_merged.tif,0.4,1,199956533,78,29.5216,30.65,1.1284
100M,chip_322_533_merged.tif,0.4,2,1966833550,78,29.2653,32.6419,3.3766
100M,chip_322_533_merged.tif,0.4,3,1586226919,78,29.8816,33.1199,3.2383
100M,chip_322_533_merged.tif,0.4,4,1106281401,78,29.352,32.6451,3.2931
100M,chip_322_533_merged.tif,0.6,0,2084087492,117,29.3659,30.9081,1.5422
100M,chip_322_533_merged.tif,0.6,1,1604141974,117,29.3862,32.2775,2.8913
100M,chip_322_533_merged.tif,0.6,2,1223535343,117,29.4774,31.1391,1.6617
100M,chip_322_533_merged.tif,0.6,3,842928712,117,29.6248,31.9811,2.3563
100M,chip_322_533_merged.tif,0.6,4,362983194,117,29.3695,31.8564,2.487
100M,chip_322_533_merged.tif,0.8,0,1601495296,156,28.7418,31.2598,2.5181
100M,chip_322_533_merged.tif,0.8,1,1220888665,156,29.3104,31.5658,2.2554
100M,chip_322_533_merged.tif,0.8,2,740943147,156,28.6596,30.9318,2.2723
100M,chip_322_533_merged.tif,0.8,3,360336516,156,28.7315,31.0683,2.3369
100M,chip_322_533_merged.tif,0.8,4,2027874646,156,29.3835,30.8872,1.5037
100M,chip_322_543_merged.tif,0.2,0,735787014,39,34.4423,34.7195,0.2772
100M,chip_322_543_merged.tif,0.2,1,255841496,39,34.3005,37.3698,3.0693
100M,chip_322_543_merged.tif,0.2,2,2022718513,39,35.2636,36.7247,1.4611
100M,chip_322_543_merged.tif,0.2,3,1642111882,39,35.5968,36.4029,0.8062
100M,chip_322_543_merged.tif,0.2,4,1162166364,39,31.7183,35.8575,4.1393
100M,chip_322_543_merged.tif,0.4,0,1817995592,78,31.2067,32.0813,0.8746
100M,chip_322_543_merged.tif,0.4,1,1437388961,78,31.1777,35.7344,4.5568
100M,chip_322_543_merged.tif,0.4,2,1056782330,78,33.051,34.3189,1.2678
100M,chip_322_543_merged.tif,0.4,3,576836812,78,32.7323,32.7051,-0.0272
100M,chip_322_543_merged.tif,0.4,4,196230181,78,33.0501,34.4059,1.3558
100M,chip_322_543_merged.tif,0.6,0,585473450,117,33.5368,33.7936,0.2568
100M,chip_322_543_merged.tif,0.6,1,204866819,117,31.561,34.412,2.851
100M,chip_322_543_merged.tif,0.6,2,1971743836,117,33.6775,33.1477,-0.5298
100M,chip_322_543_merged.tif,0.6,3,1491798318,117,32.3186,33.909,1.5904
100M,chip_322_543_merged.tif,0.6,4,1111191687,117,32.1788,35.357,3.1781
100M,chip_322_543_merged.tif,0.8,0,1496764926,156,31.5213,32.8969,1.3756
100M,chip_322_543_merged.tif,0.8,1,1016819408,156,31.8606,32.156,0.2955
100M,chip_322_543_merged.tif,0.8,2,636212777,156,32.5413,32.9123,0.371
100M,chip_322_543_merged.tif,0.8,3,255606146,156,31.5108,33.2524,1.7417
100M,chip_322_543_merged.tif,0.8,4,1923144276,156,32.5923,32.2822,-0.31
100M,chip_324_316_merged.tif,0.2,0,1701498502,39,36.1585,37.0323,0.8738
100M,chip_324_316_merged.tif,0.2,1,1320891871,39,36.5437,36.4815,-0.0622
100M,chip_324_316_merged.tif,0.2,2,840946353,39,35.8661,36.8046,0.9385
100M,chip_324_316_merged.tif,0.2,3,460339722,39,36.8439,37.8658,1.0219
100M,chip_324_316_merged.tif,0.2,4,2127877852,39,36.2301,37.6626,1.4325
100M,chip_324_316_merged.tif,0.4,0,1540883169,78,35.5242,36.5324,1.0083
100M,chip_324_316_merged.tif,0.4,1,1060937651,78,31.8902,37.0947,5.2045
100M,chip_324_316_merged.tif,0.4,2,680331020,78,34.8483,36.8557,2.0074
100M,chip_324_316_merged.tif,0.4,3,299724389,78,35.1313,37.1321,2.0008
100M,chip_324_316_merged.tif,0.4,4,1967262519,78,30.6263,36.3744,5.7481
100M,chip_324_316_merged.tif,0.6,0,797584962,117,34.453,35.0119,0.5588
100M,chip_324_316_merged.tif,0.6,1,416978331,117,34.976,35.6258,0.6498
100M,chip_324_316_merged.tif,0.6,2,2084516461,117,34.4401,36.6755,2.2354
100M,chip_324_316_merged.tif,0.6,3,1703909830,117,34.7012,34.8067,0.1055
100M,chip_324_316_merged.tif,0.6,4,1223964312,117,34.4409,34.9388,0.4979
100M,chip_324_316_merged.tif,0.8,0,314992766,156,34.4706,34.8995,0.4288
100M,chip_324_316_merged.tif,0.8,1,2081869783,156,34.2374,34.4696,0.2322
100M,chip_324_316_merged.tif,0.8,2,1601924265,156,33.2138,34.2097,0.9959
100M,chip_324_316_merged.tif,0.8,3,1221317634,156,33.1579,34.1578,0.9999
100M,chip_324_316_merged.tif,0.8,4,741372116,156,33.1614,35.0148,1.8534
100M,chip_325_314_merged.tif,0.2,0,1696848857,39,35.5927,37.3046,1.7119
100M,chip_325_314_merged.tif,0.2,1,1316242226,39,34.5861,36.863,2.2769
100M,chip_325_314_merged.tif,0.2,2,836296708,39,33.9905,36.2489,2.2584
100M,chip_325_314_merged.tif,0.2,3,455690077,39,34.5853,36.8504,2.2652
100M,chip_325_314_merged.tif,0.2,4,2123228207,39,34.2533,36.8285,2.5751
100M,chip_325_314_merged.tif,0.4,0,1536233524,78,34.6934,36.5821,1.8887
100M,chip_325_314_merged.tif,0.4,1,1056288006,78,34.6312,36.7836,2.1524
100M,chip_325_314_merged.tif,0.4,2,675681375,78,34.6765,36.837,2.1605
100M,chip_325_314_merged.tif,0.4,3,195735857,78,34.2881,36.4878,2.1997
100M,chip_325_314_merged.tif,0.4,4,1962612874,78,34.4696,36.1534,1.6838
100M,chip_325_314_merged.tif,0.6,0,792935317,117,34.6897,35.8782,1.1886
100M,chip_325_314_merged.tif,0.6,1,312989799,117,34.7019,36.0609,1.359
100M,chip_325_314_merged.tif,0.6,2,2079866816,117,33.9225,36.1952,2.2727
100M,chip_325_314_merged.tif,0.6,3,1699260185,117,33.6186,36.1043,2.4856
100M,chip_325_314_merged.tif,0.6,4,1219314667,117,34.8817,35.8277,0.9461
100M,chip_325_314_merged.tif,0.8,0,310343121,156,34.5793,35.1777,0.5983
100M,chip_325_314_merged.tif,0.8,1,2077220138,156,34.7611,35.2494,0.4883
100M,chip_325_314_merged.tif,0.8,2,1597274620,156,34.2652,35.4583,1.193
100M,chip_325_314_merged.tif,0.8,3,1216667989,156,34.0574,35.3736,1.3161
100M,chip_325_314_merged.tif,0.8,4,736722471,156,34.8317,34.8931,0.0614
100M,chip_325_316_merged.tif,0.2,0,1971274514,39,32.2193,37.8362,5.6169
100M,chip_325_316_merged.tif,0.2,1,1491328996,39,32.3436,36.42,4.0764
100M,chip_325_316_merged.tif,0.2,2,1110722365,39,35.4535,36.3682,0.9146
100M,chip_325_316_merged.tif,0.2,3,730115734,39,35.5774,36.871,1.2936
100M,chip_325_316_merged.tif,0.2,4,250170216,39,35.5783,37.2108,1.6324
100M,chip_325_316_merged.tif,0.4,0,1810659181,78,34.0748,36.4852,2.4103
100M,chip_325_316_merged.tif,0.4,1,1330713663,78,31.9399,35.8162,3.8763
100M,chip_325_316_merged.tif,0.4,2,950107032,78,34.5206,35.7404,1.2199
100M,chip_325_316_merged.tif,0.4,3,470161514,78,34.0227,36.2814,2.2587
100M,chip_325_316_merged.tif,0.4,4,89554883,78,31.5786,36.4658,4.8872
100M,chip_325_316_merged.tif,0.6,0,1067360974,117,33.7089,36.0157,2.3068
100M,chip_325_316_merged.tif,0.6,1,587415456,117,33.2585,35.1381,1.8795
100M,chip_325_316_merged.tif,0.6,2,206808825,117,33.2994,34.924,1.6245
100M,chip_325_316_merged.tif,0.6,3,1874346955,117,33.2872,35.5254,2.2383
100M,chip_325_316_merged.tif,0.6,4,1493740324,117,32.3933,35.2922,2.8989
100M,chip_325_316_merged.tif,0.8,0,584768778,156,31.7645,34.5833,2.8188
100M,chip_325_316_merged.tif,0.8,1,104823260,156,31.7571,34.9844,3.2273
100M,chip_325_316_merged.tif,0.8,2,1871700277,156,32.4187,34.4546,2.0359
100M,chip_325_316_merged.tif,0.8,3,1491093646,156,33.0726,33.9611,0.8885
100M,chip_325_316_merged.tif,0.8,4,1011148128,156,31.4764,34.223,2.7465
100M,chip_326_499_merged.tif,0.2,0,1383504248,39,37.1286,39.6515,2.5229
100M,chip_326_499_merged.tif,0.2,1,1002897617,39,35.7809,39.7249,3.944
100M,chip_326_499_merged.tif,0.2,2,522952099,39,37.129,38.3529,1.2239
100M,chip_326_499_merged.tif,0.2,3,142345468,39,35.607,38.7258,3.1189
100M,chip_326_499_merged.tif,0.2,4,1809883598,39,35.6079,38.9619,3.354
100M,chip_326_499_merged.tif,0.4,0,318229178,78,35.4039,38.6008,3.1969
100M,chip_326_499_merged.tif,0.4,1,2085106195,78,35.6694,38.7801,3.1107
100M,chip_326_499_merged.tif,0.4,2,1704499564,78,35.6696,38.0275,2.358
100M,chip_326_499_merged.tif,0.4,3,1224554046,78,35.5043,38.2116,2.7073
100M,chip_326_499_merged.tif,0.4,4,843947415,78,35.6109,39.458,3.8471
100M,chip_326_499_merged.tif,0.6,0,479590708,117,34.8513,37.2658,2.4146
100M,chip_326_499_merged.tif,0.6,1,2147128838,117,34.3352,37.1913,2.856
100M,chip_326_499_merged.tif,0.6,2,1766522207,117,35.2501,37.9859,2.7358
100M,chip_326_499_merged.tif,0.6,3,1286576689,117,34.5152,38.5053,3.9901
100M,chip_326_499_merged.tif,0.6,4,905970058,117,34.9841,39.0386,4.0545
100M,chip_326_499_merged.tif,0.8,0,2144482160,156,34.4719,36.6215,2.1496
100M,chip_326_499_merged.tif,0.8,1,1664536642,156,35.0593,37.0677,2.0083
100M,chip_326_499_merged.tif,0.8,2,1283930011,156,35.2643,36.5012,1.2369
100M,chip_326_499_merged.tif,0.8,3,903323380,156,34.7738,35.4734,0.6995
100M,chip_326_499_merged.tif,0.8,4,423377862,156,34.8651,36.82,1.9549
100M,chip_327_511_merged.tif,0.2,0,549612555,39,33.6175,36.2604,2.6429
100M,chip_327_511_merged.tif,0.2,1,69667037,39,33.2683,34.5681,1.2998
100M,chip_327_511_merged.tif,0.2,2,1836544054,39,32.0044,35.4676,3.4632
100M,chip_327_511_merged.tif,0.2,3,1356598536,39,34.4452,35.4088,0.9637
100M,chip_327_511_merged.tif,0.2,4,975991905,39,32.004,34.7852,2.7812
100M,chip_327_511_merged.tif,0.4,0,1631821133,78,32.4807,34.1516,1.6709
100M,chip_327_511_merged.tif,0.4,1,1251214502,78,33.4219,35.2196,1.7978
100M,chip_327_511_merged.tif,0.4,2,771268984,78,32.5396,35.1375,2.5979
100M,chip_327_511_merged.tif,0.4,3,390662353,78,32.2278,34.6707,2.4429
100M,chip_327_511_merged.tif,0.4,4,2058200483,78,32.5567,33.1322,0.5755
100M,chip_327_511_merged.tif,0.6,0,1693843776,117,29.7754,33.3772,3.6018
100M,chip_327_511_merged.tif,0.6,1,1313237145,117,31.4183,33.3162,1.8979
100M,chip_327_511_merged.tif,0.6,2,932630514,117,31.0481,33.6532,2.6051
100M,chip_327_511_merged.tif,0.6,3,452684996,117,32.7435,32.9562,0.2127
100M,chip_327_511_merged.tif,0.6,4,72078365,117,32.4086,32.9728,0.5642
100M,chip_327_511_merged.tif,0.8,0,1310590467,156,29.994,32.0973,2.1033
100M,chip_327_511_merged.tif,0.8,1,830644949,156,32.3965,32.1148,-0.2817
100M,chip_327_511_merged.tif,0.8,2,450038318,156,32.3877,31.9212,-0.4665
100M,chip_327_511_merged.tif,0.8,3,2117576448,156,31.2254,32.4001,1.1747
100M,chip_327_511_merged.tif,0.8,4,1736969817,156,32.385,32.5533,0.1683
100M,chip_327_516_merged.tif,0.2,0,116646332,39,33.7056,35.9663,2.2607
100M,chip_327_516_merged.tif,0.2,1,1784184462,39,32.7751,34.1938,1.4187
100M,chip_327_516_merged.tif,0.2,2,1403577831,39,33.3289,35.9099,2.581
100M,chip_327_516_merged.tif,0.2,3,1022971200,39,34.6519,36.3212,1.6693
100M,chip_327_516_merged.tif,0.2,4,543025682,39,32.3469,36.0803,3.7333
100M,chip_327_516_merged.tif,0.4,0,2103514647,78,31.6912,35.1772,3.486
100M,chip_327_516_merged.tif,0.4,1,1623569129,78,32.0219,35.0896,3.0677
100M,chip_327_516_merged.tif,0.4,2,1242962498,78,29.4299,34.8419,5.4119
100M,chip_327_516_merged.tif,0.4,3,763016980,78,32.7727,35.5323,2.7596
100M,chip_327_516_merged.tif,0.4,4,382410349,78,31.0522,35.9315,4.8793
100M,chip_327_516_merged.tif,0.6,0,1360216440,117,32.5733,34.5647,1.9914
100M,chip_327_516_merged.tif,0.6,1,880270922,117,30.0967,34.8136,4.7169
100M,chip_327_516_merged.tif,0.6,2,499664291,117,30.9023,34.1807,3.2784
100M,chip_327_516_merged.tif,0.6,3,19718773,117,30.8606,33.8253,2.9647
100M,chip_327_516_merged.tif,0.6,4,1786595790,117,30.8084,35.5944,4.7859
100M,chip_327_516_merged.tif,0.8,0,877624244,156,31.4774,33.0571,1.5797
100M,chip_327_516_merged.tif,0.8,1,397678726,156,31.4728,32.569,1.0962
100M,chip_327_516_merged.tif,0.8,2,17072095,156,30.5199,32.4256,1.9057
100M,chip_327_516_merged.tif,0.8,3,1783949112,156,31.4296,32.5308,1.1012
100M,chip_327_516_merged.tif,0.8,4,1304003594,156,31.8476,32.9171,1.0696
100M,chip_329_493_merged.tif,0.2,0,1900139972,39,36.2901,37.2724,0.9823
100M,chip_329_493_merged.tif,0.2,1,1519533341,39,36.5357,35.6546,-0.8811
100M,chip_329_493_merged.tif,0.2,2,1138926710,39,35.4513,37.7282,2.2769
100M,chip_329_493_merged.tif,0.2,3,658981192,39,35.4837,37.4428,1.959
100M,chip_329_493_merged.tif,0.2,4,278374561,39,34.8476,38.5393,3.6916
100M,chip_329_493_merged.tif,0.4,0,934203789,78,34.9174,37.5614,2.644
100M,chip_329_493_merged.tif,0.4,1,454258271,78,34.8412,37.5306,2.6894
100M,chip_329_493_merged.tif,0.4,2,73651640,78,34.4569,37.387,2.93
100M,chip_329_493_merged.tif,0.4,3,1840528657,78,34.7378,37.0034,2.2655
100M,chip_329_493_merged.tif,0.4,4,1360583139,78,34.9189,37.2438,2.3249
100M,chip_329_493_merged.tif,0.6,0,996226432,117,34.8964,37.277,2.3806
100M,chip_329_493_merged.tif,0.6,1,615619801,117,35.0118,35.0368,0.0251
100M,chip_329_493_merged.tif,0.6,2,135674283,117,34.8762,35.8651,0.989
100M,chip_329_493_merged.tif,0.6,3,1902551300,117,34.3806,36.0344,1.6538
100M,chip_329_493_merged.tif,0.6,4,1422605782,117,34.2182,36.7984,2.5802
100M,chip_329_493_merged.tif,0.8,0,513634236,156,34.0249,36.0385,2.0136
100M,chip_329_493_merged.tif,0.8,1,133027605,156,34.6293,34.3087,-0.3206
100M,chip_329_493_merged.tif,0.8,2,1800565735,156,35.0253,35.5137,0.4884
100M,chip_329_493_merged.tif,0.8,3,1419959104,156,34.9281,35.7526,0.8245
100M,chip_329_493_merged.tif,0.8,4,1039352473,156,34.999,34.3959,-0.6031
100M,chip_329_512_merged.tif,0.2,0,229478008,39,30.923,34.5051,3.5821
100M,chip_329_512_merged.tif,0.2,1,1897016138,39,32.025,35.1874,3.1624
100M,chip_329_512_merged.tif,0.2,2,1516409507,39,32.2714,34.663,2.3916
100M,chip_329_512_merged.tif,0.2,3,1135802876,39,32.3587,33.907,1.5484
100M,chip_329_512_merged.tif,0.2,4,655857358,39,29.8349,35.7183,5.8834
100M,chip_329_512_merged.tif,0.4,0,68862675,78,30.6969,34.2515,3.5547
100M,chip_329_512_merged.tif,0.4,1,1736400805,78,30.5477,34.6052,4.0574
100M,chip_329_512_merged.tif,0.4,2,1355794174,78,31.6782,34.0637,2.3855
100M,chip_329_512_merged.tif,0.4,3,875848656,78,31.6778,35.422,3.7441
100M,chip_329_512_merged.tif,0.4,4,495242025,78,29.4342,34.1725,4.7383
100M,chip_329_512_merged.tif,0.6,0,1473048116,117,31.4574,34.6715,3.2141
100M,chip_329_512_merged.tif,0.6,1,993102598,117,31.5748,33.892,2.3172
100M,chip_329_512_merged.tif,0.6,2,612495967,117,30.513,34.6403,4.1273
100M,chip_329_512_merged.tif,0.6,3,132550449,117,29.5406,32.3571,2.8165
100M,chip_329_512_merged.tif,0.6,4,1899427466,117,30.6457,33.6354,2.9897
100M,chip_329_512_merged.tif,0.8,0,990455920,156,30.7674,32.9356,2.1682
100M,chip_329_512_merged.tif,0.8,1,510510402,156,30.155,32.4295,2.2745
100M,chip_329_512_merged.tif,0.8,2,129903771,156,30.7076,32.4603,1.7527
100M,chip_329_512_merged.tif,0.8,3,1896780788,156,29.5261,32.7295,3.2034
100M,chip_329_512_merged.tif,0.8,4,1416835270,156,30.7899,31.5959,0.806
100M,chip_330_499_merged.tif,0.2,0,1715311891,39,36.8345,38.3461,1.5116
100M,chip_330_499_merged.tif,0.2,1,1334705260,39,35.5301,38.1901,2.6601
100M,chip_330_499_merged.tif,0.2,2,854759742,39,35.2421,38.084,2.8419
100M,chip_330_499_merged.tif,0.2,3,474153111,39,37.5853,38.6692,1.0839
100M,chip_330_499_merged.tif,0.2,4,93546480,39,36.3192,38.5901,2.2709
100M,chip_330_499_merged.tif,0.4,0,749375708,78,35.7241,38.1644,2.4403
100M,chip_330_499_merged.tif,0.4,1,269430190,78,35.7229,38.0079,2.2849
100M,chip_330_499_merged.tif,0.4,2,2036307207,78,35.9107,38.3458,2.4351
100M,chip_330_499_merged.tif,0.4,3,1655700576,78,35.0587,37.1974,2.1387
100M,chip_330_499_merged.tif,0.4,4,1175755058,78,35.7266,37.2155,1.489
100M,chip_330_499_merged.tif,0.6,0,811398351,117,36.0728,37.1366,1.0637
100M,chip_330_499_merged.tif,0.6,1,430791720,117,35.6309,36.4367,0.8058
100M,chip_330_499_merged.tif,0.6,2,2098329850,117,35.3682,37.0721,1.7039
100M,chip_330_499_merged.tif,0.6,3,1717723219,117,35.7144,37.218,1.5036
100M,chip_330_499_merged.tif,0.6,4,1237777701,117,35.6275,36.4683,0.8409
100M,chip_330_499_merged.tif,0.8,0,1722689827,156,35.2185,36.0433,0.8249
100M,chip_330_499_merged.tif,0.8,1,1242744309,156,36.0708,36.691,0.6202
100M,chip_330_499_merged.tif,0.8,2,862137678,156,35.2168,36.7891,1.5723
100M,chip_330_499_merged.tif,0.8,3,382192160,156,35.0769,36.5351,1.4582
100M,chip_330_499_merged.tif,0.8,4,1585529,156,35.2336,35.3402,0.1066
100M,chip_331_495_merged.tif,0.2,0,1819702096,39,34.9311,39.7232,4.792
100M,chip_331_495_merged.tif,0.2,1,1439095465,39,36.2692,39.1795,2.9103
100M,chip_331_495_merged.tif,0.2,2,1058488834,39,35.8582,38.8869,3.0287
100M,chip_331_495_merged.tif,0.2,3,578543316,39,35.7421,39.0141,3.272
100M,chip_331_495_merged.tif,0.2,4,197936685,39,36.2704,39.1826,2.9121
100M,chip_331_495_merged.tif,0.4,0,853765913,78,34.9319,38.9588,4.0269
100M,chip_331_495_merged.tif,0.4,1,373820395,78,34.7213,38.5492,3.8279
100M,chip_331_495_merged.tif,0.4,2,2140697412,78,35.8025,38.6324,2.8299
100M,chip_331_495_merged.tif,0.4,3,1760090781,78,35.1393,38.4737,3.3345
100M,chip_331_495_merged.tif,0.4,4,1280145263,78,34.933,38.6711,3.7381
100M,chip_331_495_merged.tif,0.6,0,915788556,117,34.7325,38.0891,3.3566
100M,chip_331_495_merged.tif,0.6,1,535181925,117,34.3126,37.114,2.8014
100M,chip_331_495_merged.tif,0.6,2,55236407,117,34.1506,37.7197,3.5692
100M,chip_331_495_merged.tif,0.6,3,1822113424,117,34.4021,37.9606,3.5586
100M,chip_331_495_merged.tif,0.6,4,1342167906,117,34.1373,36.6589,2.5216
100M,chip_331_495_merged.tif,0.8,0,433196360,156,34.7302,35.9958,1.2656
100M,chip_331_495_merged.tif,0.8,1,52589729,156,34.3196,35.8427,1.5231
100M,chip_331_495_merged.tif,0.8,2,1720127859,156,34.7492,36.5334,1.7843
100M,chip_331_495_merged.tif,0.8,3,1339521228,156,34.292,36.9227,2.6306
100M,chip_331_495_merged.tif,0.8,4,958914597,156,34.6891,35.7495,1.0604
100M,chip_332_499_merged.tif,0.2,0,1313649359,39,37.478,36.4615,-1.0164
100M,chip_332_499_merged.tif,0.2,1,833703841,39,35.2611,36.6725,1.4114
100M,chip_332_499_merged.tif,0.2,2,453097210,39,35.9819,37.5523,1.5704
100M,chip_332_499_merged.tif,0.2,3,2120635340,39,36.5885,37.1511,0.5626
100M,chip_332_499_merged.tif,0.2,4,1740028709,39,34.4263,36.6741,2.2478
100M,chip_332_499_merged.tif,0.4,0,1053695139,78,36.5378,35.9325,-0.6053
100M,chip_332_499_merged.tif,0.4,1,673088508,78,35.1901,36.8409,1.6508
100M,chip_332_499_merged.tif,0.4,2,292481877,78,33.7268,36.1742,2.4474
100M,chip_332_499_merged.tif,0.4,3,1960020007,78,35.0845,35.9895,0.905
100M,chip_332_499_merged.tif,0.4,4,1579413376,78,35.2245,36.2803,1.0558
100M,chip_332_499_merged.tif,0.6,0,409735819,117,34.1799,36.044,1.8642
100M,chip_332_499_merged.tif,0.6,1,2077273949,117,34.3234,35.7526,1.4291
100M,chip_332_499_merged.tif,0.6,2,1696667318,117,34.3605,35.3047,0.9442
100M,chip_332_499_merged.tif,0.6,3,1216721800,117,35.1131,36.191,1.0779
100M,chip_332_499_merged.tif,0.6,4,836115169,117,35.299,35.4314,0.1324
100M,chip_332_499_merged.tif,0.8,0,2074627271,156,34.7731,35.0582,0.2851
100M,chip_332_499_merged.tif,0.8,1,1594681753,156,35.1532,35.6673,0.5141
100M,chip_332_499_merged.tif,0.8,2,1214075122,156,33.7919,35.2597,1.4677
100M,chip_332_499_merged.tif,0.8,3,734129604,156,34.3023,34.6813,0.379
100M,chip_332_499_merged.tif,0.8,4,353522973,156,34.2823,35.9117,1.6294
100M,chip_333_509_merged.tif,0.2,0,1938949949,39,31.9443,33.9015,1.9572
100M,chip_333_509_merged.tif,0.2,1,1558343318,39,33.1027,35.6833,2.5806
100M,chip_333_509_merged.tif,0.2,2,1177736687,39,32.1474,33.8109,1.6635
100M,chip_333_509_merged.tif,0.2,3,697791169,39,32.5044,34.6413,2.137
100M,chip_333_509_merged.tif,0.2,4,317184538,39,30.59,34.1326,3.5426
100M,chip_333_509_merged.tif,0.4,0,973013766,78,30.4502,33.3532,2.903
100M,chip_333_509_merged.tif,0.4,1,592407135,78,29.0695,34.07,5.0005
100M,chip_333_509_merged.tif,0.4,2,112461617,78,29.5624,34.4042,4.8418
100M,chip_333_509_merged.tif,0.4,3,1879338634,78,30.8291,34.2643,3.4352
100M,chip_333_509_merged.tif,0.4,4,1399393116,78,28.6437,34.2704,5.6267
100M,chip_333_509_merged.tif,0.6,0,1082654422,117,29.018,33.1606,4.1426
100M,chip_333_509_merged.tif,0.6,1,602708904,117,30.1368,32.1253,1.9885
100M,chip_333_509_merged.tif,0.6,2,222102273,117,29.4357,32.6388,3.2031
100M,chip_333_509_merged.tif,0.6,3,1988979290,117,30.2446,33.2386,2.9941
100M,chip_333_509_merged.tif,0.6,4,1509033772,117,30.3948,33.1334,2.7387
100M,chip_333_509_merged.tif,0.8,0,1894607011,156,29.5725,31.6197,2.0472
100M,chip_333_509_merged.tif,0.8,1,1514000380,156,28.6967,31.4558,2.7591
100M,chip_333_509_merged.tif,0.8,2,1034054862,156,29.5201,31.8424,2.3223
100M,chip_333_509_merged.tif,0.8,3,653448231,156,28.3014,30.5084,2.207
100M,chip_333_509_merged.tif,0.8,4,272841600,156,29.1143,32.4501,3.3358
100M,chip_333_515_merged.tif,0.2,0,646854201,39,33.7633,35.7145,1.9512
100M,chip_333_515_merged.tif,0.2,1,266247570,39,33.8072,36.6392,2.832
100M,chip_333_515_merged.tif,0.2,2,2033124587,39,33.7083,36.7376,3.0293
100M,chip_333_515_merged.tif,0.2,3,1553179069,39,35.8088,35.9889,0.1802
100M,chip_333_515_merged.tif,0.2,4,1172572438,39,34.3451,36.5993,2.2541
100M,chip_333_515_merged.tif,0.4,0,486238868,78,33.8267,36.1091,2.2825
100M,chip_333_515_merged.tif,0.4,1,105632237,78,33.6268,35.7463,2.1195
100M,chip_333_515_merged.tif,0.4,2,1773170367,78,32.5372,36.2144,3.6772
100M,chip_333_515_merged.tif,0.4,3,1392563736,78,33.6263,36.5609,2.9346
100M,chip_333_515_merged.tif,0.4,4,912618218,78,33.8265,36.5604,2.7339
100M,chip_333_515_merged.tif,0.6,0,1890424309,117,33.0911,35.0847,1.9937
100M,chip_333_515_merged.tif,0.6,1,1509817678,117,33.4852,34.6542,1.169
100M,chip_333_515_merged.tif,0.6,2,1029872160,117,33.1808,34.955,1.7742
100M,chip_333_515_merged.tif,0.6,3,649265529,117,33.0251,34.9572,1.9321
100M,chip_333_515_merged.tif,0.6,4,169320011,117,33.2154,34.9703,1.755
100M,chip_333_515_merged.tif,0.8,0,1407832113,156,32.7278,34.2114,1.4836
100M,chip_333_515_merged.tif,0.8,1,1027225482,156,32.0163,34.0197,2.0034
100M,chip_333_515_merged.tif,0.8,2,646618851,156,32.9167,34.0458,1.1291
100M,chip_333_515_merged.tif,0.8,3,166673333,156,32.743,34.6991,1.9561
100M,chip_333_515_merged.tif,0.8,4,1933550350,156,31.913,34.3888,2.4758
100M,chip_341_499_merged.tif,0.2,0,1876873557,39,41.1046,42.6594,1.5548
100M,chip_341_499_merged.tif,0.2,1,1396928039,39,41.3237,42.1302,0.8066
100M,chip_341_499_merged.tif,0.2,2,1016321408,39,37.9646,43.042,5.0774
100M,chip_341_499_merged.tif,0.2,3,536375890,39,40.0558,42.3761,2.3203
100M,chip_341_499_merged.tif,0.2,4,155769259,39,42.2587,42.0209,-0.2378
100M,chip_341_499_merged.tif,0.4,0,1716258224,78,37.7669,41.8583,4.0914
100M,chip_341_499_merged.tif,0.4,1,1236312706,78,41.1857,41.699,0.5132
100M,chip_341_499_merged.tif,0.4,2,855706075,78,40.3649,41.9359,1.571
100M,chip_341_499_merged.tif,0.4,3,375760557,78,39.4103,42.1144,2.7041
100M,chip_341_499_merged.tif,0.4,4,2142637574,78,41.0314,41.8658,0.8344
100M,chip_341_499_merged.tif,0.6,0,972960017,117,38.676,41.4183,2.7423
100M,chip_341_499_merged.tif,0.6,1,493014499,117,38.4747,42.1526,3.678
100M,chip_341_499_merged.tif,0.6,2,112407868,117,38.7854,41.8455,3.0602
100M,chip_341_499_merged.tif,0.6,3,1779945998,117,38.6782,41.4913,2.8131
100M,chip_341_499_merged.tif,0.6,4,1399339367,117,40.4325,42.068,1.6355
100M,chip_341_499_merged.tif,0.8,0,490367821,156,39.4505,40.982,1.5314
100M,chip_341_499_merged.tif,0.8,1,10422303,156,39.8256,40.9974,1.1717
100M,chip_341_499_merged.tif,0.8,2,1777299320,156,39.0209,41.4016,2.3806
100M,chip_341_499_merged.tif,0.8,3,1297353802,156,38.7234,40.9792,2.2558
100M,chip_341_499_merged.tif,0.8,4,916747171,156,39.4644,40.9791,1.5147
100M,chip_341_534_merged.tif,0.2,0,23190976,39,31.554,35.2062,3.6522
100M,chip_341_534_merged.tif,0.2,1,1690729106,39,35.566,36.6283,1.0623
100M,chip_341_534_merged.tif,0.2,2,1310122475,39,31.9901,38.7142,6.7241
100M,chip_341_534_merged.tif,0.2,3,830176957,39,30.1323,37.1396,7.0074
100M,chip_341_534_merged.tif,0.2,4,449570326,39,35.5659,37.2093,1.6434
100M,chip_341_534_merged.tif,0.4,0,1105399554,78,32.6693,35.2336,2.5643
100M,chip_341_534_merged.tif,0.4,1,724792923,78,33.286,33.0218,-0.2642
100M,chip_341_534_merged.tif,0.4,2,244847405,78,31.1894,35.425,4.2357
100M,chip_341_534_merged.tif,0.4,3,2011724422,78,33.5058,34.1029,0.5971
100M,chip_341_534_merged.tif,0.4,4,1631117791,78,33.4606,35.4373,1.9767
100M,chip_341_534_merged.tif,0.6,0,1266761084,117,32.6304,34.8547,2.2243
100M,chip_341_534_merged.tif,0.6,1,786815566,117,32.6216,33.8649,1.2434
100M,chip_341_534_merged.tif,0.6,2,406208935,117,30.8103,34.7117,3.9014
100M,chip_341_534_merged.tif,0.6,3,2073747065,117,31.1952,34.2912,3.0959
100M,chip_341_534_merged.tif,0.6,4,1693140434,117,30.8408,32.7352,1.8944
100M,chip_341_534_merged.tif,0.8,0,784168888,156,31.6312,32.594,0.9628
100M,chip_341_534_merged.tif,0.8,1,304223370,156,31.3704,33.5727,2.2022
100M,chip_341_534_merged.tif,0.8,2,2071100387,156,31.5943,34.0406,2.4464
100M,chip_341_534_merged.tif,0.8,3,1591154869,156,31.498,33.302,1.804
100M,chip_341_534_merged.tif,0.8,4,1210548238,156,30.7635,33.1186,2.3551
100M,chip_351_393_merged.tif,0.2,0,1399459667,39,33.3281,36.6618,3.3337
100M,chip_351_393_merged.tif,0.2,1,919514149,39,33.6308,38.483,4.8522
100M,chip_351_393_merged.tif,0.2,2,538907518,39,34.3753,35.6837,1.3083
100M,chip_351_393_merged.tif,0.2,3,158300887,39,31.9505,36.2225,4.272
100M,chip_351_393_merged.tif,0.2,4,1825839017,39,35.0142,34.4203,-0.5939
100M,chip_351_393_merged.tif,0.4,0,1238844334,78,33.2325,35.2642,2.0317
100M,chip_351_393_merged.tif,0.4,1,758898816,78,32.9148,36.5698,3.655
100M,chip_351_393_merged.tif,0.4,2,378292185,78,32.8348,36.6591,3.8243
100M,chip_351_393_merged.tif,0.4,3,2045830315,78,34.0414,35.9729,1.9315
100M,chip_351_393_merged.tif,0.4,4,1665223684,78,34.3241,35.4918,1.1677
100M,chip_351_393_merged.tif,0.6,0,495546127,117,33.5907,35.5366,1.9459
100M,chip_351_393_merged.tif,0.6,1,15600609,117,32.2905,34.7474,2.4569
100M,chip_351_393_merged.tif,0.6,2,1782477626,117,33.5446,34.6544,1.1098
100M,chip_351_393_merged.tif,0.6,3,1302532108,117,33.3744,32.6989,-0.6754
100M,chip_351_393_merged.tif,0.6,4,921925477,117,33.7901,33.4379,-0.3522
100M,chip_351_393_merged.tif,0.8,0,12953931,156,30.9571,33.4138,2.4567
100M,chip_351_393_merged.tif,0.8,1,1680492061,156,31.7345,33.5963,1.8618
100M,chip_351_393_merged.tif,0.8,2,1299885430,156,32.9023,33.7248,0.8225
100M,chip_351_393_merged.tif,0.8,3,919278799,156,30.8993,34.0099,3.1106
100M,chip_351_393_merged.tif,0.8,4,439333281,156,30.8851,31.8936,1.0085
100M,chip_351_539_merged.tif,0.2,0,2053707570,39,35.6927,38.4662,2.7734
100M,chip_351_539_merged.tif,0.2,1,1673100939,39,35.7506,38.8618,3.1113
100M,chip_351_539_merged.tif,0.2,2,1193155421,39,36.3906,39.1061,2.7155
100M,chip_351_539_merged.tif,0.2,3,812548790,39,34.7453,39.9012,5.1559
100M,chip_351_539_merged.tif,0.2,4,431942159,39,36.8407,38.7777,1.937
100M,chip_351_539_merged.tif,0.4,0,1087771387,78,36.4644,38.4512,1.9869
100M,chip_351_539_merged.tif,0.4,1,607825869,78,35.1904,37.8057,2.6153
100M,chip_351_539_merged.tif,0.4,2,227219238,78,34.2138,37.9855,3.7717
100M,chip_351_539_merged.tif,0.4,3,1994096255,78,33.8418,37.4634,3.6217
100M,chip_351_539_merged.tif,0.4,4,1514150737,78,35.8369,38.5073,2.6705
100M,chip_351_539_merged.tif,0.6,0,1149794030,117,34.4083,37.739,3.3306
100M,chip_351_539_merged.tif,0.6,1,769187399,117,36.0353,37.1526,1.1173
100M,chip_351_539_merged.tif,0.6,2,289241881,117,32.7702,37.7812,5.0111
100M,chip_351_539_merged.tif,0.6,3,2056118898,117,32.0823,38.3547,6.2724
100M,chip_351_539_merged.tif,0.6,4,1576173380,117,34.6112,37.7248,3.1137
100M,chip_351_539_merged.tif,0.8,0,667201834,156,33.7611,36.7892,3.028
100M,chip_351_539_merged.tif,0.8,1,286595203,156,31.5871,36.7554,5.1683
100M,chip_351_539_merged.tif,0.8,2,1954133333,156,33.7744,36.1601,2.3857
100M,chip_351_539_merged.tif,0.8,3,1573526702,156,35.5134,36.3074,0.794
100M,chip_351_539_merged.tif,0.8,4,1192920071,156,35.5161,36.0982,0.5821
100M,chip_354_327_merged.tif,0.2,0,2038869170,39,34.4638,37.4206,2.9568
100M,chip_354_327_merged.tif,0.2,1,1658262539,39,34.4913,37.9076,3.4164
100M,chip_354_327_merged.tif,0.2,2,1178317021,39,35.0344,36.7396,1.7052
100M,chip_354_327_merged.tif,0.2,3,797710390,39,33.9436,37.2385,3.2948
100M,chip_354_327_merged.tif,0.2,4,317764872,39,34.2328,36.5201,2.2873
100M,chip_354_327_merged.tif,0.4,0,1878253837,78,34.409,36.7464,2.3374
100M,chip_354_327_merged.tif,0.4,1,1398308319,78,34.2473,37.0574,2.8101
100M,chip_354_327_merged.tif,0.4,2,1017701688,78,34.3658,37.097,2.7312
100M,chip_354_327_merged.tif,0.4,3,637095057,78,33.9884,36.3139,2.3256
100M,chip_354_327_merged.tif,0.4,4,157149539,78,34.3665,36.1971,1.8307
100M,chip_354_327_merged.tif,0.6,0,1134955630,117,33.9298,35.9408,2.011
100M,chip_354_327_merged.tif,0.6,1,655010112,117,34.3913,36.5501,2.1588
100M,chip_354_327_merged.tif,0.6,2,274403481,117,33.2805,35.8364,2.556
100M,chip_354_327_merged.tif,0.6,3,2041280498,117,33.2869,35.9366,2.6497
100M,chip_354_327_merged.tif,0.6,4,1561334980,117,33.9368,36.242,2.3052
100M,chip_354_327_merged.tif,0.8,0,652363434,156,34.3198,34.9444,0.6247
100M,chip_354_327_merged.tif,0.8,1,271756803,156,33.3659,35.1037,1.7378
100M,chip_354_327_merged.tif,0.8,2,1939294933,156,33.3241,35.1768,1.8527
100M,chip_354_327_merged.tif,0.8,3,1558688302,156,33.3641,34.6954,1.3314
100M,chip_354_327_merged.tif,0.8,4,1078742784,156,33.3118,35.3797,2.068
100M,chip_357_370_merged.tif,0.2,0,60003936,39,32.743,37.273,4.5299
100M,chip_357_370_merged.tif,0.2,1,1826880953,39,30.9722,36.9639,5.9917
100M,chip_357_370_merged.tif,0.2,2,1346935435,39,35.3781,37.2113,1.8332
100M,chip_357_370_merged.tif,0.2,3,966328804,39,32.7433,36.1718,3.4284
100M,chip_357_370_merged.tif,0.2,4,585722173,39,32.0392,36.564,4.5248
100M,chip_357_370_merged.tif,0.4,0,2046872251,78,32.9998,36.3757,3.3759
100M,chip_357_370_merged.tif,0.4,1,1666265620,78,31.865,35.9733,4.1084
100M,chip_357_370_merged.tif,0.4,2,1186320102,78,31.8652,35.8308,3.9656
100M,chip_357_370_merged.tif,0.4,3,805713471,78,31.7595,37.1536,5.394
100M,chip_357_370_merged.tif,0.4,4,325767953,78,32.0591,35.9791,3.92
100M,chip_357_370_merged.tif,0.6,0,9029259,117,32.6321,34.4012,1.7691
100M,chip_357_370_merged.tif,0.6,1,1676567389,117,32.106,35.3283,3.2223
100M,chip_357_370_merged.tif,0.6,2,1295960758,117,31.8573,34.8547,2.9974
100M,chip_357_370_merged.tif,0.6,3,915354127,117,32.0129,36.19,4.1771
100M,chip_357_370_merged.tif,0.6,4,435408609,117,31.8577,35.6927,3.835
100M,chip_357_370_merged.tif,0.8,0,820981848,156,30.9019,33.0375,2.1356
100M,chip_357_370_merged.tif,0.8,1,440375217,156,30.772,32.2238,1.4518
100M,chip_357_370_merged.tif,0.8,2,2107913347,156,30.7397,33.915,3.1753
100M,chip_357_370_merged.tif,0.8,3,1727306716,156,31.3258,33.0944,1.7686
100M,chip_357_370_merged.tif,0.8,4,1346700085,156,30.7394,34.2085,3.4691
100M,chip_363_321_merged.tif,0.2,0,1710251430,39,38.0633,37.9204,-0.1429
100M,chip_363_321_merged.tif,0.2,1,1329644799,39,36.3443,38.5986,2.2543
100M,chip_363_321_merged.tif,0.2,2,849699281,39,36.1408,38.6908,2.55
100M,chip_363_321_merged.tif,0.2,3,469092650,39,36.3437,37.8751,1.5314
100M,chip_363_321_merged.tif,0.2,4,2136630780,39,37.7221,37.8174,0.0953
100M,chip_363_321_merged.tif,0.4,0,644976360,78,36.9572,37.9909,1.0337
100M,chip_363_321_merged.tif,0.4,1,264369729,78,37.1239,38.1134,0.9896
100M,chip_363_321_merged.tif,0.4,2,2031246746,78,36.8174,38.3988,1.5813
100M,chip_363_321_merged.tif,0.4,3,1551301228,78,36.9577,37.6572,0.6995
100M,chip_363_321_merged.tif,0.4,4,1170694597,78,37.0157,38.5096,1.4939
100M,chip_363_321_merged.tif,0.6,0,806337890,117,36.2522,37.8723,1.6201
100M,chip_363_321_merged.tif,0.6,1,326392372,117,36.7983,37.3449,0.5465
100M,chip_363_321_merged.tif,0.6,2,2093269389,117,36.4684,37.7229,1.2544
100M,chip_363_321_merged.tif,0.6,3,1712662758,117,35.9934,37.715,1.7215
100M,chip_363_321_merged.tif,0.6,4,1232717240,117,36.8459,37.6352,0.7893
100M,chip_363_321_merged.tif,0.8,0,323745694,156,36.3537,37.1614,0.8077
100M,chip_363_321_merged.tif,0.8,1,2090622711,156,36.4522,37.1668,0.7146
100M,chip_363_321_merged.tif,0.8,2,1610677193,156,36.2723,37.0797,0.8074
100M,chip_363_321_merged.tif,0.8,3,1230070562,156,36.3567,36.9379,0.5812
100M,chip_363_321_merged.tif,0.8,4,750125044,156,35.9476,37.0809,1.1333
100M,chip_365_309_merged.tif,0.2,0,666759313,39,35.7728,41.3006,5.5278
100M,chip_365_309_merged.tif,0.2,1,186813795,39,36.0172,40.2829,4.2657
100M,chip_365_309_merged.tif,0.2,2,1953690812,39,35.0457,37.9019,2.8561
100M,chip_365_309_merged.tif,0.2,3,1473745294,39,35.12,40.598,5.478
100M,chip_365_309_merged.tif,0.2,4,1093138663,39,36.9986,38.2451,1.2465
100M,chip_365_309_merged.tif,0.4,0,406805093,78,35.0301,39.0211,3.991
100M,chip_365_309_merged.tif,0.4,1,26198462,78,35.4541,37.187,1.7329
100M,chip_365_309_merged.tif,0.4,2,1693736592,78,35.4539,37.7094,2.2555
100M,chip_365_309_merged.tif,0.4,3,1313129961,78,36.5288,39.6716,3.1428
100M,chip_365_309_merged.tif,0.4,4,932523330,78,37.4901,39.3894,1.8993
100M,chip_365_309_merged.tif,0.6,0,1810990534,117,34.8089,37.0197,2.2109
100M,chip_365_309_merged.tif,0.6,1,1430383903,117,37.2925,38.6802,1.3877
100M,chip_365_309_merged.tif,0.6,2,1049777272,117,33.8267,37.937,4.1103
100M,chip_365_309_merged.tif,0.6,3,569831754,117,34.7362,37.4897,2.7536
100M,chip_365_309_merged.tif,0.6,4,189225123,117,37.29,37.1892,-0.1008
100M,chip_365_309_merged.tif,0.8,0,574798362,156,35.0048,38.9683,3.9635
100M,chip_365_309_merged.tif,0.8,1,94852844,156,33.977,38.1631,4.1862
100M,chip_365_309_merged.tif,0.8,2,1861729861,156,34.2783,38.1358,3.8574
100M,chip_365_309_merged.tif,0.8,3,1481123230,156,35.0236,35.733,0.7094
100M,chip_365_309_merged.tif,0.8,4,1001177712,156,34.9942,36.8339,1.8397
100M,chip_366_348_merged.tif,0.2,0,2108565301,39,38.0213,40.2418,2.2205
100M,chip_366_348_merged.tif,0.2,1,1727958670,39,41.7983,41.3184,-0.4799
100M,chip_366_348_merged.tif,0.2,2,1248013152,39,39.4794,40.8712,1.3918
100M,chip_366_348_merged.tif,0.2,3,867406521,39,36.6751,41.4434,4.7683
100M,chip_366_348_merged.tif,0.2,4,387461003,39,38.4073,40.2809,1.8736
100M,chip_366_348_merged.tif,0.4,0,1043290231,78,38.1932,40.331,2.1378
100M,chip_366_348_merged.tif,0.4,1,662683600,78,38.3993,39.8572,1.4579
100M,chip_366_348_merged.tif,0.4,2,282076969,78,36.5763,41.0186,4.4423
100M,chip_366_348_merged.tif,0.4,3,1949615099,78,36.4539,39.2552,2.8013
100M,chip_366_348_merged.tif,0.4,4,1569008468,78,35.3281,40.2359,4.9079
100M,chip_366_348_merged.tif,0.6,0,1204651761,117,34.0397,38.9746,4.9349
100M,chip_366_348_merged.tif,0.6,1,724706243,117,35.072,38.8904,3.8184
100M,chip_366_348_merged.tif,0.6,2,344099612,117,37.2108,39.3041,2.0933
100M,chip_366_348_merged.tif,0.6,3,2110976629,117,34.7139,39.8165,5.1026
100M,chip_366_348_merged.tif,0.6,4,1631031111,117,36.6215,38.315,1.6935
100M,chip_366_348_merged.tif,0.8,0,722059565,156,36.483,35.5383,-0.9447
100M,chip_366_348_merged.tif,0.8,1,341452934,156,35.0596,38.7679,3.7083
100M,chip_366_348_merged.tif,0.8,2,2008991064,156,34.7282,38.2305,3.5022
100M,chip_366_348_merged.tif,0.8,3,1628384433,156,36.8791,38.0204,1.1413
100M,chip_366_348_merged.tif,0.8,4,1148438915,156,34.1397,37.6642,3.5245
100M,chip_366_355_merged.tif,0.2,0,819026546,39,40.4589,40.895,0.4361
100M,chip_366_355_merged.tif,0.2,1,339081028,39,37.2211,42.6139,5.3928
100M,chip_366_355_merged.tif,0.2,2,2105958045,39,44.9509,44.3663,-0.5846
100M,chip_366_355_merged.tif,0.2,3,1725351414,39,44.9516,41.5319,-3.4197
100M,chip_366_355_merged.tif,0.2,4,1245405896,39,37.2208,43.2568,6.0361
100M,chip_366_355_merged.tif,0.4,0,658411213,78,42.4401,41.0227,-1.4174
100M,chip_366_355_merged.tif,0.4,1,178465695,78,37.4072,42.4057,4.9985
100M,chip_366_355_merged.tif,0.4,2,1945342712,78,37.3081,40.6248,3.3167
100M,chip_366_355_merged.tif,0.4,3,1465397194,78,37.4141,40.3404,2.9264
100M,chip_366_355_merged.tif,0.4,4,1084790563,78,40.4235,40.3021,-0.1214
100M,chip_366_355_merged.tif,0.6,0,2062596654,117,40.7135,40.5765,-0.137
100M,chip_366_355_merged.tif,0.6,1,1582651136,117,38.341,40.3412,2.0002
100M,chip_366_355_merged.tif,0.6,2,1202044505,117,37.7457,41.6693,3.9236
100M,chip_366_355_merged.tif,0.6,3,722098987,117,39.8423,40.9958,1.1535
100M,chip_366_355_merged.tif,0.6,4,341492356,117,40.7073,41.2252,0.5179
100M,chip_366_355_merged.tif,0.8,0,1580004458,156,38.7371,40.5962,1.8591
100M,chip_366_355_merged.tif,0.8,1,1100058940,156,38.7519,40.3131,1.5612
100M,chip_366_355_merged.tif,0.8,2,719452309,156,37.9282,39.9562,2.028
100M,chip_366_355_merged.tif,0.8,3,338845678,156,38.7511,39.7118,0.9607
100M,chip_366_355_merged.tif,0.8,4,2006383808,156,38.4278,39.5236,1.0958
100M,chip_370_342_merged.tif,0.2,0,331419987,39,38.0396,41.7601,3.7206
100M,chip_370_342_merged.tif,0.2,1,1998958117,39,40.0306,41.1239,1.0933
100M,chip_370_342_merged.tif,0.2,2,1618351486,39,33.1005,41.4814,8.3809
100M,chip_370_342_merged.tif,0.2,3,1138405968,39,40.0302,41.3278,1.2976
100M,chip_370_342_merged.tif,0.2,4,757799337,39,33.1725,41.3096,8.1371
100M,chip_370_342_merged.tif,0.4,0,71465767,78,37.8158,40.2263,2.4105
100M,chip_370_342_merged.tif,0.4,1,1838342784,78,38.2216,41.474,3.2524
100M,chip_370_342_merged.tif,0.4,2,1358397266,78,35.2468,39.6595,4.4128
100M,chip_370_342_merged.tif,0.4,3,977790635,78,38.9728,39.6695,0.6967
100M,chip_370_342_merged.tif,0.4,4,597184004,78,38.9717,39.675,0.7032
100M,chip_370_342_merged.tif,0.6,0,1475651208,117,36.1575,38.9328,2.7753
100M,chip_370_342_merged.tif,0.6,1,1095044577,117,38.4141,39.6231,1.209
100M,chip_370_342_merged.tif,0.6,2,615099059,117,35.7897,38.8172,3.0275
100M,chip_370_342_merged.tif,0.6,3,234492428,117,38.4801,40.4055,1.9253
100M,chip_370_342_merged.tif,0.6,4,2001369445,117,36.1502,40.3965,4.2464
100M,chip_370_342_merged.tif,0.8,0,1092397899,156,36.2686,39.3049,3.0363
100M,chip_370_342_merged.tif,0.8,1,612452381,156,35.7708,39.2391,3.4683
100M,chip_370_342_merged.tif,0.8,2,231845750,156,36.3002,37.4073,1.1071
100M,chip_370_342_merged.tif,0.8,3,1899383880,156,36.5432,38.6072,2.064
100M,chip_370_342_merged.tif,0.8,4,1518777249,156,35.7869,36.5618,0.7749
100M,chip_370_343_merged.tif,0.2,0,15342480,39,35.901,33.7251,-2.1759
100M,chip_370_343_merged.tif,0.2,1,1682880610,39,31.7968,36.6973,4.9005
100M,chip_370_343_merged.tif,0.2,2,1302273979,39,37.0051,36.7564,-0.2487
100M,chip_370_343_merged.tif,0.2,3,921667348,39,33.5599,38.4787,4.9188
100M,chip_370_343_merged.tif,0.2,4,441721830,39,36.9649,38.9671,2.0023
100M,chip_370_343_merged.tif,0.4,0,2002210795,78,32.5217,36.9635,4.4418
100M,chip_370_343_merged.tif,0.4,1,1522265277,78,32.5226,37.5724,5.0497
100M,chip_370_343_merged.tif,0.4,2,1141658646,78,35.8193,36.5726,0.7533
100M,chip_370_343_merged.tif,0.4,3,661713128,78,36.6208,35.1625,-1.4583
100M,chip_370_343_merged.tif,0.4,4,281106497,78,35.8203,34.8151,-1.0052
100M,chip_370_343_merged.tif,0.6,0,1258912588,117,32.4337,36.4741,4.0405
100M,chip_370_343_merged.tif,0.6,1,778967070,117,35.8995,35.3033,-0.5962
100M,chip_370_343_merged.tif,0.6,2,398360439,117,33.3678,36.35,2.9821
100M,chip_370_343_merged.tif,0.6,3,2065898569,117,32.2947,35.5968,3.3021
100M,chip_370_343_merged.tif,0.6,4,1685291938,117,34.2458,34.028,-0.2178
100M,chip_370_343_merged.tif,0.8,0,776320392,156,33.0301,32.8495,-0.1806
100M,chip_370_343_merged.tif,0.8,1,296374874,156,32.6515,33.9206,1.2691
100M,chip_370_343_merged.tif,0.8,2,2063251891,156,33.0449,34.4594,1.4145
100M,chip_370_343_merged.tif,0.8,3,1682645260,156,31.5141,34.2216,2.7075
100M,chip_370_343_merged.tif,0.8,4,1202699742,156,33.4285,33.6881,0.2597
100M,chip_370_348_merged.tif,0.2,0,1510048572,39,42.0638,43.9339,1.8701
100M,chip_370_348_merged.tif,0.2,1,1030103054,39,36.2656,43.2718,7.0062
100M,chip_370_348_merged.tif,0.2,2,649496423,39,41.2044,42.8597,1.6553
100M,chip_370_348_merged.tif,0.2,3,169550905,39,37.864,43.5035,5.6395
100M,chip_370_348_merged.tif,0.2,4,1936427922,39,42.0625,43.5174,1.4549
100M,chip_370_348_merged.tif,0.4,0,1250094352,78,40.9032,42.6075,1.7043
100M,chip_370_348_merged.tif,0.4,1,869487721,78,39.9411,42.8138,2.8726
100M,chip_370_348_merged.tif,0.4,2,389542203,78,38.928,41.676,2.748
100M,chip_370_348_merged.tif,0.4,3,8935572,78,35.2093,42.0303,6.821
100M,chip_370_348_merged.tif,0.4,4,1775812589,78,37.565,43.4904,5.9254
100M,chip_370_348_merged.tif,0.6,0,506796145,117,37.9565,41.5036,3.5471
100M,chip_370_348_merged.tif,0.6,1,126189514,117,37.9807,42.3888,4.4081
100M,chip_370_348_merged.tif,0.6,2,1793727644,117,38.5021,40.8193,2.3171
100M,chip_370_348_merged.tif,0.6,3,1413121013,117,38.1258,41.124,2.9982
100M,chip_370_348_merged.tif,0.6,4,1032514382,117,39.4078,38.7849,-0.6229
100M,chip_370_348_merged.tif,0.8,0,24203949,156,38.1233,38.9947,0.8714
100M,chip_370_348_merged.tif,0.8,1,1791080966,156,37.0906,39.2951,2.2045
100M,chip_370_348_merged.tif,0.8,2,1410474335,156,37.056,40.3944,3.3384
100M,chip_370_348_merged.tif,0.8,3,930528817,156,36.5486,38.8725,2.3239
100M,chip_370_348_merged.tif,0.8,4,549922186,156,37.6701,39.7022,2.032
100M,chip_373_294_merged.tif,0.2,0,709742904,39,34.5732,36.872,2.2988
100M,chip_373_294_merged.tif,0.2,1,329136273,39,34.7161,38.8224,4.1063
100M,chip_373_294_merged.tif,0.2,2,2096013290,39,34.3674,37.3622,2.9947
100M,chip_373_294_merged.tif,0.2,3,1616067772,39,34.9776,37.9552,2.9775
100M,chip_373_294_merged.tif,0.2,4,1235461141,39,34.7144,34.7934,0.079
100M,chip_373_294_merged.tif,0.4,0,1891290369,78,33.7745,39.101,5.3265
100M,chip_373_294_merged.tif,0.4,1,1411344851,78,34.1671,37.5386,3.3715
100M,chip_373_294_merged.tif,0.4,2,1030738220,78,34.5207,40.0938,5.5731
100M,chip_373_294_merged.tif,0.4,3,650131589,78,34.5234,36.6395,2.1161
100M,chip_373_294_merged.tif,0.4,4,170186071,78,34.5223,39.9243,5.402
100M,chip_373_294_merged.tif,0.6,0,1953313012,117,33.7798,36.4019,2.622
100M,chip_373_294_merged.tif,0.6,1,1572706381,117,34.5263,36.5609,2.0346
100M,chip_373_294_merged.tif,0.6,2,1092760863,117,34.3389,38.6996,4.3608
100M,chip_373_294_merged.tif,0.6,3,712154232,117,33.979,36.0213,2.0423
100M,chip_373_294_merged.tif,0.6,4,232208714,117,34.367,40.3019,5.9349
100M,chip_373_294_merged.tif,0.8,0,1470720816,156,34.2521,35.2811,1.0289
100M,chip_373_294_merged.tif,0.8,1,1090114185,156,34.0539,37.4371,3.3832
100M,chip_373_294_merged.tif,0.8,2,709507554,156,34.274,35.49,1.216
100M,chip_373_294_merged.tif,0.8,3,229562036,156,34.2329,36.8809,2.648
100M,chip_373_294_merged.tif,0.8,4,1996439053,156,34.0279,35.6273,1.5994
100M,chip_377_349_merged.tif,0.2,0,1319849621,39,35.3222,37.1072,1.785
100M,chip_377_349_merged.tif,0.2,1,939242990,39,35.3406,39.3741,4.0336
100M,chip_377_349_merged.tif,0.2,2,459297472,39,35.1928,37.7567,2.5639
100M,chip_377_349_merged.tif,0.2,3,78690841,39,40.0424,33.9005,-6.1419
100M,chip_377_349_merged.tif,0.2,4,1746228971,39,34.7229,38.0482,3.3253
100M,chip_377_349_merged.tif,0.4,0,353913438,78,32.2364,38.6177,6.3813
100M,chip_377_349_merged.tif,0.4,1,2021451568,78,35.3996,39.206,3.8064
100M,chip_377_349_merged.tif,0.4,2,1640844937,78,35.1082,39.5175,4.4093
100M,chip_377_349_merged.tif,0.4,3,1160899419,78,35.4001,38.2519,2.8518
100M,chip_377_349_merged.tif,0.4,4,780292788,78,35.7166,37.9892,2.2726
100M,chip_377_349_merged.tif,0.6,0,415936081,117,33.7765,35.7676,1.9911
100M,chip_377_349_merged.tif,0.6,1,2083474211,117,33.9175,37.0024,3.0848
100M,chip_377_349_merged.tif,0.6,2,1702867580,117,36.2491,37.5338,1.2847
100M,chip_377_349_merged.tif,0.6,3,1322260949,117,35.0811,34.3011,-0.78
100M,chip_377_349_merged.tif,0.6,4,842315431,117,32.9376,35.2838,2.3462
100M,chip_377_349_merged.tif,0.8,0,2080827533,156,33.4993,35.912,2.4128
100M,chip_377_349_merged.tif,0.8,1,1700220902,156,33.478,35.6393,2.1613
100M,chip_377_349_merged.tif,0.8,2,1220275384,156,33.4739,35.1098,1.636
100M,chip_377_349_merged.tif,0.8,3,839668753,156,33.8219,34.361,0.5391
100M,chip_377_349_merged.tif,0.8,4,359723235,156,33.7011,35.844,2.1428
100M,chip_379_328_merged.tif,0.2,0,174160109,39,34.7902,37.8409,3.0507
100M,chip_379_328_merged.tif,0.2,1,1941037126,39,33.6588,38.1163,4.4575
100M,chip_379_328_merged.tif,0.2,2,1560430495,39,36.0713,37.4029,1.3316
100M,chip_379_328_merged.tif,0.2,3,1080484977,39,33.7785,37.8103,4.0318
100M,chip_379_328_merged.tif,0.2,4,699878346,39,34.1142,37.9466,3.8324
100M,chip_379_328_merged.tif,0.4,0,1355707574,78,33.8375,37.0789,3.2415
100M,chip_379_328_merged.tif,0.4,1,875762056,78,31.8182,36.97,5.1517
100M,chip_379_328_merged.tif,0.4,2,495155425,78,34.2357,37.1676,2.9319
100M,chip_379_328_merged.tif,0.4,3,114548794,78,32.4586,36.8597,4.4011
100M,chip_379_328_merged.tif,0.4,4,1782086924,78,32.4572,37.7509,5.2937
100M,chip_379_328_merged.tif,0.6,0,1417730217,117,33.4769,36.3533,2.8764
100M,chip_379_328_merged.tif,0.6,1,1037123586,117,32.4159,36.306,3.89
100M,chip_379_328_merged.tif,0.6,2,557178068,117,32.4495,36.6814,4.2319
100M,chip_379_328_merged.tif,0.6,3,176571437,117,32.6032,35.8936,3.2904
100M,chip_379_328_merged.tif,0.6,4,1943448454,117,32.4069,36.2152,3.8083
100M,chip_379_328_merged.tif,0.8,0,935138021,156,31.988,34.1637,2.1756
100M,chip_379_328_merged.tif,0.8,1,554531390,156,32.1179,34.2073,2.0894
100M,chip_379_328_merged.tif,0.8,2,173924759,156,32.5598,34.2277,1.6679
100M,chip_379_328_merged.tif,0.8,3,1841462889,156,32.0381,34.1094,2.0712
100M,chip_379_328_merged.tif,0.8,4,1460856258,156,32.5465,34.2036,1.6571
100M,chip_396_322_merged.tif,0.2,0,1675059455,39,40.4389,38.5301,-1.9088
100M,chip_396_322_merged.tif,0.2,1,1294452824,39,35.5975,38.6934,3.0959
100M,chip_396_322_merged.tif,0.2,2,814507306,39,35.1212,38.1171,2.996
100M,chip_396_322_merged.tif,0.2,3,433900675,39,36.158,37.4354,1.2774
100M,chip_396_322_merged.tif,0.2,4,2101438805,39,36.6912,39.5824,2.8912
100M,chip_396_322_merged.tif,0.4,0,1514444122,78,35.8962,37.7398,1.8436
100M,chip_396_322_merged.tif,0.4,1,1034498604,78,35.9468,38.3562,2.4094
100M,chip_396_322_merged.tif,0.4,2,653891973,78,34.4495,37.7556,3.3061
100M,chip_396_322_merged.tif,0.4,3,173946455,78,34.4333,38.875,4.4417
100M,chip_396_322_merged.tif,0.4,4,1940823472,78,37.0485,39.4185,2.37
100M,chip_396_322_merged.tif,0.6,0,771145915,117,32.8608,38.0991,5.2383
100M,chip_396_322_merged.tif,0.6,1,291200397,117,33.9514,37.1849,3.2335
100M,chip_396_322_merged.tif,0.6,2,2058077414,117,33.3647,37.5766,4.2119
100M,chip_396_322_merged.tif,0.6,3,1677470783,117,33.423,37.5018,4.0787
100M,chip_396_322_merged.tif,0.6,4,1197525265,117,32.9198,36.6687,3.7489
100M,chip_396_322_merged.tif,0.8,0,288553719,156,34.066,35.8882,1.8222
100M,chip_396_322_merged.tif,0.8,1,2055430736,156,33.9165,35.7717,1.8552
100M,chip_396_322_merged.tif,0.8,2,1575485218,156,33.7793,35.8203,2.041
100M,chip_396_322_merged.tif,0.8,3,1194878587,156,34.0007,36.1295,2.1288
100M,chip_396_322_merged.tif,0.8,4,714933069,156,34.0475,36.7305,2.683
100M,chip_419_323_merged.tif,0.2,0,1212582422,39,31.9154,32.664,0.7486
100M,chip_419_323_merged.tif,0.2,1,831975791,39,32.1304,33.1572,1.0269
100M,chip_419_323_merged.tif,0.2,2,352030273,39,30.415,32.9908,2.5758
100M,chip_419_323_merged.tif,0.2,3,2118907290,39,30.7676,33.5441,2.7765
100M,chip_419_323_merged.tif,0.2,4,1638961772,39,30.8805,32.5502,1.6698
100M,chip_419_323_merged.tif,0.4,0,147307352,78,30.5635,32.9496,2.3862
100M,chip_419_323_merged.tif,0.4,1,1914184369,78,30.2909,32.7573,2.4664
100M,chip_419_323_merged.tif,0.4,2,1533577738,78,30.7696,32.755,1.9854
100M,chip_419_323_merged.tif,0.4,3,1053632220,78,29.7805,32.7758,2.9954
100M,chip_419_323_merged.tif,0.4,4,673025589,78,30.6096,32.3641,1.7545
100M,chip_419_323_merged.tif,0.6,0,308668882,117,30.0831,31.6173,1.5342
100M,chip_419_323_merged.tif,0.6,1,1976207012,117,30.1535,31.132,0.9784
100M,chip_419_323_merged.tif,0.6,2,1595600381,117,29.9485,32.0034,2.0549
100M,chip_419_323_merged.tif,0.6,3,1214993750,117,29.9553,31.9903,2.035
100M,chip_419_323_merged.tif,0.6,4,735048232,117,29.719,32.1246,2.4056
100M,chip_419_323_merged.tif,0.8,0,1973560334,156,30.037,31.1118,1.0748
100M,chip_419_323_merged.tif,0.8,1,1592953703,156,29.9194,30.3293,0.4099
100M,chip_419_323_merged.tif,0.8,2,1113008185,156,29.9725,31.3197,1.3471
100M,chip_419_323_merged.tif,0.8,3,732401554,156,29.9276,30.5631,0.6355
100M,chip_419_323_merged.tif,0.8,4,252456036,156,29.908,31.2934,1.3853
100M,chip_421_329_merged.tif,0.2,0,2041831978,39,36.3073,40.7989,4.4916
100M,chip_421_329_merged.tif,0.2,1,1661225347,39,40.9853,38.9123,-2.073
100M,chip_421_329_merged.tif,0.2,2,1181279829,39,37.484,40.3981,2.9141
100M,chip_421_329_merged.tif,0.2,3,800673198,39,36.3026,37.8542,1.5516
100M,chip_421_329_merged.tif,0.2,4,320727680,39,33.9452,40.0718,6.1266
100M,chip_421_329_merged.tif,0.4,0,1075895795,78,34.8801,40.538,5.6579
100M,chip_421_329_merged.tif,0.4,1,595950277,78,29.6959,40.6917,10.9958
100M,chip_421_329_merged.tif,0.4,2,215343646,78,40.1441,40.3445,0.2004
100M,chip_421_329_merged.tif,0.4,3,1882881776,78,28.806,39.6829,10.877
100M,chip_421_329_merged.tif,0.4,4,1502275145,78,28.1809,37.2543,9.0734
100M,chip_421_329_merged.tif,0.6,0,1137918438,117,30.5301,40.3802,9.8502
100M,chip_421_329_merged.tif,0.6,1,757311807,117,30.5216,38.5706,8.049
100M,chip_421_329_merged.tif,0.6,2,277366289,117,30.0937,40.7313,10.6376
100M,chip_421_329_merged.tif,0.6,3,2044243306,117,29.8784,38.1365,8.2581
100M,chip_421_329_merged.tif,0.6,4,1564297788,117,29.9214,37.9093,7.9879
100M,chip_421_329_merged.tif,0.8,0,655326242,156,30.9417,31.9278,0.9861
100M,chip_421_329_merged.tif,0.8,1,274719611,156,30.9434,32.9118,1.9684
100M,chip_421_329_merged.tif,0.8,2,1942257741,156,30.9489,37.661,6.7121
100M,chip_421_329_merged.tif,0.8,3,1561651110,156,31.3592,37.3347,5.9756
100M,chip_421_329_merged.tif,0.8,4,1081705592,156,30.9448,33.8219,2.8771
