backbone,chip,mask_ratio,trial,trial_seed,summer_masked,block_psnr,random_psnr,delta_rand_minus_block
300M,chip_010_063_merged.tif,0.2,0,1233354241,39,32.3951,37.4962,5.101
300M,chip_010_063_merged.tif,0.2,1,753408723,39,40.1574,37.3834,-2.774
300M,chip_010_063_merged.tif,0.2,2,372802092,39,37.3105,36.7157,-0.5948
300M,chip_010_063_merged.tif,0.2,3,2040340222,39,32.6203,37.2194,4.5991
300M,chip_010_063_merged.tif,0.2,4,1659733591,39,30.9395,37.0508,6.1113
300M,chip_010_063_merged.tif,0.4,0,973400021,78,31.2478,35.5779,4.3302
300M,chip_010_063_merged.tif,0.4,1,592793390,78,31.7689,36.9546,5.1857
300M,chip_010_063_merged.tif,0.4,2,112847872,78,32.8734,37.4345,4.5612
300M,chip_010_063_merged.tif,0.4,3,1879724889,78,34.826,37.0124,2.1864
300M,chip_010_063_merged.tif,0.4,4,1499118258,78,31.2699,36.3283,5.0584
300M,chip_010_063_merged.tif,0.6,0,230101814,117,34.3051,36.5424,2.2374
300M,chip_010_063_merged.tif,0.6,1,1996978831,117,32.347,36.6005,4.2535
300M,chip_010_063_merged.tif,0.6,2,1616372200,117,32.4322,36.511,4.0788
300M,chip_010_063_merged.tif,0.6,3,1136426682,117,32.4226,36.0918,3.6692
300M,chip_010_063_merged.tif,0.6,4,755820051,117,34.2986,35.7567,1.458
300M,chip_010_063_merged.tif,0.8,0,1994332153,156,33.3229,35.2802,1.9573
300M,chip_010_063_merged.tif,0.8,1,1514386635,156,33.3236,35.1772,1.8537
300M,chip_010_063_merged.tif,0.8,2,1133780004,156,33.2647,35.3378,2.0731
300M,chip_010_063_merged.tif,0.8,3,653834486,156,33.3663,36.2326,2.8663
300M,chip_010_063_merged.tif,0.8,4,273227855,156,33.3636,36.3775,3.0139
300M,chip_030_076_merged.tif,0.2,0,344705013,39,36.5692,39.1709,2.6017
300M,chip_030_076_merged.tif,0.2,1,2111582030,39,39.319,39.8413,0.5224
300M,chip_030_076_merged.tif,0.2,2,1631636512,39,36.6086,39.7938,3.1851
300M,chip_030_076_merged.tif,0.2,3,1251029881,39,36.7639,39.5114,2.7475
300M,chip_030_076_merged.tif,0.2,4,771084363,39,36.7567,40.1922,3.4355
300M,chip_030_076_merged.tif,0.4,0,1426913591,78,36.8657,39.3391,2.4734
300M,chip_030_076_merged.tif,0.4,1,1046306960,78,39.3323,39.6548,0.3225
300M,chip_030_076_merged.tif,0.4,2,665700329,78,38.9923,39.8601,0.8678
300M,chip_030_076_merged.tif,0.4,3,185754811,78,39.6959,40.1192,0.4233
300M,chip_030_076_merged.tif,0.4,4,1952631828,78,37.0931,39.6502,2.5571
300M,chip_030_076_merged.tif,0.6,0,782954271,117,38.6327,39.7818,1.1492
300M,chip_030_076_merged.tif,0.6,1,303008753,117,38.4541,39.9965,1.5424
300M,chip_030_076_merged.tif,0.6,2,2069885770,117,38.8394,39.4759,0.6366
300M,chip_030_076_merged.tif,0.6,3,1589940252,117,38.3785,39.6619,1.2834
300M,chip_030_076_merged.tif,0.6,4,1209333621,117,38.7131,39.746,1.0329
300M,chip_030_076_merged.tif,0.8,0,300362075,156,38.3479,39.4112,1.0633
300M,chip_030_076_merged.tif,0.8,1,1967900205,156,38.3647,39.2733,0.9086
300M,chip_030_076_merged.tif,0.8,2,1587293574,156,38.3707,38.9869,0.6161
300M,chip_030_076_merged.tif,0.8,3,1107348056,156,38.8694,39.5872,0.7178
300M,chip_030_076_merged.tif,0.8,4,726741425,156,38.8485,39.2188,0.3702
300M,chip_032_111_merged.tif,0.2,0,1839455341,39,39.3743,37.8862,-1.4881
300M,chip_032_111_merged.tif,0.2,1,1458848710,39,37.635,39.0583,1.4232
300M,chip_032_111_merged.tif,0.2,2,978903192,39,34.5997,37.6482,3.0485
300M,chip_032_111_merged.tif,0.2,3,598296561,39,39.3744,36.199,-3.1754
300M,chip_032_111_merged.tif,0.2,4,217689930,39,38.0834,38.4632,0.3799
300M,chip_032_111_merged.tif,0.4,0,873519158,78,35.7334,37.1822,1.4488
300M,chip_032_111_merged.tif,0.4,1,393573640,78,34.6152,36.9441,2.3288
300M,chip_032_111_merged.tif,0.4,2,12967009,78,34.2459,37.4478,3.2019
300M,chip_032_111_merged.tif,0.4,3,1779844026,78,36.5467,36.9377,0.391
300M,chip_032_111_merged.tif,0.4,4,1299898508,78,35.5044,36.1841,0.6797
300M,chip_032_111_merged.tif,0.6,0,935541801,117,35.9315,36.3793,0.4478
300M,chip_032_111_merged.tif,0.6,1,554935170,117,35.3707,36.9525,1.5817
300M,chip_032_111_merged.tif,0.6,2,74989652,117,33.1187,37.5501,4.4314
300M,chip_032_111_merged.tif,0.6,3,1841866669,117,36.8409,36.4668,-0.3742
300M,chip_032_111_merged.tif,0.6,4,1361921151,117,34.7243,36.4591,1.7348
300M,chip_032_111_merged.tif,0.8,0,1846833277,156,34.8338,35.4826,0.6488
300M,chip_032_111_merged.tif,0.8,1,1366887759,156,36.1841,35.3807,-0.8034
300M,chip_032_111_merged.tif,0.8,2,986281128,156,34.8337,35.8626,1.0288
300M,chip_032_111_merged.tif,0.8,3,506335610,156,33.8558,35.8401,1.9843
300M,chip_032_111_merged.tif,0.8,4,125728979,156,34.0382,34.9752,0.937
300M,chip_032_183_merged.tif,0.2,0,524253025,39,44.6728,46.3376,1.6648
300M,chip_032_183_merged.tif,0.2,1,44307507,39,45.101,46.4593,1.3583
300M,chip_032_183_merged.tif,0.2,2,1811184524,39,45.2822,45.9819,0.6997
300M,chip_032_183_merged.tif,0.2,3,1430577893,39,45.7018,45.5661,-0.1357
300M,chip_032_183_merged.tif,0.2,4,950632375,39,44.0767,46.8959,2.8193
300M,chip_032_183_merged.tif,0.4,0,363637692,78,44.5387,46.4589,1.9201
300M,chip_032_183_merged.tif,0.4,1,2031175822,78,45.1756,46.4584,1.2829
300M,chip_032_183_merged.tif,0.4,2,1650569191,78,45.6093,46.2853,0.6761
300M,chip_032_183_merged.tif,0.4,3,1170623673,78,44.1254,46.3852,2.2598
300M,chip_032_183_merged.tif,0.4,4,790017042,78,45.1708,46.7156,1.5448
300M,chip_032_183_merged.tif,0.6,0,1767823133,117,45.4437,46.3006,0.8568
300M,chip_032_183_merged.tif,0.6,1,1287877615,117,45.8111,46.8847,1.0736
300M,chip_032_183_merged.tif,0.6,2,907270984,117,46.6539,46.0249,-0.629
300M,chip_032_183_merged.tif,0.6,3,427325466,117,45.5084,46.523,1.0147
300M,chip_032_183_merged.tif,0.6,4,46718835,117,45.2022,46.0981,0.8959
300M,chip_032_183_merged.tif,0.8,0,1285230937,156,45.9627,45.9927,0.03
300M,chip_032_183_merged.tif,0.8,1,805285419,156,45.9498,46.3499,0.4
300M,chip_032_183_merged.tif,0.8,2,424678788,156,45.6883,46.4943,0.806
300M,chip_032_183_merged.tif,0.8,3,44072157,156,42.2867,46.3378,4.0511
300M,chip_032_183_merged.tif,0.8,4,1711610287,156,45.7289,46.3786,0.6497
300M,chip_036_147_merged.tif,0.2,0,1971329537,39,36.767,39.887,3.1201
300M,chip_036_147_merged.tif,0.2,1,1590722906,39,36.5833,38.8892,2.3059
300M,chip_036_147_merged.tif,0.2,2,1210116275,39,38.3103,39.4023,1.092
300M,chip_036_147_merged.tif,0.2,3,730170757,39,36.5592,38.9303,2.3711
300M,chip_036_147_merged.tif,0.2,4,349564126,39,37.2537,37.0838,-0.1699
300M,chip_036_147_merged.tif,0.4,0,1810714204,78,38.5309,38.4443,-0.0866
300M,chip_036_147_merged.tif,0.4,1,1430107573,78,37.7332,39.4772,1.744
300M,chip_036_147_merged.tif,0.4,2,950162055,78,35.0416,39.1862,4.1446
300M,chip_036_147_merged.tif,0.4,3,569555424,78,37.7331,39.3771,1.644
300M,chip_036_147_merged.tif,0.4,4,89609906,78,38.2581,38.0808,-0.1773
300M,chip_036_147_merged.tif,0.6,0,1067415997,117,36.8197,38.9957,2.176
300M,chip_036_147_merged.tif,0.6,1,686809366,117,37.9008,39.3543,1.4535
300M,chip_036_147_merged.tif,0.6,2,206863848,117,37.5429,39.7138,2.1709
300M,chip_036_147_merged.tif,0.6,3,1973740865,117,37.5433,39.3382,1.7949
300M,chip_036_147_merged.tif,0.6,4,1593134234,117,37.6821,39.4482,1.7662
300M,chip_036_147_merged.tif,0.8,0,584823801,156,37.2846,38.2703,0.9857
300M,chip_036_147_merged.tif,0.8,1,204217170,156,37.2263,37.6186,0.3924
300M,chip_036_147_merged.tif,0.8,2,1971094187,156,37.2776,38.7915,1.5139
300M,chip_036_147_merged.tif,0.8,3,1491148669,156,36.0487,36.3572,0.3085
300M,chip_036_147_merged.tif,0.8,4,1110542038,156,37.4948,38.1647,0.6699
300M,chip_037_102_merged.tif,0.2,0,515017938,39,39.7906,39.6712,-0.1193
300M,chip_037_102_merged.tif,0.2,1,35072420,39,40.7414,41.3898,0.6485
300M,chip_037_102_merged.tif,0.2,2,1801949437,39,36.2024,39.6399,3.4375
300M,chip_037_102_merged.tif,0.2,3,1322003919,39,37.1231,40.7755,3.6524
300M,chip_037_102_merged.tif,0.2,4,941397288,39,37.504,40.1334,2.6294
300M,chip_037_102_merged.tif,0.4,0,1597226516,78,34.1234,39.7993,5.6759
300M,chip_037_102_merged.tif,0.4,1,1216619885,78,36.1067,38.7572,2.6505
300M,chip_037_102_merged.tif,0.4,2,736674367,78,35.7071,38.671,2.9638
300M,chip_037_102_merged.tif,0.4,3,356067736,78,34.1233,39.6846,5.5613
300M,chip_037_102_merged.tif,0.4,4,2122944753,78,36.183,39.787,3.604
300M,chip_037_102_merged.tif,0.6,0,1758588046,117,31.9692,39.5711,7.602
300M,chip_037_102_merged.tif,0.6,1,1278642528,117,31.968,38.2879,6.3199
300M,chip_037_102_merged.tif,0.6,2,898035897,117,32.4622,39.7839,7.3217
300M,chip_037_102_merged.tif,0.6,3,418090379,117,33.656,38.2991,4.6431
300M,chip_037_102_merged.tif,0.6,4,37483748,117,32.4737,38.8595,6.3859
300M,chip_037_102_merged.tif,0.8,0,371336113,156,32.9108,37.0432,4.1324
300M,chip_037_102_merged.tif,0.8,1,2138213130,156,32.8591,37.8032,4.9441
300M,chip_037_102_merged.tif,0.8,2,1757606499,156,32.8686,36.0094,3.1408
300M,chip_037_102_merged.tif,0.8,3,1277660981,156,32.6119,34.7333,2.1214
300M,chip_037_102_merged.tif,0.8,4,897054350,156,32.9254,37.6717,4.7463
300M,chip_038_107_merged.tif,0.2,0,1434632243,39,35.9911,39.2602,3.2691
300M,chip_038_107_merged.tif,0.2,1,1054025612,39,37.7265,39.0381,1.3116
300M,chip_038_107_merged.tif,0.2,2,574080094,39,35.5451,38.7954,3.2503
300M,chip_038_107_merged.tif,0.2,3,193473463,39,37.8825,39.5786,1.6961
300M,chip_038_107_merged.tif,0.2,4,1861011593,39,37.1038,39.5018,2.398
300M,chip_038_107_merged.tif,0.4,0,1274016910,78,34.4809,38.938,4.4572
300M,chip_038_107_merged.tif,0.4,1,794071392,78,36.64,37.7463,1.1064
300M,chip_038_107_merged.tif,0.4,2,413464761,78,36.6401,37.7701,1.1301
300M,chip_038_107_merged.tif,0.4,3,32858130,78,34.4094,38.1827,3.7733
300M,chip_038_107_merged.tif,0.4,4,1700396260,78,34.4097,37.9581,3.5484
300M,chip_038_107_merged.tif,0.6,0,530718703,117,35.376,38.0481,2.6721
300M,chip_038_107_merged.tif,0.6,1,50773185,117,34.3849,37.8152,3.4303
300M,chip_038_107_merged.tif,0.6,2,1817650202,117,35.3604,38.5003,3.1398
300M,chip_038_107_merged.tif,0.6,3,1437043571,117,35.4253,37.8358,2.4105
300M,chip_038_107_merged.tif,0.6,4,957098053,117,34.1577,36.6153,2.4576
300M,chip_038_107_merged.tif,0.8,0,48126507,156,34.1458,35.5583,1.4124
300M,chip_038_107_merged.tif,0.8,1,1815003524,156,34.1486,36.2017,2.0531
300M,chip_038_107_merged.tif,0.8,2,1335058006,156,34.1472,35.5747,1.4275
300M,chip_038_107_merged.tif,0.8,3,954451375,156,34.5477,36.8952,2.3475
300M,chip_038_107_merged.tif,0.8,4,474505857,156,35.2767,35.1911,-0.0856
300M,chip_039_108_merged.tif,0.2,0,1016999535,39,36.7065,38.1598,1.4533
300M,chip_039_108_merged.tif,0.2,1,636392904,39,35.6572,36.1356,0.4784
300M,chip_039_108_merged.tif,0.2,2,156447386,39,35.7122,38.4411,2.7289
300M,chip_039_108_merged.tif,0.2,3,1923324403,39,36.7085,37.5671,0.8586
300M,chip_039_108_merged.tif,0.2,4,1542717772,39,33.9537,38.6888,4.7351
300M,chip_039_108_merged.tif,0.4,0,856384202,78,32.024,38.2869,6.2628
300M,chip_039_108_merged.tif,0.4,1,475777571,78,31.0891,36.7483,5.6591
300M,chip_039_108_merged.tif,0.4,2,2143315701,78,31.3633,38.0957,6.7324
300M,chip_039_108_merged.tif,0.4,3,1762709070,78,32.3526,37.714,5.3614
300M,chip_039_108_merged.tif,0.4,4,1282763552,78,28.5396,36.391,7.8514
300M,chip_039_108_merged.tif,0.6,0,113085995,117,29.0457,37.637,8.5913
300M,chip_039_108_merged.tif,0.6,1,1879963012,117,30.0175,36.7187,6.7012
300M,chip_039_108_merged.tif,0.6,2,1400017494,117,31.9042,36.8948,4.9906
300M,chip_039_108_merged.tif,0.6,3,1019410863,117,30.0197,35.8066,5.7868
300M,chip_039_108_merged.tif,0.6,4,539465345,117,29.7847,36.0576,6.2729
300M,chip_039_108_merged.tif,0.8,0,1777977447,156,30.5522,34.144,3.5918
300M,chip_039_108_merged.tif,0.8,1,1397370816,156,29.9142,34.7448,4.8306
300M,chip_039_108_merged.tif,0.8,2,917425298,156,30.2565,36.0942,5.8376
300M,chip_039_108_merged.tif,0.8,3,536818667,156,28.6624,32.5208,3.8584
300M,chip_039_108_merged.tif,0.8,4,156212036,156,30.2596,34.7981,4.5385
300M,chip_039_111_merged.tif,0.2,0,118711396,39,38.5588,38.9482,0.3894
300M,chip_039_111_merged.tif,0.2,1,1885588413,39,36.5117,39.5069,2.9952
300M,chip_039_111_merged.tif,0.2,2,1405642895,39,36.5547,38.6737,2.119
300M,chip_039_111_merged.tif,0.2,3,1025036264,39,36.6608,38.1633,1.5024
300M,chip_039_111_merged.tif,0.2,4,545090746,39,32.774,38.3365,5.5625
300M,chip_039_111_merged.tif,0.4,0,2105579711,78,36.5139,38.2518,1.7379
300M,chip_039_111_merged.tif,0.4,1,1625634193,78,34.4987,38.1356,3.637
300M,chip_039_111_merged.tif,0.4,2,1245027562,78,36.5137,38.8164,2.3027
300M,chip_039_111_merged.tif,0.4,3,765082044,78,36.061,39.2311,3.1701
300M,chip_039_111_merged.tif,0.4,4,384475413,78,35.5405,38.3888,2.8483
300M,chip_039_111_merged.tif,0.6,0,1362281504,117,35.7777,37.5674,1.7897
300M,chip_039_111_merged.tif,0.6,1,882335986,117,35.3822,37.9859,2.6036
300M,chip_039_111_merged.tif,0.6,2,501729355,117,35.3902,37.1349,1.7447
300M,chip_039_111_merged.tif,0.6,3,21783837,117,35.2712,38.4204,3.1492
300M,chip_039_111_merged.tif,0.6,4,1788660854,117,35.27,38.4708,3.2009
300M,chip_039_111_merged.tif,0.8,0,879689308,156,36.3425,36.2181,-0.1244
300M,chip_039_111_merged.tif,0.8,1,499082677,156,36.3485,36.8519,0.5033
300M,chip_039_111_merged.tif,0.8,2,19137159,156,36.91,36.5052,-0.4048
300M,chip_039_111_merged.tif,0.8,3,1786014176,156,35.6886,37.145,1.4563
300M,chip_039_111_merged.tif,0.8,4,1306068658,156,35.7415,36.7949,1.0534
300M,chip_042_092_merged.tif,0.2,0,2078446524,39,35.4518,37.8445,2.3927
300M,chip_042_092_merged.tif,0.2,1,1697839893,39,31.8461,36.9512,5.1051
300M,chip_042_092_merged.tif,0.2,2,1317233262,39,31.8101,37.9325,6.1224
300M,chip_042_092_merged.tif,0.2,3,837287744,39,35.4545,36.6225,1.1681
300M,chip_042_092_merged.tif,0.2,4,456681113,39,31.6735,39.1884,7.5148
300M,chip_042_092_merged.tif,0.4,0,1917831191,78,28.4194,35.5035,7.084
300M,chip_042_092_merged.tif,0.4,1,1537224560,78,28.8474,35.4638,6.6164
300M,chip_042_092_merged.tif,0.4,2,1057279042,78,29.9652,38.41,8.4447
300M,chip_042_092_merged.tif,0.4,3,676672411,78,33.103,37.3119,4.2089
300M,chip_042_092_merged.tif,0.4,4,296065780,78,29.965,36.6419,6.677
300M,chip_042_092_merged.tif,0.6,0,1174532984,117,31.7193,34.1451,2.4258
300M,chip_042_092_merged.tif,0.6,1,793926353,117,30.6545,35.92,5.2655
300M,chip_042_092_merged.tif,0.6,2,313980835,117,28.473,34.2177,5.7448
300M,chip_042_092_merged.tif,0.6,3,2080857852,117,28.0279,33.6521,5.6241
300M,chip_042_092_merged.tif,0.6,4,1700251221,117,28.2575,35.4702,7.2127
300M,chip_042_092_merged.tif,0.8,0,691940788,156,28.6107,31.1613,2.5506
300M,chip_042_092_merged.tif,0.8,1,311334157,156,28.452,33.81,5.3581
300M,chip_042_092_merged.tif,0.8,2,2078211174,156,27.9133,32.7693,4.856
300M,chip_042_092_merged.tif,0.8,3,1598265656,156,29.4757,33.2663,3.7905
300M,chip_042_092_merged.tif,0.8,4,1217659025,156,29.1159,31.2098,2.094
300M,chip_047_106_merged.tif,0.2,0,1114144184,39,37.622,38.4609,0.8389
300M,chip_047_106_merged.tif,0.2,1,634198666,39,33.1407,39.6658,6.5251
300M,chip_047_106_merged.tif,0.2,2,253592035,39,35.3518,38.6792,3.3274
300M,chip_047_106_merged.tif,0.2,3,2020469052,39,39.039,39.0838,0.0448
300M,chip_047_106_merged.tif,0.2,4,1540523534,39,32.7773,38.555,5.7777
300M,chip_047_106_merged.tif,0.4,0,953528851,78,34.5374,39.2591,4.7217
300M,chip_047_106_merged.tif,0.4,1,473583333,78,35.7911,38.5501,2.759
300M,chip_047_106_merged.tif,0.4,2,92976702,78,36.2242,37.6461,1.4219
300M,chip_047_106_merged.tif,0.4,3,1760514832,78,35.4919,38.2843,2.7924
300M,chip_047_106_merged.tif,0.4,4,1379908201,78,34.2093,38.5796,4.3703
300M,chip_047_106_merged.tif,0.6,0,210230644,117,35.051,38.4029,3.3519
300M,chip_047_106_merged.tif,0.6,1,1877768774,117,31.7607,37.5379,5.7772
300M,chip_047_106_merged.tif,0.6,2,1497162143,117,30.7918,38.3051,7.5133
300M,chip_047_106_merged.tif,0.6,3,1017216625,117,35.9476,37.8214,1.8738
300M,chip_047_106_merged.tif,0.6,4,636609994,117,35.9624,37.6567,1.6943
300M,chip_047_106_merged.tif,0.8,0,1875122096,156,32.0203,36.9579,4.9376
300M,chip_047_106_merged.tif,0.8,1,1395176578,156,33.4734,35.5781,2.1047
300M,chip_047_106_merged.tif,0.8,2,1014569947,156,33.5123,36.8138,3.3016
300M,chip_047_106_merged.tif,0.8,3,633963316,156,33.0835,35.6617,2.5782
300M,chip_047_106_merged.tif,0.8,4,154017798,156,33.0694,35.8712,2.8018
300M,chip_051_235_merged.tif,0.2,0,235405407,39,36.6745,37.4431,0.7685
300M,chip_051_235_merged.tif,0.2,1,1902943537,39,32.5857,38.0324,5.4467
300M,chip_051_235_merged.tif,0.2,2,1522336906,39,32.5858,39.1751,6.5893
300M,chip_051_235_merged.tif,0.2,3,1042391388,39,32.5851,38.759,6.1739
300M,chip_051_235_merged.tif,0.2,4,661784757,39,33.1087,39.1601,6.0515
300M,chip_051_235_merged.tif,0.4,0,2122934835,78,34.2113,37.2332,3.0218
300M,chip_051_235_merged.tif,0.4,1,1742328204,78,33.1389,37.5641,4.4252
300M,chip_051_235_merged.tif,0.4,2,1262382686,78,32.5529,36.4627,3.9098
300M,chip_051_235_merged.tif,0.4,3,881776055,78,32.2159,36.2971,4.0812
300M,chip_051_235_merged.tif,0.4,4,501169424,78,31.5362,37.9589,6.4227
300M,chip_051_235_merged.tif,0.6,0,1379636628,117,34.2167,34.9942,0.7775
300M,chip_051_235_merged.tif,0.6,1,999029997,117,33.3911,37.1891,3.798
300M,chip_051_235_merged.tif,0.6,2,618423366,117,34.2161,37.1195,2.9034
300M,chip_051_235_merged.tif,0.6,3,138477848,117,31.9716,37.0886,5.117
300M,chip_051_235_merged.tif,0.6,4,1905354865,117,29.9165,36.1741,6.2576
300M,chip_051_235_merged.tif,0.8,0,996383319,156,30.817,32.8796,2.0626
300M,chip_051_235_merged.tif,0.8,1,516437801,156,30.8069,34.1288,3.322
300M,chip_051_235_merged.tif,0.8,2,135831170,156,32.9735,33.3745,0.401
300M,chip_051_235_merged.tif,0.8,3,1803369300,156,30.8085,34.7977,3.9892
300M,chip_051_235_merged.tif,0.8,4,1422762669,156,32.6408,34.3771,1.7364
300M,chip_053_176_merged.tif,0.2,0,143321580,39,39.6562,43.0088,3.3526
300M,chip_053_176_merged.tif,0.2,1,1810859710,39,38.2275,42.7777,4.5502
300M,chip_053_176_merged.tif,0.2,2,1430253079,39,40.5225,42.2869,1.7644
300M,chip_053_176_merged.tif,0.2,3,950307561,39,39.185,42.548,3.363
300M,chip_053_176_merged.tif,0.2,4,569700930,39,39.4046,41.8039,2.3993
300M,chip_053_176_merged.tif,0.4,0,2030851008,78,40.761,42.0286,1.2676
300M,chip_053_176_merged.tif,0.4,1,1650244377,78,41.342,42.6747,1.3327
300M,chip_053_176_merged.tif,0.4,2,1170298859,78,35.9559,42.328,6.372
300M,chip_053_176_merged.tif,0.4,3,789692228,78,40.5622,42.0978,1.5356
300M,chip_053_176_merged.tif,0.4,4,409085597,78,40.0633,41.479,1.4157
300M,chip_053_176_merged.tif,0.6,0,1287552801,117,40.5936,41.3105,0.7169
300M,chip_053_176_merged.tif,0.6,1,906946170,117,37.8437,41.9253,4.0816
300M,chip_053_176_merged.tif,0.6,2,526339539,117,36.5056,41.6504,5.1448
300M,chip_053_176_merged.tif,0.6,3,46394021,117,40.5949,40.5938,-0.0011
300M,chip_053_176_merged.tif,0.6,4,1813271038,117,40.4337,39.3497,-1.0841
300M,chip_053_176_merged.tif,0.8,0,904299492,156,39.0204,40.9009,1.8805
300M,chip_053_176_merged.tif,0.8,1,424353974,156,39.2003,39.265,0.0648
300M,chip_053_176_merged.tif,0.8,2,43747343,156,37.2175,38.5725,1.355
300M,chip_053_176_merged.tif,0.8,3,1711285473,156,39.0072,40.357,1.3498
300M,chip_053_176_merged.tif,0.8,4,1330678842,156,37.1785,38.5535,1.3749
300M,chip_054_264_merged.tif,0.2,0,709690311,39,39.0562,38.7237,-0.3325
300M,chip_054_264_merged.tif,0.2,1,329083680,39,36.5558,37.9068,1.351
300M,chip_054_264_merged.tif,0.2,2,2095960697,39,36.0073,38.6689,2.6615
300M,chip_054_264_merged.tif,0.2,3,1616015179,39,37.1419,38.0537,0.9118
300M,chip_054_264_merged.tif,0.2,4,1235408548,39,37.7167,38.1773,0.4606
300M,chip_054_264_merged.tif,0.4,0,549074978,78,35.0504,37.5468,2.4964
300M,chip_054_264_merged.tif,0.4,1,168468347,78,37.8043,38.3432,0.5389
300M,chip_054_264_merged.tif,0.4,2,1836006477,78,34.511,38.1815,3.6705
300M,chip_054_264_merged.tif,0.4,3,1455399846,78,33.5882,38.3778,4.7896
300M,chip_054_264_merged.tif,0.4,4,1074793215,78,36.0685,38.9599,2.8914
300M,chip_054_264_merged.tif,0.6,0,1953260419,117,34.4158,37.4732,3.0575
300M,chip_054_264_merged.tif,0.6,1,1572653788,117,36.1373,37.5973,1.4601
300M,chip_054_264_merged.tif,0.6,2,1092708270,117,36.0544,37.4446,1.3902
300M,chip_054_264_merged.tif,0.6,3,712101639,117,34.854,35.7799,0.926
300M,chip_054_264_merged.tif,0.6,4,331495008,117,35.7877,36.9504,1.1627
300M,chip_054_264_merged.tif,0.8,0,1470668223,156,33.8291,35.5631,1.734
300M,chip_054_264_merged.tif,0.8,1,1090061592,156,32.8416,36.1074,3.2658
300M,chip_054_264_merged.tif,0.8,2,709454961,156,35.562,36.0474,0.4854
300M,chip_054_264_merged.tif,0.8,3,229509443,156,34.8887,36.3704,1.4817
300M,chip_054_264_merged.tif,0.8,4,1996386460,156,34.614,36.9541,2.3401
300M,chip_055_200_merged.tif,0.2,0,845006678,39,39.6045,41.3101,1.7057
300M,chip_055_200_merged.tif,0.2,1,365061160,39,37.6998,41.7418,4.042
300M,chip_055_200_merged.tif,0.2,2,2131938177,39,39.9967,42.0608,2.0642
300M,chip_055_200_merged.tif,0.2,3,1751331546,39,39.9212,41.981,2.0598
300M,chip_055_200_merged.tif,0.2,4,1271386028,39,40.4386,41.1697,0.7311
300M,chip_055_200_merged.tif,0.4,0,1927215256,78,39.2944,41.4468,2.1524
300M,chip_055_200_merged.tif,0.4,1,1546608625,78,39.2942,40.638,1.3438
300M,chip_055_200_merged.tif,0.4,2,1066663107,78,37.5505,41.075,3.5245
300M,chip_055_200_merged.tif,0.4,3,686056476,78,39.1038,41.051,1.9472
300M,chip_055_200_merged.tif,0.4,4,305449845,78,40.0034,41.2528,1.2494
300M,chip_055_200_merged.tif,0.6,0,2088576786,117,39.1141,40.7857,1.6716
300M,chip_055_200_merged.tif,0.6,1,1608631268,117,39.2379,40.5561,1.3182
300M,chip_055_200_merged.tif,0.6,2,1228024637,117,38.6187,40.477,1.8584
300M,chip_055_200_merged.tif,0.6,3,748079119,117,38.9588,40.5092,1.5504
300M,chip_055_200_merged.tif,0.6,4,367472488,117,37.5808,41.3634,3.7826
300M,chip_055_200_merged.tif,0.8,0,1605984590,156,37.4247,40.2691,2.8444
300M,chip_055_200_merged.tif,0.8,1,1126039072,156,38.9291,39.058,0.1289
300M,chip_055_200_merged.tif,0.8,2,745432441,156,38.9429,38.9114,-0.0315
300M,chip_055_200_merged.tif,0.8,3,364825810,156,38.2738,39.4599,1.1861
300M,chip_055_200_merged.tif,0.8,4,2032363940,156,38.9407,39.7466,0.8058
300M,chip_055_202_merged.tif,0.2,0,303412921,39,40.6124,42.2214,1.609
300M,chip_055_202_merged.tif,0.2,1,1970951051,39,40.9497,42.1208,1.1711
300M,chip_055_202_merged.tif,0.2,2,1590344420,39,39.1706,40.5546,1.384
300M,chip_055_202_merged.tif,0.2,3,1209737789,39,38.8068,42.491,3.6842
300M,chip_055_202_merged.tif,0.2,4,729792271,39,38.9314,41.5692,2.6378
300M,chip_055_202_merged.tif,0.4,0,142797588,78,39.5707,41.3198,1.7492
300M,chip_055_202_merged.tif,0.4,1,1810335718,78,36.8495,41.4483,4.5989
300M,chip_055_202_merged.tif,0.4,2,1429729087,78,37.1527,41.4339,4.2813
300M,chip_055_202_merged.tif,0.4,3,949783569,78,38.9116,41.3305,2.4189
300M,chip_055_202_merged.tif,0.4,4,569176938,78,38.3859,40.8614,2.4756
300M,chip_055_202_merged.tif,0.6,0,1546983029,117,34.776,40.9698,6.1938
300M,chip_055_202_merged.tif,0.6,1,1067037511,117,36.2802,41.0965,4.8163
300M,chip_055_202_merged.tif,0.6,2,686430880,117,34.7764,41.5287,6.7523
300M,chip_055_202_merged.tif,0.6,3,206485362,117,37.8351,40.5279,2.6928
300M,chip_055_202_merged.tif,0.6,4,1973362379,117,38.0265,41.2871,3.2606
300M,chip_055_202_merged.tif,0.8,0,1064390833,156,38.1531,40.1253,1.9722
300M,chip_055_202_merged.tif,0.8,1,584445315,156,38.1493,40.7003,2.551
300M,chip_055_202_merged.tif,0.8,2,203838684,156,37.317,41.057,3.74
300M,chip_055_202_merged.tif,0.8,3,1970715701,156,34.1792,40.7251,6.5459
300M,chip_055_202_merged.tif,0.8,4,1490770183,156,37.3707,40.1583,2.7876
300M,chip_057_118_merged.tif,0.2,0,2102522737,39,35.3897,37.7025,2.3128
300M,chip_057_118_merged.tif,0.2,1,1721916106,39,34.9391,37.8933,2.9542
300M,chip_057_118_merged.tif,0.2,2,1241970588,39,35.793,38.279,2.4859
300M,chip_057_118_merged.tif,0.2,3,861363957,39,34.5562,37.8332,3.277
300M,chip_057_118_merged.tif,0.2,4,381418439,39,34.3678,37.9265,3.5587
300M,chip_057_118_merged.tif,0.4,0,1037247667,78,35.0869,37.2282,2.1413
300M,chip_057_118_merged.tif,0.4,1,656641036,78,32.9214,37.1571,4.2357
300M,chip_057_118_merged.tif,0.4,2,276034405,78,33.6536,36.8411,3.1876
300M,chip_057_118_merged.tif,0.4,3,1943572535,78,32.1637,37.8312,5.6675
300M,chip_057_118_merged.tif,0.4,4,1562965904,78,35.0859,37.7068,2.6209
300M,chip_057_118_merged.tif,0.6,0,1198609197,117,34.7823,36.7431,1.9609
300M,chip_057_118_merged.tif,0.6,1,718663679,117,32.8791,37.0126,4.1335
300M,chip_057_118_merged.tif,0.6,2,338057048,117,33.1564,36.2704,3.114
300M,chip_057_118_merged.tif,0.6,3,2104934065,117,33.9939,37.1593,3.1654
300M,chip_057_118_merged.tif,0.6,4,1624988547,117,34.7949,36.7642,1.9693
300M,chip_057_118_merged.tif,0.8,0,716017001,156,33.5463,36.131,2.5848
300M,chip_057_118_merged.tif,0.8,1,335410370,156,32.8678,35.8505,2.9827
300M,chip_057_118_merged.tif,0.8,2,2002948500,156,32.0732,34.9778,2.9046
300M,chip_057_118_merged.tif,0.8,3,1622341869,156,32.1108,35.4511,3.3403
300M,chip_057_118_merged.tif,0.8,4,1142396351,156,33.5615,36.1277,2.5663
300M,chip_058_191_merged.tif,0.2,0,1449137339,39,35.2073,42.9819,7.7746
300M,chip_058_191_merged.tif,0.2,1,1068530708,39,38.3203,42.437,4.1167
300M,chip_058_191_merged.tif,0.2,2,588585190,39,40.7163,41.4732,0.7568
300M,chip_058_191_merged.tif,0.2,3,207978559,39,36.4241,42.1542,5.73
300M,chip_058_191_merged.tif,0.2,4,1875516689,39,40.1458,41.2352,1.0894
300M,chip_058_191_merged.tif,0.4,0,1288522006,78,35.9534,41.2951,5.3417
300M,chip_058_191_merged.tif,0.4,1,808576488,78,36.7224,42.5807,5.8583
300M,chip_058_191_merged.tif,0.4,2,427969857,78,34.7287,40.0843,5.3555
300M,chip_058_191_merged.tif,0.4,3,47363226,78,37.8136,42.044,4.2303
300M,chip_058_191_merged.tif,0.4,4,1714901356,78,34.9347,41.4931,6.5584
300M,chip_058_191_merged.tif,0.6,0,545223799,117,36.2735,41.5796,5.3061
300M,chip_058_191_merged.tif,0.6,1,65278281,117,35.3274,41.4057,6.0783
300M,chip_058_191_merged.tif,0.6,2,1832155298,117,35.8607,40.7281,4.8674
300M,chip_058_191_merged.tif,0.6,3,1451548667,117,36.1102,39.9225,3.8122
300M,chip_058_191_merged.tif,0.6,4,971603149,117,35.2055,41.3562,6.1507
300M,chip_058_191_merged.tif,0.8,0,62631603,156,35.6741,38.4077,2.7335
300M,chip_058_191_merged.tif,0.8,1,1829508620,156,32.2882,39.538,7.2498
300M,chip_058_191_merged.tif,0.8,2,1349563102,156,35.8818,37.5539,1.6721
300M,chip_058_191_merged.tif,0.8,3,968956471,156,32.4006,38.0964,5.6958
300M,chip_058_191_merged.tif,0.8,4,489010953,156,35.6788,39.2118,3.533
300M,chip_059_190_merged.tif,0.2,0,880076579,39,42.7782,45.5803,2.8021
300M,chip_059_190_merged.tif,0.2,1,499469948,39,42.777,44.8087,2.0318
300M,chip_059_190_merged.tif,0.2,2,19524430,39,44.6404,44.343,-0.2974
300M,chip_059_190_merged.tif,0.2,3,1786401447,39,39.9781,45.1786,5.2005
300M,chip_059_190_merged.tif,0.2,4,1405794816,39,43.0602,43.9336,0.8734
300M,chip_059_190_merged.tif,0.4,0,719461246,78,38.0289,43.1971,5.1682
300M,chip_059_190_merged.tif,0.4,1,338854615,78,39.585,43.3032,3.7182
300M,chip_059_190_merged.tif,0.4,2,2006392745,78,41.1938,44.5135,3.3197
300M,chip_059_190_merged.tif,0.4,3,1625786114,78,41.1923,43.566,2.3736
300M,chip_059_190_merged.tif,0.4,4,1145840596,78,39.5842,43.8467,4.2625
300M,chip_059_190_merged.tif,0.6,0,2123646687,117,35.5964,41.8884,6.292
300M,chip_059_190_merged.tif,0.6,1,1743040056,117,39.0924,41.8699,2.7775
300M,chip_059_190_merged.tif,0.6,2,1263094538,117,39.2939,43.0088,3.7149
300M,chip_059_190_merged.tif,0.6,3,882487907,117,36.4305,43.8551,7.4245
300M,chip_059_190_merged.tif,0.6,4,402542389,117,36.4735,42.5655,6.092
300M,chip_059_190_merged.tif,0.8,0,1641054491,156,37.3391,41.2174,3.8783
300M,chip_059_190_merged.tif,0.8,1,1260447860,156,37.3833,42.1285,4.7451
300M,chip_059_190_merged.tif,0.8,2,780502342,156,35.9872,41.8012,5.814
300M,chip_059_190_merged.tif,0.8,3,399895711,156,36.2516,41.4706,5.219
300M,chip_059_190_merged.tif,0.8,4,19289080,156,36.2742,41.785,5.5108
300M,chip_060_083_merged.tif,0.2,0,1377125614,39,33.7268,36.8648,3.1379
300M,chip_060_083_merged.tif,0.2,1,996518983,39,33.0394,37.739,4.6996
300M,chip_060_083_merged.tif,0.2,2,516573465,39,32.4957,36.274,3.7783
300M,chip_060_083_merged.tif,0.2,3,135966834,39,34.35,37.4895,3.1394
300M,chip_060_083_merged.tif,0.2,4,1902843851,39,34.3352,37.4905,3.1553
300M,chip_060_083_merged.tif,0.4,0,1216510281,78,32.1444,37.3578,5.2134
300M,chip_060_083_merged.tif,0.4,1,835903650,78,32.3301,37.2123,4.8822
300M,chip_060_083_merged.tif,0.4,2,355958132,78,33.3115,36.4728,3.1613
300M,chip_060_083_merged.tif,0.4,3,2122835149,78,32.3459,37.7565,5.4106
300M,chip_060_083_merged.tif,0.4,4,1642889631,78,31.7401,35.6472,3.907
300M,chip_060_083_merged.tif,0.6,0,473212074,117,32.7337,36.0319,3.2982
300M,chip_060_083_merged.tif,0.6,1,92605443,117,31.0663,35.6943,4.6279
300M,chip_060_083_merged.tif,0.6,2,1760143573,117,33.0917,36.2753,3.1836
300M,chip_060_083_merged.tif,0.6,3,1379536942,117,31.4744,35.4835,4.0092
300M,chip_060_083_merged.tif,0.6,4,899591424,117,32.6855,35.9061,3.2207
300M,chip_060_083_merged.tif,0.8,0,2138103526,156,32.5729,34.5908,2.018
300M,chip_060_083_merged.tif,0.8,1,1757496895,156,31.0473,33.5973,2.55
300M,chip_060_083_merged.tif,0.8,2,1277551377,156,30.9536,32.7896,1.836
300M,chip_060_083_merged.tif,0.8,3,896944746,156,31.0372,34.655,3.6178
300M,chip_060_083_merged.tif,0.8,4,516338115,156,32.7886,33.6946,0.906
300M,chip_060_117_merged.tif,0.2,0,667875156,39,36.3084,38.2837,1.9753
300M,chip_060_117_merged.tif,0.2,1,287268525,39,35.467,39.9243,4.4573
300M,chip_060_117_merged.tif,0.2,2,1954806655,39,36.0704,40.8293,4.7588
300M,chip_060_117_merged.tif,0.2,3,1574200024,39,38.9252,40.0166,1.0914
300M,chip_060_117_merged.tif,0.2,4,1193593393,39,38.183,40.4403,2.2573
300M,chip_060_117_merged.tif,0.4,0,1849422621,78,38.4714,39.7838,1.3123
300M,chip_060_117_merged.tif,0.4,1,1369477103,78,39.5971,38.6356,-0.9615
300M,chip_060_117_merged.tif,0.4,2,988870472,78,35.6606,38.7459,3.0854
300M,chip_060_117_merged.tif,0.4,3,608263841,78,33.0763,39.8882,6.812
300M,chip_060_117_merged.tif,0.4,4,128318323,78,34.2316,36.1678,1.9362
300M,chip_060_117_merged.tif,0.6,0,1106124414,117,32.7669,38.674,5.9072
300M,chip_060_117_merged.tif,0.6,1,626178896,117,37.393,38.2442,0.8511
300M,chip_060_117_merged.tif,0.6,2,245572265,117,35.2373,37.8009,2.5636
300M,chip_060_117_merged.tif,0.6,3,2012449282,117,37.3668,38.7334,1.3666
300M,chip_060_117_merged.tif,0.6,4,1532503764,117,37.4109,39.3469,1.936
300M,chip_060_117_merged.tif,0.8,0,623532218,156,35.0528,36.2826,1.2299
300M,chip_060_117_merged.tif,0.8,1,242925587,156,35.3056,36.517,1.2114
300M,chip_060_117_merged.tif,0.8,2,1910463717,156,33.6225,37.0561,3.4336
300M,chip_060_117_merged.tif,0.8,3,1529857086,156,35.0487,37.3125,2.2639
300M,chip_060_117_merged.tif,0.8,4,1049911568,156,33.6328,35.7572,2.1244
300M,chip_060_118_merged.tif,0.2,0,1808410001,39,39.5577,40.3792,0.8216
300M,chip_060_118_merged.tif,0.2,1,1328464483,39,37.7802,41.7596,3.9794
300M,chip_060_118_merged.tif,0.2,2,947857852,39,35.5326,40.9176,5.385
300M,chip_060_118_merged.tif,0.2,3,567251221,39,41.2661,39.815,-1.4511
300M,chip_060_118_merged.tif,0.2,4,87305703,39,41.266,39.6931,-1.5729
300M,chip_060_118_merged.tif,0.4,0,743134931,78,38.1572,40.0334,1.8762
300M,chip_060_118_merged.tif,0.4,1,362528300,78,36.992,40.2057,3.2137
300M,chip_060_118_merged.tif,0.4,2,2030066430,78,38.156,40.5558,2.3998
300M,chip_060_118_merged.tif,0.4,3,1649459799,78,39.3581,40.121,0.763
300M,chip_060_118_merged.tif,0.4,4,1268853168,78,38.6593,40.3109,1.6516
300M,chip_060_118_merged.tif,0.6,0,904496461,117,39.0805,40.2391,1.1586
300M,chip_060_118_merged.tif,0.6,1,424550943,117,36.3646,38.8454,2.4808
300M,chip_060_118_merged.tif,0.6,2,43944312,117,37.9376,39.3217,1.3841
300M,chip_060_118_merged.tif,0.6,3,1711482442,117,36.3086,39.1315,2.8229
300M,chip_060_118_merged.tif,0.6,4,1330875811,117,39.2191,39.9127,0.6936
300M,chip_060_118_merged.tif,0.8,0,421904265,156,39.0951,37.6093,-1.4858
300M,chip_060_118_merged.tif,0.8,1,2089442395,156,35.8861,37.6418,1.7557
300M,chip_060_118_merged.tif,0.8,2,1708835764,156,39.1,37.5271,-1.5729
300M,chip_060_118_merged.tif,0.8,3,1328229133,156,37.1817,37.9975,0.8158
300M,chip_060_118_merged.tif,0.8,4,848283615,156,36.5716,37.1414,0.5698
300M,chip_063_116_merged.tif,0.2,0,1739033392,39,35.3788,36.9406,1.5618
300M,chip_063_116_merged.tif,0.2,1,1259087874,39,33.9603,36.7465,2.7862
300M,chip_063_116_merged.tif,0.2,2,878481243,39,34.892,37.3386,2.4466
300M,chip_063_116_merged.tif,0.2,3,398535725,39,35.3843,38.0383,2.654
300M,chip_063_116_merged.tif,0.2,4,17929094,39,34.3656,37.5403,3.1747
300M,chip_063_116_merged.tif,0.4,0,1479079172,78,32.9952,37.4402,4.4451
300M,chip_063_116_merged.tif,0.4,1,1098472541,78,34.3057,36.97,2.6643
300M,chip_063_116_merged.tif,0.4,2,618527023,78,35.0039,36.918,1.9141
300M,chip_063_116_merged.tif,0.4,3,237920392,78,34.284,36.5701,2.2861
300M,chip_063_116_merged.tif,0.4,4,2004797409,78,34.2829,37.1406,2.8577
300M,chip_063_116_merged.tif,0.6,0,735780965,117,33.9707,36.6851,2.7144
300M,chip_063_116_merged.tif,0.6,1,355174334,117,34.2892,36.3893,2.1
300M,chip_063_116_merged.tif,0.6,2,2022712464,117,33.5151,36.1433,2.6282
300M,chip_063_116_merged.tif,0.6,3,1642105833,117,33.4025,36.5193,3.1168
300M,chip_063_116_merged.tif,0.6,4,1261499202,117,33.3311,36.5322,3.2012
300M,chip_063_116_merged.tif,0.8,0,352527656,156,33.0072,35.9693,2.9621
300M,chip_063_116_merged.tif,0.8,1,2020065786,156,33.3564,35.201,1.8446
300M,chip_063_116_merged.tif,0.8,2,1639459155,156,32.8437,35.0245,2.1809
300M,chip_063_116_merged.tif,0.8,3,1159513637,156,33.2595,33.8631,0.6036
300M,chip_063_116_merged.tif,0.8,4,778907006,156,33.0209,35.0989,2.0779
300M,chip_064_067_merged.tif,0.2,0,464660653,39,31.3771,35.9261,4.549
300M,chip_064_067_merged.tif,0.2,1,2132198783,39,38.7618,42.9033,4.1415
300M,chip_064_067_merged.tif,0.2,2,1751592152,39,36.5111,37.4976,0.9865
300M,chip_064_067_merged.tif,0.2,3,1271646634,39,36.154,39.9145,3.7604
300M,chip_064_067_merged.tif,0.2,4,891040003,39,38.763,40.8538,2.0908
300M,chip_064_067_merged.tif,0.4,0,204706433,78,36.7079,41.3951,4.6872
300M,chip_064_067_merged.tif,0.4,1,1971583450,78,36.5896,40.4666,3.877
300M,chip_064_067_merged.tif,0.4,2,1590976819,78,36.981,37.277,0.296
300M,chip_064_067_merged.tif,0.4,3,1111031301,78,42.379,40.2305,-2.1485
300M,chip_064_067_merged.tif,0.4,4,730424670,78,42.3781,38.6767,-3.7015
300M,chip_064_067_merged.tif,0.6,0,1608891874,117,36.799,39.2924,2.4933
300M,chip_064_067_merged.tif,0.6,1,1228285243,117,35.9603,35.7529,-0.2074
300M,chip_064_067_merged.tif,0.6,2,847678612,117,36.9173,35.5895,-1.3278
300M,chip_064_067_merged.tif,0.6,3,367733094,117,37.6673,36.1915,-1.4759
300M,chip_064_067_merged.tif,0.6,4,2134610111,117,32.9957,37.1715,4.1758
300M,chip_064_067_merged.tif,0.8,0,1225638565,156,29.9706,33.9175,3.9469
300M,chip_064_067_merged.tif,0.8,1,745693047,156,31.4721,37.2448,5.7726
300M,chip_064_067_merged.tif,0.8,2,365086416,156,29.9612,37.2902,7.329
300M,chip_064_067_merged.tif,0.8,3,2032624546,156,31.4543,35.6644,4.2101
300M,chip_064_067_merged.tif,0.8,4,1652017915,156,32.9526,34.9114,1.9588
300M,chip_064_120_merged.tif,0.2,0,472967990,39,35.3583,37.1908,1.8324
300M,chip_064_120_merged.tif,0.2,1,92361359,39,34.916,38.3013,3.3853
300M,chip_064_120_merged.tif,0.2,2,1759899489,39,34.6994,38.1177,3.4184
300M,chip_064_120_merged.tif,0.2,3,1379292858,39,35.3578,38.5218,3.1639
300M,chip_064_120_merged.tif,0.2,4,899347340,39,37.2085,36.8436,-0.3649
300M,chip_064_120_merged.tif,0.4,0,1654515455,78,36.1544,38.1581,2.0037
300M,chip_064_120_merged.tif,0.4,1,1174569937,78,33.944,38.1492,4.2052
300M,chip_064_120_merged.tif,0.4,2,793963306,78,35.9905,37.8432,1.8527
300M,chip_064_120_merged.tif,0.4,3,314017788,78,35.7317,38.2702,2.5386
300M,chip_064_120_merged.tif,0.4,4,2080894805,78,35.73,38.1479,2.4179
300M,chip_064_120_merged.tif,0.6,0,1716538098,117,34.1339,37.4432,3.3093
300M,chip_064_120_merged.tif,0.6,1,1236592580,117,34.1932,37.0319,2.8387
300M,chip_064_120_merged.tif,0.6,2,855985949,117,33.9502,37.3883,3.4381
300M,chip_064_120_merged.tif,0.6,3,475379318,117,33.6115,36.8799,3.2685
300M,chip_064_120_merged.tif,0.6,4,2142917448,117,34.4863,36.5755,2.0892
300M,chip_064_120_merged.tif,0.8,0,1233945902,156,33.7108,36.8527,3.1419
300M,chip_064_120_merged.tif,0.8,1,853339271,156,33.5233,37.1443,3.621
300M,chip_064_120_merged.tif,0.8,2,373393753,156,33.6235,36.206,2.5826
300M,chip_064_120_merged.tif,0.8,3,2140270770,156,33.5317,35.7737,2.2421
300M,chip_064_120_merged.tif,0.8,4,1660325252,156,32.6165,35.3577,2.7412
300M,chip_064_352_merged.tif,0.2,0,1703173790,39,32.3181,33.2663,0.9482
300M,chip_064_352_merged.tif,0.2,1,1322567159,39,29.8966,32.6164,2.7198
300M,chip_064_352_merged.tif,0.2,2,842621641,39,32.3175,33.752,1.4344
300M,chip_064_352_merged.tif,0.2,3,462015010,39,31.6727,32.7321,1.0594
300M,chip_064_352_merged.tif,0.2,4,81408379,39,31.4051,33.5975,2.1925
300M,chip_064_352_merged.tif,0.4,0,1542558457,78,30.3475,32.1874,1.8399
300M,chip_064_352_merged.tif,0.4,1,1161951826,78,30.1637,32.4951,2.3313
300M,chip_064_352_merged.tif,0.4,2,682006308,78,29.5565,32.443,2.8865
300M,chip_064_352_merged.tif,0.4,3,301399677,78,31.5992,33.1855,1.5863
300M,chip_064_352_merged.tif,0.4,4,1968937807,78,30.67,32.3433,1.6733
300M,chip_064_352_merged.tif,0.6,0,799260250,117,30.9178,31.694,0.7763
300M,chip_064_352_merged.tif,0.6,1,418653619,117,29.9751,31.5725,1.5974
300M,chip_064_352_merged.tif,0.6,2,2086191749,117,29.9628,32.3463,2.3836
300M,chip_064_352_merged.tif,0.6,3,1705585118,117,30.8106,31.8938,1.0832
300M,chip_064_352_merged.tif,0.6,4,1225639600,117,29.9689,32.5529,2.5839
300M,chip_064_352_merged.tif,0.8,0,316668054,156,30.4399,31.1811,0.7412
300M,chip_064_352_merged.tif,0.8,1,2083545071,156,29.2888,31.0528,1.7639
300M,chip_064_352_merged.tif,0.8,2,1603599553,156,30.0211,31.2809,1.2597
300M,chip_064_352_merged.tif,0.8,3,1222992922,156,29.395,31.0996,1.7046
300M,chip_064_352_merged.tif,0.8,4,842386291,156,30.4149,31.4622,1.0474
300M,chip_064_354_merged.tif,0.2,0,1059364196,39,32.6878,33.84,1.1522
300M,chip_064_354_merged.tif,0.2,1,579418678,39,29.5773,33.5187,3.9415
300M,chip_064_354_merged.tif,0.2,2,198812047,39,30.5865,34.1889,3.6024
300M,chip_064_354_merged.tif,0.2,3,1866350177,39,33.3692,34.3101,0.9408
300M,chip_064_354_merged.tif,0.2,4,1485743546,39,30.6992,33.9965,3.2973
300M,chip_064_354_merged.tif,0.4,0,799409976,78,29.3347,32.774,3.4393
300M,chip_064_354_merged.tif,0.4,1,418803345,78,30.7109,33.6688,2.9579
300M,chip_064_354_merged.tif,0.4,2,2086341475,78,30.7113,32.9798,2.2685
300M,chip_064_354_merged.tif,0.4,3,1705734844,78,29.8312,33.0912,3.26
300M,chip_064_354_merged.tif,0.4,4,1325128213,78,30.7363,33.3415,2.6052
300M,chip_064_354_merged.tif,0.6,0,56111769,117,28.6439,32.3747,3.7308
300M,chip_064_354_merged.tif,0.6,1,1822988786,117,30.2721,32.9677,2.6956
300M,chip_064_354_merged.tif,0.6,2,1343043268,117,30.0393,33.036,2.9967
300M,chip_064_354_merged.tif,0.6,3,962436637,117,30.2753,32.7157,2.4404
300M,chip_064_354_merged.tif,0.6,4,581830006,117,29.6003,32.9987,3.3984
300M,chip_064_354_merged.tif,0.8,0,1820342108,156,29.9661,31.8385,1.8724
300M,chip_064_354_merged.tif,0.8,1,1340396590,156,30.3021,31.7726,1.4705
300M,chip_064_354_merged.tif,0.8,2,959789959,156,29.6664,30.4913,0.8249
300M,chip_064_354_merged.tif,0.8,3,479844441,156,28.4935,31.8754,3.3819
300M,chip_064_354_merged.tif,0.8,4,99237810,156,29.9599,31.3434,1.3835
300M,chip_065_348_merged.tif,0.2,0,371080296,39,31.3217,32.3054,0.9837
300M,chip_065_348_merged.tif,0.2,1,2137957313,39,31.1216,32.9216,1.8001
300M,chip_065_348_merged.tif,0.2,2,1658011795,39,31.0156,32.985,1.9695
300M,chip_065_348_merged.tif,0.2,3,1277405164,39,31.2902,33.8476,2.5574
300M,chip_065_348_merged.tif,0.2,4,896798533,39,31.3399,33.3609,2.021
300M,chip_065_348_merged.tif,0.4,0,210464963,78,31.112,32.9706,1.8586
300M,chip_065_348_merged.tif,0.4,1,1977341980,78,30.435,32.347,1.912
300M,chip_065_348_merged.tif,0.4,2,1497396462,78,31.1122,32.7015,1.5893
300M,chip_065_348_merged.tif,0.4,3,1116789831,78,30.0995,31.8461,1.7466
300M,chip_065_348_merged.tif,0.4,4,636844313,78,31.0686,32.6563,1.5877
300M,chip_065_348_merged.tif,0.6,0,1614650404,117,29.3399,32.1969,2.857
300M,chip_065_348_merged.tif,0.6,1,1234043773,117,29.7268,32.4591,2.7323
300M,chip_065_348_merged.tif,0.6,2,754098255,117,29.7536,32.6271,2.8735
300M,chip_065_348_merged.tif,0.6,3,373491624,117,30.6067,32.5647,1.9579
300M,chip_065_348_merged.tif,0.6,4,2041029754,117,29.7023,32.3554,2.6532
300M,chip_065_348_merged.tif,0.8,0,1132058208,156,29.8671,31.602,1.7349
300M,chip_065_348_merged.tif,0.8,1,751451577,156,29.1741,31.0889,1.9148
300M,chip_065_348_merged.tif,0.8,2,271506059,156,29.42,31.5758,2.1558
300M,chip_065_348_merged.tif,0.8,3,2038383076,156,28.5166,31.5446,3.028
300M,chip_065_348_merged.tif,0.8,4,1657776445,156,29.1701,31.2834,2.1133
300M,chip_066_347_merged.tif,0.2,0,1989310281,39,30.6811,34.6377,3.9566
300M,chip_066_347_merged.tif,0.2,1,1608703650,39,33.025,34.4513,1.4263
300M,chip_066_347_merged.tif,0.2,2,1128758132,39,33.0508,34.2692,1.2184
300M,chip_066_347_merged.tif,0.2,3,748151501,39,31.7764,34.9081,3.1317
300M,chip_066_347_merged.tif,0.2,4,268205983,39,34.0067,33.745,-0.2617
300M,chip_066_347_merged.tif,0.4,0,1828694948,78,30.2382,33.6706,3.4323
300M,chip_066_347_merged.tif,0.4,1,1348749430,78,30.8328,34.2517,3.4189
300M,chip_066_347_merged.tif,0.4,2,968142799,78,32.2988,34.1316,1.8328
300M,chip_066_347_merged.tif,0.4,3,587536168,78,31.512,33.1798,1.6677
300M,chip_066_347_merged.tif,0.4,4,107590650,78,32.2986,34.4544,2.1557
300M,chip_066_347_merged.tif,0.6,0,1085396741,117,31.6198,33.9259,2.306
300M,chip_066_347_merged.tif,0.6,1,605451223,117,29.5691,34.5356,4.9665
300M,chip_066_347_merged.tif,0.6,2,224844592,117,31.6338,33.0821,1.4482
300M,chip_066_347_merged.tif,0.6,3,1991721609,117,29.5717,34.0662,4.4945
300M,chip_066_347_merged.tif,0.6,4,1511776091,117,29.5621,33.8489,4.2868
300M,chip_066_347_merged.tif,0.8,0,602804545,156,29.7533,32.1396,2.3863
300M,chip_066_347_merged.tif,0.8,1,222197914,156,31.4757,32.2799,0.8043
300M,chip_066_347_merged.tif,0.8,2,1889736044,156,31.3017,32.0616,0.7599
300M,chip_066_347_merged.tif,0.8,3,1509129413,156,29.3612,32.9371,3.5759
300M,chip_066_347_merged.tif,0.8,4,1029183895,156,29.2442,32.5133,3.269
300M,chip_067_282_merged.tif,0.2,0,2011453840,39,34.2481,35.342,1.0939
300M,chip_067_282_merged.tif,0.2,1,1630847209,39,33.5102,37.7411,4.2309
300M,chip_067_282_merged.tif,0.2,2,1250240578,39,33.2786,39.1194,5.8408
300M,chip_067_282_merged.tif,0.2,3,770295060,39,32.4626,38.3033,5.8406
300M,chip_067_282_merged.tif,0.2,4,389688429,39,35.7378,36.967,1.2292
300M,chip_067_282_merged.tif,0.4,0,1850838507,78,32.2662,35.7564,3.4902
300M,chip_067_282_merged.tif,0.4,1,1470231876,78,32.6673,35.158,2.4907
300M,chip_067_282_merged.tif,0.4,2,990286358,78,32.4721,35.771,3.2989
300M,chip_067_282_merged.tif,0.4,3,609679727,78,31.6078,36.7096,5.1018
300M,chip_067_282_merged.tif,0.4,4,229073096,78,32.5712,36.1084,3.5372
300M,chip_067_282_merged.tif,0.6,0,1107540300,117,31.0862,34.8711,3.7849
300M,chip_067_282_merged.tif,0.6,1,726933669,117,30.8156,35.0521,4.2365
300M,chip_067_282_merged.tif,0.6,2,246988151,117,31.1149,35.1481,4.0332
300M,chip_067_282_merged.tif,0.6,3,2013865168,117,32.6408,34.6226,1.9818
300M,chip_067_282_merged.tif,0.6,4,1633258537,117,32.1775,35.094,2.9164
300M,chip_067_282_merged.tif,0.8,0,624948104,156,31.3831,34.1491,2.766
300M,chip_067_282_merged.tif,0.8,1,244341473,156,31.2686,32.7841,1.5155
300M,chip_067_282_merged.tif,0.8,2,2011218490,156,31.6182,32.4002,0.782
300M,chip_067_282_merged.tif,0.8,3,1531272972,156,31.9354,32.9524,1.017
300M,chip_067_282_merged.tif,0.8,4,1150666341,156,32.1468,34.4084,2.2617
300M,chip_069_353_merged.tif,0.2,0,124696358,39,31.1319,34.7489,3.617
300M,chip_069_353_merged.tif,0.2,1,1891573375,39,33.7863,34.6089,0.8227
300M,chip_069_353_merged.tif,0.2,2,1510966744,39,33.3201,34.7022,1.3822
300M,chip_069_353_merged.tif,0.2,3,1031021226,39,32.7995,34.6442,1.8447
300M,chip_069_353_merged.tif,0.2,4,650414595,39,33.7857,34.7957,1.01
300M,chip_069_353_merged.tif,0.4,0,2111564673,78,33.326,33.4552,0.1292
300M,chip_069_353_merged.tif,0.4,1,1730958042,78,32.6478,34.2978,1.65
300M,chip_069_353_merged.tif,0.4,2,1251012524,78,32.1692,34.6705,2.5013
300M,chip_069_353_merged.tif,0.4,3,870405893,78,32.4413,34.5347,2.0934
300M,chip_069_353_merged.tif,0.4,4,390460375,78,31.9637,34.0322,2.0685
300M,chip_069_353_merged.tif,0.6,0,1368266466,117,32.0868,34.1676,2.0808
300M,chip_069_353_merged.tif,0.6,1,987659835,117,32.4887,34.41,1.9214
300M,chip_069_353_merged.tif,0.6,2,507714317,117,32.3304,34.017,1.6866
300M,chip_069_353_merged.tif,0.6,3,127107686,117,31.6474,34.1452,2.4978
300M,chip_069_353_merged.tif,0.6,4,1794645816,117,32.4881,33.5241,1.036
300M,chip_069_353_merged.tif,0.8,0,885674270,156,31.4653,32.9981,1.5329
300M,chip_069_353_merged.tif,0.8,1,505067639,156,30.7771,32.5656,1.7885
300M,chip_069_353_merged.tif,0.8,2,124461008,156,31.9267,33.3177,1.391
300M,chip_069_353_merged.tif,0.8,3,1791999138,156,31.9341,33.2682,1.3341
300M,chip_069_353_merged.tif,0.8,4,1411392507,156,31.5819,33.4723,1.8904
300M,chip_071_257_merged.tif,0.2,0,1171614058,39,36.4911,39.4037,2.9126
300M,chip_071_257_merged.tif,0.2,1,791007427,39,36.5574,39.2464,2.6891
300M,chip_071_257_merged.tif,0.2,2,311061909,39,36.5583,39.7593,3.201
300M,chip_071_257_merged.tif,0.2,3,2077938926,39,35.7225,38.7482,3.0258
300M,chip_071_257_merged.tif,0.2,4,1697332295,39,36.9427,38.5826,1.6399
300M,chip_071_257_merged.tif,0.4,0,205677875,78,36.5561,38.714,2.1579
300M,chip_071_257_merged.tif,0.4,1,1873216005,78,33.702,38.4419,4.7399
300M,chip_071_257_merged.tif,0.4,2,1492609374,78,33.9781,38.3475,4.3694
300M,chip_071_257_merged.tif,0.4,3,1012663856,78,34.0243,37.8491,3.8248
300M,chip_071_257_merged.tif,0.4,4,632057225,78,36.673,38.7462,2.0732
300M,chip_071_257_merged.tif,0.6,0,267700518,117,34.7092,37.1404,2.4313
300M,chip_071_257_merged.tif,0.6,1,2034577535,117,33.0109,38.0846,5.0737
300M,chip_071_257_merged.tif,0.6,2,1554632017,117,36.1921,37.872,1.6799
300M,chip_071_257_merged.tif,0.6,3,1174025386,117,32.8544,37.757,4.9026
300M,chip_071_257_merged.tif,0.6,4,694079868,117,32.9894,38.4926,5.5033
300M,chip_071_257_merged.tif,0.8,0,1932591970,156,34.8919,37.1491,2.2572
300M,chip_071_257_merged.tif,0.8,1,1551985339,156,34.641,37.1324,2.4914
300M,chip_071_257_merged.tif,0.8,2,1072039821,156,34.8697,36.6574,1.7877
300M,chip_071_257_merged.tif,0.8,3,691433190,156,34.6277,37.088,2.4603
300M,chip_071_257_merged.tif,0.8,4,310826559,156,33.5054,36.7865,3.2811
300M,chip_074_351_merged.tif,0.2,0,738631216,39,32.0079,34.8184,2.8105
300M,chip_074_351_merged.tif,0.2,1,258685698,39,32.3145,34.1304,1.8159
300M,chip_074_351_merged.tif,0.2,2,2025562715,39,32.427,34.6655,2.2385
300M,chip_074_351_merged.tif,0.2,3,1545617197,39,32.4266,34.3386,1.912
300M,chip_074_351_merged.tif,0.2,4,1165010566,39,32.3858,34.3692,1.9835
300M,chip_074_351_merged.tif,0.4,0,1820839794,78,32.2149,34.099,1.884
300M,chip_074_351_merged.tif,0.4,1,1440233163,78,31.9164,34.1255,2.209
300M,chip_074_351_merged.tif,0.4,2,960287645,78,31.2839,34.1765,2.8926
300M,chip_074_351_merged.tif,0.4,3,579681014,78,31.9614,34.2285,2.2671
300M,chip_074_351_merged.tif,0.4,4,199074383,78,31.4583,34.3809,2.9225
300M,chip_074_351_merged.tif,0.6,0,1982201324,117,31.5842,33.4709,1.8868
300M,chip_074_351_merged.tif,0.6,1,1502255806,117,31.3775,33.2776,1.9001
300M,chip_074_351_merged.tif,0.6,2,1121649175,117,31.2947,34.1522,2.8575
300M,chip_074_351_merged.tif,0.6,3,641703657,117,30.3156,33.2856,2.97
300M,chip_074_351_merged.tif,0.6,4,261097026,117,31.0373,33.4995,2.4622
300M,chip_074_351_merged.tif,0.8,0,1499609128,156,31.5613,33.2919,1.7307
300M,chip_074_351_merged.tif,0.8,1,1019663610,156,30.8908,33.0466,2.1559
300M,chip_074_351_merged.tif,0.8,2,639056979,156,31.7304,32.4274,0.697
300M,chip_074_351_merged.tif,0.8,3,159111461,156,31.7438,32.6697,0.9259
300M,chip_074_351_merged.tif,0.8,4,1925988478,156,31.314,32.3691,1.0551
300M,chip_075_347_merged.tif,0.2,0,1513835310,39,31.7325,33.9908,2.2582
300M,chip_075_347_merged.tif,0.2,1,1133228679,39,30.2321,34.1491,3.917
300M,chip_075_347_merged.tif,0.2,2,653283161,39,32.3766,33.5138,1.1372
300M,chip_075_347_merged.tif,0.2,3,272676530,39,30.9431,34.1503,3.2072
300M,chip_075_347_merged.tif,0.2,4,2039553547,39,32.9566,33.7879,0.8313
300M,chip_075_347_merged.tif,0.4,0,547899127,78,29.3712,33.6428,4.2716
300M,chip_075_347_merged.tif,0.4,1,67953609,78,29.3712,33.7081,4.3369
300M,chip_075_347_merged.tif,0.4,2,1834830626,78,30.0999,33.5982,3.4984
300M,chip_075_347_merged.tif,0.4,3,1354885108,78,30.2088,33.3781,3.1693
300M,chip_075_347_merged.tif,0.4,4,974278477,78,29.3716,33.4523,4.0807
300M,chip_075_347_merged.tif,0.6,0,609921770,117,30.6026,33.0847,2.4821
300M,chip_075_347_merged.tif,0.6,1,229315139,117,31.0822,33.2807,2.1985
300M,chip_075_347_merged.tif,0.6,2,1896853269,117,30.0744,32.9803,2.906
300M,chip_075_347_merged.tif,0.6,3,1516246638,117,30.0842,33.0548,2.9706
300M,chip_075_347_merged.tif,0.6,4,1036301120,117,30.9541,32.6958,1.7417
300M,chip_075_347_merged.tif,0.8,0,127329574,156,30.8231,32.5224,1.6993
300M,chip_075_347_merged.tif,0.8,1,1894206591,156,31.0446,32.1734,1.1288
300M,chip_075_347_merged.tif,0.8,2,1414261073,156,31.0392,32.256,1.2168
300M,chip_075_347_merged.tif,0.8,3,1033654442,156,30.8314,31.9595,1.128
300M,chip_075_347_merged.tif,0.8,4,653047811,156,31.0473,32.2852,1.2379
300M,chip_075_350_merged.tif,0.2,0,794666634,39,35.043,36.1332,1.0902
300M,chip_075_350_merged.tif,0.2,1,314721116,39,32.0599,36.155,4.0951
300M,chip_075_350_merged.tif,0.2,2,2081598133,39,31.7114,36.4932,4.7818
300M,chip_075_350_merged.tif,0.2,3,1601652615,39,34.6073,34.2769,-0.3304
300M,chip_075_350_merged.tif,0.2,4,1221045984,39,33.6338,35.5355,1.9017
300M,chip_075_350_merged.tif,0.4,0,1876875212,78,32.0061,35.4203,3.4143
300M,chip_075_350_merged.tif,0.4,1,1496268581,78,33.4578,35.2178,1.7599
300M,chip_075_350_merged.tif,0.4,2,1016323063,78,34.1404,35.1233,0.983
300M,chip_075_350_merged.tif,0.4,3,635716432,78,33.1134,35.1956,2.0823
300M,chip_075_350_merged.tif,0.4,4,155770914,78,33.0711,35.1523,2.0812
300M,chip_075_350_merged.tif,0.6,0,1938897855,117,30.7708,34.4884,3.7176
300M,chip_075_350_merged.tif,0.6,1,1558291224,117,32.8325,34.2547,1.4221
300M,chip_075_350_merged.tif,0.6,2,1078345706,117,31.4438,33.862,2.4181
300M,chip_075_350_merged.tif,0.6,3,697739075,117,32.8289,34.8266,1.9977
300M,chip_075_350_merged.tif,0.6,4,317132444,117,30.7745,34.4082,3.6337
300M,chip_075_350_merged.tif,0.8,0,1555644546,156,30.6925,33.5112,2.8187
300M,chip_075_350_merged.tif,0.8,1,1075699028,156,31.2016,32.2421,1.0405
300M,chip_075_350_merged.tif,0.8,2,695092397,156,29.8018,33.5407,3.7389
300M,chip_075_350_merged.tif,0.8,3,215146879,156,30.6059,33.1179,2.5119
300M,chip_075_350_merged.tif,0.8,4,1982023896,156,31.2042,33.6302,2.426
300M,chip_079_220_merged.tif,0.2,0,2087050298,39,32.2555,37.9333,5.6778
300M,chip_079_220_merged.tif,0.2,1,1607104780,39,31.1269,34.1439,3.017
300M,chip_079_220_merged.tif,0.2,2,1226498149,39,31.4326,36.8768,5.4443
300M,chip_079_220_merged.tif,0.2,3,845891518,39,31.1267,37.3509,6.2242
300M,chip_079_220_merged.tif,0.2,4,365946000,39,30.8954,37.7597,6.8643
300M,chip_079_220_merged.tif,0.4,0,1021775228,78,31.7804,34.4341,2.6537
300M,chip_079_220_merged.tif,0.4,1,641168597,78,30.4434,37.5977,7.1544
300M,chip_079_220_merged.tif,0.4,2,260561966,78,30.4429,35.6602,5.2174
300M,chip_079_220_merged.tif,0.4,3,1928100096,78,32.2964,34.4293,2.1329
300M,chip_079_220_merged.tif,0.4,4,1547493465,78,30.4431,37.3234,6.8803
300M,chip_079_220_merged.tif,0.6,0,278477021,117,29.7658,35.5385,5.7727
300M,chip_079_220_merged.tif,0.6,1,2045354038,117,31.2517,33.4694,2.2178
300M,chip_079_220_merged.tif,0.6,2,1664747407,117,31.4518,33.7013,2.2495
300M,chip_079_220_merged.tif,0.6,3,1184801889,117,32.1333,34.9536,2.8203
300M,chip_079_220_merged.tif,0.6,4,804195258,117,30.3231,35.1417,4.8186
300M,chip_079_220_merged.tif,0.8,0,2042707360,156,30.0509,34.2661,4.2151
300M,chip_079_220_merged.tif,0.8,1,1562761842,156,29.9931,34.3255,4.3324
300M,chip_079_220_merged.tif,0.8,2,1182155211,156,30.0025,32.4351,2.4327
300M,chip_079_220_merged.tif,0.8,3,702209693,156,29.1278,32.8521,3.7243
300M,chip_079_220_merged.tif,0.8,4,321603062,156,30.9045,33.6458,2.7414
300M,chip_080_231_merged.tif,0.2,0,723568822,39,34.8444,37.8247,2.9803
300M,chip_080_231_merged.tif,0.2,1,342962191,39,37.6652,35.8131,-1.8521
300M,chip_080_231_merged.tif,0.2,2,2010500321,39,36.8522,38.1171,1.2649
300M,chip_080_231_merged.tif,0.2,3,1629893690,39,35.4883,37.8237,2.3354
300M,chip_080_231_merged.tif,0.2,4,1249287059,39,29.7516,35.816,6.0644
300M,chip_080_231_merged.tif,0.4,0,562953489,78,36.2617,37.1707,0.909
300M,chip_080_231_merged.tif,0.4,1,182346858,78,32.2366,36.9546,4.7179
300M,chip_080_231_merged.tif,0.4,2,1849884988,78,33.3337,36.6742,3.3405
300M,chip_080_231_merged.tif,0.4,3,1469278357,78,33.1451,36.0767,2.9315
300M,chip_080_231_merged.tif,0.4,4,989332839,78,34.0377,36.0581,2.0204
300M,chip_080_231_merged.tif,0.6,0,1967138930,117,34.4029,35.5386,1.1357
300M,chip_080_231_merged.tif,0.6,1,1586532299,117,33.7812,35.1532,1.372
300M,chip_080_231_merged.tif,0.6,2,1106586781,117,33.4112,35.5739,2.1627
300M,chip_080_231_merged.tif,0.6,3,725980150,117,32.7025,36.0115,3.309
300M,chip_080_231_merged.tif,0.6,4,246034632,117,32.6626,36.0229,3.3603
300M,chip_080_231_merged.tif,0.8,0,1484546734,156,32.4333,32.3092,-0.1242
300M,chip_080_231_merged.tif,0.8,1,1103940103,156,31.6078,34.3876,2.7798
300M,chip_080_231_merged.tif,0.8,2,623994585,156,32.5955,32.4202,-0.1753
300M,chip_080_231_merged.tif,0.8,3,243387954,156,32.3764,34.225,1.8486
300M,chip_080_231_merged.tif,0.8,4,2010264971,156,32.1298,34.2865,2.1567
300M,chip_081_176_merged.tif,0.2,0,1651382332,39,34.682,38.7267,4.0447
300M,chip_081_176_merged.tif,0.2,1,1270775701,39,31.3852,38.4568,7.0716
300M,chip_081_176_merged.tif,0.2,2,790830183,39,31.3825,38.5735,7.1909
300M,chip_081_176_merged.tif,0.2,3,410223552,39,31.4917,38.9607,7.469
300M,chip_081_176_merged.tif,0.2,4,29616921,39,31.4924,38.3018,6.8095
300M,chip_081_176_merged.tif,0.4,0,1490766999,78,29.8177,38.5058,8.6881
300M,chip_081_176_merged.tif,0.4,1,1110160368,78,30.0124,36.3894,6.377
300M,chip_081_176_merged.tif,0.4,2,630214850,78,31.9273,38.8798,6.9525
300M,chip_081_176_merged.tif,0.4,3,249608219,78,29.6224,37.9991,8.3767
300M,chip_081_176_merged.tif,0.4,4,1917146349,78,31.9278,38.2569,6.3292
300M,chip_081_176_merged.tif,0.6,0,747468792,117,32.4906,36.6897,4.199
300M,chip_081_176_merged.tif,0.6,1,366862161,117,31.0159,37.7529,6.737
300M,chip_081_176_merged.tif,0.6,2,2034400291,117,30.9668,37.9625,6.9958
300M,chip_081_176_merged.tif,0.6,3,1653793660,117,31.3177,34.765,3.4473
300M,chip_081_176_merged.tif,0.6,4,1173848142,117,30.9062,38.3055,7.3993
300M,chip_081_176_merged.tif,0.8,0,264876596,156,31.5521,32.6953,1.1431
300M,chip_081_176_merged.tif,0.8,1,2031753613,156,31.3696,31.9351,0.5655
300M,chip_081_176_merged.tif,0.8,2,1551808095,156,31.557,33.2958,1.7388
300M,chip_081_176_merged.tif,0.8,3,1171201464,156,31.5661,33.1374,1.5714
300M,chip_081_176_merged.tif,0.8,4,790594833,156,31.7451,34.6248,2.8797
300M,chip_081_345_merged.tif,0.2,0,369541713,39,36.9581,37.1724,0.2143
300M,chip_081_345_merged.tif,0.2,1,2037079843,39,33.5328,36.9301,3.3972
300M,chip_081_345_merged.tif,0.2,2,1656473212,39,35.9498,37.8137,1.8639
300M,chip_081_345_merged.tif,0.2,3,1176527694,39,32.3985,37.9772,5.5787
300M,chip_081_345_merged.tif,0.2,4,795921063,39,34.9143,37.4201,2.5058
300M,chip_081_345_merged.tif,0.4,0,109587493,78,31.9097,35.9709,4.0612
300M,chip_081_345_merged.tif,0.4,1,1876464510,78,35.0366,36.7982,1.7616
300M,chip_081_345_merged.tif,0.4,2,1495857879,78,34.4684,35.7848,1.3165
300M,chip_081_345_merged.tif,0.4,3,1015912361,78,34.3014,35.3621,1.0607
300M,chip_081_345_merged.tif,0.4,4,635305730,78,35.0361,37.3865,2.3504
300M,chip_081_345_merged.tif,0.6,0,1513772934,117,31.3804,35.2977,3.9173
300M,chip_081_345_merged.tif,0.6,1,1133166303,117,31.2715,35.5029,4.2314
300M,chip_081_345_merged.tif,0.6,2,752559672,117,34.3994,34.791,0.3916
300M,chip_081_345_merged.tif,0.6,3,272614154,117,31.2943,35.6924,4.3981
300M,chip_081_345_merged.tif,0.6,4,2039491171,117,33.4333,35.6808,2.2474
300M,chip_081_345_merged.tif,0.8,0,1130519625,156,31.2304,34.1971,2.9667
300M,chip_081_345_merged.tif,0.8,1,650574107,156,31.9469,34.4635,2.5166
300M,chip_081_345_merged.tif,0.8,2,269967476,156,31.805,34.6184,2.8134
300M,chip_081_345_merged.tif,0.8,3,1937505606,156,31.9655,34.1508,2.1852
300M,chip_081_345_merged.tif,0.8,4,1556898975,156,31.425,33.9764,2.5514
300M,chip_082_339_merged.tif,0.2,0,640821700,39,35.9483,37.7506,1.8023
300M,chip_082_339_merged.tif,0.2,1,260215069,39,37.9155,36.9803,-0.9353
300M,chip_082_339_merged.tif,0.2,2,1927753199,39,37.9143,37.9135,-0.0008
300M,chip_082_339_merged.tif,0.2,3,1547146568,39,34.4867,38.7539,4.2672
300M,chip_082_339_merged.tif,0.2,4,1067201050,39,35.8213,37.968,2.1467
300M,chip_082_339_merged.tif,0.4,0,480206367,78,35.1442,37.3794,2.2352
300M,chip_082_339_merged.tif,0.4,1,260849,78,33.7868,36.5059,2.7191
300M,chip_082_339_merged.tif,0.4,2,1767137866,78,34.4281,37.6322,3.2041
300M,chip_082_339_merged.tif,0.4,3,1386531235,78,34.6659,38.0767,3.4108
300M,chip_082_339_merged.tif,0.4,4,906585717,78,36.2901,36.8672,0.5772
300M,chip_082_339_merged.tif,0.6,0,1884391808,117,34.7927,37.8582,3.0655
300M,chip_082_339_merged.tif,0.6,1,1404446290,117,35.336,37.1158,1.7797
300M,chip_082_339_merged.tif,0.6,2,1023839659,117,34.4008,36.0343,1.6335
300M,chip_082_339_merged.tif,0.6,3,643233028,117,34.291,36.9808,2.6898
300M,chip_082_339_merged.tif,0.6,4,163287510,117,34.743,36.6615,1.9185
300M,chip_082_339_merged.tif,0.8,0,1401799612,156,34.5915,36.2952,1.7037
300M,chip_082_339_merged.tif,0.8,1,1021192981,156,34.6783,35.6795,1.0011
300M,chip_082_339_merged.tif,0.8,2,541247463,156,34.3753,36.2611,1.8858
300M,chip_082_339_merged.tif,0.8,3,160640832,156,34.5893,36.3847,1.7954
300M,chip_082_339_merged.tif,0.8,4,1828178962,156,34.4452,35.0922,0.647
300M,chip_083_175_merged.tif,0.2,0,65261313,39,27.7038,36.0528,8.349
300M,chip_083_175_merged.tif,0.2,1,1732799443,39,32.0488,35.425,3.3761
300M,chip_083_175_merged.tif,0.2,2,1352192812,39,30.6134,36.0619,5.4485
300M,chip_083_175_merged.tif,0.2,3,872247294,39,32.6379,35.2832,2.6453
300M,chip_083_175_merged.tif,0.2,4,491640663,39,33.0887,36.683,3.5943
300M,chip_083_175_merged.tif,0.4,0,1952790741,78,29.9593,36.0238,6.0645
300M,chip_083_175_merged.tif,0.4,1,1572184110,78,32.0888,35.9325,3.8437
300M,chip_083_175_merged.tif,0.4,2,1191577479,78,29.7206,35.859,6.1384
300M,chip_083_175_merged.tif,0.4,3,711631961,78,33.405,35.0719,1.6669
300M,chip_083_175_merged.tif,0.4,4,331025330,78,32.0899,35.3299,3.24
300M,chip_083_175_merged.tif,0.6,0,1209492534,117,30.1047,34.5522,4.4474
300M,chip_083_175_merged.tif,0.6,1,828885903,117,30.3897,35.2527,4.8629
300M,chip_083_175_merged.tif,0.6,2,448279272,117,30.1168,34.9697,4.8528
300M,chip_083_175_merged.tif,0.6,3,2115817402,117,30.0062,34.2743,4.2681
300M,chip_083_175_merged.tif,0.6,4,1735210771,117,30.111,34.716,4.605
300M,chip_083_175_merged.tif,0.8,0,826239225,156,29.5432,34.0313,4.488
300M,chip_083_175_merged.tif,0.8,1,346293707,156,29.5341,34.2659,4.7318
300M,chip_083_175_merged.tif,0.8,2,2113170724,156,29.5542,33.549,3.9948
300M,chip_083_175_merged.tif,0.8,3,1633225206,156,29.5336,34.6332,5.0996
300M,chip_083_175_merged.tif,0.8,4,1252618575,156,30.4776,32.447,1.9694
300M,chip_083_208_merged.tif,0.2,0,591140301,39,32.5307,34.784,2.2533
300M,chip_083_208_merged.tif,0.2,1,111194783,39,30.518,33.8943,3.3762
300M,chip_083_208_merged.tif,0.2,2,1878071800,39,32.0046,35.0164,3.0118
300M,chip_083_208_merged.tif,0.2,3,1398126282,39,30.5705,35.0795,4.509
300M,chip_083_208_merged.tif,0.2,4,1017519651,39,30.5187,34.8032,4.2846
300M,chip_083_208_merged.tif,0.4,0,1673348879,78,29.6249,33.7359,4.111
300M,chip_083_208_merged.tif,0.4,1,1292742248,78,30.5771,34.1205,3.5434
300M,chip_083_208_merged.tif,0.4,2,812796730,78,31.3439,34.0784,2.7345
300M,chip_083_208_merged.tif,0.4,3,432190099,78,29.8119,34.4331,4.6212
300M,chip_083_208_merged.tif,0.4,4,51583468,78,30.1226,35.2555,5.1329
300M,chip_083_208_merged.tif,0.6,0,1735371522,117,29.9817,33.6436,3.6619
300M,chip_083_208_merged.tif,0.6,1,1354764891,117,29.8477,32.2681,2.4204
300M,chip_083_208_merged.tif,0.6,2,974158260,117,29.8308,32.6315,2.8008
300M,chip_083_208_merged.tif,0.6,3,494212742,117,30.2476,33.7967,3.5492
300M,chip_083_208_merged.tif,0.6,4,113606111,117,30.468,32.3488,1.8808
300M,chip_083_208_merged.tif,0.8,0,1352118213,156,28.7829,31.2614,2.4785
300M,chip_083_208_merged.tif,0.8,1,872172695,156,30.1092,31.1552,1.046
300M,chip_083_208_merged.tif,0.8,2,491566064,156,28.7803,32.4385,3.6582
300M,chip_083_208_merged.tif,0.8,3,11620546,156,30.1109,31.4176,1.3066
300M,chip_083_208_merged.tif,0.8,4,1778497563,156,29.9392,31.4531,1.514
300M,chip_084_207_merged.tif,0.2,0,610406803,39,34.1931,37.2301,3.037
300M,chip_084_207_merged.tif,0.2,1,130461285,39,36.5326,36.9441,0.4115
300M,chip_084_207_merged.tif,0.2,2,1897338302,39,34.1938,36.2014,2.0077
300M,chip_084_207_merged.tif,0.2,3,1417392784,39,32.7444,34.3569,1.6125
300M,chip_084_207_merged.tif,0.2,4,1036786153,39,32.3074,37.2053,4.8979
300M,chip_084_207_merged.tif,0.4,0,350452583,78,33.1664,36.5788,3.4124
300M,chip_084_207_merged.tif,0.4,1,2117329600,78,32.8527,36.2422,3.3895
300M,chip_084_207_merged.tif,0.4,2,1736722969,78,33.1663,36.0165,2.8501
300M,chip_084_207_merged.tif,0.4,3,1256777451,78,35.2117,36.1162,0.9046
300M,chip_084_207_merged.tif,0.4,4,876170820,78,33.1666,36.9334,3.7669
300M,chip_084_207_merged.tif,0.6,0,1754638024,117,34.4374,35.9476,1.5102
300M,chip_084_207_merged.tif,0.6,1,1374031393,117,32.5481,35.4007,2.8526
300M,chip_084_207_merged.tif,0.6,2,993424762,117,34.0359,35.3631,1.3272
300M,chip_084_207_merged.tif,0.6,3,513479244,117,33.4654,35.6155,2.1501
300M,chip_084_207_merged.tif,0.6,4,132872613,117,34.0772,36.5435,2.4663
300M,chip_084_207_merged.tif,0.8,0,1371384715,156,34.2839,35.2146,0.9307
300M,chip_084_207_merged.tif,0.8,1,891439197,156,33.0532,35.1736,2.1204
300M,chip_084_207_merged.tif,0.8,2,510832566,156,34.3967,34.9932,0.5965
300M,chip_084_207_merged.tif,0.8,3,30887048,156,34.4482,35.5721,1.1239
300M,chip_084_207_merged.tif,0.8,4,1797764065,156,33.665,35.1999,1.5349
300M,chip_085_592_merged.tif,0.2,0,1763525225,39,33.3438,37.7314,4.3877
300M,chip_085_592_merged.tif,0.2,1,1382918594,39,33.5732,38.1063,4.5331
300M,chip_085_592_merged.tif,0.2,2,902973076,39,33.8516,35.4908,1.6392
300M,chip_085_592_merged.tif,0.2,3,522366445,39,32.8334,36.9425,4.1091
300M,chip_085_592_merged.tif,0.2,4,141759814,39,33.7521,35.2368,1.4847
300M,chip_085_592_merged.tif,0.4,0,1602909892,78,33.127,36.0193,2.8923
300M,chip_085_592_merged.tif,0.4,1,1222303261,78,30.3278,36.7233,6.3955
300M,chip_085_592_merged.tif,0.4,2,742357743,78,33.1259,35.8295,2.7037
300M,chip_085_592_merged.tif,0.4,3,361751112,78,29.5068,36.3188,6.812
300M,chip_085_592_merged.tif,0.4,4,2029289242,78,33.1266,35.8725,2.7459
300M,chip_085_592_merged.tif,0.6,0,859611685,117,32.7425,34.709,1.9665
300M,chip_085_592_merged.tif,0.6,1,479005054,117,31.41,35.1942,3.7842
300M,chip_085_592_merged.tif,0.6,2,2146543184,117,30.4441,35.1689,4.7248
300M,chip_085_592_merged.tif,0.6,3,1765936553,117,32.0399,34.6303,2.5905
300M,chip_085_592_merged.tif,0.6,4,1285991035,117,30.4213,35.2681,4.8468
300M,chip_085_592_merged.tif,0.8,0,377019489,156,32.0131,33.8137,1.8006
300M,chip_085_592_merged.tif,0.8,1,2143896506,156,31.8347,32.4361,0.6014
300M,chip_085_592_merged.tif,0.8,2,1663950988,156,31.3101,33.5433,2.2332
300M,chip_085_592_merged.tif,0.8,3,1283344357,156,31.2773,33.86,2.5827
300M,chip_085_592_merged.tif,0.8,4,902737726,156,31.041,33.4728,2.4318
300M,chip_086_203_merged.tif,0.2,0,591139036,39,34.5777,37.2146,2.6368
300M,chip_086_203_merged.tif,0.2,1,111193518,39,33.3766,37.9552,4.5786
300M,chip_086_203_merged.tif,0.2,2,1878070535,39,34.3114,36.8204,2.509
300M,chip_086_203_merged.tif,0.2,3,1398125017,39,34.9453,36.7746,1.8293
300M,chip_086_203_merged.tif,0.2,4,1017518386,39,35.5661,37.5261,1.96
300M,chip_086_203_merged.tif,0.4,0,1673347614,78,33.6343,35.6094,1.9751
300M,chip_086_203_merged.tif,0.4,1,1292740983,78,33.6341,37.7172,4.0831
300M,chip_086_203_merged.tif,0.4,2,812795465,78,34.0331,36.6263,2.5933
300M,chip_086_203_merged.tif,0.4,3,432188834,78,34.2587,36.8957,2.637
300M,chip_086_203_merged.tif,0.4,4,51582203,78,33.819,35.6466,1.8276
300M,chip_086_203_merged.tif,0.6,0,440825472,117,34.2827,36.8917,2.609
300M,chip_086_203_merged.tif,0.6,1,60218841,117,33.5893,36.6668,3.0774
300M,chip_086_203_merged.tif,0.6,2,1727756971,117,33.4699,36.3394,2.8695
300M,chip_086_203_merged.tif,0.6,3,1347150340,117,33.5666,36.2831,2.7166
300M,chip_086_203_merged.tif,0.6,4,966543709,117,33.8841,37.0542,3.1701
300M,chip_086_203_merged.tif,0.8,0,1352116948,156,32.7988,34.7388,1.9399
300M,chip_086_203_merged.tif,0.8,1,872171430,156,33.5749,35.663,2.0881
300M,chip_086_203_merged.tif,0.8,2,491564799,156,33.0334,34.4189,1.3855
300M,chip_086_203_merged.tif,0.8,3,11619281,156,33.2616,35.4278,2.1663
300M,chip_086_203_merged.tif,0.8,4,1778496298,156,33.2682,35.3904,2.1222
300M,chip_087_268_merged.tif,0.2,0,435056749,39,39.7724,42.8373,3.0649
300M,chip_087_268_merged.tif,0.2,1,54450118,39,39.7732,43.2968,3.5236
300M,chip_087_268_merged.tif,0.2,2,1721988248,39,41.7734,43.0772,1.3037
300M,chip_087_268_merged.tif,0.2,3,1341381617,39,39.9469,43.2375,3.2906
300M,chip_087_268_merged.tif,0.2,4,861436099,39,40.7977,43.5668,2.7691
300M,chip_087_268_merged.tif,0.4,0,274441416,78,39.1838,43.5646,4.3808
300M,chip_087_268_merged.tif,0.4,1,1941979546,78,35.7985,43.1172,7.3188
300M,chip_087_268_merged.tif,0.4,2,1561372915,78,40.3566,43.6355,3.2789
300M,chip_087_268_merged.tif,0.4,3,1081427397,78,40.4542,43.6097,3.1555
300M,chip_087_268_merged.tif,0.4,4,700820766,78,40.6522,43.0135,2.3613
300M,chip_087_268_merged.tif,0.6,0,1678626857,117,38.6783,42.0136,3.3353
300M,chip_087_268_merged.tif,0.6,1,1198681339,117,41.483,42.5424,1.0594
300M,chip_087_268_merged.tif,0.6,2,818074708,117,35.8403,42.9042,7.064
300M,chip_087_268_merged.tif,0.6,3,338129190,117,40.2396,42.1655,1.9258
300M,chip_087_268_merged.tif,0.6,4,2105006207,117,39.4973,43.1979,3.7006
300M,chip_087_268_merged.tif,0.8,0,1196034661,156,36.1436,41.0882,4.9446
300M,chip_087_268_merged.tif,0.8,1,815428030,156,39.2402,41.2692,2.029
300M,chip_087_268_merged.tif,0.8,2,335482512,156,39.2184,41.9029,2.6845
300M,chip_087_268_merged.tif,0.8,3,2102359529,156,39.8252,41.1994,1.3742
300M,chip_087_268_merged.tif,0.8,4,1622414011,156,37.4741,41.1372,3.6631
300M,chip_087_335_merged.tif,0.2,0,996339882,39,32.3851,35.8753,3.4902
300M,chip_087_335_merged.tif,0.2,1,615733251,39,33.4653,36.0544,2.5892
300M,chip_087_335_merged.tif,0.2,2,235126620,39,33.2998,36.0829,2.783
300M,chip_087_335_merged.tif,0.2,3,1902664750,39,35.1513,36.2622,1.1108
300M,chip_087_335_merged.tif,0.2,4,1522058119,39,35.2661,36.912,1.6459
300M,chip_087_335_merged.tif,0.4,0,835724549,78,31.5914,35.6542,4.0628
300M,chip_087_335_merged.tif,0.4,1,455117918,78,31.3348,36.439,5.1042
300M,chip_087_335_merged.tif,0.4,2,2122656048,78,33.2694,36.4519,3.1825
300M,chip_087_335_merged.tif,0.4,3,1742049417,78,32.9913,35.6159,2.6247
300M,chip_087_335_merged.tif,0.4,4,1262103899,78,33.2689,36.2475,2.9786
300M,chip_087_335_merged.tif,0.6,0,92426342,117,33.1349,35.0709,1.936
300M,chip_087_335_merged.tif,0.6,1,1859303359,117,32.6238,35.2831,2.6593
300M,chip_087_335_merged.tif,0.6,2,1379357841,117,31.6163,35.6405,4.0241
300M,chip_087_335_merged.tif,0.6,3,998751210,117,31.6295,35.4526,3.8231
300M,chip_087_335_merged.tif,0.6,4,618144579,117,32.2239,35.1925,2.9686
300M,chip_087_335_merged.tif,0.8,0,1757317794,156,31.4982,34.0934,2.5952
300M,chip_087_335_merged.tif,0.8,1,1376711163,156,31.9722,33.7024,1.7302
300M,chip_087_335_merged.tif,0.8,2,996104532,156,32.5725,34.7702,2.1976
300M,chip_087_335_merged.tif,0.8,3,516159014,156,31.983,34.145,2.162
300M,chip_087_335_merged.tif,0.8,4,135552383,156,31.3742,33.0786,1.7045
300M,chip_089_360_merged.tif,0.2,0,197554766,39,31.7037,33.169,1.4653
300M,chip_089_360_merged.tif,0.2,1,1964431783,39,30.8286,33.5995,2.7709
300M,chip_089_360_merged.tif,0.2,2,1484486265,39,32.1659,33.2392,1.0733
300M,chip_089_360_merged.tif,0.2,3,1103879634,39,31.432,33.7454,2.3134
300M,chip_089_360_merged.tif,0.2,4,723273003,39,30.9254,34.2959,3.3705
300M,chip_089_360_merged.tif,0.4,0,1379102231,78,30.3613,33.2236,2.8624
300M,chip_089_360_merged.tif,0.4,1,899156713,78,30.122,33.7882,3.6661
300M,chip_089_360_merged.tif,0.4,2,518550082,78,30.7148,33.869,3.1542
300M,chip_089_360_merged.tif,0.4,3,137943451,78,31.3244,33.1501,1.8257
300M,chip_089_360_merged.tif,0.4,4,1805481581,78,29.8706,33.472,3.6014
300M,chip_089_360_merged.tif,0.6,0,1441124874,117,30.2631,32.6428,2.3798
300M,chip_089_360_merged.tif,0.6,1,1060518243,117,30.1075,32.055,1.9475
300M,chip_089_360_merged.tif,0.6,2,580572725,117,29.8006,31.7622,1.9616
300M,chip_089_360_merged.tif,0.6,3,199966094,117,29.8014,32.1855,2.3841
300M,chip_089_360_merged.tif,0.6,4,1867504224,117,29.803,32.3761,2.5731
300M,chip_089_360_merged.tif,0.8,0,958532678,156,29.3137,31.5184,2.2048
300M,chip_089_360_merged.tif,0.8,1,577926047,156,29.2968,31.4481,2.1513
300M,chip_089_360_merged.tif,0.8,2,97980529,156,30.0359,31.1888,1.1528
300M,chip_089_360_merged.tif,0.8,3,1864857546,156,30.0371,31.563,1.5259
300M,chip_089_360_merged.tif,0.8,4,1484250915,156,30.0011,31.5743,1.5732
300M,chip_091_253_merged.tif,0.2,0,871606353,39,39.7503,41.0827,1.3323
300M,chip_091_253_merged.tif,0.2,1,490999722,39,36.9272,40.2044,3.2772
300M,chip_091_253_merged.tif,0.2,2,11054204,39,39.6109,40.8641,1.2532
300M,chip_091_253_merged.tif,0.2,3,1777931221,39,39.7946,40.0351,0.2405
300M,chip_091_253_merged.tif,0.2,4,1397324590,39,36.7987,41.3133,4.5145
300M,chip_091_253_merged.tif,0.4,0,710991020,78,37.9208,40.5338,2.6129
300M,chip_091_253_merged.tif,0.4,1,330384389,78,38.7975,39.6715,0.874
300M,chip_091_253_merged.tif,0.4,2,1997922519,78,37.6577,40.8066,3.1489
300M,chip_091_253_merged.tif,0.4,3,1617315888,78,38.7974,40.0247,1.2273
300M,chip_091_253_merged.tif,0.4,4,1137370370,78,37.9579,40.7554,2.7974
300M,chip_091_253_merged.tif,0.6,0,2115176461,117,37.526,39.2486,1.7226
300M,chip_091_253_merged.tif,0.6,1,1734569830,117,37.9172,38.8877,0.9705
300M,chip_091_253_merged.tif,0.6,2,1254624312,117,37.8198,37.1786,-0.6412
300M,chip_091_253_merged.tif,0.6,3,874017681,117,37.3755,40.0929,2.7174
300M,chip_091_253_merged.tif,0.6,4,394072163,117,36.3611,39.104,2.7429
300M,chip_091_253_merged.tif,0.8,0,1632584265,156,37.0834,38.9482,1.8649
300M,chip_091_253_merged.tif,0.8,1,1251977634,156,34.4664,36.1673,1.7008
300M,chip_091_253_merged.tif,0.8,2,772032116,156,34.267,37.1419,2.8749
300M,chip_091_253_merged.tif,0.8,3,391425485,156,37.2108,38.2666,1.0558
300M,chip_091_253_merged.tif,0.8,4,10818854,156,34.2797,36.1509,1.8712
300M,chip_091_324_merged.tif,0.2,0,2121559796,39,33.115,34.7584,1.6435
300M,chip_091_324_merged.tif,0.2,1,1740953165,39,33.1052,34.9734,1.8682
300M,chip_091_324_merged.tif,0.2,2,1261007647,39,32.7745,35.1778,2.4033
300M,chip_091_324_merged.tif,0.2,3,880401016,39,33.0795,35.0746,1.9952
300M,chip_091_324_merged.tif,0.2,4,400455498,39,33.2038,34.2471,1.0432
300M,chip_091_324_merged.tif,0.4,0,1960944463,78,32.9844,34.6468,1.6624
300M,chip_091_324_merged.tif,0.4,1,1480998945,78,32.7304,34.2765,1.5461
300M,chip_091_324_merged.tif,0.4,2,1100392314,78,33.2036,34.6657,1.462
300M,chip_091_324_merged.tif,0.4,3,719785683,78,33.0361,34.6697,1.6336
300M,chip_091_324_merged.tif,0.4,4,239840165,78,33.1617,34.8539,1.6922
300M,chip_091_324_merged.tif,0.6,0,1217646256,117,32.3449,33.8933,1.5485
300M,chip_091_324_merged.tif,0.6,1,737700738,117,33.004,33.7859,0.7819
300M,chip_091_324_merged.tif,0.6,2,357094107,117,33.3406,34.6859,1.3453
300M,chip_091_324_merged.tif,0.6,3,2123971124,117,33.1175,34.2295,1.112
300M,chip_091_324_merged.tif,0.6,4,1644025606,117,32.7142,33.6177,0.9035
300M,chip_091_324_merged.tif,0.8,0,735054060,156,32.6584,33.2694,0.611
300M,chip_091_324_merged.tif,0.8,1,354447429,156,32.65,33.4284,0.7784
300M,chip_091_324_merged.tif,0.8,2,2021985559,156,32.4376,33.7272,1.2896
300M,chip_091_324_merged.tif,0.8,3,1641378928,156,32.7519,33.5681,0.8162
300M,chip_091_324_merged.tif,0.8,4,1161433410,156,32.6456,33.6091,0.9635
300M,chip_091_336_merged.tif,0.2,0,1535401738,39,35.7835,38.9126,3.1291
300M,chip_091_336_merged.tif,0.2,1,1154795107,39,37.6446,36.9148,-0.7298
300M,chip_091_336_merged.tif,0.2,2,674849589,39,35.9774,38.9845,3.0071
300M,chip_091_336_merged.tif,0.2,3,294242958,39,37.3349,39.1556,1.8207
300M,chip_091_336_merged.tif,0.2,4,1961781088,39,35.6212,38.1251,2.5039
300M,chip_091_336_merged.tif,0.4,0,1374786405,78,35.5139,39.0152,3.5013
300M,chip_091_336_merged.tif,0.4,1,894840887,78,34.6468,39.1899,4.5431
300M,chip_091_336_merged.tif,0.4,2,514234256,78,37.106,38.796,1.69
300M,chip_091_336_merged.tif,0.4,3,34288738,78,36.9165,38.4903,1.5738
300M,chip_091_336_merged.tif,0.4,4,1801165755,78,37.4276,38.6558,1.2281
300M,chip_091_336_merged.tif,0.6,0,631488198,117,35.4549,38.2609,2.8059
300M,chip_091_336_merged.tif,0.6,1,151542680,117,36.3959,38.2567,1.8607
300M,chip_091_336_merged.tif,0.6,2,1918419697,117,35.8818,38.3692,2.4874
300M,chip_091_336_merged.tif,0.6,3,1438474179,117,37.0973,38.699,1.6016
300M,chip_091_336_merged.tif,0.6,4,1057867548,117,37.2369,38.3976,1.1607
300M,chip_091_336_merged.tif,0.8,0,148896002,156,36.1906,37.3354,1.1449
300M,chip_091_336_merged.tif,0.8,1,1915773019,156,35.5674,37.4389,1.8715
300M,chip_091_336_merged.tif,0.8,2,1435827501,156,36.1392,37.6255,1.4863
300M,chip_091_336_merged.tif,0.8,3,1055220870,156,35.8947,37.4629,1.5683
300M,chip_091_336_merged.tif,0.8,4,575275352,156,35.5433,37.1706,1.6273
300M,chip_092_214_merged.tif,0.2,0,1696816898,39,31.9407,36.9628,5.0222
300M,chip_092_214_merged.tif,0.2,1,1316210267,39,30.4103,38.2072,7.7969
300M,chip_092_214_merged.tif,0.2,2,935603636,39,29.5534,38.2098,8.6564
300M,chip_092_214_merged.tif,0.2,3,455658118,39,32.7898,37.8634,5.0736
300M,chip_092_214_merged.tif,0.2,4,75051487,39,33.102,37.7307,4.6288
300M,chip_092_214_merged.tif,0.4,0,1536201565,78,30.5048,35.194,4.6893
300M,chip_092_214_merged.tif,0.4,1,1155594934,78,31.6948,36.0879,4.3932
300M,chip_092_214_merged.tif,0.4,2,675649416,78,30.6768,36.2169,5.5401
300M,chip_092_214_merged.tif,0.4,3,295042785,78,31.1211,36.6938,5.5727
300M,chip_092_214_merged.tif,0.4,4,2061919802,78,31.1556,36.2421,5.0865
300M,chip_092_214_merged.tif,0.6,0,792903358,117,30.2615,34.7986,4.5371
300M,chip_092_214_merged.tif,0.6,1,412296727,117,30.2462,35.3119,5.0658
300M,chip_092_214_merged.tif,0.6,2,2079834857,117,29.5741,35.8937,6.3195
300M,chip_092_214_merged.tif,0.6,3,1699228226,117,31.0134,36.0096,4.9962
300M,chip_092_214_merged.tif,0.6,4,1318621595,117,31.5933,34.7334,3.1402
300M,chip_092_214_merged.tif,0.8,0,310311162,156,31.246,33.2187,1.9727
300M,chip_092_214_merged.tif,0.8,1,2077188179,156,30.5825,34.8076,4.2251
300M,chip_092_214_merged.tif,0.8,2,1696581548,156,30.1158,33.3123,3.1965
300M,chip_092_214_merged.tif,0.8,3,1216636030,156,30.9202,33.0871,2.167
300M,chip_092_214_merged.tif,0.8,4,836029399,156,30.916,32.676,1.76
300M,chip_092_320_merged.tif,0.2,0,1944131574,39,34.6298,35.6658,1.036
300M,chip_092_320_merged.tif,0.2,1,1464186056,39,33.3914,35.3656,1.9742
300M,chip_092_320_merged.tif,0.2,2,1083579425,39,34.0844,35.5758,1.4914
300M,chip_092_320_merged.tif,0.2,3,603633907,39,35.3828,35.6578,0.275
300M,chip_092_320_merged.tif,0.2,4,223027276,39,35.6521,35.7701,0.118
300M,chip_092_320_merged.tif,0.4,0,1684177354,78,33.0638,34.7025,1.6387
300M,chip_092_320_merged.tif,0.4,1,1303570723,78,33.2255,35.5227,2.2972
300M,chip_092_320_merged.tif,0.4,2,922964092,78,33.6732,35.1706,1.4974
300M,chip_092_320_merged.tif,0.4,3,443018574,78,35.1439,34.9833,-0.1606
300M,chip_092_320_merged.tif,0.4,4,62411943,78,33.2251,35.5512,2.3261
300M,chip_092_320_merged.tif,0.6,0,940879147,117,33.9032,34.8731,0.9699
300M,chip_092_320_merged.tif,0.6,1,560272516,117,34.6983,35.2607,0.5623
300M,chip_092_320_merged.tif,0.6,2,179665885,117,34.3366,35.3221,0.9855
300M,chip_092_320_merged.tif,0.6,3,1847204015,117,33.5995,34.614,1.0145
300M,chip_092_320_merged.tif,0.6,4,1466597384,117,34.3391,35.1706,0.8314
300M,chip_092_320_merged.tif,0.8,0,1852170623,156,33.6594,34.4744,0.815
300M,chip_092_320_merged.tif,0.8,1,1372225105,156,32.9712,34.4324,1.4612
300M,chip_092_320_merged.tif,0.8,2,991618474,156,33.8262,34.4219,0.5957
300M,chip_092_320_merged.tif,0.8,3,611011843,156,32.9738,34.3314,1.3576
300M,chip_092_320_merged.tif,0.8,4,131066325,156,33.6378,34.6366,0.9988
300M,chip_092_322_merged.tif,0.2,0,446507656,39,33.5384,34.8706,1.3322
300M,chip_092_322_merged.tif,0.2,1,65901025,39,32.1957,35.2839,3.0883
300M,chip_092_322_merged.tif,0.2,2,1832778042,39,32.1426,35.7098,3.5672
300M,chip_092_322_merged.tif,0.2,3,1352832524,39,33.3255,35.5335,2.208
300M,chip_092_322_merged.tif,0.2,4,972225893,39,32.8628,35.1949,2.332
300M,chip_092_322_merged.tif,0.4,0,285892323,78,32.7168,34.895,2.1782
300M,chip_092_322_merged.tif,0.4,1,2052769340,78,33.3506,34.7632,1.4126
300M,chip_092_322_merged.tif,0.4,2,1572823822,78,32.1181,35.0512,2.9331
300M,chip_092_322_merged.tif,0.4,3,1192217191,78,32.8025,34.9754,2.1729
300M,chip_092_322_merged.tif,0.4,4,811610560,78,32.1187,35.0832,2.9645
300M,chip_092_322_merged.tif,0.6,0,1690077764,117,32.8919,34.6606,1.7687
300M,chip_092_322_merged.tif,0.6,1,1309471133,117,33.3802,34.7577,1.3775
300M,chip_092_322_merged.tif,0.6,2,829525615,117,32.8917,34.8015,1.9097
300M,chip_092_322_merged.tif,0.6,3,448918984,117,33.0357,34.4808,1.4451
300M,chip_092_322_merged.tif,0.6,4,68312353,117,33.3733,34.7495,1.3762
300M,chip_092_322_merged.tif,0.8,0,1207485568,156,32.6645,33.9554,1.2909
300M,chip_092_322_merged.tif,0.8,1,826878937,156,32.1238,33.3181,1.1942
300M,chip_092_322_merged.tif,0.8,2,446272306,156,32.6727,33.4961,0.8234
300M,chip_092_322_merged.tif,0.8,3,2113810436,156,32.1861,33.6583,1.4722
300M,chip_092_322_merged.tif,0.8,4,1733203805,156,32.762,33.7086,0.9466
300M,chip_093_213_merged.tif,0.2,0,720202386,39,33.6998,36.6199,2.9201
300M,chip_093_213_merged.tif,0.2,1,240256868,39,33.9647,36.7179,2.7532
300M,chip_093_213_merged.tif,0.2,2,2007133885,39,32.8991,38.3976,5.4986
300M,chip_093_213_merged.tif,0.2,3,1527188367,39,35.0962,37.6829,2.5867
300M,chip_093_213_merged.tif,0.2,4,1146581736,39,31.9875,37.1601,5.1726
300M,chip_093_213_merged.tif,0.4,0,460248166,78,33.176,36.7571,3.5811
300M,chip_093_213_merged.tif,0.4,1,79641535,78,33.9829,35.868,1.885
300M,chip_093_213_merged.tif,0.4,2,1846518552,78,32.5725,36.8551,4.2825
300M,chip_093_213_merged.tif,0.4,3,1366573034,78,33.4555,36.9571,3.5016
300M,chip_093_213_merged.tif,0.4,4,985966403,78,30.3752,36.6567,6.2815
300M,chip_093_213_merged.tif,0.6,0,1864433607,117,30.4686,35.8617,5.3931
300M,chip_093_213_merged.tif,0.6,1,1483826976,117,33.3998,35.0489,1.6491
300M,chip_093_213_merged.tif,0.6,2,1103220345,117,32.7484,35.3156,2.5671
300M,chip_093_213_merged.tif,0.6,3,623274827,117,33.3901,35.8326,2.4425
300M,chip_093_213_merged.tif,0.6,4,242668196,117,32.6142,35.5642,2.95
300M,chip_093_213_merged.tif,0.8,0,1481180298,156,32.1527,34.3057,2.153
300M,chip_093_213_merged.tif,0.8,1,1001234780,156,31.9092,35.0026,3.0934
300M,chip_093_213_merged.tif,0.8,2,620628149,156,32.7434,32.4073,-0.3361
300M,chip_093_213_merged.tif,0.8,3,140682631,156,29.6703,32.8067,3.1364
300M,chip_093_213_merged.tif,0.8,4,1907559648,156,30.2689,35.0277,4.7588
300M,chip_093_331_merged.tif,0.2,0,1927064639,39,31.9906,36.6668,4.6762
300M,chip_093_331_merged.tif,0.2,1,1546458008,39,32.3524,37.0445,4.6921
300M,chip_093_331_merged.tif,0.2,2,1066512490,39,34.122,37.1272,3.0053
300M,chip_093_331_merged.tif,0.2,3,685905859,39,34.1145,36.7586,2.6441
300M,chip_093_331_merged.tif,0.2,4,305299228,39,33.22,36.9142,3.6943
300M,chip_093_331_merged.tif,0.4,0,1766449306,78,33.4116,35.9025,2.4909
300M,chip_093_331_merged.tif,0.4,1,1385842675,78,34.2697,37.0181,2.7484
300M,chip_093_331_merged.tif,0.4,2,905897157,78,34.0096,36.2364,2.2268
300M,chip_093_331_merged.tif,0.4,3,525290526,78,33.5756,36.2084,2.6328
300M,chip_093_331_merged.tif,0.4,4,45345008,78,33.4129,35.8155,2.4027
300M,chip_093_331_merged.tif,0.6,0,1023151099,117,33.5691,35.6199,2.0508
300M,chip_093_331_merged.tif,0.6,1,642544468,117,33.5404,34.689,1.1486
300M,chip_093_331_merged.tif,0.6,2,162598950,117,33.5554,35.6475,2.092
300M,chip_093_331_merged.tif,0.6,3,1929475967,117,32.5383,35.5709,3.0326
300M,chip_093_331_merged.tif,0.6,4,1449530449,117,33.8441,35.4056,1.5615
300M,chip_093_331_merged.tif,0.8,0,540558903,156,33.0916,34.5947,1.5031
300M,chip_093_331_merged.tif,0.8,1,159952272,156,32.1536,34.5142,2.3606
300M,chip_093_331_merged.tif,0.8,2,1827490402,156,32.8607,35.0007,2.14
300M,chip_093_331_merged.tif,0.8,3,1446883771,156,33.0113,33.9394,0.9281
300M,chip_093_331_merged.tif,0.8,4,1066277140,156,33.3736,35.4344,2.0608
300M,chip_093_355_merged.tif,0.2,0,845609482,39,37.5084,37.8634,0.3551
300M,chip_093_355_merged.tif,0.2,1,365663964,39,36.8553,37.0951,0.2398
300M,chip_093_355_merged.tif,0.2,2,2132540981,39,37.8009,37.8689,0.068
300M,chip_093_355_merged.tif,0.2,3,1652595463,39,37.6881,38.0257,0.3376
300M,chip_093_355_merged.tif,0.2,4,1271988832,39,34.4035,37.1431,2.7396
300M,chip_093_355_merged.tif,0.4,0,585655262,78,37.8713,38.0488,0.1774
300M,chip_093_355_merged.tif,0.4,1,205048631,78,37.4192,37.4354,0.0162
300M,chip_093_355_merged.tif,0.4,2,1971925648,78,34.661,37.8728,3.2118
300M,chip_093_355_merged.tif,0.4,3,1491980130,78,36.893,37.6985,0.8056
300M,chip_093_355_merged.tif,0.4,4,1111373499,78,37.8714,37.693,-0.1784
300M,chip_093_355_merged.tif,0.6,0,1989840703,117,36.4649,37.2742,0.8093
300M,chip_093_355_merged.tif,0.6,1,1609234072,117,36.3777,36.9273,0.5496
300M,chip_093_355_merged.tif,0.6,2,1228627441,117,36.519,37.5814,1.0624
300M,chip_093_355_merged.tif,0.6,3,748681923,117,37.3709,37.4294,0.0586
300M,chip_093_355_merged.tif,0.6,4,368075292,117,35.6252,37.2006,1.5753
300M,chip_093_355_merged.tif,0.8,0,1606587394,156,35.5814,36.6744,1.093
300M,chip_093_355_merged.tif,0.8,1,1126641876,156,35.9899,37.1136,1.1237
300M,chip_093_355_merged.tif,0.8,2,746035245,156,35.5974,36.9041,1.3067
300M,chip_093_355_merged.tif,0.8,3,266089727,156,36.7461,36.8696,0.1235
300M,chip_093_355_merged.tif,0.8,4,2032966744,156,35.5964,36.7342,1.1377
300M,chip_094_329_merged.tif,0.2,0,1418305508,39,33.6608,35.102,1.4412
300M,chip_094_329_merged.tif,0.2,1,1037698877,39,33.8781,34.9933,1.1151
300M,chip_094_329_merged.tif,0.2,2,557753359,39,33.3975,35.7493,2.3518
300M,chip_094_329_merged.tif,0.2,3,177146728,39,32.7575,35.1538,2.3963
300M,chip_094_329_merged.tif,0.2,4,1944023745,39,32.7568,35.9808,3.224
300M,chip_094_329_merged.tif,0.4,0,1257690175,78,31.9794,35.1033,3.124
300M,chip_094_329_merged.tif,0.4,1,877083544,78,30.8901,34.5789,3.6888
300M,chip_094_329_merged.tif,0.4,2,397138026,78,32.5645,34.3384,1.7739
300M,chip_094_329_merged.tif,0.4,3,16531395,78,31.0586,35.7387,4.6801
300M,chip_094_329_merged.tif,0.4,4,1684069525,78,32.5639,34.7904,2.2265
300M,chip_094_329_merged.tif,0.6,0,514391968,117,32.1682,33.3341,1.1659
300M,chip_094_329_merged.tif,0.6,1,133785337,117,32.1681,34.0265,1.8584
300M,chip_094_329_merged.tif,0.6,2,1801323467,117,32.1873,34.6686,2.4813
300M,chip_094_329_merged.tif,0.6,3,1420716836,117,32.5224,34.3007,1.7783
300M,chip_094_329_merged.tif,0.6,4,940771318,117,31.7379,34.3036,2.5657
300M,chip_094_329_merged.tif,0.8,0,31799772,156,31.7742,33.3536,1.5793
300M,chip_094_329_merged.tif,0.8,1,1798676789,156,31.2896,33.9219,2.6323
300M,chip_094_329_merged.tif,0.8,2,1318731271,156,31.7774,33.0034,1.226
300M,chip_094_329_merged.tif,0.8,3,938124640,156,31.569,32.8102,1.2412
300M,chip_094_329_merged.tif,0.8,4,557518009,156,31.7874,32.9338,1.1463
300M,chip_095_323_merged.tif,0.2,0,557215453,39,35.548,35.9765,0.4284
300M,chip_095_323_merged.tif,0.2,1,77269935,39,35.2459,36.403,1.1571
300M,chip_095_323_merged.tif,0.2,2,1844146952,39,35.1035,36.1743,1.0708
300M,chip_095_323_merged.tif,0.2,3,1463540321,39,33.5363,36.1545,2.6182
300M,chip_095_323_merged.tif,0.2,4,983594803,39,35.0374,35.3531,0.3157
300M,chip_095_323_merged.tif,0.4,0,396600120,78,34.8852,36.0196,1.1343
300M,chip_095_323_merged.tif,0.4,1,2064138250,78,34.8008,35.4405,0.6397
300M,chip_095_323_merged.tif,0.4,2,1683531619,78,34.0889,36.0348,1.9459
300M,chip_095_323_merged.tif,0.4,3,1203586101,78,34.8852,35.5253,0.6401
300M,chip_095_323_merged.tif,0.4,4,822979470,78,33.4992,35.2533,1.7541
300M,chip_095_323_merged.tif,0.6,0,1800785561,117,33.9572,34.9701,1.0129
300M,chip_095_323_merged.tif,0.6,1,1320840043,117,34.2734,35.5814,1.3081
300M,chip_095_323_merged.tif,0.6,2,940233412,117,33.6297,35.2791,1.6494
300M,chip_095_323_merged.tif,0.6,3,460287894,117,34.6255,33.9403,-0.6853
300M,chip_095_323_merged.tif,0.6,4,79681263,117,33.9867,35.1658,1.1791
300M,chip_095_323_merged.tif,0.8,0,1318193365,156,33.401,33.9585,0.5576
300M,chip_095_323_merged.tif,0.8,1,838247847,156,33.3895,34.2403,0.8509
300M,chip_095_323_merged.tif,0.8,2,457641216,156,33.579,33.5432,-0.0358
300M,chip_095_323_merged.tif,0.8,3,77034585,156,33.5741,33.0845,-0.4896
300M,chip_095_323_merged.tif,0.8,4,1744572715,156,33.5747,34.3068,0.7322
300M,chip_097_316_merged.tif,0.2,0,52879378,39,35.701,37.8813,2.1804
300M,chip_097_316_merged.tif,0.2,1,1720417508,39,34.7384,37.1653,2.4268
300M,chip_097_316_merged.tif,0.2,2,1339810877,39,34.2388,36.6968,2.458
300M,chip_097_316_merged.tif,0.2,3,859865359,39,32.3175,37.0676,4.7501
300M,chip_097_316_merged.tif,0.2,4,479258728,39,34.2523,37.8307,3.5784
300M,chip_097_316_merged.tif,0.4,0,1940408806,78,33.6705,36.5172,2.8467
300M,chip_097_316_merged.tif,0.4,1,1559802175,78,31.8449,36.6929,4.848
300M,chip_097_316_merged.tif,0.4,2,1179195544,78,34.3369,37.1184,2.7815
300M,chip_097_316_merged.tif,0.4,3,699250026,78,32.8493,36.8183,3.969
300M,chip_097_316_merged.tif,0.4,4,318643395,78,33.3238,36.6877,3.3639
300M,chip_097_316_merged.tif,0.6,0,1296449486,117,32.638,36.4904,3.8524
300M,chip_097_316_merged.tif,0.6,1,816503968,117,31.5917,35.828,4.2362
300M,chip_097_316_merged.tif,0.6,2,435897337,117,32.2614,35.7643,3.5029
300M,chip_097_316_merged.tif,0.6,3,2103435467,117,32.2552,35.8166,3.5614
300M,chip_097_316_merged.tif,0.6,4,1722828836,117,32.3138,35.5697,3.2559
300M,chip_097_316_merged.tif,0.8,0,813857290,156,31.8916,34.8306,2.939
300M,chip_097_316_merged.tif,0.8,1,333911772,156,32.1045,34.4906,2.3861
300M,chip_097_316_merged.tif,0.8,2,2100788789,156,32.7624,34.7207,1.9582
300M,chip_097_316_merged.tif,0.8,3,1620843271,156,32.4414,34.1487,1.7073
300M,chip_097_316_merged.tif,0.8,4,1240236640,156,32.0842,33.3772,1.2929
300M,chip_097_328_merged.tif,0.2,0,1604877678,39,34.2579,35.8151,1.5572
300M,chip_097_328_merged.tif,0.2,1,1224271047,39,33.4599,35.5233,2.0634
300M,chip_097_328_merged.tif,0.2,2,843664416,39,32.562,35.5321,2.9701
300M,chip_097_328_merged.tif,0.2,3,363718898,39,32.3976,35.4549,3.0573
300M,chip_097_328_merged.tif,0.2,4,2130595915,39,32.1145,34.6243,2.5098
300M,chip_097_328_merged.tif,0.4,0,1444262345,78,32.3678,34.2038,1.836
300M,chip_097_328_merged.tif,0.4,1,1063655714,78,32.5634,35.0945,2.5311
300M,chip_097_328_merged.tif,0.4,2,583710196,78,32.7298,35.15,2.4202
300M,chip_097_328_merged.tif,0.4,3,203103565,78,32.6952,34.8407,2.1455
300M,chip_097_328_merged.tif,0.4,4,1870641695,78,31.8307,34.6408,2.8101
300M,chip_097_328_merged.tif,0.6,0,700964138,117,32.2205,33.8811,1.6606
300M,chip_097_328_merged.tif,0.6,1,320357507,117,32.4765,33.4762,0.9997
300M,chip_097_328_merged.tif,0.6,2,1987895637,117,32.5161,34.7281,2.212
300M,chip_097_328_merged.tif,0.6,3,1607289006,117,31.2622,34.2413,2.979
300M,chip_097_328_merged.tif,0.6,4,1226682375,117,31.8439,33.7577,1.9138
300M,chip_097_328_merged.tif,0.8,0,218371942,156,32.1671,32.4376,0.2705
300M,chip_097_328_merged.tif,0.8,1,1985248959,156,31.3387,33.0566,1.718
300M,chip_097_328_merged.tif,0.8,2,1604642328,156,31.6805,32.7139,1.0334
300M,chip_097_328_merged.tif,0.8,3,1124696810,156,32.2197,32.4678,0.2481
300M,chip_097_328_merged.tif,0.8,4,744090179,156,31.7298,31.8554,0.1257
300M,chip_097_356_merged.tif,0.2,0,2141674348,39,36.6104,37.1513,0.5409
300M,chip_097_356_merged.tif,0.2,1,1761067717,39,37.026,37.0732,0.0471
300M,chip_097_356_merged.tif,0.2,2,1281122199,39,34.9319,37.777,2.8451
300M,chip_097_356_merged.tif,0.2,3,900515568,39,35.3939,38.0455,2.6516
300M,chip_097_356_merged.tif,0.2,4,420570050,39,34.9304,37.2301,2.2996
300M,chip_097_356_merged.tif,0.4,0,1175738165,78,36.9876,36.6328,-0.3548
300M,chip_097_356_merged.tif,0.4,1,695792647,78,34.1093,37.4902,3.3809
300M,chip_097_356_merged.tif,0.4,2,315186016,78,36.5476,37.2471,0.6995
300M,chip_097_356_merged.tif,0.4,3,1982724146,78,36.5471,37.0709,0.5239
300M,chip_097_356_merged.tif,0.4,4,1602117515,78,34.1087,37.2114,3.1027
300M,chip_097_356_merged.tif,0.6,0,1237760808,117,35.7798,37.3698,1.5901
300M,chip_097_356_merged.tif,0.6,1,757815290,117,36.5898,37.4535,0.8637
300M,chip_097_356_merged.tif,0.6,2,377208659,117,34.8339,37.0602,2.2263
300M,chip_097_356_merged.tif,0.6,3,2144085676,117,35.3715,36.5613,1.1898
300M,chip_097_356_merged.tif,0.6,4,1664140158,117,35.2349,37.3023,2.0675
300M,chip_097_356_merged.tif,0.8,0,755168612,156,34.3826,36.6306,2.248
300M,chip_097_356_merged.tif,0.8,1,374561981,156,35.0921,35.8076,0.7155
300M,chip_097_356_merged.tif,0.8,2,2042100111,156,34.3978,36.7054,2.3076
300M,chip_097_356_merged.tif,0.8,3,1661493480,156,35.0932,36.4256,1.3324
300M,chip_097_356_merged.tif,0.8,4,1181547962,156,34.4114,36.9315,2.5201
300M,chip_099_310_merged.tif,0.2,0,473319652,39,34.6117,35.1872,0.5756
300M,chip_099_310_merged.tif,0.2,1,92713021,39,34.2645,35.5361,1.2716
300M,chip_099_310_merged.tif,0.2,2,1859590038,39,33.3433,36.0388,2.6955
300M,chip_099_310_merged.tif,0.2,3,1379644520,39,33.06,35.6279,2.5679
300M,chip_099_310_merged.tif,0.2,4,999037889,39,34.5745,34.8435,0.269
300M,chip_099_310_merged.tif,0.4,0,312704319,78,32.5891,35.0871,2.498
300M,chip_099_310_merged.tif,0.4,1,2079581336,78,33.0614,35.1913,2.1299
300M,chip_099_310_merged.tif,0.4,2,1599635818,78,33.62,34.5473,0.9273
300M,chip_099_310_merged.tif,0.4,3,1219029187,78,33.7745,35.1212,1.3467
300M,chip_099_310_merged.tif,0.4,4,838422556,78,29.4371,35.4157,5.9786
300M,chip_099_310_merged.tif,0.6,0,1716889760,117,30.381,34.9974,4.6164
300M,chip_099_310_merged.tif,0.6,1,1336283129,117,30.5094,34.3296,3.8202
300M,chip_099_310_merged.tif,0.6,2,856337611,117,30.4997,34.7719,4.2721
300M,chip_099_310_merged.tif,0.6,3,475730980,117,30.4991,34.7713,4.2721
300M,chip_099_310_merged.tif,0.6,4,95124349,117,30.8077,34.6562,3.8485
300M,chip_099_310_merged.tif,0.8,0,1234297564,156,30.2396,34.1904,3.9508
300M,chip_099_310_merged.tif,0.8,1,853690933,156,33.1198,32.9712,-0.1486
300M,chip_099_310_merged.tif,0.8,2,473084302,156,33.1158,33.9093,0.7935
300M,chip_099_310_merged.tif,0.8,3,2140622432,156,33.1089,33.2661,0.1572
300M,chip_099_310_merged.tif,0.8,4,1760015801,156,32.2003,34.0626,1.8624
300M,chip_100_341_merged.tif,0.2,0,1412518445,39,34.4551,37.4073,2.9522
300M,chip_100_341_merged.tif,0.2,1,932572927,39,34.2382,37.2992,3.061
300M,chip_100_341_merged.tif,0.2,2,551966296,39,33.8128,36.2774,2.4646
300M,chip_100_341_merged.tif,0.2,3,171359665,39,34.6985,36.9938,2.2953
300M,chip_100_341_merged.tif,0.2,4,1838897795,39,35.4734,36.8348,1.3614
300M,chip_100_341_merged.tif,0.4,0,1251903112,78,35.2708,36.1276,0.8569
300M,chip_100_341_merged.tif,0.4,1,771957594,78,33.3388,36.9942,3.6554
300M,chip_100_341_merged.tif,0.4,2,391350963,78,33.5659,36.3063,2.7404
300M,chip_100_341_merged.tif,0.4,3,2058889093,78,33.4211,35.8112,2.3901
300M,chip_100_341_merged.tif,0.4,4,1678282462,78,34.1351,35.7848,1.6498
300M,chip_100_341_merged.tif,0.6,0,508604905,117,32.057,35.6743,3.6174
300M,chip_100_341_merged.tif,0.6,1,28659387,117,32.558,35.8758,3.3179
300M,chip_100_341_merged.tif,0.6,2,1795536404,117,33.3357,36.4871,3.1514
300M,chip_100_341_merged.tif,0.6,3,1315590886,117,34.0962,35.5203,1.4241
300M,chip_100_341_merged.tif,0.6,4,934984255,117,34.5407,35.4491,0.9084
300M,chip_100_341_merged.tif,0.8,0,26012709,156,33.2948,34.8805,1.5858
300M,chip_100_341_merged.tif,0.8,1,1693550839,156,33.3183,33.9859,0.6676
300M,chip_100_341_merged.tif,0.8,2,1312944208,156,33.5101,34.435,0.925
300M,chip_100_341_merged.tif,0.8,3,932337577,156,33.322,33.8799,0.558
300M,chip_100_341_merged.tif,0.8,4,452392059,156,33.3409,34.1573,0.8165
300M,chip_101_342_merged.tif,0.2,0,958490343,39,34.9577,37.3841,2.4264
300M,chip_101_342_merged.tif,0.2,1,577883712,39,34.134,36.2611,2.1271
300M,chip_101_342_merged.tif,0.2,2,97938194,39,35.1111,37.0075,1.8964
300M,chip_101_342_merged.tif,0.2,3,1864815211,39,33.969,36.7357,2.7668
300M,chip_101_342_merged.tif,0.2,4,1484208580,39,35.2193,37.6687,2.4495
300M,chip_101_342_merged.tif,0.4,0,2140037808,78,35.523,37.5567,2.0337
300M,chip_101_342_merged.tif,0.4,1,1660092290,78,35.48,37.1295,1.6495
300M,chip_101_342_merged.tif,0.4,2,1279485659,78,33.6805,36.7495,3.069
300M,chip_101_342_merged.tif,0.4,3,898879028,78,35.7014,35.9091,0.2077
300M,chip_101_342_merged.tif,0.4,4,418933510,78,32.0284,36.4065,4.3781
300M,chip_101_342_merged.tif,0.6,0,54576803,117,33.8582,35.7484,1.8902
300M,chip_101_342_merged.tif,0.6,1,1821453820,117,32.7686,35.4029,2.6344
300M,chip_101_342_merged.tif,0.6,2,1341508302,117,35.3916,36.373,0.9814
300M,chip_101_342_merged.tif,0.6,3,960901671,117,35.1571,35.967,0.8099
300M,chip_101_342_merged.tif,0.6,4,480956153,117,33.3989,35.4592,2.0603
300M,chip_101_342_merged.tif,0.8,0,1719468255,156,33.7289,35.0454,1.3165
300M,chip_101_342_merged.tif,0.8,1,1338861624,156,34.2908,34.4957,0.205
300M,chip_101_342_merged.tif,0.8,2,858916106,156,33.3977,34.8294,1.4317
300M,chip_101_342_merged.tif,0.8,3,478309475,156,33.9122,34.2186,0.3064
300M,chip_101_342_merged.tif,0.8,4,97702844,156,34.3713,34.2442,-0.1271
300M,chip_103_320_merged.tif,0.2,0,852636883,39,32.2873,35.9585,3.6712
300M,chip_103_320_merged.tif,0.2,1,472030252,39,30.6176,35.8347,5.2171
300M,chip_103_320_merged.tif,0.2,2,2139568382,39,32.9626,36.7291,3.7665
300M,chip_103_320_merged.tif,0.2,3,1758961751,39,34.5346,35.6894,1.1548
300M,chip_103_320_merged.tif,0.2,4,1378355120,39,31.2609,36.5155,5.2546
300M,chip_103_320_merged.tif,0.4,0,692021550,78,31.6007,34.3494,2.7487
300M,chip_103_320_merged.tif,0.4,1,311414919,78,31.6004,35.6194,4.019
300M,chip_103_320_merged.tif,0.4,2,1978953049,78,32.2452,35.1725,2.9273
300M,chip_103_320_merged.tif,0.4,3,1598346418,78,32.3885,35.4963,3.1077
300M,chip_103_320_merged.tif,0.4,4,1118400900,78,31.7989,35.3767,3.5778
300M,chip_103_320_merged.tif,0.6,0,2096206991,117,30.8117,34.5765,3.7648
300M,chip_103_320_merged.tif,0.6,1,1715600360,117,29.1699,33.8256,4.6557
300M,chip_103_320_merged.tif,0.6,2,1235654842,117,31.5728,34.3939,2.8211
300M,chip_103_320_merged.tif,0.6,3,855048211,117,30.399,34.7259,4.3269
300M,chip_103_320_merged.tif,0.6,4,375102693,117,31.3058,34.741,3.4352
300M,chip_103_320_merged.tif,0.8,0,1613614795,156,30.521,33.0423,2.5213
300M,chip_103_320_merged.tif,0.8,1,1233008164,156,30.5282,32.9733,2.4451
300M,chip_103_320_merged.tif,0.8,2,753062646,156,29.3119,33.6798,4.3679
300M,chip_103_320_merged.tif,0.8,3,372456015,156,29.2607,33.2029,3.9422
300M,chip_103_320_merged.tif,0.8,4,2139333032,156,30.7529,32.9163,2.1634
300M,chip_104_333_merged.tif,0.2,0,1795385603,39,35.7174,37.027,1.3096
300M,chip_104_333_merged.tif,0.2,1,1315440085,39,35.7174,36.6113,0.8939
300M,chip_104_333_merged.tif,0.2,2,934833454,39,35.0669,36.1857,1.1188
300M,chip_104_333_merged.tif,0.2,3,554226823,39,35.0898,36.6741,1.5843
300M,chip_104_333_merged.tif,0.2,4,74281305,39,32.9686,36.339,3.3704
300M,chip_104_333_merged.tif,0.4,0,1634770270,78,34.624,36.8574,2.2334
300M,chip_104_333_merged.tif,0.4,1,1154824752,78,34.4858,36.48,1.9943
300M,chip_104_333_merged.tif,0.4,2,774218121,78,33.5401,36.9561,3.416
300M,chip_104_333_merged.tif,0.4,3,294272603,78,35.1546,35.6414,0.4867
300M,chip_104_333_merged.tif,0.4,4,2061149620,78,34.4264,36.7762,2.3498
300M,chip_104_333_merged.tif,0.6,0,891472063,117,35.49,36.0166,0.5266
300M,chip_104_333_merged.tif,0.6,1,411526545,117,34.4434,35.3384,0.895
300M,chip_104_333_merged.tif,0.6,2,30919914,117,35.3821,36.2139,0.8318
300M,chip_104_333_merged.tif,0.6,3,1698458044,117,34.097,35.5954,1.4985
300M,chip_104_333_merged.tif,0.6,4,1317851413,117,34.8623,35.5808,0.7185
300M,chip_104_333_merged.tif,0.8,0,408879867,156,34.2511,34.5818,0.3308
300M,chip_104_333_merged.tif,0.8,1,2076417997,156,32.9741,35.2802,2.3061
300M,chip_104_333_merged.tif,0.8,2,1695811366,156,33.8759,35.24,1.3641
300M,chip_104_333_merged.tif,0.8,3,1215865848,156,32.9417,35.3525,2.4108
300M,chip_104_333_merged.tif,0.8,4,835259217,156,33.8822,35.4176,1.5354
300M,chip_104_334_merged.tif,0.2,0,704881761,39,37.184,37.4539,0.2699
300M,chip_104_334_merged.tif,0.2,1,324275130,39,37.1846,37.6109,0.4264
300M,chip_104_334_merged.tif,0.2,2,1991813260,39,32.2388,37.7855,5.5467
300M,chip_104_334_merged.tif,0.2,3,1611206629,39,32.2392,37.6496,5.4105
300M,chip_104_334_merged.tif,0.2,4,1131261111,39,36.8029,37.4507,0.6478
300M,chip_104_334_merged.tif,0.4,0,1886429226,78,33.7946,36.3722,2.5775
300M,chip_104_334_merged.tif,0.4,1,1406483708,78,32.2957,37.8971,5.6015
300M,chip_104_334_merged.tif,0.4,2,1025877077,78,33.7948,37.8381,4.0433
300M,chip_104_334_merged.tif,0.4,3,545931559,78,35.9369,36.7915,0.8546
300M,chip_104_334_merged.tif,0.4,4,165324928,78,36.7227,37.027,0.3043
300M,chip_104_334_merged.tif,0.6,0,1948451869,117,35.7532,35.4908,-0.2624
300M,chip_104_334_merged.tif,0.6,1,1468506351,117,34.7168,37.7211,3.0043
300M,chip_104_334_merged.tif,0.6,2,1087899720,117,34.3807,35.3186,0.9379
300M,chip_104_334_merged.tif,0.6,3,707293089,117,35.7606,35.7172,-0.0433
300M,chip_104_334_merged.tif,0.6,4,227347571,117,34.3889,37.0368,2.6479
300M,chip_104_334_merged.tif,0.8,0,1465859673,156,34.6702,36.0837,1.4135
300M,chip_104_334_merged.tif,0.8,1,1085253042,156,34.4098,36.2604,1.8506
300M,chip_104_334_merged.tif,0.8,2,605307524,156,34.9325,36.6651,1.7327
300M,chip_104_334_merged.tif,0.8,3,224700893,156,34.9133,35.5288,0.6156
300M,chip_104_334_merged.tif,0.8,4,1892239023,156,34.6739,36.0703,1.3964
300M,chip_105_103_merged.tif,0.2,0,445186926,39,30.194,34.2876,4.0935
300M,chip_105_103_merged.tif,0.2,1,2112725056,39,30.2513,33.8078,3.5565
300M,chip_105_103_merged.tif,0.2,2,1732118425,39,29.9557,32.9343,2.9785
300M,chip_105_103_merged.tif,0.2,3,1351511794,39,29.0121,32.7401,3.728
300M,chip_105_103_merged.tif,0.2,4,871566276,39,28.0831,33.3956,5.3124
300M,chip_105_103_merged.tif,0.4,0,1527395504,78,27.3996,32.8611,5.4615
300M,chip_105_103_merged.tif,0.4,1,1146788873,78,31.7813,33.0472,1.266
300M,chip_105_103_merged.tif,0.4,2,666843355,78,29.7578,33.2149,3.4571
300M,chip_105_103_merged.tif,0.4,3,286236724,78,28.5368,33.0699,4.5332
300M,chip_105_103_merged.tif,0.4,4,2053113741,78,29.7578,32.4195,2.6617
300M,chip_105_103_merged.tif,0.6,0,1688757034,117,30.3277,30.4938,0.1661
300M,chip_105_103_merged.tif,0.6,1,1208811516,117,28.9693,32.2298,3.2605
300M,chip_105_103_merged.tif,0.6,2,828204885,117,29.2131,31.0668,1.8537
300M,chip_105_103_merged.tif,0.6,3,348259367,117,27.8112,32.8125,5.0013
300M,chip_105_103_merged.tif,0.6,4,2115136384,117,30.0779,31.5722,1.4944
300M,chip_105_103_merged.tif,0.8,0,1206164838,156,28.5431,29.4078,0.8647
300M,chip_105_103_merged.tif,0.8,1,726219320,156,27.5158,30.3809,2.8651
300M,chip_105_103_merged.tif,0.8,2,345612689,156,27.7665,30.8004,3.0338
300M,chip_105_103_merged.tif,0.8,3,2112489706,156,28.1884,30.3918,2.2033
300M,chip_105_103_merged.tif,0.8,4,1632544188,156,28.5431,29.8925,1.3494
300M,chip_105_104_merged.tif,0.2,0,22086586,39,29.7932,35.3535,5.5603
300M,chip_105_104_merged.tif,0.2,1,1788963603,39,33.1951,34.218,1.0229
300M,chip_105_104_merged.tif,0.2,2,1408356972,39,32.3311,35.6597,3.3286
300M,chip_105_104_merged.tif,0.2,3,928411454,39,33.8808,33.2466,-0.6342
300M,chip_105_104_merged.tif,0.2,4,547804823,39,33.1946,34.4582,1.2636
300M,chip_105_104_merged.tif,0.4,0,1203634051,78,31.6294,34.3025,2.6731
300M,chip_105_104_merged.tif,0.4,1,723688533,78,26.5926,32.7781,6.1855
300M,chip_105_104_merged.tif,0.4,2,343081902,78,31.8235,34.1583,2.3348
300M,chip_105_104_merged.tif,0.4,3,2109958919,78,30.7709,33.4037,2.6328
300M,chip_105_104_merged.tif,0.4,4,1630013401,78,30.0625,34.0319,3.9695
300M,chip_105_104_merged.tif,0.6,0,1265656694,117,30.4258,31.7195,1.2938
300M,chip_105_104_merged.tif,0.6,1,885050063,117,28.9965,33.2565,4.2599
300M,chip_105_104_merged.tif,0.6,2,405104545,117,29.1552,33.88,4.7248
300M,chip_105_104_merged.tif,0.6,3,24497914,117,30.105,33.64,3.535
300M,chip_105_104_merged.tif,0.6,4,1692036044,117,27.8991,31.9279,4.0288
300M,chip_105_104_merged.tif,0.8,0,783064498,156,27.4507,30.2318,2.781
300M,chip_105_104_merged.tif,0.8,1,402457867,156,27.9096,31.1548,3.2452
300M,chip_105_104_merged.tif,0.8,2,21851236,156,29.4115,31.6355,2.224
300M,chip_105_104_merged.tif,0.8,3,1689389366,156,28.2971,30.9704,2.6733
300M,chip_105_104_merged.tif,0.8,4,1308782735,156,28.2956,31.3742,3.0786
300M,chip_105_319_merged.tif,0.2,0,711054545,39,35.2625,36.8812,1.6187
300M,chip_105_319_merged.tif,0.2,1,330447914,39,30.3089,36.5033,6.1944
300M,chip_105_319_merged.tif,0.2,2,1997986044,39,35.6122,36.701,1.0888
300M,chip_105_319_merged.tif,0.2,3,1617379413,39,33.0744,37.0117,3.9373
300M,chip_105_319_merged.tif,0.2,4,1137433895,39,33.4633,36.9892,3.5259
300M,chip_105_319_merged.tif,0.4,0,550439212,78,30.3982,34.5794,4.1812
300M,chip_105_319_merged.tif,0.4,1,70493694,78,34.2925,36.1661,1.8736
300M,chip_105_319_merged.tif,0.4,2,1837370711,78,33.4356,36.2063,2.7706
300M,chip_105_319_merged.tif,0.4,3,1357425193,78,34.8281,35.9711,1.143
300M,chip_105_319_merged.tif,0.4,4,976818562,78,30.8562,35.3744,4.5182
300M,chip_105_319_merged.tif,0.6,0,1954624653,117,31.63,34.5799,2.95
300M,chip_105_319_merged.tif,0.6,1,1474679135,117,32.5189,34.6026,2.0837
300M,chip_105_319_merged.tif,0.6,2,1094072504,117,29.6153,34.9367,5.3214
300M,chip_105_319_merged.tif,0.6,3,713465873,117,33.828,35.4584,1.6303
300M,chip_105_319_merged.tif,0.6,4,233520355,117,33.824,35.9128,2.0887
300M,chip_105_319_merged.tif,0.8,0,1472032457,156,30.9822,33.4323,2.4502
300M,chip_105_319_merged.tif,0.8,1,1091425826,156,31.06,32.6507,1.5907
300M,chip_105_319_merged.tif,0.8,2,611480308,156,32.5159,33.2275,0.7116
300M,chip_105_319_merged.tif,0.8,3,230873677,156,31.0744,33.5178,2.4434
300M,chip_105_319_merged.tif,0.8,4,1898411807,156,32.0346,34.8155,2.781
300M,chip_105_427_merged.tif,0.2,0,2098839629,39,32.0095,34.2372,2.2277
300M,chip_105_427_merged.tif,0.2,1,1718232998,39,32.3949,33.879,1.4842
300M,chip_105_427_merged.tif,0.2,2,1238287480,39,30.9122,33.8105,2.8983
300M,chip_105_427_merged.tif,0.2,3,857680849,39,31.7689,32.1843,0.4155
300M,chip_105_427_merged.tif,0.2,4,377735331,39,31.7678,34.5103,2.7426
300M,chip_105_427_merged.tif,0.4,0,1033564559,78,30.7115,33.3675,2.656
300M,chip_105_427_merged.tif,0.4,1,652957928,78,30.706,33.5816,2.8756
300M,chip_105_427_merged.tif,0.4,2,272351297,78,31.0171,33.4332,2.416
300M,chip_105_427_merged.tif,0.4,3,1939889427,78,31.0168,32.3168,1.3
300M,chip_105_427_merged.tif,0.4,4,1559282796,78,31.0533,31.9712,0.9178
300M,chip_105_427_merged.tif,0.6,0,389605239,117,30.7293,32.3542,1.6249
300M,chip_105_427_merged.tif,0.6,1,2057143369,117,31.0744,32.3596,1.2853
300M,chip_105_427_merged.tif,0.6,2,1676536738,117,31.1489,32.9619,1.8131
300M,chip_105_427_merged.tif,0.6,3,1196591220,117,30.7332,32.7205,1.9873
300M,chip_105_427_merged.tif,0.6,4,815984589,117,30.5967,32.5203,1.9236
300M,chip_105_427_merged.tif,0.8,0,2054496691,156,30.242,31.5291,1.287
300M,chip_105_427_merged.tif,0.8,1,1574551173,156,30.2707,31.8919,1.6212
300M,chip_105_427_merged.tif,0.8,2,1193944542,156,30.3918,31.7615,1.3697
300M,chip_105_427_merged.tif,0.8,3,713999024,156,30.3637,31.5001,1.1364
300M,chip_105_427_merged.tif,0.8,4,333392393,156,30.6842,31.7994,1.1153
300M,chip_105_452_merged.tif,0.2,0,514788602,39,32.5993,38.7879,6.1886
300M,chip_105_452_merged.tif,0.2,1,134181971,39,34.081,30.9946,-3.0864
300M,chip_105_452_merged.tif,0.2,2,1901058988,39,31.4083,38.3707,6.9623
300M,chip_105_452_merged.tif,0.2,3,1421113470,39,31.566,32.9259,1.3599
300M,chip_105_452_merged.tif,0.2,4,1040506839,39,32.5985,38.6435,6.045
300M,chip_105_452_merged.tif,0.4,0,354173269,78,34.7294,33.8187,-0.9107
300M,chip_105_452_merged.tif,0.4,1,2121050286,78,31.4728,33.831,2.3582
300M,chip_105_452_merged.tif,0.4,2,1641104768,78,34.3723,30.1019,-4.2704
300M,chip_105_452_merged.tif,0.4,3,1260498137,78,35.6714,35.8445,0.1732
300M,chip_105_452_merged.tif,0.4,4,879891506,78,28.5419,31.9866,3.4448
300M,chip_105_452_merged.tif,0.6,0,1758358710,117,29.827,34.2806,4.4536
300M,chip_105_452_merged.tif,0.6,1,1377752079,117,34.8179,34.8174,-0.0005
300M,chip_105_452_merged.tif,0.6,2,897806561,117,35.312,29.6906,-5.6214
300M,chip_105_452_merged.tif,0.6,3,517199930,117,34.2591,30.3635,-3.8956
300M,chip_105_452_merged.tif,0.6,4,136593299,117,35.1013,33.3947,-1.7066
300M,chip_105_452_merged.tif,0.8,0,1275766514,156,29.3224,31.2106,1.8882
300M,chip_105_452_merged.tif,0.8,1,895159883,156,34.6421,30.5945,-4.0476
300M,chip_105_452_merged.tif,0.8,2,514553252,156,27.9248,33.301,5.3762
300M,chip_105_452_merged.tif,0.8,3,34607734,156,34.1853,31.9384,-2.2469
300M,chip_105_452_merged.tif,0.8,4,1801484751,156,29.637,29.9341,0.297
300M,chip_106_107_merged.tif,0.2,0,446857505,39,31.5435,32.1411,0.5977
300M,chip_106_107_merged.tif,0.2,1,66250874,39,30.9176,32.8485,1.9308
300M,chip_106_107_merged.tif,0.2,2,1733789004,39,30.3695,33.4309,3.0614
300M,chip_106_107_merged.tif,0.2,3,1353182373,39,29.4218,33.0723,3.6506
300M,chip_106_107_merged.tif,0.2,4,873236855,39,31.5159,33.0226,1.5067
300M,chip_106_107_merged.tif,0.4,0,286242172,78,30.5291,32.1493,1.6202
300M,chip_106_107_merged.tif,0.4,1,1953780302,78,30.5287,32.6474,2.1187
300M,chip_106_107_merged.tif,0.4,2,1573173671,78,31.0118,32.1358,1.124
300M,chip_106_107_merged.tif,0.4,3,1093228153,78,31.0677,32.2897,1.2219
300M,chip_106_107_merged.tif,0.4,4,712621522,78,30.6705,32.0912,1.4207
300M,chip_106_107_merged.tif,0.6,0,1690427613,117,31.1717,31.8216,0.6499
300M,chip_106_107_merged.tif,0.6,1,1210482095,117,30.5913,31.633,1.0417
300M,chip_106_107_merged.tif,0.6,2,829875464,117,31.2037,32.5449,1.3412
300M,chip_106_107_merged.tif,0.6,3,349929946,117,30.6357,32.1166,1.4809
300M,chip_106_107_merged.tif,0.6,4,2116806963,117,31.2903,31.9887,0.6984
300M,chip_106_107_merged.tif,0.8,0,1207835417,156,30.5554,31.0866,0.5312
300M,chip_106_107_merged.tif,0.8,1,827228786,156,30.5048,31.2571,0.7523
300M,chip_106_107_merged.tif,0.8,2,347283268,156,30.5505,31.4122,0.8617
300M,chip_106_107_merged.tif,0.8,3,2114160285,156,30.5585,31.1525,0.594
300M,chip_106_107_merged.tif,0.8,4,1634214767,156,30.7578,31.4601,0.7023
300M,chip_106_288_merged.tif,0.2,0,1708103897,39,33.6843,37.3417,3.6574
300M,chip_106_288_merged.tif,0.2,1,1327497266,39,33.6829,36.9932,3.3104
300M,chip_106_288_merged.tif,0.2,2,847551748,39,34.7372,37.3052,2.568
300M,chip_106_288_merged.tif,0.2,3,466945117,39,35.3182,36.1373,0.8191
300M,chip_106_288_merged.tif,0.2,4,2134483247,39,35.3177,37.3974,2.0797
300M,chip_106_288_merged.tif,0.4,0,1547488564,78,33.6253,35.787,2.1617
300M,chip_106_288_merged.tif,0.4,1,1067543046,78,32.2415,36.2537,4.0121
300M,chip_106_288_merged.tif,0.4,2,686936415,78,33.5047,36.4264,2.9217
300M,chip_106_288_merged.tif,0.4,3,206990897,78,33.6962,36.3124,2.6161
300M,chip_106_288_merged.tif,0.4,4,1973867914,78,31.4151,36.8261,5.411
300M,chip_106_288_merged.tif,0.6,0,804190357,117,31.2672,34.6232,3.356
300M,chip_106_288_merged.tif,0.6,1,324244839,117,32.1748,36.4723,4.2975
300M,chip_106_288_merged.tif,0.6,2,2091121856,117,33.1687,33.8022,0.6334
300M,chip_106_288_merged.tif,0.6,3,1611176338,117,31.7934,36.028,4.2346
300M,chip_106_288_merged.tif,0.6,4,1230569707,117,33.086,36.0,2.914
300M,chip_106_288_merged.tif,0.8,0,321598161,156,31.9816,34.3936,2.412
300M,chip_106_288_merged.tif,0.8,1,2088475178,156,32.039,34.9925,2.9535
300M,chip_106_288_merged.tif,0.8,2,1608529660,156,31.6825,34.4477,2.7653
300M,chip_106_288_merged.tif,0.8,3,1227923029,156,31.0762,34.3181,3.2419
300M,chip_106_288_merged.tif,0.8,4,747977511,156,32.1069,35.099,2.992
300M,chip_106_409_merged.tif,0.2,0,1966954545,39,35.9399,38.252,2.3121
300M,chip_106_409_merged.tif,0.2,1,1586347914,39,35.061,38.0153,2.9544
300M,chip_106_409_merged.tif,0.2,2,1106402396,39,36.8593,37.6356,0.7763
300M,chip_106_409_merged.tif,0.2,3,725795765,39,38.0247,38.0259,0.0011
300M,chip_106_409_merged.tif,0.2,4,345189134,39,33.948,38.6518,4.7038
300M,chip_106_409_merged.tif,0.4,0,1806339212,78,35.2917,38.2513,2.9596
300M,chip_106_409_merged.tif,0.4,1,1425732581,78,36.7977,37.1243,0.3265
300M,chip_106_409_merged.tif,0.4,2,945787063,78,34.9578,37.4907,2.5328
300M,chip_106_409_merged.tif,0.4,3,565180432,78,34.9576,36.6896,1.732
300M,chip_106_409_merged.tif,0.4,4,85234914,78,34.1094,37.244,3.1345
300M,chip_106_409_merged.tif,0.6,0,1063041005,117,34.7005,37.2709,2.5704
300M,chip_106_409_merged.tif,0.6,1,682434374,117,35.2966,36.8225,1.5259
300M,chip_106_409_merged.tif,0.6,2,202488856,117,34.6969,37.4271,2.7302
300M,chip_106_409_merged.tif,0.6,3,1969365873,117,35.3098,37.7665,2.4567
300M,chip_106_409_merged.tif,0.6,4,1489420355,117,34.3315,36.6099,2.2784
300M,chip_106_409_merged.tif,0.8,0,580448809,156,35.1273,35.8559,0.7285
300M,chip_106_409_merged.tif,0.8,1,199842178,156,34.2287,36.423,2.1944
300M,chip_106_409_merged.tif,0.8,2,1867380308,156,35.1506,35.6896,0.5389
300M,chip_106_409_merged.tif,0.8,3,1486773677,156,35.1196,35.4223,0.3027
300M,chip_106_409_merged.tif,0.8,4,1106167046,156,35.1308,36.3545,1.2237
300M,chip_106_413_merged.tif,0.2,0,296494262,39,36.1626,38.4512,2.2886
300M,chip_106_413_merged.tif,0.2,1,2063371279,39,34.6725,37.2789,2.6065
300M,chip_106_413_merged.tif,0.2,2,1583425761,39,34.6728,37.9134,3.2405
300M,chip_106_413_merged.tif,0.2,3,1202819130,39,33.0537,37.6748,4.621
300M,chip_106_413_merged.tif,0.2,4,822212499,39,35.4653,36.276,0.8107
300M,chip_106_413_merged.tif,0.4,0,135878929,78,34.1841,37.7185,3.5344
300M,chip_106_413_merged.tif,0.4,1,1902755946,78,34.0002,37.5959,3.5957
300M,chip_106_413_merged.tif,0.4,2,1422810428,78,33.7772,36.9174,3.1401
300M,chip_106_413_merged.tif,0.4,3,1042203797,78,35.1666,37.0738,1.9073
300M,chip_106_413_merged.tif,0.4,4,562258279,78,33.5563,37.6807,4.1244
300M,chip_106_413_merged.tif,0.6,0,1540064370,117,34.5332,36.6762,2.1431
300M,chip_106_413_merged.tif,0.6,1,1159457739,117,34.9993,36.6339,1.6346
300M,chip_106_413_merged.tif,0.6,2,679512221,117,34.539,36.0946,1.5556
300M,chip_106_413_merged.tif,0.6,3,298905590,117,34.2187,37.4854,3.2667
300M,chip_106_413_merged.tif,0.6,4,1966443720,117,34.4128,36.4556,2.0428
300M,chip_106_413_merged.tif,0.8,0,204533311,156,33.6633,34.8217,1.1584
300M,chip_106_413_merged.tif,0.8,1,1971410328,156,34.388,35.0143,0.6263
300M,chip_106_413_merged.tif,0.8,2,1590803697,156,34.0451,35.436,1.3909
300M,chip_106_413_merged.tif,0.8,3,1110858179,156,34.1861,35.4809,1.2947
300M,chip_106_413_merged.tif,0.8,4,730251548,156,34.0212,34.9196,0.8984
300M,chip_107_105_merged.tif,0.2,0,412351767,39,31.1486,33.6523,2.5037
300M,chip_107_105_merged.tif,0.2,1,2079889897,39,29.7045,34.5534,4.849
300M,chip_107_105_merged.tif,0.2,2,1699283266,39,31.2468,33.4942,2.2473
300M,chip_107_105_merged.tif,0.2,3,1219337748,39,30.7379,33.3029,2.565
300M,chip_107_105_merged.tif,0.2,4,838731117,39,31.2479,32.7283,1.4804
300M,chip_107_105_merged.tif,0.4,0,1494560345,78,28.8455,31.5283,2.6828
300M,chip_107_105_merged.tif,0.4,1,1113953714,78,29.7656,33.4652,3.6996
300M,chip_107_105_merged.tif,0.4,2,634008196,78,27.8188,32.429,4.6102
300M,chip_107_105_merged.tif,0.4,3,253401565,78,28.926,32.332,3.4061
300M,chip_107_105_merged.tif,0.4,4,1920939695,78,25.9907,33.1562,7.1655
300M,chip_107_105_merged.tif,0.6,0,1556582988,117,27.2662,31.9253,4.6591
300M,chip_107_105_merged.tif,0.6,1,1175976357,117,28.3747,31.9719,3.5972
300M,chip_107_105_merged.tif,0.6,2,795369726,117,29.3164,32.3759,3.0595
300M,chip_107_105_merged.tif,0.6,3,315424208,117,28.8201,32.0493,3.2293
300M,chip_107_105_merged.tif,0.6,4,2082301225,117,28.4053,31.5058,3.1004
300M,chip_107_105_merged.tif,0.8,0,1173329679,156,27.856,30.8869,3.0309
300M,chip_107_105_merged.tif,0.8,1,693384161,156,28.1141,29.6812,1.5671
300M,chip_107_105_merged.tif,0.8,2,312777530,156,28.1755,29.3827,1.2072
300M,chip_107_105_merged.tif,0.8,3,1980315660,156,26.8457,29.8033,2.9577
300M,chip_107_105_merged.tif,0.8,4,1599709029,156,27.8664,30.726,2.8596
300M,chip_107_106_merged.tif,0.2,0,237248075,39,29.9934,32.6718,2.6785
300M,chip_107_106_merged.tif,0.2,1,1904786205,39,30.0827,34.5866,4.5039
300M,chip_107_106_merged.tif,0.2,2,1524179574,39,30.428,33.6743,3.2463
300M,chip_107_106_merged.tif,0.2,3,1044234056,39,30.4269,33.5176,3.0907
300M,chip_107_106_merged.tif,0.2,4,663627425,39,30.7184,32.8568,2.1383
300M,chip_107_106_merged.tif,0.4,0,2124777503,78,30.3988,32.8179,2.4191
300M,chip_107_106_merged.tif,0.4,1,1744170872,78,30.2467,32.5856,2.3388
300M,chip_107_106_merged.tif,0.4,2,1363564241,78,28.9888,32.2252,3.2364
300M,chip_107_106_merged.tif,0.4,3,883618723,78,28.9882,32.7528,3.7646
300M,chip_107_106_merged.tif,0.4,4,503012092,78,28.2311,33.0475,4.8164
300M,chip_107_106_merged.tif,0.6,0,1381479296,117,28.604,31.8629,3.2589
300M,chip_107_106_merged.tif,0.6,1,1000872665,117,29.2999,32.0037,2.7038
300M,chip_107_106_merged.tif,0.6,2,620266034,117,29.296,31.7157,2.4197
300M,chip_107_106_merged.tif,0.6,3,140320516,117,29.0243,31.2856,2.2613
300M,chip_107_106_merged.tif,0.6,4,1907197533,117,28.95,32.0329,3.083
300M,chip_107_106_merged.tif,0.8,0,998225987,156,29.0551,30.4063,1.3512
300M,chip_107_106_merged.tif,0.8,1,518280469,156,27.88,30.6893,2.8093
300M,chip_107_106_merged.tif,0.8,2,137673838,156,29.0479,30.2326,1.1847
300M,chip_107_106_merged.tif,0.8,3,1805211968,156,28.2951,30.5499,2.2549
300M,chip_107_106_merged.tif,0.8,4,1424605337,156,28.1994,30.9866,2.7872
300M,chip_107_334_merged.tif,0.2,0,904383462,39,33.5482,37.6211,4.0728
300M,chip_107_334_merged.tif,0.2,1,424437944,39,35.941,37.3385,1.3975
300M,chip_107_334_merged.tif,0.2,2,43831313,39,35.9172,36.9108,0.9936
300M,chip_107_334_merged.tif,0.2,3,1711369443,39,34.6541,37.6445,2.9904
300M,chip_107_334_merged.tif,0.2,4,1330762812,39,34.6542,37.6508,2.9966
300M,chip_107_334_merged.tif,0.4,0,644429242,78,36.3747,37.5707,1.196
300M,chip_107_334_merged.tif,0.4,1,263822611,78,36.4969,37.4069,0.91
300M,chip_107_334_merged.tif,0.4,2,2030699628,78,34.4387,37.4823,3.0436
300M,chip_107_334_merged.tif,0.4,3,1550754110,78,35.1053,37.3965,2.2911
300M,chip_107_334_merged.tif,0.4,4,1170147479,78,35.38,37.7283,2.3483
300M,chip_107_334_merged.tif,0.6,0,2048614683,117,34.7606,36.5549,1.7943
300M,chip_107_334_merged.tif,0.6,1,1668008052,117,34.3805,37.3327,2.9522
300M,chip_107_334_merged.tif,0.6,2,1287401421,117,34.745,36.452,1.7069
300M,chip_107_334_merged.tif,0.6,3,807455903,117,34.7596,37.279,2.5194
300M,chip_107_334_merged.tif,0.6,4,426849272,117,34.3765,36.6241,2.2476
300M,chip_107_334_merged.tif,0.8,0,1665361374,156,34.923,36.2205,1.2975
300M,chip_107_334_merged.tif,0.8,1,1185415856,156,34.8996,36.1792,1.2796
300M,chip_107_334_merged.tif,0.8,2,804809225,156,34.9031,35.7776,0.8745
300M,chip_107_334_merged.tif,0.8,3,324863707,156,35.1477,36.1513,1.0036
300M,chip_107_334_merged.tif,0.8,4,2091740724,156,34.54,36.1523,1.6123
300M,chip_107_410_merged.tif,0.2,0,1040402896,39,34.2058,37.1992,2.9934
300M,chip_107_410_merged.tif,0.2,1,659796265,39,34.7297,36.9809,2.2512
300M,chip_107_410_merged.tif,0.2,2,279189634,39,35.6856,37.8837,2.1981
300M,chip_107_410_merged.tif,0.2,3,1946727764,39,33.7257,36.3133,2.5876
300M,chip_107_410_merged.tif,0.2,4,1566121133,39,34.0304,37.6512,3.6208
300M,chip_107_410_merged.tif,0.4,0,74466713,78,34.5686,36.736,2.1674
300M,chip_107_410_merged.tif,0.4,1,1841343730,78,34.4642,37.0551,2.5909
300M,chip_107_410_merged.tif,0.4,2,1361398212,78,34.0013,36.7229,2.7217
300M,chip_107_410_merged.tif,0.4,3,980791581,78,34.5104,37.3199,2.8095
300M,chip_107_410_merged.tif,0.4,4,500846063,78,34.464,37.0655,2.6015
300M,chip_107_410_merged.tif,0.6,0,1478652154,117,34.1421,36.0884,1.9463
300M,chip_107_410_merged.tif,0.6,1,1098045523,117,34.2538,35.7559,1.5022
300M,chip_107_410_merged.tif,0.6,2,618100005,117,34.4141,36.4524,2.0383
300M,chip_107_410_merged.tif,0.6,3,237493374,117,34.5687,36.1593,1.5906
300M,chip_107_410_merged.tif,0.6,4,1905031504,117,33.6148,36.1343,2.5195
300M,chip_107_410_merged.tif,0.8,0,996059958,156,33.7446,35.6432,1.8986
300M,chip_107_410_merged.tif,0.8,1,615453327,156,33.5726,34.9909,1.4184
300M,chip_107_410_merged.tif,0.8,2,135507809,156,33.7495,35.3514,1.6019
300M,chip_107_410_merged.tif,0.8,3,1902384826,156,33.5761,34.8213,1.2452
300M,chip_107_410_merged.tif,0.8,4,1521778195,156,34.0169,35.6911,1.6742
300M,chip_108_401_merged.tif,0.2,0,736785144,39,37.3744,37.73,0.3556
300M,chip_108_401_merged.tif,0.2,1,356178513,39,36.4686,38.9564,2.4879
300M,chip_108_401_merged.tif,0.2,2,2023716643,39,34.4347,39.5876,5.1529
300M,chip_108_401_merged.tif,0.2,3,1643110012,39,38.2889,38.2859,-0.003
300M,chip_108_401_merged.tif,0.2,4,1163164494,39,36.4683,39.3501,2.8818
300M,chip_108_401_merged.tif,0.4,0,1818993722,78,36.7903,38.9427,2.1524
300M,chip_108_401_merged.tif,0.4,1,1438387091,78,36.7899,37.7883,0.9983
300M,chip_108_401_merged.tif,0.4,2,1057780460,78,37.5299,39.2376,1.7076
300M,chip_108_401_merged.tif,0.4,3,577834942,78,36.1354,39.2926,3.1572
300M,chip_108_401_merged.tif,0.4,4,197228311,78,37.9931,37.9107,-0.0825
300M,chip_108_401_merged.tif,0.6,0,1980355252,117,37.3225,37.896,0.5735
300M,chip_108_401_merged.tif,0.6,1,1500409734,117,34.1463,38.2681,4.1218
300M,chip_108_401_merged.tif,0.6,2,1119803103,117,35.9702,37.3025,1.3323
300M,chip_108_401_merged.tif,0.6,3,739196472,117,37.1497,37.9561,0.8064
300M,chip_108_401_merged.tif,0.6,4,259250954,117,36.6181,38.1672,1.5491
300M,chip_108_401_merged.tif,0.8,0,1497763056,156,34.1929,37.733,3.5401
300M,chip_108_401_merged.tif,0.8,1,1117156425,156,36.4579,37.2371,0.7792
300M,chip_108_401_merged.tif,0.8,2,637210907,156,36.4319,37.7124,1.2805
300M,chip_108_401_merged.tif,0.8,3,256604276,156,36.3225,37.5745,1.2521
300M,chip_108_401_merged.tif,0.8,4,1924142406,156,35.9241,37.8038,1.8797
300M,chip_108_405_merged.tif,0.2,0,4185552,39,39.3001,40.5619,1.2618
300M,chip_108_405_merged.tif,0.2,1,1671723682,39,39.7163,40.8242,1.1078
300M,chip_108_405_merged.tif,0.2,2,1291117051,39,38.9878,39.6721,0.6843
300M,chip_108_405_merged.tif,0.2,3,811171533,39,39.2916,39.6671,0.3755
300M,chip_108_405_merged.tif,0.2,4,430564902,39,39.2174,40.8287,1.6113
300M,chip_108_405_merged.tif,0.4,0,1086394130,78,38.9255,40.2708,1.3453
300M,chip_108_405_merged.tif,0.4,1,705787499,78,40.3977,41.314,0.9163
300M,chip_108_405_merged.tif,0.4,2,225841981,78,39.9772,40.394,0.4167
300M,chip_108_405_merged.tif,0.4,3,1992718998,78,40.34,40.2439,-0.0961
300M,chip_108_405_merged.tif,0.4,4,1612112367,78,38.4856,40.6508,2.1651
300M,chip_108_405_merged.tif,0.6,0,1247755660,117,39.988,40.4393,0.4513
300M,chip_108_405_merged.tif,0.6,1,767810142,117,40.1294,40.0982,-0.0313
300M,chip_108_405_merged.tif,0.6,2,387203511,117,39.3964,40.3461,0.9498
300M,chip_108_405_merged.tif,0.6,3,2054741641,117,40.1286,40.1673,0.0387
300M,chip_108_405_merged.tif,0.6,4,1674135010,117,39.3385,40.1845,0.8459
300M,chip_108_405_merged.tif,0.8,0,765163464,156,38.5418,39.8963,1.3545
300M,chip_108_405_merged.tif,0.8,1,285217946,156,38.5105,39.914,1.4035
300M,chip_108_405_merged.tif,0.8,2,2052094963,156,38.5346,40.0794,1.5448
300M,chip_108_405_merged.tif,0.8,3,1572149445,156,38.5429,39.0804,0.5375
300M,chip_108_405_merged.tif,0.8,4,1191542814,156,38.5402,39.9127,1.3725
300M,chip_108_438_merged.tif,0.2,0,1250570845,39,31.6712,34.7628,3.0916
300M,chip_108_438_merged.tif,0.2,1,869964214,39,35.8191,34.8966,-0.9225
300M,chip_108_438_merged.tif,0.2,2,390018696,39,31.661,33.5281,1.8671
300M,chip_108_438_merged.tif,0.2,3,9412065,39,31.637,34.6545,3.0176
300M,chip_108_438_merged.tif,0.2,4,1776289082,39,31.4578,35.1005,3.6426
300M,chip_108_438_merged.tif,0.4,0,284634662,78,31.4945,34.7721,3.2777
300M,chip_108_438_merged.tif,0.4,1,1952172792,78,30.8041,34.7446,3.9405
300M,chip_108_438_merged.tif,0.4,2,1571566161,78,30.6489,33.6914,3.0425
300M,chip_108_438_merged.tif,0.4,3,1190959530,78,33.0875,34.5352,1.4476
300M,chip_108_438_merged.tif,0.4,4,711014012,78,31.9272,34.2391,2.3118
300M,chip_108_438_merged.tif,0.6,0,346657305,117,29.6852,33.8928,4.2076
300M,chip_108_438_merged.tif,0.6,1,2113534322,117,29.9295,34.1764,4.2469
300M,chip_108_438_merged.tif,0.6,2,1633588804,117,30.2999,33.8274,3.5275
300M,chip_108_438_merged.tif,0.6,3,1252982173,117,29.9279,33.5471,3.6192
300M,chip_108_438_merged.tif,0.6,4,773036655,117,30.9405,34.2571,3.3167
300M,chip_108_438_merged.tif,0.8,0,2011548757,156,31.4427,32.0413,0.5986
300M,chip_108_438_merged.tif,0.8,1,1630942126,156,30.8304,32.5231,1.6927
300M,chip_108_438_merged.tif,0.8,2,1150996608,156,30.6035,32.5527,1.9492
300M,chip_108_438_merged.tif,0.8,3,770389977,156,29.5534,32.8833,3.3299
300M,chip_108_438_merged.tif,0.8,4,389783346,156,30.5861,32.0118,1.4256
300M,chip_109_334_merged.tif,0.2,0,819117015,39,33.5728,37.3393,3.7665
300M,chip_109_334_merged.tif,0.2,1,438510384,39,35.7592,37.1179,1.3587
300M,chip_109_334_merged.tif,0.2,2,2106048514,39,35.5321,36.9431,1.411
300M,chip_109_334_merged.tif,0.2,3,1725441883,39,34.6369,37.4856,2.8487
300M,chip_109_334_merged.tif,0.2,4,1245496365,39,35.0909,38.7099,3.619
300M,chip_109_334_merged.tif,0.4,0,1901325593,78,36.8018,37.7525,0.9508
300M,chip_109_334_merged.tif,0.4,1,1520718962,78,36.188,37.0091,0.8211
300M,chip_109_334_merged.tif,0.4,2,1140112331,78,35.1881,37.583,2.3949
300M,chip_109_334_merged.tif,0.4,3,660166813,78,35.6591,37.4461,1.787
300M,chip_109_334_merged.tif,0.4,4,279560182,78,34.715,37.6864,2.9714
300M,chip_109_334_merged.tif,0.6,0,2062687123,117,35.2671,37.3246,2.0576
300M,chip_109_334_merged.tif,0.6,1,1582741605,117,35.6819,36.2784,0.5965
300M,chip_109_334_merged.tif,0.6,2,1202134974,117,36.0547,36.781,0.7263
300M,chip_109_334_merged.tif,0.6,3,821528343,117,35.1362,36.8451,1.7089
300M,chip_109_334_merged.tif,0.6,4,341582825,117,34.0305,36.8332,2.8027
300M,chip_109_334_merged.tif,0.8,0,1580094927,156,35.0533,36.3185,1.2652
300M,chip_109_334_merged.tif,0.8,1,1199488296,156,35.446,36.4196,0.9735
300M,chip_109_334_merged.tif,0.8,2,719542778,156,34.5985,36.3261,1.7276
300M,chip_109_334_merged.tif,0.8,3,338936147,156,33.9271,35.9876,2.0605
300M,chip_109_334_merged.tif,0.8,4,2006474277,156,34.6711,36.3175,1.6464
300M,chip_109_416_merged.tif,0.2,0,1333540745,39,32.9462,35.1634,2.2173
300M,chip_109_416_merged.tif,0.2,1,952934114,39,32.9749,35.607,2.6321
300M,chip_109_416_merged.tif,0.2,2,472988596,39,31.4678,35.3904,3.9226
300M,chip_109_416_merged.tif,0.2,3,92381965,39,31.3058,34.1469,2.8412
300M,chip_109_416_merged.tif,0.2,4,1759920095,39,31.4939,34.9663,3.4724
300M,chip_109_416_merged.tif,0.4,0,1172925412,78,32.1195,34.8906,2.7711
300M,chip_109_416_merged.tif,0.4,1,692979894,78,32.5239,34.9138,2.3899
300M,chip_109_416_merged.tif,0.4,2,312373263,78,32.6868,33.8123,1.1255
300M,chip_109_416_merged.tif,0.4,3,2079250280,78,32.6732,34.4153,1.7421
300M,chip_109_416_merged.tif,0.4,4,1599304762,78,31.3816,34.3346,2.953
300M,chip_109_416_merged.tif,0.6,0,429627205,117,32.0364,32.9764,0.94
300M,chip_109_416_merged.tif,0.6,1,49020574,117,32.1455,33.9115,1.766
300M,chip_109_416_merged.tif,0.6,2,1716558704,117,31.8083,34.1369,2.3286
300M,chip_109_416_merged.tif,0.6,3,1335952073,117,32.5563,33.3715,0.8152
300M,chip_109_416_merged.tif,0.6,4,856006555,117,31.3931,35.1448,3.7517
300M,chip_109_416_merged.tif,0.8,0,2094518657,156,31.6592,32.6858,1.0266
300M,chip_109_416_merged.tif,0.8,1,1713912026,156,31.59,32.7164,1.1264
300M,chip_109_416_merged.tif,0.8,2,1233966508,156,31.6541,32.1568,0.5028
300M,chip_109_416_merged.tif,0.8,3,853359877,156,31.197,32.212,1.015
300M,chip_109_416_merged.tif,0.8,4,373414359,156,31.3677,32.5621,1.1945
300M,chip_109_424_merged.tif,0.2,0,967338367,39,33.5439,36.0932,2.5493
300M,chip_109_424_merged.tif,0.2,1,487392849,39,33.1204,37.5516,4.4312
300M,chip_109_424_merged.tif,0.2,2,106786218,39,32.0407,36.6405,4.5999
300M,chip_109_424_merged.tif,0.2,3,1873663235,39,33.7222,36.2594,2.5372
300M,chip_109_424_merged.tif,0.2,4,1393717717,39,32.8489,37.1884,4.3394
300M,chip_109_424_merged.tif,0.4,0,2049546945,78,32.169,36.4349,4.2658
300M,chip_109_424_merged.tif,0.4,1,1668940314,78,35.8394,36.0972,0.2578
300M,chip_109_424_merged.tif,0.4,2,1188994796,78,35.8404,34.5983,-1.242
300M,chip_109_424_merged.tif,0.4,3,808388165,78,33.1007,35.4536,2.3529
300M,chip_109_424_merged.tif,0.4,4,427781534,78,35.0786,36.3922,1.3136
300M,chip_109_424_merged.tif,0.6,0,63424827,117,33.1903,34.1903,0.9999
300M,chip_109_424_merged.tif,0.6,1,1730962957,117,31.9417,35.0923,3.1506
300M,chip_109_424_merged.tif,0.6,2,1350356326,117,32.0551,34.5023,2.4472
300M,chip_109_424_merged.tif,0.6,3,870410808,117,32.3143,34.0324,1.7181
300M,chip_109_424_merged.tif,0.6,4,489804177,117,31.4915,35.2008,3.7093
300M,chip_109_424_merged.tif,0.8,0,1728316279,156,31.7819,33.3358,1.5539
300M,chip_109_424_merged.tif,0.8,1,1248370761,156,31.9947,33.0886,1.0939
300M,chip_109_424_merged.tif,0.8,2,867764130,156,32.3629,34.3218,1.9589
300M,chip_109_424_merged.tif,0.8,3,487157499,156,31.5411,33.6047,2.0636
300M,chip_109_424_merged.tif,0.8,4,7211981,156,32.2985,33.9841,1.6856
300M,chip_110_340_merged.tif,0.2,0,1338184637,39,35.5584,36.5545,0.996
300M,chip_110_340_merged.tif,0.2,1,858239119,39,34.2827,36.0155,1.7328
300M,chip_110_340_merged.tif,0.2,2,477632488,39,33.2985,36.9605,3.6619
300M,chip_110_340_merged.tif,0.2,3,2145170618,39,31.9146,36.0292,4.1146
300M,chip_110_340_merged.tif,0.2,4,1764563987,39,33.2991,36.3508,3.0516
300M,chip_110_340_merged.tif,0.4,0,1078230417,78,35.044,36.5645,1.5206
300M,chip_110_340_merged.tif,0.4,1,697623786,78,35.9226,35.8668,-0.0557
300M,chip_110_340_merged.tif,0.4,2,217678268,78,33.2972,36.2197,2.9225
300M,chip_110_340_merged.tif,0.4,3,1984555285,78,31.6551,36.5191,4.864
300M,chip_110_340_merged.tif,0.4,4,1603948654,78,34.6318,36.5164,1.8847
300M,chip_110_340_merged.tif,0.6,0,334932210,117,31.5747,34.5724,2.9977
300M,chip_110_340_merged.tif,0.6,1,2101809227,117,33.7792,36.2628,2.4836
300M,chip_110_340_merged.tif,0.6,2,1621863709,117,30.8489,35.5462,4.6973
300M,chip_110_340_merged.tif,0.6,3,1241257078,117,33.7657,35.7328,1.9671
300M,chip_110_340_merged.tif,0.6,4,860650447,117,31.7751,35.0433,3.2682
300M,chip_110_340_merged.tif,0.8,0,2099162549,156,32.2237,35.1185,2.8948
300M,chip_110_340_merged.tif,0.8,1,1619217031,156,31.9094,33.3872,1.4777
300M,chip_110_340_merged.tif,0.8,2,1238610400,156,31.8913,34.9754,3.0841
300M,chip_110_340_merged.tif,0.8,3,758664882,156,31.6609,33.7479,2.087
300M,chip_110_340_merged.tif,0.8,4,378058251,156,31.6977,34.9142,3.2166
300M,chip_110_429_merged.tif,0.2,0,28842811,39,31.6972,35.2796,3.5824
300M,chip_110_429_merged.tif,0.2,1,1795719828,39,30.3738,36.8564,6.4827
300M,chip_110_429_merged.tif,0.2,2,1415113197,39,29.8171,36.4117,6.5946
300M,chip_110_429_merged.tif,0.2,3,935167679,39,33.3054,33.7312,0.4259
300M,chip_110_429_merged.tif,0.2,4,554561048,39,32.0902,36.1753,4.0851
300M,chip_110_429_merged.tif,0.4,0,2015711126,78,34.1173,35.6512,1.5339
300M,chip_110_429_merged.tif,0.4,1,1635104495,78,34.0039,34.4605,0.4566
300M,chip_110_429_merged.tif,0.4,2,1155158977,78,34.1167,33.4966,-0.6201
300M,chip_110_429_merged.tif,0.4,3,774552346,78,34.2841,35.59,1.3059
300M,chip_110_429_merged.tif,0.4,4,294606828,78,31.188,34.7264,3.5383
300M,chip_110_429_merged.tif,0.6,0,1272412919,117,32.6008,34.3911,1.7903
300M,chip_110_429_merged.tif,0.6,1,891806288,117,30.1373,34.0244,3.8871
300M,chip_110_429_merged.tif,0.6,2,411860770,117,33.1324,34.8065,1.6741
300M,chip_110_429_merged.tif,0.6,3,31254139,117,29.0014,34.5903,5.5889
300M,chip_110_429_merged.tif,0.6,4,1798131156,117,32.5895,33.9345,1.345
300M,chip_110_429_merged.tif,0.8,0,789820723,156,31.5654,33.1162,1.5508
300M,chip_110_429_merged.tif,0.8,1,409214092,156,31.6113,32.3307,0.7193
300M,chip_110_429_merged.tif,0.8,2,28607461,156,31.6328,33.0862,1.4534
300M,chip_110_429_merged.tif,0.8,3,1696145591,156,30.2777,32.9152,2.6375
300M,chip_110_429_merged.tif,0.8,4,1315538960,156,31.5425,32.3983,0.8558
300M,chip_111_421_merged.tif,0.2,0,1769989142,39,29.6798,33.1528,3.4731
300M,chip_111_421_merged.tif,0.2,1,1389382511,39,30.004,33.558,3.554
300M,chip_111_421_merged.tif,0.2,2,909436993,39,30.0045,33.3985,3.394
300M,chip_111_421_merged.tif,0.2,3,528830362,39,30.432,33.2878,2.8558
300M,chip_111_421_merged.tif,0.2,4,48884844,39,29.8052,34.0447,4.2395
300M,chip_111_421_merged.tif,0.4,0,1609373809,78,29.3939,32.6658,3.2718
300M,chip_111_421_merged.tif,0.4,1,1129428291,78,30.8999,32.8187,1.9188
300M,chip_111_421_merged.tif,0.4,2,748821660,78,29.3266,32.8785,3.5519
300M,chip_111_421_merged.tif,0.4,3,368215029,78,29.7105,32.0997,2.3891
300M,chip_111_421_merged.tif,0.4,4,2035753159,78,29.9288,33.2203,3.2916
300M,chip_111_421_merged.tif,0.6,0,1719014465,117,29.4144,32.47,3.0557
300M,chip_111_421_merged.tif,0.6,1,1239068947,117,30.3575,31.5913,1.2339
300M,chip_111_421_merged.tif,0.6,2,858462316,117,29.2676,32.438,3.1704
300M,chip_111_421_merged.tif,0.6,3,378516798,117,30.3551,33.0604,2.7053
300M,chip_111_421_merged.tif,0.6,4,2145393815,117,29.7609,32.254,2.4931
300M,chip_111_421_merged.tif,0.8,0,383483406,156,30.0322,30.8377,0.8055
300M,chip_111_421_merged.tif,0.8,1,2876775,156,30.0284,31.0327,1.0043
300M,chip_111_421_merged.tif,0.8,2,1670414905,156,29.8081,31.4286,1.6205
300M,chip_111_421_merged.tif,0.8,3,1289808274,156,29.654,30.8683,1.2143
300M,chip_111_421_merged.tif,0.8,4,809862756,156,29.8065,31.3427,1.5362
300M,chip_111_595_merged.tif,0.2,0,1435844314,39,36.1563,37.7656,1.6093
300M,chip_111_595_merged.tif,0.2,1,1055237683,39,33.3742,36.4067,3.0325
300M,chip_111_595_merged.tif,0.2,2,575292165,39,36.1565,38.2279,2.0714
300M,chip_111_595_merged.tif,0.2,3,194685534,39,36.5866,37.8426,1.2561
300M,chip_111_595_merged.tif,0.2,4,1862223664,39,36.1017,38.0223,1.9207
300M,chip_111_595_merged.tif,0.4,0,1275228981,78,36.0358,37.7273,1.6915
300M,chip_111_595_merged.tif,0.4,1,795283463,78,36.0363,36.5375,0.5012
300M,chip_111_595_merged.tif,0.4,2,414676832,78,35.8738,36.8559,0.982
300M,chip_111_595_merged.tif,0.4,3,2082214962,78,36.5288,37.698,1.1691
300M,chip_111_595_merged.tif,0.4,4,1701608331,78,36.2101,37.8439,1.6338
300M,chip_111_595_merged.tif,0.6,0,531930774,117,36.3166,37.0051,0.6885
300M,chip_111_595_merged.tif,0.6,1,51985256,117,36.6523,37.2595,0.6071
300M,chip_111_595_merged.tif,0.6,2,1818862273,117,35.7446,37.146,1.4014
300M,chip_111_595_merged.tif,0.6,3,1338916755,117,36.6727,36.7586,0.0859
300M,chip_111_595_merged.tif,0.6,4,958310124,117,34.6961,37.1398,2.4437
300M,chip_111_595_merged.tif,0.8,0,49338578,156,35.0615,37.1237,2.0622
300M,chip_111_595_merged.tif,0.8,1,1816215595,156,36.2666,36.1125,-0.1541
300M,chip_111_595_merged.tif,0.8,2,1336270077,156,35.8387,36.4271,0.5884
300M,chip_111_595_merged.tif,0.8,3,955663446,156,35.7648,36.2161,0.4513
300M,chip_111_595_merged.tif,0.8,4,475717928,156,36.2728,36.0717,-0.2011
300M,chip_113_329_merged.tif,0.2,0,35351916,39,32.6293,36.4634,3.834
300M,chip_113_329_merged.tif,0.2,1,1802228933,39,30.8533,36.722,5.8688
300M,chip_113_329_merged.tif,0.2,2,1322283415,39,30.2023,35.8098,5.6075
300M,chip_113_329_merged.tif,0.2,3,941676784,39,34.4828,35.5239,1.0412
300M,chip_113_329_merged.tif,0.2,4,461731266,39,30.203,36.783,6.58
300M,chip_113_329_merged.tif,0.4,0,2022220231,78,31.4628,35.9134,4.4506
300M,chip_113_329_merged.tif,0.4,1,1542274713,78,31.4621,35.7252,4.2631
300M,chip_113_329_merged.tif,0.4,2,1161668082,78,32.0988,35.9909,3.8922
300M,chip_113_329_merged.tif,0.4,3,781061451,78,31.6811,36.0556,4.3745
300M,chip_113_329_merged.tif,0.4,4,301115933,78,32.422,33.9797,1.5577
300M,chip_113_329_merged.tif,0.6,0,1278922024,117,31.5363,34.8184,3.2821
300M,chip_113_329_merged.tif,0.6,1,798976506,117,31.8355,32.9432,1.1077
300M,chip_113_329_merged.tif,0.6,2,418369875,117,31.8423,34.4108,2.5685
300M,chip_113_329_merged.tif,0.6,3,37763244,117,29.9424,34.4839,4.5415
300M,chip_113_329_merged.tif,0.6,4,1705301374,117,29.9274,34.8875,4.9601
300M,chip_113_329_merged.tif,0.8,0,796329828,156,30.6423,32.7598,2.1175
300M,chip_113_329_merged.tif,0.8,1,415723197,156,31.4515,33.0186,1.5671
300M,chip_113_329_merged.tif,0.8,2,2083261327,156,31.0602,33.2703,2.2101
300M,chip_113_329_merged.tif,0.8,3,1702654696,156,31.06,31.868,0.8081
300M,chip_113_329_merged.tif,0.8,4,1222709178,156,31.4358,33.3212,1.8854
300M,chip_113_420_merged.tif,0.2,0,1490821606,39,31.2797,33.6698,2.3901
300M,chip_113_420_merged.tif,0.2,1,1110214975,39,30.438,33.9931,3.5551
300M,chip_113_420_merged.tif,0.2,2,630269457,39,33.2509,34.2278,0.9769
300M,chip_113_420_merged.tif,0.2,3,249662826,39,33.1528,34.0704,0.9176
300M,chip_113_420_merged.tif,0.2,4,2016539843,39,33.3704,34.4155,1.0451
300M,chip_113_420_merged.tif,0.4,0,524885423,78,32.3251,34.1887,1.8636
300M,chip_113_420_merged.tif,0.4,1,44939905,78,31.6034,33.2229,1.6195
300M,chip_113_420_merged.tif,0.4,2,1811816922,78,31.9112,34.256,2.3448
300M,chip_113_420_merged.tif,0.4,3,1431210291,78,30.6777,33.7716,3.0939
300M,chip_113_420_merged.tif,0.4,4,951264773,78,30.5008,33.705,3.2042
300M,chip_113_420_merged.tif,0.6,0,1929070864,117,31.8777,33.8036,1.9259
300M,chip_113_420_merged.tif,0.6,1,1449125346,117,31.2665,33.1134,1.8468
300M,chip_113_420_merged.tif,0.6,2,1068518715,117,32.0243,32.7825,0.7582
300M,chip_113_420_merged.tif,0.6,3,687912084,117,31.5564,33.4151,1.8587
300M,chip_113_420_merged.tif,0.6,4,207966566,117,30.4058,33.0217,2.6159
300M,chip_113_420_merged.tif,0.8,0,1446478668,156,31.6166,32.5017,0.8851
300M,chip_113_420_merged.tif,0.8,1,1065872037,156,31.3327,32.0121,0.6794
300M,chip_113_420_merged.tif,0.8,2,585926519,156,30.8997,31.9782,1.0785
300M,chip_113_420_merged.tif,0.8,3,205319888,156,31.5233,32.4091,0.8857
300M,chip_113_420_merged.tif,0.8,4,1872858018,156,30.8917,32.162,1.2703
300M,chip_114_441_merged.tif,0.2,0,1917993357,39,31.3307,34.1259,2.7952
300M,chip_114_441_merged.tif,0.2,1,1438047839,39,32.989,33.8361,0.8471
300M,chip_114_441_merged.tif,0.2,2,1057441208,39,29.8658,34.1145,4.2487
300M,chip_114_441_merged.tif,0.2,3,676834577,39,30.6802,34.9296,4.2495
300M,chip_114_441_merged.tif,0.2,4,196889059,39,31.6426,35.1542,3.5116
300M,chip_114_441_merged.tif,0.4,0,1757378024,78,31.7242,33.8942,2.1701
300M,chip_114_441_merged.tif,0.4,1,1277432506,78,29.3617,34.3465,4.9848
300M,chip_114_441_merged.tif,0.4,2,896825875,78,30.4147,34.1895,3.7748
300M,chip_114_441_merged.tif,0.4,3,416880357,78,29.5066,34.2569,4.7503
300M,chip_114_441_merged.tif,0.4,4,36273726,78,30.4161,33.4191,3.003
300M,chip_114_441_merged.tif,0.6,0,1014079817,117,30.3395,32.6838,2.3443
300M,chip_114_441_merged.tif,0.6,1,534134299,117,29.8824,33.604,3.7216
300M,chip_114_441_merged.tif,0.6,2,153527668,117,30.5838,32.7618,2.178
300M,chip_114_441_merged.tif,0.6,3,1821065798,117,30.2246,32.208,1.9834
300M,chip_114_441_merged.tif,0.6,4,1440459167,117,29.6085,32.4527,2.8442
300M,chip_114_441_merged.tif,0.8,0,531487621,156,30.0508,31.5025,1.4517
300M,chip_114_441_merged.tif,0.8,1,51542103,156,30.0759,31.5554,1.4796
300M,chip_114_441_merged.tif,0.8,2,1818419120,156,29.4998,31.2789,1.7791
300M,chip_114_441_merged.tif,0.8,3,1437812489,156,29.897,31.6867,1.7897
300M,chip_114_441_merged.tif,0.8,4,957866971,156,29.8775,31.514,1.6366
300M,chip_114_505_merged.tif,0.2,0,299205922,39,34.1932,35.3445,1.1513
300M,chip_114_505_merged.tif,0.2,1,2066082939,39,33.116,36.2477,3.1317
300M,chip_114_505_merged.tif,0.2,2,1586137421,39,33.4872,36.2513,2.7641
300M,chip_114_505_merged.tif,0.2,3,1205530790,39,32.5943,35.6871,3.0928
300M,chip_114_505_merged.tif,0.2,4,824924159,39,33.1774,36.0083,2.8309
300M,chip_114_505_merged.tif,0.4,0,138590589,78,32.9311,35.6696,2.7385
300M,chip_114_505_merged.tif,0.4,1,1905467606,78,32.7454,35.4559,2.7105
300M,chip_114_505_merged.tif,0.4,2,1425522088,78,32.7454,35.4655,2.7202
300M,chip_114_505_merged.tif,0.4,3,1044915457,78,32.931,35.014,2.083
300M,chip_114_505_merged.tif,0.4,4,564969939,78,32.7961,35.9078,3.1117
300M,chip_114_505_merged.tif,0.6,0,1542776030,117,32.5531,34.4299,1.8769
300M,chip_114_505_merged.tif,0.6,1,1162169399,117,32.1668,34.2321,2.0653
300M,chip_114_505_merged.tif,0.6,2,682223881,117,31.8004,34.7342,2.9338
300M,chip_114_505_merged.tif,0.6,3,301617250,117,32.1782,34.946,2.7677
300M,chip_114_505_merged.tif,0.6,4,1969155380,117,33.0314,33.941,0.9096
300M,chip_114_505_merged.tif,0.8,0,1060183834,156,31.5676,33.3925,1.8249
300M,chip_114_505_merged.tif,0.8,1,679577203,156,31.5596,33.4799,1.9203
300M,chip_114_505_merged.tif,0.8,2,199631685,156,31.57,33.7746,2.2047
300M,chip_114_505_merged.tif,0.8,3,1966508702,156,31.6193,33.4209,1.8016
300M,chip_114_505_merged.tif,0.8,4,1585902071,156,31.9089,33.3205,1.4115
300M,chip_115_438_merged.tif,0.2,0,1645056656,39,32.0815,33.8981,1.8166
300M,chip_115_438_merged.tif,0.2,1,1165111138,39,31.5487,33.6995,2.1508
300M,chip_115_438_merged.tif,0.2,2,784504507,39,31.7126,33.7196,2.007
300M,chip_115_438_merged.tif,0.2,3,304558989,39,31.6294,34.525,2.8955
300M,chip_115_438_merged.tif,0.2,4,2071436006,39,32.2976,34.3343,2.0367
300M,chip_115_438_merged.tif,0.4,0,1385102436,78,31.1282,33.6502,2.5219
300M,chip_115_438_merged.tif,0.4,1,1004495805,78,31.1893,33.4667,2.2775
300M,chip_115_438_merged.tif,0.4,2,623889174,78,30.6697,33.6933,3.0236
300M,chip_115_438_merged.tif,0.4,3,143943656,78,31.5978,33.5728,1.975
300M,chip_115_438_merged.tif,0.4,4,1910820673,78,31.4116,33.5739,2.1624
300M,chip_115_438_merged.tif,0.6,0,641804229,117,30.7784,33.2831,2.5047
300M,chip_115_438_merged.tif,0.6,1,261197598,117,29.853,32.8931,3.0401
300M,chip_115_438_merged.tif,0.6,2,2028074615,117,30.0987,32.7593,2.6606
300M,chip_115_438_merged.tif,0.6,3,1548129097,117,31.4368,33.3696,1.9328
300M,chip_115_438_merged.tif,0.6,4,1167522466,117,30.1105,32.8836,2.7732
300M,chip_115_438_merged.tif,0.8,0,258550920,156,30.45,31.8659,1.4159
300M,chip_115_438_merged.tif,0.8,1,1926089050,156,30.8258,32.2511,1.4254
300M,chip_115_438_merged.tif,0.8,2,1545482419,156,31.2683,31.8147,0.5464
300M,chip_115_438_merged.tif,0.8,3,1065536901,156,30.1708,32.3361,2.1654
300M,chip_115_438_merged.tif,0.8,4,684930270,156,30.7838,32.0409,1.2571
300M,chip_115_478_merged.tif,0.2,0,141040201,39,34.3028,36.7446,2.4417
300M,chip_115_478_merged.tif,0.2,1,1907917218,39,34.7571,38.0199,3.2628
300M,chip_115_478_merged.tif,0.2,2,1427971700,39,34.632,37.3328,2.7008
300M,chip_115_478_merged.tif,0.2,3,1047365069,39,33.5761,36.8474,3.2713
300M,chip_115_478_merged.tif,0.2,4,567419551,39,33.0332,36.7977,3.7645
300M,chip_115_478_merged.tif,0.4,0,1322587666,78,33.3458,37.0362,3.6904
300M,chip_115_478_merged.tif,0.4,1,842642148,78,33.2942,36.6116,3.3174
300M,chip_115_478_merged.tif,0.4,2,462035517,78,33.4,36.0688,2.6689
300M,chip_115_478_merged.tif,0.4,3,2129573647,78,34.3357,36.6694,2.3337
300M,chip_115_478_merged.tif,0.4,4,1748967016,78,32.6425,35.6232,2.9807
300M,chip_115_478_merged.tif,0.6,0,1384610309,117,33.0321,35.2966,2.2645
300M,chip_115_478_merged.tif,0.6,1,904664791,117,33.0285,35.9079,2.8794
300M,chip_115_478_merged.tif,0.6,2,524058160,117,32.9619,34.8263,1.8645
300M,chip_115_478_merged.tif,0.6,3,143451529,117,33.2372,35.8275,2.5903
300M,chip_115_478_merged.tif,0.6,4,1810989659,117,32.2981,36.0618,3.7637
300M,chip_115_478_merged.tif,0.8,0,902018113,156,33.403,34.8719,1.469
300M,chip_115_478_merged.tif,0.8,1,521411482,156,32.2285,34.4164,2.1879
300M,chip_115_478_merged.tif,0.8,2,41465964,156,33.129,34.142,1.013
300M,chip_115_478_merged.tif,0.8,3,1808342981,156,33.557,34.0251,0.468
300M,chip_115_478_merged.tif,0.8,4,1328397463,156,33.5191,34.2394,0.7203
300M,chip_116_208_merged.tif,0.2,0,551966106,39,34.5625,34.5998,0.0372
300M,chip_116_208_merged.tif,0.2,1,171359475,39,32.4016,35.8176,3.416
300M,chip_116_208_merged.tif,0.2,2,1838897605,39,32.2386,33.6742,1.4355
300M,chip_116_208_merged.tif,0.2,3,1458290974,39,30.734,34.5233,3.7892
300M,chip_116_208_merged.tif,0.2,4,978345456,39,30.4705,34.8222,4.3517
300M,chip_116_208_merged.tif,0.4,0,391350773,78,30.9725,35.0167,4.0442
300M,chip_116_208_merged.tif,0.4,1,2058888903,78,31.2242,34.4472,3.223
300M,chip_116_208_merged.tif,0.4,2,1678282272,78,31.2251,33.5366,2.3114
300M,chip_116_208_merged.tif,0.4,3,1198336754,78,32.9164,33.3419,0.4254
300M,chip_116_208_merged.tif,0.4,4,817730123,78,31.2234,34.3835,3.1601
300M,chip_116_208_merged.tif,0.6,0,1795536214,117,32.2345,34.103,1.8685
300M,chip_116_208_merged.tif,0.6,1,1315590696,117,30.8957,32.9956,2.0999
300M,chip_116_208_merged.tif,0.6,2,934984065,117,31.6966,33.5384,1.8418
300M,chip_116_208_merged.tif,0.6,3,455038547,117,30.8914,33.2173,2.3259
300M,chip_116_208_merged.tif,0.6,4,74431916,117,32.2397,32.9829,0.7432
300M,chip_116_208_merged.tif,0.8,0,1312944018,156,31.3731,31.7622,0.389
300M,chip_116_208_merged.tif,0.8,1,932337387,156,29.8749,31.6435,1.7687
300M,chip_116_208_merged.tif,0.8,2,452391869,156,31.3683,31.3425,-0.0258
300M,chip_116_208_merged.tif,0.8,3,71785238,156,29.9023,32.3614,2.4591
300M,chip_116_208_merged.tif,0.8,4,1739323368,156,31.5694,32.0937,0.5243
300M,chip_116_346_merged.tif,0.2,0,1834725886,39,36.6618,36.8146,0.1527
300M,chip_116_346_merged.tif,0.2,1,1354780368,39,34.7895,37.0914,2.3019
300M,chip_116_346_merged.tif,0.2,2,974173737,39,36.6608,37.334,0.6732
300M,chip_116_346_merged.tif,0.2,3,494228219,39,33.5384,36.8482,3.3099
300M,chip_116_346_merged.tif,0.2,4,113621588,39,37.0441,36.5382,-0.5059
300M,chip_116_346_merged.tif,0.4,0,1574771666,78,33.4765,36.9849,3.5084
300M,chip_116_346_merged.tif,0.4,1,1194165035,78,35.9935,36.9834,0.9899
300M,chip_116_346_merged.tif,0.4,2,813558404,78,34.8029,37.0647,2.2618
300M,chip_116_346_merged.tif,0.4,3,333612886,78,33.764,36.1631,2.3991
300M,chip_116_346_merged.tif,0.4,4,2100489903,78,34.8829,37.3191,2.4362
300M,chip_116_346_merged.tif,0.6,0,930812346,117,34.7318,36.7552,2.0234
300M,chip_116_346_merged.tif,0.6,1,450866828,117,35.4787,35.4204,-0.0583
300M,chip_116_346_merged.tif,0.6,2,70260197,117,35.4536,36.9204,1.4668
300M,chip_116_346_merged.tif,0.6,3,1737798327,117,35.4504,36.381,0.9306
300M,chip_116_346_merged.tif,0.6,4,1357191696,117,35.4359,36.3168,0.8808
300M,chip_116_346_merged.tif,0.8,0,448220150,156,34.6015,35.9265,1.325
300M,chip_116_346_merged.tif,0.8,1,2115758280,156,34.9835,36.1209,1.1375
300M,chip_116_346_merged.tif,0.8,2,1735151649,156,35.1099,36.2429,1.1331
300M,chip_116_346_merged.tif,0.8,3,1255206131,156,34.995,35.319,0.324
300M,chip_116_346_merged.tif,0.8,4,874599500,156,34.9703,35.8073,0.837
300M,chip_116_447_merged.tif,0.2,0,1684992193,39,38.0574,39.2477,1.1903
300M,chip_116_447_merged.tif,0.2,1,1304385562,39,36.4312,38.915,2.4838
300M,chip_116_447_merged.tif,0.2,2,923778931,39,37.5116,39.092,1.5804
300M,chip_116_447_merged.tif,0.2,3,443833413,39,36.9715,38.4258,1.4544
300M,chip_116_447_merged.tif,0.2,4,63226782,39,38.0677,39.3703,1.3025
300M,chip_116_447_merged.tif,0.4,0,719056010,78,36.3131,39.3457,3.0326
300M,chip_116_447_merged.tif,0.4,1,338449379,78,36.3119,38.9192,2.6073
300M,chip_116_447_merged.tif,0.4,2,2005987509,78,36.3121,38.0453,1.7332
300M,chip_116_447_merged.tif,0.4,3,1625380878,78,35.9029,38.8939,2.991
300M,chip_116_447_merged.tif,0.4,4,1145435360,78,37.5591,38.5653,1.0063
300M,chip_116_447_merged.tif,0.6,0,781078653,117,36.9211,37.265,0.3439
300M,chip_116_447_merged.tif,0.6,1,400472022,117,35.5426,37.4352,1.8926
300M,chip_116_447_merged.tif,0.6,2,2068010152,117,36.044,38.8742,2.8303
300M,chip_116_447_merged.tif,0.6,3,1687403521,117,36.0439,38.7759,2.732
300M,chip_116_447_merged.tif,0.6,4,1306796890,117,36.5692,38.9087,2.3395
300M,chip_116_447_merged.tif,0.8,0,298486457,156,35.8083,36.2211,0.4128
300M,chip_116_447_merged.tif,0.8,1,2065363474,156,35.559,37.0531,1.494
300M,chip_116_447_merged.tif,0.8,2,1684756843,156,35.5475,37.551,2.0035
300M,chip_116_447_merged.tif,0.8,3,1204811325,156,35.8065,37.4222,1.6157
300M,chip_116_447_merged.tif,0.8,4,824204694,156,35.561,37.1822,1.6212
300M,chip_116_448_merged.tif,0.2,0,25971645,39,34.0309,38.3819,4.351
300M,chip_116_448_merged.tif,0.2,1,1792848662,39,34.3269,39.0423,4.7154
300M,chip_116_448_merged.tif,0.2,2,1312903144,39,37.9887,38.577,0.5883
300M,chip_116_448_merged.tif,0.2,3,932296513,39,34.9939,38.1658,3.1719
300M,chip_116_448_merged.tif,0.2,4,551689882,39,37.9877,39.2169,1.2292
300M,chip_116_448_merged.tif,0.4,0,2012839960,78,36.5217,38.3445,1.8228
300M,chip_116_448_merged.tif,0.4,1,1632233329,78,35.7525,37.9991,2.2466
300M,chip_116_448_merged.tif,0.4,2,1152287811,78,36.012,36.9009,0.8889
300M,chip_116_448_merged.tif,0.4,3,771681180,78,34.913,38.1425,3.2295
300M,chip_116_448_merged.tif,0.4,4,291735662,78,34.9209,38.3961,3.4752
300M,chip_116_448_merged.tif,0.6,0,1269541753,117,35.0925,37.4466,2.3541
300M,chip_116_448_merged.tif,0.6,1,888935122,117,35.0879,37.7247,2.6368
300M,chip_116_448_merged.tif,0.6,2,408989604,117,36.2454,37.2638,1.0184
300M,chip_116_448_merged.tif,0.6,3,28382973,117,34.7567,37.871,3.1143
300M,chip_116_448_merged.tif,0.6,4,1695921103,117,36.597,37.4089,0.8119
300M,chip_116_448_merged.tif,0.8,0,786949557,156,35.0173,36.4723,1.455
300M,chip_116_448_merged.tif,0.8,1,406342926,156,34.9381,37.3801,2.4421
300M,chip_116_448_merged.tif,0.8,2,2073881056,156,35.8507,35.7041,-0.1467
300M,chip_116_448_merged.tif,0.8,3,1693274425,156,36.0945,35.9547,-0.1398
300M,chip_116_448_merged.tif,0.8,4,1312667794,156,35.001,36.5383,1.5373
300M,chip_117_438_merged.tif,0.2,0,533726774,39,30.9642,34.2322,3.268
300M,chip_117_438_merged.tif,0.2,1,53781256,39,33.0034,35.4191,2.4157
300M,chip_117_438_merged.tif,0.2,2,1820658273,39,31.9477,34.0474,2.0997
300M,chip_117_438_merged.tif,0.2,3,1440051642,39,34.179,35.6694,1.4903
300M,chip_117_438_merged.tif,0.2,4,960106124,39,32.7196,35.1008,2.3812
300M,chip_117_438_merged.tif,0.4,0,1615935352,78,32.4897,34.457,1.9673
300M,chip_117_438_merged.tif,0.4,1,1235328721,78,32.5638,34.5758,2.012
300M,chip_117_438_merged.tif,0.4,2,755383203,78,32.5292,35.0392,2.5101
300M,chip_117_438_merged.tif,0.4,3,374776572,78,32.9197,34.2928,1.3731
300M,chip_117_438_merged.tif,0.4,4,2141653589,78,33.1053,34.6838,1.5785
300M,chip_117_438_merged.tif,0.6,0,383413210,117,32.0554,34.3105,2.2551
300M,chip_117_438_merged.tif,0.6,1,2806579,117,32.2244,33.3552,1.1308
300M,chip_117_438_merged.tif,0.6,2,1769683596,117,32.7028,33.8885,1.1857
300M,chip_117_438_merged.tif,0.6,3,1289738078,117,32.2189,33.2749,1.056
300M,chip_117_438_merged.tif,0.6,4,909131447,117,32.4531,33.4998,1.0467
300M,chip_117_438_merged.tif,0.8,0,1294704686,156,31.7314,32.2979,0.5665
300M,chip_117_438_merged.tif,0.8,1,814759168,156,30.8291,32.7872,1.9581
300M,chip_117_438_merged.tif,0.8,2,434152537,156,30.8198,32.7335,1.9137
300M,chip_117_438_merged.tif,0.8,3,53545906,156,31.4888,32.5291,1.0403
300M,chip_117_438_merged.tif,0.8,4,1721084036,156,31.7397,32.8957,1.156
300M,chip_118_448_merged.tif,0.2,0,1047932113,39,35.2543,38.749,3.4946
300M,chip_118_448_merged.tif,0.2,1,567986595,39,35.9307,38.6219,2.6911
300M,chip_118_448_merged.tif,0.2,2,187379964,39,34.4515,37.8246,3.3731
300M,chip_118_448_merged.tif,0.2,3,1854918094,39,37.3103,38.1661,0.8559
300M,chip_118_448_merged.tif,0.2,4,1474311463,39,35.9649,38.4174,2.4525
300M,chip_118_448_merged.tif,0.4,0,787977893,78,33.2806,39.0293,5.7487
300M,chip_118_448_merged.tif,0.4,1,407371262,78,34.1547,38.7902,4.6355
300M,chip_118_448_merged.tif,0.4,2,2074909392,78,37.1325,37.8589,0.7263
300M,chip_118_448_merged.tif,0.4,3,1694302761,78,37.3141,39.5868,2.2727
300M,chip_118_448_merged.tif,0.4,4,1313696130,78,36.7138,37.3851,0.6713
300M,chip_118_448_merged.tif,0.6,0,44679686,117,35.8983,36.0206,0.1224
300M,chip_118_448_merged.tif,0.6,1,1811556703,117,35.6248,36.4791,0.8543
300M,chip_118_448_merged.tif,0.6,2,1331611185,117,35.5916,37.7236,2.132
300M,chip_118_448_merged.tif,0.6,3,951004554,117,34.2681,36.882,2.6139
300M,chip_118_448_merged.tif,0.6,4,570397923,117,35.5816,37.1075,1.5259
300M,chip_118_448_merged.tif,0.8,0,1808910025,156,34.1576,37.2364,3.0789
300M,chip_118_448_merged.tif,0.8,1,1328964507,156,34.6376,36.3246,1.687
300M,chip_118_448_merged.tif,0.8,2,948357876,156,34.4082,35.7292,1.321
300M,chip_118_448_merged.tif,0.8,3,468412358,156,34.1559,36.8849,2.729
300M,chip_118_448_merged.tif,0.8,4,87805727,156,34.1634,35.8782,1.7148
300M,chip_119_126_merged.tif,0.2,0,1333501509,39,37.6325,38.7182,1.0857
300M,chip_119_126_merged.tif,0.2,1,853555991,39,37.2728,38.5777,1.3048
300M,chip_119_126_merged.tif,0.2,2,472949360,39,35.6258,37.4452,1.8195
300M,chip_119_126_merged.tif,0.2,3,2140487490,39,33.1522,39.1654,6.0132
300M,chip_119_126_merged.tif,0.2,4,1759880859,39,34.3774,39.7771,5.3997
300M,chip_119_126_merged.tif,0.4,0,268226439,78,33.463,38.6564,5.1934
300M,chip_119_126_merged.tif,0.4,1,2035103456,78,34.3298,36.6861,2.3563
300M,chip_119_126_merged.tif,0.4,2,1555157938,78,35.0391,37.4501,2.411
300M,chip_119_126_merged.tif,0.4,3,1174551307,78,33.0009,37.6567,4.6558
300M,chip_119_126_merged.tif,0.4,4,694605789,78,31.368,36.6664,5.2984
300M,chip_119_126_merged.tif,0.6,0,330249082,117,31.7188,36.5838,4.8651
300M,chip_119_126_merged.tif,0.6,1,2097126099,117,34.4883,36.1197,1.6314
300M,chip_119_126_merged.tif,0.6,2,1716519468,117,33.7351,36.8271,3.092
300M,chip_119_126_merged.tif,0.6,3,1236573950,117,35.3042,37.2658,1.9616
300M,chip_119_126_merged.tif,0.6,4,855967319,117,35.3119,36.2388,0.9269
300M,chip_119_126_merged.tif,0.8,0,2094479421,156,31.9883,34.4355,2.4472
300M,chip_119_126_merged.tif,0.8,1,1614533903,156,34.1836,35.4338,1.2502
300M,chip_119_126_merged.tif,0.8,2,1233927272,156,34.4137,34.3591,-0.0546
300M,chip_119_126_merged.tif,0.8,3,753981754,156,34.4285,34.7396,0.3112
300M,chip_119_126_merged.tif,0.8,4,373375123,156,31.9882,34.4147,2.4265
300M,chip_119_323_merged.tif,0.2,0,1909179663,39,32.597,34.2937,1.6967
300M,chip_119_323_merged.tif,0.2,1,1528573032,39,31.6198,34.4429,2.8231
300M,chip_119_323_merged.tif,0.2,2,1048627514,39,32.3096,33.8921,1.5826
300M,chip_119_323_merged.tif,0.2,3,668020883,39,32.2845,33.9116,1.6271
300M,chip_119_323_merged.tif,0.2,4,188075365,39,31.5732,33.621,2.0478
300M,chip_119_323_merged.tif,0.4,0,1748564330,78,31.6119,33.2752,1.6633
300M,chip_119_323_merged.tif,0.4,1,1268618812,78,31.297,33.4186,2.1217
300M,chip_119_323_merged.tif,0.4,2,888012181,78,32.2982,32.4241,0.1259
300M,chip_119_323_merged.tif,0.4,3,408066663,78,31.6113,33.131,1.5196
300M,chip_119_323_merged.tif,0.4,4,27460032,78,31.6372,33.9369,2.2997
300M,chip_119_323_merged.tif,0.6,0,1005266123,117,30.6947,32.9087,2.214
300M,chip_119_323_merged.tif,0.6,1,525320605,117,31.5611,32.3483,0.7873
300M,chip_119_323_merged.tif,0.6,2,144713974,117,30.7117,32.705,1.9933
300M,chip_119_323_merged.tif,0.6,3,1812252104,117,30.8217,32.4674,1.6457
300M,chip_119_323_merged.tif,0.6,4,1431645473,117,31.3831,32.2694,0.8862
300M,chip_119_323_merged.tif,0.8,0,522673927,156,30.7891,31.8912,1.1021
300M,chip_119_323_merged.tif,0.8,1,142067296,156,31.0139,31.884,0.87
300M,chip_119_323_merged.tif,0.8,2,1809605426,156,31.5568,31.3707,-0.1861
300M,chip_119_323_merged.tif,0.8,3,1428998795,156,31.0515,32.2044,1.1529
300M,chip_119_323_merged.tif,0.8,4,949053277,156,30.797,32.1301,1.3331
300M,chip_119_505_merged.tif,0.2,0,535554863,39,33.9604,35.6713,1.7109
300M,chip_119_505_merged.tif,0.2,1,154948232,39,32.5103,36.6095,4.0992
300M,chip_119_505_merged.tif,0.2,2,1822486362,39,35.2016,36.6203,1.4187
300M,chip_119_505_merged.tif,0.2,3,1441879731,39,33.5611,34.7267,1.1656
300M,chip_119_505_merged.tif,0.2,4,961934213,39,33.1969,35.3884,2.1915
300M,chip_119_505_merged.tif,0.4,0,1717102328,78,31.3117,34.1772,2.8654
300M,chip_119_505_merged.tif,0.4,1,1237156810,78,32.1608,35.4607,3.2999
300M,chip_119_505_merged.tif,0.4,2,856550179,78,32.1105,35.7013,3.5908
300M,chip_119_505_merged.tif,0.4,3,376604661,78,31.7009,34.8904,3.1895
300M,chip_119_505_merged.tif,0.4,4,2143481678,78,31.9667,35.1607,3.1939
300M,chip_119_505_merged.tif,0.6,0,1779124971,117,32.1299,34.3937,2.2638
300M,chip_119_505_merged.tif,0.6,1,1299179453,117,31.1701,33.4228,2.2527
300M,chip_119_505_merged.tif,0.6,2,918572822,117,32.3023,34.2595,1.9572
300M,chip_119_505_merged.tif,0.6,3,537966191,117,31.22,34.7775,3.5575
300M,chip_119_505_merged.tif,0.6,4,58020673,117,31.0578,34.0076,2.9497
300M,chip_119_505_merged.tif,0.8,0,1296532775,156,31.6998,33.9314,2.2315
300M,chip_119_505_merged.tif,0.8,1,915926144,156,30.7703,33.0079,2.2375
300M,chip_119_505_merged.tif,0.8,2,435980626,156,30.7596,33.2364,2.4768
300M,chip_119_505_merged.tif,0.8,3,55373995,156,31.406,33.7256,2.3195
300M,chip_119_505_merged.tif,0.8,4,1722912125,156,31.0055,34.0319,3.0264
300M,chip_120_559_merged.tif,0.2,0,154542666,39,38.1577,40.8943,2.7366
300M,chip_120_559_merged.tif,0.2,1,1822080796,39,38.3268,40.2844,1.9576
300M,chip_120_559_merged.tif,0.2,2,1441474165,39,38.006,42.2542,4.2482
300M,chip_120_559_merged.tif,0.2,3,961528647,39,36.5812,40.053,3.4718
300M,chip_120_559_merged.tif,0.2,4,580922016,39,38.5041,39.1479,0.6437
300M,chip_120_559_merged.tif,0.4,0,1236751244,78,36.0645,40.6055,4.541
300M,chip_120_559_merged.tif,0.4,1,856144613,78,38.0132,39.8794,1.8661
300M,chip_120_559_merged.tif,0.4,2,376199095,78,38.9974,40.96,1.9626
300M,chip_120_559_merged.tif,0.4,3,2143076112,78,39.0727,41.3579,2.2852
300M,chip_120_559_merged.tif,0.4,4,1663130594,78,37.8165,41.5161,3.6995
300M,chip_120_559_merged.tif,0.6,0,493453037,117,38.1604,39.2699,1.1095
300M,chip_120_559_merged.tif,0.6,1,112846406,117,38.1524,38.506,0.3535
300M,chip_120_559_merged.tif,0.6,2,1780384536,117,38.0066,39.0887,1.0821
300M,chip_120_559_merged.tif,0.6,3,1399777905,117,38.2313,39.0369,0.8056
300M,chip_120_559_merged.tif,0.6,4,919832387,117,38.1502,38.6226,0.4725
300M,chip_120_559_merged.tif,0.8,0,10860841,156,37.1878,38.0548,0.8669
300M,chip_120_559_merged.tif,0.8,1,1777737858,156,36.983,37.9441,0.9611
300M,chip_120_559_merged.tif,0.8,2,1297792340,156,37.1586,37.7442,0.5856
300M,chip_120_559_merged.tif,0.8,3,917185709,156,37.1302,39.0026,1.8724
300M,chip_120_559_merged.tif,0.8,4,536579078,156,36.7972,37.8852,1.0881
300M,chip_121_466_merged.tif,0.2,0,1792160309,39,33.9082,35.2238,1.3157
300M,chip_121_466_merged.tif,0.2,1,1312214791,39,32.8003,35.0437,2.2434
300M,chip_121_466_merged.tif,0.2,2,931608160,39,34.0726,35.2929,1.2203
300M,chip_121_466_merged.tif,0.2,3,551001529,39,32.2163,35.8776,3.6613
300M,chip_121_466_merged.tif,0.2,4,71056011,39,32.3608,35.486,3.1253
300M,chip_121_466_merged.tif,0.4,0,1631544976,78,33.2123,34.3097,1.0975
300M,chip_121_466_merged.tif,0.4,1,1151599458,78,32.5564,35.1913,2.6349
300M,chip_121_466_merged.tif,0.4,2,770992827,78,32.5566,35.7269,3.1703
300M,chip_121_466_merged.tif,0.4,3,291047309,78,33.0315,35.2403,2.2089
300M,chip_121_466_merged.tif,0.4,4,2057924326,78,33.2134,34.7156,1.5022
300M,chip_121_466_merged.tif,0.6,0,888246769,117,32.6501,34.7003,2.0502
300M,chip_121_466_merged.tif,0.6,1,408301251,117,32.6766,34.6529,1.9763
300M,chip_121_466_merged.tif,0.6,2,27694620,117,32.8896,34.0217,1.1321
300M,chip_121_466_merged.tif,0.6,3,1695232750,117,32.2408,34.4686,2.2279
300M,chip_121_466_merged.tif,0.6,4,1314626119,117,32.8806,34.2531,1.3725
300M,chip_121_466_merged.tif,0.8,0,405654573,156,32.9069,33.86,0.953
300M,chip_121_466_merged.tif,0.8,1,2073192703,156,32.4587,33.8988,1.4402
300M,chip_121_466_merged.tif,0.8,2,1692586072,156,32.5866,33.7495,1.1629
300M,chip_121_466_merged.tif,0.8,3,1311979441,156,32.5823,33.885,1.3028
300M,chip_121_466_merged.tif,0.8,4,832033923,156,32.7531,33.5478,0.7946
300M,chip_122_507_merged.tif,0.2,0,882037653,39,32.9126,34.8401,1.9275
300M,chip_122_507_merged.tif,0.2,1,501431022,39,30.5373,33.3792,2.8419
300M,chip_122_507_merged.tif,0.2,2,21485504,39,32.9139,34.2988,1.385
300M,chip_122_507_merged.tif,0.2,3,1788362521,39,30.3443,32.7171,2.3728
300M,chip_122_507_merged.tif,0.2,4,1308417003,39,30.3439,34.1707,3.8268
300M,chip_122_507_merged.tif,0.4,0,721422320,78,29.6422,33.7759,4.1337
300M,chip_122_507_merged.tif,0.4,1,241476802,78,29.7817,34.1611,4.3793
300M,chip_122_507_merged.tif,0.4,2,2008353819,78,30.5283,34.7626,4.2343
300M,chip_122_507_merged.tif,0.4,3,1627747188,78,30.4133,32.8265,2.4131
300M,chip_122_507_merged.tif,0.4,4,1147801670,78,29.8506,33.6165,3.766
300M,chip_122_507_merged.tif,0.6,0,2125607761,117,29.5553,33.1635,3.6082
300M,chip_122_507_merged.tif,0.6,1,1645662243,117,30.0334,33.6123,3.579
300M,chip_122_507_merged.tif,0.6,2,1265055612,117,30.0711,32.1035,2.0324
300M,chip_122_507_merged.tif,0.6,3,884448981,117,30.0176,32.1804,2.1628
300M,chip_122_507_merged.tif,0.6,4,404503463,117,30.0655,32.7987,2.7333
300M,chip_122_507_merged.tif,0.8,0,1643015565,156,29.2792,32.2928,3.0136
300M,chip_122_507_merged.tif,0.8,1,1262408934,156,29.2723,31.8419,2.5696
300M,chip_122_507_merged.tif,0.8,2,782463416,156,29.8371,31.3944,1.5572
300M,chip_122_507_merged.tif,0.8,3,401856785,156,29.2711,31.1883,1.9172
300M,chip_122_507_merged.tif,0.8,4,2069394915,156,29.7441,31.7026,1.9585
300M,chip_123_393_merged.tif,0.2,0,18406110,39,35.0638,36.688,1.6242
300M,chip_123_393_merged.tif,0.2,1,1785283127,39,37.4949,36.8867,-0.6083
300M,chip_123_393_merged.tif,0.2,2,1404676496,39,34.1307,37.8002,3.6695
300M,chip_123_393_merged.tif,0.2,3,924730978,39,35.6192,37.2455,1.6263
300M,chip_123_393_merged.tif,0.2,4,544124347,39,35.0643,36.8034,1.7391
300M,chip_123_393_merged.tif,0.4,0,1199953575,78,34.3832,36.9317,2.5485
300M,chip_123_393_merged.tif,0.4,1,720008057,78,37.3279,37.933,0.6051
300M,chip_123_393_merged.tif,0.4,2,339401426,78,34.8799,36.9749,2.095
300M,chip_123_393_merged.tif,0.4,3,2106278443,78,36.2849,36.9582,0.6733
300M,chip_123_393_merged.tif,0.4,4,1626332925,78,36.759,37.3534,0.5945
300M,chip_123_393_merged.tif,0.6,0,456655368,117,36.5406,36.6005,0.0599
300M,chip_123_393_merged.tif,0.6,1,2124193498,117,34.8109,36.6513,1.8404
300M,chip_123_393_merged.tif,0.6,2,1743586867,117,35.2381,36.6417,1.4036
300M,chip_123_393_merged.tif,0.6,3,1362980236,117,35.7228,36.3565,0.6337
300M,chip_123_393_merged.tif,0.6,4,883034718,117,34.7811,36.856,2.0749
300M,chip_123_393_merged.tif,0.8,0,2121546820,156,35.5487,35.9201,0.3713
300M,chip_123_393_merged.tif,0.8,1,1740940189,156,35.4567,35.7579,0.3011
300M,chip_123_393_merged.tif,0.8,2,1260994671,156,34.1754,36.3224,2.1471
300M,chip_123_393_merged.tif,0.8,3,880388040,156,35.162,35.8779,0.7158
300M,chip_123_393_merged.tif,0.8,4,400442522,156,35.5561,36.5513,0.9952
300M,chip_123_434_merged.tif,0.2,0,1273616095,39,33.5988,40.3548,6.7561
300M,chip_123_434_merged.tif,0.2,1,893009464,39,37.5995,39.9378,2.3384
300M,chip_123_434_merged.tif,0.2,2,413063946,39,36.6332,39.6793,3.046
300M,chip_123_434_merged.tif,0.2,3,32457315,39,37.8776,39.2559,1.3782
300M,chip_123_434_merged.tif,0.2,4,1799334332,39,37.1056,40.6952,3.5897
300M,chip_123_434_merged.tif,0.4,0,307679912,78,37.8683,39.034,1.1657
300M,chip_123_434_merged.tif,0.4,1,1975218042,78,37.8657,40.0342,2.1685
300M,chip_123_434_merged.tif,0.4,2,1594611411,78,36.0595,39.7015,3.642
300M,chip_123_434_merged.tif,0.4,3,1214004780,78,36.9877,39.3724,2.3846
300M,chip_123_434_merged.tif,0.4,4,734059262,78,36.6628,39.1824,2.5197
300M,chip_123_434_merged.tif,0.6,0,369702555,117,34.4568,39.307,4.8502
300M,chip_123_434_merged.tif,0.6,1,2136579572,117,35.9689,39.7788,3.8099
300M,chip_123_434_merged.tif,0.6,2,1656634054,117,36.498,36.4158,-0.0823
300M,chip_123_434_merged.tif,0.6,3,1276027423,117,35.9821,39.4027,3.4206
300M,chip_123_434_merged.tif,0.6,4,796081905,117,35.5852,39.773,4.1878
300M,chip_123_434_merged.tif,0.8,0,2034594007,156,35.7792,37.7566,1.9774
300M,chip_123_434_merged.tif,0.8,1,1653987376,156,35.0462,39.115,4.0688
300M,chip_123_434_merged.tif,0.8,2,1174041858,156,35.5205,38.0929,2.5724
300M,chip_123_434_merged.tif,0.8,3,793435227,156,35.6473,37.4426,1.7952
300M,chip_123_434_merged.tif,0.8,4,412828596,156,35.0699,36.1289,1.059
300M,chip_123_448_merged.tif,0.2,0,1310377624,39,36.4663,38.6268,2.1605
300M,chip_123_448_merged.tif,0.2,1,929770993,39,37.3567,38.2824,0.9257
300M,chip_123_448_merged.tif,0.2,2,549164362,39,37.7079,38.6231,0.9152
300M,chip_123_448_merged.tif,0.2,3,69218844,39,35.9499,38.3957,2.4458
300M,chip_123_448_merged.tif,0.2,4,1836095861,39,36.2862,38.9702,2.684
300M,chip_123_448_merged.tif,0.4,0,1149762291,78,36.311,38.1769,1.866
300M,chip_123_448_merged.tif,0.4,1,769155660,78,37.4339,38.7358,1.302
300M,chip_123_448_merged.tif,0.4,2,289210142,78,37.723,38.6919,0.969
300M,chip_123_448_merged.tif,0.4,3,2056087159,78,36.6872,38.4332,1.746
300M,chip_123_448_merged.tif,0.4,4,1675480528,78,37.6819,38.343,0.6611
300M,chip_123_448_merged.tif,0.6,0,406464084,117,35.6301,38.524,2.894
300M,chip_123_448_merged.tif,0.6,1,25857453,117,37.2487,37.888,0.6393
300M,chip_123_448_merged.tif,0.6,2,1693395583,117,37.2478,38.5433,1.2955
300M,chip_123_448_merged.tif,0.6,3,1312788952,117,36.9505,37.9045,0.954
300M,chip_123_448_merged.tif,0.6,4,932182321,117,37.4129,38.2605,0.8475
300M,chip_123_448_merged.tif,0.8,0,2071355536,156,35.5635,37.3062,1.7428
300M,chip_123_448_merged.tif,0.8,1,1690748905,156,36.6377,37.6441,1.0065
300M,chip_123_448_merged.tif,0.8,2,1310142274,156,36.5623,37.7582,1.196
300M,chip_123_448_merged.tif,0.8,3,830196756,156,36.8066,37.2315,0.4248
300M,chip_123_448_merged.tif,0.8,4,449590125,156,35.5587,37.6401,2.0814
300M,chip_123_507_merged.tif,0.2,0,62444162,39,30.938,34.5041,3.5661
300M,chip_123_507_merged.tif,0.2,1,1829321179,39,30.0836,34.2741,4.1905
300M,chip_123_507_merged.tif,0.2,2,1349375661,39,32.0769,34.9508,2.874
300M,chip_123_507_merged.tif,0.2,3,968769030,39,31.1523,34.0304,2.8782
300M,chip_123_507_merged.tif,0.2,4,588162399,39,31.2237,34.1508,2.927
300M,chip_123_507_merged.tif,0.4,0,2049312477,78,29.4222,33.2357,3.8135
300M,chip_123_507_merged.tif,0.4,1,1668705846,78,29.5053,33.2047,3.6994
300M,chip_123_507_merged.tif,0.4,2,1188760328,78,29.9737,33.3826,3.4089
300M,chip_123_507_merged.tif,0.4,3,808153697,78,30.4282,33.2497,2.8215
300M,chip_123_507_merged.tif,0.4,4,328208179,78,29.8818,33.577,3.6953
300M,chip_123_507_merged.tif,0.6,0,1306014270,117,29.601,32.6334,3.0324
300M,chip_123_507_merged.tif,0.6,1,925407639,117,29.6525,32.9022,3.2498
300M,chip_123_507_merged.tif,0.6,2,445462121,117,30.7875,32.5161,1.7286
300M,chip_123_507_merged.tif,0.6,3,64855490,117,30.8002,32.319,1.5188
300M,chip_123_507_merged.tif,0.6,4,1732393620,117,29.4455,32.2921,2.8466
300M,chip_123_507_merged.tif,0.8,0,823422074,156,30.1332,32.2235,2.0903
300M,chip_123_507_merged.tif,0.8,1,442815443,156,29.1274,30.7162,1.5888
300M,chip_123_507_merged.tif,0.8,2,2110353573,156,30.1324,31.4612,1.3288
300M,chip_123_507_merged.tif,0.8,3,1729746942,156,30.1304,31.4766,1.3462
300M,chip_123_507_merged.tif,0.8,4,1349140311,156,30.394,31.7108,1.3168
300M,chip_123_560_merged.tif,0.2,0,1162784598,39,41.1574,41.8781,0.7207
300M,chip_123_560_merged.tif,0.2,1,782177967,39,39.4347,40.5291,1.0944
300M,chip_123_560_merged.tif,0.2,2,302232449,39,39.5218,42.4283,2.9065
300M,chip_123_560_merged.tif,0.2,3,2069109466,39,41.0353,41.9229,0.8876
300M,chip_123_560_merged.tif,0.2,4,1688502835,39,38.6721,41.2872,2.615
300M,chip_123_560_merged.tif,0.4,0,196848415,78,39.6989,41.4777,1.7788
300M,chip_123_560_merged.tif,0.4,1,1864386545,78,39.9651,41.0912,1.1261
300M,chip_123_560_merged.tif,0.4,2,1483779914,78,39.6623,40.9381,1.2758
300M,chip_123_560_merged.tif,0.4,3,1103173283,78,39.6629,41.8685,2.2056
300M,chip_123_560_merged.tif,0.4,4,623227765,78,40.7875,41.7755,0.988
300M,chip_123_560_merged.tif,0.6,0,258871058,117,40.7528,41.7884,1.0356
300M,chip_123_560_merged.tif,0.6,1,2025748075,117,39.5899,41.0479,1.458
300M,chip_123_560_merged.tif,0.6,2,1545802557,117,39.7687,41.4045,1.6358
300M,chip_123_560_merged.tif,0.6,3,1165195926,117,40.5749,41.3199,0.745
300M,chip_123_560_merged.tif,0.6,4,685250408,117,40.254,40.3712,0.1172
300M,chip_123_560_merged.tif,0.8,0,1923762510,156,40.0479,40.8338,0.7859
300M,chip_123_560_merged.tif,0.8,1,1543155879,156,40.218,40.849,0.6311
300M,chip_123_560_merged.tif,0.8,2,1063210361,156,40.2372,40.5531,0.3159
300M,chip_123_560_merged.tif,0.8,3,682603730,156,40.6644,40.6548,-0.0096
300M,chip_123_560_merged.tif,0.8,4,301997099,156,40.205,40.7596,0.5546
300M,chip_124_123_merged.tif,0.2,0,380572147,39,30.481,38.0555,7.5746
300M,chip_124_123_merged.tif,0.2,1,2048110277,39,34.3012,39.1628,4.8616
300M,chip_124_123_merged.tif,0.2,2,1667503646,39,34.2802,39.4618,5.1815
300M,chip_124_123_merged.tif,0.2,3,1187558128,39,34.128,39.1331,5.0051
300M,chip_124_123_merged.tif,0.2,4,806951497,39,34.301,38.1582,3.8573
300M,chip_124_123_merged.tif,0.4,0,120617927,78,32.6428,38.1734,5.5306
300M,chip_124_123_merged.tif,0.4,1,1887494944,78,34.2328,37.8661,3.6333
300M,chip_124_123_merged.tif,0.4,2,1407549426,78,30.9465,38.2158,7.2693
300M,chip_124_123_merged.tif,0.4,3,1026942795,78,34.4488,37.7779,3.3291
300M,chip_124_123_merged.tif,0.4,4,646336164,78,31.7337,38.4247,6.691
300M,chip_124_123_merged.tif,0.6,0,1524803368,117,31.7327,36.7269,4.9942
300M,chip_124_123_merged.tif,0.6,1,1144196737,117,32.8507,37.1135,4.2628
300M,chip_124_123_merged.tif,0.6,2,664251219,117,32.7174,36.699,3.9816
300M,chip_124_123_merged.tif,0.6,3,283644588,117,33.6241,36.4661,2.842
300M,chip_124_123_merged.tif,0.6,4,2050521605,117,32.737,35.0775,2.3405
300M,chip_124_123_merged.tif,0.8,0,1141550059,156,31.156,35.5776,4.4216
300M,chip_124_123_merged.tif,0.8,1,661604541,156,33.17,35.5709,2.4009
300M,chip_124_123_merged.tif,0.8,2,280997910,156,31.4038,35.2897,3.8858
300M,chip_124_123_merged.tif,0.8,3,1948536040,156,31.1669,33.8272,2.6604
300M,chip_124_123_merged.tif,0.8,4,1567929409,156,31.6972,35.5915,3.8943
300M,chip_124_433_merged.tif,0.2,0,1841867895,39,37.7811,40.1133,2.3322
300M,chip_124_433_merged.tif,0.2,1,1461261264,39,38.0525,39.4301,1.3776
300M,chip_124_433_merged.tif,0.2,2,981315746,39,37.4283,40.1617,2.7334
300M,chip_124_433_merged.tif,0.2,3,600709115,39,36.1276,39.3931,3.2655
300M,chip_124_433_merged.tif,0.2,4,120763597,39,37.8488,41.006,3.1572
300M,chip_124_433_merged.tif,0.4,0,776592825,78,37.5049,39.228,1.7231
300M,chip_124_433_merged.tif,0.4,1,395986194,78,37.5261,40.3732,2.8471
300M,chip_124_433_merged.tif,0.4,2,15379563,78,37.5264,40.3404,2.814
300M,chip_124_433_merged.tif,0.4,3,1682917693,78,37.1088,39.8919,2.7831
300M,chip_124_433_merged.tif,0.4,4,1302311062,78,36.6491,40.2332,3.5842
300M,chip_124_433_merged.tif,0.6,0,937954355,117,37.843,39.1971,1.3541
300M,chip_124_433_merged.tif,0.6,1,458008837,117,36.8212,39.5932,2.772
300M,chip_124_433_merged.tif,0.6,2,77402206,117,37.9614,40.2421,2.2807
300M,chip_124_433_merged.tif,0.6,3,1744940336,117,37.8565,39.0177,1.1612
300M,chip_124_433_merged.tif,0.6,4,1364333705,117,36.5903,39.461,2.8707
300M,chip_124_433_merged.tif,0.8,0,455362159,156,36.4824,39.1711,2.6887
300M,chip_124_433_merged.tif,0.8,1,74755528,156,37.0756,39.225,2.1494
300M,chip_124_433_merged.tif,0.8,2,1742293658,156,36.6127,38.9654,2.3527
300M,chip_124_433_merged.tif,0.8,3,1361687027,156,36.4759,39.228,2.7521
300M,chip_124_433_merged.tif,0.8,4,881741509,156,37.0741,39.0713,1.9972
300M,chip_124_441_merged.tif,0.2,0,429524255,39,37.404,38.7292,1.3252
300M,chip_124_441_merged.tif,0.2,1,48917624,39,37.7515,39.4811,1.7296
300M,chip_124_441_merged.tif,0.2,2,1716455754,39,38.2833,39.3185,1.0352
300M,chip_124_441_merged.tif,0.2,3,1335849123,39,37.923,39.1551,1.2322
300M,chip_124_441_merged.tif,0.2,4,955242492,39,37.6191,37.7992,0.1801
300M,chip_124_441_merged.tif,0.4,0,1611071720,78,38.1505,39.0078,0.8573
300M,chip_124_441_merged.tif,0.4,1,1131126202,78,38.1514,39.0273,0.8759
300M,chip_124_441_merged.tif,0.4,2,750519571,78,36.2184,39.292,3.0736
300M,chip_124_441_merged.tif,0.4,3,270574053,78,38.4435,38.9925,0.549
300M,chip_124_441_merged.tif,0.4,4,2037451070,78,36.2683,39.0818,2.8136
300M,chip_124_441_merged.tif,0.6,0,867773513,117,38.3055,38.7773,0.4718
300M,chip_124_441_merged.tif,0.6,1,387827995,117,36.8695,39.1095,2.24
300M,chip_124_441_merged.tif,0.6,2,7221364,117,37.4141,38.8657,1.4516
300M,chip_124_441_merged.tif,0.6,3,1674759494,117,38.3062,39.3297,1.0235
300M,chip_124_441_merged.tif,0.6,4,1294152863,117,36.7951,38.7693,1.9742
300M,chip_124_441_merged.tif,0.8,0,385181317,156,37.4658,38.6982,1.2324
300M,chip_124_441_merged.tif,0.8,1,4574686,156,36.7209,38.3281,1.6072
300M,chip_124_441_merged.tif,0.8,2,1672112816,156,36.8163,37.9321,1.1158
300M,chip_124_441_merged.tif,0.8,3,1291506185,156,37.4646,39.0128,1.5482
300M,chip_124_441_merged.tif,0.8,4,811560667,156,37.4667,37.7896,0.3228
300M,chip_124_479_merged.tif,0.2,0,1750155479,39,32.0609,36.2152,4.1543
300M,chip_124_479_merged.tif,0.2,1,1270209961,39,32.4081,36.7114,4.3033
300M,chip_124_479_merged.tif,0.2,2,889603330,39,33.2573,35.9822,2.725
300M,chip_124_479_merged.tif,0.2,3,409657812,39,32.7074,34.7439,2.0365
300M,chip_124_479_merged.tif,0.2,4,29051181,39,33.5646,36.1074,2.5428
300M,chip_124_479_merged.tif,0.4,0,684880409,78,32.1862,34.1573,1.9711
300M,chip_124_479_merged.tif,0.4,1,304273778,78,31.9057,35.3068,3.4011
300M,chip_124_479_merged.tif,0.4,2,1971811908,78,33.1014,34.9154,1.814
300M,chip_124_479_merged.tif,0.4,3,1591205277,78,31.9059,36.8086,4.9027
300M,chip_124_479_merged.tif,0.4,4,1111259759,78,32.9573,34.6606,1.7033
300M,chip_124_479_merged.tif,0.6,0,746903052,117,31.955,34.6976,2.7426
300M,chip_124_479_merged.tif,0.6,1,366296421,117,31.9097,33.6848,1.7751
300M,chip_124_479_merged.tif,0.6,2,2033834551,117,32.092,34.7825,2.6905
300M,chip_124_479_merged.tif,0.6,3,1653227920,117,31.96,34.9476,2.9876
300M,chip_124_479_merged.tif,0.6,4,1272621289,117,31.9552,34.238,2.2828
300M,chip_124_479_merged.tif,0.8,0,264310856,156,31.844,33.3209,1.4769
300M,chip_124_479_merged.tif,0.8,1,2031187873,156,31.6088,32.8986,1.2899
300M,chip_124_479_merged.tif,0.8,2,1650581242,156,31.8505,33.7298,1.8793
300M,chip_124_479_merged.tif,0.8,3,1170635724,156,32.3,33.2708,0.9708
300M,chip_124_479_merged.tif,0.8,4,790029093,156,31.8091,33.6983,1.8893
300M,chip_125_124_merged.tif,0.2,0,1482003945,39,32.3971,36.7605,4.3634
300M,chip_125_124_merged.tif,0.2,1,1101397314,39,32.6824,37.6654,4.9831
300M,chip_125_124_merged.tif,0.2,2,621451796,39,34.162,37.0825,2.9206
300M,chip_125_124_merged.tif,0.2,3,240845165,39,33.2194,36.7706,3.5512
300M,chip_125_124_merged.tif,0.2,4,2007722182,39,34.5263,37.3915,2.8651
300M,chip_125_124_merged.tif,0.4,0,1321388612,78,31.4168,36.0493,4.6324
300M,chip_125_124_merged.tif,0.4,1,940781981,78,31.0902,36.6473,5.5571
300M,chip_125_124_merged.tif,0.4,2,460836463,78,32.4702,36.149,3.6788
300M,chip_125_124_merged.tif,0.4,3,80229832,78,34.1993,34.949,0.7497
300M,chip_125_124_merged.tif,0.4,4,1747767962,78,31.4169,35.4599,4.043
300M,chip_125_124_merged.tif,0.6,0,578090405,117,31.1357,35.6637,4.5281
300M,chip_125_124_merged.tif,0.6,1,197483774,117,31.7985,34.5126,2.7141
300M,chip_125_124_merged.tif,0.6,2,1865021904,117,34.3309,35.8697,1.5387
300M,chip_125_124_merged.tif,0.6,3,1484415273,117,31.8124,34.6247,2.8123
300M,chip_125_124_merged.tif,0.6,4,1004469755,117,34.3246,36.158,1.8334
300M,chip_125_124_merged.tif,0.8,0,95498209,156,31.2152,33.1415,1.9264
300M,chip_125_124_merged.tif,0.8,1,1862375226,156,31.1789,33.8945,2.7156
300M,chip_125_124_merged.tif,0.8,2,1382429708,156,33.9825,33.6704,-0.3121
300M,chip_125_124_merged.tif,0.8,3,1001823077,156,31.1932,33.6445,2.4513
300M,chip_125_124_merged.tif,0.8,4,621216446,156,33.3668,34.7694,1.4026
300M,chip_125_433_merged.tif,0.2,0,1080534141,39,37.0813,41.1295,4.0482
300M,chip_125_433_merged.tif,0.2,1,699927510,39,40.7558,41.3232,0.5674
300M,chip_125_433_merged.tif,0.2,2,219981992,39,36.0815,41.3917,5.3102
300M,chip_125_433_merged.tif,0.2,3,1986859009,39,39.8907,39.0509,-0.8398
300M,chip_125_433_merged.tif,0.2,4,1606252378,39,38.338,39.2895,0.9515
300M,chip_125_433_merged.tif,0.4,0,919918808,78,37.3959,39.5749,2.179
300M,chip_125_433_merged.tif,0.4,1,539312177,78,36.9945,38.921,1.9265
300M,chip_125_433_merged.tif,0.4,2,59366659,78,34.5194,40.5602,6.0408
300M,chip_125_433_merged.tif,0.4,3,1826243676,78,36.3746,39.6895,3.3149
300M,chip_125_433_merged.tif,0.4,4,1346298158,78,37.5395,40.0387,2.4992
300M,chip_125_433_merged.tif,0.6,0,176620601,117,34.766,39.9504,5.1844
300M,chip_125_433_merged.tif,0.6,1,1943497618,117,37.777,39.8866,2.1096
300M,chip_125_433_merged.tif,0.6,2,1463552100,117,34.8296,39.527,4.6975
300M,chip_125_433_merged.tif,0.6,3,1082945469,117,36.9473,39.1321,2.1848
300M,chip_125_433_merged.tif,0.6,4,602999951,117,37.7498,39.8472,2.0973
300M,chip_125_433_merged.tif,0.8,0,1841512053,156,37.4253,39.201,1.7757
300M,chip_125_433_merged.tif,0.8,1,1460905422,156,37.418,39.7759,2.3579
300M,chip_125_433_merged.tif,0.8,2,980959904,156,37.9579,38.453,0.4951
300M,chip_125_433_merged.tif,0.8,3,600353273,156,35.8311,39.4049,3.5738
300M,chip_125_433_merged.tif,0.8,4,219746642,156,35.2583,36.0089,0.7506
300M,chip_125_436_merged.tif,0.2,0,1146998673,39,34.2677,38.318,4.0503
300M,chip_125_436_merged.tif,0.2,1,667053155,39,35.4018,38.6457,3.2439
300M,chip_125_436_merged.tif,0.2,2,286446524,39,35.4983,38.5194,3.0211
300M,chip_125_436_merged.tif,0.2,3,2053323541,39,35.1915,38.1748,2.9833
300M,chip_125_436_merged.tif,0.2,4,1573378023,39,35.4433,39.1192,3.6759
300M,chip_125_436_merged.tif,0.4,0,986383340,78,35.2933,38.8091,3.5157
300M,chip_125_436_merged.tif,0.4,1,506437822,78,34.4799,38.7385,4.2585
300M,chip_125_436_merged.tif,0.4,2,125831191,78,35.9257,38.1997,2.274
300M,chip_125_436_merged.tif,0.4,3,1793369321,78,36.2703,38.0419,1.7716
300M,chip_125_436_merged.tif,0.4,4,1412762690,78,35.6372,39.0705,3.4334
300M,chip_125_436_merged.tif,0.6,0,243085133,117,36.9726,38.8763,1.9037
300M,chip_125_436_merged.tif,0.6,1,1910623263,117,36.1217,38.5731,2.4514
300M,chip_125_436_merged.tif,0.6,2,1530016632,117,36.6882,37.6782,0.99
300M,chip_125_436_merged.tif,0.6,3,1050071114,117,35.2195,38.7115,3.492
300M,chip_125_436_merged.tif,0.6,4,669464483,117,35.9475,39.1727,3.2252
300M,chip_125_436_merged.tif,0.8,0,1907976585,156,35.9508,38.0625,2.1117
300M,chip_125_436_merged.tif,0.8,1,1428031067,156,35.1028,37.4364,2.3336
300M,chip_125_436_merged.tif,0.8,2,1047424436,156,34.7077,37.325,2.6173
300M,chip_125_436_merged.tif,0.8,3,666817805,156,35.9485,37.5008,1.5523
300M,chip_125_436_merged.tif,0.8,4,186872287,156,36.0421,37.1099,1.0678
300M,chip_125_445_merged.tif,0.2,0,2140928939,39,35.2078,37.7143,2.5065
300M,chip_125_445_merged.tif,0.2,1,1660983421,39,34.3458,38.1904,3.8446
300M,chip_125_445_merged.tif,0.2,2,1280376790,39,39.9405,38.6336,-1.3069
300M,chip_125_445_merged.tif,0.2,3,899770159,39,40.5755,40.241,-0.3345
300M,chip_125_445_merged.tif,0.2,4,419824641,39,35.5142,37.2948,1.7805
300M,chip_125_445_merged.tif,0.4,0,1075653869,78,36.3518,38.368,2.0162
300M,chip_125_445_merged.tif,0.4,1,695047238,78,35.661,39.4992,3.8382
300M,chip_125_445_merged.tif,0.4,2,314440607,78,35.7915,39.5268,3.7352
300M,chip_125_445_merged.tif,0.4,3,1981978737,78,39.1377,37.9353,-1.2024
300M,chip_125_445_merged.tif,0.4,4,1601372106,78,40.0378,36.7535,-3.2843
300M,chip_125_445_merged.tif,0.6,0,1237015399,117,36.2434,36.6443,0.4008
300M,chip_125_445_merged.tif,0.6,1,757069881,117,37.8436,38.5672,0.7237
300M,chip_125_445_merged.tif,0.6,2,376463250,117,38.6444,37.8141,-0.8303
300M,chip_125_445_merged.tif,0.6,3,2044001380,117,37.6028,38.8842,1.2814
300M,chip_125_445_merged.tif,0.6,4,1663394749,117,37.5544,38.3783,0.8239
300M,chip_125_445_merged.tif,0.8,0,754423203,156,38.0709,37.7986,-0.2723
300M,chip_125_445_merged.tif,0.8,1,274477685,156,37.3016,36.6703,-0.6313
300M,chip_125_445_merged.tif,0.8,2,2041354702,156,38.0746,37.8034,-0.2712
300M,chip_125_445_merged.tif,0.8,3,1660748071,156,37.3252,35.5443,-1.7809
300M,chip_125_445_merged.tif,0.8,4,1180802553,156,35.9038,37.0172,1.1134
300M,chip_125_503_merged.tif,0.2,0,1243231023,39,33.4534,33.4577,0.0043
300M,chip_125_503_merged.tif,0.2,1,862624392,39,32.2124,34.1036,1.8911
300M,chip_125_503_merged.tif,0.2,2,482017761,39,34.145,33.5517,-0.5933
300M,chip_125_503_merged.tif,0.2,3,2072243,39,30.7048,35.2803,4.5754
300M,chip_125_503_merged.tif,0.2,4,1768949260,39,32.6524,33.4823,0.83
300M,chip_125_503_merged.tif,0.4,0,277294840,78,31.1412,34.1755,3.0343
300M,chip_125_503_merged.tif,0.4,1,2044171857,78,32.6874,34.4056,1.7182
300M,chip_125_503_merged.tif,0.4,2,1564226339,78,29.6453,34.6073,4.9621
300M,chip_125_503_merged.tif,0.4,3,1183619708,78,31.1411,34.854,3.7129
300M,chip_125_503_merged.tif,0.4,4,703674190,78,29.6461,33.6792,4.0331
300M,chip_125_503_merged.tif,0.6,0,339317483,117,29.9516,32.0795,2.128
300M,chip_125_503_merged.tif,0.6,1,2106194500,117,30.6733,33.6868,3.0135
300M,chip_125_503_merged.tif,0.6,2,1626248982,117,31.7284,33.1622,1.4338
300M,chip_125_503_merged.tif,0.6,3,1245642351,117,31.2128,33.2276,2.0149
300M,chip_125_503_merged.tif,0.6,4,865035720,117,29.9505,34.1152,4.1647
300M,chip_125_503_merged.tif,0.8,0,2004208935,156,30.6224,32.4963,1.8739
300M,chip_125_503_merged.tif,0.8,1,1623602304,156,31.1125,32.2422,1.1298
300M,chip_125_503_merged.tif,0.8,2,1242995673,156,30.626,32.6682,2.0422
300M,chip_125_503_merged.tif,0.8,3,763050155,156,30.4242,31.884,1.4598
300M,chip_125_503_merged.tif,0.8,4,382443524,156,30.6004,32.3301,1.7297
300M,chip_126_124_merged.tif,0.2,0,1917529005,39,32.7184,35.0684,2.3501
300M,chip_126_124_merged.tif,0.2,1,1437583487,39,30.6322,35.9719,5.3397
300M,chip_126_124_merged.tif,0.2,2,1056976856,39,34.272,35.36,1.088
300M,chip_126_124_merged.tif,0.2,3,577031338,39,30.794,35.7794,4.9854
300M,chip_126_124_merged.tif,0.2,4,196424707,39,32.6946,34.7773,2.0826
300M,chip_126_124_merged.tif,0.4,0,852253935,78,31.4541,34.7229,3.2689
300M,chip_126_124_merged.tif,0.4,1,471647304,78,31.6726,35.1736,3.501
300M,chip_126_124_merged.tif,0.4,2,2139185434,78,31.6746,35.9916,4.317
300M,chip_126_124_merged.tif,0.4,3,1758578803,78,31.2733,35.3639,4.0906
300M,chip_126_124_merged.tif,0.4,4,1278633285,78,32.8195,34.9285,2.109
300M,chip_126_124_merged.tif,0.6,0,108955728,117,31.2545,34.7636,3.5091
300M,chip_126_124_merged.tif,0.6,1,1875832745,117,30.6017,34.1632,3.5615
300M,chip_126_124_merged.tif,0.6,2,1395887227,117,31.2175,34.6918,3.4743
300M,chip_126_124_merged.tif,0.6,3,1015280596,117,31.2356,33.934,2.6983
300M,chip_126_124_merged.tif,0.6,4,535335078,117,31.5262,33.8085,2.2823
300M,chip_126_124_merged.tif,0.8,0,1773847180,156,31.155,33.0014,1.8464
300M,chip_126_124_merged.tif,0.8,1,1393240549,156,30.7918,32.8541,2.0623
300M,chip_126_124_merged.tif,0.8,2,913295031,156,29.4723,32.9205,3.4482
300M,chip_126_124_merged.tif,0.8,3,532688400,156,31.3011,32.501,1.1999
300M,chip_126_124_merged.tif,0.8,4,152081769,156,29.4926,32.8646,3.372
300M,chip_126_357_merged.tif,0.2,0,1828296325,39,34.7579,35.5134,0.7555
300M,chip_126_357_merged.tif,0.2,1,1447689694,39,35.4633,36.8495,1.3862
300M,chip_126_357_merged.tif,0.2,2,1067083063,39,33.2089,37.7726,4.5637
300M,chip_126_357_merged.tif,0.2,3,587137545,39,35.4636,37.5136,2.05
300M,chip_126_357_merged.tif,0.2,4,206530914,39,34.4577,36.627,2.1693
300M,chip_126_357_merged.tif,0.4,0,1667680992,78,33.6368,36.6836,3.0469
300M,chip_126_357_merged.tif,0.4,1,1287074361,78,34.5345,36.4269,1.8924
300M,chip_126_357_merged.tif,0.4,2,807128843,78,33.4489,35.8875,2.4386
300M,chip_126_357_merged.tif,0.4,3,426522212,78,33.4345,34.9383,1.5039
300M,chip_126_357_merged.tif,0.4,4,2094060342,78,33.9044,36.2845,2.3801
300M,chip_126_357_merged.tif,0.6,0,924382785,117,33.0545,36.2716,3.2171
300M,chip_126_357_merged.tif,0.6,1,543776154,117,33.0663,36.6634,3.5971
300M,chip_126_357_merged.tif,0.6,2,63830636,117,33.0731,35.3271,2.2541
300M,chip_126_357_merged.tif,0.6,3,1830707653,117,33.8874,35.1172,1.2298
300M,chip_126_357_merged.tif,0.6,4,1450101022,117,32.6948,34.9218,2.227
300M,chip_126_357_merged.tif,0.8,0,441790589,156,33.5644,34.3157,0.7513
300M,chip_126_357_merged.tif,0.8,1,61183958,156,32.9203,34.0493,1.129
300M,chip_126_357_merged.tif,0.8,2,1828060975,156,32.9142,34.1645,1.2503
300M,chip_126_357_merged.tif,0.8,3,1348115457,156,33.6521,35.3764,1.7244
300M,chip_126_357_merged.tif,0.8,4,967508826,156,31.9849,34.2712,2.2863
300M,chip_127_445_merged.tif,0.2,0,1236817879,39,37.4842,38.982,1.4978
300M,chip_127_445_merged.tif,0.2,1,756872361,39,36.2295,38.8342,2.6047
300M,chip_127_445_merged.tif,0.2,2,376265730,39,36.9217,38.411,1.4893
300M,chip_127_445_merged.tif,0.2,3,2043803860,39,37.116,38.5075,1.3915
300M,chip_127_445_merged.tif,0.2,4,1663197229,39,35.7109,39.0756,3.3646
300M,chip_127_445_merged.tif,0.4,0,171542809,78,37.352,39.0174,1.6654
300M,chip_127_445_merged.tif,0.4,1,1938419826,78,36.1389,37.9995,1.8606
300M,chip_127_445_merged.tif,0.4,2,1458474308,78,36.138,38.7878,2.6498
300M,chip_127_445_merged.tif,0.4,3,1077867677,78,35.6859,38.4366,2.7507
300M,chip_127_445_merged.tif,0.4,4,697261046,78,36.2325,38.0646,1.8322
300M,chip_127_445_merged.tif,0.6,0,1575728250,117,36.7137,38.1475,1.4337
300M,chip_127_445_merged.tif,0.6,1,1195121619,117,36.5065,38.5249,2.0183
300M,chip_127_445_merged.tif,0.6,2,715176101,117,36.0177,38.4371,2.4193
300M,chip_127_445_merged.tif,0.6,3,334569470,117,36.632,37.9622,1.3302
300M,chip_127_445_merged.tif,0.6,4,2101446487,117,36.6143,38.6188,2.0045
300M,chip_127_445_merged.tif,0.8,0,1093136054,156,36.1132,37.4533,1.3401
300M,chip_127_445_merged.tif,0.8,1,712529423,156,36.6858,37.0545,0.3686
300M,chip_127_445_merged.tif,0.8,2,331922792,156,36.7689,37.9692,1.2003
300M,chip_127_445_merged.tif,0.8,3,1999460922,156,36.7521,37.6934,0.9413
300M,chip_127_445_merged.tif,0.8,4,1618854291,156,36.1133,37.0543,0.941
300M,chip_128_478_merged.tif,0.2,0,726140118,39,34.6947,35.8884,1.1937
300M,chip_128_478_merged.tif,0.2,1,345533487,39,33.3626,35.5155,2.1529
300M,chip_128_478_merged.tif,0.2,2,2013071617,39,33.4314,35.543,2.1116
300M,chip_128_478_merged.tif,0.2,3,1632464986,39,31.8452,36.3812,4.536
300M,chip_128_478_merged.tif,0.2,4,1152519468,39,34.6947,35.2097,0.515
300M,chip_128_478_merged.tif,0.4,0,1808348696,78,32.108,34.8459,2.7379
300M,chip_128_478_merged.tif,0.4,1,1427742065,78,32.1069,34.1074,2.0005
300M,chip_128_478_merged.tif,0.4,2,1047135434,78,30.723,35.2187,4.4957
300M,chip_128_478_merged.tif,0.4,3,567189916,78,31.8264,34.7784,2.952
300M,chip_128_478_merged.tif,0.4,4,186583285,78,30.7227,34.682,3.9594
300M,chip_128_478_merged.tif,0.6,0,1969710226,117,30.5257,33.8911,3.3654
300M,chip_128_478_merged.tif,0.6,1,1489764708,117,31.0118,34.6369,3.6251
300M,chip_128_478_merged.tif,0.6,2,1109158077,117,30.2535,34.0994,3.8458
300M,chip_128_478_merged.tif,0.6,3,629212559,117,30.2333,33.6904,3.4571
300M,chip_128_478_merged.tif,0.6,4,248605928,117,31.5236,33.9033,2.3797
300M,chip_128_478_merged.tif,0.8,0,1487118030,156,31.0241,33.0209,1.9968
300M,chip_128_478_merged.tif,0.8,1,1106511399,156,29.4295,33.1637,3.7342
300M,chip_128_478_merged.tif,0.8,2,626565881,156,30.5936,33.525,2.9313
300M,chip_128_478_merged.tif,0.8,3,245959250,156,30.1894,33.4898,3.3004
300M,chip_128_478_merged.tif,0.8,4,1913497380,156,30.5825,33.4056,2.8231
300M,chip_128_506_merged.tif,0.2,0,1851841928,39,31.2607,33.7688,2.5081
300M,chip_128_506_merged.tif,0.2,1,1471235297,39,30.7408,34.7242,3.9835
300M,chip_128_506_merged.tif,0.2,2,991289779,39,31.4737,34.0762,2.6025
300M,chip_128_506_merged.tif,0.2,3,610683148,39,30.514,33.508,2.994
300M,chip_128_506_merged.tif,0.2,4,130737630,39,29.6425,34.6437,5.0012
300M,chip_128_506_merged.tif,0.4,0,1691226595,78,31.1407,31.8203,0.6796
300M,chip_128_506_merged.tif,0.4,1,1211281077,78,30.5051,33.1419,2.6368
300M,chip_128_506_merged.tif,0.4,2,830674446,78,31.0683,33.4807,2.4125
300M,chip_128_506_merged.tif,0.4,3,450067815,78,30.0332,32.9217,2.8885
300M,chip_128_506_merged.tif,0.4,4,2117605945,78,29.3804,33.0767,3.6962
300M,chip_128_506_merged.tif,0.6,0,947928388,117,30.7565,31.4476,0.691
300M,chip_128_506_merged.tif,0.6,1,567321757,117,30.4013,31.111,0.7098
300M,chip_128_506_merged.tif,0.6,2,87376239,117,30.376,31.8937,1.5177
300M,chip_128_506_merged.tif,0.6,3,1854253256,117,30.8224,32.6494,1.8271
300M,chip_128_506_merged.tif,0.6,4,1374307738,117,29.9763,33.3502,3.3739
300M,chip_128_506_merged.tif,0.8,0,465336192,156,29.7969,30.7002,0.9033
300M,chip_128_506_merged.tif,0.8,1,84729561,156,30.2923,31.026,0.7337
300M,chip_128_506_merged.tif,0.8,2,1752267691,156,30.2902,31.4236,1.1334
300M,chip_128_506_merged.tif,0.8,3,1371661060,156,30.122,31.3523,1.2303
300M,chip_128_506_merged.tif,0.8,4,891715542,156,30.2889,31.5925,1.3036
300M,chip_129_311_merged.tif,0.2,0,816897377,39,36.2601,38.4659,2.2058
300M,chip_129_311_merged.tif,0.2,1,336951859,39,38.1243,38.3693,0.245
300M,chip_129_311_merged.tif,0.2,2,2103828876,39,35.8648,36.5414,0.6766
300M,chip_129_311_merged.tif,0.2,3,1623883358,39,35.0636,39.1934,4.1298
300M,chip_129_311_merged.tif,0.2,4,1243276727,39,35.8302,39.9345,4.1043
300M,chip_129_311_merged.tif,0.4,0,556943157,78,37.0083,37.4552,0.447
300M,chip_129_311_merged.tif,0.4,1,176336526,78,36.9898,38.5273,1.5375
300M,chip_129_311_merged.tif,0.4,2,1843874656,78,34.8307,38.4873,3.6566
300M,chip_129_311_merged.tif,0.4,3,1463268025,78,37.5644,38.1319,0.5675
300M,chip_129_311_merged.tif,0.4,4,1082661394,78,36.7631,38.3922,1.629
300M,chip_129_311_merged.tif,0.6,0,1961128598,117,36.3972,36.8172,0.42
300M,chip_129_311_merged.tif,0.6,1,1580521967,117,35.8505,37.473,1.6224
300M,chip_129_311_merged.tif,0.6,2,1199915336,117,36.7603,38.0458,1.2856
300M,chip_129_311_merged.tif,0.6,3,719969818,117,36.9249,38.744,1.819
300M,chip_129_311_merged.tif,0.6,4,339363187,117,36.056,38.6404,2.5844
300M,chip_129_311_merged.tif,0.8,0,1577875289,156,35.1855,36.0558,0.8703
300M,chip_129_311_merged.tif,0.8,1,1097929771,156,36.1179,36.686,0.5681
300M,chip_129_311_merged.tif,0.8,2,717323140,156,36.1104,36.1702,0.0598
300M,chip_129_311_merged.tif,0.8,3,237377622,156,35.2017,35.9922,0.7905
300M,chip_129_311_merged.tif,0.8,4,2004254639,156,36.1455,36.3338,0.1883
300M,chip_130_159_merged.tif,0.2,0,47084842,39,35.8712,39.8864,4.0152
300M,chip_130_159_merged.tif,0.2,1,1813961859,39,35.3219,39.5353,4.2135
300M,chip_130_159_merged.tif,0.2,2,1334016341,39,30.7457,40.6445,9.8988
300M,chip_130_159_merged.tif,0.2,3,953409710,39,31.4324,40.8857,9.4533
300M,chip_130_159_merged.tif,0.2,4,572803079,39,33.5016,38.3189,4.8173
300M,chip_130_159_merged.tif,0.4,0,2033953157,78,34.3685,39.1101,4.7417
300M,chip_130_159_merged.tif,0.4,1,1653346526,78,31.6574,39.066,7.4086
300M,chip_130_159_merged.tif,0.4,2,1173401008,78,33.0252,38.8663,5.8411
300M,chip_130_159_merged.tif,0.4,3,792794377,78,32.4005,40.0824,7.682
300M,chip_130_159_merged.tif,0.4,4,312848859,78,32.7784,37.2475,4.4691
300M,chip_130_159_merged.tif,0.6,0,1290654950,117,32.9867,34.6467,1.66
300M,chip_130_159_merged.tif,0.6,1,910048319,117,33.03,37.2391,4.2091
300M,chip_130_159_merged.tif,0.6,2,430102801,117,32.6185,38.8524,6.2339
300M,chip_130_159_merged.tif,0.6,3,49496170,117,33.5259,35.7166,2.1907
300M,chip_130_159_merged.tif,0.6,4,1717034300,117,33.2477,37.9359,4.6883
300M,chip_130_159_merged.tif,0.8,0,808062754,156,32.1507,33.3085,1.1578
300M,chip_130_159_merged.tif,0.8,1,427456123,156,31.8082,33.1747,1.3665
300M,chip_130_159_merged.tif,0.8,2,2094994253,156,31.3463,33.9475,2.6012
300M,chip_130_159_merged.tif,0.8,3,1714387622,156,33.1682,35.9955,2.8273
300M,chip_130_159_merged.tif,0.8,4,1333780991,156,31.82,34.4421,2.6221
300M,chip_130_445_merged.tif,0.2,0,688304870,39,37.2131,39.033,1.8199
300M,chip_130_445_merged.tif,0.2,1,208359352,39,36.9443,39.4313,2.487
300M,chip_130_445_merged.tif,0.2,2,1975236369,39,38.4611,38.1952,-0.2659
300M,chip_130_445_merged.tif,0.2,3,1495290851,39,35.4497,38.6114,3.1617
300M,chip_130_445_merged.tif,0.2,4,1114684220,39,37.8564,38.4304,0.574
300M,chip_130_445_merged.tif,0.4,0,428350650,78,33.3718,39.286,5.9142
300M,chip_130_445_merged.tif,0.4,1,47744019,78,37.9459,39.6914,1.7455
300M,chip_130_445_merged.tif,0.4,2,1715282149,78,37.7511,39.2481,1.497
300M,chip_130_445_merged.tif,0.4,3,1334675518,78,38.4493,38.6466,0.1973
300M,chip_130_445_merged.tif,0.4,4,954068887,78,38.3742,39.1776,0.8034
300M,chip_130_445_merged.tif,0.6,0,1832536091,117,38.0154,37.7301,-0.2853
300M,chip_130_445_merged.tif,0.6,1,1451929460,117,35.2341,37.0541,1.82
300M,chip_130_445_merged.tif,0.6,2,971983942,117,34.919,39.132,4.213
300M,chip_130_445_merged.tif,0.6,3,591377311,117,37.9733,38.1303,0.157
300M,chip_130_445_merged.tif,0.6,4,210770680,117,35.248,39.1419,3.8939
300M,chip_130_445_merged.tif,0.8,0,596343919,156,36.6369,37.6805,1.0436
300M,chip_130_445_merged.tif,0.8,1,116398401,156,35.5789,37.5082,1.9293
300M,chip_130_445_merged.tif,0.8,2,1883275418,156,35.579,36.2152,0.6362
300M,chip_130_445_merged.tif,0.8,3,1502668787,156,36.6162,37.6792,1.063
300M,chip_130_445_merged.tif,0.8,4,1022723269,156,35.5391,37.7947,2.2555
300M,chip_131_404_merged.tif,0.2,0,3128526,39,35.7708,37.8014,2.0306
300M,chip_131_404_merged.tif,0.2,1,1770005543,39,37.2889,37.608,0.3191
300M,chip_131_404_merged.tif,0.2,2,1290060025,39,34.0004,37.638,3.6376
300M,chip_131_404_merged.tif,0.2,3,909453394,39,34.0006,38.1042,4.1036
300M,chip_131_404_merged.tif,0.2,4,429507876,39,36.3412,37.639,1.2978
300M,chip_131_404_merged.tif,0.4,0,1989996841,78,35.2562,37.1257,1.8695
300M,chip_131_404_merged.tif,0.4,1,1510051323,78,35.4666,37.6409,2.1744
300M,chip_131_404_merged.tif,0.4,2,1129444692,78,35.1412,37.7515,2.6103
300M,chip_131_404_merged.tif,0.4,3,748838061,78,35.238,37.7442,2.5062
300M,chip_131_404_merged.tif,0.4,4,268892543,78,35.1307,36.5548,1.4241
300M,chip_131_404_merged.tif,0.6,0,1246698634,117,34.9536,37.0221,2.0685
300M,chip_131_404_merged.tif,0.6,1,866092003,117,35.2746,37.6018,2.3272
300M,chip_131_404_merged.tif,0.6,2,386146485,117,34.9965,37.153,2.1565
300M,chip_131_404_merged.tif,0.6,3,5539854,117,35.4201,37.6019,2.1818
300M,chip_131_404_merged.tif,0.6,4,1673077984,117,35.106,36.1863,1.0803
300M,chip_131_404_merged.tif,0.8,0,764106438,156,35.21,36.4324,1.2224
300M,chip_131_404_merged.tif,0.8,1,383499807,156,34.8646,36.2307,1.3661
300M,chip_131_404_merged.tif,0.8,2,2051037937,156,35.0729,36.365,1.2921
300M,chip_131_404_merged.tif,0.8,3,1670431306,156,34.3439,36.6755,2.3317
300M,chip_131_404_merged.tif,0.8,4,1190485788,156,34.9886,35.5756,0.5871
300M,chip_131_429_merged.tif,0.2,0,205334093,39,33.8775,35.8666,1.9891
300M,chip_131_429_merged.tif,0.2,1,1972211110,39,34.7383,35.2109,0.4725
300M,chip_131_429_merged.tif,0.2,2,1492265592,39,30.3258,34.5749,4.2491
300M,chip_131_429_merged.tif,0.2,3,1111658961,39,30.3262,35.0966,4.7704
300M,chip_131_429_merged.tif,0.2,4,631713443,39,34.4765,35.9676,1.4911
300M,chip_131_429_merged.tif,0.4,0,44718760,78,33.9573,35.278,1.3208
300M,chip_131_429_merged.tif,0.4,1,1712256890,78,33.0728,35.885,2.8122
300M,chip_131_429_merged.tif,0.4,2,1331650259,78,33.0491,35.5301,2.481
300M,chip_131_429_merged.tif,0.4,3,851704741,78,33.9529,35.797,1.8441
300M,chip_131_429_merged.tif,0.4,4,471098110,78,33.9219,35.4554,1.5334
300M,chip_131_429_merged.tif,0.6,0,1448904201,117,33.2051,34.5467,1.3416
300M,chip_131_429_merged.tif,0.6,1,968958683,117,31.8211,34.8581,3.037
300M,chip_131_429_merged.tif,0.6,2,588352052,117,31.6144,34.9647,3.3504
300M,chip_131_429_merged.tif,0.6,3,108406534,117,33.406,35.4015,1.9956
300M,chip_131_429_merged.tif,0.6,4,1875283551,117,33.4012,35.1601,1.7589
300M,chip_131_429_merged.tif,0.8,0,966312005,156,31.4104,33.1723,1.7619
300M,chip_131_429_merged.tif,0.8,1,585705374,156,32.75,32.6285,-0.1215
300M,chip_131_429_merged.tif,0.8,2,105759856,156,31.4015,34.0202,2.6187
300M,chip_131_429_merged.tif,0.8,3,1872636873,156,32.3258,33.864,1.5383
300M,chip_131_429_merged.tif,0.8,4,1392691355,156,33.2606,34.091,0.8304
300M,chip_131_445_merged.tif,0.2,0,1019094525,39,34.6475,39.0111,4.3636
300M,chip_131_445_merged.tif,0.2,1,539149007,39,34.6733,39.164,4.4907
300M,chip_131_445_merged.tif,0.2,2,158542376,39,34.6483,39.3026,4.6543
300M,chip_131_445_merged.tif,0.2,3,1826080506,39,35.9735,39.0893,3.1158
300M,chip_131_445_merged.tif,0.2,4,1445473875,39,36.0478,39.5339,3.4861
300M,chip_131_445_merged.tif,0.4,0,759140305,78,35.2442,39.3094,4.0652
300M,chip_131_445_merged.tif,0.4,1,378533674,78,35.5722,38.7623,3.1901
300M,chip_131_445_merged.tif,0.4,2,2145410691,78,35.572,39.0487,3.4766
300M,chip_131_445_merged.tif,0.4,3,1665465173,78,34.6782,38.9149,4.2366
300M,chip_131_445_merged.tif,0.4,4,1284858542,78,35.2458,37.8352,2.5894
300M,chip_131_445_merged.tif,0.6,0,15842098,117,35.9941,38.7952,2.8011
300M,chip_131_445_merged.tif,0.6,1,1782719115,117,36.3451,36.7239,0.3787
300M,chip_131_445_merged.tif,0.6,2,1402112484,117,36.0062,38.8185,2.8123
300M,chip_131_445_merged.tif,0.6,3,922166966,117,36.0743,38.1048,2.0304
300M,chip_131_445_merged.tif,0.6,4,541560335,117,35.6752,38.8764,3.2012
300M,chip_131_445_merged.tif,0.8,0,1780072437,156,36.5311,36.7958,0.2647
300M,chip_131_445_merged.tif,0.8,1,1300126919,156,36.1267,36.6281,0.5014
300M,chip_131_445_merged.tif,0.8,2,919520288,156,36.543,37.2404,0.6974
300M,chip_131_445_merged.tif,0.8,3,439574770,156,36.1037,37.1391,1.0354
300M,chip_131_445_merged.tif,0.8,4,58968139,156,36.35,37.6549,1.3049
300M,chip_131_472_merged.tif,0.2,0,1990278955,39,33.2296,34.8681,1.6385
300M,chip_131_472_merged.tif,0.2,1,1510333437,39,31.964,34.5981,2.6341
300M,chip_131_472_merged.tif,0.2,2,1129726806,39,32.2925,35.2551,2.9626
300M,chip_131_472_merged.tif,0.2,3,649781288,39,31.9445,35.2222,3.2778
300M,chip_131_472_merged.tif,0.2,4,269174657,39,31.6039,34.5425,2.9386
300M,chip_131_472_merged.tif,0.4,0,1730324735,78,32.3629,34.5814,2.2186
300M,chip_131_472_merged.tif,0.4,1,1349718104,78,31.7441,33.8348,2.0907
300M,chip_131_472_merged.tif,0.4,2,869772586,78,32.3626,34.1936,1.831
300M,chip_131_472_merged.tif,0.4,3,489165955,78,29.7348,34.1175,4.3826
300M,chip_131_472_merged.tif,0.4,4,108559324,78,31.8676,33.9706,2.103
300M,chip_131_472_merged.tif,0.6,0,987026528,117,30.5735,32.7081,2.1347
300M,chip_131_472_merged.tif,0.6,1,606419897,117,31.6581,33.4502,1.7922
300M,chip_131_472_merged.tif,0.6,2,126474379,117,32.063,33.1694,1.1065
300M,chip_131_472_merged.tif,0.6,3,1893351396,117,31.679,33.6031,1.9242
300M,chip_131_472_merged.tif,0.6,4,1512744765,117,32.1741,33.024,0.8499
300M,chip_131_472_merged.tif,0.8,0,603773219,156,31.2607,31.952,0.6913
300M,chip_131_472_merged.tif,0.8,1,123827701,156,30.192,31.7631,1.571
300M,chip_131_472_merged.tif,0.8,2,1890704718,156,31.1694,31.7563,0.5869
300M,chip_131_472_merged.tif,0.8,3,1410759200,156,30.8719,32.5073,1.6354
300M,chip_131_472_merged.tif,0.8,4,1030152569,156,30.944,31.6852,0.7412
300M,chip_131_477_merged.tif,0.2,0,311602424,39,36.1352,38.7621,2.6269
300M,chip_131_477_merged.tif,0.2,1,2078479441,39,35.4565,38.6172,3.1607
300M,chip_131_477_merged.tif,0.2,2,1598533923,39,38.0025,38.714,0.7115
300M,chip_131_477_merged.tif,0.2,3,1217927292,39,37.2946,38.126,0.8314
300M,chip_131_477_merged.tif,0.2,4,837320661,39,34.8944,39.3013,4.4069
300M,chip_131_477_merged.tif,0.4,0,150987091,78,37.5984,39.2801,1.6817
300M,chip_131_477_merged.tif,0.4,1,1917864108,78,37.449,38.3961,0.947
300M,chip_131_477_merged.tif,0.4,2,1437918590,78,35.9988,38.504,2.5051
300M,chip_131_477_merged.tif,0.4,3,1057311959,78,37.5984,39.0669,1.4685
300M,chip_131_477_merged.tif,0.4,4,577366441,78,35.7726,39.2798,3.5072
300M,chip_131_477_merged.tif,0.6,0,1555172532,117,35.1613,38.667,3.5056
300M,chip_131_477_merged.tif,0.6,1,1174565901,117,35.894,38.5113,2.6172
300M,chip_131_477_merged.tif,0.6,2,694620383,117,35.5658,38.3007,2.7349
300M,chip_131_477_merged.tif,0.6,3,314013752,117,36.4436,38.1501,1.7065
300M,chip_131_477_merged.tif,0.6,4,1981551882,117,36.2706,38.4382,2.1676
300M,chip_131_477_merged.tif,0.8,0,1072580336,156,35.4903,37.5366,2.0463
300M,chip_131_477_merged.tif,0.8,1,691973705,156,36.5896,37.1707,0.5811
300M,chip_131_477_merged.tif,0.8,2,212028187,156,35.4856,38.0556,2.57
300M,chip_131_477_merged.tif,0.8,3,1978905204,156,35.8503,36.7141,0.8638
300M,chip_131_477_merged.tif,0.8,4,1598298573,156,35.5027,37.0198,1.5171
300M,chip_133_303_merged.tif,0.2,0,937860110,39,39.738,38.585,-1.153
300M,chip_133_303_merged.tif,0.2,1,457914592,39,36.0582,40.1794,4.1212
300M,chip_133_303_merged.tif,0.2,2,77307961,39,36.5703,39.2092,2.6388
300M,chip_133_303_merged.tif,0.2,3,1744846091,39,39.6835,40.6886,1.0051
300M,chip_133_303_merged.tif,0.2,4,1364239460,39,36.0578,39.0674,3.0096
300M,chip_133_303_merged.tif,0.4,0,677905890,78,35.2679,39.6913,4.4234
300M,chip_133_303_merged.tif,0.4,1,297299259,78,33.6269,38.8331,5.2062
300M,chip_133_303_merged.tif,0.4,2,2064176276,78,33.0759,37.8312,4.7554
300M,chip_133_303_merged.tif,0.4,3,1584230758,78,35.4974,39.4445,3.9471
300M,chip_133_303_merged.tif,0.4,4,1203624127,78,38.3769,39.4431,1.0662
300M,chip_133_303_merged.tif,0.6,0,2082091331,117,34.7002,35.5215,0.8213
300M,chip_133_303_merged.tif,0.6,1,1701484700,117,34.4532,38.7439,4.2907
300M,chip_133_303_merged.tif,0.6,2,1320878069,117,36.3979,37.8292,1.4313
300M,chip_133_303_merged.tif,0.6,3,840932551,117,34.4519,38.5677,4.1159
300M,chip_133_303_merged.tif,0.6,4,460325920,117,34.3152,36.1295,1.8143
300M,chip_133_303_merged.tif,0.8,0,1698838022,156,34.5777,34.7873,0.2096
300M,chip_133_303_merged.tif,0.8,1,1218892504,156,34.589,35.9974,1.4084
300M,chip_133_303_merged.tif,0.8,2,838285873,156,34.8998,35.6067,0.7069
300M,chip_133_303_merged.tif,0.8,3,358340355,156,34.3728,35.0749,0.7021
300M,chip_133_303_merged.tif,0.8,4,2125217372,156,34.3486,35.1633,0.8147
300M,chip_133_340_merged.tif,0.2,0,915794122,39,32.7431,34.6116,1.8685
300M,chip_133_340_merged.tif,0.2,1,435848604,39,32.5077,36.4887,3.981
300M,chip_133_340_merged.tif,0.2,2,55241973,39,34.8842,35.3974,0.5131
300M,chip_133_340_merged.tif,0.2,3,1722780103,39,30.4304,36.0411,5.6107
300M,chip_133_340_merged.tif,0.2,4,1342173472,39,34.8351,36.0547,1.2196
300M,chip_133_340_merged.tif,0.4,0,1998002700,78,34.3252,33.8508,-0.4743
300M,chip_133_340_merged.tif,0.4,1,1617396069,78,34.6786,34.4695,-0.2092
300M,chip_133_340_merged.tif,0.4,2,1137450551,78,33.3115,33.9406,0.629
300M,chip_133_340_merged.tif,0.4,3,756843920,78,34.3239,35.3421,1.0182
300M,chip_133_340_merged.tif,0.4,4,276898402,78,33.1113,35.6088,2.4975
300M,chip_133_340_merged.tif,0.6,0,2060025343,117,34.0733,34.93,0.8568
300M,chip_133_340_merged.tif,0.6,1,1679418712,117,33.8955,33.5693,-0.3262
300M,chip_133_340_merged.tif,0.6,2,1298812081,117,33.3959,33.7368,0.3409
300M,chip_133_340_merged.tif,0.6,3,818866563,117,30.6717,35.1749,4.5032
300M,chip_133_340_merged.tif,0.6,4,438259932,117,34.0714,34.9556,0.8843
300M,chip_133_340_merged.tif,0.8,0,1676772034,156,33.5762,31.5938,-1.9823
300M,chip_133_340_merged.tif,0.8,1,1196826516,156,30.7801,33.8937,3.1136
300M,chip_133_340_merged.tif,0.8,2,816219885,156,32.2747,33.5747,1.3
300M,chip_133_340_merged.tif,0.8,3,336274367,156,33.5867,31.8774,-1.7093
300M,chip_133_340_merged.tif,0.8,4,2103151384,156,30.7954,33.1924,2.397
300M,chip_133_473_merged.tif,0.2,0,1588466715,39,31.8833,34.1887,2.3053
300M,chip_133_473_merged.tif,0.2,1,1207860084,39,32.0465,32.8681,0.8216
300M,chip_133_473_merged.tif,0.2,2,727914566,39,32.2784,34.3654,2.087
300M,chip_133_473_merged.tif,0.2,3,347307935,39,32.3157,33.0105,0.6948
300M,chip_133_473_merged.tif,0.2,4,2014846065,39,31.9434,34.3993,2.4558
300M,chip_133_473_merged.tif,0.4,0,1427851382,78,30.7222,33.1691,2.4469
300M,chip_133_473_merged.tif,0.4,1,947905864,78,30.4948,32.8781,2.3833
300M,chip_133_473_merged.tif,0.4,2,567299233,78,30.7223,34.1715,3.4493
300M,chip_133_473_merged.tif,0.4,3,87353715,78,30.9545,33.5173,2.5628
300M,chip_133_473_merged.tif,0.4,4,1854230732,78,30.494,33.1831,2.6891
300M,chip_133_473_merged.tif,0.6,0,684553175,117,30.9743,32.2794,1.3051
300M,chip_133_473_merged.tif,0.6,1,204607657,117,30.975,32.7449,1.7699
300M,chip_133_473_merged.tif,0.6,2,1971484674,117,31.0963,32.0532,0.957
300M,chip_133_473_merged.tif,0.6,3,1590878043,117,30.9014,32.5937,1.6924
300M,chip_133_473_merged.tif,0.6,4,1110932525,117,31.24,32.9014,1.6614
300M,chip_133_473_merged.tif,0.8,0,201960979,156,30.6952,32.1859,1.4907
300M,chip_133_473_merged.tif,0.8,1,1968837996,156,30.7139,32.435,1.7212
300M,chip_133_473_merged.tif,0.8,2,1488892478,156,30.6908,31.6837,0.9929
300M,chip_133_473_merged.tif,0.8,3,1108285847,156,30.9406,31.7559,0.8153
300M,chip_133_473_merged.tif,0.8,4,628340329,156,31.024,31.6759,0.652
300M,chip_134_316_merged.tif,0.2,0,1479307873,39,34.5331,38.138,3.6049
300M,chip_134_316_merged.tif,0.2,1,1098701242,39,36.2637,37.7871,1.5234
300M,chip_134_316_merged.tif,0.2,2,618755724,39,34.5332,38.9423,4.4091
300M,chip_134_316_merged.tif,0.2,3,238149093,39,32.9534,38.779,5.8256
300M,chip_134_316_merged.tif,0.2,4,2005026110,39,34.9954,38.3534,3.3581
300M,chip_134_316_merged.tif,0.4,0,513371690,78,36.323,37.6548,1.3319
300M,chip_134_316_merged.tif,0.4,1,33426172,78,34.9772,38.0882,3.111
300M,chip_134_316_merged.tif,0.4,2,1800303189,78,34.9791,38.2923,3.3132
300M,chip_134_316_merged.tif,0.4,3,1320357671,78,35.8659,38.1367,2.2708
300M,chip_134_316_merged.tif,0.4,4,939751040,78,33.8936,38.5755,4.682
300M,chip_134_316_merged.tif,0.6,0,575394333,117,31.3477,36.4744,5.1267
300M,chip_134_316_merged.tif,0.6,1,194787702,117,34.9087,36.9662,2.0576
300M,chip_134_316_merged.tif,0.6,2,1862325832,117,29.995,36.6776,6.6826
300M,chip_134_316_merged.tif,0.6,3,1481719201,117,32.2323,37.3522,5.1199
300M,chip_134_316_merged.tif,0.6,4,1001773683,117,34.9292,37.5727,2.6435
300M,chip_134_316_merged.tif,0.8,0,92802137,156,30.3647,34.4792,4.1145
300M,chip_134_316_merged.tif,0.8,1,1859679154,156,31.4442,35.7841,4.3399
300M,chip_134_316_merged.tif,0.8,2,1379733636,156,32.0618,36.7776,4.7158
300M,chip_134_316_merged.tif,0.8,3,999127005,156,32.0233,36.2031,4.1798
300M,chip_134_316_merged.tif,0.8,4,618520374,156,32.0292,32.4999,0.4707
300M,chip_134_364_merged.tif,0.2,0,887087054,39,31.3555,35.3696,4.0141
300M,chip_134_364_merged.tif,0.2,1,407141536,39,34.5733,33.7503,-0.8231
300M,chip_134_364_merged.tif,0.2,2,26534905,39,31.6406,34.2925,2.6518
300M,chip_134_364_merged.tif,0.2,3,1694073035,39,31.7188,33.7748,2.0559
300M,chip_134_364_merged.tif,0.2,4,1313466404,39,31.3564,35.224,3.8676
300M,chip_134_364_merged.tif,0.4,0,1969295632,78,33.9301,33.8205,-0.1096
300M,chip_134_364_merged.tif,0.4,1,1588689001,78,32.3313,33.5455,1.2142
300M,chip_134_364_merged.tif,0.4,2,1108743483,78,30.5999,34.5994,3.9995
300M,chip_134_364_merged.tif,0.4,3,728136852,78,32.3304,33.9396,1.6092
300M,chip_134_364_merged.tif,0.4,4,248191334,78,31.1414,33.9938,2.8524
300M,chip_134_364_merged.tif,0.6,0,2031318275,117,29.7152,33.0206,3.3054
300M,chip_134_364_merged.tif,0.6,1,1650711644,117,30.2824,33.0516,2.7691
300M,chip_134_364_merged.tif,0.6,2,1270105013,117,30.8031,33.1143,2.3112
300M,chip_134_364_merged.tif,0.6,3,790159495,117,30.3125,31.5428,1.2304
300M,chip_134_364_merged.tif,0.6,4,409552864,117,31.9247,33.0313,1.1066
300M,chip_134_364_merged.tif,0.8,0,1648064966,156,29.6611,32.1306,2.4695
300M,chip_134_364_merged.tif,0.8,1,1168119448,156,29.9871,32.4907,2.5036
300M,chip_134_364_merged.tif,0.8,2,787512817,156,29.6651,32.2922,2.6271
300M,chip_134_364_merged.tif,0.8,3,307567299,156,29.845,30.4564,0.6114
300M,chip_134_364_merged.tif,0.8,4,2074444316,156,30.2391,30.9184,0.6793
300M,chip_135_434_merged.tif,0.2,0,518160512,39,32.3348,34.3989,2.0641
300M,chip_135_434_merged.tif,0.2,1,137553881,39,31.3304,34.102,2.7716
300M,chip_135_434_merged.tif,0.2,2,1805092011,39,30.4691,34.5428,4.0737
300M,chip_135_434_merged.tif,0.2,3,1424485380,39,31.7161,34.8709,3.1548
300M,chip_135_434_merged.tif,0.2,4,944539862,39,31.329,34.4248,3.0958
300M,chip_135_434_merged.tif,0.4,0,357545179,78,31.1285,33.5198,2.3913
300M,chip_135_434_merged.tif,0.4,1,2025083309,78,31.1286,33.6981,2.5695
300M,chip_135_434_merged.tif,0.4,2,1644476678,78,31.0645,33.2995,2.235
300M,chip_135_434_merged.tif,0.4,3,1164531160,78,31.639,34.1304,2.4914
300M,chip_135_434_merged.tif,0.4,4,783924529,78,31.7882,33.0628,1.2747
300M,chip_135_434_merged.tif,0.6,0,1761730620,117,31.6542,33.0173,1.3631
300M,chip_135_434_merged.tif,0.6,1,1281785102,117,31.243,33.2602,2.0172
300M,chip_135_434_merged.tif,0.6,2,901178471,117,31.5164,32.6062,1.0898
300M,chip_135_434_merged.tif,0.6,3,421232953,117,31.1292,32.8919,1.7627
300M,chip_135_434_merged.tif,0.6,4,40626322,117,31.6484,33.033,1.3845
300M,chip_135_434_merged.tif,0.8,0,1279138424,156,31.2624,32.2797,1.0173
300M,chip_135_434_merged.tif,0.8,1,898531793,156,31.1145,32.0973,0.9828
300M,chip_135_434_merged.tif,0.8,2,418586275,156,31.1093,31.8917,0.7824
300M,chip_135_434_merged.tif,0.8,3,37979644,156,31.2502,31.9402,0.69
300M,chip_135_434_merged.tif,0.8,4,1705517774,156,30.5033,32.2354,1.732
300M,chip_135_472_merged.tif,0.2,0,1407575230,39,33.4156,35.856,2.4404
300M,chip_135_472_merged.tif,0.2,1,927629712,39,32.117,33.769,1.652
300M,chip_135_472_merged.tif,0.2,2,547023081,39,32.1179,34.9996,2.8817
300M,chip_135_472_merged.tif,0.2,3,67077563,39,34.0434,35.7618,1.7184
300M,chip_135_472_merged.tif,0.2,4,1833954580,39,32.1179,35.0987,2.9807
300M,chip_135_472_merged.tif,0.4,0,1147621010,78,31.644,34.6376,2.9936
300M,chip_135_472_merged.tif,0.4,1,767014379,78,33.2898,35.281,1.9912
300M,chip_135_472_merged.tif,0.4,2,386407748,78,32.9734,34.1262,1.1528
300M,chip_135_472_merged.tif,0.4,3,2053945878,78,31.645,34.6878,3.0428
300M,chip_135_472_merged.tif,0.4,4,1673339247,78,32.9724,35.0976,2.1252
300M,chip_135_472_merged.tif,0.6,0,404322803,117,33.7726,34.3501,0.5775
300M,chip_135_472_merged.tif,0.6,1,23716172,117,33.6401,34.1914,0.5513
300M,chip_135_472_merged.tif,0.6,2,1790593189,117,33.797,33.7305,-0.0665
300M,chip_135_472_merged.tif,0.6,3,1310647671,117,31.7954,34.0741,2.2787
300M,chip_135_472_merged.tif,0.6,4,930041040,117,32.1714,34.592,2.4207
300M,chip_135_472_merged.tif,0.8,0,21069494,156,33.0356,33.7569,0.7213
300M,chip_135_472_merged.tif,0.8,1,1688607624,156,32.4402,33.5641,1.124
300M,chip_135_472_merged.tif,0.8,2,1308000993,156,33.0212,32.9111,-0.1101
300M,chip_135_472_merged.tif,0.8,3,828055475,156,32.635,33.8914,1.2563
300M,chip_135_472_merged.tif,0.8,4,447448844,156,32.8806,33.4941,0.6135
300M,chip_135_494_merged.tif,0.2,0,1116448160,39,35.6014,37.1635,1.562
300M,chip_135_494_merged.tif,0.2,1,735841529,39,34.8177,37.6497,2.832
300M,chip_135_494_merged.tif,0.2,2,255896011,39,35.0144,36.894,1.8797
300M,chip_135_494_merged.tif,0.2,3,2022773028,39,35.3273,37.7174,2.3901
300M,chip_135_494_merged.tif,0.2,4,1642166397,39,34.657,36.3608,1.7038
300M,chip_135_494_merged.tif,0.4,0,150511977,78,34.3194,36.3293,2.0099
300M,chip_135_494_merged.tif,0.4,1,1818050107,78,34.7586,36.9325,2.1739
300M,chip_135_494_merged.tif,0.4,2,1437443476,78,35.478,36.8175,1.3395
300M,chip_135_494_merged.tif,0.4,3,1056836845,78,34.3054,36.892,2.5866
300M,chip_135_494_merged.tif,0.4,4,576891327,78,35.0246,37.7867,2.7621
300M,chip_135_494_merged.tif,0.6,0,212534620,117,34.7814,36.0909,1.3094
300M,chip_135_494_merged.tif,0.6,1,1979411637,117,33.4472,36.076,2.6288
300M,chip_135_494_merged.tif,0.6,2,1499466119,117,34.3965,36.3085,1.912
300M,chip_135_494_merged.tif,0.6,3,1118859488,117,35.0678,35.8174,0.7496
300M,chip_135_494_merged.tif,0.6,4,638913970,117,34.9974,36.3881,1.3907
300M,chip_135_494_merged.tif,0.8,0,1877426072,156,34.6545,35.3678,0.7133
300M,chip_135_494_merged.tif,0.8,1,1496819441,156,34.0966,34.8869,0.7902
300M,chip_135_494_merged.tif,0.8,2,1016873923,156,33.6896,35.0629,1.3733
300M,chip_135_494_merged.tif,0.8,3,636267292,156,34.6122,35.1296,0.5173
300M,chip_135_494_merged.tif,0.8,4,255660661,156,34.0965,35.6477,1.5511
300M,chip_136_276_merged.tif,0.2,0,1004816869,39,35.91,38.3782,2.4682
300M,chip_136_276_merged.tif,0.2,1,524871351,39,30.3319,38.0153,7.6833
300M,chip_136_276_merged.tif,0.2,2,144264720,39,32.2735,37.8945,5.621
300M,chip_136_276_merged.tif,0.2,3,1811802850,39,34.8733,37.2169,2.3436
300M,chip_136_276_merged.tif,0.2,4,1431196219,39,35.5371,36.4372,0.9001
300M,chip_136_276_merged.tif,0.4,0,744862649,78,30.8088,37.0443,6.2355
300M,chip_136_276_merged.tif,0.4,1,364256018,78,31.0878,37.2449,6.1571
300M,chip_136_276_merged.tif,0.4,2,2131133035,78,31.116,36.6457,5.5297
300M,chip_136_276_merged.tif,0.4,3,1651187517,78,32.3688,36.6551,4.2863
300M,chip_136_276_merged.tif,0.4,4,1270580886,78,31.117,36.0174,4.9003
300M,chip_136_276_merged.tif,0.6,0,1564442,117,31.2813,35.3413,4.06
300M,chip_136_276_merged.tif,0.6,1,1768441459,117,30.7799,35.476,4.6961
300M,chip_136_276_merged.tif,0.6,2,1387834828,117,29.2371,35.5964,6.3592
300M,chip_136_276_merged.tif,0.6,3,907889310,117,30.723,33.9848,3.2618
300M,chip_136_276_merged.tif,0.6,4,527282679,117,29.99,34.757,4.767
300M,chip_136_276_merged.tif,0.8,0,1765794781,156,31.5188,32.8946,1.3758
300M,chip_136_276_merged.tif,0.8,1,1285849263,156,31.2623,33.758,2.4957
300M,chip_136_276_merged.tif,0.8,2,905242632,156,29.8455,32.6772,2.8317
300M,chip_136_276_merged.tif,0.8,3,425297114,156,31.5283,33.8551,2.3268
300M,chip_136_276_merged.tif,0.8,4,44690483,156,29.7268,33.6141,3.8873
300M,chip_136_435_merged.tif,0.2,0,869250358,39,31.8529,35.3479,3.495
300M,chip_136_435_merged.tif,0.2,1,488643727,39,31.6901,34.0586,2.3685
300M,chip_136_435_merged.tif,0.2,2,108037096,39,32.0793,33.8685,1.7892
300M,chip_136_435_merged.tif,0.2,3,1775575226,39,31.9203,33.3888,1.4685
300M,chip_136_435_merged.tif,0.2,4,1394968595,39,31.1999,33.8001,2.6002
300M,chip_136_435_merged.tif,0.4,0,708635025,78,31.404,34.1258,2.7218
300M,chip_136_435_merged.tif,0.4,1,328028394,78,31.3081,33.7009,2.3928
300M,chip_136_435_merged.tif,0.4,2,1995566524,78,31.6811,34.972,3.2908
300M,chip_136_435_merged.tif,0.4,3,1614959893,78,32.2617,33.7553,1.4936
300M,chip_136_435_merged.tif,0.4,4,1234353262,78,31.5434,34.1694,2.626
300M,chip_136_435_merged.tif,0.6,0,2112820466,117,31.5565,33.0095,1.453
300M,chip_136_435_merged.tif,0.6,1,1732213835,117,31.5554,33.0171,1.4617
300M,chip_136_435_merged.tif,0.6,2,1252268317,117,30.9411,32.7748,1.8338
300M,chip_136_435_merged.tif,0.6,3,871661686,117,31.6787,33.1014,1.4227
300M,chip_136_435_merged.tif,0.6,4,491055055,117,32.158,33.0007,0.8426
300M,chip_136_435_merged.tif,0.8,0,1630228270,156,31.0355,31.4581,0.4226
300M,chip_136_435_merged.tif,0.8,1,1249621639,156,30.8365,32.4723,1.6358
300M,chip_136_435_merged.tif,0.8,2,869015008,156,31.8076,32.0571,0.2495
300M,chip_136_435_merged.tif,0.8,3,389069490,156,30.536,32.0422,1.5061
300M,chip_136_435_merged.tif,0.8,4,8462859,156,30.5368,31.4992,0.9624
300M,chip_136_471_merged.tif,0.2,0,105037243,39,32.3203,34.2927,1.9724
300M,chip_136_471_merged.tif,0.2,1,1871914260,39,31.7022,33.0604,1.3582
300M,chip_136_471_merged.tif,0.2,2,1391968742,39,31.7681,33.9428,2.1747
300M,chip_136_471_merged.tif,0.2,3,1011362111,39,31.9546,33.8064,1.8518
300M,chip_136_471_merged.tif,0.2,4,531416593,39,33.4013,34.1585,0.7572
300M,chip_136_471_merged.tif,0.4,0,1286584708,78,30.991,33.3514,2.3604
300M,chip_136_471_merged.tif,0.4,1,806639190,78,31.2741,33.3164,2.0422
300M,chip_136_471_merged.tif,0.4,2,426032559,78,31.7262,33.7081,1.9819
300M,chip_136_471_merged.tif,0.4,3,2093570689,78,32.2606,33.6593,1.3987
300M,chip_136_471_merged.tif,0.4,4,1712964058,78,32.069,33.6067,1.5377
300M,chip_136_471_merged.tif,0.6,0,1348607351,117,31.3517,33.3286,1.9769
300M,chip_136_471_merged.tif,0.6,1,868661833,117,31.25,32.3966,1.1466
300M,chip_136_471_merged.tif,0.6,2,488055202,117,30.8224,33.1505,2.3281
300M,chip_136_471_merged.tif,0.6,3,107448571,117,32.0924,32.8779,0.7855
300M,chip_136_471_merged.tif,0.6,4,1774986701,117,32.078,33.0498,0.9718
300M,chip_136_471_merged.tif,0.8,0,866015155,156,32.0066,32.8609,0.8542
300M,chip_136_471_merged.tif,0.8,1,485408524,156,31.8769,32.6622,0.7853
300M,chip_136_471_merged.tif,0.8,2,5463006,156,31.8714,32.3208,0.4494
300M,chip_136_471_merged.tif,0.8,3,1772340023,156,31.3246,32.0687,0.7441
300M,chip_136_471_merged.tif,0.8,4,1292394505,156,32.008,32.5087,0.5007
300M,chip_136_485_merged.tif,0.2,0,2117642408,39,35.601,37.9014,2.3004
300M,chip_136_485_merged.tif,0.2,1,1637696890,39,34.378,38.5095,4.1315
300M,chip_136_485_merged.tif,0.2,2,1257090259,39,35.4143,37.6553,2.241
300M,chip_136_485_merged.tif,0.2,3,777144741,39,35.7526,37.7672,2.0146
300M,chip_136_485_merged.tif,0.2,4,396538110,39,34.3791,37.7651,3.3859
300M,chip_136_485_merged.tif,0.4,0,1052367338,78,36.0837,37.9667,1.883
300M,chip_136_485_merged.tif,0.4,1,671760707,78,35.7078,37.8858,2.178
300M,chip_136_485_merged.tif,0.4,2,191815189,78,35.5714,37.0553,1.4839
300M,chip_136_485_merged.tif,0.4,3,1958692206,78,35.5723,37.8715,2.2991
300M,chip_136_485_merged.tif,0.4,4,1478746688,78,35.5724,38.5659,2.9935
300M,chip_136_485_merged.tif,0.6,0,309069131,117,35.2443,36.3701,1.1258
300M,chip_136_485_merged.tif,0.6,1,2075946148,117,36.2605,37.3202,1.0597
300M,chip_136_485_merged.tif,0.6,2,1596000630,117,36.2318,36.4876,0.2558
300M,chip_136_485_merged.tif,0.6,3,1215393999,117,36.026,36.981,0.955
300M,chip_136_485_merged.tif,0.6,4,834787368,117,36.3642,36.6658,0.3016
300M,chip_136_485_merged.tif,0.8,0,1973960583,156,35.4787,35.8315,0.3528
300M,chip_136_485_merged.tif,0.8,1,1593353952,156,34.7838,37.1008,2.3171
300M,chip_136_485_merged.tif,0.8,2,1212747321,156,36.0806,36.2414,0.1608
300M,chip_136_485_merged.tif,0.8,3,732801803,156,35.7583,36.8245,1.0663
300M,chip_136_485_merged.tif,0.8,4,352195172,156,36.2905,36.652,0.3616
300M,chip_136_495_merged.tif,0.2,0,2133885015,39,35.3879,38.8266,3.4387
300M,chip_136_495_merged.tif,0.2,1,1753278384,39,37.4496,38.6374,1.1878
300M,chip_136_495_merged.tif,0.2,2,1273332866,39,35.4044,38.9005,3.4961
300M,chip_136_495_merged.tif,0.2,3,892726235,39,34.5566,37.4703,2.9137
300M,chip_136_495_merged.tif,0.2,4,412780717,39,35.4473,38.2747,2.8273
300M,chip_136_495_merged.tif,0.4,0,1973269682,78,35.9794,38.1049,2.1255
300M,chip_136_495_merged.tif,0.4,1,1493324164,78,35.5791,37.9987,2.4196
300M,chip_136_495_merged.tif,0.4,2,1112717533,78,35.7247,38.7491,3.0244
300M,chip_136_495_merged.tif,0.4,3,632772015,78,35.7882,38.4177,2.6295
300M,chip_136_495_merged.tif,0.4,4,252165384,78,35.5631,38.0094,2.4463
300M,chip_136_495_merged.tif,0.6,0,1229971475,117,35.8649,38.309,2.4441
300M,chip_136_495_merged.tif,0.6,1,750025957,117,35.373,38.2635,2.8905
300M,chip_136_495_merged.tif,0.6,2,369419326,117,35.2417,37.497,2.2553
300M,chip_136_495_merged.tif,0.6,3,2036957456,117,34.5652,38.5425,3.9773
300M,chip_136_495_merged.tif,0.6,4,1656350825,117,35.9407,37.515,1.5743
300M,chip_136_495_merged.tif,0.8,0,747379279,156,35.106,37.2796,2.1736
300M,chip_136_495_merged.tif,0.8,1,366772648,156,35.3336,37.0758,1.7422
300M,chip_136_495_merged.tif,0.8,2,2034310778,156,35.9103,36.8258,0.9155
300M,chip_136_495_merged.tif,0.8,3,1653704147,156,35.5796,37.4788,1.8992
300M,chip_136_495_merged.tif,0.8,4,1173758629,156,35.3404,37.0688,1.7284
300M,chip_137_275_merged.tif,0.2,0,131108973,39,32.867,39.006,6.139
300M,chip_137_275_merged.tif,0.2,1,1897985990,39,33.4558,39.3977,5.9419
300M,chip_137_275_merged.tif,0.2,2,1418040472,39,36.098,39.3707,3.2727
300M,chip_137_275_merged.tif,0.2,3,1037433841,39,36.3208,39.951,3.6302
300M,chip_137_275_merged.tif,0.2,4,557488323,39,36.6267,39.3997,2.773
300M,chip_137_275_merged.tif,0.4,0,1312656438,78,34.8922,38.8492,3.957
300M,chip_137_275_merged.tif,0.4,1,832710920,78,34.892,39.2908,4.3988
300M,chip_137_275_merged.tif,0.4,2,452104289,78,33.6208,38.5847,4.9638
300M,chip_137_275_merged.tif,0.4,3,2119642419,78,33.6212,38.5131,4.8919
300M,chip_137_275_merged.tif,0.4,4,1739035788,78,33.2489,37.7918,4.5429
300M,chip_137_275_merged.tif,0.6,0,1374679081,117,34.0834,36.1492,2.0657
300M,chip_137_275_merged.tif,0.6,1,994072450,117,33.9125,37.1587,3.2462
300M,chip_137_275_merged.tif,0.6,2,514126932,117,33.8787,37.6121,3.7333
300M,chip_137_275_merged.tif,0.6,3,133520301,117,33.8518,37.8275,3.9757
300M,chip_137_275_merged.tif,0.6,4,1801058431,117,33.8199,37.4117,3.5918
300M,chip_137_275_merged.tif,0.8,0,892086885,156,33.3578,35.8415,2.4838
300M,chip_137_275_merged.tif,0.8,1,511480254,156,32.8613,35.1178,2.2565
300M,chip_137_275_merged.tif,0.8,2,31534736,156,32.8586,35.0644,2.2058
300M,chip_137_275_merged.tif,0.8,3,1798411753,156,33.1247,35.4716,2.3469
300M,chip_137_275_merged.tif,0.8,4,1318466235,156,33.3585,35.75,2.3916
300M,chip_137_437_merged.tif,0.2,0,117657497,39,32.6112,34.0048,1.3937
300M,chip_137_437_merged.tif,0.2,1,1884534514,39,31.789,33.9763,2.1873
300M,chip_137_437_merged.tif,0.2,2,1404588996,39,32.6705,33.0484,0.378
300M,chip_137_437_merged.tif,0.2,3,1023982365,39,32.1137,34.4013,2.2876
300M,chip_137_437_merged.tif,0.2,4,544036847,39,30.7579,34.0345,3.2766
300M,chip_137_437_merged.tif,0.4,0,2104525812,78,32.655,33.9093,1.2544
300M,chip_137_437_merged.tif,0.4,1,1624580294,78,32.654,33.726,1.072
300M,chip_137_437_merged.tif,0.4,2,1243973663,78,32.324,33.9541,1.63
300M,chip_137_437_merged.tif,0.4,3,863367032,78,32.9953,34.1426,1.1474
300M,chip_137_437_merged.tif,0.4,4,383421514,78,32.1766,33.7747,1.5981
300M,chip_137_437_merged.tif,0.6,0,1361227605,117,31.9156,33.311,1.3954
300M,chip_137_437_merged.tif,0.6,1,881282087,117,30.984,32.8723,1.8883
300M,chip_137_437_merged.tif,0.6,2,500675456,117,31.801,33.2674,1.4663
300M,chip_137_437_merged.tif,0.6,3,120068825,117,32.4235,32.9725,0.549
300M,chip_137_437_merged.tif,0.6,4,1787606955,117,32.4635,33.2339,0.7704
300M,chip_137_437_merged.tif,0.8,0,878635409,156,31.11,32.2021,1.0921
300M,chip_137_437_merged.tif,0.8,1,498028778,156,32.0005,32.3743,0.3739
300M,chip_137_437_merged.tif,0.8,2,18083260,156,32.28,32.1944,-0.0856
300M,chip_137_437_merged.tif,0.8,3,1784960277,156,31.511,32.3869,0.8759
300M,chip_137_437_merged.tif,0.8,4,1305014759,156,31.1064,32.8649,1.7586
300M,chip_138_426_merged.tif,0.2,0,582913330,39,33.8551,34.0015,0.1465
300M,chip_138_426_merged.tif,0.2,1,202306699,39,31.9039,34.8023,2.8984
300M,chip_138_426_merged.tif,0.2,2,1969183716,39,33.2297,35.5606,2.3309
300M,chip_138_426_merged.tif,0.2,3,1489238198,39,31.8732,34.9536,3.0804
300M,chip_138_426_merged.tif,0.2,4,1108631567,39,34.1975,35.6266,1.4291
300M,chip_138_426_merged.tif,0.4,0,422297997,78,33.0837,35.1171,2.0334
300M,chip_138_426_merged.tif,0.4,1,41691366,78,32.3474,34.8033,2.4559
300M,chip_138_426_merged.tif,0.4,2,1709229496,78,32.3476,34.9139,2.5663
300M,chip_138_426_merged.tif,0.4,3,1328622865,78,33.425,34.9145,1.4895
300M,chip_138_426_merged.tif,0.4,4,848677347,78,32.4864,35.0542,2.5678
300M,chip_138_426_merged.tif,0.6,0,1826483438,117,32.5013,34.265,1.7637
300M,chip_138_426_merged.tif,0.6,1,1445876807,117,33.0771,34.0835,1.0064
300M,chip_138_426_merged.tif,0.6,2,965931289,117,33.068,34.8191,1.7511
300M,chip_138_426_merged.tif,0.6,3,585324658,117,33.0819,34.7454,1.6635
300M,chip_138_426_merged.tif,0.6,4,204718027,117,33.5788,34.367,0.7881
300M,chip_138_426_merged.tif,0.8,0,1343891242,156,32.7689,33.4675,0.6986
300M,chip_138_426_merged.tif,0.8,1,963284611,156,32.7819,33.7117,0.9298
300M,chip_138_426_merged.tif,0.8,2,582677980,156,32.7561,33.54,0.7839
300M,chip_138_426_merged.tif,0.8,3,102732462,156,32.8732,34.0617,1.1885
300M,chip_138_426_merged.tif,0.8,4,1869609479,156,32.6644,33.3502,0.6859
300M,chip_138_474_merged.tif,0.2,0,744570670,39,30.8669,33.1495,2.2826
300M,chip_138_474_merged.tif,0.2,1,363964039,39,29.4475,32.699,3.2516
300M,chip_138_474_merged.tif,0.2,2,2031502169,39,29.5757,33.277,3.7013
300M,chip_138_474_merged.tif,0.2,3,1650895538,39,30.8661,33.3107,2.4446
300M,chip_138_474_merged.tif,0.2,4,1270288907,39,30.5819,32.5209,1.939
300M,chip_138_474_merged.tif,0.4,0,583955337,78,30.5635,32.3351,1.7716
300M,chip_138_474_merged.tif,0.4,1,203348706,78,30.4873,32.2542,1.7668
300M,chip_138_474_merged.tif,0.4,2,1870886836,78,30.5386,32.7941,2.2556
300M,chip_138_474_merged.tif,0.4,3,1490280205,78,30.3933,32.0991,1.7058
300M,chip_138_474_merged.tif,0.4,4,1010334687,78,30.139,32.1671,2.0281
300M,chip_138_474_merged.tif,0.6,0,1988140778,117,30.1694,31.5824,1.413
300M,chip_138_474_merged.tif,0.6,1,1607534147,117,30.1722,31.6318,1.4596
300M,chip_138_474_merged.tif,0.6,2,1127588629,117,30.1225,30.7125,0.5901
300M,chip_138_474_merged.tif,0.6,3,746981998,117,30.4116,30.7948,0.3832
300M,chip_138_474_merged.tif,0.6,4,267036480,117,30.4172,31.4835,1.0663
300M,chip_138_474_merged.tif,0.8,0,1505548582,156,29.5641,30.8885,1.3244
300M,chip_138_474_merged.tif,0.8,1,1124941951,156,29.4253,30.6893,1.264
300M,chip_138_474_merged.tif,0.8,2,644996433,156,29.5346,30.4873,0.9528
300M,chip_138_474_merged.tif,0.8,3,264389802,156,29.768,30.3111,0.5431
300M,chip_138_474_merged.tif,0.8,4,2031266819,156,29.7587,30.4847,0.7259
300M,chip_138_494_merged.tif,0.2,0,1547042341,39,34.3344,37.6796,3.3452
300M,chip_138_494_merged.tif,0.2,1,1166435710,39,35.6129,37.1385,1.5256
300M,chip_138_494_merged.tif,0.2,2,686490192,39,35.9099,36.2168,0.3069
300M,chip_138_494_merged.tif,0.2,3,305883561,39,35.6124,36.7098,1.0974
300M,chip_138_494_merged.tif,0.2,4,1973421691,39,33.7148,37.2715,3.5567
300M,chip_138_494_merged.tif,0.4,0,1386427008,78,34.2012,36.1604,1.9592
300M,chip_138_494_merged.tif,0.4,1,906481490,78,31.8312,36.741,4.9097
300M,chip_138_494_merged.tif,0.4,2,525874859,78,34.2013,37.0353,2.834
300M,chip_138_494_merged.tif,0.4,3,45929341,78,34.2597,35.962,1.7023
300M,chip_138_494_merged.tif,0.4,4,1812806358,78,34.0358,36.5457,2.5099
300M,chip_138_494_merged.tif,0.6,0,643128801,117,33.2513,34.6024,1.3511
300M,chip_138_494_merged.tif,0.6,1,163183283,117,33.5641,36.2307,2.6666
300M,chip_138_494_merged.tif,0.6,2,1930060300,117,32.6051,35.354,2.7489
300M,chip_138_494_merged.tif,0.6,3,1549453669,117,32.1724,36.6738,4.5014
300M,chip_138_494_merged.tif,0.6,4,1069508151,117,33.1651,34.9869,1.8218
300M,chip_138_494_merged.tif,0.8,0,160536605,156,33.4959,34.1174,0.6214
300M,chip_138_494_merged.tif,0.8,1,1927413622,156,33.4598,34.8059,1.3461
300M,chip_138_494_merged.tif,0.8,2,1447468104,156,31.6564,34.3349,2.6784
300M,chip_138_494_merged.tif,0.8,3,1066861473,156,33.1294,35.1965,2.0671
300M,chip_138_494_merged.tif,0.8,4,586915955,156,32.4121,34.4229,2.0108
300M,chip_138_495_merged.tif,0.2,0,1507873250,39,35.2184,37.7605,2.5421
300M,chip_138_495_merged.tif,0.2,1,1127266619,39,37.4824,38.1873,0.7049
300M,chip_138_495_merged.tif,0.2,2,746659988,39,34.6512,36.4837,1.8325
300M,chip_138_495_merged.tif,0.2,3,266714470,39,35.9303,38.0913,2.161
300M,chip_138_495_merged.tif,0.2,4,2033591487,39,35.2179,36.8629,1.645
300M,chip_138_495_merged.tif,0.4,0,541937067,78,35.3908,37.077,1.6863
300M,chip_138_495_merged.tif,0.4,1,161330436,78,37.3323,36.9953,-0.337
300M,chip_138_495_merged.tif,0.4,2,1828868566,78,34.2875,37.8837,3.5962
300M,chip_138_495_merged.tif,0.4,3,1448261935,78,35.026,37.2234,2.1974
300M,chip_138_495_merged.tif,0.4,4,968316417,78,37.3332,37.6063,0.2731
300M,chip_138_495_merged.tif,0.6,0,1946122508,117,36.2477,37.2149,0.9672
300M,chip_138_495_merged.tif,0.6,1,1565515877,117,36.1687,36.9994,0.8307
300M,chip_138_495_merged.tif,0.6,2,1085570359,117,36.7287,37.4023,0.6735
300M,chip_138_495_merged.tif,0.6,3,704963728,117,36.7992,37.3064,0.5072
300M,chip_138_495_merged.tif,0.6,4,225018210,117,36.8144,37.237,0.4226
300M,chip_138_495_merged.tif,0.8,0,1463530312,156,35.3793,36.6985,1.3191
300M,chip_138_495_merged.tif,0.8,1,1082923681,156,35.9516,37.1106,1.159
300M,chip_138_495_merged.tif,0.8,2,602978163,156,35.5346,36.6531,1.1184
300M,chip_138_495_merged.tif,0.8,3,222371532,156,35.3671,36.5406,1.1735
300M,chip_138_495_merged.tif,0.8,4,1889909662,156,35.5436,36.7404,1.1968
300M,chip_139_390_merged.tif,0.2,0,1959260746,39,33.9685,38.1938,4.2252
300M,chip_139_390_merged.tif,0.2,1,1578654115,39,36.3221,38.5247,2.2026
300M,chip_139_390_merged.tif,0.2,2,1098708597,39,36.325,35.2884,-1.0366
300M,chip_139_390_merged.tif,0.2,3,718101966,39,37.1514,38.2604,1.109
300M,chip_139_390_merged.tif,0.2,4,238156448,39,37.7354,38.6164,0.881
300M,chip_139_390_merged.tif,0.4,0,1798645413,78,35.0343,36.5256,1.4913
300M,chip_139_390_merged.tif,0.4,1,1318699895,78,37.822,38.1869,0.3649
300M,chip_139_390_merged.tif,0.4,2,938093264,78,37.7226,38.7979,1.0753
300M,chip_139_390_merged.tif,0.4,3,458147746,78,35.2664,38.0884,2.822
300M,chip_139_390_merged.tif,0.4,4,77541115,78,37.7597,37.95,0.1903
300M,chip_139_390_merged.tif,0.6,0,1055347206,117,36.0359,36.9882,0.9522
300M,chip_139_390_merged.tif,0.6,1,575401688,117,36.0626,36.8398,0.7772
300M,chip_139_390_merged.tif,0.6,2,194795057,117,36.0175,38.335,2.3174
300M,chip_139_390_merged.tif,0.6,3,1961672074,117,37.0649,38.4639,1.3989
300M,chip_139_390_merged.tif,0.6,4,1481726556,117,37.0704,36.9787,-0.0918
300M,chip_139_390_merged.tif,0.8,0,572755010,156,35.8581,37.7208,1.8627
300M,chip_139_390_merged.tif,0.8,1,192148379,156,35.8864,37.0404,1.154
300M,chip_139_390_merged.tif,0.8,2,1859686509,156,35.707,36.6433,0.9363
300M,chip_139_390_merged.tif,0.8,3,1479079878,156,35.7035,36.8843,1.1808
300M,chip_139_390_merged.tif,0.8,4,999134360,156,35.7303,36.7513,1.021
300M,chip_139_473_merged.tif,0.2,0,1623720498,39,32.645,35.7502,3.1052
300M,chip_139_473_merged.tif,0.2,1,1243113867,39,30.0308,35.3348,5.304
300M,chip_139_473_merged.tif,0.2,2,862507236,39,28.4426,34.234,5.7914
300M,chip_139_473_merged.tif,0.2,3,382561718,39,31.0761,35.0062,3.9301
300M,chip_139_473_merged.tif,0.2,4,1955087,39,31.0755,35.1158,4.0403
300M,chip_139_473_merged.tif,0.4,0,1463105165,78,32.3268,34.9416,2.6149
300M,chip_139_473_merged.tif,0.4,1,1082498534,78,33.0552,34.9781,1.9229
300M,chip_139_473_merged.tif,0.4,2,602553016,78,31.9146,34.5234,2.6087
300M,chip_139_473_merged.tif,0.4,3,221946385,78,32.3805,33.9064,1.5259
300M,chip_139_473_merged.tif,0.4,4,1988823402,78,32.38,34.3944,2.0144
300M,chip_139_473_merged.tif,0.6,0,719806958,117,31.4353,33.5948,2.1595
300M,chip_139_473_merged.tif,0.6,1,339200327,117,30.337,32.9437,2.6067
300M,chip_139_473_merged.tif,0.6,2,2006738457,117,29.0892,33.9035,4.8143
300M,chip_139_473_merged.tif,0.6,3,1626131826,117,30.4935,32.7106,2.2171
300M,chip_139_473_merged.tif,0.6,4,1245525195,117,29.3352,32.8182,3.483
300M,chip_139_473_merged.tif,0.8,0,237214762,156,31.2631,32.6706,1.4075
300M,chip_139_473_merged.tif,0.8,1,2004091779,156,30.8194,31.6674,0.848
300M,chip_139_473_merged.tif,0.8,2,1623485148,156,31.2623,31.1238,-0.1385
300M,chip_139_473_merged.tif,0.8,3,1143539630,156,30.83,31.2088,0.3788
300M,chip_139_473_merged.tif,0.8,4,762932999,156,31.6132,31.1567,-0.4566
300M,chip_139_488_merged.tif,0.2,0,1402701113,39,35.8635,36.5731,0.7096
300M,chip_139_488_merged.tif,0.2,1,1022094482,39,37.8235,38.8335,1.01
300M,chip_139_488_merged.tif,0.2,2,542148964,39,34.3348,37.3141,2.9793
300M,chip_139_488_merged.tif,0.2,3,161542333,39,36.0737,38.3806,2.3069
300M,chip_139_488_merged.tif,0.2,4,1829080463,39,37.0824,37.6951,0.6127
300M,chip_139_488_merged.tif,0.4,0,1242085780,78,36.0489,38.0897,2.0407
300M,chip_139_488_merged.tif,0.4,1,762140262,78,37.5812,38.5699,0.9886
300M,chip_139_488_merged.tif,0.4,2,381533631,78,35.7221,38.124,2.402
300M,chip_139_488_merged.tif,0.4,3,927000,78,37.5039,38.5794,1.0755
300M,chip_139_488_merged.tif,0.4,4,1668465130,78,36.9997,37.7514,0.7517
300M,chip_139_488_merged.tif,0.6,0,498787573,117,37.3777,37.7487,0.371
300M,chip_139_488_merged.tif,0.6,1,118180942,117,37.3793,37.759,0.3797
300M,chip_139_488_merged.tif,0.6,2,1785719072,117,37.0417,37.305,0.2633
300M,chip_139_488_merged.tif,0.6,3,1405112441,117,36.3158,38.0246,1.7088
300M,chip_139_488_merged.tif,0.6,4,925166923,117,37.0475,38.4814,1.4339
300M,chip_139_488_merged.tif,0.8,0,16195377,156,35.8445,37.1041,1.2596
300M,chip_139_488_merged.tif,0.8,1,1783072394,156,36.3386,37.2221,0.8835
300M,chip_139_488_merged.tif,0.8,2,1303126876,156,36.712,37.3671,0.6551
300M,chip_139_488_merged.tif,0.8,3,922520245,156,36.3613,36.7636,0.4023
300M,chip_139_488_merged.tif,0.8,4,442574727,156,36.3567,36.8223,0.4656
300M,chip_139_491_merged.tif,0.2,0,1007428233,39,37.3953,38.3665,0.9712
300M,chip_139_491_merged.tif,0.2,1,527482715,39,33.5029,38.2301,4.7271
300M,chip_139_491_merged.tif,0.2,2,146876084,39,37.3951,38.2231,0.828
300M,chip_139_491_merged.tif,0.2,3,1814414214,39,35.9521,38.1788,2.2267
300M,chip_139_491_merged.tif,0.2,4,1433807583,39,36.4266,38.1804,1.7538
300M,chip_139_491_merged.tif,0.4,0,2089636811,78,35.9859,37.8451,1.8592
300M,chip_139_491_merged.tif,0.4,1,1709030180,78,35.6073,38.0903,2.483
300M,chip_139_491_merged.tif,0.4,2,1229084662,78,36.609,38.0498,1.4407
300M,chip_139_491_merged.tif,0.4,3,848478031,78,37.0699,38.4398,1.3699
300M,chip_139_491_merged.tif,0.4,4,467871400,78,36.682,38.0862,1.4042
300M,chip_139_491_merged.tif,0.6,0,103514693,117,36.0606,37.6497,1.5891
300M,chip_139_491_merged.tif,0.6,1,1771052823,117,36.5679,37.8458,1.278
300M,chip_139_491_merged.tif,0.6,2,1390446192,117,34.9331,38.1693,3.2363
300M,chip_139_491_merged.tif,0.6,3,910500674,117,36.3787,37.5192,1.1406
300M,chip_139_491_merged.tif,0.6,4,529894043,117,36.4945,37.7135,1.219
300M,chip_139_491_merged.tif,0.8,0,1768406145,156,35.2699,37.4527,2.1828
300M,chip_139_491_merged.tif,0.8,1,1288460627,156,35.3321,36.6478,1.3157
300M,chip_139_491_merged.tif,0.8,2,907853996,156,35.3242,36.8489,1.5247
300M,chip_139_491_merged.tif,0.8,3,427908478,156,36.2128,37.0132,0.8004
300M,chip_139_491_merged.tif,0.8,4,47301847,156,35.8395,36.6396,0.8001
300M,chip_140_470_merged.tif,0.2,0,518751307,39,32.9033,34.5575,1.6541
300M,chip_140_470_merged.tif,0.2,1,138144676,39,32.3678,34.7865,2.4188
300M,chip_140_470_merged.tif,0.2,2,1805682806,39,32.1049,35.153,3.048
300M,chip_140_470_merged.tif,0.2,3,1425076175,39,31.7904,34.9417,3.1513
300M,chip_140_470_merged.tif,0.2,4,1044469544,39,32.0961,35.7718,3.6758
300M,chip_140_470_merged.tif,0.4,0,358135974,78,32.5215,34.4376,1.9161
300M,chip_140_470_merged.tif,0.4,1,2125012991,78,32.1418,34.2594,2.1176
300M,chip_140_470_merged.tif,0.4,2,1645067473,78,31.6285,34.4089,2.7804
300M,chip_140_470_merged.tif,0.4,3,1264460842,78,31.4309,34.8945,3.4636
300M,chip_140_470_merged.tif,0.4,4,784515324,78,32.1446,34.156,2.0114
300M,chip_140_470_merged.tif,0.6,0,1762321415,117,31.5457,34.088,2.5423
300M,chip_140_470_merged.tif,0.6,1,1381714784,117,31.3143,33.5784,2.264
300M,chip_140_470_merged.tif,0.6,2,901769266,117,31.2134,34.0271,2.8137
300M,chip_140_470_merged.tif,0.6,3,521162635,117,31.9223,33.5429,1.6206
300M,chip_140_470_merged.tif,0.6,4,41217117,117,31.8569,33.3714,1.5144
300M,chip_140_470_merged.tif,0.8,0,1279729219,156,31.6124,32.5732,0.9608
300M,chip_140_470_merged.tif,0.8,1,899122588,156,30.2023,32.9456,2.7433
300M,chip_140_470_merged.tif,0.8,2,419177070,156,30.1971,32.8875,2.6904
300M,chip_140_470_merged.tif,0.8,3,38570439,156,31.6517,32.8725,1.2208
300M,chip_140_470_merged.tif,0.8,4,1805447456,156,31.6322,33.1302,1.498
300M,chip_141_475_merged.tif,0.2,0,1947073743,39,36.8474,38.9721,2.1248
300M,chip_141_475_merged.tif,0.2,1,1467128225,39,35.6474,38.7214,3.0739
300M,chip_141_475_merged.tif,0.2,2,1086521594,39,38.5573,38.451,-0.1063
300M,chip_141_475_merged.tif,0.2,3,705914963,39,35.0667,38.8416,3.7748
300M,chip_141_475_merged.tif,0.2,4,225969445,39,35.6916,38.3903,2.6987
300M,chip_141_475_merged.tif,0.4,0,1786458410,78,35.8227,38.1467,2.324
300M,chip_141_475_merged.tif,0.4,1,1306512892,78,35.9373,38.1392,2.2019
300M,chip_141_475_merged.tif,0.4,2,925906261,78,35.8232,37.8315,2.0084
300M,chip_141_475_merged.tif,0.4,3,445960743,78,35.9374,37.899,1.9616
300M,chip_141_475_merged.tif,0.4,4,65354112,78,37.3477,38.9756,1.628
300M,chip_141_475_merged.tif,0.6,0,1043160203,117,36.6589,38.2346,1.5756
300M,chip_141_475_merged.tif,0.6,1,563214685,117,37.3292,37.6868,0.3576
300M,chip_141_475_merged.tif,0.6,2,182608054,117,35.2538,38.2156,2.9618
300M,chip_141_475_merged.tif,0.6,3,1850146184,117,37.5185,38.0921,0.5736
300M,chip_141_475_merged.tif,0.6,4,1469539553,117,37.3301,38.1502,0.8201
300M,chip_141_475_merged.tif,0.8,0,560568007,156,35.9401,37.8517,1.9116
300M,chip_141_475_merged.tif,0.8,1,80622489,156,36.4706,37.3163,0.8457
300M,chip_141_475_merged.tif,0.8,2,1847499506,156,37.0516,37.5619,0.5103
300M,chip_141_475_merged.tif,0.8,3,1466892875,156,35.995,37.3339,1.3389
300M,chip_141_475_merged.tif,0.8,4,986947357,156,35.9609,37.3311,1.3702
300M,chip_141_484_merged.tif,0.2,0,1266748481,39,38.9495,38.129,-0.8205
300M,chip_141_484_merged.tif,0.2,1,786802963,39,35.4738,39.054,3.5802
300M,chip_141_484_merged.tif,0.2,2,406196332,39,38.0721,37.7291,-0.3429
300M,chip_141_484_merged.tif,0.2,3,2073734462,39,36.5954,37.562,0.9666
300M,chip_141_484_merged.tif,0.2,4,1693127831,39,36.0127,38.7801,2.7674
300M,chip_141_484_merged.tif,0.4,0,201473411,78,36.8374,38.5004,1.6631
300M,chip_141_484_merged.tif,0.4,1,1968350428,78,35.958,38.1282,2.1702
300M,chip_141_484_merged.tif,0.4,2,1488404910,78,36.9412,38.0536,1.1124
300M,chip_141_484_merged.tif,0.4,3,1107798279,78,35.6971,38.1338,2.4367
300M,chip_141_484_merged.tif,0.4,4,627852761,78,34.9998,37.9178,2.918
300M,chip_141_484_merged.tif,0.6,0,263496054,117,37.194,38.0132,0.8192
300M,chip_141_484_merged.tif,0.6,1,2030373071,117,36.87,37.598,0.728
300M,chip_141_484_merged.tif,0.6,2,1649766440,117,37.5268,38.3402,0.8133
300M,chip_141_484_merged.tif,0.6,3,1169820922,117,36.954,37.7648,0.8108
300M,chip_141_484_merged.tif,0.6,4,789214291,117,35.153,38.2782,3.1253
300M,chip_141_484_merged.tif,0.8,0,2027726393,156,36.0354,37.1769,1.1416
300M,chip_141_484_merged.tif,0.8,1,1547780875,156,37.2945,37.5274,0.2328
300M,chip_141_484_merged.tif,0.8,2,1167174244,156,35.6162,37.4331,1.8169
300M,chip_141_484_merged.tif,0.8,3,687228726,156,35.6288,37.6115,1.9827
300M,chip_141_484_merged.tif,0.8,4,306622095,156,33.4926,37.3647,3.8721
300M,chip_141_491_merged.tif,0.2,0,307877200,39,35.4482,37.9112,2.463
300M,chip_141_491_merged.tif,0.2,1,2074754217,39,35.2352,38.0205,2.7852
300M,chip_141_491_merged.tif,0.2,2,1594808699,39,35.7316,38.121,2.3893
300M,chip_141_491_merged.tif,0.2,3,1214202068,39,35.6473,37.6947,2.0474
300M,chip_141_491_merged.tif,0.2,4,734256550,39,35.4796,38.3395,2.8598
300M,chip_141_491_merged.tif,0.4,0,1489424665,78,35.9852,37.8101,1.8249
300M,chip_141_491_merged.tif,0.4,1,1009479147,78,36.0777,37.5323,1.4547
300M,chip_141_491_merged.tif,0.4,2,628872516,78,35.8546,38.2385,2.3839
300M,chip_141_491_merged.tif,0.4,3,148926998,78,35.4772,38.0809,2.6037
300M,chip_141_491_merged.tif,0.4,4,1915804015,78,35.6145,37.7629,2.1484
300M,chip_141_491_merged.tif,0.6,0,746126458,117,35.5022,37.2071,1.7049
300M,chip_141_491_merged.tif,0.6,1,266180940,117,35.4738,37.0778,1.6041
300M,chip_141_491_merged.tif,0.6,2,2033057957,117,35.4881,38.039,2.551
300M,chip_141_491_merged.tif,0.6,3,1553112439,117,35.4944,37.2914,1.797
300M,chip_141_491_merged.tif,0.6,4,1172505808,117,35.9894,37.4761,1.4866
300M,chip_141_491_merged.tif,0.8,0,263534262,156,35.4722,36.22,0.7478
300M,chip_141_491_merged.tif,0.8,1,1931072392,156,35.2181,36.5613,1.3432
300M,chip_141_491_merged.tif,0.8,2,1550465761,156,34.747,36.4299,1.6829
300M,chip_141_491_merged.tif,0.8,3,1169859130,156,34.7633,36.8104,2.047
300M,chip_141_491_merged.tif,0.8,4,689913612,156,35.4537,36.9625,1.5087
300M,chip_141_493_merged.tif,0.2,0,1647944451,39,36.3445,37.8412,1.4967
300M,chip_141_493_merged.tif,0.2,1,1267337820,39,35.5906,36.6293,1.0387
300M,chip_141_493_merged.tif,0.2,2,886731189,39,36.4108,38.3898,1.979
300M,chip_141_493_merged.tif,0.2,3,406785671,39,37.3289,38.201,0.8721
300M,chip_141_493_merged.tif,0.2,4,26179040,39,35.3563,37.63,2.2737
300M,chip_141_493_merged.tif,0.4,0,682008268,78,35.5401,38.2566,2.7165
300M,chip_141_493_merged.tif,0.4,1,202062750,78,36.5889,37.789,1.2001
300M,chip_141_493_merged.tif,0.4,2,1968939767,78,36.5441,37.8494,1.3053
300M,chip_141_493_merged.tif,0.4,3,1588333136,78,36.5448,38.0189,1.4741
300M,chip_141_493_merged.tif,0.4,4,1108387618,78,35.1131,38.1462,3.0331
300M,chip_141_493_merged.tif,0.6,0,744030911,117,34.8031,37.532,2.729
300M,chip_141_493_merged.tif,0.6,1,363424280,117,36.84,37.155,0.3149
300M,chip_141_493_merged.tif,0.6,2,2030962410,117,35.1157,37.6823,2.5667
300M,chip_141_493_merged.tif,0.6,3,1650355779,117,35.9736,36.9983,1.0247
300M,chip_141_493_merged.tif,0.6,4,1170410261,117,35.7645,37.2798,1.5153
300M,chip_141_493_merged.tif,0.8,0,261438715,156,36.0906,36.1897,0.0991
300M,chip_141_493_merged.tif,0.8,1,2028315732,156,35.3757,36.8295,1.4538
300M,chip_141_493_merged.tif,0.8,2,1647709101,156,35.8036,36.4474,0.6437
300M,chip_141_493_merged.tif,0.8,3,1167763583,156,35.3815,37.0641,1.6826
300M,chip_141_493_merged.tif,0.8,4,787156952,156,35.3406,36.1372,0.7966
300M,chip_142_427_merged.tif,0.2,0,2000396728,39,31.4633,35.6764,4.2131
300M,chip_142_427_merged.tif,0.2,1,1619790097,39,32.1767,34.2928,2.1161
300M,chip_142_427_merged.tif,0.2,2,1139844579,39,28.5468,33.8688,5.3221
300M,chip_142_427_merged.tif,0.2,3,759237948,39,32.8489,33.3946,0.5457
300M,chip_142_427_merged.tif,0.2,4,378631317,39,31.4638,34.851,3.3872
300M,chip_142_427_merged.tif,0.4,0,1034460545,78,31.5328,33.116,1.5832
300M,chip_142_427_merged.tif,0.4,1,554515027,78,32.4103,33.0582,0.6479
300M,chip_142_427_merged.tif,0.4,2,173908396,78,29.6547,33.7954,4.1407
300M,chip_142_427_merged.tif,0.4,3,1841446526,78,30.1769,34.2233,4.0464
300M,chip_142_427_merged.tif,0.4,4,1460839895,78,29.2791,33.0482,3.7691
300M,chip_142_427_merged.tif,0.6,0,1096483188,117,31.6034,32.8259,1.2226
300M,chip_142_427_merged.tif,0.6,1,715876557,117,28.9389,32.461,3.5221
300M,chip_142_427_merged.tif,0.6,2,235931039,117,31.7718,32.8053,1.0335
300M,chip_142_427_merged.tif,0.6,3,2002808056,117,32.0368,33.1004,1.0636
300M,chip_142_427_merged.tif,0.6,4,1522862538,117,32.0481,32.9426,0.8945
300M,chip_142_427_merged.tif,0.8,0,613890992,156,30.2308,31.4709,1.2401
300M,chip_142_427_merged.tif,0.8,1,233284361,156,29.5902,31.4686,1.8784
300M,chip_142_427_merged.tif,0.8,2,1900822491,156,29.629,31.437,1.8079
300M,chip_142_427_merged.tif,0.8,3,1520215860,156,30.176,32.0289,1.8529
300M,chip_142_427_merged.tif,0.8,4,1139609229,156,30.8934,30.6769,-0.2165
300M,chip_142_497_merged.tif,0.2,0,946251952,39,36.5231,36.1918,-0.3313
300M,chip_142_497_merged.tif,0.2,1,466306434,39,32.7601,37.4608,4.7007
300M,chip_142_497_merged.tif,0.2,2,85699803,39,38.5398,38.7105,0.1707
300M,chip_142_497_merged.tif,0.2,3,1753237933,39,36.7334,35.4785,-1.255
300M,chip_142_497_merged.tif,0.2,4,1372631302,39,36.5224,39.2024,2.6799
300M,chip_142_497_merged.tif,0.4,0,686297732,78,35.7478,37.6026,1.8548
300M,chip_142_497_merged.tif,0.4,1,305691101,78,36.2588,38.8821,2.6233
300M,chip_142_497_merged.tif,0.4,2,1973229231,78,36.4233,38.1331,1.7099
300M,chip_142_497_merged.tif,0.4,3,1592622600,78,36.5989,38.3308,1.7319
300M,chip_142_497_merged.tif,0.4,4,1212015969,78,35.8316,37.9943,2.1627
300M,chip_142_497_merged.tif,0.6,0,2090483173,117,34.4693,36.5844,2.1151
300M,chip_142_497_merged.tif,0.6,1,1709876542,117,34.5842,38.1746,3.5904
300M,chip_142_497_merged.tif,0.6,2,1329269911,117,34.4368,37.4045,2.9677
300M,chip_142_497_merged.tif,0.6,3,849324393,117,34.5699,38.3667,3.7969
300M,chip_142_497_merged.tif,0.6,4,468717762,117,34.459,36.5639,2.1049
300M,chip_142_497_merged.tif,0.8,0,1707229864,156,35.0379,36.1757,1.1378
300M,chip_142_497_merged.tif,0.8,1,1227284346,156,34.8214,36.7637,1.9424
300M,chip_142_497_merged.tif,0.8,2,846677715,156,34.8102,36.8234,2.0133
300M,chip_142_497_merged.tif,0.8,3,366732197,156,35.0589,37.0399,1.981
300M,chip_142_497_merged.tif,0.8,4,2133609214,156,34.5204,37.0848,2.5644
300M,chip_142_498_merged.tif,0.2,0,569115513,39,33.1904,34.5163,1.3259
300M,chip_142_498_merged.tif,0.2,1,188508882,39,33.1867,34.8019,1.6152
300M,chip_142_498_merged.tif,0.2,2,1856047012,39,31.0017,35.5457,4.544
300M,chip_142_498_merged.tif,0.2,3,1475440381,39,33.9004,33.9525,0.0521
300M,chip_142_498_merged.tif,0.2,4,995494863,39,31.0914,35.2266,4.1352
300M,chip_142_498_merged.tif,0.4,0,408500180,78,31.4042,34.8728,3.4686
300M,chip_142_498_merged.tif,0.4,1,2076038310,78,33.9827,34.9486,0.966
300M,chip_142_498_merged.tif,0.4,2,1695431679,78,32.6445,34.8718,2.2273
300M,chip_142_498_merged.tif,0.4,3,1215486161,78,31.5849,34.6042,3.0192
300M,chip_142_498_merged.tif,0.4,4,834879530,78,32.6437,34.606,1.9623
300M,chip_142_498_merged.tif,0.6,0,1812685621,117,31.8587,33.052,1.1933
300M,chip_142_498_merged.tif,0.6,1,1332740103,117,31.4162,34.5197,3.1035
300M,chip_142_498_merged.tif,0.6,2,952133472,117,31.738,34.4238,2.6858
300M,chip_142_498_merged.tif,0.6,3,472187954,117,31.6551,34.3954,2.7403
300M,chip_142_498_merged.tif,0.6,4,91581323,117,31.4173,34.6913,3.2741
300M,chip_142_498_merged.tif,0.8,0,1330093425,156,31.7609,32.6445,0.8836
300M,chip_142_498_merged.tif,0.8,1,850147907,156,31.8373,33.3709,1.5337
300M,chip_142_498_merged.tif,0.8,2,469541276,156,31.7716,32.9565,1.1849
300M,chip_142_498_merged.tif,0.8,3,88934645,156,31.9714,32.8323,0.8609
300M,chip_142_498_merged.tif,0.8,4,1756472775,156,31.7696,34.0284,2.2587
300M,chip_143_489_merged.tif,0.2,0,1345843870,39,34.5764,35.591,1.0145
300M,chip_143_489_merged.tif,0.2,1,865898352,39,33.2619,36.515,3.2531
300M,chip_143_489_merged.tif,0.2,2,485291721,39,33.2619,35.5751,2.3132
300M,chip_143_489_merged.tif,0.2,3,104685090,39,36.0701,36.0087,-0.0613
300M,chip_143_489_merged.tif,0.2,4,1772223220,39,36.0694,37.0973,1.0279
300M,chip_143_489_merged.tif,0.4,0,1185228537,78,34.5502,36.045,1.4948
300M,chip_143_489_merged.tif,0.4,1,705283019,78,34.3149,35.5753,1.2604
300M,chip_143_489_merged.tif,0.4,2,324676388,78,33.9262,35.9373,2.0111
300M,chip_143_489_merged.tif,0.4,3,1992214518,78,34.0814,35.2159,1.1345
300M,chip_143_489_merged.tif,0.4,4,1611607887,78,34.0814,36.5011,2.4197
300M,chip_143_489_merged.tif,0.6,0,441930330,117,34.1132,34.8341,0.721
300M,chip_143_489_merged.tif,0.6,1,2109468460,117,33.5133,35.1687,1.6553
300M,chip_143_489_merged.tif,0.6,2,1728861829,117,33.9482,34.2505,0.3023
300M,chip_143_489_merged.tif,0.6,3,1248916311,117,34.3606,34.8828,0.5222
300M,chip_143_489_merged.tif,0.6,4,868309680,117,34.3921,34.4912,0.0991
300M,chip_143_489_merged.tif,0.8,0,2106821782,156,33.8754,34.553,0.6776
300M,chip_143_489_merged.tif,0.8,1,1626876264,156,33.8861,34.4402,0.554
300M,chip_143_489_merged.tif,0.8,2,1246269633,156,33.5977,34.0916,0.4939
300M,chip_143_489_merged.tif,0.8,3,865663002,156,33.5929,34.5378,0.9449
300M,chip_143_489_merged.tif,0.8,4,385717484,156,33.4518,34.7108,1.2589
300M,chip_144_472_merged.tif,0.2,0,1159114762,39,31.3723,33.743,2.3707
300M,chip_144_472_merged.tif,0.2,1,778508131,39,31.7481,34.5618,2.8137
300M,chip_144_472_merged.tif,0.2,2,397901500,39,33.8928,35.7617,1.8689
300M,chip_144_472_merged.tif,0.2,3,2065439630,39,32.4658,35.2436,2.7779
300M,chip_144_472_merged.tif,0.2,4,1684832999,39,31.8852,35.1905,3.3053
300M,chip_144_472_merged.tif,0.4,0,193178579,78,32.7751,34.2144,1.4393
300M,chip_144_472_merged.tif,0.4,1,1860716709,78,31.879,35.1288,3.2498
300M,chip_144_472_merged.tif,0.4,2,1480110078,78,31.952,34.6681,2.7161
300M,chip_144_472_merged.tif,0.4,3,1099503447,78,32.2203,34.3065,2.0862
300M,chip_144_472_merged.tif,0.4,4,619557929,78,32.3862,34.0523,1.666
300M,chip_144_472_merged.tif,0.6,0,255201222,117,32.8578,34.2678,1.41
300M,chip_144_472_merged.tif,0.6,1,2022078239,117,32.853,34.0052,1.1522
300M,chip_144_472_merged.tif,0.6,2,1542132721,117,30.6735,34.1241,3.4506
300M,chip_144_472_merged.tif,0.6,3,1161526090,117,31.7567,33.7363,1.9796
300M,chip_144_472_merged.tif,0.6,4,780919459,117,31.6747,34.3958,2.7211
300M,chip_144_472_merged.tif,0.8,0,1920092674,156,31.9421,33.5842,1.6421
300M,chip_144_472_merged.tif,0.8,1,1539486043,156,31.9829,32.8445,0.8616
300M,chip_144_472_merged.tif,0.8,2,1158879412,156,31.0082,33.3182,2.31
300M,chip_144_472_merged.tif,0.8,3,678933894,156,31.5892,33.0256,1.4364
300M,chip_144_472_merged.tif,0.8,4,298327263,156,30.9889,33.0945,2.1057
300M,chip_144_474_merged.tif,0.2,0,28177723,39,33.9496,34.9082,0.9586
300M,chip_144_474_merged.tif,0.2,1,1695715853,39,31.773,35.0417,3.2687
300M,chip_144_474_merged.tif,0.2,2,1315109222,39,34.27,35.6811,1.411
300M,chip_144_474_merged.tif,0.2,3,835163704,39,34.1557,34.936,0.7802
300M,chip_144_474_merged.tif,0.2,4,454557073,39,34.661,35.7131,1.0521
300M,chip_144_474_merged.tif,0.4,0,1915707151,78,33.5371,34.9453,1.4082
300M,chip_144_474_merged.tif,0.4,1,1535100520,78,32.289,34.9137,2.6248
300M,chip_144_474_merged.tif,0.4,2,1055155002,78,31.3342,34.5323,3.1981
300M,chip_144_474_merged.tif,0.4,3,674548371,78,32.6691,35.5032,2.834
300M,chip_144_474_merged.tif,0.4,4,293941740,78,31.3327,34.9561,3.6234
300M,chip_144_474_merged.tif,0.6,0,1172408944,117,32.8208,34.5999,1.7791
300M,chip_144_474_merged.tif,0.6,1,791802313,117,32.257,34.322,2.065
300M,chip_144_474_merged.tif,0.6,2,311856795,117,33.1359,34.4269,1.2909
300M,chip_144_474_merged.tif,0.6,3,2078733812,117,32.8178,34.0871,1.2693
300M,chip_144_474_merged.tif,0.6,4,1698127181,117,32.7781,34.2718,1.4937
300M,chip_144_474_merged.tif,0.8,0,789155635,156,32.1851,33.5898,1.4047
300M,chip_144_474_merged.tif,0.8,1,309210117,156,32.2222,33.6521,1.4299
300M,chip_144_474_merged.tif,0.8,2,2076087134,156,32.22,33.7249,1.5048
300M,chip_144_474_merged.tif,0.8,3,1596141616,156,32.839,33.2767,0.4377
300M,chip_144_474_merged.tif,0.8,4,1215534985,156,32.0716,33.4146,1.343
300M,chip_144_496_merged.tif,0.2,0,955456129,39,31.2455,34.2381,2.9927
300M,chip_144_496_merged.tif,0.2,1,574849498,39,32.9733,34.8587,1.8855
300M,chip_144_496_merged.tif,0.2,2,194242867,39,32.1482,34.3084,2.1601
300M,chip_144_496_merged.tif,0.2,3,1861780997,39,32.0416,33.7541,1.7125
300M,chip_144_496_merged.tif,0.2,4,1481174366,39,32.1951,35.0752,2.8801
300M,chip_144_496_merged.tif,0.4,0,794840796,78,32.0594,33.8126,1.7532
300M,chip_144_496_merged.tif,0.4,1,414234165,78,32.3465,34.2763,1.9298
300M,chip_144_496_merged.tif,0.4,2,2081772295,78,31.863,34.0885,2.2256
300M,chip_144_496_merged.tif,0.4,3,1701165664,78,32.3114,33.9294,1.618
300M,chip_144_496_merged.tif,0.4,4,1221220146,78,32.0596,33.3153,1.2558
300M,chip_144_496_merged.tif,0.6,0,51542589,117,31.7252,33.5098,1.7847
300M,chip_144_496_merged.tif,0.6,1,1818419606,117,31.5854,33.315,1.7296
300M,chip_144_496_merged.tif,0.6,2,1338474088,117,31.5765,33.5779,2.0014
300M,chip_144_496_merged.tif,0.6,3,957867457,117,31.9231,33.3212,1.3981
300M,chip_144_496_merged.tif,0.6,4,477921939,117,31.5819,33.613,2.0311
300M,chip_144_496_merged.tif,0.8,0,1716434041,156,31.5115,32.3424,0.8309
300M,chip_144_496_merged.tif,0.8,1,1335827410,156,31.6425,32.5318,0.8893
300M,chip_144_496_merged.tif,0.8,2,955220779,156,31.8866,32.4962,0.6096
300M,chip_144_496_merged.tif,0.8,3,475275261,156,31.5005,32.2238,0.7234
300M,chip_144_496_merged.tif,0.8,4,94668630,156,31.3913,32.7226,1.3313
300M,chip_145_156_merged.tif,0.2,0,1803716542,39,30.0718,34.3781,4.3064
300M,chip_145_156_merged.tif,0.2,1,1423109911,39,32.4559,34.4304,1.9745
300M,chip_145_156_merged.tif,0.2,2,943164393,39,33.8812,35.3093,1.4282
300M,chip_145_156_merged.tif,0.2,3,562557762,39,29.8722,35.8707,5.9985
300M,chip_145_156_merged.tif,0.2,4,181951131,39,32.0118,33.6057,1.5939
300M,chip_145_156_merged.tif,0.4,0,1643101209,78,30.4595,33.7778,3.3183
300M,chip_145_156_merged.tif,0.4,1,1262494578,78,32.5807,33.6908,1.1101
300M,chip_145_156_merged.tif,0.4,2,782549060,78,32.58,35.7204,3.1403
300M,chip_145_156_merged.tif,0.4,3,401942429,78,30.5486,34.0242,3.4756
300M,chip_145_156_merged.tif,0.4,4,2069480559,78,32.1803,35.3795,3.1992
300M,chip_145_156_merged.tif,0.6,0,899803002,117,29.0827,32.2493,3.1666
300M,chip_145_156_merged.tif,0.6,1,519196371,117,30.812,33.278,2.466
300M,chip_145_156_merged.tif,0.6,2,39250853,117,30.7791,33.5206,2.7416
300M,chip_145_156_merged.tif,0.6,3,1806127870,117,31.0386,33.6343,2.5957
300M,chip_145_156_merged.tif,0.6,4,1326182352,117,31.8656,33.7246,1.859
300M,chip_145_156_merged.tif,0.8,0,417210806,156,30.4462,31.9711,1.5249
300M,chip_145_156_merged.tif,0.8,1,36604175,156,30.8631,32.061,1.198
300M,chip_145_156_merged.tif,0.8,2,1704142305,156,30.8665,31.2487,0.3821
300M,chip_145_156_merged.tif,0.8,3,1323535674,156,30.9933,30.9127,-0.0805
300M,chip_145_156_merged.tif,0.8,4,942929043,156,30.4278,31.9138,1.486
300M,chip_145_372_merged.tif,0.2,0,705598076,39,37.3532,37.864,0.5108
300M,chip_145_372_merged.tif,0.2,1,324991445,39,34.346,38.7308,4.3848
300M,chip_145_372_merged.tif,0.2,2,1992529575,39,36.1818,37.423,1.2411
300M,chip_145_372_merged.tif,0.2,3,1611922944,39,35.7488,38.0578,2.309
300M,chip_145_372_merged.tif,0.2,4,1131977426,39,35.1382,36.7806,1.6424
300M,chip_145_372_merged.tif,0.4,0,1887145541,78,35.4304,37.6175,2.1871
300M,chip_145_372_merged.tif,0.4,1,1407200023,78,35.7709,37.3885,1.6176
300M,chip_145_372_merged.tif,0.4,2,1026593392,78,35.5273,37.6976,2.1703
300M,chip_145_372_merged.tif,0.4,3,546647874,78,35.1776,37.737,2.5594
300M,chip_145_372_merged.tif,0.4,4,166041243,78,35.0077,37.6233,2.6155
300M,chip_145_372_merged.tif,0.6,0,1949168184,117,36.238,37.5365,1.2984
300M,chip_145_372_merged.tif,0.6,1,1469222666,117,34.6858,37.4566,2.7708
300M,chip_145_372_merged.tif,0.6,2,1088616035,117,35.5171,37.1676,1.6505
300M,chip_145_372_merged.tif,0.6,3,708009404,117,34.9281,36.958,2.0299
300M,chip_145_372_merged.tif,0.6,4,228063886,117,35.8017,37.4017,1.5999
300M,chip_145_372_merged.tif,0.8,0,1466575988,156,35.1134,36.9122,1.7987
300M,chip_145_372_merged.tif,0.8,1,1085969357,156,35.1205,36.9205,1.8
300M,chip_145_372_merged.tif,0.8,2,606023839,156,35.5963,36.7143,1.118
300M,chip_145_372_merged.tif,0.8,3,225417208,156,35.471,37.0411,1.5701
300M,chip_145_372_merged.tif,0.8,4,1892955338,156,35.1228,37.0135,1.8906
300M,chip_145_469_merged.tif,0.2,0,1702207387,39,36.6599,36.9705,0.3106
300M,chip_145_469_merged.tif,0.2,1,1321600756,39,36.41,37.2169,0.8069
300M,chip_145_469_merged.tif,0.2,2,841655238,39,34.1642,37.1652,3.0011
300M,chip_145_469_merged.tif,0.2,3,461048607,39,33.7575,38.0021,4.2446
300M,chip_145_469_merged.tif,0.2,4,2128586737,39,36.5968,37.2947,0.6979
300M,chip_145_469_merged.tif,0.4,0,636932317,78,36.7438,37.1368,0.393
300M,chip_145_469_merged.tif,0.4,1,256325686,78,36.7117,36.7892,0.0775
300M,chip_145_469_merged.tif,0.4,2,2023202703,78,36.7963,37.5488,0.7525
300M,chip_145_469_merged.tif,0.4,3,1543257185,78,36.3946,37.8795,1.4849
300M,chip_145_469_merged.tif,0.4,4,1162650554,78,34.0461,36.8591,2.813
300M,chip_145_469_merged.tif,0.6,0,798293847,117,36.0434,36.83,0.7866
300M,chip_145_469_merged.tif,0.6,1,318348329,117,34.8578,37.4743,2.6165
300M,chip_145_469_merged.tif,0.6,2,2085225346,117,36.2249,37.1493,0.9244
300M,chip_145_469_merged.tif,0.6,3,1605279828,117,36.5052,36.9298,0.4246
300M,chip_145_469_merged.tif,0.6,4,1224673197,117,36.3612,37.6144,1.2532
300M,chip_145_469_merged.tif,0.8,0,315701651,156,36.289,36.485,0.196
300M,chip_145_469_merged.tif,0.8,1,2082578668,156,36.3218,36.4298,0.108
300M,chip_145_469_merged.tif,0.8,2,1602633150,156,36.3575,36.3494,-0.0081
300M,chip_145_469_merged.tif,0.8,3,1222026519,156,35.7897,36.701,0.9113
300M,chip_145_469_merged.tif,0.8,4,742081001,156,36.3176,36.7177,0.4001
300M,chip_146_340_merged.tif,0.2,0,1221020695,39,35.8288,38.2237,2.3948
300M,chip_146_340_merged.tif,0.2,1,741075177,39,35.574,38.3223,2.7483
300M,chip_146_340_merged.tif,0.2,2,360468546,39,35.5745,37.3884,1.8139
300M,chip_146_340_merged.tif,0.2,3,2127345563,39,35.4193,37.8814,2.4621
300M,chip_146_340_merged.tif,0.2,4,1647400045,39,34.3581,38.1102,3.7521
300M,chip_146_340_merged.tif,0.4,0,1060405362,78,31.8106,37.4212,5.6106
300M,chip_146_340_merged.tif,0.4,1,580459844,78,34.6451,36.6411,1.996
300M,chip_146_340_merged.tif,0.4,2,199853213,78,34.2315,37.1464,2.9149
300M,chip_146_340_merged.tif,0.4,3,1867391343,78,34.2328,37.1068,2.874
300M,chip_146_340_merged.tif,0.4,4,1486784712,78,34.631,37.1957,2.5647
300M,chip_146_340_merged.tif,0.6,0,317107155,117,33.5709,36.0935,2.5226
300M,chip_146_340_merged.tif,0.6,1,1984645285,117,32.1225,36.8236,4.7011
300M,chip_146_340_merged.tif,0.6,2,1604038654,117,34.5684,37.0406,2.4723
300M,chip_146_340_merged.tif,0.6,3,1124093136,117,32.1252,36.759,4.6337
300M,chip_146_340_merged.tif,0.6,4,743486505,117,33.5822,36.1957,2.6135
300M,chip_146_340_merged.tif,0.8,0,1981998607,156,32.7412,35.4281,2.6869
300M,chip_146_340_merged.tif,0.8,1,1502053089,156,33.2048,35.5172,2.3125
300M,chip_146_340_merged.tif,0.8,2,1121446458,156,33.1901,35.2969,2.1068
300M,chip_146_340_merged.tif,0.8,3,740839827,156,33.5234,35.9146,2.3912
300M,chip_146_340_merged.tif,0.8,4,260894309,156,33.7454,35.2625,1.5171
300M,chip_146_489_merged.tif,0.2,0,1864821190,39,33.1103,35.333,2.2227
300M,chip_146_489_merged.tif,0.2,1,1484214559,39,34.0859,35.6307,1.5448
300M,chip_146_489_merged.tif,0.2,2,1004269041,39,34.0979,36.443,2.3451
300M,chip_146_489_merged.tif,0.2,3,623662410,39,32.6675,34.8402,2.1727
300M,chip_146_489_merged.tif,0.2,4,143716892,39,32.8339,35.4298,2.5959
300M,chip_146_489_merged.tif,0.4,0,898885007,78,32.8447,35.1087,2.264
300M,chip_146_489_merged.tif,0.4,1,418939489,78,32.4201,34.7292,2.3091
300M,chip_146_489_merged.tif,0.4,2,38332858,78,31.6275,34.9127,3.2852
300M,chip_146_489_merged.tif,0.4,3,1705870988,78,32.232,34.0929,1.8608
300M,chip_146_489_merged.tif,0.4,4,1325264357,78,32.8447,34.1654,1.3206
300M,chip_146_489_merged.tif,0.6,0,155586800,117,32.2413,34.8082,2.5669
300M,chip_146_489_merged.tif,0.6,1,1823124930,117,31.9533,33.6095,1.6562
300M,chip_146_489_merged.tif,0.6,2,1442518299,117,31.6771,34.1049,2.4278
300M,chip_146_489_merged.tif,0.6,3,962572781,117,31.5684,34.4701,2.9017
300M,chip_146_489_merged.tif,0.6,4,581966150,117,32.2634,33.8945,1.6312
300M,chip_146_489_merged.tif,0.8,0,1820478252,156,32.1438,33.7624,1.6186
300M,chip_146_489_merged.tif,0.8,1,1439871621,156,32.0587,33.1737,1.115
300M,chip_146_489_merged.tif,0.8,2,959926103,156,31.9558,32.834,0.8782
300M,chip_146_489_merged.tif,0.8,3,579319472,156,31.974,33.6221,1.6481
300M,chip_146_489_merged.tif,0.8,4,99373954,156,32.1503,33.4567,1.3064
300M,chip_146_494_merged.tif,0.2,0,994223761,39,31.3976,34.7014,3.3039
300M,chip_146_494_merged.tif,0.2,1,514278243,39,32.7061,35.1398,2.4337
300M,chip_146_494_merged.tif,0.2,2,133671612,39,33.9438,35.6319,1.6881
300M,chip_146_494_merged.tif,0.2,3,1900548629,39,32.5566,35.6383,3.0817
300M,chip_146_494_merged.tif,0.2,4,1420603111,39,32.633,35.0724,2.4394
300M,chip_146_494_merged.tif,0.4,0,2076432339,78,31.2928,35.3138,4.021
300M,chip_146_494_merged.tif,0.4,1,1695825708,78,31.1924,35.0983,3.9059
300M,chip_146_494_merged.tif,0.4,2,1215880190,78,31.6233,34.9677,3.3444
300M,chip_146_494_merged.tif,0.4,3,835273559,78,32.978,34.2002,1.2222
300M,chip_146_494_merged.tif,0.4,4,454666928,78,33.1699,35.3174,2.1475
300M,chip_146_494_merged.tif,0.6,0,90310221,117,31.0329,34.4639,3.431
300M,chip_146_494_merged.tif,0.6,1,1757848351,117,31.6522,34.3009,2.6487
300M,chip_146_494_merged.tif,0.6,2,1377241720,117,31.3528,33.4751,2.1223
300M,chip_146_494_merged.tif,0.6,3,897296202,117,31.3565,33.8398,2.4833
300M,chip_146_494_merged.tif,0.6,4,516689571,117,32.1051,34.4058,2.3007
300M,chip_146_494_merged.tif,0.8,0,1755201673,156,31.3159,32.8167,1.5008
300M,chip_146_494_merged.tif,0.8,1,1275256155,156,31.6584,33.5685,1.9101
300M,chip_146_494_merged.tif,0.8,2,894649524,156,31.2885,33.0859,1.7974
300M,chip_146_494_merged.tif,0.8,3,514042893,156,31.4651,33.0472,1.582
300M,chip_146_494_merged.tif,0.8,4,34097375,156,31.6431,33.2733,1.6302
300M,chip_146_495_merged.tif,0.2,0,338556030,39,33.4921,35.5178,2.0257
300M,chip_146_495_merged.tif,0.2,1,2105433047,39,32.4732,33.8275,1.3543
300M,chip_146_495_merged.tif,0.2,2,1724826416,39,32.7289,36.1753,3.4464
300M,chip_146_495_merged.tif,0.2,3,1244880898,39,32.7351,35.9827,3.2476
300M,chip_146_495_merged.tif,0.2,4,864274267,39,33.4914,35.673,2.1816
300M,chip_146_495_merged.tif,0.4,0,1520103495,78,32.5249,34.6835,2.1587
300M,chip_146_495_merged.tif,0.4,1,1040157977,78,32.6854,35.3625,2.6771
300M,chip_146_495_merged.tif,0.4,2,659551346,78,32.2859,34.5453,2.2594
300M,chip_146_495_merged.tif,0.4,3,278944715,78,32.1769,35.0072,2.8303
300M,chip_146_495_merged.tif,0.4,4,1946482845,78,32.6534,34.2107,1.5572
300M,chip_146_495_merged.tif,0.6,0,1582126138,117,32.1481,33.4989,1.3508
300M,chip_146_495_merged.tif,0.6,1,1201519507,117,32.2618,34.1709,1.9091
300M,chip_146_495_merged.tif,0.6,2,721573989,117,32.0811,34.4781,2.3971
300M,chip_146_495_merged.tif,0.6,3,340967358,117,31.7166,34.5886,2.872
300M,chip_146_495_merged.tif,0.6,4,2008505488,117,32.0522,34.498,2.4458
300M,chip_146_495_merged.tif,0.8,0,1099533942,156,31.6414,33.1869,1.5454
300M,chip_146_495_merged.tif,0.8,1,718927311,156,31.4758,32.7302,1.2544
300M,chip_146_495_merged.tif,0.8,2,238981793,156,31.6301,32.9548,1.3247
300M,chip_146_495_merged.tif,0.8,3,2005858810,156,31.714,33.2333,1.5193
300M,chip_146_495_merged.tif,0.8,4,1625252179,156,31.6345,33.5905,1.956
300M,chip_147_393_merged.tif,0.2,0,1895050343,39,37.3685,39.2258,1.8573
300M,chip_147_393_merged.tif,0.2,1,1415104825,39,38.6093,39.7538,1.1445
300M,chip_147_393_merged.tif,0.2,2,1034498194,39,38.9341,39.2504,0.3163
300M,chip_147_393_merged.tif,0.2,3,554552676,39,36.1652,38.0078,1.8426
300M,chip_147_393_merged.tif,0.2,4,173946045,39,37.003,39.4707,2.4677
300M,chip_147_393_merged.tif,0.4,0,1635096123,78,36.4891,38.3629,1.8739
300M,chip_147_393_merged.tif,0.4,1,1254489492,78,37.0816,38.2819,1.2003
300M,chip_147_393_merged.tif,0.4,2,774543974,78,36.5984,38.4484,1.85
300M,chip_147_393_merged.tif,0.4,3,393937343,78,36.5991,39.261,2.6619
300M,chip_147_393_merged.tif,0.4,4,13330712,78,36.8267,38.3855,1.5588
300M,chip_147_393_merged.tif,0.6,0,891797916,117,36.9877,37.9485,0.9608
300M,chip_147_393_merged.tif,0.6,1,511191285,117,36.8827,38.704,1.8213
300M,chip_147_393_merged.tif,0.6,2,31245767,117,36.5141,38.3983,1.8841
300M,chip_147_393_merged.tif,0.6,3,1798122784,117,36.5129,38.5251,2.0122
300M,chip_147_393_merged.tif,0.6,4,1417516153,117,36.6838,38.7282,2.0443
300M,chip_147_393_merged.tif,0.8,0,508544607,156,36.3501,37.2889,0.9388
300M,chip_147_393_merged.tif,0.8,1,28599089,156,36.939,38.0826,1.1435
300M,chip_147_393_merged.tif,0.8,2,1795476106,156,36.5615,37.6373,1.0757
300M,chip_147_393_merged.tif,0.8,3,1315530588,156,36.9488,37.8109,0.8621
300M,chip_147_393_merged.tif,0.8,4,934923957,156,36.4384,37.111,0.6727
300M,chip_147_440_merged.tif,0.2,0,82718852,39,32.3118,35.1744,2.8626
300M,chip_147_440_merged.tif,0.2,1,1849595869,39,32.7925,35.6314,2.839
300M,chip_147_440_merged.tif,0.2,2,1369650351,39,33.3827,34.8611,1.4784
300M,chip_147_440_merged.tif,0.2,3,989043720,39,33.3828,35.2168,1.834
300M,chip_147_440_merged.tif,0.2,4,608437089,39,33.7972,35.4269,1.6297
300M,chip_147_440_merged.tif,0.4,0,2069587167,78,33.0279,34.399,1.3711
300M,chip_147_440_merged.tif,0.4,1,1688980536,78,32.5259,34.6309,2.105
300M,chip_147_440_merged.tif,0.4,2,1209035018,78,33.5215,34.4861,0.9645
300M,chip_147_440_merged.tif,0.4,3,828428387,78,33.522,34.3056,0.7836
300M,chip_147_440_merged.tif,0.4,4,348482869,78,32.9761,35.3638,2.3877
300M,chip_147_440_merged.tif,0.6,0,1326288960,117,32.1395,34.0907,1.9512
300M,chip_147_440_merged.tif,0.6,1,945682329,117,33.0198,34.8246,1.8048
300M,chip_147_440_merged.tif,0.6,2,465736811,117,32.4021,34.0999,1.6978
300M,chip_147_440_merged.tif,0.6,3,85130180,117,32.8288,34.3599,1.5311
300M,chip_147_440_merged.tif,0.6,4,1752668310,117,32.4058,33.7422,1.3365
300M,chip_147_440_merged.tif,0.8,0,843696764,156,33.0355,33.5758,0.5403
300M,chip_147_440_merged.tif,0.8,1,463090133,156,32.5171,33.3537,0.8366
300M,chip_147_440_merged.tif,0.8,2,2130628263,156,33.2482,33.376,0.1278
300M,chip_147_440_merged.tif,0.8,3,1750021632,156,32.8598,33.3873,0.5275
300M,chip_147_440_merged.tif,0.8,4,1369415001,156,33.2485,33.8133,0.5647
300M,chip_147_479_merged.tif,0.2,0,1296987684,39,33.2205,35.3529,2.1323
300M,chip_147_479_merged.tif,0.2,1,817042166,39,31.0843,35.861,4.7767
300M,chip_147_479_merged.tif,0.2,2,436435535,39,31.0862,35.237,4.1508
300M,chip_147_479_merged.tif,0.2,3,2103973665,39,33.4864,35.7683,2.2819
300M,chip_147_479_merged.tif,0.2,4,1723367034,39,33.0161,36.3879,3.3718
300M,chip_147_479_merged.tif,0.4,0,1037033464,78,32.5501,34.709,2.159
300M,chip_147_479_merged.tif,0.4,1,656426833,78,31.632,35.3574,3.7254
300M,chip_147_479_merged.tif,0.4,2,275820202,78,31.4503,35.1892,3.7389
300M,chip_147_479_merged.tif,0.4,3,1943358332,78,32.5703,34.4174,1.847
300M,chip_147_479_merged.tif,0.4,4,1562751701,78,33.0606,35.6783,2.6177
300M,chip_147_479_merged.tif,0.6,0,293735257,117,32.1787,34.7243,2.5455
300M,chip_147_479_merged.tif,0.6,1,2060612274,117,31.8509,34.3387,2.4878
300M,chip_147_479_merged.tif,0.6,2,1680005643,117,31.1818,34.6601,3.4783
300M,chip_147_479_merged.tif,0.6,3,1200060125,117,32.1595,34.1903,2.0308
300M,chip_147_479_merged.tif,0.6,4,819453494,117,31.6609,34.1586,2.4977
300M,chip_147_479_merged.tif,0.8,0,2057965596,156,31.5529,33.3077,1.7548
300M,chip_147_479_merged.tif,0.8,1,1578020078,156,31.4572,33.3829,1.9257
300M,chip_147_479_merged.tif,0.8,2,1197413447,156,31.4591,33.1554,1.6963
300M,chip_147_479_merged.tif,0.8,3,717467929,156,31.4604,33.3935,1.9331
300M,chip_147_479_merged.tif,0.8,4,336861298,156,31.3743,33.2875,1.9132
300M,chip_147_486_merged.tif,0.2,0,1423756026,39,33.7538,34.7257,0.9719
300M,chip_147_486_merged.tif,0.2,1,943810508,39,32.8632,35.858,2.9948
300M,chip_147_486_merged.tif,0.2,2,563203877,39,33.1817,35.825,2.6433
300M,chip_147_486_merged.tif,0.2,3,182597246,39,32.288,35.3,3.012
300M,chip_147_486_merged.tif,0.2,4,1850135376,39,32.1887,36.0513,3.8626
300M,chip_147_486_merged.tif,0.4,0,1263140693,78,32.5155,35.7536,3.2381
300M,chip_147_486_merged.tif,0.4,1,783195175,78,32.4954,35.4768,2.9814
300M,chip_147_486_merged.tif,0.4,2,402588544,78,32.7739,34.3916,1.6177
300M,chip_147_486_merged.tif,0.4,3,2070126674,78,31.6681,35.6445,3.9765
300M,chip_147_486_merged.tif,0.4,4,1689520043,78,31.4543,35.2443,3.79
300M,chip_147_486_merged.tif,0.6,0,519842486,117,31.7682,34.3519,2.5838
300M,chip_147_486_merged.tif,0.6,1,39896968,117,31.634,34.9386,3.3046
300M,chip_147_486_merged.tif,0.6,2,1806773985,117,31.8111,34.6378,2.8267
300M,chip_147_486_merged.tif,0.6,3,1326828467,117,31.6359,34.1776,2.5417
300M,chip_147_486_merged.tif,0.6,4,946221836,117,32.3759,33.7357,1.3597
300M,chip_147_486_merged.tif,0.8,0,37250290,156,31.5171,33.0824,1.5653
300M,chip_147_486_merged.tif,0.8,1,1704788420,156,31.5196,32.9469,1.4273
300M,chip_147_486_merged.tif,0.8,2,1324181789,156,31.9011,32.8801,0.979
300M,chip_147_486_merged.tif,0.8,3,943575158,156,31.8893,32.6111,0.7218
300M,chip_147_486_merged.tif,0.8,4,463629640,156,31.9337,33.5676,1.6338
300M,chip_147_489_merged.tif,0.2,0,1581474451,39,33.616,35.1049,1.4889
300M,chip_147_489_merged.tif,0.2,1,1200867820,39,31.7711,34.812,3.0409
300M,chip_147_489_merged.tif,0.2,2,720922302,39,31.411,34.4793,3.0684
300M,chip_147_489_merged.tif,0.2,3,340315671,39,33.3776,35.4276,2.05
300M,chip_147_489_merged.tif,0.2,4,2107192688,39,32.552,34.9116,2.3596
300M,chip_147_489_merged.tif,0.4,0,615538268,78,31.696,34.6046,2.9086
300M,chip_147_489_merged.tif,0.4,1,135592750,78,31.6955,35.1725,3.477
300M,chip_147_489_merged.tif,0.4,2,1902469767,78,32.2489,34.2244,1.9755
300M,chip_147_489_merged.tif,0.4,3,1521863136,78,31.36,34.6262,3.2662
300M,chip_147_489_merged.tif,0.4,4,1041917618,78,32.2484,35.1207,2.8723
300M,chip_147_489_merged.tif,0.6,0,677560911,117,32.038,34.1966,2.1585
300M,chip_147_489_merged.tif,0.6,1,296954280,117,31.8811,34.3222,2.4411
300M,chip_147_489_merged.tif,0.6,2,1964492410,117,31.8437,34.2341,2.3903
300M,chip_147_489_merged.tif,0.6,3,1583885779,117,30.9998,34.0082,3.0084
300M,chip_147_489_merged.tif,0.6,4,1103940261,117,31.8307,34.1714,2.3407
300M,chip_147_489_merged.tif,0.8,0,194968715,156,31.4228,33.7429,2.3201
300M,chip_147_489_merged.tif,0.8,1,1961845732,156,32.1322,32.7885,0.6563
300M,chip_147_489_merged.tif,0.8,2,1481900214,156,32.1119,33.0962,0.9843
300M,chip_147_489_merged.tif,0.8,3,1101293583,156,31.427,33.0749,1.6478
300M,chip_147_489_merged.tif,0.8,4,720686952,156,31.4192,33.2125,1.7933
300M,chip_148_413_merged.tif,0.2,0,1667944650,39,34.0862,37.0367,2.9504
300M,chip_148_413_merged.tif,0.2,1,1187999132,39,33.2804,36.3203,3.0399
300M,chip_148_413_merged.tif,0.2,2,807392501,39,34.559,36.4619,1.9029
300M,chip_148_413_merged.tif,0.2,3,327446983,39,34.4641,35.7138,1.2498
300M,chip_148_413_merged.tif,0.2,4,2094324000,39,33.9153,35.9794,2.0641
300M,chip_148_413_merged.tif,0.4,0,602669580,78,33.3241,35.2528,1.9287
300M,chip_148_413_merged.tif,0.4,1,222062949,78,33.1279,37.085,3.957
300M,chip_148_413_merged.tif,0.4,2,1889601079,78,33.274,35.6881,2.4141
300M,chip_148_413_merged.tif,0.4,3,1508994448,78,33.2745,36.1514,2.8769
300M,chip_148_413_merged.tif,0.4,4,1128387817,78,35.0043,36.4529,1.4486
300M,chip_148_413_merged.tif,0.6,0,764031110,117,34.1735,35.5646,1.391
300M,chip_148_413_merged.tif,0.6,1,284085592,117,34.2629,35.5064,1.2435
300M,chip_148_413_merged.tif,0.6,2,2050962609,117,34.2174,35.7327,1.5153
300M,chip_148_413_merged.tif,0.6,3,1571017091,117,34.2691,35.784,1.5149
300M,chip_148_413_merged.tif,0.6,4,1190410460,117,34.2395,35.7812,1.5417
300M,chip_148_413_merged.tif,0.8,0,281438914,156,33.1847,35.0712,1.8865
300M,chip_148_413_merged.tif,0.8,1,1948977044,156,32.772,33.8296,1.0576
300M,chip_148_413_merged.tif,0.8,2,1568370413,156,33.1345,34.2772,1.1427
300M,chip_148_413_merged.tif,0.8,3,1088424895,156,32.7746,34.5043,1.7297
300M,chip_148_413_merged.tif,0.8,4,707818264,156,34.0975,34.3871,0.2896
300M,chip_148_469_merged.tif,0.2,0,2002969998,39,37.325,37.4142,0.0892
300M,chip_148_469_merged.tif,0.2,1,1622363367,39,36.964,36.7869,-0.177
300M,chip_148_469_merged.tif,0.2,2,1241756736,39,33.1825,38.1378,4.9553
300M,chip_148_469_merged.tif,0.2,3,761811218,39,36.8327,37.2163,0.3836
300M,chip_148_469_merged.tif,0.2,4,381204587,39,34.8368,37.0543,2.2175
300M,chip_148_469_merged.tif,0.4,0,1037033815,78,36.742,37.3411,0.5992
300M,chip_148_469_merged.tif,0.4,1,656427184,78,36.7817,37.5743,0.7926
300M,chip_148_469_merged.tif,0.4,2,176481666,78,34.3779,36.3608,1.9829
300M,chip_148_469_merged.tif,0.4,3,1943358683,78,37.222,36.8524,-0.3696
300M,chip_148_469_merged.tif,0.4,4,1463413165,78,37.095,37.127,0.032
300M,chip_148_469_merged.tif,0.6,0,1099056458,117,36.6148,37.5953,0.9805
300M,chip_148_469_merged.tif,0.6,1,718449827,117,36.616,36.0223,-0.5937
300M,chip_148_469_merged.tif,0.6,2,238504309,117,35.8367,37.288,1.4513
300M,chip_148_469_merged.tif,0.6,3,2005381326,117,36.5837,36.8398,0.2561
300M,chip_148_469_merged.tif,0.6,4,1624774695,117,36.7934,37.219,0.4257
300M,chip_148_469_merged.tif,0.8,0,616464262,156,36.1221,36.9654,0.8433
300M,chip_148_469_merged.tif,0.8,1,235857631,156,34.5552,36.0906,1.5354
300M,chip_148_469_merged.tif,0.8,2,2002734648,156,36.2453,35.7854,-0.4599
300M,chip_148_469_merged.tif,0.8,3,1522789130,156,36.1141,36.7104,0.5962
300M,chip_148_469_merged.tif,0.8,4,1142182499,156,36.1392,36.3082,0.169
300M,chip_148_478_merged.tif,0.2,0,2034937159,39,34.6508,35.7904,1.1396
300M,chip_148_478_merged.tif,0.2,1,1654330528,39,33.6155,36.5448,2.9293
300M,chip_148_478_merged.tif,0.2,2,1174385010,39,33.7779,36.337,2.559
300M,chip_148_478_merged.tif,0.2,3,793778379,39,34.1425,35.7832,1.6407
300M,chip_148_478_merged.tif,0.2,4,313832861,39,32.5788,35.3688,2.79
300M,chip_148_478_merged.tif,0.4,0,1874321826,78,33.6639,35.3098,1.6459
300M,chip_148_478_merged.tif,0.4,1,1394376308,78,33.8615,35.7858,1.9243
300M,chip_148_478_merged.tif,0.4,2,1013769677,78,33.7079,35.267,1.5591
300M,chip_148_478_merged.tif,0.4,3,633163046,78,33.148,35.4208,2.2728
300M,chip_148_478_merged.tif,0.4,4,153217528,78,33.8325,35.5384,1.7059
300M,chip_148_478_merged.tif,0.6,0,1131023619,117,33.8704,34.6935,0.8231
300M,chip_148_478_merged.tif,0.6,1,651078101,117,33.7316,34.6665,0.9349
300M,chip_148_478_merged.tif,0.6,2,270471470,117,33.6718,34.8064,1.1345
300M,chip_148_478_merged.tif,0.6,3,2037348487,117,33.6343,34.8969,1.2626
300M,chip_148_478_merged.tif,0.6,4,1557402969,117,33.8869,34.8851,0.9982
300M,chip_148_478_merged.tif,0.8,0,648431423,156,33.5686,33.6678,0.0992
300M,chip_148_478_merged.tif,0.8,1,267824792,156,33.5915,34.2751,0.6836
300M,chip_148_478_merged.tif,0.8,2,1935362922,156,33.0304,33.3037,0.2733
300M,chip_148_478_merged.tif,0.8,3,1554756291,156,32.7534,34.7438,1.9904
300M,chip_148_478_merged.tif,0.8,4,1074810773,156,33.5489,33.9515,0.4027
300M,chip_148_483_merged.tif,0.2,0,1057752101,39,30.7426,34.1751,3.4325
300M,chip_148_483_merged.tif,0.2,1,677145470,39,30.5858,34.0316,3.4457
300M,chip_148_483_merged.tif,0.2,2,197199952,39,33.1893,34.1557,0.9664
300M,chip_148_483_merged.tif,0.2,3,1964076969,39,31.9476,33.7978,1.8502
300M,chip_148_483_merged.tif,0.2,4,1583470338,39,34.3105,33.5454,-0.7651
300M,chip_148_483_merged.tif,0.4,0,897136768,78,29.8491,33.3196,3.4705
300M,chip_148_483_merged.tif,0.4,1,516530137,78,33.2668,33.8526,0.5859
300M,chip_148_483_merged.tif,0.4,2,36584619,78,32.9915,33.5416,0.55
300M,chip_148_483_merged.tif,0.4,3,1803461636,78,31.7661,33.5064,1.7404
300M,chip_148_483_merged.tif,0.4,4,1323516118,78,32.7226,33.2902,0.5677
300M,chip_148_483_merged.tif,0.6,0,153838561,117,32.2857,32.9951,0.7095
300M,chip_148_483_merged.tif,0.6,1,1920715578,117,32.3152,32.6951,0.3799
300M,chip_148_483_merged.tif,0.6,2,1440770060,117,31.7796,32.4806,0.7011
300M,chip_148_483_merged.tif,0.6,3,1060163429,117,32.2309,33.3873,1.1564
300M,chip_148_483_merged.tif,0.6,4,580217911,117,30.7485,33.2467,2.4982
300M,chip_148_483_merged.tif,0.8,0,1818730013,156,31.8218,32.1218,0.3
300M,chip_148_483_merged.tif,0.8,1,1438123382,156,31.4993,32.4646,0.9652
300M,chip_148_483_merged.tif,0.8,2,958177864,156,31.8619,32.2333,0.3714
300M,chip_148_483_merged.tif,0.8,3,577571233,156,31.4994,32.3805,0.8812
300M,chip_148_483_merged.tif,0.8,4,196964602,156,31.5959,32.0293,0.4334
300M,chip_151_240_merged.tif,0.2,0,312009402,39,30.7534,35.3448,4.5914
300M,chip_151_240_merged.tif,0.2,1,1979547532,39,29.5221,35.6461,6.124
300M,chip_151_240_merged.tif,0.2,2,1598940901,39,31.4894,35.538,4.0486
300M,chip_151_240_merged.tif,0.2,3,1118995383,39,31.3644,35.6101,4.2457
300M,chip_151_240_merged.tif,0.2,4,738388752,39,32.2438,35.8212,3.5774
300M,chip_151_240_merged.tif,0.4,0,541279117,78,31.3926,34.5105,3.1178
300M,chip_151_240_merged.tif,0.4,1,160672486,78,31.1051,34.5761,3.471
300M,chip_151_240_merged.tif,0.4,2,1828210616,78,31.6855,34.4793,2.7938
300M,chip_151_240_merged.tif,0.4,3,1447603985,78,30.6854,35.5541,4.8688
300M,chip_151_240_merged.tif,0.4,4,1066997354,78,31.6841,35.2901,3.6059
300M,chip_151_240_merged.tif,0.6,0,1456240623,117,29.7478,33.5546,3.8068
300M,chip_151_240_merged.tif,0.6,1,1075633992,117,29.8691,34.1602,4.2912
300M,chip_151_240_merged.tif,0.6,2,595688474,117,30.7673,33.2396,2.4723
300M,chip_151_240_merged.tif,0.6,3,215081843,117,30.3335,34.103,3.7694
300M,chip_151_240_merged.tif,0.6,4,1981958860,117,30.3551,33.3532,2.9981
300M,chip_151_240_merged.tif,0.8,0,220048451,156,29.9016,32.3255,2.4239
300M,chip_151_240_merged.tif,0.8,1,1887586581,156,29.7378,32.4178,2.68
300M,chip_151_240_merged.tif,0.8,2,1506979950,156,30.3427,32.8086,2.466
300M,chip_151_240_merged.tif,0.8,3,1126373319,156,30.352,31.3965,1.0445
300M,chip_151_240_merged.tif,0.8,4,646427801,156,30.3027,32.5706,2.2679
300M,chip_151_248_merged.tif,0.2,0,717391648,39,31.3526,35.7281,4.3755
300M,chip_151_248_merged.tif,0.2,1,237446130,39,30.6845,32.9627,2.2782
300M,chip_151_248_merged.tif,0.2,2,2004323147,39,34.3808,35.4934,1.1126
300M,chip_151_248_merged.tif,0.2,3,1524377629,39,30.9858,34.9482,3.9625
300M,chip_151_248_merged.tif,0.2,4,1143770998,39,29.5542,36.0991,6.5449
300M,chip_151_248_merged.tif,0.4,0,457437428,78,29.0821,34.6103,5.5282
300M,chip_151_248_merged.tif,0.4,1,76830797,78,32.3752,34.3095,1.9343
300M,chip_151_248_merged.tif,0.4,2,1744368927,78,30.9631,34.1288,3.1657
300M,chip_151_248_merged.tif,0.4,3,1363762296,78,30.518,35.6471,5.1292
300M,chip_151_248_merged.tif,0.4,4,983155665,78,31.5114,35.4167,3.9053
300M,chip_151_248_merged.tif,0.6,0,1861622869,117,31.297,32.7645,1.4675
300M,chip_151_248_merged.tif,0.6,1,1481016238,117,31.5148,33.6807,2.1659
300M,chip_151_248_merged.tif,0.6,2,1001070720,117,30.5443,33.0997,2.5554
300M,chip_151_248_merged.tif,0.6,3,620464089,117,30.8149,32.4759,1.661
300M,chip_151_248_merged.tif,0.6,4,239857458,117,30.5407,34.154,3.6134
300M,chip_151_248_merged.tif,0.8,0,1478369560,156,29.7782,31.2172,1.439
300M,chip_151_248_merged.tif,0.8,1,998424042,156,30.5414,31.3856,0.8442
300M,chip_151_248_merged.tif,0.8,2,617817411,156,30.5449,30.5534,0.0085
300M,chip_151_248_merged.tif,0.8,3,137871893,156,30.5395,30.8785,0.3389
300M,chip_151_248_merged.tif,0.8,4,1904748910,156,30.7744,31.4265,0.6521
300M,chip_151_418_merged.tif,0.2,0,1401210341,39,33.2212,36.1257,2.9044
300M,chip_151_418_merged.tif,0.2,1,1020603710,39,33.6007,35.6498,2.0491
300M,chip_151_418_merged.tif,0.2,2,540658192,39,33.7684,36.1185,2.3501
300M,chip_151_418_merged.tif,0.2,3,160051561,39,33.9638,37.2642,3.3004
300M,chip_151_418_merged.tif,0.2,4,1926928578,39,35.6687,36.3715,0.7029
300M,chip_151_418_merged.tif,0.4,0,435274158,78,33.7683,36.0879,2.3196
300M,chip_151_418_merged.tif,0.4,1,2102812288,78,33.3213,35.8379,2.5166
300M,chip_151_418_merged.tif,0.4,2,1722205657,78,33.7697,36.1042,2.3345
300M,chip_151_418_merged.tif,0.4,3,1242260139,78,34.0278,35.8104,1.7826
300M,chip_151_418_merged.tif,0.4,4,861653508,78,34.03,36.1626,2.1327
300M,chip_151_418_merged.tif,0.6,0,497296801,117,33.6127,35.1763,1.5635
300M,chip_151_418_merged.tif,0.6,1,116690170,117,33.5653,35.6298,2.0645
300M,chip_151_418_merged.tif,0.6,2,1784228300,117,33.918,35.2851,1.3672
300M,chip_151_418_merged.tif,0.6,3,1403621669,117,33.9263,35.8917,1.9654
300M,chip_151_418_merged.tif,0.6,4,923676151,117,33.6355,35.4684,1.8329
300M,chip_151_418_merged.tif,0.8,0,14704605,156,31.4664,34.504,3.0376
300M,chip_151_418_merged.tif,0.8,1,1781581622,156,33.9932,34.5451,0.5518
300M,chip_151_418_merged.tif,0.8,2,1301636104,156,32.0861,34.6228,2.5367
300M,chip_151_418_merged.tif,0.8,3,921029473,156,33.5788,34.722,1.1433
300M,chip_151_418_merged.tif,0.8,4,540422842,156,32.0644,34.3408,2.2763
300M,chip_151_484_merged.tif,0.2,0,710459603,39,30.5729,33.8029,3.23
300M,chip_151_484_merged.tif,0.2,1,230514085,39,32.2119,35.0965,2.8846
300M,chip_151_484_merged.tif,0.2,2,1997391102,39,31.0421,34.5005,3.4583
300M,chip_151_484_merged.tif,0.2,3,1616784471,39,32.6378,34.5021,1.8643
300M,chip_151_484_merged.tif,0.2,4,1136838953,39,30.5744,34.0245,3.4501
300M,chip_151_484_merged.tif,0.4,0,549844270,78,27.3061,33.5865,6.2803
300M,chip_151_484_merged.tif,0.4,1,69898752,78,30.6324,33.0909,2.4585
300M,chip_151_484_merged.tif,0.4,2,1836775769,78,28.6884,33.3369,4.6485
300M,chip_151_484_merged.tif,0.4,3,1356830251,78,27.3789,33.8494,6.4705
300M,chip_151_484_merged.tif,0.4,4,976223620,78,27.3068,33.7625,6.4556
300M,chip_151_484_merged.tif,0.6,0,1954029711,117,28.486,33.0059,4.5199
300M,chip_151_484_merged.tif,0.6,1,1474084193,117,28.414,32.307,3.893
300M,chip_151_484_merged.tif,0.6,2,1093477562,117,27.8293,32.9079,5.0786
300M,chip_151_484_merged.tif,0.6,3,613532044,117,27.9387,32.1318,4.1931
300M,chip_151_484_merged.tif,0.6,4,232925413,117,27.9205,32.0622,4.1417
300M,chip_151_484_merged.tif,0.8,0,1471437515,156,27.9358,30.9236,2.9878
300M,chip_151_484_merged.tif,0.8,1,991491997,156,27.35,29.5991,2.2491
300M,chip_151_484_merged.tif,0.8,2,610885366,156,27.9276,32.1093,4.1816
300M,chip_151_484_merged.tif,0.8,3,230278735,156,28.6377,31.7276,3.09
300M,chip_151_484_merged.tif,0.8,4,1897816865,156,27.7252,31.4122,3.687
300M,chip_151_489_merged.tif,0.2,0,1537972511,39,34.204,35.5769,1.3729
300M,chip_151_489_merged.tif,0.2,1,1157365880,39,33.9908,35.5954,1.6046
300M,chip_151_489_merged.tif,0.2,2,677420362,39,34.4505,35.7866,1.3361
300M,chip_151_489_merged.tif,0.2,3,296813731,39,32.9593,35.7715,2.8121
300M,chip_151_489_merged.tif,0.2,4,2063690748,39,33.8952,35.3965,1.5013
300M,chip_151_489_merged.tif,0.4,0,1377357178,78,33.6708,35.8119,2.1411
300M,chip_151_489_merged.tif,0.4,1,996750547,78,33.8638,35.6375,1.7737
300M,chip_151_489_merged.tif,0.4,2,516805029,78,33.6604,35.0952,1.4347
300M,chip_151_489_merged.tif,0.4,3,136198398,78,33.082,35.3838,2.3017
300M,chip_151_489_merged.tif,0.4,4,1803736528,78,33.6604,35.3055,1.645
300M,chip_151_489_merged.tif,0.6,0,634058971,117,34.2745,34.8535,0.5789
300M,chip_151_489_merged.tif,0.6,1,253452340,117,33.5509,35.4826,1.9317
300M,chip_151_489_merged.tif,0.6,2,1920990470,117,33.5152,34.9982,1.483
300M,chip_151_489_merged.tif,0.6,3,1540383839,117,34.1656,34.9897,0.8241
300M,chip_151_489_merged.tif,0.6,4,1060438321,117,33.4168,34.6236,1.2069
300M,chip_151_489_merged.tif,0.8,0,151466775,156,33.5493,34.2819,0.7326
300M,chip_151_489_merged.tif,0.8,1,1918343792,156,33.2965,34.6232,1.3267
300M,chip_151_489_merged.tif,0.8,2,1438398274,156,33.5514,34.589,1.0376
300M,chip_151_489_merged.tif,0.8,3,1057791643,156,33.5405,34.4231,0.8826
300M,chip_151_489_merged.tif,0.8,4,677185012,156,33.4268,34.5585,1.1317
300M,chip_151_501_merged.tif,0.2,0,2090058789,39,32.4418,34.1777,1.7359
300M,chip_151_501_merged.tif,0.2,1,1610113271,39,32.7882,33.6687,0.8805
300M,chip_151_501_merged.tif,0.2,2,1229506640,39,31.5092,34.4861,2.9768
300M,chip_151_501_merged.tif,0.2,3,848900009,39,33.2706,35.0331,1.7625
300M,chip_151_501_merged.tif,0.2,4,368954491,39,33.2728,34.0958,0.823
300M,chip_151_501_merged.tif,0.4,0,1024783719,78,32.4801,33.8642,1.3841
300M,chip_151_501_merged.tif,0.4,1,644177088,78,31.1964,34.6277,3.4313
300M,chip_151_501_merged.tif,0.4,2,164231570,78,32.4549,34.3082,1.8533
300M,chip_151_501_merged.tif,0.4,3,1931108587,78,32.0442,34.1887,2.1445
300M,chip_151_501_merged.tif,0.4,4,1550501956,78,31.6116,34.3817,2.7701
300M,chip_151_501_merged.tif,0.6,0,1186145249,117,32.2889,33.5037,1.2148
300M,chip_151_501_merged.tif,0.6,1,706199731,117,31.9999,33.421,1.4211
300M,chip_151_501_merged.tif,0.6,2,325593100,117,32.1734,33.1854,1.012
300M,chip_151_501_merged.tif,0.6,3,1993131230,117,31.9781,34.2959,2.3178
300M,chip_151_501_merged.tif,0.6,4,1612524599,117,30.8858,34.0224,3.1366
300M,chip_151_501_merged.tif,0.8,0,703553053,156,32.2302,32.7067,0.4765
300M,chip_151_501_merged.tif,0.8,1,223607535,156,30.5112,33.1533,2.6422
300M,chip_151_501_merged.tif,0.8,2,1990484552,156,31.9492,33.0455,1.0963
300M,chip_151_501_merged.tif,0.8,3,1609877921,156,31.7876,32.9801,1.1926
300M,chip_151_501_merged.tif,0.8,4,1129932403,156,31.9342,32.5247,0.5906
300M,chip_151_592_merged.tif,0.2,0,1980678077,39,34.2039,36.7843,2.5804
300M,chip_151_592_merged.tif,0.2,1,1600071446,39,34.2042,36.3832,2.179
300M,chip_151_592_merged.tif,0.2,2,1219464815,39,34.3855,36.7636,2.3781
300M,chip_151_592_merged.tif,0.2,3,739519297,39,34.3928,36.2982,1.9054
300M,chip_151_592_merged.tif,0.2,4,358912666,39,34.0587,37.0451,2.9864
300M,chip_151_592_merged.tif,0.4,0,1820062744,78,33.6253,35.6013,1.976
300M,chip_151_592_merged.tif,0.4,1,1439456113,78,33.2366,36.3664,3.1299
300M,chip_151_592_merged.tif,0.4,2,959510595,78,33.6249,36.0743,2.4494
300M,chip_151_592_merged.tif,0.4,3,578903964,78,34.0002,35.9986,1.9984
300M,chip_151_592_merged.tif,0.4,4,198297333,78,33.9293,35.3642,1.4349
300M,chip_151_592_merged.tif,0.6,0,1076764537,117,34.3663,35.1194,0.753
300M,chip_151_592_merged.tif,0.6,1,696157906,117,33.5481,35.7697,2.2215
300M,chip_151_592_merged.tif,0.6,2,216212388,117,34.3431,35.0569,0.7138
300M,chip_151_592_merged.tif,0.6,3,1983089405,117,33.6255,35.3308,1.7053
300M,chip_151_592_merged.tif,0.6,4,1602482774,117,33.9863,35.0796,1.0933
300M,chip_151_592_merged.tif,0.8,0,594172341,156,33.9646,34.4255,0.4609
300M,chip_151_592_merged.tif,0.8,1,213565710,156,33.3051,34.6086,1.3035
300M,chip_151_592_merged.tif,0.8,2,1980442727,156,33.9401,34.4356,0.4955
300M,chip_151_592_merged.tif,0.8,3,1500497209,156,33.5376,34.507,0.9694
300M,chip_151_592_merged.tif,0.8,4,1119890578,156,33.3107,34.0678,0.7571
300M,chip_151_604_merged.tif,0.2,0,1209572153,39,33.5052,35.6204,2.1151
300M,chip_151_604_merged.tif,0.2,1,828965522,39,34.2342,36.258,2.0239
300M,chip_151_604_merged.tif,0.2,2,349020004,39,33.959,35.5235,1.5645
300M,chip_151_604_merged.tif,0.2,3,2115897021,39,33.6566,36.2492,2.5926
300M,chip_151_604_merged.tif,0.2,4,1635951503,39,34.348,36.3874,2.0393
300M,chip_151_604_merged.tif,0.4,0,243635970,78,33.8674,35.6699,1.8024
300M,chip_151_604_merged.tif,0.4,1,1911174100,78,34.1536,35.9225,1.769
300M,chip_151_604_merged.tif,0.4,2,1530567469,78,34.1918,35.2737,1.0819
300M,chip_151_604_merged.tif,0.4,3,1050621951,78,34.1545,35.8135,1.659
300M,chip_151_604_merged.tif,0.4,4,670015320,78,34.1759,35.7938,1.6179
300M,chip_151_604_merged.tif,0.6,0,305658613,117,34.1724,35.5634,1.391
300M,chip_151_604_merged.tif,0.6,1,1973196743,117,33.7823,35.0082,1.2259
300M,chip_151_604_merged.tif,0.6,2,1592590112,117,34.3379,35.5981,1.2602
300M,chip_151_604_merged.tif,0.6,3,1211983481,117,34.1394,35.2318,1.0923
300M,chip_151_604_merged.tif,0.6,4,732037963,117,33.7666,35.7472,1.9806
300M,chip_151_604_merged.tif,0.8,0,1970550065,156,34.2467,34.9574,0.7107
300M,chip_151_604_merged.tif,0.8,1,1589943434,156,34.0103,34.9772,0.9669
300M,chip_151_604_merged.tif,0.8,2,1109997916,156,33.968,34.7729,0.8049
300M,chip_151_604_merged.tif,0.8,3,729391285,156,34.0399,34.4669,0.4269
300M,chip_151_604_merged.tif,0.8,4,249445767,156,33.9505,34.5569,0.6064
300M,chip_152_240_merged.tif,0.2,0,1299080655,39,31.723,35.7062,3.9832
300M,chip_152_240_merged.tif,0.2,1,819135137,39,30.8952,35.4314,4.5361
300M,chip_152_240_merged.tif,0.2,2,438528506,39,30.2967,36.0638,5.7671
300M,chip_152_240_merged.tif,0.2,3,2106066636,39,28.8016,35.7529,6.9513
300M,chip_152_240_merged.tif,0.2,4,1725460005,39,28.8,33.9717,5.1718
300M,chip_152_240_merged.tif,0.4,0,1039126435,78,29.7444,33.5707,3.8263
300M,chip_152_240_merged.tif,0.4,1,658519804,78,30.0581,34.1245,4.0664
300M,chip_152_240_merged.tif,0.4,2,178574286,78,29.3408,33.711,4.3703
300M,chip_152_240_merged.tif,0.4,3,1945451303,78,30.0579,34.6252,4.5673
300M,chip_152_240_merged.tif,0.4,4,1564844672,78,28.3326,35.0901,6.7574
300M,chip_152_240_merged.tif,0.6,0,295828228,117,28.6072,33.4209,4.8137
300M,chip_152_240_merged.tif,0.6,1,2062705245,117,29.0488,32.9307,3.8819
300M,chip_152_240_merged.tif,0.6,2,1582759727,117,28.3103,34.1192,5.8089
300M,chip_152_240_merged.tif,0.6,3,1202153096,117,28.5426,33.9754,5.4328
300M,chip_152_240_merged.tif,0.6,4,821546465,117,28.0646,32.9793,4.9147
300M,chip_152_240_merged.tif,0.8,0,2060058567,156,28.8491,31.0004,2.1513
300M,chip_152_240_merged.tif,0.8,1,1580113049,156,28.3861,31.3058,2.9197
300M,chip_152_240_merged.tif,0.8,2,1199506418,156,28.8495,31.2129,2.3635
300M,chip_152_240_merged.tif,0.8,3,719560900,156,28.3863,30.9755,2.5892
300M,chip_152_240_merged.tif,0.8,4,338954269,156,28.1607,32.3531,4.1924
300M,chip_152_404_merged.tif,0.2,0,1266921735,39,33.7395,36.4349,2.6954
300M,chip_152_404_merged.tif,0.2,1,786976217,39,33.5737,35.3906,1.8169
300M,chip_152_404_merged.tif,0.2,2,406369586,39,33.2081,34.8724,1.6643
300M,chip_152_404_merged.tif,0.2,3,25762955,39,32.7301,35.475,2.7449
300M,chip_152_404_merged.tif,0.2,4,1693301085,39,32.864,34.5474,1.6834
300M,chip_152_404_merged.tif,0.4,0,1106306402,78,32.2674,34.457,2.1896
300M,chip_152_404_merged.tif,0.4,1,626360884,78,32.1139,35.3215,3.2076
300M,chip_152_404_merged.tif,0.4,2,245754253,78,33.497,35.2373,1.7403
300M,chip_152_404_merged.tif,0.4,3,1913292383,78,33.4044,34.3301,0.9258
300M,chip_152_404_merged.tif,0.4,4,1532685752,78,33.2693,35.2749,2.0057
300M,chip_152_404_merged.tif,0.6,0,363008195,117,32.1722,34.6115,2.4393
300M,chip_152_404_merged.tif,0.6,1,2030546325,117,32.738,34.7205,1.9825
300M,chip_152_404_merged.tif,0.6,2,1649939694,117,32.3368,35.0707,2.7339
300M,chip_152_404_merged.tif,0.6,3,1169994176,117,32.2964,34.6726,2.3762
300M,chip_152_404_merged.tif,0.6,4,789387545,117,32.1789,33.8784,1.6995
300M,chip_152_404_merged.tif,0.8,0,2027899647,156,32.2954,33.2563,0.9609
300M,chip_152_404_merged.tif,0.8,1,1547954129,156,31.9503,33.1487,1.1984
300M,chip_152_404_merged.tif,0.8,2,1167347498,156,31.9413,32.7479,0.8066
300M,chip_152_404_merged.tif,0.8,3,786740867,156,31.9493,33.3144,1.3651
300M,chip_152_404_merged.tif,0.8,4,306795349,156,32.3367,33.263,0.9262
300M,chip_152_433_merged.tif,0.2,0,11411023,39,37.8269,39.7729,1.946
300M,chip_152_433_merged.tif,0.2,1,1678949153,39,38.294,38.9417,0.6477
300M,chip_152_433_merged.tif,0.2,2,1298342522,39,37.6058,40.0931,2.4873
300M,chip_152_433_merged.tif,0.2,3,917735891,39,38.323,38.3445,0.0216
300M,chip_152_433_merged.tif,0.2,4,437790373,39,36.9758,39.8081,2.8323
300M,chip_152_433_merged.tif,0.4,0,1093619601,78,37.5206,38.8505,1.3298
300M,chip_152_433_merged.tif,0.4,1,713012970,78,34.5554,39.6778,5.1224
300M,chip_152_433_merged.tif,0.4,2,332406339,78,35.5664,40.2275,4.6611
300M,chip_152_433_merged.tif,0.4,3,1999944469,78,34.5669,39.4924,4.9255
300M,chip_152_433_merged.tif,0.4,4,1619337838,78,37.5226,39.2044,1.6818
300M,chip_152_433_merged.tif,0.6,0,1254981131,117,37.4357,36.1955,-1.2402
300M,chip_152_433_merged.tif,0.6,1,775035613,117,37.0449,39.0057,1.9608
300M,chip_152_433_merged.tif,0.6,2,394428982,117,35.8058,39.7761,3.9703
300M,chip_152_433_merged.tif,0.6,3,2061967112,117,35.8085,39.764,3.9555
300M,chip_152_433_merged.tif,0.6,4,1681360481,117,37.4395,38.2652,0.8257
300M,chip_152_433_merged.tif,0.8,0,772388935,156,35.1789,37.1863,2.0074
300M,chip_152_433_merged.tif,0.8,1,292443417,156,36.1431,38.5885,2.4454
300M,chip_152_433_merged.tif,0.8,2,2059320434,156,36.1265,39.0804,2.9539
300M,chip_152_433_merged.tif,0.8,3,1678713803,156,34.9758,37.6247,2.6489
300M,chip_152_433_merged.tif,0.8,4,1198768285,156,34.9866,37.7323,2.7457
300M,chip_152_478_merged.tif,0.2,0,1084199658,39,30.6224,34.3439,3.7215
300M,chip_152_478_merged.tif,0.2,1,604254140,39,30.6405,34.3511,3.7106
300M,chip_152_478_merged.tif,0.2,2,223647509,39,30.623,34.3788,3.7558
300M,chip_152_478_merged.tif,0.2,3,1990524526,39,28.0415,33.4336,5.3921
300M,chip_152_478_merged.tif,0.2,4,1510579008,39,32.8904,33.6599,0.7696
300M,chip_152_478_merged.tif,0.4,0,923584325,78,28.3377,33.5361,5.1984
300M,chip_152_478_merged.tif,0.4,1,443638807,78,27.9827,34.1868,6.2042
300M,chip_152_478_merged.tif,0.4,2,63032176,78,29.9335,33.5137,3.5802
300M,chip_152_478_merged.tif,0.4,3,1730570306,78,30.0742,35.1,5.0257
300M,chip_152_478_merged.tif,0.4,4,1349963675,78,28.0665,34.6198,6.5533
300M,chip_152_478_merged.tif,0.6,0,180286118,117,28.3266,31.9249,3.5982
300M,chip_152_478_merged.tif,0.6,1,1847824248,117,28.7635,32.9912,4.2277
300M,chip_152_478_merged.tif,0.6,2,1467217617,117,28.5731,31.8839,3.3108
300M,chip_152_478_merged.tif,0.6,3,987272099,117,27.9694,32.6688,4.6994
300M,chip_152_478_merged.tif,0.6,4,606665468,117,28.753,32.6823,3.9293
300M,chip_152_478_merged.tif,0.8,0,1845177570,156,28.0508,31.4611,3.4103
300M,chip_152_478_merged.tif,0.8,1,1365232052,156,28.0825,31.4584,3.3758
300M,chip_152_478_merged.tif,0.8,2,984625421,156,28.5456,31.3601,2.8146
300M,chip_152_478_merged.tif,0.8,3,604018790,156,27.8349,31.8133,3.9784
300M,chip_152_478_merged.tif,0.8,4,124073272,156,27.7095,29.9361,2.2266
300M,chip_152_479_merged.tif,0.2,0,850708577,39,32.2111,34.7022,2.4911
300M,chip_152_479_merged.tif,0.2,1,470101946,39,31.8052,33.8247,2.0195
300M,chip_152_479_merged.tif,0.2,2,2137640076,39,32.5528,34.2351,1.6822
300M,chip_152_479_merged.tif,0.2,3,1757033445,39,29.0159,33.6266,4.6107
300M,chip_152_479_merged.tif,0.2,4,1376426814,39,31.8039,35.3525,3.5486
300M,chip_152_479_merged.tif,0.4,0,690093244,78,29.7129,32.9789,3.266
300M,chip_152_479_merged.tif,0.4,1,309486613,78,29.7118,33.9623,4.2505
300M,chip_152_479_merged.tif,0.4,2,1977024743,78,29.6204,34.0246,4.4042
300M,chip_152_479_merged.tif,0.4,3,1596418112,78,29.8407,34.4769,4.6362
300M,chip_152_479_merged.tif,0.4,4,1116472594,78,30.6947,33.9158,3.221
300M,chip_152_479_merged.tif,0.6,0,2094278685,117,29.2599,31.4412,2.1813
300M,chip_152_479_merged.tif,0.6,1,1713672054,117,30.5728,32.196,1.6233
300M,chip_152_479_merged.tif,0.6,2,1233726536,117,29.3907,32.6617,3.271
300M,chip_152_479_merged.tif,0.6,3,853119905,117,32.0426,33.108,1.0654
300M,chip_152_479_merged.tif,0.6,4,373174387,117,29.407,33.1243,3.7173
300M,chip_152_479_merged.tif,0.8,0,1611686489,156,30.7405,31.8694,1.1288
300M,chip_152_479_merged.tif,0.8,1,1231079858,156,31.3258,31.8451,0.5193
300M,chip_152_479_merged.tif,0.8,2,751134340,156,31.401,30.7094,-0.6916
300M,chip_152_479_merged.tif,0.8,3,370527709,156,30.1615,31.1474,0.9859
300M,chip_152_479_merged.tif,0.8,4,2137404726,156,31.3266,32.3669,1.0403
300M,chip_152_490_merged.tif,0.2,0,990229015,39,32.6539,34.5738,1.92
300M,chip_152_490_merged.tif,0.2,1,609622384,39,33.3059,34.3934,1.0875
300M,chip_152_490_merged.tif,0.2,2,129676866,39,32.57,33.1509,0.5809
300M,chip_152_490_merged.tif,0.2,3,1896553883,39,32.9267,34.9508,2.0241
300M,chip_152_490_merged.tif,0.2,4,1515947252,39,33.5327,35.4465,1.9139
300M,chip_152_490_merged.tif,0.4,0,829613682,78,33.0791,34.3028,1.2237
300M,chip_152_490_merged.tif,0.4,1,449007051,78,30.7975,34.5387,3.7412
300M,chip_152_490_merged.tif,0.4,2,2116545181,78,30.7971,32.0753,1.2782
300M,chip_152_490_merged.tif,0.4,3,1735938550,78,33.2432,34.5661,1.3229
300M,chip_152_490_merged.tif,0.4,4,1255993032,78,32.5716,33.6224,1.0509
300M,chip_152_490_merged.tif,0.6,0,86315475,117,32.7097,33.6029,0.8933
300M,chip_152_490_merged.tif,0.6,1,1853192492,117,32.4345,32.8666,0.4321
300M,chip_152_490_merged.tif,0.6,2,1373246974,117,32.7093,33.8097,1.1004
300M,chip_152_490_merged.tif,0.6,3,992640343,117,32.5459,33.5105,0.9647
300M,chip_152_490_merged.tif,0.6,4,512694825,117,32.547,34.0985,1.5515
300M,chip_152_490_merged.tif,0.8,0,1751206927,156,31.3081,32.4211,1.1131
300M,chip_152_490_merged.tif,0.8,1,1370600296,156,32.3077,32.1522,-0.1555
300M,chip_152_490_merged.tif,0.8,2,890654778,156,32.3325,32.6692,0.3368
300M,chip_152_490_merged.tif,0.8,3,510048147,156,32.308,32.7696,0.4616
300M,chip_152_490_merged.tif,0.8,4,129441516,156,32.3212,32.1645,-0.1568
300M,chip_153_469_merged.tif,0.2,0,733899322,39,33.8501,36.6169,2.7668
300M,chip_153_469_merged.tif,0.2,1,253953804,39,35.9001,35.2981,-0.602
300M,chip_153_469_merged.tif,0.2,2,2020830821,39,35.817,36.2241,0.4071
300M,chip_153_469_merged.tif,0.2,3,1640224190,39,33.9511,35.9484,1.9973
300M,chip_153_469_merged.tif,0.2,4,1160278672,39,34.807,36.9717,2.1646
300M,chip_153_469_merged.tif,0.4,0,1816107900,78,32.5443,36.3625,3.8182
300M,chip_153_469_merged.tif,0.4,1,1435501269,78,33.4531,35.8119,2.3588
300M,chip_153_469_merged.tif,0.4,2,955555751,78,33.322,36.2742,2.9522
300M,chip_153_469_merged.tif,0.4,3,574949120,78,34.1961,36.1801,1.9841
300M,chip_153_469_merged.tif,0.4,4,194342489,78,33.5288,36.4997,2.9708
300M,chip_153_469_merged.tif,0.6,0,1977469430,117,33.741,35.2933,1.5523
300M,chip_153_469_merged.tif,0.6,1,1497523912,117,34.1281,35.7795,1.6514
300M,chip_153_469_merged.tif,0.6,2,1116917281,117,34.2087,36.0335,1.8248
300M,chip_153_469_merged.tif,0.6,3,636971763,117,34.6265,34.7463,0.1198
300M,chip_153_469_merged.tif,0.6,4,256365132,117,33.6854,35.9287,2.2433
300M,chip_153_469_merged.tif,0.8,0,1494877234,156,34.2029,34.5324,0.3295
300M,chip_153_469_merged.tif,0.8,1,1014931716,156,34.0979,34.6569,0.559
300M,chip_153_469_merged.tif,0.8,2,634325085,156,34.065,34.6647,0.5997
300M,chip_153_469_merged.tif,0.8,3,253718454,156,33.8797,34.6479,0.7681
300M,chip_153_469_merged.tif,0.8,4,1921256584,156,34.2095,34.6121,0.4026
300M,chip_154_346_merged.tif,0.2,0,2077887309,39,37.452,39.8039,2.3519
300M,chip_154_346_merged.tif,0.2,1,1697280678,39,37.7756,40.4861,2.7105
300M,chip_154_346_merged.tif,0.2,2,1217335160,39,39.0479,39.9681,0.9202
300M,chip_154_346_merged.tif,0.2,3,836728529,39,39.0866,41.6256,2.5389
300M,chip_154_346_merged.tif,0.2,4,356783011,39,39.1967,40.5901,1.3934
300M,chip_154_346_merged.tif,0.4,0,1917271976,78,38.1263,40.6899,2.5636
300M,chip_154_346_merged.tif,0.4,1,1437326458,78,38.2119,40.2171,2.0052
300M,chip_154_346_merged.tif,0.4,2,1056719827,78,38.7305,39.748,1.0175
300M,chip_154_346_merged.tif,0.4,3,576774309,78,37.8231,40.6934,2.8703
300M,chip_154_346_merged.tif,0.4,4,196167678,78,38.74,40.5294,1.7894
300M,chip_154_346_merged.tif,0.6,0,1173973769,117,38.4541,39.8419,1.3878
300M,chip_154_346_merged.tif,0.6,1,694028251,117,38.3618,40.1346,1.7728
300M,chip_154_346_merged.tif,0.6,2,313421620,117,38.3599,39.9945,1.6346
300M,chip_154_346_merged.tif,0.6,3,2080298637,117,37.7968,39.5934,1.7967
300M,chip_154_346_merged.tif,0.6,4,1600353119,117,37.7855,39.5154,1.7299
300M,chip_154_346_merged.tif,0.8,0,691381573,156,37.7186,39.3487,1.6301
300M,chip_154_346_merged.tif,0.8,1,310774942,156,37.0923,39.4268,2.3346
300M,chip_154_346_merged.tif,0.8,2,1978313072,156,36.4827,39.252,2.7693
300M,chip_154_346_merged.tif,0.8,3,1597706441,156,37.1111,39.53,2.4189
300M,chip_154_346_merged.tif,0.8,4,1117760923,156,37.9683,39.3544,1.386
300M,chip_154_484_merged.tif,0.2,0,867035405,39,34.1715,35.9387,1.7672
300M,chip_154_484_merged.tif,0.2,1,486428774,39,32.4658,35.9385,3.4727
300M,chip_154_484_merged.tif,0.2,2,105822143,39,34.9387,35.9098,0.9711
300M,chip_154_484_merged.tif,0.2,3,1773360273,39,34.7434,36.2563,1.5129
300M,chip_154_484_merged.tif,0.2,4,1392753642,39,31.2864,36.2696,4.9833
300M,chip_154_484_merged.tif,0.4,0,706420072,78,34.0493,35.8361,1.7869
300M,chip_154_484_merged.tif,0.4,1,325813441,78,33.0025,34.8104,1.8079
300M,chip_154_484_merged.tif,0.4,2,1993351571,78,34.2848,35.02,0.7352
300M,chip_154_484_merged.tif,0.4,3,1612744940,78,32.5008,35.4883,2.9876
300M,chip_154_484_merged.tif,0.4,4,1132799422,78,33.9132,35.6022,1.689
300M,chip_154_484_merged.tif,0.6,0,2110605513,117,33.6459,35.6471,2.0012
300M,chip_154_484_merged.tif,0.6,1,1729998882,117,33.0118,35.0551,2.0433
300M,chip_154_484_merged.tif,0.6,2,1250053364,117,32.3781,34.5329,2.1548
300M,chip_154_484_merged.tif,0.6,3,869446733,117,31.353,34.9629,3.6099
300M,chip_154_484_merged.tif,0.6,4,389501215,117,33.6211,34.7818,1.1607
300M,chip_154_484_merged.tif,0.8,0,1628013317,156,32.4817,34.5589,2.0772
300M,chip_154_484_merged.tif,0.8,1,1247406686,156,32.2028,33.7521,1.5493
300M,chip_154_484_merged.tif,0.8,2,866800055,156,32.4999,33.9693,1.4694
300M,chip_154_484_merged.tif,0.8,3,386854537,156,32.1889,34.1619,1.973
300M,chip_154_484_merged.tif,0.8,4,6247906,156,32.2048,34.0946,1.8898
300M,chip_155_408_merged.tif,0.2,0,1338579506,39,32.41,35.5894,3.1794
300M,chip_155_408_merged.tif,0.2,1,858633988,39,33.5109,36.1943,2.6834
300M,chip_155_408_merged.tif,0.2,2,478027357,39,33.7817,35.5176,1.7359
300M,chip_155_408_merged.tif,0.2,3,2145565487,39,32.8222,35.6655,2.8434
300M,chip_155_408_merged.tif,0.2,4,1764958856,39,33.7819,34.5747,0.7928
300M,chip_155_408_merged.tif,0.4,0,1078625286,78,32.9241,35.2188,2.2947
300M,chip_155_408_merged.tif,0.4,1,698018655,78,32.774,35.35,2.576
300M,chip_155_408_merged.tif,0.4,2,317412024,78,33.2192,34.5092,1.29
300M,chip_155_408_merged.tif,0.4,3,1984950154,78,32.814,34.5586,1.7447
300M,chip_155_408_merged.tif,0.4,4,1604343523,78,33.2188,35.1064,1.8876
300M,chip_155_408_merged.tif,0.6,0,335327079,117,33.4236,34.3992,0.9756
300M,chip_155_408_merged.tif,0.6,1,2102204096,117,32.2451,34.5388,2.2937
300M,chip_155_408_merged.tif,0.6,2,1721597465,117,33.1379,34.2504,1.1125
300M,chip_155_408_merged.tif,0.6,3,1241651947,117,32.9389,34.6741,1.7353
300M,chip_155_408_merged.tif,0.6,4,861045316,117,33.1663,34.7367,1.5703
300M,chip_155_408_merged.tif,0.8,0,2099557418,156,32.6633,33.8881,1.2248
300M,chip_155_408_merged.tif,0.8,1,1619611900,156,33.2441,33.8293,0.5852
300M,chip_155_408_merged.tif,0.8,2,1239005269,156,32.6408,33.7469,1.1062
300M,chip_155_408_merged.tif,0.8,3,759059751,156,33.0023,34.0419,1.0396
300M,chip_155_408_merged.tif,0.8,4,378453120,156,33.0085,34.0793,1.0708
300M,chip_155_474_merged.tif,0.2,0,2087829803,39,30.8842,33.7942,2.91
300M,chip_155_474_merged.tif,0.2,1,1607884285,39,33.5046,33.0463,-0.4583
300M,chip_155_474_merged.tif,0.2,2,1227277654,39,33.4989,34.4101,0.9112
300M,chip_155_474_merged.tif,0.2,3,747332136,39,33.6062,35.8984,2.2922
300M,chip_155_474_merged.tif,0.2,4,366725505,39,35.7795,35.1699,-0.6097
300M,chip_155_474_merged.tif,0.4,0,1827875583,78,33.5648,35.4686,1.9038
300M,chip_155_474_merged.tif,0.4,1,1447268952,78,34.4089,34.6281,0.2192
300M,chip_155_474_merged.tif,0.4,2,1066662321,78,33.7491,34.5425,0.7934
300M,chip_155_474_merged.tif,0.4,3,586716803,78,32.8694,35.1001,2.2307
300M,chip_155_474_merged.tif,0.4,4,206110172,78,31.3955,34.9799,3.5844
300M,chip_155_474_merged.tif,0.6,0,1183916263,117,33.1817,33.6911,0.5093
300M,chip_155_474_merged.tif,0.6,1,703970745,117,32.6998,34.2844,1.5846
300M,chip_155_474_merged.tif,0.6,2,323364114,117,33.4473,34.1066,0.6592
300M,chip_155_474_merged.tif,0.6,3,1990902244,117,32.6998,33.8353,1.1355
300M,chip_155_474_merged.tif,0.6,4,1610295613,117,33.4533,34.3698,0.9165
300M,chip_155_474_merged.tif,0.8,0,701324067,156,32.5418,33.4805,0.9387
300M,chip_155_474_merged.tif,0.8,1,221378549,156,32.5497,33.6926,1.1429
300M,chip_155_474_merged.tif,0.8,2,1988255566,156,32.4663,33.5276,1.0613
300M,chip_155_474_merged.tif,0.8,3,1508310048,156,31.5923,33.6836,2.0913
300M,chip_155_474_merged.tif,0.8,4,1127703417,156,32.3568,33.5606,1.2038
300M,chip_155_475_merged.tif,0.2,0,1387462140,39,32.7729,36.1543,3.3814
300M,chip_155_475_merged.tif,0.2,1,1006855509,39,33.4425,36.4849,3.0425
300M,chip_155_475_merged.tif,0.2,2,526909991,39,34.4415,36.5701,2.1287
300M,chip_155_475_merged.tif,0.2,3,146303360,39,33.1748,35.8248,2.65
300M,chip_155_475_merged.tif,0.2,4,1913180377,39,35.4404,36.723,1.2826
300M,chip_155_475_merged.tif,0.4,0,1226846807,78,33.2832,35.6069,2.3237
300M,chip_155_475_merged.tif,0.4,1,846240176,78,33.2833,36.6558,3.3725
300M,chip_155_475_merged.tif,0.4,2,366294658,78,33.3699,35.1739,1.8041
300M,chip_155_475_merged.tif,0.4,3,2133171675,78,33.4176,36.3046,2.887
300M,chip_155_475_merged.tif,0.4,4,1653226157,78,34.5313,35.969,1.4377
300M,chip_155_475_merged.tif,0.6,0,483548600,117,34.2151,34.6616,0.4465
300M,chip_155_475_merged.tif,0.6,1,102941969,117,33.553,35.7497,2.1967
300M,chip_155_475_merged.tif,0.6,2,1770480099,117,33.6849,35.9458,2.2609
300M,chip_155_475_merged.tif,0.6,3,1389873468,117,34.0777,35.7035,1.6257
300M,chip_155_475_merged.tif,0.6,4,909927950,117,33.4957,35.6406,2.1449
300M,chip_155_475_merged.tif,0.8,0,956404,156,34.2787,34.7382,0.4595
300M,chip_155_475_merged.tif,0.8,1,1767833421,156,34.2737,35.48,1.2063
300M,chip_155_475_merged.tif,0.8,2,1287887903,156,32.1042,34.7846,2.6804
300M,chip_155_475_merged.tif,0.8,3,907281272,156,32.1039,34.972,2.8681
300M,chip_155_475_merged.tif,0.8,4,526674641,156,31.102,34.9546,3.8526
300M,chip_155_479_merged.tif,0.2,0,47516514,39,31.3352,35.0916,3.7564
300M,chip_155_479_merged.tif,0.2,1,1814393531,39,30.2194,33.8824,3.663
300M,chip_155_479_merged.tif,0.2,2,1334448013,39,30.636,34.1575,3.5215
300M,chip_155_479_merged.tif,0.2,3,953841382,39,31.8545,34.2798,2.4253
300M,chip_155_479_merged.tif,0.2,4,473895864,39,32.8096,34.1331,1.3236
300M,chip_155_479_merged.tif,0.4,0,2034384829,78,32.3866,31.8819,-0.5048
300M,chip_155_479_merged.tif,0.4,1,1554439311,78,29.6769,33.7837,4.1068
300M,chip_155_479_merged.tif,0.4,2,1173832680,78,28.549,33.6315,5.0825
300M,chip_155_479_merged.tif,0.4,3,693887162,78,28.9556,33.371,4.4153
300M,chip_155_479_merged.tif,0.4,4,313280531,78,29.4572,32.372,2.9148
300M,chip_155_479_merged.tif,0.6,0,1291086622,117,28.7669,33.0091,4.2422
300M,chip_155_479_merged.tif,0.6,1,811141104,117,28.9187,32.7059,3.7872
300M,chip_155_479_merged.tif,0.6,2,430534473,117,29.4445,32.5798,3.1353
300M,chip_155_479_merged.tif,0.6,3,49927842,117,29.5117,32.877,3.3653
300M,chip_155_479_merged.tif,0.6,4,1717465972,117,30.5296,32.4372,1.9076
300M,chip_155_479_merged.tif,0.8,0,808494426,156,29.0487,31.7548,2.7061
300M,chip_155_479_merged.tif,0.8,1,427887795,156,29.6372,30.47,0.8328
300M,chip_155_479_merged.tif,0.8,2,2095425925,156,29.2871,30.549,1.2619
300M,chip_155_479_merged.tif,0.8,3,1714819294,156,28.0905,31.1516,3.0611
300M,chip_155_479_merged.tif,0.8,4,1234873776,156,28.6704,30.561,1.8906
300M,chip_155_483_merged.tif,0.2,0,1797085132,39,34.8975,35.7943,0.8968
300M,chip_155_483_merged.tif,0.2,1,1416478501,39,34.6775,36.4799,1.8024
300M,chip_155_483_merged.tif,0.2,2,936532983,39,29.9727,36.5845,6.6117
300M,chip_155_483_merged.tif,0.2,3,555926352,39,31.8402,36.1305,4.2904
300M,chip_155_483_merged.tif,0.2,4,75980834,39,33.2311,36.6017,3.3706
300M,chip_155_483_merged.tif,0.4,0,1636469799,78,32.6472,35.569,2.9218
300M,chip_155_483_merged.tif,0.4,1,1156524281,78,31.3927,34.9897,3.597
300M,chip_155_483_merged.tif,0.4,2,775917650,78,32.0304,35.7074,3.6771
300M,chip_155_483_merged.tif,0.4,3,395311019,78,30.3649,35.4787,5.1138
300M,chip_155_483_merged.tif,0.4,4,2062849149,78,32.6446,35.101,2.4564
300M,chip_155_483_merged.tif,0.6,0,893171592,117,31.3867,34.8744,3.4877
300M,chip_155_483_merged.tif,0.6,1,512564961,117,32.0287,33.1179,1.0892
300M,chip_155_483_merged.tif,0.6,2,32619443,117,31.5357,34.3384,2.8027
300M,chip_155_483_merged.tif,0.6,3,1799496460,117,31.393,34.1791,2.786
300M,chip_155_483_merged.tif,0.6,4,1319550942,117,32.2699,35.1134,2.8435
300M,chip_155_483_merged.tif,0.8,0,410579396,156,31.2565,33.245,1.9884
300M,chip_155_483_merged.tif,0.8,1,29972765,156,31.3067,33.9245,2.6178
300M,chip_155_483_merged.tif,0.8,2,1697510895,156,31.6876,32.1832,0.4956
300M,chip_155_483_merged.tif,0.8,3,1316904264,156,31.9307,33.2906,1.3599
300M,chip_155_483_merged.tif,0.8,4,836958746,156,31.3178,33.1105,1.7927
300M,chip_156_008_merged.tif,0.2,0,1774081508,39,35.8581,37.682,1.8239
300M,chip_156_008_merged.tif,0.2,1,1294135990,39,33.6535,36.9379,3.2844
300M,chip_156_008_merged.tif,0.2,2,913529359,39,35.8539,38.0791,2.2252
300M,chip_156_008_merged.tif,0.2,3,532922728,39,36.0452,37.293,1.2478
300M,chip_156_008_merged.tif,0.2,4,52977210,39,36.0806,36.7432,0.6625
300M,chip_156_008_merged.tif,0.4,0,1613466175,78,36.6055,38.3959,1.7904
300M,chip_156_008_merged.tif,0.4,1,1133520657,78,33.742,37.7597,4.0177
300M,chip_156_008_merged.tif,0.4,2,752914026,78,35.2156,38.0104,2.7948
300M,chip_156_008_merged.tif,0.4,3,272968508,78,34.5846,37.9726,3.388
300M,chip_156_008_merged.tif,0.4,4,2039845525,78,35.1344,37.6481,2.5138
300M,chip_156_008_merged.tif,0.6,0,870167968,117,37.3954,36.6382,-0.7572
300M,chip_156_008_merged.tif,0.6,1,390222450,117,37.6473,37.9064,0.2591
300M,chip_156_008_merged.tif,0.6,2,9615819,117,35.2521,37.5376,2.2855
300M,chip_156_008_merged.tif,0.6,3,1677153949,117,35.9564,36.44,0.4836
300M,chip_156_008_merged.tif,0.6,4,1296547318,117,35.2332,36.8225,1.5893
300M,chip_156_008_merged.tif,0.8,0,387575772,156,35.6467,36.0921,0.4454
300M,chip_156_008_merged.tif,0.8,1,2055113902,156,36.2172,36.3339,0.1167
300M,chip_156_008_merged.tif,0.8,2,1674507271,156,34.7309,36.6968,1.9659
300M,chip_156_008_merged.tif,0.8,3,1293900640,156,35.4303,36.7451,1.3148
300M,chip_156_008_merged.tif,0.8,4,813955122,156,34.7381,36.4852,1.7471
300M,chip_157_480_merged.tif,0.2,0,1622649108,39,31.465,32.2343,0.7693
300M,chip_157_480_merged.tif,0.2,1,1242042477,39,30.4803,32.9636,2.4833
300M,chip_157_480_merged.tif,0.2,2,861435846,39,31.2374,33.0792,1.8418
300M,chip_157_480_merged.tif,0.2,3,381490328,39,31.6374,33.3936,1.7562
300M,chip_157_480_merged.tif,0.2,4,883697,39,32.6376,33.7717,1.1341
300M,chip_157_480_merged.tif,0.4,0,1462033775,78,31.4489,32.6082,1.1593
300M,chip_157_480_merged.tif,0.4,1,1081427144,78,30.7815,32.0761,1.2945
300M,chip_157_480_merged.tif,0.4,2,601481626,78,30.6885,32.2775,1.589
300M,chip_157_480_merged.tif,0.4,3,220874995,78,30.5101,32.2507,1.7406
300M,chip_157_480_merged.tif,0.4,4,1888413125,78,30.8963,32.2328,1.3365
300M,chip_157_480_merged.tif,0.6,0,718735568,117,30.9356,31.8917,0.9562
300M,chip_157_480_merged.tif,0.6,1,338128937,117,30.9119,32.2251,1.3132
300M,chip_157_480_merged.tif,0.6,2,2005667067,117,30.9342,31.9988,1.0646
300M,chip_157_480_merged.tif,0.6,3,1625060436,117,31.0826,32.3969,1.3143
300M,chip_157_480_merged.tif,0.6,4,1244453805,117,30.5666,31.4336,0.867
300M,chip_157_480_merged.tif,0.8,0,236143372,156,31.206,31.3786,0.1726
300M,chip_157_480_merged.tif,0.8,1,2003020389,156,31.201,31.5639,0.3629
300M,chip_157_480_merged.tif,0.8,2,1622413758,156,30.9623,31.3996,0.4374
300M,chip_157_480_merged.tif,0.8,3,1142468240,156,31.2664,31.4544,0.188
300M,chip_157_480_merged.tif,0.8,4,761861609,156,31.2672,31.4636,0.1964
300M,chip_159_403_merged.tif,0.2,0,956744612,39,35.6994,35.7229,0.0235
300M,chip_159_403_merged.tif,0.2,1,576137981,39,35.0599,37.3014,2.2415
300M,chip_159_403_merged.tif,0.2,2,96192463,39,36.5467,36.6135,0.0668
300M,chip_159_403_merged.tif,0.2,3,1863069480,39,33.83,37.0611,3.2311
300M,chip_159_403_merged.tif,0.2,4,1482462849,39,34.6885,36.6213,1.9328
300M,chip_159_403_merged.tif,0.4,0,796129279,78,33.9211,36.4278,2.5067
300M,chip_159_403_merged.tif,0.4,1,415522648,78,32.2231,35.7738,3.5508
300M,chip_159_403_merged.tif,0.4,2,2083060778,78,33.9805,35.7689,1.7884
300M,chip_159_403_merged.tif,0.4,3,1702454147,78,34.0149,36.1322,2.1172
300M,chip_159_403_merged.tif,0.4,4,1222508629,78,34.527,36.2289,1.7018
300M,chip_159_403_merged.tif,0.6,0,52831072,117,33.7917,35.4248,1.633
300M,chip_159_403_merged.tif,0.6,1,1819708089,117,34.6816,35.1242,0.4426
300M,chip_159_403_merged.tif,0.6,2,1339762571,117,34.7287,35.7201,0.9914
300M,chip_159_403_merged.tif,0.6,3,959155940,117,33.667,35.8264,2.1594
300M,chip_159_403_merged.tif,0.6,4,479210422,117,34.7225,36.5531,1.8306
300M,chip_159_403_merged.tif,0.8,0,864783661,156,34.4518,34.6588,0.2071
300M,chip_159_403_merged.tif,0.8,1,484177030,156,33.8697,34.2612,0.3915
300M,chip_159_403_merged.tif,0.8,2,103570399,156,33.8049,34.4645,0.6596
300M,chip_159_403_merged.tif,0.8,3,1771108529,156,33.7974,35.1474,1.35
300M,chip_159_403_merged.tif,0.8,4,1390501898,156,33.2127,35.1345,1.9219
300M,chip_159_406_merged.tif,0.2,0,377078620,39,34.0935,36.4621,2.3686
300M,chip_159_406_merged.tif,0.2,1,2044616750,39,32.9153,36.2728,3.3575
300M,chip_159_406_merged.tif,0.2,2,1664010119,39,32.771,36.5227,3.7517
300M,chip_159_406_merged.tif,0.2,3,1184064601,39,34.39,35.7415,1.3515
300M,chip_159_406_merged.tif,0.2,4,803457970,39,33.6157,36.202,2.5862
300M,chip_159_406_merged.tif,0.4,0,117124400,78,32.6003,35.8369,3.2367
300M,chip_159_406_merged.tif,0.4,1,1884001417,78,33.3724,35.2862,1.9138
300M,chip_159_406_merged.tif,0.4,2,1404055899,78,32.9588,35.8581,2.8993
300M,chip_159_406_merged.tif,0.4,3,1023449268,78,32.145,35.6343,3.4892
300M,chip_159_406_merged.tif,0.4,4,642842637,78,33.4164,33.9177,0.5012
300M,chip_159_406_merged.tif,0.6,0,1521309841,117,32.3855,34.8364,2.4509
300M,chip_159_406_merged.tif,0.6,1,1140703210,117,32.4054,34.6331,2.2277
300M,chip_159_406_merged.tif,0.6,2,760096579,117,33.0177,34.977,1.9593
300M,chip_159_406_merged.tif,0.6,3,280151061,117,32.3923,34.857,2.4647
300M,chip_159_406_merged.tif,0.6,4,2047028078,117,32.4461,35.4936,3.0475
300M,chip_159_406_merged.tif,0.8,0,1138056532,156,32.3973,33.9057,1.5084
300M,chip_159_406_merged.tif,0.8,1,658111014,156,32.9778,33.8305,0.8527
300M,chip_159_406_merged.tif,0.8,2,277504383,156,32.3704,33.6488,1.2784
300M,chip_159_406_merged.tif,0.8,3,1945042513,156,32.3447,33.6398,1.2951
300M,chip_159_406_merged.tif,0.8,4,1564435882,156,32.7597,33.9563,1.1966
300M,chip_160_591_merged.tif,0.2,0,611223734,39,30.7803,33.1246,2.3443
300M,chip_160_591_merged.tif,0.2,1,131278216,39,30.6246,33.3917,2.7671
300M,chip_160_591_merged.tif,0.2,2,1898155233,39,32.6059,33.2323,0.6264
300M,chip_160_591_merged.tif,0.2,3,1517548602,39,29.8187,34.0787,4.2601
300M,chip_160_591_merged.tif,0.2,4,1037603084,39,32.1054,34.0611,1.9557
300M,chip_160_591_merged.tif,0.4,0,1693432312,78,30.407,33.437,3.0301
300M,chip_160_591_merged.tif,0.4,1,1312825681,78,30.9821,32.4983,1.5162
300M,chip_160_591_merged.tif,0.4,2,932219050,78,30.8308,32.8013,1.9705
300M,chip_160_591_merged.tif,0.4,3,452273532,78,30.4061,32.6422,2.2361
300M,chip_160_591_merged.tif,0.4,4,71666901,78,31.5221,33.6326,2.1105
300M,chip_160_591_merged.tif,0.6,0,1854793842,117,30.5155,32.6727,2.1572
300M,chip_160_591_merged.tif,0.6,1,1374848324,117,30.6328,32.1858,1.5529
300M,chip_160_591_merged.tif,0.6,2,994241693,117,31.0759,32.2871,1.2112
300M,chip_160_591_merged.tif,0.6,3,514296175,117,31.0919,32.6586,1.5667
300M,chip_160_591_merged.tif,0.6,4,133689544,117,30.3519,32.5218,2.1699
300M,chip_160_591_merged.tif,0.8,0,1372201646,156,30.6575,31.5543,0.8968
300M,chip_160_591_merged.tif,0.8,1,892256128,156,30.6979,31.5792,0.8813
300M,chip_160_591_merged.tif,0.8,2,511649497,156,30.6985,32.0218,1.3233
300M,chip_160_591_merged.tif,0.8,3,131042866,156,30.5055,31.6169,1.1114
300M,chip_160_591_merged.tif,0.8,4,1798580996,156,30.6819,31.0647,0.3828
300M,chip_162_370_merged.tif,0.2,0,217808674,39,33.7232,37.4877,3.7645
300M,chip_162_370_merged.tif,0.2,1,1984685691,39,35.5178,36.6137,1.0959
300M,chip_162_370_merged.tif,0.2,2,1504740173,39,35.1687,37.1638,1.9951
300M,chip_162_370_merged.tif,0.2,3,1124133542,39,36.1903,36.5066,0.3163
300M,chip_162_370_merged.tif,0.2,4,644188024,39,36.2156,36.069,-0.1466
300M,chip_162_370_merged.tif,0.4,0,1399356139,78,34.1732,36.1599,1.9868
300M,chip_162_370_merged.tif,0.4,1,919410621,78,35.3908,36.3313,0.9404
300M,chip_162_370_merged.tif,0.4,2,538803990,78,35.4296,36.3394,0.9098
300M,chip_162_370_merged.tif,0.4,3,58858472,78,35.4299,36.7636,1.3337
300M,chip_162_370_merged.tif,0.4,4,1825735489,78,33.9851,36.4686,2.4835
300M,chip_162_370_merged.tif,0.6,0,1461378782,117,35.2274,36.2075,0.9801
300M,chip_162_370_merged.tif,0.6,1,981433264,117,35.2149,36.3838,1.1688
300M,chip_162_370_merged.tif,0.6,2,600826633,117,35.804,35.9431,0.1392
300M,chip_162_370_merged.tif,0.6,3,220220002,117,35.2355,35.858,0.6226
300M,chip_162_370_merged.tif,0.6,4,1887758132,117,35.2298,36.1052,0.8753
300M,chip_162_370_merged.tif,0.8,0,978786586,156,35.0479,35.6118,0.5639
300M,chip_162_370_merged.tif,0.8,1,598179955,156,35.0891,35.4104,0.3212
300M,chip_162_370_merged.tif,0.8,2,118234437,156,35.0938,35.6521,0.5584
300M,chip_162_370_merged.tif,0.8,3,1885111454,156,35.0325,35.0275,-0.005
300M,chip_162_370_merged.tif,0.8,4,1405165936,156,35.1052,35.4712,0.3659
300M,chip_162_406_merged.tif,0.2,0,1286495491,39,35.3586,35.818,0.4594
300M,chip_162_406_merged.tif,0.2,1,905888860,39,34.8496,37.2807,2.4311
300M,chip_162_406_merged.tif,0.2,2,425943342,39,35.9703,36.7767,0.8064
300M,chip_162_406_merged.tif,0.2,3,45336711,39,36.1406,36.3432,0.2026
300M,chip_162_406_merged.tif,0.2,4,1812213728,39,34.8497,36.5185,1.6688
300M,chip_162_406_merged.tif,0.4,0,1125880158,78,34.6094,37.427,2.8176
300M,chip_162_406_merged.tif,0.4,1,745273527,78,34.3039,37.1838,2.8799
300M,chip_162_406_merged.tif,0.4,2,265328009,78,34.6121,36.1133,1.5012
300M,chip_162_406_merged.tif,0.4,3,2032205026,78,34.9452,36.1813,1.2361
300M,chip_162_406_merged.tif,0.4,4,1552259508,78,35.0177,36.7282,1.7104
300M,chip_162_406_merged.tif,0.6,0,382581951,117,33.6058,36.2655,2.6597
300M,chip_162_406_merged.tif,0.6,1,1975320,117,34.2539,36.4677,2.2138
300M,chip_162_406_merged.tif,0.6,2,1669513450,117,34.2601,36.3001,2.04
300M,chip_162_406_merged.tif,0.6,3,1288906819,117,33.279,36.4448,3.1658
300M,chip_162_406_merged.tif,0.6,4,808961301,117,34.1361,36.8548,2.7187
300M,chip_162_406_merged.tif,0.8,0,1194534540,156,33.1232,35.8349,2.7117
300M,chip_162_406_merged.tif,0.8,1,813927909,156,34.2093,35.4652,1.2558
300M,chip_162_406_merged.tif,0.8,2,433321278,156,33.7243,35.9609,2.2366
300M,chip_162_406_merged.tif,0.8,3,2100859408,156,33.5598,35.4139,1.8542
300M,chip_162_406_merged.tif,0.8,4,1720252777,156,33.8361,35.4054,1.5694
300M,chip_163_371_merged.tif,0.2,0,1284515446,39,36.5495,37.256,0.7064
300M,chip_163_371_merged.tif,0.2,1,903908815,39,34.4383,37.2052,2.7668
300M,chip_163_371_merged.tif,0.2,2,423963297,39,34.772,37.7095,2.9375
300M,chip_163_371_merged.tif,0.2,3,43356666,39,35.2716,36.9061,1.6345
300M,chip_163_371_merged.tif,0.2,4,1710894796,39,35.2041,37.3596,2.1555
300M,chip_163_371_merged.tif,0.4,0,318579263,78,35.0073,36.3263,1.3191
300M,chip_163_371_merged.tif,0.4,1,1986117393,78,34.1935,36.6197,2.4261
300M,chip_163_371_merged.tif,0.4,2,1605510762,78,35.2296,37.4944,2.2649
300M,chip_163_371_merged.tif,0.4,3,1125565244,78,34.773,36.4256,1.6527
300M,chip_163_371_merged.tif,0.4,4,744958613,78,35.0709,36.4868,1.416
300M,chip_163_371_merged.tif,0.6,0,380601906,117,34.5838,36.2706,1.6868
300M,chip_163_371_merged.tif,0.6,1,2147478923,117,34.0234,35.9102,1.8868
300M,chip_163_371_merged.tif,0.6,2,1667533405,117,34.9412,36.0045,1.0633
300M,chip_163_371_merged.tif,0.6,3,1286926774,117,35.4305,36.3468,0.9163
300M,chip_163_371_merged.tif,0.6,4,806981256,117,35.0074,36.413,1.4056
300M,chip_163_371_merged.tif,0.8,0,2045493358,156,33.7201,36.2267,2.5066
300M,chip_163_371_merged.tif,0.8,1,1664886727,156,34.8795,35.4759,0.5965
300M,chip_163_371_merged.tif,0.8,2,1184941209,156,34.0604,35.5519,1.4916
300M,chip_163_371_merged.tif,0.8,3,804334578,156,33.7036,35.9912,2.2875
300M,chip_163_371_merged.tif,0.8,4,324389060,156,33.7237,35.703,1.9793
300M,chip_163_519_merged.tif,0.2,0,996138633,39,31.7085,33.7169,2.0084
300M,chip_163_519_merged.tif,0.2,1,516193115,39,31.7634,34.9477,3.1842
300M,chip_163_519_merged.tif,0.2,2,135586484,39,32.4022,34.7952,2.393
300M,chip_163_519_merged.tif,0.2,3,1803124614,39,33.1807,34.834,1.6533
300M,chip_163_519_merged.tif,0.2,4,1422517983,39,32.4026,33.416,1.0134
300M,chip_163_519_merged.tif,0.4,0,736184413,78,32.4352,34.0653,1.6301
300M,chip_163_519_merged.tif,0.4,1,355577782,78,31.6121,34.7389,3.1268
300M,chip_163_519_merged.tif,0.4,2,2023115912,78,31.3427,34.3137,2.971
300M,chip_163_519_merged.tif,0.4,3,1642509281,78,31.3429,34.512,3.1691
300M,chip_163_519_merged.tif,0.4,4,1261902650,78,32.0829,34.2103,2.1274
300M,chip_163_519_merged.tif,0.6,0,2140369854,117,31.9749,33.6418,1.6669
300M,chip_163_519_merged.tif,0.6,1,1759763223,117,31.9751,34.2548,2.2796
300M,chip_163_519_merged.tif,0.6,2,1279817705,117,31.567,33.9112,2.3442
300M,chip_163_519_merged.tif,0.6,3,899211074,117,31.5845,33.9983,2.4138
300M,chip_163_519_merged.tif,0.6,4,518604443,117,32.053,33.6674,1.6143
300M,chip_163_519_merged.tif,0.8,0,1757116545,156,31.546,33.0879,1.5419
300M,chip_163_519_merged.tif,0.8,1,1277171027,156,31.672,32.8468,1.1748
300M,chip_163_519_merged.tif,0.8,2,896564396,156,32.182,33.6202,1.4381
300M,chip_163_519_merged.tif,0.8,3,416618878,156,31.4655,32.7385,1.273
300M,chip_163_519_merged.tif,0.8,4,36012247,156,31.5593,32.5876,1.0284
300M,chip_163_537_merged.tif,0.2,0,867324778,39,34.6827,35.9732,1.2904
300M,chip_163_537_merged.tif,0.2,1,387379260,39,34.8167,37.5284,2.7117
300M,chip_163_537_merged.tif,0.2,2,6772629,39,34.5184,36.9025,2.3842
300M,chip_163_537_merged.tif,0.2,3,1674310759,39,35.4109,37.5463,2.1354
300M,chip_163_537_merged.tif,0.2,4,1293704128,39,34.4594,37.0338,2.5744
300M,chip_163_537_merged.tif,0.4,0,607370558,78,34.4548,36.6766,2.2219
300M,chip_163_537_merged.tif,0.4,1,226763927,78,34.5033,36.7569,2.2536
300M,chip_163_537_merged.tif,0.4,2,1894302057,78,34.9343,37.4225,2.4882
300M,chip_163_537_merged.tif,0.4,3,1513695426,78,34.4936,36.9843,2.4907
300M,chip_163_537_merged.tif,0.4,4,1133088795,78,34.5026,37.011,2.5084
300M,chip_163_537_merged.tif,0.6,0,2011555999,117,33.9039,36.5777,2.6738
300M,chip_163_537_merged.tif,0.6,1,1630949368,117,34.4207,35.9287,1.5081
300M,chip_163_537_merged.tif,0.6,2,1250342737,117,34.2442,35.9479,1.7037
300M,chip_163_537_merged.tif,0.6,3,770397219,117,33.9311,35.8294,1.8983
300M,chip_163_537_merged.tif,0.6,4,389790588,117,34.1898,35.9232,1.7334
300M,chip_163_537_merged.tif,0.8,0,1628302690,156,33.4933,35.6177,2.1244
300M,chip_163_537_merged.tif,0.8,1,1148357172,156,33.6187,35.6174,1.9987
300M,chip_163_537_merged.tif,0.8,2,767750541,156,33.6281,34.9658,1.3377
300M,chip_163_537_merged.tif,0.8,3,287805023,156,33.6197,35.5821,1.9623
300M,chip_163_537_merged.tif,0.8,4,2054682040,156,32.7545,35.0429,2.2884
300M,chip_163_593_merged.tif,0.2,0,2073877463,39,30.0732,33.7233,3.6501
300M,chip_163_593_merged.tif,0.2,1,1593931945,39,31.0975,32.9977,1.9001
300M,chip_163_593_merged.tif,0.2,2,1213325314,39,30.6737,33.603,2.9292
300M,chip_163_593_merged.tif,0.2,3,832718683,39,31.7423,32.6851,0.9428
300M,chip_163_593_merged.tif,0.2,4,352773165,39,30.4487,33.1732,2.7245
300M,chip_163_593_merged.tif,0.4,0,1913262130,78,30.2074,33.019,2.8116
300M,chip_163_593_merged.tif,0.4,1,1433316612,78,30.5533,31.9419,1.3886
300M,chip_163_593_merged.tif,0.4,2,1052709981,78,30.8808,32.9215,2.0407
300M,chip_163_593_merged.tif,0.4,3,572764463,78,31.2803,32.887,1.6066
300M,chip_163_593_merged.tif,0.4,4,192157832,78,30.8802,32.4543,1.5741
300M,chip_163_593_merged.tif,0.6,0,1169963923,117,30.8179,32.2514,1.4335
300M,chip_163_593_merged.tif,0.6,1,690018405,117,30.4462,32.4359,1.9897
300M,chip_163_593_merged.tif,0.6,2,309411774,117,31.075,32.1273,1.0524
300M,chip_163_593_merged.tif,0.6,3,1976949904,117,30.3747,31.8898,1.515
300M,chip_163_593_merged.tif,0.6,4,1596343273,117,31.0311,31.453,0.4218
300M,chip_163_593_merged.tif,0.8,0,687371727,156,30.4679,31.4037,0.9359
300M,chip_163_593_merged.tif,0.8,1,207426209,156,30.4619,31.6557,1.1938
300M,chip_163_593_merged.tif,0.8,2,1974303226,156,30.0978,31.4165,1.3187
300M,chip_163_593_merged.tif,0.8,3,1593696595,156,30.5926,31.4131,0.8205
300M,chip_163_593_merged.tif,0.8,4,1113751077,156,30.7527,31.2024,0.4497
300M,chip_164_475_merged.tif,0.2,0,1490576353,39,33.8044,34.732,0.9276
300M,chip_164_475_merged.tif,0.2,1,1109969722,39,32.2348,35.4286,3.1937
300M,chip_164_475_merged.tif,0.2,2,630024204,39,32.3589,33.8329,1.474
300M,chip_164_475_merged.tif,0.2,3,249417573,39,32.6464,34.6291,1.9827
300M,chip_164_475_merged.tif,0.2,4,1916955703,39,34.1594,35.3795,1.2201
300M,chip_164_475_merged.tif,0.4,0,524640170,78,33.6845,34.837,1.1525
300M,chip_164_475_merged.tif,0.4,1,44694652,78,33.5634,34.242,0.6785
300M,chip_164_475_merged.tif,0.4,2,1811571669,78,33.8521,34.9199,1.0679
300M,chip_164_475_merged.tif,0.4,3,1331626151,78,33.684,34.5479,0.8639
300M,chip_164_475_merged.tif,0.4,4,951019520,78,33.8452,34.9111,1.0659
300M,chip_164_475_merged.tif,0.6,0,586662813,117,33.4606,33.4791,0.0184
300M,chip_164_475_merged.tif,0.6,1,106717295,117,32.1937,34.5857,2.392
300M,chip_164_475_merged.tif,0.6,2,1873594312,117,32.241,34.5218,2.2808
300M,chip_164_475_merged.tif,0.6,3,1492987681,117,33.1822,34.1859,1.0037
300M,chip_164_475_merged.tif,0.6,4,1013042163,117,33.5674,34.4261,0.8587
300M,chip_164_475_merged.tif,0.8,0,104070617,156,32.8116,33.4045,0.5929
300M,chip_164_475_merged.tif,0.8,1,1870947634,156,32.3289,33.6203,1.2914
300M,chip_164_475_merged.tif,0.8,2,1391002116,156,32.5122,33.1418,0.6297
300M,chip_164_475_merged.tif,0.8,3,1010395485,156,32.8176,33.2127,0.3951
300M,chip_164_475_merged.tif,0.8,4,530449967,156,32.4816,33.3952,0.9136
300M,chip_165_403_merged.tif,0.2,0,2067019325,39,31.8995,34.7918,2.8923
300M,chip_165_403_merged.tif,0.2,1,1587073807,39,31.9001,35.0487,3.1485
300M,chip_165_403_merged.tif,0.2,2,1206467176,39,34.6457,34.2741,-0.3716
300M,chip_165_403_merged.tif,0.2,3,825860545,39,33.1859,34.6298,1.4439
300M,chip_165_403_merged.tif,0.2,4,345915027,39,33.1855,33.9454,0.7599
300M,chip_165_403_merged.tif,0.4,0,1906403992,78,32.3275,35.0666,2.7391
300M,chip_165_403_merged.tif,0.4,1,1426458474,78,32.5559,34.4963,1.9403
300M,chip_165_403_merged.tif,0.4,2,1045851843,78,33.3908,34.4125,1.0217
300M,chip_165_403_merged.tif,0.4,3,565906325,78,32.1863,35.0493,2.863
300M,chip_165_403_merged.tif,0.4,4,185299694,78,33.0721,34.8815,1.8094
300M,chip_165_403_merged.tif,0.6,0,1163105785,117,32.6816,34.4653,1.7837
300M,chip_165_403_merged.tif,0.6,1,683160267,117,32.9109,33.8891,0.9781
300M,chip_165_403_merged.tif,0.6,2,302553636,117,32.7954,34.1341,1.3387
300M,chip_165_403_merged.tif,0.6,3,1970091766,117,32.9013,33.818,0.9168
300M,chip_165_403_merged.tif,0.6,4,1589485135,117,32.6973,33.8344,1.1372
300M,chip_165_403_merged.tif,0.8,0,680513589,156,32.4748,32.9507,0.4759
300M,chip_165_403_merged.tif,0.8,1,200568071,156,32.7178,33.3348,0.617
300M,chip_165_403_merged.tif,0.8,2,1967445088,156,32.7195,33.7241,1.0046
300M,chip_165_403_merged.tif,0.8,3,1586838457,156,32.712,33.2538,0.5418
300M,chip_165_403_merged.tif,0.8,4,1106892939,156,32.4706,33.3894,0.9188
300M,chip_165_520_merged.tif,0.2,0,1189031376,39,32.7524,34.9283,2.1759
300M,chip_165_520_merged.tif,0.2,1,808424745,39,32.7534,36.0016,3.2481
300M,chip_165_520_merged.tif,0.2,2,427818114,39,33.5884,34.2709,0.6825
300M,chip_165_520_merged.tif,0.2,3,2095356244,39,32.8557,34.8928,2.0371
300M,chip_165_520_merged.tif,0.2,4,1714749613,39,32.717,35.6461,2.9291
300M,chip_165_520_merged.tif,0.4,0,223095193,78,32.1306,34.6109,2.4804
300M,chip_165_520_merged.tif,0.4,1,1989972210,78,32.2217,34.8774,2.6558
300M,chip_165_520_merged.tif,0.4,2,1510026692,78,32.4245,34.2621,1.8376
300M,chip_165_520_merged.tif,0.4,3,1129420061,78,32.7811,34.314,1.5329
300M,chip_165_520_merged.tif,0.4,4,649474543,78,32.8469,34.3325,1.4856
300M,chip_165_520_merged.tif,0.6,0,285117836,117,32.3023,34.0729,1.7706
300M,chip_165_520_merged.tif,0.6,1,2051994853,117,32.6708,33.9201,1.2492
300M,chip_165_520_merged.tif,0.6,2,1572049335,117,32.5671,34.3317,1.7646
300M,chip_165_520_merged.tif,0.6,3,1191442704,117,33.2413,34.4761,1.2347
300M,chip_165_520_merged.tif,0.6,4,810836073,117,32.4008,34.7507,2.3499
300M,chip_165_520_merged.tif,0.8,0,1950009288,156,32.3612,33.8428,1.4816
300M,chip_165_520_merged.tif,0.8,1,1569402657,156,32.7318,34.0095,1.2778
300M,chip_165_520_merged.tif,0.8,2,1188796026,156,32.4596,33.4318,0.9721
300M,chip_165_520_merged.tif,0.8,3,708850508,156,32.3435,33.8756,1.5321
300M,chip_165_520_merged.tif,0.8,4,328243877,156,32.7912,34.0562,1.265
300M,chip_165_524_merged.tif,0.2,0,268662703,39,35.9616,37.1019,1.1403
300M,chip_165_524_merged.tif,0.2,1,1936200833,39,35.4401,33.436,-2.0042
300M,chip_165_524_merged.tif,0.2,2,1555594202,39,33.8085,36.3404,2.5319
300M,chip_165_524_merged.tif,0.2,3,1174987571,39,32.6133,36.8427,4.2294
300M,chip_165_524_merged.tif,0.2,4,695042053,39,35.4402,36.053,0.6128
300M,chip_165_524_merged.tif,0.4,0,1350871281,78,33.5818,36.2646,2.6828
300M,chip_165_524_merged.tif,0.4,1,970264650,78,35.0476,36.03,0.9824
300M,chip_165_524_merged.tif,0.4,2,589658019,78,33.8746,34.497,0.6224
300M,chip_165_524_merged.tif,0.4,3,109712501,78,33.7776,36.2777,2.5001
300M,chip_165_524_merged.tif,0.4,4,1876589518,78,34.7299,36.365,1.6351
300M,chip_165_524_merged.tif,0.6,0,1512232811,117,33.2652,36.1256,2.8604
300M,chip_165_524_merged.tif,0.6,1,1032287293,117,34.4765,35.021,0.5446
300M,chip_165_524_merged.tif,0.6,2,651680662,117,34.2388,35.0543,0.8156
300M,chip_165_524_merged.tif,0.6,3,171735144,117,34.8721,35.9119,1.0398
300M,chip_165_524_merged.tif,0.6,4,1938612161,117,35.1065,35.2122,0.1057
300M,chip_165_524_merged.tif,0.8,0,1029640615,156,33.768,34.6946,0.9266
300M,chip_165_524_merged.tif,0.8,1,549695097,156,34.2171,35.2733,1.0562
300M,chip_165_524_merged.tif,0.8,2,169088466,156,33.7493,34.8298,1.0805
300M,chip_165_524_merged.tif,0.8,3,1935965483,156,34.4424,34.8496,0.4072
300M,chip_165_524_merged.tif,0.8,4,1456019965,156,33.7349,35.8424,2.1075
300M,chip_166_411_merged.tif,0.2,0,380510611,39,33.0931,35.2816,2.1884
300M,chip_166_411_merged.tif,0.2,1,2147387628,39,34.1193,35.7879,1.6686
300M,chip_166_411_merged.tif,0.2,2,1667442110,39,33.093,36.1475,3.0544
300M,chip_166_411_merged.tif,0.2,3,1286835479,39,33.0703,36.364,3.2937
300M,chip_166_411_merged.tif,0.2,4,906228848,39,34.364,35.8339,1.4699
300M,chip_166_411_merged.tif,0.4,0,1562058076,78,33.4951,35.0976,1.6025
300M,chip_166_411_merged.tif,0.4,1,1082112558,78,33.4968,35.3342,1.8374
300M,chip_166_411_merged.tif,0.4,2,701505927,78,33.4282,36.3151,2.8869
300M,chip_166_411_merged.tif,0.4,3,221560409,78,33.1653,34.0824,0.917
300M,chip_166_411_merged.tif,0.4,4,1988437426,78,33.4968,35.3107,1.8139
300M,chip_166_411_merged.tif,0.6,0,818759869,117,33.8094,34.1311,0.3217
300M,chip_166_411_merged.tif,0.6,1,338814351,117,33.2912,34.8229,1.5316
300M,chip_166_411_merged.tif,0.6,2,2105691368,117,33.6706,35.148,1.4775
300M,chip_166_411_merged.tif,0.6,3,1725084737,117,33.5751,34.6574,1.0822
300M,chip_166_411_merged.tif,0.6,4,1245139219,117,33.6771,35.1544,1.4773
300M,chip_166_411_merged.tif,0.8,0,336167673,156,32.8294,33.8795,1.0501
300M,chip_166_411_merged.tif,0.8,1,2103044690,156,33.2666,33.2316,-0.035
300M,chip_166_411_merged.tif,0.8,2,1623099172,156,33.6755,33.698,0.0225
300M,chip_166_411_merged.tif,0.8,3,1242492541,156,33.5016,33.6541,0.1525
300M,chip_166_411_merged.tif,0.8,4,762547023,156,33.2609,33.688,0.4272
300M,chip_166_524_merged.tif,0.2,0,1887228998,39,36.7917,36.5043,-0.2874
300M,chip_166_524_merged.tif,0.2,1,1407283480,39,34.2861,37.0245,2.7383
300M,chip_166_524_merged.tif,0.2,2,1026676849,39,34.8012,37.504,2.7029
300M,chip_166_524_merged.tif,0.2,3,546731331,39,34.3986,37.1757,2.7771
300M,chip_166_524_merged.tif,0.2,4,166124700,39,34.421,36.8056,2.3847
300M,chip_166_524_merged.tif,0.4,0,1627274778,78,35.945,36.6458,0.7008
300M,chip_166_524_merged.tif,0.4,1,1246668147,78,35.9527,36.2026,0.2498
300M,chip_166_524_merged.tif,0.4,2,766722629,78,35.951,36.9808,1.0298
300M,chip_166_524_merged.tif,0.4,3,386115998,78,36.2584,37.1926,0.9342
300M,chip_166_524_merged.tif,0.4,4,5509367,78,35.9517,36.5489,0.5972
300M,chip_166_524_merged.tif,0.6,0,883976571,117,34.5663,36.4495,1.8831
300M,chip_166_524_merged.tif,0.6,1,503369940,117,35.46,36.1158,0.6558
300M,chip_166_524_merged.tif,0.6,2,23424422,117,35.5408,36.3396,0.7987
300M,chip_166_524_merged.tif,0.6,3,1790301439,117,35.5379,36.6979,1.16
300M,chip_166_524_merged.tif,0.6,4,1409694808,117,35.8222,36.8767,1.0545
300M,chip_166_524_merged.tif,0.8,0,500723262,156,34.9334,35.7581,0.8247
300M,chip_166_524_merged.tif,0.8,1,20777744,156,34.9294,35.867,0.9376
300M,chip_166_524_merged.tif,0.8,2,1787654761,156,34.6595,35.5444,0.885
300M,chip_166_524_merged.tif,0.8,3,1307709243,156,34.9163,35.4089,0.4926
300M,chip_166_524_merged.tif,0.8,4,927102612,156,35.3041,35.7247,0.4206
300M,chip_166_587_merged.tif,0.2,0,2017458716,39,32.9921,34.3506,1.3584
300M,chip_166_587_merged.tif,0.2,1,1537513198,39,33.7312,35.9359,2.2047
300M,chip_166_587_merged.tif,0.2,2,1156906567,39,32.9918,34.7444,1.7526
300M,chip_166_587_merged.tif,0.2,3,676961049,39,32.3321,35.8134,3.4813
300M,chip_166_587_merged.tif,0.2,4,296354418,39,32.8918,34.0692,1.1774
300M,chip_166_587_merged.tif,0.4,0,1757504496,78,32.1247,34.3648,2.2402
300M,chip_166_587_merged.tif,0.4,1,1376897865,78,32.6852,34.6546,1.9694
300M,chip_166_587_merged.tif,0.4,2,996291234,78,33.0566,34.6501,1.5936
300M,chip_166_587_merged.tif,0.4,3,516345716,78,32.6851,34.2821,1.597
300M,chip_166_587_merged.tif,0.4,4,135739085,78,32.49,34.014,1.5241
300M,chip_166_587_merged.tif,0.6,0,1014206289,117,31.5472,33.5956,2.0484
300M,chip_166_587_merged.tif,0.6,1,633599658,117,31.6074,33.4761,1.8687
300M,chip_166_587_merged.tif,0.6,2,252993027,117,32.101,34.2579,2.1569
300M,chip_166_587_merged.tif,0.6,3,1920531157,117,32.2985,33.5425,1.244
300M,chip_166_587_merged.tif,0.6,4,1539924526,117,32.4438,33.9777,1.5338
300M,chip_166_587_merged.tif,0.8,0,630952980,156,32.1565,33.0606,0.9041
300M,chip_166_587_merged.tif,0.8,1,151007462,156,31.9522,32.2735,0.3213
300M,chip_166_587_merged.tif,0.8,2,1917884479,156,31.8659,33.0675,1.2016
300M,chip_166_587_merged.tif,0.8,3,1437938961,156,32.4212,32.9839,0.5627
300M,chip_166_587_merged.tif,0.8,4,1057332330,156,31.9279,32.6876,0.7597
300M,chip_167_340_merged.tif,0.2,0,854641063,39,32.4874,36.581,4.0935
300M,chip_167_340_merged.tif,0.2,1,374695545,39,33.9267,37.0302,3.1035
300M,chip_167_340_merged.tif,0.2,2,2141572562,39,34.4677,36.0924,1.6247
300M,chip_167_340_merged.tif,0.2,3,1760965931,39,35.472,36.8079,1.3359
300M,chip_167_340_merged.tif,0.2,4,1281020413,39,32.7478,36.6931,3.9453
300M,chip_167_340_merged.tif,0.4,0,694025730,78,33.8488,35.9852,2.1365
300M,chip_167_340_merged.tif,0.4,1,214080212,78,34.6919,35.2463,0.5543
300M,chip_167_340_merged.tif,0.4,2,1980957229,78,34.2671,35.3601,1.093
300M,chip_167_340_merged.tif,0.4,3,1501011711,78,33.3852,35.9704,2.5852
300M,chip_167_340_merged.tif,0.4,4,1120405080,78,33.622,35.9725,2.3505
300M,chip_167_340_merged.tif,0.6,0,2098211171,117,33.6181,35.0818,1.4637
300M,chip_167_340_merged.tif,0.6,1,1618265653,117,33.9264,35.221,1.2947
300M,chip_167_340_merged.tif,0.6,2,1237659022,117,33.956,35.1535,1.1975
300M,chip_167_340_merged.tif,0.6,3,757713504,117,34.0311,34.8943,0.8632
300M,chip_167_340_merged.tif,0.6,4,377106873,117,33.6038,35.1731,1.5693
300M,chip_167_340_merged.tif,0.8,0,1615618975,156,33.6771,34.5299,0.8528
300M,chip_167_340_merged.tif,0.8,1,1135673457,156,32.8585,34.3839,1.5254
300M,chip_167_340_merged.tif,0.8,2,755066826,156,33.7502,34.6981,0.9479
300M,chip_167_340_merged.tif,0.8,3,374460195,156,33.5053,34.151,0.6457
300M,chip_167_340_merged.tif,0.8,4,2041998325,156,33.7538,34.3993,0.6455
300M,chip_167_411_merged.tif,0.2,0,1100744880,39,33.4966,36.2871,2.7905
300M,chip_167_411_merged.tif,0.2,1,620799362,39,33.7329,37.2273,3.4944
300M,chip_167_411_merged.tif,0.2,2,240192731,39,35.9562,36.8063,0.8501
300M,chip_167_411_merged.tif,0.2,3,2007069748,39,35.9878,36.5695,0.5817
300M,chip_167_411_merged.tif,0.2,4,1527124230,39,34.411,36.9872,2.5762
300M,chip_167_411_merged.tif,0.4,0,35469810,78,32.914,36.3401,3.426
300M,chip_167_411_merged.tif,0.4,1,1802346827,78,32.9131,35.357,2.4439
300M,chip_167_411_merged.tif,0.4,2,1322401309,78,33.1065,36.1754,3.0689
300M,chip_167_411_merged.tif,0.4,3,941794678,78,32.9808,36.4325,3.4518
300M,chip_167_411_merged.tif,0.4,4,561188047,78,33.703,35.1709,1.4679
300M,chip_167_411_merged.tif,0.6,0,196831340,117,33.6508,35.4736,1.8228
300M,chip_167_411_merged.tif,0.6,1,1864369470,117,34.0275,35.8945,1.867
300M,chip_167_411_merged.tif,0.6,2,1483762839,117,33.2362,35.8001,2.5639
300M,chip_167_411_merged.tif,0.6,3,1003817321,117,34.1966,35.9112,1.7147
300M,chip_167_411_merged.tif,0.6,4,623210690,117,34.5164,35.7135,1.1972
300M,chip_167_411_merged.tif,0.8,0,1861722792,156,33.9917,34.588,0.5963
300M,chip_167_411_merged.tif,0.8,1,1381777274,156,33.7296,34.021,0.2914
300M,chip_167_411_merged.tif,0.8,2,1001170643,156,33.7288,34.9117,1.1829
300M,chip_167_411_merged.tif,0.8,3,521225125,156,34.0175,35.4342,1.4167
300M,chip_167_411_merged.tif,0.8,4,140618494,156,32.7701,34.505,1.7349
300M,chip_167_437_merged.tif,0.2,0,353158887,39,35.6553,37.8234,2.1681
300M,chip_167_437_merged.tif,0.2,1,2020697017,39,35.1543,37.8269,2.6726
300M,chip_167_437_merged.tif,0.2,2,1640090386,39,35.8762,36.9896,1.1134
300M,chip_167_437_merged.tif,0.2,3,1259483755,39,34.507,36.6359,2.1289
300M,chip_167_437_merged.tif,0.2,4,779538237,39,34.8238,37.238,2.4141
300M,chip_167_437_merged.tif,0.4,0,192543554,78,35.0819,37.7574,2.6756
300M,chip_167_437_merged.tif,0.4,1,1860081684,78,34.5072,36.9593,2.4521
300M,chip_167_437_merged.tif,0.4,2,1479475053,78,34.7654,36.6869,1.9215
300M,chip_167_437_merged.tif,0.4,3,999529535,78,35.0006,36.8702,1.8696
300M,chip_167_437_merged.tif,0.4,4,618922904,78,35.0002,36.9412,1.941
300M,chip_167_437_merged.tif,0.6,0,1596728995,117,35.2638,36.44,1.1761
300M,chip_167_437_merged.tif,0.6,1,1116783477,117,35.3814,37.1528,1.7714
300M,chip_167_437_merged.tif,0.6,2,736176846,117,35.4313,36.2173,0.786
300M,chip_167_437_merged.tif,0.6,3,256231328,117,35.4363,36.991,1.5547
300M,chip_167_437_merged.tif,0.6,4,2023108345,117,35.3258,36.9792,1.6534
300M,chip_167_437_merged.tif,0.8,0,1114136799,156,34.8916,36.1762,1.2846
300M,chip_167_437_merged.tif,0.8,1,634191281,156,34.898,35.8205,0.9226
300M,chip_167_437_merged.tif,0.8,2,253584650,156,34.6445,35.8538,1.2093
300M,chip_167_437_merged.tif,0.8,3,2020461667,156,34.8671,36.0644,1.1972
300M,chip_167_437_merged.tif,0.8,4,1540516149,156,35.1321,36.0718,0.9396
300M,chip_169_398_merged.tif,0.2,0,1382958869,39,36.9012,38.9545,2.0534
300M,chip_169_398_merged.tif,0.2,1,1002352238,39,37.0336,39.2574,2.2239
300M,chip_169_398_merged.tif,0.2,2,522406720,39,37.0985,39.161,2.0625
300M,chip_169_398_merged.tif,0.2,3,141800089,39,36.4618,39.1668,2.705
300M,chip_169_398_merged.tif,0.2,4,1908677106,39,36.4613,38.9373,2.476
300M,chip_169_398_merged.tif,0.4,0,417022686,78,36.6697,38.4723,1.8026
300M,chip_169_398_merged.tif,0.4,1,2084560816,78,36.1307,38.39,2.2593
300M,chip_169_398_merged.tif,0.4,2,1703954185,78,35.7305,38.7601,3.0296
300M,chip_169_398_merged.tif,0.4,3,1224008667,78,37.7711,39.1251,1.354
300M,chip_169_398_merged.tif,0.4,4,843402036,78,38.2342,39.0692,0.8351
300M,chip_169_398_merged.tif,0.6,0,479045329,117,38.126,38.6115,0.4855
300M,chip_169_398_merged.tif,0.6,1,98438698,117,36.2178,38.5301,2.3123
300M,chip_169_398_merged.tif,0.6,2,1765976828,117,36.634,38.5187,1.8847
300M,chip_169_398_merged.tif,0.6,3,1385370197,117,37.6392,38.4008,0.7617
300M,chip_169_398_merged.tif,0.6,4,905424679,117,36.5246,38.8446,2.32
300M,chip_169_398_merged.tif,0.8,0,2143936781,156,36.8017,37.2728,0.471
300M,chip_169_398_merged.tif,0.8,1,1763330150,156,36.7333,37.7283,0.9949
300M,chip_169_398_merged.tif,0.8,2,1283384632,156,36.8065,37.4166,0.6101
300M,chip_169_398_merged.tif,0.8,3,902778001,156,36.7729,37.975,1.2021
300M,chip_169_398_merged.tif,0.8,4,522171370,156,36.7896,37.6227,0.8331
300M,chip_169_407_merged.tif,0.2,0,412869468,39,35.9443,37.7697,1.8254
300M,chip_169_407_merged.tif,0.2,1,32262837,39,35.7827,37.4547,1.672
300M,chip_169_407_merged.tif,0.2,2,1699800967,39,34.7471,37.3435,2.5964
300M,chip_169_407_merged.tif,0.2,3,1319194336,39,33.4064,37.4524,4.046
300M,chip_169_407_merged.tif,0.2,4,839248818,39,35.0416,36.5917,1.5501
300M,chip_169_407_merged.tif,0.4,0,252254135,78,34.2046,36.2355,2.0309
300M,chip_169_407_merged.tif,0.4,1,1919792265,78,34.5785,36.4707,1.8922
300M,chip_169_407_merged.tif,0.4,2,1539185634,78,34.7546,37.1663,2.4116
300M,chip_169_407_merged.tif,0.4,3,1158579003,78,34.1529,36.4743,2.3215
300M,chip_169_407_merged.tif,0.4,4,678633485,78,34.4672,36.128,1.6608
300M,chip_169_407_merged.tif,0.6,0,1656439576,117,34.3279,36.2441,1.9162
300M,chip_169_407_merged.tif,0.6,1,1176494058,117,34.3859,36.5272,2.1413
300M,chip_169_407_merged.tif,0.6,2,795887427,117,33.866,36.1989,2.3329
300M,chip_169_407_merged.tif,0.6,3,415280796,117,34.335,36.1164,1.7814
300M,chip_169_407_merged.tif,0.6,4,2082818926,117,34.7398,35.8664,1.1267
300M,chip_169_407_merged.tif,0.8,0,1173847380,156,34.2198,34.957,0.7372
300M,chip_169_407_merged.tif,0.8,1,793240749,156,33.8524,35.4751,1.6227
300M,chip_169_407_merged.tif,0.8,2,313295231,156,33.8694,35.1268,1.2574
300M,chip_169_407_merged.tif,0.8,3,2080172248,156,33.8629,35.745,1.8821
300M,chip_169_407_merged.tif,0.8,4,1600226730,156,34.1933,35.3917,1.1984
300M,chip_170_579_merged.tif,0.2,0,1871639300,39,37.054,39.2668,2.2128
300M,chip_170_579_merged.tif,0.2,1,1391693782,39,35.9957,38.9706,2.9748
300M,chip_170_579_merged.tif,0.2,2,1011087151,39,39.2527,38.6704,-0.5823
300M,chip_170_579_merged.tif,0.2,3,531141633,39,38.7806,38.5091,-0.2715
300M,chip_170_579_merged.tif,0.2,4,150535002,39,38.7101,39.3965,0.6863
300M,chip_170_579_merged.tif,0.4,0,806364230,78,37.8239,39.5897,1.7658
300M,chip_170_579_merged.tif,0.4,1,425757599,78,38.3242,39.194,0.8698
300M,chip_170_579_merged.tif,0.4,2,2093295729,78,38.9666,38.5078,-0.4588
300M,chip_170_579_merged.tif,0.4,3,1712689098,78,38.0978,39.2177,1.1199
300M,chip_170_579_merged.tif,0.4,4,1232743580,78,37.8228,38.6417,0.8189
300M,chip_170_579_merged.tif,0.6,0,868386873,117,38.5731,38.9426,0.3695
300M,chip_170_579_merged.tif,0.6,1,487780242,117,38.9206,38.6984,-0.2223
300M,chip_170_579_merged.tif,0.6,2,107173611,117,38.544,38.7037,0.1597
300M,chip_170_579_merged.tif,0.6,3,1774711741,117,38.588,39.0667,0.4787
300M,chip_170_579_merged.tif,0.6,4,1394105110,117,38.8635,38.8241,-0.0394
300M,chip_170_579_merged.tif,0.8,0,485133564,156,38.2909,38.5982,0.3073
300M,chip_170_579_merged.tif,0.8,1,5188046,156,38.6719,38.9614,0.2895
300M,chip_170_579_merged.tif,0.8,2,1772065063,156,38.5502,38.8953,0.3451
300M,chip_170_579_merged.tif,0.8,3,1292119545,156,38.5434,38.8625,0.3191
300M,chip_170_579_merged.tif,0.8,4,911512914,156,38.2819,38.7508,0.4689
300M,chip_171_346_merged.tif,0.2,0,1790590622,39,33.284,34.8722,1.5883
300M,chip_171_346_merged.tif,0.2,1,1409983991,39,33.5976,35.8292,2.2316
300M,chip_171_346_merged.tif,0.2,2,930038473,39,33.1951,35.9221,2.727
300M,chip_171_346_merged.tif,0.2,3,549431842,39,34.0676,35.9443,1.8767
300M,chip_171_346_merged.tif,0.2,4,69486324,39,34.7393,35.2982,0.5589
300M,chip_171_346_merged.tif,0.4,0,1629975289,78,32.3579,35.9009,3.543
300M,chip_171_346_merged.tif,0.4,1,1150029771,78,32.358,35.354,2.996
300M,chip_171_346_merged.tif,0.4,2,769423140,78,33.5835,35.0946,1.5111
300M,chip_171_346_merged.tif,0.4,3,289477622,78,32.3577,35.1834,2.8257
300M,chip_171_346_merged.tif,0.4,4,2056354639,78,33.1955,35.0632,1.8677
300M,chip_171_346_merged.tif,0.6,0,886677082,117,33.2975,34.4688,1.1713
300M,chip_171_346_merged.tif,0.6,1,406731564,117,33.3304,35.0868,1.7564
300M,chip_171_346_merged.tif,0.6,2,26124933,117,32.9936,34.4704,1.4767
300M,chip_171_346_merged.tif,0.6,3,1693663063,117,32.6463,33.9828,1.3365
300M,chip_171_346_merged.tif,0.6,4,1313056432,117,33.1776,34.485,1.3075
300M,chip_171_346_merged.tif,0.8,0,404084886,156,33.2228,33.5524,0.3296
300M,chip_171_346_merged.tif,0.8,1,23478255,156,33.2657,33.4507,0.185
300M,chip_171_346_merged.tif,0.8,2,1691016385,156,32.882,34.3945,1.5124
300M,chip_171_346_merged.tif,0.8,3,1310409754,156,33.2647,33.5832,0.3184
300M,chip_171_346_merged.tif,0.8,4,830464236,156,32.8681,33.8403,0.9722
300M,chip_171_431_merged.tif,0.2,0,989866239,39,36.7139,38.154,1.4401
300M,chip_171_431_merged.tif,0.2,1,509920721,39,34.373,38.4149,4.0419
300M,chip_171_431_merged.tif,0.2,2,129314090,39,36.2816,38.4768,2.1952
300M,chip_171_431_merged.tif,0.2,3,1796852220,39,36.1947,38.5303,2.3356
300M,chip_171_431_merged.tif,0.2,4,1416245589,39,35.2985,38.0794,2.7809
300M,chip_171_431_merged.tif,0.4,0,2072074817,78,34.2245,36.4983,2.2739
300M,chip_171_431_merged.tif,0.4,1,1691468186,78,35.4619,37.3184,1.8565
300M,chip_171_431_merged.tif,0.4,2,1211522668,78,35.463,37.1646,1.7015
300M,chip_171_431_merged.tif,0.4,3,830916037,78,35.4896,37.4238,1.9342
300M,chip_171_431_merged.tif,0.4,4,350970519,78,35.4892,37.3076,1.8184
300M,chip_171_431_merged.tif,0.6,0,2134097460,117,34.7625,37.2478,2.4854
300M,chip_171_431_merged.tif,0.6,1,1753490829,117,34.8389,36.9918,2.153
300M,chip_171_431_merged.tif,0.6,2,1372884198,117,34.5444,36.8354,2.291
300M,chip_171_431_merged.tif,0.6,3,892938680,117,33.7929,37.0438,3.2509
300M,chip_171_431_merged.tif,0.6,4,512332049,117,34.9571,36.8673,1.9102
300M,chip_171_431_merged.tif,0.8,0,1750844151,156,33.9111,34.9091,0.998
300M,chip_171_431_merged.tif,0.8,1,1270898633,156,33.9837,35.8034,1.8197
300M,chip_171_431_merged.tif,0.8,2,890292002,156,34.1995,35.4576,1.2581
300M,chip_171_431_merged.tif,0.8,3,410346484,156,33.8967,35.0073,1.1107
300M,chip_171_431_merged.tif,0.8,4,29739853,156,34.1531,35.7346,1.5815
300M,chip_171_586_merged.tif,0.2,0,617978429,39,31.9001,34.3936,2.4935
300M,chip_171_586_merged.tif,0.2,1,138032911,39,31.0998,35.0267,3.927
300M,chip_171_586_merged.tif,0.2,2,1904909928,39,34.0584,35.4174,1.359
300M,chip_171_586_merged.tif,0.2,3,1424964410,39,33.8013,35.8654,2.0641
300M,chip_171_586_merged.tif,0.2,4,1044357779,39,32.7364,35.5118,2.7755
300M,chip_171_586_merged.tif,0.4,0,1700187007,78,33.3367,35.5111,2.1744
300M,chip_171_586_merged.tif,0.4,1,1319580376,78,31.7835,34.7063,2.9228
300M,chip_171_586_merged.tif,0.4,2,839634858,78,34.626,35.2926,0.6666
300M,chip_171_586_merged.tif,0.4,3,459028227,78,34.2569,35.5913,1.3343
300M,chip_171_586_merged.tif,0.4,4,2126566357,78,32.4443,35.3404,2.896
300M,chip_171_586_merged.tif,0.6,0,1762209650,117,34.6503,34.7256,0.0753
300M,chip_171_586_merged.tif,0.6,1,1381603019,117,34.2397,34.2569,0.0172
300M,chip_171_586_merged.tif,0.6,2,1000996388,117,34.0402,34.5194,0.4792
300M,chip_171_586_merged.tif,0.6,3,521050870,117,34.272,34.5257,0.2537
300M,chip_171_586_merged.tif,0.6,4,140444239,117,31.5669,35.3023,3.7353
300M,chip_171_586_merged.tif,0.8,0,1378956341,156,32.6945,33.6025,0.908
300M,chip_171_586_merged.tif,0.8,1,899010823,156,33.2377,34.3071,1.0694
300M,chip_171_586_merged.tif,0.8,2,518404192,156,31.8024,33.8638,2.0615
300M,chip_171_586_merged.tif,0.8,3,38458674,156,32.693,33.5335,0.8405
300M,chip_171_586_merged.tif,0.8,4,1805335691,156,33.2305,33.7165,0.486
300M,chip_172_154_merged.tif,0.2,0,2086326903,39,28.1054,32.3,4.1946
300M,chip_172_154_merged.tif,0.2,1,1705720272,39,30.3474,33.2168,2.8694
300M,chip_172_154_merged.tif,0.2,2,1225774754,39,28.374,33.0196,4.6457
300M,chip_172_154_merged.tif,0.2,3,845168123,39,30.3471,32.0037,1.6566
300M,chip_172_154_merged.tif,0.2,4,365222605,39,28.7291,31.2591,2.53
300M,chip_172_154_merged.tif,0.4,0,1925711570,78,29.0886,31.7092,2.6206
300M,chip_172_154_merged.tif,0.4,1,1545104939,78,29.0387,31.1583,2.1196
300M,chip_172_154_merged.tif,0.4,2,1065159421,78,29.0995,31.2474,2.1479
300M,chip_172_154_merged.tif,0.4,3,684552790,78,28.9837,31.1992,2.2155
300M,chip_172_154_merged.tif,0.4,4,204607272,78,28.6286,31.8378,3.2092
300M,chip_172_154_merged.tif,0.6,0,1182413363,117,28.9382,30.7903,1.852
300M,chip_172_154_merged.tif,0.6,1,801806732,117,28.5616,30.3266,1.7651
300M,chip_172_154_merged.tif,0.6,2,321861214,117,28.541,30.5094,1.9684
300M,chip_172_154_merged.tif,0.6,3,2088738231,117,28.8264,30.25,1.4236
300M,chip_172_154_merged.tif,0.6,4,1608792713,117,28.5153,30.9529,2.4375
300M,chip_172_154_merged.tif,0.8,0,699821167,156,28.8263,29.8012,0.9749
300M,chip_172_154_merged.tif,0.8,1,319214536,156,28.2998,29.8647,1.5649
300M,chip_172_154_merged.tif,0.8,2,1986752666,156,28.8235,29.9003,1.0767
300M,chip_172_154_merged.tif,0.8,3,1606146035,156,28.3132,29.765,1.4518
300M,chip_172_154_merged.tif,0.8,4,1126200517,156,28.3011,29.2885,0.9874
300M,chip_173_503_merged.tif,0.2,0,148438781,39,35.0691,36.6564,1.5874
300M,chip_173_503_merged.tif,0.2,1,1815976911,39,34.3473,36.3562,2.0089
300M,chip_173_503_merged.tif,0.2,2,1435370280,39,33.74,36.3063,2.5663
300M,chip_173_503_merged.tif,0.2,3,1054763649,39,33.8314,36.3878,2.5564
300M,chip_173_503_merged.tif,0.2,4,574818131,39,33.9291,35.4838,1.5547
300M,chip_173_503_merged.tif,0.4,0,2135307096,78,33.0593,35.7712,2.7119
300M,chip_173_503_merged.tif,0.4,1,1655361578,78,34.2784,35.9467,1.6683
300M,chip_173_503_merged.tif,0.4,2,1274754947,78,34.0749,35.4116,1.3367
300M,chip_173_503_merged.tif,0.4,3,794809429,78,33.9247,36.218,2.2933
300M,chip_173_503_merged.tif,0.4,4,414202798,78,33.8625,36.531,2.6685
300M,chip_173_503_merged.tif,0.6,0,1392008889,117,33.981,35.3661,1.385
300M,chip_173_503_merged.tif,0.6,1,912063371,117,34.1785,35.1596,0.9812
300M,chip_173_503_merged.tif,0.6,2,531456740,117,33.9701,35.3147,1.3446
300M,chip_173_503_merged.tif,0.6,3,51511222,117,34.157,35.1542,0.9972
300M,chip_173_503_merged.tif,0.6,4,1818388239,117,33.879,35.2564,1.3775
300M,chip_173_503_merged.tif,0.8,0,909416693,156,33.2705,34.9793,1.7088
300M,chip_173_503_merged.tif,0.8,1,429471175,156,33.5433,35.0534,1.5101
300M,chip_173_503_merged.tif,0.8,2,48864544,156,33.8601,34.5791,0.7191
300M,chip_173_503_merged.tif,0.8,3,1815741561,156,33.5448,34.525,0.9802
300M,chip_173_503_merged.tif,0.8,4,1335796043,156,33.3908,35.1083,1.7175
300M,chip_173_586_merged.tif,0.2,0,876190580,39,32.6623,34.7925,2.1302
300M,chip_173_586_merged.tif,0.2,1,396245062,39,32.1998,35.7041,3.5043
300M,chip_173_586_merged.tif,0.2,2,15638431,39,33.2729,34.365,1.0921
300M,chip_173_586_merged.tif,0.2,3,1782515448,39,33.091,35.0204,1.9294
300M,chip_173_586_merged.tif,0.2,4,1302569930,39,32.0727,33.7436,1.6708
300M,chip_173_586_merged.tif,0.4,0,1958399158,78,31.6893,33.6202,1.9309
300M,chip_173_586_merged.tif,0.4,1,1577792527,78,31.6885,34.2892,2.6006
300M,chip_173_586_merged.tif,0.4,2,1097847009,78,32.3895,34.4539,2.0644
300M,chip_173_586_merged.tif,0.4,3,717240378,78,31.609,33.7933,2.1843
300M,chip_173_586_merged.tif,0.4,4,336633747,78,31.5787,34.0885,2.5098
300M,chip_173_586_merged.tif,0.6,0,1215100951,117,31.6578,33.9875,2.3297
300M,chip_173_586_merged.tif,0.6,1,834494320,117,31.7047,33.6994,1.9947
300M,chip_173_586_merged.tif,0.6,2,354548802,117,31.7981,33.7686,1.9705
300M,chip_173_586_merged.tif,0.6,3,2121425819,117,31.6457,34.0727,2.427
300M,chip_173_586_merged.tif,0.6,4,1740819188,117,31.5655,33.4771,1.9115
300M,chip_173_586_merged.tif,0.8,0,831847642,156,31.4834,32.8301,1.3467
300M,chip_173_586_merged.tif,0.8,1,351902124,156,31.1411,32.8974,1.7563
300M,chip_173_586_merged.tif,0.8,2,2118779141,156,31.4886,32.8406,1.352
300M,chip_173_586_merged.tif,0.8,3,1638833623,156,31.4947,32.7111,1.2164
300M,chip_173_586_merged.tif,0.8,4,1258226992,156,31.0423,32.9431,1.9008
300M,chip_174_360_merged.tif,0.2,0,831804690,39,34.5329,35.7563,1.2234
300M,chip_174_360_merged.tif,0.2,1,451198059,39,34.2411,35.7236,1.4824
300M,chip_174_360_merged.tif,0.2,2,70591428,39,34.551,35.1801,0.6291
300M,chip_174_360_merged.tif,0.2,3,1738129558,39,32.7877,36.0996,3.3119
300M,chip_174_360_merged.tif,0.2,4,1357522927,39,32.1623,35.1293,2.9671
300M,chip_174_360_merged.tif,0.4,0,671189357,78,33.8629,35.8323,1.9695
300M,chip_174_360_merged.tif,0.4,1,290582726,78,34.5304,35.8014,1.271
300M,chip_174_360_merged.tif,0.4,2,1958120856,78,33.9333,34.9299,0.9965
300M,chip_174_360_merged.tif,0.4,3,1577514225,78,32.5495,35.8774,3.3279
300M,chip_174_360_merged.tif,0.4,4,1097568707,78,33.6453,35.3939,1.7486
300M,chip_174_360_merged.tif,0.6,0,2075374798,117,33.3803,34.9,1.5198
300M,chip_174_360_merged.tif,0.6,1,1694768167,117,33.4166,35.1431,1.7265
300M,chip_174_360_merged.tif,0.6,2,1214822649,117,33.3852,35.1707,1.7855
300M,chip_174_360_merged.tif,0.6,3,834216018,117,34.1233,34.8233,0.7001
300M,chip_174_360_merged.tif,0.6,4,453609387,117,33.458,35.2529,1.7949
300M,chip_174_360_merged.tif,0.8,0,1592782602,156,33.488,34.4179,0.9299
300M,chip_174_360_merged.tif,0.8,1,1212175971,156,33.3275,34.5387,1.2112
300M,chip_174_360_merged.tif,0.8,2,831569340,156,33.3643,34.1927,0.8284
300M,chip_174_360_merged.tif,0.8,3,351623822,156,33.2538,34.0561,0.8023
300M,chip_174_360_merged.tif,0.8,4,2118500839,156,33.326,34.1425,0.8165
300M,chip_174_408_merged.tif,0.2,0,1478048883,39,35.058,36.1011,1.0431
300M,chip_174_408_merged.tif,0.2,1,998103365,39,35.7762,36.8919,1.1157
300M,chip_174_408_merged.tif,0.2,2,617496734,39,35.7746,36.8439,1.0693
300M,chip_174_408_merged.tif,0.2,3,137551216,39,33.2645,36.9297,3.6652
300M,chip_174_408_merged.tif,0.2,4,1904428233,39,32.468,36.6467,4.1787
300M,chip_174_408_merged.tif,0.4,0,1317433550,78,33.5881,35.9379,2.3499
300M,chip_174_408_merged.tif,0.4,1,837488032,78,31.7882,36.2046,4.4164
300M,chip_174_408_merged.tif,0.4,2,456881401,78,34.4444,36.2716,1.8271
300M,chip_174_408_merged.tif,0.4,3,2124419531,78,35.175,36.4507,1.2757
300M,chip_174_408_merged.tif,0.4,4,1743812900,78,31.9742,36.7277,4.7535
300M,chip_174_408_merged.tif,0.6,0,574135343,117,34.3775,35.4649,1.0874
300M,chip_174_408_merged.tif,0.6,1,94189825,117,34.1632,36.1451,1.9819
300M,chip_174_408_merged.tif,0.6,2,1861066842,117,33.6593,34.7636,1.1042
300M,chip_174_408_merged.tif,0.6,3,1381121324,117,34.2926,35.6782,1.3856
300M,chip_174_408_merged.tif,0.6,4,1000514693,117,34.0095,35.5526,1.5431
300M,chip_174_408_merged.tif,0.8,0,91543147,156,33.7698,33.9685,0.1986
300M,chip_174_408_merged.tif,0.8,1,1759081277,156,32.6168,34.1326,1.5158
300M,chip_174_408_merged.tif,0.8,2,1378474646,156,33.7706,34.587,0.8165
300M,chip_174_408_merged.tif,0.8,3,898529128,156,33.852,34.0809,0.2289
300M,chip_174_408_merged.tif,0.8,4,517922497,156,32.613,35.0697,2.4567
300M,chip_175_400_merged.tif,0.2,0,686009255,39,38.6982,40.7208,2.0226
300M,chip_175_400_merged.tif,0.2,1,305402624,39,37.22,39.9231,2.7032
300M,chip_175_400_merged.tif,0.2,2,2072279641,39,38.0518,39.1686,1.1167
300M,chip_175_400_merged.tif,0.2,3,1592334123,39,38.0524,40.3654,2.313
300M,chip_175_400_merged.tif,0.2,4,1211727492,39,37.1833,40.5325,3.3492
300M,chip_175_400_merged.tif,0.4,0,525393922,78,37.5929,39.8481,2.2552
300M,chip_175_400_merged.tif,0.4,1,144787291,78,37.6242,39.7839,2.1597
300M,chip_175_400_merged.tif,0.4,2,1812325421,78,37.5088,39.312,1.8032
300M,chip_175_400_merged.tif,0.4,3,1431718790,78,37.9063,39.4804,1.574
300M,chip_175_400_merged.tif,0.4,4,951773272,78,38.7078,39.7056,0.9978
300M,chip_175_400_merged.tif,0.6,0,1929579363,117,38.5856,39.72,1.1345
300M,chip_175_400_merged.tif,0.6,1,1548972732,117,38.1444,39.7063,1.562
300M,chip_175_400_merged.tif,0.6,2,1069027214,117,38.6425,39.5411,0.8987
300M,chip_175_400_merged.tif,0.6,3,688420583,117,38.5763,39.4411,0.8648
300M,chip_175_400_merged.tif,0.6,4,307813952,117,38.1712,39.8156,1.6444
300M,chip_175_400_merged.tif,0.8,0,1446987167,156,38.4883,38.6237,0.1354
300M,chip_175_400_merged.tif,0.8,1,1066380536,156,38.4937,38.8506,0.357
300M,chip_175_400_merged.tif,0.8,2,685773905,156,38.2744,38.8018,0.5274
300M,chip_175_400_merged.tif,0.8,3,205828387,156,38.325,39.1094,0.7844
300M,chip_175_400_merged.tif,0.8,4,1972705404,156,38.4984,38.9016,0.4032
300M,chip_175_432_merged.tif,0.2,0,2140306782,39,34.3157,36.1907,1.875
300M,chip_175_432_merged.tif,0.2,1,1759700151,39,32.7396,35.8334,3.0938
300M,chip_175_432_merged.tif,0.2,2,1279754633,39,33.7262,37.139,3.4129
300M,chip_175_432_merged.tif,0.2,3,899148002,39,35.6776,36.5626,0.8849
300M,chip_175_432_merged.tif,0.2,4,419202484,39,32.9539,35.2347,2.2808
300M,chip_175_432_merged.tif,0.4,0,1174370599,78,32.7484,36.0079,3.2595
300M,chip_175_432_merged.tif,0.4,1,694425081,78,34.1877,36.0637,1.876
300M,chip_175_432_merged.tif,0.4,2,313818450,78,32.4842,35.1881,2.704
300M,chip_175_432_merged.tif,0.4,3,1981356580,78,30.9305,36.0649,5.1344
300M,chip_175_432_merged.tif,0.4,4,1600749949,78,34.3016,35.6791,1.3775
300M,chip_175_432_merged.tif,0.6,0,1236393242,117,32.2755,34.3605,2.0849
300M,chip_175_432_merged.tif,0.6,1,855786611,117,32.559,34.4914,1.9323
300M,chip_175_432_merged.tif,0.6,2,375841093,117,32.7944,35.5978,2.8034
300M,chip_175_432_merged.tif,0.6,3,2142718110,117,32.5808,35.7489,3.1681
300M,chip_175_432_merged.tif,0.6,4,1662772592,117,32.5791,35.4896,2.9105
300M,chip_175_432_merged.tif,0.8,0,753801046,156,32.7819,35.0778,2.2959
300M,chip_175_432_merged.tif,0.8,1,373194415,156,32.4338,33.8737,1.4399
300M,chip_175_432_merged.tif,0.8,2,2040732545,156,33.231,33.6824,0.4514
300M,chip_175_432_merged.tif,0.8,3,1660125914,156,32.4177,33.5477,1.1301
300M,chip_175_432_merged.tif,0.8,4,1180180396,156,31.5534,34.9897,3.4363
300M,chip_176_027_merged.tif,0.2,0,1181042982,39,32.7988,36.7839,3.985
300M,chip_176_027_merged.tif,0.2,1,701097464,39,32.2319,34.9295,2.6976
300M,chip_176_027_merged.tif,0.2,2,320490833,39,31.3226,35.5237,4.2011
300M,chip_176_027_merged.tif,0.2,3,1988028963,39,31.6746,36.9557,5.2811
300M,chip_176_027_merged.tif,0.2,4,1607422332,39,31.0984,35.7494,4.651
300M,chip_176_027_merged.tif,0.4,0,115767912,78,31.3786,35.3581,3.9795
300M,chip_176_027_merged.tif,0.4,1,1882644929,78,29.1226,35.1035,5.9809
300M,chip_176_027_merged.tif,0.4,2,1402699411,78,29.4862,34.6061,5.1198
300M,chip_176_027_merged.tif,0.4,3,1022092780,78,31.211,35.9315,4.7205
300M,chip_176_027_merged.tif,0.4,4,542147262,78,31.1544,34.9616,3.8072
300M,chip_176_027_merged.tif,0.6,0,177790555,117,29.6081,33.3125,3.7044
300M,chip_176_027_merged.tif,0.6,1,1944667572,117,29.6111,33.5068,3.8958
300M,chip_176_027_merged.tif,0.6,2,1564060941,117,29.1465,34.4415,5.295
300M,chip_176_027_merged.tif,0.6,3,1084115423,117,29.2761,33.4508,4.1748
300M,chip_176_027_merged.tif,0.6,4,703508792,117,29.1319,34.2206,5.0887
300M,chip_176_027_merged.tif,0.8,0,1942020894,156,29.5164,31.3332,1.8168
300M,chip_176_027_merged.tif,0.8,1,1462075376,156,29.1682,32.6105,3.4423
300M,chip_176_027_merged.tif,0.8,2,1081468745,156,29.4751,31.6258,2.1507
300M,chip_176_027_merged.tif,0.8,3,601523227,156,29.8269,30.9579,1.1309
300M,chip_176_027_merged.tif,0.8,4,220916596,156,29.5876,31.996,2.4084
300M,chip_177_265_merged.tif,0.2,0,1167965424,39,37.8943,41.6429,3.7487
300M,chip_177_265_merged.tif,0.2,1,787358793,39,37.6479,42.149,4.5011
300M,chip_177_265_merged.tif,0.2,2,307413275,39,40.2727,42.2439,1.9713
300M,chip_177_265_merged.tif,0.2,3,2074290292,39,38.7827,41.9371,3.1544
300M,chip_177_265_merged.tif,0.2,4,1594344774,39,38.1665,41.8434,3.6769
300M,chip_177_265_merged.tif,0.4,0,1007350091,78,36.7223,41.4679,4.7455
300M,chip_177_265_merged.tif,0.4,1,527404573,78,38.5865,41.5223,2.9358
300M,chip_177_265_merged.tif,0.4,2,146797942,78,37.3048,41.6499,4.345
300M,chip_177_265_merged.tif,0.4,3,1814336072,78,36.7228,40.434,3.7112
300M,chip_177_265_merged.tif,0.4,4,1433729441,78,38.5871,41.2523,2.6652
300M,chip_177_265_merged.tif,0.6,0,264051884,117,35.9174,40.3857,4.4683
300M,chip_177_265_merged.tif,0.6,1,1931590014,117,37.4647,39.0765,1.6117
300M,chip_177_265_merged.tif,0.6,2,1550983383,117,37.013,40.7596,3.7466
300M,chip_177_265_merged.tif,0.6,3,1071037865,117,37.0021,40.3073,3.3052
300M,chip_177_265_merged.tif,0.6,4,690431234,117,37.0053,40.3855,3.3802
300M,chip_177_265_merged.tif,0.8,0,1928943336,156,37.3173,38.5977,1.2804
300M,chip_177_265_merged.tif,0.8,1,1548336705,156,36.3269,38.6037,2.2767
300M,chip_177_265_merged.tif,0.8,2,1068391187,156,36.3122,38.3157,2.0035
300M,chip_177_265_merged.tif,0.8,3,687784556,156,36.3205,39.4625,3.142
300M,chip_177_265_merged.tif,0.8,4,207839038,156,36.3296,38.7303,2.4008
300M,chip_177_428_merged.tif,0.2,0,13384191,39,33.5808,36.8175,3.2367
300M,chip_177_428_merged.tif,0.2,1,1780261208,39,32.9635,37.2429,4.2794
300M,chip_177_428_merged.tif,0.2,2,1399654577,39,32.9462,34.616,1.6699
300M,chip_177_428_merged.tif,0.2,3,919709059,39,33.654,35.8894,2.2354
300M,chip_177_428_merged.tif,0.2,4,539102428,39,33.0313,36.3425,3.3113
300M,chip_177_428_merged.tif,0.4,0,1194931656,78,33.5488,35.5593,2.0105
300M,chip_177_428_merged.tif,0.4,1,714986138,78,33.6047,36.3334,2.7287
300M,chip_177_428_merged.tif,0.4,2,334379507,78,33.198,36.1349,2.9368
300M,chip_177_428_merged.tif,0.4,3,2101256524,78,33.5492,35.6259,2.0767
300M,chip_177_428_merged.tif,0.4,4,1621311006,78,32.8843,35.9227,3.0385
300M,chip_177_428_merged.tif,0.6,0,1256954299,117,33.2897,35.0818,1.7921
300M,chip_177_428_merged.tif,0.6,1,876347668,117,33.2486,35.0503,1.8017
300M,chip_177_428_merged.tif,0.6,2,396402150,117,33.4615,35.6148,2.1532
300M,chip_177_428_merged.tif,0.6,3,15795519,117,33.6057,35.1841,1.5784
300M,chip_177_428_merged.tif,0.6,4,1782672536,117,33.5058,35.1718,1.666
300M,chip_177_428_merged.tif,0.8,0,774362103,156,33.7003,34.3423,0.642
300M,chip_177_428_merged.tif,0.8,1,393755472,156,33.2988,34.1539,0.8551
300M,chip_177_428_merged.tif,0.8,2,13148841,156,33.7064,34.0084,0.3019
300M,chip_177_428_merged.tif,0.8,3,1680686971,156,33.5228,34.508,0.9852
300M,chip_177_428_merged.tif,0.8,4,1300080340,156,33.8473,34.3403,0.493
300M,chip_178_497_merged.tif,0.2,0,63803156,39,34.0367,35.7933,1.7566
300M,chip_178_497_merged.tif,0.2,1,1830680173,39,35.1397,36.763,1.6233
300M,chip_178_497_merged.tif,0.2,2,1350734655,39,33.2878,35.9718,2.6839
300M,chip_178_497_merged.tif,0.2,3,970128024,39,34.0796,35.4134,1.3338
300M,chip_178_497_merged.tif,0.2,4,490182506,39,34.5855,36.398,1.8125
300M,chip_178_497_merged.tif,0.4,0,1245350621,78,33.5903,35.6379,2.0476
300M,chip_178_497_merged.tif,0.4,1,765405103,78,34.6636,35.5813,0.9177
300M,chip_178_497_merged.tif,0.4,2,384798472,78,35.0691,35.6021,0.533
300M,chip_178_497_merged.tif,0.4,3,2052336602,78,33.3625,35.5553,2.1927
300M,chip_178_497_merged.tif,0.4,4,1671729971,78,33.3633,35.4171,2.0538
300M,chip_178_497_merged.tif,0.6,0,1307373264,117,34.5585,35.6311,1.0726
300M,chip_178_497_merged.tif,0.6,1,827427746,117,34.7425,36.0061,1.2636
300M,chip_178_497_merged.tif,0.6,2,446821115,117,34.2751,35.1374,0.8624
300M,chip_178_497_merged.tif,0.6,3,66214484,117,34.3315,35.008,0.6765
300M,chip_178_497_merged.tif,0.6,4,1733752614,117,34.3792,35.6937,1.3145
300M,chip_178_497_merged.tif,0.8,0,824781068,156,34.5114,34.5787,0.0674
300M,chip_178_497_merged.tif,0.8,1,444174437,156,33.4888,34.4267,0.9379
300M,chip_178_497_merged.tif,0.8,2,2111712567,156,33.8752,34.0883,0.2131
300M,chip_178_497_merged.tif,0.8,3,1731105936,156,34.0355,34.1171,0.0816
300M,chip_178_497_merged.tif,0.8,4,1251160418,156,34.0317,34.2315,0.1998
300M,chip_179_506_merged.tif,0.2,0,726640889,39,35.3576,37.3022,1.9446
300M,chip_179_506_merged.tif,0.2,1,246695371,39,34.8796,37.5733,2.6936
300M,chip_179_506_merged.tif,0.2,2,2013572388,39,35.4456,37.1641,1.7184
300M,chip_179_506_merged.tif,0.2,3,1533626870,39,35.5558,36.9796,1.4238
300M,chip_179_506_merged.tif,0.2,4,1153020239,39,35.3734,36.769,1.3957
300M,chip_179_506_merged.tif,0.4,0,466686669,78,35.3426,37.1437,1.8011
300M,chip_179_506_merged.tif,0.4,1,86080038,78,35.1083,37.3028,2.1945
300M,chip_179_506_merged.tif,0.4,2,1852957055,78,34.9147,37.6655,2.7508
300M,chip_179_506_merged.tif,0.4,3,1373011537,78,35.3423,36.8636,1.5212
300M,chip_179_506_merged.tif,0.4,4,992404906,78,35.3426,37.4387,2.096
300M,chip_179_506_merged.tif,0.6,0,1870872110,117,35.6338,37.3034,1.6696
300M,chip_179_506_merged.tif,0.6,1,1490265479,117,35.3267,36.7329,1.4062
300M,chip_179_506_merged.tif,0.6,2,1109658848,117,35.372,36.8917,1.5197
300M,chip_179_506_merged.tif,0.6,3,629713330,117,35.3565,37.2403,1.8838
300M,chip_179_506_merged.tif,0.6,4,249106699,117,35.603,37.2706,1.6677
300M,chip_179_506_merged.tif,0.8,0,1487618801,156,34.6747,36.4629,1.7882
300M,chip_179_506_merged.tif,0.8,1,1007673283,156,35.0931,36.4658,1.3727
300M,chip_179_506_merged.tif,0.8,2,627066652,156,35.31,36.3355,1.0255
300M,chip_179_506_merged.tif,0.8,3,147121134,156,34.631,35.953,1.322
300M,chip_179_506_merged.tif,0.8,4,1913998151,156,34.1465,36.0612,1.9147
300M,chip_179_579_merged.tif,0.2,0,1054201545,39,40.3871,41.6357,1.2486
300M,chip_179_579_merged.tif,0.2,1,673594914,39,40.3399,41.4856,1.1456
300M,chip_179_579_merged.tif,0.2,2,292988283,39,39.8517,41.5724,1.7206
300M,chip_179_579_merged.tif,0.2,3,1960526413,39,38.0163,41.2569,3.2406
300M,chip_179_579_merged.tif,0.2,4,1579919782,39,38.6064,41.0369,2.4305
300M,chip_179_579_merged.tif,0.4,0,88265362,78,38.6322,41.4775,2.8453
300M,chip_179_579_merged.tif,0.4,1,1855142379,78,41.1557,41.3707,0.2151
300M,chip_179_579_merged.tif,0.4,2,1375196861,78,41.2091,41.4868,0.2777
300M,chip_179_579_merged.tif,0.4,3,994590230,78,38.8545,41.7613,2.9068
300M,chip_179_579_merged.tif,0.4,4,514644712,78,39.7806,41.3404,1.5598
300M,chip_179_579_merged.tif,0.6,0,150288005,117,39.8682,40.9636,1.0954
300M,chip_179_579_merged.tif,0.6,1,1917165022,117,40.5766,41.2969,0.7204
300M,chip_179_579_merged.tif,0.6,2,1437219504,117,39.7788,41.111,1.3322
300M,chip_179_579_merged.tif,0.6,3,1056612873,117,40.6108,41.089,0.4782
300M,chip_179_579_merged.tif,0.6,4,676006242,117,40.527,41.4807,0.9538
300M,chip_179_579_merged.tif,0.8,0,1815179457,156,40.2229,40.8006,0.5777
300M,chip_179_579_merged.tif,0.8,1,1434572826,156,40.4836,40.7066,0.2231
300M,chip_179_579_merged.tif,0.8,2,1053966195,156,40.2265,40.9243,0.6977
300M,chip_179_579_merged.tif,0.8,3,574020677,156,40.4815,40.788,0.3066
300M,chip_179_579_merged.tif,0.8,4,193414046,156,40.4708,40.6911,0.2202
300M,chip_179_603_merged.tif,0.2,0,1273765962,39,32.532,34.3763,1.8443
300M,chip_179_603_merged.tif,0.2,1,893159331,39,29.9768,34.8297,4.8529
300M,chip_179_603_merged.tif,0.2,2,413213813,39,30.6082,35.6086,5.0004
300M,chip_179_603_merged.tif,0.2,3,32607182,39,31.9364,34.3758,2.4394
300M,chip_179_603_merged.tif,0.2,4,1700145312,39,31.191,35.484,4.293
300M,chip_179_603_merged.tif,0.4,0,1113150629,78,33.0167,34.7234,1.7067
300M,chip_179_603_merged.tif,0.4,1,633205111,78,32.9137,34.3827,1.469
300M,chip_179_603_merged.tif,0.4,2,252598480,78,33.0177,34.3207,1.3031
300M,chip_179_603_merged.tif,0.4,3,2019475497,78,32.244,35.0435,2.7995
300M,chip_179_603_merged.tif,0.4,4,1539529979,78,32.2443,34.5839,2.3396
300M,chip_179_603_merged.tif,0.6,0,369852422,117,32.0962,33.9083,1.812
300M,chip_179_603_merged.tif,0.6,1,2136729439,117,32.4588,33.2585,0.7997
300M,chip_179_603_merged.tif,0.6,2,1656783921,117,31.053,32.8851,1.8321
300M,chip_179_603_merged.tif,0.6,3,1276177290,117,32.2676,34.0232,1.7556
300M,chip_179_603_merged.tif,0.6,4,796231772,117,32.2594,33.1165,0.857
300M,chip_179_603_merged.tif,0.8,0,2034743874,156,30.8522,32.7182,1.866
300M,chip_179_603_merged.tif,0.8,1,1654137243,156,31.2302,32.8861,1.6559
300M,chip_179_603_merged.tif,0.8,2,1174191725,156,31.0605,32.2129,1.1524
300M,chip_179_603_merged.tif,0.8,3,793585094,156,31.2385,32.2394,1.0009
300M,chip_179_603_merged.tif,0.8,4,313639576,156,30.8539,32.2965,1.4426
300M,chip_180_284_merged.tif,0.2,0,1354563146,39,31.1467,38.0667,6.92
300M,chip_180_284_merged.tif,0.2,1,973956515,39,32.3137,38.0107,5.697
300M,chip_180_284_merged.tif,0.2,2,494010997,39,34.4215,39.7025,5.281
300M,chip_180_284_merged.tif,0.2,3,113404366,39,31.5108,38.9833,7.4725
300M,chip_180_284_merged.tif,0.2,4,1880281383,39,35.0963,38.4668,3.3705
300M,chip_180_284_merged.tif,0.4,0,388626963,78,33.0819,36.5551,3.4733
300M,chip_180_284_merged.tif,0.4,1,2056165093,78,30.0367,38.2628,8.2261
300M,chip_180_284_merged.tif,0.4,2,1675558462,78,31.1033,37.9285,6.8252
300M,chip_180_284_merged.tif,0.4,3,1294951831,78,33.6659,38.0961,4.4303
300M,chip_180_284_merged.tif,0.4,4,815006313,78,33.0826,38.2345,5.152
300M,chip_180_284_merged.tif,0.6,0,450649606,117,31.8763,36.2738,4.3975
300M,chip_180_284_merged.tif,0.6,1,70042975,117,33.3337,36.3349,3.0013
300M,chip_180_284_merged.tif,0.6,2,1737581105,117,31.011,36.8052,5.7942
300M,chip_180_284_merged.tif,0.6,3,1356974474,117,31.0724,37.1741,6.1017
300M,chip_180_284_merged.tif,0.6,4,877028956,117,29.7751,35.6845,5.9094
300M,chip_180_284_merged.tif,0.8,0,2115541058,156,29.875,32.5106,2.6356
300M,chip_180_284_merged.tif,0.8,1,1734934427,156,31.1164,33.1771,2.0607
300M,chip_180_284_merged.tif,0.8,2,1254988909,156,31.1053,33.8688,2.7636
300M,chip_180_284_merged.tif,0.8,3,874382278,156,29.8574,33.4303,3.5729
300M,chip_180_284_merged.tif,0.8,4,493775647,156,30.9506,32.994,2.0435
300M,chip_180_460_merged.tif,0.2,0,1668241251,39,34.732,36.587,1.8549
300M,chip_180_460_merged.tif,0.2,1,1287634620,39,35.0857,37.3411,2.2554
300M,chip_180_460_merged.tif,0.2,2,807689102,39,32.7197,37.4408,4.7211
300M,chip_180_460_merged.tif,0.2,3,427082471,39,33.0024,37.6471,4.6448
300M,chip_180_460_merged.tif,0.2,4,2094620601,39,33.9034,37.2363,3.3329
300M,chip_180_460_merged.tif,0.4,0,702305068,78,34.1857,36.9042,2.7185
300M,chip_180_460_merged.tif,0.4,1,222359550,78,33.4744,36.3673,2.8929
300M,chip_180_460_merged.tif,0.4,2,1989236567,78,34.2424,36.7937,2.5513
300M,chip_180_460_merged.tif,0.4,3,1509291049,78,33.7062,36.687,2.9808
300M,chip_180_460_merged.tif,0.4,4,1128684418,78,34.0537,37.0989,3.0452
300M,chip_180_460_merged.tif,0.6,0,764327711,117,33.0761,36.0328,2.9567
300M,chip_180_460_merged.tif,0.6,1,284382193,117,33.7094,36.193,2.4836
300M,chip_180_460_merged.tif,0.6,2,2051259210,117,32.3959,35.8061,3.4102
300M,chip_180_460_merged.tif,0.6,3,1670652579,117,33.7562,36.4466,2.6904
300M,chip_180_460_merged.tif,0.6,4,1190707061,117,32.4224,35.2464,2.824
300M,chip_180_460_merged.tif,0.8,0,281735515,156,33.0245,35.0295,2.005
300M,chip_180_460_merged.tif,0.8,1,2048612532,156,33.0585,34.4162,1.3577
300M,chip_180_460_merged.tif,0.8,2,1568667014,156,33.0151,34.4306,1.4155
300M,chip_180_460_merged.tif,0.8,3,1188060383,156,33.0294,33.9407,0.9113
300M,chip_180_460_merged.tif,0.8,4,708114865,156,33.63,34.2509,0.6209
300M,chip_181_264_merged.tif,0.2,0,1762262928,39,35.0303,40.324,5.2937
300M,chip_181_264_merged.tif,0.2,1,1381656297,39,35.3173,39.6599,4.3426
300M,chip_181_264_merged.tif,0.2,2,1001049666,39,36.6838,40.2613,3.5775
300M,chip_181_264_merged.tif,0.2,3,521104148,39,35.9728,38.2687,2.296
300M,chip_181_264_merged.tif,0.2,4,140497517,39,35.9733,39.7317,3.7584
300M,chip_181_264_merged.tif,0.4,0,1601647595,78,31.7651,37.9012,6.1361
300M,chip_181_264_merged.tif,0.4,1,1221040964,78,32.8046,37.5087,4.704
300M,chip_181_264_merged.tif,0.4,2,741095446,78,32.879,39.4919,6.613
300M,chip_181_264_merged.tif,0.4,3,360488815,78,32.8059,39.0299,6.224
300M,chip_181_264_merged.tif,0.4,4,2028026945,78,33.9845,39.6614,5.6769
300M,chip_181_264_merged.tif,0.6,0,858349388,117,32.6509,37.7395,5.0885
300M,chip_181_264_merged.tif,0.6,1,477742757,117,31.3855,37.6721,6.2866
300M,chip_181_264_merged.tif,0.6,2,2145280887,117,32.4356,36.7565,4.3209
300M,chip_181_264_merged.tif,0.6,3,1764674256,117,31.5415,36.9119,5.3703
300M,chip_181_264_merged.tif,0.6,4,1384067625,117,32.6579,37.859,5.201
300M,chip_181_264_merged.tif,0.8,0,375757192,156,32.8215,34.1616,1.3401
300M,chip_181_264_merged.tif,0.8,1,2142634209,156,31.738,35.3964,3.6583
300M,chip_181_264_merged.tif,0.8,2,1762027578,156,30.6955,35.2368,4.5413
300M,chip_181_264_merged.tif,0.8,3,1282082060,156,30.6981,35.3212,4.6231
300M,chip_181_264_merged.tif,0.8,4,901475429,156,32.8282,34.4023,1.5741
300M,chip_181_353_merged.tif,0.2,0,767575860,39,33.0987,36.298,3.1993
300M,chip_181_353_merged.tif,0.2,1,287630342,39,35.5132,36.6037,1.0905
300M,chip_181_353_merged.tif,0.2,2,2054507359,39,34.9539,37.0846,2.1307
300M,chip_181_353_merged.tif,0.2,3,1574561841,39,34.5556,36.2064,1.6509
300M,chip_181_353_merged.tif,0.2,4,1193955210,39,35.0024,36.204,1.2016
300M,chip_181_353_merged.tif,0.4,0,1849784438,78,32.906,36.1533,3.2473
300M,chip_181_353_merged.tif,0.4,1,1469177807,78,33.0637,36.4216,3.3579
300M,chip_181_353_merged.tif,0.4,2,989232289,78,33.2367,35.8353,2.5986
300M,chip_181_353_merged.tif,0.4,3,608625658,78,34.9238,36.5417,1.6179
300M,chip_181_353_merged.tif,0.4,4,128680140,78,35.024,36.1393,1.1152
300M,chip_181_353_merged.tif,0.6,0,1911807081,117,34.1832,36.1375,1.9543
300M,chip_181_353_merged.tif,0.6,1,1531200450,117,34.3319,35.6283,1.2964
300M,chip_181_353_merged.tif,0.6,2,1051254932,117,33.4618,35.7434,2.2816
300M,chip_181_353_merged.tif,0.6,3,670648301,117,32.4855,35.6068,3.1214
300M,chip_181_353_merged.tif,0.6,4,290041670,117,33.4252,35.1536,1.7284
300M,chip_181_353_merged.tif,0.8,0,1528553772,156,32.7422,34.5766,1.8344
300M,chip_181_353_merged.tif,0.8,1,1048608254,156,32.7281,34.5132,1.7851
300M,chip_181_353_merged.tif,0.8,2,668001623,156,33.651,34.2108,0.5598
300M,chip_181_353_merged.tif,0.8,3,188056105,156,32.832,34.2475,1.4154
300M,chip_181_353_merged.tif,0.8,4,1954933122,156,33.2229,34.3648,1.1419
300M,chip_181_413_merged.tif,0.2,0,212822301,39,36.0899,39.8766,3.7867
300M,chip_181_413_merged.tif,0.2,1,1979699318,39,38.1731,40.1768,2.0037
300M,chip_181_413_merged.tif,0.2,2,1599092687,39,37.088,40.6574,3.5694
300M,chip_181_413_merged.tif,0.2,3,1119147169,39,37.7068,38.6473,0.9405
300M,chip_181_413_merged.tif,0.2,4,738540538,39,39.2728,39.8993,0.6265
300M,chip_181_413_merged.tif,0.4,0,1394369766,78,38.1948,40.3051,2.1104
300M,chip_181_413_merged.tif,0.4,1,1013763135,78,38.775,39.6544,0.8795
300M,chip_181_413_merged.tif,0.4,2,533817617,78,37.669,40.0865,2.4175
300M,chip_181_413_merged.tif,0.4,3,153210986,78,39.2048,40.1882,0.9834
300M,chip_181_413_merged.tif,0.4,4,1820749116,78,37.6889,39.9033,2.2143
300M,chip_181_413_merged.tif,0.6,0,1456392409,117,37.6628,38.6209,0.958
300M,chip_181_413_merged.tif,0.6,1,1075785778,117,38.5725,39.7601,1.1875
300M,chip_181_413_merged.tif,0.6,2,595840260,117,38.7566,39.2811,0.5245
300M,chip_181_413_merged.tif,0.6,3,215233629,117,37.7824,39.6171,1.8347
300M,chip_181_413_merged.tif,0.6,4,1982110646,117,38.7562,40.2444,1.4882
300M,chip_181_413_merged.tif,0.8,0,973800213,156,38.453,38.1651,-0.2879
300M,chip_181_413_merged.tif,0.8,1,593193582,156,38.4625,39.1822,0.7197
300M,chip_181_413_merged.tif,0.8,2,212586951,156,37.4623,38.923,1.4608
300M,chip_181_413_merged.tif,0.8,3,1880125081,156,37.8989,38.8909,0.992
300M,chip_181_413_merged.tif,0.8,4,1499518450,156,38.4522,38.1947,-0.2575
300M,chip_181_605_merged.tif,0.2,0,1024188357,39,32.5953,35.2744,2.6791
300M,chip_181_605_merged.tif,0.2,1,643581726,39,33.1819,35.6616,2.4797
300M,chip_181_605_merged.tif,0.2,2,262975095,39,30.1285,35.5003,5.3718
300M,chip_181_605_merged.tif,0.2,3,1930513225,39,32.4743,36.0538,3.5794
300M,chip_181_605_merged.tif,0.2,4,1549906594,39,33.3477,35.7362,2.3884
300M,chip_181_605_merged.tif,0.4,0,863573024,78,29.8988,34.4003,4.5015
300M,chip_181_605_merged.tif,0.4,1,482966393,78,29.6499,34.1722,4.5223
300M,chip_181_605_merged.tif,0.4,2,3020875,78,32.4119,33.4298,1.0179
300M,chip_181_605_merged.tif,0.4,3,1769897892,78,31.5144,34.1992,2.6848
300M,chip_181_605_merged.tif,0.4,4,1389291261,78,32.266,34.7977,2.5317
300M,chip_181_605_merged.tif,0.6,0,120274817,117,27.6637,33.6562,5.9924
300M,chip_181_605_merged.tif,0.6,1,1887151834,117,27.6342,33.1885,5.5542
300M,chip_181_605_merged.tif,0.6,2,1407206316,117,29.9104,33.6784,3.768
300M,chip_181_605_merged.tif,0.6,3,1026599685,117,30.5755,33.575,2.9995
300M,chip_181_605_merged.tif,0.6,4,645993054,117,27.8178,33.1493,5.3315
300M,chip_181_605_merged.tif,0.8,0,1785166269,156,27.2682,31.6448,4.3766
300M,chip_181_605_merged.tif,0.8,1,1404559638,156,28.6523,32.5846,3.9323
300M,chip_181_605_merged.tif,0.8,2,1023953007,156,27.3035,32.9962,5.6926
300M,chip_181_605_merged.tif,0.8,3,544007489,156,29.9506,31.0078,1.0573
300M,chip_181_605_merged.tif,0.8,4,163400858,156,27.5939,31.1732,3.5792
300M,chip_181_606_merged.tif,0.2,0,2076460143,39,29.8094,35.266,5.4566
300M,chip_181_606_merged.tif,0.2,1,1596514625,39,32.1592,34.9337,2.7744
300M,chip_181_606_merged.tif,0.2,2,1215907994,39,33.1227,34.6248,1.5021
300M,chip_181_606_merged.tif,0.2,3,735962476,39,29.8089,36.0766,6.2677
300M,chip_181_606_merged.tif,0.2,4,355355845,39,32.8475,35.8257,2.9782
300M,chip_181_606_merged.tif,0.4,0,1816505923,78,31.1714,31.6938,0.5223
300M,chip_181_606_merged.tif,0.4,1,1435899292,78,31.0993,35.7895,4.6903
300M,chip_181_606_merged.tif,0.4,2,955953774,78,31.1716,34.9044,3.7328
300M,chip_181_606_merged.tif,0.4,3,575347143,78,30.0013,35.8099,5.8087
300M,chip_181_606_merged.tif,0.4,4,194740512,78,31.0992,35.0663,3.9671
300M,chip_181_606_merged.tif,0.6,0,1073207716,117,31.371,34.8972,3.5262
300M,chip_181_606_merged.tif,0.6,1,692601085,117,31.2904,32.8674,1.577
300M,chip_181_606_merged.tif,0.6,2,212655567,117,31.6478,32.9756,1.3278
300M,chip_181_606_merged.tif,0.6,3,1979532584,117,31.3674,34.4526,3.0852
300M,chip_181_606_merged.tif,0.6,4,1598925953,117,31.5413,33.8754,2.3341
300M,chip_181_606_merged.tif,0.8,0,689954407,156,30.4163,32.1634,1.7471
300M,chip_181_606_merged.tif,0.8,1,210008889,156,30.4506,32.5427,2.0921
300M,chip_181_606_merged.tif,0.8,2,1976885906,156,31.0408,31.635,0.5942
300M,chip_181_606_merged.tif,0.8,3,1496940388,156,31.2201,32.3476,1.1275
300M,chip_181_606_merged.tif,0.8,4,1116333757,156,31.2015,31.5573,0.3559
300M,chip_182_579_merged.tif,0.2,0,330493835,39,37.5601,40.212,2.6518
300M,chip_182_579_merged.tif,0.2,1,2097370852,39,37.7109,40.1136,2.4027
300M,chip_182_579_merged.tif,0.2,2,1617425334,39,39.5957,40.9149,1.3192
300M,chip_182_579_merged.tif,0.2,3,1236818703,39,39.1953,40.803,1.6077
300M,chip_182_579_merged.tif,0.2,4,856212072,39,38.5969,40.433,1.8362
300M,chip_182_579_merged.tif,0.4,0,169878502,78,37.8603,40.6151,2.7548
300M,chip_182_579_merged.tif,0.4,1,1936755519,78,37.5621,40.4614,2.8993
300M,chip_182_579_merged.tif,0.4,2,1456810001,78,37.5693,40.5036,2.9342
300M,chip_182_579_merged.tif,0.4,3,1076203370,78,37.704,41.0805,3.3765
300M,chip_182_579_merged.tif,0.4,4,596257852,78,37.7009,40.5367,2.8358
300M,chip_182_579_merged.tif,0.6,0,1574063943,117,38.1012,40.3058,2.2046
300M,chip_182_579_merged.tif,0.6,1,1193457312,117,37.1276,40.2207,3.0931
300M,chip_182_579_merged.tif,0.6,2,713511794,117,37.831,40.1964,2.3654
300M,chip_182_579_merged.tif,0.6,3,332905163,117,37.5291,39.9537,2.4246
300M,chip_182_579_merged.tif,0.6,4,2000443293,117,38.0064,40.1014,2.0949
300M,chip_182_579_merged.tif,0.8,0,1091471747,156,37.3382,39.4158,2.0776
300M,chip_182_579_merged.tif,0.8,1,710865116,156,37.8114,39.7558,1.9443
300M,chip_182_579_merged.tif,0.8,2,230919598,156,38.4208,38.646,0.2252
300M,chip_182_579_merged.tif,0.8,3,1997796615,156,38.4252,39.1651,0.7399
300M,chip_182_579_merged.tif,0.8,4,1617189984,156,37.7946,39.7533,1.9587
300M,chip_182_606_merged.tif,0.2,0,601028834,39,31.8621,34.49,2.6279
300M,chip_182_606_merged.tif,0.2,1,121083316,39,33.0214,33.96,0.9386
300M,chip_182_606_merged.tif,0.2,2,1887960333,39,34.8009,35.2194,0.4185
300M,chip_182_606_merged.tif,0.2,3,1408014815,39,31.6812,34.586,2.9047
300M,chip_182_606_merged.tif,0.2,4,1027408184,39,33.3655,34.1485,0.783
300M,chip_182_606_merged.tif,0.4,0,1683237412,78,33.2495,34.2558,1.0063
300M,chip_182_606_merged.tif,0.4,1,1302630781,78,31.4824,34.7676,3.2853
300M,chip_182_606_merged.tif,0.4,2,822685263,78,31.9853,35.0718,3.0865
300M,chip_182_606_merged.tif,0.4,3,442078632,78,31.4812,33.7353,2.254
300M,chip_182_606_merged.tif,0.4,4,2109616762,78,32.3107,34.0263,1.7156
300M,chip_182_606_merged.tif,0.6,0,1745260055,117,33.2706,33.6802,0.4097
300M,chip_182_606_merged.tif,0.6,1,1364653424,117,32.4903,33.8039,1.3136
300M,chip_182_606_merged.tif,0.6,2,984046793,117,32.6227,33.5477,0.925
300M,chip_182_606_merged.tif,0.6,3,504101275,117,31.6318,34.3176,2.6857
300M,chip_182_606_merged.tif,0.6,4,123494644,117,32.4897,33.6721,1.1824
300M,chip_182_606_merged.tif,0.8,0,1362006746,156,31.8424,33.29,1.4476
300M,chip_182_606_merged.tif,0.8,1,882061228,156,32.3966,32.9573,0.5607
300M,chip_182_606_merged.tif,0.8,2,501454597,156,32.1613,32.7986,0.6373
300M,chip_182_606_merged.tif,0.8,3,21509079,156,31.8473,32.7986,0.9512
300M,chip_182_606_merged.tif,0.8,4,1788386096,156,32.3947,33.3314,0.9367
300M,chip_183_237_merged.tif,0.2,0,301300323,39,30.9734,33.9983,3.0249
300M,chip_183_237_merged.tif,0.2,1,1968838453,39,31.8694,33.04,1.1706
300M,chip_183_237_merged.tif,0.2,2,1588231822,39,32.078,33.4827,1.4047
300M,chip_183_237_merged.tif,0.2,3,1108286304,39,31.3128,33.4966,2.1838
300M,chip_183_237_merged.tif,0.2,4,727679673,39,30.9745,32.9168,1.9423
300M,chip_183_237_merged.tif,0.4,0,41346103,78,29.8905,33.8235,3.9331
300M,chip_183_237_merged.tif,0.4,1,1808223120,78,30.0269,32.3783,2.3514
300M,chip_183_237_merged.tif,0.4,2,1427616489,78,32.5725,33.4389,0.8664
300M,chip_183_237_merged.tif,0.4,3,947670971,78,31.3828,33.4773,2.0945
300M,chip_183_237_merged.tif,0.4,4,567064340,78,32.1492,33.5565,1.4073
300M,chip_183_237_merged.tif,0.6,0,1445531544,117,31.4267,33.3033,1.8765
300M,chip_183_237_merged.tif,0.6,1,1064924913,117,30.8992,33.0731,2.1739
300M,chip_183_237_merged.tif,0.6,2,684318282,117,31.3161,32.6728,1.3567
300M,chip_183_237_merged.tif,0.6,3,204372764,117,31.4744,32.3646,0.8903
300M,chip_183_237_merged.tif,0.6,4,1971249781,117,30.9013,32.6861,1.7848
300M,chip_183_237_merged.tif,0.8,0,1062278235,156,31.0478,32.4539,1.4061
300M,chip_183_237_merged.tif,0.8,1,582332717,156,30.7307,32.2446,1.514
300M,chip_183_237_merged.tif,0.8,2,201726086,156,31.0493,31.2666,0.2173
300M,chip_183_237_merged.tif,0.8,3,1869264216,156,30.7356,30.8757,0.1401
300M,chip_183_237_merged.tif,0.8,4,1488657585,156,31.3128,32.4346,1.1218
300M,chip_183_520_merged.tif,0.2,0,1046718164,39,36.5142,37.6787,1.1645
300M,chip_183_520_merged.tif,0.2,1,666111533,39,35.2851,37.806,2.5209
300M,chip_183_520_merged.tif,0.2,2,186166015,39,36.567,36.8745,0.3075
300M,chip_183_520_merged.tif,0.2,3,1953043032,39,36.6402,36.7484,0.1083
300M,chip_183_520_merged.tif,0.2,4,1473097514,39,36.8137,37.6287,0.815
300M,chip_183_520_merged.tif,0.4,0,80781981,78,34.6715,37.126,2.4545
300M,chip_183_520_merged.tif,0.4,1,1748320111,78,36.2455,37.6234,1.3779
300M,chip_183_520_merged.tif,0.4,2,1367713480,78,36.1832,36.9427,0.7595
300M,chip_183_520_merged.tif,0.4,3,887767962,78,34.8352,37.7293,2.8941
300M,chip_183_520_merged.tif,0.4,4,507161331,78,33.902,37.2947,3.3927
300M,chip_183_520_merged.tif,0.6,0,995743487,117,35.0715,36.866,1.7945
300M,chip_183_520_merged.tif,0.6,1,515797969,117,35.4088,36.5226,1.1139
300M,chip_183_520_merged.tif,0.6,2,135191338,117,35.4365,36.5994,1.1628
300M,chip_183_520_merged.tif,0.6,3,1802729468,117,34.6542,37.0659,2.4117
300M,chip_183_520_merged.tif,0.6,4,1422122837,117,34.6534,37.1105,2.4571
300M,chip_183_520_merged.tif,0.8,0,1807696076,156,34.6728,36.6927,2.0199
300M,chip_183_520_merged.tif,0.8,1,1427089445,156,34.737,36.4317,1.6947
300M,chip_183_520_merged.tif,0.8,2,947143927,156,34.6691,36.4402,1.7711
300M,chip_183_520_merged.tif,0.8,3,566537296,156,34.7421,36.1612,1.4191
300M,chip_183_520_merged.tif,0.8,4,86591778,156,34.3035,36.3774,2.0739
300M,chip_183_606_merged.tif,0.2,0,1416120627,39,33.8492,36.3886,2.5394
300M,chip_183_606_merged.tif,0.2,1,936175109,39,33.6526,35.8036,2.151
300M,chip_183_606_merged.tif,0.2,2,555568478,39,32.5495,35.2192,2.6697
300M,chip_183_606_merged.tif,0.2,3,75622960,39,34.6288,36.3415,1.7128
300M,chip_183_606_merged.tif,0.2,4,1842499977,39,34.1462,35.9334,1.7872
300M,chip_183_606_merged.tif,0.4,0,350845557,78,33.2305,35.7538,2.5234
300M,chip_183_606_merged.tif,0.4,1,2117722574,78,33.3999,35.9748,2.5749
300M,chip_183_606_merged.tif,0.4,2,1637777056,78,33.4006,34.4996,1.099
300M,chip_183_606_merged.tif,0.4,3,1257170425,78,33.0915,35.8218,2.7303
300M,chip_183_606_merged.tif,0.4,4,777224907,78,32.6523,35.4379,2.7856
300M,chip_183_606_merged.tif,0.6,0,412868200,117,32.3584,34.596,2.2376
300M,chip_183_606_merged.tif,0.6,1,32261569,117,32.3567,35.1303,2.7736
300M,chip_183_606_merged.tif,0.6,2,1799138586,117,32.2856,34.7959,2.5103
300M,chip_183_606_merged.tif,0.6,3,1319193068,117,32.3199,34.6308,2.3109
300M,chip_183_606_merged.tif,0.6,4,938586437,117,32.2663,35.1505,2.8842
300M,chip_183_606_merged.tif,0.8,0,29614891,156,33.0087,34.5655,1.5568
300M,chip_183_606_merged.tif,0.8,1,1697153021,156,31.9554,33.9231,1.9677
300M,chip_183_606_merged.tif,0.8,2,1316546390,156,32.1411,33.8614,1.7203
300M,chip_183_606_merged.tif,0.8,3,836600872,156,32.575,33.1068,0.5318
300M,chip_183_606_merged.tif,0.8,4,455994241,156,32.9981,34.0952,1.097
300M,chip_185_305_merged.tif,0.2,0,526614663,39,37.0154,38.8845,1.8692
300M,chip_185_305_merged.tif,0.2,1,46669145,39,37.0351,39.0308,1.9957
300M,chip_185_305_merged.tif,0.2,2,1813546162,39,36.2095,38.3194,2.1099
300M,chip_185_305_merged.tif,0.2,3,1333600644,39,37.316,38.3693,1.0533
300M,chip_185_305_merged.tif,0.2,4,952994013,39,36.0093,36.1543,0.1451
300M,chip_185_305_merged.tif,0.4,0,1608823241,78,34.5819,39.2979,4.716
300M,chip_185_305_merged.tif,0.4,1,1228216610,78,35.3929,37.7322,2.3394
300M,chip_185_305_merged.tif,0.4,2,748271092,78,35.6517,38.1513,2.4996
300M,chip_185_305_merged.tif,0.4,3,367664461,78,34.312,38.3708,4.0588
300M,chip_185_305_merged.tif,0.4,4,2035202591,78,34.5798,38.1406,3.5609
300M,chip_185_305_merged.tif,0.6,0,1670845884,117,34.4002,37.3131,2.9129
300M,chip_185_305_merged.tif,0.6,1,1290239253,117,34.3729,37.8428,3.4699
300M,chip_185_305_merged.tif,0.6,2,909632622,117,35.3248,37.8143,2.4895
300M,chip_185_305_merged.tif,0.6,3,429687104,117,33.5168,37.4701,3.9533
300M,chip_185_305_merged.tif,0.6,4,49080473,117,35.1534,36.9377,1.7843
300M,chip_185_305_merged.tif,0.8,0,1287592575,156,32.628,35.178,2.5499
300M,chip_185_305_merged.tif,0.8,1,807647057,156,32.9475,33.9704,1.0228
300M,chip_185_305_merged.tif,0.8,2,427040426,156,32.5532,35.6978,3.1446
300M,chip_185_305_merged.tif,0.8,3,2094578556,156,32.5536,36.6808,4.1272
300M,chip_185_305_merged.tif,0.8,4,1713971925,156,32.7217,35.758,3.0363
300M,chip_185_368_merged.tif,0.2,0,828646403,39,33.8829,34.9735,1.0906
300M,chip_185_368_merged.tif,0.2,1,448039772,39,33.8837,34.8159,0.9322
300M,chip_185_368_merged.tif,0.2,2,2115577902,39,32.6519,33.8055,1.1536
300M,chip_185_368_merged.tif,0.2,3,1734971271,39,30.9445,34.9952,4.0507
300M,chip_185_368_merged.tif,0.2,4,1354364640,39,32.4446,34.0295,1.5849
300M,chip_185_368_merged.tif,0.4,0,2010193868,78,31.8486,34.5841,2.7355
300M,chip_185_368_merged.tif,0.4,1,1530248350,78,32.4752,34.2756,1.8004
300M,chip_185_368_merged.tif,0.4,2,1149641719,78,31.7213,34.4336,2.7123
300M,chip_185_368_merged.tif,0.4,3,669696201,78,32.475,33.804,1.329
300M,chip_185_368_merged.tif,0.4,4,289089570,78,32.0086,33.9999,1.9912
300M,chip_185_368_merged.tif,0.6,0,2072216511,117,32.0182,33.2235,1.2052
300M,chip_185_368_merged.tif,0.6,1,1691609880,117,31.7849,33.8022,2.0173
300M,chip_185_368_merged.tif,0.6,2,1211664362,117,32.0648,33.5495,1.4847
300M,chip_185_368_merged.tif,0.6,3,831057731,117,31.6858,33.3611,1.6753
300M,chip_185_368_merged.tif,0.6,4,351112213,117,31.6866,33.3873,1.7007
300M,chip_185_368_merged.tif,0.8,0,1589624315,156,31.7962,32.6388,0.8426
300M,chip_185_368_merged.tif,0.8,1,1209017684,156,31.7724,32.9728,1.2004
300M,chip_185_368_merged.tif,0.8,2,729072166,156,31.7588,32.2812,0.5225
300M,chip_185_368_merged.tif,0.8,3,348465535,156,31.6505,32.3115,0.661
300M,chip_185_368_merged.tif,0.8,4,2016003665,156,31.6996,32.5382,0.8386
300M,chip_185_399_merged.tif,0.2,0,922592459,39,33.945,34.7871,0.8422
300M,chip_185_399_merged.tif,0.2,1,442646941,39,33.1624,35.4399,2.2775
300M,chip_185_399_merged.tif,0.2,2,62040310,39,33.2094,35.1655,1.956
300M,chip_185_399_merged.tif,0.2,3,1729578440,39,30.3138,34.1604,3.8466
300M,chip_185_399_merged.tif,0.2,4,1348971809,39,32.2653,35.4653,3.2
300M,chip_185_399_merged.tif,0.4,0,662638239,78,31.4205,34.8131,3.3925
300M,chip_185_399_merged.tif,0.4,1,282031608,78,32.7311,34.5588,1.8277
300M,chip_185_399_merged.tif,0.4,2,2048908625,78,33.0231,34.4838,1.4607
300M,chip_185_399_merged.tif,0.4,3,1568963107,78,31.4202,34.8083,3.3881
300M,chip_185_399_merged.tif,0.4,4,1188356476,78,32.4396,34.761,2.3214
300M,chip_185_399_merged.tif,0.6,0,2066823680,117,31.4172,34.0078,2.5906
300M,chip_185_399_merged.tif,0.6,1,1686217049,117,31.7755,34.0563,2.2808
300M,chip_185_399_merged.tif,0.6,2,1305610418,117,32.1686,32.8805,0.7119
300M,chip_185_399_merged.tif,0.6,3,825664900,117,31.7813,33.7866,2.0053
300M,chip_185_399_merged.tif,0.6,4,445058269,117,31.7215,33.1762,1.4546
300M,chip_185_399_merged.tif,0.8,0,1683570371,156,31.8131,33.3133,1.5001
300M,chip_185_399_merged.tif,0.8,1,1203624853,156,31.6184,32.8384,1.22
300M,chip_185_399_merged.tif,0.8,2,823018222,156,31.7225,32.5814,0.859
300M,chip_185_399_merged.tif,0.8,3,343072704,156,31.7249,32.8647,1.1398
300M,chip_185_399_merged.tif,0.8,4,2109949721,156,31.7034,32.5745,0.8711
300M,chip_185_408_merged.tif,0.2,0,1733070820,39,36.648,38.2418,1.5938
300M,chip_185_408_merged.tif,0.2,1,1352464189,39,37.5563,38.6662,1.1099
300M,chip_185_408_merged.tif,0.2,2,971857558,39,35.1335,37.7068,2.5733
300M,chip_185_408_merged.tif,0.2,3,491912040,39,37.6094,39.3378,1.7284
300M,chip_185_408_merged.tif,0.2,4,111305409,39,36.8629,39.3601,2.4971
300M,chip_185_408_merged.tif,0.4,0,1572455487,78,37.8123,38.8284,1.0161
300M,chip_185_408_merged.tif,0.4,1,1191848856,78,37.5842,38.3779,0.7937
300M,chip_185_408_merged.tif,0.4,2,711903338,78,37.1711,37.4412,0.2701
300M,chip_185_408_merged.tif,0.4,3,331296707,78,36.0537,39.0048,2.9511
300M,chip_185_408_merged.tif,0.4,4,2098173724,78,37.5836,38.9104,1.3267
300M,chip_185_408_merged.tif,0.6,0,829157280,117,37.4169,38.4382,1.0213
300M,chip_185_408_merged.tif,0.6,1,448550649,117,37.278,38.6114,1.3334
300M,chip_185_408_merged.tif,0.6,2,2116088779,117,37.2976,38.7761,1.4785
300M,chip_185_408_merged.tif,0.6,3,1735482148,117,37.8006,38.2841,0.4836
300M,chip_185_408_merged.tif,0.6,4,1354875517,117,37.415,38.5765,1.1616
300M,chip_185_408_merged.tif,0.8,0,346565084,156,36.1473,38.1116,1.9643
300M,chip_185_408_merged.tif,0.8,1,2113442101,156,37.2571,36.9028,-0.3543
300M,chip_185_408_merged.tif,0.8,2,1732835470,156,37.0827,37.7023,0.6197
300M,chip_185_408_merged.tif,0.8,3,1252889952,156,36.1649,37.8068,1.6419
300M,chip_185_408_merged.tif,0.8,4,872283321,156,37.2526,38.1621,0.9096
300M,chip_186_265_merged.tif,0.2,0,111381097,39,35.0967,38.5582,3.4616
300M,chip_186_265_merged.tif,0.2,1,1878258114,39,33.5729,37.8409,4.268
300M,chip_186_265_merged.tif,0.2,2,1497651483,39,35.0964,38.8406,3.7442
300M,chip_186_265_merged.tif,0.2,3,1017705965,39,31.5304,38.871,7.3407
300M,chip_186_265_merged.tif,0.2,4,637099334,39,35.8779,38.962,3.0841
300M,chip_186_265_merged.tif,0.4,0,2098249412,78,34.0673,36.9294,2.8621
300M,chip_186_265_merged.tif,0.4,1,1717642781,78,33.9665,37.3871,3.4206
300M,chip_186_265_merged.tif,0.4,2,1237697263,78,34.2416,36.0051,1.7635
300M,chip_186_265_merged.tif,0.4,3,857090632,78,32.4569,37.3223,4.8655
300M,chip_186_265_merged.tif,0.4,4,377145114,78,33.966,35.3493,1.3834
300M,chip_186_265_merged.tif,0.6,0,1354951205,117,33.9897,36.3191,2.3293
300M,chip_186_265_merged.tif,0.6,1,974344574,117,33.4281,36.4869,3.0588
300M,chip_186_265_merged.tif,0.6,2,494399056,117,32.6078,36.5172,3.9094
300M,chip_186_265_merged.tif,0.6,3,113792425,117,31.772,36.6776,4.9057
300M,chip_186_265_merged.tif,0.6,4,1781330555,117,34.1968,34.7145,0.5177
300M,chip_186_265_merged.tif,0.8,0,872359009,156,31.4695,33.7281,2.2586
300M,chip_186_265_merged.tif,0.8,1,491752378,156,32.2887,34.588,2.2993
300M,chip_186_265_merged.tif,0.8,2,111145747,156,32.9528,34.4062,1.4535
300M,chip_186_265_merged.tif,0.8,3,1778683877,156,32.8118,34.1057,1.2939
300M,chip_186_265_merged.tif,0.8,4,1398077246,156,32.936,34.0725,1.1365
300M,chip_186_488_merged.tif,0.2,0,276088817,39,32.4303,36.0368,3.6066
300M,chip_186_488_merged.tif,0.2,1,1943626947,39,34.7391,35.7094,0.9702
300M,chip_186_488_merged.tif,0.2,2,1563020316,39,33.2487,36.0105,2.7618
300M,chip_186_488_merged.tif,0.2,3,1083074798,39,33.2485,36.0257,2.7772
300M,chip_186_488_merged.tif,0.2,4,702468167,39,34.7391,36.0349,1.2958
300M,chip_186_488_merged.tif,0.4,0,16134597,78,33.1972,35.5723,2.375
300M,chip_186_488_merged.tif,0.4,1,1783011614,78,33.0277,35.5861,2.5584
300M,chip_186_488_merged.tif,0.4,2,1402404983,78,33.0219,34.8423,1.8204
300M,chip_186_488_merged.tif,0.4,3,922459465,78,32.9945,35.1065,2.112
300M,chip_186_488_merged.tif,0.4,4,541852834,78,32.9943,35.6559,2.6617
300M,chip_186_488_merged.tif,0.6,0,1420320038,117,31.8388,35.2257,3.3869
300M,chip_186_488_merged.tif,0.6,1,1039713407,117,32.7185,34.3082,1.5897
300M,chip_186_488_merged.tif,0.6,2,659106776,117,32.7648,34.8563,2.0915
300M,chip_186_488_merged.tif,0.6,3,179161258,117,32.1589,34.5771,2.4182
300M,chip_186_488_merged.tif,0.6,4,1946038275,117,33.0587,34.8307,1.7719
300M,chip_186_488_merged.tif,0.8,0,1037066729,156,32.7118,33.7259,1.0141
300M,chip_186_488_merged.tif,0.8,1,557121211,156,32.6774,33.3535,0.6761
300M,chip_186_488_merged.tif,0.8,2,176514580,156,32.6424,33.7186,1.0762
300M,chip_186_488_merged.tif,0.8,3,1844052710,156,32.7167,34.1392,1.4224
300M,chip_186_488_merged.tif,0.8,4,1463446079,156,32.9762,33.7977,0.8214
300M,chip_188_404_merged.tif,0.2,0,215703053,39,37.1646,39.7541,2.5895
300M,chip_188_404_merged.tif,0.2,1,1982580070,39,36.9828,40.4606,3.4778
300M,chip_188_404_merged.tif,0.2,2,1502634552,39,40.0961,39.4556,-0.6406
300M,chip_188_404_merged.tif,0.2,3,1122027921,39,37.8417,40.3325,2.4908
300M,chip_188_404_merged.tif,0.2,4,642082403,39,39.1425,40.0734,0.931
300M,chip_188_404_merged.tif,0.4,0,55087720,78,40.1089,39.8993,-0.2096
300M,chip_188_404_merged.tif,0.4,1,1722625850,78,39.7278,40.253,0.5252
300M,chip_188_404_merged.tif,0.4,2,1342019219,78,39.3724,39.593,0.2206
300M,chip_188_404_merged.tif,0.4,3,862073701,78,39.7279,39.9203,0.1924
300M,chip_188_404_merged.tif,0.4,4,481467070,78,37.4934,39.9744,2.481
300M,chip_188_404_merged.tif,0.6,0,1459273161,117,38.6015,39.3237,0.7222
300M,chip_188_404_merged.tif,0.6,1,979327643,117,37.996,40.0816,2.0856
300M,chip_188_404_merged.tif,0.6,2,598721012,117,37.6746,39.7454,2.0708
300M,chip_188_404_merged.tif,0.6,3,118775494,117,38.907,38.9489,0.0419
300M,chip_188_404_merged.tif,0.6,4,1885652511,117,38.9014,39.2617,0.3602
300M,chip_188_404_merged.tif,0.8,0,976680965,156,37.9133,39.1193,1.206
300M,chip_188_404_merged.tif,0.8,1,496735447,156,37.8881,39.0495,1.1614
300M,chip_188_404_merged.tif,0.8,2,116128816,156,38.3621,38.9901,0.628
300M,chip_188_404_merged.tif,0.8,3,1883005833,156,37.9867,38.6706,0.6839
300M,chip_188_404_merged.tif,0.8,4,1403060315,156,38.0318,38.9002,0.8684
300M,chip_191_403_merged.tif,0.2,0,241049410,39,33.3992,35.1209,1.7217
300M,chip_191_403_merged.tif,0.2,1,2007926427,39,33.5813,34.5923,1.011
300M,chip_191_403_merged.tif,0.2,2,1527980909,39,32.8508,36.0253,3.1745
300M,chip_191_403_merged.tif,0.2,3,1147374278,39,33.6951,35.4966,1.8015
300M,chip_191_403_merged.tif,0.2,4,766767647,39,32.817,35.5182,2.7012
300M,chip_191_403_merged.tif,0.4,0,80434077,78,32.8453,34.7161,1.8708
300M,chip_191_403_merged.tif,0.4,1,1847311094,78,32.7664,35.4904,2.7239
300M,chip_191_403_merged.tif,0.4,2,1367365576,78,33.0318,34.8215,1.7897
300M,chip_191_403_merged.tif,0.4,3,986758945,78,32.8452,34.3301,1.4849
300M,chip_191_403_merged.tif,0.4,4,506813427,78,32.2591,34.138,1.8788
300M,chip_191_403_merged.tif,0.6,0,1484619518,117,32.2641,34.7968,2.5328
300M,chip_191_403_merged.tif,0.6,1,1104012887,117,32.1221,34.1167,1.9946
300M,chip_191_403_merged.tif,0.6,2,624067369,117,32.8631,34.5794,1.7164
300M,chip_191_403_merged.tif,0.6,3,243460738,117,32.9901,33.5251,0.535
300M,chip_191_403_merged.tif,0.6,4,1910998868,117,33.0224,33.9258,0.9034
300M,chip_191_403_merged.tif,0.8,0,1002027322,156,32.2317,33.5333,1.3017
300M,chip_191_403_merged.tif,0.8,1,621420691,156,31.8695,33.1958,1.3263
300M,chip_191_403_merged.tif,0.8,2,141475173,156,31.8707,33.5594,1.6887
300M,chip_191_403_merged.tif,0.8,3,1908352190,156,31.8668,33.1769,1.3101
300M,chip_191_403_merged.tif,0.8,4,1527745559,156,32.0969,32.9191,0.8222
300M,chip_193_311_merged.tif,0.2,0,2097058233,39,34.6146,37.2377,2.6232
300M,chip_193_311_merged.tif,0.2,1,1716451602,39,35.1074,36.4774,1.3701
300M,chip_193_311_merged.tif,0.2,2,1236506084,39,33.6773,37.6779,4.0007
300M,chip_193_311_merged.tif,0.2,3,855899453,39,33.9156,36.1737,2.2581
300M,chip_193_311_merged.tif,0.2,4,475292822,39,34.7718,37.5046,2.7328
300M,chip_193_311_merged.tif,0.4,0,1936442900,78,34.3273,36.3872,2.0599
300M,chip_193_311_merged.tif,0.4,1,1555836269,78,33.1884,36.7552,3.5668
300M,chip_193_311_merged.tif,0.4,2,1075890751,78,30.934,35.9328,4.9988
300M,chip_193_311_merged.tif,0.4,3,695284120,78,32.8502,37.0224,4.1722
300M,chip_193_311_merged.tif,0.4,4,215338602,78,34.3272,37.7408,3.4136
300M,chip_193_311_merged.tif,0.6,0,1193144693,117,33.505,35.2615,1.7565
300M,chip_193_311_merged.tif,0.6,1,812538062,117,33.013,34.2097,1.1967
300M,chip_193_311_merged.tif,0.6,2,332592544,117,33.0893,35.3076,2.2183
300M,chip_193_311_merged.tif,0.6,3,2099469561,117,32.6102,35.9547,3.3445
300M,chip_193_311_merged.tif,0.6,4,1619524043,117,31.8057,35.6888,3.8831
300M,chip_193_311_merged.tif,0.8,0,710552497,156,31.3367,33.1681,1.8314
300M,chip_193_311_merged.tif,0.8,1,329945866,156,32.9303,33.5497,0.6194
300M,chip_193_311_merged.tif,0.8,2,1997483996,156,33.1185,34.0086,0.8901
300M,chip_193_311_merged.tif,0.8,3,1616877365,156,32.9405,33.907,0.9665
300M,chip_193_311_merged.tif,0.8,4,1236270734,156,31.2771,32.6496,1.3724
300M,chip_193_314_merged.tif,0.2,0,1882837102,39,35.4623,36.7699,1.3076
300M,chip_193_314_merged.tif,0.2,1,1402891584,39,33.0243,36.2421,3.2178
300M,chip_193_314_merged.tif,0.2,2,1022284953,39,35.5706,38.1491,2.5785
300M,chip_193_314_merged.tif,0.2,3,542339435,39,35.463,36.5828,1.1198
300M,chip_193_314_merged.tif,0.2,4,161732804,39,33.0069,37.674,4.667
300M,chip_193_314_merged.tif,0.4,0,1622882882,78,34.5756,37.1083,2.5327
300M,chip_193_314_merged.tif,0.4,1,1242276251,78,33.6308,35.9777,2.347
300M,chip_193_314_merged.tif,0.4,2,861669620,78,32.9275,36.4226,3.4951
300M,chip_193_314_merged.tif,0.4,3,381724102,78,33.0736,36.9296,3.856
300M,chip_193_314_merged.tif,0.4,4,1117471,78,33.4371,36.0726,2.6355
300M,chip_193_314_merged.tif,0.6,0,978923562,117,31.7343,35.903,4.1687
300M,chip_193_314_merged.tif,0.6,1,498978044,117,33.3187,34.121,0.8024
300M,chip_193_314_merged.tif,0.6,2,118371413,117,32.0677,35.4593,3.3915
300M,chip_193_314_merged.tif,0.6,3,1785909543,117,33.2894,34.1142,0.8248
300M,chip_193_314_merged.tif,0.6,4,1405302912,117,34.0787,35.6025,1.5238
300M,chip_193_314_merged.tif,0.8,0,496331366,156,32.2592,32.8494,0.5902
300M,chip_193_314_merged.tif,0.8,1,16385848,156,32.2598,34.1104,1.8505
300M,chip_193_314_merged.tif,0.8,2,1783262865,156,31.9036,33.8204,1.9167
300M,chip_193_314_merged.tif,0.8,3,1303317347,156,31.1838,31.2834,0.0995
300M,chip_193_314_merged.tif,0.8,4,922710716,156,31.1836,33.6586,2.475
300M,chip_193_583_merged.tif,0.2,0,1969578718,39,38.6471,37.9623,-0.6848
300M,chip_193_583_merged.tif,0.2,1,1588972087,39,38.6473,39.9202,1.273
300M,chip_193_583_merged.tif,0.2,2,1109026569,39,37.6636,37.3302,-0.3334
300M,chip_193_583_merged.tif,0.2,3,728419938,39,38.6465,38.4027,-0.2438
300M,chip_193_583_merged.tif,0.2,4,248474420,39,38.813,39.1397,0.3267
300M,chip_193_583_merged.tif,0.4,0,1808963385,78,35.9694,39.742,3.7727
300M,chip_193_583_merged.tif,0.4,1,1329017867,78,37.042,38.0816,1.0396
300M,chip_193_583_merged.tif,0.4,2,948411236,78,36.4936,37.3581,0.8645
300M,chip_193_583_merged.tif,0.4,3,567804605,78,35.8292,38.7712,2.9421
300M,chip_193_583_merged.tif,0.4,4,87859087,78,36.3965,37.8822,1.4857
300M,chip_193_583_merged.tif,0.6,0,1065665178,117,36.5792,38.0652,1.486
300M,chip_193_583_merged.tif,0.6,1,585719660,117,37.1633,38.1291,0.9658
300M,chip_193_583_merged.tif,0.6,2,205113029,117,36.739,38.4718,1.7328
300M,chip_193_583_merged.tif,0.6,3,1971990046,117,35.9445,38.5603,2.6159
300M,chip_193_583_merged.tif,0.6,4,1492044528,117,36.7623,37.8542,1.0919
300M,chip_193_583_merged.tif,0.8,0,583072982,156,36.93,37.4647,0.5347
300M,chip_193_583_merged.tif,0.8,1,202466351,156,36.5679,36.9495,0.3816
300M,chip_193_583_merged.tif,0.8,2,1870004481,156,36.9181,37.559,0.6409
300M,chip_193_583_merged.tif,0.8,3,1489397850,156,36.8787,37.5046,0.6259
300M,chip_193_583_merged.tif,0.8,4,1009452332,156,36.3105,37.3205,1.01
300M,chip_194_257_merged.tif,0.2,0,1454838209,39,36.9997,41.7735,4.7738
300M,chip_194_257_merged.tif,0.2,1,1074231578,39,39.4714,42.0192,2.5478
300M,chip_194_257_merged.tif,0.2,2,594286060,39,39.4602,41.6745,2.2143
300M,chip_194_257_merged.tif,0.2,3,213679429,39,37.9967,40.9461,2.9494
300M,chip_194_257_merged.tif,0.2,4,1881217559,39,36.8804,41.7857,4.9054
300M,chip_194_257_merged.tif,0.4,0,1294222876,78,35.9045,38.3893,2.4848
300M,chip_194_257_merged.tif,0.4,1,814277358,78,33.2531,39.4796,6.2266
300M,chip_194_257_merged.tif,0.4,2,433670727,78,31.9242,41.5027,9.5785
300M,chip_194_257_merged.tif,0.4,3,53064096,78,36.0037,39.9613,3.9577
300M,chip_194_257_merged.tif,0.4,4,1720602226,78,31.9251,38.1664,6.2414
300M,chip_194_257_merged.tif,0.6,0,550924669,117,33.0209,37.6039,4.5831
300M,chip_194_257_merged.tif,0.6,1,70979151,117,33.0162,38.0894,5.0731
300M,chip_194_257_merged.tif,0.6,2,1837856168,117,32.5812,40.2103,7.6291
300M,chip_194_257_merged.tif,0.6,3,1457249537,117,32.2817,39.3396,7.0579
300M,chip_194_257_merged.tif,0.6,4,977304019,117,34.3453,39.561,5.2157
300M,chip_194_257_merged.tif,0.8,0,68332473,156,32.1493,37.4965,5.3472
300M,chip_194_257_merged.tif,0.8,1,1835209490,156,33.387,37.2688,3.8818
300M,chip_194_257_merged.tif,0.8,2,1355263972,156,31.7898,36.0665,4.2767
300M,chip_194_257_merged.tif,0.8,3,974657341,156,33.4062,36.3972,2.991
300M,chip_194_257_merged.tif,0.8,4,494711823,156,32.1542,37.7142,5.56
300M,chip_194_261_merged.tif,0.2,0,1358694379,39,38.0458,39.8845,1.8387
300M,chip_194_261_merged.tif,0.2,1,978087748,39,36.0773,40.8879,4.8106
300M,chip_194_261_merged.tif,0.2,2,498142230,39,36.5583,39.7145,3.1562
300M,chip_194_261_merged.tif,0.2,3,117535599,39,37.3678,40.6427,3.2749
300M,chip_194_261_merged.tif,0.2,4,1884412616,39,37.3671,41.4748,4.1076
300M,chip_194_261_merged.tif,0.4,0,392758196,78,35.2802,40.4861,5.206
300M,chip_194_261_merged.tif,0.4,1,2060296326,78,34.4905,39.63,5.1395
300M,chip_194_261_merged.tif,0.4,2,1679689695,78,34.8361,40.3796,5.5435
300M,chip_194_261_merged.tif,0.4,3,1299083064,78,35.2795,39.5527,4.2732
300M,chip_194_261_merged.tif,0.4,4,819137546,78,34.8688,38.5085,3.6396
300M,chip_194_261_merged.tif,0.6,0,454780839,117,34.4966,37.1383,2.6417
300M,chip_194_261_merged.tif,0.6,1,74174208,117,34.6233,37.9596,3.3363
300M,chip_194_261_merged.tif,0.6,2,1741712338,117,33.6079,39.4599,5.852
300M,chip_194_261_merged.tif,0.6,3,1361105707,117,34.6068,37.9469,3.3401
300M,chip_194_261_merged.tif,0.6,4,881160189,117,34.9632,39.0618,4.0986
300M,chip_194_261_merged.tif,0.8,0,2119672291,156,34.721,36.5731,1.8521
300M,chip_194_261_merged.tif,0.8,1,1739065660,156,33.6908,36.1184,2.4276
300M,chip_194_261_merged.tif,0.8,2,1259120142,156,34.6943,36.5301,1.8359
300M,chip_194_261_merged.tif,0.8,3,878513511,156,34.2151,37.2097,2.9946
300M,chip_194_261_merged.tif,0.8,4,497906880,156,34.158,36.3315,2.1735
300M,chip_194_296_merged.tif,0.2,0,757115239,39,36.214,40.7249,4.5109
300M,chip_194_296_merged.tif,0.2,1,376508608,39,37.973,41.2906,3.3176
300M,chip_194_296_merged.tif,0.2,2,2143385625,39,38.5433,40.4829,1.9396
300M,chip_194_296_merged.tif,0.2,3,1663440107,39,34.0008,39.9211,5.9203
300M,chip_194_296_merged.tif,0.2,4,1282833476,39,34.0012,38.231,4.2298
300M,chip_194_296_merged.tif,0.4,0,596499906,78,35.0478,40.4327,5.3849
300M,chip_194_296_merged.tif,0.4,1,215893275,78,35.0476,40.1655,5.1179
300M,chip_194_296_merged.tif,0.4,2,1883431405,78,33.2827,39.5613,6.2786
300M,chip_194_296_merged.tif,0.4,3,1502824774,78,35.7544,39.1285,3.374
300M,chip_194_296_merged.tif,0.4,4,1022879256,78,36.4948,39.8335,3.3387
300M,chip_194_296_merged.tif,0.6,0,2000685347,117,35.0494,38.9939,3.9445
300M,chip_194_296_merged.tif,0.6,1,1620078716,117,34.3989,38.8923,4.4934
300M,chip_194_296_merged.tif,0.6,2,1140133198,117,33.5628,38.4901,4.9274
300M,chip_194_296_merged.tif,0.6,3,759526567,117,35.0706,39.1571,4.0865
300M,chip_194_296_merged.tif,0.6,4,279581049,117,36.4839,38.5418,2.058
300M,chip_194_296_merged.tif,0.8,0,1518093151,156,34.4985,37.7515,3.253
300M,chip_194_296_merged.tif,0.8,1,1137486520,156,33.8241,37.4672,3.6432
300M,chip_194_296_merged.tif,0.8,2,756879889,156,34.5644,36.1124,1.548
300M,chip_194_296_merged.tif,0.8,3,276934371,156,34.5798,35.1843,0.6045
300M,chip_194_296_merged.tif,0.8,4,2043811388,156,34.0821,36.2599,2.1778
300M,chip_194_315_merged.tif,0.2,0,677363364,39,33.2625,35.7877,2.5252
300M,chip_194_315_merged.tif,0.2,1,296756733,39,32.7587,36.4961,3.7374
300M,chip_194_315_merged.tif,0.2,2,1964294863,39,33.6691,36.1678,2.4988
300M,chip_194_315_merged.tif,0.2,3,1583688232,39,32.5671,35.6986,3.1315
300M,chip_194_315_merged.tif,0.2,4,1103742714,39,33.4356,36.1805,2.7449
300M,chip_194_315_merged.tif,0.4,0,516748031,78,31.8206,35.6756,3.855
300M,chip_194_315_merged.tif,0.4,1,36802513,78,33.6277,35.2826,1.6549
300M,chip_194_315_merged.tif,0.4,2,1803679530,78,28.4172,36.0244,7.6072
300M,chip_194_315_merged.tif,0.4,3,1323734012,78,32.4982,35.7517,3.2535
300M,chip_194_315_merged.tif,0.4,4,943127381,78,32.9747,35.6385,2.6638
300M,chip_194_315_merged.tif,0.6,0,1920933472,117,33.2169,35.3832,2.1664
300M,chip_194_315_merged.tif,0.6,1,1440987954,117,32.9135,34.3836,1.4701
300M,chip_194_315_merged.tif,0.6,2,1060381323,117,32.3951,35.0575,2.6624
300M,chip_194_315_merged.tif,0.6,3,679774692,117,32.9176,34.7574,1.8399
300M,chip_194_315_merged.tif,0.6,4,199829174,117,31.7387,35.1693,3.4306
300M,chip_194_315_merged.tif,0.8,0,1438341276,156,29.653,33.9452,4.2922
300M,chip_194_315_merged.tif,0.8,1,1057734645,156,30.0928,32.7631,2.6703
300M,chip_194_315_merged.tif,0.8,2,577789127,156,32.5252,32.9354,0.4103
300M,chip_194_315_merged.tif,0.8,3,197182496,156,31.6083,31.5844,-0.0239
300M,chip_194_315_merged.tif,0.8,4,1864720626,156,31.6257,34.3308,2.7052
300M,chip_194_329_merged.tif,0.2,0,773789258,39,32.139,36.6923,4.5533
300M,chip_194_329_merged.tif,0.2,1,393182627,39,32.6823,36.5334,3.8511
300M,chip_194_329_merged.tif,0.2,2,2060720757,39,32.6834,36.5605,3.8771
300M,chip_194_329_merged.tif,0.2,3,1680114126,39,32.5858,36.8696,4.2838
300M,chip_194_329_merged.tif,0.2,4,1200168608,39,33.9896,36.8689,2.8793
300M,chip_194_329_merged.tif,0.4,0,613173925,78,32.8994,35.7244,2.825
300M,chip_194_329_merged.tif,0.4,1,133228407,78,29.2887,33.8902,4.6016
300M,chip_194_329_merged.tif,0.4,2,1900105424,78,31.9574,35.8391,3.8817
300M,chip_194_329_merged.tif,0.4,3,1519498793,78,29.2045,35.3596,6.1551
300M,chip_194_329_merged.tif,0.4,4,1039553275,78,30.4352,36.005,5.5698
300M,chip_194_329_merged.tif,0.6,0,2017359366,117,29.1861,33.0075,3.8213
300M,chip_194_329_merged.tif,0.6,1,1537413848,117,30.2231,35.4912,5.2681
300M,chip_194_329_merged.tif,0.6,2,1156807217,117,28.3907,34.805,6.4142
300M,chip_194_329_merged.tif,0.6,3,776200586,117,30.2574,33.9423,3.6849
300M,chip_194_329_merged.tif,0.6,4,296255068,117,29.8374,34.6463,4.8089
300M,chip_194_329_merged.tif,0.8,0,1534767170,156,30.5761,33.6991,3.123
300M,chip_194_329_merged.tif,0.8,1,1154160539,156,29.2671,31.6729,2.4059
300M,chip_194_329_merged.tif,0.8,2,674215021,156,30.5852,31.696,1.1108
300M,chip_194_329_merged.tif,0.8,3,293608390,156,30.2979,33.8022,3.5042
300M,chip_194_329_merged.tif,0.8,4,1961146520,156,29.15,31.944,2.794
300M,chip_194_385_merged.tif,0.2,0,2057700183,39,35.2996,36.062,0.7623
300M,chip_194_385_merged.tif,0.2,1,1577754665,39,34.7663,37.059,2.2928
300M,chip_194_385_merged.tif,0.2,2,1197148034,39,36.3312,36.7453,0.414
300M,chip_194_385_merged.tif,0.2,3,717202516,39,33.3461,35.9901,2.644
300M,chip_194_385_merged.tif,0.2,4,336595885,39,34.6124,36.7889,2.1765
300M,chip_194_385_merged.tif,0.4,0,992425113,78,36.4371,36.126,-0.3111
300M,chip_194_385_merged.tif,0.4,1,611818482,78,32.6935,37.033,4.3394
300M,chip_194_385_merged.tif,0.4,2,131872964,78,34.4341,37.2493,2.8152
300M,chip_194_385_merged.tif,0.4,3,1898749981,78,34.4332,35.7257,1.2926
300M,chip_194_385_merged.tif,0.4,4,1418804463,78,32.7555,36.4555,3.7
300M,chip_194_385_merged.tif,0.6,0,1054447756,117,33.3035,36.963,3.6595
300M,chip_194_385_merged.tif,0.6,1,673841125,117,35.0624,35.0487,-0.0136
300M,chip_194_385_merged.tif,0.6,2,293234494,117,34.6283,35.8029,1.1746
300M,chip_194_385_merged.tif,0.6,3,1960772624,117,33.5758,36.3023,2.7265
300M,chip_194_385_merged.tif,0.6,4,1580165993,117,33.7673,34.1424,0.3752
300M,chip_194_385_merged.tif,0.8,0,671194447,156,33.4785,35.0457,1.5673
300M,chip_194_385_merged.tif,0.8,1,191248929,156,33.2144,35.2941,2.0797
300M,chip_194_385_merged.tif,0.8,2,1958125946,156,33.6321,34.8755,1.2434
300M,chip_194_385_merged.tif,0.8,3,1478180428,156,33.626,35.0537,1.4276
300M,chip_194_385_merged.tif,0.8,4,1097573797,156,33.4241,35.3814,1.9573
300M,chip_194_433_merged.tif,0.2,0,60614923,39,33.3379,34.9583,1.6203
300M,chip_194_433_merged.tif,0.2,1,1728153053,39,34.9506,35.9959,1.0452
300M,chip_194_433_merged.tif,0.2,2,1347546422,39,33.6748,35.4415,1.7667
300M,chip_194_433_merged.tif,0.2,3,966939791,39,34.0142,35.297,1.2828
300M,chip_194_433_merged.tif,0.2,4,486994273,39,33.6741,35.9125,2.2383
300M,chip_194_433_merged.tif,0.4,0,1142823501,78,33.5359,33.823,0.2871
300M,chip_194_433_merged.tif,0.4,1,762216870,78,32.9889,34.6096,1.6206
300M,chip_194_433_merged.tif,0.4,2,282271352,78,32.988,35.1349,2.1469
300M,chip_194_433_merged.tif,0.4,3,2049148369,78,32.6848,34.6355,1.9507
300M,chip_194_433_merged.tif,0.4,4,1668541738,78,33.0535,35.2719,2.2184
300M,chip_194_433_merged.tif,0.6,0,1304185031,117,33.0533,33.5125,0.4592
300M,chip_194_433_merged.tif,0.6,1,824239513,117,32.9387,34.7574,1.8186
300M,chip_194_433_merged.tif,0.6,2,443632882,117,32.9444,34.2074,1.263
300M,chip_194_433_merged.tif,0.6,3,2111171012,117,32.887,34.1915,1.3045
300M,chip_194_433_merged.tif,0.6,4,1730564381,117,32.8723,34.3902,1.5179
300M,chip_194_433_merged.tif,0.8,0,821592835,156,32.6538,33.0733,0.4195
300M,chip_194_433_merged.tif,0.8,1,341647317,156,32.8716,33.6877,0.8161
300M,chip_194_433_merged.tif,0.8,2,2108524334,156,32.0747,33.4085,1.3338
300M,chip_194_433_merged.tif,0.8,3,1727917703,156,32.8855,34.0769,1.1914
300M,chip_194_433_merged.tif,0.8,4,1247972185,156,32.0721,33.4882,1.4161
300M,chip_196_274_merged.tif,0.2,0,761197787,39,35.6235,36.3443,0.7207
300M,chip_196_274_merged.tif,0.2,1,380591156,39,35.576,36.6584,1.0824
300M,chip_196_274_merged.tif,0.2,2,2048129286,39,32.1355,36.8008,4.6653
300M,chip_196_274_merged.tif,0.2,3,1667522655,39,34.5539,37.4617,2.9079
300M,chip_196_274_merged.tif,0.2,4,1187577137,39,35.5743,37.8483,2.2741
300M,chip_196_274_merged.tif,0.4,0,600582454,78,31.9774,37.2885,5.3111
300M,chip_196_274_merged.tif,0.4,1,120636936,78,32.411,37.8421,5.4311
300M,chip_196_274_merged.tif,0.4,2,1887513953,78,30.9893,35.9146,4.9253
300M,chip_196_274_merged.tif,0.4,3,1407568435,78,32.3672,36.4857,4.1186
300M,chip_196_274_merged.tif,0.4,4,1026961804,78,31.0297,35.675,4.6453
300M,chip_196_274_merged.tif,0.6,0,2004767895,117,31.738,35.6457,3.9077
300M,chip_196_274_merged.tif,0.6,1,1524822377,117,31.1451,36.1859,5.0408
300M,chip_196_274_merged.tif,0.6,2,1144215746,117,31.7319,36.8375,5.1056
300M,chip_196_274_merged.tif,0.6,3,763609115,117,31.1564,35.2733,4.1169
300M,chip_196_274_merged.tif,0.6,4,283663597,117,31.568,35.427,3.859
300M,chip_196_274_merged.tif,0.8,0,1522175699,156,32.0615,32.9801,0.9186
300M,chip_196_274_merged.tif,0.8,1,1141569068,156,32.0617,34.6417,2.5801
300M,chip_196_274_merged.tif,0.8,2,661623550,156,31.1067,33.0778,1.9711
300M,chip_196_274_merged.tif,0.8,3,281016919,156,31.1298,31.7784,0.6486
300M,chip_196_274_merged.tif,0.8,4,1948555049,156,31.4101,33.6194,2.2093
300M,chip_196_291_merged.tif,0.2,0,1826017090,39,32.0036,40.2689,8.2653
300M,chip_196_291_merged.tif,0.2,1,1445410459,39,35.2918,38.9749,3.683
300M,chip_196_291_merged.tif,0.2,2,965464941,39,34.0112,42.3468,8.3356
300M,chip_196_291_merged.tif,0.2,3,584858310,39,33.8341,40.7174,6.8833
300M,chip_196_291_merged.tif,0.2,4,104912792,39,35.293,41.9755,6.6825
300M,chip_196_291_merged.tif,0.4,0,860080907,78,32.0543,39.3355,7.2813
300M,chip_196_291_merged.tif,0.4,1,380135389,78,31.855,39.4296,7.5746
300M,chip_196_291_merged.tif,0.4,2,2147012406,78,31.8531,38.9706,7.1175
300M,chip_196_291_merged.tif,0.4,3,1667066888,78,35.3509,39.8148,4.4639
300M,chip_196_291_merged.tif,0.4,4,1286460257,78,35.8308,38.9838,3.153
300M,chip_196_291_merged.tif,0.6,0,922103550,117,34.5639,37.8624,3.2985
300M,chip_196_291_merged.tif,0.6,1,442158032,117,33.5294,39.8326,6.3032
300M,chip_196_291_merged.tif,0.6,2,61551401,117,33.5629,39.4363,5.8735
300M,chip_196_291_merged.tif,0.6,3,1828428418,117,35.4085,37.1799,1.7714
300M,chip_196_291_merged.tif,0.6,4,1348482900,117,32.9371,38.4988,5.5616
300M,chip_196_291_merged.tif,0.8,0,439511354,156,31.9923,36.5097,4.5174
300M,chip_196_291_merged.tif,0.8,1,58904723,156,33.0615,34.7867,1.7252
300M,chip_196_291_merged.tif,0.8,2,1726442853,156,32.4096,35.3601,2.9504
300M,chip_196_291_merged.tif,0.8,3,1345836222,156,32.4143,36.8877,4.4734
300M,chip_196_291_merged.tif,0.8,4,865890704,156,31.9808,35.3761,3.3953
300M,chip_197_366_merged.tif,0.2,0,748253614,39,35.6122,36.4791,0.8669
300M,chip_197_366_merged.tif,0.2,1,268308096,39,33.4242,35.7481,2.3239
300M,chip_197_366_merged.tif,0.2,2,2035185113,39,33.1096,36.2313,3.1218
300M,chip_197_366_merged.tif,0.2,3,1654578482,39,33.109,35.2903,2.1813
300M,chip_197_366_merged.tif,0.2,4,1174632964,39,32.7769,36.2546,3.4777
300M,chip_197_366_merged.tif,0.4,0,1830462192,78,33.7464,35.2563,1.5098
300M,chip_197_366_merged.tif,0.4,1,1449855561,78,33.512,35.4945,1.9825
300M,chip_197_366_merged.tif,0.4,2,969910043,78,32.5787,36.544,3.9653
300M,chip_197_366_merged.tif,0.4,3,589303412,78,32.5793,35.3845,2.8052
300M,chip_197_366_merged.tif,0.4,4,208696781,78,34.1567,36.0788,1.9221
300M,chip_197_366_merged.tif,0.6,0,1991823722,117,32.4367,35.1829,2.7463
300M,chip_197_366_merged.tif,0.6,1,1511878204,117,32.8409,33.7151,0.8742
300M,chip_197_366_merged.tif,0.6,2,1131271573,117,32.8337,33.6524,0.8188
300M,chip_197_366_merged.tif,0.6,3,651326055,117,33.6422,34.9682,1.3259
300M,chip_197_366_merged.tif,0.6,4,270719424,117,32.8385,35.4726,2.6342
300M,chip_197_366_merged.tif,0.8,0,1509231526,156,32.3441,33.7866,1.4425
300M,chip_197_366_merged.tif,0.8,1,1029286008,156,32.3498,33.6929,1.3431
300M,chip_197_366_merged.tif,0.8,2,648679377,156,32.803,34.0807,1.2777
300M,chip_197_366_merged.tif,0.8,3,268072746,156,32.7921,33.5435,0.7514
300M,chip_197_366_merged.tif,0.8,4,1935610876,156,32.6177,34.2717,1.654
300M,chip_197_591_merged.tif,0.2,0,157901970,39,32.9251,36.8027,3.8776
300M,chip_197_591_merged.tif,0.2,1,1825440100,39,35.8757,36.0002,0.1245
300M,chip_197_591_merged.tif,0.2,2,1444833469,39,31.9378,35.8406,3.9028
300M,chip_197_591_merged.tif,0.2,3,964887951,39,34.8738,35.4541,0.5803
300M,chip_197_591_merged.tif,0.2,4,584281320,39,34.8877,36.1392,1.2515
300M,chip_197_591_merged.tif,0.4,0,2045431398,78,32.7405,36.0078,3.2673
300M,chip_197_591_merged.tif,0.4,1,1664824767,78,32.9367,35.4458,2.5091
300M,chip_197_591_merged.tif,0.4,2,1284218136,78,33.659,36.2504,2.5914
300M,chip_197_591_merged.tif,0.4,3,804272618,78,34.1172,36.0784,1.9611
300M,chip_197_591_merged.tif,0.4,4,423665987,78,33.2651,35.0145,1.7494
300M,chip_197_591_merged.tif,0.6,0,1302133191,117,33.2693,35.3366,2.0673
300M,chip_197_591_merged.tif,0.6,1,921526560,117,33.3269,35.3422,2.0153
300M,chip_197_591_merged.tif,0.6,2,540919929,117,33.113,35.9935,2.8805
300M,chip_197_591_merged.tif,0.6,3,60974411,117,32.7768,35.4082,2.6314
300M,chip_197_591_merged.tif,0.6,4,1827851428,117,33.2743,35.216,1.9417
300M,chip_197_591_merged.tif,0.8,0,918879882,156,32.7282,34.6705,1.9422
300M,chip_197_591_merged.tif,0.8,1,438934364,156,32.7365,34.2825,1.546
300M,chip_197_591_merged.tif,0.8,2,58327733,156,32.6316,34.8338,2.2021
300M,chip_197_591_merged.tif,0.8,3,1725865863,156,33.1362,34.4611,1.3249
300M,chip_197_591_merged.tif,0.8,4,1345259232,156,31.7476,34.4444,2.6968
300M,chip_198_027_merged.tif,0.2,0,2061133816,39,38.2934,38.6735,0.3802
300M,chip_198_027_merged.tif,0.2,1,1680527185,39,37.059,40.1444,3.0854
300M,chip_198_027_merged.tif,0.2,2,1299920554,39,38.0412,40.0147,1.9735
300M,chip_198_027_merged.tif,0.2,3,819975036,39,37.3611,39.9228,2.5617
300M,chip_198_027_merged.tif,0.2,4,439368405,39,36.1622,39.432,3.2698
300M,chip_198_027_merged.tif,0.4,0,1900518483,78,38.5107,38.9578,0.4471
300M,chip_198_027_merged.tif,0.4,1,1519911852,78,35.936,39.2179,3.2819
300M,chip_198_027_merged.tif,0.4,2,1039966334,78,36.5498,39.9234,3.3736
300M,chip_198_027_merged.tif,0.4,3,659359703,78,38.1997,39.3894,1.1897
300M,chip_198_027_merged.tif,0.4,4,179414185,78,36.0981,38.3251,2.227
300M,chip_198_027_merged.tif,0.6,0,1157220276,117,37.6278,37.0745,-0.5533
300M,chip_198_027_merged.tif,0.6,1,776613645,117,34.5991,35.7938,1.1947
300M,chip_198_027_merged.tif,0.6,2,296668127,117,37.6279,37.4668,-0.1611
300M,chip_198_027_merged.tif,0.6,3,2063545144,117,36.0011,38.5692,2.5681
300M,chip_198_027_merged.tif,0.6,4,1583599626,117,36.0987,36.5493,0.4506
300M,chip_198_027_merged.tif,0.8,0,674628080,156,37.1866,36.5778,-0.6089
300M,chip_198_027_merged.tif,0.8,1,294021449,156,35.4198,36.5257,1.106
300M,chip_198_027_merged.tif,0.8,2,2060898466,156,37.7265,35.7492,-1.9772
300M,chip_198_027_merged.tif,0.8,3,1580952948,156,37.1743,35.8095,-1.3648
300M,chip_198_027_merged.tif,0.8,4,1200346317,156,36.1651,36.0525,-0.1126
300M,chip_200_415_merged.tif,0.2,0,1492062358,39,35.2172,36.937,1.7198
300M,chip_200_415_merged.tif,0.2,1,1111455727,39,36.3481,37.4193,1.0712
300M,chip_200_415_merged.tif,0.2,2,631510209,39,35.6861,37.2055,1.5193
300M,chip_200_415_merged.tif,0.2,3,250903578,39,35.7039,37.3513,1.6473
300M,chip_200_415_merged.tif,0.2,4,1918441708,39,35.5397,38.0766,2.5369
300M,chip_200_415_merged.tif,0.4,0,526126175,78,33.624,36.8483,3.2243
300M,chip_200_415_merged.tif,0.4,1,46180657,78,33.6235,37.4257,3.8022
300M,chip_200_415_merged.tif,0.4,2,1813057674,78,34.0751,37.0326,2.9576
300M,chip_200_415_merged.tif,0.4,3,1333112156,78,33.9262,37.7833,3.8572
300M,chip_200_415_merged.tif,0.4,4,952505525,78,33.8647,37.0408,3.1762
300M,chip_200_415_merged.tif,0.6,0,588148818,117,33.2386,36.5205,3.2819
300M,chip_200_415_merged.tif,0.6,1,207542187,117,33.836,37.5039,3.6678
300M,chip_200_415_merged.tif,0.6,2,1875080317,117,33.2503,37.0713,3.821
300M,chip_200_415_merged.tif,0.6,3,1494473686,117,33.6124,37.5498,3.9374
300M,chip_200_415_merged.tif,0.6,4,1014528168,117,33.6645,36.9819,3.3174
300M,chip_200_415_merged.tif,0.8,0,105556622,156,33.2906,36.3253,3.0348
300M,chip_200_415_merged.tif,0.8,1,1872433639,156,33.9346,35.4131,1.4785
300M,chip_200_415_merged.tif,0.8,2,1392488121,156,33.3548,36.1452,2.7904
300M,chip_200_415_merged.tif,0.8,3,1011881490,156,33.9046,36.2166,2.312
300M,chip_200_415_merged.tif,0.8,4,531935972,156,33.5486,36.1955,2.6469
300M,chip_200_441_merged.tif,0.2,0,447485661,39,33.9938,36.7144,2.7207
300M,chip_200_441_merged.tif,0.2,1,2115023791,39,34.712,35.8269,1.1149
300M,chip_200_441_merged.tif,0.2,2,1734417160,39,33.9938,36.8149,2.8211
300M,chip_200_441_merged.tif,0.2,3,1254471642,39,34.9519,36.9241,1.9722
300M,chip_200_441_merged.tif,0.2,4,873865011,39,35.5406,37.2162,1.6756
300M,chip_200_441_merged.tif,0.4,0,187531441,78,34.7584,36.0451,1.2866
300M,chip_200_441_merged.tif,0.4,1,1954408458,78,34.6144,36.1958,1.5814
300M,chip_200_441_merged.tif,0.4,2,1474462940,78,34.5831,35.4475,0.8644
300M,chip_200_441_merged.tif,0.4,3,1093856309,78,35.6123,37.2062,1.5939
300M,chip_200_441_merged.tif,0.4,4,713249678,78,35.5312,36.5384,1.0072
300M,chip_200_441_merged.tif,0.6,0,1591716882,117,35.1853,35.8061,0.6208
300M,chip_200_441_merged.tif,0.6,1,1211110251,117,35.2667,35.6767,0.4099
300M,chip_200_441_merged.tif,0.6,2,830503620,117,34.7326,35.6643,0.9318
300M,chip_200_441_merged.tif,0.6,3,350558102,117,35.1967,35.919,0.7223
300M,chip_200_441_merged.tif,0.6,4,2117435119,117,34.5948,35.9175,1.3228
300M,chip_200_441_merged.tif,0.8,0,1208463573,156,34.5884,34.8809,0.2925
300M,chip_200_441_merged.tif,0.8,1,728518055,156,34.562,35.3044,0.7425
300M,chip_200_441_merged.tif,0.8,2,347911424,156,34.5865,35.0248,0.4383
300M,chip_200_441_merged.tif,0.8,3,2015449554,156,34.5968,34.926,0.3292
300M,chip_200_441_merged.tif,0.8,4,1634842923,156,34.3801,35.1477,0.7676
300M,chip_201_457_merged.tif,0.2,0,872592896,39,34.5505,35.129,0.5785
300M,chip_201_457_merged.tif,0.2,1,491986265,39,34.1597,34.329,0.1693
300M,chip_201_457_merged.tif,0.2,2,111379634,39,32.7655,34.9749,2.2094
300M,chip_201_457_merged.tif,0.2,3,1778917764,39,33.5328,34.7914,1.2586
300M,chip_201_457_merged.tif,0.2,4,1398311133,39,34.1602,34.8981,0.7378
300M,chip_201_457_merged.tif,0.4,0,711977563,78,31.4414,35.588,4.1466
300M,chip_201_457_merged.tif,0.4,1,331370932,78,31.6083,35.4757,3.8674
300M,chip_201_457_merged.tif,0.4,2,1998909062,78,31.3739,33.93,2.556
300M,chip_201_457_merged.tif,0.4,3,1618302431,78,32.703,34.799,2.096
300M,chip_201_457_merged.tif,0.4,4,1138356913,78,32.528,35.3593,2.8313
300M,chip_201_457_merged.tif,0.6,0,2116163004,117,31.4719,34.8748,3.4029
300M,chip_201_457_merged.tif,0.6,1,1735556373,117,31.7332,34.2053,2.4721
300M,chip_201_457_merged.tif,0.6,2,1255610855,117,31.164,33.6981,2.534
300M,chip_201_457_merged.tif,0.6,3,875004224,117,31.2436,34.2073,2.9637
300M,chip_201_457_merged.tif,0.6,4,395058706,117,31.2576,34.1485,2.8908
300M,chip_201_457_merged.tif,0.8,0,1633570808,156,31.9092,33.7786,1.8695
300M,chip_201_457_merged.tif,0.8,1,1252964177,156,31.9278,33.0125,1.0847
300M,chip_201_457_merged.tif,0.8,2,872357546,156,31.8996,33.2484,1.3488
300M,chip_201_457_merged.tif,0.8,3,392412028,156,30.7136,32.6416,1.928
300M,chip_201_457_merged.tif,0.8,4,11805397,156,30.7319,33.7496,3.0177
300M,chip_202_016_merged.tif,0.2,0,1866090006,39,31.8354,32.6904,0.855
300M,chip_202_016_merged.tif,0.2,1,1386144488,39,24.1831,31.1713,6.9883
300M,chip_202_016_merged.tif,0.2,2,1005537857,39,24.5559,35.4105,10.8545
300M,chip_202_016_merged.tif,0.2,3,525592339,39,24.1835,31.7141,7.5305
300M,chip_202_016_merged.tif,0.2,4,144985708,39,24.5562,33.0005,8.4443
300M,chip_202_016_merged.tif,0.4,0,1606135786,78,30.2273,31.8915,1.6643
300M,chip_202_016_merged.tif,0.4,1,1225529155,78,27.9192,31.5432,3.624
300M,chip_202_016_merged.tif,0.4,2,844922524,78,28.5912,32.2007,3.6095
300M,chip_202_016_merged.tif,0.4,3,364977006,78,28.5905,30.5105,1.9199
300M,chip_202_016_merged.tif,0.4,4,2131854023,78,27.04,31.3916,4.3516
300M,chip_202_016_merged.tif,0.6,0,962176466,117,29.8963,29.1431,-0.7532
300M,chip_202_016_merged.tif,0.6,1,482230948,117,26.6887,29.802,3.1133
300M,chip_202_016_merged.tif,0.6,2,101624317,117,29.3332,30.2413,0.9081
300M,chip_202_016_merged.tif,0.6,3,1769162447,117,28.1706,29.035,0.8643
300M,chip_202_016_merged.tif,0.6,4,1388555816,117,28.3297,29.4986,1.1689
300M,chip_202_016_merged.tif,0.8,0,479584270,156,26.6536,27.8363,1.1827
300M,chip_202_016_merged.tif,0.8,1,2147122400,156,27.9948,29.2762,1.2814
300M,chip_202_016_merged.tif,0.8,2,1766515769,156,26.8947,27.8526,0.9578
300M,chip_202_016_merged.tif,0.8,3,1286570251,156,26.6119,29.3385,2.7266
300M,chip_202_016_merged.tif,0.8,4,905963620,156,26.6076,28.143,1.5354
300M,chip_202_324_merged.tif,0.2,0,55548639,39,36.7204,38.1091,1.3888
300M,chip_202_324_merged.tif,0.2,1,1822425656,39,36.9562,38.5948,1.6386
300M,chip_202_324_merged.tif,0.2,2,1342480138,39,32.3929,37.7942,5.4013
300M,chip_202_324_merged.tif,0.2,3,961873507,39,34.2311,39.8296,5.5985
300M,chip_202_324_merged.tif,0.2,4,581266876,39,31.9963,39.4201,7.4238
300M,chip_202_324_merged.tif,0.4,0,2042416954,78,34.9157,38.1249,3.2091
300M,chip_202_324_merged.tif,0.4,1,1661810323,78,34.6475,37.7395,3.0919
300M,chip_202_324_merged.tif,0.4,2,1181864805,78,35.3805,37.688,2.3075
300M,chip_202_324_merged.tif,0.4,3,801258174,78,35.4821,38.1332,2.6511
300M,chip_202_324_merged.tif,0.4,4,321312656,78,34.6313,37.593,2.9617
300M,chip_202_324_merged.tif,0.6,0,1299118747,117,34.0808,37.0362,2.9553
300M,chip_202_324_merged.tif,0.6,1,918512116,117,31.9142,36.2888,4.3746
300M,chip_202_324_merged.tif,0.6,2,438566598,117,32.8065,37.0176,4.2111
300M,chip_202_324_merged.tif,0.6,3,57959967,117,34.6844,37.5632,2.8788
300M,chip_202_324_merged.tif,0.6,4,1725498097,117,34.6855,36.8784,2.1929
300M,chip_202_324_merged.tif,0.8,0,816526551,156,33.6119,35.8106,2.1987
300M,chip_202_324_merged.tif,0.8,1,435919920,156,33.605,35.7096,2.1046
300M,chip_202_324_merged.tif,0.8,2,2103458050,156,32.4965,35.2493,2.7528
300M,chip_202_324_merged.tif,0.8,3,1722851419,156,32.5192,33.7205,1.2012
300M,chip_202_324_merged.tif,0.8,4,1342244788,156,31.8141,34.9471,3.133
300M,chip_202_367_merged.tif,0.2,0,12728244,39,33.0591,35.2123,2.1532
300M,chip_202_367_merged.tif,0.2,1,1779605261,39,33.6157,34.7763,1.1606
300M,chip_202_367_merged.tif,0.2,2,1398998630,39,32.08,35.2131,3.1331
300M,chip_202_367_merged.tif,0.2,3,919053112,39,32.0196,34.4668,2.4472
300M,chip_202_367_merged.tif,0.2,4,538446481,39,33.0849,34.6469,1.562
300M,chip_202_367_merged.tif,0.4,0,1194275709,78,32.7005,34.7383,2.0378
300M,chip_202_367_merged.tif,0.4,1,813669078,78,31.9374,34.3364,2.399
300M,chip_202_367_merged.tif,0.4,2,333723560,78,32.9399,34.2758,1.3359
300M,chip_202_367_merged.tif,0.4,3,2100600577,78,32.5762,34.5101,1.9339
300M,chip_202_367_merged.tif,0.4,4,1620655059,78,32.9401,34.3684,1.4283
300M,chip_202_367_merged.tif,0.6,0,450977502,117,32.2379,33.9625,1.7246
300M,chip_202_367_merged.tif,0.6,1,70370871,117,32.4122,33.6643,1.2521
300M,chip_202_367_merged.tif,0.6,2,1737909001,117,32.6453,33.9157,1.2705
300M,chip_202_367_merged.tif,0.6,3,1357302370,117,32.2196,34.1416,1.922
300M,chip_202_367_merged.tif,0.6,4,877356852,117,32.5798,33.7373,1.1575
300M,chip_202_367_merged.tif,0.8,0,2115868954,156,32.2645,33.183,0.9186
300M,chip_202_367_merged.tif,0.8,1,1735262323,156,32.3915,33.0972,0.7057
300M,chip_202_367_merged.tif,0.8,2,1255316805,156,32.0799,33.1893,1.1094
300M,chip_202_367_merged.tif,0.8,3,874710174,156,32.2202,33.1817,0.9615
300M,chip_202_367_merged.tif,0.8,4,494103543,156,32.2583,33.5527,1.2944
300M,chip_202_388_merged.tif,0.2,0,617499522,39,33.8847,35.8886,2.004
300M,chip_202_388_merged.tif,0.2,1,236892891,39,35.2081,35.5794,0.3713
300M,chip_202_388_merged.tif,0.2,2,1904431021,39,32.9717,35.463,2.4913
300M,chip_202_388_merged.tif,0.2,3,1523824390,39,33.8083,35.9578,2.1495
300M,chip_202_388_merged.tif,0.2,4,1043878872,39,35.2079,36.1911,0.9832
300M,chip_202_388_merged.tif,0.4,0,1799046987,78,33.6197,35.0854,1.4657
300M,chip_202_388_merged.tif,0.4,1,1319101469,78,31.5626,35.2704,3.7078
300M,chip_202_388_merged.tif,0.4,2,938494838,78,32.8687,35.9278,3.0591
300M,chip_202_388_merged.tif,0.4,3,458549320,78,32.6516,35.6178,2.9662
300M,chip_202_388_merged.tif,0.4,4,77942689,78,32.8691,36.0056,3.1365
300M,chip_202_388_merged.tif,0.6,0,1055748780,117,32.2614,34.8589,2.5975
300M,chip_202_388_merged.tif,0.6,1,575803262,117,33.0384,34.7729,1.7345
300M,chip_202_388_merged.tif,0.6,2,195196631,117,31.0081,34.2258,3.2177
300M,chip_202_388_merged.tif,0.6,3,1862734761,117,31.7909,34.6152,2.8243
300M,chip_202_388_merged.tif,0.6,4,1482128130,117,31.819,35.5832,3.7642
300M,chip_202_388_merged.tif,0.8,0,573156584,156,31.975,32.9335,0.9586
300M,chip_202_388_merged.tif,0.8,1,93211066,156,32.7914,33.7267,0.9353
300M,chip_202_388_merged.tif,0.8,2,1860088083,156,31.6666,33.6028,1.9362
300M,chip_202_388_merged.tif,0.8,3,1479481452,156,31.6706,33.6978,2.0271
300M,chip_202_388_merged.tif,0.8,4,999535934,156,31.6222,34.0266,2.4044
300M,chip_202_439_merged.tif,0.2,0,1750219128,39,37.2763,38.8863,1.61
300M,chip_202_439_merged.tif,0.2,1,1369612497,39,37.1589,38.1299,0.971
300M,chip_202_439_merged.tif,0.2,2,989005866,39,33.6766,38.439,4.7624
300M,chip_202_439_merged.tif,0.2,3,509060348,39,34.5983,38.1403,3.542
300M,chip_202_439_merged.tif,0.2,4,128453717,39,37.1921,38.1441,0.9519
300M,chip_202_439_merged.tif,0.4,0,1589603795,78,36.4003,38.1706,1.7703
300M,chip_202_439_merged.tif,0.4,1,1208997164,78,34.5983,38.3303,3.732
300M,chip_202_439_merged.tif,0.4,2,729051646,78,36.2684,38.0566,1.7882
300M,chip_202_439_merged.tif,0.4,3,348445015,78,33.9048,37.7976,3.8928
300M,chip_202_439_merged.tif,0.4,4,2115322032,78,36.4008,38.2333,1.8325
300M,chip_202_439_merged.tif,0.6,0,846305588,117,36.3528,36.9566,0.6037
300M,chip_202_439_merged.tif,0.6,1,465698957,117,34.9796,36.9697,1.9901
300M,chip_202_439_merged.tif,0.6,2,2133237087,117,36.675,36.9837,0.3087
300M,chip_202_439_merged.tif,0.6,3,1752630456,117,34.9622,37.0703,2.1082
300M,chip_202_439_merged.tif,0.6,4,1372023825,117,34.0686,37.292,3.2234
300M,chip_202_439_merged.tif,0.8,0,363713392,156,33.1233,35.5864,2.4631
300M,chip_202_439_merged.tif,0.8,1,2130590409,156,34.1124,35.8784,1.7659
300M,chip_202_439_merged.tif,0.8,2,1749983778,156,33.3749,36.5423,3.1674
300M,chip_202_439_merged.tif,0.8,3,1270038260,156,34.1726,36.6509,2.4783
300M,chip_202_439_merged.tif,0.8,4,889431629,156,34.1908,35.9399,1.7491
300M,chip_204_329_merged.tif,0.2,0,384412311,39,31.733,37.3584,5.6254
300M,chip_204_329_merged.tif,0.2,1,3805680,39,31.7337,34.8984,3.1647
300M,chip_204_329_merged.tif,0.2,2,1770682697,39,34.195,36.7694,2.5744
300M,chip_204_329_merged.tif,0.2,3,1290737179,39,33.3032,36.6862,3.3831
300M,chip_204_329_merged.tif,0.2,4,910130548,39,32.0538,37.0012,4.9475
300M,chip_204_329_merged.tif,0.4,0,223796978,78,32.0933,35.7803,3.687
300M,chip_204_329_merged.tif,0.4,1,1990673995,78,32.1441,36.4789,4.3348
300M,chip_204_329_merged.tif,0.4,2,1510728477,78,33.1643,35.7778,2.6136
300M,chip_204_329_merged.tif,0.4,3,1130121846,78,31.4577,35.8969,4.4391
300M,chip_204_329_merged.tif,0.4,4,749515215,78,32.9511,35.689,2.7379
300M,chip_204_329_merged.tif,0.6,0,1627982419,117,31.2123,34.2078,2.9955
300M,chip_204_329_merged.tif,0.6,1,1247375788,117,32.056,34.5589,2.5029
300M,chip_204_329_merged.tif,0.6,2,767430270,117,31.8,34.2007,2.4006
300M,chip_204_329_merged.tif,0.6,3,386823639,117,32.4293,34.5277,2.0984
300M,chip_204_329_merged.tif,0.6,4,6217008,117,32.0633,34.3064,2.2431
300M,chip_204_329_merged.tif,0.8,0,1145390223,156,31.6662,32.5861,0.9198
300M,chip_204_329_merged.tif,0.8,1,764783592,156,31.1375,32.9898,1.8524
300M,chip_204_329_merged.tif,0.8,2,384176961,156,31.6489,34.2662,2.6172
300M,chip_204_329_merged.tif,0.8,3,2051715091,156,30.0589,33.4267,3.3678
300M,chip_204_329_merged.tif,0.8,4,1671108460,156,31.6683,32.7772,1.1089
300M,chip_204_390_merged.tif,0.2,0,1800429349,39,38.0638,38.7118,0.648
300M,chip_204_390_merged.tif,0.2,1,1419822718,39,37.7736,39.2054,1.4318
300M,chip_204_390_merged.tif,0.2,2,939877200,39,37.5157,39.0379,1.5222
300M,chip_204_390_merged.tif,0.2,3,559270569,39,38.0659,39.691,1.625
300M,chip_204_390_merged.tif,0.2,4,178663938,39,36.4707,38.8742,2.4035
300M,chip_204_390_merged.tif,0.4,0,834493166,78,38.0458,39.0477,1.0018
300M,chip_204_390_merged.tif,0.4,1,354547648,78,38.0843,38.6464,0.5621
300M,chip_204_390_merged.tif,0.4,2,2121424665,78,37.3134,39.1724,1.859
300M,chip_204_390_merged.tif,0.4,3,1641479147,78,38.0293,39.3447,1.3153
300M,chip_204_390_merged.tif,0.4,4,1260872516,78,37.9199,39.3224,1.4025
300M,chip_204_390_merged.tif,0.6,0,896515809,117,37.8158,38.4631,0.6473
300M,chip_204_390_merged.tif,0.6,1,515909178,117,38.1237,38.0838,-0.0399
300M,chip_204_390_merged.tif,0.6,2,35963660,117,37.7457,38.4372,0.6915
300M,chip_204_390_merged.tif,0.6,3,1802840677,117,38.0526,38.7869,0.7343
300M,chip_204_390_merged.tif,0.6,4,1322895159,117,37.8194,38.5425,0.7231
300M,chip_204_390_merged.tif,0.8,0,413923613,156,37.9674,38.1184,0.151
300M,chip_204_390_merged.tif,0.8,1,33316982,156,37.6172,38.2412,0.6239
300M,chip_204_390_merged.tif,0.8,2,1700855112,156,37.1516,37.9191,0.7676
300M,chip_204_390_merged.tif,0.8,3,1320248481,156,37.7176,38.4707,0.7531
300M,chip_204_390_merged.tif,0.8,4,939641850,156,37.7022,37.8911,0.1889
300M,chip_204_506_merged.tif,0.2,0,332066059,39,30.3144,33.8279,3.5135
300M,chip_204_506_merged.tif,0.2,1,2098943076,39,33.2235,33.7383,0.5148
300M,chip_204_506_merged.tif,0.2,2,1618997558,39,32.8831,33.6621,0.779
300M,chip_204_506_merged.tif,0.2,3,1238390927,39,31.5041,34.4101,2.906
300M,chip_204_506_merged.tif,0.2,4,857784296,39,30.0848,34.6854,4.6006
300M,chip_204_506_merged.tif,0.4,0,171450726,78,30.5372,33.6224,3.0852
300M,chip_204_506_merged.tif,0.4,1,1938327743,78,30.4827,33.2676,2.7849
300M,chip_204_506_merged.tif,0.4,2,1458382225,78,31.6713,34.0712,2.3998
300M,chip_204_506_merged.tif,0.4,3,1077775594,78,30.5377,33.6699,3.1322
300M,chip_204_506_merged.tif,0.4,4,597830076,78,31.6712,33.9887,2.3175
300M,chip_204_506_merged.tif,0.6,0,1575636167,117,31.0878,33.7707,2.683
300M,chip_204_506_merged.tif,0.6,1,1195029536,117,31.5071,33.6803,2.1732
300M,chip_204_506_merged.tif,0.6,2,715084018,117,31.1871,32.6441,1.4571
300M,chip_204_506_merged.tif,0.6,3,334477387,117,31.4559,33.1518,1.6959
300M,chip_204_506_merged.tif,0.6,4,2002015517,117,31.1229,32.6431,1.5202
300M,chip_204_506_merged.tif,0.8,0,1093043971,156,30.4916,31.5515,1.0599
300M,chip_204_506_merged.tif,0.8,1,712437340,156,29.5384,32.1722,2.6338
300M,chip_204_506_merged.tif,0.8,2,232491822,156,30.4838,30.8699,0.3861
300M,chip_204_506_merged.tif,0.8,3,1999368839,156,30.4755,31.8044,1.3288
300M,chip_204_506_merged.tif,0.8,4,1618762208,156,29.729,32.5015,2.7725
300M,chip_205_329_merged.tif,0.2,0,1659760135,39,32.9934,35.3723,2.379
300M,chip_205_329_merged.tif,0.2,1,1279153504,39,31.9652,36.4255,4.4603
300M,chip_205_329_merged.tif,0.2,2,799207986,39,29.5877,35.8256,6.2379
300M,chip_205_329_merged.tif,0.2,3,418601355,39,31.8316,36.081,4.2494
300M,chip_205_329_merged.tif,0.2,4,37994724,39,32.5015,36.513,4.0115
300M,chip_205_329_merged.tif,0.4,0,693823952,78,32.4234,34.6398,2.2163
300M,chip_205_329_merged.tif,0.4,1,213878434,78,30.893,35.2837,4.3908
300M,chip_205_329_merged.tif,0.4,2,1980755451,78,31.4446,35.4567,4.0121
300M,chip_205_329_merged.tif,0.4,3,1500809933,78,30.8322,35.0839,4.2517
300M,chip_205_329_merged.tif,0.4,4,1120203302,78,32.1043,35.5193,3.4149
300M,chip_205_329_merged.tif,0.6,0,755846595,117,30.4483,34.6355,4.1871
300M,chip_205_329_merged.tif,0.6,1,375239964,117,31.4452,34.1496,2.7043
300M,chip_205_329_merged.tif,0.6,2,2042778094,117,29.7538,34.155,4.4013
300M,chip_205_329_merged.tif,0.6,3,1662171463,117,30.2819,34.3321,4.0502
300M,chip_205_329_merged.tif,0.6,4,1182225945,117,30.4335,34.1483,3.7148
300M,chip_205_329_merged.tif,0.8,0,273254399,156,30.8449,32.6897,1.8447
300M,chip_205_329_merged.tif,0.8,1,2040131416,156,30.8975,33.2634,2.3659
300M,chip_205_329_merged.tif,0.8,2,1560185898,156,30.8761,32.5682,1.6921
300M,chip_205_329_merged.tif,0.8,3,1179579267,156,30.3384,32.8699,2.5314
300M,chip_205_329_merged.tif,0.8,4,798972636,156,30.8812,32.9459,2.0647
300M,chip_206_391_merged.tif,0.2,0,2078045045,39,37.5743,38.238,0.6637
300M,chip_206_391_merged.tif,0.2,1,1697438414,39,36.9533,39.0023,2.049
300M,chip_206_391_merged.tif,0.2,2,1217492896,39,36.0232,38.2644,2.2412
300M,chip_206_391_merged.tif,0.2,3,836886265,39,36.5641,38.2064,1.6423
300M,chip_206_391_merged.tif,0.2,4,356940747,39,37.2269,38.7239,1.497
300M,chip_206_391_merged.tif,0.4,0,1917429712,78,35.8708,38.1392,2.2684
300M,chip_206_391_merged.tif,0.4,1,1437484194,78,36.4267,37.8512,1.4245
300M,chip_206_391_merged.tif,0.4,2,1056877563,78,36.4266,37.8496,1.423
300M,chip_206_391_merged.tif,0.4,3,676270932,78,35.9756,38.2792,2.3037
300M,chip_206_391_merged.tif,0.4,4,196325414,78,35.8712,38.0271,2.156
300M,chip_206_391_merged.tif,0.6,0,1174131505,117,36.9296,37.0588,0.1291
300M,chip_206_391_merged.tif,0.6,1,694185987,117,35.8726,37.1851,1.3125
300M,chip_206_391_merged.tif,0.6,2,313579356,117,36.3462,37.7483,1.402
300M,chip_206_391_merged.tif,0.6,3,2080456373,117,36.6272,37.4565,0.8294
300M,chip_206_391_merged.tif,0.6,4,1600510855,117,36.3394,37.9651,1.6257
300M,chip_206_391_merged.tif,0.8,0,691539309,156,35.7519,36.5771,0.8253
300M,chip_206_391_merged.tif,0.8,1,310932678,156,35.7812,37.1353,1.3541
300M,chip_206_391_merged.tif,0.8,2,1978470808,156,36.3748,36.7867,0.412
300M,chip_206_391_merged.tif,0.8,3,1597864177,156,36.3765,37.3166,0.9401
300M,chip_206_391_merged.tif,0.8,4,1117918659,156,36.3735,36.9034,0.5299
300M,chip_206_401_merged.tif,0.2,0,1599494011,39,34.419,37.9913,3.5723
300M,chip_206_401_merged.tif,0.2,1,1218887380,39,36.4517,38.0983,1.6466
300M,chip_206_401_merged.tif,0.2,2,738941862,39,36.7071,38.4687,1.7617
300M,chip_206_401_merged.tif,0.2,3,358335231,39,36.1985,38.4268,2.2283
300M,chip_206_401_merged.tif,0.2,4,2025873361,39,34.3699,37.281,2.9111
300M,chip_206_401_merged.tif,0.4,0,1438878678,78,33.2397,38.2585,5.0189
300M,chip_206_401_merged.tif,0.4,1,958933160,78,36.5836,37.7528,1.1692
300M,chip_206_401_merged.tif,0.4,2,578326529,78,36.8334,37.5409,0.7075
300M,chip_206_401_merged.tif,0.4,3,197719898,78,36.6001,37.8364,1.2363
300M,chip_206_401_merged.tif,0.4,4,1865258028,78,36.151,38.3675,2.2165
300M,chip_206_401_merged.tif,0.6,0,695580471,117,35.6406,37.4155,1.7749
300M,chip_206_401_merged.tif,0.6,1,314973840,117,36.1088,36.6273,0.5185
300M,chip_206_401_merged.tif,0.6,2,1982511970,117,34.0597,37.4164,3.3567
300M,chip_206_401_merged.tif,0.6,3,1601905339,117,36.5194,36.5187,-0.0007
300M,chip_206_401_merged.tif,0.6,4,1121959821,117,36.5097,36.5042,-0.0055
300M,chip_206_401_merged.tif,0.8,0,212988275,156,35.3376,36.5825,1.2449
300M,chip_206_401_merged.tif,0.8,1,1979865292,156,34.3797,36.3568,1.9771
300M,chip_206_401_merged.tif,0.8,2,1499919774,156,35.3114,36.9616,1.6502
300M,chip_206_401_merged.tif,0.8,3,1119313143,156,34.3358,34.8962,0.5605
300M,chip_206_401_merged.tif,0.8,4,639367625,156,33.9673,35.7502,1.7829
300M,chip_207_334_merged.tif,0.2,0,616322145,39,30.6056,35.8789,5.2733
300M,chip_207_334_merged.tif,0.2,1,136376627,39,31.7031,35.5969,3.8938
300M,chip_207_334_merged.tif,0.2,2,1903253644,39,29.6033,35.4722,5.8689
300M,chip_207_334_merged.tif,0.2,3,1522647013,39,30.607,35.6039,4.9969
300M,chip_207_334_merged.tif,0.2,4,1042701495,39,31.4742,35.6087,4.1345
300M,chip_207_334_merged.tif,0.4,0,455706812,78,31.3073,33.5789,2.2716
300M,chip_207_334_merged.tif,0.4,1,2123244942,78,29.5293,34.1155,4.5862
300M,chip_207_334_merged.tif,0.4,2,1742638311,78,29.8501,33.9915,4.1415
300M,chip_207_334_merged.tif,0.4,3,1262692793,78,30.8318,34.3067,3.4749
300M,chip_207_334_merged.tif,0.4,4,882086162,78,31.5815,34.41,2.8286
300M,chip_207_334_merged.tif,0.6,0,1859892253,117,30.2672,32.6394,2.3722
300M,chip_207_334_merged.tif,0.6,1,1379946735,117,29.9208,33.416,3.4952
300M,chip_207_334_merged.tif,0.6,2,999340104,117,28.8611,32.4231,3.562
300M,chip_207_334_merged.tif,0.6,3,519394586,117,29.6389,33.0939,3.455
300M,chip_207_334_merged.tif,0.6,4,138787955,117,29.2964,33.3999,4.1035
300M,chip_207_334_merged.tif,0.8,0,1377300057,156,29.9759,31.1152,1.1393
300M,chip_207_334_merged.tif,0.8,1,897354539,156,30.2416,31.6077,1.3662
300M,chip_207_334_merged.tif,0.8,2,516747908,156,29.4496,31.7232,2.2736
300M,chip_207_334_merged.tif,0.8,3,136141277,156,29.6445,30.979,1.3344
300M,chip_207_334_merged.tif,0.8,4,1803679407,156,29.6565,31.3147,1.6582
300M,chip_207_424_merged.tif,0.2,0,342728723,39,35.2173,35.8805,0.6632
300M,chip_207_424_merged.tif,0.2,1,2109605740,39,37.5831,35.8081,-1.775
300M,chip_207_424_merged.tif,0.2,2,1728999109,39,31.8576,36.2148,4.3571
300M,chip_207_424_merged.tif,0.2,3,1249053591,39,33.8127,36.1317,2.3189
300M,chip_207_424_merged.tif,0.2,4,868446960,39,35.6909,36.7654,1.0746
300M,chip_207_424_merged.tif,0.4,0,1524276188,78,32.255,36.2185,3.9636
300M,chip_207_424_merged.tif,0.4,1,1143669557,78,32.4955,36.116,3.6204
300M,chip_207_424_merged.tif,0.4,2,663724039,78,33.5705,36.0121,2.4416
300M,chip_207_424_merged.tif,0.4,3,283117408,78,34.523,35.3039,0.7809
300M,chip_207_424_merged.tif,0.4,4,1950655538,78,35.7366,34.2604,-1.4762
300M,chip_207_424_merged.tif,0.6,0,780977981,117,32.0774,35.3368,3.2594
300M,chip_207_424_merged.tif,0.6,1,400371350,117,32.7086,34.7903,2.0817
300M,chip_207_424_merged.tif,0.6,2,2067909480,117,32.0373,34.8465,2.8092
300M,chip_207_424_merged.tif,0.6,3,1687302849,117,34.9863,35.6858,0.6994
300M,chip_207_424_merged.tif,0.6,4,1207357331,117,32.0736,34.9936,2.92
300M,chip_207_424_merged.tif,0.8,0,298385785,156,28.5116,34.1184,5.6068
300M,chip_207_424_merged.tif,0.8,1,2065262802,156,28.4733,34.7275,6.2542
300M,chip_207_424_merged.tif,0.8,2,1585317284,156,33.6661,34.1114,0.4453
300M,chip_207_424_merged.tif,0.8,3,1204710653,156,32.0926,34.7509,2.6582
300M,chip_207_424_merged.tif,0.8,4,824104022,156,32.729,34.5301,1.8011
300M,chip_208_417_merged.tif,0.2,0,513777774,39,35.1593,37.2523,2.0931
300M,chip_208_417_merged.tif,0.2,1,33832256,39,34.2995,37.8844,3.5849
300M,chip_208_417_merged.tif,0.2,2,1800709273,39,35.2031,37.6422,2.4391
300M,chip_208_417_merged.tif,0.2,3,1420102642,39,36.5977,37.4657,0.8681
300M,chip_208_417_merged.tif,0.2,4,940157124,39,34.3007,37.2672,2.9665
300M,chip_208_417_merged.tif,0.4,0,1595986352,78,33.834,37.2017,3.3677
300M,chip_208_417_merged.tif,0.4,1,1215379721,78,33.835,37.7195,3.8845
300M,chip_208_417_merged.tif,0.4,2,735434203,78,35.7877,37.5312,1.7435
300M,chip_208_417_merged.tif,0.4,3,354827572,78,36.1983,37.407,1.2086
300M,chip_208_417_merged.tif,0.4,4,2121704589,78,35.7802,37.3591,1.5789
300M,chip_208_417_merged.tif,0.6,0,852688145,117,35.6253,36.8444,1.2191
300M,chip_208_417_merged.tif,0.6,1,472081514,117,36.5935,37.1904,0.5969
300M,chip_208_417_merged.tif,0.6,2,2139619644,117,36.1176,37.0766,0.959
300M,chip_208_417_merged.tif,0.6,3,1759013013,117,36.5787,36.8315,0.2529
300M,chip_208_417_merged.tif,0.6,4,1378406382,117,34.1805,37.1789,2.9984
300M,chip_208_417_merged.tif,0.8,0,469434836,156,35.4091,36.7259,1.3168
300M,chip_208_417_merged.tif,0.8,1,2136972966,156,36.063,37.117,1.054
300M,chip_208_417_merged.tif,0.8,2,1756366335,156,36.0735,34.7564,-1.3171
300M,chip_208_417_merged.tif,0.8,3,1276420817,156,35.3981,36.8912,1.4931
300M,chip_208_417_merged.tif,0.8,4,895814186,156,35.1145,35.6684,0.5539
300M,chip_209_312_merged.tif,0.2,0,2073689190,39,34.8719,37.5122,2.6402
300M,chip_209_312_merged.tif,0.2,1,1693082559,39,31.3222,35.8551,4.5329
300M,chip_209_312_merged.tif,0.2,2,1213137041,39,32.5841,37.8861,5.302
300M,chip_209_312_merged.tif,0.2,3,832530410,39,32.3926,38.9075,6.5149
300M,chip_209_312_merged.tif,0.2,4,352584892,39,34.5625,38.4887,3.9262
300M,chip_209_312_merged.tif,0.4,0,1913073857,78,32.7309,36.1109,3.38
300M,chip_209_312_merged.tif,0.4,1,1433128339,78,32.765,37.0811,4.3162
300M,chip_209_312_merged.tif,0.4,2,1052521708,78,29.6732,36.6715,6.9983
300M,chip_209_312_merged.tif,0.4,3,671915077,78,33.568,36.0007,2.4327
300M,chip_209_312_merged.tif,0.4,4,191969559,78,32.9937,35.1463,2.1525
300M,chip_209_312_merged.tif,0.6,0,1169775650,117,30.0586,36.3885,6.3299
300M,chip_209_312_merged.tif,0.6,1,789169019,117,32.831,34.9042,2.0732
300M,chip_209_312_merged.tif,0.6,2,309223501,117,32.0219,34.7318,2.7099
300M,chip_209_312_merged.tif,0.6,3,2076100518,117,32.2146,35.0545,2.8399
300M,chip_209_312_merged.tif,0.6,4,1596155000,117,31.2882,34.3157,3.0275
300M,chip_209_312_merged.tif,0.8,0,687183454,156,32.136,33.4961,1.3601
300M,chip_209_312_merged.tif,0.8,1,306576823,156,32.1913,34.1939,2.0026
300M,chip_209_312_merged.tif,0.8,2,1974114953,156,31.6498,33.6315,1.9818
300M,chip_209_312_merged.tif,0.8,3,1593508322,156,31.8496,33.4769,1.6272
300M,chip_209_312_merged.tif,0.8,4,1113562804,156,30.6113,33.3938,2.7825
300M,chip_210_444_merged.tif,0.2,0,1592892198,39,30.8408,33.6585,2.8177
300M,chip_210_444_merged.tif,0.2,1,1112946680,39,29.9129,33.7194,3.8066
300M,chip_210_444_merged.tif,0.2,2,732340049,39,31.057,33.4432,2.3862
300M,chip_210_444_merged.tif,0.2,3,252394531,39,31.1095,33.6845,2.5751
300M,chip_210_444_merged.tif,0.2,4,2019271548,39,31.4631,34.0107,2.5476
300M,chip_210_444_merged.tif,0.4,0,1332937978,78,30.174,33.4381,3.2641
300M,chip_210_444_merged.tif,0.4,1,952331347,78,30.1746,33.8469,3.6722
300M,chip_210_444_merged.tif,0.4,2,571724716,78,29.9788,33.0215,3.0427
300M,chip_210_444_merged.tif,0.4,3,91779198,78,30.3749,34.1029,3.728
300M,chip_210_444_merged.tif,0.4,4,1858656215,78,30.3864,33.8021,3.4156
300M,chip_210_444_merged.tif,0.6,0,589639771,117,29.7416,32.4691,2.7276
300M,chip_210_444_merged.tif,0.6,1,209033140,117,30.3981,32.9488,2.5507
300M,chip_210_444_merged.tif,0.6,2,1975910157,117,29.7969,32.7009,2.904
300M,chip_210_444_merged.tif,0.6,3,1495964639,117,30.4102,32.5901,2.18
300M,chip_210_444_merged.tif,0.6,4,1115358008,117,29.8056,32.2036,2.398
300M,chip_210_444_merged.tif,0.8,0,206386462,156,29.9244,31.3126,1.3882
300M,chip_210_444_merged.tif,0.8,1,1873924592,156,29.6247,31.8816,2.257
300M,chip_210_444_merged.tif,0.8,2,1493317961,156,29.6508,31.686,2.0352
300M,chip_210_444_merged.tif,0.8,3,1013372443,156,29.6198,30.9647,1.3449
300M,chip_210_444_merged.tif,0.8,4,632765812,156,29.1009,30.9899,1.889
300M,chip_210_466_merged.tif,0.2,0,1880927062,39,35.186,36.0895,0.9035
300M,chip_210_466_merged.tif,0.2,1,1500320431,39,34.7047,37.175,2.4703
300M,chip_210_466_merged.tif,0.2,2,1020374913,39,35.6961,37.0606,1.3645
300M,chip_210_466_merged.tif,0.2,3,639768282,39,35.6958,35.2421,-0.4538
300M,chip_210_466_merged.tif,0.2,4,159822764,39,33.9598,37.045,3.0852
300M,chip_210_466_merged.tif,0.4,0,1720311729,78,34.4973,36.9705,2.4732
300M,chip_210_466_merged.tif,0.4,1,1240366211,78,34.7808,36.9301,2.1493
300M,chip_210_466_merged.tif,0.4,2,859759580,78,33.8809,36.1199,2.239
300M,chip_210_466_merged.tif,0.4,3,479152949,78,35.0444,36.7899,1.7455
300M,chip_210_466_merged.tif,0.4,4,2146691079,78,34.7796,36.5967,1.8171
300M,chip_210_466_merged.tif,0.6,0,977013522,117,34.272,36.022,1.75
300M,chip_210_466_merged.tif,0.6,1,497068004,117,33.8308,36.0705,2.2397
300M,chip_210_466_merged.tif,0.6,2,116461373,117,34.2372,35.8958,1.6586
300M,chip_210_466_merged.tif,0.6,3,1883338390,117,34.2567,35.7251,1.4684
300M,chip_210_466_merged.tif,0.6,4,1403392872,117,33.5265,36.7047,3.1782
300M,chip_210_466_merged.tif,0.8,0,494421326,156,34.1684,35.0852,0.9168
300M,chip_210_466_merged.tif,0.8,1,113814695,156,33.3425,34.8473,1.5048
300M,chip_210_466_merged.tif,0.8,2,1781352825,156,34.0406,34.4504,0.4098
300M,chip_210_466_merged.tif,0.8,3,1400746194,156,34.0496,34.6521,0.6025
300M,chip_210_466_merged.tif,0.8,4,920800676,156,34.1678,35.03,0.8622
300M,chip_211_435_merged.tif,0.2,0,381087191,39,39.0771,38.6222,-0.455
300M,chip_211_435_merged.tif,0.2,1,2048625321,39,37.5893,39.0716,1.4824
300M,chip_211_435_merged.tif,0.2,2,1668018690,39,35.3875,39.1138,3.7263
300M,chip_211_435_merged.tif,0.2,3,1188073172,39,36.6108,39.3629,2.7521
300M,chip_211_435_merged.tif,0.2,4,807466541,39,37.2368,39.2991,2.0622
300M,chip_211_435_merged.tif,0.4,0,121132971,78,37.032,39.169,2.137
300M,chip_211_435_merged.tif,0.4,1,1888009988,78,37.3654,39.1166,1.7512
300M,chip_211_435_merged.tif,0.4,2,1507403357,78,37.3962,38.8823,1.4861
300M,chip_211_435_merged.tif,0.4,3,1027457839,78,37.7464,39.1426,1.3962
300M,chip_211_435_merged.tif,0.4,4,646851208,78,37.2042,38.9197,1.7155
300M,chip_211_435_merged.tif,0.6,0,1525318412,117,37.4681,38.5265,1.0583
300M,chip_211_435_merged.tif,0.6,1,1144711781,117,37.2995,38.8029,1.5034
300M,chip_211_435_merged.tif,0.6,2,764105150,117,36.9681,38.7151,1.747
300M,chip_211_435_merged.tif,0.6,3,284159632,117,37.1581,38.775,1.6169
300M,chip_211_435_merged.tif,0.6,4,2051036649,117,37.3227,38.5612,1.2385
300M,chip_211_435_merged.tif,0.8,0,1142065103,156,36.003,38.1062,2.1032
300M,chip_211_435_merged.tif,0.8,1,662119585,156,36.6616,37.9925,1.331
300M,chip_211_435_merged.tif,0.8,2,281512954,156,32.9465,37.9105,4.964
300M,chip_211_435_merged.tif,0.8,3,1949051084,156,32.932,38.1,5.168
300M,chip_211_435_merged.tif,0.8,4,1568444453,156,37.3206,38.1651,0.8445
300M,chip_213_282_merged.tif,0.2,0,1395159380,39,35.3621,40.848,5.4859
300M,chip_213_282_merged.tif,0.2,1,1014552749,39,37.5719,40.056,2.4842
300M,chip_213_282_merged.tif,0.2,2,534607231,39,35.075,41.1959,6.1209
300M,chip_213_282_merged.tif,0.2,3,154000600,39,35.3248,41.1076,5.7828
300M,chip_213_282_merged.tif,0.2,4,1920877617,39,36.0611,41.0421,4.981
300M,chip_213_282_merged.tif,0.4,0,1234544047,78,35.1465,38.5857,3.4392
300M,chip_213_282_merged.tif,0.4,1,853937416,78,34.0688,40.0767,6.008
300M,chip_213_282_merged.tif,0.4,2,373991898,78,29.9404,39.834,9.8936
300M,chip_213_282_merged.tif,0.4,3,2140868915,78,30.1158,39.2074,9.0916
300M,chip_213_282_merged.tif,0.4,4,1660923397,78,34.8169,38.7055,3.8886
300M,chip_213_282_merged.tif,0.6,0,491245840,117,34.52,39.8736,5.3537
300M,chip_213_282_merged.tif,0.6,1,110639209,117,33.7572,37.8763,4.1191
300M,chip_213_282_merged.tif,0.6,2,1778177339,117,30.6546,38.5938,7.9391
300M,chip_213_282_merged.tif,0.6,3,1397570708,117,34.588,39.4613,4.8733
300M,chip_213_282_merged.tif,0.6,4,917625190,117,30.6727,39.3506,8.6779
300M,chip_213_282_merged.tif,0.8,0,8653644,156,31.4465,34.8771,3.4306
300M,chip_213_282_merged.tif,0.8,1,1775530661,156,31.4521,36.7896,5.3375
300M,chip_213_282_merged.tif,0.8,2,1295585143,156,32.4992,36.9125,4.4133
300M,chip_213_282_merged.tif,0.8,3,914978512,156,33.5164,36.8443,3.3279
300M,chip_213_282_merged.tif,0.8,4,534371881,156,31.9632,36.5805,4.6173
300M,chip_213_290_merged.tif,0.2,0,1416000300,39,35.7564,39.2311,3.4747
300M,chip_213_290_merged.tif,0.2,1,936054782,39,35.0613,40.7472,5.6859
300M,chip_213_290_merged.tif,0.2,2,555448151,39,35.7563,40.3751,4.6188
300M,chip_213_290_merged.tif,0.2,3,75502633,39,36.9319,39.2484,2.3165
300M,chip_213_290_merged.tif,0.2,4,1842379650,39,37.4896,40.0566,2.567
300M,chip_213_290_merged.tif,0.4,0,1156046080,78,35.0925,39.2763,4.1838
300M,chip_213_290_merged.tif,0.4,1,775439449,78,31.3194,37.4903,6.1708
300M,chip_213_290_merged.tif,0.4,2,295493931,78,34.2498,37.9754,3.7256
300M,chip_213_290_merged.tif,0.4,3,2062370948,78,29.4009,39.2555,9.8547
300M,chip_213_290_merged.tif,0.4,4,1681764317,78,35.0922,38.7632,3.671
300M,chip_213_290_merged.tif,0.6,0,412747873,117,30.1077,37.9858,7.8782
300M,chip_213_290_merged.tif,0.6,1,32141242,117,33.412,37.0816,3.6695
300M,chip_213_290_merged.tif,0.6,2,1699679372,117,33.3832,37.1267,3.7434
300M,chip_213_290_merged.tif,0.6,3,1319072741,117,33.4175,37.5322,4.1148
300M,chip_213_290_merged.tif,0.6,4,938466110,117,34.7911,38.1877,3.3966
300M,chip_213_290_merged.tif,0.8,0,29494564,156,32.0587,33.8873,1.8286
300M,chip_213_290_merged.tif,0.8,1,1697032694,156,30.622,32.7581,2.1361
300M,chip_213_290_merged.tif,0.8,2,1316426063,156,33.5174,33.3521,-0.1653
300M,chip_213_290_merged.tif,0.8,3,836480545,156,31.7437,33.98,2.2362
300M,chip_213_290_merged.tif,0.8,4,455873914,156,31.1292,33.1108,1.9815
300M,chip_213_391_merged.tif,0.2,0,1987180066,39,35.0112,37.0127,2.0015
300M,chip_213_391_merged.tif,0.2,1,1507234548,39,35.5268,38.1827,2.6559
300M,chip_213_391_merged.tif,0.2,2,1126627917,39,35.8897,37.8289,1.9392
300M,chip_213_391_merged.tif,0.2,3,646682399,39,36.642,38.5911,1.949
300M,chip_213_391_merged.tif,0.2,4,266075768,39,35.5261,38.2723,2.7461
300M,chip_213_391_merged.tif,0.4,0,1727225846,78,33.0974,37.0401,3.9427
300M,chip_213_391_merged.tif,0.4,1,1346619215,78,35.3296,37.2292,1.8996
300M,chip_213_391_merged.tif,0.4,2,966012584,78,35.1159,37.4698,2.3539
300M,chip_213_391_merged.tif,0.4,3,486067066,78,34.7108,37.9983,3.2875
300M,chip_213_391_merged.tif,0.4,4,105460435,78,35.1112,34.5906,-0.5206
300M,chip_213_391_merged.tif,0.6,0,983927639,117,35.0358,36.6073,1.5715
300M,chip_213_391_merged.tif,0.6,1,603321008,117,35.137,34.9767,-0.1603
300M,chip_213_391_merged.tif,0.6,2,222714377,117,35.166,34.7974,-0.3686
300M,chip_213_391_merged.tif,0.6,3,1890252507,117,35.1059,36.4452,1.3393
300M,chip_213_391_merged.tif,0.6,4,1509645876,117,34.9293,36.623,1.6937
300M,chip_213_391_merged.tif,0.8,0,600674330,156,33.4873,36.2967,2.8094
300M,chip_213_391_merged.tif,0.8,1,120728812,156,33.5385,35.8462,2.3077
300M,chip_213_391_merged.tif,0.8,2,1887605829,156,33.5244,34.4589,0.9346
300M,chip_213_391_merged.tif,0.8,3,1407660311,156,33.4706,36.3464,2.8758
300M,chip_213_391_merged.tif,0.8,4,1027053680,156,33.6533,34.1243,0.471
300M,chip_213_456_merged.tif,0.2,0,88582277,39,34.9595,36.9551,1.9956
300M,chip_213_456_merged.tif,0.2,1,1756120407,39,32.494,36.8918,4.3978
300M,chip_213_456_merged.tif,0.2,2,1375513776,39,34.4055,37.1387,2.7332
300M,chip_213_456_merged.tif,0.2,3,994907145,39,32.7842,35.3303,2.5461
300M,chip_213_456_merged.tif,0.2,4,514961627,39,34.8462,36.0774,1.2312
300M,chip_213_456_merged.tif,0.4,0,1170790855,78,35.8064,36.8883,1.0819
300M,chip_213_456_merged.tif,0.4,1,790184224,78,34.1146,36.1175,2.0028
300M,chip_213_456_merged.tif,0.4,2,409577593,78,33.5737,36.4868,2.9131
300M,chip_213_456_merged.tif,0.4,3,2077115723,78,34.1152,37.1254,3.0102
300M,chip_213_456_merged.tif,0.4,4,1696509092,78,35.2121,36.4867,1.2746
300M,chip_213_456_merged.tif,0.6,0,1332152385,117,34.8729,35.7661,0.8932
300M,chip_213_456_merged.tif,0.6,1,852206867,117,33.9032,36.1761,2.2728
300M,chip_213_456_merged.tif,0.6,2,471600236,117,34.3945,36.8407,2.4462
300M,chip_213_456_merged.tif,0.6,3,2139138366,117,34.4008,36.0519,1.6511
300M,chip_213_456_merged.tif,0.6,4,1758531735,117,33.7656,36.5168,2.7511
300M,chip_213_456_merged.tif,0.8,0,849560189,156,33.6967,35.4499,1.7532
300M,chip_213_456_merged.tif,0.8,1,369614671,156,33.8067,35.9545,2.1477
300M,chip_213_456_merged.tif,0.8,2,2136491688,156,33.692,35.1978,1.5058
300M,chip_213_456_merged.tif,0.8,3,1755885057,156,33.7133,35.4001,1.6868
300M,chip_213_456_merged.tif,0.8,4,1275939539,156,34.4266,34.8201,0.3935
300M,chip_214_307_merged.tif,0.2,0,1316684496,39,34.1149,37.7749,3.66
300M,chip_214_307_merged.tif,0.2,1,936077865,39,36.0531,37.024,0.9709
300M,chip_214_307_merged.tif,0.2,2,456132347,39,36.0521,37.5556,1.5034
300M,chip_214_307_merged.tif,0.2,3,75525716,39,32.7256,37.1587,4.4331
300M,chip_214_307_merged.tif,0.2,4,1842402733,39,32.4725,37.4973,5.0249
300M,chip_214_307_merged.tif,0.4,0,350748313,78,32.896,37.2083,4.3123
300M,chip_214_307_merged.tif,0.4,1,2018286443,78,30.2784,37.2414,6.963
300M,chip_214_307_merged.tif,0.4,2,1637679812,78,31.9603,37.8068,5.8465
300M,chip_214_307_merged.tif,0.4,3,1157734294,78,31.2317,37.2086,5.9769
300M,chip_214_307_merged.tif,0.4,4,777127663,78,30.3834,37.2716,6.8882
300M,chip_214_307_merged.tif,0.6,0,412770956,117,31.3761,33.7235,2.3473
300M,chip_214_307_merged.tif,0.6,1,32164325,117,31.9911,36.4112,4.42
300M,chip_214_307_merged.tif,0.6,2,1699702455,117,32.7029,35.4348,2.7319
300M,chip_214_307_merged.tif,0.6,3,1319095824,117,32.6815,35.827,3.1456
300M,chip_214_307_merged.tif,0.6,4,839150306,117,32.7102,36.242,3.5317
300M,chip_214_307_merged.tif,0.8,0,2077662408,156,31.4274,34.1768,2.7493
300M,chip_214_307_merged.tif,0.8,1,1697055777,156,30.7051,34.2522,3.5471
300M,chip_214_307_merged.tif,0.8,2,1217110259,156,31.4311,33.1241,1.693
300M,chip_214_307_merged.tif,0.8,3,836503628,156,30.7163,33.5667,2.8504
300M,chip_214_307_merged.tif,0.8,4,455896997,156,31.1609,32.149,0.9881
300M,chip_214_311_merged.tif,0.2,0,1782598197,39,34.265,36.1072,1.8422
300M,chip_214_311_merged.tif,0.2,1,1401991566,39,34.7593,36.2334,1.474
300M,chip_214_311_merged.tif,0.2,2,922046048,39,30.4866,36.5212,6.0346
300M,chip_214_311_merged.tif,0.2,3,541439417,39,33.1653,37.4537,4.2885
300M,chip_214_311_merged.tif,0.2,4,61493899,39,30.4877,36.446,5.9583
300M,chip_214_311_merged.tif,0.4,0,816662014,78,33.4523,35.6497,2.1973
300M,chip_214_311_merged.tif,0.4,1,336716496,78,30.4711,35.9354,5.4642
300M,chip_214_311_merged.tif,0.4,2,2103593513,78,33.4498,31.7909,-1.659
300M,chip_214_311_merged.tif,0.4,3,1623647995,78,32.9765,35.7734,2.7968
300M,chip_214_311_merged.tif,0.4,4,1243041364,78,33.6939,36.1213,2.4274
300M,chip_214_311_merged.tif,0.6,0,878684657,117,33.037,34.1213,1.0843
300M,chip_214_311_merged.tif,0.6,1,398739139,117,32.5214,35.0586,2.5372
300M,chip_214_311_merged.tif,0.6,2,18132508,117,31.4272,32.4992,1.072
300M,chip_214_311_merged.tif,0.6,3,1785009525,117,32.5581,35.1496,2.5915
300M,chip_214_311_merged.tif,0.6,4,1305064007,117,32.8057,34.8579,2.0522
300M,chip_214_311_merged.tif,0.8,0,396092461,156,31.8513,31.801,-0.0503
300M,chip_214_311_merged.tif,0.8,1,15485830,156,31.8601,33.9578,2.0976
300M,chip_214_311_merged.tif,0.8,2,1683023960,156,30.9344,32.3131,1.3788
300M,chip_214_311_merged.tif,0.8,3,1302417329,156,31.6875,31.9786,0.291
300M,chip_214_311_merged.tif,0.8,4,822471811,156,30.9359,31.9271,0.9911
300M,chip_214_329_merged.tif,0.2,0,1067007509,39,30.1475,35.0373,4.8898
300M,chip_214_329_merged.tif,0.2,1,587061991,39,30.071,34.9973,4.9264
300M,chip_214_329_merged.tif,0.2,2,206455360,39,33.5284,34.7017,1.1733
300M,chip_214_329_merged.tif,0.2,3,1873993490,39,30.1449,32.7669,2.6219
300M,chip_214_329_merged.tif,0.2,4,1493386859,39,29.8769,35.3808,5.5039
300M,chip_214_329_merged.tif,0.4,0,1732439,78,30.4196,34.0285,3.6089
300M,chip_214_329_merged.tif,0.4,1,1768609456,78,30.8571,32.906,2.0488
300M,chip_214_329_merged.tif,0.4,2,1288663938,78,29.9189,33.8406,3.9217
300M,chip_214_329_merged.tif,0.4,3,908057307,78,30.8577,33.7944,2.9366
300M,chip_214_329_merged.tif,0.4,4,527450676,78,30.6678,34.0556,3.3878
300M,chip_214_329_merged.tif,0.6,0,163093969,117,30.1703,32.8251,2.6549
300M,chip_214_329_merged.tif,0.6,1,1830632099,117,30.1336,33.0394,2.9058
300M,chip_214_329_merged.tif,0.6,2,1450025468,117,29.754,32.7973,3.0433
300M,chip_214_329_merged.tif,0.6,3,970079950,117,30.9482,33.8552,2.9071
300M,chip_214_329_merged.tif,0.6,4,589473319,117,30.5862,32.9841,2.3979
300M,chip_214_329_merged.tif,0.8,0,1827985421,156,29.9725,31.5578,1.5853
300M,chip_214_329_merged.tif,0.8,1,1348039903,156,29.9879,31.4718,1.4839
300M,chip_214_329_merged.tif,0.8,2,967433272,156,29.9911,31.5992,1.6081
300M,chip_214_329_merged.tif,0.8,3,487487754,156,29.399,31.8387,2.4397
300M,chip_214_329_merged.tif,0.8,4,106881123,156,29.5834,31.6683,2.0849
300M,chip_214_429_merged.tif,0.2,0,913450405,39,38.9793,40.4782,1.4988
300M,chip_214_429_merged.tif,0.2,1,433504887,39,39.4943,40.0633,0.569
300M,chip_214_429_merged.tif,0.2,2,52898256,39,39.3606,40.2119,0.8513
300M,chip_214_429_merged.tif,0.2,3,1819775273,39,39.8801,40.808,0.9278
300M,chip_214_429_merged.tif,0.2,4,1339829755,39,38.5714,40.455,1.8836
300M,chip_214_429_merged.tif,0.4,0,752835072,78,39.2549,40.7468,1.4919
300M,chip_214_429_merged.tif,0.4,1,272889554,78,39.5829,40.365,0.7821
300M,chip_214_429_merged.tif,0.4,2,2039766571,78,39.6986,40.4014,0.7029
300M,chip_214_429_merged.tif,0.4,3,1559821053,78,39.5842,40.5812,0.997
300M,chip_214_429_merged.tif,0.4,4,1179214422,78,39.1679,40.5045,1.3366
300M,chip_214_429_merged.tif,0.6,0,9536865,117,39.4041,40.4426,1.0385
300M,chip_214_429_merged.tif,0.6,1,1677074995,117,39.4092,40.5643,1.1552
300M,chip_214_429_merged.tif,0.6,2,1296468364,117,38.3578,38.9844,0.6266
300M,chip_214_429_merged.tif,0.6,3,816522846,117,39.3826,40.5057,1.1231
300M,chip_214_429_merged.tif,0.6,4,435916215,117,39.3168,39.3076,-0.0093
300M,chip_214_429_merged.tif,0.8,0,1674428317,156,39.1564,39.4635,0.3072
300M,chip_214_429_merged.tif,0.8,1,1194482799,156,38.9731,39.725,0.7518
300M,chip_214_429_merged.tif,0.8,2,813876168,156,38.8959,39.6386,0.7427
300M,chip_214_429_merged.tif,0.8,3,433269537,156,38.3321,39.1677,0.8356
300M,chip_214_429_merged.tif,0.8,4,2100807667,156,39.1639,39.5504,0.3865
300M,chip_215_309_merged.tif,0.2,0,1083421880,39,33.524,36.3861,2.8622
300M,chip_215_309_merged.tif,0.2,1,702815249,39,32.2064,34.7827,2.5763
300M,chip_215_309_merged.tif,0.2,2,222869731,39,32.4177,36.5171,4.0994
300M,chip_215_309_merged.tif,0.2,3,1989746748,39,30.2155,34.6102,4.3948
300M,chip_215_309_merged.tif,0.2,4,1509801230,39,33.6262,36.5236,2.8974
300M,chip_215_309_merged.tif,0.4,0,922806547,78,30.3643,35.129,4.7647
300M,chip_215_309_merged.tif,0.4,1,542199916,78,33.3659,34.1493,0.7834
300M,chip_215_309_merged.tif,0.4,2,62254398,78,31.662,34.1093,2.4473
300M,chip_215_309_merged.tif,0.4,3,1829131415,78,32.7687,33.7293,0.9606
300M,chip_215_309_merged.tif,0.4,4,1349185897,78,31.8863,35.0922,3.2059
300M,chip_215_309_merged.tif,0.6,0,179508340,117,29.2894,35.0251,5.7357
300M,chip_215_309_merged.tif,0.6,1,1946385357,117,32.904,33.7202,0.8162
300M,chip_215_309_merged.tif,0.6,2,1466439839,117,32.6929,34.1535,1.4605
300M,chip_215_309_merged.tif,0.6,3,1085833208,117,32.6832,33.5177,0.8345
300M,chip_215_309_merged.tif,0.6,4,605887690,117,30.2522,34.1796,3.9273
300M,chip_215_309_merged.tif,0.8,0,1844399792,156,30.8819,32.5554,1.6735
300M,chip_215_309_merged.tif,0.8,1,1463793161,156,30.4966,32.4614,1.9648
300M,chip_215_309_merged.tif,0.8,2,983847643,156,29.656,31.5682,1.9122
300M,chip_215_309_merged.tif,0.8,3,603241012,156,30.2076,33.1163,2.9088
300M,chip_215_309_merged.tif,0.8,4,123295494,156,30.4485,32.2688,1.8203
300M,chip_215_310_merged.tif,0.2,0,1534639925,39,30.4828,35.2185,4.7358
300M,chip_215_310_merged.tif,0.2,1,1054694407,39,30.6993,35.0177,4.3183
300M,chip_215_310_merged.tif,0.2,2,674087776,39,31.2845,36.243,4.9585
300M,chip_215_310_merged.tif,0.2,3,194142258,39,32.3724,35.5689,3.1965
300M,chip_215_310_merged.tif,0.2,4,1961019275,39,33.1614,35.6007,2.4393
300M,chip_215_310_merged.tif,0.4,0,469364855,78,32.0958,35.2311,3.1353
300M,chip_215_310_merged.tif,0.4,1,88758224,78,32.7315,34.5184,1.7869
300M,chip_215_310_merged.tif,0.4,2,1756296354,78,29.9536,35.4886,5.535
300M,chip_215_310_merged.tif,0.4,3,1375689723,78,28.7702,35.1456,6.3753
300M,chip_215_310_merged.tif,0.4,4,995083092,78,30.6058,34.5937,3.9879
300M,chip_215_310_merged.tif,0.6,0,630726385,117,28.5123,33.9356,5.4232
300M,chip_215_310_merged.tif,0.6,1,150780867,117,32.0758,33.386,1.3103
300M,chip_215_310_merged.tif,0.6,2,1917657884,117,31.905,33.8359,1.9309
300M,chip_215_310_merged.tif,0.6,3,1437712366,117,28.511,33.8276,5.3166
300M,chip_215_310_merged.tif,0.6,4,1057105735,117,30.631,33.9681,3.3371
300M,chip_215_310_merged.tif,0.8,0,148134189,156,31.2544,32.485,1.2306
300M,chip_215_310_merged.tif,0.8,1,1815672319,156,30.1685,33.2496,3.0811
300M,chip_215_310_merged.tif,0.8,2,1435065688,156,30.5003,33.2183,2.718
300M,chip_215_310_merged.tif,0.8,3,955120170,156,31.2535,33.0323,1.7789
300M,chip_215_310_merged.tif,0.8,4,574513539,156,30.522,32.2592,1.7372
300M,chip_216_454_merged.tif,0.2,0,756190968,39,33.4096,36.4129,3.0033
300M,chip_216_454_merged.tif,0.2,1,375584337,39,35.2138,36.386,1.1722
300M,chip_216_454_merged.tif,0.2,2,2043122467,39,34.2927,36.9119,2.6192
300M,chip_216_454_merged.tif,0.2,3,1662515836,39,33.9099,36.3871,2.4772
300M,chip_216_454_merged.tif,0.2,4,1182570318,39,35.1354,35.8054,0.67
300M,chip_216_454_merged.tif,0.4,0,595575635,78,33.6277,36.7741,3.1464
300M,chip_216_454_merged.tif,0.4,1,115630117,78,34.9097,36.2105,1.3008
300M,chip_216_454_merged.tif,0.4,2,1882507134,78,33.6279,36.12,2.4921
300M,chip_216_454_merged.tif,0.4,3,1402561616,78,34.9103,35.7945,0.8842
300M,chip_216_454_merged.tif,0.4,4,1021954985,78,33.2179,35.9473,2.7293
300M,chip_216_454_merged.tif,0.6,0,1999761076,117,32.798,35.0096,2.2116
300M,chip_216_454_merged.tif,0.6,1,1519815558,117,33.5869,35.12,1.533
300M,chip_216_454_merged.tif,0.6,2,1139208927,117,33.4919,35.8281,2.3362
300M,chip_216_454_merged.tif,0.6,3,659263409,117,33.9559,35.189,1.2332
300M,chip_216_454_merged.tif,0.6,4,278656778,117,33.1115,35.2149,2.1034
300M,chip_216_454_merged.tif,0.8,0,1517168880,156,33.2553,34.7718,1.5165
300M,chip_216_454_merged.tif,0.8,1,1136562249,156,33.2763,33.7763,0.5001
300M,chip_216_454_merged.tif,0.8,2,656616731,156,33.2858,34.8876,1.6018
300M,chip_216_454_merged.tif,0.8,3,276010100,156,33.0361,33.8053,0.7692
300M,chip_216_454_merged.tif,0.8,4,1943548230,156,33.2664,34.5152,1.2488
300M,chip_217_287_merged.tif,0.2,0,1093461656,39,32.2169,38.0538,5.837
300M,chip_217_287_merged.tif,0.2,1,613516138,39,31.5805,38.9945,7.414
300M,chip_217_287_merged.tif,0.2,2,232909507,39,32.4418,38.6465,6.2047
300M,chip_217_287_merged.tif,0.2,3,1900447637,39,34.807,37.102,2.295
300M,chip_217_287_merged.tif,0.2,4,1519841006,39,33.7711,37.9895,4.2184
300M,chip_217_287_merged.tif,0.4,0,28186586,78,33.0651,38.6049,5.5398
300M,chip_217_287_merged.tif,0.4,1,1795063603,78,34.3987,37.9426,3.5438
300M,chip_217_287_merged.tif,0.4,2,1315118085,78,33.0654,37.6288,4.5633
300M,chip_217_287_merged.tif,0.4,3,934511454,78,32.6833,38.0651,5.3818
300M,chip_217_287_merged.tif,0.4,4,454565936,78,33.7687,37.7144,3.9457
300M,chip_217_287_merged.tif,0.6,0,90209229,117,32.7697,37.845,5.0754
300M,chip_217_287_merged.tif,0.6,1,1857086246,117,33.2803,36.8766,3.5963
300M,chip_217_287_merged.tif,0.6,2,1377140728,117,34.1356,36.7397,2.6041
300M,chip_217_287_merged.tif,0.6,3,996534097,117,33.5646,36.5027,2.9382
300M,chip_217_287_merged.tif,0.6,4,615927466,117,33.0839,36.0579,2.974
300M,chip_217_287_merged.tif,0.8,0,1854439568,156,31.5104,35.2977,3.7873
300M,chip_217_287_merged.tif,0.8,1,1374494050,156,33.0741,35.5382,2.4642
300M,chip_217_287_merged.tif,0.8,2,993887419,156,32.8211,34.7132,1.8921
300M,chip_217_287_merged.tif,0.8,3,513941901,156,32.5649,33.9955,1.4306
300M,chip_217_287_merged.tif,0.8,4,133335270,156,32.5627,34.239,1.6763
300M,chip_217_425_merged.tif,0.2,0,93285609,39,31.1629,32.4713,1.3084
300M,chip_217_425_merged.tif,0.2,1,1860162626,39,30.013,33.2916,3.2786
300M,chip_217_425_merged.tif,0.2,2,1380217108,39,32.3298,32.8516,0.5218
300M,chip_217_425_merged.tif,0.2,3,999610477,39,30.1284,32.459,2.3305
300M,chip_217_425_merged.tif,0.2,4,519664959,39,31.5253,32.7614,1.236
300M,chip_217_425_merged.tif,0.4,0,2080153924,78,31.2983,31.749,0.4506
300M,chip_217_425_merged.tif,0.4,1,1600208406,78,31.0515,32.1266,1.0751
300M,chip_217_425_merged.tif,0.4,2,1219601775,78,31.0511,32.3622,1.3111
300M,chip_217_425_merged.tif,0.4,3,838995144,78,29.5526,33.083,3.5304
300M,chip_217_425_merged.tif,0.4,4,359049626,78,29.0808,31.892,2.8112
300M,chip_217_425_merged.tif,0.6,0,1336855717,117,29.4931,31.3779,1.8848
300M,chip_217_425_merged.tif,0.6,1,856910199,117,28.781,32.3382,3.5571
300M,chip_217_425_merged.tif,0.6,2,476303568,117,29.5742,30.7598,1.1856
300M,chip_217_425_merged.tif,0.6,3,95696937,117,28.7539,30.9777,2.2238
300M,chip_217_425_merged.tif,0.6,4,1763235067,117,28.772,31.5823,2.8102
300M,chip_217_425_merged.tif,0.8,0,854263521,156,28.7591,30.719,1.9598
300M,chip_217_425_merged.tif,0.8,1,473656890,156,28.7529,30.0809,1.328
300M,chip_217_425_merged.tif,0.8,2,2141195020,156,29.7219,31.134,1.4122
300M,chip_217_425_merged.tif,0.8,3,1760588389,156,30.2164,30.6628,0.4464
300M,chip_217_425_merged.tif,0.8,4,1280642871,156,30.2347,30.4844,0.2497
300M,chip_218_293_merged.tif,0.2,0,2128875554,39,39.7388,42.9245,3.1857
300M,chip_218_293_merged.tif,0.2,1,1748268923,39,36.3186,43.617,7.2984
300M,chip_218_293_merged.tif,0.2,2,1268323405,39,37.0482,42.0613,5.0131
300M,chip_218_293_merged.tif,0.2,3,887716774,39,38.4552,42.1358,3.6805
300M,chip_218_293_merged.tif,0.2,4,507110143,39,39.3222,42.6191,3.2969
300M,chip_218_293_merged.tif,0.4,0,1968260221,78,37.7307,41.1416,3.4109
300M,chip_218_293_merged.tif,0.4,1,1587653590,78,36.7201,42.0683,5.3482
300M,chip_218_293_merged.tif,0.4,2,1107708072,78,36.724,42.7121,5.9881
300M,chip_218_293_merged.tif,0.4,3,727101441,78,35.7705,41.4006,5.6302
300M,chip_218_293_merged.tif,0.4,4,247155923,78,38.5987,42.944,4.3453
300M,chip_218_293_merged.tif,0.6,0,1224962014,117,36.5694,40.8454,4.2759
300M,chip_218_293_merged.tif,0.6,1,844355383,117,36.6483,39.739,3.0907
300M,chip_218_293_merged.tif,0.6,2,364409865,117,35.9819,40.6517,4.6698
300M,chip_218_293_merged.tif,0.6,3,2131286882,117,35.5734,41.0434,5.47
300M,chip_218_293_merged.tif,0.6,4,1651341364,117,35.5621,41.008,5.4459
300M,chip_218_293_merged.tif,0.8,0,742369818,156,34.6111,38.8635,4.2524
300M,chip_218_293_merged.tif,0.8,1,361763187,156,36.1533,38.3845,2.2312
300M,chip_218_293_merged.tif,0.8,2,2029301317,156,36.183,37.472,1.2889
300M,chip_218_293_merged.tif,0.8,3,1648694686,156,36.1342,38.7846,2.6504
300M,chip_218_293_merged.tif,0.8,4,1268088055,156,35.5336,39.8822,4.3486
300M,chip_218_306_merged.tif,0.2,0,593993285,39,34.9314,37.816,2.8847
300M,chip_218_306_merged.tif,0.2,1,213386654,39,33.1089,37.2389,4.13
300M,chip_218_306_merged.tif,0.2,2,1880924784,39,32.3917,37.7379,5.3463
300M,chip_218_306_merged.tif,0.2,3,1500318153,39,34.931,36.9399,2.0088
300M,chip_218_306_merged.tif,0.2,4,1020372635,39,34.5091,38.4553,3.9462
300M,chip_218_306_merged.tif,0.4,0,433377952,78,31.7328,37.4779,5.7452
300M,chip_218_306_merged.tif,0.4,1,2100916082,78,33.466,36.7687,3.3027
300M,chip_218_306_merged.tif,0.4,2,1720309451,78,34.1305,37.5009,3.3704
300M,chip_218_306_merged.tif,0.4,3,1339702820,78,33.1422,37.2705,4.1283
300M,chip_218_306_merged.tif,0.4,4,859757302,78,33.8945,36.8836,2.9891
300M,chip_218_306_merged.tif,0.6,0,1837563393,117,33.0775,36.3377,3.2602
300M,chip_218_306_merged.tif,0.6,1,1456956762,117,33.0855,36.5175,3.432
300M,chip_218_306_merged.tif,0.6,2,977011244,117,33.0895,36.1274,3.038
300M,chip_218_306_merged.tif,0.6,3,596404613,117,32.4027,36.1619,3.7592
300M,chip_218_306_merged.tif,0.6,4,116459095,117,31.2095,36.5928,5.3833
300M,chip_218_306_merged.tif,0.8,0,1354971197,156,31.9595,33.8922,1.9327
300M,chip_218_306_merged.tif,0.8,1,974364566,156,31.6877,34.0047,2.317
300M,chip_218_306_merged.tif,0.8,2,494419048,156,31.968,34.2763,2.3083
300M,chip_218_306_merged.tif,0.8,3,113812417,156,31.6718,34.9489,3.2771
300M,chip_218_306_merged.tif,0.8,4,1781350547,156,32.2692,35.7037,3.4345
300M,chip_218_423_merged.tif,0.2,0,356733588,39,32.1752,34.7954,2.6203
300M,chip_218_423_merged.tif,0.2,1,2024271718,39,31.6294,34.5845,2.9551
300M,chip_218_423_merged.tif,0.2,2,1643665087,39,32.0156,33.7988,1.7833
300M,chip_218_423_merged.tif,0.2,3,1163719569,39,29.3194,34.3689,5.0495
300M,chip_218_423_merged.tif,0.2,4,783112938,39,32.6214,34.706,2.0845
300M,chip_218_423_merged.tif,0.4,0,1438942166,78,29.2516,33.7453,4.4937
300M,chip_218_423_merged.tif,0.4,1,1058335535,78,31.2572,34.4562,3.199
300M,chip_218_423_merged.tif,0.4,2,578390017,78,30.9747,33.8827,2.908
300M,chip_218_423_merged.tif,0.4,3,197783386,78,31.168,32.7412,1.5732
300M,chip_218_423_merged.tif,0.4,4,1865321516,78,31.1689,33.7077,2.5388
300M,chip_218_423_merged.tif,0.6,0,695643959,117,30.5114,33.393,2.8816
300M,chip_218_423_merged.tif,0.6,1,315037328,117,31.3677,32.1005,0.7327
300M,chip_218_423_merged.tif,0.6,2,1982575458,117,30.4821,33.3406,2.8584
300M,chip_218_423_merged.tif,0.6,3,1601968827,117,29.1116,33.2945,4.1829
300M,chip_218_423_merged.tif,0.6,4,1122023309,117,31.2259,31.5898,0.3639
300M,chip_218_423_merged.tif,0.8,0,213051763,156,30.2885,31.7995,1.511
300M,chip_218_423_merged.tif,0.8,1,1979928780,156,30.2845,31.6584,1.374
300M,chip_218_423_merged.tif,0.8,2,1499983262,156,29.9878,31.3371,1.3492
300M,chip_218_423_merged.tif,0.8,3,1119376631,156,30.8252,32.025,1.1998
300M,chip_218_423_merged.tif,0.8,4,738770000,156,30.2685,32.2836,2.015
300M,chip_218_437_merged.tif,0.2,0,1611019696,39,37.0014,39.675,2.6736
300M,chip_218_437_merged.tif,0.2,1,1131074178,39,38.4255,39.2804,0.8548
300M,chip_218_437_merged.tif,0.2,2,750467547,39,37.8703,38.9783,1.108
300M,chip_218_437_merged.tif,0.2,3,270522029,39,37.2164,40.0857,2.8694
300M,chip_218_437_merged.tif,0.2,4,2037399046,39,39.9494,40.1629,0.2136
300M,chip_218_437_merged.tif,0.4,0,1351065476,78,38.5594,39.5204,0.961
300M,chip_218_437_merged.tif,0.4,1,970458845,78,37.7355,39.9072,2.1717
300M,chip_218_437_merged.tif,0.4,2,490513327,78,38.5819,39.3587,0.7768
300M,chip_218_437_merged.tif,0.4,3,109906696,78,39.1924,39.4527,0.2603
300M,chip_218_437_merged.tif,0.4,4,1876783713,78,39.1926,39.1134,-0.0792
300M,chip_218_437_merged.tif,0.6,0,607767269,117,38.1529,39.172,1.0191
300M,chip_218_437_merged.tif,0.6,1,227160638,117,38.3761,39.0208,0.6447
300M,chip_218_437_merged.tif,0.6,2,1994037655,117,36.0012,38.7026,2.7014
300M,chip_218_437_merged.tif,0.6,3,1514092137,117,35.9909,39.0522,3.0613
300M,chip_218_437_merged.tif,0.6,4,1133485506,117,38.6134,39.1227,0.5093
300M,chip_218_437_merged.tif,0.8,0,224513960,156,37.3487,38.2931,0.9444
300M,chip_218_437_merged.tif,0.8,1,1892052090,156,37.0321,38.0133,0.9812
300M,chip_218_437_merged.tif,0.8,2,1511445459,156,37.5852,38.3724,0.7872
300M,chip_218_437_merged.tif,0.8,3,1031499941,156,37.8815,38.095,0.2135
300M,chip_218_437_merged.tif,0.8,4,650893310,156,37.5684,37.7336,0.1652
300M,chip_219_333_merged.tif,0.2,0,1010223878,39,33.5603,36.3304,2.7701
300M,chip_219_333_merged.tif,0.2,1,530278360,39,31.2366,35.0104,3.7739
300M,chip_219_333_merged.tif,0.2,2,149671729,39,29.5678,35.3701,5.8023
300M,chip_219_333_merged.tif,0.2,3,1916548746,39,29.9895,35.3332,5.3437
300M,chip_219_333_merged.tif,0.2,4,1436603228,39,33.0693,35.4308,2.3615
300M,chip_219_333_merged.tif,0.4,0,849608545,78,30.9043,34.5975,3.6931
300M,chip_219_333_merged.tif,0.4,1,369663027,78,32.0953,34.4406,2.3453
300M,chip_219_333_merged.tif,0.4,2,2136540044,78,30.1005,34.6736,4.5731
300M,chip_219_333_merged.tif,0.4,3,1656594526,78,30.1003,34.8676,4.7673
300M,chip_219_333_merged.tif,0.4,4,1275987895,78,32.0956,34.7826,2.687
300M,chip_219_333_merged.tif,0.6,0,106310338,117,31.0195,34.146,3.1265
300M,chip_219_333_merged.tif,0.6,1,1773848468,117,30.5129,34.2165,3.7036
300M,chip_219_333_merged.tif,0.6,2,1393241837,117,30.5154,33.1355,2.6201
300M,chip_219_333_merged.tif,0.6,3,913296319,117,31.0838,33.7922,2.7085
300M,chip_219_333_merged.tif,0.6,4,532689688,117,29.6065,32.418,2.8115
300M,chip_219_333_merged.tif,0.8,0,1771201790,156,29.4965,32.1412,2.6446
300M,chip_219_333_merged.tif,0.8,1,1291256272,156,31.1534,32.2855,1.1321
300M,chip_219_333_merged.tif,0.8,2,910649641,156,30.3559,32.7897,2.4338
300M,chip_219_333_merged.tif,0.8,3,530043010,156,31.1782,32.3379,1.1597
300M,chip_219_333_merged.tif,0.8,4,50097492,156,29.4972,32.7671,3.2699
300M,chip_219_603_merged.tif,0.2,0,1170442542,39,34.369,35.0493,0.6803
300M,chip_219_603_merged.tif,0.2,1,690497024,39,33.837,34.8515,1.0145
300M,chip_219_603_merged.tif,0.2,2,309890393,39,34.3703,34.7135,0.3431
300M,chip_219_603_merged.tif,0.2,3,2076767410,39,34.4432,33.5925,-0.8507
300M,chip_219_603_merged.tif,0.2,4,1596821892,39,34.3701,33.7806,-0.5895
300M,chip_219_603_merged.tif,0.4,0,1009827209,78,31.4178,33.7995,2.3817
300M,chip_219_603_merged.tif,0.4,1,529881691,78,31.2281,34.1509,2.9228
300M,chip_219_603_merged.tif,0.4,2,149275060,78,33.9978,33.4417,-0.5562
300M,chip_219_603_merged.tif,0.4,3,1816813190,78,31.2285,33.7449,2.5164
300M,chip_219_603_merged.tif,0.4,4,1436206559,78,33.857,33.8563,-0.0007
300M,chip_219_603_merged.tif,0.6,0,266529002,117,32.177,34.3005,2.1235
300M,chip_219_603_merged.tif,0.6,1,1934067132,117,33.072,33.6086,0.5366
300M,chip_219_603_merged.tif,0.6,2,1553460501,117,33.0763,33.9295,0.8532
300M,chip_219_603_merged.tif,0.6,3,1073514983,117,33.4461,34.0167,0.5706
300M,chip_219_603_merged.tif,0.6,4,692908352,117,32.3732,33.8514,1.4783
300M,chip_219_603_merged.tif,0.8,0,1931420454,156,32.0417,32.5562,0.5145
300M,chip_219_603_merged.tif,0.8,1,1451474936,156,32.0733,32.8756,0.8024
300M,chip_219_603_merged.tif,0.8,2,1070868305,156,31.3589,32.7614,1.4025
300M,chip_219_603_merged.tif,0.8,3,690261674,156,31.9532,32.9868,1.0336
300M,chip_219_603_merged.tif,0.8,4,210316156,156,32.046,33.0254,0.9794
300M,chip_220_184_merged.tif,0.2,0,629641217,39,29.9603,38.9766,9.0164
300M,chip_220_184_merged.tif,0.2,1,249034586,39,39.3792,36.5562,-2.823
300M,chip_220_184_merged.tif,0.2,2,1916572716,39,35.1349,36.4636,1.3287
300M,chip_220_184_merged.tif,0.2,3,1535966085,39,36.3434,37.4482,1.1048
300M,chip_220_184_merged.tif,0.2,4,1155359454,39,32.2301,36.3893,4.1592
300M,chip_220_184_merged.tif,0.4,0,469025884,78,33.3714,38.5252,5.1539
300M,chip_220_184_merged.tif,0.4,1,88419253,78,34.0791,38.6601,4.581
300M,chip_220_184_merged.tif,0.4,2,1755957383,78,32.4993,36.5917,4.0924
300M,chip_220_184_merged.tif,0.4,3,1375350752,78,30.9759,38.2446,7.2687
300M,chip_220_184_merged.tif,0.4,4,895405234,78,32.7352,37.4514,4.7162
300M,chip_220_184_merged.tif,0.6,0,1873211325,117,31.1429,35.0449,3.902
300M,chip_220_184_merged.tif,0.6,1,1492604694,117,32.1324,35.6658,3.5334
300M,chip_220_184_merged.tif,0.6,2,1012659176,117,32.0885,33.899,1.8105
300M,chip_220_184_merged.tif,0.6,3,632052545,117,31.7694,35.8077,4.0383
300M,chip_220_184_merged.tif,0.6,4,152107027,117,32.2083,33.8618,1.6535
300M,chip_220_184_merged.tif,0.8,0,1390619129,156,31.1709,34.4196,3.2487
300M,chip_220_184_merged.tif,0.8,1,1010012498,156,31.9007,34.0138,2.1131
300M,chip_220_184_merged.tif,0.8,2,530066980,156,31.8917,34.9562,3.0645
300M,chip_220_184_merged.tif,0.8,3,149460349,156,32.0556,32.9617,0.9061
300M,chip_220_184_merged.tif,0.8,4,1916337366,156,31.8844,33.3285,1.4441
300M,chip_220_257_merged.tif,0.2,0,1949727729,39,30.8579,34.4877,3.6298
300M,chip_220_257_merged.tif,0.2,1,1569121098,39,38.3216,37.4536,-0.868
300M,chip_220_257_merged.tif,0.2,2,1089175580,39,30.8166,34.5728,3.7562
300M,chip_220_257_merged.tif,0.2,3,708568949,39,29.3894,34.8134,5.4239
300M,chip_220_257_merged.tif,0.2,4,228623431,39,34.2405,35.93,1.6896
300M,chip_220_257_merged.tif,0.4,0,130852683,78,31.0407,34.6823,3.6416
300M,chip_220_257_merged.tif,0.4,1,1798390813,78,31.123,33.7993,2.6763
300M,chip_220_257_merged.tif,0.4,2,1417784182,78,29.523,35.0594,5.5365
300M,chip_220_257_merged.tif,0.4,3,1037177551,78,29.7441,35.692,5.9479
300M,chip_220_257_merged.tif,0.4,4,557232033,78,29.5238,33.8231,4.2993
300M,chip_220_257_merged.tif,0.6,0,1045814189,117,29.416,32.832,3.416
300M,chip_220_257_merged.tif,0.6,1,565868671,117,30.0709,35.1002,5.0293
300M,chip_220_257_merged.tif,0.6,2,185262040,117,31.5267,31.755,0.2282
300M,chip_220_257_merged.tif,0.6,3,1952139057,117,29.4148,33.7077,4.2928
300M,chip_220_257_merged.tif,0.6,4,1472193539,117,30.0731,32.9965,2.9233
300M,chip_220_257_merged.tif,0.8,0,1857766778,156,30.6128,32.884,2.2712
300M,chip_220_257_merged.tif,0.8,1,1477160147,156,30.7984,32.9577,2.1593
300M,chip_220_257_merged.tif,0.8,2,997214629,156,30.5921,31.7046,1.1125
300M,chip_220_257_merged.tif,0.8,3,616607998,156,30.6034,32.0021,1.3987
300M,chip_220_257_merged.tif,0.8,4,236001367,156,30.6373,33.4105,2.7732
300M,chip_220_306_merged.tif,0.2,0,262799811,39,31.7108,33.0327,1.3219
300M,chip_220_306_merged.tif,0.2,1,1930337941,39,32.6526,36.7466,4.094
300M,chip_220_306_merged.tif,0.2,2,1549731310,39,29.3632,35.3019,5.9387
300M,chip_220_306_merged.tif,0.2,3,1069785792,39,29.4894,35.4742,5.9848
300M,chip_220_306_merged.tif,0.2,4,689179161,39,31.1541,36.1741,5.0199
300M,chip_220_306_merged.tif,0.4,0,2845591,78,28.7402,34.4419,5.7017
300M,chip_220_306_merged.tif,0.4,1,1769722608,78,28.7427,32.9937,4.251
300M,chip_220_306_merged.tif,0.4,2,1389115977,78,29.2722,33.1436,3.8714
300M,chip_220_306_merged.tif,0.4,3,909170459,78,29.6548,35.1881,5.5332
300M,chip_220_306_merged.tif,0.4,4,528563828,78,32.2897,35.7291,3.4394
300M,chip_220_306_merged.tif,0.6,0,112486247,117,27.8188,32.6925,4.8737
300M,chip_220_306_merged.tif,0.6,1,1879363264,117,29.2579,33.3415,4.0836
300M,chip_220_306_merged.tif,0.6,2,1399417746,117,28.673,33.2393,4.5663
300M,chip_220_306_merged.tif,0.6,3,1018811115,117,29.1409,31.7767,2.6358
300M,chip_220_306_merged.tif,0.6,4,638204484,117,27.9044,32.2701,4.3656
300M,chip_220_306_merged.tif,0.8,0,1023777723,156,29.4618,30.4916,1.0298
300M,chip_220_306_merged.tif,0.8,1,543832205,156,27.6445,31.3813,3.7368
300M,chip_220_306_merged.tif,0.8,2,163225574,156,27.8174,30.7253,2.9079
300M,chip_220_306_merged.tif,0.8,3,1830763704,156,28.6411,28.99,0.3489
300M,chip_220_306_merged.tif,0.8,4,1450157073,156,29.6779,30.4821,0.8042
300M,chip_220_333_merged.tif,0.2,0,1872977747,39,31.9454,35.476,3.5306
300M,chip_220_333_merged.tif,0.2,1,1393032229,39,29.2531,35.9232,6.6701
300M,chip_220_333_merged.tif,0.2,2,1012425598,39,33.4977,36.6997,3.202
300M,chip_220_333_merged.tif,0.2,3,532480080,39,31.165,36.3528,5.1878
300M,chip_220_333_merged.tif,0.2,4,151873449,39,29.0333,35.1466,6.1133
300M,chip_220_333_merged.tif,0.4,0,1613023527,78,30.3811,34.3801,3.999
300M,chip_220_333_merged.tif,0.4,1,1232416896,78,30.3825,34.7425,4.36
300M,chip_220_333_merged.tif,0.4,2,851810265,78,32.267,35.2211,2.9541
300M,chip_220_333_merged.tif,0.4,3,371864747,78,33.2176,34.9713,1.7538
300M,chip_220_333_merged.tif,0.4,4,2138741764,78,32.2719,34.8597,2.5878
300M,chip_220_333_merged.tif,0.6,0,869725320,117,31.9555,34.3761,2.4207
300M,chip_220_333_merged.tif,0.6,1,489118689,117,31.9714,34.6161,2.6447
300M,chip_220_333_merged.tif,0.6,2,108512058,117,31.9566,32.7762,0.8196
300M,chip_220_333_merged.tif,0.6,3,1776050188,117,31.6199,34.4645,2.8445
300M,chip_220_333_merged.tif,0.6,4,1395443557,117,31.6098,33.2315,1.6217
300M,chip_220_333_merged.tif,0.8,0,486472011,156,30.3146,33.1891,2.8746
300M,chip_220_333_merged.tif,0.8,1,6526493,156,30.1188,32.9047,2.7859
300M,chip_220_333_merged.tif,0.8,2,1773403510,156,31.1633,33.7063,2.543
300M,chip_220_333_merged.tif,0.8,3,1293457992,156,30.8131,33.4839,2.6708
300M,chip_220_333_merged.tif,0.8,4,912851361,156,31.1556,32.1271,0.9715
300M,chip_221_316_merged.tif,0.2,0,255460381,39,35.7769,39.606,3.8291
300M,chip_221_316_merged.tif,0.2,1,1922998511,39,38.3183,39.5866,1.2683
300M,chip_221_316_merged.tif,0.2,2,1542391880,39,37.0531,39.4107,2.3576
300M,chip_221_316_merged.tif,0.2,3,1161785249,39,37.0532,37.8167,0.7636
300M,chip_221_316_merged.tif,0.2,4,681839731,39,35.5037,39.5229,4.0193
300M,chip_221_316_merged.tif,0.4,0,1337668959,78,37.4018,39.4073,2.0056
300M,chip_221_316_merged.tif,0.4,1,957062328,78,37.4019,39.1282,1.7263
300M,chip_221_316_merged.tif,0.4,2,576455697,78,37.7871,39.4107,1.6236
300M,chip_221_316_merged.tif,0.4,3,96510179,78,36.5043,39.5023,2.998
300M,chip_221_316_merged.tif,0.4,4,1863387196,78,36.4596,38.6356,2.176
300M,chip_221_316_merged.tif,0.6,0,1499030489,117,36.9034,38.5283,1.625
300M,chip_221_316_merged.tif,0.6,1,1019084971,117,37.0506,39.4132,2.3626
300M,chip_221_316_merged.tif,0.6,2,638478340,117,36.2323,39.1895,2.9572
300M,chip_221_316_merged.tif,0.6,3,158532822,117,37.0672,39.2534,2.1863
300M,chip_221_316_merged.tif,0.6,4,1925409839,117,36.9524,39.1823,2.2299
300M,chip_221_316_merged.tif,0.8,0,1016438293,156,36.2207,38.5724,2.3517
300M,chip_221_316_merged.tif,0.8,1,536492775,156,36.5772,37.971,1.3939
300M,chip_221_316_merged.tif,0.8,2,155886144,156,36.3154,38.1874,1.872
300M,chip_221_316_merged.tif,0.8,3,1922763161,156,36.8138,38.0729,1.2591
300M,chip_221_316_merged.tif,0.8,4,1442817643,156,36.221,37.5406,1.3196
300M,chip_222_314_merged.tif,0.2,0,474965053,39,38.5914,39.173,0.5816
300M,chip_222_314_merged.tif,0.2,1,2142503183,39,37.3975,39.4092,2.0117
300M,chip_222_314_merged.tif,0.2,2,1761896552,39,33.4521,39.0848,5.6327
300M,chip_222_314_merged.tif,0.2,3,1381289921,39,37.7557,40.906,3.1503
300M,chip_222_314_merged.tif,0.2,4,901344403,39,36.913,39.6263,2.7133
300M,chip_222_314_merged.tif,0.4,0,314349720,78,37.2037,39.5817,2.3781
300M,chip_222_314_merged.tif,0.4,1,1981887850,78,35.2597,40.2588,4.9991
300M,chip_222_314_merged.tif,0.4,2,1601281219,78,35.6819,39.9896,4.3077
300M,chip_222_314_merged.tif,0.4,3,1121335701,78,35.6834,39.6039,3.9205
300M,chip_222_314_merged.tif,0.4,4,740729070,78,36.2616,39.5981,3.3365
300M,chip_222_314_merged.tif,0.6,0,1718535161,117,36.9287,38.7373,1.8086
300M,chip_222_314_merged.tif,0.6,1,1238589643,117,36.9791,38.2095,1.2304
300M,chip_222_314_merged.tif,0.6,2,857983012,117,35.4371,38.0378,2.6007
300M,chip_222_314_merged.tif,0.6,3,378037494,117,35.5727,37.2741,1.7014
300M,chip_222_314_merged.tif,0.6,4,2144914511,117,36.1847,38.2875,2.1028
300M,chip_222_314_merged.tif,0.8,0,1235942965,156,35.0198,37.0195,1.9997
300M,chip_222_314_merged.tif,0.8,1,755997447,156,35.0014,36.9205,1.9191
300M,chip_222_314_merged.tif,0.8,2,375390816,156,35.59,37.8634,2.2734
300M,chip_222_314_merged.tif,0.8,3,2142267833,156,34.9891,36.7352,1.7461
300M,chip_222_314_merged.tif,0.8,4,1662322315,156,35.5084,37.4844,1.9759
300M,chip_222_369_merged.tif,0.2,0,1141845335,39,33.8376,36.9039,3.0663
300M,chip_222_369_merged.tif,0.2,1,661899817,39,33.5892,36.0708,2.4817
300M,chip_222_369_merged.tif,0.2,2,281293186,39,33.1195,35.0958,1.9763
300M,chip_222_369_merged.tif,0.2,3,1948831316,39,33.1832,36.7972,3.6139
300M,chip_222_369_merged.tif,0.2,4,1568224685,39,32.6595,35.6289,2.9694
300M,chip_222_369_merged.tif,0.4,0,881891115,78,33.1654,35.483,2.3176
300M,chip_222_369_merged.tif,0.4,1,501284484,78,33.8128,35.3927,1.5799
300M,chip_222_369_merged.tif,0.4,2,120677853,78,33.1652,35.6946,2.5294
300M,chip_222_369_merged.tif,0.4,3,1788215983,78,33.8138,36.0037,2.1899
300M,chip_222_369_merged.tif,0.4,4,1407609352,78,34.3962,36.1043,1.708
300M,chip_222_369_merged.tif,0.6,0,138592908,117,33.5775,35.3156,1.7381
300M,chip_222_369_merged.tif,0.6,1,1905469925,117,33.1221,34.6698,1.5477
300M,chip_222_369_merged.tif,0.6,2,1524863294,117,33.8108,35.441,1.6301
300M,chip_222_369_merged.tif,0.6,3,1044917776,117,32.512,34.6634,2.1514
300M,chip_222_369_merged.tif,0.6,4,664311145,117,33.2408,35.1837,1.9428
300M,chip_222_369_merged.tif,0.8,0,1902823247,156,33.041,34.261,1.22
300M,chip_222_369_merged.tif,0.8,1,1422877729,156,32.6947,34.0443,1.3496
300M,chip_222_369_merged.tif,0.8,2,1042271098,156,33.0456,33.6792,0.6336
300M,chip_222_369_merged.tif,0.8,3,562325580,156,33.0409,34.0569,1.016
300M,chip_222_369_merged.tif,0.8,4,181718949,156,32.6904,34.2746,1.5841
300M,chip_223_311_merged.tif,0.2,0,1166381093,39,29.4238,36.9387,7.5149
300M,chip_223_311_merged.tif,0.2,1,686435575,39,34.2631,36.4688,2.2057
300M,chip_223_311_merged.tif,0.2,2,305828944,39,33.5849,34.1949,0.6101
300M,chip_223_311_merged.tif,0.2,3,1973367074,39,30.1994,36.0405,5.8411
300M,chip_223_311_merged.tif,0.2,4,1592760443,39,34.2643,36.4953,2.231
300M,chip_223_311_merged.tif,0.4,0,101106023,78,29.4842,34.5591,5.0749
300M,chip_223_311_merged.tif,0.4,1,1867983040,78,28.5598,35.5754,7.0156
300M,chip_223_311_merged.tif,0.4,2,1388037522,78,32.0797,33.7553,1.6755
300M,chip_223_311_merged.tif,0.4,3,1007430891,78,29.3025,35.0752,5.7726
300M,chip_223_311_merged.tif,0.4,4,527485373,78,32.0801,35.04,2.9599
300M,chip_223_311_merged.tif,0.6,0,163128666,117,29.1164,34.3168,5.2005
300M,chip_223_311_merged.tif,0.6,1,1930005683,117,29.9352,34.6498,4.7146
300M,chip_223_311_merged.tif,0.6,2,1549399052,117,30.3897,33.7963,3.4066
300M,chip_223_311_merged.tif,0.6,3,1069453534,117,29.9081,34.7938,4.8857
300M,chip_223_311_merged.tif,0.6,4,688846903,117,29.8326,33.5794,3.7468
300M,chip_223_311_merged.tif,0.8,0,1927359005,156,28.3855,31.6644,3.279
300M,chip_223_311_merged.tif,0.8,1,1447413487,156,28.3553,30.8254,2.47
300M,chip_223_311_merged.tif,0.8,2,1066806856,156,28.482,31.8868,3.4049
300M,chip_223_311_merged.tif,0.8,3,586861338,156,27.9852,32.7446,4.7594
300M,chip_223_311_merged.tif,0.8,4,206254707,156,28.0258,32.073,4.0472
300M,chip_223_483_merged.tif,0.2,0,455084032,39,35.1035,37.0565,1.953
300M,chip_223_483_merged.tif,0.2,1,74477401,39,34.9989,36.8885,1.8896
300M,chip_223_483_merged.tif,0.2,2,1742015531,39,35.0835,36.8782,1.7947
300M,chip_223_483_merged.tif,0.2,3,1361408900,39,35.084,36.9974,1.9135
300M,chip_223_483_merged.tif,0.2,4,980802269,39,35.4244,36.9639,1.5395
300M,chip_223_483_merged.tif,0.4,0,294468699,78,34.0667,36.5441,2.4774
300M,chip_223_483_merged.tif,0.4,1,2061345716,78,34.7583,36.4888,1.7305
300M,chip_223_483_merged.tif,0.4,2,1581400198,78,34.0828,36.5919,2.5091
300M,chip_223_483_merged.tif,0.4,3,1200793567,78,34.7447,36.2763,1.5316
300M,chip_223_483_merged.tif,0.4,4,720848049,78,34.7721,36.3663,1.5942
300M,chip_223_483_merged.tif,0.6,0,1698654140,117,34.4063,35.7922,1.3859
300M,chip_223_483_merged.tif,0.6,1,1318047509,117,34.0933,35.4702,1.3769
300M,chip_223_483_merged.tif,0.6,2,838101991,117,33.917,35.7715,1.8545
300M,chip_223_483_merged.tif,0.6,3,457495360,117,33.8702,36.7186,2.8485
300M,chip_223_483_merged.tif,0.6,4,2125033490,117,33.8693,35.9038,2.0345
300M,chip_223_483_merged.tif,0.8,0,1216061944,156,33.777,35.1094,1.3324
300M,chip_223_483_merged.tif,0.8,1,835455313,156,33.7525,34.9811,1.2286
300M,chip_223_483_merged.tif,0.8,2,355509795,156,33.9765,35.5184,1.5419
300M,chip_223_483_merged.tif,0.8,3,2122386812,156,33.7973,34.9162,1.1189
300M,chip_223_483_merged.tif,0.8,4,1741780181,156,33.7652,35.2234,1.4581
300M,chip_223_491_merged.tif,0.2,0,1221385532,39,34.6186,37.2311,2.6124
300M,chip_223_491_merged.tif,0.2,1,840778901,39,34.7824,37.606,2.8236
300M,chip_223_491_merged.tif,0.2,2,360833383,39,33.9876,36.4728,2.4851
300M,chip_223_491_merged.tif,0.2,3,2127710400,39,34.051,36.8637,2.8127
300M,chip_223_491_merged.tif,0.2,4,1647764882,39,34.9601,36.679,1.7189
300M,chip_223_491_merged.tif,0.4,0,1060770199,78,34.2232,36.2214,1.9981
300M,chip_223_491_merged.tif,0.4,1,580824681,78,33.7905,35.929,2.1385
300M,chip_223_491_merged.tif,0.4,2,200218050,78,34.626,36.3961,1.7701
300M,chip_223_491_merged.tif,0.4,3,1967095067,78,34.5301,36.5203,1.9902
300M,chip_223_491_merged.tif,0.4,4,1487149549,78,31.0411,36.8309,5.7898
300M,chip_223_491_merged.tif,0.6,0,317471992,117,33.9802,35.5142,1.534
300M,chip_223_491_merged.tif,0.6,1,1985010122,117,33.9832,36.41,2.4268
300M,chip_223_491_merged.tif,0.6,2,1604403491,117,32.5895,36.3688,3.7793
300M,chip_223_491_merged.tif,0.6,3,1223796860,117,33.981,34.8652,0.8842
300M,chip_223_491_merged.tif,0.6,4,743851342,117,34.1403,35.8966,1.7563
300M,chip_223_491_merged.tif,0.8,0,1982363444,156,32.5023,34.2694,1.7671
300M,chip_223_491_merged.tif,0.8,1,1601756813,156,33.6297,34.8077,1.1781
300M,chip_223_491_merged.tif,0.8,2,1121811295,156,32.2879,35.2034,2.9155
300M,chip_223_491_merged.tif,0.8,3,741204664,156,32.5479,35.3804,2.8325
300M,chip_223_491_merged.tif,0.8,4,261259146,156,33.6119,34.6178,1.0059
300M,chip_224_326_merged.tif,0.2,0,404842759,39,36.2745,38.3791,2.1046
300M,chip_224_326_merged.tif,0.2,1,24236128,39,34.7134,38.9477,4.2343
300M,chip_224_326_merged.tif,0.2,2,1691774258,39,36.5387,39.0463,2.5076
300M,chip_224_326_merged.tif,0.2,3,1311167627,39,35.9393,38.9043,2.965
300M,chip_224_326_merged.tif,0.2,4,831222109,39,34.7589,38.5319,3.773
300M,chip_224_326_merged.tif,0.4,0,244227426,78,34.7197,36.8772,2.1575
300M,chip_224_326_merged.tif,0.4,1,1911765556,78,34.135,38.1176,3.9826
300M,chip_224_326_merged.tif,0.4,2,1531158925,78,34.827,38.6109,3.7839
300M,chip_224_326_merged.tif,0.4,3,1150552294,78,34.4345,38.7437,4.3092
300M,chip_224_326_merged.tif,0.4,4,670606776,78,34.6166,37.6144,2.9978
300M,chip_224_326_merged.tif,0.6,0,1648412867,117,34.072,37.504,3.4321
300M,chip_224_326_merged.tif,0.6,1,1168467349,117,34.0487,37.4526,3.4039
300M,chip_224_326_merged.tif,0.6,2,787860718,117,34.0629,37.0759,3.013
300M,chip_224_326_merged.tif,0.6,3,407254087,117,34.3227,37.2282,2.9055
300M,chip_224_326_merged.tif,0.6,4,2074792217,117,34.0723,37.0325,2.9602
300M,chip_224_326_merged.tif,0.8,0,1165820671,156,33.8373,35.5603,1.723
300M,chip_224_326_merged.tif,0.8,1,785214040,156,34.2482,35.5157,1.2675
300M,chip_224_326_merged.tif,0.8,2,305268522,156,33.8519,35.9983,2.1464
300M,chip_224_326_merged.tif,0.8,3,2072145539,156,34.1592,35.8066,1.6474
300M,chip_224_326_merged.tif,0.8,4,1592200021,156,34.1405,36.0521,1.9116
300M,chip_224_439_merged.tif,0.2,0,2718868,39,33.6695,36.3037,2.6343
300M,chip_224_439_merged.tif,0.2,1,1670256998,39,34.1135,36.2014,2.0879
300M,chip_224_439_merged.tif,0.2,2,1289650367,39,33.6704,36.2394,2.5689
300M,chip_224_439_merged.tif,0.2,3,809704849,39,33.67,36.9931,3.3231
300M,chip_224_439_merged.tif,0.2,4,429098218,39,35.4277,36.5505,1.1228
300M,chip_224_439_merged.tif,0.4,0,1890248296,78,35.1566,36.6423,1.4858
300M,chip_224_439_merged.tif,0.4,1,1509641665,78,33.6089,36.128,2.5191
300M,chip_224_439_merged.tif,0.4,2,1029696147,78,32.1486,35.9156,3.7671
300M,chip_224_439_merged.tif,0.4,3,649089516,78,34.9829,36.2445,1.2616
300M,chip_224_439_merged.tif,0.4,4,268482885,78,33.3495,36.1774,2.8279
300M,chip_224_439_merged.tif,0.6,0,1146950089,117,34.649,35.4523,0.8034
300M,chip_224_439_merged.tif,0.6,1,766343458,117,31.5113,35.5037,3.9924
300M,chip_224_439_merged.tif,0.6,2,385736827,117,31.3077,35.1568,3.8491
300M,chip_224_439_merged.tif,0.6,3,2053274957,117,33.3941,34.7216,1.3275
300M,chip_224_439_merged.tif,0.6,4,1672668326,117,33.6689,34.5919,0.923
300M,chip_224_439_merged.tif,0.8,0,763696780,156,31.0492,33.5013,2.4522
300M,chip_224_439_merged.tif,0.8,1,283751262,156,31.9011,33.9928,2.0917
300M,chip_224_439_merged.tif,0.8,2,2050628279,156,33.1721,34.1709,0.9988
300M,chip_224_439_merged.tif,0.8,3,1570682761,156,31.0221,34.3356,3.3135
300M,chip_224_439_merged.tif,0.8,4,1190076130,156,33.2821,34.7555,1.4734
300M,chip_224_440_merged.tif,0.2,0,2071367752,39,32.9954,36.9138,3.9184
300M,chip_224_440_merged.tif,0.2,1,1591422234,39,32.7095,36.4881,3.7786
300M,chip_224_440_merged.tif,0.2,2,1210815603,39,36.1871,36.6436,0.4565
300M,chip_224_440_merged.tif,0.2,3,730870085,39,37.5156,37.322,-0.1936
300M,chip_224_440_merged.tif,0.2,4,350263454,39,37.5152,37.5091,-0.0061
300M,chip_224_440_merged.tif,0.4,0,1811413532,78,36.2667,36.6383,0.3716
300M,chip_224_440_merged.tif,0.4,1,1430806901,78,33.3686,36.9695,3.6008
300M,chip_224_440_merged.tif,0.4,2,1050200270,78,32.1373,37.1469,5.0096
300M,chip_224_440_merged.tif,0.4,3,570254752,78,35.3097,36.7701,1.4604
300M,chip_224_440_merged.tif,0.4,4,189648121,78,35.7123,36.7731,1.0609
300M,chip_224_440_merged.tif,0.6,0,1068115325,117,34.8515,35.9568,1.1053
300M,chip_224_440_merged.tif,0.6,1,687508694,117,34.6033,36.0214,1.4181
300M,chip_224_440_merged.tif,0.6,2,306902063,117,34.2208,36.7136,2.4928
300M,chip_224_440_merged.tif,0.6,3,1974440193,117,35.2107,35.7679,0.5573
300M,chip_224_440_merged.tif,0.6,4,1593833562,117,35.1117,35.9534,0.8418
300M,chip_224_440_merged.tif,0.8,0,684862016,156,34.5262,35.5111,0.9849
300M,chip_224_440_merged.tif,0.8,1,204916498,156,34.773,34.8297,0.0567
300M,chip_224_440_merged.tif,0.8,2,1971793515,156,33.4838,34.5092,1.0254
300M,chip_224_440_merged.tif,0.8,3,1491847997,156,34.4148,34.7819,0.3671
300M,chip_224_440_merged.tif,0.8,4,1111241366,156,34.4164,34.9787,0.5623
300M,chip_225_357_merged.tif,0.2,0,1588931826,39,33.4032,36.1141,2.711
300M,chip_225_357_merged.tif,0.2,1,1108986308,39,34.1064,36.0063,1.8999
300M,chip_225_357_merged.tif,0.2,2,728379677,39,33.0986,36.0819,2.9833
300M,chip_225_357_merged.tif,0.2,3,347773046,39,33.6137,35.7167,2.103
300M,chip_225_357_merged.tif,0.2,4,2015311176,39,33.0525,35.2353,2.1828
300M,chip_225_357_merged.tif,0.4,0,523656756,78,33.536,35.2154,1.6794
300M,chip_225_357_merged.tif,0.4,1,143050125,78,33.253,35.4651,2.2121
300M,chip_225_357_merged.tif,0.4,2,1909927142,78,33.5361,35.9559,2.4199
300M,chip_225_357_merged.tif,0.4,3,1429981624,78,33.2085,34.9065,1.698
300M,chip_225_357_merged.tif,0.4,4,1049374993,78,33.5356,35.0967,1.5611
300M,chip_225_357_merged.tif,0.6,0,685018286,117,32.9039,35.3378,2.4339
300M,chip_225_357_merged.tif,0.6,1,205072768,117,33.3256,34.3616,1.036
300M,chip_225_357_merged.tif,0.6,2,1971949785,117,33.1702,34.49,1.3198
300M,chip_225_357_merged.tif,0.6,3,1492004267,117,32.7696,34.7231,1.9535
300M,chip_225_357_merged.tif,0.6,4,1111397636,117,32.9361,34.7768,1.8407
300M,chip_225_357_merged.tif,0.8,0,202426090,156,32.3893,33.5447,1.1554
300M,chip_225_357_merged.tif,0.8,1,1869964220,156,32.3743,33.8102,1.4359
300M,chip_225_357_merged.tif,0.8,2,1489357589,156,32.987,33.6526,0.6656
300M,chip_225_357_merged.tif,0.8,3,1108750958,156,32.9946,34.1171,1.1225
300M,chip_225_357_merged.tif,0.8,4,628805440,156,32.2101,33.6146,1.4045
300M,chip_225_371_merged.tif,0.2,0,1921278609,39,33.4849,35.1873,1.7023
300M,chip_225_371_merged.tif,0.2,1,1540671978,39,32.69,36.1376,3.4476
300M,chip_225_371_merged.tif,0.2,2,1060726460,39,34.1206,35.7472,1.6265
300M,chip_225_371_merged.tif,0.2,3,680119829,39,31.6679,36.0934,4.4255
300M,chip_225_371_merged.tif,0.2,4,200174311,39,33.159,35.5565,2.3975
300M,chip_225_371_merged.tif,0.4,0,1760663276,78,33.3982,34.9857,1.5875
300M,chip_225_371_merged.tif,0.4,1,1280717758,78,33.0726,35.5088,2.4362
300M,chip_225_371_merged.tif,0.4,2,900111127,78,32.3218,35.5055,3.1837
300M,chip_225_371_merged.tif,0.4,3,519504496,78,32.8255,35.4915,2.666
300M,chip_225_371_merged.tif,0.4,4,39558978,78,32.9835,34.6504,1.667
300M,chip_225_371_merged.tif,0.6,0,1017365069,117,32.9215,35.0062,2.0847
300M,chip_225_371_merged.tif,0.6,1,636758438,117,32.9229,35.0622,2.1392
300M,chip_225_371_merged.tif,0.6,2,156812920,117,32.397,34.5834,2.1863
300M,chip_225_371_merged.tif,0.6,3,1923689937,117,33.3216,34.7725,1.4509
300M,chip_225_371_merged.tif,0.6,4,1443744419,117,33.3216,34.1307,0.809
300M,chip_225_371_merged.tif,0.8,0,534772873,156,32.0349,33.8534,1.8185
300M,chip_225_371_merged.tif,0.8,1,154166242,156,32.6452,34.027,1.3817
300M,chip_225_371_merged.tif,0.8,2,1821704372,156,33.1187,33.236,0.1173
300M,chip_225_371_merged.tif,0.8,3,1441097741,156,32.4892,33.3929,0.9037
300M,chip_225_371_merged.tif,0.8,4,961152223,156,32.6424,33.6923,1.0498
300M,chip_226_328_merged.tif,0.2,0,1176653507,39,37.503,40.2489,2.7458
300M,chip_226_328_merged.tif,0.2,1,796046876,39,37.7224,40.4217,2.6993
300M,chip_226_328_merged.tif,0.2,2,316101358,39,35.7735,39.1831,3.4096
300M,chip_226_328_merged.tif,0.2,3,2082978375,39,37.7155,40.0659,2.3503
300M,chip_226_328_merged.tif,0.2,4,1603032857,39,36.2836,39.6019,3.3183
300M,chip_226_328_merged.tif,0.4,0,210717324,78,35.638,39.4741,3.836
300M,chip_226_328_merged.tif,0.4,1,1878255454,78,36.9353,39.6972,2.7618
300M,chip_226_328_merged.tif,0.4,2,1497648823,78,36.3722,39.3898,3.0176
300M,chip_226_328_merged.tif,0.4,3,1017703305,78,36.6983,38.5055,1.8072
300M,chip_226_328_merged.tif,0.4,4,637096674,78,36.441,38.7693,2.3283
300M,chip_226_328_merged.tif,0.6,0,1125678830,117,35.7943,38.8631,3.0687
300M,chip_226_328_merged.tif,0.6,1,645733312,117,36.314,38.5445,2.2305
300M,chip_226_328_merged.tif,0.6,2,265126681,117,35.0773,38.6939,3.6165
300M,chip_226_328_merged.tif,0.6,3,1932664811,117,35.4719,38.7117,3.2398
300M,chip_226_328_merged.tif,0.6,4,1552058180,117,35.5622,38.2813,2.7191
300M,chip_226_328_merged.tif,0.8,0,1937631419,156,35.6078,37.7782,2.1704
300M,chip_226_328_merged.tif,0.8,1,1557024788,156,34.7069,37.7875,3.0806
300M,chip_226_328_merged.tif,0.8,2,1077079270,156,35.582,37.5787,1.9966
300M,chip_226_328_merged.tif,0.8,3,696472639,156,35.4137,37.6893,2.2756
300M,chip_226_328_merged.tif,0.8,4,216527121,156,35.5974,37.4487,1.8513
300M,chip_227_293_merged.tif,0.2,0,1099259743,39,34.0788,37.8437,3.765
300M,chip_227_293_merged.tif,0.2,1,718653112,39,34.8993,38.2626,3.3633
300M,chip_227_293_merged.tif,0.2,2,338046481,39,33.5017,39.0816,5.58
300M,chip_227_293_merged.tif,0.2,3,2005584611,39,33.3705,37.9973,4.6268
300M,chip_227_293_merged.tif,0.2,4,1624977980,39,30.6561,38.0989,7.4428
300M,chip_227_293_merged.tif,0.4,0,133323560,78,31.7209,37.9272,6.2062
300M,chip_227_293_merged.tif,0.4,1,1900200577,78,31.5633,36.8194,5.2561
300M,chip_227_293_merged.tif,0.4,2,1420255059,78,31.5644,37.0471,5.4826
300M,chip_227_293_merged.tif,0.4,3,1039648428,78,32.1821,36.6096,4.4274
300M,chip_227_293_merged.tif,0.4,4,559702910,78,32.7166,37.6309,4.9144
300M,chip_227_293_merged.tif,0.6,0,195346203,117,29.4516,35.6287,6.1771
300M,chip_227_293_merged.tif,0.6,1,1962223220,117,31.6556,36.7357,5.0801
300M,chip_227_293_merged.tif,0.6,2,1482277702,117,30.9175,34.9769,4.0593
300M,chip_227_293_merged.tif,0.6,3,1101671071,117,31.656,34.2949,2.6389
300M,chip_227_293_merged.tif,0.6,4,721064440,117,31.1539,34.5722,3.4183
300M,chip_227_293_merged.tif,0.8,0,1860237655,156,30.5193,32.4751,1.9557
300M,chip_227_293_merged.tif,0.8,1,1479631024,156,30.5631,32.2712,1.7081
300M,chip_227_293_merged.tif,0.8,2,1099024393,156,29.1668,33.6044,4.4376
300M,chip_227_293_merged.tif,0.8,3,619078875,156,29.8965,33.2298,3.3333
300M,chip_227_293_merged.tif,0.8,4,238472244,156,29.1193,34.5197,5.4004
300M,chip_228_314_merged.tif,0.2,0,236656068,39,34.1576,37.2654,3.1078
300M,chip_228_314_merged.tif,0.2,1,2003533085,39,30.0167,37.7636,7.747
300M,chip_228_314_merged.tif,0.2,2,1523587567,39,34.7723,37.3385,2.5662
300M,chip_228_314_merged.tif,0.2,3,1142980936,39,30.0171,37.2992,7.2821
300M,chip_228_314_merged.tif,0.2,4,663035418,39,33.7401,38.0081,4.268
300M,chip_228_314_merged.tif,0.4,0,76040735,78,32.9662,37.4203,4.4542
300M,chip_228_314_merged.tif,0.4,1,1743578865,78,30.1899,37.3108,7.1208
300M,chip_228_314_merged.tif,0.4,2,1362972234,78,30.9506,37.2192,6.2686
300M,chip_228_314_merged.tif,0.4,3,982365603,78,30.1901,37.3597,7.1696
300M,chip_228_314_merged.tif,0.4,4,502420085,78,32.6654,36.1454,3.48
300M,chip_228_314_merged.tif,0.6,0,1480226176,117,29.6808,35.59,5.9093
300M,chip_228_314_merged.tif,0.6,1,1000280658,117,29.6336,35.7111,6.0775
300M,chip_228_314_merged.tif,0.6,2,619674027,117,30.5531,36.1751,5.622
300M,chip_228_314_merged.tif,0.6,3,239067396,117,31.2368,36.9914,5.7546
300M,chip_228_314_merged.tif,0.6,4,1906605526,117,31.212,35.3354,4.1233
300M,chip_228_314_merged.tif,0.8,0,997633980,156,28.9513,34.5089,5.5576
300M,chip_228_314_merged.tif,0.8,1,617027349,156,29.2325,33.7421,4.5095
300M,chip_228_314_merged.tif,0.8,2,137081831,156,28.9696,33.9583,4.9887
300M,chip_228_314_merged.tif,0.8,3,1903958848,156,28.9051,32.0986,3.1935
300M,chip_228_314_merged.tif,0.8,4,1424013330,156,28.9441,33.6357,4.6915
300M,chip_230_282_merged.tif,0.2,0,366210750,39,37.4191,41.1066,3.6875
300M,chip_230_282_merged.tif,0.2,1,2133087767,39,37.4185,40.7975,3.379
300M,chip_230_282_merged.tif,0.2,2,1752481136,39,37.9103,42.6061,4.6958
300M,chip_230_282_merged.tif,0.2,3,1272535618,39,37.8161,40.591,2.7749
300M,chip_230_282_merged.tif,0.2,4,891928987,39,38.3254,43.2527,4.9273
300M,chip_230_282_merged.tif,0.4,0,205595417,78,35.1094,40.2709,5.1615
300M,chip_230_282_merged.tif,0.4,1,1972472434,78,38.1173,39.456,1.3387
300M,chip_230_282_merged.tif,0.4,2,1492526916,78,36.4701,41.3016,4.8315
300M,chip_230_282_merged.tif,0.4,3,1111920285,78,35.2571,39.8023,4.5452
300M,chip_230_282_merged.tif,0.4,4,631974767,78,36.9151,39.7509,2.8358
300M,chip_230_282_merged.tif,0.6,0,1609780858,117,35.1385,38.0146,2.8761
300M,chip_230_282_merged.tif,0.6,1,1229174227,117,35.9258,39.0748,3.1491
300M,chip_230_282_merged.tif,0.6,2,749228709,117,36.4445,37.9118,1.4673
300M,chip_230_282_merged.tif,0.6,3,368622078,117,34.7713,40.6189,5.8476
300M,chip_230_282_merged.tif,0.6,4,2135499095,117,35.4181,40.5004,5.0824
300M,chip_230_282_merged.tif,0.8,0,373588686,156,35.4681,38.5444,3.0763
300M,chip_230_282_merged.tif,0.8,1,2041126816,156,34.9746,38.4943,3.5196
300M,chip_230_282_merged.tif,0.8,2,1660520185,156,33.6324,35.7353,2.1029
300M,chip_230_282_merged.tif,0.8,3,1180574667,156,35.5688,37.3946,1.8258
300M,chip_230_282_merged.tif,0.8,4,799968036,156,35.1688,37.293,2.1242
300M,chip_230_302_merged.tif,0.2,0,1240492885,39,33.1334,38.4072,5.2738
300M,chip_230_302_merged.tif,0.2,1,760547367,39,31.7963,39.1007,7.3044
300M,chip_230_302_merged.tif,0.2,2,379940736,39,35.7799,38.2512,2.4713
300M,chip_230_302_merged.tif,0.2,3,2146817753,39,31.4401,38.773,7.333
300M,chip_230_302_merged.tif,0.2,4,1666872235,39,35.1126,38.4917,3.3791
300M,chip_230_302_merged.tif,0.4,0,175217815,78,33.5231,37.1098,3.5867
300M,chip_230_302_merged.tif,0.4,1,1942094832,78,33.4888,38.1708,4.682
300M,chip_230_302_merged.tif,0.4,2,1561488201,78,31.7756,38.1941,6.4185
300M,chip_230_302_merged.tif,0.4,3,1081542683,78,34.2381,36.9107,2.6725
300M,chip_230_302_merged.tif,0.4,4,700936052,78,34.0722,36.6266,2.5544
300M,chip_230_302_merged.tif,0.6,0,336579345,117,32.4309,37.4759,5.045
300M,chip_230_302_merged.tif,0.6,1,2004117475,117,31.0169,36.5545,5.5376
300M,chip_230_302_merged.tif,0.6,2,1623510844,117,31.083,36.4858,5.4028
300M,chip_230_302_merged.tif,0.6,3,1143565326,117,33.5441,37.0524,3.5083
300M,chip_230_302_merged.tif,0.6,4,762958695,117,32.5015,36.3187,3.8172
300M,chip_230_302_merged.tif,0.8,0,2001470797,156,32.3531,34.3172,1.9642
300M,chip_230_302_merged.tif,0.8,1,1521525279,156,32.1595,34.6527,2.4932
300M,chip_230_302_merged.tif,0.8,2,1140918648,156,32.3342,34.8437,2.5095
300M,chip_230_302_merged.tif,0.8,3,760312017,156,32.3315,33.342,1.0105
300M,chip_230_302_merged.tif,0.8,4,280366499,156,30.549,34.5417,3.9927
300M,chip_230_303_merged.tif,0.2,0,1184066725,39,33.2123,36.6043,3.392
300M,chip_230_303_merged.tif,0.2,1,803460094,39,33.3537,36.1076,2.7539
300M,chip_230_303_merged.tif,0.2,2,323514576,39,33.4758,37.9405,4.4647
300M,chip_230_303_merged.tif,0.2,3,2090391593,39,31.317,38.0185,6.7015
300M,chip_230_303_merged.tif,0.2,4,1709784962,39,33.3793,38.2691,4.8898
300M,chip_230_303_merged.tif,0.4,0,218130542,78,28.6365,36.7196,8.0831
300M,chip_230_303_merged.tif,0.4,1,1885668672,78,28.639,36.8095,8.1706
300M,chip_230_303_merged.tif,0.4,2,1505062041,78,31.1467,37.1865,6.0398
300M,chip_230_303_merged.tif,0.4,3,1124455410,78,30.8078,38.1477,7.34
300M,chip_230_303_merged.tif,0.4,4,644509892,78,32.5906,37.8993,5.3086
300M,chip_230_303_merged.tif,0.6,0,280153185,117,30.3813,35.8649,5.4836
300M,chip_230_303_merged.tif,0.6,1,2047030202,117,29.7754,35.4547,5.6793
300M,chip_230_303_merged.tif,0.6,2,1567084684,117,29.3976,36.3266,6.9291
300M,chip_230_303_merged.tif,0.6,3,1186478053,117,29.7159,35.84,6.1241
300M,chip_230_303_merged.tif,0.6,4,706532535,117,29.8023,35.552,5.7497
300M,chip_230_303_merged.tif,0.8,0,1945044637,156,30.278,33.0079,2.7299
300M,chip_230_303_merged.tif,0.8,1,1564438006,156,30.4243,33.0288,2.6045
300M,chip_230_303_merged.tif,0.8,2,1084492488,156,30.4572,33.3643,2.9071
300M,chip_230_303_merged.tif,0.8,3,703885857,156,29.0059,33.4017,4.3958
300M,chip_230_303_merged.tif,0.8,4,323279226,156,29.0234,33.8714,4.8479
300M,chip_230_458_merged.tif,0.2,0,1531814531,39,34.6459,36.189,1.5431
300M,chip_230_458_merged.tif,0.2,1,1151207900,39,34.0349,37.4069,3.372
300M,chip_230_458_merged.tif,0.2,2,671262382,39,34.5231,36.5677,2.0445
300M,chip_230_458_merged.tif,0.2,3,290655751,39,33.4978,36.6078,3.1099
300M,chip_230_458_merged.tif,0.2,4,1958193881,39,33.7622,37.153,3.3908
300M,chip_230_458_merged.tif,0.4,0,1371199198,78,32.8938,37.0605,4.1668
300M,chip_230_458_merged.tif,0.4,1,891253680,78,33.37,37.3346,3.9645
300M,chip_230_458_merged.tif,0.4,2,510647049,78,32.7304,36.7496,4.0192
300M,chip_230_458_merged.tif,0.4,3,130040418,78,32.7298,36.5286,3.7988
300M,chip_230_458_merged.tif,0.4,4,1797578548,78,33.3311,36.1245,2.7933
300M,chip_230_458_merged.tif,0.6,0,627900991,117,33.1629,35.8308,2.6679
300M,chip_230_458_merged.tif,0.6,1,147955473,117,32.3935,35.8167,3.4233
300M,chip_230_458_merged.tif,0.6,2,1914832490,117,32.4905,36.1183,3.6277
300M,chip_230_458_merged.tif,0.6,3,1534225859,117,32.5306,35.7228,3.1922
300M,chip_230_458_merged.tif,0.6,4,1054280341,117,32.4903,36.4921,4.0019
300M,chip_230_458_merged.tif,0.8,0,145308795,156,32.6418,34.9902,2.3484
300M,chip_230_458_merged.tif,0.8,1,1912185812,156,32.6629,35.0705,2.4075
300M,chip_230_458_merged.tif,0.8,2,1432240294,156,32.4992,35.6113,3.1121
300M,chip_230_458_merged.tif,0.8,3,1051633663,156,32.774,35.3467,2.5727
300M,chip_230_458_merged.tif,0.8,4,571688145,156,32.7768,35.3322,2.5554
300M,chip_230_490_merged.tif,0.2,0,990529482,39,34.6257,37.6642,3.0385
300M,chip_230_490_merged.tif,0.2,1,609922851,39,31.6239,36.7045,5.0806
300M,chip_230_490_merged.tif,0.2,2,129977333,39,34.6117,36.8036,2.1919
300M,chip_230_490_merged.tif,0.2,3,1896854350,39,31.5425,37.7603,6.2177
300M,chip_230_490_merged.tif,0.2,4,1416908832,39,33.9625,38.8341,4.8715
300M,chip_230_490_merged.tif,0.4,0,24593299,78,33.6392,36.4655,2.8264
300M,chip_230_490_merged.tif,0.4,1,1692131429,78,33.64,37.0867,3.4468
300M,chip_230_490_merged.tif,0.4,2,1311524798,78,34.0144,37.1325,3.1181
300M,chip_230_490_merged.tif,0.4,3,831579280,78,34.1991,36.9776,2.7784
300M,chip_230_490_merged.tif,0.4,4,450972649,78,32.7563,35.7706,3.0143
300M,chip_230_490_merged.tif,0.6,0,86615942,117,33.8436,36.7388,2.8952
300M,chip_230_490_merged.tif,0.6,1,1853492959,117,32.9596,35.3159,2.3562
300M,chip_230_490_merged.tif,0.6,2,1373547441,117,32.9591,36.3166,3.3575
300M,chip_230_490_merged.tif,0.6,3,992940810,117,33.1092,35.9436,2.8344
300M,chip_230_490_merged.tif,0.6,4,512995292,117,32.81,34.72,1.91
300M,chip_230_490_merged.tif,0.8,0,1751507394,156,33.6596,34.273,0.6135
300M,chip_230_490_merged.tif,0.8,1,1370900763,156,33.6436,35.2056,1.562
300M,chip_230_490_merged.tif,0.8,2,890955245,156,33.1975,35.5901,2.3927
300M,chip_230_490_merged.tif,0.8,3,510348614,156,33.2748,35.0083,1.7335
300M,chip_230_490_merged.tif,0.8,4,30403096,156,33.6403,33.8677,0.2274
300M,chip_231_287_merged.tif,0.2,0,928669001,39,30.018,35.5866,5.5686
300M,chip_231_287_merged.tif,0.2,1,448723483,39,31.2088,37.5594,6.3505
300M,chip_231_287_merged.tif,0.2,2,68116852,39,31.393,36.3139,4.9208
300M,chip_231_287_merged.tif,0.2,3,1834993869,39,27.5378,36.2356,8.6978
300M,chip_231_287_merged.tif,0.2,4,1355048351,39,31.3937,37.3327,5.9389
300M,chip_231_287_merged.tif,0.4,0,768053668,78,30.3599,36.0036,5.6437
300M,chip_231_287_merged.tif,0.4,1,288108150,78,30.9538,34.8752,3.9214
300M,chip_231_287_merged.tif,0.4,2,2054985167,78,30.3334,33.6675,3.3341
300M,chip_231_287_merged.tif,0.4,3,1575039649,78,30.3846,34.0798,3.6952
300M,chip_231_287_merged.tif,0.4,4,1194433018,78,30.0635,35.5233,5.4598
300M,chip_231_287_merged.tif,0.6,0,24755461,117,29.5422,34.413,4.8708
300M,chip_231_287_merged.tif,0.6,1,1692293591,117,29.3867,34.7193,5.3326
300M,chip_231_287_merged.tif,0.6,2,1311686960,117,29.9626,34.2684,4.3058
300M,chip_231_287_merged.tif,0.6,3,831741442,117,30.2035,33.9027,3.6992
300M,chip_231_287_merged.tif,0.6,4,451134811,117,29.7376,34.8801,5.1426
300M,chip_231_287_merged.tif,0.8,0,1689646913,156,29.3312,32.365,3.0337
300M,chip_231_287_merged.tif,0.8,1,1209701395,156,29.3278,31.0869,1.7592
300M,chip_231_287_merged.tif,0.8,2,829094764,156,28.5534,31.1794,2.626
300M,chip_231_287_merged.tif,0.8,3,448488133,156,29.158,32.2396,3.0816
300M,chip_231_287_merged.tif,0.8,4,2116026263,156,29.182,30.7892,1.6072
300M,chip_231_331_merged.tif,0.2,0,1686288982,39,38.5217,39.613,1.0913
300M,chip_231_331_merged.tif,0.2,1,1206343464,39,35.6707,39.4921,3.8214
300M,chip_231_331_merged.tif,0.2,2,825736833,39,35.8172,39.9051,4.0879
300M,chip_231_331_merged.tif,0.2,3,345791315,39,38.5061,40.0317,1.5256
300M,chip_231_331_merged.tif,0.2,4,2112668332,39,37.8133,40.0644,2.251
300M,chip_231_331_merged.tif,0.4,0,1426334762,78,35.9439,39.1227,3.1788
300M,chip_231_331_merged.tif,0.4,1,1045728131,78,37.9133,39.5748,1.6615
300M,chip_231_331_merged.tif,0.4,2,665121500,78,35.4749,39.5267,4.0518
300M,chip_231_331_merged.tif,0.4,3,185175982,78,37.9134,38.4041,0.4907
300M,chip_231_331_merged.tif,0.4,4,1952052999,78,35.7266,39.7977,4.0711
300M,chip_231_331_merged.tif,0.6,0,683036555,117,34.9538,38.9493,3.9955
300M,chip_231_331_merged.tif,0.6,1,302429924,117,37.1065,39.1884,2.082
300M,chip_231_331_merged.tif,0.6,2,2069306941,117,36.0076,38.1262,2.1186
300M,chip_231_331_merged.tif,0.6,3,1589361423,117,37.0516,38.7935,1.7419
300M,chip_231_331_merged.tif,0.6,4,1208754792,117,36.7438,38.6178,1.874
300M,chip_231_331_merged.tif,0.8,0,299783246,156,35.3141,37.8851,2.571
300M,chip_231_331_merged.tif,0.8,1,1967321376,156,36.0078,37.6996,1.6918
300M,chip_231_331_merged.tif,0.8,2,1586714745,156,36.0621,38.2187,2.1566
300M,chip_231_331_merged.tif,0.8,3,1106769227,156,36.0355,37.0791,1.0436
300M,chip_231_331_merged.tif,0.8,4,726162596,156,35.2536,37.1664,1.9128
300M,chip_232_293_merged.tif,0.2,0,2090346294,39,28.6302,38.2954,9.6653
300M,chip_232_293_merged.tif,0.2,1,1709739663,39,36.9045,38.1393,1.2348
300M,chip_232_293_merged.tif,0.2,2,1229794145,39,35.507,38.4834,2.9764
300M,chip_232_293_merged.tif,0.2,3,849187514,39,34.9172,37.1524,2.2353
300M,chip_232_293_merged.tif,0.2,4,369241996,39,28.6311,38.4109,9.7798
300M,chip_232_293_merged.tif,0.4,0,1929730961,78,35.5546,37.6491,2.0944
300M,chip_232_293_merged.tif,0.4,1,1449785443,78,34.9812,37.0412,2.06
300M,chip_232_293_merged.tif,0.4,2,1069178812,78,32.8501,37.3915,4.5414
300M,chip_232_293_merged.tif,0.4,3,589233294,78,31.8865,38.6726,6.786
300M,chip_232_293_merged.tif,0.4,4,208626663,78,28.9125,37.3554,8.4429
300M,chip_232_293_merged.tif,0.6,0,1186432754,117,31.1627,36.7649,5.6023
300M,chip_232_293_merged.tif,0.6,1,706487236,117,31.18,36.8076,5.6276
300M,chip_232_293_merged.tif,0.6,2,325880605,117,32.7975,35.0965,2.299
300M,chip_232_293_merged.tif,0.6,3,1993418735,117,29.7705,36.4825,6.712
300M,chip_232_293_merged.tif,0.6,4,1612812104,117,34.2172,36.8684,2.6512
300M,chip_232_293_merged.tif,0.8,0,703840558,156,31.2508,35.1277,3.877
300M,chip_232_293_merged.tif,0.8,1,323233927,156,31.2814,32.3454,1.0641
300M,chip_232_293_merged.tif,0.8,2,1990772057,156,31.2455,33.7492,2.5037
300M,chip_232_293_merged.tif,0.8,3,1610165426,156,31.1581,34.8563,3.6982
300M,chip_232_293_merged.tif,0.8,4,1130219908,156,31.2429,34.7333,3.4904
300M,chip_232_372_merged.tif,0.2,0,2072619194,39,31.46,33.7227,2.2626
300M,chip_232_372_merged.tif,0.2,1,1692012563,39,31.0716,34.6226,3.551
300M,chip_232_372_merged.tif,0.2,2,1212067045,39,31.7205,32.9081,1.1875
300M,chip_232_372_merged.tif,0.2,3,831460414,39,32.0614,33.4037,1.3423
300M,chip_232_372_merged.tif,0.2,4,450853783,39,31.9206,33.7379,1.8172
300M,chip_232_372_merged.tif,0.4,0,1912003861,78,29.8948,33.5088,3.614
300M,chip_232_372_merged.tif,0.4,1,1531397230,78,29.8948,33.5055,3.6107
300M,chip_232_372_merged.tif,0.4,2,1051451712,78,29.8948,33.888,3.9933
300M,chip_232_372_merged.tif,0.4,3,670845081,78,29.9308,33.9817,4.0509
300M,chip_232_372_merged.tif,0.4,4,190899563,78,30.1492,33.4066,3.2574
300M,chip_232_372_merged.tif,0.6,0,1168705654,117,29.8678,33.043,3.1752
300M,chip_232_372_merged.tif,0.6,1,788099023,117,30.0053,32.2811,2.2758
300M,chip_232_372_merged.tif,0.6,2,308153505,117,29.0753,33.1173,4.042
300M,chip_232_372_merged.tif,0.6,3,2075030522,117,29.3416,32.1622,2.8207
300M,chip_232_372_merged.tif,0.6,4,1595085004,117,29.0712,32.5121,3.4408
300M,chip_232_372_merged.tif,0.8,0,686113458,156,28.9438,31.9893,3.0455
300M,chip_232_372_merged.tif,0.8,1,305506827,156,29.3341,32.0867,2.7526
300M,chip_232_372_merged.tif,0.8,2,1973044957,156,29.5703,31.8855,2.3153
300M,chip_232_372_merged.tif,0.8,3,1592438326,156,28.5449,30.9996,2.4546
300M,chip_232_372_merged.tif,0.8,4,1211831695,156,29.6884,31.0628,1.3745
300M,chip_232_596_merged.tif,0.2,0,1995427824,39,31.2358,37.9804,6.7446
300M,chip_232_596_merged.tif,0.2,1,1515482306,39,35.0532,37.7879,2.7347
300M,chip_232_596_merged.tif,0.2,2,1134875675,39,31.9414,38.2386,6.2972
300M,chip_232_596_merged.tif,0.2,3,654930157,39,35.053,37.696,2.643
300M,chip_232_596_merged.tif,0.2,4,274323526,39,35.9634,35.385,-0.5783
300M,chip_232_596_merged.tif,0.4,0,1735473604,78,34.564,37.4514,2.8874
300M,chip_232_596_merged.tif,0.4,1,1354866973,78,32.2045,37.7544,5.5499
300M,chip_232_596_merged.tif,0.4,2,974260342,78,34.799,37.4791,2.68
300M,chip_232_596_merged.tif,0.4,3,494314824,78,34.9743,37.296,2.3217
300M,chip_232_596_merged.tif,0.4,4,113708193,78,34.7982,37.3679,2.5697
300M,chip_232_596_merged.tif,0.6,0,992175397,117,33.4079,36.7913,3.3834
300M,chip_232_596_merged.tif,0.6,1,611568766,117,34.2645,36.7075,2.4431
300M,chip_232_596_merged.tif,0.6,2,230962135,117,35.0174,36.9609,1.9434
300M,chip_232_596_merged.tif,0.6,3,1898500265,117,34.8282,36.4848,1.6566
300M,chip_232_596_merged.tif,0.6,4,1517893634,117,34.8019,37.4636,2.6617
300M,chip_232_596_merged.tif,0.8,0,608922088,156,32.3269,35.5807,3.2537
300M,chip_232_596_merged.tif,0.8,1,128976570,156,33.5023,35.5459,2.0436
300M,chip_232_596_merged.tif,0.8,2,1895853587,156,33.6168,35.5948,1.9779
300M,chip_232_596_merged.tif,0.8,3,1415908069,156,33.5202,35.0086,1.4884
300M,chip_232_596_merged.tif,0.8,4,1035301438,156,33.637,34.438,0.801
300M,chip_233_289_merged.tif,0.2,0,1565354130,39,33.7267,40.2995,6.5728
300M,chip_233_289_merged.tif,0.2,1,1184747499,39,32.2109,40.3214,8.1104
300M,chip_233_289_merged.tif,0.2,2,704801981,39,29.2278,38.9917,9.7639
300M,chip_233_289_merged.tif,0.2,3,324195350,39,33.7705,38.6967,4.9262
300M,chip_233_289_merged.tif,0.2,4,1991733480,39,36.17,40.0753,3.9053
300M,chip_233_289_merged.tif,0.4,0,1404738797,78,33.4213,38.9361,5.5148
300M,chip_233_289_merged.tif,0.4,1,924793279,78,31.4718,39.248,7.7762
300M,chip_233_289_merged.tif,0.4,2,544186648,78,32.2126,38.4829,6.2703
300M,chip_233_289_merged.tif,0.4,3,163580017,78,32.7153,38.4122,5.6969
300M,chip_233_289_merged.tif,0.4,4,1831118147,78,30.194,39.5794,9.3853
300M,chip_233_289_merged.tif,0.6,0,661440590,117,29.0686,36.1488,7.0802
300M,chip_233_289_merged.tif,0.6,1,181495072,117,29.936,36.4966,6.5606
300M,chip_233_289_merged.tif,0.6,2,1948372089,117,29.1897,36.3854,7.1957
300M,chip_233_289_merged.tif,0.6,3,1567765458,117,30.307,36.8452,6.5382
300M,chip_233_289_merged.tif,0.6,4,1087819940,117,30.4553,37.6277,7.1724
300M,chip_233_289_merged.tif,0.8,0,178848394,156,30.0736,34.1959,4.1223
300M,chip_233_289_merged.tif,0.8,1,1945725411,156,30.1899,33.9363,3.7464
300M,chip_233_289_merged.tif,0.8,2,1465779893,156,30.1945,34.2506,4.0561
300M,chip_233_289_merged.tif,0.8,3,1085173262,156,29.4695,31.5745,2.105
300M,chip_233_289_merged.tif,0.8,4,605227744,156,30.2324,33.7913,3.5589
300M,chip_233_331_merged.tif,0.2,0,1368229163,39,38.9356,40.159,1.2235
300M,chip_233_331_merged.tif,0.2,1,987622532,39,37.3726,38.5048,1.1322
300M,chip_233_331_merged.tif,0.2,2,507677014,39,36.4781,40.9872,4.5091
300M,chip_233_331_merged.tif,0.2,3,127070383,39,38.2992,40.7059,2.4067
300M,chip_233_331_merged.tif,0.2,4,1893947400,39,38.3742,40.3481,1.9739
300M,chip_233_331_merged.tif,0.4,0,402292980,78,37.0315,39.6288,2.5973
300M,chip_233_331_merged.tif,0.4,1,2069831110,78,36.5955,39.4424,2.847
300M,chip_233_331_merged.tif,0.4,2,1689224479,78,37.1796,39.9883,2.8088
300M,chip_233_331_merged.tif,0.4,3,1308617848,78,35.9959,40.2629,4.267
300M,chip_233_331_merged.tif,0.4,4,828672330,78,37.1802,38.1375,0.9573
300M,chip_233_331_merged.tif,0.6,0,464315623,117,37.2916,39.3147,2.0231
300M,chip_233_331_merged.tif,0.6,1,83708992,117,38.2073,39.5939,1.3867
300M,chip_233_331_merged.tif,0.6,2,1751247122,117,36.8219,39.596,2.7741
300M,chip_233_331_merged.tif,0.6,3,1370640491,117,38.0299,39.2677,1.2378
300M,chip_233_331_merged.tif,0.6,4,890694973,117,38.1174,39.6368,1.5194
300M,chip_233_331_merged.tif,0.8,0,2129207075,156,37.3589,38.2672,0.9083
300M,chip_233_331_merged.tif,0.8,1,1748600444,156,37.2998,38.1856,0.8858
300M,chip_233_331_merged.tif,0.8,2,1268654926,156,38.0252,38.0622,0.037
300M,chip_233_331_merged.tif,0.8,3,888048295,156,37.344,38.8719,1.5279
300M,chip_233_331_merged.tif,0.8,4,507441664,156,37.9898,38.1395,0.1497
300M,chip_233_332_merged.tif,0.2,0,313318716,39,37.596,38.5337,0.9377
300M,chip_233_332_merged.tif,0.2,1,1980856846,39,37.4178,38.2121,0.7943
300M,chip_233_332_merged.tif,0.2,2,1600250215,39,38.5991,35.0865,-3.5126
300M,chip_233_332_merged.tif,0.2,3,1120304697,39,37.4224,39.4341,2.0117
300M,chip_233_332_merged.tif,0.2,4,739698066,39,38.8472,39.9078,1.0606
300M,chip_233_332_merged.tif,0.4,0,53364496,78,38.6513,39.8753,1.224
300M,chip_233_332_merged.tif,0.4,1,1820241513,78,35.1037,39.0976,3.994
300M,chip_233_332_merged.tif,0.4,2,1439634882,78,35.1038,36.0569,0.9531
300M,chip_233_332_merged.tif,0.4,3,959689364,78,37.6024,36.3622,-1.2403
300M,chip_233_332_merged.tif,0.4,4,579082733,78,37.683,39.6006,1.9176
300M,chip_233_332_merged.tif,0.6,0,1457549937,117,37.9047,38.8653,0.9606
300M,chip_233_332_merged.tif,0.6,1,1076943306,117,37.8541,36.9287,-0.9254
300M,chip_233_332_merged.tif,0.6,2,696336675,117,38.5032,38.9662,0.463
300M,chip_233_332_merged.tif,0.6,3,216391157,117,36.1634,36.567,0.4036
300M,chip_233_332_merged.tif,0.6,4,1983268174,117,36.167,36.5012,0.3342
300M,chip_233_332_merged.tif,0.8,0,1074296628,156,35.8105,36.5913,0.7808
300M,chip_233_332_merged.tif,0.8,1,594351110,156,36.7952,37.4097,0.6145
300M,chip_233_332_merged.tif,0.8,2,213744479,156,37.2936,37.0777,-0.2159
300M,chip_233_332_merged.tif,0.8,3,1881282609,156,35.8336,36.9422,1.1086
300M,chip_233_332_merged.tif,0.8,4,1500675978,156,37.2345,37.1169,-0.1176
300M,chip_233_478_merged.tif,0.2,0,326934627,39,33.8546,36.2588,2.4042
300M,chip_233_478_merged.tif,0.2,1,2093811644,39,33.7754,34.6238,0.8484
300M,chip_233_478_merged.tif,0.2,2,1613866126,39,32.5424,35.7254,3.183
300M,chip_233_478_merged.tif,0.2,3,1233259495,39,33.4081,36.5616,3.1534
300M,chip_233_478_merged.tif,0.2,4,753313977,39,33.0557,36.8797,3.824
300M,chip_233_478_merged.tif,0.4,0,1508482092,78,32.5965,36.1333,3.5368
300M,chip_233_478_merged.tif,0.4,1,1028536574,78,32.5785,35.122,2.5434
300M,chip_233_478_merged.tif,0.4,2,647929943,78,33.2262,34.9063,1.68
300M,chip_233_478_merged.tif,0.4,3,167984425,78,34.0633,35.4243,1.361
300M,chip_233_478_merged.tif,0.4,4,1934861442,78,32.9728,35.182,2.2092
300M,chip_233_478_merged.tif,0.6,0,1570504735,117,33.1943,35.1628,1.9685
300M,chip_233_478_merged.tif,0.6,1,1189898104,117,33.1995,34.6059,1.4064
300M,chip_233_478_merged.tif,0.6,2,709952586,117,32.1731,35.2194,3.0462
300M,chip_233_478_merged.tif,0.6,3,329345955,117,31.4913,35.1669,3.6756
300M,chip_233_478_merged.tif,0.6,4,1996884085,117,33.8077,34.9724,1.1647
300M,chip_233_478_merged.tif,0.8,0,1087912539,156,31.4066,34.4422,3.0356
300M,chip_233_478_merged.tif,0.8,1,707305908,156,31.6081,34.0366,2.4285
300M,chip_233_478_merged.tif,0.8,2,227360390,156,32.0088,33.3808,1.372
300M,chip_233_478_merged.tif,0.8,3,1994237407,156,31.6393,34.5166,2.8774
300M,chip_233_478_merged.tif,0.8,4,1514291889,156,32.2982,33.0379,0.7397
300M,chip_234_295_merged.tif,0.2,0,1312585661,39,33.311,37.8342,4.5231
300M,chip_234_295_merged.tif,0.2,1,931979030,39,33.3127,38.704,5.3913
300M,chip_234_295_merged.tif,0.2,2,551372399,39,34.7035,36.5838,1.8803
300M,chip_234_295_merged.tif,0.2,3,71426881,39,35.3223,36.6967,1.3743
300M,chip_234_295_merged.tif,0.2,4,1838303898,39,33.5835,37.6734,4.0898
300M,chip_234_295_merged.tif,0.4,0,346649478,78,31.8702,36.245,4.3748
300M,chip_234_295_merged.tif,0.4,1,2113526495,78,31.8714,36.2046,4.3332
300M,chip_234_295_merged.tif,0.4,2,1633580977,78,31.8281,36.8354,5.0073
300M,chip_234_295_merged.tif,0.4,3,1252974346,78,33.5033,36.1736,2.6703
300M,chip_234_295_merged.tif,0.4,4,773028828,78,31.5999,36.0403,4.4404
300M,chip_234_295_merged.tif,0.6,0,408672121,117,31.3968,35.6905,4.2937
300M,chip_234_295_merged.tif,0.6,1,28065490,117,31.4588,36.3581,4.8993
300M,chip_234_295_merged.tif,0.6,2,1695603620,117,31.4974,35.406,3.9086
300M,chip_234_295_merged.tif,0.6,3,1314996989,117,32.2881,35.32,3.0319
300M,chip_234_295_merged.tif,0.6,4,934390358,117,30.366,35.8036,5.4376
300M,chip_234_295_merged.tif,0.8,0,2073563573,156,31.9635,33.7563,1.7928
300M,chip_234_295_merged.tif,0.8,1,1692956942,156,29.5666,32.7091,3.1426
300M,chip_234_295_merged.tif,0.8,2,1312350311,156,30.3467,33.2237,2.877
300M,chip_234_295_merged.tif,0.8,3,832404793,156,31.357,33.4272,2.0702
300M,chip_234_295_merged.tif,0.8,4,451798162,156,30.4733,34.2203,3.747
300M,chip_234_371_merged.tif,0.2,0,1605564130,39,32.0187,33.9057,1.887
300M,chip_234_371_merged.tif,0.2,1,1125618612,39,31.6979,34.1164,2.4185
300M,chip_234_371_merged.tif,0.2,2,745011981,39,31.2033,34.3122,3.109
300M,chip_234_371_merged.tif,0.2,3,364405350,39,32.0191,34.9297,2.9106
300M,chip_234_371_merged.tif,0.2,4,2031943480,39,31.8683,34.2228,2.3545
300M,chip_234_371_merged.tif,0.4,0,1444948797,78,30.2421,33.3274,3.0853
300M,chip_234_371_merged.tif,0.4,1,965003279,78,31.8817,33.8744,1.9927
300M,chip_234_371_merged.tif,0.4,2,584396648,78,30.93,33.4864,2.5564
300M,chip_234_371_merged.tif,0.4,3,104451130,78,30.0999,34.2239,4.124
300M,chip_234_371_merged.tif,0.4,4,1871328147,78,30.9055,32.974,2.0685
300M,chip_234_371_merged.tif,0.6,0,701650590,117,30.2606,33.1065,2.846
300M,chip_234_371_merged.tif,0.6,1,221705072,117,29.3618,32.6525,3.2907
300M,chip_234_371_merged.tif,0.6,2,1988582089,117,30.5323,32.9845,2.4521
300M,chip_234_371_merged.tif,0.6,3,1508636571,117,30.0275,32.9725,2.945
300M,chip_234_371_merged.tif,0.6,4,1128029940,117,30.0765,32.4991,2.4227
300M,chip_234_371_merged.tif,0.8,0,219058394,156,29.2394,31.4667,2.2273
300M,chip_234_371_merged.tif,0.8,1,1886596524,156,29.8933,31.3117,1.4184
300M,chip_234_371_merged.tif,0.8,2,1505989893,156,29.2274,31.4866,2.2592
300M,chip_234_371_merged.tif,0.8,3,1125383262,156,30.1987,31.4434,1.2447
300M,chip_234_371_merged.tif,0.8,4,645437744,156,29.8941,31.781,1.8869
300M,chip_234_444_merged.tif,0.2,0,504246115,39,35.742,37.2436,1.5016
300M,chip_234_444_merged.tif,0.2,1,123639484,39,35.4544,37.746,2.2916
300M,chip_234_444_merged.tif,0.2,2,1791177614,39,39.6977,37.6547,-2.0429
300M,chip_234_444_merged.tif,0.2,3,1410570983,39,37.2834,37.197,-0.0863
300M,chip_234_444_merged.tif,0.2,4,930625465,39,34.8725,36.9838,2.1113
300M,chip_234_444_merged.tif,0.4,0,343630782,78,34.7481,36.569,1.821
300M,chip_234_444_merged.tif,0.4,1,2011168912,78,36.4435,37.3006,0.8571
300M,chip_234_444_merged.tif,0.4,2,1630562281,78,28.0013,36.6829,8.6817
300M,chip_234_444_merged.tif,0.4,3,1150616763,78,33.5731,36.2495,2.6764
300M,chip_234_444_merged.tif,0.4,4,770010132,78,33.5528,36.3331,2.7803
300M,chip_234_444_merged.tif,0.6,0,1747816223,117,36.3746,37.3395,0.9649
300M,chip_234_444_merged.tif,0.6,1,1267870705,117,35.817,36.1147,0.2977
300M,chip_234_444_merged.tif,0.6,2,887264074,117,34.9591,36.614,1.6549
300M,chip_234_444_merged.tif,0.6,3,407318556,117,29.778,36.472,6.694
300M,chip_234_444_merged.tif,0.6,4,26711925,117,29.7921,35.9305,6.1384
300M,chip_234_444_merged.tif,0.8,0,1265224027,156,34.8432,35.4412,0.598
300M,chip_234_444_merged.tif,0.8,1,884617396,156,35.2576,34.9539,-0.3037
300M,chip_234_444_merged.tif,0.8,2,404671878,156,34.4046,35.8203,1.4158
300M,chip_234_444_merged.tif,0.8,3,24065247,156,34.8655,35.864,0.9985
300M,chip_234_444_merged.tif,0.8,4,1691603377,156,33.8461,36.2005,2.3545
300M,chip_234_445_merged.tif,0.2,0,651186333,39,33.2808,36.9534,3.6726
300M,chip_234_445_merged.tif,0.2,1,270579702,39,33.3324,36.7842,3.4518
300M,chip_234_445_merged.tif,0.2,2,1938117832,39,34.2533,36.4873,2.234
300M,chip_234_445_merged.tif,0.2,3,1557511201,39,35.202,36.8026,1.6006
300M,chip_234_445_merged.tif,0.2,4,1077565683,39,35.2291,36.4146,1.1855
300M,chip_234_445_merged.tif,0.4,0,490571000,78,31.497,36.2247,4.7277
300M,chip_234_445_merged.tif,0.4,1,109964369,78,33.0104,36.0859,3.0755
300M,chip_234_445_merged.tif,0.4,2,1777502499,78,35.0448,36.4084,1.3636
300M,chip_234_445_merged.tif,0.4,3,1396895868,78,35.0454,36.1502,1.1048
300M,chip_234_445_merged.tif,0.4,4,916950350,78,33.3156,36.2087,2.893
300M,chip_234_445_merged.tif,0.6,0,1894756441,117,33.781,35.9636,2.1826
300M,chip_234_445_merged.tif,0.6,1,1514149810,117,34.0418,35.4074,1.3656
300M,chip_234_445_merged.tif,0.6,2,1034204292,117,33.7816,35.3844,1.6028
300M,chip_234_445_merged.tif,0.6,3,653597661,117,33.8222,35.96,2.1378
300M,chip_234_445_merged.tif,0.6,4,173652143,117,33.3106,35.3648,2.0542
300M,chip_234_445_merged.tif,0.8,0,1412164245,156,34.0078,34.4169,0.4091
300M,chip_234_445_merged.tif,0.8,1,1031557614,156,33.4186,34.8481,1.4295
300M,chip_234_445_merged.tif,0.8,2,551612096,156,32.1712,34.8625,2.6914
300M,chip_234_445_merged.tif,0.8,3,171005465,156,33.4249,34.5572,1.1322
300M,chip_234_445_merged.tif,0.8,4,1838543595,156,33.1521,34.251,1.0989
300M,chip_234_591_merged.tif,0.2,0,287606392,39,36.3951,37.2563,0.8611
300M,chip_234_591_merged.tif,0.2,1,1955144522,39,31.8095,36.4655,4.656
300M,chip_234_591_merged.tif,0.2,2,1574537891,39,34.9848,35.9199,0.9351
300M,chip_234_591_merged.tif,0.2,3,1094592373,39,33.9776,37.0251,3.0475
300M,chip_234_591_merged.tif,0.2,4,713985742,39,32.0037,36.319,4.3153
300M,chip_234_591_merged.tif,0.4,0,27652172,78,32.881,36.7039,3.8229
300M,chip_234_591_merged.tif,0.4,1,1794529189,78,34.8886,35.7199,0.8312
300M,chip_234_591_merged.tif,0.4,2,1314583671,78,34.8115,36.1266,1.3151
300M,chip_234_591_merged.tif,0.4,3,933977040,78,34.1008,36.7915,2.6907
300M,chip_234_591_merged.tif,0.4,4,553370409,78,34.1861,36.0429,1.8569
300M,chip_234_591_merged.tif,0.6,0,1431837613,117,34.7459,35.6249,0.879
300M,chip_234_591_merged.tif,0.6,1,1051230982,117,34.1004,35.9809,1.8805
300M,chip_234_591_merged.tif,0.6,2,571285464,117,33.9556,35.8535,1.8979
300M,chip_234_591_merged.tif,0.6,3,190678833,117,34.7565,35.7325,0.976
300M,chip_234_591_merged.tif,0.6,4,1957555850,117,34.538,35.2874,0.7494
300M,chip_234_591_merged.tif,0.8,0,949245417,156,33.7294,34.3018,0.5724
300M,chip_234_591_merged.tif,0.8,1,568638786,156,33.233,34.9207,1.6877
300M,chip_234_591_merged.tif,0.8,2,188032155,156,32.1903,34.7391,2.5488
300M,chip_234_591_merged.tif,0.8,3,1855570285,156,33.7443,35.144,1.3997
300M,chip_234_591_merged.tif,0.8,4,1474963654,156,34.4572,34.9826,0.5254
300M,chip_236_284_merged.tif,0.2,0,1479493,39,34.0389,36.5971,2.5583
300M,chip_236_284_merged.tif,0.2,1,1768356510,39,32.8113,38.0857,5.2745
300M,chip_236_284_merged.tif,0.2,2,1288410992,39,34.038,36.1913,2.1533
300M,chip_236_284_merged.tif,0.2,3,907804361,39,33.1279,37.0688,3.9409
300M,chip_236_284_merged.tif,0.2,4,427858843,39,35.3566,36.1994,0.8428
300M,chip_236_284_merged.tif,0.4,0,1183026958,78,31.8233,34.3547,2.5314
300M,chip_236_284_merged.tif,0.4,1,703081440,78,32.6891,36.5927,3.9036
300M,chip_236_284_merged.tif,0.4,2,322474809,78,33.3044,33.3722,0.0677
300M,chip_236_284_merged.tif,0.4,3,1990012939,78,33.3809,35.1453,1.7644
300M,chip_236_284_merged.tif,0.4,4,1609406308,78,29.4271,38.0309,8.6038
300M,chip_236_284_merged.tif,0.6,0,2097988464,117,31.7784,36.3327,4.5543
300M,chip_236_284_merged.tif,0.6,1,1618042946,117,29.0066,34.8553,5.8487
300M,chip_236_284_merged.tif,0.6,2,1237436315,117,31.7184,33.026,1.3076
300M,chip_236_284_merged.tif,0.6,3,757490797,117,30.2948,33.4128,3.118
300M,chip_236_284_merged.tif,0.6,4,376884166,117,31.0703,33.5333,2.463
300M,chip_236_284_merged.tif,0.8,0,762457405,156,30.6672,32.2645,1.5972
300M,chip_236_284_merged.tif,0.8,1,381850774,156,30.498,33.2007,2.7027
300M,chip_236_284_merged.tif,0.8,2,2049388904,156,30.4723,32.2175,1.7453
300M,chip_236_284_merged.tif,0.8,3,1668782273,156,30.4836,32.3207,1.8371
300M,chip_236_284_merged.tif,0.8,4,1188836755,156,30.4909,33.8936,3.4027
300M,chip_236_367_merged.tif,0.2,0,778048910,39,32.6693,35.0616,2.3922
300M,chip_236_367_merged.tif,0.2,1,397442279,39,32.8073,34.4803,1.6731
300M,chip_236_367_merged.tif,0.2,2,2064980409,39,32.3039,34.3462,2.0423
300M,chip_236_367_merged.tif,0.2,3,1684373778,39,31.7661,34.7519,2.9858
300M,chip_236_367_merged.tif,0.2,4,1303767147,39,32.1293,34.0978,1.9685
300M,chip_236_367_merged.tif,0.4,0,617433577,78,32.3344,34.7458,2.4114
300M,chip_236_367_merged.tif,0.4,1,236826946,78,31.9085,34.2179,2.3094
300M,chip_236_367_merged.tif,0.4,2,1904365076,78,32.4786,34.571,2.0923
300M,chip_236_367_merged.tif,0.4,3,1523758445,78,32.0818,34.4675,2.3857
300M,chip_236_367_merged.tif,0.4,4,1043812927,78,32.4114,33.9049,1.4934
300M,chip_236_367_merged.tif,0.6,0,2021619018,117,31.7541,34.0383,2.2842
300M,chip_236_367_merged.tif,0.6,1,1641012387,117,32.1492,33.7186,1.5694
300M,chip_236_367_merged.tif,0.6,2,1161066869,117,32.1399,33.6403,1.5004
300M,chip_236_367_merged.tif,0.6,3,780460238,117,31.4436,33.7856,2.342
300M,chip_236_367_merged.tif,0.6,4,300514720,117,31.7546,33.7969,2.0423
300M,chip_236_367_merged.tif,0.8,0,1539026822,156,30.9271,32.8153,1.8882
300M,chip_236_367_merged.tif,0.8,1,1158420191,156,31.122,33.1242,2.0022
300M,chip_236_367_merged.tif,0.8,2,678474673,156,31.1026,32.4613,1.3587
300M,chip_236_367_merged.tif,0.8,3,297868042,156,31.1175,32.9166,1.7991
300M,chip_236_367_merged.tif,0.8,4,2064745059,156,31.5059,32.4746,0.9686
300M,chip_236_448_merged.tif,0.2,0,1894502919,39,35.237,36.4053,1.1684
300M,chip_236_448_merged.tif,0.2,1,1414557401,39,32.6006,36.3265,3.7258
300M,chip_236_448_merged.tif,0.2,2,1033950770,39,32.5643,36.5668,4.0025
300M,chip_236_448_merged.tif,0.2,3,554005252,39,34.6814,35.6358,0.9544
300M,chip_236_448_merged.tif,0.2,4,173398621,39,36.0031,35.6855,-0.3176
300M,chip_236_448_merged.tif,0.4,0,829227849,78,33.8303,36.4013,2.5709
300M,chip_236_448_merged.tif,0.4,1,448621218,78,32.2183,36.3198,4.1015
300M,chip_236_448_merged.tif,0.4,2,2116159348,78,34.9845,35.8602,0.8757
300M,chip_236_448_merged.tif,0.4,3,1735552717,78,33.9042,36.4685,2.5642
300M,chip_236_448_merged.tif,0.4,4,1255607199,78,34.2129,35.6823,1.4694
300M,chip_236_448_merged.tif,0.6,0,891250492,117,33.3754,35.2845,1.9091
300M,chip_236_448_merged.tif,0.6,1,510643861,117,33.8935,35.2841,1.3906
300M,chip_236_448_merged.tif,0.6,2,130037230,117,32.8781,35.3239,2.4458
300M,chip_236_448_merged.tif,0.6,3,1797575360,117,34.1241,35.6291,1.505
300M,chip_236_448_merged.tif,0.6,4,1416968729,117,33.4125,35.1254,1.7129
300M,chip_236_448_merged.tif,0.8,0,507997183,156,33.0539,34.9819,1.928
300M,chip_236_448_merged.tif,0.8,1,28051665,156,33.8268,34.9472,1.1204
300M,chip_236_448_merged.tif,0.8,2,1794928682,156,33.761,35.0927,1.3316
300M,chip_236_448_merged.tif,0.8,3,1314983164,156,33.0525,35.2082,2.1557
300M,chip_236_448_merged.tif,0.8,4,934376533,156,32.9989,35.0583,2.0594
300M,chip_236_450_merged.tif,0.2,0,1995044954,39,34.6024,35.6824,1.08
300M,chip_236_450_merged.tif,0.2,1,1614438323,39,32.9093,34.7907,1.8814
300M,chip_236_450_merged.tif,0.2,2,1134492805,39,34.5949,36.279,1.6841
300M,chip_236_450_merged.tif,0.2,3,753886174,39,34.5945,34.6236,0.029
300M,chip_236_450_merged.tif,0.2,4,273940656,39,32.5458,36.412,3.8662
300M,chip_236_450_merged.tif,0.4,0,1834429621,78,33.4827,34.8147,1.332
300M,chip_236_450_merged.tif,0.4,1,1354484103,78,33.1952,35.5718,2.3766
300M,chip_236_450_merged.tif,0.4,2,973877472,78,33.6699,34.86,1.1901
300M,chip_236_450_merged.tif,0.4,3,493931954,78,33.5168,35.322,1.8052
300M,chip_236_450_merged.tif,0.4,4,113325323,78,32.2592,35.3463,3.0871
300M,chip_236_450_merged.tif,0.6,0,1091131414,117,31.7701,34.7308,2.9608
300M,chip_236_450_merged.tif,0.6,1,611185896,117,33.6998,35.2244,1.5246
300M,chip_236_450_merged.tif,0.6,2,230579265,117,33.3203,35.0957,1.7754
300M,chip_236_450_merged.tif,0.6,3,1898117395,117,33.3268,35.2073,1.8805
300M,chip_236_450_merged.tif,0.6,4,1517510764,117,32.9997,34.8365,1.8368
300M,chip_236_450_merged.tif,0.8,0,608539218,156,33.5182,34.1051,0.587
300M,chip_236_450_merged.tif,0.8,1,227932587,156,33.4984,33.3185,-0.1799
300M,chip_236_450_merged.tif,0.8,2,1895470717,156,32.748,34.0142,1.2662
300M,chip_236_450_merged.tif,0.8,3,1514864086,156,31.8206,33.8068,1.9862
300M,chip_236_450_merged.tif,0.8,4,1034918568,156,32.7356,33.6297,0.8941
300M,chip_236_595_merged.tif,0.2,0,2114038513,39,33.4104,36.9319,3.5215
300M,chip_236_595_merged.tif,0.2,1,1733431882,39,33.4887,36.6232,3.1346
300M,chip_236_595_merged.tif,0.2,2,1253486364,39,33.5312,36.5604,3.0292
300M,chip_236_595_merged.tif,0.2,3,872879733,39,34.0606,36.8808,2.8201
300M,chip_236_595_merged.tif,0.2,4,392934215,39,33.8158,36.6663,2.8505
300M,chip_236_595_merged.tif,0.4,0,1148102330,78,34.1601,36.1547,1.9946
300M,chip_236_595_merged.tif,0.4,1,668156812,78,32.6846,36.3741,3.6894
300M,chip_236_595_merged.tif,0.4,2,287550181,78,32.2952,35.6484,3.3532
300M,chip_236_595_merged.tif,0.4,3,1955088311,78,32.4026,36.4127,4.0102
300M,chip_236_595_merged.tif,0.4,4,1574481680,78,32.0243,36.3062,4.2819
300M,chip_236_595_merged.tif,0.6,0,1210124973,117,31.2737,35.4578,4.1841
300M,chip_236_595_merged.tif,0.6,1,829518342,117,32.4399,35.0222,2.5823
300M,chip_236_595_merged.tif,0.6,2,349572824,117,32.7338,35.8496,3.1158
300M,chip_236_595_merged.tif,0.6,3,2116449841,117,32.5831,34.885,2.3019
300M,chip_236_595_merged.tif,0.6,4,1636504323,117,32.6077,34.3098,1.7021
300M,chip_236_595_merged.tif,0.8,0,727532777,156,33.0462,33.7061,0.6599
300M,chip_236_595_merged.tif,0.8,1,346926146,156,31.555,34.074,2.519
300M,chip_236_595_merged.tif,0.8,2,2014464276,156,32.5398,34.3616,1.8218
300M,chip_236_595_merged.tif,0.8,3,1633857645,156,31.5274,33.8787,2.3513
300M,chip_236_595_merged.tif,0.8,4,1153912127,156,32.9877,33.6188,0.6311
300M,chip_236_600_merged.tif,0.2,0,362777000,39,34.3539,37.3937,3.0398
300M,chip_236_600_merged.tif,0.2,1,2129654017,39,34.3937,37.2418,2.848
300M,chip_236_600_merged.tif,0.2,2,1649708499,39,35.4514,37.1211,1.6697
300M,chip_236_600_merged.tif,0.2,3,1269101868,39,34.798,37.9726,3.1746
300M,chip_236_600_merged.tif,0.2,4,789156350,39,35.6676,36.5742,0.9066
300M,chip_236_600_merged.tif,0.4,0,202161667,78,34.7717,36.4094,1.6377
300M,chip_236_600_merged.tif,0.4,1,1869699797,78,33.647,36.4424,2.7955
300M,chip_236_600_merged.tif,0.4,2,1489093166,78,34.0887,37.1749,3.0861
300M,chip_236_600_merged.tif,0.4,3,1009147648,78,35.0009,36.3356,1.3346
300M,chip_236_600_merged.tif,0.4,4,628541017,78,33.9658,36.2803,2.3146
300M,chip_236_600_merged.tif,0.6,0,1606347108,117,33.7846,35.953,2.1684
300M,chip_236_600_merged.tif,0.6,1,1126401590,117,34.5454,35.1905,0.6451
300M,chip_236_600_merged.tif,0.6,2,745794959,117,33.5396,36.1115,2.5718
300M,chip_236_600_merged.tif,0.6,3,265849441,117,34.836,36.2908,1.4548
300M,chip_236_600_merged.tif,0.6,4,2032726458,117,34.9531,36.2058,1.2527
300M,chip_236_600_merged.tif,0.8,0,270816049,156,33.0817,34.9673,1.8856
300M,chip_236_600_merged.tif,0.8,1,2037693066,156,33.0939,34.7212,1.6274
300M,chip_236_600_merged.tif,0.8,2,1557747548,156,34.1376,34.3293,0.1916
300M,chip_236_600_merged.tif,0.8,3,1177140917,156,33.6785,34.7592,1.0807
300M,chip_236_600_merged.tif,0.8,4,796534286,156,34.1512,35.4002,1.249
300M,chip_237_289_merged.tif,0.2,0,964634566,39,34.3259,38.7769,4.4511
300M,chip_237_289_merged.tif,0.2,1,584027935,39,34.1215,38.9304,4.8089
300M,chip_237_289_merged.tif,0.2,2,104082417,39,32.2219,35.7608,3.539
300M,chip_237_289_merged.tif,0.2,3,1870959434,39,32.5498,36.5165,3.9667
300M,chip_237_289_merged.tif,0.2,4,1391013916,39,31.0072,38.7546,7.7474
300M,chip_237_289_merged.tif,0.4,0,2146182031,78,32.0313,37.7199,5.6886
300M,chip_237_289_merged.tif,0.4,1,1666236513,78,31.8423,37.8565,6.0142
300M,chip_237_289_merged.tif,0.4,2,1285629882,78,33.1218,36.6802,3.5585
300M,chip_237_289_merged.tif,0.4,3,805684364,78,33.7002,35.6039,1.9036
300M,chip_237_289_merged.tif,0.4,4,425077733,78,31.4009,38.5595,7.1586
300M,chip_237_289_merged.tif,0.6,0,60721026,117,31.7262,35.5011,3.7749
300M,chip_237_289_merged.tif,0.6,1,1728259156,117,33.6242,35.5272,1.903
300M,chip_237_289_merged.tif,0.6,2,1347652525,117,33.2614,34.8744,1.613
300M,chip_237_289_merged.tif,0.6,3,967045894,117,31.707,36.9811,5.2741
300M,chip_237_289_merged.tif,0.6,4,487100376,117,31.0589,36.1347,5.0758
300M,chip_237_289_merged.tif,0.8,0,1725612478,156,31.0792,32.7409,1.6617
300M,chip_237_289_merged.tif,0.8,1,1345005847,156,30.4392,34.4865,4.0473
300M,chip_237_289_merged.tif,0.8,2,865060329,156,31.6518,34.0136,2.3618
300M,chip_237_289_merged.tif,0.8,3,484453698,156,31.3097,32.9586,1.6489
300M,chip_237_289_merged.tif,0.8,4,4508180,156,31.0639,35.1051,4.0412
300M,chip_237_335_merged.tif,0.2,0,1825469653,39,35.6781,40.3698,4.6916
300M,chip_237_335_merged.tif,0.2,1,1444863022,39,38.4156,40.8586,2.443
300M,chip_237_335_merged.tif,0.2,2,1064256391,39,38.1854,41.0557,2.8703
300M,chip_237_335_merged.tif,0.2,3,584310873,39,38.3023,40.3904,2.0881
300M,chip_237_335_merged.tif,0.2,4,203704242,39,38.2742,41.0156,2.7414
300M,chip_237_335_merged.tif,0.4,0,1664854320,78,37.3252,41.0379,3.7127
300M,chip_237_335_merged.tif,0.4,1,1284247689,78,36.6038,40.379,3.7752
300M,chip_237_335_merged.tif,0.4,2,804302171,78,38.0388,40.3734,2.3346
300M,chip_237_335_merged.tif,0.4,3,423695540,78,36.4535,39.87,3.4166
300M,chip_237_335_merged.tif,0.4,4,43088909,78,37.0424,40.7144,3.672
300M,chip_237_335_merged.tif,0.6,0,921556113,117,37.0766,39.8765,2.7998
300M,chip_237_335_merged.tif,0.6,1,540949482,117,36.6475,39.1623,2.5148
300M,chip_237_335_merged.tif,0.6,2,61003964,117,37.1208,39.8349,2.7141
300M,chip_237_335_merged.tif,0.6,3,1827880981,117,37.0686,39.5005,2.4319
300M,chip_237_335_merged.tif,0.6,4,1447274350,117,37.2821,39.143,1.861
300M,chip_237_335_merged.tif,0.8,0,438963917,156,36.1927,39.0056,2.8129
300M,chip_237_335_merged.tif,0.8,1,58357286,156,37.2127,39.4911,2.2784
300M,chip_237_335_merged.tif,0.8,2,1825234303,156,37.1187,39.2314,2.1127
300M,chip_237_335_merged.tif,0.8,3,1345288785,156,36.0938,38.8593,2.7656
300M,chip_237_335_merged.tif,0.8,4,964682154,156,36.3809,38.8052,2.4243
300M,chip_237_472_merged.tif,0.2,0,1817410881,39,35.2729,33.0305,-2.2424
300M,chip_237_472_merged.tif,0.2,1,1436804250,39,33.5397,33.0128,-0.5269
300M,chip_237_472_merged.tif,0.2,2,956858732,39,33.3907,35.7964,2.4057
300M,chip_237_472_merged.tif,0.2,3,576252101,39,31.9944,36.2718,4.2775
300M,chip_237_472_merged.tif,0.2,4,96306583,39,32.608,35.6144,3.0064
300M,chip_237_472_merged.tif,0.4,0,851474698,78,33.0031,36.06,3.0569
300M,chip_237_472_merged.tif,0.4,1,371529180,78,32.6909,35.3639,2.673
300M,chip_237_472_merged.tif,0.4,2,2138406197,78,33.9066,35.1531,1.2464
300M,chip_237_472_merged.tif,0.4,3,1658460679,78,33.0088,35.7586,2.7498
300M,chip_237_472_merged.tif,0.4,4,1277854048,78,33.9066,34.0249,0.1183
300M,chip_237_472_merged.tif,0.6,0,913497341,117,32.7239,35.0778,2.354
300M,chip_237_472_merged.tif,0.6,1,433551823,117,33.1024,33.8894,0.7869
300M,chip_237_472_merged.tif,0.6,2,52945192,117,32.1653,34.0285,1.8632
300M,chip_237_472_merged.tif,0.6,3,1819822209,117,32.3798,33.5065,1.1267
300M,chip_237_472_merged.tif,0.6,4,1339876691,117,33.001,34.8615,1.8605
300M,chip_237_472_merged.tif,0.8,0,430905145,156,31.114,33.5382,2.4242
300M,chip_237_472_merged.tif,0.8,1,50298514,156,32.6246,33.4,0.7754
300M,chip_237_472_merged.tif,0.8,2,1717836644,156,31.3655,33.2677,1.9022
300M,chip_237_472_merged.tif,0.8,3,1337230013,156,32.6317,33.5972,0.9655
300M,chip_237_472_merged.tif,0.8,4,857284495,156,32.4976,32.9856,0.488
300M,chip_237_598_merged.tif,0.2,0,556207919,39,34.469,35.8523,1.3833
300M,chip_237_598_merged.tif,0.2,1,76262401,39,31.7542,36.4893,4.7351
300M,chip_237_598_merged.tif,0.2,2,1843139418,39,32.138,35.6401,3.5021
300M,chip_237_598_merged.tif,0.2,3,1462532787,39,32.9993,35.0117,2.0124
300M,chip_237_598_merged.tif,0.2,4,982587269,39,32.9611,36.3926,3.4315
300M,chip_237_598_merged.tif,0.4,0,395592586,78,32.1378,35.1749,3.0371
300M,chip_237_598_merged.tif,0.4,1,2063130716,78,34.2919,35.0338,0.7419
300M,chip_237_598_merged.tif,0.4,2,1682524085,78,34.2528,35.7054,1.4527
300M,chip_237_598_merged.tif,0.4,3,1202578567,78,31.9347,35.4603,3.5257
300M,chip_237_598_merged.tif,0.4,4,821971936,78,32.1969,35.3187,3.1218
300M,chip_237_598_merged.tif,0.6,0,1799778027,117,32.3105,34.4532,2.1427
300M,chip_237_598_merged.tif,0.6,1,1319832509,117,33.5812,34.7299,1.1487
300M,chip_237_598_merged.tif,0.6,2,939225878,117,33.2077,34.3737,1.166
300M,chip_237_598_merged.tif,0.6,3,459280360,117,33.9119,34.9077,0.9958
300M,chip_237_598_merged.tif,0.6,4,78673729,117,34.2634,35.0869,0.8235
300M,chip_237_598_merged.tif,0.8,0,1317185831,156,32.9127,34.1626,1.25
300M,chip_237_598_merged.tif,0.8,1,837240313,156,33.368,34.1278,0.7598
300M,chip_237_598_merged.tif,0.8,2,456633682,156,32.4972,33.7071,1.2099
300M,chip_237_598_merged.tif,0.8,3,76027051,156,32.6891,33.1778,0.4887
300M,chip_237_598_merged.tif,0.8,4,1743565181,156,32.4924,34.435,1.9426
300M,chip_238_458_merged.tif,0.2,0,1007186546,39,30.4936,34.012,3.5183
300M,chip_238_458_merged.tif,0.2,1,527241028,39,31.8909,33.8034,1.9126
300M,chip_238_458_merged.tif,0.2,2,146634397,39,32.6714,34.5152,1.8437
300M,chip_238_458_merged.tif,0.2,3,1913511414,39,30.3607,35.3578,4.9971
300M,chip_238_458_merged.tif,0.2,4,1433565896,39,31.352,34.6325,3.2805
300M,chip_238_458_merged.tif,0.4,0,846571213,78,30.7063,34.0607,3.3543
300M,chip_238_458_merged.tif,0.4,1,366625695,78,30.3534,33.9079,3.5544
300M,chip_238_458_merged.tif,0.4,2,2133502712,78,30.6793,34.2944,3.6151
300M,chip_238_458_merged.tif,0.4,3,1653557194,78,31.0427,33.5409,2.4982
300M,chip_238_458_merged.tif,0.4,4,1272950563,78,30.0906,32.957,2.8664
300M,chip_238_458_merged.tif,0.6,0,103273006,117,30.5588,33.1916,2.6328
300M,chip_238_458_merged.tif,0.6,1,1770811136,117,30.4271,33.066,2.6389
300M,chip_238_458_merged.tif,0.6,2,1390204505,117,30.5194,33.8523,3.3329
300M,chip_238_458_merged.tif,0.6,3,910258987,117,30.3686,32.8431,2.4745
300M,chip_238_458_merged.tif,0.6,4,529652356,117,30.39,33.2148,2.8248
300M,chip_238_458_merged.tif,0.8,0,1768164458,156,30.2976,31.7893,1.4916
300M,chip_238_458_merged.tif,0.8,1,1288218940,156,30.3326,31.504,1.1714
300M,chip_238_458_merged.tif,0.8,2,907612309,156,29.4529,32.3095,2.8567
300M,chip_238_458_merged.tif,0.8,3,527005678,156,29.3474,31.4827,2.1353
300M,chip_238_458_merged.tif,0.8,4,47060160,156,29.6989,31.3291,1.6302
300M,chip_239_277_merged.tif,0.2,0,502018475,39,31.9568,37.7855,5.8287
300M,chip_239_277_merged.tif,0.2,1,121411844,39,34.4052,36.8115,2.4063
300M,chip_239_277_merged.tif,0.2,2,1888288861,39,36.3874,38.3901,2.0027
300M,chip_239_277_merged.tif,0.2,3,1408343343,39,36.9671,37.6505,0.6834
300M,chip_239_277_merged.tif,0.2,4,1027736712,39,36.3499,39.9178,3.5679
300M,chip_239_277_merged.tif,0.4,0,1683565940,78,34.0912,39.2151,5.1238
300M,chip_239_277_merged.tif,0.4,1,1203620422,78,34.5789,37.5211,2.9422
300M,chip_239_277_merged.tif,0.4,2,823013791,78,32.245,38.2132,5.9682
300M,chip_239_277_merged.tif,0.4,3,442407160,78,33.3887,36.6581,3.2693
300M,chip_239_277_merged.tif,0.4,4,2109945290,78,32.2462,39.2137,6.9675
300M,chip_239_277_merged.tif,0.6,0,1745588583,117,33.2587,38.1576,4.8989
300M,chip_239_277_merged.tif,0.6,1,1364981952,117,30.838,35.8434,5.0054
300M,chip_239_277_merged.tif,0.6,2,885036434,117,32.3423,36.6025,4.2602
300M,chip_239_277_merged.tif,0.6,3,504429803,117,32.1167,36.9677,4.8511
300M,chip_239_277_merged.tif,0.6,4,24484285,117,30.8318,37.822,6.9902
300M,chip_239_277_merged.tif,0.8,0,1262996387,156,31.5619,35.9211,4.3592
300M,chip_239_277_merged.tif,0.8,1,882389756,156,30.2643,35.0255,4.7612
300M,chip_239_277_merged.tif,0.8,2,501783125,156,32.3352,36.1724,3.8372
300M,chip_239_277_merged.tif,0.8,3,21837607,156,32.3062,34.4841,2.1778
300M,chip_239_277_merged.tif,0.8,4,1788714624,156,32.2863,33.4293,1.143
300M,chip_239_281_merged.tif,0.2,0,589073263,39,36.8213,37.6642,0.8429
300M,chip_239_281_merged.tif,0.2,1,109127745,39,34.643,41.4274,6.7843
300M,chip_239_281_merged.tif,0.2,2,1876004762,39,38.1068,39.688,1.5812
300M,chip_239_281_merged.tif,0.2,3,1396059244,39,34.6606,38.7734,4.1127
300M,chip_239_281_merged.tif,0.2,4,1015452613,39,36.8234,40.965,4.1416
300M,chip_239_281_merged.tif,0.4,0,329119043,78,33.4759,37.2977,3.8218
300M,chip_239_281_merged.tif,0.4,1,2095996060,78,34.7732,38.6667,3.8935
300M,chip_239_281_merged.tif,0.4,2,1616050542,78,35.1879,40.7357,5.5478
300M,chip_239_281_merged.tif,0.4,3,1235443911,78,33.4751,39.1708,5.6957
300M,chip_239_281_merged.tif,0.4,4,854837280,78,34.126,40.1867,6.0608
300M,chip_239_281_merged.tif,0.6,0,1733304484,117,34.0481,35.9009,1.8528
300M,chip_239_281_merged.tif,0.6,1,1352697853,117,34.0262,38.6882,4.6619
300M,chip_239_281_merged.tif,0.6,2,972091222,117,32.2314,39.0746,6.8431
300M,chip_239_281_merged.tif,0.6,3,492145704,117,31.4708,36.9159,5.4452
300M,chip_239_281_merged.tif,0.6,4,111539073,117,32.2247,36.3866,4.1618
300M,chip_239_281_merged.tif,0.8,0,1350051175,156,33.3914,35.9684,2.577
300M,chip_239_281_merged.tif,0.8,1,870105657,156,32.5964,35.5166,2.9202
300M,chip_239_281_merged.tif,0.8,2,489499026,156,33.3932,35.3472,1.954
300M,chip_239_281_merged.tif,0.8,3,9553508,156,33.2119,35.9313,2.7193
300M,chip_239_281_merged.tif,0.8,4,1776430525,156,33.2092,34.8577,1.6485
300M,chip_239_283_merged.tif,0.2,0,1708390752,39,31.6751,37.9366,6.2615
300M,chip_239_283_merged.tif,0.2,1,1228445234,39,32.44,37.7638,5.3237
300M,chip_239_283_merged.tif,0.2,2,847838603,39,32.2305,37.3162,5.0856
300M,chip_239_283_merged.tif,0.2,3,467231972,39,34.6522,37.161,2.5088
300M,chip_239_283_merged.tif,0.2,4,2134770102,39,31.6871,36.9087,5.2216
300M,chip_239_283_merged.tif,0.4,0,1547775419,78,32.6409,35.8433,3.2024
300M,chip_239_283_merged.tif,0.4,1,1067829901,78,32.5077,37.0388,4.531
300M,chip_239_283_merged.tif,0.4,2,687223270,78,32.0296,36.8987,4.869
300M,chip_239_283_merged.tif,0.4,3,207277752,78,30.5581,36.9916,6.4335
300M,chip_239_283_merged.tif,0.4,4,1974154769,78,31.308,36.6997,5.3917
300M,chip_239_283_merged.tif,0.6,0,804477212,117,31.0204,35.2306,4.2102
300M,chip_239_283_merged.tif,0.6,1,324531694,117,29.8908,34.5132,4.6223
300M,chip_239_283_merged.tif,0.6,2,2091408711,117,31.2583,35.6816,4.4233
300M,chip_239_283_merged.tif,0.6,3,1611463193,117,31.8248,34.4522,2.6274
300M,chip_239_283_merged.tif,0.6,4,1230856562,117,30.6376,34.8215,4.184
300M,chip_239_283_merged.tif,0.8,0,321885016,156,28.9297,33.1284,4.1988
300M,chip_239_283_merged.tif,0.8,1,1989423146,156,30.5615,33.7019,3.1404
300M,chip_239_283_merged.tif,0.8,2,1608816515,156,30.7487,33.6711,2.9224
300M,chip_239_283_merged.tif,0.8,3,1228209884,156,30.0859,33.032,2.946
300M,chip_239_283_merged.tif,0.8,4,748264366,156,28.865,33.1782,4.3132
300M,chip_239_336_merged.tif,0.2,0,995169053,39,37.878,39.2605,1.3826
300M,chip_239_336_merged.tif,0.2,1,614562422,39,37.3355,39.1593,1.8237
300M,chip_239_336_merged.tif,0.2,2,134616904,39,38.3235,39.6258,1.3023
300M,chip_239_336_merged.tif,0.2,3,1901493921,39,37.3504,40.4134,3.063
300M,chip_239_336_merged.tif,0.2,4,1421548403,39,37.7947,39.4646,1.6698
300M,chip_239_336_merged.tif,0.4,0,834553720,78,38.4268,39.7706,1.3438
300M,chip_239_336_merged.tif,0.4,1,354608202,78,37.5334,39.4944,1.961
300M,chip_239_336_merged.tif,0.4,2,2121485219,78,38.4254,38.7358,0.3105
300M,chip_239_336_merged.tif,0.4,3,1641539701,78,36.8442,39.3583,2.5141
300M,chip_239_336_merged.tif,0.4,4,1260933070,78,38.4925,39.6797,1.1871
300M,chip_239_336_merged.tif,0.6,0,91255513,117,37.3616,39.0916,1.73
300M,chip_239_336_merged.tif,0.6,1,1758793643,117,36.9589,39.2779,2.319
300M,chip_239_336_merged.tif,0.6,2,1378187012,117,38.3998,38.8975,0.4976
300M,chip_239_336_merged.tif,0.6,3,997580381,117,37.8229,39.4102,1.5873
300M,chip_239_336_merged.tif,0.6,4,517634863,117,37.428,39.7176,2.2896
300M,chip_239_336_merged.tif,0.8,0,1756146965,156,36.5347,38.9029,2.3682
300M,chip_239_336_merged.tif,0.8,1,1375540334,156,37.2361,38.785,1.5489
300M,chip_239_336_merged.tif,0.8,2,895594816,156,37.2083,38.6191,1.4108
300M,chip_239_336_merged.tif,0.8,3,514988185,156,37.215,38.9728,1.7578
300M,chip_239_336_merged.tif,0.8,4,35042667,156,36.7043,38.7877,2.0834
300M,chip_240_276_merged.tif,0.2,0,773994993,39,35.7522,39.0989,3.3467
300M,chip_240_276_merged.tif,0.2,1,294049475,39,37.934,37.9241,-0.0098
300M,chip_240_276_merged.tif,0.2,2,2060926492,39,31.7814,39.2906,7.5092
300M,chip_240_276_merged.tif,0.2,3,1580980974,39,34.486,40.6505,6.1644
300M,chip_240_276_merged.tif,0.2,4,1200374343,39,35.031,39.2221,4.1912
300M,chip_240_276_merged.tif,0.4,0,514040773,78,33.3056,34.3775,1.0719
300M,chip_240_276_merged.tif,0.4,1,133434142,78,32.873,37.6812,4.8082
300M,chip_240_276_merged.tif,0.4,2,1900311159,78,32.169,38.4156,6.2466
300M,chip_240_276_merged.tif,0.4,3,1420365641,78,33.1091,36.2,3.0909
300M,chip_240_276_merged.tif,0.4,4,1039759010,78,32.8948,38.0245,5.1297
300M,chip_240_276_merged.tif,0.6,0,1918226214,117,31.3396,38.2737,6.9341
300M,chip_240_276_merged.tif,0.6,1,1537619583,117,32.4599,37.6583,5.1984
300M,chip_240_276_merged.tif,0.6,2,1157012952,117,32.9183,37.1855,4.2673
300M,chip_240_276_merged.tif,0.6,3,677067434,117,32.778,37.8875,5.1095
300M,chip_240_276_merged.tif,0.6,4,296460803,117,32.8066,36.8212,4.0146
300M,chip_240_276_merged.tif,0.8,0,1534972905,156,31.9136,34.9363,3.0227
300M,chip_240_276_merged.tif,0.8,1,1055027387,156,31.7559,34.7238,2.9679
300M,chip_240_276_merged.tif,0.8,2,674420756,156,31.9754,35.728,3.7527
300M,chip_240_276_merged.tif,0.8,3,194475238,156,31.8288,34.1932,2.3644
300M,chip_240_276_merged.tif,0.8,4,1961352255,156,31.9348,36.1284,4.1935
300M,chip_240_588_merged.tif,0.2,0,395724835,39,32.2993,34.5884,2.289
300M,chip_240_588_merged.tif,0.2,1,2063262965,39,31.1776,33.054,1.8764
300M,chip_240_588_merged.tif,0.2,2,1682656334,39,34.3661,34.4497,0.0835
300M,chip_240_588_merged.tif,0.2,3,1302049703,39,31.1775,33.7737,2.5962
300M,chip_240_588_merged.tif,0.2,4,822104185,39,31.1423,34.9015,3.7592
300M,chip_240_588_merged.tif,0.4,0,235109502,78,32.3022,34.7451,2.4429
300M,chip_240_588_merged.tif,0.4,1,1902647632,78,31.9031,33.1562,1.2531
300M,chip_240_588_merged.tif,0.4,2,1522041001,78,31.6808,34.6366,2.9559
300M,chip_240_588_merged.tif,0.4,3,1042095483,78,33.051,34.2711,1.2201
300M,chip_240_588_merged.tif,0.4,4,661488852,78,32.3754,33.1362,0.7609
300M,chip_240_588_merged.tif,0.6,0,1639294943,117,31.6233,33.0417,1.4183
300M,chip_240_588_merged.tif,0.6,1,1159349425,117,31.6296,33.7939,2.1644
300M,chip_240_588_merged.tif,0.6,2,778742794,117,32.343,33.3306,0.9876
300M,chip_240_588_merged.tif,0.6,3,298797276,117,32.1112,33.7344,1.6232
300M,chip_240_588_merged.tif,0.6,4,2065674293,117,32.3573,33.3126,0.9554
300M,chip_240_588_merged.tif,0.8,0,1156702747,156,31.9727,33.2049,1.2322
300M,chip_240_588_merged.tif,0.8,1,676757229,156,32.2599,32.6461,0.3863
300M,chip_240_588_merged.tif,0.8,2,296150598,156,32.0453,32.6771,0.6317
300M,chip_240_588_merged.tif,0.8,3,2063027615,156,32.0903,32.7324,0.6421
300M,chip_240_588_merged.tif,0.8,4,1583082097,156,31.8507,32.129,0.2783
300M,chip_241_475_merged.tif,0.2,0,1631056031,39,32.9824,35.4741,2.4917
300M,chip_241_475_merged.tif,0.2,1,1151110513,39,31.9242,34.745,2.8207
300M,chip_241_475_merged.tif,0.2,2,770503882,39,32.9823,34.7817,1.7993
300M,chip_241_475_merged.tif,0.2,3,290558364,39,32.9125,35.0113,2.0988
300M,chip_241_475_merged.tif,0.2,4,2057435381,39,32.6745,34.8587,2.1841
300M,chip_241_475_merged.tif,0.4,0,1371101811,78,32.2994,33.8872,1.5878
300M,chip_241_475_merged.tif,0.4,1,990495180,78,32.6284,34.4649,1.8365
300M,chip_241_475_merged.tif,0.4,2,510549662,78,32.5933,33.9324,1.339
300M,chip_241_475_merged.tif,0.4,3,129943031,78,32.3548,34.3548,2.0
300M,chip_241_475_merged.tif,0.4,4,1896820048,78,33.1931,35.2288,2.0357
300M,chip_241_475_merged.tif,0.6,0,627803604,117,32.7958,34.5014,1.7056
300M,chip_241_475_merged.tif,0.6,1,247196973,117,32.8052,33.9468,1.1416
300M,chip_241_475_merged.tif,0.6,2,2014073990,117,32.735,34.4119,1.6768
300M,chip_241_475_merged.tif,0.6,3,1534128472,117,32.813,34.2279,1.4149
300M,chip_241_475_merged.tif,0.6,4,1153521841,117,32.8999,34.3379,1.438
300M,chip_241_475_merged.tif,0.8,0,244550295,156,32.4056,33.7293,1.3237
300M,chip_241_475_merged.tif,0.8,1,1912088425,156,31.5464,32.5947,1.0483
300M,chip_241_475_merged.tif,0.8,2,1531481794,156,32.4064,33.2931,0.8867
300M,chip_241_475_merged.tif,0.8,3,1051536276,156,32.7772,33.6305,0.8533
300M,chip_241_475_merged.tif,0.8,4,670929645,156,31.9942,33.0765,1.0823
300M,chip_242_336_merged.tif,0.2,0,131983579,39,33.6697,37.0954,3.4257
300M,chip_242_336_merged.tif,0.2,1,1799521709,39,34.7306,37.3528,2.6222
300M,chip_242_336_merged.tif,0.2,2,1418915078,39,31.4138,37.551,6.1372
300M,chip_242_336_merged.tif,0.2,3,938969560,39,32.32,37.6725,5.3526
300M,chip_242_336_merged.tif,0.2,4,558362929,39,32.5946,37.4822,4.8876
300M,chip_242_336_merged.tif,0.4,0,1214192157,78,31.2415,35.7764,4.5349
300M,chip_242_336_merged.tif,0.4,1,833585526,78,31.5204,36.7463,5.2259
300M,chip_242_336_merged.tif,0.4,2,353640008,78,32.5114,36.302,3.7905
300M,chip_242_336_merged.tif,0.4,3,2120517025,78,33.7694,36.7836,3.0142
300M,chip_242_336_merged.tif,0.4,4,1640571507,78,31.8237,35.2615,3.4378
300M,chip_242_336_merged.tif,0.6,0,1276214800,117,30.9275,36.0499,5.1224
300M,chip_242_336_merged.tif,0.6,1,895608169,117,32.1602,35.8975,3.7374
300M,chip_242_336_merged.tif,0.6,2,415662651,117,32.162,35.3131,3.1511
300M,chip_242_336_merged.tif,0.6,3,35056020,117,32.3228,35.7457,3.4229
300M,chip_242_336_merged.tif,0.6,4,1801933037,117,31.2769,36.06,4.7832
300M,chip_242_336_merged.tif,0.8,0,892961491,156,30.8199,33.279,2.4591
300M,chip_242_336_merged.tif,0.8,1,413015973,156,31.437,32.9314,1.4944
300M,chip_242_336_merged.tif,0.8,2,32409342,156,30.8289,33.9676,3.1386
300M,chip_242_336_merged.tif,0.8,3,1699947472,156,31.0557,33.3236,2.268
300M,chip_242_336_merged.tif,0.8,4,1319340841,156,30.277,33.3941,3.1171
300M,chip_243_452_merged.tif,0.2,0,964388454,39,29.6337,34.5019,4.8682
300M,chip_243_452_merged.tif,0.2,1,484442936,39,31.8817,33.7575,1.8758
300M,chip_243_452_merged.tif,0.2,2,103836305,39,31.0514,33.3194,2.2679
300M,chip_243_452_merged.tif,0.2,3,1870713322,39,31.4567,33.17,1.7133
300M,chip_243_452_merged.tif,0.2,4,1390767804,39,29.9663,33.717,3.7507
300M,chip_243_452_merged.tif,0.4,0,803773121,78,31.2009,33.9003,2.6994
300M,chip_243_452_merged.tif,0.4,1,323827603,78,31.0973,33.5482,2.4509
300M,chip_243_452_merged.tif,0.4,2,2090704620,78,30.7977,32.1007,1.303
300M,chip_243_452_merged.tif,0.4,3,1610759102,78,30.796,32.8836,2.0876
300M,chip_243_452_merged.tif,0.4,4,1230152471,78,31.0965,32.7671,1.6706
300M,chip_243_452_merged.tif,0.6,0,60474914,117,30.8414,32.8971,2.0557
300M,chip_243_452_merged.tif,0.6,1,1728013044,117,30.6175,32.5577,1.9403
300M,chip_243_452_merged.tif,0.6,2,1347406413,117,30.812,32.4255,1.6135
300M,chip_243_452_merged.tif,0.6,3,867460895,117,29.8148,32.1756,2.3608
300M,chip_243_452_merged.tif,0.6,4,486854264,117,30.8888,32.6041,1.7153
300M,chip_243_452_merged.tif,0.8,0,1725366366,156,29.6412,31.4599,1.8187
300M,chip_243_452_merged.tif,0.8,1,1245420848,156,28.9911,31.3381,2.347
300M,chip_243_452_merged.tif,0.8,2,864814217,156,29.8583,31.8782,2.02
300M,chip_243_452_merged.tif,0.8,3,484207586,156,30.1162,31.1954,1.0792
300M,chip_243_452_merged.tif,0.8,4,4262068,156,29.6344,30.9031,1.2687
300M,chip_243_589_merged.tif,0.2,0,1010050590,39,32.6719,34.8663,2.1944
300M,chip_243_589_merged.tif,0.2,1,629443959,39,32.2092,34.2449,2.0356
300M,chip_243_589_merged.tif,0.2,2,149498441,39,32.6814,35.0797,2.3983
300M,chip_243_589_merged.tif,0.2,3,1916375458,39,31.8367,34.9756,3.1389
300M,chip_243_589_merged.tif,0.2,4,1436429940,39,30.8412,34.1818,3.3407
300M,chip_243_589_merged.tif,0.4,0,44114407,78,31.3948,34.1515,2.7566
300M,chip_243_589_merged.tif,0.4,1,1711652537,78,32.2384,34.441,2.2025
300M,chip_243_589_merged.tif,0.4,2,1331045906,78,32.0913,33.861,1.7696
300M,chip_243_589_merged.tif,0.4,3,851100388,78,32.1255,34.8172,2.6917
300M,chip_243_589_merged.tif,0.4,4,470493757,78,31.4791,34.3544,2.8753
300M,chip_243_589_merged.tif,0.6,0,1448299848,117,31.525,33.9273,2.4023
300M,chip_243_589_merged.tif,0.6,1,968354330,117,32.0002,33.7246,1.7245
300M,chip_243_589_merged.tif,0.6,2,587747699,117,31.8898,34.4101,2.5202
300M,chip_243_589_merged.tif,0.6,3,107802181,117,31.2949,33.7932,2.4984
300M,chip_243_589_merged.tif,0.6,4,1874679198,117,32.0059,34.1414,2.1355
300M,chip_243_589_merged.tif,0.8,0,965707652,156,30.6694,32.9689,2.2995
300M,chip_243_589_merged.tif,0.8,1,485762134,156,30.4747,33.0196,2.5449
300M,chip_243_589_merged.tif,0.8,2,105155503,156,31.4104,32.5669,1.1565
300M,chip_243_589_merged.tif,0.8,3,1872032520,156,30.6778,33.6007,2.9229
300M,chip_243_589_merged.tif,0.8,4,1392087002,156,31.6619,32.9853,1.3234
300M,chip_244_335_merged.tif,0.2,0,992814569,39,33.0508,37.2043,4.1535
300M,chip_244_335_merged.tif,0.2,1,612207938,39,33.9409,36.1838,2.243
300M,chip_244_335_merged.tif,0.2,2,132262420,39,31.6651,37.7675,6.1024
300M,chip_244_335_merged.tif,0.2,3,1899139437,39,31.6649,37.2689,5.6039
300M,chip_244_335_merged.tif,0.2,4,1419193919,39,33.9397,37.1469,3.2072
300M,chip_244_335_merged.tif,0.4,0,832199236,78,32.3425,36.3798,4.0373
300M,chip_244_335_merged.tif,0.4,1,352253718,78,33.1575,36.3526,3.195
300M,chip_244_335_merged.tif,0.4,2,2119130735,78,32.8483,36.3448,3.4965
300M,chip_244_335_merged.tif,0.4,3,1639185217,78,32.608,36.3185,3.7105
300M,chip_244_335_merged.tif,0.4,4,1258578586,78,33.522,36.048,2.5259
300M,chip_244_335_merged.tif,0.6,0,88901029,117,31.5157,35.8099,4.2942
300M,chip_244_335_merged.tif,0.6,1,1756439159,117,31.2828,36.5835,5.3007
300M,chip_244_335_merged.tif,0.6,2,1375832528,117,30.5734,36.0109,5.4375
300M,chip_244_335_merged.tif,0.6,3,895887010,117,31.3384,34.8269,3.4884
300M,chip_244_335_merged.tif,0.6,4,515280379,117,31.7765,35.239,3.4625
300M,chip_244_335_merged.tif,0.8,0,1753792481,156,31.6481,34.1782,2.5301
300M,chip_244_335_merged.tif,0.8,1,1373185850,156,31.5871,33.262,1.6749
300M,chip_244_335_merged.tif,0.8,2,893240332,156,31.6463,34.4984,2.8521
300M,chip_244_335_merged.tif,0.8,3,512633701,156,31.6639,34.1431,2.4792
300M,chip_244_335_merged.tif,0.8,4,32688183,156,30.7312,32.8619,2.1306
300M,chip_244_446_merged.tif,0.2,0,1893617094,39,32.6971,34.8001,2.103
300M,chip_244_446_merged.tif,0.2,1,1513010463,39,32.7766,33.1828,0.4062
300M,chip_244_446_merged.tif,0.2,2,1033064945,39,31.9496,34.3445,2.3949
300M,chip_244_446_merged.tif,0.2,3,652458314,39,30.188,33.5025,3.3146
300M,chip_244_446_merged.tif,0.2,4,271851683,39,32.7254,34.4915,1.7661
300M,chip_244_446_merged.tif,0.4,0,927680911,78,31.2679,33.9314,2.6634
300M,chip_244_446_merged.tif,0.4,1,447735393,78,30.5405,34.0494,3.509
300M,chip_244_446_merged.tif,0.4,2,67128762,78,31.2104,33.9967,2.7863
300M,chip_244_446_merged.tif,0.4,3,1734666892,78,30.0864,33.8547,3.7683
300M,chip_244_446_merged.tif,0.4,4,1354060261,78,31.6143,34.0405,2.4262
300M,chip_244_446_merged.tif,0.6,0,989703554,117,29.9424,32.897,2.9545
300M,chip_244_446_merged.tif,0.6,1,609096923,117,31.0716,33.4287,2.3571
300M,chip_244_446_merged.tif,0.6,2,129151405,117,29.4248,33.6083,4.1835
300M,chip_244_446_merged.tif,0.6,3,1896028422,117,29.9308,33.7584,3.8277
300M,chip_244_446_merged.tif,0.6,4,1416082904,117,30.9799,33.6149,2.6351
300M,chip_244_446_merged.tif,0.8,0,507111358,156,29.969,31.3899,1.4209
300M,chip_244_446_merged.tif,0.8,1,126504727,156,29.9324,31.7444,1.812
300M,chip_244_446_merged.tif,0.8,2,1794042857,156,29.9439,32.2415,2.2976
300M,chip_244_446_merged.tif,0.8,3,1413436226,156,30.4095,31.793,1.3834
300M,chip_244_446_merged.tif,0.8,4,1032829595,156,30.4101,32.0273,1.6172
300M,chip_244_594_merged.tif,0.2,0,1271083129,39,33.2616,35.8662,2.6047
300M,chip_244_594_merged.tif,0.2,1,791137611,39,33.489,34.618,1.129
300M,chip_244_594_merged.tif,0.2,2,410530980,39,31.8458,36.31,4.4642
300M,chip_244_594_merged.tif,0.2,3,2078069110,39,32.985,34.5376,1.5526
300M,chip_244_594_merged.tif,0.2,4,1697462479,39,32.9405,35.5669,2.6264
300M,chip_244_594_merged.tif,0.4,0,205808059,78,32.6363,35.358,2.7217
300M,chip_244_594_merged.tif,0.4,1,1972685076,78,32.6362,35.2245,2.5883
300M,chip_244_594_merged.tif,0.4,2,1492739558,78,32.3638,34.5538,2.1899
300M,chip_244_594_merged.tif,0.4,3,1112132927,78,33.307,34.9753,1.6682
300M,chip_244_594_merged.tif,0.4,4,731526296,78,32.3632,35.3085,2.9453
300M,chip_244_594_merged.tif,0.6,0,367169589,117,32.8096,34.7793,1.9697
300M,chip_244_594_merged.tif,0.6,1,2034707719,117,32.2541,34.2883,2.0342
300M,chip_244_594_merged.tif,0.6,2,1654101088,117,33.1737,33.7905,0.6169
300M,chip_244_594_merged.tif,0.6,3,1174155570,117,32.895,34.2371,1.3421
300M,chip_244_594_merged.tif,0.6,4,793548939,117,32.8995,34.6155,1.716
300M,chip_244_594_merged.tif,0.8,0,2032061041,156,32.3772,33.7641,1.3869
300M,chip_244_594_merged.tif,0.8,1,1552115523,156,32.4025,33.3062,0.9037
300M,chip_244_594_merged.tif,0.8,2,1171508892,156,32.8762,33.2386,0.3623
300M,chip_244_594_merged.tif,0.8,3,691563374,156,31.9053,33.8456,1.9404
300M,chip_244_594_merged.tif,0.8,4,310956743,156,32.3961,33.4515,1.0554
300M,chip_245_593_merged.tif,0.2,0,994913323,39,29.8689,33.5191,3.6502
300M,chip_245_593_merged.tif,0.2,1,514967805,39,34.0595,34.1131,0.0536
300M,chip_245_593_merged.tif,0.2,2,134361174,39,31.9197,33.7781,1.8584
300M,chip_245_593_merged.tif,0.2,3,1801899304,39,32.2117,34.686,2.4743
300M,chip_245_593_merged.tif,0.2,4,1421292673,39,32.3795,34.6942,2.3147
300M,chip_245_593_merged.tif,0.4,0,734959103,78,29.7307,33.8721,4.1414
300M,chip_245_593_merged.tif,0.4,1,354352472,78,29.8247,33.7691,3.9444
300M,chip_245_593_merged.tif,0.4,2,2121229489,78,29.8252,34.0695,4.2443
300M,chip_245_593_merged.tif,0.4,3,1641283971,78,30.7945,33.882,3.0876
300M,chip_245_593_merged.tif,0.4,4,1260677340,78,30.3749,33.8622,3.4872
300M,chip_245_593_merged.tif,0.6,0,90999783,117,30.4669,32.5547,2.0879
300M,chip_245_593_merged.tif,0.6,1,1758537913,117,30.5379,33.2413,2.7034
300M,chip_245_593_merged.tif,0.6,2,1377931282,117,30.9618,32.7633,1.8015
300M,chip_245_593_merged.tif,0.6,3,897985764,117,30.1086,33.4632,3.3546
300M,chip_245_593_merged.tif,0.6,4,517379133,117,30.5314,32.7713,2.2399
300M,chip_245_593_merged.tif,0.8,0,1755891235,156,30.7947,32.1255,1.3308
300M,chip_245_593_merged.tif,0.8,1,1275945717,156,30.8045,31.9569,1.1523
300M,chip_245_593_merged.tif,0.8,2,895339086,156,30.329,32.1254,1.7964
300M,chip_245_593_merged.tif,0.8,3,415393568,156,30.2777,31.5105,1.2328
300M,chip_245_593_merged.tif,0.8,4,34786937,156,30.5877,31.8392,1.2515
300M,chip_246_444_merged.tif,0.2,0,953347919,39,30.8274,33.8439,3.0165
300M,chip_246_444_merged.tif,0.2,1,572741288,39,32.3537,33.5431,1.1893
300M,chip_246_444_merged.tif,0.2,2,192134657,39,31.6071,33.9061,2.299
300M,chip_246_444_merged.tif,0.2,3,1859672787,39,30.8263,33.8041,2.9778
300M,chip_246_444_merged.tif,0.2,4,1479066156,39,31.8914,34.4731,2.5816
300M,chip_246_444_merged.tif,0.4,0,2134895384,78,31.5314,33.5055,1.9741
300M,chip_246_444_merged.tif,0.4,1,1654949866,78,31.4858,33.9982,2.5124
300M,chip_246_444_merged.tif,0.4,2,1274343235,78,31.4857,32.9903,1.5046
300M,chip_246_444_merged.tif,0.4,3,893736604,78,30.2206,33.7635,3.5429
300M,chip_246_444_merged.tif,0.4,4,413791086,78,30.5288,33.4568,2.9281
300M,chip_246_444_merged.tif,0.6,0,1391597177,117,30.8646,32.838,1.9734
300M,chip_246_444_merged.tif,0.6,1,1010990546,117,30.9218,33.0289,2.1071
300M,chip_246_444_merged.tif,0.6,2,531045028,117,30.3544,32.7417,2.3873
300M,chip_246_444_merged.tif,0.6,3,150438397,117,30.2211,32.923,2.7019
300M,chip_246_444_merged.tif,0.6,4,1817976527,117,30.7334,33.3477,2.6143
300M,chip_246_444_merged.tif,0.8,0,909004981,156,30.3433,32.0611,1.7178
300M,chip_246_444_merged.tif,0.8,1,528398350,156,30.2784,31.9262,1.6479
300M,chip_246_444_merged.tif,0.8,2,48452832,156,29.0272,31.6668,2.6396
300M,chip_246_444_merged.tif,0.8,3,1815329849,156,29.8787,32.0591,2.1804
300M,chip_246_444_merged.tif,0.8,4,1335384331,156,30.4718,31.73,1.2582
300M,chip_246_583_merged.tif,0.2,0,1959293390,39,34.2156,35.1479,0.9323
300M,chip_246_583_merged.tif,0.2,1,1578686759,39,33.3467,35.6046,2.2579
300M,chip_246_583_merged.tif,0.2,2,1098741241,39,33.0231,35.0245,2.0014
300M,chip_246_583_merged.tif,0.2,3,718134610,39,33.704,34.745,1.041
300M,chip_246_583_merged.tif,0.2,4,238189092,39,34.1865,35.4868,1.3002
300M,chip_246_583_merged.tif,0.4,0,1798678057,78,33.5892,34.949,1.3598
300M,chip_246_583_merged.tif,0.4,1,1318732539,78,32.653,35.0884,2.4354
300M,chip_246_583_merged.tif,0.4,2,938125908,78,32.9491,34.1981,1.2491
300M,chip_246_583_merged.tif,0.4,3,557519277,78,33.4209,35.3007,1.8798
300M,chip_246_583_merged.tif,0.4,4,77573759,78,32.6545,34.8702,2.2156
300M,chip_246_583_merged.tif,0.6,0,1055379850,117,34.0816,34.8208,0.7392
300M,chip_246_583_merged.tif,0.6,1,575434332,117,34.091,34.417,0.326
300M,chip_246_583_merged.tif,0.6,2,194827701,117,33.8972,34.843,0.9458
300M,chip_246_583_merged.tif,0.6,3,1961704718,117,33.9912,34.7905,0.7993
300M,chip_246_583_merged.tif,0.6,4,1481759200,117,33.8613,34.8531,0.9918
300M,chip_246_583_merged.tif,0.8,0,572787654,156,32.2227,33.8986,1.6759
300M,chip_246_583_merged.tif,0.8,1,192181023,156,33.9051,33.3868,-0.5183
300M,chip_246_583_merged.tif,0.8,2,1859719153,156,33.9079,33.6931,-0.2148
300M,chip_246_583_merged.tif,0.8,3,1479112522,156,33.6295,34.0426,0.4131
300M,chip_246_583_merged.tif,0.8,4,999167004,156,33.4028,33.6701,0.2673
300M,chip_246_592_merged.tif,0.2,0,2068306451,39,32.9477,36.4298,3.4821
300M,chip_246_592_merged.tif,0.2,1,1588360933,39,30.5561,35.752,5.1959
300M,chip_246_592_merged.tif,0.2,2,1207754302,39,31.8177,35.9209,4.1033
300M,chip_246_592_merged.tif,0.2,3,827147671,39,34.6408,34.0307,-0.61
300M,chip_246_592_merged.tif,0.2,4,347202153,39,34.1089,36.6189,2.51
300M,chip_246_592_merged.tif,0.4,0,1003031381,78,33.38,33.6927,0.3127
300M,chip_246_592_merged.tif,0.4,1,622424750,78,33.3787,35.02,1.6413
300M,chip_246_592_merged.tif,0.4,2,241818119,78,32.7901,36.0698,3.2798
300M,chip_246_592_merged.tif,0.4,3,1909356249,78,33.3518,35.9678,2.616
300M,chip_246_592_merged.tif,0.4,4,1528749618,78,34.6598,35.6318,0.972
300M,chip_246_592_merged.tif,0.6,0,1164392911,117,33.4361,35.17,1.7339
300M,chip_246_592_merged.tif,0.6,1,684447393,117,33.0827,35.2436,2.1608
300M,chip_246_592_merged.tif,0.6,2,303840762,117,33.6281,34.8785,1.2503
300M,chip_246_592_merged.tif,0.6,3,1971378892,117,34.2155,35.5025,1.287
300M,chip_246_592_merged.tif,0.6,4,1590772261,117,33.4292,34.1938,0.7646
300M,chip_246_592_merged.tif,0.8,0,681800715,156,33.2048,33.6896,0.4848
300M,chip_246_592_merged.tif,0.8,1,201855197,156,32.0551,33.6361,1.581
300M,chip_246_592_merged.tif,0.8,2,1968732214,156,33.0385,33.029,-0.0094
300M,chip_246_592_merged.tif,0.8,3,1588125583,156,33.3672,33.5078,0.1406
300M,chip_246_592_merged.tif,0.8,4,1108180065,156,32.05,33.4418,1.3917
300M,chip_248_445_merged.tif,0.2,0,410557113,39,32.2618,34.5235,2.2618
300M,chip_248_445_merged.tif,0.2,1,2078095243,39,31.5478,34.5001,2.9523
300M,chip_248_445_merged.tif,0.2,2,1697488612,39,32.4807,33.7155,1.2348
300M,chip_248_445_merged.tif,0.2,3,1316881981,39,31.2894,34.2696,2.9803
300M,chip_248_445_merged.tif,0.2,4,836936463,39,30.9276,33.3284,2.4008
300M,chip_248_445_merged.tif,0.4,0,249941780,78,31.8969,33.3419,1.445
300M,chip_248_445_merged.tif,0.4,1,1917479910,78,30.0146,33.6677,3.6531
300M,chip_248_445_merged.tif,0.4,2,1536873279,78,31.8287,33.6913,1.8626
300M,chip_248_445_merged.tif,0.4,3,1056927761,78,30.1174,33.9098,3.7924
300M,chip_248_445_merged.tif,0.4,4,676321130,78,31.3986,33.4472,2.0486
300M,chip_248_445_merged.tif,0.6,0,1654127221,117,29.4306,33.0999,3.6692
300M,chip_248_445_merged.tif,0.6,1,1174181703,117,30.9552,33.5836,2.6284
300M,chip_248_445_merged.tif,0.6,2,793575072,117,30.1752,32.5323,2.3571
300M,chip_248_445_merged.tif,0.6,3,313629554,117,29.48,33.2738,3.7938
300M,chip_248_445_merged.tif,0.6,4,2080506571,117,29.2872,33.2262,3.939
300M,chip_248_445_merged.tif,0.8,0,1171535025,156,29.2313,32.2701,3.0389
300M,chip_248_445_merged.tif,0.8,1,691589507,156,29.2378,32.6657,3.4279
300M,chip_248_445_merged.tif,0.8,2,310982876,156,29.2333,32.308,3.0746
300M,chip_248_445_merged.tif,0.8,3,2077859893,156,29.9299,31.6667,1.7368
300M,chip_248_445_merged.tif,0.8,4,1597914375,156,30.1452,32.3169,2.1718
300M,chip_248_585_merged.tif,0.2,0,123191435,39,31.2264,34.2611,3.0348
300M,chip_248_585_merged.tif,0.2,1,1890068452,39,30.9254,34.0116,3.0863
300M,chip_248_585_merged.tif,0.2,2,1410122934,39,31.4618,34.2845,2.8226
300M,chip_248_585_merged.tif,0.2,3,1029516303,39,31.2784,34.0959,2.8175
300M,chip_248_585_merged.tif,0.2,4,549570785,39,31.6685,34.517,2.8485
300M,chip_248_585_merged.tif,0.4,0,1304738900,78,30.5533,34.3234,3.7701
300M,chip_248_585_merged.tif,0.4,1,824793382,78,30.2971,33.9776,3.6804
300M,chip_248_585_merged.tif,0.4,2,444186751,78,29.7926,33.6677,3.8751
300M,chip_248_585_merged.tif,0.4,3,2111724881,78,30.5534,34.0886,3.5352
300M,chip_248_585_merged.tif,0.4,4,1731118250,78,31.0168,33.7147,2.6979
300M,chip_248_585_merged.tif,0.6,0,1366761543,117,31.4389,33.2532,1.8143
300M,chip_248_585_merged.tif,0.6,1,886816025,117,30.3942,32.6792,2.285
300M,chip_248_585_merged.tif,0.6,2,506209394,117,30.0721,32.4024,2.3302
300M,chip_248_585_merged.tif,0.6,3,125602763,117,30.5887,33.0229,2.4342
300M,chip_248_585_merged.tif,0.6,4,1793140893,117,30.3736,32.8022,2.4286
300M,chip_248_585_merged.tif,0.8,0,884169347,156,30.0702,31.6914,1.6212
300M,chip_248_585_merged.tif,0.8,1,503562716,156,29.365,32.012,2.647
300M,chip_248_585_merged.tif,0.8,2,23617198,156,30.5393,32.4082,1.8689
300M,chip_248_585_merged.tif,0.8,3,1790494215,156,30.0678,31.029,0.9612
300M,chip_248_585_merged.tif,0.8,4,1310548697,156,30.1071,32.0951,1.9881
300M,chip_248_589_merged.tif,0.2,0,1493907700,39,30.8795,32.8705,1.991
300M,chip_248_589_merged.tif,0.2,1,1113301069,39,30.9463,33.881,2.9347
300M,chip_248_589_merged.tif,0.2,2,633355551,39,31.807,33.1618,1.3548
300M,chip_248_589_merged.tif,0.2,3,252748920,39,31.8812,34.0697,2.1885
300M,chip_248_589_merged.tif,0.2,4,1920287050,39,31.4217,33.4102,1.9884
300M,chip_248_589_merged.tif,0.4,0,1333292367,78,31.4553,33.7904,2.335
300M,chip_248_589_merged.tif,0.4,1,853346849,78,30.3657,33.6317,3.266
300M,chip_248_589_merged.tif,0.4,2,472740218,78,29.4538,33.3502,3.8965
300M,chip_248_589_merged.tif,0.4,3,2140278348,78,30.9503,33.5529,2.6026
300M,chip_248_589_merged.tif,0.4,4,1759671717,78,30.1141,33.6131,3.499
300M,chip_248_589_merged.tif,0.6,0,589994160,117,30.6625,31.9903,1.3278
300M,chip_248_589_merged.tif,0.6,1,110048642,117,30.2852,32.9786,2.6934
300M,chip_248_589_merged.tif,0.6,2,1876925659,117,29.8439,33.4106,3.5667
300M,chip_248_589_merged.tif,0.6,3,1396980141,117,29.8325,33.044,3.2114
300M,chip_248_589_merged.tif,0.6,4,1016373510,117,29.2815,32.8959,3.6144
300M,chip_248_589_merged.tif,0.8,0,107401964,156,29.6029,31.9213,2.3185
300M,chip_248_589_merged.tif,0.8,1,1874278981,156,29.9174,31.9159,1.9985
300M,chip_248_589_merged.tif,0.8,2,1394333463,156,29.5946,30.9726,1.378
300M,chip_248_589_merged.tif,0.8,3,1013726832,156,30.0963,31.6924,1.5961
300M,chip_248_589_merged.tif,0.8,4,533781314,156,30.2701,31.3365,1.0664
300M,chip_249_270_merged.tif,0.2,0,1074583304,39,33.5393,36.6621,3.1229
300M,chip_249_270_merged.tif,0.2,1,594637786,39,30.5298,38.3791,7.8492
300M,chip_249_270_merged.tif,0.2,2,214031155,39,31.575,38.4155,6.8404
300M,chip_249_270_merged.tif,0.2,3,1980908172,39,33.9522,36.1428,2.1906
300M,chip_249_270_merged.tif,0.2,4,1500962654,39,34.2106,37.5477,3.337
300M,chip_249_270_merged.tif,0.4,0,913967971,78,29.8866,37.4281,7.5415
300M,chip_249_270_merged.tif,0.4,1,434022453,78,30.5104,38.3396,7.8292
300M,chip_249_270_merged.tif,0.4,2,53415822,78,28.8059,35.9689,7.163
300M,chip_249_270_merged.tif,0.4,3,1720953952,78,30.6133,37.2701,6.6568
300M,chip_249_270_merged.tif,0.4,4,1340347321,78,30.6377,35.1576,4.5199
300M,chip_249_270_merged.tif,0.6,0,170669764,117,29.5347,33.0337,3.499
300M,chip_249_270_merged.tif,0.6,1,1838207894,117,28.7035,34.9541,6.2506
300M,chip_249_270_merged.tif,0.6,2,1457601263,117,29.2775,32.0637,2.7862
300M,chip_249_270_merged.tif,0.6,3,977655745,117,29.3419,36.3208,6.9789
300M,chip_249_270_merged.tif,0.6,4,597049114,117,29.3594,32.195,2.8356
300M,chip_249_270_merged.tif,0.8,0,1835561216,156,28.6706,33.4923,4.8217
300M,chip_249_270_merged.tif,0.8,1,1355615698,156,28.6619,31.5055,2.8436
300M,chip_249_270_merged.tif,0.8,2,975009067,156,29.0155,31.3601,2.3445
300M,chip_249_270_merged.tif,0.8,3,594402436,156,28.4179,31.2458,2.8279
300M,chip_249_270_merged.tif,0.8,4,114456918,156,28.4176,30.7814,2.3638
300M,chip_250_270_merged.tif,0.2,0,1664507980,39,34.5716,39.5678,4.9962
300M,chip_250_270_merged.tif,0.2,1,1283901349,39,27.0042,38.112,11.1078
300M,chip_250_270_merged.tif,0.2,2,803955831,39,32.0831,39.225,7.1419
300M,chip_250_270_merged.tif,0.2,3,423349200,39,37.5472,37.9451,0.3979
300M,chip_250_270_merged.tif,0.2,4,2090887330,39,32.0112,37.3413,5.3302
300M,chip_250_270_merged.tif,0.4,0,1503892647,78,33.5322,38.1685,4.6364
300M,chip_250_270_merged.tif,0.4,1,1023947129,78,28.8551,37.5625,8.7074
300M,chip_250_270_merged.tif,0.4,2,643340498,78,29.4689,37.0476,7.5787
300M,chip_250_270_merged.tif,0.4,3,262733867,78,29.0378,37.9199,8.8821
300M,chip_250_270_merged.tif,0.4,4,1930271997,78,28.7513,37.9176,9.1663
300M,chip_250_270_merged.tif,0.6,0,760594440,117,31.2497,33.8325,2.5827
300M,chip_250_270_merged.tif,0.6,1,379987809,117,28.1201,35.0471,6.9271
300M,chip_250_270_merged.tif,0.6,2,2047525939,117,28.7158,37.5605,8.8448
300M,chip_250_270_merged.tif,0.6,3,1666919308,117,31.2348,36.4011,5.1663
300M,chip_250_270_merged.tif,0.6,4,1186973790,117,28.1402,33.9972,5.857
300M,chip_250_270_merged.tif,0.8,0,278002244,156,29.5932,34.9229,5.3297
300M,chip_250_270_merged.tif,0.8,1,2044879261,156,26.9292,34.1619,7.2328
300M,chip_250_270_merged.tif,0.8,2,1564933743,156,28.2454,31.5493,3.3039
300M,chip_250_270_merged.tif,0.8,3,1184327112,156,26.9291,31.6236,4.6945
300M,chip_250_270_merged.tif,0.8,4,704381594,156,26.9181,33.1362,6.2181
300M,chip_250_446_merged.tif,0.2,0,135984850,39,32.0027,35.0505,3.0478
300M,chip_250_446_merged.tif,0.2,1,1803522980,39,30.9026,35.7173,4.8146
300M,chip_250_446_merged.tif,0.2,2,1422916349,39,33.6295,35.6499,2.0204
300M,chip_250_446_merged.tif,0.2,3,942970831,39,31.149,35.8968,4.7478
300M,chip_250_446_merged.tif,0.2,4,562364200,39,32.0032,34.5982,2.595
300M,chip_250_446_merged.tif,0.4,0,2023514278,78,31.2211,34.5487,3.3276
300M,chip_250_446_merged.tif,0.4,1,1642907647,78,31.2214,35.3765,4.1551
300M,chip_250_446_merged.tif,0.4,2,1162962129,78,30.2264,35.1977,4.9713
300M,chip_250_446_merged.tif,0.4,3,782355498,78,30.5144,34.6968,4.1824
300M,chip_250_446_merged.tif,0.4,4,401748867,78,31.8577,34.5746,2.7169
300M,chip_250_446_merged.tif,0.6,0,1280216071,117,30.8081,34.0202,3.2121
300M,chip_250_446_merged.tif,0.6,1,899609440,117,30.7358,33.6837,2.9479
300M,chip_250_446_merged.tif,0.6,2,519002809,117,30.8114,33.7491,2.9377
300M,chip_250_446_merged.tif,0.6,3,39057291,117,30.0057,33.9719,3.9662
300M,chip_250_446_merged.tif,0.6,4,1805934308,117,30.7537,34.1447,3.391
300M,chip_250_446_merged.tif,0.8,0,896962762,156,30.2043,32.7685,2.5642
300M,chip_250_446_merged.tif,0.8,1,417017244,156,30.3073,32.1061,1.7988
300M,chip_250_446_merged.tif,0.8,2,36410613,156,29.9908,33.0014,3.0106
300M,chip_250_446_merged.tif,0.8,3,1703948743,156,30.3344,32.2355,1.9012
300M,chip_250_446_merged.tif,0.8,4,1323342112,156,30.3087,32.4742,2.1655
300M,chip_250_585_merged.tif,0.2,0,187378309,39,34.9063,37.4711,2.5647
300M,chip_250_585_merged.tif,0.2,1,1854916439,39,33.5901,37.8683,4.2782
300M,chip_250_585_merged.tif,0.2,2,1474309808,39,34.2651,37.2903,3.0252
300M,chip_250_585_merged.tif,0.2,3,994364290,39,35.0438,37.0736,2.0299
300M,chip_250_585_merged.tif,0.2,4,613757659,39,35.2438,37.9048,2.661
300M,chip_250_585_merged.tif,0.4,0,2074907737,78,34.238,36.9052,2.6672
300M,chip_250_585_merged.tif,0.4,1,1694301106,78,32.4226,35.7734,3.3508
300M,chip_250_585_merged.tif,0.4,2,1214355588,78,34.6429,36.4966,1.8537
300M,chip_250_585_merged.tif,0.4,3,833748957,78,35.2904,36.106,0.8156
300M,chip_250_585_merged.tif,0.4,4,453142326,78,35.2918,37.0238,1.732
300M,chip_250_585_merged.tif,0.6,0,1331609530,117,35.3115,35.7298,0.4182
300M,chip_250_585_merged.tif,0.6,1,951002899,117,35.2952,36.3598,1.0646
300M,chip_250_585_merged.tif,0.6,2,570396268,117,35.0485,36.4715,1.423
300M,chip_250_585_merged.tif,0.6,3,90450750,117,34.684,35.9929,1.3089
300M,chip_250_585_merged.tif,0.6,4,1857327767,117,34.6815,36.0907,1.4092
300M,chip_250_585_merged.tif,0.8,0,948356221,156,34.1127,35.3977,1.285
300M,chip_250_585_merged.tif,0.8,1,468410703,156,34.132,34.6485,0.5165
300M,chip_250_585_merged.tif,0.8,2,87804072,156,33.8368,34.9446,1.1078
300M,chip_250_585_merged.tif,0.8,3,1755342202,156,34.3299,35.0812,0.7513
300M,chip_250_585_merged.tif,0.8,4,1374735571,156,34.3085,34.2624,-0.0461
300M,chip_250_589_merged.tif,0.2,0,1664512357,39,33.1437,38.3454,5.2017
300M,chip_250_589_merged.tif,0.2,1,1283905726,39,35.7608,37.5872,1.8264
300M,chip_250_589_merged.tif,0.2,2,803960208,39,36.5377,37.6619,1.1242
300M,chip_250_589_merged.tif,0.2,3,423353577,39,36.5838,39.7118,3.128
300M,chip_250_589_merged.tif,0.2,4,2090891707,39,36.5854,37.4265,0.8411
300M,chip_250_589_merged.tif,0.4,0,1503897024,78,35.3972,38.5626,3.1654
300M,chip_250_589_merged.tif,0.4,1,1023951506,78,34.5317,38.5895,4.0577
300M,chip_250_589_merged.tif,0.4,2,643344875,78,33.9397,38.2827,4.343
300M,chip_250_589_merged.tif,0.4,3,262738244,78,33.2706,37.9105,4.6399
300M,chip_250_589_merged.tif,0.4,4,1930276374,78,35.0694,38.0207,2.9513
300M,chip_250_589_merged.tif,0.6,0,760598817,117,33.1707,36.2393,3.0686
300M,chip_250_589_merged.tif,0.6,1,280653299,117,35.2254,36.7105,1.4851
300M,chip_250_589_merged.tif,0.6,2,2047530316,117,34.8322,35.9672,1.1351
300M,chip_250_589_merged.tif,0.6,3,1666923685,117,34.79,38.3598,3.5698
300M,chip_250_589_merged.tif,0.6,4,1186978167,117,34.7887,37.0139,2.2252
300M,chip_250_589_merged.tif,0.8,0,278006621,156,35.0832,35.4593,0.3761
300M,chip_250_589_merged.tif,0.8,1,2044883638,156,33.1722,36.5612,3.389
300M,chip_250_589_merged.tif,0.8,2,1564938120,156,33.1382,36.9581,3.8199
300M,chip_250_589_merged.tif,0.8,3,1184331489,156,34.7004,36.6264,1.926
300M,chip_250_589_merged.tif,0.8,4,704385971,156,33.1292,36.8486,3.7195
300M,chip_251_259_merged.tif,0.2,0,804999919,39,37.2368,39.6539,2.4171
300M,chip_251_259_merged.tif,0.2,1,325054401,39,37.2367,37.2113,-0.0254
300M,chip_251_259_merged.tif,0.2,2,2091931418,39,37.0762,37.9884,0.9122
300M,chip_251_259_merged.tif,0.2,3,1611985900,39,36.5706,39.0948,2.5243
300M,chip_251_259_merged.tif,0.2,4,1231379269,39,36.3885,41.0036,4.6152
300M,chip_251_259_merged.tif,0.4,0,545045699,78,34.477,40.1362,5.6593
300M,chip_251_259_merged.tif,0.4,1,164439068,78,35.3209,41.2231,5.9021
300M,chip_251_259_merged.tif,0.4,2,1931316085,78,28.3715,40.3011,11.9295
300M,chip_251_259_merged.tif,0.4,3,1451370567,78,35.3196,38.2135,2.8939
300M,chip_251_259_merged.tif,0.4,4,1070763936,78,35.6401,39.9694,4.3293
300M,chip_251_259_merged.tif,0.6,0,1949231140,117,33.9173,39.4745,5.5572
300M,chip_251_259_merged.tif,0.6,1,1568624509,117,33.6167,38.0098,4.393
300M,chip_251_259_merged.tif,0.6,2,1188017878,117,33.8872,36.3929,2.5057
300M,chip_251_259_merged.tif,0.6,3,708072360,117,34.4262,39.3696,4.9434
300M,chip_251_259_merged.tif,0.6,4,327465729,117,33.874,38.5914,4.7174
300M,chip_251_259_merged.tif,0.8,0,1565977831,156,31.6765,36.5346,4.8581
300M,chip_251_259_merged.tif,0.8,1,1086032313,156,34.4312,37.1766,2.7455
300M,chip_251_259_merged.tif,0.8,2,705425682,156,34.4397,33.631,-0.8087
300M,chip_251_259_merged.tif,0.8,3,225480164,156,34.2908,29.3114,-4.9794
300M,chip_251_259_merged.tif,0.8,4,1992357181,156,31.6633,36.611,4.9477
300M,chip_251_418_merged.tif,0.2,0,1814103494,39,33.4516,39.0089,5.5574
300M,chip_251_418_merged.tif,0.2,1,1334157976,39,36.6574,38.2609,1.6035
300M,chip_251_418_merged.tif,0.2,2,953551345,39,35.5587,38.9072,3.3485
300M,chip_251_418_merged.tif,0.2,3,473605827,39,35.8086,36.734,0.9253
300M,chip_251_418_merged.tif,0.2,4,92999196,39,34.7211,39.0622,4.3411
300M,chip_251_418_merged.tif,0.4,0,748828424,78,34.4945,38.6065,4.1121
300M,chip_251_418_merged.tif,0.4,1,368221793,78,34.7589,36.8725,2.1136
300M,chip_251_418_merged.tif,0.4,2,2035759923,78,36.0486,36.8345,0.7858
300M,chip_251_418_merged.tif,0.4,3,1655153292,78,34.4281,37.7839,3.3558
300M,chip_251_418_merged.tif,0.4,4,1175207774,78,35.818,36.0357,0.2177
300M,chip_251_418_merged.tif,0.6,0,810851067,117,32.0502,34.5504,2.5002
300M,chip_251_418_merged.tif,0.6,1,430244436,117,33.6131,36.3939,2.7809
300M,chip_251_418_merged.tif,0.6,2,2097782566,117,34.1003,36.6127,2.5124
300M,chip_251_418_merged.tif,0.6,3,1717175935,117,34.4706,35.4666,0.996
300M,chip_251_418_merged.tif,0.6,4,1336569304,117,34.4261,35.7683,1.3422
300M,chip_251_418_merged.tif,0.8,0,427597758,156,33.8016,35.3842,1.5826
300M,chip_251_418_merged.tif,0.8,1,2095135888,156,33.8715,34.5186,0.6472
300M,chip_251_418_merged.tif,0.8,2,1714529257,156,32.2202,34.334,2.1138
300M,chip_251_418_merged.tif,0.8,3,1234583739,156,32.7213,35.0491,2.3278
300M,chip_251_418_merged.tif,0.8,4,853977108,156,32.6701,34.5116,1.8415
300M,chip_252_264_merged.tif,0.2,0,1983827483,39,30.6792,35.0642,4.385
300M,chip_252_264_merged.tif,0.2,1,1503881965,39,30.8626,35.9978,5.1352
300M,chip_252_264_merged.tif,0.2,2,1123275334,39,28.8307,35.2937,6.463
300M,chip_252_264_merged.tif,0.2,3,643329816,39,30.86,35.1994,4.3394
300M,chip_252_264_merged.tif,0.2,4,262723185,39,33.389,36.8698,3.4808
300M,chip_252_264_merged.tif,0.4,0,918552413,78,28.9422,36.0185,7.0764
300M,chip_252_264_merged.tif,0.4,1,537945782,78,29.9399,36.458,6.5181
300M,chip_252_264_merged.tif,0.4,2,58000264,78,28.452,36.0925,7.6405
300M,chip_252_264_merged.tif,0.4,3,1824877281,78,29.0909,37.2368,8.146
300M,chip_252_264_merged.tif,0.4,4,1344931763,78,27.6938,35.9316,8.2377
300M,chip_252_264_merged.tif,0.6,0,980575056,117,29.8923,33.7513,3.859
300M,chip_252_264_merged.tif,0.6,1,599968425,117,28.4808,33.6172,5.1364
300M,chip_252_264_merged.tif,0.6,2,120022907,117,26.8072,35.1869,8.3797
300M,chip_252_264_merged.tif,0.6,3,1886899924,117,29.6899,34.3411,4.6512
300M,chip_252_264_merged.tif,0.6,4,1506293293,117,29.0261,35.3256,6.2994
300M,chip_252_264_merged.tif,0.8,0,597321747,156,29.8604,32.1739,2.3135
300M,chip_252_264_merged.tif,0.8,1,117376229,156,27.9982,31.3181,3.3199
300M,chip_252_264_merged.tif,0.8,2,1884253246,156,29.8386,31.248,1.4094
300M,chip_252_264_merged.tif,0.8,3,1404307728,156,28.6351,32.2382,3.6031
300M,chip_252_264_merged.tif,0.8,4,1023701097,156,28.8092,32.7805,3.9713
300M,chip_252_279_merged.tif,0.2,0,1410852305,39,37.6196,41.3703,3.7506
300M,chip_252_279_merged.tif,0.2,1,930906787,39,34.1102,42.136,8.0258
300M,chip_252_279_merged.tif,0.2,2,550300156,39,26.5347,41.9666,15.432
300M,chip_252_279_merged.tif,0.2,3,70354638,39,33.01,38.7654,5.7554
300M,chip_252_279_merged.tif,0.2,4,1837231655,39,36.9992,40.7976,3.7984
300M,chip_252_279_merged.tif,0.4,0,345577235,78,38.6749,38.2581,-0.4169
300M,chip_252_279_merged.tif,0.4,1,2112454252,78,36.4674,37.7847,1.3174
300M,chip_252_279_merged.tif,0.4,2,1632508734,78,29.3592,38.218,8.8588
300M,chip_252_279_merged.tif,0.4,3,1251902103,78,38.6744,40.7672,2.0928
300M,chip_252_279_merged.tif,0.4,4,771956585,78,38.7937,39.3248,0.5312
300M,chip_252_279_merged.tif,0.6,0,407599878,117,31.1873,38.0126,6.8253
300M,chip_252_279_merged.tif,0.6,1,26993247,117,31.5389,39.2697,7.7308
300M,chip_252_279_merged.tif,0.6,2,1793870264,117,31.7029,39.3998,7.6969
300M,chip_252_279_merged.tif,0.6,3,1313924746,117,31.2241,37.7758,6.5517
300M,chip_252_279_merged.tif,0.6,4,933318115,117,31.571,36.7727,5.2016
300M,chip_252_279_merged.tif,0.8,0,24346569,156,25.9886,35.6223,9.6337
300M,chip_252_279_merged.tif,0.8,1,1691884699,156,31.71,37.3853,5.6752
300M,chip_252_279_merged.tif,0.8,2,1311278068,156,26.0348,36.2741,10.2393
300M,chip_252_279_merged.tif,0.8,3,831332550,156,25.7857,37.3672,11.5816
300M,chip_252_279_merged.tif,0.8,4,450725919,156,32.4232,32.5412,0.118
300M,chip_252_446_merged.tif,0.2,0,1726860535,39,33.3478,35.2328,1.885
300M,chip_252_446_merged.tif,0.2,1,1246915017,39,33.898,35.4895,1.5915
300M,chip_252_446_merged.tif,0.2,2,866308386,39,33.3052,35.5921,2.2869
300M,chip_252_446_merged.tif,0.2,3,386362868,39,30.0258,35.8662,5.8403
300M,chip_252_446_merged.tif,0.2,4,5756237,39,30.0257,34.586,4.5603
300M,chip_252_446_merged.tif,0.4,0,1466906315,78,31.6046,35.485,3.8804
300M,chip_252_446_merged.tif,0.4,1,1086299684,78,31.9887,33.6135,1.6248
300M,chip_252_446_merged.tif,0.4,2,705693053,78,31.9101,34.1739,2.2638
300M,chip_252_446_merged.tif,0.4,3,225747535,78,31.7906,34.4045,2.614
300M,chip_252_446_merged.tif,0.4,4,1992624552,78,31.9381,34.3584,2.4203
300M,chip_252_446_merged.tif,0.6,0,822946995,117,32.3011,33.8158,1.5148
300M,chip_252_446_merged.tif,0.6,1,343001477,117,31.9077,33.7174,1.8098
300M,chip_252_446_merged.tif,0.6,2,2109878494,117,30.6531,34.1473,3.4942
300M,chip_252_446_merged.tif,0.6,3,1629932976,117,31.3921,34.4146,3.0226
300M,chip_252_446_merged.tif,0.6,4,1249326345,117,31.3411,34.1672,2.8261
300M,chip_252_446_merged.tif,0.8,0,340354799,156,30.7831,32.3311,1.548
300M,chip_252_446_merged.tif,0.8,1,2007892929,156,30.797,32.8091,2.0121
300M,chip_252_446_merged.tif,0.8,2,1627286298,156,30.1177,32.8421,2.7244
300M,chip_252_446_merged.tif,0.8,3,1147340780,156,31.631,32.6724,1.0414
300M,chip_252_446_merged.tif,0.8,4,766734149,156,30.79,32.8924,2.1024
300M,chip_253_260_merged.tif,0.2,0,170965088,39,39.2754,40.3415,1.066
300M,chip_253_260_merged.tif,0.2,1,1838503218,39,37.0249,40.3947,3.3698
300M,chip_253_260_merged.tif,0.2,2,1457896587,39,31.5476,41.4023,9.8548
300M,chip_253_260_merged.tif,0.2,3,977951069,39,39.451,35.2854,-4.1656
300M,chip_253_260_merged.tif,0.2,4,597344438,39,37.9492,40.1197,2.1706
300M,chip_253_260_merged.tif,0.4,0,2058494516,78,38.1831,40.3178,2.1347
300M,chip_253_260_merged.tif,0.4,1,1677887885,78,36.6948,40.681,3.9862
300M,chip_253_260_merged.tif,0.4,2,1297281254,78,36.6629,40.7408,4.0779
300M,chip_253_260_merged.tif,0.4,3,817335736,78,33.103,38.9601,5.8571
300M,chip_253_260_merged.tif,0.4,4,436729105,78,31.1942,41.1119,9.9177
300M,chip_253_260_merged.tif,0.6,0,1414535196,117,37.6338,37.3775,-0.2563
300M,chip_253_260_merged.tif,0.6,1,934589678,117,37.4807,37.6191,0.1384
300M,chip_253_260_merged.tif,0.6,2,553983047,117,37.3693,37.4605,0.0912
300M,chip_253_260_merged.tif,0.6,3,74037529,117,36.4518,39.0649,2.6131
300M,chip_253_260_merged.tif,0.6,4,1840914546,117,37.4799,39.3493,1.8694
300M,chip_253_260_merged.tif,0.8,0,931943000,156,32.8636,36.184,3.3205
300M,chip_253_260_merged.tif,0.8,1,451997482,156,32.4939,35.0891,2.5952
300M,chip_253_260_merged.tif,0.8,2,71390851,156,36.3704,37.4384,1.068
300M,chip_253_260_merged.tif,0.8,3,1738928981,156,35.988,34.753,-1.235
300M,chip_253_260_merged.tif,0.8,4,1358322350,156,36.3803,37.5367,1.1565
300M,chip_253_263_merged.tif,0.2,0,1101312525,39,28.1453,34.404,6.2586
300M,chip_253_263_merged.tif,0.2,1,621367007,39,31.8926,35.8085,3.916
300M,chip_253_263_merged.tif,0.2,2,240760376,39,24.0838,36.7809,12.6971
300M,chip_253_263_merged.tif,0.2,3,1908298506,39,29.1746,35.0971,5.9226
300M,chip_253_263_merged.tif,0.2,4,1527691875,39,26.4945,35.9269,9.4325
300M,chip_253_263_merged.tif,0.4,0,36037455,78,25.0176,35.0759,10.0583
300M,chip_253_263_merged.tif,0.4,1,1802914472,78,26.6601,33.4575,6.7974
300M,chip_253_263_merged.tif,0.4,2,1322968954,78,28.531,33.5005,4.9694
300M,chip_253_263_merged.tif,0.4,3,942362323,78,26.05,33.2806,7.2306
300M,chip_253_263_merged.tif,0.4,4,561755692,78,26.4312,34.6691,8.2379
300M,chip_253_263_merged.tif,0.6,0,197398985,117,23.5972,32.059,8.4617
300M,chip_253_263_merged.tif,0.6,1,1864937115,117,26.8272,32.9561,6.1289
300M,chip_253_263_merged.tif,0.6,2,1484330484,117,27.6717,31.3294,3.6577
300M,chip_253_263_merged.tif,0.6,3,1004384966,117,26.7127,31.669,4.9563
300M,chip_253_263_merged.tif,0.6,4,623778335,117,23.594,32.4432,8.8492
300M,chip_253_263_merged.tif,0.8,0,1009351574,156,26.5283,28.108,1.5797
300M,chip_253_263_merged.tif,0.8,1,628744943,156,25.0146,27.163,2.1484
300M,chip_253_263_merged.tif,0.8,2,148799425,156,27.5357,29.0774,1.5417
300M,chip_253_263_merged.tif,0.8,3,1915676442,156,26.5275,27.9806,1.453
300M,chip_253_263_merged.tif,0.8,4,1435730924,156,25.0044,29.944,4.9396
300M,chip_253_587_merged.tif,0.2,0,1323013606,39,33.7099,35.2748,1.5648
300M,chip_253_587_merged.tif,0.2,1,942406975,39,33.9948,35.9751,1.9803
300M,chip_253_587_merged.tif,0.2,2,462461457,39,32.8186,35.993,3.1744
300M,chip_253_587_merged.tif,0.2,3,81854826,39,33.7098,37.3926,3.6828
300M,chip_253_587_merged.tif,0.2,4,1749392956,39,32.1461,35.8052,3.6591
300M,chip_253_587_merged.tif,0.4,0,1162398273,78,31.9213,36.4452,4.5239
300M,chip_253_587_merged.tif,0.4,1,682452755,78,33.696,36.4721,2.7761
300M,chip_253_587_merged.tif,0.4,2,301846124,78,33.5102,35.8539,2.3436
300M,chip_253_587_merged.tif,0.4,3,2068723141,78,32.7898,36.1352,3.3454
300M,chip_253_587_merged.tif,0.4,4,1588777623,78,32.7362,36.1765,3.4402
300M,chip_253_587_merged.tif,0.6,0,419100066,117,33.1544,34.8816,1.7272
300M,chip_253_587_merged.tif,0.6,1,38493435,117,33.1037,35.9725,2.8688
300M,chip_253_587_merged.tif,0.6,2,1706031565,117,33.3979,35.4562,2.0583
300M,chip_253_587_merged.tif,0.6,3,1325424934,117,33.1029,35.4558,2.3529
300M,chip_253_587_merged.tif,0.6,4,845479416,117,33.1465,36.2236,3.0771
300M,chip_253_587_merged.tif,0.8,0,2083991518,156,32.9444,34.4867,1.5423
300M,chip_253_587_merged.tif,0.8,1,1703384887,156,32.7274,34.7977,2.0703
300M,chip_253_587_merged.tif,0.8,2,1223439369,156,32.7248,34.7857,2.0609
300M,chip_253_587_merged.tif,0.8,3,842832738,156,33.4805,35.1397,1.6593
300M,chip_253_587_merged.tif,0.8,4,362887220,156,32.5106,34.7321,2.2215
300M,chip_253_595_merged.tif,0.2,0,1608701221,39,35.3084,36.6683,1.3598
300M,chip_253_595_merged.tif,0.2,1,1128755703,39,33.5245,35.6275,2.103
300M,chip_253_595_merged.tif,0.2,2,748149072,39,32.5611,35.9742,3.4131
300M,chip_253_595_merged.tif,0.2,3,367542441,39,35.592,34.7703,-0.8217
300M,chip_253_595_merged.tif,0.2,4,2035080571,39,35.2619,35.9543,0.6924
300M,chip_253_595_merged.tif,0.4,0,1448085888,78,33.7748,36.6213,2.8465
300M,chip_253_595_merged.tif,0.4,1,968140370,78,33.5875,35.5556,1.9681
300M,chip_253_595_merged.tif,0.4,2,587533739,78,34.7855,34.9493,0.1639
300M,chip_253_595_merged.tif,0.4,3,107588221,78,33.7739,35.4972,1.7233
300M,chip_253_595_merged.tif,0.4,4,1874465238,78,33.7514,35.5745,1.8231
300M,chip_253_595_merged.tif,0.6,0,704787681,117,33.4977,34.9048,1.4072
300M,chip_253_595_merged.tif,0.6,1,224842163,117,33.4981,35.236,1.7379
300M,chip_253_595_merged.tif,0.6,2,1991719180,117,33.3932,35.0851,1.6919
300M,chip_253_595_merged.tif,0.6,3,1511773662,117,33.3942,35.3652,1.971
300M,chip_253_595_merged.tif,0.6,4,1131167031,117,33.4952,34.7771,1.2819
300M,chip_253_595_merged.tif,0.8,0,222195485,156,33.1937,34.4719,1.2782
300M,chip_253_595_merged.tif,0.8,1,1889733615,156,32.797,33.9231,1.1261
300M,chip_253_595_merged.tif,0.8,2,1509126984,156,33.0342,34.254,1.2198
300M,chip_253_595_merged.tif,0.8,3,1128520353,156,33.408,34.1278,0.7199
300M,chip_253_595_merged.tif,0.8,4,648574835,156,33.3995,33.6551,0.2556
300M,chip_254_443_merged.tif,0.2,0,1039545000,39,28.3114,33.7599,5.4486
300M,chip_254_443_merged.tif,0.2,1,559599482,39,30.7342,34.2213,3.4871
300M,chip_254_443_merged.tif,0.2,2,178992851,39,31.0166,33.177,2.1604
300M,chip_254_443_merged.tif,0.2,3,1846530981,39,30.4499,33.3357,2.8857
300M,chip_254_443_merged.tif,0.2,4,1465924350,39,30.734,33.5175,2.7834
300M,chip_254_443_merged.tif,0.4,0,2121753578,78,30.5319,33.5291,2.9971
300M,chip_254_443_merged.tif,0.4,1,1741146947,78,31.9956,32.7675,0.7719
300M,chip_254_443_merged.tif,0.4,2,1261201429,78,31.995,33.2071,1.2121
300M,chip_254_443_merged.tif,0.4,3,880594798,78,29.4134,32.7558,3.3424
300M,chip_254_443_merged.tif,0.4,4,400649280,78,29.3353,33.1469,3.8117
300M,chip_254_443_merged.tif,0.6,0,36292573,117,29.829,32.0321,2.203
300M,chip_254_443_merged.tif,0.6,1,1803169590,117,29.9463,32.3565,2.4101
300M,chip_254_443_merged.tif,0.6,2,1422562959,117,29.427,32.5919,3.165
300M,chip_254_443_merged.tif,0.6,3,942617441,117,28.6103,32.7748,4.1645
300M,chip_254_443_merged.tif,0.6,4,562010810,117,30.7188,32.752,2.0333
300M,chip_254_443_merged.tif,0.8,0,1800522912,156,28.5957,31.9729,3.3772
300M,chip_254_443_merged.tif,0.8,1,1320577394,156,29.2373,31.3337,2.0964
300M,chip_254_443_merged.tif,0.8,2,939970763,156,29.7611,31.3987,1.6377
300M,chip_254_443_merged.tif,0.8,3,460025245,156,28.526,31.0767,2.5507
300M,chip_254_443_merged.tif,0.8,4,79418614,156,29.2363,31.5036,2.2673
300M,chip_257_265_merged.tif,0.2,0,197702731,39,30.9096,37.257,6.3475
300M,chip_257_265_merged.tif,0.2,1,1865240861,39,34.1449,36.6904,2.5455
300M,chip_257_265_merged.tif,0.2,2,1484634230,39,30.6731,38.2308,7.5577
300M,chip_257_265_merged.tif,0.2,3,1004688712,39,32.1452,38.8348,6.6896
300M,chip_257_265_merged.tif,0.2,4,624082081,39,33.7348,37.4784,3.7436
300M,chip_257_265_merged.tif,0.4,0,1279911309,78,30.5044,35.8626,5.3583
300M,chip_257_265_merged.tif,0.4,1,899304678,78,32.0201,37.0128,4.9927
300M,chip_257_265_merged.tif,0.4,2,419359160,78,31.2314,36.215,4.9836
300M,chip_257_265_merged.tif,0.4,3,38752529,78,30.349,36.0656,5.7166
300M,chip_257_265_merged.tif,0.4,4,1805629546,78,30.3491,35.5745,5.2254
300M,chip_257_265_merged.tif,0.6,0,1341933952,117,30.2664,35.1687,4.9024
300M,chip_257_265_merged.tif,0.6,1,961327321,117,31.2245,35.5921,4.3677
300M,chip_257_265_merged.tif,0.6,2,580720690,117,29.6517,35.9531,6.3014
300M,chip_257_265_merged.tif,0.6,3,100775172,117,29.8712,35.7175,5.8463
300M,chip_257_265_merged.tif,0.6,4,1867652189,117,29.8884,35.1003,5.2119
300M,chip_257_265_merged.tif,0.8,0,958680643,156,30.1338,34.313,4.1792
300M,chip_257_265_merged.tif,0.8,1,478735125,156,29.13,32.6712,3.5412
300M,chip_257_265_merged.tif,0.8,2,98128494,156,29.1306,31.869,2.7384
300M,chip_257_265_merged.tif,0.8,3,1765666624,156,30.2022,32.6345,2.4322
300M,chip_257_265_merged.tif,0.8,4,1385059993,156,29.9903,32.8497,2.8594
300M,chip_257_268_merged.tif,0.2,0,95113965,39,33.5807,37.5159,3.9352
300M,chip_257_268_merged.tif,0.2,1,1861990982,39,33.6728,38.0615,4.3887
300M,chip_257_268_merged.tif,0.2,2,1481384351,39,33.6733,36.6692,2.9959
300M,chip_257_268_merged.tif,0.2,3,1001438833,39,30.7258,37.9556,7.2298
300M,chip_257_268_merged.tif,0.2,4,620832202,39,31.9383,37.7701,5.8318
300M,chip_257_268_merged.tif,0.4,0,1276661430,78,29.8352,35.6343,5.7991
300M,chip_257_268_merged.tif,0.4,1,896054799,78,30.9911,37.6729,6.6819
300M,chip_257_268_merged.tif,0.4,2,416109281,78,31.4195,36.7481,5.3286
300M,chip_257_268_merged.tif,0.4,3,35502650,78,31.7138,36.6355,4.9217
300M,chip_257_268_merged.tif,0.4,4,1703040780,78,30.7765,35.8448,5.0684
300M,chip_257_268_merged.tif,0.6,0,1338684073,117,31.5242,35.3786,3.8544
300M,chip_257_268_merged.tif,0.6,1,958077442,117,31.1055,35.6235,4.518
300M,chip_257_268_merged.tif,0.6,2,478131924,117,31.2634,34.1526,2.8892
300M,chip_257_268_merged.tif,0.6,3,97525293,117,31.1144,35.601,4.4866
300M,chip_257_268_merged.tif,0.6,4,1864402310,117,31.5032,35.1536,3.6504
300M,chip_257_268_merged.tif,0.8,0,856091877,156,30.2089,33.2687,3.0598
300M,chip_257_268_merged.tif,0.8,1,475485246,156,30.2297,33.5987,3.369
300M,chip_257_268_merged.tif,0.8,2,94878615,156,30.7489,33.1538,2.4049
300M,chip_257_268_merged.tif,0.8,3,1762416745,156,30.3696,32.8804,2.5108
300M,chip_257_268_merged.tif,0.8,4,1381810114,156,30.2391,33.4954,3.2563
300M,chip_257_445_merged.tif,0.2,0,1168321472,39,32.2302,33.7018,1.4717
300M,chip_257_445_merged.tif,0.2,1,787714841,39,33.1774,34.6776,1.5002
300M,chip_257_445_merged.tif,0.2,2,407108210,39,30.8028,33.6271,2.8243
300M,chip_257_445_merged.tif,0.2,3,2074646340,39,29.34,33.8284,4.4884
300M,chip_257_445_merged.tif,0.2,4,1694039709,39,31.9439,34.1469,2.203
300M,chip_257_445_merged.tif,0.4,0,1007706139,78,29.9901,33.8362,3.8461
300M,chip_257_445_merged.tif,0.4,1,627099508,78,31.5095,33.4868,1.9772
300M,chip_257_445_merged.tif,0.4,2,147153990,78,29.8476,33.5915,3.7439
300M,chip_257_445_merged.tif,0.4,3,1914031007,78,30.5287,33.6461,3.1174
300M,chip_257_445_merged.tif,0.4,4,1533424376,78,31.6981,34.0534,2.3553
300M,chip_257_445_merged.tif,0.6,0,264407932,117,30.5873,33.5319,2.9447
300M,chip_257_445_merged.tif,0.6,1,2031284949,117,29.932,33.266,3.334
300M,chip_257_445_merged.tif,0.6,2,1551339431,117,29.7927,33.2998,3.5071
300M,chip_257_445_merged.tif,0.6,3,1170732800,117,29.5704,33.0297,3.4593
300M,chip_257_445_merged.tif,0.6,4,790126169,117,29.9533,33.5781,3.6248
300M,chip_257_445_merged.tif,0.8,0,1929299384,156,30.5509,32.6174,2.0664
300M,chip_257_445_merged.tif,0.8,1,1548692753,156,29.6744,31.9628,2.2884
300M,chip_257_445_merged.tif,0.8,2,1168086122,156,29.9691,31.7102,1.7411
300M,chip_257_445_merged.tif,0.8,3,688140604,156,29.967,32.0299,2.0629
300M,chip_257_445_merged.tif,0.8,4,307533973,156,29.6632,31.7008,2.0375
300M,chip_257_483_merged.tif,0.2,0,1819325368,39,31.7312,35.8438,4.1126
300M,chip_257_483_merged.tif,0.2,1,1339379850,39,31.9219,34.9492,3.0273
300M,chip_257_483_merged.tif,0.2,2,958773219,39,33.7164,36.0893,2.3728
300M,chip_257_483_merged.tif,0.2,3,578166588,39,32.1415,34.5032,2.3617
300M,chip_257_483_merged.tif,0.2,4,98221070,39,34.0532,36.2216,2.1683
300M,chip_257_483_merged.tif,0.4,0,754050298,78,34.2268,35.2021,0.9753
300M,chip_257_483_merged.tif,0.4,1,373443667,78,31.9298,35.3603,3.4305
300M,chip_257_483_merged.tif,0.4,2,2140320684,78,32.6549,35.1019,2.447
300M,chip_257_483_merged.tif,0.4,3,1660375166,78,34.2268,34.9329,0.7061
300M,chip_257_483_merged.tif,0.4,4,1279768535,78,33.293,34.8156,1.5225
300M,chip_257_483_merged.tif,0.6,0,915411828,117,30.9899,33.7182,2.7283
300M,chip_257_483_merged.tif,0.6,1,435466310,117,32.4026,33.8259,1.4233
300M,chip_257_483_merged.tif,0.6,2,54859679,117,31.0006,35.1489,4.1484
300M,chip_257_483_merged.tif,0.6,3,1722397809,117,32.5344,34.721,2.1866
300M,chip_257_483_merged.tif,0.6,4,1341791178,117,32.0542,33.6551,1.6008
300M,chip_257_483_merged.tif,0.8,0,432819632,156,31.6742,33.2259,1.5517
300M,chip_257_483_merged.tif,0.8,1,2100357762,156,32.4068,33.7991,1.3923
300M,chip_257_483_merged.tif,0.8,2,1719751131,156,32.4359,32.1203,-0.3155
300M,chip_257_483_merged.tif,0.8,3,1339144500,156,31.5326,33.1636,1.631
300M,chip_257_483_merged.tif,0.8,4,859198982,156,31.6815,32.945,1.2635
300M,chip_260_484_merged.tif,0.2,0,2107726122,39,23.9512,31.7397,7.7885
300M,chip_260_484_merged.tif,0.2,1,1727119491,39,24.0024,30.6285,6.6262
300M,chip_260_484_merged.tif,0.2,2,1247173973,39,27.0343,30.1686,3.1343
300M,chip_260_484_merged.tif,0.2,3,866567342,39,24.5543,31.7365,7.1822
300M,chip_260_484_merged.tif,0.2,4,386621824,39,27.793,31.0191,3.2261
300M,chip_260_484_merged.tif,0.4,0,1947110789,78,24.4421,30.466,6.0239
300M,chip_260_484_merged.tif,0.4,1,1467165271,78,25.0914,29.9885,4.8971
300M,chip_260_484_merged.tif,0.4,2,1086558640,78,24.4423,31.0244,6.5821
300M,chip_260_484_merged.tif,0.4,3,705952009,78,24.7237,30.1482,5.4245
300M,chip_260_484_merged.tif,0.4,4,226006491,78,26.7856,31.1659,4.3803
300M,chip_260_484_merged.tif,0.6,0,1203812582,117,25.1314,29.2896,4.1582
300M,chip_260_484_merged.tif,0.6,1,723867064,117,25.0179,29.1939,4.176
300M,chip_260_484_merged.tif,0.6,2,343260433,117,25.381,29.0844,3.7034
300M,chip_260_484_merged.tif,0.6,3,2110137450,117,25.1248,29.5426,4.4178
300M,chip_260_484_merged.tif,0.6,4,1630191932,117,25.1418,29.4511,4.3093
300M,chip_260_484_merged.tif,0.8,0,721220386,156,24.9142,28.4369,3.5228
300M,chip_260_484_merged.tif,0.8,1,340613755,156,24.8778,27.7699,2.8922
300M,chip_260_484_merged.tif,0.8,2,2008151885,156,24.989,27.6873,2.6983
300M,chip_260_484_merged.tif,0.8,3,1627545254,156,24.7302,27.0663,2.3361
300M,chip_260_484_merged.tif,0.8,4,1147599736,156,24.8804,26.2536,1.3733
300M,chip_264_434_merged.tif,0.2,0,863588969,39,34.0896,34.3584,0.2688
300M,chip_264_434_merged.tif,0.2,1,482982338,39,30.5019,34.5652,4.0633
300M,chip_264_434_merged.tif,0.2,2,3036820,39,34.3949,35.0003,0.6054
300M,chip_264_434_merged.tif,0.2,3,1769913837,39,34.5148,36.0864,1.5716
300M,chip_264_434_merged.tif,0.2,4,1289968319,39,33.6795,35.1369,1.4573
300M,chip_264_434_merged.tif,0.4,0,702973636,78,32.0798,34.5366,2.4567
300M,chip_264_434_merged.tif,0.4,1,223028118,78,33.6272,34.6421,1.0149
300M,chip_264_434_merged.tif,0.4,2,1989905135,78,33.6272,34.594,0.9667
300M,chip_264_434_merged.tif,0.4,3,1609298504,78,33.6267,34.5671,0.9405
300M,chip_264_434_merged.tif,0.4,4,1129352986,78,33.3752,35.1898,1.8146
300M,chip_264_434_merged.tif,0.6,0,2107159077,117,31.2308,33.6983,2.4675
300M,chip_264_434_merged.tif,0.6,1,1627213559,117,31.2844,34.3123,3.0279
300M,chip_264_434_merged.tif,0.6,2,1246606928,117,31.3788,34.3717,2.993
300M,chip_264_434_merged.tif,0.6,3,866000297,117,31.9703,34.0901,2.1198
300M,chip_264_434_merged.tif,0.6,4,386054779,117,31.3165,34.6092,3.2926
300M,chip_264_434_merged.tif,0.8,0,1624566881,156,31.918,32.8528,0.9348
300M,chip_264_434_merged.tif,0.8,1,1243960250,156,31.1395,33.6823,2.5428
300M,chip_264_434_merged.tif,0.8,2,764014732,156,31.1113,33.5618,2.4505
300M,chip_264_434_merged.tif,0.8,3,383408101,156,31.1235,33.0598,1.9364
300M,chip_264_434_merged.tif,0.8,4,2050946231,156,31.5468,33.1518,1.605
300M,chip_264_583_merged.tif,0.2,0,2088679326,39,36.2371,40.1258,3.8887
300M,chip_264_583_merged.tif,0.2,1,1708072695,39,36.1135,40.0516,3.9381
300M,chip_264_583_merged.tif,0.2,2,1228127177,39,39.0609,39.6351,0.5742
300M,chip_264_583_merged.tif,0.2,3,847520546,39,35.2481,39.4088,4.1607
300M,chip_264_583_merged.tif,0.2,4,367575028,39,36.2385,39.4362,3.1978
300M,chip_264_583_merged.tif,0.4,0,1928063993,78,35.4601,40.4412,4.9811
300M,chip_264_583_merged.tif,0.4,1,1448118475,78,40.1169,40.0888,-0.0281
300M,chip_264_583_merged.tif,0.4,2,1067511844,78,37.5671,39.9613,2.3942
300M,chip_264_583_merged.tif,0.4,3,587566326,78,38.2494,39.7588,1.5094
300M,chip_264_583_merged.tif,0.4,4,206959695,78,38.2481,39.5761,1.328
300M,chip_264_583_merged.tif,0.6,0,1184765786,117,37.8661,40.1847,2.3186
300M,chip_264_583_merged.tif,0.6,1,704820268,117,37.8485,40.1237,2.2752
300M,chip_264_583_merged.tif,0.6,2,324213637,117,39.8615,39.7266,-0.1349
300M,chip_264_583_merged.tif,0.6,3,1991751767,117,39.0674,39.9258,0.8585
300M,chip_264_583_merged.tif,0.6,4,1611145136,117,38.2548,39.7407,1.4859
300M,chip_264_583_merged.tif,0.8,0,702173590,156,38.5421,39.9375,1.3954
300M,chip_264_583_merged.tif,0.8,1,321566959,156,38.5861,38.9072,0.3211
300M,chip_264_583_merged.tif,0.8,2,1989105089,156,38.0887,39.681,1.5922
300M,chip_264_583_merged.tif,0.8,3,1608498458,156,37.9391,38.5954,0.6563
300M,chip_264_583_merged.tif,0.8,4,1128552940,156,38.5269,38.9304,0.4035
300M,chip_266_434_merged.tif,0.2,0,1954276975,39,35.3248,36.6223,1.2975
300M,chip_266_434_merged.tif,0.2,1,1573670344,39,35.1466,36.0433,0.8966
300M,chip_266_434_merged.tif,0.2,2,1093724826,39,32.6364,35.4609,2.8244
300M,chip_266_434_merged.tif,0.2,3,713118195,39,33.7431,35.1877,1.4447
300M,chip_266_434_merged.tif,0.2,4,332511564,39,31.8329,35.5278,3.6948
300M,chip_266_434_merged.tif,0.4,0,988340792,78,34.956,34.2379,-0.7181
300M,chip_266_434_merged.tif,0.4,1,508395274,78,32.2115,35.3418,3.1303
300M,chip_266_434_merged.tif,0.4,2,127788643,78,34.9555,35.5212,0.5657
300M,chip_266_434_merged.tif,0.4,3,1795326773,78,31.84,35.0704,3.2305
300M,chip_266_434_merged.tif,0.4,4,1414720142,78,32.4886,34.96,2.4714
300M,chip_266_434_merged.tif,0.6,0,1050363435,117,31.4023,34.4914,3.0891
300M,chip_266_434_merged.tif,0.6,1,669756804,117,33.3813,34.4005,1.0192
300M,chip_266_434_merged.tif,0.6,2,189811286,117,33.2039,34.8822,1.6783
300M,chip_266_434_merged.tif,0.6,3,1956688303,117,32.4695,34.2483,1.7788
300M,chip_266_434_merged.tif,0.6,4,1476742785,117,33.5511,34.4862,0.935
300M,chip_266_434_merged.tif,0.8,0,567771239,156,32.9803,34.0182,1.038
300M,chip_266_434_merged.tif,0.8,1,187164608,156,32.9806,33.7019,0.7213
300M,chip_266_434_merged.tif,0.8,2,1854702738,156,32.8627,33.9383,1.0756
300M,chip_266_434_merged.tif,0.8,3,1474096107,156,32.9698,33.2266,0.2568
300M,chip_266_434_merged.tif,0.8,4,994150589,156,32.633,33.5182,0.8852
300M,chip_267_453_merged.tif,0.2,0,3911504,39,35.1555,37.7418,2.5863
300M,chip_267_453_merged.tif,0.2,1,1671449634,39,36.2618,38.2426,1.9809
300M,chip_267_453_merged.tif,0.2,2,1290843003,39,35.6832,36.5581,0.8749
300M,chip_267_453_merged.tif,0.2,3,810897485,39,35.9595,37.1714,1.2118
300M,chip_267_453_merged.tif,0.2,4,430290854,39,36.2618,34.7572,-1.5046
300M,chip_267_453_merged.tif,0.4,0,1086120082,78,34.0251,36.9959,2.9708
300M,chip_267_453_merged.tif,0.4,1,705513451,78,36.1084,36.313,0.2046
300M,chip_267_453_merged.tif,0.4,2,225567933,78,35.678,34.8649,-0.8131
300M,chip_267_453_merged.tif,0.4,3,1992444950,78,35.678,33.5889,-2.0891
300M,chip_267_453_merged.tif,0.4,4,1611838319,78,36.1071,36.5443,0.4372
300M,chip_267_453_merged.tif,0.6,0,1247481612,117,34.8308,33.7286,-1.1023
300M,chip_267_453_merged.tif,0.6,1,767536094,117,35.0034,33.443,-1.5604
300M,chip_267_453_merged.tif,0.6,2,386929463,117,34.4218,36.4468,2.025
300M,chip_267_453_merged.tif,0.6,3,2054467593,117,33.5834,35.3279,1.7445
300M,chip_267_453_merged.tif,0.6,4,1673860962,117,34.5951,35.1315,0.5364
300M,chip_267_453_merged.tif,0.8,0,764889416,156,33.315,33.8093,0.4944
300M,chip_267_453_merged.tif,0.8,1,284943898,156,32.0763,34.1683,2.092
300M,chip_267_453_merged.tif,0.8,2,2051820915,156,32.0551,32.857,0.8019
300M,chip_267_453_merged.tif,0.8,3,1571875397,156,33.9333,34.3169,0.3836
300M,chip_267_453_merged.tif,0.8,4,1191268766,156,30.5786,33.3489,2.7703
300M,chip_267_566_merged.tif,0.2,0,940913720,39,34.7813,37.0806,2.2993
300M,chip_267_566_merged.tif,0.2,1,560307089,39,33.9661,37.301,3.3349
300M,chip_267_566_merged.tif,0.2,2,80361571,39,32.2082,36.9511,4.7429
300M,chip_267_566_merged.tif,0.2,3,1847238588,39,34.8698,37.6568,2.787
300M,chip_267_566_merged.tif,0.2,4,1367293070,39,32.9374,37.2149,4.2775
300M,chip_267_566_merged.tif,0.4,0,2023122298,78,32.9937,36.544,3.5503
300M,chip_267_566_merged.tif,0.4,1,1642515667,78,32.6489,37.1794,4.5305
300M,chip_267_566_merged.tif,0.4,2,1261909036,78,32.9961,36.2647,3.2685
300M,chip_267_566_merged.tif,0.4,3,781963518,78,33.7971,36.7059,2.9088
300M,chip_267_566_merged.tif,0.4,4,401356887,78,33.5784,36.859,3.2806
300M,chip_267_566_merged.tif,0.6,0,37000180,117,33.3392,35.9132,2.574
300M,chip_267_566_merged.tif,0.6,1,1704538310,117,32.7186,36.1933,3.4747
300M,chip_267_566_merged.tif,0.6,2,1323931679,117,33.3408,36.2774,2.9365
300M,chip_267_566_merged.tif,0.6,3,843986161,117,32.7011,35.6789,2.9779
300M,chip_267_566_merged.tif,0.6,4,463379530,117,33.3914,35.6232,2.2318
300M,chip_267_566_merged.tif,0.8,0,1701891632,156,33.2072,33.5648,0.3576
300M,chip_267_566_merged.tif,0.8,1,1221946114,156,33.2627,34.8911,1.6284
300M,chip_267_566_merged.tif,0.8,2,841339483,156,33.417,34.9549,1.5379
300M,chip_267_566_merged.tif,0.8,3,460732852,156,32.7787,34.4333,1.6546
300M,chip_267_566_merged.tif,0.8,4,2128270982,156,33.2491,35.1252,1.8761
300M,chip_268_269_merged.tif,0.2,0,1828590125,39,35.1992,38.3575,3.1582
300M,chip_268_269_merged.tif,0.2,1,1348644607,39,32.6145,37.6726,5.0581
300M,chip_268_269_merged.tif,0.2,2,968037976,39,33.4765,38.6225,5.146
300M,chip_268_269_merged.tif,0.2,3,488092458,39,34.9442,38.8464,3.9022
300M,chip_268_269_merged.tif,0.2,4,107485827,39,33.4762,38.4195,4.9432
300M,chip_268_269_merged.tif,0.4,0,763315055,78,29.7333,37.617,7.8837
300M,chip_268_269_merged.tif,0.4,1,382708424,78,33.7017,37.8237,4.1219
300M,chip_268_269_merged.tif,0.4,2,2050246554,78,35.4921,38.0654,2.5733
300M,chip_268_269_merged.tif,0.4,3,1669639923,78,37.703,37.342,-0.361
300M,chip_268_269_merged.tif,0.4,4,1289033292,78,37.7037,38.0269,0.3231
300M,chip_268_269_merged.tif,0.6,0,20016848,117,33.1476,37.0522,3.9046
300M,chip_268_269_merged.tif,0.6,1,1786893865,117,32.1161,38.2271,6.111
300M,chip_268_269_merged.tif,0.6,2,1306948347,117,34.5495,36.9517,2.4021
300M,chip_268_269_merged.tif,0.6,3,926341716,117,32.1128,36.4345,4.3217
300M,chip_268_269_merged.tif,0.6,4,545735085,117,30.6075,37.5851,6.9775
300M,chip_268_269_merged.tif,0.8,0,1684908300,156,31.3016,36.7233,5.4217
300M,chip_268_269_merged.tif,0.8,1,1304301669,156,31.3213,36.3559,5.0346
300M,chip_268_269_merged.tif,0.8,2,923695038,156,33.2073,35.0033,1.7959
300M,chip_268_269_merged.tif,0.8,3,443749520,156,33.6408,36.4834,2.8426
300M,chip_268_269_merged.tif,0.8,4,63142889,156,31.3471,36.1338,4.7867
300M,chip_268_410_merged.tif,0.2,0,766637778,39,30.5496,35.2638,4.7142
300M,chip_268_410_merged.tif,0.2,1,386031147,39,30.1257,35.3687,5.243
300M,chip_268_410_merged.tif,0.2,2,5424516,39,29.9205,33.7859,3.8655
300M,chip_268_410_merged.tif,0.2,3,1672962646,39,32.4765,35.7972,3.3207
300M,chip_268_410_merged.tif,0.2,4,1292356015,39,31.2575,35.1349,3.8775
300M,chip_268_410_merged.tif,0.4,0,606022445,78,28.9902,35.2211,6.231
300M,chip_268_410_merged.tif,0.4,1,225415814,78,29.7041,34.1469,4.4428
300M,chip_268_410_merged.tif,0.4,2,1892953944,78,29.0902,33.4721,4.3819
300M,chip_268_410_merged.tif,0.4,3,1512347313,78,31.9561,33.5409,1.5848
300M,chip_268_410_merged.tif,0.4,4,1131740682,78,30.2171,33.881,3.6639
300M,chip_268_410_merged.tif,0.6,0,2010207886,117,28.5422,33.8386,5.2964
300M,chip_268_410_merged.tif,0.6,1,1629601255,117,28.9175,33.1011,4.1836
300M,chip_268_410_merged.tif,0.6,2,1149655737,117,27.9849,32.747,4.7621
300M,chip_268_410_merged.tif,0.6,3,769049106,117,30.1001,31.801,1.7009
300M,chip_268_410_merged.tif,0.6,4,388442475,117,30.1134,32.6246,2.5112
300M,chip_268_410_merged.tif,0.8,0,1527615690,156,28.1961,30.6643,2.4682
300M,chip_268_410_merged.tif,0.8,1,1147009059,156,28.7521,32.0371,3.2851
300M,chip_268_410_merged.tif,0.8,2,766402428,156,28.2262,31.2428,3.0166
300M,chip_268_410_merged.tif,0.8,3,286456910,156,28.5451,30.5995,2.0543
300M,chip_268_410_merged.tif,0.8,4,2053333927,156,28.2283,31.4956,3.2674
300M,chip_269_420_merged.tif,0.2,0,758640699,39,30.7448,35.1796,4.4347
300M,chip_269_420_merged.tif,0.2,1,378034068,39,29.8376,34.1244,4.2868
300M,chip_269_420_merged.tif,0.2,2,2144911085,39,29.7088,33.9799,4.2711
300M,chip_269_420_merged.tif,0.2,3,1664965567,39,30.0116,34.6781,4.6665
300M,chip_269_420_merged.tif,0.2,4,1284358936,39,33.2783,33.4898,0.2115
300M,chip_269_420_merged.tif,0.4,0,598025366,78,30.1394,33.3731,3.2337
300M,chip_269_420_merged.tif,0.4,1,217418735,78,29.7253,34.3881,4.6628
300M,chip_269_420_merged.tif,0.4,2,1884956865,78,30.573,34.2034,3.6304
300M,chip_269_420_merged.tif,0.4,3,1504350234,78,29.8827,33.1772,3.2945
300M,chip_269_420_merged.tif,0.4,4,1024404716,78,29.4406,31.9732,2.5327
300M,chip_269_420_merged.tif,0.6,0,707666022,117,28.9077,33.8438,4.9361
300M,chip_269_420_merged.tif,0.6,1,227720504,117,28.9376,33.2209,4.2832
300M,chip_269_420_merged.tif,0.6,2,1994597521,117,28.6802,31.7636,3.0833
300M,chip_269_420_merged.tif,0.6,3,1613990890,117,29.1462,33.3314,4.1852
300M,chip_269_420_merged.tif,0.6,4,1134045372,117,29.1246,32.2261,3.1014
300M,chip_269_420_merged.tif,0.8,0,1519618611,156,28.8713,30.2163,1.345
300M,chip_269_420_merged.tif,0.8,1,1139011980,156,28.2347,31.4582,3.2235
300M,chip_269_420_merged.tif,0.8,2,758405349,156,27.3572,31.3222,3.965
300M,chip_269_420_merged.tif,0.8,3,278459831,156,27.8548,31.5589,3.7041
300M,chip_269_420_merged.tif,0.8,4,2045336848,156,27.8621,31.829,3.9669
300M,chip_270_408_merged.tif,0.2,0,627041059,39,28.8628,33.4708,4.608
300M,chip_270_408_merged.tif,0.2,1,147095541,39,28.1319,33.1899,5.058
300M,chip_270_408_merged.tif,0.2,2,1913972558,39,29.073,33.1776,4.1046
300M,chip_270_408_merged.tif,0.2,3,1434027040,39,29.3745,31.4908,2.1163
300M,chip_270_408_merged.tif,0.2,4,1053420409,39,30.721,32.924,2.203
300M,chip_270_408_merged.tif,0.4,0,1709249637,78,27.9018,31.7871,3.8852
300M,chip_270_408_merged.tif,0.4,1,1328643006,78,28.9337,32.499,3.5653
300M,chip_270_408_merged.tif,0.4,2,848697488,78,27.526,31.7179,4.192
300M,chip_270_408_merged.tif,0.4,3,468090857,78,28.5169,32.2215,3.7045
300M,chip_270_408_merged.tif,0.4,4,2135628987,78,28.9623,30.6193,1.657
300M,chip_270_408_merged.tif,0.6,0,1771272280,117,27.5316,30.5653,3.0337
300M,chip_270_408_merged.tif,0.6,1,1390665649,117,28.7622,31.6005,2.8383
300M,chip_270_408_merged.tif,0.6,2,1010059018,117,28.2063,31.1516,2.9453
300M,chip_270_408_merged.tif,0.6,3,530113500,117,28.3842,29.7738,1.3897
300M,chip_270_408_merged.tif,0.6,4,149506869,117,27.5279,30.0939,2.566
300M,chip_270_408_merged.tif,0.8,0,1388018971,156,26.9747,29.4726,2.4979
300M,chip_270_408_merged.tif,0.8,1,908073453,156,28.4419,29.7988,1.3569
300M,chip_270_408_merged.tif,0.8,2,527466822,156,28.2828,28.8565,0.5737
300M,chip_270_408_merged.tif,0.8,3,47521304,156,28.4798,29.9973,1.5175
300M,chip_270_408_merged.tif,0.8,4,1814398321,156,28.5008,29.312,0.8113
300M,chip_270_475_merged.tif,0.2,0,1163707343,39,35.614,37.5396,1.9256
300M,chip_270_475_merged.tif,0.2,1,683761825,39,34.8801,36.6309,1.7508
300M,chip_270_475_merged.tif,0.2,2,303155194,39,33.6216,37.6639,4.0422
300M,chip_270_475_merged.tif,0.2,3,1970693324,39,33.6872,36.4806,2.7934
300M,chip_270_475_merged.tif,0.2,4,1590086693,39,35.4166,36.9076,1.491
300M,chip_270_475_merged.tif,0.4,0,903753123,78,33.8437,35.9048,2.0611
300M,chip_270_475_merged.tif,0.4,1,523146492,78,34.316,37.149,2.833
300M,chip_270_475_merged.tif,0.4,2,142539861,78,34.3158,37.3795,3.0637
300M,chip_270_475_merged.tif,0.4,3,1810077991,78,34.7668,36.4596,1.6928
300M,chip_270_475_merged.tif,0.4,4,1429471360,78,34.6273,36.6147,1.9874
300M,chip_270_475_merged.tif,0.6,0,259793803,117,33.2442,36.2366,2.9923
300M,chip_270_475_merged.tif,0.6,1,1927331933,117,34.705,36.2717,1.5668
300M,chip_270_475_merged.tif,0.6,2,1546725302,117,34.3549,36.0491,1.6943
300M,chip_270_475_merged.tif,0.6,3,1066779784,117,34.4907,36.5684,2.0776
300M,chip_270_475_merged.tif,0.6,4,686173153,117,33.9679,35.8748,1.9069
300M,chip_270_475_merged.tif,0.8,0,1924685255,156,33.8982,35.9343,2.0361
300M,chip_270_475_merged.tif,0.8,1,1444739737,156,33.6516,36.0018,2.3503
300M,chip_270_475_merged.tif,0.8,2,1064133106,156,32.6685,35.573,2.9045
300M,chip_270_475_merged.tif,0.8,3,584187588,156,32.6786,34.9508,2.2721
300M,chip_270_475_merged.tif,0.8,4,203580957,156,32.7824,34.7259,1.9435
300M,chip_270_477_merged.tif,0.2,0,563104065,39,32.6138,35.2412,2.6274
300M,chip_270_477_merged.tif,0.2,1,182497434,39,34.2789,36.2924,2.0135
300M,chip_270_477_merged.tif,0.2,2,1850035564,39,32.019,36.3185,4.2995
300M,chip_270_477_merged.tif,0.2,3,1469428933,39,33.8738,36.1902,2.3164
300M,chip_270_477_merged.tif,0.2,4,1088822302,39,33.9941,36.7796,2.7855
300M,chip_270_477_merged.tif,0.4,0,402488732,78,32.9068,35.6176,2.7107
300M,chip_270_477_merged.tif,0.4,1,21882101,78,34.5545,35.984,1.4295
300M,chip_270_477_merged.tif,0.4,2,1689420231,78,31.7152,35.5508,3.8356
300M,chip_270_477_merged.tif,0.4,3,1308813600,78,31.577,35.7073,4.1303
300M,chip_270_477_merged.tif,0.4,4,828868082,78,32.3655,36.3894,4.0239
300M,chip_270_477_merged.tif,0.6,0,1806674173,117,32.8188,34.6452,1.8265
300M,chip_270_477_merged.tif,0.6,1,1426067542,117,32.5514,35.3656,2.8141
300M,chip_270_477_merged.tif,0.6,2,946122024,117,32.9125,34.989,2.0765
300M,chip_270_477_merged.tif,0.6,3,565515393,117,32.9295,35.0434,2.1139
300M,chip_270_477_merged.tif,0.6,4,85569875,117,32.3761,35.1139,2.7378
300M,chip_270_477_merged.tif,0.8,0,1324081977,156,30.9705,33.5273,2.5568
300M,chip_270_477_merged.tif,0.8,1,943475346,156,31.3216,34.7746,3.453
300M,chip_270_477_merged.tif,0.8,2,463529828,156,30.9625,34.5797,3.6173
300M,chip_270_477_merged.tif,0.8,3,82923197,156,32.366,34.3354,1.9694
300M,chip_270_477_merged.tif,0.8,4,1849800214,156,31.3542,34.1948,2.8406
300M,chip_271_267_merged.tif,0.2,0,975354019,39,34.9519,41.3437,6.3918
300M,chip_271_267_merged.tif,0.2,1,495408501,39,34.7578,38.8426,4.0848
300M,chip_271_267_merged.tif,0.2,2,114801870,39,33.0429,41.3138,8.2709
300M,chip_271_267_merged.tif,0.2,3,1782340000,39,36.9907,39.8386,2.8479
300M,chip_271_267_merged.tif,0.2,4,1401733369,39,34.5806,41.3438,6.7631
300M,chip_271_267_merged.tif,0.4,0,2057562597,78,33.4212,38.0348,4.6137
300M,chip_271_267_merged.tif,0.4,1,1676955966,78,32.6481,38.8514,6.2033
300M,chip_271_267_merged.tif,0.4,2,1197010448,78,35.7236,39.7735,4.0499
300M,chip_271_267_merged.tif,0.4,3,816403817,78,35.5732,40.0967,4.5234
300M,chip_271_267_merged.tif,0.4,4,336458299,78,34.6044,40.76,6.1556
300M,chip_271_267_merged.tif,0.6,0,2119585240,117,35.4597,37.8135,2.3538
300M,chip_271_267_merged.tif,0.6,1,1738978609,117,33.4935,37.2105,3.7169
300M,chip_271_267_merged.tif,0.6,2,1259033091,117,34.947,38.9955,4.0485
300M,chip_271_267_merged.tif,0.6,3,878426460,117,32.2695,36.8918,4.6223
300M,chip_271_267_merged.tif,0.6,4,497819829,117,34.8315,36.7816,1.9501
300M,chip_271_267_merged.tif,0.8,0,1736331931,156,32.9928,37.234,4.2412
300M,chip_271_267_merged.tif,0.8,1,1256386413,156,33.0927,35.2829,2.1902
300M,chip_271_267_merged.tif,0.8,2,875779782,156,33.0342,34.7252,1.691
300M,chip_271_267_merged.tif,0.8,3,395834264,156,33.0925,36.4194,3.327
300M,chip_271_267_merged.tif,0.8,4,15227633,156,33.0133,34.3629,1.3497
300M,chip_272_450_merged.tif,0.2,0,308657907,39,34.1414,36.7855,2.6441
300M,chip_272_450_merged.tif,0.2,1,1976196037,39,32.385,36.7037,4.3187
300M,chip_272_450_merged.tif,0.2,2,1595589406,39,32.9981,36.5072,3.5091
300M,chip_272_450_merged.tif,0.2,3,1214982775,39,32.7407,35.5866,2.8459
300M,chip_272_450_merged.tif,0.2,4,735037257,39,32.9942,35.6787,2.6846
300M,chip_272_450_merged.tif,0.4,0,148042574,78,32.0856,34.5532,2.4676
300M,chip_272_450_merged.tif,0.4,1,1815580704,78,32.0858,35.6026,3.5168
300M,chip_272_450_merged.tif,0.4,2,1434974073,78,32.5329,35.9008,3.368
300M,chip_272_450_merged.tif,0.4,3,955028555,78,31.3067,35.7021,4.3954
300M,chip_272_450_merged.tif,0.4,4,574421924,78,32.0862,34.9346,2.8484
300M,chip_272_450_merged.tif,0.6,0,1552228015,117,31.6144,35.3049,3.6905
300M,chip_272_450_merged.tif,0.6,1,1072282497,117,31.8612,35.0111,3.15
300M,chip_272_450_merged.tif,0.6,2,691675866,117,32.6402,34.1492,1.509
300M,chip_272_450_merged.tif,0.6,3,211730348,117,30.7282,34.9625,4.2343
300M,chip_272_450_merged.tif,0.6,4,1978607365,117,31.9258,34.7945,2.8686
300M,chip_272_450_merged.tif,0.8,0,1069635819,156,29.6389,34.1355,4.4967
300M,chip_272_450_merged.tif,0.8,1,589690301,156,31.174,33.1736,1.9995
300M,chip_272_450_merged.tif,0.8,2,209083670,156,31.1696,33.6465,2.4769
300M,chip_272_450_merged.tif,0.8,3,1975960687,156,30.2159,33.4732,3.2573
300M,chip_272_450_merged.tif,0.8,4,1496015169,156,31.1672,33.751,2.5838
300M,chip_273_474_merged.tif,0.2,0,1394325172,39,32.7745,36.9531,4.1785
300M,chip_273_474_merged.tif,0.2,1,914379654,39,32.7742,36.3554,3.5812
300M,chip_273_474_merged.tif,0.2,2,533773023,39,36.3281,36.084,-0.2441
300M,chip_273_474_merged.tif,0.2,3,53827505,39,35.3468,36.3879,1.0411
300M,chip_273_474_merged.tif,0.2,4,1820704522,39,32.4581,37.2433,4.7852
300M,chip_273_474_merged.tif,0.4,0,1233709839,78,35.1165,36.4034,1.2869
300M,chip_273_474_merged.tif,0.4,1,753764321,78,35.1171,36.1093,0.9922
300M,chip_273_474_merged.tif,0.4,2,373157690,78,35.1154,36.4444,1.3291
300M,chip_273_474_merged.tif,0.4,3,2040695820,78,32.488,36.5835,4.0956
300M,chip_273_474_merged.tif,0.4,4,1660089189,78,36.2798,35.6302,-0.6495
300M,chip_273_474_merged.tif,0.6,0,490411632,117,33.5375,35.4713,1.9339
300M,chip_273_474_merged.tif,0.6,1,10466114,117,33.0695,35.9715,2.902
300M,chip_273_474_merged.tif,0.6,2,1777343131,117,33.4575,35.8859,2.4284
300M,chip_273_474_merged.tif,0.6,3,1297397613,117,33.3561,35.8055,2.4494
300M,chip_273_474_merged.tif,0.6,4,916790982,117,33.1267,35.9893,2.8626
300M,chip_273_474_merged.tif,0.8,0,7819436,156,32.375,33.184,0.809
300M,chip_273_474_merged.tif,0.8,1,1675357566,156,31.7075,34.7249,3.0174
300M,chip_273_474_merged.tif,0.8,2,1294750935,156,32.8741,34.6976,1.8235
300M,chip_273_474_merged.tif,0.8,3,814805417,156,32.882,35.0365,2.1545
300M,chip_273_474_merged.tif,0.8,4,434198786,156,32.6049,34.8382,2.2333
300M,chip_274_465_merged.tif,0.2,0,861799752,39,33.3587,34.9195,1.5608
300M,chip_274_465_merged.tif,0.2,1,381854234,39,32.4135,35.6037,3.1902
300M,chip_274_465_merged.tif,0.2,2,1247603,39,32.4768,36.3035,3.8267
300M,chip_274_465_merged.tif,0.2,3,1668785733,39,32.4146,35.0452,2.6306
300M,chip_274_465_merged.tif,0.2,4,1288179102,39,33.58,34.2008,0.6208
300M,chip_274_465_merged.tif,0.4,0,1944008330,78,32.1074,34.1862,2.0789
300M,chip_274_465_merged.tif,0.4,1,1563401699,78,31.0131,34.2958,3.2826
300M,chip_274_465_merged.tif,0.4,2,1083456181,78,34.6475,34.6533,0.0058
300M,chip_274_465_merged.tif,0.4,3,702849550,78,32.5153,34.4537,1.9384
300M,chip_274_465_merged.tif,0.4,4,222904032,78,32.1078,34.9845,2.8767
300M,chip_274_465_merged.tif,0.6,0,2006030973,117,31.9455,33.7483,1.8027
300M,chip_274_465_merged.tif,0.6,1,1625424342,117,32.9343,34.314,1.3797
300M,chip_274_465_merged.tif,0.6,2,1244817711,117,32.8671,34.5963,1.7291
300M,chip_274_465_merged.tif,0.6,3,764872193,117,33.005,34.4787,1.4737
300M,chip_274_465_merged.tif,0.6,4,384265562,117,32.4499,33.7559,1.3061
300M,chip_274_465_merged.tif,0.8,0,1622777664,156,31.2431,33.8065,2.5634
300M,chip_274_465_merged.tif,0.8,1,1142832146,156,31.2465,32.6552,1.4087
300M,chip_274_465_merged.tif,0.8,2,762225515,156,31.2571,33.1195,1.8624
300M,chip_274_465_merged.tif,0.8,3,282279997,156,32.6786,33.8385,1.1599
300M,chip_274_465_merged.tif,0.8,4,2049157014,156,32.6828,33.4918,0.809
300M,chip_275_405_merged.tif,0.2,0,1142218102,39,29.756,33.7249,3.9689
300M,chip_275_405_merged.tif,0.2,1,662272584,39,28.8472,35.4033,6.5562
300M,chip_275_405_merged.tif,0.2,2,281665953,39,30.681,34.9742,4.2933
300M,chip_275_405_merged.tif,0.2,3,2048542970,39,30.3099,34.3721,4.0622
300M,chip_275_405_merged.tif,0.2,4,1568597452,39,32.4279,35.3179,2.89
300M,chip_275_405_merged.tif,0.4,0,981602769,78,28.7062,33.9678,5.2616
300M,chip_275_405_merged.tif,0.4,1,501657251,78,28.7066,31.9834,3.2768
300M,chip_275_405_merged.tif,0.4,2,121050620,78,28.7239,31.916,3.1921
300M,chip_275_405_merged.tif,0.4,3,1788588750,78,31.1046,33.488,2.3833
300M,chip_275_405_merged.tif,0.4,4,1407982119,78,28.604,32.3994,3.7954
300M,chip_275_405_merged.tif,0.6,0,238304562,117,28.9946,33.247,4.2525
300M,chip_275_405_merged.tif,0.6,1,1905842692,117,29.2276,31.7264,2.4988
300M,chip_275_405_merged.tif,0.6,2,1525236061,117,29.2652,30.8547,1.5895
300M,chip_275_405_merged.tif,0.6,3,1045290543,117,29.2488,34.0179,4.7692
300M,chip_275_405_merged.tif,0.6,4,664683912,117,29.0232,32.9824,3.9593
300M,chip_275_405_merged.tif,0.8,0,1903196014,156,29.6726,30.2833,0.6107
300M,chip_275_405_merged.tif,0.8,1,1423250496,156,27.6327,31.2399,3.6072
300M,chip_275_405_merged.tif,0.8,2,1042643865,156,28.3278,30.7824,2.4545
300M,chip_275_405_merged.tif,0.8,3,662037234,156,29.449,32.3058,2.8567
300M,chip_275_405_merged.tif,0.8,4,182091716,156,27.6287,31.5772,3.9485
300M,chip_276_083_merged.tif,0.2,0,1061397170,39,30.4069,37.7187,7.3118
300M,chip_276_083_merged.tif,0.2,1,680790539,39,32.5839,37.5927,5.0088
300M,chip_276_083_merged.tif,0.2,2,200845021,39,34.465,38.1979,3.7329
300M,chip_276_083_merged.tif,0.2,3,1967722038,39,32.4047,38.3746,5.9699
300M,chip_276_083_merged.tif,0.2,4,1587115407,39,29.5626,37.2269,7.6643
300M,chip_276_083_merged.tif,0.4,0,900781837,78,33.623,37.6244,4.0014
300M,chip_276_083_merged.tif,0.4,1,520175206,78,33.6237,38.1393,4.5156
300M,chip_276_083_merged.tif,0.4,2,40229688,78,29.6154,38.2501,8.6347
300M,chip_276_083_merged.tif,0.4,3,1807106705,78,30.8439,36.4507,5.6069
300M,chip_276_083_merged.tif,0.4,4,1327161187,78,31.6069,35.6512,4.0443
300M,chip_276_083_merged.tif,0.6,0,157483630,117,29.6252,35.4911,5.8659
300M,chip_276_083_merged.tif,0.6,1,1924360647,117,29.9583,35.0524,5.094
300M,chip_276_083_merged.tif,0.6,2,1444415129,117,29.6883,36.2379,6.5496
300M,chip_276_083_merged.tif,0.6,3,1063808498,117,30.2401,35.7107,5.4706
300M,chip_276_083_merged.tif,0.6,4,583862980,117,30.27,35.1079,4.8379
300M,chip_276_083_merged.tif,0.8,0,1822375082,156,29.1282,31.9196,2.7914
300M,chip_276_083_merged.tif,0.8,1,1441768451,156,29.9147,34.8696,4.9549
300M,chip_276_083_merged.tif,0.8,2,961822933,156,29.1108,30.8763,1.7655
300M,chip_276_083_merged.tif,0.8,3,581216302,156,29.4545,32.0278,2.5733
300M,chip_276_083_merged.tif,0.8,4,200609671,156,29.912,32.0923,2.1803
300M,chip_279_265_merged.tif,0.2,0,461523217,39,31.6241,37.091,5.4669
300M,chip_279_265_merged.tif,0.2,1,2129061347,39,32.1749,37.4453,5.2705
300M,chip_279_265_merged.tif,0.2,2,1748454716,39,30.2002,36.0558,5.8555
300M,chip_279_265_merged.tif,0.2,3,1367848085,39,30.3423,36.5737,6.2314
300M,chip_279_265_merged.tif,0.2,4,887902567,39,30.3431,38.7292,8.3861
300M,chip_279_265_merged.tif,0.4,0,300907884,78,31.3942,36.5805,5.1863
300M,chip_279_265_merged.tif,0.4,1,1968446014,78,30.7667,35.5808,4.8141
300M,chip_279_265_merged.tif,0.4,2,1587839383,78,32.2931,35.5829,3.2898
300M,chip_279_265_merged.tif,0.4,3,1107893865,78,31.5535,35.065,3.5115
300M,chip_279_265_merged.tif,0.4,4,727287234,78,31.3504,35.6786,4.3283
300M,chip_279_265_merged.tif,0.6,0,1705093325,117,30.3793,35.1074,4.7281
300M,chip_279_265_merged.tif,0.6,1,1225147807,117,29.4772,35.9267,6.4495
300M,chip_279_265_merged.tif,0.6,2,844541176,117,30.3956,34.4094,4.0138
300M,chip_279_265_merged.tif,0.6,3,364595658,117,30.8007,35.6651,4.8643
300M,chip_279_265_merged.tif,0.6,4,2131472675,117,30.3938,34.1139,3.7201
300M,chip_279_265_merged.tif,0.8,0,1222501129,156,30.7711,34.4368,3.6657
300M,chip_279_265_merged.tif,0.8,1,742555611,156,30.2027,32.4551,2.2524
300M,chip_279_265_merged.tif,0.8,2,361948980,156,30.7701,33.7058,2.9357
300M,chip_279_265_merged.tif,0.8,3,2128825997,156,30.7753,33.4721,2.6968
300M,chip_279_265_merged.tif,0.8,4,1648880479,156,30.1942,33.2641,3.0699
300M,chip_280_308_merged.tif,0.2,0,783430757,39,34.6669,35.8484,1.1815
300M,chip_280_308_merged.tif,0.2,1,402824126,39,32.6387,37.5217,4.883
300M,chip_280_308_merged.tif,0.2,2,2070362256,39,31.2829,36.542,5.2592
300M,chip_280_308_merged.tif,0.2,3,1689755625,39,34.5693,37.6624,3.0931
300M,chip_280_308_merged.tif,0.2,4,1209810107,39,31.7958,36.9653,5.1696
300M,chip_280_308_merged.tif,0.4,0,622815424,78,32.9061,36.1795,3.2734
300M,chip_280_308_merged.tif,0.4,1,142869906,78,33.7653,36.2718,2.5065
300M,chip_280_308_merged.tif,0.4,2,1909746923,78,32.9063,37.1608,4.2545
300M,chip_280_308_merged.tif,0.4,3,1529140292,78,33.0064,37.159,4.1526
300M,chip_280_308_merged.tif,0.4,4,1049194774,78,32.0179,36.1144,4.0965
300M,chip_280_308_merged.tif,0.6,0,2027000865,117,32.0629,36.0109,3.9479
300M,chip_280_308_merged.tif,0.6,1,1547055347,117,32.4024,36.7713,4.3689
300M,chip_280_308_merged.tif,0.6,2,1166448716,117,32.3969,35.9281,3.5313
300M,chip_280_308_merged.tif,0.6,3,785842085,117,31.8811,36.2951,4.414
300M,chip_280_308_merged.tif,0.6,4,305896567,117,31.5998,36.2406,4.6408
300M,chip_280_308_merged.tif,0.8,0,1544408669,156,31.6404,33.6107,1.9702
300M,chip_280_308_merged.tif,0.8,1,1163802038,156,32.0034,34.9426,2.9392
300M,chip_280_308_merged.tif,0.8,2,683856520,156,31.6383,34.2411,2.6028
300M,chip_280_308_merged.tif,0.8,3,303249889,156,31.6495,34.1853,2.5358
300M,chip_280_308_merged.tif,0.8,4,1970788019,156,31.5544,35.6695,4.1152
300M,chip_280_560_merged.tif,0.2,0,767352717,39,29.1667,36.7569,7.5902
300M,chip_280_560_merged.tif,0.2,1,386746086,39,29.4711,36.0832,6.6121
300M,chip_280_560_merged.tif,0.2,2,6139455,39,35.3791,36.3527,0.9737
300M,chip_280_560_merged.tif,0.2,3,1673677585,39,33.0753,36.5175,3.4422
300M,chip_280_560_merged.tif,0.2,4,1293070954,39,34.8688,36.537,1.6682
300M,chip_280_560_merged.tif,0.4,0,1948900182,78,32.3263,34.7393,2.413
300M,chip_280_560_merged.tif,0.4,1,1568293551,78,33.6749,36.4076,2.7326
300M,chip_280_560_merged.tif,0.4,2,1088348033,78,28.7322,35.2905,6.5583
300M,chip_280_560_merged.tif,0.4,3,707741402,78,32.1626,34.4982,2.3356
300M,chip_280_560_merged.tif,0.4,4,227795884,78,34.2382,33.7166,-0.5216
300M,chip_280_560_merged.tif,0.6,0,2010922825,117,32.3089,34.1113,1.8024
300M,chip_280_560_merged.tif,0.6,1,1630316194,117,33.4437,34.4014,0.9578
300M,chip_280_560_merged.tif,0.6,2,1150370676,117,32.3538,33.6749,1.3211
300M,chip_280_560_merged.tif,0.6,3,769764045,117,30.2272,34.5233,4.2961
300M,chip_280_560_merged.tif,0.6,4,389157414,117,33.9406,34.3221,0.3815
300M,chip_280_560_merged.tif,0.8,0,1528330629,156,31.7195,34.512,2.7925
300M,chip_280_560_merged.tif,0.8,1,1147723998,156,30.2294,31.9511,1.7217
300M,chip_280_560_merged.tif,0.8,2,767117367,156,30.756,32.9003,2.1443
300M,chip_280_560_merged.tif,0.8,3,287171849,156,30.7539,33.1452,2.3913
300M,chip_280_560_merged.tif,0.8,4,2054048866,156,31.7053,33.4734,1.7682
300M,chip_281_270_merged.tif,0.2,0,1516418804,39,36.2016,38.3823,2.1807
300M,chip_281_270_merged.tif,0.2,1,1135812173,39,33.9309,38.4514,4.5205
300M,chip_281_270_merged.tif,0.2,2,655866655,39,30.869,37.332,6.463
300M,chip_281_270_merged.tif,0.2,3,275260024,39,33.8887,38.5377,4.6491
300M,chip_281_270_merged.tif,0.2,4,1942798154,39,32.8591,38.1226,5.2635
300M,chip_281_270_merged.tif,0.4,0,1355803471,78,31.5052,36.2113,4.7061
300M,chip_281_270_merged.tif,0.4,1,975196840,78,32.1433,36.6091,4.4658
300M,chip_281_270_merged.tif,0.4,2,495251322,78,29.1813,37.2119,8.0306
300M,chip_281_270_merged.tif,0.4,3,114644691,78,29.1812,36.9926,7.8114
300M,chip_281_270_merged.tif,0.4,4,1782182821,78,31.9586,36.2427,4.2841
300M,chip_281_270_merged.tif,0.6,0,612505264,117,31.0971,35.1594,4.0623
300M,chip_281_270_merged.tif,0.6,1,231898633,117,31.0506,34.5106,3.46
300M,chip_281_270_merged.tif,0.6,2,1899436763,117,29.707,36.4669,6.7599
300M,chip_281_270_merged.tif,0.6,3,1518830132,117,31.1141,33.6466,2.5326
300M,chip_281_270_merged.tif,0.6,4,1038884614,117,30.0861,36.1897,6.1036
300M,chip_281_270_merged.tif,0.8,0,129913068,156,28.639,33.5027,4.8637
300M,chip_281_270_merged.tif,0.8,1,1896790085,156,30.1091,31.3637,1.2546
300M,chip_281_270_merged.tif,0.8,2,1416844567,156,28.6541,34.3829,5.7288
300M,chip_281_270_merged.tif,0.8,3,1036237936,156,30.1126,32.2991,2.1865
300M,chip_281_270_merged.tif,0.8,4,556292418,156,29.6237,32.8533,3.2295
300M,chip_281_402_merged.tif,0.2,0,603216780,39,31.6755,37.0407,5.3652
300M,chip_281_402_merged.tif,0.2,1,123271262,39,36.0069,36.7414,0.7345
300M,chip_281_402_merged.tif,0.2,2,1890148279,39,33.8287,36.8636,3.0349
300M,chip_281_402_merged.tif,0.2,3,1509541648,39,35.8478,36.5499,0.7021
300M,chip_281_402_merged.tif,0.2,4,1029596130,39,35.7179,37.5144,1.7965
300M,chip_281_402_merged.tif,0.4,0,442601447,78,35.469,35.8845,0.4155
300M,chip_281_402_merged.tif,0.4,1,2110139577,78,30.9605,36.1562,5.1956
300M,chip_281_402_merged.tif,0.4,2,1729532946,78,33.7183,35.9866,2.2683
300M,chip_281_402_merged.tif,0.4,3,1249587428,78,32.3411,36.2061,3.8649
300M,chip_281_402_merged.tif,0.4,4,868980797,78,30.9607,35.9887,5.028
300M,chip_281_402_merged.tif,0.6,0,1846786888,117,31.9886,35.7339,3.7453
300M,chip_281_402_merged.tif,0.6,1,1366841370,117,31.9291,35.0753,3.1462
300M,chip_281_402_merged.tif,0.6,2,986234739,117,32.8238,35.2254,2.4016
300M,chip_281_402_merged.tif,0.6,3,506289221,117,32.135,35.5378,3.4028
300M,chip_281_402_merged.tif,0.6,4,125682590,117,31.9876,35.6571,3.6695
300M,chip_281_402_merged.tif,0.8,0,1364194692,156,32.1034,31.8531,-0.2503
300M,chip_281_402_merged.tif,0.8,1,884249174,156,30.0324,34.1079,4.0755
300M,chip_281_402_merged.tif,0.8,2,503642543,156,30.8922,34.3971,3.5049
300M,chip_281_402_merged.tif,0.8,3,123035912,156,30.0497,33.5403,3.4906
300M,chip_281_402_merged.tif,0.8,4,1790574042,156,32.5804,33.912,1.3317
300M,chip_282_263_merged.tif,0.2,0,129735331,39,30.5015,36.4622,5.9608
300M,chip_282_263_merged.tif,0.2,1,1797273461,39,36.4721,38.5368,2.0646
300M,chip_282_263_merged.tif,0.2,2,1416666830,39,30.0576,35.6939,5.6363
300M,chip_282_263_merged.tif,0.2,3,936721312,39,31.6898,35.7756,4.0858
300M,chip_282_263_merged.tif,0.2,4,556114681,39,30.9548,34.772,3.8172
300M,chip_282_263_merged.tif,0.4,0,2017264759,78,30.464,37.1076,6.6435
300M,chip_282_263_merged.tif,0.4,1,1636658128,78,29.5682,35.8686,6.3004
300M,chip_282_263_merged.tif,0.4,2,1256051497,78,30.184,36.8303,6.6462
300M,chip_282_263_merged.tif,0.4,3,776105979,78,31.9252,35.3217,3.3964
300M,chip_282_263_merged.tif,0.4,4,395499348,78,31.5575,36.7936,5.2361
300M,chip_282_263_merged.tif,0.6,0,1273966552,117,29.6852,33.1875,3.5023
300M,chip_282_263_merged.tif,0.6,1,893359921,117,29.3382,34.9087,5.5705
300M,chip_282_263_merged.tif,0.6,2,512753290,117,28.5716,34.2242,5.6526
300M,chip_282_263_merged.tif,0.6,3,32807772,117,29.3616,34.8886,5.527
300M,chip_282_263_merged.tif,0.6,4,1799684789,117,29.5335,34.7272,5.1937
300M,chip_282_263_merged.tif,0.8,0,890713243,156,29.0928,32.5244,3.4316
300M,chip_282_263_merged.tif,0.8,1,410767725,156,28.7722,31.9771,3.2049
300M,chip_282_263_merged.tif,0.8,2,30161094,156,28.8335,32.1837,3.3502
300M,chip_282_263_merged.tif,0.8,3,1697699224,156,28.8115,32.9644,4.1529
300M,chip_282_263_merged.tif,0.8,4,1317092593,156,29.1676,32.4788,3.3112
300M,chip_282_562_merged.tif,0.2,0,2052480145,39,26.3809,33.2861,6.9052
300M,chip_282_562_merged.tif,0.2,1,1671873514,39,35.7768,32.4677,-3.3091
300M,chip_282_562_merged.tif,0.2,2,1191927996,39,36.2194,32.4499,-3.7696
300M,chip_282_562_merged.tif,0.2,3,811321365,39,29.8198,32.9803,3.1605
300M,chip_282_562_merged.tif,0.2,4,430714734,39,27.0849,34.1342,7.0493
300M,chip_282_562_merged.tif,0.4,0,1891864812,78,25.1386,32.978,7.8394
300M,chip_282_562_merged.tif,0.4,1,1511258181,78,22.1264,32.649,10.5226
300M,chip_282_562_merged.tif,0.4,2,1031312663,78,35.14,32.7833,-2.3566
300M,chip_282_562_merged.tif,0.4,3,650706032,78,22.398,32.2875,9.8895
300M,chip_282_562_merged.tif,0.4,4,170760514,78,36.6554,30.4321,-6.2233
300M,chip_282_562_merged.tif,0.6,0,1148566605,117,30.8358,29.9701,-0.8658
300M,chip_282_562_merged.tif,0.6,1,767959974,117,23.5574,29.3906,5.8332
300M,chip_282_562_merged.tif,0.6,2,288014456,117,26.696,30.6297,3.9337
300M,chip_282_562_merged.tif,0.6,3,2054891473,117,23.1186,31.3113,8.1926
300M,chip_282_562_merged.tif,0.6,4,1574945955,117,26.361,30.2589,3.8979
300M,chip_282_562_merged.tif,0.8,0,665974409,156,24.0546,29.0488,4.9942
300M,chip_282_562_merged.tif,0.8,1,285367778,156,24.2794,29.2347,4.9553
300M,chip_282_562_merged.tif,0.8,2,1952905908,156,24.0574,27.1867,3.1293
300M,chip_282_562_merged.tif,0.8,3,1572299277,156,24.4149,29.3885,4.9735
300M,chip_282_562_merged.tif,0.8,4,1191692646,156,24.2783,29.5193,5.241
300M,chip_283_431_merged.tif,0.2,0,446823579,39,36.1116,38.7464,2.6348
300M,chip_283_431_merged.tif,0.2,1,2114361709,39,36.1868,39.9922,3.8054
300M,chip_283_431_merged.tif,0.2,2,1733755078,39,36.4674,38.6794,2.212
300M,chip_283_431_merged.tif,0.2,3,1253809560,39,36.8791,38.7321,1.853
300M,chip_283_431_merged.tif,0.2,4,873202929,39,36.4134,38.7283,2.3149
300M,chip_283_431_merged.tif,0.4,0,286208246,78,33.1135,38.6025,5.489
300M,chip_283_431_merged.tif,0.4,1,1953746376,78,35.3617,37.8534,2.4916
300M,chip_283_431_merged.tif,0.4,2,1573139745,78,33.4667,38.6089,5.1422
300M,chip_283_431_merged.tif,0.4,3,1093194227,78,33.4643,38.4305,4.9662
300M,chip_283_431_merged.tif,0.4,4,712587596,78,35.36,38.398,3.038
300M,chip_283_431_merged.tif,0.6,0,1690393687,117,35.8844,37.671,1.7865
300M,chip_283_431_merged.tif,0.6,1,1210448169,117,36.2719,37.8046,1.5327
300M,chip_283_431_merged.tif,0.6,2,829841538,117,34.9711,37.9632,2.9922
300M,chip_283_431_merged.tif,0.6,3,349896020,117,29.6886,37.7155,8.027
300M,chip_283_431_merged.tif,0.6,4,2116773037,117,35.5063,37.748,2.2417
300M,chip_283_431_merged.tif,0.8,0,1207801491,156,30.469,33.56,3.091
300M,chip_283_431_merged.tif,0.8,1,727855973,156,30.3973,36.1688,5.7714
300M,chip_283_431_merged.tif,0.8,2,347249342,156,30.0605,36.7817,6.7212
300M,chip_283_431_merged.tif,0.8,3,2014787472,156,30.467,37.4987,7.0317
300M,chip_283_431_merged.tif,0.8,4,1634180841,156,32.7679,36.3973,3.6293
300M,chip_284_263_merged.tif,0.2,0,45181829,39,32.7669,37.6187,4.8517
300M,chip_284_263_merged.tif,0.2,1,1812058846,39,36.9752,37.2981,0.3229
300M,chip_284_263_merged.tif,0.2,2,1332113328,39,33.3762,37.4334,4.0572
300M,chip_284_263_merged.tif,0.2,3,951506697,39,34.2915,36.1839,1.8925
300M,chip_284_263_merged.tif,0.2,4,471561179,39,37.1915,36.1379,-1.0536
300M,chip_284_263_merged.tif,0.4,0,1226729294,78,33.6333,36.9689,3.3356
300M,chip_284_263_merged.tif,0.4,1,746783776,78,33.9703,36.766,2.7958
300M,chip_284_263_merged.tif,0.4,2,366177145,78,33.9704,36.3565,2.3861
300M,chip_284_263_merged.tif,0.4,3,2033715275,78,33.4323,36.3275,2.8952
300M,chip_284_263_merged.tif,0.4,4,1653108644,78,30.0987,36.9692,6.8705
300M,chip_284_263_merged.tif,0.6,0,1288751937,117,31.6685,37.0239,5.3555
300M,chip_284_263_merged.tif,0.6,1,908145306,117,33.1372,35.2602,2.123
300M,chip_284_263_merged.tif,0.6,2,428199788,117,31.6463,36.4627,4.8164
300M,chip_284_263_merged.tif,0.6,3,47593157,117,31.641,35.4008,3.7598
300M,chip_284_263_merged.tif,0.6,4,1715131287,117,30.6127,35.8787,5.266
300M,chip_284_263_merged.tif,0.8,0,806159741,156,31.572,33.6022,2.0302
300M,chip_284_263_merged.tif,0.8,1,425553110,156,32.7926,34.8759,2.0833
300M,chip_284_263_merged.tif,0.8,2,2093091240,156,32.573,34.266,1.693
300M,chip_284_263_merged.tif,0.8,3,1712484609,156,32.017,34.8561,2.8391
300M,chip_284_263_merged.tif,0.8,4,1232539091,156,32.7699,34.4168,1.6469
300M,chip_285_307_merged.tif,0.2,0,799851891,39,31.7844,36.0652,4.2808
300M,chip_285_307_merged.tif,0.2,1,419245260,39,33.4295,34.8156,1.3861
300M,chip_285_307_merged.tif,0.2,2,2086783390,39,32.0054,38.168,6.1625
300M,chip_285_307_merged.tif,0.2,3,1706176759,39,33.5356,36.5774,3.0418
300M,chip_285_307_merged.tif,0.2,4,1325570128,39,31.3684,36.7529,5.3846
300M,chip_285_307_merged.tif,0.4,0,639236558,78,31.5639,36.1231,4.5592
300M,chip_285_307_merged.tif,0.4,1,258629927,78,31.7616,36.5391,4.7775
300M,chip_285_307_merged.tif,0.4,2,1926168057,78,31.1192,35.6993,4.5801
300M,chip_285_307_merged.tif,0.4,3,1545561426,78,29.9798,36.213,6.2332
300M,chip_285_307_merged.tif,0.4,4,1065615908,78,29.9785,36.289,6.3105
300M,chip_285_307_merged.tif,0.6,0,2043421999,117,30.1007,34.9132,4.8125
300M,chip_285_307_merged.tif,0.6,1,1662815368,117,29.7119,34.6964,4.9846
300M,chip_285_307_merged.tif,0.6,2,1182869850,117,31.6013,34.7471,3.1459
300M,chip_285_307_merged.tif,0.6,3,802263219,117,30.1018,34.3594,4.2576
300M,chip_285_307_merged.tif,0.6,4,322317701,117,31.6165,35.4563,3.8398
300M,chip_285_307_merged.tif,0.8,0,1560829803,156,29.8489,33.6113,3.7623
300M,chip_285_307_merged.tif,0.8,1,1180223172,156,29.8408,32.5923,2.7515
300M,chip_285_307_merged.tif,0.8,2,700277654,156,29.8464,33.6587,3.8123
300M,chip_285_307_merged.tif,0.8,3,319671023,156,30.9176,33.476,2.5583
300M,chip_285_307_merged.tif,0.8,4,2086548040,156,29.2243,33.7996,4.5753
300M,chip_291_134_merged.tif,0.2,0,305499076,39,33.3272,37.6228,4.2955
300M,chip_291_134_merged.tif,0.2,1,2072376093,39,33.329,37.6992,4.3702
300M,chip_291_134_merged.tif,0.2,2,1592430575,39,31.5364,35.478,3.9415
300M,chip_291_134_merged.tif,0.2,3,1211823944,39,37.7246,36.0636,-1.661
300M,chip_291_134_merged.tif,0.2,4,831217313,39,32.8714,39.4563,6.585
300M,chip_291_134_merged.tif,0.4,0,144883743,78,36.2792,35.4873,-0.7919
300M,chip_291_134_merged.tif,0.4,1,1911760760,78,30.7058,37.953,7.2472
300M,chip_291_134_merged.tif,0.4,2,1431815242,78,33.1502,36.5961,3.4459
300M,chip_291_134_merged.tif,0.4,3,1051208611,78,31.6453,37.5016,5.8563
300M,chip_291_134_merged.tif,0.4,4,571263093,78,33.8849,36.721,2.8361
300M,chip_291_134_merged.tif,0.6,0,1549069184,117,31.1988,35.9344,4.7356
300M,chip_291_134_merged.tif,0.6,1,1168462553,117,32.9231,35.1023,2.1793
300M,chip_291_134_merged.tif,0.6,2,688517035,117,32.3416,35.4178,3.0762
300M,chip_291_134_merged.tif,0.6,3,307910404,117,30.9372,36.1288,5.1916
300M,chip_291_134_merged.tif,0.6,4,1975448534,117,35.1732,33.9892,-1.184
300M,chip_291_134_merged.tif,0.8,0,1066476988,156,33.7585,34.6421,0.8837
300M,chip_291_134_merged.tif,0.8,1,685870357,156,33.3998,35.8382,2.4384
300M,chip_291_134_merged.tif,0.8,2,205924839,156,32.8949,34.6494,1.7544
300M,chip_291_134_merged.tif,0.8,3,1972801856,156,33.656,35.3097,1.6537
300M,chip_291_134_merged.tif,0.8,4,1592195225,156,31.8019,34.8277,3.0257
300M,chip_292_552_merged.tif,0.2,0,1164356626,39,34.1814,35.8934,1.712
300M,chip_292_552_merged.tif,0.2,1,783749995,39,33.7763,36.5423,2.7659
300M,chip_292_552_merged.tif,0.2,2,303804477,39,30.3184,36.192,5.8736
300M,chip_292_552_merged.tif,0.2,3,2070681494,39,31.7619,36.5894,4.8275
300M,chip_292_552_merged.tif,0.2,4,1590735976,39,33.1164,36.6764,3.5599
300M,chip_292_552_merged.tif,0.4,0,1003741293,78,32.9455,34.8546,1.9091
300M,chip_292_552_merged.tif,0.4,1,623134662,78,29.7218,36.3059,6.5842
300M,chip_292_552_merged.tif,0.4,2,143189144,78,30.7407,35.6827,4.9419
300M,chip_292_552_merged.tif,0.4,3,1910066161,78,30.8902,36.4407,5.5505
300M,chip_292_552_merged.tif,0.4,4,1430120643,78,30.4013,36.6028,6.2014
300M,chip_292_552_merged.tif,0.6,0,260443086,117,29.4385,35.4664,6.0279
300M,chip_292_552_merged.tif,0.6,1,2027320103,117,30.2773,35.0707,4.7934
300M,chip_292_552_merged.tif,0.6,2,1547374585,117,31.6821,35.0385,3.3564
300M,chip_292_552_merged.tif,0.6,3,1166767954,117,31.1961,34.5338,3.3377
300M,chip_292_552_merged.tif,0.6,4,686822436,117,28.9001,35.1634,6.2633
300M,chip_292_552_merged.tif,0.8,0,1925334538,156,28.4154,33.2451,4.8297
300M,chip_292_552_merged.tif,0.8,1,1544727907,156,28.409,33.1526,4.7437
300M,chip_292_552_merged.tif,0.8,2,1064782389,156,29.5492,33.2745,3.7254
300M,chip_292_552_merged.tif,0.8,3,684175758,156,30.7909,33.0518,2.2609
300M,chip_292_552_merged.tif,0.8,4,204230240,156,30.8687,31.9817,1.113
300M,chip_296_540_merged.tif,0.2,0,1326991753,39,33.9297,35.5634,1.6336
300M,chip_296_540_merged.tif,0.2,1,946385122,39,30.4473,34.5853,4.138
300M,chip_296_540_merged.tif,0.2,2,466439604,39,29.0589,34.0932,5.0343
300M,chip_296_540_merged.tif,0.2,3,85832973,39,31.8356,34.3598,2.5241
300M,chip_296_540_merged.tif,0.2,4,1753371103,39,32.2054,35.0544,2.849
300M,chip_296_540_merged.tif,0.4,0,1166376420,78,31.7767,35.0109,3.2342
300M,chip_296_540_merged.tif,0.4,1,686430902,78,29.8941,33.4814,3.5874
300M,chip_296_540_merged.tif,0.4,2,305824271,78,28.0397,34.2141,6.1743
300M,chip_296_540_merged.tif,0.4,3,2072701288,78,31.9809,33.1569,1.176
300M,chip_296_540_merged.tif,0.4,4,1592755770,78,31.9806,32.795,0.8144
300M,chip_296_540_merged.tif,0.6,0,423078213,117,31.4594,32.2561,0.7966
300M,chip_296_540_merged.tif,0.6,1,2090616343,117,30.4787,33.9357,3.457
300M,chip_296_540_merged.tif,0.6,2,1710009712,117,31.1922,33.0416,1.8494
300M,chip_296_540_merged.tif,0.6,3,1329403081,117,31.6656,33.5157,1.8501
300M,chip_296_540_merged.tif,0.6,4,849457563,117,30.3287,33.5319,3.2032
300M,chip_296_540_merged.tif,0.8,0,2087969665,156,28.3185,32.0314,3.7129
300M,chip_296_540_merged.tif,0.8,1,1707363034,156,28.2844,32.1793,3.895
300M,chip_296_540_merged.tif,0.8,2,1227417516,156,28.9959,31.4672,2.4713
300M,chip_296_540_merged.tif,0.8,3,846810885,156,28.976,31.6605,2.6845
300M,chip_296_540_merged.tif,0.8,4,366865367,156,30.5176,31.5276,1.01
300M,chip_298_351_merged.tif,0.2,0,1346420959,39,35.4856,37.9086,2.423
300M,chip_298_351_merged.tif,0.2,1,965814328,39,35.0862,38.6069,3.5207
300M,chip_298_351_merged.tif,0.2,2,485868810,39,35.8973,37.9482,2.0508
300M,chip_298_351_merged.tif,0.2,3,105262179,39,34.7452,38.8481,4.1029
300M,chip_298_351_merged.tif,0.2,4,1772800309,39,36.7484,39.1633,2.415
300M,chip_298_351_merged.tif,0.4,0,380484776,78,35.2443,37.3456,2.1013
300M,chip_298_351_merged.tif,0.4,1,2048022906,78,35.453,37.9151,2.4621
300M,chip_298_351_merged.tif,0.4,2,1667416275,78,35.5382,37.575,2.0369
300M,chip_298_351_merged.tif,0.4,3,1187470757,78,36.3257,38.3794,2.0538
300M,chip_298_351_merged.tif,0.4,4,806864126,78,36.754,38.1783,1.4243
300M,chip_298_351_merged.tif,0.6,0,442507419,117,36.2943,37.4902,1.1959
300M,chip_298_351_merged.tif,0.6,1,61900788,117,35.3661,37.1698,1.8037
300M,chip_298_351_merged.tif,0.6,2,1729438918,117,34.4344,37.5294,3.095
300M,chip_298_351_merged.tif,0.6,3,1348832287,117,35.632,38.1946,2.5626
300M,chip_298_351_merged.tif,0.6,4,868886769,117,35.3547,37.3446,1.9899
300M,chip_298_351_merged.tif,0.8,0,2107398871,156,34.7513,36.8211,2.0697
300M,chip_298_351_merged.tif,0.8,1,1726792240,156,35.144,36.5338,1.3898
300M,chip_298_351_merged.tif,0.8,2,1246846722,156,34.8819,36.6071,1.7252
300M,chip_298_351_merged.tif,0.8,3,866240091,156,34.1033,36.5514,2.4482
300M,chip_298_351_merged.tif,0.8,4,386294573,156,34.1607,36.7369,2.5762
300M,chip_299_453_merged.tif,0.2,0,1124566588,39,35.1855,38.9986,3.8132
300M,chip_299_453_merged.tif,0.2,1,743959957,39,37.0355,38.7095,1.674
300M,chip_299_453_merged.tif,0.2,2,264014439,39,35.1886,38.4794,3.2909
300M,chip_299_453_merged.tif,0.2,3,2030891456,39,36.8089,39.2454,2.4365
300M,chip_299_453_merged.tif,0.2,4,1650284825,39,37.2284,37.9398,0.7114
300M,chip_299_453_merged.tif,0.4,0,963951255,78,36.0343,37.4628,1.4286
300M,chip_299_453_merged.tif,0.4,1,583344624,78,32.7224,38.3681,5.6457
300M,chip_299_453_merged.tif,0.4,2,103399106,78,35.2907,36.9428,1.6521
300M,chip_299_453_merged.tif,0.4,3,1870276123,78,29.146,35.9119,6.7659
300M,chip_299_453_merged.tif,0.4,4,1390330605,78,31.2728,37.1454,5.8726
300M,chip_299_453_merged.tif,0.6,0,220653048,117,32.2825,35.7718,3.4892
300M,chip_299_453_merged.tif,0.6,1,1987530065,117,32.2525,36.1892,3.9367
300M,chip_299_453_merged.tif,0.6,2,1507584547,117,35.7637,34.448,-1.3157
300M,chip_299_453_merged.tif,0.6,3,1126977916,117,32.3555,37.2514,4.8959
300M,chip_299_453_merged.tif,0.6,4,647032398,117,33.6631,35.4218,1.7587
300M,chip_299_453_merged.tif,0.8,0,1885544500,156,32.3869,32.9272,0.5403
300M,chip_299_453_merged.tif,0.8,1,1504937869,156,32.9244,34.4221,1.4977
300M,chip_299_453_merged.tif,0.8,2,1024992351,156,29.6324,32.2273,2.5948
300M,chip_299_453_merged.tif,0.8,3,644385720,156,29.7189,33.6371,3.9182
300M,chip_299_453_merged.tif,0.8,4,263779089,156,32.6834,35.3818,2.6984
300M,chip_302_301_merged.tif,0.2,0,160416071,39,32.5555,39.1413,6.5858
300M,chip_302_301_merged.tif,0.2,1,1927293088,39,32.7914,37.9059,5.1144
300M,chip_302_301_merged.tif,0.2,2,1447347570,39,33.0154,37.8651,4.8497
300M,chip_302_301_merged.tif,0.2,3,1066740939,39,32.0307,38.5784,6.5477
300M,chip_302_301_merged.tif,0.2,4,586795421,39,34.9236,38.4326,3.509
300M,chip_302_301_merged.tif,0.4,0,2147284386,78,30.9774,36.874,5.8966
300M,chip_302_301_merged.tif,0.4,1,1667338868,78,30.8654,36.549,5.6836
300M,chip_302_301_merged.tif,0.4,2,1286732237,78,30.9785,37.0737,6.0953
300M,chip_302_301_merged.tif,0.4,3,906125606,78,32.4373,36.9826,4.5452
300M,chip_302_301_merged.tif,0.4,4,426180088,78,30.8648,36.6646,5.7998
300M,chip_302_301_merged.tif,0.6,0,1403986179,117,32.3601,34.9752,2.6151
300M,chip_302_301_merged.tif,0.6,1,1023379548,117,32.6645,35.514,2.8496
300M,chip_302_301_merged.tif,0.6,2,543434030,117,31.3966,35.9504,4.5538
300M,chip_302_301_merged.tif,0.6,3,162827399,117,30.9253,35.8437,4.9184
300M,chip_302_301_merged.tif,0.6,4,1830365529,117,32.0991,35.1018,3.0028
300M,chip_302_301_merged.tif,0.8,0,921393983,156,32.037,34.4959,2.4589
300M,chip_302_301_merged.tif,0.8,1,540787352,156,32.3664,34.1782,1.8118
300M,chip_302_301_merged.tif,0.8,2,60841834,156,32.12,33.2366,1.1166
300M,chip_302_301_merged.tif,0.8,3,1827718851,156,32.0827,34.2172,2.1345
300M,chip_302_301_merged.tif,0.8,4,1347773333,156,31.2919,34.1381,2.8462
300M,chip_308_293_merged.tif,0.2,0,2013562939,39,34.0396,37.1707,3.1312
300M,chip_308_293_merged.tif,0.2,1,1632956308,39,34.8867,36.9731,2.0863
300M,chip_308_293_merged.tif,0.2,2,1153010790,39,33.6402,36.9768,3.3366
300M,chip_308_293_merged.tif,0.2,3,772404159,39,35.1101,37.8881,2.778
300M,chip_308_293_merged.tif,0.2,4,391797528,39,34.7346,35.6217,0.8871
300M,chip_308_293_merged.tif,0.4,0,1852947606,78,34.3432,37.3476,3.0044
300M,chip_308_293_merged.tif,0.4,1,1472340975,78,34.343,36.8407,2.4977
300M,chip_308_293_merged.tif,0.4,2,992395457,78,32.2733,36.5866,4.3132
300M,chip_308_293_merged.tif,0.4,3,611788826,78,33.3342,36.1619,2.8276
300M,chip_308_293_merged.tif,0.4,4,131843308,78,34.1038,37.6766,3.5728
300M,chip_308_293_merged.tif,0.6,0,1109649399,117,32.76,34.9453,2.1854
300M,chip_308_293_merged.tif,0.6,1,729042768,117,32.7871,36.6098,3.8227
300M,chip_308_293_merged.tif,0.6,2,249097250,117,31.6939,35.7117,4.0178
300M,chip_308_293_merged.tif,0.6,3,2015974267,117,33.0547,35.9112,2.8565
300M,chip_308_293_merged.tif,0.6,4,1536028749,117,33.0577,35.8838,2.8261
300M,chip_308_293_merged.tif,0.8,0,627057203,156,32.9897,34.2515,1.2618
300M,chip_308_293_merged.tif,0.8,1,246450572,156,33.3813,34.7607,1.3794
300M,chip_308_293_merged.tif,0.8,2,1913988702,156,31.4701,34.9021,3.432
300M,chip_308_293_merged.tif,0.8,3,1533382071,156,31.2291,34.0515,2.8224
300M,chip_308_293_merged.tif,0.8,4,1152775440,156,31.4281,34.302,2.8739
300M,chip_308_517_merged.tif,0.2,0,2132540792,39,33.4809,35.0263,1.5454
300M,chip_308_517_merged.tif,0.2,1,1652595274,39,31.0523,35.6197,4.5674
300M,chip_308_517_merged.tif,0.2,2,1271988643,39,32.9564,35.0289,2.0725
300M,chip_308_517_merged.tif,0.2,3,891382012,39,32.5595,35.403,2.8435
300M,chip_308_517_merged.tif,0.2,4,411436494,39,32.0221,36.2182,4.1961
300M,chip_308_517_merged.tif,0.4,0,1067265722,78,30.5788,35.2892,4.7103
300M,chip_308_517_merged.tif,0.4,1,686659091,78,31.0066,35.4121,4.4055
300M,chip_308_517_merged.tif,0.4,2,206713573,78,31.3856,34.7939,3.4083
300M,chip_308_517_merged.tif,0.4,3,1973590590,78,28.5114,34.3573,5.8459
300M,chip_308_517_merged.tif,0.4,4,1592983959,78,29.7255,35.0755,5.3501
300M,chip_308_517_merged.tif,0.6,0,323967515,117,31.1778,34.0274,2.8496
300M,chip_308_517_merged.tif,0.6,1,2090844532,117,30.2581,34.2731,4.0151
300M,chip_308_517_merged.tif,0.6,2,1710237901,117,28.7406,33.7684,5.0277
300M,chip_308_517_merged.tif,0.6,3,1230292383,117,29.9487,34.0791,4.1304
300M,chip_308_517_merged.tif,0.6,4,849685752,117,30.7436,33.8803,3.1366
300M,chip_308_517_merged.tif,0.8,0,2088197854,156,29.0672,31.4462,2.379
300M,chip_308_517_merged.tif,0.8,1,1608252336,156,30.7562,31.7306,0.9744
300M,chip_308_517_merged.tif,0.8,2,1227645705,156,30.4646,32.0784,1.6138
300M,chip_308_517_merged.tif,0.8,3,747700187,156,29.0673,32.5725,3.5052
300M,chip_308_517_merged.tif,0.8,4,367093556,156,29.8732,31.9106,2.0374
300M,chip_310_469_merged.tif,0.2,0,1268299536,39,35.5638,38.6427,3.0789
300M,chip_310_469_merged.tif,0.2,1,887692905,39,35.5636,39.5106,3.947
300M,chip_310_469_merged.tif,0.2,2,407747387,39,35.5646,38.0197,2.4551
300M,chip_310_469_merged.tif,0.2,3,27140756,39,36.6437,38.5988,1.9551
300M,chip_310_469_merged.tif,0.2,4,1694678886,39,33.4621,38.6635,5.2014
300M,chip_310_469_merged.tif,0.4,0,1107684203,78,34.8585,38.1746,3.3162
300M,chip_310_469_merged.tif,0.4,1,627738685,78,33.8535,38.4509,4.5973
300M,chip_310_469_merged.tif,0.4,2,247132054,78,34.8589,38.2381,3.3791
300M,chip_310_469_merged.tif,0.4,3,2014009071,78,34.7209,38.2061,3.4852
300M,chip_310_469_merged.tif,0.4,4,1534063553,78,34.7906,37.7852,2.9945
300M,chip_310_469_merged.tif,0.6,0,364385996,117,33.7608,37.4001,3.6393
300M,chip_310_469_merged.tif,0.6,1,2131263013,117,33.9218,38.0318,4.11
300M,chip_310_469_merged.tif,0.6,2,1651317495,117,34.1207,37.7943,3.6735
300M,chip_310_469_merged.tif,0.6,3,1270710864,117,33.7654,37.6604,3.895
300M,chip_310_469_merged.tif,0.6,4,790765346,117,34.1743,36.773,2.5987
300M,chip_310_469_merged.tif,0.8,0,2029277448,156,34.59,36.6601,2.0701
300M,chip_310_469_merged.tif,0.8,1,1648670817,156,34.5892,36.0507,1.4615
300M,chip_310_469_merged.tif,0.8,2,1168725299,156,33.2145,36.2184,3.0039
300M,chip_310_469_merged.tif,0.8,3,788118668,156,33.4781,37.1124,3.6343
300M,chip_310_469_merged.tif,0.8,4,308173150,156,34.5892,36.6218,2.0326
300M,chip_311_380_merged.tif,0.2,0,922365505,39,32.4814,35.7866,3.3051
300M,chip_311_380_merged.tif,0.2,1,541758874,39,34.7822,36.4795,1.6973
300M,chip_311_380_merged.tif,0.2,2,161152243,39,31.9117,35.6756,3.7639
300M,chip_311_380_merged.tif,0.2,3,1828690373,39,33.2472,35.8732,2.626
300M,chip_311_380_merged.tif,0.2,4,1448083742,39,31.7212,34.4526,2.7313
300M,chip_311_380_merged.tif,0.4,0,761750172,78,29.0431,35.218,6.1749
300M,chip_311_380_merged.tif,0.4,1,381143541,78,28.5744,35.525,6.9506
300M,chip_311_380_merged.tif,0.4,2,2048681671,78,32.0379,35.9223,3.8844
300M,chip_311_380_merged.tif,0.4,3,1668075040,78,29.5773,35.1954,5.6181
300M,chip_311_380_merged.tif,0.4,4,1287468409,78,26.2227,34.9171,8.6944
300M,chip_311_380_merged.tif,0.6,0,18451965,117,27.9364,34.6826,6.7462
300M,chip_311_380_merged.tif,0.6,1,1785328982,117,26.3356,33.7278,7.3922
300M,chip_311_380_merged.tif,0.6,2,1305383464,117,26.3447,34.1737,7.829
300M,chip_311_380_merged.tif,0.6,3,924776833,117,30.7123,34.1914,3.4791
300M,chip_311_380_merged.tif,0.6,4,544170202,117,31.6431,34.6776,3.0345
300M,chip_311_380_merged.tif,0.8,0,1683343417,156,26.1724,32.1406,5.9683
300M,chip_311_380_merged.tif,0.8,1,1302736786,156,28.584,32.7255,4.1415
300M,chip_311_380_merged.tif,0.8,2,922130155,156,26.9273,33.6257,6.6984
300M,chip_311_380_merged.tif,0.8,3,442184637,156,27.0904,32.7502,5.6598
300M,chip_311_380_merged.tif,0.8,4,61578006,156,26.193,33.6528,7.4598
300M,chip_311_469_merged.tif,0.2,0,77174198,39,37.8431,42.1601,4.317
300M,chip_311_469_merged.tif,0.2,1,1844051215,39,41.6686,41.4487,-0.2199
300M,chip_311_469_merged.tif,0.2,2,1364105697,39,36.1289,39.9693,3.8404
300M,chip_311_469_merged.tif,0.2,3,983499066,39,38.0231,42.8215,4.7985
300M,chip_311_469_merged.tif,0.2,4,602892435,39,36.1297,41.8622,5.7325
300M,chip_311_469_merged.tif,0.4,0,2064042513,78,40.8098,41.3397,0.5298
300M,chip_311_469_merged.tif,0.4,1,1683435882,78,36.4592,41.5273,5.0681
300M,chip_311_469_merged.tif,0.4,2,1203490364,78,37.6673,41.1236,3.4564
300M,chip_311_469_merged.tif,0.4,3,822883733,78,39.6277,41.0636,1.4359
300M,chip_311_469_merged.tif,0.4,4,342938215,78,40.6666,42.3994,1.7327
300M,chip_311_469_merged.tif,0.6,0,1320744306,117,39.5623,41.1631,1.6007
300M,chip_311_469_merged.tif,0.6,1,940137675,117,38.9743,40.3829,1.4086
300M,chip_311_469_merged.tif,0.6,2,460192157,117,38.9997,40.4676,1.4679
300M,chip_311_469_merged.tif,0.6,3,79585526,117,37.1642,38.201,1.0368
300M,chip_311_469_merged.tif,0.6,4,1747123656,117,37.0948,40.8904,3.7956
300M,chip_311_469_merged.tif,0.8,0,838152110,156,36.5399,38.7792,2.2393
300M,chip_311_469_merged.tif,0.8,1,457545479,156,36.5174,39.9787,3.4613
300M,chip_311_469_merged.tif,0.8,2,2125083609,156,36.4878,39.4708,2.983
300M,chip_311_469_merged.tif,0.8,3,1744476978,156,37.4308,37.8627,0.4319
300M,chip_311_469_merged.tif,0.8,4,1363870347,156,35.8941,39.2419,3.3478
300M,chip_312_433_merged.tif,0.2,0,1331191979,39,34.2379,35.2379,1.0
300M,chip_312_433_merged.tif,0.2,1,851246461,39,33.1689,34.5402,1.3713
300M,chip_312_433_merged.tif,0.2,2,470639830,39,35.3413,34.2081,-1.1331
300M,chip_312_433_merged.tif,0.2,3,90033199,39,33.6339,35.3673,1.7333
300M,chip_312_433_merged.tif,0.2,4,1757571329,39,34.3889,35.7257,1.3369
300M,chip_312_433_merged.tif,0.4,0,265916909,78,33.654,34.5515,0.8974
300M,chip_312_433_merged.tif,0.4,1,2032793926,78,33.0725,35.0055,1.933
300M,chip_312_433_merged.tif,0.4,2,1652187295,78,33.6988,35.8595,2.1607
300M,chip_312_433_merged.tif,0.4,3,1172241777,78,33.2946,34.9449,1.6502
300M,chip_312_433_merged.tif,0.4,4,791635146,78,30.8491,35.2436,4.3945
300M,chip_312_433_merged.tif,0.6,0,427278439,117,30.8649,35.0415,4.1766
300M,chip_312_433_merged.tif,0.6,1,2094816569,117,33.7965,33.6326,-0.1639
300M,chip_312_433_merged.tif,0.6,2,1714209938,117,33.7957,34.5747,0.779
300M,chip_312_433_merged.tif,0.6,3,1234264420,117,33.7889,34.2651,0.4762
300M,chip_312_433_merged.tif,0.6,4,853657789,117,30.8954,34.4475,3.5521
300M,chip_312_433_merged.tif,0.8,0,2092169891,156,31.2986,34.032,2.7334
300M,chip_312_433_merged.tif,0.8,1,1612224373,156,31.3209,33.2345,1.9136
300M,chip_312_433_merged.tif,0.8,2,1231617742,156,31.4996,32.6038,1.1042
300M,chip_312_433_merged.tif,0.8,3,851011111,156,31.4506,33.9429,2.4923
300M,chip_312_433_merged.tif,0.8,4,371065593,156,31.3064,32.9505,1.6442
300M,chip_313_236_merged.tif,0.2,0,1849141943,39,32.8278,35.4917,2.6639
300M,chip_313_236_merged.tif,0.2,1,1468535312,39,32.6201,33.9523,1.3322
300M,chip_313_236_merged.tif,0.2,2,1087928681,39,33.4755,34.5181,1.0426
300M,chip_313_236_merged.tif,0.2,3,607983163,39,32.8278,36.4553,3.6275
300M,chip_313_236_merged.tif,0.2,4,227376532,39,31.7318,34.8831,3.1513
300M,chip_313_236_merged.tif,0.4,0,1688526610,78,31.0245,33.6128,2.5882
300M,chip_313_236_merged.tif,0.4,1,1307919979,78,31.3829,35.8071,4.4241
300M,chip_313_236_merged.tif,0.4,2,827974461,78,31.3831,34.8377,3.4547
300M,chip_313_236_merged.tif,0.4,3,447367830,78,32.4335,34.8263,2.3927
300M,chip_313_236_merged.tif,0.4,4,66761199,78,30.7276,34.2858,3.5582
300M,chip_313_236_merged.tif,0.6,0,945228403,117,31.1139,33.6008,2.487
300M,chip_313_236_merged.tif,0.6,1,564621772,117,31.1173,33.7111,2.5938
300M,chip_313_236_merged.tif,0.6,2,84676254,117,31.8872,33.5709,1.6837
300M,chip_313_236_merged.tif,0.6,3,1851553271,117,31.877,34.5343,2.6573
300M,chip_313_236_merged.tif,0.6,4,1470946640,117,31.5372,33.5879,2.0507
300M,chip_313_236_merged.tif,0.8,0,462636207,156,31.41,32.2175,0.8075
300M,chip_313_236_merged.tif,0.8,1,82029576,156,30.7507,32.1667,1.416
300M,chip_313_236_merged.tif,0.8,2,1848906593,156,31.0638,32.5726,1.5088
300M,chip_313_236_merged.tif,0.8,3,1368961075,156,32.0525,32.935,0.8825
300M,chip_313_236_merged.tif,0.8,4,988354444,156,31.7191,32.4125,0.6933
300M,chip_314_342_merged.tif,0.2,0,1859075675,39,33.9009,37.2644,3.3635
300M,chip_314_342_merged.tif,0.2,1,1478469044,39,35.5646,37.4348,1.8702
300M,chip_314_342_merged.tif,0.2,2,998523526,39,37.4704,37.0571,-0.4134
300M,chip_314_342_merged.tif,0.2,3,617916895,39,37.2005,37.152,-0.0485
300M,chip_314_342_merged.tif,0.2,4,137971377,39,35.5643,37.4682,1.9038
300M,chip_314_342_merged.tif,0.4,0,1698460342,78,36.1045,36.9459,0.8413
300M,chip_314_342_merged.tif,0.4,1,1218514824,78,29.8301,36.7581,6.928
300M,chip_314_342_merged.tif,0.4,2,837908193,78,35.3382,37.3045,1.9663
300M,chip_314_342_merged.tif,0.4,3,457301562,78,35.8366,36.8877,1.0512
300M,chip_314_342_merged.tif,0.4,4,2124839692,78,35.337,37.5581,2.221
300M,chip_314_342_merged.tif,0.6,0,1808100998,117,30.4426,36.3614,5.9188
300M,chip_314_342_merged.tif,0.6,1,1328155480,117,30.441,36.5372,6.0962
300M,chip_314_342_merged.tif,0.6,2,947548849,117,34.6633,36.3991,1.7358
300M,chip_314_342_merged.tif,0.6,3,467603331,117,30.1627,36.3224,6.1597
300M,chip_314_342_merged.tif,0.6,4,86996700,117,31.0216,36.6584,5.6367
300M,chip_314_342_merged.tif,0.8,0,472569939,156,33.0838,35.7937,2.7099
300M,chip_314_342_merged.tif,0.8,1,91963308,156,33.0576,36.2334,3.1758
300M,chip_314_342_merged.tif,0.8,2,1759501438,156,32.7158,35.3785,2.6626
300M,chip_314_342_merged.tif,0.8,3,1378894807,156,33.4963,35.6421,2.1458
300M,chip_314_342_merged.tif,0.8,4,898949289,156,30.6952,35.8204,5.1252
300M,chip_314_519_merged.tif,0.2,0,24881390,39,40.1786,37.6095,-2.5691
300M,chip_314_519_merged.tif,0.2,1,1692419520,39,33.7291,38.5375,4.8084
300M,chip_314_519_merged.tif,0.2,2,1311812889,39,38.6851,36.0546,-2.6306
300M,chip_314_519_merged.tif,0.2,3,831867371,39,33.6016,37.6262,4.0245
300M,chip_314_519_merged.tif,0.2,4,451260740,39,28.6368,36.7834,8.1466
300M,chip_314_519_merged.tif,0.4,0,1912410818,78,38.1175,36.8939,-1.2236
300M,chip_314_519_merged.tif,0.4,1,1531804187,78,39.9077,36.2556,-3.6521
300M,chip_314_519_merged.tif,0.4,2,1151197556,78,39.6903,35.9204,-3.7699
300M,chip_314_519_merged.tif,0.4,3,671252038,78,39.2389,37.9287,-1.3102
300M,chip_314_519_merged.tif,0.4,4,290645407,78,28.4683,37.1329,8.6646
300M,chip_314_519_merged.tif,0.6,0,1169112611,117,30.3226,37.019,6.6964
300M,chip_314_519_merged.tif,0.6,1,788505980,117,30.3255,37.5964,7.2709
300M,chip_314_519_merged.tif,0.6,2,407899349,117,33.7261,37.1753,3.4492
300M,chip_314_519_merged.tif,0.6,3,2075437479,117,30.3136,35.9776,5.664
300M,chip_314_519_merged.tif,0.6,4,1694830848,117,30.3093,36.7902,6.4809
300M,chip_314_519_merged.tif,0.8,0,785859302,156,31.3419,35.7074,4.3655
300M,chip_314_519_merged.tif,0.8,1,305913784,156,35.8068,33.8307,-1.9761
300M,chip_314_519_merged.tif,0.8,2,2072790801,156,31.3259,33.3898,2.0639
300M,chip_314_519_merged.tif,0.8,3,1592845283,156,34.3248,33.892,-0.4328
300M,chip_314_519_merged.tif,0.8,4,1212238652,156,34.032,34.6507,0.6187
300M,chip_315_516_merged.tif,0.2,0,1843936569,39,33.2197,37.2708,4.0511
300M,chip_315_516_merged.tif,0.2,1,1363991051,39,34.8126,38.0813,3.2688
300M,chip_315_516_merged.tif,0.2,2,983384420,39,34.3568,37.683,3.3262
300M,chip_315_516_merged.tif,0.2,3,503438902,39,34.4048,37.0451,2.6404
300M,chip_315_516_merged.tif,0.2,4,122832271,39,34.4719,37.2739,2.802
300M,chip_315_516_merged.tif,0.4,0,1583982349,78,33.0727,37.6444,4.5717
300M,chip_315_516_merged.tif,0.4,1,1203375718,78,33.2298,37.2985,4.0686
300M,chip_315_516_merged.tif,0.4,2,822769087,78,32.9464,37.7601,4.8137
300M,chip_315_516_merged.tif,0.4,3,342823569,78,32.3711,37.4,5.029
300M,chip_315_516_merged.tif,0.4,4,2109700586,78,32.8107,37.4242,4.6135
300M,chip_315_516_merged.tif,0.6,0,840684142,117,32.8929,36.5417,3.6488
300M,chip_315_516_merged.tif,0.6,1,460077511,117,34.2655,37.2099,2.9444
300M,chip_315_516_merged.tif,0.6,2,79470880,117,32.2475,36.9134,4.6659
300M,chip_315_516_merged.tif,0.6,3,1747009010,117,34.2495,35.948,1.6985
300M,chip_315_516_merged.tif,0.6,4,1366402379,117,33.44,36.6652,3.2252
300M,chip_315_516_merged.tif,0.8,0,457430833,156,33.7202,34.4231,0.7029
300M,chip_315_516_merged.tif,0.8,1,2124968963,156,33.8218,34.507,0.6852
300M,chip_315_516_merged.tif,0.8,2,1744362332,156,33.8257,35.4604,1.6347
300M,chip_315_516_merged.tif,0.8,3,1264416814,156,33.8141,34.8103,0.9963
300M,chip_315_516_merged.tif,0.8,4,883810183,156,32.368,35.1583,2.7903
300M,chip_316_543_merged.tif,0.2,0,489030854,39,30.5052,35.3405,4.8353
300M,chip_316_543_merged.tif,0.2,1,108424223,39,32.5333,35.6704,3.1371
300M,chip_316_543_merged.tif,0.2,2,1775962353,39,33.4342,37.0556,3.6214
300M,chip_316_543_merged.tif,0.2,3,1395355722,39,30.5048,35.9351,5.4302
300M,chip_316_543_merged.tif,0.2,4,915410204,39,30.8727,36.5359,5.6633
300M,chip_316_543_merged.tif,0.4,0,328415521,78,32.5718,35.9784,3.4067
300M,chip_316_543_merged.tif,0.4,1,1995953651,78,33.7515,35.6256,1.874
300M,chip_316_543_merged.tif,0.4,2,1615347020,78,32.2472,35.0112,2.764
300M,chip_316_543_merged.tif,0.4,3,1135401502,78,32.2162,34.4401,2.2239
300M,chip_316_543_merged.tif,0.4,4,754794871,78,32.313,36.2291,3.9161
300M,chip_316_543_merged.tif,0.6,0,1732600962,117,33.4823,34.2857,0.8034
300M,chip_316_543_merged.tif,0.6,1,1252655444,117,33.1622,35.0816,1.9194
300M,chip_316_543_merged.tif,0.6,2,872048813,117,33.3155,35.2487,1.9332
300M,chip_316_543_merged.tif,0.6,3,392103295,117,33.0204,34.9758,1.9554
300M,chip_316_543_merged.tif,0.6,4,11496664,117,33.3192,34.6963,1.3771
300M,chip_316_543_merged.tif,0.8,0,1250008766,156,32.6703,33.9173,1.2469
300M,chip_316_543_merged.tif,0.8,1,770063248,156,32.5563,34.8986,2.3423
300M,chip_316_543_merged.tif,0.8,2,389456617,156,32.8024,35.0261,2.2237
300M,chip_316_543_merged.tif,0.8,3,8849986,156,32.4524,34.2262,1.7738
300M,chip_316_543_merged.tif,0.8,4,1676388116,156,32.4422,34.534,2.0918
300M,chip_317_528_merged.tif,0.2,0,1986611857,39,32.3358,35.9309,3.5951
300M,chip_317_528_merged.tif,0.2,1,1606005226,39,36.7326,36.2187,-0.5139
300M,chip_317_528_merged.tif,0.2,2,1225398595,39,33.2954,36.1987,2.9033
300M,chip_317_528_merged.tif,0.2,3,745453077,39,32.0306,36.1985,4.168
300M,chip_317_528_merged.tif,0.2,4,364846446,39,33.293,36.8589,3.5659
300M,chip_317_528_merged.tif,0.4,0,1825996524,78,33.6584,35.2454,1.587
300M,chip_317_528_merged.tif,0.4,1,1445389893,78,34.159,36.8255,2.6664
300M,chip_317_528_merged.tif,0.4,2,965444375,78,31.4105,35.2409,3.8304
300M,chip_317_528_merged.tif,0.4,3,584837744,78,33.6581,35.364,1.7059
300M,chip_317_528_merged.tif,0.4,4,104892226,78,33.6308,35.7691,2.1382
300M,chip_317_528_merged.tif,0.6,0,1082698317,117,32.5663,33.978,1.4117
300M,chip_317_528_merged.tif,0.6,1,702091686,117,32.6045,35.4213,2.8168
300M,chip_317_528_merged.tif,0.6,2,222146168,117,33.4046,34.622,1.2174
300M,chip_317_528_merged.tif,0.6,3,1989023185,117,33.248,33.3724,0.1243
300M,chip_317_528_merged.tif,0.6,4,1509077667,117,32.8322,34.2559,1.4237
300M,chip_317_528_merged.tif,0.8,0,600106121,156,32.0269,34.1467,2.1198
300M,chip_317_528_merged.tif,0.8,1,219499490,156,32.0097,33.1767,1.167
300M,chip_317_528_merged.tif,0.8,2,1986376507,156,32.1247,33.5981,1.4734
300M,chip_317_528_merged.tif,0.8,3,1506430989,156,32.8223,33.6856,0.8632
300M,chip_317_528_merged.tif,0.8,4,1125824358,156,32.8014,34.2452,1.4438
300M,chip_317_529_merged.tif,0.2,0,535170148,39,33.2915,35.7335,2.442
300M,chip_317_529_merged.tif,0.2,1,154563517,39,30.5016,35.799,5.2975
300M,chip_317_529_merged.tif,0.2,2,1822101647,39,31.3857,35.3729,3.9871
300M,chip_317_529_merged.tif,0.2,3,1441495016,39,30.0925,35.4435,5.351
300M,chip_317_529_merged.tif,0.2,4,1060888385,39,32.6425,36.1479,3.5054
300M,chip_317_529_merged.tif,0.4,0,1716717613,78,32.0577,35.0681,3.0105
300M,chip_317_529_merged.tif,0.4,1,1236772095,78,33.1987,35.8012,2.6025
300M,chip_317_529_merged.tif,0.4,2,856165464,78,33.1366,35.1338,1.9972
300M,chip_317_529_merged.tif,0.4,3,376219946,78,31.6655,35.1679,3.5024
300M,chip_317_529_merged.tif,0.4,4,2143096963,78,32.8658,35.1485,2.2827
300M,chip_317_529_merged.tif,0.6,0,1778740256,117,33.1661,34.6642,1.4981
300M,chip_317_529_merged.tif,0.6,1,1398133625,117,33.1546,34.9629,1.8083
300M,chip_317_529_merged.tif,0.6,2,918188107,117,32.5362,34.5763,2.0401
300M,chip_317_529_merged.tif,0.6,3,537581476,117,32.6014,34.1368,1.5354
300M,chip_317_529_merged.tif,0.6,4,57635958,117,32.6226,35.1099,2.4873
300M,chip_317_529_merged.tif,0.8,0,1296148060,156,32.7487,33.5025,0.7538
300M,chip_317_529_merged.tif,0.8,1,915541429,156,32.7676,34.4341,1.6665
300M,chip_317_529_merged.tif,0.8,2,435595911,156,33.1385,33.7086,0.5701
300M,chip_317_529_merged.tif,0.8,3,54989280,156,33.1591,33.7223,0.5632
300M,chip_317_529_merged.tif,0.8,4,1821866297,156,33.4406,33.7762,0.3355
300M,chip_317_545_merged.tif,0.2,0,1355487662,39,32.2062,35.44,3.2338
300M,chip_317_545_merged.tif,0.2,1,974881031,39,31.4943,35.2786,3.7843
300M,chip_317_545_merged.tif,0.2,2,494935513,39,31.8178,36.0645,4.2467
300M,chip_317_545_merged.tif,0.2,3,114328882,39,35.2526,37.8696,2.6169
300M,chip_317_545_merged.tif,0.2,4,1781867012,39,27.7636,35.5304,7.7668
300M,chip_317_545_merged.tif,0.4,0,1194872329,78,29.6242,37.1203,7.4961
300M,chip_317_545_merged.tif,0.4,1,714926811,78,32.1724,35.6457,3.4733
300M,chip_317_545_merged.tif,0.4,2,334320180,78,29.1692,35.1948,6.0257
300M,chip_317_545_merged.tif,0.4,3,2001858310,78,30.1663,35.7054,5.5391
300M,chip_317_545_merged.tif,0.4,4,1621251679,78,32.8517,35.5561,2.7045
300M,chip_317_545_merged.tif,0.6,0,451574122,117,29.3737,33.1022,3.7285
300M,chip_317_545_merged.tif,0.6,1,2119112252,117,29.3209,33.1882,3.8673
300M,chip_317_545_merged.tif,0.6,2,1738505621,117,30.2367,32.3722,2.1355
300M,chip_317_545_merged.tif,0.6,3,1258560103,117,30.4178,34.9225,4.5046
300M,chip_317_545_merged.tif,0.6,4,877953472,117,30.4215,34.0943,3.6728
300M,chip_317_545_merged.tif,0.8,0,2116465574,156,29.4704,31.0275,1.5571
300M,chip_317_545_merged.tif,0.8,1,1636520056,156,28.3911,31.8745,3.4834
300M,chip_317_545_merged.tif,0.8,2,1255913425,156,28.3894,31.5032,3.1138
300M,chip_317_545_merged.tif,0.8,3,875306794,156,27.9747,32.6388,4.6642
300M,chip_317_545_merged.tif,0.8,4,395361276,156,27.9531,33.0054,5.0523
300M,chip_318_344_merged.tif,0.2,0,761654014,39,38.1864,42.1957,4.0093
300M,chip_318_344_merged.tif,0.2,1,281708496,39,38.9981,41.8483,2.8502
300M,chip_318_344_merged.tif,0.2,2,2048585513,39,39.7758,41.3282,1.5525
300M,chip_318_344_merged.tif,0.2,3,1568639995,39,38.3717,41.4903,3.1186
300M,chip_318_344_merged.tif,0.2,4,1188033364,39,41.4703,41.2571,-0.2132
300M,chip_318_344_merged.tif,0.4,0,501699794,78,36.1852,41.5202,5.335
300M,chip_318_344_merged.tif,0.4,1,121093163,78,40.0571,41.2582,1.2011
300M,chip_318_344_merged.tif,0.4,2,1788631293,78,40.3874,41.5457,1.1583
300M,chip_318_344_merged.tif,0.4,3,1408024662,78,37.8426,41.4196,3.577
300M,chip_318_344_merged.tif,0.4,4,1027418031,78,39.6419,41.413,1.7711
300M,chip_318_344_merged.tif,0.6,0,1905885235,117,38.7673,40.95,2.1827
300M,chip_318_344_merged.tif,0.6,1,1525278604,117,38.6983,40.9181,2.2198
300M,chip_318_344_merged.tif,0.6,2,1045333086,117,38.6886,40.3549,1.6663
300M,chip_318_344_merged.tif,0.6,3,664726455,117,38.7083,39.5487,0.8404
300M,chip_318_344_merged.tif,0.6,4,284119824,117,38.799,40.8341,2.0351
300M,chip_318_344_merged.tif,0.8,0,1522631926,156,37.193,38.3028,1.1098
300M,chip_318_344_merged.tif,0.8,1,1042686408,156,38.2039,39.2806,1.0766
300M,chip_318_344_merged.tif,0.8,2,662079777,156,38.085,39.8961,1.8111
300M,chip_318_344_merged.tif,0.8,3,182134259,156,38.3021,39.5222,1.2201
300M,chip_318_344_merged.tif,0.8,4,1949011276,156,37.1952,38.7974,1.6022
300M,chip_318_539_merged.tif,0.2,0,1223561700,39,33.6251,37.5161,3.891
300M,chip_318_539_merged.tif,0.2,1,743616182,39,34.1147,36.5266,2.4119
300M,chip_318_539_merged.tif,0.2,2,363009551,39,32.4323,36.0145,3.5822
300M,chip_318_539_merged.tif,0.2,3,2129886568,39,33.624,36.1503,2.5263
300M,chip_318_539_merged.tif,0.2,4,1649941050,39,33.6851,37.3441,3.659
300M,chip_318_539_merged.tif,0.4,0,1062946367,78,32.4006,35.6589,3.2583
300M,chip_318_539_merged.tif,0.4,1,583000849,78,32.8857,35.2926,2.4069
300M,chip_318_539_merged.tif,0.4,2,202394218,78,33.6521,36.693,3.0408
300M,chip_318_539_merged.tif,0.4,3,1869932348,78,33.0614,34.8278,1.7664
300M,chip_318_539_merged.tif,0.4,4,1489325717,78,33.2841,36.6619,3.3778
300M,chip_318_539_merged.tif,0.6,0,319648160,117,32.4564,36.197,3.7407
300M,chip_318_539_merged.tif,0.6,1,1987186290,117,33.0161,35.5203,2.5043
300M,chip_318_539_merged.tif,0.6,2,1606579659,117,32.6323,35.8824,3.2501
300M,chip_318_539_merged.tif,0.6,3,1126634141,117,32.675,36.238,3.5629
300M,chip_318_539_merged.tif,0.6,4,746027510,117,32.4502,35.5123,3.0621
300M,chip_318_539_merged.tif,0.8,0,1984539612,156,33.0946,34.6054,1.5108
300M,chip_318_539_merged.tif,0.8,1,1504594094,156,32.8716,34.8044,1.9328
300M,chip_318_539_merged.tif,0.8,2,1123987463,156,32.865,34.5893,1.7242
300M,chip_318_539_merged.tif,0.8,3,743380832,156,32.832,34.6676,1.8356
300M,chip_318_539_merged.tif,0.8,4,263435314,156,33.0514,34.8742,1.8227
300M,chip_319_529_merged.tif,0.2,0,1579600799,39,34.4449,34.6137,0.1688
300M,chip_319_529_merged.tif,0.2,1,1198994168,39,34.1787,35.1003,0.9217
300M,chip_319_529_merged.tif,0.2,2,719048650,39,32.2216,35.2234,3.0018
300M,chip_319_529_merged.tif,0.2,3,338442019,39,32.3699,34.2412,1.8713
300M,chip_319_529_merged.tif,0.2,4,2105319036,39,31.084,35.0593,3.9753
300M,chip_319_529_merged.tif,0.4,0,1418985466,78,31.4661,35.2152,3.749
300M,chip_319_529_merged.tif,0.4,1,1038378835,78,30.8931,34.4721,3.579
300M,chip_319_529_merged.tif,0.4,2,558433317,78,31.9379,34.7085,2.7706
300M,chip_319_529_merged.tif,0.4,3,177826686,78,31.7362,34.1158,2.3795
300M,chip_319_529_merged.tif,0.4,4,1845364816,78,31.7347,35.1122,3.3775
300M,chip_319_529_merged.tif,0.6,0,1528626122,117,31.0078,34.0252,3.0174
300M,chip_319_529_merged.tif,0.6,1,1048680604,117,31.9606,34.0447,2.0842
300M,chip_319_529_merged.tif,0.6,2,668073973,117,30.5456,34.5504,4.0048
300M,chip_319_529_merged.tif,0.6,3,287467342,117,31.9908,33.9959,2.0051
300M,chip_319_529_merged.tif,0.6,4,1955005472,117,32.1132,34.2392,2.1261
300M,chip_319_529_merged.tif,0.8,0,193095063,156,32.0923,33.1807,1.0884
300M,chip_319_529_merged.tif,0.8,1,1959972080,156,31.1651,32.993,1.828
300M,chip_319_529_merged.tif,0.8,2,1480026562,156,32.1056,33.3213,1.2157
300M,chip_319_529_merged.tif,0.8,3,1099419931,156,32.2681,33.1906,0.9225
300M,chip_319_529_merged.tif,0.8,4,718813300,156,31.2248,33.8312,2.6064
300M,chip_320_544_merged.tif,0.2,0,609629529,39,30.3866,37.1723,6.7856
300M,chip_320_544_merged.tif,0.2,1,229022898,39,31.7894,36.7407,4.9513
300M,chip_320_544_merged.tif,0.2,2,1896561028,39,32.5869,37.9915,5.4047
300M,chip_320_544_merged.tif,0.2,3,1515954397,39,31.7383,35.044,3.3057
300M,chip_320_544_merged.tif,0.2,4,1036008879,39,33.7802,38.6472,4.867
300M,chip_320_544_merged.tif,0.4,0,449014196,78,37.0475,36.1166,-0.9309
300M,chip_320_544_merged.tif,0.4,1,2116552326,78,31.6017,37.5574,5.9557
300M,chip_320_544_merged.tif,0.4,2,1735945695,78,31.1156,36.4137,5.2981
300M,chip_320_544_merged.tif,0.4,3,1355339064,78,37.0493,37.4547,0.4054
300M,chip_320_544_merged.tif,0.4,4,875393546,78,31.601,37.5462,5.9452
300M,chip_320_544_merged.tif,0.6,0,1853199637,117,31.9673,34.1412,2.1739
300M,chip_320_544_merged.tif,0.6,1,1373254119,117,31.2092,34.3759,3.1667
300M,chip_320_544_merged.tif,0.6,2,992647488,117,31.3261,35.378,4.0518
300M,chip_320_544_merged.tif,0.6,3,612040857,117,31.3165,35.5572,4.2407
300M,chip_320_544_merged.tif,0.6,4,132095339,117,32.1711,34.9347,2.7636
300M,chip_320_544_merged.tif,0.8,0,1370607441,156,32.8063,32.6476,-0.1586
300M,chip_320_544_merged.tif,0.8,1,990000810,156,31.0441,32.7455,1.7015
300M,chip_320_544_merged.tif,0.8,2,510055292,156,29.7007,33.8039,4.1032
300M,chip_320_544_merged.tif,0.8,3,129448661,156,31.1776,33.7365,2.559
300M,chip_320_544_merged.tif,0.8,4,1796986791,156,31.0169,33.923,2.9061
300M,chip_321_314_merged.tif,0.2,0,804066311,39,36.0418,38.7987,2.7569
300M,chip_321_314_merged.tif,0.2,1,324120793,39,36.6534,38.5127,1.8593
300M,chip_321_314_merged.tif,0.2,2,2090997810,39,35.8311,38.83,2.9989
300M,chip_321_314_merged.tif,0.2,3,1611052292,39,36.7104,36.4419,-0.2685
300M,chip_321_314_merged.tif,0.2,4,1230445661,39,36.4932,38.259,1.7659
300M,chip_321_314_merged.tif,0.4,0,1886274889,78,36.3382,37.1846,0.8464
300M,chip_321_314_merged.tif,0.4,1,1505668258,78,35.1062,37.8642,2.7581
300M,chip_321_314_merged.tif,0.4,2,1025722740,78,35.2769,37.9511,2.6742
300M,chip_321_314_merged.tif,0.4,3,645116109,78,36.1117,38.0744,1.9628
300M,chip_321_314_merged.tif,0.4,4,165170591,78,35.3641,38.2554,2.8913
300M,chip_321_314_merged.tif,0.6,0,1948297532,117,34.1313,36.838,2.7067
300M,chip_321_314_merged.tif,0.6,1,1567690901,117,35.1731,36.3646,1.1915
300M,chip_321_314_merged.tif,0.6,2,1187084270,117,34.4248,37.3423,2.9175
300M,chip_321_314_merged.tif,0.6,3,707138752,117,34.7727,37.8406,3.0679
300M,chip_321_314_merged.tif,0.6,4,326532121,117,35.9602,37.243,1.2829
300M,chip_321_314_merged.tif,0.8,0,1565044223,156,35.1832,36.2217,1.0384
300M,chip_321_314_merged.tif,0.8,1,1085098705,156,34.4776,36.2587,1.7811
300M,chip_321_314_merged.tif,0.8,2,704492074,156,34.6984,36.1867,1.4884
300M,chip_321_314_merged.tif,0.8,3,224546556,156,34.6984,35.5446,0.8462
300M,chip_321_314_merged.tif,0.8,4,1991423573,156,34.7016,35.9461,1.2445
300M,chip_322_417_merged.tif,0.2,0,808870900,39,30.7172,35.1251,4.4079
300M,chip_322_417_merged.tif,0.2,1,328925382,39,34.6268,34.5131,-0.1137
300M,chip_322_417_merged.tif,0.2,2,2095802399,39,33.3789,35.6041,2.2252
300M,chip_322_417_merged.tif,0.2,3,1715195768,39,29.3438,35.2576,5.9139
300M,chip_322_417_merged.tif,0.2,4,1235250250,39,32.927,34.5185,1.5915
300M,chip_322_417_merged.tif,0.4,0,648255567,78,30.0993,34.003,3.9037
300M,chip_322_417_merged.tif,0.4,1,168310049,78,26.4447,34.5852,8.1405
300M,chip_322_417_merged.tif,0.4,2,1935187066,78,32.6589,34.3421,1.6832
300M,chip_322_417_merged.tif,0.4,3,1455241548,78,28.2246,34.3383,6.1136
300M,chip_322_417_merged.tif,0.4,4,1074634917,78,31.6777,34.8045,3.1269
300M,chip_322_417_merged.tif,0.6,0,2052441008,117,26.1851,33.6555,7.4704
300M,chip_322_417_merged.tif,0.6,1,1572495490,117,26.1929,35.0043,8.8114
300M,chip_322_417_merged.tif,0.6,2,1191888859,117,27.9036,33.2153,5.3117
300M,chip_322_417_merged.tif,0.6,3,711943341,117,30.611,33.2185,2.6074
300M,chip_322_417_merged.tif,0.6,4,331336710,117,27.578,33.3618,5.7838
300M,chip_322_417_merged.tif,0.8,0,1569848812,156,27.3968,32.4351,5.0383
300M,chip_322_417_merged.tif,0.8,1,1089903294,156,27.4339,31.9391,4.5052
300M,chip_322_417_merged.tif,0.8,2,709296663,156,28.435,32.319,3.884
300M,chip_322_417_merged.tif,0.8,3,328690032,156,28.3342,31.6502,3.3159
300M,chip_322_417_merged.tif,0.8,4,1996228162,156,26.9724,31.9647,4.9923
300M,chip_322_533_merged.tif,0.2,0,2142289853,39,30.4859,35.65,5.1641
300M,chip_322_533_merged.tif,0.2,1,1761683222,39,30.6501,34.3316,3.6816
300M,chip_322_533_merged.tif,0.2,2,1381076591,39,31.5438,33.7125,2.1687
300M,chip_322_533_merged.tif,0.2,3,901131073,39,31.4566,35.3976,3.941
300M,chip_322_533_merged.tif,0.2,4,520524442,39,30.334,35.3601,5.026
300M,chip_322_533_merged.tif,0.4,0,1981674520,78,28.4851,34.0591,5.574
300M,chip_322_533_merged.tif,0.4,1,1601067889,78,31.0902,33.9462,2.856
300M,chip_322_533_merged.tif,0.4,2,1121122371,78,28.4868,34.0612,5.5745
300M,chip_322_533_merged.tif,0.4,3,740515740,78,30.8188,34.4781,3.6593
300M,chip_322_533_merged.tif,0.4,4,260570222,78,29.5983,34.4997,4.9014
300M,chip_322_533_merged.tif,0.6,0,1238376313,117,29.8181,33.1932,3.375
300M,chip_322_533_merged.tif,0.6,1,857769682,117,28.4885,33.4328,4.9443
300M,chip_322_533_merged.tif,0.6,2,377824164,117,29.5659,32.9782,3.4123
300M,chip_322_533_merged.tif,0.6,3,2144701181,117,29.4552,32.8748,3.4196
300M,chip_322_533_merged.tif,0.6,4,1764094550,117,29.5454,33.1648,3.6193
300M,chip_322_533_merged.tif,0.8,0,755784117,156,29.1541,31.7594,2.6053
300M,chip_322_533_merged.tif,0.8,1,375177486,156,29.6078,30.6439,1.0361
300M,chip_322_533_merged.tif,0.8,2,2142054503,156,28.6832,32.1316,3.4484
300M,chip_322_533_merged.tif,0.8,3,1662108985,156,29.2106,31.11,1.8994
300M,chip_322_533_merged.tif,0.8,4,1281502354,156,28.6716,31.2262,2.5546
300M,chip_322_543_merged.tif,0.2,0,2142706597,39,35.9117,37.2989,1.3872
300M,chip_322_543_merged.tif,0.2,1,1662761079,39,34.619,36.0157,1.3968
300M,chip_322_543_merged.tif,0.2,2,1282154448,39,35.9115,36.7594,0.8479
300M,chip_322_543_merged.tif,0.2,3,802208930,39,33.5201,36.4353,2.9153
300M,chip_322_543_merged.tif,0.2,4,421602299,39,35.9976,36.4566,0.459
300M,chip_322_543_merged.tif,0.4,0,1882752377,78,33.0635,34.3431,1.2797
300M,chip_322_543_merged.tif,0.4,1,1502145746,78,28.2013,35.4304,7.229
300M,chip_322_543_merged.tif,0.4,2,1121539115,78,28.1999,35.8071,7.6072
300M,chip_322_543_merged.tif,0.4,3,641593597,78,33.2474,36.4964,3.2491
300M,chip_322_543_merged.tif,0.4,4,260986966,78,34.6719,35.8408,1.1689
300M,chip_322_543_merged.tif,0.6,0,1139454170,117,33.1845,34.9022,1.7178
300M,chip_322_543_merged.tif,0.6,1,758847539,117,33.0131,35.315,2.302
300M,chip_322_543_merged.tif,0.6,2,378240908,117,33.0163,34.7201,1.7038
300M,chip_322_543_merged.tif,0.6,3,2045779038,117,33.7475,34.6641,0.9166
300M,chip_322_543_merged.tif,0.6,4,1665172407,117,33.3376,35.7737,2.4361
300M,chip_322_543_merged.tif,0.8,0,756200861,156,31.5794,33.7801,2.2007
300M,chip_322_543_merged.tif,0.8,1,276255343,156,29.6299,33.9092,4.2793
300M,chip_322_543_merged.tif,0.8,2,2043132360,156,32.8465,32.1672,-0.6793
300M,chip_322_543_merged.tif,0.8,3,1563186842,156,32.8318,33.3249,0.4931
300M,chip_322_543_merged.tif,0.8,4,1182580211,156,30.2922,34.096,3.8039
300M,chip_324_316_merged.tif,0.2,0,1906609671,39,30.6684,36.7094,6.041
300M,chip_324_316_merged.tif,0.2,1,1426664153,39,36.227,38.2843,2.0573
300M,chip_324_316_merged.tif,0.2,2,1046057522,39,34.8222,38.0533,3.2311
300M,chip_324_316_merged.tif,0.2,3,566112004,39,34.9832,38.9067,3.9234
300M,chip_324_316_merged.tif,0.2,4,185505373,39,30.5312,36.7856,6.2544
300M,chip_324_316_merged.tif,0.4,0,1646655451,78,31.3091,36.8343,5.5252
300M,chip_324_316_merged.tif,0.4,1,1266048820,78,34.9486,36.191,1.2424
300M,chip_324_316_merged.tif,0.4,2,885442189,78,34.8786,37.2977,2.4191
300M,chip_324_316_merged.tif,0.4,3,405496671,78,33.7178,37.7055,3.9877
300M,chip_324_316_merged.tif,0.4,4,24890040,78,34.0438,36.4057,2.362
300M,chip_324_316_merged.tif,0.6,0,903357244,117,32.1464,36.2423,4.0959
300M,chip_324_316_merged.tif,0.6,1,522750613,117,34.9917,36.1585,1.1667
300M,chip_324_316_merged.tif,0.6,2,142143982,117,34.5258,37.219,2.6932
300M,chip_324_316_merged.tif,0.6,3,1809682112,117,32.152,34.8926,2.7406
300M,chip_324_316_merged.tif,0.6,4,1429075481,117,35.1214,36.7791,1.6576
300M,chip_324_316_merged.tif,0.8,0,520103935,156,34.6216,35.2058,0.5842
300M,chip_324_316_merged.tif,0.8,1,40158417,156,34.5689,34.9653,0.3964
300M,chip_324_316_merged.tif,0.8,2,1807035434,156,34.5685,34.9765,0.4079
300M,chip_324_316_merged.tif,0.8,3,1327089916,156,34.6375,35.4104,0.7729
300M,chip_324_316_merged.tif,0.8,4,946483285,156,32.612,34.4839,1.8719
300M,chip_325_314_merged.tif,0.2,0,809578607,39,36.3751,37.7823,1.4072
300M,chip_325_314_merged.tif,0.2,1,428971976,39,35.4225,36.4822,1.0597
300M,chip_325_314_merged.tif,0.2,2,48365345,39,34.53,36.8188,2.2888
300M,chip_325_314_merged.tif,0.2,3,1715903475,39,35.7015,36.6714,0.9699
300M,chip_325_314_merged.tif,0.2,4,1335296844,39,36.3749,37.9062,1.5314
300M,chip_325_314_merged.tif,0.4,0,648963274,78,34.8204,37.1981,2.3777
300M,chip_325_314_merged.tif,0.4,1,268356643,78,34.662,36.6232,1.9612
300M,chip_325_314_merged.tif,0.4,2,1935894773,78,34.0923,36.5723,2.48
300M,chip_325_314_merged.tif,0.4,3,1555288142,78,35.6515,36.8342,1.1827
300M,chip_325_314_merged.tif,0.4,4,1075342624,78,34.8499,37.3082,2.4583
300M,chip_325_314_merged.tif,0.6,0,2053148715,117,34.9964,35.9214,0.9251
300M,chip_325_314_merged.tif,0.6,1,1672542084,117,34.9836,36.7765,1.7929
300M,chip_325_314_merged.tif,0.6,2,1192596566,117,33.9501,36.6207,2.6706
300M,chip_325_314_merged.tif,0.6,3,811989935,117,34.9071,35.9144,1.0073
300M,chip_325_314_merged.tif,0.6,4,431383304,117,34.4307,36.5498,2.1191
300M,chip_325_314_merged.tif,0.8,0,1570556519,156,34.7067,35.8011,1.0944
300M,chip_325_314_merged.tif,0.8,1,1189949888,156,33.4885,35.6574,2.1689
300M,chip_325_314_merged.tif,0.8,2,809343257,156,35.0135,35.5157,0.5022
300M,chip_325_314_merged.tif,0.8,3,329397739,156,34.718,35.8286,1.1106
300M,chip_325_314_merged.tif,0.8,4,2096274756,156,34.7172,35.6795,0.9623
300M,chip_325_316_merged.tif,0.2,0,1577611469,39,33.7026,36.8758,3.1731
300M,chip_325_316_merged.tif,0.2,1,1197004838,39,31.9102,38.137,6.2268
300M,chip_325_316_merged.tif,0.2,2,717059320,39,34.208,36.8896,2.6816
300M,chip_325_316_merged.tif,0.2,3,336452689,39,35.4612,35.3365,-0.1247
300M,chip_325_316_merged.tif,0.2,4,2103329706,39,31.8283,38.1919,6.3637
300M,chip_325_316_merged.tif,0.4,0,1416996136,78,33.3825,37.3064,3.9239
300M,chip_325_316_merged.tif,0.4,1,1036389505,78,34.2869,35.6336,1.3467
300M,chip_325_316_merged.tif,0.4,2,556443987,78,33.948,37.4973,3.5493
300M,chip_325_316_merged.tif,0.4,3,175837356,78,33.9476,36.3495,2.4019
300M,chip_325_316_merged.tif,0.4,4,1843375486,78,31.6032,37.1318,5.5285
300M,chip_325_316_merged.tif,0.6,0,673697929,117,33.6513,36.5105,2.8592
300M,chip_325_316_merged.tif,0.6,1,293091298,117,34.0514,36.2005,2.1491
300M,chip_325_316_merged.tif,0.6,2,1960629428,117,34.09,36.1639,2.0739
300M,chip_325_316_merged.tif,0.6,3,1580022797,117,33.0443,35.8808,2.8365
300M,chip_325_316_merged.tif,0.6,4,1100077279,117,32.1732,36.8662,4.6931
300M,chip_325_316_merged.tif,0.8,0,191105733,156,33.4555,35.2188,1.7634
300M,chip_325_316_merged.tif,0.8,1,1957982750,156,32.6158,35.7751,3.1593
300M,chip_325_316_merged.tif,0.8,2,1478037232,156,32.3325,34.2567,1.9242
300M,chip_325_316_merged.tif,0.8,3,1097430601,156,33.0804,35.8451,2.7647
300M,chip_325_316_merged.tif,0.8,4,716823970,156,32.6115,34.7069,2.0953
300M,chip_326_499_merged.tif,0.2,0,643749780,39,33.9792,40.0654,6.0862
300M,chip_326_499_merged.tif,0.2,1,263143149,39,36.271,39.4822,3.2112
300M,chip_326_499_merged.tif,0.2,2,1930681279,39,39.0338,39.7135,0.6797
300M,chip_326_499_merged.tif,0.2,3,1550074648,39,37.3995,38.8962,1.4967
300M,chip_326_499_merged.tif,0.2,4,1070129130,39,39.5854,39.4766,-0.1088
300M,chip_326_499_merged.tif,0.4,0,483134447,78,36.2009,38.9282,2.7273
300M,chip_326_499_merged.tif,0.4,1,3188929,78,35.2718,38.7648,3.4929
300M,chip_326_499_merged.tif,0.4,2,1770065946,78,34.3084,39.4239,5.1155
300M,chip_326_499_merged.tif,0.4,3,1290120428,78,35.2637,39.816,4.5522
300M,chip_326_499_merged.tif,0.4,4,909513797,78,34.0539,38.128,4.0741
300M,chip_326_499_merged.tif,0.6,0,1887319888,117,33.7729,37.8249,4.0521
300M,chip_326_499_merged.tif,0.6,1,1407374370,117,35.8174,38.6871,2.8697
300M,chip_326_499_merged.tif,0.6,2,1026767739,117,35.5674,38.1376,2.5702
300M,chip_326_499_merged.tif,0.6,3,546822221,117,35.6657,38.2048,2.5391
300M,chip_326_499_merged.tif,0.6,4,166215590,117,35.8211,38.1098,2.2887
300M,chip_326_499_merged.tif,0.8,0,1404727692,156,35.205,37.7728,2.5678
300M,chip_326_499_merged.tif,0.8,1,924782174,156,33.9813,37.2462,3.2649
300M,chip_326_499_merged.tif,0.8,2,544175543,156,34.3754,37.2393,2.8638
300M,chip_326_499_merged.tif,0.8,3,163568912,156,35.5708,38.0402,2.4694
300M,chip_326_499_merged.tif,0.8,4,1831107042,156,34.3584,37.9478,3.5893
300M,chip_327_511_merged.tif,0.2,0,1015039091,39,32.9837,35.482,2.4982
300M,chip_327_511_merged.tif,0.2,1,535093573,39,31.8353,35.3687,3.5334
300M,chip_327_511_merged.tif,0.2,2,154486942,39,33.9693,35.5324,1.5631
300M,chip_327_511_merged.tif,0.2,3,1822025072,39,30.9068,35.8173,4.9106
300M,chip_327_511_merged.tif,0.2,4,1441418441,39,33.4903,35.3606,1.8703
300M,chip_327_511_merged.tif,0.4,0,2097247669,78,30.4533,35.2366,4.7833
300M,chip_327_511_merged.tif,0.4,1,1716641038,78,32.0301,35.0506,3.0206
300M,chip_327_511_merged.tif,0.4,2,1236695520,78,30.4534,34.6974,4.244
300M,chip_327_511_merged.tif,0.4,3,856088889,78,32.4974,35.5845,3.087
300M,chip_327_511_merged.tif,0.4,4,475482258,78,31.2688,34.6027,3.3339
300M,chip_327_511_merged.tif,0.6,0,111125551,117,32.7034,34.7512,2.0478
300M,chip_327_511_merged.tif,0.6,1,1778663681,117,32.7011,34.4454,1.7443
300M,chip_327_511_merged.tif,0.6,2,1398057050,117,31.2922,33.1438,1.8515
300M,chip_327_511_merged.tif,0.6,3,918111532,117,32.3921,34.082,1.6899
300M,chip_327_511_merged.tif,0.6,4,537504901,117,32.7113,34.4035,1.6922
300M,chip_327_511_merged.tif,0.8,0,1776017003,156,30.6524,33.0897,2.4373
300M,chip_327_511_merged.tif,0.8,1,1296071485,156,32.3224,33.0289,0.7064
300M,chip_327_511_merged.tif,0.8,2,915464854,156,30.6402,32.5255,1.8853
300M,chip_327_511_merged.tif,0.8,3,435519336,156,28.8166,31.6886,2.8719
300M,chip_327_511_merged.tif,0.8,4,54912705,156,30.7156,32.0676,1.352
300M,chip_327_516_merged.tif,0.2,0,2109882852,39,33.5279,37.8238,4.2959
300M,chip_327_516_merged.tif,0.2,1,1629937334,39,31.7337,37.6901,5.9564
300M,chip_327_516_merged.tif,0.2,2,1249330703,39,32.0871,36.604,4.517
300M,chip_327_516_merged.tif,0.2,3,868724072,39,33.7874,35.3513,1.5639
300M,chip_327_516_merged.tif,0.2,4,388778554,39,33.8002,36.9048,3.1046
300M,chip_327_516_merged.tif,0.4,0,1044607782,78,31.8052,36.0015,4.1962
300M,chip_327_516_merged.tif,0.4,1,664001151,78,32.4707,36.4615,3.9908
300M,chip_327_516_merged.tif,0.4,2,283394520,78,32.3605,35.9776,3.617
300M,chip_327_516_merged.tif,0.4,3,1950932650,78,31.3419,34.8765,3.5347
300M,chip_327_516_merged.tif,0.4,4,1570326019,78,30.9986,35.0979,4.0993
300M,chip_327_516_merged.tif,0.6,0,1205969312,117,30.7563,35.6687,4.9124
300M,chip_327_516_merged.tif,0.6,1,726023794,117,30.7549,35.7823,5.0273
300M,chip_327_516_merged.tif,0.6,2,345417163,117,31.3457,35.284,3.9383
300M,chip_327_516_merged.tif,0.6,3,2012955293,117,32.2309,35.4261,3.1952
300M,chip_327_516_merged.tif,0.6,4,1632348662,117,32.0896,35.557,3.4674
300M,chip_327_516_merged.tif,0.8,0,723377116,156,30.3217,33.26,2.9383
300M,chip_327_516_merged.tif,0.8,1,243431598,156,31.0571,33.8222,2.765
300M,chip_327_516_merged.tif,0.8,2,2010308615,156,30.7467,33.8203,3.0736
300M,chip_327_516_merged.tif,0.8,3,1629701984,156,30.707,31.7927,1.0856
300M,chip_327_516_merged.tif,0.8,4,1149756466,156,31.2486,33.0896,1.8411
300M,chip_329_493_merged.tif,0.2,0,1204698519,39,36.754,38.9666,2.2127
300M,chip_329_493_merged.tif,0.2,1,724753001,39,36.1186,38.4546,2.3361
300M,chip_329_493_merged.tif,0.2,2,344146370,39,36.7545,39.0181,2.2636
300M,chip_329_493_merged.tif,0.2,3,2011684500,39,36.1189,37.8751,1.7562
300M,chip_329_493_merged.tif,0.2,4,1631077869,39,35.1876,38.6031,3.4155
300M,chip_329_493_merged.tif,0.4,0,139423449,78,35.091,37.9314,2.8403
300M,chip_329_493_merged.tif,0.4,1,1906300466,78,35.5715,37.905,2.3336
300M,chip_329_493_merged.tif,0.4,2,1426354948,78,35.3261,37.4268,2.1007
300M,chip_329_493_merged.tif,0.4,3,1045748317,78,35.3267,36.9672,1.6405
300M,chip_329_493_merged.tif,0.4,4,565802799,78,34.6917,37.9392,3.2475
300M,chip_329_493_merged.tif,0.6,0,201446092,117,34.8132,37.1463,2.3331
300M,chip_329_493_merged.tif,0.6,1,1968323109,117,35.506,37.1397,1.6337
300M,chip_329_493_merged.tif,0.6,2,1488377591,117,35.3558,37.0483,1.6925
300M,chip_329_493_merged.tif,0.6,3,1107770960,117,34.8152,38.4209,3.6057
300M,chip_329_493_merged.tif,0.6,4,727164329,117,35.3397,37.1154,1.7757
300M,chip_329_493_merged.tif,0.8,0,1965676431,156,34.7234,36.2402,1.5167
300M,chip_329_493_merged.tif,0.8,1,1485730913,156,33.6733,35.5959,1.9226
300M,chip_329_493_merged.tif,0.8,2,1105124282,156,34.6585,35.7216,1.063
300M,chip_329_493_merged.tif,0.8,3,625178764,156,34.672,35.102,0.4299
300M,chip_329_493_merged.tif,0.8,4,244572133,156,33.7472,36.4222,2.6749
300M,chip_329_512_merged.tif,0.2,0,1473086300,39,32.1148,36.6342,4.5194
300M,chip_329_512_merged.tif,0.2,1,993140782,39,31.1711,35.0599,3.8888
300M,chip_329_512_merged.tif,0.2,2,612534151,39,32.5937,35.6763,3.0826
300M,chip_329_512_merged.tif,0.2,3,132588633,39,32.895,34.4889,1.5939
300M,chip_329_512_merged.tif,0.2,4,1899465650,39,31.5656,36.6856,5.12
300M,chip_329_512_merged.tif,0.4,0,407811230,78,30.5701,34.9826,4.4125
300M,chip_329_512_merged.tif,0.4,1,27204599,78,30.2367,35.265,5.0283
300M,chip_329_512_merged.tif,0.4,2,1694742729,78,32.222,34.995,2.773
300M,chip_329_512_merged.tif,0.4,3,1314136098,78,32.6212,34.0812,1.46
300M,chip_329_512_merged.tif,0.4,4,834190580,78,30.2377,34.8272,4.5894
300M,chip_329_512_merged.tif,0.6,0,469833873,117,30.2529,34.4193,4.1664
300M,chip_329_512_merged.tif,0.6,1,89227242,117,31.5015,34.543,3.0414
300M,chip_329_512_merged.tif,0.6,2,1856104259,117,32.3472,34.2282,1.881
300M,chip_329_512_merged.tif,0.6,3,1376158741,117,30.038,34.7247,4.6867
300M,chip_329_512_merged.tif,0.6,4,995552110,117,30.0201,34.4867,4.4666
300M,chip_329_512_merged.tif,0.8,0,86580564,156,31.7317,32.8182,1.0864
300M,chip_329_512_merged.tif,0.8,1,1754118694,156,30.5114,31.9906,1.4792
300M,chip_329_512_merged.tif,0.8,2,1373512063,156,31.7176,33.2575,1.5398
300M,chip_329_512_merged.tif,0.8,3,893566545,156,30.1004,33.1124,3.012
300M,chip_329_512_merged.tif,0.8,4,512959914,156,29.217,32.5826,3.3657
300M,chip_330_499_merged.tif,0.2,0,1832051189,39,34.719,38.7244,4.0054
300M,chip_330_499_merged.tif,0.2,1,1352105671,39,34.1527,38.7052,4.5525
300M,chip_330_499_merged.tif,0.2,2,971499040,39,37.3278,37.1489,-0.1788
300M,chip_330_499_merged.tif,0.2,3,491553522,39,34.0476,38.343,4.2954
300M,chip_330_499_merged.tif,0.2,4,110946891,39,34.6898,37.7729,3.0831
300M,chip_330_499_merged.tif,0.4,0,1572096969,78,35.2593,37.4789,2.2196
300M,chip_330_499_merged.tif,0.4,1,1191490338,78,35.1499,38.0223,2.8724
300M,chip_330_499_merged.tif,0.4,2,711544820,78,35.5789,37.2011,1.6222
300M,chip_330_499_merged.tif,0.4,3,330938189,78,35.9561,37.902,1.9459
300M,chip_330_499_merged.tif,0.4,4,2097815206,78,35.3164,38.217,2.9005
300M,chip_330_499_merged.tif,0.6,0,828798762,117,35.6751,36.9071,1.232
300M,chip_330_499_merged.tif,0.6,1,448192131,117,35.758,37.6839,1.9258
300M,chip_330_499_merged.tif,0.6,2,2115730261,117,35.0007,37.9338,2.933
300M,chip_330_499_merged.tif,0.6,3,1735123630,117,35.0128,36.7573,1.7445
300M,chip_330_499_merged.tif,0.6,4,1354516999,117,35.3028,37.3089,2.0061
300M,chip_330_499_merged.tif,0.8,0,445545453,156,35.0797,36.2742,1.1945
300M,chip_330_499_merged.tif,0.8,1,2113083583,156,35.0618,36.6068,1.545
300M,chip_330_499_merged.tif,0.8,2,1732476952,156,35.4897,36.2899,0.8003
300M,chip_330_499_merged.tif,0.8,3,1252531434,156,35.0603,35.4068,0.3466
300M,chip_330_499_merged.tif,0.8,4,871924803,156,35.0511,36.2933,1.2421
300M,chip_331_495_merged.tif,0.2,0,1929706393,39,34.5747,39.486,4.9113
300M,chip_331_495_merged.tif,0.2,1,1549099762,39,36.8297,39.4145,2.5848
300M,chip_331_495_merged.tif,0.2,2,1069154244,39,36.3629,38.9336,2.5707
300M,chip_331_495_merged.tif,0.2,3,688547613,39,36.3627,39.0751,2.7124
300M,chip_331_495_merged.tif,0.2,4,307940982,39,35.3837,39.627,4.2433
300M,chip_331_495_merged.tif,0.4,0,963770210,78,33.594,38.9706,5.3767
300M,chip_331_495_merged.tif,0.4,1,483824692,78,36.1513,38.6113,2.46
300M,chip_331_495_merged.tif,0.4,2,103218061,78,33.2885,38.9662,5.6778
300M,chip_331_495_merged.tif,0.4,3,1770756191,78,33.2855,39.0802,5.7947
300M,chip_331_495_merged.tif,0.4,4,1390149560,78,33.1969,39.239,6.0421
300M,chip_331_495_merged.tif,0.6,0,1025792853,117,34.0831,36.9133,2.8302
300M,chip_331_495_merged.tif,0.6,1,645186222,117,33.4421,37.5778,4.1356
300M,chip_331_495_merged.tif,0.6,2,165240704,117,34.094,38.4339,4.3399
300M,chip_331_495_merged.tif,0.6,3,1932117721,117,34.3836,37.3163,2.9326
300M,chip_331_495_merged.tif,0.6,4,1452172203,117,33.6737,38.855,5.1813
300M,chip_331_495_merged.tif,0.8,0,543200657,156,33.7898,36.7614,2.9717
300M,chip_331_495_merged.tif,0.8,1,162594026,156,33.3191,36.7538,3.4347
300M,chip_331_495_merged.tif,0.8,2,1830132156,156,34.0544,35.9582,1.9038
300M,chip_331_495_merged.tif,0.8,3,1449525525,156,33.7634,36.145,2.3816
300M,chip_331_495_merged.tif,0.8,4,1068918894,156,33.2446,37.0636,3.819
300M,chip_332_499_merged.tif,0.2,0,840228393,39,35.0057,38.2057,3.1999
300M,chip_332_499_merged.tif,0.2,1,360282875,39,34.5409,37.1319,2.591
300M,chip_332_499_merged.tif,0.2,2,2127159892,39,35.0644,38.0509,2.9865
300M,chip_332_499_merged.tif,0.2,3,1647214374,39,36.3802,37.5784,1.1982
300M,chip_332_499_merged.tif,0.2,4,1266607743,39,37.4201,36.8175,-0.6025
300M,chip_332_499_merged.tif,0.4,0,679613060,78,34.1836,37.3125,3.1289
300M,chip_332_499_merged.tif,0.4,1,199667542,78,33.6415,37.083,3.4415
300M,chip_332_499_merged.tif,0.4,2,1966544559,78,34.4755,36.2038,1.7283
300M,chip_332_499_merged.tif,0.4,3,1486599041,78,35.7628,37.3126,1.5498
300M,chip_332_499_merged.tif,0.4,4,1105992410,78,35.8012,37.2934,1.4922
300M,chip_332_499_merged.tif,0.6,0,2083798501,117,35.2452,36.661,1.4158
300M,chip_332_499_merged.tif,0.6,1,1603852983,117,35.319,36.8425,1.5235
300M,chip_332_499_merged.tif,0.6,2,1223246352,117,34.1275,36.2076,2.0802
300M,chip_332_499_merged.tif,0.6,3,743300834,117,35.7954,37.2261,1.4307
300M,chip_332_499_merged.tif,0.6,4,362694203,117,35.32,35.1971,-0.1229
300M,chip_332_499_merged.tif,0.8,0,1601206305,156,34.2662,36.267,2.0008
300M,chip_332_499_merged.tif,0.8,1,1121260787,156,32.5286,35.0858,2.5572
300M,chip_332_499_merged.tif,0.8,2,740654156,156,35.1482,35.1903,0.0421
300M,chip_332_499_merged.tif,0.8,3,260708638,156,35.1658,35.8025,0.6367
300M,chip_332_499_merged.tif,0.8,4,2027585655,156,32.542,36.0867,3.5448
300M,chip_333_509_merged.tif,0.2,0,562935483,39,31.9274,35.4283,3.5009
300M,chip_333_509_merged.tif,0.2,1,182328852,39,30.0096,35.5242,5.5145
300M,chip_333_509_merged.tif,0.2,2,1949205869,39,30.9512,35.4962,4.545
300M,chip_333_509_merged.tif,0.2,3,1469260351,39,32.4056,35.6133,3.2077
300M,chip_333_509_merged.tif,0.2,4,1088653720,39,32.3791,36.204,3.8249
300M,chip_333_509_merged.tif,0.4,0,402320150,78,29.933,33.7418,3.8087
300M,chip_333_509_merged.tif,0.4,1,21713519,78,30.9617,33.8517,2.8901
300M,chip_333_509_merged.tif,0.4,2,1689251649,78,30.879,35.515,4.6359
300M,chip_333_509_merged.tif,0.4,3,1308645018,78,30.6269,34.9619,4.335
300M,chip_333_509_merged.tif,0.4,4,928038387,78,28.7046,34.0712,5.3666
300M,chip_333_509_merged.tif,0.6,0,1806505591,117,28.7559,32.8656,4.1098
300M,chip_333_509_merged.tif,0.6,1,1425898960,117,29.7212,33.8332,4.1119
300M,chip_333_509_merged.tif,0.6,2,945953442,117,29.8043,33.7156,3.9112
300M,chip_333_509_merged.tif,0.6,3,565346811,117,29.5068,33.3742,3.8674
300M,chip_333_509_merged.tif,0.6,4,184740180,117,29.9435,33.0092,3.0657
300M,chip_333_509_merged.tif,0.8,0,1323913395,156,28.8284,32.0232,3.1948
300M,chip_333_509_merged.tif,0.8,1,943306764,156,28.9408,31.694,2.7532
300M,chip_333_509_merged.tif,0.8,2,562700133,156,28.9438,31.335,2.3912
300M,chip_333_509_merged.tif,0.8,3,82754615,156,28.8341,32.0744,3.2403
300M,chip_333_509_merged.tif,0.8,4,1849631632,156,29.6332,31.5052,1.872
300M,chip_333_515_merged.tif,0.2,0,240385905,39,32.5676,37.4343,4.8667
300M,chip_333_515_merged.tif,0.2,1,1907924035,39,34.6791,37.916,3.2369
300M,chip_333_515_merged.tif,0.2,2,1527317404,39,34.4814,36.3518,1.8704
300M,chip_333_515_merged.tif,0.2,3,1047371886,39,34.4813,37.7761,3.2948
300M,chip_333_515_merged.tif,0.2,4,666765255,39,33.0075,36.5821,3.5746
300M,chip_333_515_merged.tif,0.4,0,2127915333,78,33.6503,36.0864,2.4361
300M,chip_333_515_merged.tif,0.4,1,1747308702,78,34.2497,36.6295,2.3799
300M,chip_333_515_merged.tif,0.4,2,1267363184,78,34.0126,37.0726,3.06
300M,chip_333_515_merged.tif,0.4,3,886756553,78,33.6502,36.6556,3.0054
300M,chip_333_515_merged.tif,0.4,4,506149922,78,33.4597,36.3637,2.904
300M,chip_333_515_merged.tif,0.6,0,90072341,117,33.3244,35.7228,2.3984
300M,chip_333_515_merged.tif,0.6,1,1856949358,117,34.1376,36.3607,2.223
300M,chip_333_515_merged.tif,0.6,2,1377003840,117,33.7359,34.8906,1.1546
300M,chip_333_515_merged.tif,0.6,3,996397209,117,33.8287,35.6935,1.8648
300M,chip_333_515_merged.tif,0.6,4,516451691,117,34.1212,35.8341,1.7129
300M,chip_333_515_merged.tif,0.8,0,1001363817,156,33.9032,34.6786,0.7753
300M,chip_333_515_merged.tif,0.8,1,521418299,156,33.4702,35.1548,1.6845
300M,chip_333_515_merged.tif,0.8,2,140811668,156,33.9068,34.0318,0.125
300M,chip_333_515_merged.tif,0.8,3,1808349798,156,33.4755,34.54,1.0645
300M,chip_333_515_merged.tif,0.8,4,1427743167,156,33.9072,35.1083,1.2011
300M,chip_341_499_merged.tif,0.2,0,1867566243,39,38.6462,42.9013,4.2551
300M,chip_341_499_merged.tif,0.2,1,1387620725,39,40.5069,41.7292,1.2223
300M,chip_341_499_merged.tif,0.2,2,1007014094,39,39.8017,43.1138,3.3121
300M,chip_341_499_merged.tif,0.2,3,626407463,39,38.8421,41.9955,3.1534
300M,chip_341_499_merged.tif,0.2,4,146461945,39,40.5058,42.9908,2.4849
300M,chip_341_499_merged.tif,0.4,0,1706950910,78,39.748,43.0059,3.2578
300M,chip_341_499_merged.tif,0.4,1,1227005392,78,39.7925,42.7524,2.9599
300M,chip_341_499_merged.tif,0.4,2,846398761,78,39.2511,42.4954,3.2443
300M,chip_341_499_merged.tif,0.4,3,366453243,78,39.3469,42.4458,3.099
300M,chip_341_499_merged.tif,0.4,4,2133330260,78,38.1938,42.6059,4.4121
300M,chip_341_499_merged.tif,0.6,0,963652703,117,40.2981,42.0277,1.7296
300M,chip_341_499_merged.tif,0.6,1,483707185,117,40.1328,42.7217,2.5889
300M,chip_341_499_merged.tif,0.6,2,103100554,117,40.255,42.0493,1.7944
300M,chip_341_499_merged.tif,0.6,3,1770638684,117,38.6489,41.993,3.3441
300M,chip_341_499_merged.tif,0.6,4,1390032053,117,39.8939,42.4261,2.5322
300M,chip_341_499_merged.tif,0.8,0,481060507,156,39.7836,41.1263,1.3426
300M,chip_341_499_merged.tif,0.8,1,1114989,156,39.7877,40.4739,0.6862
300M,chip_341_499_merged.tif,0.8,2,1767992006,156,40.021,41.2811,1.2601
300M,chip_341_499_merged.tif,0.8,3,1387385375,156,39.6273,41.3322,1.7049
300M,chip_341_499_merged.tif,0.8,4,907439857,156,39.6377,41.031,1.3932
300M,chip_341_534_merged.tif,0.2,0,656633667,39,30.9105,38.225,7.3146
300M,chip_341_534_merged.tif,0.2,1,276027036,39,32.8392,38.1909,5.3517
300M,chip_341_534_merged.tif,0.2,2,2042904053,39,33.7119,35.0473,1.3354
300M,chip_341_534_merged.tif,0.2,3,1562958535,39,33.3425,36.7562,3.4137
300M,chip_341_534_merged.tif,0.2,4,1182351904,39,32.5057,37.2469,4.7412
300M,chip_341_534_merged.tif,0.4,0,496018334,78,31.2491,36.7923,5.5432
300M,chip_341_534_merged.tif,0.4,1,115411703,78,31.3388,37.2903,5.9515
300M,chip_341_534_merged.tif,0.4,2,1782949833,78,32.9991,34.7171,1.718
300M,chip_341_534_merged.tif,0.4,3,1402343202,78,33.1134,37.7432,4.6298
300M,chip_341_534_merged.tif,0.4,4,922397684,78,31.2493,37.5235,6.2742
300M,chip_341_534_merged.tif,0.6,0,605658990,117,32.727,34.529,1.802
300M,chip_341_534_merged.tif,0.6,1,125713472,117,31.9957,33.8601,1.8644
300M,chip_341_534_merged.tif,0.6,2,1892590489,117,31.2994,35.348,4.0486
300M,chip_341_534_merged.tif,0.6,3,1511983858,117,32.9093,34.8893,1.98
300M,chip_341_534_merged.tif,0.6,4,1032038340,117,31.9927,34.8282,2.8354
300M,chip_341_534_merged.tif,0.8,0,1417611579,156,30.1712,32.5451,2.3739
300M,chip_341_534_merged.tif,0.8,1,1037004948,156,31.7823,32.91,1.1277
300M,chip_341_534_merged.tif,0.8,2,656398317,156,30.1406,34.3174,4.1768
300M,chip_341_534_merged.tif,0.8,3,176452799,156,32.0308,33.7619,1.7311
300M,chip_341_534_merged.tif,0.8,4,1943329816,156,30.9818,32.9679,1.9862
300M,chip_351_393_merged.tif,0.2,0,715941564,39,35.7308,37.865,2.1342
300M,chip_351_393_merged.tif,0.2,1,335334933,39,37.1219,36.4369,-0.685
300M,chip_351_393_merged.tif,0.2,2,2002873063,39,33.6978,38.5482,4.8504
300M,chip_351_393_merged.tif,0.2,3,1622266432,39,27.9183,36.9486,9.0303
300M,chip_351_393_merged.tif,0.2,4,1241659801,39,35.7301,36.9954,1.2652
300M,chip_351_393_merged.tif,0.4,0,555326231,78,32.3913,36.8377,4.4465
300M,chip_351_393_merged.tif,0.4,1,174719600,78,33.5579,35.0617,1.5038
300M,chip_351_393_merged.tif,0.4,2,1842257730,78,32.3661,37.0287,4.6626
300M,chip_351_393_merged.tif,0.4,3,1461651099,78,34.673,35.6488,0.9758
300M,chip_351_393_merged.tif,0.4,4,981705581,78,28.797,34.9902,6.1932
300M,chip_351_393_merged.tif,0.6,0,1959511672,117,28.9661,31.6937,2.7276
300M,chip_351_393_merged.tif,0.6,1,1578905041,117,32.5251,34.4032,1.8781
300M,chip_351_393_merged.tif,0.6,2,1098959523,117,33.6173,33.3849,-0.2324
300M,chip_351_393_merged.tif,0.6,3,718352892,117,28.9646,34.0498,5.0852
300M,chip_351_393_merged.tif,0.6,4,238407374,117,32.7624,34.2471,1.4847
300M,chip_351_393_merged.tif,0.8,0,1476919476,156,30.6933,34.1644,3.471
300M,chip_351_393_merged.tif,0.8,1,1096312845,156,31.6317,32.2454,0.6138
300M,chip_351_393_merged.tif,0.8,2,616367327,156,33.3828,32.8502,-0.5326
300M,chip_351_393_merged.tif,0.8,3,235760696,156,32.9651,33.2627,0.2976
300M,chip_351_393_merged.tif,0.8,4,2002637713,156,33.3717,33.5172,0.1455
300M,chip_351_539_merged.tif,0.2,0,615257068,39,35.3709,39.4988,4.1279
300M,chip_351_539_merged.tif,0.2,1,135311550,39,34.8549,40.471,5.616
300M,chip_351_539_merged.tif,0.2,2,1902188567,39,35.1972,38.9028,3.7056
300M,chip_351_539_merged.tif,0.2,3,1422243049,39,35.7171,40.5037,4.7866
300M,chip_351_539_merged.tif,0.2,4,1041636418,39,35.9153,39.5524,3.6371
300M,chip_351_539_merged.tif,0.4,0,355302848,78,34.3726,38.8037,4.4311
300M,chip_351_539_merged.tif,0.4,1,2122179865,78,34.0487,38.6685,4.6198
300M,chip_351_539_merged.tif,0.4,2,1741573234,78,36.235,39.1006,2.8657
300M,chip_351_539_merged.tif,0.4,3,1261627716,78,34.5288,38.7998,4.271
300M,chip_351_539_merged.tif,0.4,4,881021085,78,36.2514,39.2409,2.9896
300M,chip_351_539_merged.tif,0.6,0,1759488289,117,31.6455,37.3638,5.7183
300M,chip_351_539_merged.tif,0.6,1,1378881658,117,35.3965,37.7955,2.3991
300M,chip_351_539_merged.tif,0.6,2,998275027,117,28.9734,37.9226,8.9492
300M,chip_351_539_merged.tif,0.6,3,518329509,117,32.8805,38.1678,5.2873
300M,chip_351_539_merged.tif,0.6,4,137722878,117,32.5047,38.5011,5.9964
300M,chip_351_539_merged.tif,0.8,0,1376234980,156,32.9808,36.2771,3.2963
300M,chip_351_539_merged.tif,0.8,1,896289462,156,33.095,36.3965,3.3015
300M,chip_351_539_merged.tif,0.8,2,515682831,156,33.0386,35.6223,2.5837
300M,chip_351_539_merged.tif,0.8,3,35737313,156,32.8952,36.4723,3.5771
300M,chip_351_539_merged.tif,0.8,4,1802614330,156,33.1118,36.4497,3.3379
300M,chip_354_327_merged.tif,0.2,0,1439449978,39,34.6262,37.1195,2.4933
300M,chip_354_327_merged.tif,0.2,1,1058843347,39,36.396,37.2915,0.8955
300M,chip_354_327_merged.tif,0.2,2,578897829,39,34.5724,37.5042,2.9318
300M,chip_354_327_merged.tif,0.2,3,198291198,39,34.8433,37.383,2.5397
300M,chip_354_327_merged.tif,0.2,4,1865829328,39,34.8427,38.004,3.1613
300M,chip_354_327_merged.tif,0.4,0,473513795,78,35.0838,37.4152,2.3314
300M,chip_354_327_merged.tif,0.4,1,2141051925,78,35.4896,36.8711,1.3816
300M,chip_354_327_merged.tif,0.4,2,1760445294,78,34.391,37.2244,2.8334
300M,chip_354_327_merged.tif,0.4,3,1280499776,78,34.6688,36.8599,2.1911
300M,chip_354_327_merged.tif,0.4,4,899893145,78,34.1477,36.8772,2.7295
300M,chip_354_327_merged.tif,0.6,0,1877699236,117,34.4396,36.5458,2.1062
300M,chip_354_327_merged.tif,0.6,1,1397753718,117,34.933,36.6581,1.7251
300M,chip_354_327_merged.tif,0.6,2,1017147087,117,34.904,37.2625,2.3585
300M,chip_354_327_merged.tif,0.6,3,537201569,117,34.1082,37.0468,2.9386
300M,chip_354_327_merged.tif,0.6,4,156594938,117,33.8217,36.8361,3.0144
300M,chip_354_327_merged.tif,0.8,0,1395107040,156,34.5127,36.1704,1.6577
300M,chip_354_327_merged.tif,0.8,1,915161522,156,34.5144,35.8785,1.364
300M,chip_354_327_merged.tif,0.8,2,534554891,156,34.5308,35.6756,1.1448
300M,chip_354_327_merged.tif,0.8,3,153948260,156,34.4225,35.9868,1.5644
300M,chip_354_327_merged.tif,0.8,4,1821486390,156,34.226,35.7848,1.5588
300M,chip_357_370_merged.tif,0.2,0,1595656955,39,32.2466,36.2677,4.0211
300M,chip_357_370_merged.tif,0.2,1,1215050324,39,32.1666,37.5806,5.414
300M,chip_357_370_merged.tif,0.2,2,834443693,39,34.4662,37.4446,2.9784
300M,chip_357_370_merged.tif,0.2,3,354498175,39,30.0234,37.6163,7.5929
300M,chip_357_370_merged.tif,0.2,4,2121375192,39,35.4291,37.9287,2.4996
300M,chip_357_370_merged.tif,0.4,0,629720772,78,33.0954,37.5212,4.4258
300M,chip_357_370_merged.tif,0.4,1,149775254,78,34.483,36.773,2.29
300M,chip_357_370_merged.tif,0.4,2,1916652271,78,33.9954,37.2417,3.2463
300M,chip_357_370_merged.tif,0.4,3,1536045640,78,32.7141,37.2373,4.5232
300M,chip_357_370_merged.tif,0.4,4,1056100122,78,32.7139,37.1196,4.4058
300M,chip_357_370_merged.tif,0.6,0,691743415,117,33.0202,36.7854,3.7652
300M,chip_357_370_merged.tif,0.6,1,311136784,117,31.6232,36.439,4.8157
300M,chip_357_370_merged.tif,0.6,2,1978674914,117,31.6367,36.2082,4.5715
300M,chip_357_370_merged.tif,0.6,3,1598068283,117,33.7676,36.3438,2.5762
300M,chip_357_370_merged.tif,0.6,4,1118122765,117,32.4774,36.7873,4.3098
300M,chip_357_370_merged.tif,0.8,0,209151219,156,33.3236,34.833,1.5094
300M,chip_357_370_merged.tif,0.8,1,1976028236,156,31.5711,35.8315,4.2604
300M,chip_357_370_merged.tif,0.8,2,1595421605,156,30.8286,34.9846,4.156
300M,chip_357_370_merged.tif,0.8,3,1115476087,156,30.8187,34.6357,3.8169
300M,chip_357_370_merged.tif,0.8,4,734869456,156,31.4309,34.4055,2.9745
300M,chip_363_321_merged.tif,0.2,0,1216634177,39,36.4299,38.6898,2.2599
300M,chip_363_321_merged.tif,0.2,1,736688659,39,37.3432,38.5751,1.2319
300M,chip_363_321_merged.tif,0.2,2,356082028,39,36.2099,38.6706,2.4607
300M,chip_363_321_merged.tif,0.2,3,2023620158,39,36.5159,37.6448,1.1289
300M,chip_363_321_merged.tif,0.2,4,1643013527,39,36.5161,38.6553,2.1392
300M,chip_363_321_merged.tif,0.4,0,956679957,78,35.9262,38.2652,2.3389
300M,chip_363_321_merged.tif,0.4,1,576073326,78,35.1583,38.0422,2.8839
300M,chip_363_321_merged.tif,0.4,2,195466695,78,35.8491,37.9673,2.1182
300M,chip_363_321_merged.tif,0.4,3,1863004825,78,36.1326,38.1513,2.0187
300M,chip_363_321_merged.tif,0.4,4,1482398194,78,36.1346,37.9211,1.7866
300M,chip_363_321_merged.tif,0.6,0,312720637,117,35.9312,37.6551,1.7239
300M,chip_363_321_merged.tif,0.6,1,1980258767,117,35.9598,37.7066,1.7468
300M,chip_363_321_merged.tif,0.6,2,1599652136,117,35.1524,38.0822,2.9297
300M,chip_363_321_merged.tif,0.6,3,1119706618,117,35.0684,38.0195,2.9511
300M,chip_363_321_merged.tif,0.6,4,739099987,117,35.3447,38.2855,2.9408
300M,chip_363_321_merged.tif,0.8,0,1977612089,156,35.1112,37.2654,2.1542
300M,chip_363_321_merged.tif,0.8,1,1497666571,156,35.3682,37.8021,2.4339
300M,chip_363_321_merged.tif,0.8,2,1117059940,156,35.2837,37.7101,2.4264
300M,chip_363_321_merged.tif,0.8,3,637114422,156,34.9686,37.2567,2.288
300M,chip_363_321_merged.tif,0.8,4,256507791,156,35.7715,37.2728,1.5013
300M,chip_365_309_merged.tif,0.2,0,2049644693,39,34.4395,40.4662,6.0267
300M,chip_365_309_merged.tif,0.2,1,1669038062,39,35.1609,40.6195,5.4586
300M,chip_365_309_merged.tif,0.2,2,1288431431,39,35.9084,40.5667,4.6583
300M,chip_365_309_merged.tif,0.2,3,808485913,39,35.7963,40.4863,4.69
300M,chip_365_309_merged.tif,0.2,4,427879282,39,34.3745,40.4817,6.1072
300M,chip_365_309_merged.tif,0.4,0,1889029360,78,34.0661,39.3709,5.3048
300M,chip_365_309_merged.tif,0.4,1,1508422729,78,33.8262,37.477,3.6508
300M,chip_365_309_merged.tif,0.4,2,1028477211,78,35.266,38.6644,3.3983
300M,chip_365_309_merged.tif,0.4,3,647870580,78,35.2654,39.4393,4.1739
300M,chip_365_309_merged.tif,0.4,4,167925062,78,35.0613,39.1544,4.0931
300M,chip_365_309_merged.tif,0.6,0,1145731153,117,35.0582,38.7961,3.7379
300M,chip_365_309_merged.tif,0.6,1,765124522,117,36.6773,37.4723,0.7949
300M,chip_365_309_merged.tif,0.6,2,285179004,117,34.7776,37.3456,2.568
300M,chip_365_309_merged.tif,0.6,3,2052056021,117,35.0812,36.9576,1.8764
300M,chip_365_309_merged.tif,0.6,4,1671449390,117,33.8937,39.3883,5.4947
300M,chip_365_309_merged.tif,0.8,0,663138957,156,35.7027,37.0359,1.3332
300M,chip_365_309_merged.tif,0.8,1,282532326,156,35.21,36.5034,1.2934
300M,chip_365_309_merged.tif,0.8,2,2049409343,156,34.9631,36.4773,1.5143
300M,chip_365_309_merged.tif,0.8,3,1569463825,156,35.4892,36.7884,1.2992
300M,chip_365_309_merged.tif,0.8,4,1188857194,156,35.21,35.8989,0.6889
300M,chip_366_348_merged.tif,0.2,0,974856429,39,39.6329,41.713,2.08
300M,chip_366_348_merged.tif,0.2,1,494910911,39,37.7296,40.9769,3.2473
300M,chip_366_348_merged.tif,0.2,2,114304280,39,36.9363,41.7983,4.862
300M,chip_366_348_merged.tif,0.2,3,1881181297,39,36.9361,41.3382,4.4022
300M,chip_366_348_merged.tif,0.2,4,1401235779,39,38.3217,41.2088,2.8872
300M,chip_366_348_merged.tif,0.4,0,814241096,78,37.7383,39.9932,2.2549
300M,chip_366_348_merged.tif,0.4,1,334295578,78,37.7365,41.2122,3.4756
300M,chip_366_348_merged.tif,0.4,2,2101172595,78,34.1561,40.5169,6.3608
300M,chip_366_348_merged.tif,0.4,3,1621227077,78,37.0518,40.4488,3.397
300M,chip_366_348_merged.tif,0.4,4,1240620446,78,38.3464,41.1053,2.7589
300M,chip_366_348_merged.tif,0.6,0,70942889,117,36.6515,39.6801,3.0286
300M,chip_366_348_merged.tif,0.6,1,1738481019,117,35.6373,38.4108,2.7735
300M,chip_366_348_merged.tif,0.6,2,1357874388,117,33.5663,39.3262,5.7599
300M,chip_366_348_merged.tif,0.6,3,877928870,117,35.6458,39.6247,3.9789
300M,chip_366_348_merged.tif,0.6,4,497322239,117,33.5835,39.9354,6.3519
300M,chip_366_348_merged.tif,0.8,0,1735834341,156,33.8338,38.2557,4.4218
300M,chip_366_348_merged.tif,0.8,1,1255888823,156,33.1145,38.7513,5.6368
300M,chip_366_348_merged.tif,0.8,2,875282192,156,33.186,38.9602,5.7743
300M,chip_366_348_merged.tif,0.8,3,494675561,156,33.1992,38.0112,4.812
300M,chip_366_348_merged.tif,0.8,4,14730043,156,32.9647,38.9568,5.9922
300M,chip_366_355_merged.tif,0.2,0,958726985,39,42.4382,41.16,-1.2782
300M,chip_366_355_merged.tif,0.2,1,478781467,39,39.3907,40.5051,1.1144
300M,chip_366_355_merged.tif,0.2,2,98174836,39,34.6042,41.747,7.1428
300M,chip_366_355_merged.tif,0.2,3,1765712966,39,36.1252,40.459,4.3338
300M,chip_366_355_merged.tif,0.2,4,1385106335,39,38.8134,42.7185,3.905
300M,chip_366_355_merged.tif,0.4,0,2040935563,78,37.6779,41.8014,4.1235
300M,chip_366_355_merged.tif,0.4,1,1660328932,78,37.6785,41.7308,4.0524
300M,chip_366_355_merged.tif,0.4,2,1180383414,78,39.1116,41.9956,2.884
300M,chip_366_355_merged.tif,0.4,3,799776783,78,40.0207,42.0358,2.015
300M,chip_366_355_merged.tif,0.4,4,319831265,78,41.3945,40.6589,-0.7355
300M,chip_366_355_merged.tif,0.6,0,1297637356,117,36.3019,40.8881,4.5862
300M,chip_366_355_merged.tif,0.6,1,917030725,117,36.9855,40.4635,3.4779
300M,chip_366_355_merged.tif,0.6,2,437085207,117,37.0094,41.1617,4.1523
300M,chip_366_355_merged.tif,0.6,3,56478576,117,39.3032,40.3011,0.9979
300M,chip_366_355_merged.tif,0.6,4,1823355593,117,39.1998,40.2127,1.0129
300M,chip_366_355_merged.tif,0.8,0,815045160,156,35.9022,40.2508,4.3486
300M,chip_366_355_merged.tif,0.8,1,434438529,156,35.0343,37.3215,2.2872
300M,chip_366_355_merged.tif,0.8,2,53831898,156,37.5062,40.2348,2.7287
300M,chip_366_355_merged.tif,0.8,3,1721370028,156,35.8991,39.7997,3.9006
300M,chip_366_355_merged.tif,0.8,4,1340763397,156,32.0544,38.4986,6.4442
300M,chip_370_342_merged.tif,0.2,0,1804148836,39,38.3198,41.2981,2.9783
300M,chip_370_342_merged.tif,0.2,1,1423542205,39,38.3013,40.6818,2.3805
300M,chip_370_342_merged.tif,0.2,2,943596687,39,40.6751,40.1025,-0.5726
300M,chip_370_342_merged.tif,0.2,3,562990056,39,38.3844,39.9611,1.5767
300M,chip_370_342_merged.tif,0.2,4,83044538,39,37.8944,41.6805,3.786
300M,chip_370_342_merged.tif,0.4,0,738873766,78,34.6893,39.2365,4.5472
300M,chip_370_342_merged.tif,0.4,1,358267135,78,34.8669,39.1211,4.2543
300M,chip_370_342_merged.tif,0.4,2,2125144152,78,37.6899,41.4593,3.7693
300M,chip_370_342_merged.tif,0.4,3,1645198634,78,35.0969,41.2359,6.1389
300M,chip_370_342_merged.tif,0.4,4,1264592003,78,34.9145,40.2154,5.3008
300M,chip_370_342_merged.tif,0.6,0,900235296,117,35.6096,38.7811,3.1715
300M,chip_370_342_merged.tif,0.6,1,420289778,117,35.6467,36.8413,1.1946
300M,chip_370_342_merged.tif,0.6,2,39683147,117,35.4549,39.768,4.3132
300M,chip_370_342_merged.tif,0.6,3,1806560164,117,36.5305,39.4142,2.8837
300M,chip_370_342_merged.tif,0.6,4,1326614646,117,37.9445,38.9061,0.9615
300M,chip_370_342_merged.tif,0.8,0,417643100,156,36.0627,37.0774,1.0147
300M,chip_370_342_merged.tif,0.8,1,37036469,156,36.0429,36.4052,0.3623
300M,chip_370_342_merged.tif,0.8,2,1704574599,156,35.1724,39.2713,4.0989
300M,chip_370_342_merged.tif,0.8,3,1323967968,156,36.0585,36.669,0.6105
300M,chip_370_342_merged.tif,0.8,4,844022450,156,34.8626,37.5117,2.6491
300M,chip_370_343_merged.tif,0.2,0,1743569710,39,34.0218,38.371,4.3492
300M,chip_370_343_merged.tif,0.2,1,1263624192,39,33.1925,37.2714,4.0789
300M,chip_370_343_merged.tif,0.2,2,883017561,39,38.1943,35.2129,-2.9814
300M,chip_370_343_merged.tif,0.2,3,403072043,39,36.5847,38.2383,1.6536
300M,chip_370_343_merged.tif,0.2,4,22465412,39,35.1828,38.75,3.5672
300M,chip_370_343_merged.tif,0.4,0,1483615490,78,34.9833,34.8207,-0.1626
300M,chip_370_343_merged.tif,0.4,1,1103008859,78,31.0601,36.0431,4.983
300M,chip_370_343_merged.tif,0.4,2,623063341,78,31.8435,36.3186,4.4751
300M,chip_370_343_merged.tif,0.4,3,242456710,78,33.9065,38.8471,4.9406
300M,chip_370_343_merged.tif,0.4,4,2009333727,78,32.9031,37.4003,4.4972
300M,chip_370_343_merged.tif,0.6,0,740317283,117,32.5869,35.9327,3.3458
300M,chip_370_343_merged.tif,0.6,1,359710652,117,32.5886,36.156,3.5674
300M,chip_370_343_merged.tif,0.6,2,2126587669,117,32.5017,37.8442,5.3425
300M,chip_370_343_merged.tif,0.6,3,1646642151,117,32.4088,35.4115,3.0027
300M,chip_370_343_merged.tif,0.6,4,1266035520,117,32.4229,36.0634,3.6405
300M,chip_370_343_merged.tif,0.8,0,357063974,156,30.8048,34.7109,3.9061
300M,chip_370_343_merged.tif,0.8,1,2024602104,156,32.546,34.3084,1.7624
300M,chip_370_343_merged.tif,0.8,2,1643995473,156,32.9358,33.9963,1.0605
300M,chip_370_343_merged.tif,0.8,3,1164049955,156,33.0997,35.2046,2.1049
300M,chip_370_343_merged.tif,0.8,4,783443324,156,30.7367,32.8921,2.1554
300M,chip_370_348_merged.tif,0.2,0,1127120414,39,41.2636,43.5493,2.2857
300M,chip_370_348_merged.tif,0.2,1,746513783,39,37.3146,43.5926,6.278
300M,chip_370_348_merged.tif,0.2,2,266568265,39,40.5853,43.7951,3.2097
300M,chip_370_348_merged.tif,0.2,3,2033445282,39,37.319,44.1436,6.8245
300M,chip_370_348_merged.tif,0.2,4,1652838651,39,37.3255,40.3622,3.0366
300M,chip_370_348_merged.tif,0.4,0,966505081,78,38.1553,42.714,4.5587
300M,chip_370_348_merged.tif,0.4,1,585898450,78,36.941,43.0126,6.0716
300M,chip_370_348_merged.tif,0.4,2,105952932,78,39.144,41.8598,2.7157
300M,chip_370_348_merged.tif,0.4,3,1872829949,78,38.3396,43.369,5.0294
300M,chip_370_348_merged.tif,0.4,4,1392884431,78,39.5327,43.3611,3.8285
300M,chip_370_348_merged.tif,0.6,0,223206874,117,37.434,43.2638,5.8299
300M,chip_370_348_merged.tif,0.6,1,1990083891,117,38.1115,42.5466,4.4351
300M,chip_370_348_merged.tif,0.6,2,1510138373,117,37.6848,42.3964,4.7117
300M,chip_370_348_merged.tif,0.6,3,1129531742,117,38.3398,42.8349,4.495
300M,chip_370_348_merged.tif,0.6,4,649586224,117,38.3685,42.663,4.2945
300M,chip_370_348_merged.tif,0.8,0,1888098326,156,36.6367,41.6777,5.0409
300M,chip_370_348_merged.tif,0.8,1,1507491695,156,37.6032,40.2049,2.6017
300M,chip_370_348_merged.tif,0.8,2,1027546177,156,37.0067,40.5625,3.5558
300M,chip_370_348_merged.tif,0.8,3,646939546,156,37.6195,39.7995,2.18
300M,chip_370_348_merged.tif,0.8,4,266332915,156,36.77,39.3206,2.5506
300M,chip_373_294_merged.tif,0.2,0,269901805,39,37.327,40.3449,3.0179
300M,chip_373_294_merged.tif,0.2,1,1937439935,39,34.9216,38.4414,3.5198
300M,chip_373_294_merged.tif,0.2,2,1556833304,39,35.9076,39.7611,3.8535
300M,chip_373_294_merged.tif,0.2,3,1076887786,39,34.8571,40.6623,5.8052
300M,chip_373_294_merged.tif,0.2,4,696281155,39,35.9666,40.5801,4.6135
300M,chip_373_294_merged.tif,0.4,0,1352110383,78,34.5559,37.5053,2.9494
300M,chip_373_294_merged.tif,0.4,1,971503752,78,34.8689,38.8914,4.0225
300M,chip_373_294_merged.tif,0.4,2,491558234,78,35.9914,39.6862,3.6948
300M,chip_373_294_merged.tif,0.4,3,110951603,78,34.6268,38.3444,3.7176
300M,chip_373_294_merged.tif,0.4,4,1778489733,78,35.3222,40.5128,5.1907
300M,chip_373_294_merged.tif,0.6,0,1414133026,117,34.5516,37.8402,3.2885
300M,chip_373_294_merged.tif,0.6,1,1033526395,117,35.0165,38.9927,3.9761
300M,chip_373_294_merged.tif,0.6,2,652919764,117,34.5623,36.3167,1.7545
300M,chip_373_294_merged.tif,0.6,3,172974246,117,35.0107,38.1946,3.1839
300M,chip_373_294_merged.tif,0.6,4,1939851263,117,34.9349,37.9756,3.0407
300M,chip_373_294_merged.tif,0.8,0,1030879717,156,34.6829,35.9984,1.3155
300M,chip_373_294_merged.tif,0.8,1,550934199,156,34.7407,36.2287,1.488
300M,chip_373_294_merged.tif,0.8,2,170327568,156,34.7807,36.673,1.8923
300M,chip_373_294_merged.tif,0.8,3,1837865698,156,34.7482,36.5094,1.7612
300M,chip_373_294_merged.tif,0.8,4,1457259067,156,34.6829,35.561,0.8781
300M,chip_377_349_merged.tif,0.2,0,965392135,39,34.7639,40.6958,5.9318
300M,chip_377_349_merged.tif,0.2,1,584785504,39,38.0705,37.2944,-0.7762
300M,chip_377_349_merged.tif,0.2,2,104839986,39,41.4053,40.585,-0.8203
300M,chip_377_349_merged.tif,0.2,3,1871717003,39,40.6374,36.4686,-4.1688
300M,chip_377_349_merged.tif,0.2,4,1491110372,39,35.3192,39.6984,4.3792
300M,chip_377_349_merged.tif,0.4,0,804776802,78,35.408,38.4585,3.0505
300M,chip_377_349_merged.tif,0.4,1,424170171,78,31.9643,37.057,5.0927
300M,chip_377_349_merged.tif,0.4,2,2091708301,78,36.6791,37.6902,1.011
300M,chip_377_349_merged.tif,0.4,3,1711101670,78,40.7223,37.628,-3.0944
300M,chip_377_349_merged.tif,0.4,4,1231156152,78,38.2304,36.9584,-1.272
300M,chip_377_349_merged.tif,0.6,0,61478595,117,33.9842,37.6233,3.6391
300M,chip_377_349_merged.tif,0.6,1,1828355612,117,33.9756,38.1499,4.1742
300M,chip_377_349_merged.tif,0.6,2,1348410094,117,33.5152,36.4701,2.9549
300M,chip_377_349_merged.tif,0.6,3,967803463,117,33.5031,35.7295,2.2264
300M,chip_377_349_merged.tif,0.6,4,487857945,117,34.1696,37.9463,3.7767
300M,chip_377_349_merged.tif,0.8,0,1726370047,156,33.0536,34.3948,1.3412
300M,chip_377_349_merged.tif,0.8,1,1345763416,156,36.5091,34.2676,-2.2415
300M,chip_377_349_merged.tif,0.8,2,865817898,156,33.9809,34.8095,0.8286
300M,chip_377_349_merged.tif,0.8,3,485211267,156,33.1046,36.1618,3.0572
300M,chip_377_349_merged.tif,0.8,4,5265749,156,33.9555,35.6205,1.665
300M,chip_379_328_merged.tif,0.2,0,756906538,39,34.7361,38.6127,3.8765
300M,chip_379_328_merged.tif,0.2,1,276961020,39,36.1852,37.4406,1.2554
300M,chip_379_328_merged.tif,0.2,2,2043838037,39,35.3976,38.2152,2.8176
300M,chip_379_328_merged.tif,0.2,3,1663231406,39,36.3111,38.2715,1.9604
300M,chip_379_328_merged.tif,0.2,4,1183285888,39,36.4852,37.6577,1.1725
300M,chip_379_328_merged.tif,0.4,0,596291205,78,33.6142,37.7922,4.178
300M,chip_379_328_merged.tif,0.4,1,116345687,78,34.3025,37.8077,3.5052
300M,chip_379_328_merged.tif,0.4,2,1883222704,78,34.0145,38.5342,4.5198
300M,chip_379_328_merged.tif,0.4,3,1403277186,78,33.2052,38.0167,4.8115
300M,chip_379_328_merged.tif,0.4,4,1022670555,78,34.3032,37.0515,2.7482
300M,chip_379_328_merged.tif,0.6,0,2000476646,117,33.2428,35.7753,2.5325
300M,chip_379_328_merged.tif,0.6,1,1520531128,117,32.4643,36.0078,3.5435
300M,chip_379_328_merged.tif,0.6,2,1139924497,117,33.651,36.7687,3.1177
300M,chip_379_328_merged.tif,0.6,3,659978979,117,34.7267,37.7848,3.0581
300M,chip_379_328_merged.tif,0.6,4,279372348,117,32.4744,37.0185,4.5441
300M,chip_379_328_merged.tif,0.8,0,1517884450,156,32.425,34.7937,2.3687
300M,chip_379_328_merged.tif,0.8,1,1037938932,156,32.8734,36.2005,3.3271
300M,chip_379_328_merged.tif,0.8,2,657332301,156,33.7154,35.4165,1.7011
300M,chip_379_328_merged.tif,0.8,3,276725670,156,33.655,35.7949,2.1399
300M,chip_379_328_merged.tif,0.8,4,1944263800,156,32.434,34.9209,2.4869
300M,chip_396_322_merged.tif,0.2,0,1954423472,39,36.2433,39.8635,3.6202
300M,chip_396_322_merged.tif,0.2,1,1474477954,39,36.9413,39.4508,2.5096
300M,chip_396_322_merged.tif,0.2,2,1093871323,39,41.432,39.6831,-1.7489
300M,chip_396_322_merged.tif,0.2,3,613925805,39,36.5164,40.3935,3.8772
300M,chip_396_322_merged.tif,0.2,4,233319174,39,36.9393,39.2715,2.3321
300M,chip_396_322_merged.tif,0.4,0,1793808139,78,36.4299,39.0287,2.5988
300M,chip_396_322_merged.tif,0.4,1,1313862621,78,37.0533,39.3165,2.2632
300M,chip_396_322_merged.tif,0.4,2,933255990,78,36.1965,39.2274,3.0309
300M,chip_396_322_merged.tif,0.4,3,453310472,78,35.8855,39.6038,3.7183
300M,chip_396_322_merged.tif,0.4,4,72703841,78,36.5143,39.1825,2.6681
300M,chip_396_322_merged.tif,0.6,0,1050509932,117,34.3956,37.5786,3.1829
300M,chip_396_322_merged.tif,0.6,1,570564414,117,35.8079,38.5841,2.7763
300M,chip_396_322_merged.tif,0.6,2,189957783,117,35.8881,38.6726,2.7845
300M,chip_396_322_merged.tif,0.6,3,1857495913,117,35.8743,38.76,2.8857
300M,chip_396_322_merged.tif,0.6,4,1476889282,117,34.718,37.8688,3.1507
300M,chip_396_322_merged.tif,0.8,0,567917736,156,34.509,37.8877,3.3787
300M,chip_396_322_merged.tif,0.8,1,87972218,156,34.7044,37.8365,3.1321
300M,chip_396_322_merged.tif,0.8,2,1854849235,156,34.8499,37.2395,2.3896
300M,chip_396_322_merged.tif,0.8,3,1374903717,156,35.5133,38.182,2.6687
300M,chip_396_322_merged.tif,0.8,4,994297086,156,35.6896,37.1532,1.4636
300M,chip_419_323_merged.tif,0.2,0,1963550198,39,32.4374,34.0048,1.5674
300M,chip_419_323_merged.tif,0.2,1,1582943567,39,31.26,33.2048,1.9448
300M,chip_419_323_merged.tif,0.2,2,1202336936,39,31.2599,33.6542,2.3943
300M,chip_419_323_merged.tif,0.2,3,722391418,39,30.8388,33.7398,2.901
300M,chip_419_323_merged.tif,0.2,4,341784787,39,30.5932,34.7481,4.1549
300M,chip_419_323_merged.tif,0.4,0,1802934865,78,30.7071,34.1493,3.4422
300M,chip_419_323_merged.tif,0.4,1,1422328234,78,31.0576,33.4118,2.3541
300M,chip_419_323_merged.tif,0.4,2,942382716,78,30.7075,33.5125,2.805
300M,chip_419_323_merged.tif,0.4,3,561776085,78,30.7024,32.9512,2.2488
300M,chip_419_323_merged.tif,0.4,4,181169454,78,30.8815,33.449,2.5675
300M,chip_419_323_merged.tif,0.6,0,1059636658,117,30.6385,32.8356,2.1971
300M,chip_419_323_merged.tif,0.6,1,679030027,117,30.5133,32.5869,2.0737
300M,chip_419_323_merged.tif,0.6,2,199084509,117,30.5132,31.9167,1.4035
300M,chip_419_323_merged.tif,0.6,3,1965961526,117,30.6651,32.1123,1.4472
300M,chip_419_323_merged.tif,0.6,4,1585354895,117,30.6633,32.3577,1.6945
300M,chip_419_323_merged.tif,0.8,0,577044462,156,29.9139,31.6537,1.7398
300M,chip_419_323_merged.tif,0.8,1,196437831,156,30.2599,31.603,1.3432
300M,chip_419_323_merged.tif,0.8,2,1963314848,156,30.2509,30.9955,0.7445
300M,chip_419_323_merged.tif,0.8,3,1483369330,156,29.3794,31.3937,2.0142
300M,chip_419_323_merged.tif,0.8,4,1102762699,156,30.5124,31.6276,1.1152
300M,chip_421_329_merged.tif,0.2,0,27026632,39,35.9412,41.7007,5.7595
300M,chip_421_329_merged.tif,0.2,1,1793903649,39,36.2487,39.9221,3.6734
300M,chip_421_329_merged.tif,0.2,2,1313958131,39,36.6135,41.2322,4.6187
300M,chip_421_329_merged.tif,0.2,3,933351500,39,36.6945,41.2256,4.5312
300M,chip_421_329_merged.tif,0.2,4,453405982,39,41.0771,40.6774,-0.3997
300M,chip_421_329_merged.tif,0.4,0,1109235210,78,36.0328,39.8121,3.7793
300M,chip_421_329_merged.tif,0.4,1,728628579,78,35.9019,40.8512,4.9493
300M,chip_421_329_merged.tif,0.4,2,348021948,78,36.0666,40.995,4.9284
300M,chip_421_329_merged.tif,0.4,3,2015560078,78,35.9012,39.1862,3.2851
300M,chip_421_329_merged.tif,0.4,4,1634953447,78,35.9018,41.1605,5.2587
300M,chip_421_329_merged.tif,0.6,0,1270596740,117,36.856,38.3168,1.4608
300M,chip_421_329_merged.tif,0.6,1,790651222,117,36.4865,40.6854,4.199
300M,chip_421_329_merged.tif,0.6,2,410044591,117,36.2929,40.7757,4.4828
300M,chip_421_329_merged.tif,0.6,3,2077582721,117,34.3747,40.0149,5.6402
300M,chip_421_329_merged.tif,0.6,4,1696976090,117,34.9967,38.2375,3.2408
300M,chip_421_329_merged.tif,0.8,0,788004544,156,35.6069,39.6842,4.0774
300M,chip_421_329_merged.tif,0.8,1,407397913,156,35.5438,39.1538,3.61
300M,chip_421_329_merged.tif,0.8,2,2074936043,156,35.3793,38.5376,3.1584
300M,chip_421_329_merged.tif,0.8,3,1694329412,156,35.4079,37.8507,2.4428
300M,chip_421_329_merged.tif,0.8,4,1214383894,156,35.3714,37.8707,2.4994
